# Genesis in-scope audit | fields: type slot fr T X Y D Q St Ms Tm SHT WTS HR ShDir ShDist HP InvMsk
T$01 s1 f  0 01 80 78 00 20 00 00 03 00 00 00 00 00 00 00
T$01 s1 f  1 01 80 78 00 20 00 00 02 00 00 00 00 00 00 00
T$01 s1 f  2 01 80 78 00 20 00 00 01 00 00 00 00 00 00 00
T$01 s1 f  3 01 80 78 00 20 00 00 06 00 00 00 00 00 00 00
T$01 s1 f  4 01 80 78 00 20 00 00 05 00 00 00 00 00 00 00
T$01 s1 f  5 01 80 78 00 20 00 00 04 00 00 00 00 00 00 00
T$01 s1 f  6 01 80 78 00 20 00 00 03 00 00 00 00 00 00 00
T$01 s1 f  7 01 80 78 00 20 00 00 02 00 00 00 00 00 00 00
T$01 s1 f  8 01 80 78 00 20 00 00 01 00 00 00 00 00 00 00
T$01 s1 f  9 01 80 78 00 20 00 00 06 00 00 00 00 00 00 00
T$01 s1 f 10 01 80 78 00 00 00 00 05 30 01 00 00 00 00 00
T$01 s1 f 11 01 80 78 00 00 00 00 04 2F 01 00 00 00 00 00
T$01 s1 f 12 01 80 78 00 00 00 00 03 2E 01 00 00 00 00 00
T$01 s1 f 13 01 80 78 00 00 00 00 02 2D 01 00 00 00 00 00
T$01 s1 f 14 01 80 78 00 00 00 00 01 2C 01 00 00 00 00 00
T$01 s1 f 15 01 80 78 00 00 00 00 00 2B 01 00 00 00 00 00
T$01 s1 f 16 01 80 78 00 00 00 00 00 2A 01 00 00 00 00 00
T$01 s1 f 17 01 80 78 00 00 00 00 00 29 01 00 00 00 00 00
T$01 s1 f 18 01 80 78 00 00 00 00 00 28 01 00 00 00 00 00
T$01 s1 f 19 01 80 78 00 00 00 00 00 27 01 00 00 00 00 00
T$01 s1 f 20 01 80 78 00 00 00 00 00 26 01 00 00 00 00 00
T$01 s1 f 21 01 80 78 00 00 00 00 00 25 01 00 00 00 00 00
T$01 s1 f 22 01 80 78 00 00 00 00 00 24 01 00 00 00 00 00
T$01 s1 f 23 01 80 78 00 00 00 00 00 23 01 00 00 00 00 00
T$01 s1 f 24 01 80 78 00 00 00 00 00 22 01 00 00 00 00 00
T$01 s1 f 25 01 80 78 00 00 00 00 00 21 01 00 00 00 00 00
T$01 s1 f 26 01 80 78 00 00 00 00 00 20 01 00 00 00 00 00
T$01 s1 f 27 01 80 78 00 00 00 00 00 1F 01 00 00 00 00 00
T$01 s1 f 28 01 80 78 00 00 00 00 00 1E 01 00 00 00 00 00
T$01 s1 f 29 01 80 78 00 00 00 00 00 1D 01 00 00 00 00 00
T$01 s1 f 30 01 80 78 00 00 00 00 00 1C 01 00 00 00 00 00
T$01 s1 f 31 01 80 78 00 00 00 00 00 1B 01 00 00 00 00 00
T$01 s1 f 32 01 80 78 00 00 00 00 00 1A 01 00 00 00 00 00
T$01 s1 f 33 01 80 78 00 00 00 00 00 19 01 00 00 00 00 00
T$01 s1 f 34 01 80 78 00 00 00 00 00 18 01 00 00 00 00 00
T$01 s1 f 35 01 80 78 00 00 00 00 00 17 01 00 00 00 00 00
T$01 s1 f 36 01 80 78 00 00 00 00 00 16 01 00 00 00 00 00
T$01 s1 f 37 01 80 78 00 00 00 00 00 15 01 00 00 00 00 00
T$01 s1 f 38 01 80 78 00 00 00 00 00 14 01 00 00 00 00 00
T$01 s1 f 39 01 80 78 00 00 00 00 00 13 01 00 00 00 00 00
T$01 s1 f 40 01 80 78 00 00 00 00 00 12 01 00 00 00 00 00
T$01 s1 f 41 01 80 78 00 00 00 00 00 11 01 00 00 00 00 00
T$01 s1 f 42 01 80 78 00 00 00 00 80 10 00 00 00 E3 00 00
T$01 s1 f 43 01 80 78 00 00 00 00 7F 0F 00 00 00 E3 00 00
T$01 s1 f 44 01 80 78 00 00 00 00 7E 0E 00 00 00 E3 00 00
T$01 s1 f 45 01 80 78 00 00 00 00 7D 0D 00 00 00 E3 00 00
T$01 s1 f 46 01 80 78 00 00 00 00 7C 0C 00 00 00 E3 00 00
T$01 s1 f 47 01 80 78 00 00 00 00 7B 0B 00 00 00 E3 00 00
T$01 s1 f 48 01 80 78 00 00 00 00 7A 0A 00 00 00 E3 00 00
T$01 s1 f 49 01 80 78 00 00 00 00 79 09 00 00 00 E3 00 00
T$01 s1 f 50 01 80 78 00 00 00 00 78 08 00 00 00 E3 00 00
T$01 s1 f 51 01 80 78 00 00 00 00 77 07 00 00 00 E3 00 00
T$01 s1 f 52 01 80 78 00 00 00 00 76 06 00 00 00 E3 00 00
T$01 s1 f 53 01 80 78 00 00 00 00 75 05 00 00 00 E3 00 00
T$01 s1 f 54 01 80 78 00 00 00 00 74 04 00 00 00 E3 00 00
T$01 s1 f 55 01 80 78 00 00 00 00 73 03 00 00 00 E3 00 00
T$01 s1 f 56 01 80 78 00 00 00 00 72 02 00 00 00 E3 00 00
T$01 s1 f 57 01 80 78 00 00 00 00 71 01 00 00 00 E3 00 00
T$01 s1 f 58 01 80 78 00 20 00 00 70 00 00 00 00 E3 00 00
T$01 s1 f 59 01 80 79 00 20 00 00 6F 00 00 00 00 E3 00 00
T$01 s1 f 60 01 80 79 00 20 00 00 6E 00 00 00 00 E3 00 00
T$01 s1 f 61 01 80 7A 00 20 00 00 6D 00 00 00 00 E3 00 00
T$01 s1 f 62 01 80 7A 00 20 00 00 6C 00 00 00 00 E3 00 00
T$01 s1 f 63 01 80 7B 00 20 00 00 6B 00 00 00 00 E3 00 00
T$01 s1 f 64 01 80 7B 00 20 00 00 6A 00 00 00 00 E3 00 00
T$01 s1 f 65 01 80 7C 00 20 00 00 69 00 00 00 00 E3 00 00
T$01 s1 f 66 01 80 7C 00 20 00 00 68 00 00 00 00 E3 00 00
T$01 s1 f 67 01 80 7D 00 20 00 00 67 00 00 00 00 E3 00 00
T$01 s1 f 68 01 80 7D 00 20 00 00 66 00 00 00 00 E3 00 00
T$01 s1 f 69 01 80 7E 00 20 00 00 65 00 00 00 00 E3 00 00
T$01 s1 f 70 01 80 7E 00 20 00 00 64 00 00 00 00 E3 00 00
T$01 s1 f 71 01 80 7F 00 20 00 00 63 00 00 00 00 E3 00 00
T$01 s1 f 72 01 80 7F 00 20 00 00 62 00 00 00 00 E3 00 00
T$01 s1 f 73 01 80 80 00 20 00 00 61 00 00 00 00 E3 00 00
T$01 s1 f 74 01 80 80 00 20 00 00 60 00 00 00 00 E3 00 00
T$01 s1 f 75 01 80 81 00 20 00 00 5F 00 00 00 00 E3 00 00
T$01 s1 f 76 01 80 81 00 20 00 00 5E 00 00 00 00 E3 00 00
T$01 s1 f 77 01 80 82 00 20 00 00 5D 00 00 00 00 E3 00 00
T$01 s1 f 78 01 80 82 00 20 00 00 5C 00 00 00 00 E3 00 00
T$01 s1 f 79 01 80 83 00 20 00 00 5B 00 00 00 00 E3 00 00
T$01 s1 f 80 01 80 83 00 20 00 00 5A 00 00 00 00 E3 00 00
T$01 s1 f 81 01 80 84 00 20 00 00 59 00 00 00 00 E3 00 00
T$01 s1 f 82 01 80 84 00 20 00 00 58 00 00 00 00 E3 00 00
T$01 s1 f 83 01 80 85 00 20 00 00 57 00 00 00 00 E3 00 00
T$01 s1 f 84 01 80 85 00 20 00 00 56 00 00 00 00 E3 00 00
T$01 s1 f 85 01 80 86 00 20 00 00 55 00 00 00 00 E3 00 00
T$01 s1 f 86 01 80 86 00 20 00 00 54 00 00 00 00 E3 00 00
T$01 s1 f 87 01 80 87 00 20 00 00 53 00 00 00 00 E3 00 00
T$01 s1 f 88 01 80 87 00 20 00 00 52 00 00 00 00 E3 00 00
T$01 s1 f 89 01 80 88 00 00 00 00 51 30 01 00 00 E3 00 00
T$01 s1 f 90 01 80 88 00 00 00 00 50 2F 01 00 00 E3 00 00
T$01 s1 f 91 01 80 88 00 00 00 00 4F 2E 01 00 00 E3 00 00
T$01 s1 f 92 01 80 88 00 00 00 00 4E 2D 01 00 00 E3 00 00
T$01 s1 f 93 01 80 88 00 00 00 00 4D 2C 01 00 00 E3 00 00
T$01 s1 f 94 01 80 88 00 00 00 00 4C 2B 01 00 00 E3 00 00
T$01 s1 f 95 01 80 88 00 00 00 00 4B 2A 01 00 00 E3 00 00
T$01 s1 f 96 01 80 88 00 00 00 00 4A 29 01 00 00 E3 00 00
T$01 s1 f 97 01 80 88 00 00 00 00 49 28 01 00 00 E3 00 00
T$01 s1 f 98 01 80 88 00 00 00 00 48 27 01 00 00 E3 00 00
T$01 s1 f 99 01 80 88 00 00 00 00 47 26 01 00 00 E3 00 00
T$01 s1 f100 01 80 88 00 00 00 00 46 25 01 00 00 E3 00 00
T$01 s1 f101 01 80 88 00 00 00 00 45 24 01 00 00 E3 00 00
T$01 s1 f102 01 80 88 00 00 00 00 44 23 01 00 00 E3 00 00
T$01 s1 f103 01 80 88 00 00 00 00 43 22 01 00 00 E3 00 00
T$01 s1 f104 01 80 88 00 00 00 00 42 21 01 00 00 E3 00 00
T$01 s1 f105 01 80 88 00 00 00 00 41 20 01 00 00 E3 00 00
T$01 s1 f106 01 80 88 00 00 00 00 40 1F 01 00 00 E3 00 00
T$01 s1 f107 01 80 88 00 00 00 00 3F 1E 01 00 00 E3 00 00
T$01 s1 f108 01 80 88 00 00 00 00 3E 1D 01 00 00 E3 00 00
T$01 s1 f109 01 80 88 00 00 00 00 3D 1C 01 00 00 E3 00 00
T$01 s1 f110 01 80 88 00 00 00 00 3C 1B 01 00 00 E3 00 00
T$01 s1 f111 01 80 88 00 00 00 00 3B 1A 01 00 00 E3 00 00
T$01 s1 f112 01 80 88 00 00 00 00 3A 19 01 00 00 E3 00 00
T$01 s1 f113 01 80 88 00 00 00 00 39 18 01 00 00 E3 00 00
T$01 s1 f114 01 80 88 00 00 00 00 38 17 01 00 00 E3 00 00
T$01 s1 f115 01 80 88 00 00 00 00 37 16 01 00 00 E3 00 00
T$01 s1 f116 01 80 88 00 00 00 00 36 15 01 00 00 E3 00 00
T$01 s1 f117 01 80 88 00 00 00 00 35 14 01 00 00 E3 00 00
T$01 s1 f118 01 80 88 00 00 00 00 34 13 01 00 00 E3 00 00
T$01 s1 f119 01 80 88 00 00 00 00 33 12 01 00 00 E3 00 00
T$01 s1 f120 01 80 88 00 00 00 00 32 11 01 00 00 E3 00 00
T$01 s1 f121 01 80 88 00 00 00 00 80 10 00 00 00 E3 00 00
T$01 s1 f122 01 80 88 00 00 00 00 7F 0F 00 00 00 E3 00 00
T$01 s1 f123 01 80 88 00 00 00 00 7E 0E 00 00 00 E3 00 00
T$01 s1 f124 01 80 88 00 00 00 00 7D 0D 00 00 00 E3 00 00
T$01 s1 f125 01 80 88 00 00 00 00 7C 0C 00 00 00 E3 00 00
T$01 s1 f126 01 80 88 00 00 00 00 7B 0B 00 00 00 E3 00 00
T$01 s1 f127 01 80 88 00 00 00 00 7A 0A 00 00 00 E3 00 00
T$01 s1 f128 01 80 88 00 00 00 00 79 09 00 00 00 E3 00 00
T$01 s1 f129 01 80 88 00 00 00 00 78 08 00 00 00 E3 00 00
T$01 s1 f130 01 80 88 00 00 00 00 77 07 00 00 00 E3 00 00
T$01 s1 f131 01 80 88 00 00 00 00 76 06 00 00 00 E3 00 00
T$01 s1 f132 01 80 88 00 00 00 00 75 05 00 00 00 E3 00 00
T$01 s1 f133 01 80 88 00 00 00 00 74 04 00 00 00 E3 00 00
T$01 s1 f134 01 80 88 00 00 00 00 73 03 00 00 00 E3 00 00
T$01 s1 f135 01 80 88 00 00 00 00 72 02 00 00 00 E3 00 00
T$01 s1 f136 01 80 88 00 00 00 00 71 01 00 00 00 E3 00 00
T$01 s1 f137 01 80 88 00 20 00 00 70 00 00 00 00 E3 00 00
T$01 s1 f138 01 80 88 00 00 00 00 6F 30 01 00 00 E3 00 00
T$01 s1 f139 01 80 88 00 00 00 00 6E 2F 01 00 00 E3 00 00
T$01 s1 f140 01 80 88 00 00 00 00 6D 2E 01 00 00 E3 00 00
T$01 s1 f141 01 80 88 00 00 00 00 6C 2D 01 00 00 E3 00 00
T$01 s1 f142 01 80 88 00 00 00 00 6B 2C 01 00 00 E3 00 00
T$01 s1 f143 01 80 88 00 00 00 00 6A 2B 01 00 00 E3 00 00
T$01 s1 f144 01 80 88 00 00 00 00 69 2A 01 00 00 E3 00 00
T$01 s1 f145 01 80 88 00 00 00 00 68 29 01 00 00 E3 00 00
T$01 s1 f146 01 80 88 00 00 00 00 67 28 01 00 00 E3 00 00
T$01 s1 f147 01 80 88 00 00 00 00 66 27 01 00 00 E3 00 00
T$01 s1 f148 01 80 88 00 00 00 00 65 26 01 00 00 E3 00 00
T$01 s1 f149 01 80 88 00 00 00 00 64 25 01 00 00 E3 00 00
T$01 s1 f150 01 80 88 00 00 00 00 63 24 01 00 00 E3 00 00
T$01 s1 f151 01 80 88 00 00 00 00 62 23 01 00 00 E3 00 00
T$01 s1 f152 01 80 88 00 00 00 00 61 22 01 00 00 E3 00 00
T$01 s1 f153 01 80 88 00 00 00 00 60 21 01 00 00 E3 00 00
T$01 s1 f154 01 80 88 00 00 00 00 5F 20 01 00 00 E3 00 00
T$01 s1 f155 01 80 88 00 00 00 00 5E 1F 01 00 00 E3 00 00
T$01 s1 f156 01 80 88 00 00 00 00 5D 1E 01 00 00 E3 00 00
T$01 s1 f157 01 80 88 00 00 00 00 5C 1D 01 00 00 E3 00 00
T$01 s1 f158 01 80 88 00 00 00 00 5B 1C 01 00 00 E3 00 00
T$01 s1 f159 01 80 88 00 00 00 00 5A 1B 01 00 00 E3 00 00
T$01 s1 f160 01 80 88 00 00 00 00 59 1A 01 00 00 E3 00 00
T$01 s1 f161 01 80 88 00 00 00 00 58 19 01 00 00 E3 00 00
T$01 s1 f162 01 80 88 00 00 00 00 57 18 01 00 00 E3 00 00
T$01 s1 f163 01 80 88 00 00 00 00 56 17 01 00 00 E3 00 00
T$01 s1 f164 01 80 88 00 00 00 00 55 16 01 00 00 E3 00 00
T$01 s1 f165 01 80 88 00 00 00 00 54 15 01 00 00 E3 00 00
T$01 s1 f166 01 80 88 00 00 00 00 53 14 01 00 00 E3 00 00
T$01 s1 f167 01 80 88 00 00 00 00 52 13 01 00 00 E3 00 00
T$01 s1 f168 01 80 88 00 00 00 00 51 12 01 00 00 E3 00 00
T$01 s1 f169 01 80 88 00 00 00 00 50 11 01 00 00 E3 00 00
T$01 s1 f170 01 80 88 00 00 00 00 80 10 00 00 00 E3 00 00
T$01 s1 f171 01 80 88 00 00 00 00 7F 0F 00 00 00 E3 00 00
T$01 s1 f172 01 80 88 00 00 00 00 7E 0E 00 00 00 E3 00 00
T$01 s1 f173 01 80 88 00 00 00 00 7D 0D 00 00 00 E3 00 00
T$01 s1 f174 01 80 88 00 00 00 00 7C 0C 00 00 00 E3 00 00
T$01 s1 f175 01 80 88 00 00 00 00 7B 0B 00 00 00 E3 00 00
T$01 s1 f176 01 80 88 00 00 00 00 7A 0A 00 00 00 E3 00 00
T$01 s1 f177 01 80 88 00 00 00 00 79 09 00 00 00 E3 00 00
T$01 s1 f178 01 80 88 00 00 00 00 78 08 00 00 00 E3 00 00
T$01 s1 f179 01 80 88 00 00 00 00 77 07 00 00 00 E3 00 00
T$01 s1 f180 01 80 88 00 00 00 00 76 06 00 00 00 E3 00 00
T$01 s1 f181 01 80 88 00 00 00 00 75 05 00 00 00 E3 00 00
T$01 s1 f182 01 80 88 00 00 00 00 74 04 00 00 00 E3 00 00
T$01 s1 f183 01 80 88 00 00 00 00 73 03 00 00 00 E3 00 00
T$01 s1 f184 01 80 88 00 00 00 00 72 02 00 00 00 E3 00 00
T$01 s1 f185 01 80 88 00 00 00 00 71 01 00 00 00 E3 00 00
T$01 s1 f186 01 80 88 00 20 00 00 70 00 00 00 00 E3 00 00
T$01 s1 f187 01 80 88 00 00 00 00 6F 30 01 00 00 E3 00 00
T$01 s1 f188 01 80 88 00 00 00 00 6E 2F 01 00 00 E3 00 00
T$01 s1 f189 01 80 88 00 00 00 00 6D 2E 01 00 00 E3 00 00
T$01 s1 f190 01 80 88 00 00 00 00 6C 2D 01 00 00 E3 00 00
T$01 s1 f191 01 80 88 00 00 00 00 6B 2C 01 00 00 E3 00 00
T$01 s1 f192 01 80 88 00 00 00 00 6A 2B 01 00 00 E3 00 00
T$01 s1 f193 01 80 88 00 00 00 00 69 2A 01 00 00 E3 00 00
T$01 s1 f194 01 80 88 00 00 00 00 68 29 01 00 00 E3 00 00
T$01 s1 f195 01 80 88 00 00 00 00 67 28 01 00 00 E3 00 00
T$01 s1 f196 01 80 88 00 00 00 00 66 27 01 00 00 E3 00 00
T$01 s1 f197 01 80 88 00 00 00 00 65 26 01 00 00 E3 00 00
T$01 s1 f198 01 80 88 00 00 00 00 64 25 01 00 00 E3 00 00
T$01 s1 f199 01 80 88 00 00 00 00 63 24 01 00 00 E3 00 00
T$01 s1 f200 01 80 88 00 00 00 00 62 23 01 00 00 E3 00 00
T$01 s1 f201 01 80 88 00 00 00 00 61 22 01 00 00 E3 00 00
T$01 s1 f202 01 80 88 00 00 00 00 60 21 01 00 00 E3 00 00
T$01 s1 f203 01 80 88 00 00 00 00 5F 20 01 00 00 E3 00 00
T$01 s1 f204 01 80 88 00 00 00 00 5E 1F 01 00 00 E3 00 00
T$01 s1 f205 01 80 88 00 00 00 00 5D 1E 01 00 00 E3 00 00
T$01 s1 f206 01 80 88 00 00 00 00 5C 1D 01 00 00 E3 00 00
T$01 s1 f207 01 80 88 00 00 00 00 5B 1C 01 00 00 E3 00 00
T$01 s1 f208 01 80 88 00 00 00 00 5A 1B 01 00 00 E3 00 00
T$01 s1 f209 01 80 88 00 00 00 00 59 1A 01 00 00 E3 00 00
T$01 s1 f210 01 80 88 00 00 00 00 58 19 01 00 00 E3 00 00
T$01 s1 f211 01 80 88 00 00 00 00 57 18 01 00 00 E3 00 00
T$01 s1 f212 01 80 88 00 00 00 00 56 17 01 00 00 E3 00 00
T$01 s1 f213 01 80 88 00 00 00 00 55 16 01 00 00 E3 00 00
T$01 s1 f214 01 80 88 00 00 00 00 54 15 01 00 00 E3 00 00
T$01 s1 f215 01 80 88 00 00 00 00 53 14 01 00 00 E3 00 00
T$01 s1 f216 01 80 88 00 00 00 00 52 13 01 00 00 E3 00 00
T$01 s1 f217 01 80 88 00 00 00 00 51 12 01 00 00 E3 00 00
T$01 s1 f218 01 80 88 00 00 00 00 50 11 01 00 00 E3 00 00
T$01 s1 f219 01 80 88 00 00 00 00 80 10 00 00 00 E3 00 00
T$01 s1 f220 01 80 88 00 00 00 00 7F 0F 00 00 00 E3 00 00
T$01 s1 f221 01 80 88 00 00 00 00 7E 0E 00 00 00 E3 00 00
T$01 s1 f222 01 80 88 00 00 00 00 7D 0D 00 00 00 E3 00 00
T$01 s1 f223 01 80 88 00 00 00 00 7C 0C 00 00 00 E3 00 00
T$01 s1 f224 01 80 88 00 00 00 00 7B 0B 00 00 00 E3 00 00
T$01 s1 f225 01 80 88 00 00 00 00 7A 0A 00 00 00 E3 00 00
T$01 s1 f226 01 80 88 00 00 00 00 79 09 00 00 00 E3 00 00
T$01 s1 f227 01 80 88 00 00 00 00 78 08 00 00 00 E3 00 00
T$01 s1 f228 01 80 88 00 00 00 00 77 07 00 00 00 E3 00 00
T$01 s1 f229 01 80 88 00 00 00 00 76 06 00 00 00 E3 00 00
T$01 s1 f230 01 80 88 00 00 00 00 75 05 00 00 00 E3 00 00
T$01 s1 f231 01 80 88 00 00 00 00 74 04 00 00 00 E3 00 00
T$01 s1 f232 01 80 88 00 00 00 00 73 03 00 00 00 E3 00 00
T$01 s1 f233 01 80 88 00 00 00 00 72 02 00 00 00 E3 00 00
T$01 s1 f234 01 80 88 00 00 00 00 71 01 00 00 00 E3 00 00
T$01 s1 f235 01 80 88 00 20 00 00 70 00 00 00 00 E3 00 00
T$01 s1 f236 01 80 88 00 00 00 00 6F 30 01 00 00 E3 00 00
T$01 s1 f237 01 80 88 00 00 00 00 6E 2F 01 00 00 E3 00 00
T$01 s1 f238 01 80 88 00 00 00 00 6D 2E 01 00 00 E3 00 00
T$01 s1 f239 01 80 88 00 00 00 00 6C 2D 01 00 00 E3 00 00
T$02 s1 f  0 02 80 78 00 20 00 00 03 2C 00 00 00 E3 00 00
T$02 s1 f  1 02 80 78 00 20 00 00 02 2C 00 00 00 E3 00 00
T$02 s1 f  2 02 80 78 00 20 00 00 01 2C 00 00 00 E3 00 00
T$02 s1 f  3 02 80 78 00 20 00 00 06 2C 00 00 00 E3 00 00
T$02 s1 f  4 02 80 78 00 20 00 00 05 2C 00 00 00 E3 00 00
T$02 s1 f  5 02 80 78 00 20 00 00 04 2C 00 00 00 E3 00 00
T$02 s1 f  6 02 80 78 00 20 00 00 03 2C 00 00 00 E3 00 00
T$02 s1 f  7 02 80 78 00 20 00 00 02 2C 00 00 00 E3 00 00
T$02 s1 f  8 02 80 78 00 20 00 00 01 2C 00 00 00 E3 00 00
T$02 s1 f  9 02 80 78 00 20 00 00 06 2C 00 00 00 E3 00 00
T$02 s1 f 10 02 80 79 00 00 00 00 05 2B 00 00 00 E3 00 00
T$02 s1 f 11 02 80 79 00 00 00 00 04 2A 00 00 00 E3 00 00
T$02 s1 f 12 02 80 79 00 00 00 00 03 29 00 00 00 E3 00 00
T$02 s1 f 13 02 80 79 00 00 00 00 02 28 00 00 00 E3 00 00
T$02 s1 f 14 02 80 79 00 00 00 00 01 27 00 00 00 E3 00 00
T$02 s1 f 15 02 80 79 00 00 00 00 00 26 00 00 00 E3 00 00
T$02 s1 f 16 02 80 79 00 00 00 00 00 25 00 00 00 E3 00 00
T$02 s1 f 17 02 80 79 00 00 00 00 00 24 00 00 00 E3 00 00
T$02 s1 f 18 02 80 79 00 00 00 00 00 23 00 00 00 E3 00 00
T$02 s1 f 19 02 80 79 00 00 00 00 00 22 00 00 00 E3 00 00
T$02 s1 f 20 02 80 79 00 00 00 00 00 21 00 00 00 E3 00 00
T$02 s1 f 21 02 80 79 00 00 00 00 00 20 00 00 00 E3 00 00
T$02 s1 f 22 02 80 79 00 00 00 00 00 1F 00 00 00 E3 00 00
T$02 s1 f 23 02 80 79 00 00 00 00 00 1E 00 00 00 E3 00 00
T$02 s1 f 24 02 80 79 00 00 00 00 00 1D 00 00 00 E3 00 00
T$02 s1 f 25 02 80 79 00 00 00 00 00 1C 00 00 00 E3 00 00
T$02 s1 f 26 02 80 79 00 00 00 00 00 1B 00 00 00 E3 00 00
T$02 s1 f 27 02 80 79 00 00 00 00 00 1A 00 00 00 E3 00 00
T$02 s1 f 28 02 80 79 00 00 00 00 00 19 00 00 00 E3 00 00
T$02 s1 f 29 02 80 79 00 00 00 00 00 18 00 00 00 E3 00 00
T$02 s1 f 30 02 80 79 00 00 00 00 00 17 00 00 00 E3 00 00
T$02 s1 f 31 02 80 79 00 00 00 00 00 16 00 00 00 E3 00 00
T$02 s1 f 32 02 80 79 00 00 00 00 00 15 00 00 00 E3 00 00
T$02 s1 f 33 02 80 79 00 00 00 00 00 14 00 00 00 E3 00 00
T$02 s1 f 34 02 80 79 00 00 00 00 00 13 00 00 00 E3 00 00
T$02 s1 f 35 02 80 79 00 00 00 00 00 12 00 00 00 E3 00 00
T$02 s1 f 36 02 80 79 00 00 00 00 00 11 00 00 00 E3 00 00
T$02 s1 f 37 02 80 79 00 20 00 00 00 10 00 00 00 E3 00 00
T$02 s1 f 38 02 80 79 00 00 00 00 00 0F 00 00 00 E3 00 00
T$02 s1 f 39 02 80 79 00 00 00 00 00 0E 00 00 00 E3 00 00
T$02 s1 f 40 02 80 79 00 00 00 00 00 0D 00 00 00 E3 00 00
T$02 s1 f 41 02 80 79 00 00 00 00 00 0C 00 00 00 E3 00 00
T$02 s1 f 42 02 80 79 00 00 00 00 00 0B 00 00 00 E3 00 00
T$02 s1 f 43 02 80 79 00 00 00 00 00 0A 00 00 00 E3 00 00
T$02 s1 f 44 02 80 79 00 00 00 00 00 09 00 00 00 E3 00 00
T$02 s1 f 45 02 80 79 00 00 00 00 00 08 00 00 00 E3 00 00
T$02 s1 f 46 02 80 79 00 00 00 00 00 07 00 00 00 E3 00 00
T$02 s1 f 47 02 80 79 00 00 00 00 00 06 00 00 00 E3 00 00
T$02 s1 f 48 02 80 79 00 00 00 00 00 05 00 00 00 E3 00 00
T$02 s1 f 49 02 80 79 00 00 00 00 00 04 00 00 00 E3 00 00
T$02 s1 f 50 02 80 79 00 00 00 00 00 03 00 00 00 E3 00 00
T$02 s1 f 51 02 80 79 00 00 00 00 00 02 00 00 00 E3 00 00
T$02 s1 f 52 02 80 79 00 00 00 00 00 01 00 00 00 E3 00 00
T$02 s1 f 53 02 80 79 00 20 00 00 00 00 00 00 00 E3 00 00
T$02 s1 f 54 02 80 7A 00 20 00 00 00 00 00 00 00 E3 00 00
T$02 s1 f 55 02 80 7A 00 20 00 00 00 00 00 00 00 E3 00 00
T$02 s1 f 56 02 80 7B 00 20 00 00 00 00 00 00 00 E3 00 00
T$02 s1 f 57 02 80 7B 00 20 00 00 00 00 00 00 00 E3 00 00
T$02 s1 f 58 02 80 7C 00 20 00 00 00 00 00 00 00 E3 00 00
T$02 s1 f 59 02 80 7C 00 20 00 00 00 00 00 00 00 E3 00 00
T$02 s1 f 60 02 80 7D 00 20 00 00 00 00 00 00 00 E3 00 00
T$02 s1 f 61 02 80 7D 00 20 00 00 00 00 00 00 00 E3 00 00
T$02 s1 f 62 02 80 7E 00 20 00 00 00 00 00 00 00 E3 00 00
T$02 s1 f 63 02 80 7E 00 20 00 00 00 00 00 00 00 E3 00 00
T$02 s1 f 64 02 80 7F 00 20 00 00 00 00 00 00 00 E3 00 00
T$02 s1 f 65 02 80 7F 00 20 00 00 00 00 00 00 00 E3 00 00
T$02 s1 f 66 02 80 80 00 20 00 00 00 00 00 00 00 E3 00 00
T$02 s1 f 67 02 80 80 00 20 00 00 00 00 00 00 00 E3 00 00
T$02 s1 f 68 02 80 81 00 20 00 00 00 00 00 00 00 E3 00 00
T$02 s1 f 69 02 80 81 00 20 00 00 00 00 00 00 00 E3 00 00
T$02 s1 f 70 02 80 82 00 20 00 00 00 00 00 00 00 E3 00 00
T$02 s1 f 71 02 80 82 00 20 00 00 00 00 00 00 00 E3 00 00
T$02 s1 f 72 02 80 83 00 20 00 00 00 00 00 00 00 E3 00 00
T$02 s1 f 73 02 80 83 00 20 00 00 00 00 00 00 00 E3 00 00
T$02 s1 f 74 02 80 84 00 20 00 00 00 00 00 00 00 E3 00 00
T$02 s1 f 75 02 80 84 00 20 00 00 00 00 00 00 00 E3 00 00
T$02 s1 f 76 02 80 85 00 20 00 00 00 00 00 00 00 E3 00 00
T$02 s1 f 77 02 80 85 00 20 00 00 00 00 00 00 00 E3 00 00
T$02 s1 f 78 02 80 86 00 20 00 00 00 00 00 00 00 E3 00 00
T$02 s1 f 79 02 80 86 00 20 00 00 00 00 00 00 00 E3 00 00
T$02 s1 f 80 02 80 87 00 20 00 00 00 00 00 00 00 E3 00 00
T$02 s1 f 81 02 80 87 00 20 00 00 00 00 00 00 00 E3 00 00
T$02 s1 f 82 02 80 88 00 20 00 00 00 00 01 00 00 E3 00 00
T$02 s1 f 83 02 80 88 00 20 00 00 00 00 01 00 00 E3 00 00
T$02 s1 f 84 02 80 89 00 20 00 00 00 00 01 00 00 E3 00 00
T$02 s1 f 85 02 80 89 00 20 00 00 00 00 01 00 00 E3 00 00
T$02 s1 f 86 02 80 8A 00 20 00 00 00 00 01 00 00 E3 00 00
T$02 s1 f 87 02 80 8A 00 20 00 00 00 00 01 00 00 E3 00 00
T$02 s1 f 88 02 80 8B 00 20 00 00 00 00 01 00 00 E3 00 00
T$02 s1 f 89 02 80 8B 00 20 00 00 00 00 01 00 00 E3 00 00
T$02 s1 f 90 02 80 8C 00 20 00 00 00 00 01 00 00 E3 00 00
T$02 s1 f 91 02 80 8C 00 20 00 00 00 00 01 00 00 E3 00 00
T$02 s1 f 92 02 80 8D 00 20 00 00 00 00 01 00 00 E3 00 00
T$02 s1 f 93 02 80 8D 00 20 00 00 00 00 01 00 00 E3 00 00
T$02 s1 f 94 02 80 8E 00 20 00 00 00 00 01 00 00 E3 00 00
T$02 s1 f 95 02 80 8E 00 20 00 00 00 00 01 00 00 E3 00 00
T$02 s1 f 96 02 80 8F 00 20 00 00 00 00 01 00 00 E3 00 00
T$02 s1 f 97 02 80 8F 00 20 00 00 00 00 01 00 00 E3 00 00
T$02 s1 f 98 02 80 90 00 20 00 00 00 00 01 00 00 E3 00 00
T$02 s1 f 99 02 80 90 00 20 00 00 00 00 01 00 00 E3 00 00
T$02 s1 f100 02 80 91 00 20 00 00 00 00 01 00 00 E3 00 00
T$02 s1 f101 02 80 91 00 20 00 00 00 00 01 00 00 E3 00 00
T$02 s1 f102 02 80 92 00 20 00 00 00 00 01 00 00 E3 00 00
T$02 s1 f103 02 80 92 00 20 00 00 00 00 01 00 00 E3 00 00
T$02 s1 f104 02 80 93 00 20 00 00 00 00 01 00 00 E3 00 00
T$02 s1 f105 02 80 93 00 20 00 00 00 00 01 00 00 E3 00 00
T$02 s1 f106 02 80 94 00 20 00 00 00 00 01 00 00 E3 00 00
T$02 s1 f107 02 80 94 00 20 00 00 00 00 01 00 00 E3 00 00
T$02 s1 f108 02 80 95 00 20 00 00 00 00 01 00 00 E3 00 00
T$02 s1 f109 02 80 95 00 20 00 00 00 00 01 00 00 E3 00 00
T$02 s1 f110 02 80 96 00 20 00 00 00 00 01 00 00 E3 00 00
T$02 s1 f111 02 80 96 00 20 00 00 00 00 01 00 00 E3 00 00
T$02 s1 f112 02 80 97 00 20 00 00 00 00 01 00 00 E3 00 00
T$02 s1 f113 02 80 97 00 20 00 00 00 00 01 00 00 E3 00 00
T$02 s1 f114 02 80 98 00 20 00 00 00 00 00 00 00 E3 00 00
T$02 s1 f115 02 80 98 00 20 00 00 00 00 01 00 00 E3 00 00
T$02 s1 f116 02 80 99 00 20 00 00 00 00 01 00 00 E3 00 00
T$02 s1 f117 02 80 99 00 20 00 00 00 00 01 00 00 E3 00 00
T$02 s1 f118 02 80 9A 00 20 00 00 00 00 01 00 00 E3 00 00
T$02 s1 f119 02 80 9A 00 20 00 00 00 00 01 00 00 E3 00 00
T$02 s1 f120 02 80 9B 00 20 00 00 00 00 01 00 00 E3 00 00
T$02 s1 f121 02 80 9B 00 20 00 00 00 00 01 00 00 E3 00 00
T$02 s1 f122 02 80 9C 00 20 00 00 00 00 01 00 00 E3 00 00
T$02 s1 f123 02 80 9C 00 20 00 00 00 00 01 00 00 E3 00 00
T$02 s1 f124 02 80 9D 00 20 00 00 00 00 01 00 00 E3 00 00
T$02 s1 f125 02 80 9D 00 20 00 00 00 00 01 00 00 E3 00 00
T$02 s1 f126 02 80 9E 00 20 00 00 00 00 01 00 00 E3 00 00
T$02 s1 f127 02 80 9E 00 20 00 00 00 00 01 00 00 E3 00 00
T$02 s1 f128 02 80 9F 00 20 00 00 00 00 01 00 00 E3 00 00
T$02 s1 f129 02 80 9F 00 20 00 00 00 00 01 00 00 E3 00 00
T$02 s1 f130 02 80 A0 00 20 00 00 00 00 01 00 00 E3 00 00
T$02 s1 f131 02 80 A0 00 20 00 00 00 00 01 00 00 E3 00 00
T$02 s1 f132 02 80 A1 00 20 00 00 00 00 01 00 00 E3 00 00
T$02 s1 f133 02 80 A1 00 20 00 00 00 00 01 00 00 E3 00 00
T$02 s1 f134 02 80 A2 00 20 00 00 00 00 01 00 00 E3 00 00
T$02 s1 f135 02 80 A2 00 20 00 00 00 00 01 00 00 E3 00 00
T$02 s1 f136 02 80 A3 00 20 00 00 00 00 01 00 00 E3 00 00
T$02 s1 f137 02 80 A3 00 20 00 00 00 00 01 00 00 E3 00 00
T$02 s1 f138 02 80 A4 00 20 00 00 00 00 01 00 00 E3 00 00
T$02 s1 f139 02 80 A4 00 20 00 00 00 00 01 00 00 E3 00 00
T$02 s1 f140 02 80 A5 00 20 00 00 00 00 01 00 00 E3 00 00
T$02 s1 f141 02 80 A5 00 20 00 00 00 00 01 00 00 E3 00 00
T$02 s1 f142 02 80 A6 00 20 00 00 00 00 01 00 00 E3 00 00
T$02 s1 f143 02 80 A6 00 20 00 00 00 00 01 00 00 E3 00 00
T$02 s1 f144 02 80 A7 00 20 00 00 00 00 01 00 00 E3 00 00
T$02 s1 f145 02 80 A7 00 20 00 00 00 00 01 00 00 E3 00 00
T$02 s1 f146 02 80 A8 00 20 00 00 00 00 00 00 00 E3 00 00
T$02 s1 f147 02 80 A8 00 20 00 00 00 00 00 00 00 E3 00 00
T$02 s1 f148 02 80 A9 00 20 00 00 00 00 00 00 00 E3 00 00
T$02 s1 f149 02 80 A9 00 20 00 00 00 00 00 00 00 E3 00 00
T$02 s1 f150 02 80 AA 00 20 00 00 00 00 00 00 00 E3 00 00
T$02 s1 f151 02 80 AA 00 20 00 00 00 00 00 00 00 E3 00 00
T$02 s1 f152 02 80 AB 00 20 00 00 00 00 00 00 00 E3 00 00
T$02 s1 f153 02 80 AB 00 20 00 00 00 00 00 00 00 E3 00 00
T$02 s1 f154 02 80 AC 00 20 00 00 00 00 00 00 00 E3 00 00
T$02 s1 f155 02 80 AC 00 20 00 00 00 00 00 00 00 E3 00 00
T$02 s1 f156 02 80 AD 00 20 00 00 00 00 00 00 00 E3 00 00
T$02 s1 f157 02 80 AD 00 20 00 00 00 00 00 00 00 E3 00 00
T$02 s1 f158 02 80 AE 00 20 00 00 00 00 00 00 00 E3 00 00
T$02 s1 f159 02 80 AE 00 20 00 00 00 00 00 00 00 E3 00 00
T$02 s1 f160 02 80 AF 00 20 00 00 00 00 00 00 00 E3 00 00
T$02 s1 f161 02 80 AF 00 20 00 00 00 00 00 00 00 E3 00 00
T$02 s1 f162 02 80 B0 00 20 00 00 00 00 00 00 00 E3 00 00
T$02 s1 f163 02 80 B0 00 20 00 00 00 00 00 00 00 E3 00 00
T$02 s1 f164 02 80 B1 00 20 00 00 00 00 00 00 00 E3 00 00
T$02 s1 f165 02 80 B1 00 20 00 00 00 00 00 00 00 E3 00 00
T$02 s1 f166 02 80 B2 00 20 00 00 00 00 00 00 00 E3 00 00
T$02 s1 f167 02 80 B2 00 20 00 00 00 00 00 00 00 E3 00 00
T$02 s1 f168 02 80 B3 00 20 00 00 00 00 00 00 00 E3 00 00
T$02 s1 f169 02 80 B3 00 20 00 00 00 00 00 00 00 E3 00 00
T$02 s1 f170 02 80 B4 00 20 00 00 00 00 00 00 00 E3 00 00
T$02 s1 f171 02 80 B4 00 20 00 00 00 00 00 00 00 E3 00 00
T$02 s1 f172 02 80 B5 00 20 00 00 00 00 00 00 00 E3 00 00
T$02 s1 f173 02 80 B5 00 20 00 00 00 00 00 00 00 E3 00 00
T$02 s1 f174 02 80 B5 00 20 00 00 00 00 00 00 00 E3 00 00
T$02 s1 f175 02 80 B4 00 20 00 00 00 00 00 00 00 E3 00 00
T$02 s1 f176 02 80 B4 00 20 00 00 00 00 00 00 00 E3 00 00
T$02 s1 f177 02 80 B3 00 20 00 00 00 00 00 00 00 E3 00 00
T$02 s1 f178 02 80 B3 00 20 00 00 00 00 00 00 00 E3 00 00
T$02 s1 f179 02 80 B2 00 20 00 00 00 00 00 00 00 E3 00 00
T$02 s1 f180 02 80 B2 00 20 00 00 00 00 00 00 00 E3 00 00
T$02 s1 f181 02 80 B1 00 20 00 00 00 00 00 00 00 E3 00 00
T$02 s1 f182 02 80 B1 00 20 00 00 00 00 00 00 00 E3 00 00
T$02 s1 f183 02 80 B0 00 20 00 00 00 00 00 00 00 E3 00 00
T$02 s1 f184 02 80 B0 00 20 00 00 00 00 00 00 00 E3 00 00
T$02 s1 f185 02 80 AF 00 20 00 00 00 00 00 00 00 E3 00 00
T$02 s1 f186 02 80 AF 00 20 00 00 00 00 00 00 00 E3 00 00
T$02 s1 f187 02 80 AE 00 20 00 00 00 00 00 00 00 E3 00 00
T$02 s1 f188 02 80 AE 00 20 00 00 00 00 00 00 00 E3 00 00
T$02 s1 f189 02 80 AD 00 20 00 00 00 00 00 00 00 E3 00 00
T$02 s1 f190 02 80 AD 00 20 00 00 00 00 00 00 00 E3 00 00
T$02 s1 f191 02 80 AC 00 20 00 00 00 00 00 00 00 E3 00 00
T$02 s1 f192 02 80 AC 00 20 00 00 00 00 00 00 00 E3 00 00
T$02 s1 f193 02 80 AB 00 20 00 00 00 00 00 00 00 E3 00 00
T$02 s1 f194 02 80 AB 00 20 00 00 00 00 00 00 00 E3 00 00
T$02 s1 f195 02 80 AA 00 20 00 00 00 00 00 00 00 E3 00 00
T$02 s1 f196 02 80 AA 00 20 00 00 00 00 00 00 00 E3 00 00
T$02 s1 f197 02 80 A9 00 20 00 00 00 00 00 00 00 E3 00 00
T$02 s1 f198 02 80 A9 00 20 00 00 00 00 00 00 00 E3 00 00
T$02 s1 f199 02 80 A8 00 20 00 00 00 00 00 00 00 E3 00 00
T$02 s1 f200 02 80 A8 00 20 00 00 00 00 00 00 00 E3 00 00
T$02 s1 f201 02 80 A7 00 20 00 00 00 00 00 00 00 E3 00 00
T$02 s1 f202 02 80 A7 00 20 00 00 00 00 00 00 00 E3 00 00
T$02 s1 f203 02 80 A6 00 20 00 00 00 00 00 00 00 E3 00 00
T$02 s1 f204 02 80 A6 00 20 00 00 00 00 00 00 00 E3 00 00
T$02 s1 f205 02 80 A5 00 20 00 00 00 00 00 00 00 E3 00 00
T$02 s1 f206 02 80 A5 00 20 00 00 00 00 00 00 00 E3 00 00
T$02 s1 f207 02 80 A4 00 20 00 00 00 00 00 00 00 E3 00 00
T$02 s1 f208 02 80 A4 00 20 00 00 00 00 00 00 00 E3 00 00
T$02 s1 f209 02 80 A3 00 20 00 00 00 00 00 00 00 E3 00 00
T$02 s1 f210 02 80 A3 00 20 00 00 00 00 00 00 00 E3 00 00
T$02 s1 f211 02 80 A2 00 20 00 00 00 00 00 00 00 E3 00 00
T$02 s1 f212 02 80 A2 00 20 00 00 00 00 00 00 00 E3 00 00
T$02 s1 f213 02 80 A1 00 20 00 00 00 00 00 00 00 E3 00 00
T$02 s1 f214 02 80 A1 00 20 00 00 00 00 00 00 00 E3 00 00
T$02 s1 f215 02 80 A0 00 20 00 00 00 00 00 00 00 E3 00 00
T$02 s1 f216 02 80 A0 00 20 00 00 00 00 00 00 00 E3 00 00
T$02 s1 f217 02 80 9F 00 20 00 00 00 00 00 00 00 E3 00 00
T$02 s1 f218 02 80 9F 00 20 00 00 00 00 00 00 00 E3 00 00
T$02 s1 f219 02 80 9E 00 20 00 00 00 00 00 00 00 E3 00 00
T$02 s1 f220 02 80 9E 00 20 00 00 00 00 00 00 00 E3 00 00
T$02 s1 f221 02 80 9D 00 20 00 00 00 00 00 00 00 E3 00 00
T$02 s1 f222 02 80 9D 00 20 00 00 00 00 00 00 00 E3 00 00
T$02 s1 f223 02 80 9C 00 20 00 00 00 00 00 00 00 E3 00 00
T$02 s1 f224 02 80 9C 00 20 00 00 00 00 00 00 00 E3 00 00
T$02 s1 f225 02 80 9B 00 20 00 00 00 00 00 00 00 E3 00 00
T$02 s1 f226 02 80 9B 00 20 00 00 00 00 00 00 00 E3 00 00
T$02 s1 f227 02 80 9A 00 20 00 00 00 00 00 00 00 E3 00 00
T$02 s1 f228 02 80 9A 00 20 00 00 00 00 00 00 00 E3 00 00
T$02 s1 f229 02 80 99 00 20 00 00 00 00 00 00 00 E3 00 00
T$02 s1 f230 02 80 99 00 20 00 00 00 00 00 00 00 E3 00 00
T$02 s1 f231 02 80 98 00 20 00 00 00 00 01 00 00 E3 00 00
T$02 s1 f232 02 80 99 00 20 00 00 00 00 01 00 00 E3 00 00
T$02 s1 f233 02 80 99 00 20 00 00 00 00 01 00 00 E3 00 00
T$02 s1 f234 02 80 9A 00 20 00 00 00 00 01 00 00 E3 00 00
T$02 s1 f235 02 80 9A 00 20 00 00 00 00 01 00 00 E3 00 00
T$02 s1 f236 02 80 9B 00 20 00 00 00 00 01 00 00 E3 00 00
T$02 s1 f237 02 80 9B 00 20 00 00 00 00 01 00 00 E3 00 00
T$02 s1 f238 02 80 9C 00 20 00 00 00 00 01 00 00 E3 00 00
T$02 s1 f239 02 80 9C 00 20 00 00 00 00 01 00 00 E3 00 00
T$03 s1 f  0 03 80 78 00 20 00 00 03 00 00 00 00 E3 00 00
T$03 s1 f  1 03 80 78 00 20 00 00 02 00 00 00 00 E3 00 00
T$03 s1 f  2 03 80 78 00 20 00 00 01 00 00 00 00 E3 00 00
T$03 s1 f  3 03 80 78 00 20 00 00 06 00 00 00 00 E3 00 00
T$03 s1 f  4 03 80 78 00 20 00 00 05 00 00 00 00 E3 00 00
T$03 s1 f  5 03 80 78 00 20 00 00 04 00 00 00 00 E3 00 00
T$03 s1 f  6 03 80 78 00 20 00 00 03 00 00 00 00 E3 00 00
T$03 s1 f  7 03 80 78 00 20 00 00 02 00 00 00 00 E3 00 00
T$03 s1 f  8 03 80 78 00 20 00 00 01 00 00 00 00 E3 00 00
T$03 s1 f  9 03 80 78 00 20 00 00 06 00 00 00 00 E3 00 00
T$03 s1 f 10 03 80 78 00 20 00 00 05 00 00 00 00 E3 00 00
T$03 s1 f 11 03 80 78 00 20 00 00 04 00 00 00 00 E3 00 00
T$03 s1 f 12 03 81 78 00 20 00 00 03 00 00 00 00 E3 00 00
T$03 s1 f 13 03 81 78 00 20 00 00 02 00 00 00 00 E3 00 00
T$03 s1 f 14 03 82 78 00 20 00 00 01 00 00 00 00 E3 00 00
T$03 s1 f 15 03 82 78 00 20 00 00 00 00 00 00 00 E3 00 00
T$03 s1 f 16 03 83 78 00 20 00 00 00 00 00 00 00 E3 00 00
T$03 s1 f 17 03 83 78 00 20 00 00 00 00 00 00 00 E3 00 00
T$03 s1 f 18 03 84 78 00 20 00 00 00 00 00 00 00 E3 00 00
T$03 s1 f 19 03 84 78 00 20 00 00 00 00 00 00 00 E3 00 00
T$03 s1 f 20 03 85 78 00 20 00 00 00 00 00 00 00 E3 00 00
T$03 s1 f 21 03 85 78 00 20 00 00 00 00 00 00 00 E3 00 00
T$03 s1 f 22 03 86 78 00 20 00 00 00 00 00 00 00 E3 00 00
T$03 s1 f 23 03 86 78 00 20 00 00 00 00 00 00 00 E3 00 00
T$03 s1 f 24 03 87 78 00 20 00 00 00 00 00 00 00 E3 00 00
T$03 s1 f 25 03 87 78 00 20 00 00 00 00 00 00 00 E3 00 00
T$03 s1 f 26 03 88 78 00 20 00 00 00 00 00 00 00 E3 00 00
T$03 s1 f 27 03 88 78 00 20 00 00 00 00 00 00 00 E3 00 00
T$03 s1 f 28 03 89 78 00 20 00 00 00 00 00 00 00 E3 00 00
T$03 s1 f 29 03 89 78 00 20 00 00 00 00 00 00 00 E3 00 00
T$03 s1 f 30 03 8A 78 00 20 00 00 00 00 00 00 00 E3 00 00
T$03 s1 f 31 03 8A 78 00 20 00 00 00 00 00 00 00 E3 00 00
T$03 s1 f 32 03 8B 78 00 00 00 00 00 30 01 00 00 E3 00 00
T$03 s1 f 33 03 8B 78 00 00 00 00 00 2F 01 00 00 E3 00 00
T$03 s1 f 34 03 8B 78 00 00 00 00 00 2E 01 00 00 E3 00 00
T$03 s1 f 35 03 8B 78 00 00 00 00 00 2D 01 00 00 E3 00 00
T$03 s1 f 36 03 8B 78 00 00 00 00 00 2C 01 00 00 E3 00 00
T$03 s1 f 37 03 8B 78 00 00 00 00 00 2B 01 00 00 E3 00 00
T$03 s1 f 38 03 8B 78 00 00 00 00 00 2A 01 00 00 E3 00 00
T$03 s1 f 39 03 8B 78 00 00 00 00 00 29 01 00 00 E3 00 00
T$03 s1 f 40 03 8B 78 00 00 00 00 00 28 01 00 00 E3 00 00
T$03 s1 f 41 03 8B 78 00 00 00 00 00 27 01 00 00 E3 00 00
T$03 s1 f 42 03 8B 78 00 00 00 00 00 26 01 00 00 E3 00 00
T$03 s1 f 43 03 8B 78 00 00 00 00 00 25 01 00 00 E3 00 00
T$03 s1 f 44 03 8B 78 00 00 00 00 00 24 01 00 00 E3 00 00
T$03 s1 f 45 03 8B 78 00 00 00 00 00 23 01 00 00 E3 00 00
T$03 s1 f 46 03 8B 78 00 00 00 00 00 22 01 00 00 E3 00 00
T$03 s1 f 47 03 8B 78 00 00 00 00 00 21 01 00 00 E3 00 00
T$03 s1 f 48 03 8B 78 00 00 00 00 00 20 01 00 00 E3 00 00
T$03 s1 f 49 03 8B 78 00 00 00 00 00 1F 01 00 00 E3 00 00
T$03 s1 f 50 03 8B 78 00 00 00 00 00 1E 01 00 00 E3 00 00
T$03 s1 f 51 03 8B 78 00 00 00 00 00 1D 01 00 00 E3 00 00
T$03 s1 f 52 03 8B 78 00 00 00 00 00 1C 01 00 00 E3 00 00
T$03 s1 f 53 03 8B 78 00 00 00 00 00 1B 01 00 00 E3 00 00
T$03 s1 f 54 03 8B 78 00 00 00 00 00 1A 01 00 00 E3 00 00
T$03 s1 f 55 03 8B 78 00 00 00 00 00 19 01 00 00 E3 00 00
T$03 s1 f 56 03 8B 78 00 00 00 00 00 18 01 00 00 E3 00 00
T$03 s1 f 57 03 8B 78 00 00 00 00 00 17 01 00 00 E3 00 00
T$03 s1 f 58 03 8B 78 00 00 00 00 00 16 01 00 00 E3 00 00
T$03 s1 f 59 03 8B 78 00 00 00 00 00 15 01 00 00 E3 00 00
T$03 s1 f 60 03 8B 78 00 00 00 00 00 14 01 00 00 E3 00 00
T$03 s1 f 61 03 8B 78 00 00 00 00 00 13 01 00 00 E3 00 00
T$03 s1 f 62 03 8B 78 00 00 00 00 00 12 01 00 00 E3 00 00
T$03 s1 f 63 03 8B 78 00 00 00 00 00 11 01 00 00 E3 00 00
T$03 s1 f 64 03 8B 78 00 00 00 00 80 10 00 00 00 E1 00 00
T$03 s1 f 65 03 8B 78 00 00 00 00 7F 0F 00 00 00 E1 00 00
T$03 s1 f 66 03 8B 78 00 00 00 00 7E 0E 00 00 00 E1 00 00
T$03 s1 f 67 03 8B 78 00 00 00 00 7D 0D 00 00 00 E1 00 00
T$03 s1 f 68 03 8B 78 00 00 00 00 7C 0C 00 00 00 E1 00 00
T$03 s1 f 69 03 8B 78 00 00 00 00 7B 0B 00 00 00 E1 00 00
T$03 s1 f 70 03 8B 78 00 00 00 00 7A 0A 00 00 00 E1 00 00
T$03 s1 f 71 03 8B 78 00 00 00 00 79 09 00 00 00 E1 00 00
T$03 s1 f 72 03 8B 78 00 00 00 00 78 08 00 00 00 E1 00 00
T$03 s1 f 73 03 8B 78 00 00 00 00 77 07 00 00 00 E1 00 00
T$03 s1 f 74 03 8B 78 00 00 00 00 76 06 00 00 00 E1 00 00
T$03 s1 f 75 03 8B 78 00 00 00 00 75 05 00 00 00 E1 00 00
T$03 s1 f 76 03 8B 78 00 00 00 00 74 04 00 00 00 E1 00 00
T$03 s1 f 77 03 8B 78 00 00 00 00 73 03 00 00 00 E1 00 00
T$03 s1 f 78 03 8B 78 00 00 00 00 72 02 00 00 00 E1 00 00
T$03 s1 f 79 03 8B 78 00 00 00 00 71 01 00 00 00 E1 00 00
T$03 s1 f 80 03 8B 78 00 20 00 00 70 00 00 00 00 E1 00 00
T$03 s1 f 81 03 8B 78 00 00 00 00 6F 30 01 00 00 E1 00 00
T$03 s1 f 82 03 8B 78 00 00 00 00 6E 2F 01 00 00 E1 00 00
T$03 s1 f 83 03 8B 78 00 00 00 00 6D 2E 01 00 00 E1 00 00
T$03 s1 f 84 03 8B 78 00 00 00 00 6C 2D 01 00 00 E1 00 00
T$03 s1 f 85 03 8B 78 00 00 00 00 6B 2C 01 00 00 E1 00 00
T$03 s1 f 86 03 8B 78 00 00 00 00 6A 2B 01 00 00 E1 00 00
T$03 s1 f 87 03 8B 78 00 00 00 00 69 2A 01 00 00 E1 00 00
T$03 s1 f 88 03 8B 78 00 00 00 00 68 29 01 00 00 E1 00 00
T$03 s1 f 89 03 8B 78 00 00 00 00 67 28 01 00 00 E1 00 00
T$03 s1 f 90 03 8B 78 00 00 00 00 66 27 01 00 00 E1 00 00
T$03 s1 f 91 03 8B 78 00 00 00 00 65 26 01 00 00 E1 00 00
T$03 s1 f 92 03 8B 78 00 00 00 00 64 25 01 00 00 E1 00 00
T$03 s1 f 93 03 8B 78 00 00 00 00 63 24 01 00 00 E1 00 00
T$03 s1 f 94 03 8B 78 00 00 00 00 62 23 01 00 00 E1 00 00
T$03 s1 f 95 03 8B 78 00 00 00 00 61 22 01 00 00 E1 00 00
T$03 s1 f 96 03 8B 78 00 00 00 00 60 21 01 00 00 E1 00 00
T$03 s1 f 97 03 8B 78 00 00 00 00 5F 20 01 00 00 E1 00 00
T$03 s1 f 98 03 8B 78 00 00 00 00 5E 1F 01 00 00 E1 00 00
T$03 s1 f 99 03 8B 78 00 00 00 00 5D 1E 01 00 00 E1 00 00
T$03 s1 f100 03 8B 78 00 00 00 00 5C 1D 01 00 00 E1 00 00
T$03 s1 f101 03 8B 78 00 00 00 00 5B 1C 01 00 00 E1 00 00
T$03 s1 f102 03 8B 78 00 00 00 00 5A 1B 01 00 00 E1 00 00
T$03 s1 f103 03 8B 78 00 00 00 00 59 1A 01 00 00 E1 00 00
T$03 s1 f104 03 8B 78 00 00 00 00 58 19 01 00 00 E1 00 00
T$03 s1 f105 03 8B 78 00 00 00 00 57 18 01 00 00 E1 00 00
T$03 s1 f106 03 8B 78 00 00 00 00 56 17 01 00 00 E1 00 00
T$03 s1 f107 03 8B 78 00 00 00 00 55 16 01 00 00 E1 00 00
T$03 s1 f108 03 8B 78 00 00 00 00 54 15 01 00 00 E1 00 00
T$03 s1 f109 03 8B 78 00 00 00 00 53 14 01 00 00 E1 00 00
T$03 s1 f110 03 8B 78 00 00 00 00 52 13 01 00 00 E1 00 00
T$03 s1 f111 03 8B 78 00 00 00 00 51 12 01 00 00 E1 00 00
T$03 s1 f112 03 8B 78 00 00 00 00 50 11 01 00 00 E1 00 00
T$03 s1 f113 03 8B 78 00 00 00 00 80 10 00 00 00 E1 00 00
T$03 s1 f114 03 8B 78 00 00 00 00 7F 0F 00 00 00 E1 00 00
T$03 s1 f115 03 8B 78 00 00 00 00 7E 0E 00 00 00 E1 00 00
T$03 s1 f116 03 8B 78 00 00 00 00 7D 0D 00 00 00 E1 00 00
T$03 s1 f117 03 8B 78 00 00 00 00 7C 0C 00 00 00 E1 00 00
T$03 s1 f118 03 8B 78 00 00 00 00 7B 0B 00 00 00 E1 00 00
T$03 s1 f119 03 8B 78 00 00 00 00 7A 0A 00 00 00 E1 00 00
T$03 s1 f120 03 8B 78 00 00 00 00 79 09 00 00 00 E1 00 00
T$03 s1 f121 03 8B 78 00 00 00 00 78 08 00 00 00 E1 00 00
T$03 s1 f122 03 8B 78 00 00 00 00 77 07 00 00 00 E1 00 00
T$03 s1 f123 03 8B 78 00 00 00 00 76 06 00 00 00 E1 00 00
T$03 s1 f124 03 8B 78 00 00 00 00 75 05 00 00 00 E1 00 00
T$03 s1 f125 03 8B 78 00 00 00 00 74 04 00 00 00 E1 00 00
T$03 s1 f126 03 8B 78 00 00 00 00 73 03 00 00 00 E1 00 00
T$03 s1 f127 03 8B 78 00 00 00 00 72 02 00 00 00 E1 00 00
T$03 s1 f128 03 8B 78 00 00 00 00 71 01 00 00 00 E1 00 00
T$03 s1 f129 03 8B 78 00 20 00 00 70 00 00 00 00 E1 00 00
T$03 s1 f130 03 8B 78 00 00 00 00 6F 30 01 00 00 E1 00 00
T$03 s1 f131 03 8B 78 00 00 00 00 6E 2F 01 00 00 E1 00 00
T$03 s1 f132 03 8B 78 00 00 00 00 6D 2E 01 00 00 E1 00 00
T$03 s1 f133 03 8B 78 00 00 00 00 6C 2D 01 00 00 E1 00 00
T$03 s1 f134 03 8B 78 00 00 00 00 6B 2C 01 00 00 E1 00 00
T$03 s1 f135 03 8B 78 00 00 00 00 6A 2B 01 00 00 E1 00 00
T$03 s1 f136 03 8B 78 00 00 00 00 69 2A 01 00 00 E1 00 00
T$03 s1 f137 03 8B 78 00 00 00 00 68 29 01 00 00 E1 00 00
T$03 s1 f138 03 8B 78 00 00 00 00 67 28 01 00 00 E1 00 00
T$03 s1 f139 03 8B 78 00 00 00 00 66 27 01 00 00 E1 00 00
T$03 s1 f140 03 8B 78 00 00 00 00 65 26 01 00 00 E1 00 00
T$03 s1 f141 03 8B 78 00 00 00 00 64 25 01 00 00 E1 00 00
T$03 s1 f142 03 8B 78 00 00 00 00 63 24 01 00 00 E1 00 00
T$03 s1 f143 03 8B 78 00 00 00 00 62 23 01 00 00 E1 00 00
T$03 s1 f144 03 8B 78 00 00 00 00 61 22 01 00 00 E1 00 00
T$03 s1 f145 03 8B 78 00 00 00 00 60 21 01 00 00 E1 00 00
T$03 s1 f146 03 8B 78 00 00 00 00 5F 20 01 00 00 E1 00 00
T$03 s1 f147 03 8B 78 00 00 00 00 5E 1F 01 00 00 E1 00 00
T$03 s1 f148 03 8B 78 00 00 00 00 5D 1E 01 00 00 E1 00 00
T$03 s1 f149 03 8B 78 00 00 00 00 5C 1D 01 00 00 E1 00 00
T$03 s1 f150 03 8B 78 00 00 00 00 5B 1C 01 00 00 E1 00 00
T$03 s1 f151 03 8B 78 00 00 00 00 5A 1B 01 00 00 E1 00 00
T$03 s1 f152 03 8B 78 00 00 00 00 59 1A 01 00 00 E1 00 00
T$03 s1 f153 03 8B 78 00 00 00 00 58 19 01 00 00 E1 00 00
T$03 s1 f154 03 8B 78 00 00 00 00 57 18 01 00 00 E1 00 00
T$03 s1 f155 03 8B 78 00 00 00 00 56 17 01 00 00 E1 00 00
T$03 s1 f156 03 8B 78 00 00 00 00 55 16 01 00 00 E1 00 00
T$03 s1 f157 03 8B 78 00 00 00 00 54 15 01 00 00 E1 00 00
T$03 s1 f158 03 8B 78 00 00 00 00 53 14 01 00 00 E1 00 00
T$03 s1 f159 03 8B 78 00 00 00 00 52 13 01 00 00 E1 00 00
T$03 s1 f160 03 8B 78 00 00 00 00 51 12 01 00 00 E1 00 00
T$03 s1 f161 03 8B 78 00 00 00 00 50 11 01 00 00 E1 00 00
T$03 s1 f162 03 8B 78 00 00 00 00 80 10 00 00 00 E1 00 00
T$03 s1 f163 03 8B 78 00 00 00 00 7F 0F 00 00 00 E1 00 00
T$03 s1 f164 03 8B 78 00 00 00 00 7E 0E 00 00 00 E1 00 00
T$03 s1 f165 03 8B 78 00 00 00 00 7D 0D 00 00 00 E1 00 00
T$03 s1 f166 03 8B 78 00 00 00 00 7C 0C 00 00 00 E1 00 00
T$03 s1 f167 03 8B 78 00 00 00 00 7B 0B 00 00 00 E1 00 00
T$03 s1 f168 03 8B 78 00 00 00 00 7A 0A 00 00 00 E1 00 00
T$03 s1 f169 03 8B 78 00 00 00 00 79 09 00 00 00 E1 00 00
T$03 s1 f170 03 8B 78 00 00 00 00 78 08 00 00 00 E1 00 00
T$03 s1 f171 03 8B 78 00 00 00 00 77 07 00 00 00 E1 00 00
T$03 s1 f172 03 8B 78 00 00 00 00 76 06 00 00 00 E1 00 00
T$03 s1 f173 03 8B 78 00 00 00 00 75 05 00 00 00 E1 00 00
T$03 s1 f174 03 8B 78 00 00 00 00 74 04 00 00 00 E1 00 00
T$03 s1 f175 03 8B 78 00 00 00 00 73 03 00 00 00 E1 00 00
T$03 s1 f176 03 8B 78 00 00 00 00 72 02 00 00 00 E1 00 00
T$03 s1 f177 03 8B 78 00 00 00 00 71 01 00 00 00 E1 00 00
T$03 s1 f178 03 8B 78 00 20 00 00 70 00 00 00 00 E1 00 00
T$03 s1 f179 03 8A 78 00 20 00 00 6F 00 00 00 00 E1 00 00
T$03 s1 f180 03 8A 78 00 20 00 00 6E 00 00 00 00 E1 00 00
T$03 s1 f181 03 89 78 00 20 00 00 6D 00 00 00 00 E1 00 00
T$03 s1 f182 03 89 78 00 20 00 00 6C 00 00 00 00 E1 00 00
T$03 s1 f183 03 88 78 00 20 00 00 6B 00 00 00 00 E1 00 00
T$03 s1 f184 03 88 78 00 20 00 00 6A 00 00 00 00 E1 00 00
T$03 s1 f185 03 87 78 00 20 00 00 69 00 00 00 00 E1 00 00
T$03 s1 f186 03 87 78 00 20 00 00 68 00 00 00 00 E1 00 00
T$03 s1 f187 03 86 78 00 20 00 00 67 00 00 00 00 E1 00 00
T$03 s1 f188 03 86 78 00 20 00 00 66 00 00 00 00 E1 00 00
T$03 s1 f189 03 85 78 00 20 00 00 65 00 00 00 00 E1 00 00
T$03 s1 f190 03 85 78 00 20 00 00 64 00 00 00 00 E1 00 00
T$03 s1 f191 03 84 78 00 20 00 00 63 00 00 00 00 E1 00 00
T$03 s1 f192 03 84 78 00 20 00 00 62 00 00 00 00 E1 00 00
T$03 s1 f193 03 83 78 00 20 00 00 61 00 00 00 00 E1 00 00
T$03 s1 f194 03 83 78 00 20 00 00 60 00 00 00 00 E1 00 00
T$03 s1 f195 03 82 78 00 20 00 00 5F 00 00 00 00 E1 00 00
T$03 s1 f196 03 82 78 00 20 00 00 5E 00 00 00 00 E1 00 00
T$03 s1 f197 03 81 78 00 20 00 00 5D 00 00 00 00 E1 00 00
T$03 s1 f198 03 81 78 00 20 00 00 5C 00 00 00 00 E1 00 00
T$03 s1 f199 03 80 78 00 20 00 00 5B 00 00 00 00 E1 00 00
T$03 s1 f200 03 80 78 00 20 00 00 5A 00 00 00 00 E1 00 00
T$03 s1 f201 03 7F 78 00 20 00 00 59 00 00 00 00 E1 00 00
T$03 s1 f202 03 7F 78 00 20 00 00 58 00 00 00 00 E1 00 00
T$03 s1 f203 03 7E 78 00 20 00 00 57 00 00 00 00 E1 00 00
T$03 s1 f204 03 7E 78 00 20 00 00 56 00 00 00 00 E1 00 00
T$03 s1 f205 03 7D 78 00 20 00 00 55 00 00 00 00 E1 00 00
T$03 s1 f206 03 7D 78 00 20 00 00 54 00 00 00 00 E1 00 00
T$03 s1 f207 03 7C 78 00 20 00 00 53 00 00 00 00 E1 00 00
T$03 s1 f208 03 7C 78 00 20 00 00 52 00 00 00 00 E1 00 00
T$03 s1 f209 03 7B 78 00 20 00 00 51 00 00 00 00 E1 00 00
T$03 s1 f210 03 7B 78 00 20 00 00 50 00 00 00 00 E1 00 00
T$03 s1 f211 03 7A 78 00 20 00 00 4F 00 00 00 00 E1 00 00
T$03 s1 f212 03 7A 78 00 20 00 00 4E 00 00 00 00 E1 00 00
T$03 s1 f213 03 79 78 00 20 00 00 4D 00 00 00 00 E1 00 00
T$03 s1 f214 03 79 78 00 20 00 00 4C 00 00 00 00 E1 00 00
T$03 s1 f215 03 78 78 00 20 00 00 4B 00 00 00 00 E1 00 00
T$03 s1 f216 03 78 78 00 20 00 00 4A 00 00 00 00 E1 00 00
T$03 s1 f217 03 77 78 00 20 00 00 49 00 00 00 00 E1 00 00
T$03 s1 f218 03 77 78 00 20 00 00 48 00 00 00 00 E1 00 00
T$03 s1 f219 03 76 78 00 20 00 00 47 00 00 00 00 E1 00 00
T$03 s1 f220 03 76 78 00 20 00 00 46 00 00 00 00 E1 00 00
T$03 s1 f221 03 75 78 00 20 00 00 45 00 00 00 00 E1 00 00
T$03 s1 f222 03 75 78 00 20 00 00 44 00 00 00 00 E1 00 00
T$03 s1 f223 03 74 78 00 20 00 00 43 00 00 00 00 E1 00 00
T$03 s1 f224 03 74 78 00 20 00 00 42 00 00 00 00 E1 00 00
T$03 s1 f225 03 73 78 00 20 00 00 41 00 00 00 00 E1 00 00
T$03 s1 f226 03 73 78 00 20 00 00 40 00 00 00 00 E1 00 00
T$03 s1 f227 03 72 78 00 20 00 00 3F 00 00 00 00 E1 00 00
T$03 s1 f228 03 72 78 00 20 00 00 3E 00 00 00 00 E1 00 00
T$03 s1 f229 03 71 78 00 20 00 00 3D 00 00 00 00 E1 00 00
T$03 s1 f230 03 71 78 00 20 00 00 3C 00 00 00 00 E1 00 00
T$03 s1 f231 03 70 78 00 20 00 00 3B 00 00 00 00 E1 00 00
T$03 s1 f232 03 70 78 00 20 00 00 3A 00 00 00 00 E1 00 00
T$03 s1 f233 03 6F 78 00 20 00 00 39 00 00 00 00 E1 00 00
T$03 s1 f234 03 6F 78 00 20 00 00 38 00 00 00 00 E1 00 00
T$03 s1 f235 03 6E 78 00 20 00 00 37 00 00 00 00 E1 00 00
T$03 s1 f236 03 6E 78 00 20 00 00 36 00 00 00 00 E1 00 00
T$03 s1 f237 03 6D 78 00 20 00 00 35 00 00 00 00 E1 00 00
T$03 s1 f238 03 6D 78 00 20 00 00 34 00 00 00 00 E1 00 00
T$03 s1 f239 03 6C 78 00 20 00 00 33 00 00 00 00 E1 00 00
T$04 s1 f  0 04 80 78 00 20 00 00 03 00 00 00 00 E1 00 00
T$04 s1 f  1 04 80 78 00 20 00 00 02 00 00 00 00 E1 00 00
T$04 s1 f  2 04 80 78 00 20 00 00 01 00 00 00 00 E1 00 00
T$04 s1 f  3 04 80 78 00 20 00 00 06 00 00 00 00 E1 00 00
T$04 s1 f  4 04 80 78 00 20 00 00 05 00 00 00 00 E1 00 00
T$04 s1 f  5 04 80 78 00 20 00 00 04 00 00 00 00 E1 00 00
T$04 s1 f  6 04 80 78 00 20 00 00 03 00 00 00 00 E1 00 00
T$04 s1 f  7 04 80 78 00 20 00 00 02 00 00 00 00 E1 00 00
T$04 s1 f  8 04 80 78 00 20 00 00 01 00 00 00 00 E1 00 00
T$04 s1 f  9 04 80 78 00 20 00 00 06 00 00 00 00 E1 00 00
T$04 s1 f 10 04 80 78 00 20 00 00 05 00 00 00 00 E1 00 00
T$04 s1 f 11 04 80 78 00 20 00 00 04 00 00 00 00 E1 00 00
T$04 s1 f 12 04 81 78 00 20 00 00 03 00 00 00 00 E1 00 00
T$04 s1 f 13 04 81 78 00 20 00 00 02 00 00 00 00 E1 00 00
T$04 s1 f 14 04 82 78 00 20 00 00 01 00 00 00 00 E1 00 00
T$04 s1 f 15 04 82 78 00 20 00 00 00 00 00 00 00 E1 00 00
T$04 s1 f 16 04 83 78 00 20 00 00 00 00 00 00 00 E1 00 00
T$04 s1 f 17 04 83 78 00 20 00 00 00 00 00 00 00 E1 00 00
T$04 s1 f 18 04 84 78 00 20 00 00 00 00 00 00 00 E1 00 00
T$04 s1 f 19 04 84 78 00 20 00 00 00 00 00 00 00 E1 00 00
T$04 s1 f 20 04 85 78 00 20 00 00 00 00 00 00 00 E1 00 00
T$04 s1 f 21 04 85 78 00 20 00 00 00 00 00 00 00 E1 00 00
T$04 s1 f 22 04 86 78 00 20 00 00 00 00 00 00 00 E1 00 00
T$04 s1 f 23 04 86 78 00 20 00 00 00 00 00 00 00 E1 00 00
T$04 s1 f 24 04 87 78 00 20 00 00 00 00 00 00 00 E1 00 00
T$04 s1 f 25 04 87 78 00 20 00 00 00 00 00 00 00 E1 00 00
T$04 s1 f 26 04 88 78 00 20 00 00 00 00 00 00 00 E1 00 00
T$04 s1 f 27 04 88 78 00 20 00 00 00 00 00 00 00 E1 00 00
T$04 s1 f 28 04 89 78 00 20 00 00 00 00 00 00 00 E1 00 00
T$04 s1 f 29 04 89 78 00 20 00 00 00 00 00 00 00 E1 00 00
T$04 s1 f 30 04 8A 78 00 20 00 00 00 00 00 00 00 E1 00 00
T$04 s1 f 31 04 8A 78 00 20 00 00 00 00 00 00 00 E1 00 00
T$04 s1 f 32 04 8B 78 00 20 00 00 00 00 00 00 00 E1 00 00
T$04 s1 f 33 04 8B 78 00 20 00 00 00 00 00 00 00 E1 00 00
T$04 s1 f 34 04 8C 78 00 20 00 00 00 00 00 00 00 E1 00 00
T$04 s1 f 35 04 8C 78 00 20 00 00 00 00 00 00 00 E1 00 00
T$04 s1 f 36 04 8D 78 00 20 00 00 00 00 00 00 00 E1 00 00
T$04 s1 f 37 04 8D 78 00 20 00 00 00 00 00 00 00 E1 00 00
T$04 s1 f 38 04 8E 78 00 20 00 00 00 00 00 00 00 E1 00 00
T$04 s1 f 39 04 8E 78 00 20 00 00 00 00 00 00 00 E1 00 00
T$04 s1 f 40 04 8F 78 00 20 00 00 00 00 01 00 00 E1 00 00
T$04 s1 f 41 04 8E 78 00 20 00 00 00 00 01 00 00 E1 00 00
T$04 s1 f 42 04 8E 78 00 20 00 00 00 00 01 00 00 E1 00 00
T$04 s1 f 43 04 8D 78 00 20 00 00 00 00 01 00 00 E1 00 00
T$04 s1 f 44 04 8D 78 00 20 00 00 00 00 01 00 00 E1 00 00
T$04 s1 f 45 04 8C 78 00 20 00 00 00 00 01 00 00 E1 00 00
T$04 s1 f 46 04 8C 78 00 20 00 00 00 00 01 00 00 E1 00 00
T$04 s1 f 47 04 8B 78 00 20 00 00 00 00 01 00 00 E1 00 00
T$04 s1 f 48 04 8B 78 00 20 00 00 00 00 01 00 00 E1 00 00
T$04 s1 f 49 04 8A 78 00 20 00 00 00 00 01 00 00 E1 00 00
T$04 s1 f 50 04 8A 78 00 20 00 00 00 00 01 00 00 E1 00 00
T$04 s1 f 51 04 89 78 00 20 00 00 00 00 01 00 00 E1 00 00
T$04 s1 f 52 04 89 78 00 20 00 00 00 00 01 00 00 E1 00 00
T$04 s1 f 53 04 88 78 00 20 00 00 00 00 01 00 00 E1 00 00
T$04 s1 f 54 04 88 78 00 20 00 00 00 00 01 00 00 E1 00 00
T$04 s1 f 55 04 87 78 00 20 00 00 00 00 01 00 00 E1 00 00
T$04 s1 f 56 04 87 78 00 20 00 00 00 00 01 00 00 E1 00 00
T$04 s1 f 57 04 86 78 00 20 00 00 00 00 01 00 00 E1 00 00
T$04 s1 f 58 04 86 78 00 20 00 00 00 00 01 00 00 E1 00 00
T$04 s1 f 59 04 85 78 00 20 00 00 00 00 01 00 00 E1 00 00
T$04 s1 f 60 04 85 78 00 20 00 00 00 00 01 00 00 E1 00 00
T$04 s1 f 61 04 84 78 00 20 00 00 00 00 01 00 00 E1 00 00
T$04 s1 f 62 04 84 78 00 20 00 00 00 00 01 00 00 E1 00 00
T$04 s1 f 63 04 83 78 00 20 00 00 00 00 01 00 00 E1 00 00
T$04 s1 f 64 04 83 78 00 20 00 00 00 00 01 00 00 E1 00 00
T$04 s1 f 65 04 82 78 00 20 00 00 00 00 01 00 00 E1 00 00
T$04 s1 f 66 04 82 78 00 20 00 00 00 00 01 00 00 E1 00 00
T$04 s1 f 67 04 81 78 00 20 00 00 00 00 01 00 00 E1 00 00
T$04 s1 f 68 04 81 78 00 20 00 00 00 00 01 00 00 E1 00 00
T$04 s1 f 69 04 80 78 00 20 00 00 00 00 01 00 00 E1 00 00
T$04 s1 f 70 04 80 78 00 20 00 00 00 00 01 00 00 E1 00 00
T$04 s1 f 71 04 7F 78 00 20 00 00 00 00 01 00 00 E1 00 00
T$04 s1 f 72 04 7F 78 00 20 00 00 00 00 00 00 00 E1 00 00
T$04 s1 f 73 04 7F 77 00 20 00 00 00 00 00 00 00 E1 00 00
T$04 s1 f 74 04 7F 77 00 20 00 00 00 00 00 00 00 E1 00 00
T$04 s1 f 75 04 7F 76 00 20 00 00 00 00 00 00 00 E1 00 00
T$04 s1 f 76 04 7F 76 00 20 00 00 00 00 00 00 00 E1 00 00
T$04 s1 f 77 04 7F 75 00 20 00 00 00 00 00 00 00 E1 00 00
T$04 s1 f 78 04 7F 75 00 20 00 00 00 00 00 00 00 E1 00 00
T$04 s1 f 79 04 7F 74 00 20 00 00 00 00 00 00 00 E1 00 00
T$04 s1 f 80 04 7F 74 00 20 00 00 00 00 00 00 00 E1 00 00
T$04 s1 f 81 04 7F 73 00 20 00 00 00 00 00 00 00 E1 00 00
T$04 s1 f 82 04 7F 73 00 20 00 00 00 00 00 00 00 E1 00 00
T$04 s1 f 83 04 7F 72 00 20 00 00 00 00 00 00 00 E1 00 00
T$04 s1 f 84 04 7F 72 00 20 00 00 00 00 00 00 00 E1 00 00
T$04 s1 f 85 04 7F 71 00 20 00 00 00 00 00 00 00 E1 00 00
T$04 s1 f 86 04 7F 71 00 20 00 00 00 00 00 00 00 E1 00 00
T$04 s1 f 87 04 7F 70 00 20 00 00 00 00 00 00 00 E1 00 00
T$04 s1 f 88 04 7F 70 00 20 00 00 00 00 00 00 00 E1 00 00
T$04 s1 f 89 04 7F 6F 00 20 00 00 00 00 00 00 00 E1 00 00
T$04 s1 f 90 04 7F 6F 00 20 00 00 00 00 00 00 00 E1 00 00
T$04 s1 f 91 04 7F 6E 00 20 00 00 00 00 00 00 00 E1 00 00
T$04 s1 f 92 04 7F 6E 00 20 00 00 00 00 00 00 00 E1 00 00
T$04 s1 f 93 04 7F 6D 00 20 00 00 00 00 00 00 00 E1 00 00
T$04 s1 f 94 04 7F 6D 00 20 00 00 00 00 00 00 00 E1 00 00
T$04 s1 f 95 04 7F 6C 00 20 00 00 00 00 00 00 00 E1 00 00
T$04 s1 f 96 04 7F 6C 00 20 00 00 00 00 00 00 00 E1 00 00
T$04 s1 f 97 04 7F 6B 00 20 00 00 00 00 00 00 00 E1 00 00
T$04 s1 f 98 04 7F 6B 00 20 00 00 00 00 00 00 00 E1 00 00
T$04 s1 f 99 04 7F 6A 00 20 00 00 00 00 00 00 00 E1 00 00
T$04 s1 f100 04 7F 6A 00 20 00 00 00 00 00 00 00 E1 00 00
T$04 s1 f101 04 7F 69 00 20 00 00 00 00 00 00 00 E1 00 00
T$04 s1 f102 04 7F 69 00 20 00 00 00 00 00 00 00 E1 00 00
T$04 s1 f103 04 7F 68 00 20 00 00 00 00 01 00 00 E1 00 00
T$04 s1 f104 04 7F 68 00 20 00 00 00 00 01 00 00 E1 00 00
T$04 s1 f105 04 7F 67 00 20 00 00 00 00 01 00 00 E1 00 00
T$04 s1 f106 04 7F 67 00 20 00 00 00 00 01 00 00 E1 00 00
T$04 s1 f107 04 7F 66 00 20 00 00 00 00 01 00 00 E1 00 00
T$04 s1 f108 04 7F 66 00 20 00 00 00 00 01 00 00 E1 00 00
T$04 s1 f109 04 7F 65 00 20 00 00 00 00 01 00 00 E1 00 00
T$04 s1 f110 04 7F 65 00 20 00 00 00 00 01 00 00 E1 00 00
T$04 s1 f111 04 7F 64 00 20 00 00 00 00 01 00 00 E1 00 00
T$04 s1 f112 04 7F 64 00 20 00 00 00 00 01 00 00 E1 00 00
T$04 s1 f113 04 7F 63 00 20 00 00 00 00 01 00 00 E1 00 00
T$04 s1 f114 04 7F 63 00 20 00 00 00 00 01 00 00 E1 00 00
T$04 s1 f115 04 7F 62 00 20 00 00 00 00 01 00 00 E1 00 00
T$04 s1 f116 04 7F 62 00 20 00 00 00 00 01 00 00 E1 00 00
T$04 s1 f117 04 7F 61 00 20 00 00 00 00 01 00 00 E1 00 00
T$04 s1 f118 04 7F 61 00 20 00 00 00 00 01 00 00 E1 00 00
T$04 s1 f119 04 7F 60 00 20 00 00 00 00 01 00 00 E1 00 00
T$04 s1 f120 04 7F 60 00 20 00 00 00 00 01 00 00 E1 00 00
T$04 s1 f121 04 7F 5F 00 20 00 00 00 00 01 00 00 E1 00 00
T$04 s1 f122 04 7F 5F 00 20 00 00 00 00 01 00 00 E1 00 00
T$04 s1 f123 04 7F 5E 00 20 00 00 00 00 01 00 00 E1 00 00
T$04 s1 f124 04 7F 5E 00 20 00 00 00 00 01 00 00 E1 00 00
T$04 s1 f125 04 7F 5D 00 20 00 00 00 00 01 00 00 E1 00 00
T$04 s1 f126 04 7F 5D 00 20 00 00 00 00 01 00 00 E1 00 00
T$04 s1 f127 04 7F 5C 00 20 00 00 00 00 01 00 00 E1 00 00
T$04 s1 f128 04 7F 5C 00 20 00 00 00 00 01 00 00 E1 00 00
T$04 s1 f129 04 7F 5B 00 20 00 00 00 00 01 00 00 E1 00 00
T$04 s1 f130 04 7F 5B 00 20 00 00 00 00 01 00 00 E1 00 00
T$04 s1 f131 04 7F 5A 00 20 00 00 00 00 01 00 00 E1 00 00
T$04 s1 f132 04 7F 5A 00 20 00 00 00 00 01 00 00 E1 00 00
T$04 s1 f133 04 7F 59 00 20 00 00 00 00 01 00 00 E1 00 00
T$04 s1 f134 04 7F 59 00 20 00 00 00 00 01 00 00 E1 00 00
T$04 s1 f135 04 7F 58 00 20 00 00 00 00 00 00 00 E1 00 00
T$04 s1 f136 04 7F 58 00 20 00 00 00 00 00 00 00 E1 00 00
T$04 s1 f137 04 7F 57 00 20 00 00 00 00 00 00 00 E1 00 00
T$04 s1 f138 04 7F 57 00 20 00 00 00 00 00 00 00 E1 00 00
T$04 s1 f139 04 7F 56 00 20 00 00 00 00 00 00 00 E1 00 00
T$04 s1 f140 04 7F 56 00 20 00 00 00 00 00 00 00 E1 00 00
T$04 s1 f141 04 7F 55 00 20 00 00 00 00 00 00 00 E1 00 00
T$04 s1 f142 04 7F 55 00 20 00 00 00 00 00 00 00 E1 00 00
T$04 s1 f143 04 7F 54 00 20 00 00 00 00 00 00 00 E1 00 00
T$04 s1 f144 04 7F 54 00 20 00 00 00 00 00 00 00 E1 00 00
T$04 s1 f145 04 7F 53 00 20 00 00 00 00 00 00 00 E1 00 00
T$04 s1 f146 04 7F 53 00 20 00 00 00 00 00 00 00 E1 00 00
T$04 s1 f147 04 7F 52 00 20 00 00 00 00 00 00 00 E1 00 00
T$04 s1 f148 04 7F 52 00 20 00 00 00 00 00 00 00 E1 00 00
T$04 s1 f149 04 7F 51 00 20 00 00 00 00 00 00 00 E1 00 00
T$04 s1 f150 04 7F 51 00 20 00 00 00 00 00 00 00 E1 00 00
T$04 s1 f151 04 7F 50 00 20 00 00 00 00 00 00 00 E1 00 00
T$04 s1 f152 04 7F 50 00 20 00 00 00 00 00 00 00 E1 00 00
T$04 s1 f153 04 7F 4F 00 20 00 00 00 00 00 00 00 E1 00 00
T$04 s1 f154 04 7F 4F 00 20 00 00 00 00 00 00 00 E1 00 00
T$04 s1 f155 04 7F 4E 00 20 00 00 00 00 00 00 00 E1 00 00
T$04 s1 f156 04 7F 4E 00 20 00 00 00 00 00 00 00 E1 00 00
T$04 s1 f157 04 7F 4D 00 20 00 00 00 00 00 00 00 E1 00 00
T$04 s1 f158 04 7F 4D 00 20 00 00 00 00 00 00 00 E1 00 00
T$04 s1 f159 04 7F 4D 00 20 00 00 00 00 00 00 00 E1 00 00
T$04 s1 f160 04 7F 4D 00 20 00 00 00 00 00 00 00 E1 00 00
T$04 s1 f161 04 7F 4D 00 20 00 00 00 00 00 00 00 E1 00 00
T$04 s1 f162 04 7F 4D 00 20 00 00 00 00 00 00 00 E1 00 00
T$04 s1 f163 04 7F 4D 00 20 00 00 00 00 00 00 00 E1 00 00
T$04 s1 f164 04 7F 4D 00 20 00 00 00 00 00 00 00 E1 00 00
T$04 s1 f165 04 7F 4D 00 20 00 00 00 00 00 00 00 E1 00 00
T$04 s1 f166 04 7F 4D 00 20 00 00 00 00 00 00 00 E1 00 00
T$04 s1 f167 04 7F 4D 00 20 00 00 00 00 00 00 00 E1 00 00
T$04 s1 f168 04 7F 4D 00 20 00 00 00 00 00 00 00 E1 00 00
T$04 s1 f169 04 7F 4D 00 20 00 00 00 00 00 00 00 E1 00 00
T$04 s1 f170 04 7F 4D 00 20 00 00 00 00 00 00 00 E1 00 00
T$04 s1 f171 04 7F 4D 00 20 00 00 00 00 00 00 00 E1 00 00
T$04 s1 f172 04 7F 4D 00 20 00 00 00 00 00 00 00 E1 00 00
T$04 s1 f173 04 7F 4D 00 20 00 00 00 00 00 00 00 E1 00 00
T$04 s1 f174 04 7F 4D 00 20 00 00 00 00 00 00 00 E1 00 00
T$04 s1 f175 04 7F 4D 00 20 00 00 00 00 00 00 00 E1 00 00
T$04 s1 f176 04 7F 4D 00 20 00 00 00 00 00 00 00 E1 00 00
T$04 s1 f177 04 7F 4D 00 20 00 00 00 00 00 00 00 E1 00 00
T$04 s1 f178 04 7F 4D 00 20 00 00 00 00 00 00 00 E1 00 00
T$04 s1 f179 04 7F 4D 00 20 00 00 00 00 00 00 00 E1 00 00
T$04 s1 f180 04 7F 4D 00 20 00 00 00 00 00 00 00 E1 00 00
T$04 s1 f181 04 7F 4D 00 20 00 00 00 00 00 00 00 E1 00 00
T$04 s1 f182 04 7F 4D 00 20 00 00 00 00 00 00 00 E1 00 00
T$04 s1 f183 04 7F 4D 00 20 00 00 00 00 00 00 00 E1 00 00
T$04 s1 f184 04 7F 4D 00 20 00 00 00 00 00 00 00 E1 00 00
T$04 s1 f185 04 7F 4D 00 20 00 00 00 00 00 00 00 E1 00 00
T$04 s1 f186 04 7F 4D 00 20 00 00 00 00 00 00 00 E1 00 00
T$04 s1 f187 04 7F 4D 00 20 00 00 00 00 00 00 00 E1 00 00
T$04 s1 f188 04 7F 4D 00 20 00 00 00 00 00 00 00 E1 00 00
T$04 s1 f189 04 7F 4D 00 20 00 00 00 00 00 00 00 E1 00 00
T$04 s1 f190 04 7F 4D 00 20 00 00 00 00 00 00 00 E1 00 00
T$04 s1 f191 04 7F 4D 00 20 00 00 00 00 00 00 00 E1 00 00
T$04 s1 f192 04 7F 4D 00 20 00 00 00 00 00 00 00 E1 00 00
T$04 s1 f193 04 7F 4D 00 20 00 00 00 00 00 00 00 E1 00 00
T$04 s1 f194 04 7F 4D 00 20 00 00 00 00 00 00 00 E1 00 00
T$04 s1 f195 04 7F 4D 00 20 00 00 00 00 00 00 00 E1 00 00
T$04 s1 f196 04 7F 4D 00 20 00 00 00 00 00 00 00 E1 00 00
T$04 s1 f197 04 7F 4D 00 20 00 00 00 00 00 00 00 E1 00 00
T$04 s1 f198 04 7F 4D 00 20 00 00 00 00 00 00 00 E1 00 00
T$04 s1 f199 04 7F 4D 00 20 00 00 00 00 00 00 00 E1 00 00
T$04 s1 f200 04 7F 4D 00 20 00 00 00 00 00 00 00 E1 00 00
T$04 s1 f201 04 7F 4D 00 20 00 00 00 00 00 00 00 E1 00 00
T$04 s1 f202 04 7F 4D 00 20 00 00 00 00 00 00 00 E1 00 00
T$04 s1 f203 04 7F 4D 00 20 00 00 00 00 00 00 00 E1 00 00
T$04 s1 f204 04 7F 4D 00 20 00 00 00 00 00 00 00 E1 00 00
T$04 s1 f205 04 7F 4D 00 20 00 00 00 00 00 00 00 E1 00 00
T$04 s1 f206 04 7F 4D 00 20 00 00 00 00 00 00 00 E1 00 00
T$04 s1 f207 04 7F 4D 00 20 00 00 00 00 00 00 00 E1 00 00
T$04 s1 f208 04 7F 4D 00 20 00 00 00 00 00 00 00 E1 00 00
T$04 s1 f209 04 7F 4D 00 20 00 00 00 00 00 00 00 E1 00 00
T$04 s1 f210 04 7F 4D 00 20 00 00 00 00 00 00 00 E1 00 00
T$04 s1 f211 04 7F 4D 00 20 00 00 00 00 00 00 00 E1 00 00
T$04 s1 f212 04 7F 4D 00 20 00 00 00 00 00 00 00 E1 00 00
T$04 s1 f213 04 7F 4D 00 20 00 00 00 00 00 00 00 E1 00 00
T$04 s1 f214 04 7F 4D 00 20 00 00 00 00 00 00 00 E1 00 00
T$04 s1 f215 04 7F 4D 00 20 00 00 00 00 00 00 00 E1 00 00
T$04 s1 f216 04 7F 4D 00 20 00 00 00 00 00 00 00 E1 00 00
T$04 s1 f217 04 7F 4D 00 20 00 00 00 00 00 00 00 E1 00 00
T$04 s1 f218 04 7F 4D 00 20 00 00 00 00 00 00 00 E1 00 00
T$04 s1 f219 04 7F 4D 00 20 00 00 00 00 00 00 00 E1 00 00
T$04 s1 f220 04 7F 4D 00 20 00 00 00 00 00 00 00 E1 00 00
T$04 s1 f221 04 7F 4D 00 20 00 00 00 00 00 00 00 E1 00 00
T$04 s1 f222 04 7F 4D 00 20 00 00 00 00 00 00 00 E1 00 00
T$04 s1 f223 04 7F 4D 00 20 00 00 00 00 00 00 00 E1 00 00
T$04 s1 f224 04 7F 4D 00 20 00 00 00 00 00 00 00 E1 00 00
T$04 s1 f225 04 7F 4D 00 20 00 00 00 00 00 00 00 E1 00 00
T$04 s1 f226 04 7F 4D 00 20 00 00 00 00 00 00 00 E1 00 00
T$04 s1 f227 04 7F 4D 00 20 00 00 00 00 00 00 00 E1 00 00
T$04 s1 f228 04 7F 4D 00 20 00 00 00 00 00 00 00 E1 00 00
T$04 s1 f229 04 7F 4D 00 20 00 00 00 00 00 00 00 E1 00 00
T$04 s1 f230 04 7F 4D 00 20 00 00 00 00 00 00 00 E1 00 00
T$04 s1 f231 04 7F 4D 00 20 00 00 00 00 00 00 00 E1 00 00
T$04 s1 f232 04 7F 4D 00 20 00 00 00 00 00 00 00 E1 00 00
T$04 s1 f233 04 7F 4D 00 20 00 00 00 00 00 00 00 E1 00 00
T$04 s1 f234 04 7F 4D 00 20 00 00 00 00 00 00 00 E1 00 00
T$04 s1 f235 04 7F 4D 00 20 00 00 00 00 00 00 00 E1 00 00
T$04 s1 f236 04 7F 4D 00 20 00 00 00 00 00 00 00 E1 00 00
T$04 s1 f237 04 7F 4D 00 20 00 00 00 00 00 00 00 E1 00 00
T$04 s1 f238 04 7F 4D 00 20 00 00 00 00 00 00 00 E1 00 00
T$04 s1 f239 04 7F 4D 00 20 00 00 00 00 00 00 00 E1 00 00
T$05 s1 f  0 05 80 78 00 20 00 00 03 00 00 00 00 E1 00 00
T$05 s1 f  1 05 80 78 00 20 00 00 02 00 00 00 00 E1 00 00
T$05 s1 f  2 05 80 78 00 20 00 00 01 00 00 00 00 E1 00 00
T$05 s1 f  3 05 80 78 00 20 00 00 06 00 00 00 00 E1 00 00
T$05 s1 f  4 05 80 78 00 20 00 00 05 00 00 00 00 E1 00 00
T$05 s1 f  5 05 80 78 00 20 00 00 04 00 00 00 00 E1 00 00
T$05 s1 f  6 05 80 78 00 20 00 00 03 00 00 00 00 E1 00 00
T$05 s1 f  7 05 80 78 00 20 00 00 02 00 00 00 00 E1 00 00
T$05 s1 f  8 05 80 78 00 20 00 00 01 00 00 00 00 E1 00 00
T$05 s1 f  9 05 80 78 00 20 00 00 06 00 00 00 00 E1 00 00
T$05 s1 f 10 05 80 78 00 20 00 00 05 00 00 00 00 E1 00 00
T$05 s1 f 11 05 81 78 00 20 00 00 04 00 00 00 00 E1 00 00
T$05 s1 f 12 05 81 78 00 20 00 00 03 00 00 00 00 E1 00 00
T$05 s1 f 13 05 82 78 00 20 00 00 02 00 00 00 00 E1 00 00
T$05 s1 f 14 05 82 78 00 20 00 00 01 00 00 00 00 E1 00 00
T$05 s1 f 15 05 83 78 00 20 00 00 00 00 00 00 00 E1 00 00
T$05 s1 f 16 05 83 78 00 20 00 00 00 00 00 00 00 E1 00 00
T$05 s1 f 17 05 84 78 00 20 00 00 00 00 00 00 00 E1 00 00
T$05 s1 f 18 05 84 78 00 20 00 00 00 00 00 00 00 E1 00 00
T$05 s1 f 19 05 85 78 00 20 00 00 00 00 00 00 00 E1 00 00
T$05 s1 f 20 05 85 78 00 20 00 00 00 00 00 00 00 E1 00 00
T$05 s1 f 21 05 86 78 00 20 00 00 00 00 00 00 00 E1 00 00
T$05 s1 f 22 05 86 78 00 20 00 00 00 00 00 00 00 E1 00 00
T$05 s1 f 23 05 87 78 00 20 00 00 00 00 00 00 00 E1 00 00
T$05 s1 f 24 05 87 78 00 20 00 00 00 00 00 00 00 E1 00 00
T$05 s1 f 25 05 88 78 00 20 00 00 00 00 00 00 00 E1 00 00
T$05 s1 f 26 05 88 78 00 20 00 00 00 00 00 00 00 E1 00 00
T$05 s1 f 27 05 89 78 00 20 00 00 00 00 00 00 00 E1 00 00
T$05 s1 f 28 05 89 78 00 20 00 00 00 00 00 00 00 E1 00 00
T$05 s1 f 29 05 8A 78 00 20 00 00 00 00 00 00 00 E1 00 00
T$05 s1 f 30 05 8A 78 00 20 00 00 00 00 00 00 00 E1 00 00
T$05 s1 f 31 05 8B 78 00 20 80 00 10 00 00 00 00 E1 00 00
T$05 s1 f 32 05 8B 78 00 20 80 00 0F 00 00 00 00 E1 00 00
T$05 s1 f 33 05 8B 78 00 20 80 00 0E 00 00 00 00 E1 00 00
T$05 s1 f 34 05 8B 78 00 20 80 00 0D 00 00 00 00 E1 00 00
T$05 s1 f 35 05 8B 78 00 20 80 00 0C 00 00 00 00 E1 00 00
T$05 s1 f 36 05 8B 78 00 20 80 00 0B 00 00 00 00 E1 00 00
T$05 s1 f 37 05 8B 78 00 20 80 00 0A 00 00 00 00 E1 00 00
T$05 s1 f 38 05 8B 78 00 20 80 00 09 00 00 00 00 E1 00 00
T$05 s1 f 39 05 8B 78 00 20 80 00 08 00 00 00 00 E1 00 00
T$05 s1 f 40 05 8B 78 00 20 80 00 07 00 00 00 00 E1 00 00
T$05 s1 f 41 05 8B 78 00 20 80 00 06 00 00 00 00 E1 00 00
T$05 s1 f 42 05 8B 78 00 20 80 00 05 00 00 00 00 E1 00 00
T$05 s1 f 43 05 8B 78 00 20 80 00 04 00 00 00 00 E1 00 00
T$05 s1 f 44 05 8B 78 00 20 80 00 03 00 00 00 00 E1 00 00
T$05 s1 f 45 05 8B 78 00 20 80 00 02 00 00 00 00 E1 00 00
T$05 s1 f 46 05 8B 78 00 20 80 00 01 00 00 00 00 E1 00 00
T$05 s1 f 47 05 8B 78 00 20 80 00 00 00 00 00 00 E1 00 00
T$05 s1 f 48 05 8B 78 00 20 80 00 00 00 00 00 00 E1 00 00
T$05 s1 f 49 05 8B 78 00 20 80 00 00 00 00 00 00 E1 00 00
T$05 s1 f 50 05 8B 78 00 20 80 00 00 00 00 00 00 E1 00 00
T$05 s1 f 51 05 8B 78 00 20 80 00 00 00 00 00 00 E1 00 00
T$05 s1 f 52 05 8B 78 00 20 80 00 00 00 00 00 00 E1 00 00
T$05 s1 f 53 05 8B 78 00 20 80 00 00 00 00 00 00 E1 00 00
T$05 s1 f 54 05 8B 78 00 20 80 00 00 00 00 00 00 E1 00 00
T$05 s1 f 55 05 8B 78 00 20 80 00 00 00 00 00 00 E1 00 00
T$05 s1 f 56 05 8B 78 00 20 80 00 00 00 00 00 00 E1 00 00
T$05 s1 f 57 05 8B 78 00 20 80 00 00 00 00 00 00 E1 00 00
T$05 s1 f 58 05 8B 78 00 20 80 00 00 00 00 00 00 E1 00 00
T$05 s1 f 59 05 8B 78 00 20 80 00 00 00 00 00 00 E1 00 00
T$05 s1 f 60 05 8B 78 00 20 80 00 00 00 00 00 00 E1 00 00
T$05 s1 f 61 05 8B 78 00 20 80 00 00 00 00 00 00 E1 00 00
T$05 s1 f 62 05 8B 78 00 20 80 00 00 00 00 00 00 E1 00 00
T$05 s1 f 63 05 8B 78 00 20 80 00 00 00 00 00 00 E1 00 00
T$05 s1 f 64 05 8B 78 00 20 80 00 00 00 00 00 00 E1 00 00
T$05 s1 f 65 05 8B 78 00 20 80 00 00 00 00 00 00 E1 00 00
T$05 s1 f 66 05 8B 78 00 20 80 00 00 00 00 00 00 E1 00 00
T$05 s1 f 67 05 8B 78 00 20 80 00 00 00 00 00 00 E1 00 00
T$05 s1 f 68 05 8B 78 00 20 80 00 00 00 00 00 00 E1 00 00
T$05 s1 f 69 05 8B 78 00 20 80 00 00 00 00 00 00 E1 00 00
T$05 s1 f 70 05 8B 78 00 20 80 00 00 00 00 00 00 E1 00 00
T$05 s1 f 71 05 8B 78 00 20 80 00 00 00 00 00 00 E1 00 00
T$05 s1 f 72 05 8B 78 00 20 80 00 00 00 00 00 00 E1 00 00
T$05 s1 f 73 05 8B 78 00 20 80 00 00 00 00 00 00 E1 00 00
T$05 s1 f 74 05 8B 78 00 20 80 00 00 00 00 00 00 E1 00 00
T$05 s1 f 75 05 8B 78 00 20 80 00 00 00 00 00 00 E1 00 00
T$05 s1 f 76 05 8B 78 00 20 80 00 00 00 00 00 00 E1 00 00
T$05 s1 f 77 05 8B 78 00 20 80 00 00 00 00 00 00 E1 00 00
T$05 s1 f 78 05 8B 78 00 20 80 00 00 00 00 00 00 E1 00 00
T$05 s1 f 79 05 8B 78 00 20 80 00 00 00 00 00 00 E1 00 00
T$05 s1 f 80 05 8B 78 00 20 80 00 00 00 00 00 00 E1 00 00
T$05 s1 f 81 05 8B 78 00 20 80 00 00 00 00 00 00 E1 00 00
T$05 s1 f 82 05 8B 78 00 20 80 00 00 00 00 00 00 E1 00 00
T$05 s1 f 83 05 8B 78 00 20 80 00 00 00 00 00 00 E1 00 00
T$05 s1 f 84 05 8B 78 00 20 80 00 00 00 00 00 00 E1 00 00
T$05 s1 f 85 05 8B 78 00 20 80 00 00 00 00 00 00 E1 00 00
T$05 s1 f 86 05 8B 78 00 20 80 00 00 00 00 00 00 E1 00 00
T$05 s1 f 87 05 8B 78 00 20 80 00 00 00 00 00 00 E1 00 00
T$05 s1 f 88 05 8B 78 00 20 80 00 00 00 00 00 00 E1 00 00
T$05 s1 f 89 05 8B 78 00 20 80 00 00 00 00 00 00 E1 00 00
T$05 s1 f 90 05 8B 78 00 20 80 00 00 00 00 00 00 E1 00 00
T$05 s1 f 91 05 8B 78 00 20 80 00 00 00 00 00 00 E1 00 00
T$05 s1 f 92 05 8B 78 00 20 80 00 00 00 00 00 00 E1 00 00
T$05 s1 f 93 05 8B 78 00 20 80 00 00 00 00 00 00 E1 00 00
T$05 s1 f 94 05 8B 78 00 20 80 00 00 00 00 00 00 E1 00 00
T$05 s1 f 95 05 8B 78 00 20 80 00 00 00 00 00 00 E1 00 00
T$05 s1 f 96 05 8B 78 00 20 80 00 00 00 00 00 00 E1 00 00
T$05 s1 f 97 05 8B 78 00 20 80 00 00 00 00 00 00 E1 00 00
T$05 s1 f 98 05 8B 78 00 20 80 00 00 00 00 00 00 E1 00 00
T$05 s1 f 99 05 8B 78 00 20 80 00 00 00 00 00 00 E1 00 00
T$05 s1 f100 05 8B 78 00 20 80 00 00 00 00 00 00 E1 00 00
T$05 s1 f101 05 8B 78 00 20 80 00 00 00 00 00 00 E1 00 00
T$05 s1 f102 05 8B 78 00 20 80 00 00 00 00 00 00 E1 00 00
T$05 s1 f103 05 8B 78 00 20 80 00 00 00 00 00 00 E1 00 00
T$05 s1 f104 05 8B 78 00 20 80 00 00 00 00 00 00 E1 00 00
T$05 s1 f105 05 8B 78 00 20 80 00 00 00 00 00 00 E1 00 00
T$05 s1 f106 05 8B 78 00 20 80 00 00 00 00 00 00 E1 00 00
T$05 s1 f107 05 8B 78 00 20 80 00 00 00 00 00 00 E1 00 00
T$05 s1 f108 05 8B 78 00 20 80 00 00 00 00 00 00 E1 00 00
T$05 s1 f109 05 8B 78 00 20 80 00 00 00 00 00 00 E1 00 00
T$05 s1 f110 05 8B 78 00 20 80 00 00 00 00 00 00 E1 00 00
T$05 s1 f111 05 8B 78 00 20 80 00 00 00 00 00 00 E1 00 00
T$05 s1 f112 05 8B 78 00 20 80 00 00 00 00 00 00 E1 00 00
T$05 s1 f113 05 8B 78 00 20 80 00 00 00 00 00 00 E1 00 00
T$05 s1 f114 05 8B 78 00 20 80 00 00 00 00 00 00 E1 00 00
T$05 s1 f115 05 8B 78 00 20 80 00 00 00 00 00 00 E1 00 00
T$05 s1 f116 05 8B 78 00 20 80 00 00 00 00 00 00 E1 00 00
T$05 s1 f117 05 8B 78 00 20 80 00 00 00 00 00 00 E1 00 00
T$05 s1 f118 05 8B 78 00 20 80 00 00 00 00 00 00 E1 00 00
T$05 s1 f119 05 8B 78 00 20 80 00 00 00 00 00 00 E1 00 00
T$05 s1 f120 05 8B 78 00 20 80 00 00 00 00 00 00 E1 00 00
T$05 s1 f121 05 8B 78 00 20 80 00 00 00 00 00 00 E1 00 00
T$05 s1 f122 05 8B 78 00 20 80 00 00 00 00 00 00 E1 00 00
T$05 s1 f123 05 8B 78 00 20 80 00 00 00 00 00 00 E1 00 00
T$05 s1 f124 05 8B 78 00 20 80 00 00 00 00 00 00 E1 00 00
T$05 s1 f125 05 8B 78 00 20 80 00 00 00 00 00 00 E1 00 00
T$05 s1 f126 05 8B 78 00 20 80 00 00 00 00 00 00 E1 00 00
T$05 s1 f127 05 8B 78 00 20 80 00 00 00 00 00 00 E1 00 00
T$05 s1 f128 05 8B 78 00 20 80 00 00 00 00 00 00 E1 00 00
T$05 s1 f129 05 8B 78 00 20 80 00 00 00 00 00 00 E1 00 00
T$05 s1 f130 05 8B 78 00 20 80 00 00 00 00 00 00 E1 00 00
T$05 s1 f131 05 8B 78 00 20 80 00 00 00 00 00 00 E1 00 00
T$05 s1 f132 05 8B 78 00 20 80 00 00 00 00 00 00 E1 00 00
T$05 s1 f133 05 8B 78 00 20 80 00 00 00 00 00 00 E1 00 00
T$05 s1 f134 05 8B 78 00 20 80 00 00 00 00 00 00 E1 00 00
T$05 s1 f135 05 8B 78 00 20 80 00 00 00 00 00 00 E1 00 00
T$05 s1 f136 05 8B 78 00 20 80 00 00 00 00 00 00 E1 00 00
T$05 s1 f137 05 8B 78 00 20 80 00 00 00 00 00 00 E1 00 00
T$05 s1 f138 05 8B 78 00 20 80 00 00 00 00 00 00 E1 00 00
T$05 s1 f139 05 8B 78 00 20 80 00 00 00 00 00 00 E1 00 00
T$05 s1 f140 05 8B 78 00 20 80 00 00 00 00 00 00 E1 00 00
T$05 s1 f141 05 8B 78 00 20 80 00 00 00 00 00 00 E1 00 00
T$05 s1 f142 05 8B 78 00 20 80 00 00 00 00 00 00 E1 00 00
T$05 s1 f143 05 8B 78 00 20 80 00 00 00 00 00 00 E1 00 00
T$05 s1 f144 05 8B 78 00 20 80 00 00 00 00 00 00 E1 00 00
T$05 s1 f145 05 8B 78 00 20 80 00 00 00 00 00 00 E1 00 00
T$05 s1 f146 05 8B 78 00 20 80 00 00 00 00 00 00 E1 00 00
T$05 s1 f147 05 8B 78 00 20 80 00 00 00 00 00 00 E1 00 00
T$05 s1 f148 05 8B 78 00 20 80 00 00 00 00 00 00 E1 00 00
T$05 s1 f149 05 8B 78 00 20 80 00 00 00 00 00 00 E1 00 00
T$05 s1 f150 05 8B 78 00 20 80 00 00 00 00 00 00 E1 00 00
T$05 s1 f151 05 8B 78 00 20 80 00 00 00 00 00 00 E1 00 00
T$05 s1 f152 05 8B 78 00 20 80 00 00 00 00 00 00 E1 00 00
T$05 s1 f153 05 8B 78 00 20 80 00 00 00 00 00 00 E1 00 00
T$05 s1 f154 05 8B 78 00 20 80 00 00 00 00 00 00 E1 00 00
T$05 s1 f155 05 8B 78 00 20 80 00 00 00 00 00 00 E1 00 00
T$05 s1 f156 05 8B 78 00 20 80 00 00 00 00 00 00 E1 00 00
T$05 s1 f157 05 8B 78 00 20 80 00 00 00 00 00 00 E1 00 00
T$05 s1 f158 05 8B 78 00 20 80 00 00 00 00 00 00 E1 00 00
T$05 s1 f159 05 8B 78 00 20 80 00 00 00 00 00 00 E1 00 00
T$05 s1 f160 05 8B 78 00 20 80 00 00 00 00 00 00 E1 00 00
T$05 s1 f161 05 8B 78 00 20 80 00 00 00 00 00 00 E1 00 00
T$05 s1 f162 05 8B 78 00 20 80 00 00 00 00 00 00 E1 00 00
T$05 s1 f163 05 8B 78 00 20 80 00 00 00 00 00 00 E1 00 00
T$05 s1 f164 05 8B 78 00 20 80 00 00 00 00 00 00 E1 00 00
T$05 s1 f165 05 8B 78 00 20 80 00 00 00 00 00 00 E1 00 00
T$05 s1 f166 05 8B 78 00 20 80 00 00 00 00 00 00 E1 00 00
T$05 s1 f167 05 8B 78 00 20 80 00 00 00 00 00 00 E1 00 00
T$05 s1 f168 05 8B 78 00 20 80 00 00 00 00 00 00 E1 00 00
T$05 s1 f169 05 8B 78 00 20 80 00 00 00 00 00 00 E1 00 00
T$05 s1 f170 05 8B 78 00 20 80 00 00 00 00 00 00 E1 00 00
T$05 s1 f171 05 8B 78 00 20 80 00 00 00 00 00 00 E1 00 00
T$05 s1 f172 05 8B 78 00 20 80 00 00 00 00 00 00 E1 00 00
T$05 s1 f173 05 8B 78 00 20 80 00 00 00 00 00 00 E1 00 00
T$05 s1 f174 05 8B 78 00 20 80 00 00 00 00 00 00 E1 00 00
T$05 s1 f175 05 8B 78 00 20 80 00 00 00 00 00 00 E1 00 00
T$05 s1 f176 05 8B 78 00 20 80 00 00 00 00 00 00 E1 00 00
T$05 s1 f177 05 8B 78 00 20 80 00 00 00 00 00 00 E1 00 00
T$05 s1 f178 05 8B 78 00 20 80 00 00 00 00 00 00 E1 00 00
T$05 s1 f179 05 8B 78 00 20 80 00 00 00 00 00 00 E1 00 00
T$05 s1 f180 05 8B 78 00 20 80 00 00 00 00 00 00 E1 00 00
T$05 s1 f181 05 8B 78 00 20 80 00 00 00 00 00 00 E1 00 00
T$05 s1 f182 05 8B 78 00 20 80 00 00 00 00 00 00 E1 00 00
T$05 s1 f183 05 8B 78 00 20 80 00 00 00 00 00 00 E1 00 00
T$05 s1 f184 05 8B 78 00 20 80 00 00 00 00 00 00 E1 00 00
T$05 s1 f185 05 8B 78 00 20 80 00 00 00 00 00 00 E1 00 00
T$05 s1 f186 05 8B 78 00 20 80 00 00 00 00 00 00 E1 00 00
T$05 s1 f187 05 8B 78 00 20 80 00 00 00 00 00 00 E1 00 00
T$05 s1 f188 05 8B 78 00 20 80 00 00 00 00 00 00 E1 00 00
T$05 s1 f189 05 8B 78 00 20 80 00 00 00 00 00 00 E1 00 00
T$05 s1 f190 05 8B 78 00 20 80 00 00 00 00 00 00 E1 00 00
T$05 s1 f191 05 8B 78 00 20 80 00 00 00 00 00 00 E1 00 00
T$05 s1 f192 05 8B 78 00 20 80 00 00 00 00 00 00 E1 00 00
T$05 s1 f193 05 8B 78 00 20 80 00 00 00 00 00 00 E1 00 00
T$05 s1 f194 05 8B 78 00 20 80 00 00 00 00 00 00 E1 00 00
T$05 s1 f195 05 8B 78 00 20 80 00 00 00 00 00 00 E1 00 00
T$05 s1 f196 05 8B 78 00 20 80 00 00 00 00 00 00 E1 00 00
T$05 s1 f197 05 8B 78 00 20 80 00 00 00 00 00 00 E1 00 00
T$05 s1 f198 05 8B 78 00 20 80 00 00 00 00 00 00 E1 00 00
T$05 s1 f199 05 8B 78 00 20 80 00 00 00 00 00 00 E1 00 00
T$05 s1 f200 05 8B 78 00 20 80 00 00 00 00 00 00 E1 00 00
T$05 s1 f201 05 8B 78 00 20 80 00 00 00 00 00 00 E1 00 00
T$05 s1 f202 05 8B 78 00 20 80 00 00 00 00 00 00 E1 00 00
T$05 s1 f203 05 8B 78 00 20 80 00 00 00 00 00 00 E1 00 00
T$05 s1 f204 05 8B 78 00 20 80 00 00 00 00 00 00 E1 00 00
T$05 s1 f205 05 8B 78 00 20 80 00 00 00 00 00 00 E1 00 00
T$05 s1 f206 05 8B 78 00 20 80 00 00 00 00 00 00 E1 00 00
T$05 s1 f207 05 8B 78 00 20 80 00 00 00 00 00 00 E1 00 00
T$05 s1 f208 05 8B 78 00 20 80 00 00 00 00 00 00 E1 00 00
T$05 s1 f209 05 8B 78 00 20 80 00 00 00 00 00 00 E1 00 00
T$05 s1 f210 05 8B 78 00 20 80 00 00 00 00 00 00 E1 00 00
T$05 s1 f211 05 8B 78 00 20 80 00 00 00 00 00 00 E1 00 00
T$05 s1 f212 05 8B 78 00 20 80 00 00 00 00 00 00 E1 00 00
T$05 s1 f213 05 8B 78 00 20 80 00 00 00 00 00 00 E1 00 00
T$05 s1 f214 05 8B 78 00 20 80 00 00 00 00 00 00 E1 00 00
T$05 s1 f215 05 8B 78 00 20 80 00 00 00 00 00 00 E1 00 00
T$05 s1 f216 05 8B 78 00 20 80 00 00 00 00 00 00 E1 00 00
T$05 s1 f217 05 8B 78 00 20 80 00 00 00 00 00 00 E1 00 00
T$05 s1 f218 05 8B 78 00 20 80 00 00 00 00 00 00 E1 00 00
T$05 s1 f219 05 8B 78 00 20 80 00 00 00 00 00 00 E1 00 00
T$05 s1 f220 05 8B 78 00 20 80 00 00 00 00 00 00 E1 00 00
T$05 s1 f221 05 8B 78 00 20 80 00 00 00 00 00 00 E1 00 00
T$05 s1 f222 05 8B 78 00 20 80 00 00 00 00 00 00 E1 00 00
T$05 s1 f223 05 8B 78 00 20 80 00 00 00 00 00 00 E1 00 00
T$05 s1 f224 05 8B 78 00 20 80 00 00 00 00 00 00 E1 00 00
T$05 s1 f225 05 8B 78 00 20 80 00 00 00 00 00 00 E1 00 00
T$05 s1 f226 05 8B 78 00 20 80 00 00 00 00 00 00 E1 00 00
T$05 s1 f227 05 8B 78 00 20 80 00 00 00 00 00 00 E1 00 00
T$05 s1 f228 05 8B 78 00 20 80 00 00 00 00 00 00 E1 00 00
T$05 s1 f229 05 8B 78 00 20 80 00 00 00 00 00 00 E1 00 00
T$05 s1 f230 05 8B 78 00 20 80 00 00 00 00 00 00 E1 00 00
T$05 s1 f231 05 8B 78 00 20 80 00 00 00 00 00 00 E1 00 00
T$05 s1 f232 05 8B 78 00 20 80 00 00 00 00 00 00 E1 00 00
T$05 s1 f233 05 8B 78 00 20 80 00 00 00 00 00 00 E1 00 00
T$05 s1 f234 05 8B 78 00 20 80 00 00 00 00 00 00 E1 00 00
T$05 s1 f235 05 8B 78 00 20 80 00 00 00 00 00 00 E1 00 00
T$05 s1 f236 05 8B 78 00 20 80 00 00 00 00 00 00 E1 00 00
T$05 s1 f237 05 8B 78 00 20 80 00 00 00 00 00 00 E1 00 00
T$05 s1 f238 05 8B 78 00 20 80 00 00 00 00 00 00 E1 00 00
T$05 s1 f239 05 8B 78 00 20 80 00 00 00 00 00 00 E1 00 00
T$06 s1 f  0 06 80 78 00 20 00 00 03 00 00 00 00 E1 00 00
T$06 s1 f  1 06 80 78 00 20 00 00 02 00 00 00 00 E1 00 00
T$06 s1 f  2 06 80 78 00 20 00 00 01 00 00 00 00 E1 00 00
T$06 s1 f  3 06 80 78 00 20 00 00 06 00 00 00 00 E1 00 00
T$06 s1 f  4 06 80 78 00 20 00 00 05 00 00 00 00 E1 00 00
T$06 s1 f  5 06 80 78 00 20 00 00 04 00 00 00 00 E1 00 00
T$06 s1 f  6 06 80 78 00 20 00 00 03 00 00 00 00 E1 00 00
T$06 s1 f  7 06 80 78 00 20 00 00 02 00 00 00 00 E1 00 00
T$06 s1 f  8 06 80 78 00 20 00 00 01 00 00 00 00 E1 00 00
T$06 s1 f  9 06 80 78 00 20 00 00 06 00 00 00 00 E1 00 00
T$06 s1 f 10 06 80 78 00 20 00 00 05 00 01 00 00 E1 00 00
T$06 s1 f 11 06 80 78 00 20 00 00 04 00 01 00 00 E1 00 00
T$06 s1 f 12 06 80 77 00 20 00 00 03 00 01 00 00 E1 00 00
T$06 s1 f 13 06 80 77 00 20 00 00 02 00 01 00 00 E1 00 00
T$06 s1 f 14 06 80 76 00 20 00 00 01 00 01 00 00 E1 00 00
T$06 s1 f 15 06 80 76 00 20 00 00 00 00 01 00 00 E1 00 00
T$06 s1 f 16 06 80 75 00 20 00 00 00 00 01 00 00 E1 00 00
T$06 s1 f 17 06 80 75 00 20 00 00 00 00 01 00 00 E1 00 00
T$06 s1 f 18 06 80 74 00 20 00 00 00 00 01 00 00 E1 00 00
T$06 s1 f 19 06 80 74 00 20 00 00 00 00 01 00 00 E1 00 00
T$06 s1 f 20 06 80 73 00 20 00 00 00 00 01 00 00 E1 00 00
T$06 s1 f 21 06 80 73 00 20 00 00 00 00 01 00 00 E1 00 00
T$06 s1 f 22 06 80 72 00 20 00 00 00 00 01 00 00 E1 00 00
T$06 s1 f 23 06 80 72 00 20 00 00 00 00 01 00 00 E1 00 00
T$06 s1 f 24 06 80 71 00 20 00 00 00 00 01 00 00 E1 00 00
T$06 s1 f 25 06 80 71 00 20 00 00 00 00 01 00 00 E1 00 00
T$06 s1 f 26 06 80 70 00 20 00 00 00 00 01 00 00 E1 00 00
T$06 s1 f 27 06 80 70 00 20 00 00 00 00 01 00 00 E1 00 00
T$06 s1 f 28 06 80 6F 00 20 00 00 00 00 01 00 00 E1 00 00
T$06 s1 f 29 06 80 6F 00 20 00 00 00 00 01 00 00 E1 00 00
T$06 s1 f 30 06 80 6E 00 20 00 00 00 00 01 00 00 E1 00 00
T$06 s1 f 31 06 80 6E 00 20 00 00 00 00 01 00 00 E1 00 00
T$06 s1 f 32 06 80 6D 00 20 00 00 00 00 01 00 00 E1 00 00
T$06 s1 f 33 06 80 6D 00 20 00 00 00 00 01 00 00 E1 00 00
T$06 s1 f 34 06 80 6C 00 20 00 00 00 00 01 00 00 E1 00 00
T$06 s1 f 35 06 80 6C 00 20 00 00 00 00 01 00 00 E1 00 00
T$06 s1 f 36 06 80 6B 00 20 00 00 00 00 01 00 00 E1 00 00
T$06 s1 f 37 06 80 6B 00 20 00 00 00 00 01 00 00 E1 00 00
T$06 s1 f 38 06 80 6A 00 20 00 00 00 00 01 00 00 E1 00 00
T$06 s1 f 39 06 80 6A 00 20 00 00 00 00 01 00 00 E1 00 00
T$06 s1 f 40 06 80 69 00 20 00 00 00 00 01 00 00 E1 00 00
T$06 s1 f 41 06 80 69 00 20 00 00 00 00 01 00 00 E1 00 00
T$06 s1 f 42 06 80 68 00 20 00 00 00 00 01 00 00 E1 00 00
T$06 s1 f 43 06 80 68 00 20 00 00 00 00 01 00 00 E1 00 00
T$06 s1 f 44 06 80 67 00 20 00 00 00 00 01 00 00 E1 00 00
T$06 s1 f 45 06 80 67 00 20 00 00 00 00 01 00 00 E1 00 00
T$06 s1 f 46 06 80 66 00 20 00 00 00 00 01 00 00 E1 00 00
T$06 s1 f 47 06 80 66 00 20 00 00 00 00 01 00 00 E1 00 00
T$06 s1 f 48 06 80 65 00 20 00 00 00 00 01 00 00 E1 00 00
T$06 s1 f 49 06 80 65 00 20 00 00 00 00 01 00 00 E1 00 00
T$06 s1 f 50 06 80 64 00 20 00 00 00 00 01 00 00 E1 00 00
T$06 s1 f 51 06 80 64 00 20 00 00 00 00 01 00 00 E1 00 00
T$06 s1 f 52 06 80 63 00 20 00 00 00 00 01 00 00 E1 00 00
T$06 s1 f 53 06 80 63 00 20 00 00 00 00 01 00 00 E1 00 00
T$06 s1 f 54 06 80 62 00 20 00 00 00 00 01 00 00 E1 00 00
T$06 s1 f 55 06 80 62 00 20 00 00 00 00 01 00 00 E1 00 00
T$06 s1 f 56 06 80 61 00 20 00 00 00 00 01 00 00 E1 00 00
T$06 s1 f 57 06 80 61 00 20 00 00 00 00 01 00 00 E1 00 00
T$06 s1 f 58 06 80 60 00 20 00 00 00 00 01 00 00 E1 00 00
T$06 s1 f 59 06 80 60 00 20 00 00 00 00 01 00 00 E1 00 00
T$06 s1 f 60 06 80 5F 00 20 00 00 00 00 01 00 00 E1 00 00
T$06 s1 f 61 06 80 5F 00 20 00 00 00 00 01 00 00 E1 00 00
T$06 s1 f 62 06 80 5E 00 20 00 00 00 00 01 00 00 E1 00 00
T$06 s1 f 63 06 80 5E 00 20 00 00 00 00 01 00 00 E1 00 00
T$06 s1 f 64 06 80 5D 00 20 00 00 00 00 01 00 00 E1 00 00
T$06 s1 f 65 06 80 5D 00 20 00 00 00 00 01 00 00 E1 00 00
T$06 s1 f 66 06 80 5C 00 20 00 00 00 00 01 00 00 E1 00 00
T$06 s1 f 67 06 80 5C 00 20 00 00 00 00 01 00 00 E1 00 00
T$06 s1 f 68 06 80 5B 00 20 00 00 00 00 01 00 00 E1 00 00
T$06 s1 f 69 06 80 5B 00 20 00 00 00 00 01 00 00 E1 00 00
T$06 s1 f 70 06 80 5A 00 20 00 00 00 00 01 00 00 E1 00 00
T$06 s1 f 71 06 80 5A 00 20 00 00 00 00 01 00 00 E1 00 00
T$06 s1 f 72 06 80 59 00 20 00 00 00 00 01 00 00 E1 00 00
T$06 s1 f 73 06 80 59 00 20 00 00 00 00 01 00 00 E1 00 00
T$06 s1 f 74 06 80 58 00 20 00 00 00 00 01 00 00 E1 00 00
T$06 s1 f 75 06 80 58 00 20 00 00 00 00 00 00 00 E1 00 00
T$06 s1 f 76 06 80 57 00 20 00 00 00 00 00 00 00 E1 00 00
T$06 s1 f 77 06 80 57 00 20 00 00 00 00 00 00 00 E1 00 00
T$06 s1 f 78 06 80 56 00 20 00 00 00 00 00 00 00 E1 00 00
T$06 s1 f 79 06 80 56 00 20 00 00 00 00 00 00 00 E1 00 00
T$06 s1 f 80 06 80 55 00 20 00 00 00 00 00 00 00 E1 00 00
T$06 s1 f 81 06 80 55 00 20 00 00 00 00 00 00 00 E1 00 00
T$06 s1 f 82 06 80 54 00 20 00 00 00 00 00 00 00 E1 00 00
T$06 s1 f 83 06 80 54 00 20 00 00 00 00 00 00 00 E1 00 00
T$06 s1 f 84 06 80 53 00 20 00 00 00 00 00 00 00 E1 00 00
T$06 s1 f 85 06 80 53 00 20 00 00 00 00 00 00 00 E1 00 00
T$06 s1 f 86 06 80 52 00 20 00 00 00 00 00 00 00 E1 00 00
T$06 s1 f 87 06 80 52 00 20 00 00 00 00 00 00 00 E1 00 00
T$06 s1 f 88 06 80 51 00 20 00 00 00 00 00 00 00 E1 00 00
T$06 s1 f 89 06 80 51 00 20 00 00 00 00 00 00 00 E1 00 00
T$06 s1 f 90 06 80 50 00 20 00 00 00 00 00 00 00 E1 00 00
T$06 s1 f 91 06 80 50 00 20 00 00 00 00 00 00 00 E1 00 00
T$06 s1 f 92 06 80 4F 00 20 00 00 00 00 00 00 00 E1 00 00
T$06 s1 f 93 06 80 4F 00 20 00 00 00 00 00 00 00 E1 00 00
T$06 s1 f 94 06 80 4E 00 20 00 00 00 00 00 00 00 E1 00 00
T$06 s1 f 95 06 80 4E 00 20 00 00 00 00 00 00 00 E1 00 00
T$06 s1 f 96 06 80 4D 00 20 00 00 00 00 00 00 00 E1 00 00
T$06 s1 f 97 06 80 4D 00 20 00 00 00 00 00 00 00 E1 00 00
T$06 s1 f 98 06 80 4D 00 20 00 00 00 00 00 00 00 E1 00 00
T$06 s1 f 99 06 80 4D 00 20 00 00 00 00 00 00 00 E1 00 00
T$06 s1 f100 06 80 4D 00 20 00 00 00 00 00 00 00 E1 00 00
T$06 s1 f101 06 80 4D 00 20 00 00 00 00 00 00 00 E1 00 00
T$06 s1 f102 06 80 4D 00 20 00 00 00 00 00 00 00 E1 00 00
T$06 s1 f103 06 80 4D 00 20 00 00 00 00 00 00 00 E1 00 00
T$06 s1 f104 06 80 4D 00 20 00 00 00 00 00 00 00 E1 00 00
T$06 s1 f105 06 80 4D 00 20 00 00 00 00 00 00 00 E1 00 00
T$06 s1 f106 06 80 4D 00 20 00 00 00 00 00 00 00 E1 00 00
T$06 s1 f107 06 80 4D 00 20 00 00 00 00 00 00 00 E1 00 00
T$06 s1 f108 06 80 4D 00 20 00 00 00 00 00 00 00 E1 00 00
T$06 s1 f109 06 80 4D 00 20 00 00 00 00 00 00 00 E1 00 00
T$06 s1 f110 06 80 4D 00 20 00 00 00 00 00 00 00 E1 00 00
T$06 s1 f111 06 80 4D 00 20 00 00 00 00 00 00 00 E1 00 00
T$06 s1 f112 06 80 4D 00 20 00 00 00 00 00 00 00 E1 00 00
T$06 s1 f113 06 80 4D 00 20 00 00 00 00 00 00 00 E1 00 00
T$06 s1 f114 06 80 4D 00 20 00 00 00 00 00 00 00 E1 00 00
T$06 s1 f115 06 80 4D 00 20 00 00 00 00 00 00 00 E1 00 00
T$06 s1 f116 06 80 4D 00 20 00 00 00 00 00 00 00 E1 00 00
T$06 s1 f117 06 80 4D 00 20 00 00 00 00 00 00 00 E1 00 00
T$06 s1 f118 06 80 4D 00 20 00 00 00 00 00 00 00 E1 00 00
T$06 s1 f119 06 80 4D 00 20 00 00 00 00 00 00 00 E1 00 00
T$06 s1 f120 06 80 4D 00 20 00 00 00 00 00 00 00 E1 00 00
T$06 s1 f121 06 80 4D 00 20 00 00 00 00 00 00 00 E1 00 00
T$06 s1 f122 06 80 4D 00 20 00 00 00 00 00 00 00 E1 00 00
T$06 s1 f123 06 80 4D 00 20 00 00 00 00 00 00 00 E1 00 00
T$06 s1 f124 06 80 4D 00 20 00 00 00 00 00 00 00 E1 00 00
T$06 s1 f125 06 80 4D 00 20 00 00 00 00 00 00 00 E1 00 00
T$06 s1 f126 06 80 4D 00 20 00 00 00 00 00 00 00 E1 00 00
T$06 s1 f127 06 80 4D 00 20 00 00 00 00 00 00 00 E1 00 00
T$06 s1 f128 06 80 4D 00 20 00 00 00 00 00 00 00 E1 00 00
T$06 s1 f129 06 80 4D 00 20 00 00 00 00 00 00 00 E1 00 00
T$06 s1 f130 06 80 4D 00 20 00 00 00 00 00 00 00 E1 00 00
T$06 s1 f131 06 80 4D 00 20 00 00 00 00 00 00 00 E1 00 00
T$06 s1 f132 06 80 4D 00 20 00 00 00 00 00 00 00 E1 00 00
T$06 s1 f133 06 80 4D 00 20 00 00 00 00 00 00 00 E1 00 00
T$06 s1 f134 06 80 4D 00 20 00 00 00 00 00 00 00 E1 00 00
T$06 s1 f135 06 80 4D 00 20 00 00 00 00 00 00 00 E1 00 00
T$06 s1 f136 06 80 4D 00 20 00 00 00 00 00 00 00 E1 00 00
T$06 s1 f137 06 80 4D 00 20 00 00 00 00 00 00 00 E1 00 00
T$06 s1 f138 06 80 4D 00 20 00 00 00 00 00 00 00 E1 00 00
T$06 s1 f139 06 80 4D 00 20 00 00 00 00 00 00 00 E1 00 00
T$06 s1 f140 06 80 4D 00 20 00 00 00 00 00 00 00 E1 00 00
T$06 s1 f141 06 80 4D 00 20 00 00 00 00 00 00 00 E1 00 00
T$06 s1 f142 06 80 4D 00 20 00 00 00 00 00 00 00 E1 00 00
T$06 s1 f143 06 80 4D 00 20 00 00 00 00 00 00 00 E1 00 00
T$06 s1 f144 06 80 4D 00 20 00 00 00 00 00 00 00 E1 00 00
T$06 s1 f145 06 80 4D 00 20 00 00 00 00 00 00 00 E1 00 00
T$06 s1 f146 06 80 4D 00 20 00 00 00 00 00 00 00 E1 00 00
T$06 s1 f147 06 80 4D 00 20 00 00 00 00 00 00 00 E1 00 00
T$06 s1 f148 06 80 4D 00 20 00 00 00 00 00 00 00 E1 00 00
T$06 s1 f149 06 80 4D 00 20 00 00 00 00 00 00 00 E1 00 00
T$06 s1 f150 06 80 4D 00 20 00 00 00 00 00 00 00 E1 00 00
T$06 s1 f151 06 80 4D 00 20 00 00 00 00 00 00 00 E1 00 00
T$06 s1 f152 06 80 4D 00 20 00 00 00 00 00 00 00 E1 00 00
T$06 s1 f153 06 80 4D 00 20 00 00 00 00 00 00 00 E1 00 00
T$06 s1 f154 06 80 4D 00 20 00 00 00 00 00 00 00 E1 00 00
T$06 s1 f155 06 80 4D 00 20 00 00 00 00 00 00 00 E1 00 00
T$06 s1 f156 06 80 4D 00 20 00 00 00 00 00 00 00 E1 00 00
T$06 s1 f157 06 80 4D 00 20 00 00 00 00 00 00 00 E1 00 00
T$06 s1 f158 06 80 4D 00 20 00 00 00 00 00 00 00 E1 00 00
T$06 s1 f159 06 80 4D 00 20 00 00 00 00 00 00 00 E1 00 00
T$06 s1 f160 06 80 4D 00 20 00 00 00 00 00 00 00 E1 00 00
T$06 s1 f161 06 80 4D 00 20 00 00 00 00 00 00 00 E1 00 00
T$06 s1 f162 06 80 4D 00 20 00 00 00 00 00 00 00 E1 00 00
T$06 s1 f163 06 80 4D 00 20 00 00 00 00 00 00 00 E1 00 00
T$06 s1 f164 06 80 4D 00 20 00 00 00 00 00 00 00 E1 00 00
T$06 s1 f165 06 80 4D 00 20 00 00 00 00 00 00 00 E1 00 00
T$06 s1 f166 06 80 4D 00 20 00 00 00 00 00 00 00 E1 00 00
T$06 s1 f167 06 80 4D 00 20 00 00 00 00 00 00 00 E1 00 00
T$06 s1 f168 06 80 4D 00 20 00 00 00 00 00 00 00 E1 00 00
T$06 s1 f169 06 80 4D 00 20 00 00 00 00 00 00 00 E1 00 00
T$06 s1 f170 06 80 4D 00 20 00 00 00 00 00 00 00 E1 00 00
T$06 s1 f171 06 80 4D 00 20 00 00 00 00 00 00 00 E1 00 00
T$06 s1 f172 06 80 4D 00 20 00 00 00 00 00 00 00 E1 00 00
T$06 s1 f173 06 80 4D 00 20 00 00 00 00 00 00 00 E1 00 00
T$06 s1 f174 06 80 4D 00 20 00 00 00 00 00 00 00 E1 00 00
T$06 s1 f175 06 80 4D 00 20 00 00 00 00 00 00 00 E1 00 00
T$06 s1 f176 06 80 4D 00 20 00 00 00 00 00 00 00 E1 00 00
T$06 s1 f177 06 80 4D 00 20 00 00 00 00 00 00 00 E1 00 00
T$06 s1 f178 06 80 4D 00 20 00 00 00 00 00 00 00 E1 00 00
T$06 s1 f179 06 80 4D 00 20 00 00 00 00 00 00 00 E1 00 00
T$06 s1 f180 06 80 4D 00 20 00 00 00 00 00 00 00 E1 00 00
T$06 s1 f181 06 80 4D 00 20 00 00 00 00 00 00 00 E1 00 00
T$06 s1 f182 06 80 4D 00 20 00 00 00 00 00 00 00 E1 00 00
T$06 s1 f183 06 80 4D 00 20 00 00 00 00 00 00 00 E1 00 00
T$06 s1 f184 06 80 4D 00 20 00 00 00 00 00 00 00 E1 00 00
T$06 s1 f185 06 80 4D 00 20 00 00 00 00 00 00 00 E1 00 00
T$06 s1 f186 06 80 4D 00 20 00 00 00 00 00 00 00 E1 00 00
T$06 s1 f187 06 80 4D 00 20 00 00 00 00 00 00 00 E1 00 00
T$06 s1 f188 06 80 4D 00 20 00 00 00 00 00 00 00 E1 00 00
T$06 s1 f189 06 80 4D 00 20 00 00 00 00 00 00 00 E1 00 00
T$06 s1 f190 06 80 4D 00 20 00 00 00 00 00 00 00 E1 00 00
T$06 s1 f191 06 80 4D 00 20 00 00 00 00 00 00 00 E1 00 00
T$06 s1 f192 06 80 4D 00 20 00 00 00 00 00 00 00 E1 00 00
T$06 s1 f193 06 80 4D 00 20 00 00 00 00 00 00 00 E1 00 00
T$06 s1 f194 06 80 4D 00 20 00 00 00 00 00 00 00 E1 00 00
T$06 s1 f195 06 80 4D 00 20 00 00 00 00 00 00 00 E1 00 00
T$06 s1 f196 06 80 4D 00 20 00 00 00 00 00 00 00 E1 00 00
T$06 s1 f197 06 80 4D 00 20 00 00 00 00 00 00 00 E1 00 00
T$06 s1 f198 06 80 4D 00 20 00 00 00 00 00 00 00 E1 00 00
T$06 s1 f199 06 80 4D 00 20 00 00 00 00 00 00 00 E1 00 00
T$06 s1 f200 06 80 4D 00 20 00 00 00 00 00 00 00 E1 00 00
T$06 s1 f201 06 80 4D 00 20 00 00 00 00 00 00 00 E1 00 00
T$06 s1 f202 06 80 4D 00 20 00 00 00 00 00 00 00 E1 00 00
T$06 s1 f203 06 80 4D 00 20 00 00 00 00 00 00 00 E1 00 00
T$06 s1 f204 06 80 4D 00 20 00 00 00 00 00 00 00 E1 00 00
T$06 s1 f205 06 80 4D 00 20 00 00 00 00 00 00 00 E1 00 00
T$06 s1 f206 06 80 4D 00 20 00 00 00 00 00 00 00 E1 00 00
T$06 s1 f207 06 80 4D 00 20 00 00 00 00 00 00 00 E1 00 00
T$06 s1 f208 06 80 4D 00 20 00 00 00 00 00 00 00 E1 00 00
T$06 s1 f209 06 80 4D 00 20 00 00 00 00 00 00 00 E1 00 00
T$06 s1 f210 06 80 4D 00 20 00 00 00 00 00 00 00 E1 00 00
T$06 s1 f211 06 80 4D 00 20 00 00 00 00 00 00 00 E1 00 00
T$06 s1 f212 06 80 4D 00 20 00 00 00 00 00 00 00 E1 00 00
T$06 s1 f213 06 80 4D 00 20 00 00 00 00 00 00 00 E1 00 00
T$06 s1 f214 06 80 4D 00 20 00 00 00 00 00 00 00 E1 00 00
T$06 s1 f215 06 80 4D 00 20 00 00 00 00 00 00 00 E1 00 00
T$06 s1 f216 06 80 4D 00 20 00 00 00 00 00 00 00 E1 00 00
T$06 s1 f217 06 80 4D 00 20 00 00 00 00 00 00 00 E1 00 00
T$06 s1 f218 06 80 4D 00 20 00 00 00 00 00 00 00 E1 00 00
T$06 s1 f219 06 80 4D 00 20 00 00 00 00 00 00 00 E1 00 00
T$06 s1 f220 06 80 4D 00 20 00 00 00 00 00 00 00 E1 00 00
T$06 s1 f221 06 80 4D 00 20 00 00 00 00 00 00 00 E1 00 00
T$06 s1 f222 06 80 4D 00 20 00 00 00 00 00 00 00 E1 00 00
T$06 s1 f223 06 80 4D 00 20 00 00 00 00 00 00 00 E1 00 00
T$06 s1 f224 06 80 4D 00 20 00 00 00 00 00 00 00 E1 00 00
T$06 s1 f225 06 80 4D 00 20 00 00 00 00 00 00 00 E1 00 00
T$06 s1 f226 06 80 4D 00 20 00 00 00 00 00 00 00 E1 00 00
T$06 s1 f227 06 80 4D 00 20 00 00 00 00 00 00 00 E1 00 00
T$06 s1 f228 06 80 4D 00 20 00 00 00 00 00 00 00 E1 00 00
T$06 s1 f229 06 80 4D 00 20 00 00 00 00 00 00 00 E1 00 00
T$06 s1 f230 06 80 4D 00 20 00 00 00 00 00 00 00 E1 00 00
T$06 s1 f231 06 80 4D 00 20 00 00 00 00 00 00 00 E1 00 00
T$06 s1 f232 06 80 4D 00 20 00 00 00 00 00 00 00 E1 00 00
T$06 s1 f233 06 80 4D 00 20 00 00 00 00 00 00 00 E1 00 00
T$06 s1 f234 06 80 4D 00 20 00 00 00 00 00 00 00 E1 00 00
T$06 s1 f235 06 80 4D 00 20 00 00 00 00 00 00 00 E1 00 00
T$06 s1 f236 06 80 4D 00 20 00 00 00 00 00 00 00 E1 00 00
T$06 s1 f237 06 80 4D 00 20 00 00 00 00 00 00 00 E1 00 00
T$06 s1 f238 06 80 4D 00 20 00 00 00 00 00 00 00 E1 00 00
T$06 s1 f239 06 80 4D 00 20 00 00 00 00 00 00 00 E1 00 00
T$0B s1 f  0 0B 80 78 00 20 00 00 03 00 00 00 00 E1 00 F6
T$0B s1 f  1 0B 80 78 00 20 00 00 02 00 00 00 00 E1 00 F6
T$0B s1 f  2 0B 80 78 00 20 00 00 01 00 00 00 00 E1 00 F6
T$0B s1 f  3 0B 80 78 00 20 00 00 06 00 00 00 00 E1 00 F6
T$0B s1 f  4 0B 80 78 00 20 00 00 05 00 00 00 00 E1 00 F6
T$0B s1 f  5 0B 80 78 00 20 00 00 04 00 00 00 00 E1 00 F6
T$0B s1 f  6 0B 80 78 00 20 00 00 03 00 00 00 00 E1 00 F6
T$0B s1 f  7 0B 80 78 00 20 00 00 02 00 00 00 00 E1 00 F6
T$0B s1 f  8 0B 80 78 00 20 00 00 01 00 00 00 00 E1 00 F6
T$0B s1 f  9 0B 80 78 00 20 00 00 06 00 00 00 00 E1 00 F6
T$0B s1 f 10 0B 80 78 00 20 00 00 05 00 00 00 00 E1 00 F6
T$0B s1 f 11 0B 81 78 00 20 00 00 04 00 00 00 00 E1 00 F6
T$0B s1 f 12 0B 81 78 00 20 00 00 03 00 00 00 00 E1 00 F6
T$0B s1 f 13 0B 82 78 00 20 00 00 02 00 00 00 00 E1 00 F6
T$0B s1 f 14 0B 82 78 00 20 00 00 01 00 00 00 00 E1 00 F6
T$0B s1 f 15 0B 83 78 00 20 00 00 00 00 00 00 00 E1 00 F6
T$0B s1 f 16 0B 83 78 00 20 00 00 00 00 00 00 00 E1 00 F6
T$0B s1 f 17 0B 84 78 00 20 00 00 00 00 00 00 00 E1 00 F6
T$0B s1 f 18 0B 84 78 00 20 00 00 00 00 00 00 00 E1 00 F6
T$0B s1 f 19 0B 85 78 00 20 00 00 00 00 00 00 00 E1 00 F6
T$0B s1 f 20 0B 85 78 00 20 00 00 00 00 00 00 00 E1 00 F6
T$0B s1 f 21 0B 86 78 00 20 00 00 00 00 00 00 00 E1 00 F6
T$0B s1 f 22 0B 86 78 00 20 00 00 00 00 00 00 00 E1 00 F6
T$0B s1 f 23 0B 87 78 00 20 00 00 00 00 00 00 00 E1 00 F6
T$0B s1 f 24 0B 87 78 00 20 00 00 00 00 00 00 00 E1 00 F6
T$0B s1 f 25 0B 88 78 00 20 00 00 00 00 00 00 00 E1 00 F6
T$0B s1 f 26 0B 88 78 00 20 00 00 00 00 00 00 00 E1 00 F6
T$0B s1 f 27 0B 89 78 00 20 00 00 00 00 00 00 00 E1 00 F6
T$0B s1 f 28 0B 89 78 00 20 00 00 00 00 00 00 00 E1 00 F6
T$0B s1 f 29 0B 8A 78 00 20 00 00 00 00 00 00 00 E1 00 F6
T$0B s1 f 30 0B 8A 78 00 20 00 00 00 00 00 00 00 E1 00 F6
T$0B s1 f 31 0B 8B 78 00 20 00 00 00 00 01 00 00 E1 00 F6
T$0B s1 f 32 0B 8B 78 00 20 00 00 00 00 00 00 00 E1 00 F6
T$0B s1 f 33 0B 8B 79 00 20 00 00 00 00 00 00 00 E1 00 F6
T$0B s1 f 34 0B 8B 79 00 20 00 00 00 00 00 00 00 E1 00 F6
T$0B s1 f 35 0B 8B 7A 00 20 00 00 00 00 00 00 00 E1 00 F6
T$0B s1 f 36 0B 8B 7A 00 20 00 00 00 00 00 00 00 E1 00 F6
T$0B s1 f 37 0B 8B 7B 00 20 00 00 00 00 00 00 00 E1 00 F6
T$0B s1 f 38 0B 8B 7B 00 20 00 00 00 00 00 00 00 E1 00 F6
T$0B s1 f 39 0B 8B 7C 00 20 00 00 00 00 00 00 00 E1 00 F6
T$0B s1 f 40 0B 8B 7C 00 20 00 00 00 00 00 00 00 E1 00 F6
T$0B s1 f 41 0B 8B 7D 00 20 00 00 00 00 00 00 00 E1 00 F6
T$0B s1 f 42 0B 8B 7D 00 20 00 00 00 00 00 00 00 E1 00 F6
T$0B s1 f 43 0B 8B 7E 00 20 00 00 00 00 00 00 00 E1 00 F6
T$0B s1 f 44 0B 8B 7E 00 20 00 00 00 00 00 00 00 E1 00 F6
T$0B s1 f 45 0B 8B 7F 00 20 00 00 00 00 00 00 00 E1 00 F6
T$0B s1 f 46 0B 8B 7F 00 20 00 00 00 00 00 00 00 E1 00 F6
T$0B s1 f 47 0B 8B 80 00 20 00 00 00 00 00 00 00 E1 00 F6
T$0B s1 f 48 0B 8B 80 00 20 00 00 00 00 00 00 00 E1 00 F6
T$0B s1 f 49 0B 8B 81 00 20 00 00 00 00 00 00 00 E1 00 F6
T$0B s1 f 50 0B 8B 81 00 20 00 00 00 00 00 00 00 E1 00 F6
T$0B s1 f 51 0B 8B 82 00 20 00 00 00 00 00 00 00 E1 00 F6
T$0B s1 f 52 0B 8B 82 00 20 00 00 00 00 00 00 00 E1 00 F6
T$0B s1 f 53 0B 8B 83 00 20 00 00 00 00 00 00 00 E1 00 F6
T$0B s1 f 54 0B 8B 83 00 20 00 00 00 00 00 00 00 E1 00 F6
T$0B s1 f 55 0B 8B 84 00 20 00 00 00 00 00 00 00 E1 00 F6
T$0B s1 f 56 0B 8B 84 00 20 00 00 00 00 00 00 00 E1 00 F6
T$0B s1 f 57 0B 8B 85 00 20 00 00 00 00 00 00 00 E1 00 F6
T$0B s1 f 58 0B 8B 85 00 20 00 00 00 00 00 00 00 E1 00 F6
T$0B s1 f 59 0B 8B 86 00 20 00 00 00 00 00 00 00 E1 00 F6
T$0B s1 f 60 0B 8B 86 00 20 00 00 00 00 00 00 00 E1 00 F6
T$0B s1 f 61 0B 8B 87 00 20 00 00 00 00 00 00 00 E1 00 F6
T$0B s1 f 62 0B 8B 87 00 20 00 00 00 00 00 00 00 E1 00 F6
T$0B s1 f 63 0B 8B 88 00 20 00 00 00 00 01 00 00 E1 00 F6
T$0B s1 f 64 0B 8A 88 00 20 00 00 00 00 01 00 00 E1 00 F6
T$0B s1 f 65 0B 8A 88 00 20 00 00 00 00 01 00 00 E1 00 F6
T$0B s1 f 66 0B 89 88 00 20 00 00 00 00 01 00 00 E1 00 F6
T$0B s1 f 67 0B 89 88 00 20 00 00 00 00 01 00 00 E1 00 F6
T$0B s1 f 68 0B 88 88 00 20 00 00 00 00 01 00 00 E1 00 F6
T$0B s1 f 69 0B 88 88 00 20 00 00 00 00 01 00 00 E1 00 F6
T$0B s1 f 70 0B 87 88 00 20 00 00 00 00 01 00 00 E1 00 F6
T$0B s1 f 71 0B 87 88 00 20 00 00 00 00 01 00 00 E1 00 F6
T$0B s1 f 72 0B 86 88 00 20 00 00 00 00 01 00 00 E1 00 F6
T$0B s1 f 73 0B 86 88 00 20 00 00 00 00 01 00 00 E1 00 F6
T$0B s1 f 74 0B 85 88 00 20 00 00 00 00 01 00 00 E1 00 F6
T$0B s1 f 75 0B 85 88 00 20 00 00 00 00 01 00 00 E1 00 F6
T$0B s1 f 76 0B 84 88 00 20 00 00 00 00 01 00 00 E1 00 F6
T$0B s1 f 77 0B 84 88 00 20 00 00 00 00 01 00 00 E1 00 F6
T$0B s1 f 78 0B 83 88 00 20 00 00 00 00 01 00 00 E1 00 F6
T$0B s1 f 79 0B 83 88 00 20 00 00 00 00 01 00 00 E1 00 F6
T$0B s1 f 80 0B 82 88 00 20 00 00 00 00 01 00 00 E1 00 F6
T$0B s1 f 81 0B 82 88 00 20 00 00 00 00 01 00 00 E1 00 F6
T$0B s1 f 82 0B 81 88 00 20 00 00 00 00 01 00 00 E1 00 F6
T$0B s1 f 83 0B 81 88 00 20 00 00 00 00 01 00 00 E1 00 F6
T$0B s1 f 84 0B 80 88 00 20 00 00 00 00 01 00 00 E1 00 F6
T$0B s1 f 85 0B 80 88 00 20 00 00 00 00 01 00 00 E1 00 F6
T$0B s1 f 86 0B 7F 88 00 20 00 00 00 00 01 00 00 E1 00 F6
T$0B s1 f 87 0B 7F 88 00 20 00 00 00 00 01 00 00 E1 00 F6
T$0B s1 f 88 0B 7E 88 00 20 00 00 00 00 01 00 00 E1 00 F6
T$0B s1 f 89 0B 7E 88 00 20 00 00 00 00 01 00 00 E1 00 F6
T$0B s1 f 90 0B 7D 88 00 20 00 00 00 00 01 00 00 E1 00 F6
T$0B s1 f 91 0B 7D 88 00 20 00 00 00 00 01 00 00 E1 00 F6
T$0B s1 f 92 0B 7C 88 00 20 00 00 00 00 01 00 00 E1 00 F6
T$0B s1 f 93 0B 7C 88 00 20 00 00 00 00 01 00 00 E1 00 F6
T$0B s1 f 94 0B 7B 88 00 20 00 00 00 00 01 00 00 E1 00 F6
T$0B s1 f 95 0B 7B 89 00 20 00 00 00 00 01 00 00 E1 00 F6
T$0B s1 f 96 0B 7B 89 00 20 00 00 00 00 01 00 00 E1 00 F6
T$0B s1 f 97 0B 7B 8A 00 20 00 00 00 00 01 00 00 E1 00 F6
T$0B s1 f 98 0B 7B 8A 00 20 00 00 00 00 01 00 00 E1 00 F6
T$0B s1 f 99 0B 7B 8B 00 20 00 00 00 00 01 00 00 E1 00 F6
T$0B s1 f100 0B 7B 8B 00 20 00 00 00 00 01 00 00 E1 00 F6
T$0B s1 f101 0B 7B 8C 00 20 00 00 00 00 01 00 00 E1 00 F6
T$0B s1 f102 0B 7B 8C 00 20 00 00 00 00 01 00 00 E1 00 F6
T$0B s1 f103 0B 7B 8D 00 20 00 00 00 00 01 00 00 E1 00 F6
T$0B s1 f104 0B 7B 8D 00 20 00 00 00 00 01 00 00 E1 00 F6
T$0B s1 f105 0B 7B 8E 00 20 00 00 00 00 01 00 00 E1 00 F6
T$0B s1 f106 0B 7B 8E 00 20 00 00 00 00 01 00 00 E1 00 F6
T$0B s1 f107 0B 7B 8F 00 20 00 00 00 00 01 00 00 E1 00 F6
T$0B s1 f108 0B 7B 8F 00 20 00 00 00 00 01 00 00 E1 00 F6
T$0B s1 f109 0B 7B 90 00 20 00 00 00 00 01 00 00 E1 00 F6
T$0B s1 f110 0B 7B 90 00 20 00 00 00 00 01 00 00 E1 00 F6
T$0B s1 f111 0B 7B 91 00 20 00 00 00 00 01 00 00 E1 00 F6
T$0B s1 f112 0B 7B 91 00 20 00 00 00 00 01 00 00 E1 00 F6
T$0B s1 f113 0B 7B 92 00 20 00 00 00 00 01 00 00 E1 00 F6
T$0B s1 f114 0B 7B 92 00 20 00 00 00 00 01 00 00 E1 00 F6
T$0B s1 f115 0B 7B 93 00 20 00 00 00 00 01 00 00 E1 00 F6
T$0B s1 f116 0B 7B 93 00 20 00 00 00 00 01 00 00 E1 00 F6
T$0B s1 f117 0B 7B 94 00 20 00 00 00 00 01 00 00 E1 00 F6
T$0B s1 f118 0B 7B 94 00 20 00 00 00 00 01 00 00 E1 00 F6
T$0B s1 f119 0B 7B 95 00 20 00 00 00 00 01 00 00 E1 00 F6
T$0B s1 f120 0B 7B 95 00 20 00 00 00 00 01 00 00 E1 00 F6
T$0B s1 f121 0B 7B 96 00 20 00 00 00 00 01 00 00 E1 00 F6
T$0B s1 f122 0B 7B 96 00 20 00 00 00 00 01 00 00 E1 00 F6
T$0B s1 f123 0B 7B 97 00 20 00 00 00 00 01 00 00 E1 00 F6
T$0B s1 f124 0B 7B 97 00 20 00 00 00 00 01 00 00 E1 00 F6
T$0B s1 f125 0B 7B 98 00 20 00 00 00 00 01 00 00 E1 00 F6
T$0B s1 f126 0B 7B 98 00 20 00 00 00 00 01 00 00 E1 00 F6
T$0B s1 f127 0B 7B 99 00 20 00 00 00 00 01 00 00 E1 00 F6
T$0B s1 f128 0B 7B 99 00 20 00 00 00 00 01 00 00 E1 00 F6
T$0B s1 f129 0B 7B 9A 00 20 00 00 00 00 01 00 00 E1 00 F6
T$0B s1 f130 0B 7B 9A 00 20 00 00 00 00 01 00 00 E1 00 F6
T$0B s1 f131 0B 7B 9B 00 20 00 00 00 00 01 00 00 E1 00 F6
T$0B s1 f132 0B 7B 9B 00 20 00 00 00 00 01 00 00 E1 00 F6
T$0B s1 f133 0B 7B 9C 00 20 00 00 00 00 01 00 00 E1 00 F6
T$0B s1 f134 0B 7B 9C 00 20 00 00 00 00 01 00 00 E1 00 F6
T$0B s1 f135 0B 7B 9D 00 20 00 00 00 00 01 00 00 E1 00 F6
T$0B s1 f136 0B 7B 9D 00 20 00 00 00 00 01 00 00 E1 00 F6
T$0B s1 f137 0B 7B 9E 00 20 00 00 00 00 01 00 00 E1 00 F6
T$0B s1 f138 0B 7B 9E 00 20 00 00 00 00 01 00 00 E1 00 F6
T$0B s1 f139 0B 7B 9F 00 20 00 00 00 00 01 00 00 E1 00 F6
T$0B s1 f140 0B 7B 9F 00 20 00 00 00 00 01 00 00 E1 00 F6
T$0B s1 f141 0B 7B A0 00 20 00 00 00 00 01 00 00 E1 00 F6
T$0B s1 f142 0B 7B A0 00 20 00 00 00 00 01 00 00 E1 00 F6
T$0B s1 f143 0B 7B A1 00 20 00 00 00 00 01 00 00 E1 00 F6
T$0B s1 f144 0B 7B A1 00 20 00 00 00 00 01 00 00 E1 00 F6
T$0B s1 f145 0B 7B A2 00 20 00 00 00 00 01 00 00 E1 00 F6
T$0B s1 f146 0B 7B A2 00 20 00 00 00 00 01 00 00 E1 00 F6
T$0B s1 f147 0B 7B A3 00 20 00 00 00 00 01 00 00 E1 00 F6
T$0B s1 f148 0B 7B A3 00 20 00 00 00 00 01 00 00 E1 00 F6
T$0B s1 f149 0B 7B A4 00 20 00 00 00 00 01 00 00 E1 00 F6
T$0B s1 f150 0B 7B A4 00 20 00 00 00 00 01 00 00 E1 00 F6
T$0B s1 f151 0B 7B A5 00 20 00 00 00 00 01 00 00 E1 00 F6
T$0B s1 f152 0B 7B A5 00 20 00 00 00 00 01 00 00 E1 00 F6
T$0B s1 f153 0B 7B A6 00 20 00 00 00 00 01 00 00 E1 00 F6
T$0B s1 f154 0B 7B A6 00 20 00 00 00 00 01 00 00 E1 00 F6
T$0B s1 f155 0B 7B A7 00 20 00 00 00 00 01 00 00 E1 00 F6
T$0B s1 f156 0B 7B A7 00 20 00 00 00 00 01 00 00 E1 00 F6
T$0B s1 f157 0B 7B A8 00 20 00 00 00 00 00 00 00 E1 00 F6
T$0B s1 f158 0B 7B A8 00 20 00 00 00 00 01 00 00 E1 00 F6
T$0B s1 f159 0B 7B A9 00 20 00 00 00 00 01 00 00 E1 00 F6
T$0B s1 f160 0B 7B A9 00 20 00 00 00 00 01 00 00 E1 00 F6
T$0B s1 f161 0B 7B AA 00 20 00 00 00 00 01 00 00 E1 00 F6
T$0B s1 f162 0B 7B AA 00 20 00 00 00 00 01 00 00 E1 00 F6
T$0B s1 f163 0B 7B AB 00 20 00 00 00 00 01 00 00 E1 00 F6
T$0B s1 f164 0B 7B AB 00 20 00 00 00 00 01 00 00 E1 00 F6
T$0B s1 f165 0B 7B AC 00 20 00 00 00 00 01 00 00 E1 00 F6
T$0B s1 f166 0B 7B AC 00 20 00 00 00 00 01 00 00 E1 00 F6
T$0B s1 f167 0B 7B AD 00 20 00 00 00 00 01 00 00 E1 00 F6
T$0B s1 f168 0B 7B AD 00 20 00 00 00 00 01 00 00 E1 00 F6
T$0B s1 f169 0B 7B AE 00 20 00 00 00 00 01 00 00 E1 00 F6
T$0B s1 f170 0B 7B AE 00 20 00 00 00 00 01 00 00 E1 00 F6
T$0B s1 f171 0B 7B AF 00 20 00 00 00 00 01 00 00 E1 00 F6
T$0B s1 f172 0B 7B AF 00 20 00 00 00 00 01 00 00 E1 00 F6
T$0B s1 f173 0B 7B B0 00 20 00 00 00 00 01 00 00 E1 00 F6
T$0B s1 f174 0B 7B B0 00 20 00 00 00 00 01 00 00 E1 00 F6
T$0B s1 f175 0B 7B B1 00 20 00 00 00 00 01 00 00 E1 00 F6
T$0B s1 f176 0B 7B B1 00 20 00 00 00 00 01 00 00 E1 00 F6
T$0B s1 f177 0B 7B B2 00 20 00 00 00 00 01 00 00 E1 00 F6
T$0B s1 f178 0B 7B B2 00 20 00 00 00 00 01 00 00 E1 00 F6
T$0B s1 f179 0B 7B B3 00 20 00 00 00 00 01 00 00 E1 00 F6
T$0B s1 f180 0B 7B B3 00 20 00 00 00 00 01 00 00 E1 00 F6
T$0B s1 f181 0B 7B B4 00 20 00 00 00 00 01 00 00 E1 00 F6
T$0B s1 f182 0B 7B B4 00 20 00 00 00 00 01 00 00 E1 00 F6
T$0B s1 f183 0B 7B B5 00 20 00 00 00 00 01 00 00 E1 00 F6
T$0B s1 f184 0B 7B B5 00 20 00 00 00 00 01 00 00 E1 00 F6
T$0B s1 f185 0B 7B B6 00 20 00 00 00 00 01 00 00 E1 00 F6
T$0B s1 f186 0B 7B B6 00 20 00 00 00 00 01 00 00 E1 00 F6
T$0B s1 f187 0B 7B B7 00 20 00 00 00 00 01 00 00 E1 00 F6
T$0B s1 f188 0B 7B B7 00 20 00 00 00 00 01 00 00 E1 00 F6
T$0B s1 f189 0B 7B B8 00 20 00 00 00 00 01 00 00 E1 00 F6
T$0B s1 f190 0B 7B B8 00 20 00 00 00 00 00 00 00 E1 00 F6
T$0B s1 f191 0B 7B B9 00 20 00 00 00 00 00 00 00 E1 00 F6
T$0B s1 f192 0B 7B B9 00 20 00 00 00 00 00 00 00 E1 00 F6
T$0B s1 f193 0B 7B BA 00 20 00 00 00 00 00 00 00 E1 00 F6
T$0B s1 f194 0B 7B BA 00 20 00 00 00 00 00 00 00 E1 00 F6
T$0B s1 f195 0B 7B BB 00 20 00 00 00 00 00 00 00 E1 00 F6
T$0B s1 f196 0B 7B BB 00 20 00 00 00 00 00 00 00 E1 00 F6
T$0B s1 f197 0B 7B BC 00 20 00 00 00 00 00 00 00 E1 00 F6
T$0B s1 f198 0B 7B BC 00 20 00 00 00 00 00 00 00 E1 00 F6
T$0B s1 f199 0B 7B BD 00 20 00 00 00 00 00 00 00 E1 00 F6
T$0B s1 f200 0B 7B BD 00 20 00 00 00 00 00 00 00 E1 00 F6
T$0B s1 f201 0B 7B BE 00 20 00 00 00 00 00 00 00 E1 00 F6
T$0B s1 f202 0B 7B BE 00 20 00 00 00 00 00 00 00 E1 00 F6
T$0B s1 f203 0B 7B BF 00 20 00 00 00 00 00 00 00 E1 00 F6
T$0B s1 f204 0B 7B BF 00 20 00 00 00 00 00 00 00 E1 00 F6
T$0B s1 f205 0B 7B C0 00 20 00 00 00 00 00 00 00 E1 00 F6
T$0B s1 f206 0B 7B C0 00 20 00 00 00 00 00 00 00 E1 00 F6
T$0B s1 f207 0B 7B C1 00 20 00 00 00 00 00 00 00 E1 00 F6
T$0B s1 f208 0B 7B C1 00 20 00 00 00 00 00 00 00 E1 00 F6
T$0B s1 f209 0B 7B C2 00 20 00 00 00 00 00 00 00 E1 00 F6
T$0B s1 f210 0B 7B C2 00 20 00 00 00 00 00 00 00 E1 00 F6
T$0B s1 f211 0B 7B C3 00 20 00 00 00 00 00 00 00 E1 00 F6
T$0B s1 f212 0B 7B C3 00 20 00 00 00 00 00 00 00 E1 00 F6
T$0B s1 f213 0B 7B C4 00 20 00 00 00 00 00 00 00 E1 00 F6
T$0B s1 f214 0B 7B C4 00 20 00 00 00 00 00 00 00 E1 00 F6
T$0B s1 f215 0B 7B C5 00 20 00 00 00 00 00 00 00 E1 00 F6
T$0B s1 f216 0B 7B C5 00 20 00 00 00 00 00 00 00 E1 00 F6
T$0B s1 f217 0B 7B C6 00 20 00 00 00 00 00 00 00 E1 00 F6
T$0B s1 f218 0B 7B C6 00 20 00 00 00 00 00 00 00 E1 00 F6
T$0B s1 f219 0B 7B C7 00 20 00 00 00 00 00 00 00 E1 00 F6
T$0B s1 f220 0B 7B C7 00 20 00 00 00 00 00 00 00 E1 00 F6
T$0B s1 f221 0B 7B C8 00 20 00 00 00 00 01 00 00 E1 00 F6
T$0B s1 f222 0B 7B C7 00 20 00 00 00 00 01 00 00 E1 00 F6
T$0B s1 f223 0B 7B C7 00 20 00 00 00 00 01 00 00 E1 00 F6
T$0B s1 f224 0B 7B C6 00 20 00 00 00 00 01 00 00 E1 00 F6
T$0B s1 f225 0B 7B C6 00 20 00 00 00 00 01 00 00 E1 00 F6
T$0B s1 f226 0B 7B C5 00 20 00 00 00 00 01 00 00 E1 00 F6
T$0B s1 f227 0B 7B C5 00 20 00 00 00 00 01 00 00 E1 00 F6
T$0B s1 f228 0B 7B C4 00 20 00 00 00 00 01 00 00 E1 00 F6
T$0B s1 f229 0B 7B C4 00 20 00 00 00 00 01 00 00 E1 00 F6
T$0B s1 f230 0B 7B C3 00 20 00 00 00 00 01 00 00 E1 00 F6
T$0B s1 f231 0B 7B C3 00 20 00 00 00 00 01 00 00 E1 00 F6
T$0B s1 f232 0B 7B C2 00 20 00 00 00 00 01 00 00 E1 00 F6
T$0B s1 f233 0B 7B C2 00 20 00 00 00 00 01 00 00 E1 00 F6
T$0B s1 f234 0B 7B C1 00 20 00 00 00 00 01 00 00 E1 00 F6
T$0B s1 f235 0B 7B C1 00 20 00 00 00 00 01 00 00 E1 00 F6
T$0B s1 f236 0B 7B C0 00 20 00 00 00 00 01 00 00 E1 00 F6
T$0B s1 f237 0B 7B C0 00 20 00 00 00 00 01 00 00 E1 00 F6
T$0B s1 f238 0B 7B BF 00 20 00 00 00 00 01 00 00 E1 00 F6
T$0B s1 f239 0B 7B BF 00 20 00 00 00 00 01 00 00 E1 00 F6
T$0C s1 f  0 0C 80 78 00 28 00 00 03 00 00 00 00 E1 00 F6
T$0C s1 f  1 0C 80 78 00 28 00 00 02 00 00 00 00 E1 00 F6
T$0C s1 f  2 0C 80 78 00 28 00 00 01 00 00 00 00 E1 00 F6
T$0C s1 f  3 0C 80 78 00 28 00 00 06 00 00 00 00 E1 00 F6
T$0C s1 f  4 0C 80 78 00 28 00 00 05 00 00 00 00 E1 00 F6
T$0C s1 f  5 0C 80 78 00 28 00 00 04 00 00 00 00 E1 00 F6
T$0C s1 f  6 0C 80 78 00 28 00 00 03 00 00 00 00 E1 00 F6
T$0C s1 f  7 0C 80 78 00 28 00 00 02 00 00 00 00 E1 00 F6
T$0C s1 f  8 0C 80 78 00 28 00 00 01 00 00 00 00 E1 00 F6
T$0C s1 f  9 0C 80 78 00 28 00 00 06 00 00 00 00 E1 00 F6
T$0C s1 f 10 0C 80 78 00 28 00 00 05 00 00 00 00 E1 00 F6
T$0C s1 f 11 0C 81 78 00 28 00 00 04 00 00 00 00 E1 00 F6
T$0C s1 f 12 0C 81 78 00 28 00 00 03 00 00 00 00 E1 00 F6
T$0C s1 f 13 0C 82 78 00 28 00 00 02 00 00 00 00 E1 00 F6
T$0C s1 f 14 0C 83 78 00 28 00 00 01 00 00 00 00 E1 00 F6
T$0C s1 f 15 0C 83 78 00 28 00 00 00 00 00 00 00 E1 00 F6
T$0C s1 f 16 0C 84 78 00 28 00 00 00 00 00 00 00 E1 00 F6
T$0C s1 f 17 0C 84 78 00 28 00 00 00 00 00 00 00 E1 00 F6
T$0C s1 f 18 0C 85 78 00 28 00 00 00 00 00 00 00 E1 00 F6
T$0C s1 f 19 0C 86 78 00 28 00 00 00 00 00 00 00 E1 00 F6
T$0C s1 f 20 0C 86 78 00 28 00 00 00 00 00 00 00 E1 00 F6
T$0C s1 f 21 0C 87 78 00 28 00 00 00 00 00 00 00 E1 00 F6
T$0C s1 f 22 0C 88 78 00 28 00 00 00 00 00 00 00 E1 00 F6
T$0C s1 f 23 0C 88 78 00 28 00 00 00 00 00 00 00 E1 00 F6
T$0C s1 f 24 0C 89 78 00 28 00 00 00 00 00 00 00 E1 00 F6
T$0C s1 f 25 0C 89 78 00 28 00 00 00 00 00 00 00 E1 00 F6
T$0C s1 f 26 0C 8A 78 00 28 00 00 00 00 01 00 00 E1 00 F6
T$0C s1 f 27 0C 89 78 00 28 00 00 00 00 01 00 00 E1 00 F6
T$0C s1 f 28 0C 89 78 00 28 00 00 00 00 01 00 00 E1 00 F6
T$0C s1 f 29 0C 88 78 00 28 00 00 00 00 01 00 00 E1 00 F6
T$0C s1 f 30 0C 88 78 00 28 00 00 00 00 01 00 00 E1 00 F6
T$0C s1 f 31 0C 87 78 00 28 00 00 00 00 01 00 00 E1 00 F6
T$0C s1 f 32 0C 86 78 00 28 00 00 00 00 01 00 00 E1 00 F6
T$0C s1 f 33 0C 86 78 00 28 00 00 00 00 01 00 00 E1 00 F6
T$0C s1 f 34 0C 85 78 00 28 00 00 00 00 01 00 00 E1 00 F6
T$0C s1 f 35 0C 84 78 00 28 00 00 00 00 01 00 00 E1 00 F6
T$0C s1 f 36 0C 84 78 00 28 00 00 00 00 01 00 00 E1 00 F6
T$0C s1 f 37 0C 83 78 00 28 00 00 00 00 01 00 00 E1 00 F6
T$0C s1 f 38 0C 83 78 00 28 00 00 00 00 01 00 00 E1 00 F6
T$0C s1 f 39 0C 82 78 00 28 00 00 00 00 01 00 00 E1 00 F6
T$0C s1 f 40 0C 81 78 00 28 00 00 00 00 01 00 00 E1 00 F6
T$0C s1 f 41 0C 81 78 00 28 00 00 00 00 01 00 00 E1 00 F6
T$0C s1 f 42 0C 80 78 00 28 00 00 00 00 01 00 00 E1 00 F6
T$0C s1 f 43 0C 7F 78 00 28 00 00 00 00 01 00 00 E1 00 F6
T$0C s1 f 44 0C 7F 78 00 28 00 00 00 00 01 00 00 E1 00 F6
T$0C s1 f 45 0C 7E 78 00 28 00 00 00 00 01 00 00 E1 00 F6
T$0C s1 f 46 0C 7E 78 00 28 00 00 00 00 01 00 00 E1 00 F6
T$0C s1 f 47 0C 7D 78 00 28 00 00 00 00 01 00 00 E1 00 F6
T$0C s1 f 48 0C 7C 78 00 28 00 00 00 00 01 00 00 E1 00 F6
T$0C s1 f 49 0C 7C 78 00 28 00 00 00 00 01 00 00 E1 00 F6
T$0C s1 f 50 0C 7B 78 00 28 00 00 00 00 01 00 00 E1 00 F6
T$0C s1 f 51 0C 7A 78 00 28 00 00 00 00 01 00 00 E1 00 F6
T$0C s1 f 52 0C 7A 78 00 28 00 00 00 00 00 00 00 E1 00 F6
T$0C s1 f 53 0C 7A 77 00 28 00 00 00 00 00 00 00 E1 00 F6
T$0C s1 f 54 0C 7A 77 00 28 00 00 00 00 00 00 00 E1 00 F6
T$0C s1 f 55 0C 7A 76 00 28 00 00 00 00 00 00 00 E1 00 F6
T$0C s1 f 56 0C 7A 75 00 28 00 00 00 00 00 00 00 E1 00 F6
T$0C s1 f 57 0C 7A 75 00 28 00 00 00 00 00 00 00 E1 00 F6
T$0C s1 f 58 0C 7A 74 00 28 00 00 00 00 00 00 00 E1 00 F6
T$0C s1 f 59 0C 7A 73 00 28 00 00 00 00 00 00 00 E1 00 F6
T$0C s1 f 60 0C 7A 73 00 28 00 00 00 00 00 00 00 E1 00 F6
T$0C s1 f 61 0C 7A 72 00 28 00 00 00 00 00 00 00 E1 00 F6
T$0C s1 f 62 0C 7A 72 00 28 00 00 00 00 00 00 00 E1 00 F6
T$0C s1 f 63 0C 7A 71 00 28 00 00 00 00 00 00 00 E1 00 F6
T$0C s1 f 64 0C 7A 70 00 28 00 00 00 00 00 00 00 E1 00 F6
T$0C s1 f 65 0C 7A 70 00 28 00 00 00 00 00 00 00 E1 00 F6
T$0C s1 f 66 0C 7A 6F 00 28 00 00 00 00 00 00 00 E1 00 F6
T$0C s1 f 67 0C 7A 6E 00 28 00 00 00 00 00 00 00 E1 00 F6
T$0C s1 f 68 0C 7A 6E 00 28 00 00 00 00 00 00 00 E1 00 F6
T$0C s1 f 69 0C 7A 6D 00 28 00 00 00 00 00 00 00 E1 00 F6
T$0C s1 f 70 0C 7A 6D 00 28 00 00 00 00 00 00 00 E1 00 F6
T$0C s1 f 71 0C 7A 6C 00 28 00 00 00 00 00 00 00 E1 00 F6
T$0C s1 f 72 0C 7A 6B 00 28 00 00 00 00 00 00 00 E1 00 F6
T$0C s1 f 73 0C 7A 6B 00 28 00 00 00 00 00 00 00 E1 00 F6
T$0C s1 f 74 0C 7A 6A 00 28 00 00 00 00 00 00 00 E1 00 F6
T$0C s1 f 75 0C 7A 69 00 28 00 00 00 00 00 00 00 E1 00 F6
T$0C s1 f 76 0C 7A 69 00 28 00 00 00 00 00 00 00 E1 00 F6
T$0C s1 f 77 0C 7A 68 00 28 00 00 00 00 01 00 00 E1 00 F6
T$0C s1 f 78 0C 7A 69 00 28 00 00 00 00 01 00 00 E1 00 F6
T$0C s1 f 79 0C 7A 69 00 28 00 00 00 00 01 00 00 E1 00 F6
T$0C s1 f 80 0C 7A 6A 00 28 00 00 00 00 01 00 00 E1 00 F6
T$0C s1 f 81 0C 7A 6B 00 28 00 00 00 00 01 00 00 E1 00 F6
T$0C s1 f 82 0C 7A 6B 00 28 00 00 00 00 01 00 00 E1 00 F6
T$0C s1 f 83 0C 7A 6C 00 28 00 00 00 00 01 00 00 E1 00 F6
T$0C s1 f 84 0C 7A 6D 00 28 00 00 00 00 01 00 00 E1 00 F6
T$0C s1 f 85 0C 7A 6D 00 28 00 00 00 00 01 00 00 E1 00 F6
T$0C s1 f 86 0C 7A 6E 00 28 00 00 00 00 01 00 00 E1 00 F6
T$0C s1 f 87 0C 7A 6E 00 28 00 00 00 00 01 00 00 E1 00 F6
T$0C s1 f 88 0C 7A 6F 00 28 00 00 00 00 01 00 00 E1 00 F6
T$0C s1 f 89 0C 7A 70 00 28 00 00 00 00 01 00 00 E1 00 F6
T$0C s1 f 90 0C 7A 70 00 28 00 00 00 00 01 00 00 E1 00 F6
T$0C s1 f 91 0C 7A 71 00 28 00 00 00 00 01 00 00 E1 00 F6
T$0C s1 f 92 0C 7A 72 00 28 00 00 00 00 01 00 00 E1 00 F6
T$0C s1 f 93 0C 7A 72 00 28 00 00 00 00 01 00 00 E1 00 F6
T$0C s1 f 94 0C 7A 73 00 28 00 00 00 00 01 00 00 E1 00 F6
T$0C s1 f 95 0C 7A 73 00 28 00 00 00 00 01 00 00 E1 00 F6
T$0C s1 f 96 0C 7A 74 00 28 00 00 00 00 01 00 00 E1 00 F6
T$0C s1 f 97 0C 7A 75 00 28 00 00 00 00 01 00 00 E1 00 F6
T$0C s1 f 98 0C 7A 75 00 28 00 00 00 00 01 00 00 E1 00 F6
T$0C s1 f 99 0C 7A 76 00 28 00 00 00 00 01 00 00 E1 00 F6
T$0C s1 f100 0C 7A 77 00 28 00 00 00 00 01 00 00 E1 00 F6
T$0C s1 f101 0C 7A 77 00 28 00 00 00 00 01 00 00 E1 00 F6
T$0C s1 f102 0C 7A 78 00 28 00 00 00 00 00 00 00 E1 00 F6
T$0C s1 f103 0C 7A 78 00 28 00 00 00 00 00 00 00 E1 00 F6
T$0C s1 f104 0C 7A 79 00 28 00 00 00 00 00 00 00 E1 00 F6
T$0C s1 f105 0C 7A 7A 00 28 00 00 00 00 00 00 00 E1 00 F6
T$0C s1 f106 0C 7A 7A 00 28 00 00 00 00 00 00 00 E1 00 F6
T$0C s1 f107 0C 7A 7B 00 28 00 00 00 00 00 00 00 E1 00 F6
T$0C s1 f108 0C 7A 7C 00 28 00 00 00 00 00 00 00 E1 00 F6
T$0C s1 f109 0C 7A 7C 00 28 00 00 00 00 00 00 00 E1 00 F6
T$0C s1 f110 0C 7A 7D 00 28 00 00 00 00 00 00 00 E1 00 F6
T$0C s1 f111 0C 7A 7D 00 28 00 00 00 00 00 00 00 E1 00 F6
T$0C s1 f112 0C 7A 7E 00 28 00 00 00 00 00 00 00 E1 00 F6
T$0C s1 f113 0C 7A 7F 00 28 00 00 00 00 00 00 00 E1 00 F6
T$0C s1 f114 0C 7A 7F 00 28 00 00 00 00 00 00 00 E1 00 F6
T$0C s1 f115 0C 7A 80 00 28 00 00 00 00 00 00 00 E1 00 F6
T$0C s1 f116 0C 7A 81 00 28 00 00 00 00 00 00 00 E1 00 F6
T$0C s1 f117 0C 7A 81 00 28 00 00 00 00 00 00 00 E1 00 F6
T$0C s1 f118 0C 7A 82 00 28 00 00 00 00 00 00 00 E1 00 F6
T$0C s1 f119 0C 7A 82 00 28 00 00 00 00 00 00 00 E1 00 F6
T$0C s1 f120 0C 7A 83 00 28 00 00 00 00 00 00 00 E1 00 F6
T$0C s1 f121 0C 7A 84 00 28 00 00 00 00 00 00 00 E1 00 F6
T$0C s1 f122 0C 7A 84 00 28 00 00 00 00 00 00 00 E1 00 F6
T$0C s1 f123 0C 7A 85 00 28 00 00 00 00 00 00 00 E1 00 F6
T$0C s1 f124 0C 7A 86 00 28 00 00 00 00 00 00 00 E1 00 F6
T$0C s1 f125 0C 7A 86 00 28 00 00 00 00 00 00 00 E1 00 F6
T$0C s1 f126 0C 7A 87 00 28 00 00 00 00 00 00 00 E1 00 F6
T$0C s1 f127 0C 7A 87 00 28 00 00 00 00 00 00 00 E1 00 F6
T$0C s1 f128 0C 7A 88 00 28 00 00 00 00 00 00 00 E1 00 F6
T$0C s1 f129 0C 7A 89 00 28 00 00 00 00 00 00 00 E1 00 F6
T$0C s1 f130 0C 7A 89 00 28 00 00 00 00 00 00 00 E1 00 F6
T$0C s1 f131 0C 7A 8A 00 28 00 00 00 00 00 00 00 E1 00 F6
T$0C s1 f132 0C 7A 8B 00 28 00 00 00 00 00 00 00 E1 00 F6
T$0C s1 f133 0C 7A 8B 00 28 00 00 00 00 00 00 00 E1 00 F6
T$0C s1 f134 0C 7A 8C 00 28 00 00 00 00 00 00 00 E1 00 F6
T$0C s1 f135 0C 7A 8C 00 28 00 00 00 00 00 00 00 E1 00 F6
T$0C s1 f136 0C 7A 8D 00 28 00 00 00 00 00 00 00 E1 00 F6
T$0C s1 f137 0C 7A 8E 00 28 00 00 00 00 00 00 00 E1 00 F6
T$0C s1 f138 0C 7A 8E 00 28 00 00 00 00 00 00 00 E1 00 F6
T$0C s1 f139 0C 7A 8F 00 28 00 00 00 00 00 00 00 E1 00 F6
T$0C s1 f140 0C 7A 90 00 28 00 00 00 00 00 00 00 E1 00 F6
T$0C s1 f141 0C 7A 90 00 28 00 00 00 00 00 00 00 E1 00 F6
T$0C s1 f142 0C 7A 91 00 28 00 00 00 00 00 00 00 E1 00 F6
T$0C s1 f143 0C 7A 91 00 28 00 00 00 00 00 00 00 E1 00 F6
T$0C s1 f144 0C 7A 92 00 28 00 00 00 00 00 00 00 E1 00 F6
T$0C s1 f145 0C 7A 93 00 28 00 00 00 00 00 00 00 E1 00 F6
T$0C s1 f146 0C 7A 93 00 28 00 00 00 00 00 00 00 E1 00 F6
T$0C s1 f147 0C 7A 94 00 28 00 00 00 00 00 00 00 E1 00 F6
T$0C s1 f148 0C 7A 95 00 28 00 00 00 00 00 00 00 E1 00 F6
T$0C s1 f149 0C 7A 95 00 28 00 00 00 00 00 00 00 E1 00 F6
T$0C s1 f150 0C 7A 96 00 28 00 00 00 00 00 00 00 E1 00 F6
T$0C s1 f151 0C 7A 96 00 28 00 00 00 00 00 00 00 E1 00 F6
T$0C s1 f152 0C 7A 97 00 28 00 00 00 00 00 00 00 E1 00 F6
T$0C s1 f153 0C 7A 98 00 28 00 00 00 00 00 00 00 E1 00 F6
T$0C s1 f154 0C 7A 98 00 28 00 00 00 00 00 00 00 E1 00 F6
T$0C s1 f155 0C 7A 99 00 28 00 00 00 00 00 00 00 E1 00 F6
T$0C s1 f156 0C 7A 9A 00 28 00 00 00 00 00 00 00 E1 00 F6
T$0C s1 f157 0C 7A 9A 00 28 00 00 00 00 00 00 00 E1 00 F6
T$0C s1 f158 0C 7A 9B 00 28 00 00 00 00 00 00 00 E1 00 F6
T$0C s1 f159 0C 7A 9B 00 28 00 00 00 00 00 00 00 E1 00 F6
T$0C s1 f160 0C 7A 9C 00 28 00 00 00 00 00 00 00 E1 00 F6
T$0C s1 f161 0C 7A 9D 00 28 00 00 00 00 00 00 00 E1 00 F6
T$0C s1 f162 0C 7A 9D 00 28 00 00 00 00 00 00 00 E1 00 F6
T$0C s1 f163 0C 7A 9E 00 28 00 00 00 00 00 00 00 E1 00 F6
T$0C s1 f164 0C 7A 9F 00 28 00 00 00 00 00 00 00 E1 00 F6
T$0C s1 f165 0C 7A 9F 00 28 00 00 00 00 00 00 00 E1 00 F6
T$0C s1 f166 0C 7A A0 00 28 00 00 00 00 00 00 00 E1 00 F6
T$0C s1 f167 0C 7A A0 00 28 00 00 00 00 00 00 00 E1 00 F6
T$0C s1 f168 0C 7A A1 00 28 00 00 00 00 00 00 00 E1 00 F6
T$0C s1 f169 0C 7A A2 00 28 00 00 00 00 00 00 00 E1 00 F6
T$0C s1 f170 0C 7A A2 00 28 00 00 00 00 00 00 00 E1 00 F6
T$0C s1 f171 0C 7A A3 00 28 00 00 00 00 00 00 00 E1 00 F6
T$0C s1 f172 0C 7A A4 00 28 00 00 00 00 00 00 00 E1 00 F6
T$0C s1 f173 0C 7A A4 00 28 00 00 00 00 00 00 00 E1 00 F6
T$0C s1 f174 0C 7A A5 00 28 00 00 00 00 00 00 00 E1 00 F6
T$0C s1 f175 0C 7A A5 00 28 00 00 00 00 00 00 00 E1 00 F6
T$0C s1 f176 0C 7A A6 00 28 00 00 00 00 00 00 00 E1 00 F6
T$0C s1 f177 0C 7A A7 00 28 00 00 00 00 00 00 00 E1 00 F6
T$0C s1 f178 0C 7A A7 00 28 00 00 00 00 00 00 00 E1 00 F6
T$0C s1 f179 0C 7A A8 00 28 00 00 00 00 00 00 00 E1 00 F6
T$0C s1 f180 0C 7A A9 00 28 00 00 00 00 00 00 00 E1 00 F6
T$0C s1 f181 0C 7A A9 00 28 00 00 00 00 00 00 00 E1 00 F6
T$0C s1 f182 0C 7A AA 00 28 00 00 00 00 00 00 00 E1 00 F6
T$0C s1 f183 0C 7A AA 00 28 00 00 00 00 00 00 00 E1 00 F6
T$0C s1 f184 0C 7A AB 00 28 00 00 00 00 00 00 00 E1 00 F6
T$0C s1 f185 0C 7A AC 00 28 00 00 00 00 00 00 00 E1 00 F6
T$0C s1 f186 0C 7A AC 00 28 00 00 00 00 00 00 00 E1 00 F6
T$0C s1 f187 0C 7A AD 00 28 00 00 00 00 00 00 00 E1 00 F6
T$0C s1 f188 0C 7A AE 00 28 00 00 00 00 00 00 00 E1 00 F6
T$0C s1 f189 0C 7A AE 00 28 00 00 00 00 00 00 00 E1 00 F6
T$0C s1 f190 0C 7A AF 00 28 00 00 00 00 00 00 00 E1 00 F6
T$0C s1 f191 0C 7A AF 00 28 00 00 00 00 00 00 00 E1 00 F6
T$0C s1 f192 0C 7A B0 00 28 00 00 00 00 00 00 00 E1 00 F6
T$0C s1 f193 0C 7A B1 00 28 00 00 00 00 00 00 00 E1 00 F6
T$0C s1 f194 0C 7A B1 00 28 00 00 00 00 00 00 00 E1 00 F6
T$0C s1 f195 0C 7A B2 00 28 00 00 00 00 00 00 00 E1 00 F6
T$0C s1 f196 0C 7A B3 00 28 00 00 00 00 00 00 00 E1 00 F6
T$0C s1 f197 0C 7A B3 00 28 00 00 00 00 00 00 00 E1 00 F6
T$0C s1 f198 0C 7A B4 00 28 00 00 00 00 00 00 00 E1 00 F6
T$0C s1 f199 0C 7A B4 00 28 00 00 00 00 00 00 00 E1 00 F6
T$0C s1 f200 0C 7A B5 00 28 00 00 00 00 00 00 00 E1 00 F6
T$0C s1 f201 0C 7A B6 00 28 00 00 00 00 00 00 00 E1 00 F6
T$0C s1 f202 0C 7A B6 00 28 00 00 00 00 00 00 00 E1 00 F6
T$0C s1 f203 0C 7A B7 00 28 00 00 00 00 00 00 00 E1 00 F6
T$0C s1 f204 0C 7A B8 00 28 00 00 00 00 00 00 00 E1 00 F6
T$0C s1 f205 0C 7A B8 00 28 00 00 00 00 00 00 00 E1 00 F6
T$0C s1 f206 0C 7A B9 00 28 00 00 00 00 00 00 00 E1 00 F6
T$0C s1 f207 0C 7A B9 00 28 00 00 00 00 00 00 00 E1 00 F6
T$0C s1 f208 0C 7A BA 00 28 00 00 00 00 00 00 00 E1 00 F6
T$0C s1 f209 0C 7A BB 00 28 00 00 00 00 00 00 00 E1 00 F6
T$0C s1 f210 0C 7A BB 00 28 00 00 00 00 00 00 00 E1 00 F6
T$0C s1 f211 0C 7A BC 00 28 00 00 00 00 00 00 00 E1 00 F6
T$0C s1 f212 0C 7A BD 00 28 00 00 00 00 00 00 00 E1 00 F6
T$0C s1 f213 0C 7A BD 00 28 00 00 00 00 00 00 00 E1 00 F6
T$0C s1 f214 0C 7A BE 00 28 00 00 00 00 00 00 00 E1 00 F6
T$0C s1 f215 0C 7A BE 00 28 00 00 00 00 00 00 00 E1 00 F6
T$0C s1 f216 0C 7A BF 00 28 00 00 00 00 00 00 00 E1 00 F6
T$0C s1 f217 0C 7A C0 00 28 00 00 00 00 00 00 00 E1 00 F6
T$0C s1 f218 0C 7A C0 00 28 00 00 00 00 00 00 00 E1 00 F6
T$0C s1 f219 0C 7A C1 00 28 00 00 00 00 00 00 00 E1 00 F6
T$0C s1 f220 0C 7A C2 00 28 00 00 00 00 00 00 00 E1 00 F6
T$0C s1 f221 0C 7A C2 00 28 00 00 00 00 00 00 00 E1 00 F6
T$0C s1 f222 0C 7A C3 00 28 00 00 00 00 00 00 00 E1 00 F6
T$0C s1 f223 0C 7A C3 00 28 00 00 00 00 00 00 00 E1 00 F6
T$0C s1 f224 0C 7A C4 00 28 00 00 00 00 00 00 00 E1 00 F6
T$0C s1 f225 0C 7A C5 00 28 00 00 00 00 00 00 00 E1 00 F6
T$0C s1 f226 0C 7A C5 00 28 00 00 00 00 00 00 00 E1 00 F6
T$0C s1 f227 0C 7A C6 00 28 00 00 00 00 00 00 00 E1 00 F6
T$0C s1 f228 0C 7A C7 00 28 00 00 00 00 00 00 00 E1 00 F6
T$0C s1 f229 0C 7A C7 00 28 00 00 00 00 00 00 00 E1 00 F6
T$0C s1 f230 0C 7A C8 00 28 00 00 00 00 01 00 00 E1 00 F6
T$0C s1 f231 0C 7A C7 00 28 00 00 00 00 01 00 00 E1 00 F6
T$0C s1 f232 0C 7A C7 00 28 00 00 00 00 01 00 00 E1 00 F6
T$0C s1 f233 0C 7A C6 00 28 00 00 00 00 01 00 00 E1 00 F6
T$0C s1 f234 0C 7A C5 00 28 00 00 00 00 01 00 00 E1 00 F6
T$0C s1 f235 0C 7A C5 00 28 00 00 00 00 01 00 00 E1 00 F6
T$0C s1 f236 0C 7A C4 00 28 00 00 00 00 01 00 00 E1 00 F6
T$0C s1 f237 0C 7A C3 00 28 00 00 00 00 01 00 00 E1 00 F6
T$0C s1 f238 0C 7A C3 00 28 00 00 00 00 01 00 00 E1 00 F6
T$0C s1 f239 0C 7A C2 00 28 00 00 00 00 01 00 00 E1 00 F6
T$10 s1 f  0 10 80 78 00 20 00 00 00 00 00 00 00 E1 00 00
T$10 s1 f  1 10 80 78 00 20 00 00 00 00 00 00 00 E1 00 00
T$10 s1 f  2 10 80 78 00 20 00 00 00 00 00 00 00 E1 00 00
T$10 s1 f  3 10 80 78 00 20 00 00 00 00 00 00 00 E1 00 00
T$10 s1 f  4 10 80 78 00 20 00 00 00 00 00 00 00 E1 00 00
T$10 s1 f  5 10 80 78 00 20 00 00 00 00 00 00 00 E1 00 00
T$10 s1 f  6 10 80 78 00 20 00 00 00 00 00 00 00 E1 00 00
T$10 s1 f  7 10 80 78 00 20 00 00 00 00 00 00 00 E1 00 00
T$10 s1 f  8 10 80 78 00 20 00 00 00 00 00 00 00 E1 00 00
T$10 s1 f  9 10 80 78 00 20 00 00 00 00 00 00 00 E1 00 00
T$10 s1 f 10 10 80 78 00 20 00 00 00 00 00 00 00 E1 00 00
T$10 s1 f 11 10 80 78 00 20 00 00 00 00 00 00 00 E1 00 00
T$10 s1 f 12 10 80 78 00 20 00 00 00 00 00 00 00 E1 00 00
T$10 s1 f 13 10 80 78 00 20 00 00 00 00 00 00 00 E1 00 00
T$10 s1 f 14 10 80 78 00 20 00 00 00 00 00 00 00 E1 00 00
T$10 s1 f 15 10 80 78 00 20 00 00 00 00 00 00 00 E1 00 00
T$10 s1 f 16 10 80 78 00 20 00 00 00 00 00 00 00 E1 00 00
T$10 s1 f 17 10 80 78 00 20 00 00 00 00 00 00 00 E1 00 00
T$10 s1 f 18 10 80 78 00 20 00 00 00 00 00 00 00 E1 00 00
T$10 s1 f 19 10 80 78 00 20 00 00 00 00 00 00 00 E1 00 00
T$10 s1 f 20 10 80 78 00 20 00 00 00 00 00 00 00 E1 00 00
T$10 s1 f 21 10 80 78 00 20 00 00 00 00 00 00 00 E1 00 00
T$10 s1 f 22 10 80 78 00 20 00 00 00 00 00 00 00 E1 00 00
T$10 s1 f 23 10 80 78 00 20 00 00 00 00 00 00 00 E1 00 00
T$10 s1 f 24 10 80 78 00 20 00 00 00 00 00 00 00 E1 00 00
T$10 s1 f 25 10 80 78 00 20 00 00 00 00 00 00 00 E1 00 00
T$10 s1 f 26 10 80 78 00 20 00 00 00 00 00 00 00 E1 00 00
T$10 s1 f 27 10 80 78 00 20 00 00 00 00 00 00 00 E1 00 00
T$10 s1 f 28 10 80 78 00 20 00 00 00 00 00 00 00 E1 00 00
T$10 s1 f 29 10 80 78 00 20 00 00 00 00 00 00 00 E1 00 00
T$10 s1 f 30 10 80 78 00 20 00 00 00 00 00 00 00 E1 00 00
T$10 s1 f 31 10 80 78 00 20 00 00 00 00 00 00 00 E1 00 00
T$10 s1 f 32 10 80 78 00 20 00 00 00 00 00 00 00 E1 00 00
T$10 s1 f 33 10 80 78 00 20 00 00 00 00 00 00 00 E1 00 00
T$10 s1 f 34 10 80 78 00 20 00 00 00 00 00 00 00 E1 00 00
T$10 s1 f 35 10 80 78 00 20 00 00 00 00 00 00 00 E1 00 00
T$10 s1 f 36 10 80 78 00 20 00 00 00 00 00 00 00 E1 00 00
T$10 s1 f 37 10 80 78 00 20 00 00 00 00 00 00 00 E1 00 00
T$10 s1 f 38 10 80 78 00 20 00 00 00 00 00 00 00 E1 00 00
T$10 s1 f 39 10 78 9D 00 00 01 00 10 00 00 00 00 E1 00 00
T$10 s1 f 40 10 78 9D 00 00 01 00 0F 00 00 00 00 E1 00 00
T$10 s1 f 41 10 78 9D 00 00 01 00 0E 00 00 00 00 E1 00 00
T$10 s1 f 42 10 78 9D 00 00 01 00 0D 00 00 00 00 E1 00 00
T$10 s1 f 43 10 78 9D 00 00 01 00 0C 00 00 00 00 E1 00 00
T$10 s1 f 44 10 78 9D 00 00 01 00 0B 00 00 00 00 E1 00 00
T$10 s1 f 45 10 78 9D 00 00 01 00 0A 00 00 00 00 E1 00 00
T$10 s1 f 46 10 78 9D 00 00 01 00 09 00 00 00 00 E1 00 00
T$10 s1 f 47 10 78 9D 00 00 01 00 08 00 00 00 00 E1 00 00
T$10 s1 f 48 10 78 9D 00 00 01 00 07 00 00 00 00 E1 00 00
T$10 s1 f 49 10 78 9D 00 00 01 00 06 00 00 00 00 E1 00 00
T$10 s1 f 50 10 78 9D 00 00 01 00 05 00 00 00 00 E1 00 00
T$10 s1 f 51 10 78 9D 00 00 01 00 04 00 00 00 00 E1 00 00
T$10 s1 f 52 10 78 9D 00 00 01 00 03 00 00 00 00 E1 00 00
T$10 s1 f 53 10 78 9D 00 00 01 00 02 00 00 00 00 E1 00 00
T$10 s1 f 54 10 78 9D 00 00 01 00 01 00 00 00 00 E1 00 00
T$10 s1 f 55 10 78 9D 00 00 02 00 08 00 00 00 00 E1 00 00
T$10 s1 f 56 10 78 9D 00 00 02 00 07 00 00 00 00 E1 00 00
T$10 s1 f 57 10 78 9D 00 00 02 00 06 00 00 00 00 E1 00 00
T$10 s1 f 58 10 78 9D 00 00 02 00 05 00 00 00 00 E1 00 00
T$10 s1 f 59 10 78 9D 00 00 02 00 04 00 00 00 00 E1 00 00
T$10 s1 f 60 10 78 9D 00 00 02 00 03 00 00 00 00 E1 00 00
T$10 s1 f 61 10 78 9D 00 00 02 00 02 00 00 00 00 E1 00 00
T$10 s1 f 62 10 78 9D 00 00 02 00 01 00 00 00 00 E1 00 00
T$10 s1 f 63 10 78 9D 00 20 03 00 FF 00 00 00 00 E1 00 00
T$10 s1 f 64 10 78 9D 00 20 03 00 FF 00 00 00 00 E1 00 00
T$10 s1 f 65 10 78 9E 00 20 03 00 FF 00 00 00 00 E1 00 00
T$10 s1 f 66 10 78 9E 00 20 03 00 FF 00 00 00 00 E1 00 00
T$10 s1 f 67 10 78 9F 00 20 03 00 FF 00 00 00 00 E1 00 00
T$10 s1 f 68 10 78 9F 00 20 03 00 FF 00 00 00 00 E1 00 00
T$10 s1 f 69 10 78 A0 00 20 03 00 FF 00 00 00 00 E1 00 00
T$10 s1 f 70 10 78 A0 00 20 03 00 FF 00 00 00 00 E1 00 00
T$10 s1 f 71 10 78 A1 00 20 03 00 FF 00 00 00 00 E1 00 00
T$10 s1 f 72 10 78 A1 00 20 03 00 FF 00 00 00 00 E1 00 00
T$10 s1 f 73 10 78 A2 00 20 03 00 FF 00 00 00 00 E1 00 00
T$10 s1 f 74 10 78 A2 00 20 03 00 FF 00 00 00 00 E1 00 00
T$10 s1 f 75 10 78 A3 00 20 03 00 FF 00 00 00 00 E1 00 00
T$10 s1 f 76 10 78 A3 00 20 03 00 FF 00 00 00 00 E1 00 00
T$10 s1 f 77 10 78 A4 00 20 03 00 FF 00 00 00 00 E1 00 00
T$10 s1 f 78 10 78 A4 00 20 03 00 FF 00 00 00 00 E1 00 00
T$10 s1 f 79 10 78 A5 00 20 03 00 FF 00 00 00 00 E1 00 00
T$10 s1 f 80 10 78 A5 00 20 03 00 FF 00 00 00 00 E1 00 00
T$10 s1 f 81 10 78 A6 00 20 03 00 FF 00 00 00 00 E1 00 00
T$10 s1 f 82 10 78 A6 00 20 03 00 FF 00 00 00 00 E1 00 00
T$10 s1 f 83 10 78 A7 00 20 03 00 FF 00 00 00 00 E1 00 00
T$10 s1 f 84 10 78 A7 00 20 03 00 FF 00 00 00 00 E1 00 00
T$10 s1 f 85 10 78 A8 00 20 03 00 FF 00 00 00 00 E1 00 00
T$10 s1 f 86 10 78 A8 00 20 03 00 FF 00 00 00 00 E1 00 00
T$10 s1 f 87 10 78 A9 00 20 03 00 FF 00 00 00 00 E1 00 00
T$10 s1 f 88 10 78 A9 00 20 03 00 FF 00 00 00 00 E1 00 00
T$10 s1 f 89 10 78 AA 00 20 03 00 FF 00 00 00 00 E1 00 00
T$10 s1 f 90 10 78 AA 00 20 03 00 FF 00 00 00 00 E1 00 00
T$10 s1 f 91 10 78 AB 00 20 03 00 FF 00 00 00 00 E1 00 00
T$10 s1 f 92 10 78 AB 00 20 03 00 FF 00 00 00 00 E1 00 00
T$10 s1 f 93 10 78 AC 00 20 03 00 FF 00 00 00 00 E1 00 00
T$10 s1 f 94 10 78 AC 00 20 03 00 FF 00 00 00 00 E1 00 00
T$10 s1 f 95 10 78 AD 00 20 03 00 FF 00 00 00 00 E1 00 00
T$10 s1 f 96 10 78 AD 00 20 03 00 FF 00 00 00 00 E1 00 00
T$10 s1 f 97 10 78 AE 00 20 03 00 FF 00 00 00 00 E1 00 00
T$10 s1 f 98 10 78 AE 00 20 03 00 FF 00 00 00 00 E1 00 00
T$10 s1 f 99 10 78 AF 00 20 03 00 FF 00 00 00 00 E1 00 00
T$10 s1 f100 10 78 AF 00 20 03 00 FF 00 00 00 00 E1 00 00
T$10 s1 f101 10 78 B0 00 20 03 00 FF 00 00 00 00 E1 00 00
T$10 s1 f102 10 78 B0 00 20 03 00 FF 00 00 00 00 E1 00 00
T$10 s1 f103 10 78 B1 00 20 03 00 FF 00 00 00 00 E1 00 00
T$10 s1 f104 10 78 B1 00 20 03 00 FF 00 00 00 00 E1 00 00
T$10 s1 f105 10 78 B2 00 20 03 00 FF 00 00 00 00 E1 00 00
T$10 s1 f106 10 78 B2 00 20 03 00 FF 00 00 00 00 E1 00 00
T$10 s1 f107 10 78 B3 00 20 03 00 FF 00 00 00 00 E1 00 00
T$10 s1 f108 10 78 B3 00 20 03 00 FF 00 00 00 00 E1 00 00
T$10 s1 f109 10 78 B3 00 20 03 00 FF 00 00 00 00 E1 00 00
T$10 s1 f110 10 78 B3 00 20 03 00 FF 00 00 00 00 E1 00 00
T$10 s1 f111 10 78 B3 00 20 03 00 FF 00 00 00 00 E1 00 00
T$10 s1 f112 10 78 B3 00 20 03 00 FF 00 00 00 00 E1 00 00
T$10 s1 f113 10 78 B3 00 20 03 00 FF 00 00 00 00 E1 00 00
T$10 s1 f114 10 78 B3 00 20 03 00 FF 00 00 00 00 E1 00 00
T$10 s1 f115 10 78 B3 00 20 03 00 FF 00 00 00 00 E1 00 00
T$10 s1 f116 10 78 B3 00 20 03 00 FF 00 00 00 00 E1 00 00
T$10 s1 f117 10 78 B3 00 20 03 00 FF 00 00 00 00 E1 00 00
T$10 s1 f118 10 78 B3 00 20 03 00 FF 00 00 00 00 E1 00 00
T$10 s1 f119 10 78 B3 00 20 03 00 FF 00 00 00 00 E1 00 00
T$10 s1 f120 10 78 B3 00 20 03 00 FF 00 00 00 00 E1 00 00
T$10 s1 f121 10 78 B3 00 20 03 00 FF 00 00 00 00 E1 00 00
T$10 s1 f122 10 78 B3 00 20 03 00 FF 00 00 00 00 E1 00 00
T$10 s1 f123 10 78 B3 00 20 03 00 FF 00 00 00 00 E1 00 00
T$10 s1 f124 10 78 B3 00 20 03 00 FF 00 00 00 00 E1 00 00
T$10 s1 f125 10 78 B3 00 20 03 00 FF 00 00 00 00 E1 00 00
T$10 s1 f126 10 78 B3 00 20 03 00 FF 00 00 00 00 E1 00 00
T$10 s1 f127 10 78 B3 00 20 03 00 FF 00 00 00 00 E1 00 00
T$10 s1 f128 10 78 B3 00 20 03 00 FF 00 00 00 00 E1 00 00
T$10 s1 f129 10 78 B3 00 20 03 00 FF 00 00 00 00 E1 00 00
T$10 s1 f130 10 78 B3 00 20 03 00 FF 00 00 00 00 E1 00 00
T$10 s1 f131 10 78 B3 00 20 03 00 FF 00 00 00 00 E1 00 00
T$10 s1 f132 10 78 B3 00 20 03 00 FF 00 00 00 00 E1 00 00
T$10 s1 f133 10 78 B3 00 20 03 00 FF 00 00 00 00 E1 00 00
T$10 s1 f134 10 78 B3 00 20 03 00 FF 00 00 00 00 E1 00 00
T$10 s1 f135 10 78 B3 00 20 03 00 FF 00 00 00 00 E1 00 00
T$10 s1 f136 10 78 B3 00 20 03 00 FF 00 00 00 00 E1 00 00
T$10 s1 f137 10 78 B3 00 20 03 00 FF 00 00 00 00 E1 00 00
T$10 s1 f138 10 78 B3 00 20 03 00 FF 00 00 00 00 E1 00 00
T$10 s1 f139 10 78 B3 00 20 03 00 FF 00 00 00 00 E1 00 00
T$10 s1 f140 10 78 B3 00 20 03 00 FF 00 00 00 00 E1 00 00
T$10 s1 f141 10 78 B3 00 20 03 00 FF 00 00 00 00 E1 00 00
T$10 s1 f142 10 78 B3 00 20 03 00 FF 00 00 00 00 E1 00 00
T$10 s1 f143 10 78 B3 00 20 03 00 FF 00 00 00 00 E1 00 00
T$10 s1 f144 10 78 B3 00 20 03 00 FF 00 00 00 00 E1 00 00
T$10 s1 f145 10 78 B3 00 20 03 00 FF 00 00 00 00 E1 00 00
T$10 s1 f146 10 78 B3 00 20 03 00 FF 00 00 00 00 E1 00 00
T$10 s1 f147 10 78 B3 00 20 03 00 FF 00 00 00 00 E1 00 00
T$10 s1 f148 10 78 B3 00 20 03 00 FF 00 00 00 00 E1 00 00
T$10 s1 f149 10 78 B3 00 20 03 00 FF 00 00 00 00 E1 00 00
T$10 s1 f150 10 78 B3 00 20 03 00 FF 00 00 00 00 E1 00 00
T$10 s1 f151 10 78 B3 00 20 03 00 FF 00 00 00 00 E1 00 00
T$10 s1 f152 10 78 B3 00 20 03 00 FF 00 00 00 00 E1 00 00
T$10 s1 f153 10 78 B3 00 20 03 00 FF 00 00 00 00 E1 00 00
T$10 s1 f154 10 78 B3 00 20 03 00 FF 00 00 00 00 E1 00 00
T$10 s1 f155 10 78 B3 00 20 03 00 FF 00 00 00 00 E1 00 00
T$10 s1 f156 10 78 B3 00 20 03 00 FF 00 00 00 00 E1 00 00
T$10 s1 f157 10 78 B3 00 20 03 00 FF 00 00 00 00 E1 00 00
T$10 s1 f158 10 78 B3 00 20 03 00 FF 00 00 00 00 E1 00 00
T$10 s1 f159 10 78 B3 00 20 03 00 FF 00 00 00 00 E1 00 00
T$10 s1 f160 10 78 B3 00 20 03 00 FF 00 00 00 00 E1 00 00
T$10 s1 f161 10 78 B3 00 20 03 00 FF 00 00 00 00 E1 00 00
T$10 s1 f162 10 78 B3 00 20 03 00 FF 00 00 00 00 E1 00 00
T$10 s1 f163 10 78 B3 00 20 03 00 FF 00 00 00 00 E1 00 00
T$10 s1 f164 10 78 B3 00 20 03 00 FF 00 00 00 00 E1 00 00
T$10 s1 f165 10 78 B3 00 20 03 00 FF 00 00 00 00 E1 00 00
T$10 s1 f166 10 78 B3 00 20 03 00 FF 00 00 00 00 E1 00 00
T$10 s1 f167 10 78 B3 00 20 03 00 FF 00 00 00 00 E1 00 00
T$10 s1 f168 10 78 B3 00 20 03 00 FF 00 00 00 00 E1 00 00
T$10 s1 f169 10 78 B3 00 20 03 00 FF 00 00 00 00 E1 00 00
T$10 s1 f170 10 78 B3 00 20 03 00 FF 00 00 00 00 E1 00 00
T$10 s1 f171 10 78 B3 00 20 03 00 FF 00 00 00 00 E1 00 00
T$10 s1 f172 10 78 B3 00 20 03 00 FF 00 00 00 00 E1 00 00
T$10 s1 f173 10 78 B3 00 20 03 00 FF 00 00 00 00 E1 00 00
T$10 s1 f174 10 78 B3 00 20 03 00 FF 00 00 00 00 E1 00 00
T$10 s1 f175 10 78 B3 00 20 03 00 FF 00 00 00 00 E1 00 00
T$10 s1 f176 10 78 B3 00 20 03 00 FF 00 00 00 00 E1 00 00
T$10 s1 f177 10 78 B3 00 20 03 00 FF 00 00 00 00 E1 00 00
T$10 s1 f178 10 78 B3 00 20 03 00 FF 00 00 00 00 E1 00 00
T$10 s1 f179 10 78 B3 00 20 03 00 FF 00 00 00 00 E1 00 00
T$10 s1 f180 10 78 B3 00 20 03 00 FF 00 00 00 00 E1 00 00
T$10 s1 f181 10 78 B3 00 20 03 00 FF 00 00 00 00 E1 00 00
T$10 s1 f182 10 78 B3 00 20 03 00 FF 00 00 00 00 E1 00 00
T$10 s1 f183 10 78 B3 00 20 03 00 FF 00 00 00 00 E1 00 00
T$10 s1 f184 10 78 B3 00 20 03 00 FF 00 00 00 00 E1 00 00
T$10 s1 f185 10 78 B3 00 20 03 00 FF 00 00 00 00 E1 00 00
T$10 s1 f186 10 78 B3 00 20 03 00 FF 00 00 00 00 E1 00 00
T$10 s1 f187 10 78 B3 00 20 03 00 FF 00 00 00 00 E1 00 00
T$10 s1 f188 10 78 B3 00 20 03 00 FF 00 00 00 00 E1 00 00
T$10 s1 f189 10 78 B3 00 20 03 00 FF 00 00 00 00 E1 00 00
T$10 s1 f190 10 78 B3 00 20 03 00 FF 00 00 00 00 E1 00 00
T$10 s1 f191 10 78 B3 00 20 03 00 FF 00 00 00 00 E1 00 00
T$10 s1 f192 10 78 B3 00 20 03 00 FF 00 00 00 00 E1 00 00
T$10 s1 f193 10 78 B3 00 20 03 00 FF 00 00 00 00 E1 00 00
T$10 s1 f194 10 78 B3 00 20 03 00 FF 00 00 00 00 E1 00 00
T$10 s1 f195 10 78 B3 00 20 03 00 FF 00 00 00 00 E1 00 00
T$10 s1 f196 10 78 B3 00 20 03 00 FF 00 00 00 00 E1 00 00
T$10 s1 f197 10 78 B3 00 20 03 00 FF 00 00 00 00 E1 00 00
T$10 s1 f198 10 78 B3 00 20 03 00 FF 00 00 00 00 E1 00 00
T$10 s1 f199 10 78 B3 00 20 03 00 FF 00 00 00 00 E1 00 00
T$10 s1 f200 10 78 B3 00 20 03 00 FF 00 00 00 00 E1 00 00
T$10 s1 f201 10 78 B3 00 20 03 00 FF 00 00 00 00 E1 00 00
T$10 s1 f202 10 78 B3 00 20 03 00 FF 00 00 00 00 E1 00 00
T$10 s1 f203 10 78 B3 00 20 03 00 FF 00 00 00 00 E1 00 00
T$10 s1 f204 10 78 B3 00 20 03 00 FF 00 00 00 00 E1 00 00
T$10 s1 f205 10 78 B3 00 20 03 00 FF 00 00 00 00 E1 00 00
T$10 s1 f206 10 78 B3 00 20 03 00 FF 00 00 00 00 E1 00 00
T$10 s1 f207 10 78 B3 00 20 03 00 FF 00 00 00 00 E1 00 00
T$10 s1 f208 10 78 B3 00 20 03 00 FF 00 00 00 00 E1 00 00
T$10 s1 f209 10 78 B3 00 20 03 00 FF 00 00 00 00 E1 00 00
T$10 s1 f210 10 78 B3 00 20 03 00 FF 00 00 00 00 E1 00 00
T$10 s1 f211 10 78 B3 00 20 03 00 FF 00 00 00 00 E1 00 00
T$10 s1 f212 10 78 B3 00 20 03 00 FF 00 00 00 00 E1 00 00
T$10 s1 f213 10 78 B3 00 20 03 00 FF 00 00 00 00 E1 00 00
T$10 s1 f214 10 78 B3 00 20 03 00 FF 00 00 00 00 E1 00 00
T$10 s1 f215 10 78 B3 00 20 03 00 FF 00 00 00 00 E1 00 00
T$10 s1 f216 10 78 B3 00 20 03 00 FF 00 00 00 00 E1 00 00
T$10 s1 f217 10 78 B3 00 20 03 00 FF 00 00 00 00 E1 00 00
T$10 s1 f218 10 78 B3 00 20 03 00 FF 00 00 00 00 E1 00 00
T$10 s1 f219 10 78 B3 00 20 03 00 FF 00 00 00 00 E1 00 00
T$10 s1 f220 10 78 B3 00 20 03 00 FF 00 00 00 00 E1 00 00
T$10 s1 f221 10 78 B3 00 20 03 00 FF 00 00 00 00 E1 00 00
T$10 s1 f222 10 78 B3 00 20 03 00 FF 00 00 00 00 E1 00 00
T$10 s1 f223 10 78 B3 00 20 03 00 FF 00 00 00 00 E1 00 00
T$10 s1 f224 10 78 B3 00 20 03 00 FF 00 00 00 00 E1 00 00
T$10 s1 f225 10 78 B3 00 20 03 00 FF 00 00 00 00 E1 00 00
T$10 s1 f226 10 78 B3 00 20 03 00 FF 00 00 00 00 E1 00 00
T$10 s1 f227 10 78 B3 00 20 03 00 FF 00 00 00 00 E1 00 00
T$10 s1 f228 10 78 B3 00 20 03 00 FF 00 00 00 00 E1 00 00
T$10 s1 f229 10 78 B3 00 20 03 00 FF 00 00 00 00 E1 00 00
T$10 s1 f230 10 78 B3 00 20 03 00 FF 00 00 00 00 E1 00 00
T$10 s1 f231 10 78 B3 00 20 03 00 FF 00 00 00 00 E1 00 00
T$10 s1 f232 10 78 B3 00 20 03 00 FF 00 00 00 00 E1 00 00
T$10 s1 f233 10 78 B3 00 20 03 00 FF 00 00 00 00 E1 00 00
T$10 s1 f234 10 78 B3 00 20 03 00 FF 00 00 00 00 E1 00 00
T$10 s1 f235 10 78 B3 00 20 03 00 FF 00 00 00 00 E1 00 00
T$10 s1 f236 10 78 B3 00 20 03 00 FF 00 00 00 00 E1 00 00
T$10 s1 f237 10 78 B3 00 20 03 00 FF 00 00 00 00 E1 00 00
T$10 s1 f238 10 78 B3 00 20 03 00 FF 00 00 00 00 E1 00 00
T$10 s1 f239 10 78 B3 00 20 03 00 FF 00 00 00 00 E1 00 00
T$12 s1 f  0 12 80 78 00 20 00 00 03 00 00 00 00 E1 00 00
T$12 s1 f  1 12 80 78 00 20 00 00 02 00 00 00 00 E1 00 00
T$12 s1 f  2 12 80 78 00 20 00 00 01 00 00 00 00 E1 00 00
T$12 s1 f  3 12 80 78 00 20 00 00 06 00 00 00 00 E1 00 00
T$12 s1 f  4 12 80 78 00 20 00 00 05 00 00 00 00 E1 00 00
T$12 s1 f  5 12 80 78 00 20 00 00 04 00 00 00 00 E1 00 00
T$12 s1 f  6 12 80 78 00 20 00 00 03 00 00 00 00 E1 00 00
T$12 s1 f  7 12 80 78 00 20 00 00 02 00 00 00 00 E1 00 00
T$12 s1 f  8 12 80 78 00 20 00 00 01 00 00 00 00 E1 00 00
T$12 s1 f  9 12 80 78 00 20 00 00 06 00 00 00 00 E1 00 00
T$12 s1 f 10 12 80 78 00 20 00 00 05 00 01 00 00 E1 00 00
T$12 s1 f 11 12 80 78 00 20 00 00 04 00 01 00 00 E1 00 00
T$12 s1 f 12 12 80 77 00 20 00 00 03 00 01 00 00 E1 00 00
T$12 s1 f 13 12 80 77 00 20 00 00 02 00 01 00 00 E1 00 00
T$12 s1 f 14 12 80 76 00 20 00 00 01 00 01 00 00 E1 00 00
T$12 s1 f 15 12 80 76 00 20 00 00 00 00 01 00 00 E1 00 00
T$12 s1 f 16 12 80 75 00 20 00 00 00 00 01 00 00 E1 00 00
T$12 s1 f 17 12 80 75 00 20 00 00 00 00 01 00 00 E1 00 00
T$12 s1 f 18 12 80 74 00 20 00 00 00 00 01 00 00 E1 00 00
T$12 s1 f 19 12 80 74 00 20 00 00 00 00 01 00 00 E1 00 00
T$12 s1 f 20 12 80 73 00 20 00 00 00 00 01 00 00 E1 00 00
T$12 s1 f 21 12 80 73 00 20 00 00 00 00 01 00 00 E1 00 00
T$12 s1 f 22 12 80 72 00 20 00 00 00 00 01 00 00 E1 00 00
T$12 s1 f 23 12 80 72 00 20 00 00 00 00 01 00 00 E1 00 00
T$12 s1 f 24 12 80 71 00 20 00 00 00 00 01 00 00 E1 00 00
T$12 s1 f 25 12 80 71 00 20 00 00 00 00 01 00 00 E1 00 00
T$12 s1 f 26 12 80 70 00 20 00 00 00 00 01 00 00 E1 00 00
T$12 s1 f 27 12 80 70 00 20 00 00 00 00 01 00 00 E1 00 00
T$12 s1 f 28 12 80 6F 00 20 00 00 00 00 01 00 00 E1 00 00
T$12 s1 f 29 12 80 6F 00 20 00 00 00 00 01 00 00 E1 00 00
T$12 s1 f 30 12 80 6E 00 20 00 00 00 00 01 00 00 E1 00 00
T$12 s1 f 31 12 80 6E 00 20 00 00 00 00 01 00 00 E1 00 00
T$12 s1 f 32 12 80 6D 00 20 00 00 00 00 01 00 00 E1 00 00
T$12 s1 f 33 12 80 6D 00 20 00 00 00 00 01 00 00 E1 00 00
T$12 s1 f 34 12 80 6C 00 20 00 00 00 00 01 00 00 E1 00 00
T$12 s1 f 35 12 80 6C 00 20 00 00 00 00 01 00 00 E1 00 00
T$12 s1 f 36 12 80 6B 00 20 00 00 00 00 01 00 00 E1 00 00
T$12 s1 f 37 12 80 6B 00 20 00 00 00 00 01 00 00 E1 00 00
T$12 s1 f 38 12 80 6A 00 20 00 00 00 00 01 00 00 E1 00 00
T$12 s1 f 39 12 80 6A 00 20 00 00 00 00 01 00 00 E1 00 00
T$12 s1 f 40 12 80 69 00 20 00 00 00 00 01 00 00 E1 00 00
T$12 s1 f 41 12 80 69 00 20 00 00 00 00 01 00 00 E1 00 00
T$12 s1 f 42 12 80 68 00 20 00 00 00 00 01 00 00 E1 00 00
T$12 s1 f 43 12 80 68 00 20 00 00 00 00 00 00 00 E1 00 00
T$12 s1 f 44 12 80 67 00 20 00 00 00 00 00 00 00 E1 00 00
T$12 s1 f 45 12 80 67 00 20 00 00 00 00 00 00 00 E1 00 00
T$12 s1 f 46 12 80 66 00 20 00 00 00 00 00 00 00 E1 00 00
T$12 s1 f 47 12 80 66 00 20 00 00 00 00 00 00 00 E1 00 00
T$12 s1 f 48 12 80 65 00 20 00 00 00 00 00 00 00 E1 00 00
T$12 s1 f 49 12 80 65 00 20 00 00 00 00 00 00 00 E1 00 00
T$12 s1 f 50 12 80 64 00 20 00 00 00 00 00 00 00 E1 00 00
T$12 s1 f 51 12 80 64 00 20 00 00 00 00 00 00 00 E1 00 00
T$12 s1 f 52 12 80 63 00 20 00 00 00 00 00 00 00 E1 00 00
T$12 s1 f 53 12 80 63 00 20 00 00 00 00 00 00 00 E1 00 00
T$12 s1 f 54 12 80 62 00 20 00 00 00 00 00 00 00 E1 00 00
T$12 s1 f 55 12 80 62 00 20 00 00 00 00 00 00 00 E1 00 00
T$12 s1 f 56 12 80 61 00 20 00 00 00 00 00 00 00 E1 00 00
T$12 s1 f 57 12 80 61 00 20 00 00 00 00 00 00 00 E1 00 00
T$12 s1 f 58 12 80 60 00 20 00 00 00 00 00 00 00 E1 00 00
T$12 s1 f 59 12 80 60 00 20 00 00 00 00 00 00 00 E1 00 00
T$12 s1 f 60 12 80 5F 00 20 00 00 00 00 00 00 00 E1 00 00
T$12 s1 f 61 12 80 5F 00 20 00 00 00 00 00 00 00 E1 00 00
T$12 s1 f 62 12 80 5E 00 20 00 00 00 00 00 00 00 E1 00 00
T$12 s1 f 63 12 80 5E 00 20 00 00 00 00 00 00 00 E1 00 00
T$12 s1 f 64 12 80 5D 00 20 00 00 00 00 00 00 00 E1 00 00
T$12 s1 f 65 12 80 5D 00 20 00 00 00 00 00 00 00 E1 00 00
T$12 s1 f 66 12 80 5C 00 20 00 00 00 00 00 00 00 E1 00 00
T$12 s1 f 67 12 80 5C 00 20 00 00 00 00 00 00 00 E1 00 00
T$12 s1 f 68 12 80 5B 00 20 00 00 00 00 00 00 00 E1 00 00
T$12 s1 f 69 12 80 5B 00 20 00 00 00 00 00 00 00 E1 00 00
T$12 s1 f 70 12 80 5A 00 20 00 00 00 00 00 00 00 E1 00 00
T$12 s1 f 71 12 80 5A 00 20 00 00 00 00 00 00 00 E1 00 00
T$12 s1 f 72 12 80 59 00 20 00 00 00 00 00 00 00 E1 00 00
T$12 s1 f 73 12 80 59 00 20 00 00 00 00 00 00 00 E1 00 00
T$12 s1 f 74 12 80 58 00 20 00 00 00 00 01 00 00 E1 00 00
T$12 s1 f 75 12 80 58 00 20 00 00 00 00 00 00 00 E1 00 00
T$12 s1 f 76 12 80 57 00 20 00 00 00 00 00 00 00 E1 00 00
T$12 s1 f 77 12 80 57 00 20 00 00 00 00 00 00 00 E1 00 00
T$12 s1 f 78 12 80 56 00 20 00 00 00 00 00 00 00 E1 00 00
T$12 s1 f 79 12 80 56 00 20 00 00 00 00 00 00 00 E1 00 00
T$12 s1 f 80 12 80 55 00 20 00 00 00 00 00 00 00 E1 00 00
T$12 s1 f 81 12 80 55 00 20 00 00 00 00 00 00 00 E1 00 00
T$12 s1 f 82 12 80 54 00 20 00 00 00 00 00 00 00 E1 00 00
T$12 s1 f 83 12 80 54 00 20 00 00 00 00 00 00 00 E1 00 00
T$12 s1 f 84 12 80 53 00 20 00 00 00 00 00 00 00 E1 00 00
T$12 s1 f 85 12 80 53 00 20 00 00 00 00 00 00 00 E1 00 00
T$12 s1 f 86 12 80 52 00 20 00 00 00 00 00 00 00 E1 00 00
T$12 s1 f 87 12 80 52 00 20 00 00 00 00 00 00 00 E1 00 00
T$12 s1 f 88 12 80 51 00 20 00 00 00 00 00 00 00 E1 00 00
T$12 s1 f 89 12 80 51 00 20 00 00 00 00 00 00 00 E1 00 00
T$12 s1 f 90 12 80 50 00 20 00 00 00 00 00 00 00 E1 00 00
T$12 s1 f 91 12 80 50 00 20 00 00 00 00 00 00 00 E1 00 00
T$12 s1 f 92 12 80 4F 00 20 00 00 00 00 00 00 00 E1 00 00
T$12 s1 f 93 12 80 4F 00 20 00 00 00 00 00 00 00 E1 00 00
T$12 s1 f 94 12 80 4E 00 20 00 00 00 00 00 00 00 E1 00 00
T$12 s1 f 95 12 80 4E 00 20 00 00 00 00 00 00 00 E1 00 00
T$12 s1 f 96 12 80 4D 00 20 00 00 00 00 00 00 00 E1 00 00
T$12 s1 f 97 12 80 4D 00 20 00 00 00 00 00 00 00 E1 00 00
T$12 s1 f 98 12 80 4D 00 20 00 00 00 00 00 00 00 E1 00 00
T$12 s1 f 99 12 80 4D 00 20 00 00 00 00 00 00 00 E1 00 00
T$12 s1 f100 12 80 4D 00 20 00 00 00 00 00 00 00 E1 00 00
T$12 s1 f101 12 80 4D 00 20 00 00 00 00 00 00 00 E1 00 00
T$12 s1 f102 12 80 4D 00 20 00 00 00 00 00 00 00 E1 00 00
T$12 s1 f103 12 80 4D 00 20 00 00 00 00 00 00 00 E1 00 00
T$12 s1 f104 12 80 4D 00 20 00 00 00 00 00 00 00 E1 00 00
T$12 s1 f105 12 80 4D 00 20 00 00 00 00 00 00 00 E1 00 00
T$12 s1 f106 12 80 4D 00 20 00 00 00 00 00 00 00 E1 00 00
T$12 s1 f107 12 80 4D 00 20 00 00 00 00 00 00 00 E1 00 00
T$12 s1 f108 12 80 4D 00 20 00 00 00 00 00 00 00 E1 00 00
T$12 s1 f109 12 80 4D 00 20 00 00 00 00 00 00 00 E1 00 00
T$12 s1 f110 12 80 4D 00 20 00 00 00 00 00 00 00 E1 00 00
T$12 s1 f111 12 80 4D 00 20 00 00 00 00 00 00 00 E1 00 00
T$12 s1 f112 12 80 4D 00 20 00 00 00 00 00 00 00 E1 00 00
T$12 s1 f113 12 80 4D 00 20 00 00 00 00 00 00 00 E1 00 00
T$12 s1 f114 12 80 4D 00 20 00 00 00 00 00 00 00 E1 00 00
T$12 s1 f115 12 80 4D 00 20 00 00 00 00 00 00 00 E1 00 00
T$12 s1 f116 12 80 4D 00 20 00 00 00 00 00 00 00 E1 00 00
T$12 s1 f117 12 80 4D 00 20 00 00 00 00 00 00 00 E1 00 00
T$12 s1 f118 12 80 4D 00 20 00 00 00 00 00 00 00 E1 00 00
T$12 s1 f119 12 80 4D 00 20 00 00 00 00 00 00 00 E1 00 00
T$12 s1 f120 12 80 4D 00 20 00 00 00 00 00 00 00 E1 00 00
T$12 s1 f121 12 80 4D 00 20 00 00 00 00 00 00 00 E1 00 00
T$12 s1 f122 12 80 4D 00 20 00 00 00 00 00 00 00 E1 00 00
T$12 s1 f123 12 80 4D 00 20 00 00 00 00 00 00 00 E1 00 00
T$12 s1 f124 12 80 4D 00 20 00 00 00 00 00 00 00 E1 00 00
T$12 s1 f125 12 80 4D 00 20 00 00 00 00 00 00 00 E1 00 00
T$12 s1 f126 12 80 4D 00 20 00 00 00 00 00 00 00 E1 00 00
T$12 s1 f127 12 80 4D 00 20 00 00 00 00 00 00 00 E1 00 00
T$12 s1 f128 12 80 4D 00 20 00 00 00 00 00 00 00 E1 00 00
T$12 s1 f129 12 80 4D 00 20 00 00 00 00 00 00 00 E1 00 00
T$12 s1 f130 12 80 4D 00 20 00 00 00 00 00 00 00 E1 00 00
T$12 s1 f131 12 80 4D 00 20 00 00 00 00 00 00 00 E1 00 00
T$12 s1 f132 12 80 4D 00 20 00 00 00 00 00 00 00 E1 00 00
T$12 s1 f133 12 80 4D 00 20 00 00 00 00 00 00 00 E1 00 00
T$12 s1 f134 12 80 4D 00 20 00 00 00 00 00 00 00 E1 00 00
T$12 s1 f135 12 80 4D 00 20 00 00 00 00 00 00 00 E1 00 00
T$12 s1 f136 12 80 4D 00 20 00 00 00 00 00 00 00 E1 00 00
T$12 s1 f137 12 80 4D 00 20 00 00 00 00 00 00 00 E1 00 00
T$12 s1 f138 12 80 4D 00 20 00 00 00 00 00 00 00 E1 00 00
T$12 s1 f139 12 80 4D 00 20 00 00 00 00 00 00 00 E1 00 00
T$12 s1 f140 12 80 4D 00 20 00 00 00 00 00 00 00 E1 00 00
T$12 s1 f141 12 80 4D 00 20 00 00 00 00 00 00 00 E1 00 00
T$12 s1 f142 12 80 4D 00 20 00 00 00 00 00 00 00 E1 00 00
T$12 s1 f143 12 80 4D 00 20 00 00 00 00 00 00 00 E1 00 00
T$12 s1 f144 12 80 4D 00 20 00 00 00 00 00 00 00 E1 00 00
T$12 s1 f145 12 80 4D 00 20 00 00 00 00 00 00 00 E1 00 00
T$12 s1 f146 12 80 4D 00 20 00 00 00 00 00 00 00 E1 00 00
T$12 s1 f147 12 80 4D 00 20 00 00 00 00 00 00 00 E1 00 00
T$12 s1 f148 12 80 4D 00 20 00 00 00 00 00 00 00 E1 00 00
T$12 s1 f149 12 80 4D 00 20 00 00 00 00 00 00 00 E1 00 00
T$12 s1 f150 12 80 4D 00 20 00 00 00 00 00 00 00 E1 00 00
T$12 s1 f151 12 80 4D 00 20 00 00 00 00 00 00 00 E1 00 00
T$12 s1 f152 12 80 4D 00 20 00 00 00 00 00 00 00 E1 00 00
T$12 s1 f153 12 80 4D 00 20 00 00 00 00 00 00 00 E1 00 00
T$12 s1 f154 12 80 4D 00 20 00 00 00 00 00 00 00 E1 00 00
T$12 s1 f155 12 80 4D 00 20 00 00 00 00 00 00 00 E1 00 00
T$12 s1 f156 12 80 4D 00 20 00 00 00 00 00 00 00 E1 00 00
T$12 s1 f157 12 80 4D 00 20 00 00 00 00 00 00 00 E1 00 00
T$12 s1 f158 12 80 4D 00 20 00 00 00 00 00 00 00 E1 00 00
T$12 s1 f159 12 80 4D 00 20 00 00 00 00 00 00 00 E1 00 00
T$12 s1 f160 12 80 4D 00 20 00 00 00 00 00 00 00 E1 00 00
T$12 s1 f161 12 80 4D 00 20 00 00 00 00 00 00 00 E1 00 00
T$12 s1 f162 12 80 4D 00 20 00 00 00 00 00 00 00 E1 00 00
T$12 s1 f163 12 80 4D 00 20 00 00 00 00 00 00 00 E1 00 00
T$12 s1 f164 12 80 4D 00 20 00 00 00 00 00 00 00 E1 00 00
T$12 s1 f165 12 80 4D 00 20 00 00 00 00 00 00 00 E1 00 00
T$12 s1 f166 12 80 4D 00 20 00 00 00 00 00 00 00 E1 00 00
T$12 s1 f167 12 80 4D 00 20 00 00 00 00 00 00 00 E1 00 00
T$12 s1 f168 12 80 4D 00 20 00 00 00 00 00 00 00 E1 00 00
T$12 s1 f169 12 80 4D 00 20 00 00 00 00 00 00 00 E1 00 00
T$12 s1 f170 12 80 4D 00 20 00 00 00 00 00 00 00 E1 00 00
T$12 s1 f171 12 80 4D 00 20 00 00 00 00 00 00 00 E1 00 00
T$12 s1 f172 12 80 4D 00 20 00 00 00 00 00 00 00 E1 00 00
T$12 s1 f173 12 80 4D 00 20 00 00 00 00 00 00 00 E1 00 00
T$12 s1 f174 12 80 4D 00 20 00 00 00 00 00 00 00 E1 00 00
T$12 s1 f175 12 80 4D 00 20 00 00 00 00 00 00 00 E1 00 00
T$12 s1 f176 12 80 4D 00 20 00 00 00 00 00 00 00 E1 00 00
T$12 s1 f177 12 80 4D 00 20 00 00 00 00 00 00 00 E1 00 00
T$12 s1 f178 12 80 4D 00 20 00 00 00 00 00 00 00 E1 00 00
T$12 s1 f179 12 80 4D 00 20 00 00 00 00 00 00 00 E1 00 00
T$12 s1 f180 12 80 4D 00 20 00 00 00 00 00 00 00 E1 00 00
T$12 s1 f181 12 80 4D 00 20 00 00 00 00 00 00 00 E1 00 00
T$12 s1 f182 12 80 4D 00 20 00 00 00 00 00 00 00 E1 00 00
T$12 s1 f183 12 80 4D 00 20 00 00 00 00 00 00 00 E1 00 00
T$12 s1 f184 12 80 4D 00 20 00 00 00 00 00 00 00 E1 00 00
T$12 s1 f185 12 80 4D 00 20 00 00 00 00 00 00 00 E1 00 00
T$12 s1 f186 12 80 4D 00 20 00 00 00 00 00 00 00 E1 00 00
T$12 s1 f187 12 80 4D 00 20 00 00 00 00 00 00 00 E1 00 00
T$12 s1 f188 12 80 4D 00 20 00 00 00 00 00 00 00 E1 00 00
T$12 s1 f189 12 80 4D 00 20 00 00 00 00 00 00 00 E1 00 00
T$12 s1 f190 12 80 4D 00 20 00 00 00 00 00 00 00 E1 00 00
T$12 s1 f191 12 80 4D 00 20 00 00 00 00 00 00 00 E1 00 00
T$12 s1 f192 12 80 4D 00 20 00 00 00 00 00 00 00 E1 00 00
T$12 s1 f193 12 80 4D 00 20 00 00 00 00 00 00 00 E1 00 00
T$12 s1 f194 12 80 4D 00 20 00 00 00 00 00 00 00 E1 00 00
T$12 s1 f195 12 80 4D 00 20 00 00 00 00 00 00 00 E1 00 00
T$12 s1 f196 12 80 4D 00 20 00 00 00 00 00 00 00 E1 00 00
T$12 s1 f197 12 80 4D 00 20 00 00 00 00 00 00 00 E1 00 00
T$12 s1 f198 12 80 4D 00 20 00 00 00 00 00 00 00 E1 00 00
T$12 s1 f199 12 80 4D 00 20 00 00 00 00 00 00 00 E1 00 00
T$12 s1 f200 12 80 4D 00 20 00 00 00 00 00 00 00 E1 00 00
T$12 s1 f201 12 80 4D 00 20 00 00 00 00 00 00 00 E1 00 00
T$12 s1 f202 12 80 4D 00 20 00 00 00 00 00 00 00 E1 00 00
T$12 s1 f203 12 80 4D 00 20 00 00 00 00 00 00 00 E1 00 00
T$12 s1 f204 12 80 4D 00 20 00 00 00 00 00 00 00 E1 00 00
T$12 s1 f205 12 80 4D 00 20 00 00 00 00 00 00 00 E1 00 00
T$12 s1 f206 12 80 4D 00 20 00 00 00 00 00 00 00 E1 00 00
T$12 s1 f207 12 80 4D 00 20 00 00 00 00 00 00 00 E1 00 00
T$12 s1 f208 12 80 4D 00 20 00 00 00 00 00 00 00 E1 00 00
T$12 s1 f209 12 80 4D 00 20 00 00 00 00 00 00 00 E1 00 00
T$12 s1 f210 12 80 4D 00 20 00 00 00 00 00 00 00 E1 00 00
T$12 s1 f211 12 80 4D 00 20 00 00 00 00 00 00 00 E1 00 00
T$12 s1 f212 12 80 4D 00 20 00 00 00 00 00 00 00 E1 00 00
T$12 s1 f213 12 80 4D 00 20 00 00 00 00 00 00 00 E1 00 00
T$12 s1 f214 12 80 4D 00 20 00 00 00 00 00 00 00 E1 00 00
T$12 s1 f215 12 80 4D 00 20 00 00 00 00 00 00 00 E1 00 00
T$12 s1 f216 12 80 4D 00 20 00 00 00 00 00 00 00 E1 00 00
T$12 s1 f217 12 80 4D 00 20 00 00 00 00 00 00 00 E1 00 00
T$12 s1 f218 12 80 4D 00 20 00 00 00 00 00 00 00 E1 00 00
T$12 s1 f219 12 80 4D 00 20 00 00 00 00 00 00 00 E1 00 00
T$12 s1 f220 12 80 4D 00 20 00 00 00 00 00 00 00 E1 00 00
T$12 s1 f221 12 80 4D 00 20 00 00 00 00 00 00 00 E1 00 00
T$12 s1 f222 12 80 4D 00 20 00 00 00 00 00 00 00 E1 00 00
T$12 s1 f223 12 80 4D 00 20 00 00 00 00 00 00 00 E1 00 00
T$12 s1 f224 12 80 4D 00 20 00 00 00 00 00 00 00 E1 00 00
T$12 s1 f225 12 80 4D 00 20 00 00 00 00 00 00 00 E1 00 00
T$12 s1 f226 12 80 4D 00 20 00 00 00 00 00 00 00 E1 00 00
T$12 s1 f227 12 80 4D 00 20 00 00 00 00 00 00 00 E1 00 00
T$12 s1 f228 12 80 4D 00 20 00 00 00 00 00 00 00 E1 00 00
T$12 s1 f229 12 80 4D 00 20 00 00 00 00 00 00 00 E1 00 00
T$12 s1 f230 12 80 4D 00 20 00 00 00 00 00 00 00 E1 00 00
T$12 s1 f231 12 80 4D 00 20 00 00 00 00 00 00 00 E1 00 00
T$12 s1 f232 12 80 4D 00 20 00 00 00 00 00 00 00 E1 00 00
T$12 s1 f233 12 80 4D 00 20 00 00 00 00 00 00 00 E1 00 00
T$12 s1 f234 12 80 4D 00 20 00 00 00 00 00 00 00 E1 00 00
T$12 s1 f235 12 80 4D 00 20 00 00 00 00 00 00 00 E1 00 00
T$12 s1 f236 12 80 4D 00 20 00 00 00 00 00 00 00 E1 00 00
T$12 s1 f237 12 80 4D 00 20 00 00 00 00 00 00 00 E1 00 00
T$12 s1 f238 12 80 4D 00 20 00 00 00 00 00 00 00 E1 00 00
T$12 s1 f239 12 80 4D 00 20 00 00 00 00 00 00 00 E1 00 00
T$13 s1 f  0 13 80 78 00 20 00 00 03 00 00 00 00 E1 00 00
T$13 s1 f  1 13 80 78 00 20 00 00 02 00 00 00 00 E1 00 00
T$13 s1 f  2 13 80 78 00 20 00 00 01 00 00 00 00 E1 00 00
T$13 s1 f  3 13 80 78 00 20 00 00 06 00 00 00 00 E1 00 00
T$13 s1 f  4 13 80 78 00 20 00 00 05 00 00 00 00 E1 00 00
T$13 s1 f  5 13 80 78 00 20 00 00 04 00 00 00 00 E1 00 00
T$13 s1 f  6 13 80 78 00 20 00 00 03 00 00 00 00 E1 00 00
T$13 s1 f  7 13 80 78 00 20 00 00 02 00 00 00 00 E1 00 00
T$13 s1 f  8 13 80 78 00 20 00 00 01 00 00 00 00 E1 00 00
T$13 s1 f  9 13 80 78 00 20 00 00 06 00 00 00 00 E1 00 00
T$13 s1 f 10 13 80 78 00 18 00 00 05 00 00 00 00 E1 00 00
T$13 s1 f 11 13 80 78 00 18 00 00 04 00 00 00 00 E1 00 00
T$13 s1 f 12 13 80 78 00 18 00 00 03 00 00 00 00 E1 00 00
T$13 s1 f 13 13 81 78 00 18 00 00 02 00 00 00 00 E1 00 00
T$13 s1 f 14 13 81 78 00 18 00 00 01 00 00 00 00 E1 00 00
T$13 s1 f 15 13 82 78 00 18 00 00 00 00 00 00 00 E1 00 00
T$13 s1 f 16 13 82 78 00 18 00 00 00 00 00 00 00 E1 00 00
T$13 s1 f 17 13 82 78 00 18 00 00 00 00 00 00 00 E1 00 00
T$13 s1 f 18 13 83 78 00 18 00 00 00 00 00 00 00 E1 00 00
T$13 s1 f 19 13 83 78 00 18 00 00 00 00 00 00 00 E1 00 00
T$13 s1 f 20 13 83 78 00 18 00 00 00 00 00 00 00 E1 00 00
T$13 s1 f 21 13 84 78 00 18 00 00 00 00 00 00 00 E1 00 00
T$13 s1 f 22 13 84 78 00 18 00 00 00 00 00 00 00 E1 00 00
T$13 s1 f 23 13 85 78 00 18 00 00 00 00 00 00 00 E1 00 00
T$13 s1 f 24 13 85 78 00 18 00 00 00 00 00 00 00 E1 00 00
T$13 s1 f 25 13 85 78 00 18 00 00 00 00 00 00 00 E1 00 00
T$13 s1 f 26 13 86 78 00 18 00 00 00 00 00 00 00 E1 00 00
T$13 s1 f 27 13 86 78 00 18 00 00 00 00 00 00 00 E1 00 00
T$13 s1 f 28 13 86 78 00 18 00 00 00 00 00 00 00 E1 00 00
T$13 s1 f 29 13 87 78 00 18 00 00 00 00 00 00 00 E1 00 00
T$13 s1 f 30 13 87 78 00 18 00 00 00 00 00 00 00 E1 00 00
T$13 s1 f 31 13 88 78 00 18 00 00 00 00 00 00 00 E1 00 00
T$13 s1 f 32 13 88 78 00 18 00 00 00 00 00 00 00 E1 00 00
T$13 s1 f 33 13 88 78 00 18 00 00 00 00 00 00 00 E1 00 00
T$13 s1 f 34 13 89 78 00 18 00 00 00 00 00 00 00 E1 00 00
T$13 s1 f 35 13 89 78 00 18 00 00 00 00 00 00 00 E1 00 00
T$13 s1 f 36 13 89 78 00 18 00 00 00 00 00 00 00 E1 00 00
T$13 s1 f 37 13 8A 78 00 18 00 00 00 00 00 00 00 E1 00 00
T$13 s1 f 38 13 8A 78 00 18 00 00 00 00 00 00 00 E1 00 00
T$13 s1 f 39 13 8B 78 00 18 00 00 18 00 01 00 00 E1 00 00
T$13 s1 f 40 13 8B 78 00 18 00 00 17 00 01 00 00 E1 00 00
T$13 s1 f 41 13 8B 78 00 18 00 00 16 00 01 00 00 E1 00 00
T$13 s1 f 42 13 8B 78 00 18 00 00 15 00 01 00 00 E1 00 00
T$13 s1 f 43 13 8B 78 00 18 00 00 14 00 01 00 00 E1 00 00
T$13 s1 f 44 13 8B 78 00 18 00 00 13 00 01 00 00 E1 00 00
T$13 s1 f 45 13 8B 78 00 18 00 00 12 00 01 00 00 E1 00 00
T$13 s1 f 46 13 8B 78 00 18 00 00 11 00 01 00 00 E1 00 00
T$13 s1 f 47 13 8B 78 00 18 00 00 10 00 01 00 00 E1 00 00
T$13 s1 f 48 13 8B 78 00 18 00 00 0F 00 01 00 00 E1 00 00
T$13 s1 f 49 13 8B 78 00 18 00 00 0E 00 01 00 00 E1 00 00
T$13 s1 f 50 13 8B 78 00 18 00 00 0D 00 01 00 00 E1 00 00
T$13 s1 f 51 13 8B 78 00 18 00 00 0C 00 01 00 00 E1 00 00
T$13 s1 f 52 13 8B 78 00 18 00 00 0B 00 01 00 00 E1 00 00
T$13 s1 f 53 13 8B 78 00 18 00 00 0A 00 01 00 00 E1 00 00
T$13 s1 f 54 13 8B 78 00 18 00 00 09 00 01 00 00 E1 00 00
T$13 s1 f 55 13 8B 78 00 18 00 00 08 00 01 00 00 E1 00 00
T$13 s1 f 56 13 8B 78 00 18 00 00 07 00 01 00 00 E1 00 00
T$13 s1 f 57 13 8B 78 00 18 00 00 06 00 01 00 00 E1 00 00
T$13 s1 f 58 13 8B 78 00 18 00 00 05 00 01 00 00 E1 00 00
T$13 s1 f 59 13 8B 78 00 18 00 00 04 00 00 00 00 E1 00 00
T$13 s1 f 60 13 8B 78 00 18 00 00 03 00 00 00 00 E1 00 00
T$13 s1 f 61 13 8B 79 00 18 00 00 02 00 00 00 00 E1 00 00
T$13 s1 f 62 13 8B 79 00 18 00 00 01 00 00 00 00 E1 00 00
T$13 s1 f 63 13 8B 79 00 18 00 00 00 00 00 00 00 E1 00 00
T$13 s1 f 64 13 8B 7A 00 18 00 00 00 00 00 00 00 E1 00 00
T$13 s1 f 65 13 8B 7A 00 18 00 00 00 00 00 00 00 E1 00 00
T$13 s1 f 66 13 8B 7B 00 18 00 00 00 00 00 00 00 E1 00 00
T$13 s1 f 67 13 8B 7B 00 18 00 00 00 00 00 00 00 E1 00 00
T$13 s1 f 68 13 8B 7B 00 18 00 00 00 00 00 00 00 E1 00 00
T$13 s1 f 69 13 8B 7C 00 18 00 00 00 00 00 00 00 E1 00 00
T$13 s1 f 70 13 8B 7C 00 18 00 00 00 00 00 00 00 E1 00 00
T$13 s1 f 71 13 8B 7C 00 18 00 00 00 00 00 00 00 E1 00 00
T$13 s1 f 72 13 8B 7D 00 18 00 00 00 00 00 00 00 E1 00 00
T$13 s1 f 73 13 8B 7D 00 18 00 00 00 00 00 00 00 E1 00 00
T$13 s1 f 74 13 8B 7E 00 18 00 00 00 00 00 00 00 E1 00 00
T$13 s1 f 75 13 8B 7E 00 18 00 00 00 00 00 00 00 E1 00 00
T$13 s1 f 76 13 8B 7E 00 18 00 00 00 00 00 00 00 E1 00 00
T$13 s1 f 77 13 8B 7F 00 18 00 00 00 00 00 00 00 E1 00 00
T$13 s1 f 78 13 8B 7F 00 18 00 00 00 00 00 00 00 E1 00 00
T$13 s1 f 79 13 8B 7F 00 18 00 00 00 00 00 00 00 E1 00 00
T$13 s1 f 80 13 8B 80 00 18 00 00 00 00 00 00 00 E1 00 00
T$13 s1 f 81 13 8B 80 00 18 00 00 00 00 00 00 00 E1 00 00
T$13 s1 f 82 13 8B 81 00 18 00 00 00 00 00 00 00 E1 00 00
T$13 s1 f 83 13 8B 81 00 18 00 00 00 00 00 00 00 E1 00 00
T$13 s1 f 84 13 8B 81 00 18 00 00 00 00 00 00 00 E1 00 00
T$13 s1 f 85 13 8B 82 00 18 00 00 00 00 00 00 00 E1 00 00
T$13 s1 f 86 13 8B 82 00 18 00 00 00 00 00 00 00 E1 00 00
T$13 s1 f 87 13 8B 82 00 18 00 00 00 00 00 00 00 E1 00 00
T$13 s1 f 88 13 8B 83 00 18 00 00 00 00 00 00 00 E1 00 00
T$13 s1 f 89 13 8B 83 00 18 00 00 00 00 00 00 00 E1 00 00
T$13 s1 f 90 13 8B 84 00 18 00 00 00 00 00 00 00 E1 00 00
T$13 s1 f 91 13 8B 84 00 18 00 00 00 00 00 00 00 E1 00 00
T$13 s1 f 92 13 8B 84 00 18 00 00 00 00 00 00 00 E1 00 00
T$13 s1 f 93 13 8B 85 00 18 00 00 00 00 00 00 00 E1 00 00
T$13 s1 f 94 13 8B 85 00 18 00 00 00 00 00 00 00 E1 00 00
T$13 s1 f 95 13 8B 85 00 18 00 00 00 00 00 00 00 E1 00 00
T$13 s1 f 96 13 8B 86 00 18 00 00 00 00 00 00 00 E1 00 00
T$13 s1 f 97 13 8B 86 00 18 00 00 00 00 00 00 00 E1 00 00
T$13 s1 f 98 13 8B 87 00 18 00 00 00 00 00 00 00 E1 00 00
T$13 s1 f 99 13 8B 87 00 18 00 00 00 00 00 00 00 E1 00 00
T$13 s1 f100 13 8B 87 00 18 00 00 00 00 00 00 00 E1 00 00
T$13 s1 f101 13 8B 88 00 18 00 00 18 00 00 00 00 E1 00 00
T$13 s1 f102 13 8B 88 00 18 00 00 17 00 00 00 00 E1 00 00
T$13 s1 f103 13 8B 88 00 18 00 00 16 00 00 00 00 E1 00 00
T$13 s1 f104 13 8B 88 00 18 00 00 15 00 00 00 00 E1 00 00
T$13 s1 f105 13 8B 88 00 18 00 00 14 00 00 00 00 E1 00 00
T$13 s1 f106 13 8B 88 00 18 00 00 13 00 00 00 00 E1 00 00
T$13 s1 f107 13 8B 88 00 18 00 00 12 00 00 00 00 E1 00 00
T$13 s1 f108 13 8B 88 00 18 00 00 11 00 00 00 00 E1 00 00
T$13 s1 f109 13 8B 88 00 18 00 00 10 00 00 00 00 E1 00 00
T$13 s1 f110 13 8B 88 00 18 00 00 0F 00 00 00 00 E1 00 00
T$13 s1 f111 13 8B 88 00 18 00 00 0E 00 00 00 00 E1 00 00
T$13 s1 f112 13 8B 88 00 18 00 00 0D 00 00 00 00 E1 00 00
T$13 s1 f113 13 8B 88 00 18 00 00 0C 00 00 00 00 E1 00 00
T$13 s1 f114 13 8B 88 00 18 00 00 0B 00 00 00 00 E1 00 00
T$13 s1 f115 13 8B 88 00 18 00 00 0A 00 00 00 00 E1 00 00
T$13 s1 f116 13 8B 88 00 18 00 00 09 00 00 00 00 E1 00 00
T$13 s1 f117 13 8B 88 00 18 00 00 08 00 00 00 00 E1 00 00
T$13 s1 f118 13 8B 88 00 18 00 00 07 00 00 00 00 E1 00 00
T$13 s1 f119 13 8B 88 00 18 00 00 06 00 00 00 00 E1 00 00
T$13 s1 f120 13 8B 88 00 18 00 00 05 00 00 00 00 E1 00 00
T$13 s1 f121 13 8B 88 00 18 00 00 04 00 00 00 00 E1 00 00
T$13 s1 f122 13 8B 88 00 18 00 00 03 00 00 00 00 E1 00 00
T$13 s1 f123 13 8B 89 00 18 00 00 02 00 00 00 00 E1 00 00
T$13 s1 f124 13 8B 89 00 18 00 00 01 00 00 00 00 E1 00 00
T$13 s1 f125 13 8B 8A 00 18 00 00 00 00 00 00 00 E1 00 00
T$13 s1 f126 13 8B 8A 00 18 00 00 00 00 00 00 00 E1 00 00
T$13 s1 f127 13 8B 8A 00 18 00 00 00 00 00 00 00 E1 00 00
T$13 s1 f128 13 8B 8B 00 18 00 00 00 00 00 00 00 E1 00 00
T$13 s1 f129 13 8B 8B 00 18 00 00 00 00 00 00 00 E1 00 00
T$13 s1 f130 13 8B 8B 00 18 00 00 00 00 00 00 00 E1 00 00
T$13 s1 f131 13 8B 8C 00 18 00 00 00 00 00 00 00 E1 00 00
T$13 s1 f132 13 8B 8C 00 18 00 00 00 00 00 00 00 E1 00 00
T$13 s1 f133 13 8B 8D 00 18 00 00 00 00 00 00 00 E1 00 00
T$13 s1 f134 13 8B 8D 00 18 00 00 00 00 00 00 00 E1 00 00
T$13 s1 f135 13 8B 8D 00 18 00 00 00 00 00 00 00 E1 00 00
T$13 s1 f136 13 8B 8E 00 18 00 00 00 00 00 00 00 E1 00 00
T$13 s1 f137 13 8B 8E 00 18 00 00 00 00 00 00 00 E1 00 00
T$13 s1 f138 13 8B 8E 00 18 00 00 00 00 00 00 00 E1 00 00
T$13 s1 f139 13 8B 8F 00 18 00 00 00 00 00 00 00 E1 00 00
T$13 s1 f140 13 8B 8F 00 18 00 00 00 00 00 00 00 E1 00 00
T$13 s1 f141 13 8B 90 00 18 00 00 00 00 00 00 00 E1 00 00
T$13 s1 f142 13 8B 90 00 18 00 00 00 00 00 00 00 E1 00 00
T$13 s1 f143 13 8B 90 00 18 00 00 00 00 00 00 00 E1 00 00
T$13 s1 f144 13 8B 91 00 18 00 00 00 00 00 00 00 E1 00 00
T$13 s1 f145 13 8B 91 00 18 00 00 00 00 00 00 00 E1 00 00
T$13 s1 f146 13 8B 91 00 18 00 00 00 00 00 00 00 E1 00 00
T$13 s1 f147 13 8B 92 00 18 00 00 00 00 00 00 00 E1 00 00
T$13 s1 f148 13 8B 92 00 18 00 00 00 00 00 00 00 E1 00 00
T$13 s1 f149 13 8B 93 00 18 00 00 00 00 00 00 00 E1 00 00
T$13 s1 f150 13 8B 93 00 18 00 00 00 00 00 00 00 E1 00 00
T$13 s1 f151 13 8B 93 00 18 00 00 00 00 00 00 00 E1 00 00
T$13 s1 f152 13 8B 94 00 18 00 00 00 00 00 00 00 E1 00 00
T$13 s1 f153 13 8B 94 00 18 00 00 00 00 00 00 00 E1 00 00
T$13 s1 f154 13 8B 94 00 18 00 00 00 00 00 00 00 E1 00 00
T$13 s1 f155 13 8B 95 00 18 00 00 00 00 00 00 00 E1 00 00
T$13 s1 f156 13 8B 95 00 18 00 00 00 00 00 00 00 E1 00 00
T$13 s1 f157 13 8B 96 00 18 00 00 00 00 00 00 00 E1 00 00
T$13 s1 f158 13 8B 96 00 18 00 00 00 00 00 00 00 E1 00 00
T$13 s1 f159 13 8B 96 00 18 00 00 00 00 00 00 00 E1 00 00
T$13 s1 f160 13 8B 97 00 18 00 00 00 00 00 00 00 E1 00 00
T$13 s1 f161 13 8B 97 00 18 00 00 00 00 00 00 00 E1 00 00
T$13 s1 f162 13 8B 97 00 18 00 00 00 00 00 00 00 E1 00 00
T$13 s1 f163 13 8B 98 00 18 00 00 38 00 01 00 00 E1 00 00
T$13 s1 f164 13 8B 98 00 18 00 00 37 00 01 00 00 E1 00 00
T$13 s1 f165 13 8B 98 00 18 00 00 36 00 01 00 00 E1 00 00
T$13 s1 f166 13 8B 98 00 18 00 00 35 00 01 00 00 E1 00 00
T$13 s1 f167 13 8B 98 00 18 00 00 34 00 01 00 00 E1 00 00
T$13 s1 f168 13 8B 98 00 18 00 00 33 00 01 00 00 E1 00 00
T$13 s1 f169 13 8B 98 00 18 00 00 32 00 01 00 00 E1 00 00
T$13 s1 f170 13 8B 98 00 18 00 00 31 00 01 00 00 E1 00 00
T$13 s1 f171 13 8B 98 00 18 00 00 30 00 01 00 00 E1 00 00
T$13 s1 f172 13 8B 98 00 18 00 00 2F 00 01 00 00 E1 00 00
T$13 s1 f173 13 8B 98 00 18 00 00 2E 00 01 00 00 E1 00 00
T$13 s1 f174 13 8B 98 00 18 00 00 2D 00 01 00 00 E1 00 00
T$13 s1 f175 13 8B 98 00 18 00 00 2C 00 01 00 00 E1 00 00
T$13 s1 f176 13 8B 98 00 18 00 00 2B 00 01 00 00 E1 00 00
T$13 s1 f177 13 8B 98 00 18 00 00 2A 00 01 00 00 E1 00 00
T$13 s1 f178 13 8B 98 00 18 00 00 29 00 01 00 00 E1 00 00
T$13 s1 f179 13 8B 98 00 18 00 00 28 00 01 00 00 E1 00 00
T$13 s1 f180 13 8B 98 00 18 00 00 27 00 01 00 00 E1 00 00
T$13 s1 f181 13 8B 98 00 18 00 00 26 00 01 00 00 E1 00 00
T$13 s1 f182 13 8B 98 00 18 00 00 25 00 01 00 00 E1 00 00
T$13 s1 f183 13 8B 98 00 18 00 00 24 00 01 00 00 E1 00 00
T$13 s1 f184 13 8B 98 00 18 00 00 23 00 01 00 00 E1 00 00
T$13 s1 f185 13 8B 98 00 18 00 00 22 00 01 00 00 E1 00 00
T$13 s1 f186 13 8B 98 00 18 00 00 21 00 01 00 00 E1 00 00
T$13 s1 f187 13 8B 98 00 18 00 00 20 00 01 00 00 E1 00 00
T$13 s1 f188 13 8B 98 00 18 00 00 1F 00 01 00 00 E1 00 00
T$13 s1 f189 13 8B 98 00 18 00 00 1E 00 01 00 00 E1 00 00
T$13 s1 f190 13 8B 98 00 18 00 00 1D 00 01 00 00 E1 00 00
T$13 s1 f191 13 8B 98 00 18 00 00 1C 00 01 00 00 E1 00 00
T$13 s1 f192 13 8B 98 00 18 00 00 1B 00 01 00 00 E1 00 00
T$13 s1 f193 13 8B 98 00 18 00 00 1A 00 01 00 00 E1 00 00
T$13 s1 f194 13 8B 98 00 18 00 00 19 00 01 00 00 E1 00 00
T$13 s1 f195 13 8B 98 00 18 00 00 18 00 01 00 00 E1 00 00
T$13 s1 f196 13 8B 98 00 18 00 00 17 00 01 00 00 E1 00 00
T$13 s1 f197 13 8B 98 00 18 00 00 16 00 01 00 00 E1 00 00
T$13 s1 f198 13 8B 98 00 18 00 00 15 00 01 00 00 E1 00 00
T$13 s1 f199 13 8B 98 00 18 00 00 14 00 01 00 00 E1 00 00
T$13 s1 f200 13 8B 98 00 18 00 00 13 00 01 00 00 E1 00 00
T$13 s1 f201 13 8B 98 00 18 00 00 12 00 01 00 00 E1 00 00
T$13 s1 f202 13 8B 98 00 18 00 00 11 00 01 00 00 E1 00 00
T$13 s1 f203 13 8B 98 00 18 00 00 10 00 01 00 00 E1 00 00
T$13 s1 f204 13 8B 98 00 18 00 00 0F 00 01 00 00 E1 00 00
T$13 s1 f205 13 8B 98 00 18 00 00 0E 00 01 00 00 E1 00 00
T$13 s1 f206 13 8B 98 00 18 00 00 0D 00 01 00 00 E1 00 00
T$13 s1 f207 13 8B 98 00 18 00 00 0C 00 01 00 00 E1 00 00
T$13 s1 f208 13 8B 98 00 18 00 00 0B 00 01 00 00 E1 00 00
T$13 s1 f209 13 8B 98 00 18 00 00 0A 00 01 00 00 E1 00 00
T$13 s1 f210 13 8B 98 00 18 00 00 09 00 01 00 00 E1 00 00
T$13 s1 f211 13 8B 98 00 18 00 00 08 00 01 00 00 E1 00 00
T$13 s1 f212 13 8B 98 00 18 00 00 07 00 01 00 00 E1 00 00
T$13 s1 f213 13 8B 98 00 18 00 00 06 00 01 00 00 E1 00 00
T$13 s1 f214 13 8B 98 00 18 00 00 05 00 01 00 00 E1 00 00
T$13 s1 f215 13 8A 98 00 18 00 00 04 00 01 00 00 E1 00 00
T$13 s1 f216 13 8A 98 00 18 00 00 03 00 01 00 00 E1 00 00
T$13 s1 f217 13 8A 98 00 18 00 00 02 00 01 00 00 E1 00 00
T$13 s1 f218 13 89 98 00 18 00 00 01 00 01 00 00 E1 00 00
T$13 s1 f219 13 89 98 00 18 00 00 00 00 01 00 00 E1 00 00
T$13 s1 f220 13 89 98 00 18 00 00 00 00 01 00 00 E1 00 00
T$13 s1 f221 13 88 98 00 18 00 00 00 00 01 00 00 E1 00 00
T$13 s1 f222 13 88 98 00 18 00 00 00 00 01 00 00 E1 00 00
T$13 s1 f223 13 87 98 00 18 00 00 00 00 01 00 00 E1 00 00
T$13 s1 f224 13 87 98 00 18 00 00 00 00 01 00 00 E1 00 00
T$13 s1 f225 13 87 98 00 18 00 00 00 00 01 00 00 E1 00 00
T$13 s1 f226 13 86 98 00 18 00 00 00 00 01 00 00 E1 00 00
T$13 s1 f227 13 86 98 00 18 00 00 00 00 01 00 00 E1 00 00
T$13 s1 f228 13 86 98 00 18 00 00 00 00 01 00 00 E1 00 00
T$13 s1 f229 13 85 98 00 18 00 00 00 00 01 00 00 E1 00 00
T$13 s1 f230 13 85 98 00 18 00 00 00 00 01 00 00 E1 00 00
T$13 s1 f231 13 84 98 00 18 00 00 00 00 01 00 00 E1 00 00
T$13 s1 f232 13 84 98 00 18 00 00 00 00 01 00 00 E1 00 00
T$13 s1 f233 13 84 98 00 18 00 00 00 00 01 00 00 E1 00 00
T$13 s1 f234 13 83 98 00 18 00 00 00 00 01 00 00 E1 00 00
T$13 s1 f235 13 83 98 00 18 00 00 00 00 01 00 00 E1 00 00
T$13 s1 f236 13 83 98 00 18 00 00 00 00 01 00 00 E1 00 00
T$13 s1 f237 13 82 98 00 18 00 00 00 00 01 00 00 E1 00 00
T$13 s1 f238 13 82 98 00 18 00 00 00 00 01 00 00 E1 00 00
T$13 s1 f239 13 81 98 00 18 00 00 00 00 01 00 00 E1 00 00
T$14 s1 f  0 14 80 78 00 20 00 00 03 00 00 00 00 E1 00 00
T$14 s1 f  1 14 80 78 00 20 00 00 02 00 00 00 00 E1 00 00
T$14 s1 f  2 14 80 78 00 20 00 00 01 00 00 00 00 E1 00 00
T$14 s1 f  3 14 80 78 00 20 00 00 06 00 00 00 00 E1 00 00
T$14 s1 f  4 14 80 78 00 20 00 00 05 00 00 00 00 E1 00 00
T$14 s1 f  5 14 80 78 00 20 00 00 04 00 00 00 00 E1 00 00
T$14 s1 f  6 14 80 78 00 20 00 00 03 00 00 00 00 E1 00 00
T$14 s1 f  7 14 80 78 00 20 00 00 02 00 00 00 00 E1 00 00
T$14 s1 f  8 14 80 78 00 20 00 00 01 00 00 00 00 E1 00 00
T$14 s1 f  9 14 80 78 00 20 00 00 06 00 00 00 00 E1 00 00
T$14 s1 f 10 14 80 78 00 20 01 00 05 00 00 00 00 E1 00 00
T$14 s1 f 11 14 80 78 00 FF 01 00 04 00 00 00 00 E1 00 00
T$14 s1 f 12 14 80 78 00 FF 01 00 03 00 00 00 00 E1 00 00
T$14 s1 f 13 14 80 78 00 FF 01 00 02 00 00 00 00 E1 00 00
T$14 s1 f 14 14 80 78 00 FF 01 00 01 00 00 00 00 E1 00 00
T$14 s1 f 15 14 80 8D 00 FF 02 00 00 00 00 00 00 E1 00 00
T$14 s1 f 16 14 80 8E 00 40 02 00 00 00 00 00 00 E1 00 00
T$14 s1 f 17 14 80 8F 00 40 02 00 00 00 00 00 00 E1 00 00
T$14 s1 f 18 14 80 90 00 40 02 00 00 00 00 00 00 E1 00 00
T$14 s1 f 19 14 80 91 00 40 02 00 00 00 00 00 00 E1 00 00
T$14 s1 f 20 14 80 92 00 40 02 00 00 00 00 00 00 E1 00 00
T$14 s1 f 21 14 80 93 00 40 02 00 00 00 00 00 00 E1 00 00
T$14 s1 f 22 14 80 94 00 40 02 00 00 00 00 00 00 E1 00 00
T$14 s1 f 23 14 80 95 00 40 02 00 00 00 00 00 00 E1 00 00
T$14 s1 f 24 14 80 96 00 40 02 00 00 00 00 00 00 E1 00 00
T$14 s1 f 25 14 80 97 00 40 02 00 00 00 00 00 00 E1 00 00
T$14 s1 f 26 14 80 98 00 40 02 00 00 00 00 00 00 E1 00 00
T$14 s1 f 27 14 80 99 00 40 02 00 00 00 00 00 00 E1 00 00
T$14 s1 f 28 14 80 9A 00 40 02 00 00 00 00 00 00 E1 00 00
T$14 s1 f 29 14 80 9B 00 40 02 00 00 00 00 00 00 E1 00 00
T$14 s1 f 30 14 80 9C 00 40 02 00 00 00 00 00 00 E1 00 00
T$14 s1 f 31 14 80 9D 00 40 02 00 08 00 01 00 00 E1 00 00
T$14 s1 f 32 14 80 9D 00 40 02 00 07 00 01 00 00 E1 00 00
T$14 s1 f 33 14 80 9D 00 40 02 00 06 00 01 00 00 E1 00 00
T$14 s1 f 34 14 80 9D 00 40 02 00 05 00 01 00 00 E1 00 00
T$14 s1 f 35 14 80 9D 00 40 02 00 04 00 01 00 00 E1 00 00
T$14 s1 f 36 14 80 9D 00 40 02 00 03 00 01 00 00 E1 00 00
T$14 s1 f 37 14 80 9D 00 40 02 00 02 00 01 00 00 E1 00 00
T$14 s1 f 38 14 80 9D 00 40 02 00 01 00 01 00 00 E1 00 00
T$14 s1 f 39 14 80 9D 00 40 02 00 00 00 01 00 00 E1 00 00
T$14 s1 f 40 14 80 9D 00 40 02 00 00 00 01 00 00 E1 00 00
T$14 s1 f 41 14 80 9D 00 40 02 00 00 00 01 00 00 E1 00 00
T$14 s1 f 42 14 80 9D 00 40 02 00 00 00 01 00 00 E1 00 00
T$14 s1 f 43 14 80 9D 00 40 02 00 00 00 01 00 00 E1 00 00
T$14 s1 f 44 14 80 9D 00 40 02 00 00 00 01 00 00 E1 00 00
T$14 s1 f 45 14 80 9D 00 40 02 00 00 00 01 00 00 E1 00 00
T$14 s1 f 46 14 80 9D 00 40 02 00 00 00 01 00 00 E1 00 00
T$14 s1 f 47 14 80 9D 00 40 02 00 00 00 01 00 00 E1 00 00
T$14 s1 f 48 14 80 9D 00 40 02 00 00 00 01 00 00 E1 00 00
T$14 s1 f 49 14 80 9D 00 40 02 00 00 00 01 00 00 E1 00 00
T$14 s1 f 50 14 80 9D 00 40 02 00 28 00 01 00 00 E1 00 00
T$14 s1 f 51 14 80 9D 00 40 02 00 27 00 01 00 00 E1 00 00
T$14 s1 f 52 14 80 9D 00 40 02 00 26 00 01 00 00 E1 00 00
T$14 s1 f 53 14 80 9D 00 40 02 00 25 00 01 00 00 E1 00 00
T$14 s1 f 54 14 80 9D 00 40 02 00 24 00 01 00 00 E1 00 00
T$14 s1 f 55 14 80 9D 00 40 02 00 23 00 01 00 00 E1 00 00
T$14 s1 f 56 14 80 9D 00 40 02 00 22 00 01 00 00 E1 00 00
T$14 s1 f 57 14 80 9D 00 40 02 00 21 00 01 00 00 E1 00 00
T$14 s1 f 58 14 80 9D 00 40 02 00 20 00 01 00 00 E1 00 00
T$14 s1 f 59 14 80 9D 00 40 02 00 1F 00 01 00 00 E1 00 00
T$14 s1 f 60 14 80 9D 00 40 02 00 1E 00 01 00 00 E1 00 00
T$14 s1 f 61 14 80 9D 00 40 02 00 1D 00 01 00 00 E1 00 00
T$14 s1 f 62 14 80 9D 00 40 02 00 1C 00 01 00 00 E1 00 00
T$14 s1 f 63 14 80 9D 00 40 02 00 1B 00 01 00 00 E1 00 00
T$14 s1 f 64 14 80 9D 00 40 02 00 1A 00 01 00 00 E1 00 00
T$14 s1 f 65 14 80 9D 00 40 02 00 19 00 01 00 00 E1 00 00
T$14 s1 f 66 14 80 9D 00 40 02 00 18 00 01 00 00 E1 00 00
T$14 s1 f 67 14 80 9D 00 40 02 00 17 00 01 00 00 E1 00 00
T$14 s1 f 68 14 80 9D 00 40 02 00 16 00 01 00 00 E1 00 00
T$14 s1 f 69 14 80 9D 00 40 02 00 15 00 01 00 00 E1 00 00
T$14 s1 f 70 14 80 9D 00 40 02 00 14 00 01 00 00 E1 00 00
T$14 s1 f 71 14 80 9D 00 40 02 00 13 00 01 00 00 E1 00 00
T$14 s1 f 72 14 80 9D 00 40 02 00 12 00 01 00 00 E1 00 00
T$14 s1 f 73 14 80 9D 00 40 02 00 11 00 01 00 00 E1 00 00
T$14 s1 f 74 14 80 9D 00 40 02 00 10 00 01 00 00 E1 00 00
T$14 s1 f 75 14 80 9D 00 40 02 00 0F 00 01 00 00 E1 00 00
T$14 s1 f 76 14 80 9D 00 40 02 00 0E 00 01 00 00 E1 00 00
T$14 s1 f 77 14 80 9D 00 40 02 00 0D 00 01 00 00 E1 00 00
T$14 s1 f 78 14 80 9D 00 40 02 00 0C 00 01 00 00 E1 00 00
T$14 s1 f 79 14 80 9D 00 40 02 00 0B 00 01 00 00 E1 00 00
T$14 s1 f 80 14 80 9D 00 40 02 00 0A 00 01 00 00 E1 00 00
T$14 s1 f 81 14 80 9D 00 40 02 00 09 00 01 00 00 E1 00 00
T$14 s1 f 82 14 80 9D 00 40 02 00 08 00 01 00 00 E1 00 00
T$14 s1 f 83 14 80 9D 00 40 02 00 07 00 01 00 00 E1 00 00
T$14 s1 f 84 14 80 9D 00 40 02 00 06 00 01 00 00 E1 00 00
T$14 s1 f 85 14 80 9D 00 40 02 00 05 00 01 00 00 E1 00 00
T$14 s1 f 86 14 80 9C 00 40 02 00 04 00 01 00 00 E1 00 00
T$14 s1 f 87 14 80 9B 00 40 02 00 03 00 01 00 00 E1 00 00
T$14 s1 f 88 14 80 9A 00 40 02 00 02 00 01 00 00 E1 00 00
T$14 s1 f 89 14 80 99 00 40 02 00 01 00 01 00 00 E1 00 00
T$14 s1 f 90 14 80 98 00 40 02 00 00 00 01 00 00 E1 00 00
T$14 s1 f 91 14 80 97 00 40 02 00 00 00 01 00 00 E1 00 00
T$14 s1 f 92 14 80 96 00 40 02 00 00 00 01 00 00 E1 00 00
T$14 s1 f 93 14 80 95 00 40 02 00 00 00 01 00 00 E1 00 00
T$14 s1 f 94 14 80 94 00 40 02 00 00 00 01 00 00 E1 00 00
T$14 s1 f 95 14 80 93 00 40 02 00 00 00 01 00 00 E1 00 00
T$14 s1 f 96 14 80 92 00 40 02 00 00 00 01 00 00 E1 00 00
T$14 s1 f 97 14 80 91 00 40 02 00 00 00 01 00 00 E1 00 00
T$14 s1 f 98 14 80 90 00 40 02 00 00 00 01 00 00 E1 00 00
T$14 s1 f 99 14 80 8F 00 40 02 00 00 00 01 00 00 E1 00 00
T$14 s1 f100 14 80 8E 00 40 02 00 00 00 01 00 00 E1 00 00
T$14 s1 f101 14 80 8D 00 40 02 00 08 00 00 00 00 E1 00 00
T$14 s1 f102 14 80 8D 00 40 02 00 07 00 00 00 00 E1 00 00
T$14 s1 f103 14 80 8D 00 40 02 00 06 00 00 00 00 E1 00 00
T$14 s1 f104 14 80 8D 00 40 02 00 05 00 00 00 00 E1 00 00
T$14 s1 f105 14 80 8C 00 40 02 00 04 00 00 00 00 E1 00 00
T$14 s1 f106 14 80 8B 00 40 02 00 03 00 00 00 00 E1 00 00
T$14 s1 f107 14 80 8A 00 40 02 00 02 00 00 00 00 E1 00 00
T$14 s1 f108 14 80 89 00 40 02 00 01 00 00 00 00 E1 00 00
T$14 s1 f109 14 80 88 00 40 02 00 00 00 00 00 00 E1 00 00
T$14 s1 f110 14 80 87 00 40 02 00 00 00 00 00 00 E1 00 00
T$14 s1 f111 14 80 86 00 40 02 00 00 00 00 00 00 E1 00 00
T$14 s1 f112 14 80 85 00 40 02 00 00 00 00 00 00 E1 00 00
T$14 s1 f113 14 80 84 00 40 02 00 00 00 00 00 00 E1 00 00
T$14 s1 f114 14 80 83 00 40 02 00 00 00 00 00 00 E1 00 00
T$14 s1 f115 14 80 82 00 40 02 00 00 00 00 00 00 E1 00 00
T$14 s1 f116 14 80 81 00 40 02 00 00 00 00 00 00 E1 00 00
T$14 s1 f117 14 80 80 00 40 02 00 00 00 00 00 00 E1 00 00
T$14 s1 f118 14 80 7F 00 40 02 00 00 00 00 00 00 E1 00 00
T$14 s1 f119 14 80 7E 00 40 02 00 00 00 00 00 00 E1 00 00
T$14 s1 f120 14 80 7D 00 40 02 00 08 00 01 00 00 E1 00 00
T$14 s1 f121 14 80 7D 00 40 02 00 07 00 01 00 00 E1 00 00
T$14 s1 f122 14 80 7D 00 40 02 00 06 00 01 00 00 E1 00 00
T$14 s1 f123 14 80 7D 00 40 02 00 05 00 01 00 00 E1 00 00
T$14 s1 f124 14 80 7E 00 40 02 00 04 00 01 00 00 E1 00 00
T$14 s1 f125 14 80 7F 00 40 02 00 03 00 01 00 00 E1 00 00
T$14 s1 f126 14 80 80 00 40 02 00 02 00 01 00 00 E1 00 00
T$14 s1 f127 14 80 81 00 40 02 00 01 00 01 00 00 E1 00 00
T$14 s1 f128 14 80 82 00 40 02 00 00 00 01 00 00 E1 00 00
T$14 s1 f129 14 80 83 00 40 02 00 00 00 01 00 00 E1 00 00
T$14 s1 f130 14 80 84 00 40 02 00 00 00 01 00 00 E1 00 00
T$14 s1 f131 14 80 85 00 40 02 00 00 00 01 00 00 E1 00 00
T$14 s1 f132 14 80 86 00 40 02 00 00 00 01 00 00 E1 00 00
T$14 s1 f133 14 80 87 00 40 02 00 00 00 01 00 00 E1 00 00
T$14 s1 f134 14 80 88 00 40 02 00 00 00 01 00 00 E1 00 00
T$14 s1 f135 14 80 89 00 40 02 00 00 00 01 00 00 E1 00 00
T$14 s1 f136 14 80 8A 00 40 02 00 00 00 01 00 00 E1 00 00
T$14 s1 f137 14 80 8B 00 40 02 00 00 00 01 00 00 E1 00 00
T$14 s1 f138 14 80 8C 00 40 02 00 00 00 01 00 00 E1 00 00
T$14 s1 f139 14 80 8D 00 40 02 00 28 00 00 00 00 E1 00 00
T$14 s1 f140 14 80 8D 00 40 02 00 27 00 00 00 00 E1 00 00
T$14 s1 f141 14 80 8D 00 40 02 00 26 00 00 00 00 E1 00 00
T$14 s1 f142 14 80 8D 00 40 02 00 25 00 00 00 00 E1 00 00
T$14 s1 f143 14 80 8D 00 40 02 00 24 00 00 00 00 E1 00 00
T$14 s1 f144 14 80 8D 00 40 02 00 23 00 00 00 00 E1 00 00
T$14 s1 f145 14 80 8D 00 40 02 00 22 00 00 00 00 E1 00 00
T$14 s1 f146 14 80 8D 00 40 02 00 21 00 00 00 00 E1 00 00
T$14 s1 f147 14 80 8D 00 40 02 00 20 00 00 00 00 E1 00 00
T$14 s1 f148 14 80 8D 00 40 02 00 1F 00 00 00 00 E1 00 00
T$14 s1 f149 14 80 8D 00 40 02 00 1E 00 00 00 00 E1 00 00
T$14 s1 f150 14 80 8D 00 40 02 00 1D 00 00 00 00 E1 00 00
T$14 s1 f151 14 80 8D 00 40 02 00 1C 00 00 00 00 E1 00 00
T$14 s1 f152 14 80 8D 00 40 02 00 1B 00 00 00 00 E1 00 00
T$14 s1 f153 14 80 8D 00 40 02 00 1A 00 00 00 00 E1 00 00
T$14 s1 f154 14 80 8D 00 40 02 00 19 00 00 00 00 E1 00 00
T$14 s1 f155 14 80 8D 00 40 02 00 18 00 00 00 00 E1 00 00
T$14 s1 f156 14 80 8D 00 40 02 00 17 00 00 00 00 E1 00 00
T$14 s1 f157 14 80 8D 00 40 02 00 16 00 00 00 00 E1 00 00
T$14 s1 f158 14 80 8D 00 40 02 00 15 00 00 00 00 E1 00 00
T$14 s1 f159 14 80 8D 00 40 02 00 14 00 00 00 00 E1 00 00
T$14 s1 f160 14 80 8D 00 40 02 00 13 00 00 00 00 E1 00 00
T$14 s1 f161 14 80 8D 00 40 02 00 12 00 00 00 00 E1 00 00
T$14 s1 f162 14 80 8D 00 40 02 00 11 00 00 00 00 E1 00 00
T$14 s1 f163 14 80 8D 00 40 02 00 10 00 00 00 00 E1 00 00
T$14 s1 f164 14 80 8D 00 40 02 00 0F 00 00 00 00 E1 00 00
T$14 s1 f165 14 80 8D 00 40 02 00 0E 00 00 00 00 E1 00 00
T$14 s1 f166 14 80 8D 00 40 02 00 0D 00 00 00 00 E1 00 00
T$14 s1 f167 14 80 8D 00 40 02 00 0C 00 00 00 00 E1 00 00
T$14 s1 f168 14 80 8D 00 40 02 00 0B 00 00 00 00 E1 00 00
T$14 s1 f169 14 80 8D 00 40 02 00 0A 00 00 00 00 E1 00 00
T$14 s1 f170 14 80 8D 00 40 02 00 09 00 00 00 00 E1 00 00
T$14 s1 f171 14 80 8D 00 40 02 00 08 00 00 00 00 E1 00 00
T$14 s1 f172 14 80 8D 00 40 02 00 07 00 00 00 00 E1 00 00
T$14 s1 f173 14 80 8D 00 40 02 00 06 00 00 00 00 E1 00 00
T$14 s1 f174 14 80 8D 00 40 02 00 05 00 00 00 00 E1 00 00
T$14 s1 f175 14 80 8E 00 40 02 00 04 00 00 00 00 E1 00 00
T$14 s1 f176 14 80 8F 00 40 02 00 03 00 00 00 00 E1 00 00
T$14 s1 f177 14 80 90 00 40 02 00 02 00 00 00 00 E1 00 00
T$14 s1 f178 14 80 91 00 40 02 00 01 00 00 00 00 E1 00 00
T$14 s1 f179 14 80 92 00 40 02 00 00 00 00 00 00 E1 00 00
T$14 s1 f180 14 80 93 00 40 02 00 00 00 00 00 00 E1 00 00
T$14 s1 f181 14 80 94 00 40 02 00 00 00 00 00 00 E1 00 00
T$14 s1 f182 14 80 95 00 40 02 00 00 00 00 00 00 E1 00 00
T$14 s1 f183 14 80 96 00 40 02 00 00 00 00 00 00 E1 00 00
T$14 s1 f184 14 80 97 00 40 02 00 00 00 00 00 00 E1 00 00
T$14 s1 f185 14 80 98 00 40 02 00 00 00 00 00 00 E1 00 00
T$14 s1 f186 14 80 99 00 40 02 00 00 00 00 00 00 E1 00 00
T$14 s1 f187 14 80 9A 00 40 02 00 00 00 00 00 00 E1 00 00
T$14 s1 f188 14 80 9B 00 40 02 00 00 00 00 00 00 E1 00 00
T$14 s1 f189 14 80 9C 00 40 02 00 00 00 00 00 00 E1 00 00
T$14 s1 f190 14 80 9D 00 40 02 00 08 00 00 00 00 E1 00 00
T$14 s1 f191 14 80 9D 00 40 02 00 07 00 00 00 00 E1 00 00
T$14 s1 f192 14 80 9D 00 40 02 00 06 00 00 00 00 E1 00 00
T$14 s1 f193 14 80 9D 00 40 02 00 05 00 00 00 00 E1 00 00
T$14 s1 f194 14 80 9E 00 40 02 00 04 00 00 00 00 E1 00 00
T$14 s1 f195 14 80 9F 00 40 02 00 03 00 00 00 00 E1 00 00
T$14 s1 f196 14 80 A0 00 40 02 00 02 00 00 00 00 E1 00 00
T$14 s1 f197 14 80 A1 00 40 02 00 01 00 00 00 00 E1 00 00
T$14 s1 f198 14 80 A2 00 40 02 00 00 00 00 00 00 E1 00 00
T$14 s1 f199 14 80 A3 00 40 02 00 00 00 00 00 00 E1 00 00
T$14 s1 f200 14 80 A4 00 40 02 00 00 00 00 00 00 E1 00 00
T$14 s1 f201 14 80 A5 00 40 02 00 00 00 00 00 00 E1 00 00
T$14 s1 f202 14 80 A6 00 40 02 00 00 00 00 00 00 E1 00 00
T$14 s1 f203 14 80 A7 00 40 02 00 00 00 00 00 00 E1 00 00
T$14 s1 f204 14 80 A8 00 40 02 00 00 00 00 00 00 E1 00 00
T$14 s1 f205 14 80 A9 00 40 02 00 00 00 00 00 00 E1 00 00
T$14 s1 f206 14 80 AA 00 40 02 00 00 00 00 00 00 E1 00 00
T$14 s1 f207 14 80 AB 00 40 02 00 00 00 00 00 00 E1 00 00
T$14 s1 f208 14 80 AC 00 40 02 00 00 00 00 00 00 E1 00 00
T$14 s1 f209 14 80 AD 00 40 02 00 38 00 00 00 00 E1 00 00
T$14 s1 f210 14 80 AD 00 40 02 00 37 00 00 00 00 E1 00 00
T$14 s1 f211 14 80 AD 00 40 02 00 36 00 00 00 00 E1 00 00
T$14 s1 f212 14 80 AD 00 40 02 00 35 00 00 00 00 E1 00 00
T$14 s1 f213 14 80 AD 00 40 02 00 34 00 00 00 00 E1 00 00
T$14 s1 f214 14 80 AD 00 40 02 00 33 00 00 00 00 E1 00 00
T$14 s1 f215 14 80 AD 00 40 02 00 32 00 00 00 00 E1 00 00
T$14 s1 f216 14 80 AD 00 40 02 00 31 00 00 00 00 E1 00 00
T$14 s1 f217 14 80 AD 00 40 02 00 30 00 00 00 00 E1 00 00
T$14 s1 f218 14 80 AD 00 40 02 00 2F 00 00 00 00 E1 00 00
T$14 s1 f219 14 80 AD 00 40 02 00 2E 00 00 00 00 E1 00 00
T$14 s1 f220 14 80 AD 00 40 02 00 2D 00 00 00 00 E1 00 00
T$14 s1 f221 14 80 AD 00 40 02 00 2C 00 00 00 00 E1 00 00
T$14 s1 f222 14 80 AD 00 40 02 00 2B 00 00 00 00 E1 00 00
T$14 s1 f223 14 80 AD 00 40 02 00 2A 00 00 00 00 E1 00 00
T$14 s1 f224 14 80 AD 00 40 02 00 29 00 00 00 00 E1 00 00
T$14 s1 f225 14 80 AD 00 40 02 00 28 00 00 00 00 E1 00 00
T$14 s1 f226 14 80 AD 00 40 02 00 27 00 00 00 00 E1 00 00
T$14 s1 f227 14 80 AD 00 40 02 00 26 00 00 00 00 E1 00 00
T$14 s1 f228 14 80 AD 00 40 02 00 25 00 00 00 00 E1 00 00
T$14 s1 f229 14 80 AD 00 40 02 00 24 00 00 00 00 E1 00 00
T$14 s1 f230 14 80 AD 00 40 02 00 23 00 00 00 00 E1 00 00
T$14 s1 f231 14 80 AD 00 40 02 00 22 00 00 00 00 E1 00 00
T$14 s1 f232 14 80 AD 00 40 02 00 21 00 00 00 00 E1 00 00
T$14 s1 f233 14 80 AD 00 40 02 00 20 00 00 00 00 E1 00 00
T$14 s1 f234 14 80 AD 00 40 02 00 1F 00 00 00 00 E1 00 00
T$14 s1 f235 14 80 AD 00 40 02 00 1E 00 00 00 00 E1 00 00
T$14 s1 f236 14 80 AD 00 40 02 00 1D 00 00 00 00 E1 00 00
T$14 s1 f237 14 80 AD 00 40 02 00 1C 00 00 00 00 E1 00 00
T$14 s1 f238 14 80 AD 00 40 02 00 1B 00 00 00 00 E1 00 00
T$14 s1 f239 14 80 AD 00 40 02 00 1A 00 00 00 00 E1 00 00
T$15 s1 f  0 15 80 78 00 20 02 00 03 00 00 00 00 E1 00 00
T$15 s1 f  1 15 80 78 00 20 02 00 02 00 00 00 00 E1 00 00
T$15 s1 f  2 15 80 78 00 20 02 00 01 00 00 00 00 E1 00 00
T$15 s1 f  3 15 80 78 00 20 02 00 06 00 00 00 00 E1 00 00
T$15 s1 f  4 15 80 78 00 20 02 00 05 00 00 00 00 E1 00 00
T$15 s1 f  5 15 80 78 00 20 02 00 04 00 00 00 00 E1 00 00
T$15 s1 f  6 15 80 78 00 20 02 00 03 00 00 00 00 E1 00 00
T$15 s1 f  7 15 80 78 00 20 02 00 02 00 00 00 00 E1 00 00
T$15 s1 f  8 15 80 78 00 20 02 00 01 00 00 00 00 E1 00 00
T$15 s1 f  9 15 80 78 00 20 02 00 06 00 00 00 00 E1 00 00
T$15 s1 f 10 15 80 78 00 40 02 00 05 00 00 00 00 E1 00 00
T$15 s1 f 11 15 80 79 00 40 02 00 04 00 00 00 00 E1 00 00
T$15 s1 f 12 15 80 7A 00 40 02 00 03 00 00 00 00 E1 00 00
T$15 s1 f 13 15 80 7B 00 40 02 00 02 00 00 00 00 E1 00 00
T$15 s1 f 14 15 80 7C 00 40 02 00 01 00 00 00 00 E1 00 00
T$15 s1 f 15 15 80 7D 00 40 02 00 00 00 00 00 00 E1 00 00
T$15 s1 f 16 15 80 7E 00 40 02 00 00 00 00 00 00 E1 00 00
T$15 s1 f 17 15 80 7F 00 40 02 00 00 00 00 00 00 E1 00 00
T$15 s1 f 18 15 80 80 00 40 02 00 00 00 00 00 00 E1 00 00
T$15 s1 f 19 15 80 81 00 40 02 00 00 00 00 00 00 E1 00 00
T$15 s1 f 20 15 80 82 00 40 02 00 00 00 00 00 00 E1 00 00
T$15 s1 f 21 15 80 83 00 40 02 00 00 00 00 00 00 E1 00 00
T$15 s1 f 22 15 80 84 00 40 02 00 00 00 00 00 00 E1 00 00
T$15 s1 f 23 15 80 85 00 40 02 00 00 00 00 00 00 E1 00 00
T$15 s1 f 24 15 80 86 00 40 02 00 00 00 00 00 00 E1 00 00
T$15 s1 f 25 15 80 87 00 40 02 00 00 00 00 00 00 E1 00 00
T$15 s1 f 26 15 80 88 00 40 02 00 08 00 01 00 00 E1 00 00
T$15 s1 f 27 15 80 88 00 40 02 00 07 00 01 00 00 E1 00 00
T$15 s1 f 28 15 80 88 00 40 02 00 06 00 01 00 00 E1 00 00
T$15 s1 f 29 15 80 88 00 40 02 00 05 00 01 00 00 E1 00 00
T$15 s1 f 30 15 80 89 00 40 02 00 04 00 01 00 00 E1 00 00
T$15 s1 f 31 15 80 8A 00 40 02 00 03 00 01 00 00 E1 00 00
T$15 s1 f 32 15 80 8B 00 40 02 00 02 00 01 00 00 E1 00 00
T$15 s1 f 33 15 80 8C 00 40 02 00 01 00 01 00 00 E1 00 00
T$15 s1 f 34 15 80 8D 00 40 02 00 00 00 01 00 00 E1 00 00
T$15 s1 f 35 15 80 8E 00 40 02 00 00 00 01 00 00 E1 00 00
T$15 s1 f 36 15 80 8F 00 40 02 00 00 00 01 00 00 E1 00 00
T$15 s1 f 37 15 80 90 00 40 02 00 00 00 01 00 00 E1 00 00
T$15 s1 f 38 15 80 91 00 40 02 00 00 00 01 00 00 E1 00 00
T$15 s1 f 39 15 80 92 00 40 02 00 00 00 01 00 00 E1 00 00
T$15 s1 f 40 15 80 93 00 40 02 00 00 00 01 00 00 E1 00 00
T$15 s1 f 41 15 80 94 00 40 02 00 00 00 01 00 00 E1 00 00
T$15 s1 f 42 15 80 95 00 40 02 00 00 00 01 00 00 E1 00 00
T$15 s1 f 43 15 80 96 00 40 02 00 00 00 01 00 00 E1 00 00
T$15 s1 f 44 15 80 97 00 40 02 00 00 00 01 00 00 E1 00 00
T$15 s1 f 45 15 80 98 00 40 02 00 08 00 01 00 00 E1 00 00
T$15 s1 f 46 15 80 98 00 40 02 00 07 00 01 00 00 E1 00 00
T$15 s1 f 47 15 80 98 00 40 02 00 06 00 01 00 00 E1 00 00
T$15 s1 f 48 15 80 98 00 40 02 00 05 00 01 00 00 E1 00 00
T$15 s1 f 49 15 80 98 00 40 02 00 04 00 01 00 00 E1 00 00
T$15 s1 f 50 15 80 98 00 40 02 00 03 00 01 00 00 E1 00 00
T$15 s1 f 51 15 80 98 00 40 02 00 02 00 01 00 00 E1 00 00
T$15 s1 f 52 15 80 98 00 40 02 00 01 00 01 00 00 E1 00 00
T$15 s1 f 53 15 80 98 00 40 02 00 00 00 01 00 00 E1 00 00
T$15 s1 f 54 15 80 98 00 40 02 00 00 00 01 00 00 E1 00 00
T$15 s1 f 55 15 80 98 00 40 02 00 00 00 01 00 00 E1 00 00
T$15 s1 f 56 15 80 98 00 40 02 00 00 00 01 00 00 E1 00 00
T$15 s1 f 57 15 80 98 00 40 02 00 00 00 01 00 00 E1 00 00
T$15 s1 f 58 15 80 98 00 40 02 00 00 00 01 00 00 E1 00 00
T$15 s1 f 59 15 80 98 00 40 02 00 00 00 01 00 00 E1 00 00
T$15 s1 f 60 15 80 98 00 40 02 00 00 00 01 00 00 E1 00 00
T$15 s1 f 61 15 80 98 00 40 02 00 00 00 01 00 00 E1 00 00
T$15 s1 f 62 15 80 98 00 40 02 00 00 00 01 00 00 E1 00 00
T$15 s1 f 63 15 80 98 00 40 02 00 00 00 01 00 00 E1 00 00
T$15 s1 f 64 15 80 98 00 40 02 00 08 00 00 00 00 E1 00 00
T$15 s1 f 65 15 80 98 00 40 02 00 07 00 00 00 00 E1 00 00
T$15 s1 f 66 15 80 98 00 40 02 00 06 00 00 00 00 E1 00 00
T$15 s1 f 67 15 80 98 00 40 02 00 05 00 00 00 00 E1 00 00
T$15 s1 f 68 15 80 98 00 40 02 00 04 00 00 00 00 E1 00 00
T$15 s1 f 69 15 80 98 00 40 02 00 03 00 00 00 00 E1 00 00
T$15 s1 f 70 15 80 98 00 40 02 00 02 00 00 00 00 E1 00 00
T$15 s1 f 71 15 80 98 00 40 02 00 01 00 00 00 00 E1 00 00
T$15 s1 f 72 15 80 98 00 40 02 00 00 00 00 00 00 E1 00 00
T$15 s1 f 73 15 80 98 00 40 02 00 00 00 00 00 00 E1 00 00
T$15 s1 f 74 15 80 98 00 40 02 00 00 00 00 00 00 E1 00 00
T$15 s1 f 75 15 80 98 00 40 02 00 00 00 00 00 00 E1 00 00
T$15 s1 f 76 15 80 98 00 40 02 00 00 00 00 00 00 E1 00 00
T$15 s1 f 77 15 80 98 00 40 02 00 00 00 00 00 00 E1 00 00
T$15 s1 f 78 15 80 98 00 40 02 00 00 00 00 00 00 E1 00 00
T$15 s1 f 79 15 80 98 00 40 02 00 00 00 00 00 00 E1 00 00
T$15 s1 f 80 15 80 98 00 40 02 00 00 00 00 00 00 E1 00 00
T$15 s1 f 81 15 80 98 00 40 02 00 00 00 00 00 00 E1 00 00
T$15 s1 f 82 15 80 98 00 40 02 00 00 00 00 00 00 E1 00 00
T$15 s1 f 83 15 80 98 00 40 02 00 28 00 00 00 00 E1 00 00
T$15 s1 f 84 15 80 98 00 40 02 00 27 00 00 00 00 E1 00 00
T$15 s1 f 85 15 80 98 00 40 02 00 26 00 00 00 00 E1 00 00
T$15 s1 f 86 15 80 98 00 40 02 00 25 00 00 00 00 E1 00 00
T$15 s1 f 87 15 80 98 00 40 02 00 24 00 00 00 00 E1 00 00
T$15 s1 f 88 15 80 98 00 40 02 00 23 00 00 00 00 E1 00 00
T$15 s1 f 89 15 80 98 00 40 02 00 22 00 00 00 00 E1 00 00
T$15 s1 f 90 15 80 98 00 40 02 00 21 00 00 00 00 E1 00 00
T$15 s1 f 91 15 80 98 00 40 02 00 20 00 00 00 00 E1 00 00
T$15 s1 f 92 15 80 98 00 40 02 00 1F 00 00 00 00 E1 00 00
T$15 s1 f 93 15 80 98 00 40 02 00 1E 00 00 00 00 E1 00 00
T$15 s1 f 94 15 80 98 00 40 02 00 1D 00 00 00 00 E1 00 00
T$15 s1 f 95 15 80 98 00 40 02 00 1C 00 00 00 00 E1 00 00
T$15 s1 f 96 15 80 98 00 40 02 00 1B 00 00 00 00 E1 00 00
T$15 s1 f 97 15 80 98 00 40 02 00 1A 00 00 00 00 E1 00 00
T$15 s1 f 98 15 80 98 00 40 02 00 19 00 00 00 00 E1 00 00
T$15 s1 f 99 15 80 98 00 40 02 00 18 00 00 00 00 E1 00 00
T$15 s1 f100 15 80 98 00 40 02 00 17 00 00 00 00 E1 00 00
T$15 s1 f101 15 80 98 00 40 02 00 16 00 00 00 00 E1 00 00
T$15 s1 f102 15 80 98 00 40 02 00 15 00 00 00 00 E1 00 00
T$15 s1 f103 15 80 98 00 40 02 00 14 00 00 00 00 E1 00 00
T$15 s1 f104 15 80 98 00 40 02 00 13 00 00 00 00 E1 00 00
T$15 s1 f105 15 80 98 00 40 02 00 12 00 00 00 00 E1 00 00
T$15 s1 f106 15 80 98 00 40 02 00 11 00 00 00 00 E1 00 00
T$15 s1 f107 15 80 98 00 40 02 00 10 00 00 00 00 E1 00 00
T$15 s1 f108 15 80 98 00 40 02 00 0F 00 00 00 00 E1 00 00
T$15 s1 f109 15 80 98 00 40 02 00 0E 00 00 00 00 E1 00 00
T$15 s1 f110 15 80 98 00 40 02 00 0D 00 00 00 00 E1 00 00
T$15 s1 f111 15 80 98 00 40 02 00 0C 00 00 00 00 E1 00 00
T$15 s1 f112 15 80 98 00 40 02 00 0B 00 00 00 00 E1 00 00
T$15 s1 f113 15 80 98 00 40 02 00 0A 00 00 00 00 E1 00 00
T$15 s1 f114 15 80 98 00 40 02 00 09 00 00 00 00 E1 00 00
T$15 s1 f115 15 80 98 00 40 02 00 08 00 00 00 00 E1 00 00
T$15 s1 f116 15 80 98 00 40 02 00 07 00 00 00 00 E1 00 00
T$15 s1 f117 15 80 98 00 40 02 00 06 00 00 00 00 E1 00 00
T$15 s1 f118 15 80 98 00 40 02 00 05 00 00 00 00 E1 00 00
T$15 s1 f119 15 80 98 00 40 02 00 04 00 00 00 00 E1 00 00
T$15 s1 f120 15 80 98 00 40 02 00 03 00 00 00 00 E1 00 00
T$15 s1 f121 15 80 98 00 40 02 00 02 00 00 00 00 E1 00 00
T$15 s1 f122 15 80 98 00 40 02 00 01 00 00 00 00 E1 00 00
T$15 s1 f123 15 80 98 00 40 02 00 00 00 00 00 00 E1 00 00
T$15 s1 f124 15 80 98 00 40 02 00 00 00 00 00 00 E1 00 00
T$15 s1 f125 15 80 98 00 40 02 00 00 00 00 00 00 E1 00 00
T$15 s1 f126 15 80 98 00 40 02 00 00 00 00 00 00 E1 00 00
T$15 s1 f127 15 80 98 00 40 02 00 00 00 00 00 00 E1 00 00
T$15 s1 f128 15 80 98 00 40 02 00 00 00 00 00 00 E1 00 00
T$15 s1 f129 15 80 98 00 40 02 00 00 00 00 00 00 E1 00 00
T$15 s1 f130 15 80 98 00 40 02 00 00 00 00 00 00 E1 00 00
T$15 s1 f131 15 80 98 00 40 02 00 00 00 00 00 00 E1 00 00
T$15 s1 f132 15 80 98 00 40 02 00 00 00 00 00 00 E1 00 00
T$15 s1 f133 15 80 98 00 40 02 00 00 00 00 00 00 E1 00 00
T$15 s1 f134 15 80 98 00 40 02 00 38 00 00 00 00 E1 00 00
T$15 s1 f135 15 80 98 00 40 02 00 37 00 00 00 00 E1 00 00
T$15 s1 f136 15 80 98 00 40 02 00 36 00 00 00 00 E1 00 00
T$15 s1 f137 15 80 98 00 40 02 00 35 00 00 00 00 E1 00 00
T$15 s1 f138 15 80 98 00 40 02 00 34 00 00 00 00 E1 00 00
T$15 s1 f139 15 80 98 00 40 02 00 33 00 00 00 00 E1 00 00
T$15 s1 f140 15 80 98 00 40 02 00 32 00 00 00 00 E1 00 00
T$15 s1 f141 15 80 98 00 40 02 00 31 00 00 00 00 E1 00 00
T$15 s1 f142 15 80 98 00 40 02 00 30 00 00 00 00 E1 00 00
T$15 s1 f143 15 80 98 00 40 02 00 2F 00 00 00 00 E1 00 00
T$15 s1 f144 15 80 98 00 40 02 00 2E 00 00 00 00 E1 00 00
T$15 s1 f145 15 80 98 00 40 02 00 2D 00 00 00 00 E1 00 00
T$15 s1 f146 15 80 98 00 40 02 00 2C 00 00 00 00 E1 00 00
T$15 s1 f147 15 80 98 00 40 02 00 2B 00 00 00 00 E1 00 00
T$15 s1 f148 15 80 98 00 40 02 00 2A 00 00 00 00 E1 00 00
T$15 s1 f149 15 80 98 00 40 02 00 29 00 00 00 00 E1 00 00
T$15 s1 f150 15 80 98 00 40 02 00 28 00 00 00 00 E1 00 00
T$15 s1 f151 15 80 98 00 40 02 00 27 00 00 00 00 E1 00 00
T$15 s1 f152 15 80 98 00 40 02 00 26 00 00 00 00 E1 00 00
T$15 s1 f153 15 80 98 00 40 02 00 25 00 00 00 00 E1 00 00
T$15 s1 f154 15 80 98 00 40 02 00 24 00 00 00 00 E1 00 00
T$15 s1 f155 15 80 98 00 40 02 00 23 00 00 00 00 E1 00 00
T$15 s1 f156 15 80 98 00 40 02 00 22 00 00 00 00 E1 00 00
T$15 s1 f157 15 80 98 00 40 02 00 21 00 00 00 00 E1 00 00
T$15 s1 f158 15 80 98 00 40 02 00 20 00 00 00 00 E1 00 00
T$15 s1 f159 15 80 98 00 40 02 00 1F 00 00 00 00 E1 00 00
T$15 s1 f160 15 80 98 00 40 02 00 1E 00 00 00 00 E1 00 00
T$15 s1 f161 15 80 98 00 40 02 00 1D 00 00 00 00 E1 00 00
T$15 s1 f162 15 80 98 00 40 02 00 1C 00 00 00 00 E1 00 00
T$15 s1 f163 15 80 98 00 40 02 00 1B 00 00 00 00 E1 00 00
T$15 s1 f164 15 80 98 00 40 02 00 1A 00 00 00 00 E1 00 00
T$15 s1 f165 15 80 98 00 40 02 00 19 00 00 00 00 E1 00 00
T$15 s1 f166 15 80 98 00 40 02 00 18 00 00 00 00 E1 00 00
T$15 s1 f167 15 80 98 00 40 02 00 17 00 00 00 00 E1 00 00
T$15 s1 f168 15 80 98 00 40 02 00 16 00 00 00 00 E1 00 00
T$15 s1 f169 15 80 98 00 40 02 00 15 00 00 00 00 E1 00 00
T$15 s1 f170 15 80 98 00 40 02 00 14 00 00 00 00 E1 00 00
T$15 s1 f171 15 80 98 00 40 02 00 13 00 00 00 00 E1 00 00
T$15 s1 f172 15 80 98 00 40 02 00 12 00 00 00 00 E1 00 00
T$15 s1 f173 15 80 98 00 40 02 00 11 00 00 00 00 E1 00 00
T$15 s1 f174 15 80 98 00 40 02 00 10 00 00 00 00 E1 00 00
T$15 s1 f175 15 80 98 00 40 02 00 0F 00 00 00 00 E1 00 00
T$15 s1 f176 15 80 98 00 40 02 00 0E 00 00 00 00 E1 00 00
T$15 s1 f177 15 80 98 00 40 02 00 0D 00 00 00 00 E1 00 00
T$15 s1 f178 15 80 98 00 40 02 00 0C 00 00 00 00 E1 00 00
T$15 s1 f179 15 80 98 00 40 02 00 0B 00 00 00 00 E1 00 00
T$15 s1 f180 15 80 98 00 40 02 00 0A 00 00 00 00 E1 00 00
T$15 s1 f181 15 80 98 00 40 02 00 09 00 00 00 00 E1 00 00
T$15 s1 f182 15 80 98 00 40 02 00 08 00 00 00 00 E1 00 00
T$15 s1 f183 15 80 98 00 40 02 00 07 00 00 00 00 E1 00 00
T$15 s1 f184 15 80 98 00 40 02 00 06 00 00 00 00 E1 00 00
T$15 s1 f185 15 80 98 00 40 02 00 05 00 00 00 00 E1 00 00
T$15 s1 f186 15 80 98 00 40 02 00 04 00 00 00 00 E1 00 00
T$15 s1 f187 15 80 98 00 40 02 00 03 00 00 00 00 E1 00 00
T$15 s1 f188 15 80 98 00 40 02 00 02 00 00 00 00 E1 00 00
T$15 s1 f189 15 80 98 00 40 02 00 01 00 00 00 00 E1 00 00
T$15 s1 f190 15 80 98 00 40 02 00 00 00 00 00 00 E1 00 00
T$15 s1 f191 15 80 98 00 40 02 00 00 00 00 00 00 E1 00 00
T$15 s1 f192 15 80 98 00 40 02 00 00 00 00 00 00 E1 00 00
T$15 s1 f193 15 80 98 00 40 02 00 00 00 00 00 00 E1 00 00
T$15 s1 f194 15 80 98 00 40 02 00 00 00 00 00 00 E1 00 00
T$15 s1 f195 15 80 98 00 40 02 00 00 00 00 00 00 E1 00 00
T$15 s1 f196 15 80 98 00 40 02 00 00 00 00 00 00 E1 00 00
T$15 s1 f197 15 80 98 00 40 02 00 00 00 00 00 00 E1 00 00
T$15 s1 f198 15 80 98 00 40 02 00 00 00 00 00 00 E1 00 00
T$15 s1 f199 15 80 98 00 40 02 00 00 00 00 00 00 E1 00 00
T$15 s1 f200 15 80 98 00 40 02 00 00 00 00 00 00 E1 00 00
T$15 s1 f201 15 80 98 00 40 02 00 08 00 00 00 00 E1 00 00
T$15 s1 f202 15 80 98 00 40 02 00 07 00 00 00 00 E1 00 00
T$15 s1 f203 15 80 98 00 40 02 00 06 00 00 00 00 E1 00 00
T$15 s1 f204 15 80 98 00 40 02 00 05 00 00 00 00 E1 00 00
T$15 s1 f205 15 80 98 00 40 02 00 04 00 00 00 00 E1 00 00
T$15 s1 f206 15 80 98 00 40 02 00 03 00 00 00 00 E1 00 00
T$15 s1 f207 15 80 98 00 40 02 00 02 00 00 00 00 E1 00 00
T$15 s1 f208 15 80 98 00 40 02 00 01 00 00 00 00 E1 00 00
T$15 s1 f209 15 80 98 00 40 02 00 00 00 00 00 00 E1 00 00
T$15 s1 f210 15 80 98 00 40 02 00 00 00 00 00 00 E1 00 00
T$15 s1 f211 15 80 98 00 40 02 00 00 00 00 00 00 E1 00 00
T$15 s1 f212 15 80 98 00 40 02 00 00 00 00 00 00 E1 00 00
T$15 s1 f213 15 80 98 00 40 02 00 00 00 00 00 00 E1 00 00
T$15 s1 f214 15 80 98 00 40 02 00 00 00 00 00 00 E1 00 00
T$15 s1 f215 15 80 98 00 40 02 00 00 00 00 00 00 E1 00 00
T$15 s1 f216 15 80 98 00 40 02 00 00 00 00 00 00 E1 00 00
T$15 s1 f217 15 80 98 00 40 02 00 00 00 00 00 00 E1 00 00
T$15 s1 f218 15 80 98 00 40 02 00 00 00 00 00 00 E1 00 00
T$15 s1 f219 15 80 98 00 40 02 00 00 00 00 00 00 E1 00 00
T$15 s1 f220 15 80 98 00 40 02 00 08 00 01 00 00 E1 00 00
T$15 s1 f221 15 80 98 00 40 02 00 07 00 01 00 00 E1 00 00
T$15 s1 f222 15 80 98 00 40 02 00 06 00 01 00 00 E1 00 00
T$15 s1 f223 15 80 98 00 40 02 00 05 00 01 00 00 E1 00 00
T$15 s1 f224 15 80 99 00 40 02 00 04 00 01 00 00 E1 00 00
T$15 s1 f225 15 80 9A 00 40 02 00 03 00 01 00 00 E1 00 00
T$15 s1 f226 15 80 9B 00 40 02 00 02 00 01 00 00 E1 00 00
T$15 s1 f227 15 80 9C 00 40 02 00 01 00 01 00 00 E1 00 00
T$15 s1 f228 15 80 9D 00 40 02 00 00 00 01 00 00 E1 00 00
T$15 s1 f229 15 80 9E 00 40 02 00 00 00 01 00 00 E1 00 00
T$15 s1 f230 15 80 9F 00 40 02 00 00 00 01 00 00 E1 00 00
T$15 s1 f231 15 80 A0 00 40 02 00 00 00 01 00 00 E1 00 00
T$15 s1 f232 15 80 A1 00 40 02 00 00 00 01 00 00 E1 00 00
T$15 s1 f233 15 80 A2 00 40 02 00 00 00 01 00 00 E1 00 00
T$15 s1 f234 15 80 A3 00 40 02 00 00 00 01 00 00 E1 00 00
T$15 s1 f235 15 80 A4 00 40 02 00 00 00 01 00 00 E1 00 00
T$15 s1 f236 15 80 A5 00 40 02 00 00 00 01 00 00 E1 00 00
T$15 s1 f237 15 80 A6 00 40 02 00 00 00 01 00 00 E1 00 00
T$15 s1 f238 15 80 A7 00 40 02 00 00 00 01 00 00 E1 00 00
T$15 s1 f239 15 80 A8 00 40 02 00 28 00 00 00 00 E1 00 00
T$16 s1 f  0 16 80 78 00 20 00 00 03 00 00 00 00 E1 00 00
T$16 s1 f  1 16 80 78 00 20 00 00 02 00 00 00 00 E1 00 00
T$16 s1 f  2 16 80 78 00 20 00 00 01 00 00 00 00 E1 00 00
T$16 s1 f  3 16 80 78 00 20 00 00 06 00 00 00 00 E1 00 00
T$16 s1 f  4 16 80 78 00 20 00 00 05 00 00 00 00 E1 00 00
T$16 s1 f  5 16 80 78 00 20 00 00 04 00 00 00 00 E1 00 00
T$16 s1 f  6 16 80 78 00 20 00 00 03 00 00 00 00 E1 00 00
T$16 s1 f  7 16 80 78 00 20 00 00 02 00 00 00 00 E1 00 00
T$16 s1 f  8 16 80 78 00 20 00 00 01 00 00 00 00 E1 00 00
T$16 s1 f  9 16 80 78 00 20 00 00 06 00 00 00 00 E1 00 00
T$16 s1 f 10 16 81 78 00 20 01 00 05 00 FD 00 00 E1 00 FE
T$16 s1 f 11 16 81 78 00 20 01 00 04 00 FD 00 00 E1 00 FE
T$16 s1 f 12 16 80 75 00 20 01 00 03 00 FD 00 00 E1 00 FE
T$16 s1 f 13 16 80 75 00 20 01 00 02 00 FD 00 00 E1 00 FE
T$16 s1 f 14 16 81 72 00 20 01 00 01 00 FD 00 00 E1 00 FE
T$16 s1 f 15 16 81 72 00 20 01 00 00 00 FD 00 00 E1 00 FE
T$16 s1 f 16 16 80 6F 00 20 01 00 00 00 FD 00 00 E1 00 FE
T$16 s1 f 17 16 80 6F 00 20 01 00 00 00 FD 00 00 E1 00 FE
T$16 s1 f 18 16 81 6C 00 20 01 00 00 00 FD 00 00 E1 00 FE
T$16 s1 f 19 16 81 6C 00 20 01 00 00 00 FD 00 00 E1 00 FE
T$16 s1 f 20 16 80 6A 00 20 01 00 00 00 FE 00 00 E1 00 FE
T$16 s1 f 21 16 80 6A 00 20 01 00 00 00 FE 00 00 E1 00 FE
T$16 s1 f 22 16 81 68 00 20 01 00 00 00 FE 00 00 E1 00 FE
T$16 s1 f 23 16 81 68 00 20 01 00 00 00 FE 00 00 E1 00 FE
T$16 s1 f 24 16 80 66 00 20 01 00 00 00 FE 00 00 E1 00 FE
T$16 s1 f 25 16 80 66 00 20 01 00 00 00 FE 00 00 E1 00 FE
T$16 s1 f 26 16 81 64 00 20 01 00 00 00 FE 00 00 E1 00 FE
T$16 s1 f 27 16 81 64 00 20 01 00 00 00 FE 00 00 E1 00 FE
T$16 s1 f 28 16 80 62 00 20 01 00 00 00 FE 00 00 E1 00 FE
T$16 s1 f 29 16 80 62 00 20 01 00 00 00 FE 00 00 E1 00 FE
T$16 s1 f 30 16 81 61 00 20 01 00 00 00 FF 00 00 E1 00 FE
T$16 s1 f 31 16 81 61 00 20 01 00 00 00 FF 00 00 E1 00 FE
T$16 s1 f 32 16 80 60 00 20 01 00 00 00 FF 00 00 E1 00 FE
T$16 s1 f 33 16 80 60 00 20 01 00 00 00 FF 00 00 E1 00 FE
T$16 s1 f 34 16 81 5F 00 20 01 00 00 00 FF 00 00 E1 00 FE
T$16 s1 f 35 16 81 5F 00 20 01 00 00 00 FF 00 00 E1 00 FE
T$16 s1 f 36 16 80 5E 00 20 01 00 00 00 FF 00 00 E1 00 FE
T$16 s1 f 37 16 80 5E 00 20 01 00 00 00 FF 00 00 E1 00 FE
T$16 s1 f 38 16 81 5E 00 20 01 00 00 00 00 00 00 E1 00 FE
T$16 s1 f 39 16 81 5E 00 20 01 00 00 00 00 00 00 E1 00 FE
T$16 s1 f 40 16 80 5E 00 20 01 00 00 00 00 00 00 E1 00 FE
T$16 s1 f 41 16 80 5E 00 20 01 00 00 00 00 00 00 E1 00 FE
T$16 s1 f 42 16 81 5E 00 20 01 00 00 00 00 00 00 E1 00 FE
T$16 s1 f 43 16 81 5E 00 20 01 00 00 00 00 00 00 E1 00 FE
T$16 s1 f 44 16 80 5E 00 20 01 00 00 00 00 00 00 E1 00 FE
T$16 s1 f 45 16 80 5E 00 20 01 00 00 00 00 00 00 E1 00 FE
T$16 s1 f 46 16 81 5E 00 20 01 00 00 00 00 00 00 E1 00 FE
T$16 s1 f 47 16 81 5E 00 20 01 00 00 00 00 00 00 E1 00 FE
T$16 s1 f 48 16 80 5F 00 20 01 00 00 00 01 00 00 E1 00 FE
T$16 s1 f 49 16 80 5F 00 20 01 00 00 00 01 00 00 E1 00 FE
T$16 s1 f 50 16 81 60 00 20 01 00 00 00 01 00 00 E1 00 FE
T$16 s1 f 51 16 81 60 00 20 01 00 00 00 01 00 00 E1 00 FE
T$16 s1 f 52 16 80 61 00 20 01 00 00 00 01 00 00 E1 00 FE
T$16 s1 f 53 16 80 61 00 20 01 00 00 00 01 00 00 E1 00 FE
T$16 s1 f 54 16 81 62 00 20 01 00 00 00 01 00 00 E1 00 FE
T$16 s1 f 55 16 81 62 00 20 01 00 00 00 01 00 00 E1 00 FE
T$16 s1 f 56 16 80 64 00 20 01 00 00 00 02 00 00 E1 00 FE
T$16 s1 f 57 16 80 64 00 20 01 00 00 00 02 00 00 E1 00 FE
T$16 s1 f 58 16 81 66 00 20 01 00 00 00 02 00 00 E1 00 FE
T$16 s1 f 59 16 81 66 00 20 01 00 00 00 02 00 00 E1 00 FE
T$16 s1 f 60 16 80 68 00 20 01 00 00 00 02 00 00 E1 00 FE
T$16 s1 f 61 16 80 68 00 20 01 00 00 00 02 00 00 E1 00 FE
T$16 s1 f 62 16 81 6A 00 20 01 00 00 00 02 00 00 E1 00 FE
T$16 s1 f 63 16 81 6A 00 20 01 00 00 00 02 00 00 E1 00 FE
T$16 s1 f 64 16 80 6C 00 20 01 00 00 00 02 00 00 E1 00 FE
T$16 s1 f 65 16 80 6C 00 20 01 00 00 00 02 00 00 E1 00 FE
T$16 s1 f 66 16 81 6F 00 20 01 00 00 00 03 00 00 E1 00 FE
T$16 s1 f 67 16 81 6F 00 20 01 00 00 00 03 00 00 E1 00 FE
T$16 s1 f 68 16 80 72 00 20 01 00 00 00 03 00 00 E1 00 FE
T$16 s1 f 69 16 80 72 00 20 01 00 00 00 03 00 00 E1 00 FE
T$16 s1 f 70 16 81 75 00 20 01 00 00 00 03 00 00 E1 00 FE
T$16 s1 f 71 16 81 75 00 20 01 00 00 00 03 00 00 E1 00 FE
T$16 s1 f 72 16 7E 7D 00 20 00 00 00 00 00 00 00 E1 00 FE
T$16 s1 f 73 16 7E 7D 00 20 00 00 00 00 00 00 00 E1 00 FE
T$16 s1 f 74 16 7F 7D 00 20 00 00 00 00 00 00 00 E1 00 FE
T$16 s1 f 75 16 7F 7D 00 20 00 00 00 00 00 00 00 E1 00 FE
T$16 s1 f 76 16 7E 7D 00 20 00 00 00 00 00 00 00 E1 00 FE
T$16 s1 f 77 16 7E 7D 00 20 00 00 00 00 00 00 00 E1 00 FE
T$16 s1 f 78 16 7F 7D 00 20 00 00 00 00 00 00 00 E1 00 FE
T$16 s1 f 79 16 7F 7D 00 20 00 00 00 00 00 00 00 E1 00 FE
T$16 s1 f 80 16 7E 7D 00 20 00 00 00 00 00 00 00 E1 00 FE
T$16 s1 f 81 16 7E 7D 00 20 00 00 00 00 00 00 00 E1 00 FE
T$16 s1 f 82 16 7F 7D 00 20 00 00 00 00 00 00 00 E1 00 FE
T$16 s1 f 83 16 7F 7D 00 20 00 00 00 00 00 00 00 E1 00 FE
T$16 s1 f 84 16 7E 7D 00 20 00 00 00 00 00 00 00 E1 00 FE
T$16 s1 f 85 16 7E 7D 00 20 00 00 00 00 00 00 00 E1 00 FE
T$16 s1 f 86 16 7F 7D 00 20 00 00 00 00 00 00 00 E1 00 FE
T$16 s1 f 87 16 7F 7D 00 20 00 00 00 00 00 00 00 E1 00 FE
T$16 s1 f 88 16 7E 7D 00 20 00 00 00 00 00 00 00 E1 00 FE
T$16 s1 f 89 16 7E 7D 00 20 00 00 00 00 00 00 00 E1 00 FE
T$16 s1 f 90 16 7F 7D 00 20 00 00 00 00 00 00 00 E1 00 FE
T$16 s1 f 91 16 7F 7D 00 20 00 00 00 00 00 00 00 E1 00 FE
T$16 s1 f 92 16 7E 7D 00 20 00 00 00 00 00 00 00 E1 00 FE
T$16 s1 f 93 16 7E 7D 00 20 00 00 00 00 00 00 00 E1 00 FE
T$16 s1 f 94 16 7F 7D 00 20 00 00 00 00 00 00 00 E1 00 FE
T$16 s1 f 95 16 7F 7D 00 20 00 00 00 00 00 00 00 E1 00 FE
T$16 s1 f 96 16 7E 7D 00 20 00 00 00 00 00 00 00 E1 00 FE
T$16 s1 f 97 16 7E 7D 00 20 00 00 00 00 00 00 00 E1 00 FE
T$16 s1 f 98 16 7F 7D 00 20 00 00 00 00 00 00 00 E1 00 FE
T$16 s1 f 99 16 7F 7D 00 20 00 00 00 00 00 00 00 E1 00 FE
T$16 s1 f100 16 7E 7D 00 20 00 00 00 00 00 00 00 E1 00 FE
T$16 s1 f101 16 7E 7D 00 20 00 00 00 00 00 00 00 E1 00 FE
T$16 s1 f102 16 7F 7D 00 20 00 00 00 00 00 00 00 E1 00 FE
T$16 s1 f103 16 7F 7D 00 20 00 00 00 00 00 00 00 E1 00 FE
T$16 s1 f104 16 7E 7D 00 20 00 00 00 00 00 00 00 E1 00 FE
T$16 s1 f105 16 7E 7D 00 20 00 00 00 00 00 00 00 E1 00 FE
T$16 s1 f106 16 7F 7D 00 20 00 00 00 00 00 00 00 E1 00 FE
T$16 s1 f107 16 7F 7D 00 20 00 00 00 00 00 00 00 E1 00 FE
T$16 s1 f108 16 7E 7D 00 20 00 00 00 00 00 00 00 E1 00 FE
T$16 s1 f109 16 7E 7D 00 20 00 00 00 00 00 00 00 E1 00 FE
T$16 s1 f110 16 7F 7D 00 20 00 00 00 00 00 00 00 E1 00 FE
T$16 s1 f111 16 7F 7D 00 20 00 00 00 00 00 00 00 E1 00 FE
T$16 s1 f112 16 7E 7D 00 20 00 00 00 00 00 00 00 E1 00 FE
T$16 s1 f113 16 7E 7D 00 20 00 00 00 00 00 00 00 E1 00 FE
T$16 s1 f114 16 7F 7D 00 20 00 00 00 00 00 00 00 E1 00 FE
T$16 s1 f115 16 7F 7D 00 20 00 00 00 00 00 00 00 E1 00 FE
T$16 s1 f116 16 7E 7D 00 20 00 00 00 00 00 00 00 E1 00 FE
T$16 s1 f117 16 7E 7D 00 20 00 00 00 00 00 00 00 E1 00 FE
T$16 s1 f118 16 7F 7D 00 20 00 00 00 00 00 00 00 E1 00 FE
T$16 s1 f119 16 7F 7D 00 20 00 00 00 00 00 00 00 E1 00 FE
T$16 s1 f120 16 7E 7D 00 20 00 00 00 00 00 00 00 E1 00 FE
T$16 s1 f121 16 7E 7D 00 20 00 00 00 00 00 00 00 E1 00 FE
T$16 s1 f122 16 7F 7D 00 20 00 00 00 00 00 00 00 E1 00 FE
T$16 s1 f123 16 7F 7D 00 20 00 00 00 00 00 00 00 E1 00 FE
T$16 s1 f124 16 7E 7D 00 20 00 00 00 00 00 00 00 E1 00 FE
T$16 s1 f125 16 7E 7D 00 20 00 00 00 00 00 00 00 E1 00 FE
T$16 s1 f126 16 7F 7D 00 20 00 00 00 00 00 00 00 E1 00 FE
T$16 s1 f127 16 7F 7D 00 20 00 00 00 00 00 00 00 E1 00 FE
T$16 s1 f128 16 7E 7D 00 20 00 00 00 00 00 00 00 E1 00 FE
T$16 s1 f129 16 7E 7D 00 20 00 00 00 00 00 00 00 E1 00 FE
T$16 s1 f130 16 7F 7D 00 20 00 00 00 00 00 00 00 E1 00 FE
T$16 s1 f131 16 7F 7D 00 20 00 00 00 00 00 00 00 E1 00 FE
T$16 s1 f132 16 7E 7D 00 20 00 00 00 00 00 00 00 E1 00 FE
T$16 s1 f133 16 7E 7D 00 20 00 00 00 00 00 00 00 E1 00 FE
T$16 s1 f134 16 7F 7D 00 20 00 00 00 00 00 00 00 E1 00 FE
T$16 s1 f135 16 7F 7D 00 20 00 00 00 00 00 00 00 E1 00 FE
T$16 s1 f136 16 7E 7D 00 20 00 00 00 00 00 00 00 E1 00 FE
T$16 s1 f137 16 7E 7D 00 20 00 00 00 00 00 00 00 E1 00 FE
T$16 s1 f138 16 7F 7D 00 20 00 00 00 00 00 00 00 E1 00 FE
T$16 s1 f139 16 7F 7D 00 20 00 00 00 00 00 00 00 E1 00 FE
T$16 s1 f140 16 7E 7D 00 20 00 00 00 00 00 00 00 E1 00 FE
T$16 s1 f141 16 7E 7D 00 20 00 00 00 00 00 00 00 E1 00 FE
T$16 s1 f142 16 7F 7D 00 20 00 00 00 00 00 00 00 E1 00 FE
T$16 s1 f143 16 7F 7D 00 20 00 00 00 00 00 00 00 E1 00 FE
T$16 s1 f144 16 7E 7D 00 20 00 00 00 00 00 00 00 E1 00 FE
T$16 s1 f145 16 7E 7D 00 20 00 00 00 00 00 00 00 E1 00 FE
T$16 s1 f146 16 7F 7D 00 20 00 00 00 00 00 00 00 E1 00 FE
T$16 s1 f147 16 7F 7D 00 20 00 00 00 00 00 00 00 E1 00 FE
T$16 s1 f148 16 7E 7D 00 20 00 00 00 00 00 00 00 E1 00 FE
T$16 s1 f149 16 7E 7D 00 20 00 00 00 00 00 00 00 E1 00 FE
T$16 s1 f150 16 7F 7D 00 20 00 00 00 00 00 00 00 E1 00 FE
T$16 s1 f151 16 7F 7D 00 20 00 00 00 00 00 00 00 E1 00 FE
T$16 s1 f152 16 7E 7D 00 20 00 00 00 00 00 00 00 E1 00 FE
T$16 s1 f153 16 7E 7D 00 20 00 00 00 00 00 00 00 E1 00 FE
T$16 s1 f154 16 7F 7D 00 20 00 00 00 00 00 00 00 E1 00 FE
T$16 s1 f155 16 7F 7D 00 20 00 00 00 00 00 00 00 E1 00 FE
T$16 s1 f156 16 7E 7D 00 20 00 00 00 00 00 00 00 E1 00 FE
T$16 s1 f157 16 7E 7D 00 20 00 00 00 00 00 00 00 E1 00 FE
T$16 s1 f158 16 7F 7D 00 20 00 00 00 00 00 00 00 E1 00 FE
T$16 s1 f159 16 7F 7D 00 20 00 00 00 00 00 00 00 E1 00 FE
T$16 s1 f160 16 7E 7D 00 20 00 00 00 00 00 00 00 E1 00 FE
T$16 s1 f161 16 7E 7D 00 20 00 00 00 00 00 00 00 E1 00 FE
T$16 s1 f162 16 7F 7D 00 20 00 00 00 00 00 00 00 E1 00 FE
T$16 s1 f163 16 7F 7D 00 20 00 00 00 00 00 00 00 E1 00 FE
T$16 s1 f164 16 7E 7D 00 20 00 00 00 00 00 00 00 E1 00 FE
T$16 s1 f165 16 7E 7D 00 20 00 00 00 00 00 00 00 E1 00 FE
T$16 s1 f166 16 7F 7D 00 20 00 00 00 00 00 00 00 E1 00 FE
T$16 s1 f167 16 7F 7D 00 20 00 00 00 00 00 00 00 E1 00 FE
T$16 s1 f168 16 7E 7D 00 20 00 00 00 00 00 00 00 E1 00 FE
T$16 s1 f169 16 7E 7D 00 20 00 00 00 00 00 00 00 E1 00 FE
T$16 s1 f170 16 7F 7D 00 20 00 00 00 00 00 00 00 E1 00 FE
T$16 s1 f171 16 7F 7D 00 20 00 00 00 00 00 00 00 E1 00 FE
T$16 s1 f172 16 7E 7D 00 20 00 00 00 00 00 00 00 E1 00 FE
T$16 s1 f173 16 7E 7D 00 20 00 00 00 00 00 00 00 E1 00 FE
T$16 s1 f174 16 7F 7D 00 20 00 00 00 00 00 00 00 E1 00 FE
T$16 s1 f175 16 7F 7D 00 20 00 00 00 00 00 00 00 E1 00 FE
T$16 s1 f176 16 7E 7D 00 20 00 00 00 00 00 00 00 E1 00 FE
T$16 s1 f177 16 7E 7D 00 20 00 00 00 00 00 00 00 E1 00 FE
T$16 s1 f178 16 7F 7D 00 20 00 00 00 00 00 00 00 E1 00 FE
T$16 s1 f179 16 7F 7D 00 20 00 00 00 00 00 00 00 E1 00 FE
T$16 s1 f180 16 7E 7D 00 20 00 00 00 00 00 00 00 E1 00 FE
T$16 s1 f181 16 7E 7D 00 20 00 00 00 00 00 00 00 E1 00 FE
T$16 s1 f182 16 7F 7D 00 20 00 00 00 00 00 00 00 E1 00 FE
T$16 s1 f183 16 7F 7D 00 20 00 00 00 00 00 00 00 E1 00 FE
T$16 s1 f184 16 7E 7D 00 20 00 00 00 00 00 00 00 E1 00 FE
T$16 s1 f185 16 7E 7D 00 20 00 00 00 00 00 00 00 E1 00 FE
T$16 s1 f186 16 7F 7D 00 20 00 00 00 00 00 00 00 E1 00 FE
T$16 s1 f187 16 7F 7D 00 20 00 00 00 00 00 00 00 E1 00 FE
T$16 s1 f188 16 7E 7D 00 20 00 00 00 00 00 00 00 E1 00 FE
T$16 s1 f189 16 7E 7D 00 20 00 00 00 00 00 00 00 E1 00 FE
T$16 s1 f190 16 7F 7D 00 20 00 00 00 00 00 00 00 E1 00 FE
T$16 s1 f191 16 7F 7D 00 20 00 00 00 00 00 00 00 E1 00 FE
T$16 s1 f192 16 7E 7D 00 20 00 00 00 00 00 00 00 E1 00 FE
T$16 s1 f193 16 7E 7D 00 20 00 00 00 00 00 00 00 E1 00 FE
T$16 s1 f194 16 7F 7D 00 20 00 00 00 00 00 00 00 E1 00 FE
T$16 s1 f195 16 7F 7D 00 20 00 00 00 00 00 00 00 E1 00 FE
T$16 s1 f196 16 7E 7D 00 20 00 00 00 00 00 00 00 E1 00 FE
T$16 s1 f197 16 7E 7D 00 20 00 00 00 00 00 00 00 E1 00 FE
T$16 s1 f198 16 7F 7D 00 20 00 00 00 00 00 00 00 E1 00 FE
T$16 s1 f199 16 7F 7D 00 20 00 00 00 00 00 00 00 E1 00 FE
T$16 s1 f200 16 7E 7D 00 20 00 00 00 00 00 00 00 E1 00 FE
T$16 s1 f201 16 7E 7D 00 20 00 00 00 00 00 00 00 E1 00 FE
T$16 s1 f202 16 7F 7D 00 20 00 00 00 00 00 00 00 E1 00 FE
T$16 s1 f203 16 7F 7D 00 20 00 00 00 00 00 00 00 E1 00 FE
T$16 s1 f204 16 7E 7D 00 20 00 00 00 00 00 00 00 E1 00 FE
T$16 s1 f205 16 7E 7D 00 20 00 00 00 00 00 00 00 E1 00 FE
T$16 s1 f206 16 7F 7D 00 20 00 00 00 00 00 00 00 E1 00 FE
T$16 s1 f207 16 7F 7D 00 20 00 00 00 00 00 00 00 E1 00 FE
T$16 s1 f208 16 7E 7D 00 20 00 00 00 00 00 00 00 E1 00 FE
T$16 s1 f209 16 7E 7D 00 20 00 00 00 00 00 00 00 E1 00 FE
T$16 s1 f210 16 7F 7D 00 20 00 00 00 00 00 00 00 E1 00 FE
T$16 s1 f211 16 7F 7D 00 20 00 00 00 00 00 00 00 E1 00 FE
T$16 s1 f212 16 7E 7D 00 20 00 00 00 00 00 00 00 E1 00 FE
T$16 s1 f213 16 7E 7D 00 20 00 00 00 00 00 00 00 E1 00 FE
T$16 s1 f214 16 7F 7D 00 20 00 00 00 00 00 00 00 E1 00 FE
T$16 s1 f215 16 7F 7D 00 20 00 00 00 00 00 00 00 E1 00 FE
T$16 s1 f216 16 7E 7D 00 20 00 00 00 00 00 00 00 E1 00 FE
T$16 s1 f217 16 7E 7D 00 20 00 00 00 00 00 00 00 E1 00 FE
T$16 s1 f218 16 7F 7D 00 20 00 00 00 00 00 00 00 E1 00 FE
T$16 s1 f219 16 7F 7D 00 20 00 00 00 00 00 00 00 E1 00 FE
T$16 s1 f220 16 7E 7D 00 20 00 00 00 00 00 00 00 E1 00 FE
T$16 s1 f221 16 7E 7D 00 20 00 00 00 00 00 00 00 E1 00 FE
T$16 s1 f222 16 7F 7D 00 20 00 00 00 00 00 00 00 E1 00 FE
T$16 s1 f223 16 7F 7D 00 20 00 00 00 00 00 00 00 E1 00 FE
T$16 s1 f224 16 7E 7D 00 20 00 00 00 00 00 00 00 E1 00 FE
T$16 s1 f225 16 7E 7D 00 20 00 00 00 00 00 00 00 E1 00 FE
T$16 s1 f226 16 7F 7D 00 20 00 00 00 00 00 00 00 E1 00 FE
T$16 s1 f227 16 7F 7D 00 20 00 00 00 00 00 00 00 E1 00 FE
T$16 s1 f228 16 7E 7D 00 20 00 00 00 00 00 00 00 E1 00 FE
T$16 s1 f229 16 7E 7D 00 20 00 00 00 00 00 00 00 E1 00 FE
T$16 s1 f230 16 7F 7D 00 20 00 00 00 00 00 00 00 E1 00 FE
T$16 s1 f231 16 7F 7D 00 20 00 00 00 00 00 00 00 E1 00 FE
T$16 s1 f232 16 7E 7D 00 20 00 00 00 00 00 00 00 E1 00 FE
T$16 s1 f233 16 7E 7D 00 20 00 00 00 00 00 00 00 E1 00 FE
T$16 s1 f234 16 7F 7D 00 20 00 00 00 00 00 00 00 E1 00 FE
T$16 s1 f235 16 7F 7D 00 20 00 00 00 00 00 00 00 E1 00 FE
T$16 s1 f236 16 7E 7D 00 20 00 00 00 00 00 00 00 E1 00 FE
T$16 s1 f237 16 7E 7D 00 20 00 00 00 00 00 00 00 E1 00 FE
T$16 s1 f238 16 7F 7D 00 20 00 00 00 00 00 00 00 E1 00 FE
T$16 s1 f239 16 7F 7D 00 20 00 00 00 00 00 00 00 E1 00 FE
T$17 s1 f  0 17 80 78 00 20 00 00 03 00 00 00 00 E1 00 00
T$17 s1 f  1 17 80 78 00 20 00 00 02 00 00 00 00 E1 00 00
T$17 s1 f  2 17 80 78 00 20 00 00 01 00 00 00 00 E1 00 00
T$17 s1 f  3 17 80 78 00 20 00 00 06 00 00 00 00 E1 00 00
T$17 s1 f  4 17 80 78 00 20 00 00 05 00 00 00 00 E1 00 00
T$17 s1 f  5 17 80 78 00 20 00 00 04 00 00 00 00 E1 00 00
T$17 s1 f  6 17 80 78 00 20 00 00 03 00 00 00 00 E1 00 00
T$17 s1 f  7 17 80 78 00 20 00 00 02 00 00 00 00 E1 00 00
T$17 s1 f  8 17 80 78 00 20 00 00 01 00 00 00 00 E1 00 00
T$17 s1 f  9 17 80 78 00 20 00 00 06 00 00 00 00 E1 00 00
T$17 s1 f 10 17 80 78 00 20 00 00 05 00 00 00 00 E1 00 00
T$17 s1 f 11 17 80 78 00 20 00 00 04 00 00 00 00 E1 00 00
T$17 s1 f 12 17 81 78 00 20 00 00 03 00 00 00 00 E1 00 00
T$17 s1 f 13 17 81 78 00 20 00 00 02 00 00 00 00 E1 00 00
T$17 s1 f 14 17 82 78 00 20 00 00 01 00 00 00 00 E1 00 00
T$17 s1 f 15 17 82 78 00 20 00 00 00 00 00 00 00 E1 00 00
T$17 s1 f 16 17 83 78 00 20 00 00 00 00 01 00 00 E1 00 00
T$17 s1 f 17 17 83 78 00 20 00 00 00 00 00 00 00 E1 00 00
T$17 s1 f 18 17 83 79 00 20 00 00 00 00 00 00 00 E1 00 00
T$17 s1 f 19 17 83 79 00 20 00 00 00 00 00 00 00 E1 00 00
T$17 s1 f 20 17 83 7A 00 20 00 00 00 00 00 00 00 E1 00 00
T$17 s1 f 21 17 83 7A 00 20 00 00 00 00 00 00 00 E1 00 00
T$17 s1 f 22 17 83 7B 00 20 00 00 00 00 00 00 00 E1 00 00
T$17 s1 f 23 17 83 7B 00 20 00 00 00 00 00 00 00 E1 00 00
T$17 s1 f 24 17 83 7C 00 20 00 00 00 00 00 00 00 E1 00 00
T$17 s1 f 25 17 83 7C 00 20 00 00 00 00 00 00 00 E1 00 00
T$17 s1 f 26 17 83 7D 00 20 00 00 00 00 00 00 00 E1 00 00
T$17 s1 f 27 17 83 7D 00 20 00 00 00 00 00 00 00 E1 00 00
T$17 s1 f 28 17 83 7E 00 20 00 00 00 00 00 00 00 E1 00 00
T$17 s1 f 29 17 83 7E 00 20 00 00 00 00 00 00 00 E1 00 00
T$17 s1 f 30 17 83 7F 00 20 00 00 00 00 00 00 00 E1 00 00
T$17 s1 f 31 17 83 7F 00 20 00 00 00 00 00 00 00 E1 00 00
T$17 s1 f 32 17 83 80 00 20 00 00 00 00 00 00 00 E1 00 00
T$17 s1 f 33 17 83 80 00 20 00 00 00 00 00 00 00 E1 00 00
T$17 s1 f 34 17 83 81 00 20 00 00 00 00 00 00 00 E1 00 00
T$17 s1 f 35 17 83 81 00 20 00 00 00 00 00 00 00 E1 00 00
T$17 s1 f 36 17 83 82 00 20 00 00 00 00 00 00 00 E1 00 00
T$17 s1 f 37 17 83 82 00 20 00 00 00 00 00 00 00 E1 00 00
T$17 s1 f 38 17 83 83 00 20 00 00 00 00 00 00 00 E1 00 00
T$17 s1 f 39 17 83 83 00 20 00 00 00 00 00 00 00 E1 00 00
T$17 s1 f 40 17 83 84 00 20 00 00 00 00 00 00 00 E1 00 00
T$17 s1 f 41 17 83 84 00 20 00 00 00 00 00 00 00 E1 00 00
T$17 s1 f 42 17 83 85 00 20 00 00 00 00 00 00 00 E1 00 00
T$17 s1 f 43 17 83 85 00 20 00 00 00 00 00 00 00 E1 00 00
T$17 s1 f 44 17 83 86 00 20 00 00 00 00 00 00 00 E1 00 00
T$17 s1 f 45 17 83 86 00 20 00 00 00 00 00 00 00 E1 00 00
T$17 s1 f 46 17 83 87 00 20 00 00 00 00 00 00 00 E1 00 00
T$17 s1 f 47 17 83 87 00 20 00 00 00 00 00 00 00 E1 00 00
T$17 s1 f 48 17 83 88 00 20 00 00 00 00 01 00 00 E1 00 00
T$17 s1 f 49 17 82 88 00 20 00 00 00 00 01 00 00 E1 00 00
T$17 s1 f 50 17 82 88 00 20 00 00 00 00 01 00 00 E1 00 00
T$17 s1 f 51 17 81 88 00 20 00 00 00 00 01 00 00 E1 00 00
T$17 s1 f 52 17 81 88 00 20 00 00 00 00 01 00 00 E1 00 00
T$17 s1 f 53 17 80 88 00 20 00 00 00 00 01 00 00 E1 00 00
T$17 s1 f 54 17 80 88 00 20 00 00 00 00 01 00 00 E1 00 00
T$17 s1 f 55 17 7F 88 00 20 00 00 00 00 01 00 00 E1 00 00
T$17 s1 f 56 17 7F 88 00 20 00 00 00 00 01 00 00 E1 00 00
T$17 s1 f 57 17 7E 88 00 20 00 00 00 00 01 00 00 E1 00 00
T$17 s1 f 58 17 7E 88 00 20 00 00 00 00 01 00 00 E1 00 00
T$17 s1 f 59 17 7D 88 00 20 00 00 00 00 01 00 00 E1 00 00
T$17 s1 f 60 17 7D 88 00 20 00 00 00 00 01 00 00 E1 00 00
T$17 s1 f 61 17 7C 88 00 20 00 00 00 00 01 00 00 E1 00 00
T$17 s1 f 62 17 7C 88 00 20 00 00 00 00 01 00 00 E1 00 00
T$17 s1 f 63 17 7B 88 00 20 00 00 00 00 01 00 00 E1 00 00
T$17 s1 f 64 17 7B 88 00 20 00 00 00 00 01 00 00 E1 00 00
T$17 s1 f 65 17 7A 88 00 20 00 00 00 00 01 00 00 E1 00 00
T$17 s1 f 66 17 7A 88 00 20 00 00 00 00 01 00 00 E1 00 00
T$17 s1 f 67 17 79 88 00 20 00 00 00 00 01 00 00 E1 00 00
T$17 s1 f 68 17 79 88 00 20 00 00 00 00 01 00 00 E1 00 00
T$17 s1 f 69 17 78 88 00 20 00 00 00 00 01 00 00 E1 00 00
T$17 s1 f 70 17 78 88 00 20 00 00 00 00 01 00 00 E1 00 00
T$17 s1 f 71 17 77 88 00 20 00 00 00 00 01 00 00 E1 00 00
T$17 s1 f 72 17 77 88 00 20 00 00 00 00 01 00 00 E1 00 00
T$17 s1 f 73 17 76 88 00 20 00 00 00 00 01 00 00 E1 00 00
T$17 s1 f 74 17 76 88 00 20 00 00 00 00 01 00 00 E1 00 00
T$17 s1 f 75 17 75 88 00 20 00 00 00 00 01 00 00 E1 00 00
T$17 s1 f 76 17 75 88 00 20 00 00 00 00 01 00 00 E1 00 00
T$17 s1 f 77 17 74 88 00 20 00 00 00 00 01 00 00 E1 00 00
T$17 s1 f 78 17 74 88 00 20 00 00 00 00 01 00 00 E1 00 00
T$17 s1 f 79 17 73 88 00 20 00 00 00 00 01 00 00 E1 00 00
T$17 s1 f 80 17 73 89 00 20 00 00 00 00 01 00 00 E1 00 00
T$17 s1 f 81 17 73 89 00 20 00 00 00 00 01 00 00 E1 00 00
T$17 s1 f 82 17 73 8A 00 20 00 00 00 00 01 00 00 E1 00 00
T$17 s1 f 83 17 73 8A 00 20 00 00 00 00 01 00 00 E1 00 00
T$17 s1 f 84 17 73 8B 00 20 00 00 00 00 01 00 00 E1 00 00
T$17 s1 f 85 17 73 8B 00 20 00 00 00 00 01 00 00 E1 00 00
T$17 s1 f 86 17 73 8C 00 20 00 00 00 00 01 00 00 E1 00 00
T$17 s1 f 87 17 73 8C 00 20 00 00 00 00 01 00 00 E1 00 00
T$17 s1 f 88 17 73 8D 00 20 00 00 00 00 01 00 00 E1 00 00
T$17 s1 f 89 17 73 8D 00 20 00 00 00 00 01 00 00 E1 00 00
T$17 s1 f 90 17 73 8E 00 20 00 00 00 00 01 00 00 E1 00 00
T$17 s1 f 91 17 73 8E 00 20 00 00 00 00 01 00 00 E1 00 00
T$17 s1 f 92 17 73 8F 00 20 00 00 00 00 01 00 00 E1 00 00
T$17 s1 f 93 17 73 8F 00 20 00 00 00 00 01 00 00 E1 00 00
T$17 s1 f 94 17 73 90 00 20 00 00 00 00 01 00 00 E1 00 00
T$17 s1 f 95 17 73 90 00 20 00 00 00 00 01 00 00 E1 00 00
T$17 s1 f 96 17 73 91 00 20 00 00 00 00 01 00 00 E1 00 00
T$17 s1 f 97 17 73 91 00 20 00 00 00 00 01 00 00 E1 00 00
T$17 s1 f 98 17 73 92 00 20 00 00 00 00 01 00 00 E1 00 00
T$17 s1 f 99 17 73 92 00 20 00 00 00 00 01 00 00 E1 00 00
T$17 s1 f100 17 73 93 00 20 00 00 00 00 01 00 00 E1 00 00
T$17 s1 f101 17 73 93 00 20 00 00 00 00 01 00 00 E1 00 00
T$17 s1 f102 17 73 94 00 20 00 00 00 00 01 00 00 E1 00 00
T$17 s1 f103 17 73 94 00 20 00 00 00 00 01 00 00 E1 00 00
T$17 s1 f104 17 73 95 00 20 00 00 00 00 01 00 00 E1 00 00
T$17 s1 f105 17 73 95 00 20 00 00 00 00 01 00 00 E1 00 00
T$17 s1 f106 17 73 96 00 20 00 00 00 00 01 00 00 E1 00 00
T$17 s1 f107 17 73 96 00 20 00 00 00 00 01 00 00 E1 00 00
T$17 s1 f108 17 73 97 00 20 00 00 00 00 01 00 00 E1 00 00
T$17 s1 f109 17 73 97 00 20 00 00 00 00 01 00 00 E1 00 00
T$17 s1 f110 17 73 98 00 20 00 00 00 00 01 00 00 E1 00 00
T$17 s1 f111 17 73 98 00 20 00 00 00 00 01 00 00 E1 00 00
T$17 s1 f112 17 73 99 00 20 00 00 00 00 01 00 00 E1 00 00
T$17 s1 f113 17 73 99 00 20 00 00 00 00 01 00 00 E1 00 00
T$17 s1 f114 17 73 9A 00 20 00 00 00 00 01 00 00 E1 00 00
T$17 s1 f115 17 73 9A 00 20 00 00 00 00 01 00 00 E1 00 00
T$17 s1 f116 17 73 9B 00 20 00 00 00 00 01 00 00 E1 00 00
T$17 s1 f117 17 73 9B 00 20 00 00 00 00 01 00 00 E1 00 00
T$17 s1 f118 17 73 9C 00 20 00 00 00 00 01 00 00 E1 00 00
T$17 s1 f119 17 73 9C 00 20 00 00 00 00 01 00 00 E1 00 00
T$17 s1 f120 17 73 9D 00 20 00 00 00 00 01 00 00 E1 00 00
T$17 s1 f121 17 73 9D 00 20 00 00 00 00 01 00 00 E1 00 00
T$17 s1 f122 17 73 9E 00 20 00 00 00 00 01 00 00 E1 00 00
T$17 s1 f123 17 73 9E 00 20 00 00 00 00 01 00 00 E1 00 00
T$17 s1 f124 17 73 9F 00 20 00 00 00 00 01 00 00 E1 00 00
T$17 s1 f125 17 73 9F 00 20 00 00 00 00 01 00 00 E1 00 00
T$17 s1 f126 17 73 A0 00 20 00 00 00 00 01 00 00 E1 00 00
T$17 s1 f127 17 73 A0 00 20 00 00 00 00 01 00 00 E1 00 00
T$17 s1 f128 17 73 A1 00 20 00 00 00 00 01 00 00 E1 00 00
T$17 s1 f129 17 73 A1 00 20 00 00 00 00 01 00 00 E1 00 00
T$17 s1 f130 17 73 A2 00 20 00 00 00 00 01 00 00 E1 00 00
T$17 s1 f131 17 73 A2 00 20 00 00 00 00 01 00 00 E1 00 00
T$17 s1 f132 17 73 A3 00 20 00 00 00 00 01 00 00 E1 00 00
T$17 s1 f133 17 73 A3 00 20 00 00 00 00 01 00 00 E1 00 00
T$17 s1 f134 17 73 A4 00 20 00 00 00 00 01 00 00 E1 00 00
T$17 s1 f135 17 73 A4 00 20 00 00 00 00 01 00 00 E1 00 00
T$17 s1 f136 17 73 A5 00 20 00 00 00 00 01 00 00 E1 00 00
T$17 s1 f137 17 73 A5 00 20 00 00 00 00 01 00 00 E1 00 00
T$17 s1 f138 17 73 A6 00 20 00 00 00 00 01 00 00 E1 00 00
T$17 s1 f139 17 73 A6 00 20 00 00 00 00 01 00 00 E1 00 00
T$17 s1 f140 17 73 A7 00 20 00 00 00 00 01 00 00 E1 00 00
T$17 s1 f141 17 73 A7 00 20 00 00 00 00 01 00 00 E1 00 00
T$17 s1 f142 17 73 A8 00 20 00 00 00 00 01 00 00 E1 00 00
T$17 s1 f143 17 73 A8 00 20 00 00 00 00 00 00 00 E1 00 00
T$17 s1 f144 17 74 A8 00 20 00 00 00 00 00 00 00 E1 00 00
T$17 s1 f145 17 74 A8 00 20 00 00 00 00 00 00 00 E1 00 00
T$17 s1 f146 17 75 A8 00 20 00 00 00 00 00 00 00 E1 00 00
T$17 s1 f147 17 75 A8 00 20 00 00 00 00 00 00 00 E1 00 00
T$17 s1 f148 17 76 A8 00 20 00 00 00 00 00 00 00 E1 00 00
T$17 s1 f149 17 76 A8 00 20 00 00 00 00 00 00 00 E1 00 00
T$17 s1 f150 17 77 A8 00 20 00 00 00 00 00 00 00 E1 00 00
T$17 s1 f151 17 77 A8 00 20 00 00 00 00 00 00 00 E1 00 00
T$17 s1 f152 17 78 A8 00 20 00 00 00 00 00 00 00 E1 00 00
T$17 s1 f153 17 78 A8 00 20 00 00 00 00 00 00 00 E1 00 00
T$17 s1 f154 17 79 A8 00 20 00 00 00 00 00 00 00 E1 00 00
T$17 s1 f155 17 79 A8 00 20 00 00 00 00 00 00 00 E1 00 00
T$17 s1 f156 17 7A A8 00 20 00 00 00 00 00 00 00 E1 00 00
T$17 s1 f157 17 7A A8 00 20 00 00 00 00 00 00 00 E1 00 00
T$17 s1 f158 17 7B A8 00 20 00 00 00 00 00 00 00 E1 00 00
T$17 s1 f159 17 7B A8 00 20 00 00 00 00 00 00 00 E1 00 00
T$17 s1 f160 17 7C A8 00 20 00 00 00 00 00 00 00 E1 00 00
T$17 s1 f161 17 7C A8 00 20 00 00 00 00 00 00 00 E1 00 00
T$17 s1 f162 17 7D A8 00 20 00 00 00 00 00 00 00 E1 00 00
T$17 s1 f163 17 7D A8 00 20 00 00 00 00 00 00 00 E1 00 00
T$17 s1 f164 17 7E A8 00 20 00 00 00 00 00 00 00 E1 00 00
T$17 s1 f165 17 7E A8 00 20 00 00 00 00 00 00 00 E1 00 00
T$17 s1 f166 17 7F A8 00 20 00 00 00 00 00 00 00 E1 00 00
T$17 s1 f167 17 7F A8 00 20 00 00 00 00 00 00 00 E1 00 00
T$17 s1 f168 17 80 A8 00 20 00 00 00 00 00 00 00 E1 00 00
T$17 s1 f169 17 80 A8 00 20 00 00 00 00 00 00 00 E1 00 00
T$17 s1 f170 17 81 A8 00 20 00 00 00 00 00 00 00 E1 00 00
T$17 s1 f171 17 81 A8 00 20 00 00 00 00 00 00 00 E1 00 00
T$17 s1 f172 17 82 A8 00 20 00 00 00 00 00 00 00 E1 00 00
T$17 s1 f173 17 82 A8 00 20 00 00 00 00 00 00 00 E1 00 00
T$17 s1 f174 17 83 A8 00 20 00 00 00 00 00 00 00 E1 00 00
T$17 s1 f175 17 83 A8 00 20 00 00 00 00 00 00 00 E1 00 00
T$17 s1 f176 17 84 A8 00 20 00 00 00 00 00 00 00 E1 00 00
T$17 s1 f177 17 84 A8 00 20 00 00 00 00 00 00 00 E1 00 00
T$17 s1 f178 17 85 A8 00 20 00 00 00 00 00 00 00 E1 00 00
T$17 s1 f179 17 85 A8 00 20 00 00 00 00 00 00 00 E1 00 00
T$17 s1 f180 17 86 A8 00 20 00 00 00 00 00 00 00 E1 00 00
T$17 s1 f181 17 86 A8 00 20 00 00 00 00 00 00 00 E1 00 00
T$17 s1 f182 17 87 A8 00 20 00 00 00 00 00 00 00 E1 00 00
T$17 s1 f183 17 87 A8 00 20 00 00 00 00 00 00 00 E1 00 00
T$17 s1 f184 17 88 A8 00 20 00 00 00 00 00 00 00 E1 00 00
T$17 s1 f185 17 88 A8 00 20 00 00 00 00 00 00 00 E1 00 00
T$17 s1 f186 17 89 A8 00 20 00 00 00 00 00 00 00 E1 00 00
T$17 s1 f187 17 89 A8 00 20 00 00 00 00 00 00 00 E1 00 00
T$17 s1 f188 17 8A A8 00 20 00 00 00 00 00 00 00 E1 00 00
T$17 s1 f189 17 8A A8 00 20 00 00 00 00 00 00 00 E1 00 00
T$17 s1 f190 17 8B A8 00 20 00 00 00 00 00 00 00 E1 00 00
T$17 s1 f191 17 8B A8 00 20 00 00 00 00 00 00 00 E1 00 00
T$17 s1 f192 17 8C A8 00 20 00 00 00 00 00 00 00 E1 00 00
T$17 s1 f193 17 8C A8 00 20 00 00 00 00 00 00 00 E1 00 00
T$17 s1 f194 17 8D A8 00 20 00 00 00 00 00 00 00 E1 00 00
T$17 s1 f195 17 8D A8 00 20 00 00 00 00 00 00 00 E1 00 00
T$17 s1 f196 17 8E A8 00 20 00 00 00 00 00 00 00 E1 00 00
T$17 s1 f197 17 8E A8 00 20 00 00 00 00 00 00 00 E1 00 00
T$17 s1 f198 17 8F A8 00 20 00 00 00 00 00 00 00 E1 00 00
T$17 s1 f199 17 8F A8 00 20 00 00 00 00 00 00 00 E1 00 00
T$17 s1 f200 17 90 A8 00 20 00 00 00 00 00 00 00 E1 00 00
T$17 s1 f201 17 90 A8 00 20 00 00 00 00 00 00 00 E1 00 00
T$17 s1 f202 17 91 A8 00 20 00 00 00 00 00 00 00 E1 00 00
T$17 s1 f203 17 91 A8 00 20 00 00 00 00 00 00 00 E1 00 00
T$17 s1 f204 17 92 A8 00 20 00 00 00 00 00 00 00 E1 00 00
T$17 s1 f205 17 92 A8 00 20 00 00 00 00 00 00 00 E1 00 00
T$17 s1 f206 17 93 A8 00 20 00 00 00 00 00 00 00 E1 00 00
T$17 s1 f207 17 93 A8 00 20 00 00 00 00 00 00 00 E1 00 00
T$17 s1 f208 17 94 A8 00 20 00 00 00 00 00 00 00 E1 00 00
T$17 s1 f209 17 94 A8 00 20 00 00 00 00 00 00 00 E1 00 00
T$17 s1 f210 17 95 A8 00 20 00 00 00 00 00 00 00 E1 00 00
T$17 s1 f211 17 95 A8 00 20 00 00 00 00 00 00 00 E1 00 00
T$17 s1 f212 17 96 A8 00 20 00 00 00 00 00 00 00 E1 00 00
T$17 s1 f213 17 96 A8 00 20 00 00 00 00 00 00 00 E1 00 00
T$17 s1 f214 17 97 A8 00 20 00 00 00 00 00 00 00 E1 00 00
T$17 s1 f215 17 97 A8 00 20 00 00 00 00 00 00 00 E1 00 00
T$17 s1 f216 17 98 A8 00 20 00 00 00 00 00 00 00 E1 00 00
T$17 s1 f217 17 98 A8 00 20 00 00 00 00 00 00 00 E1 00 00
T$17 s1 f218 17 99 A8 00 20 00 00 00 00 00 00 00 E1 00 00
T$17 s1 f219 17 99 A8 00 20 00 00 00 00 00 00 00 E1 00 00
T$17 s1 f220 17 9A A8 00 20 00 00 00 00 00 00 00 E1 00 00
T$17 s1 f221 17 9A A8 00 20 00 00 00 00 00 00 00 E1 00 00
T$17 s1 f222 17 9B A8 00 20 00 00 00 00 00 00 00 E1 00 00
T$17 s1 f223 17 9B A8 00 20 00 00 00 00 00 00 00 E1 00 00
T$17 s1 f224 17 9C A8 00 20 00 00 00 00 00 00 00 E1 00 00
T$17 s1 f225 17 9C A8 00 20 00 00 00 00 00 00 00 E1 00 00
T$17 s1 f226 17 9D A8 00 20 00 00 00 00 00 00 00 E1 00 00
T$17 s1 f227 17 9D A8 00 20 00 00 00 00 00 00 00 E1 00 00
T$17 s1 f228 17 9E A8 00 20 00 00 00 00 00 00 00 E1 00 00
T$17 s1 f229 17 9E A8 00 20 00 00 00 00 00 00 00 E1 00 00
T$17 s1 f230 17 9F A8 00 20 00 00 00 00 00 00 00 E1 00 00
T$17 s1 f231 17 9F A8 00 20 00 00 00 00 00 00 00 E1 00 00
T$17 s1 f232 17 A0 A8 00 20 00 00 00 00 00 00 00 E1 00 00
T$17 s1 f233 17 A0 A8 00 20 00 00 00 00 00 00 00 E1 00 00
T$17 s1 f234 17 A1 A8 00 20 00 00 00 00 00 00 00 E1 00 00
T$17 s1 f235 17 A1 A8 00 20 00 00 00 00 00 00 00 E1 00 00
T$17 s1 f236 17 A2 A8 00 20 00 00 00 00 00 00 00 E1 00 00
T$17 s1 f237 17 A2 A8 00 20 00 00 00 00 00 00 00 E1 00 00
T$17 s1 f238 17 A3 A8 00 20 00 00 00 00 00 00 00 E1 00 00
T$17 s1 f239 17 A3 A8 00 20 00 00 00 00 00 00 00 E1 00 00
T$1E s1 f  0 1E 80 78 00 20 00 00 03 00 00 00 00 E1 00 00
T$1E s1 f  1 1E 80 78 00 20 00 00 02 00 00 00 00 E1 00 00
T$1E s1 f  2 1E 80 78 00 20 00 00 01 00 00 00 00 E1 00 00
T$1E s1 f  3 1E 80 78 00 20 00 00 06 00 00 00 00 E1 00 00
T$1E s1 f  4 1E 80 78 00 20 00 00 05 00 00 00 00 E1 00 00
T$1E s1 f  5 1E 80 78 00 20 00 00 04 00 00 00 00 E1 00 00
T$1E s1 f  6 1E 80 78 00 20 00 00 03 00 00 00 00 E1 00 00
T$1E s1 f  7 1E 80 78 00 20 00 00 02 00 00 00 00 E1 00 00
T$1E s1 f  8 1E 80 78 00 20 00 00 01 00 00 00 00 E1 00 00
T$1E s1 f  9 1E 80 78 00 20 00 00 06 00 00 00 00 E1 00 00
T$1E s1 f 10 1E 80 78 00 20 00 00 05 00 00 00 00 E1 00 00
T$1E s1 f 11 1E 80 79 00 20 00 00 04 00 00 00 00 E1 00 00
T$1E s1 f 12 1E 80 79 00 20 00 00 03 00 00 00 00 E1 00 00
T$1E s1 f 13 1E 80 7A 00 20 00 00 02 00 00 00 00 E1 00 00
T$1E s1 f 14 1E 80 7A 00 20 00 00 01 00 00 00 00 E1 00 00
T$1E s1 f 15 1E 80 7B 00 20 00 00 00 00 00 00 00 E1 00 00
T$1E s1 f 16 1E 80 7B 00 20 00 00 00 00 00 00 00 E1 00 00
T$1E s1 f 17 1E 80 7C 00 20 00 00 00 00 00 00 00 E1 00 00
T$1E s1 f 18 1E 80 7C 00 20 00 00 00 00 00 00 00 E1 00 00
T$1E s1 f 19 1E 80 7D 00 20 00 00 00 00 00 00 00 E1 00 00
T$1E s1 f 20 1E 80 7D 00 20 00 00 00 00 00 00 00 E1 00 00
T$1E s1 f 21 1E 80 7E 00 20 00 00 00 00 00 00 00 E1 00 00
T$1E s1 f 22 1E 80 7E 00 20 00 00 00 00 00 00 00 E1 00 00
T$1E s1 f 23 1E 80 7F 00 20 00 00 00 00 00 00 00 E1 00 00
T$1E s1 f 24 1E 80 7F 00 20 00 00 00 00 00 00 00 E1 00 00
T$1E s1 f 25 1E 80 80 00 20 00 00 00 00 00 00 00 E1 00 00
T$1E s1 f 26 1E 80 80 00 20 00 00 00 00 00 00 00 E1 00 00
T$1E s1 f 27 1E 80 81 00 20 00 00 00 00 00 00 00 E1 00 00
T$1E s1 f 28 1E 80 81 00 20 00 00 00 00 00 00 00 E1 00 00
T$1E s1 f 29 1E 80 82 00 20 00 00 00 00 00 00 00 E1 00 00
T$1E s1 f 30 1E 80 82 00 20 00 00 00 00 00 00 00 E1 00 00
T$1E s1 f 31 1E 80 83 00 20 00 00 00 00 00 00 00 E1 00 00
T$1E s1 f 32 1E 80 83 00 20 00 00 00 00 00 00 00 E1 00 00
T$1E s1 f 33 1E 80 84 00 20 00 00 00 00 00 00 00 E1 00 00
T$1E s1 f 34 1E 80 84 00 20 00 00 00 00 00 00 00 E1 00 00
T$1E s1 f 35 1E 80 85 00 20 00 00 00 00 00 00 00 E1 00 00
T$1E s1 f 36 1E 80 85 00 20 00 00 00 00 00 00 00 E1 00 00
T$1E s1 f 37 1E 80 86 00 20 00 00 00 00 00 00 00 E1 00 00
T$1E s1 f 38 1E 80 86 00 20 00 00 00 00 00 00 00 E1 00 00
T$1E s1 f 39 1E 80 87 00 20 00 00 00 00 01 00 00 E1 00 00
T$1E s1 f 40 1E 80 86 00 20 00 00 00 00 01 00 00 E1 00 00
T$1E s1 f 41 1E 80 86 00 20 00 00 00 00 01 00 00 E1 00 00
T$1E s1 f 42 1E 80 85 00 20 00 00 00 00 01 00 00 E1 00 00
T$1E s1 f 43 1E 80 85 00 20 00 00 00 00 01 00 00 E1 00 00
T$1E s1 f 44 1E 80 84 00 20 00 00 00 00 01 00 00 E1 00 00
T$1E s1 f 45 1E 80 84 00 20 00 00 00 00 01 00 00 E1 00 00
T$1E s1 f 46 1E 80 83 00 20 00 00 00 00 01 00 00 E1 00 00
T$1E s1 f 47 1E 80 83 00 20 00 00 00 00 01 00 00 E1 00 00
T$1E s1 f 48 1E 80 82 00 20 00 00 00 00 01 00 00 E1 00 00
T$1E s1 f 49 1E 80 82 00 20 00 00 00 00 01 00 00 E1 00 00
T$1E s1 f 50 1E 80 81 00 20 00 00 00 00 01 00 00 E1 00 00
T$1E s1 f 51 1E 80 81 00 20 00 00 00 00 01 00 00 E1 00 00
T$1E s1 f 52 1E 80 80 00 20 00 00 00 00 01 00 00 E1 00 00
T$1E s1 f 53 1E 80 80 00 20 00 00 00 00 01 00 00 E1 00 00
T$1E s1 f 54 1E 80 7F 00 20 00 00 00 00 01 00 00 E1 00 00
T$1E s1 f 55 1E 80 7F 00 20 00 00 00 00 01 00 00 E1 00 00
T$1E s1 f 56 1E 80 7E 00 20 00 00 00 00 01 00 00 E1 00 00
T$1E s1 f 57 1E 80 7E 00 20 00 00 00 00 01 00 00 E1 00 00
T$1E s1 f 58 1E 80 7D 00 20 00 00 00 00 01 00 00 E1 00 00
T$1E s1 f 59 1E 80 7D 00 20 00 00 00 00 01 00 00 E1 00 00
T$1E s1 f 60 1E 80 7C 00 20 00 00 00 00 01 00 00 E1 00 00
T$1E s1 f 61 1E 80 7C 00 20 00 00 00 00 01 00 00 E1 00 00
T$1E s1 f 62 1E 80 7B 00 20 00 00 00 00 01 00 00 E1 00 00
T$1E s1 f 63 1E 80 7B 00 20 00 00 00 00 01 00 00 E1 00 00
T$1E s1 f 64 1E 80 7A 00 20 00 00 00 00 01 00 00 E1 00 00
T$1E s1 f 65 1E 80 7A 00 20 00 00 00 00 01 00 00 E1 00 00
T$1E s1 f 66 1E 80 79 00 20 00 00 00 00 01 00 00 E1 00 00
T$1E s1 f 67 1E 80 79 00 20 00 00 00 00 01 00 00 E1 00 00
T$1E s1 f 68 1E 80 78 00 20 00 00 00 00 01 00 00 E1 00 00
T$1E s1 f 69 1E 80 78 00 20 00 00 00 00 01 00 00 E1 00 00
T$1E s1 f 70 1E 80 77 00 20 00 00 00 00 01 00 00 E1 00 00
T$1E s1 f 71 1E 80 77 00 20 00 00 00 00 01 00 00 E1 00 00
T$1E s1 f 72 1E 80 76 00 20 00 00 00 00 01 00 00 E1 00 00
T$1E s1 f 73 1E 80 76 00 20 00 00 00 00 01 00 00 E1 00 00
T$1E s1 f 74 1E 80 75 00 20 00 00 00 00 01 00 00 E1 00 00
T$1E s1 f 75 1E 80 75 00 20 00 00 00 00 01 00 00 E1 00 00
T$1E s1 f 76 1E 80 74 00 20 00 00 00 00 01 00 00 E1 00 00
T$1E s1 f 77 1E 80 74 00 20 00 00 00 00 01 00 00 E1 00 00
T$1E s1 f 78 1E 80 73 00 20 00 00 00 00 01 00 00 E1 00 00
T$1E s1 f 79 1E 80 73 00 20 00 00 00 00 01 00 00 E1 00 00
T$1E s1 f 80 1E 80 72 00 20 00 00 00 00 01 00 00 E1 00 00
T$1E s1 f 81 1E 80 72 00 20 00 00 00 00 01 00 00 E1 00 00
T$1E s1 f 82 1E 80 71 00 20 00 00 00 00 01 00 00 E1 00 00
T$1E s1 f 83 1E 80 71 00 20 00 00 00 00 01 00 00 E1 00 00
T$1E s1 f 84 1E 80 70 00 20 00 00 00 00 01 00 00 E1 00 00
T$1E s1 f 85 1E 80 70 00 20 00 00 00 00 01 00 00 E1 00 00
T$1E s1 f 86 1E 80 6F 00 20 00 00 00 00 01 00 00 E1 00 00
T$1E s1 f 87 1E 80 6F 00 20 00 00 00 00 01 00 00 E1 00 00
T$1E s1 f 88 1E 80 6E 00 20 00 00 00 00 01 00 00 E1 00 00
T$1E s1 f 89 1E 80 6E 00 20 00 00 00 00 01 00 00 E1 00 00
T$1E s1 f 90 1E 80 6D 00 20 00 00 00 00 01 00 00 E1 00 00
T$1E s1 f 91 1E 80 6D 00 20 00 00 00 00 01 00 00 E1 00 00
T$1E s1 f 92 1E 80 6C 00 20 00 00 00 00 01 00 00 E1 00 00
T$1E s1 f 93 1E 80 6C 00 20 00 00 00 00 01 00 00 E1 00 00
T$1E s1 f 94 1E 80 6B 00 20 00 00 00 00 01 00 00 E1 00 00
T$1E s1 f 95 1E 80 6B 00 20 00 00 00 00 01 00 00 E1 00 00
T$1E s1 f 96 1E 80 6A 00 20 00 00 00 00 01 00 00 E1 00 00
T$1E s1 f 97 1E 80 6A 00 20 00 00 00 00 01 00 00 E1 00 00
T$1E s1 f 98 1E 80 69 00 20 00 00 00 00 01 00 00 E1 00 00
T$1E s1 f 99 1E 80 69 00 20 00 00 00 00 01 00 00 E1 00 00
T$1E s1 f100 1E 80 68 00 20 00 00 00 00 01 00 00 E1 00 00
T$1E s1 f101 1E 80 68 00 20 00 00 00 00 01 00 00 E1 00 00
T$1E s1 f102 1E 80 67 00 20 00 00 00 00 01 00 00 E1 00 00
T$1E s1 f103 1E 80 67 00 20 00 00 00 00 01 00 00 E1 00 00
T$1E s1 f104 1E 80 66 00 20 00 00 00 00 01 00 00 E1 00 00
T$1E s1 f105 1E 80 66 00 20 00 00 00 00 01 00 00 E1 00 00
T$1E s1 f106 1E 80 65 00 20 00 00 00 00 01 00 00 E1 00 00
T$1E s1 f107 1E 80 65 00 20 00 00 00 00 01 00 00 E1 00 00
T$1E s1 f108 1E 80 64 00 20 00 00 00 00 01 00 00 E1 00 00
T$1E s1 f109 1E 80 64 00 20 00 00 00 00 01 00 00 E1 00 00
T$1E s1 f110 1E 80 63 00 20 00 00 00 00 01 00 00 E1 00 00
T$1E s1 f111 1E 80 63 00 20 00 00 00 00 01 00 00 E1 00 00
T$1E s1 f112 1E 80 62 00 20 00 00 00 00 01 00 00 E1 00 00
T$1E s1 f113 1E 80 62 00 20 00 00 00 00 01 00 00 E1 00 00
T$1E s1 f114 1E 80 61 00 20 00 00 00 00 01 00 00 E1 00 00
T$1E s1 f115 1E 80 61 00 20 00 00 00 00 01 00 00 E1 00 00
T$1E s1 f116 1E 80 60 00 20 00 00 00 00 01 00 00 E1 00 00
T$1E s1 f117 1E 80 60 00 20 00 00 00 00 01 00 00 E1 00 00
T$1E s1 f118 1E 80 5F 00 20 00 00 00 00 01 00 00 E1 00 00
T$1E s1 f119 1E 80 5F 00 20 00 00 00 00 01 00 00 E1 00 00
T$1E s1 f120 1E 80 5E 00 20 00 00 00 00 01 00 00 E1 00 00
T$1E s1 f121 1E 80 5E 00 20 00 00 00 00 01 00 00 E1 00 00
T$1E s1 f122 1E 80 5D 00 20 00 00 00 00 01 00 00 E1 00 00
T$1E s1 f123 1E 80 5D 00 20 00 00 00 00 01 00 00 E1 00 00
T$1E s1 f124 1E 80 5C 00 20 00 00 00 00 01 00 00 E1 00 00
T$1E s1 f125 1E 80 5C 00 20 00 00 00 00 01 00 00 E1 00 00
T$1E s1 f126 1E 80 5B 00 20 00 00 00 00 01 00 00 E1 00 00
T$1E s1 f127 1E 80 5B 00 20 00 00 00 00 01 00 00 E1 00 00
T$1E s1 f128 1E 80 5A 00 20 00 00 00 00 01 00 00 E1 00 00
T$1E s1 f129 1E 80 5A 00 20 00 00 00 00 01 00 00 E1 00 00
T$1E s1 f130 1E 80 59 00 20 00 00 00 00 01 00 00 E1 00 00
T$1E s1 f131 1E 80 59 00 20 00 00 00 00 01 00 00 E1 00 00
T$1E s1 f132 1E 80 58 00 20 00 00 00 00 01 00 00 E1 00 00
T$1E s1 f133 1E 80 58 00 20 00 00 00 00 01 00 00 E1 00 00
T$1E s1 f134 1E 80 57 00 20 00 00 00 00 01 00 00 E1 00 00
T$1E s1 f135 1E 80 57 00 20 00 00 00 00 01 00 00 E1 00 00
T$1E s1 f136 1E 80 56 00 20 00 00 00 00 01 00 00 E1 00 00
T$1E s1 f137 1E 80 56 00 20 00 00 00 00 01 00 00 E1 00 00
T$1E s1 f138 1E 80 55 00 20 00 00 00 00 01 00 00 E1 00 00
T$1E s1 f139 1E 80 55 00 20 00 00 00 00 01 00 00 E1 00 00
T$1E s1 f140 1E 80 54 00 20 00 00 00 00 01 00 00 E1 00 00
T$1E s1 f141 1E 80 54 00 20 00 00 00 00 01 00 00 E1 00 00
T$1E s1 f142 1E 80 53 00 20 00 00 00 00 01 00 00 E1 00 00
T$1E s1 f143 1E 80 53 00 20 00 00 00 00 01 00 00 E1 00 00
T$1E s1 f144 1E 80 52 00 20 00 00 00 00 01 00 00 E1 00 00
T$1E s1 f145 1E 80 52 00 20 00 00 00 00 01 00 00 E1 00 00
T$1E s1 f146 1E 80 51 00 20 00 00 00 00 01 00 00 E1 00 00
T$1E s1 f147 1E 80 51 00 20 00 00 00 00 01 00 00 E1 00 00
T$1E s1 f148 1E 80 50 00 20 00 00 00 00 01 00 00 E1 00 00
T$1E s1 f149 1E 80 50 00 20 00 00 00 00 01 00 00 E1 00 00
T$1E s1 f150 1E 80 4F 00 20 00 00 00 00 01 00 00 E1 00 00
T$1E s1 f151 1E 80 4F 00 20 00 00 00 00 01 00 00 E1 00 00
T$1E s1 f152 1E 80 4E 00 20 00 00 00 00 01 00 00 E1 00 00
T$1E s1 f153 1E 80 4E 00 20 00 00 00 00 01 00 00 E1 00 00
T$1E s1 f154 1E 80 4D 00 20 00 00 00 00 01 00 00 E1 00 00
T$1E s1 f155 1E 80 4D 00 20 00 00 00 00 01 00 00 E1 00 00
T$1E s1 f156 1E 80 4D 00 20 00 00 00 00 01 00 00 E1 00 00
T$1E s1 f157 1E 80 4D 00 20 00 00 00 00 01 00 00 E1 00 00
T$1E s1 f158 1E 80 4D 00 20 00 00 00 00 01 00 00 E1 00 00
T$1E s1 f159 1E 80 4D 00 20 00 00 00 00 01 00 00 E1 00 00
T$1E s1 f160 1E 80 4D 00 20 00 00 00 00 01 00 00 E1 00 00
T$1E s1 f161 1E 80 4D 00 20 00 00 00 00 01 00 00 E1 00 00
T$1E s1 f162 1E 80 4D 00 20 00 00 00 00 01 00 00 E1 00 00
T$1E s1 f163 1E 80 4D 00 20 00 00 00 00 01 00 00 E1 00 00
T$1E s1 f164 1E 80 4D 00 20 00 00 00 00 01 00 00 E1 00 00
T$1E s1 f165 1E 80 4D 00 20 00 00 00 00 01 00 00 E1 00 00
T$1E s1 f166 1E 80 4D 00 20 00 00 00 00 01 00 00 E1 00 00
T$1E s1 f167 1E 80 4D 00 20 00 00 00 00 01 00 00 E1 00 00
T$1E s1 f168 1E 80 4D 00 20 00 00 00 00 01 00 00 E1 00 00
T$1E s1 f169 1E 80 4D 00 20 00 00 00 00 01 00 00 E1 00 00
T$1E s1 f170 1E 80 4D 00 20 00 00 00 00 01 00 00 E1 00 00
T$1E s1 f171 1E 80 4D 00 20 00 00 00 00 01 00 00 E1 00 00
T$1E s1 f172 1E 80 4D 00 20 00 00 00 00 01 00 00 E1 00 00
T$1E s1 f173 1E 80 4D 00 20 00 00 00 00 01 00 00 E1 00 00
T$1E s1 f174 1E 80 4D 00 20 00 00 00 00 01 00 00 E1 00 00
T$1E s1 f175 1E 80 4D 00 20 00 00 00 00 01 00 00 E1 00 00
T$1E s1 f176 1E 80 4D 00 20 00 00 00 00 01 00 00 E1 00 00
T$1E s1 f177 1E 80 4D 00 20 00 00 00 00 01 00 00 E1 00 00
T$1E s1 f178 1E 80 4D 00 20 00 00 00 00 01 00 00 E1 00 00
T$1E s1 f179 1E 80 4D 00 20 00 00 00 00 01 00 00 E1 00 00
T$1E s1 f180 1E 80 4D 00 20 00 00 00 00 01 00 00 E1 00 00
T$1E s1 f181 1E 80 4D 00 20 00 00 00 00 01 00 00 E1 00 00
T$1E s1 f182 1E 80 4D 00 20 00 00 00 00 01 00 00 E1 00 00
T$1E s1 f183 1E 80 4D 00 20 00 00 00 00 01 00 00 E1 00 00
T$1E s1 f184 1E 80 4D 00 20 00 00 00 00 01 00 00 E1 00 00
T$1E s1 f185 1E 80 4D 00 20 00 00 00 00 01 00 00 E1 00 00
T$1E s1 f186 1E 80 4D 00 20 00 00 00 00 01 00 00 E1 00 00
T$1E s1 f187 1E 80 4D 00 20 00 00 00 00 01 00 00 E1 00 00
T$1E s1 f188 1E 80 4D 00 20 00 00 00 00 01 00 00 E1 00 00
T$1E s1 f189 1E 80 4D 00 20 00 00 00 00 01 00 00 E1 00 00
T$1E s1 f190 1E 80 4D 00 20 00 00 00 00 01 00 00 E1 00 00
T$1E s1 f191 1E 80 4D 00 20 00 00 00 00 01 00 00 E1 00 00
T$1E s1 f192 1E 80 4D 00 20 00 00 00 00 01 00 00 E1 00 00
T$1E s1 f193 1E 80 4D 00 20 00 00 00 00 01 00 00 E1 00 00
T$1E s1 f194 1E 80 4D 00 20 00 00 00 00 01 00 00 E1 00 00
T$1E s1 f195 1E 80 4D 00 20 00 00 00 00 01 00 00 E1 00 00
T$1E s1 f196 1E 80 4D 00 20 00 00 00 00 01 00 00 E1 00 00
T$1E s1 f197 1E 80 4D 00 20 00 00 00 00 01 00 00 E1 00 00
T$1E s1 f198 1E 80 4D 00 20 00 00 00 00 01 00 00 E1 00 00
T$1E s1 f199 1E 80 4D 00 20 00 00 00 00 01 00 00 E1 00 00
T$1E s1 f200 1E 80 4D 00 20 00 00 00 00 01 00 00 E1 00 00
T$1E s1 f201 1E 80 4D 00 20 00 00 00 00 01 00 00 E1 00 00
T$1E s1 f202 1E 80 4D 00 20 00 00 00 00 01 00 00 E1 00 00
T$1E s1 f203 1E 80 4D 00 20 00 00 00 00 01 00 00 E1 00 00
T$1E s1 f204 1E 80 4D 00 20 00 00 00 00 01 00 00 E1 00 00
T$1E s1 f205 1E 80 4D 00 20 00 00 00 00 01 00 00 E1 00 00
T$1E s1 f206 1E 80 4D 00 20 00 00 00 00 01 00 00 E1 00 00
T$1E s1 f207 1E 80 4D 00 20 00 00 00 00 01 00 00 E1 00 00
T$1E s1 f208 1E 80 4D 00 20 00 00 00 00 01 00 00 E1 00 00
T$1E s1 f209 1E 80 4D 00 20 00 00 00 00 01 00 00 E1 00 00
T$1E s1 f210 1E 80 4D 00 20 00 00 00 00 01 00 00 E1 00 00
T$1E s1 f211 1E 80 4D 00 20 00 00 00 00 01 00 00 E1 00 00
T$1E s1 f212 1E 80 4D 00 20 00 00 00 00 01 00 00 E1 00 00
T$1E s1 f213 1E 80 4D 00 20 00 00 00 00 01 00 00 E1 00 00
T$1E s1 f214 1E 80 4D 00 20 00 00 00 00 01 00 00 E1 00 00
T$1E s1 f215 1E 80 4D 00 20 00 00 00 00 01 00 00 E1 00 00
T$1E s1 f216 1E 80 4D 00 20 00 00 00 00 01 00 00 E1 00 00
T$1E s1 f217 1E 80 4D 00 20 00 00 00 00 01 00 00 E1 00 00
T$1E s1 f218 1E 80 4D 00 20 00 00 00 00 01 00 00 E1 00 00
T$1E s1 f219 1E 80 4D 00 20 00 00 00 00 01 00 00 E1 00 00
T$1E s1 f220 1E 80 4D 00 20 00 00 00 00 01 00 00 E1 00 00
T$1E s1 f221 1E 80 4D 00 20 00 00 00 00 01 00 00 E1 00 00
T$1E s1 f222 1E 80 4D 00 20 00 00 00 00 01 00 00 E1 00 00
T$1E s1 f223 1E 80 4D 00 20 00 00 00 00 01 00 00 E1 00 00
T$1E s1 f224 1E 80 4D 00 20 00 00 00 00 01 00 00 E1 00 00
T$1E s1 f225 1E 80 4D 00 20 00 00 00 00 01 00 00 E1 00 00
T$1E s1 f226 1E 80 4D 00 20 00 00 00 00 01 00 00 E1 00 00
T$1E s1 f227 1E 80 4D 00 20 00 00 00 00 01 00 00 E1 00 00
T$1E s1 f228 1E 80 4D 00 20 00 00 00 00 01 00 00 E1 00 00
T$1E s1 f229 1E 80 4D 00 20 00 00 00 00 01 00 00 E1 00 00
T$1E s1 f230 1E 80 4D 00 20 00 00 00 00 01 00 00 E1 00 00
T$1E s1 f231 1E 80 4D 00 20 00 00 00 00 01 00 00 E1 00 00
T$1E s1 f232 1E 80 4D 00 20 00 00 00 00 01 00 00 E1 00 00
T$1E s1 f233 1E 80 4D 00 20 00 00 00 00 01 00 00 E1 00 00
T$1E s1 f234 1E 80 4D 00 20 00 00 00 00 01 00 00 E1 00 00
T$1E s1 f235 1E 80 4D 00 20 00 00 00 00 01 00 00 E1 00 00
T$1E s1 f236 1E 80 4D 00 20 00 00 00 00 01 00 00 E1 00 00
T$1E s1 f237 1E 80 4D 00 20 00 00 00 00 01 00 00 E1 00 00
T$1E s1 f238 1E 80 4D 00 20 00 00 00 00 01 00 00 E1 00 00
T$1E s1 f239 1E 80 4D 00 20 00 00 00 00 01 00 00 E1 00 00
T$21 s1 f  0 21 80 78 00 20 00 00 1C 00 00 00 00 E1 00 00
T$21 s1 f  1 21 80 78 00 20 00 00 1B 00 00 00 00 E1 00 00
T$21 s1 f  2 21 80 78 00 20 00 00 1A 00 00 00 00 E1 00 00
T$21 s1 f  3 21 80 78 00 20 00 00 19 00 00 00 00 E1 00 00
T$21 s1 f  4 21 80 78 00 20 00 00 18 00 00 00 00 E1 00 00
T$21 s1 f  5 21 80 78 00 20 00 00 17 00 00 00 00 E1 00 00
T$21 s1 f  6 21 80 78 00 20 00 00 16 00 00 00 00 E1 00 00
T$21 s1 f  7 21 80 78 00 20 00 00 15 00 00 00 00 E1 00 00
T$21 s1 f  8 21 80 78 00 20 00 00 14 00 00 00 00 E1 00 00
T$21 s1 f  9 21 80 78 00 20 00 00 13 00 00 00 00 E1 00 00
T$21 s1 f 10 21 80 78 00 20 00 00 12 00 00 00 00 E1 00 00
T$21 s1 f 11 21 80 78 00 20 00 00 11 00 00 00 00 E1 00 00
T$21 s1 f 12 21 80 78 00 20 00 00 10 00 00 00 00 E1 00 00
T$21 s1 f 13 21 80 78 00 20 00 00 0F 00 00 00 00 E1 00 00
T$21 s1 f 14 21 80 78 00 20 00 00 0E 00 00 00 00 E1 00 00
T$21 s1 f 15 21 80 78 00 20 00 00 0D 00 00 00 00 E1 00 00
T$21 s1 f 16 21 80 78 00 20 00 00 0C 00 00 00 00 E1 00 00
T$21 s1 f 17 21 80 78 00 20 00 00 0B 00 00 00 00 E1 00 00
T$21 s1 f 18 21 80 78 00 20 00 00 0A 00 00 00 00 E1 00 00
T$21 s1 f 19 21 80 78 00 20 00 00 09 00 00 00 00 E1 00 00
T$21 s1 f 20 21 80 78 00 20 00 00 08 00 00 00 00 E1 00 00
T$21 s1 f 21 21 80 78 00 20 00 00 07 00 00 00 00 E1 00 00
T$21 s1 f 22 21 80 78 00 20 00 00 06 00 00 00 00 E1 00 00
T$21 s1 f 23 21 80 78 00 20 00 00 05 00 00 00 00 E1 00 00
T$21 s1 f 24 21 80 78 00 20 00 00 04 00 00 00 00 E1 00 00
T$21 s1 f 25 21 80 78 00 20 00 00 03 00 00 00 00 E1 00 00
T$21 s1 f 26 21 80 78 00 20 00 00 02 00 00 00 00 E1 00 00
T$21 s1 f 27 21 80 78 00 20 00 00 01 00 00 00 00 E1 00 00
T$21 s1 f 28 21 80 78 00 20 00 00 06 00 00 00 00 E1 00 00
T$21 s1 f 29 21 80 78 00 20 00 00 05 00 00 00 00 E1 00 00
T$21 s1 f 30 21 80 78 00 20 00 00 04 00 00 00 00 E1 00 00
T$21 s1 f 31 21 80 78 00 20 00 00 03 00 00 00 00 E1 00 00
T$21 s1 f 32 21 80 78 00 20 00 00 02 00 00 00 00 E1 00 00
T$21 s1 f 33 21 80 78 00 20 00 00 01 00 00 00 00 E1 00 00
T$21 s1 f 34 21 80 78 00 20 00 00 06 00 00 00 00 E1 00 00
T$21 s1 f 35 21 80 78 00 20 00 00 05 00 00 00 00 E1 00 00
T$21 s1 f 36 21 80 78 00 20 00 00 04 00 00 00 00 E1 00 00
T$21 s1 f 37 21 80 78 00 20 00 00 03 00 00 00 00 E1 00 00
T$21 s1 f 38 21 80 78 00 20 00 00 02 00 00 00 00 E1 00 00
T$21 s1 f 39 21 80 78 00 20 00 00 01 00 00 00 00 E1 00 00
T$21 s1 f 40 21 80 78 00 20 00 00 06 00 00 00 00 E1 00 00
T$21 s1 f 41 21 80 78 00 20 00 00 05 00 00 00 00 E1 00 00
T$21 s1 f 42 21 81 78 00 20 00 00 04 00 00 00 00 E1 00 00
T$21 s1 f 43 21 81 78 00 20 00 00 03 00 00 00 00 E1 00 00
T$21 s1 f 44 21 82 78 00 20 00 00 02 00 00 00 00 E1 00 00
T$21 s1 f 45 21 82 78 00 20 00 00 01 00 00 00 00 E1 00 00
T$21 s1 f 46 21 83 78 00 20 00 00 00 00 00 00 00 E1 00 00
T$21 s1 f 47 21 83 78 00 20 00 00 00 00 00 00 00 E1 00 00
T$21 s1 f 48 21 84 78 00 20 00 00 00 00 00 00 00 E1 00 00
T$21 s1 f 49 21 84 78 00 20 00 00 00 00 00 00 00 E1 00 00
T$21 s1 f 50 21 85 78 00 20 00 00 00 00 00 00 00 E1 00 00
T$21 s1 f 51 21 85 78 00 20 00 00 00 00 00 00 00 E1 00 00
T$21 s1 f 52 21 86 78 00 20 00 00 00 00 00 00 00 E1 00 00
T$21 s1 f 53 21 86 78 00 20 00 00 00 00 00 00 00 E1 00 00
T$21 s1 f 54 21 87 78 00 20 00 00 00 00 00 00 00 E1 00 00
T$21 s1 f 55 21 87 78 00 20 00 00 00 00 00 00 00 E1 00 00
T$21 s1 f 56 21 88 78 00 20 00 00 00 00 00 00 00 E1 00 00
T$21 s1 f 57 21 88 78 00 20 00 00 00 00 00 00 00 E1 00 00
T$21 s1 f 58 21 89 78 00 20 00 00 00 00 00 00 00 E1 00 00
T$21 s1 f 59 21 89 78 00 20 00 00 00 00 00 00 00 E1 00 00
T$21 s1 f 60 21 8A 78 00 20 00 00 00 00 01 00 00 E1 00 00
T$21 s1 f 61 21 8A 78 00 20 00 00 00 00 00 00 00 E1 00 00
T$21 s1 f 62 21 8A 79 00 20 00 00 00 00 00 00 00 E1 00 00
T$21 s1 f 63 21 8A 79 00 20 00 00 00 00 00 00 00 E1 00 00
T$21 s1 f 64 21 8A 7A 00 20 00 00 00 00 00 00 00 E1 00 00
T$21 s1 f 65 21 8A 7A 00 20 00 00 00 00 00 00 00 E1 00 00
T$21 s1 f 66 21 8A 7B 00 20 00 00 00 00 00 00 00 E1 00 00
T$21 s1 f 67 21 8A 7B 00 20 00 00 00 00 00 00 00 E1 00 00
T$21 s1 f 68 21 8A 7C 00 20 00 00 00 00 00 00 00 E1 00 00
T$21 s1 f 69 21 8A 7C 00 20 00 00 00 00 00 00 00 E1 00 00
T$21 s1 f 70 21 8A 7D 00 20 00 00 00 00 00 00 00 E1 00 00
T$21 s1 f 71 21 8A 7D 00 20 00 00 00 00 00 00 00 E1 00 00
T$21 s1 f 72 21 8A 7E 00 20 00 00 00 00 00 00 00 E1 00 00
T$21 s1 f 73 21 8A 7E 00 20 00 00 00 00 00 00 00 E1 00 00
T$21 s1 f 74 21 8A 7F 00 20 00 00 00 00 00 00 00 E1 00 00
T$21 s1 f 75 21 8A 7F 00 20 00 00 00 00 00 00 00 E1 00 00
T$21 s1 f 76 21 8A 80 00 20 00 00 00 00 00 00 00 E1 00 00
T$21 s1 f 77 21 8A 80 00 20 00 00 00 00 00 00 00 E1 00 00
T$21 s1 f 78 21 8A 81 00 20 00 00 00 00 00 00 00 E1 00 00
T$21 s1 f 79 21 8A 81 00 20 00 00 00 00 00 00 00 E1 00 00
T$21 s1 f 80 21 8A 82 00 20 00 00 00 00 00 00 00 E1 00 00
T$21 s1 f 81 21 8A 82 00 20 00 00 00 00 00 00 00 E1 00 00
T$21 s1 f 82 21 8A 83 00 20 00 00 00 00 00 00 00 E1 00 00
T$21 s1 f 83 21 8A 83 00 20 00 00 00 00 00 00 00 E1 00 00
T$21 s1 f 84 21 8A 84 00 20 00 00 00 00 00 00 00 E1 00 00
T$21 s1 f 85 21 8A 84 00 20 00 00 00 00 00 00 00 E1 00 00
T$21 s1 f 86 21 8A 85 00 20 00 00 00 00 00 00 00 E1 00 00
T$21 s1 f 87 21 8A 85 00 20 00 00 00 00 00 00 00 E1 00 00
T$21 s1 f 88 21 8A 86 00 20 00 00 00 00 00 00 00 E1 00 00
T$21 s1 f 89 21 8A 86 00 20 00 00 00 00 00 00 00 E1 00 00
T$21 s1 f 90 21 8A 87 00 20 00 00 00 00 00 00 00 E1 00 00
T$21 s1 f 91 21 8A 87 00 20 00 00 00 00 00 00 00 E1 00 00
T$21 s1 f 92 21 8A 88 00 20 00 00 00 00 01 00 00 E1 00 00
T$21 s1 f 93 21 89 88 00 20 00 00 00 00 01 00 00 E1 00 00
T$21 s1 f 94 21 89 88 00 20 00 00 00 00 01 00 00 E1 00 00
T$21 s1 f 95 21 88 88 00 20 00 00 00 00 01 00 00 E1 00 00
T$21 s1 f 96 21 88 88 00 20 00 00 00 00 01 00 00 E1 00 00
T$21 s1 f 97 21 87 88 00 20 00 00 00 00 01 00 00 E1 00 00
T$21 s1 f 98 21 87 88 00 20 00 00 00 00 01 00 00 E1 00 00
T$21 s1 f 99 21 86 88 00 20 00 00 00 00 01 00 00 E1 00 00
T$21 s1 f100 21 86 88 00 20 00 00 00 00 01 00 00 E1 00 00
T$21 s1 f101 21 85 88 00 20 00 00 00 00 01 00 00 E1 00 00
T$21 s1 f102 21 85 88 00 20 00 00 00 00 01 00 00 E1 00 00
T$21 s1 f103 21 84 88 00 20 00 00 00 00 01 00 00 E1 00 00
T$21 s1 f104 21 84 88 00 20 00 00 00 00 01 00 00 E1 00 00
T$21 s1 f105 21 83 88 00 20 00 00 00 00 01 00 00 E1 00 00
T$21 s1 f106 21 83 88 00 20 00 00 00 00 01 00 00 E1 00 00
T$21 s1 f107 21 82 88 00 20 00 00 00 00 01 00 00 E1 00 00
T$21 s1 f108 21 82 88 00 20 00 00 00 00 01 00 00 E1 00 00
T$21 s1 f109 21 81 88 00 20 00 00 00 00 01 00 00 E1 00 00
T$21 s1 f110 21 81 88 00 20 00 00 00 00 01 00 00 E1 00 00
T$21 s1 f111 21 80 88 00 20 00 00 00 00 01 00 00 E1 00 00
T$21 s1 f112 21 80 88 00 20 00 00 00 00 01 00 00 E1 00 00
T$21 s1 f113 21 7F 88 00 20 00 00 00 00 01 00 00 E1 00 00
T$21 s1 f114 21 7F 88 00 20 00 00 00 00 01 00 00 E1 00 00
T$21 s1 f115 21 7E 88 00 20 00 00 00 00 01 00 00 E1 00 00
T$21 s1 f116 21 7E 88 00 20 00 00 00 00 01 00 00 E1 00 00
T$21 s1 f117 21 7D 88 00 20 00 00 00 00 01 00 00 E1 00 00
T$21 s1 f118 21 7D 88 00 20 00 00 00 00 01 00 00 E1 00 00
T$21 s1 f119 21 7C 88 00 20 00 00 00 00 01 00 00 E1 00 00
T$21 s1 f120 21 7C 88 00 20 00 00 00 00 01 00 00 E1 00 00
T$21 s1 f121 21 7B 88 00 20 00 00 00 00 01 00 00 E1 00 00
T$21 s1 f122 21 7B 88 00 20 00 00 00 00 01 00 00 E1 00 00
T$21 s1 f123 21 7A 88 00 20 00 00 00 00 01 00 00 E1 00 00
T$21 s1 f124 21 7A 89 00 20 00 00 00 00 01 00 00 E1 00 00
T$21 s1 f125 21 7A 89 00 20 00 00 00 00 01 00 00 E1 00 00
T$21 s1 f126 21 7A 8A 00 20 00 00 00 00 01 00 00 E1 00 00
T$21 s1 f127 21 7A 8A 00 20 00 00 00 00 01 00 00 E1 00 00
T$21 s1 f128 21 7A 8B 00 20 00 00 00 00 01 00 00 E1 00 00
T$21 s1 f129 21 7A 8B 00 20 00 00 00 00 01 00 00 E1 00 00
T$21 s1 f130 21 7A 8C 00 20 00 00 00 00 01 00 00 E1 00 00
T$21 s1 f131 21 7A 8C 00 20 00 00 00 00 01 00 00 E1 00 00
T$21 s1 f132 21 7A 8D 00 20 00 00 00 00 01 00 00 E1 00 00
T$21 s1 f133 21 7A 8D 00 20 00 00 00 00 01 00 00 E1 00 00
T$21 s1 f134 21 7A 8E 00 20 00 00 00 00 01 00 00 E1 00 00
T$21 s1 f135 21 7A 8E 00 20 00 00 00 00 01 00 00 E1 00 00
T$21 s1 f136 21 7A 8F 00 20 00 00 00 00 01 00 00 E1 00 00
T$21 s1 f137 21 7A 8F 00 20 00 00 00 00 01 00 00 E1 00 00
T$21 s1 f138 21 7A 90 00 20 00 00 00 00 01 00 00 E1 00 00
T$21 s1 f139 21 7A 90 00 20 00 00 00 00 01 00 00 E1 00 00
T$21 s1 f140 21 7A 91 00 20 00 00 00 00 01 00 00 E1 00 00
T$21 s1 f141 21 7A 91 00 20 00 00 00 00 01 00 00 E1 00 00
T$21 s1 f142 21 7A 92 00 20 00 00 00 00 01 00 00 E1 00 00
T$21 s1 f143 21 7A 92 00 20 00 00 00 00 01 00 00 E1 00 00
T$21 s1 f144 21 7A 93 00 20 00 00 00 00 01 00 00 E1 00 00
T$21 s1 f145 21 7A 93 00 20 00 00 00 00 01 00 00 E1 00 00
T$21 s1 f146 21 7A 94 00 20 00 00 00 00 01 00 00 E1 00 00
T$21 s1 f147 21 7A 94 00 20 00 00 00 00 01 00 00 E1 00 00
T$21 s1 f148 21 7A 95 00 20 00 00 00 00 01 00 00 E1 00 00
T$21 s1 f149 21 7A 95 00 20 00 00 00 00 01 00 00 E1 00 00
T$21 s1 f150 21 7A 96 00 20 00 00 00 00 01 00 00 E1 00 00
T$21 s1 f151 21 7A 96 00 20 00 00 00 00 01 00 00 E1 00 00
T$21 s1 f152 21 7A 97 00 20 00 00 00 00 01 00 00 E1 00 00
T$21 s1 f153 21 7A 97 00 20 00 00 00 00 01 00 00 E1 00 00
T$21 s1 f154 21 7A 98 00 20 00 00 00 00 01 00 00 E1 00 00
T$21 s1 f155 21 7A 98 00 20 00 00 00 00 01 00 00 E1 00 00
T$21 s1 f156 21 7A 99 00 20 00 00 00 00 01 00 00 E1 00 00
T$21 s1 f157 21 7A 99 00 20 00 00 00 00 01 00 00 E1 00 00
T$21 s1 f158 21 7A 9A 00 20 00 00 00 00 01 00 00 E1 00 00
T$21 s1 f159 21 7A 9A 00 20 00 00 00 00 01 00 00 E1 00 00
T$21 s1 f160 21 7A 9B 00 20 00 00 00 00 01 00 00 E1 00 00
T$21 s1 f161 21 7A 9B 00 20 00 00 00 00 01 00 00 E1 00 00
T$21 s1 f162 21 7A 9C 00 20 00 00 00 00 01 00 00 E1 00 00
T$21 s1 f163 21 7A 9C 00 20 00 00 00 00 01 00 00 E1 00 00
T$21 s1 f164 21 7A 9D 00 20 00 00 00 00 01 00 00 E1 00 00
T$21 s1 f165 21 7A 9D 00 20 00 00 00 00 01 00 00 E1 00 00
T$21 s1 f166 21 7A 9E 00 20 00 00 00 00 01 00 00 E1 00 00
T$21 s1 f167 21 7A 9E 00 20 00 00 00 00 01 00 00 E1 00 00
T$21 s1 f168 21 7A 9F 00 20 00 00 00 00 01 00 00 E1 00 00
T$21 s1 f169 21 7A 9F 00 20 00 00 00 00 01 00 00 E1 00 00
T$21 s1 f170 21 7A A0 00 20 00 00 00 00 01 00 00 E1 00 00
T$21 s1 f171 21 7A A0 00 20 00 00 00 00 01 00 00 E1 00 00
T$21 s1 f172 21 7A A1 00 20 00 00 00 00 01 00 00 E1 00 00
T$21 s1 f173 21 7A A1 00 20 00 00 00 00 01 00 00 E1 00 00
T$21 s1 f174 21 7A A2 00 20 00 00 00 00 01 00 00 E1 00 00
T$21 s1 f175 21 7A A2 00 20 00 00 00 00 01 00 00 E1 00 00
T$21 s1 f176 21 7A A3 00 20 00 00 00 00 01 00 00 E1 00 00
T$21 s1 f177 21 7A A3 00 20 00 00 00 00 01 00 00 E1 00 00
T$21 s1 f178 21 7A A4 00 20 00 00 00 00 01 00 00 E1 00 00
T$21 s1 f179 21 7A A4 00 20 00 00 00 00 01 00 00 E1 00 00
T$21 s1 f180 21 7A A5 00 20 00 00 00 00 01 00 00 E1 00 00
T$21 s1 f181 21 7A A5 00 20 00 00 00 00 01 00 00 E1 00 00
T$21 s1 f182 21 7A A6 00 20 00 00 00 00 01 00 00 E1 00 00
T$21 s1 f183 21 7A A6 00 20 00 00 00 00 01 00 00 E1 00 00
T$21 s1 f184 21 7A A7 00 20 00 00 00 00 01 00 00 E1 00 00
T$21 s1 f185 21 7A A7 00 20 00 00 00 00 01 00 00 E1 00 00
T$21 s1 f186 21 7A A8 00 20 00 00 00 00 01 00 00 E1 00 00
T$21 s1 f187 21 7A A8 00 20 00 00 00 00 01 00 00 E1 00 00
T$21 s1 f188 21 7A A9 00 20 00 00 00 00 01 00 00 E1 00 00
T$21 s1 f189 21 7A A9 00 20 00 00 00 00 01 00 00 E1 00 00
T$21 s1 f190 21 7A AA 00 20 00 00 00 00 01 00 00 E1 00 00
T$21 s1 f191 21 7A AA 00 20 00 00 00 00 01 00 00 E1 00 00
T$21 s1 f192 21 7A AB 00 20 00 00 00 00 01 00 00 E1 00 00
T$21 s1 f193 21 7A AB 00 20 00 00 00 00 01 00 00 E1 00 00
T$21 s1 f194 21 7A AC 00 20 00 00 00 00 01 00 00 E1 00 00
T$21 s1 f195 21 7A AC 00 20 00 00 00 00 01 00 00 E1 00 00
T$21 s1 f196 21 7A AD 00 20 00 00 00 00 01 00 00 E1 00 00
T$21 s1 f197 21 7A AD 00 20 00 00 00 00 01 00 00 E1 00 00
T$21 s1 f198 21 7A AE 00 20 00 00 00 00 01 00 00 E1 00 00
T$21 s1 f199 21 7A AE 00 20 00 00 00 00 01 00 00 E1 00 00
T$21 s1 f200 21 7A AF 00 20 00 00 00 00 01 00 00 E1 00 00
T$21 s1 f201 21 7A AF 00 20 00 00 00 00 01 00 00 E1 00 00
T$21 s1 f202 21 7A B0 00 20 00 00 00 00 01 00 00 E1 00 00
T$21 s1 f203 21 7A B0 00 20 00 00 00 00 01 00 00 E1 00 00
T$21 s1 f204 21 7A B1 00 20 00 00 00 00 01 00 00 E1 00 00
T$21 s1 f205 21 7A B1 00 20 00 00 00 00 01 00 00 E1 00 00
T$21 s1 f206 21 7A B2 00 20 00 00 00 00 01 00 00 E1 00 00
T$21 s1 f207 21 7A B2 00 20 00 00 00 00 01 00 00 E1 00 00
T$21 s1 f208 21 7A B3 00 20 00 00 00 00 01 00 00 E1 00 00
T$21 s1 f209 21 7A B3 00 20 00 00 00 00 01 00 00 E1 00 00
T$21 s1 f210 21 7A B4 00 20 00 00 00 00 01 00 00 E1 00 00
T$21 s1 f211 21 7A B4 00 20 00 00 00 00 01 00 00 E1 00 00
T$21 s1 f212 21 7A B5 00 20 00 00 00 00 01 00 00 E1 00 00
T$21 s1 f213 21 7A B5 00 20 00 00 00 00 01 00 00 E1 00 00
T$21 s1 f214 21 7A B6 00 20 00 00 00 00 01 00 00 E1 00 00
T$21 s1 f215 21 7A B6 00 20 00 00 00 00 01 00 00 E1 00 00
T$21 s1 f216 21 7A B7 00 20 00 00 00 00 01 00 00 E1 00 00
T$21 s1 f217 21 7A B7 00 20 00 00 00 00 01 00 00 E1 00 00
T$21 s1 f218 21 7A B8 00 20 00 00 00 00 00 00 00 E1 00 00
T$21 s1 f219 21 7A B8 00 20 00 00 00 00 00 00 00 E1 00 00
T$21 s1 f220 21 7A B9 00 20 00 00 00 00 00 00 00 E1 00 00
T$21 s1 f221 21 7A B9 00 20 00 00 00 00 00 00 00 E1 00 00
T$21 s1 f222 21 7A BA 00 20 00 00 00 00 00 00 00 E1 00 00
T$21 s1 f223 21 7A BA 00 20 00 00 00 00 00 00 00 E1 00 00
T$21 s1 f224 21 7A BB 00 20 00 00 00 00 00 00 00 E1 00 00
T$21 s1 f225 21 7A BB 00 20 00 00 00 00 00 00 00 E1 00 00
T$21 s1 f226 21 7A BC 00 20 00 00 00 00 00 00 00 E1 00 00
T$21 s1 f227 21 7A BC 00 20 00 00 00 00 00 00 00 E1 00 00
T$21 s1 f228 21 7A BD 00 20 00 00 00 00 00 00 00 E1 00 00
T$21 s1 f229 21 7A BD 00 20 00 00 00 00 00 00 00 E1 00 00
T$21 s1 f230 21 7A BE 00 20 00 00 00 00 00 00 00 E1 00 00
T$21 s1 f231 21 7A BE 00 20 00 00 00 00 00 00 00 E1 00 00
T$21 s1 f232 21 7A BF 00 20 00 00 00 00 00 00 00 E1 00 00
T$21 s1 f233 21 7A BF 00 20 00 00 00 00 00 00 00 E1 00 00
T$21 s1 f234 21 7A C0 00 20 00 00 00 00 00 00 00 E1 00 00
T$21 s1 f235 21 7A C0 00 20 00 00 00 00 00 00 00 E1 00 00
T$21 s1 f236 21 7A C1 00 20 00 00 00 00 00 00 00 E1 00 00
T$21 s1 f237 21 7A C1 00 20 00 00 00 00 00 00 00 E1 00 00
T$21 s1 f238 21 7A C2 00 20 00 00 00 00 00 00 00 E1 00 00
T$21 s1 f239 21 7A C2 00 20 00 00 00 00 00 00 00 E1 00 00
T$27 s1 f  0 27 80 78 00 20 00 00 00 00 00 00 00 E1 00 00
T$27 s1 f  1 27 80 78 00 20 00 00 00 00 00 00 00 E1 00 00
T$27 s1 f  2 27 80 78 00 20 00 00 00 00 00 00 00 E1 00 00
T$27 s1 f  3 27 80 78 00 20 00 00 00 00 00 00 00 E1 00 00
T$27 s1 f  4 27 80 78 00 20 00 00 00 00 00 00 00 E1 00 00
T$27 s1 f  5 27 80 78 00 20 00 00 00 00 00 00 00 E1 00 00
T$27 s1 f  6 27 80 78 00 20 00 00 00 00 00 00 00 E1 00 00
T$27 s1 f  7 27 80 78 00 20 00 00 00 00 00 00 00 E1 00 00
T$27 s1 f  8 27 80 78 00 20 00 00 00 00 00 00 00 E1 00 00
T$27 s1 f  9 27 80 78 00 20 00 00 00 00 00 00 00 E1 00 00
T$27 s1 f 10 27 80 78 00 20 00 00 00 00 00 00 00 E1 00 00
T$27 s1 f 11 27 80 78 00 20 00 00 00 00 00 00 00 E1 00 00
T$27 s1 f 12 27 80 78 00 20 00 00 00 00 00 00 00 E1 00 00
T$27 s1 f 13 27 80 78 00 20 00 00 00 00 00 00 00 E1 00 00
T$27 s1 f 14 27 80 78 00 20 00 00 00 00 00 00 00 E1 00 00
T$27 s1 f 15 27 80 78 00 20 00 00 00 00 00 00 00 E1 00 00
T$27 s1 f 16 27 80 78 00 20 00 00 00 00 00 00 00 E1 00 00
T$27 s1 f 17 27 80 78 00 20 00 00 00 00 00 00 00 E1 00 00
T$27 s1 f 18 27 80 78 00 20 00 00 00 00 00 00 00 E1 00 00
T$27 s1 f 19 27 80 78 00 20 00 00 00 00 00 00 00 E1 00 00
T$27 s1 f 20 27 80 78 00 20 00 00 00 00 00 00 00 E1 00 00
T$27 s1 f 21 27 80 78 00 20 00 00 00 00 00 00 00 E1 00 00
T$27 s1 f 22 27 80 78 00 20 00 00 00 00 00 00 00 E1 00 00
T$27 s1 f 23 27 80 78 00 20 00 00 00 00 00 00 00 E1 00 00
T$27 s1 f 24 27 80 78 00 20 00 00 00 00 00 00 00 E1 00 00
T$27 s1 f 25 27 80 78 00 20 00 00 00 00 00 00 00 E1 00 00
T$27 s1 f 26 27 80 78 00 20 00 00 00 00 00 00 00 E1 00 00
T$27 s1 f 27 27 80 78 00 20 00 00 00 00 00 00 00 E1 00 00
T$27 s1 f 28 27 80 78 00 20 00 00 00 00 00 00 00 E1 00 00
T$27 s1 f 29 27 80 78 00 20 00 00 00 00 00 00 00 E1 00 00
T$27 s1 f 30 27 80 78 00 20 00 00 00 00 00 00 00 E1 00 00
T$27 s1 f 31 27 80 78 00 20 00 00 00 00 00 00 00 E1 00 00
T$27 s1 f 32 27 80 78 00 20 00 00 00 00 00 00 00 E1 00 00
T$27 s1 f 33 27 80 78 00 20 00 00 00 00 00 00 00 E1 00 00
T$27 s1 f 34 27 80 78 00 20 00 00 00 00 00 00 00 E1 00 00
T$27 s1 f 35 27 80 78 00 20 00 00 00 00 00 00 00 E1 00 00
T$27 s1 f 36 27 80 78 00 20 00 00 00 00 00 00 00 E1 00 00
T$27 s1 f 37 27 80 78 00 20 00 00 00 00 00 00 00 E1 00 00
T$27 s1 f 38 27 80 78 00 20 00 00 00 00 00 00 00 E1 00 00
T$27 s1 f 39 27 80 78 00 20 00 00 00 00 00 00 00 E1 00 00
T$27 s1 f 40 27 80 78 00 20 00 00 00 00 00 00 00 E1 00 00
T$27 s1 f 41 27 80 78 00 20 00 00 00 00 00 00 00 E1 00 00
T$27 s1 f 42 27 80 78 00 20 00 00 00 00 00 00 00 E1 00 00
T$27 s1 f 43 27 80 78 00 20 00 00 00 00 00 00 00 E1 00 00
T$27 s1 f 44 27 80 78 00 20 00 00 00 00 00 00 00 E1 00 00
T$27 s1 f 45 27 80 78 00 20 00 00 00 00 00 00 00 E1 00 00
T$27 s1 f 46 27 80 78 00 20 00 00 00 00 00 00 00 E1 00 00
T$27 s1 f 47 27 80 78 00 20 00 00 00 00 00 00 00 E1 00 00
T$27 s1 f 48 27 80 78 00 20 00 00 00 00 00 00 00 E1 00 00
T$27 s1 f 49 27 80 78 00 20 00 00 00 00 00 00 00 E1 00 00
T$27 s1 f 50 27 80 78 00 20 00 00 00 00 00 00 00 E1 00 00
T$27 s1 f 51 27 80 78 00 20 00 00 00 00 00 00 00 E1 00 00
T$27 s1 f 52 27 80 78 00 20 00 00 00 00 00 00 00 E1 00 00
T$27 s1 f 53 27 80 78 00 20 00 00 00 00 00 00 00 E1 00 00
T$27 s1 f 54 27 80 78 00 20 00 00 00 00 00 00 00 E1 00 00
T$27 s1 f 55 27 80 78 00 20 00 00 00 00 00 00 00 E1 00 00
T$27 s1 f 56 27 80 78 00 20 00 00 00 00 00 00 00 E1 00 00
T$27 s1 f 57 27 80 78 00 20 00 00 00 00 00 00 00 E1 00 00
T$27 s1 f 58 27 80 78 00 20 00 00 00 00 00 00 00 E1 00 00
T$27 s1 f 59 27 80 78 00 20 00 00 00 00 00 00 00 E1 00 00
T$27 s1 f 60 27 80 78 00 20 00 00 00 00 00 00 00 E1 00 00
T$27 s1 f 61 27 80 78 00 20 00 00 00 00 00 00 00 E1 00 00
T$27 s1 f 62 27 80 78 00 20 00 00 00 00 00 00 00 E1 00 00
T$27 s1 f 63 27 80 78 00 20 00 00 00 00 00 00 00 E1 00 00
T$27 s1 f 64 27 80 78 00 20 00 00 00 00 00 00 00 E1 00 00
T$27 s1 f 65 27 80 78 00 20 00 00 00 00 00 00 00 E1 00 00
T$27 s1 f 66 27 80 78 00 20 00 00 00 00 00 00 00 E1 00 00
T$27 s1 f 67 27 80 78 00 20 00 00 00 00 00 00 00 E1 00 00
T$27 s1 f 68 27 80 78 00 20 00 00 00 00 00 00 00 E1 00 00
T$27 s1 f 69 27 80 78 00 20 00 00 00 00 00 00 00 E1 00 00
T$27 s1 f 70 27 80 78 00 20 00 00 00 00 00 00 00 E1 00 00
T$27 s1 f 71 27 80 78 00 20 00 00 00 00 00 00 00 E1 00 00
T$27 s1 f 72 27 80 78 00 20 00 00 00 00 00 00 00 E1 00 00
T$27 s1 f 73 27 80 78 00 20 00 00 00 00 00 00 00 E1 00 00
T$27 s1 f 74 27 80 78 00 20 00 00 00 00 00 00 00 E1 00 00
T$27 s1 f 75 27 80 78 00 20 00 00 00 00 00 00 00 E1 00 00
T$27 s1 f 76 27 80 78 00 20 00 00 00 00 00 00 00 E1 00 00
T$27 s1 f 77 27 80 78 00 20 00 00 00 00 00 00 00 E1 00 00
T$27 s1 f 78 27 80 78 00 20 00 00 00 00 00 00 00 E1 00 00
T$27 s1 f 79 27 80 78 00 20 00 00 00 00 00 00 00 E1 00 00
T$27 s1 f 80 27 80 78 00 20 00 00 00 00 00 00 00 E1 00 00
T$27 s1 f 81 27 80 78 00 20 00 00 00 00 00 00 00 E1 00 00
T$27 s1 f 82 27 80 78 00 20 00 00 00 00 00 00 00 E1 00 00
T$27 s1 f 83 27 80 78 00 20 00 00 00 00 00 00 00 E1 00 00
T$27 s1 f 84 27 80 78 00 20 00 00 00 00 00 00 00 E1 00 00
T$27 s1 f 85 27 80 78 00 20 00 00 00 00 00 00 00 E1 00 00
T$27 s1 f 86 27 80 78 00 20 00 00 00 00 00 00 00 E1 00 00
T$27 s1 f 87 27 80 78 00 20 00 00 00 00 00 00 00 E1 00 00
T$27 s1 f 88 27 80 78 00 20 00 00 00 00 00 00 00 E1 00 00
T$27 s1 f 89 27 80 78 00 20 00 00 00 00 00 00 00 E1 00 00
T$27 s1 f 90 27 80 78 00 20 00 00 00 00 00 00 00 E1 00 00
T$27 s1 f 91 27 80 78 00 20 00 00 00 00 00 00 00 E1 00 00
T$27 s1 f 92 27 80 78 00 20 00 00 00 00 00 00 00 E1 00 00
T$27 s1 f 93 27 80 78 00 20 00 00 00 00 00 00 00 E1 00 00
T$27 s1 f 94 27 80 78 00 20 00 00 00 00 00 00 00 E1 00 00
T$27 s1 f 95 27 80 78 00 20 00 00 00 00 00 00 00 E1 00 00
T$27 s1 f 96 27 80 78 00 20 00 00 00 00 00 00 00 E1 00 00
T$27 s1 f 97 27 80 78 00 20 00 00 00 00 00 00 00 E1 00 00
T$27 s1 f 98 27 80 78 00 20 00 00 00 00 00 00 00 E1 00 00
T$27 s1 f 99 27 80 78 00 20 00 00 00 00 00 00 00 E1 00 00
T$27 s1 f100 27 80 78 00 20 00 00 00 00 00 00 00 E1 00 00
T$27 s1 f101 27 80 78 00 20 00 00 00 00 00 00 00 E1 00 00
T$27 s1 f102 27 80 78 00 20 00 00 00 00 00 00 00 E1 00 00
T$27 s1 f103 27 80 78 00 20 00 00 00 00 00 00 00 E1 00 00
T$27 s1 f104 27 80 78 00 20 00 00 00 00 00 00 00 E1 00 00
T$27 s1 f105 27 80 78 00 20 00 00 00 00 00 00 00 E1 00 00
T$27 s1 f106 27 80 78 00 20 00 00 00 00 00 00 00 E1 00 00
T$27 s1 f107 27 80 78 00 20 00 00 00 00 00 00 00 E1 00 00
T$27 s1 f108 27 80 78 00 20 00 00 00 00 00 00 00 E1 00 00
T$27 s1 f109 27 80 78 00 20 00 00 00 00 00 00 00 E1 00 00
T$27 s1 f110 27 80 78 00 20 00 00 00 00 00 00 00 E1 00 00
T$27 s1 f111 27 80 78 00 20 00 00 00 00 00 00 00 E1 00 00
T$27 s1 f112 27 80 78 00 20 00 00 00 00 00 00 00 E1 00 00
T$27 s1 f113 27 80 78 00 20 00 00 00 00 00 00 00 E1 00 00
T$27 s1 f114 27 80 78 00 20 00 00 00 00 00 00 00 E1 00 00
T$27 s1 f115 27 80 78 00 20 00 00 00 00 00 00 00 E1 00 00
T$27 s1 f116 27 80 78 00 20 00 00 00 00 00 00 00 E1 00 00
T$27 s1 f117 27 80 78 00 20 00 00 00 00 00 00 00 E1 00 00
T$27 s1 f118 27 80 78 00 20 00 00 00 00 00 00 00 E1 00 00
T$27 s1 f119 27 80 78 00 20 00 00 00 00 00 00 00 E1 00 00
T$27 s1 f120 27 80 78 00 20 00 00 00 00 00 00 00 E1 00 00
T$27 s1 f121 27 80 78 00 20 00 00 00 00 00 00 00 E1 00 00
T$27 s1 f122 27 80 78 00 20 00 00 00 00 00 00 00 E1 00 00
T$27 s1 f123 27 80 78 00 20 00 00 00 00 00 00 00 E1 00 00
T$27 s1 f124 27 80 78 00 20 00 00 00 00 00 00 00 E1 00 00
T$27 s1 f125 27 80 78 00 20 00 00 00 00 00 00 00 E1 00 00
T$27 s1 f126 27 80 78 00 20 00 00 00 00 00 00 00 E1 00 00
T$27 s1 f127 27 80 78 00 20 00 00 00 00 00 00 00 E1 00 00
T$27 s1 f128 27 80 78 00 20 00 00 00 00 00 00 00 E1 00 00
T$27 s1 f129 27 80 78 00 20 00 00 00 00 00 00 00 E1 00 00
T$27 s1 f130 27 80 78 00 20 00 00 00 00 00 00 00 E1 00 00
T$27 s1 f131 27 80 78 00 20 00 00 00 00 00 00 00 E1 00 00
T$27 s1 f132 27 80 78 00 20 00 00 00 00 00 00 00 E1 00 00
T$27 s1 f133 27 80 78 00 20 00 00 00 00 00 00 00 E1 00 00
T$27 s1 f134 27 80 78 00 20 00 00 00 00 00 00 00 E1 00 00
T$27 s1 f135 27 80 78 00 20 00 00 00 00 00 00 00 E1 00 00
T$27 s1 f136 27 80 78 00 20 00 00 00 00 00 00 00 E1 00 00
T$27 s1 f137 27 80 78 00 20 00 00 00 00 00 00 00 E1 00 00
T$27 s1 f138 27 80 78 00 20 00 00 00 00 00 00 00 E1 00 00
T$27 s1 f139 27 80 78 00 20 00 00 00 00 00 00 00 E1 00 00
T$27 s1 f140 27 80 78 00 20 00 00 00 00 00 00 00 E1 00 00
T$27 s1 f141 27 80 78 00 20 00 00 00 00 00 00 00 E1 00 00
T$27 s1 f142 27 80 78 00 20 00 00 00 00 00 00 00 E1 00 00
T$27 s1 f143 27 80 78 00 20 00 00 00 00 00 00 00 E1 00 00
T$27 s1 f144 27 80 78 00 20 00 00 00 00 00 00 00 E1 00 00
T$27 s1 f145 27 80 78 00 20 00 00 00 00 00 00 00 E1 00 00
T$27 s1 f146 27 80 78 00 20 00 00 00 00 00 00 00 E1 00 00
T$27 s1 f147 27 80 78 00 20 00 00 00 00 00 00 00 E1 00 00
T$27 s1 f148 27 80 78 00 20 00 00 00 00 00 00 00 E1 00 00
T$27 s1 f149 27 80 78 00 20 00 00 00 00 00 00 00 E1 00 00
T$27 s1 f150 27 80 78 00 20 00 00 00 00 00 00 00 E1 00 00
T$27 s1 f151 27 80 78 00 20 00 00 00 00 00 00 00 E1 00 00
T$27 s1 f152 27 80 78 00 20 00 00 00 00 00 00 00 E1 00 00
T$27 s1 f153 27 80 78 00 20 00 00 00 00 00 00 00 E1 00 00
T$27 s1 f154 27 80 78 00 20 00 00 00 00 00 00 00 E1 00 00
T$27 s1 f155 27 80 78 00 20 00 00 00 00 00 00 00 E1 00 00
T$27 s1 f156 27 80 78 00 20 00 00 00 00 00 00 00 E1 00 00
T$27 s1 f157 27 80 78 00 20 00 00 00 00 00 00 00 E1 00 00
T$27 s1 f158 27 80 78 00 20 00 00 00 00 00 00 00 E1 00 00
T$27 s1 f159 27 80 78 00 20 00 00 00 00 00 00 00 E1 00 00
T$27 s1 f160 27 80 78 00 20 00 00 00 00 00 00 00 E1 00 00
T$27 s1 f161 27 80 78 00 20 00 00 00 00 00 00 00 E1 00 00
T$27 s1 f162 27 80 78 00 20 00 00 00 00 00 00 00 E1 00 00
T$27 s1 f163 27 80 78 00 20 00 00 00 00 00 00 00 E1 00 00
T$27 s1 f164 27 80 78 00 20 00 00 00 00 00 00 00 E1 00 00
T$27 s1 f165 27 80 78 00 20 00 00 00 00 00 00 00 E1 00 00
T$27 s1 f166 27 80 78 00 20 00 00 00 00 00 00 00 E1 00 00
T$27 s1 f167 27 80 78 00 20 00 00 00 00 00 00 00 E1 00 00
T$27 s1 f168 27 80 78 00 20 00 00 00 00 00 00 00 E1 00 00
T$27 s1 f169 27 80 78 00 20 00 00 00 00 00 00 00 E1 00 00
T$27 s1 f170 27 80 78 00 20 00 00 00 00 00 00 00 E1 00 00
T$27 s1 f171 27 80 78 00 20 00 00 00 00 00 00 00 E1 00 00
T$27 s1 f172 27 80 78 00 20 00 00 00 00 00 00 00 E1 00 00
T$27 s1 f173 27 80 78 00 20 00 00 00 00 00 00 00 E1 00 00
T$27 s1 f174 27 80 78 00 20 00 00 00 00 00 00 00 E1 00 00
T$27 s1 f175 27 80 78 00 20 00 00 00 00 00 00 00 E1 00 00
T$27 s1 f176 27 80 78 00 20 00 00 00 00 00 00 00 E1 00 00
T$27 s1 f177 27 80 78 00 20 00 00 00 00 00 00 00 E1 00 00
T$27 s1 f178 27 80 78 00 20 00 00 00 00 00 00 00 E1 00 00
T$27 s1 f179 27 80 78 00 20 00 00 00 00 00 00 00 E1 00 00
T$27 s1 f180 27 80 78 00 20 00 00 00 00 00 00 00 E1 00 00
T$27 s1 f181 27 80 78 00 20 00 00 00 00 00 00 00 E1 00 00
T$27 s1 f182 27 80 78 00 20 00 00 00 00 00 00 00 E1 00 00
T$27 s1 f183 27 80 78 00 20 00 00 00 00 00 00 00 E1 00 00
T$27 s1 f184 27 80 78 00 20 00 00 00 00 00 00 00 E1 00 00
T$27 s1 f185 27 80 78 00 20 00 00 00 00 00 00 00 E1 00 00
T$27 s1 f186 27 80 78 00 20 00 00 00 00 00 00 00 E1 00 00
T$27 s1 f187 27 80 78 00 20 00 00 00 00 00 00 00 E1 00 00
T$27 s1 f188 27 80 78 00 20 00 00 00 00 00 00 00 E1 00 00
T$27 s1 f189 27 80 78 00 20 00 00 00 00 00 00 00 E1 00 00
T$27 s1 f190 27 80 78 00 20 00 00 00 00 00 00 00 E1 00 00
T$27 s1 f191 27 80 78 00 20 00 00 00 00 00 00 00 E1 00 00
T$27 s1 f192 27 80 78 00 20 00 00 00 00 00 00 00 E1 00 00
T$27 s1 f193 27 80 78 00 20 00 00 00 00 00 00 00 E1 00 00
T$27 s1 f194 27 80 78 00 20 00 00 00 00 00 00 00 E1 00 00
T$27 s1 f195 27 80 78 00 20 00 00 00 00 00 00 00 E1 00 00
T$27 s1 f196 27 80 78 00 20 00 00 00 00 00 00 00 E1 00 00
T$27 s1 f197 27 80 78 00 20 00 00 00 00 00 00 00 E1 00 00
T$27 s1 f198 27 80 78 00 20 00 00 00 00 00 00 00 E1 00 00
T$27 s1 f199 27 80 78 00 20 00 00 00 00 00 00 00 E1 00 00
T$27 s1 f200 27 80 78 00 20 00 00 00 00 00 00 00 E1 00 00
T$27 s1 f201 27 80 78 00 20 00 00 00 00 00 00 00 E1 00 00
T$27 s1 f202 27 80 78 00 20 00 00 00 00 00 00 00 E1 00 00
T$27 s1 f203 27 80 78 00 20 00 00 00 00 00 00 00 E1 00 00
T$27 s1 f204 27 80 78 00 20 00 00 00 00 00 00 00 E1 00 00
T$27 s1 f205 27 80 78 00 20 00 00 00 00 00 00 00 E1 00 00
T$27 s1 f206 27 80 78 00 20 00 00 00 00 00 00 00 E1 00 00
T$27 s1 f207 27 80 78 00 20 00 00 00 00 00 00 00 E1 00 00
T$27 s1 f208 27 80 78 00 20 00 00 00 00 00 00 00 E1 00 00
T$27 s1 f209 27 80 78 00 20 00 00 00 00 00 00 00 E1 00 00
T$27 s1 f210 27 80 78 00 20 00 00 00 00 00 00 00 E1 00 00
T$27 s1 f211 27 80 78 00 20 00 00 00 00 00 00 00 E1 00 00
T$27 s1 f212 27 80 78 00 20 00 00 00 00 00 00 00 E1 00 00
T$27 s1 f213 27 80 78 00 20 00 00 00 00 00 00 00 E1 00 00
T$27 s1 f214 27 80 78 00 20 00 00 00 00 00 00 00 E1 00 00
T$27 s1 f215 27 80 78 00 20 00 00 00 00 00 00 00 E1 00 00
T$27 s1 f216 27 80 78 00 20 00 00 00 00 00 00 00 E1 00 00
T$27 s1 f217 27 80 78 00 20 00 00 00 00 00 00 00 E1 00 00
T$27 s1 f218 27 80 78 00 20 00 00 00 00 00 00 00 E1 00 00
T$27 s1 f219 27 80 78 00 20 00 00 00 00 00 00 00 E1 00 00
T$27 s1 f220 27 80 78 00 20 00 00 00 00 00 00 00 E1 00 00
T$27 s1 f221 27 80 78 00 20 00 00 00 00 00 00 00 E1 00 00
T$27 s1 f222 27 80 78 00 20 00 00 00 00 00 00 00 E1 00 00
T$27 s1 f223 27 80 78 00 20 00 00 00 00 00 00 00 E1 00 00
T$27 s1 f224 27 80 78 00 20 00 00 00 00 00 00 00 E1 00 00
T$27 s1 f225 27 80 78 00 20 00 00 00 00 00 00 00 E1 00 00
T$27 s1 f226 27 80 78 00 20 00 00 00 00 00 00 00 E1 00 00
T$27 s1 f227 27 80 78 00 20 00 00 00 00 00 00 00 E1 00 00
T$27 s1 f228 27 80 78 00 20 00 00 00 00 00 00 00 E1 00 00
T$27 s1 f229 27 80 78 00 20 00 00 00 00 00 00 00 E1 00 00
T$27 s1 f230 27 80 78 00 20 00 00 00 00 00 00 00 E1 00 00
T$27 s1 f231 27 80 78 00 20 00 00 00 00 00 00 00 E1 00 00
T$27 s1 f232 27 80 78 00 20 00 00 00 00 00 00 00 E1 00 00
T$27 s1 f233 27 80 78 00 20 00 00 00 00 00 00 00 E1 00 00
T$27 s1 f234 27 80 78 00 20 00 00 00 00 00 00 00 E1 00 00
T$27 s1 f235 27 80 78 00 20 00 00 00 00 00 00 00 E1 00 00
T$27 s1 f236 27 80 78 00 20 00 00 00 00 00 00 00 E1 00 00
T$27 s1 f237 27 80 78 00 20 00 00 00 00 00 00 00 E1 00 00
T$27 s1 f238 27 80 78 00 20 00 00 00 00 00 00 00 E1 00 00
T$27 s1 f239 27 80 78 00 20 00 00 00 00 00 00 00 E1 00 00
T$28 s1 f  0 28 80 78 00 20 00 00 03 00 00 00 00 E1 00 00
T$28 s1 f  1 28 80 78 00 20 00 00 02 00 00 00 00 E1 00 00
T$28 s1 f  2 28 80 78 00 20 00 00 01 00 00 00 00 E1 00 00
T$28 s1 f  3 28 80 78 00 20 00 00 06 00 00 00 00 E1 00 00
T$28 s1 f  4 28 80 78 00 20 00 00 05 00 00 00 00 E1 00 00
T$28 s1 f  5 28 80 78 00 20 00 00 04 00 00 00 00 E1 00 00
T$28 s1 f  6 28 80 78 00 20 00 00 03 00 00 00 00 E1 00 00
T$28 s1 f  7 28 80 78 00 20 00 00 02 00 00 00 00 E1 00 00
T$28 s1 f  8 28 80 78 00 20 00 00 01 00 00 00 00 E1 00 00
T$28 s1 f  9 28 80 78 00 20 00 00 06 00 00 00 00 E1 00 00
T$28 s1 f 10 28 80 78 00 20 00 00 05 00 00 00 00 E1 00 00
T$28 s1 f 11 28 81 78 00 20 00 00 04 00 00 00 00 E1 00 00
T$28 s1 f 12 28 81 78 00 20 00 00 03 00 00 00 00 E1 00 00
T$28 s1 f 13 28 82 78 00 20 00 00 02 00 00 00 00 E1 00 00
T$28 s1 f 14 28 82 78 00 20 00 00 01 00 00 00 00 E1 00 00
T$28 s1 f 15 28 83 78 00 20 00 00 00 00 00 00 00 E1 00 00
T$28 s1 f 16 28 83 78 00 20 00 00 20 00 00 00 00 E1 00 00
T$28 s1 f 17 28 84 78 00 20 00 00 1F 00 00 00 00 E1 00 00
T$28 s1 f 18 28 84 78 00 20 00 00 1E 00 00 00 00 E1 00 00
T$28 s1 f 19 28 85 78 00 20 00 00 1D 00 00 00 00 E1 00 00
T$28 s1 f 20 28 85 78 00 20 00 00 1C 00 00 00 00 E1 00 00
T$28 s1 f 21 28 85 79 00 20 00 00 1B 00 00 00 00 E1 00 00
T$28 s1 f 22 28 85 79 00 20 00 00 1A 00 00 00 00 E1 00 00
T$28 s1 f 23 28 85 7A 00 20 00 00 19 00 00 00 00 E1 00 00
T$28 s1 f 24 28 85 7A 00 20 00 00 18 00 00 00 00 E1 00 00
T$28 s1 f 25 28 85 7B 00 20 00 00 17 00 00 00 00 E1 00 00
T$28 s1 f 26 28 85 7B 00 20 00 00 16 00 00 00 00 E1 00 00
T$28 s1 f 27 28 85 7C 00 20 00 00 15 00 00 00 00 E1 00 00
T$28 s1 f 28 28 85 7C 00 20 00 00 14 00 00 00 00 E1 00 00
T$28 s1 f 29 28 85 7D 00 20 00 00 13 00 00 00 00 E1 00 00
T$28 s1 f 30 28 85 7D 00 20 00 00 12 00 00 00 00 E1 00 00
T$28 s1 f 31 28 85 7E 00 20 00 00 11 00 00 00 00 E1 00 00
T$28 s1 f 32 28 85 7E 00 20 00 00 10 00 00 00 00 E1 00 00
T$28 s1 f 33 28 85 7F 00 20 00 00 0F 00 00 00 00 E1 00 00
T$28 s1 f 34 28 85 7F 00 20 00 00 0E 00 00 00 00 E1 00 00
T$28 s1 f 35 28 85 80 00 20 00 00 0D 00 00 00 00 E1 00 00
T$28 s1 f 36 28 85 80 00 20 00 00 0C 00 00 00 00 E1 00 00
T$28 s1 f 37 28 85 81 00 20 00 00 0B 00 00 00 00 E1 00 00
T$28 s1 f 38 28 85 81 00 20 00 00 0A 00 00 00 00 E1 00 00
T$28 s1 f 39 28 85 82 00 20 00 00 09 00 00 00 00 E1 00 00
T$28 s1 f 40 28 85 82 00 20 00 00 08 00 00 00 00 E1 00 00
T$28 s1 f 41 28 85 83 00 20 00 00 07 00 00 00 00 E1 00 00
T$28 s1 f 42 28 85 83 00 20 00 00 06 00 00 00 00 E1 00 00
T$28 s1 f 43 28 85 84 00 20 00 00 05 00 00 00 00 E1 00 00
T$28 s1 f 44 28 85 84 00 20 00 00 04 00 00 00 00 E1 00 00
T$28 s1 f 45 28 85 85 00 20 00 00 03 00 00 00 00 E1 00 00
T$28 s1 f 46 28 85 85 00 20 00 00 02 00 00 00 00 E1 00 00
T$28 s1 f 47 28 85 86 00 20 00 00 01 00 00 00 00 E1 00 00
T$28 s1 f 48 28 85 86 00 20 00 00 0A 00 00 00 00 E1 00 00
T$28 s1 f 49 28 85 87 00 20 00 00 09 00 00 00 00 E1 00 00
T$28 s1 f 50 28 85 87 00 20 00 00 08 00 00 00 00 E1 00 00
T$28 s1 f 51 28 85 88 00 20 00 00 07 00 00 00 00 E1 00 00
T$28 s1 f 52 28 85 88 00 20 00 00 06 00 00 00 00 E1 00 00
T$28 s1 f 53 28 85 89 00 20 00 00 05 00 00 00 00 E1 00 00
T$28 s1 f 54 28 85 89 00 20 00 00 04 00 00 00 00 E1 00 00
T$28 s1 f 55 28 85 8A 00 20 00 00 03 00 00 00 00 E1 00 00
T$28 s1 f 56 28 85 8A 00 20 00 00 02 00 00 00 00 E1 00 00
T$28 s1 f 57 28 85 8B 00 20 00 00 01 00 00 00 00 E1 00 00
T$28 s1 f 58 28 85 8B 00 20 00 00 22 00 00 00 00 E1 00 00
T$28 s1 f 59 28 85 8C 00 20 00 00 21 00 00 00 00 E1 00 00
T$28 s1 f 60 28 85 8C 00 20 00 00 20 00 00 00 00 E1 00 00
T$28 s1 f 61 28 85 8D 00 20 00 00 1F 00 00 00 00 E1 00 00
T$28 s1 f 62 28 85 8D 00 20 00 00 1E 00 00 00 00 E1 00 00
T$28 s1 f 63 28 85 8E 00 20 00 00 1D 00 00 00 00 E1 00 00
T$28 s1 f 64 28 85 8E 00 20 00 00 1C 00 00 00 00 E1 00 00
T$28 s1 f 65 28 85 8F 00 20 00 00 1B 00 00 00 00 E1 00 00
T$28 s1 f 66 28 85 8F 00 20 00 00 1A 00 00 00 00 E1 00 00
T$28 s1 f 67 28 85 90 00 20 00 00 19 00 00 00 00 E1 00 00
T$28 s1 f 68 28 85 90 00 20 00 00 18 00 00 00 00 E1 00 00
T$28 s1 f 69 28 85 91 00 20 00 00 17 00 00 00 00 E1 00 00
T$28 s1 f 70 28 85 91 00 20 00 00 16 00 00 00 00 E1 00 00
T$28 s1 f 71 28 85 92 00 20 00 00 15 00 00 00 00 E1 00 00
T$28 s1 f 72 28 85 92 00 20 00 00 14 00 00 00 00 E1 00 00
T$28 s1 f 73 28 85 93 00 20 00 00 13 00 00 00 00 E1 00 00
T$28 s1 f 74 28 85 93 00 20 00 00 12 00 00 00 00 E1 00 00
T$28 s1 f 75 28 85 94 00 20 00 00 11 00 00 00 00 E1 00 00
T$28 s1 f 76 28 85 94 00 20 00 00 10 00 00 00 00 E1 00 00
T$28 s1 f 77 28 85 95 00 20 00 00 0F 00 00 00 00 E1 00 00
T$28 s1 f 78 28 85 95 00 20 00 00 0E 00 00 00 00 E1 00 00
T$28 s1 f 79 28 85 96 00 20 00 00 0D 00 00 00 00 E1 00 00
T$28 s1 f 80 28 85 96 00 20 00 00 0C 00 00 00 00 E1 00 00
T$28 s1 f 81 28 85 97 00 20 00 00 0B 00 00 00 00 E1 00 00
T$28 s1 f 82 28 85 97 00 20 00 00 0A 00 00 00 00 E1 00 00
T$28 s1 f 83 28 85 98 00 20 00 00 09 00 00 00 00 E1 00 00
T$28 s1 f 84 28 85 98 00 20 00 00 08 00 00 00 00 E1 00 00
T$28 s1 f 85 28 85 99 00 20 00 00 07 00 00 00 00 E1 00 00
T$28 s1 f 86 28 85 99 00 20 00 00 06 00 00 00 00 E1 00 00
T$28 s1 f 87 28 85 9A 00 20 00 00 05 00 00 00 00 E1 00 00
T$28 s1 f 88 28 85 9A 00 20 00 00 04 00 00 00 00 E1 00 00
T$28 s1 f 89 28 85 9B 00 20 00 00 03 00 00 00 00 E1 00 00
T$28 s1 f 90 28 85 9B 00 20 00 00 02 00 00 00 00 E1 00 00
T$28 s1 f 91 28 85 9C 00 20 00 00 01 00 00 00 00 E1 00 00
T$28 s1 f 92 28 85 9C 00 20 00 00 08 00 00 00 00 E1 00 00
T$28 s1 f 93 28 85 9D 00 20 00 00 07 00 00 00 00 E1 00 00
T$28 s1 f 94 28 85 9D 00 20 00 00 06 00 00 00 00 E1 00 00
T$28 s1 f 95 28 85 9E 00 20 00 00 05 00 00 00 00 E1 00 00
T$28 s1 f 96 28 85 9E 00 20 00 00 04 00 00 00 00 E1 00 00
T$28 s1 f 97 28 85 9F 00 20 00 00 03 00 00 00 00 E1 00 00
T$28 s1 f 98 28 85 9F 00 20 00 00 02 00 00 00 00 E1 00 00
T$28 s1 f 99 28 85 A0 00 20 00 00 01 00 00 00 00 E1 00 00
T$28 s1 f100 28 85 A0 00 20 00 00 39 00 00 00 00 E1 00 00
T$28 s1 f101 28 85 A1 00 20 00 00 38 00 00 00 00 E1 00 00
T$28 s1 f102 28 85 A1 00 20 00 00 37 00 00 00 00 E1 00 00
T$28 s1 f103 28 85 A2 00 20 00 00 36 00 00 00 00 E1 00 00
T$28 s1 f104 28 85 A2 00 20 00 00 35 00 00 00 00 E1 00 00
T$28 s1 f105 28 85 A3 00 20 00 00 34 00 00 00 00 E1 00 00
T$28 s1 f106 28 85 A3 00 20 00 00 33 00 00 00 00 E1 00 00
T$28 s1 f107 28 85 A4 00 20 00 00 32 00 00 00 00 E1 00 00
T$28 s1 f108 28 85 A4 00 20 00 00 31 00 00 00 00 E1 00 00
T$28 s1 f109 28 85 A5 00 20 00 00 30 00 00 00 00 E1 00 00
T$28 s1 f110 28 85 A5 00 20 00 00 2F 00 00 00 00 E1 00 00
T$28 s1 f111 28 85 A6 00 20 00 00 2E 00 00 00 00 E1 00 00
T$28 s1 f112 28 85 A6 00 20 00 00 2D 00 00 00 00 E1 00 00
T$28 s1 f113 28 85 A7 00 20 00 00 2C 00 00 00 00 E1 00 00
T$28 s1 f114 28 85 A7 00 20 00 00 2B 00 00 00 00 E1 00 00
T$28 s1 f115 28 85 A8 00 20 00 00 2A 00 00 00 00 E1 00 00
T$28 s1 f116 28 85 A8 00 20 00 00 29 00 00 00 00 E1 00 00
T$28 s1 f117 28 85 A9 00 20 00 00 28 00 00 00 00 E1 00 00
T$28 s1 f118 28 85 A9 00 20 00 00 27 00 00 00 00 E1 00 00
T$28 s1 f119 28 85 AA 00 20 00 00 26 00 00 00 00 E1 00 00
T$28 s1 f120 28 85 AA 00 20 00 00 25 00 00 00 00 E1 00 00
T$28 s1 f121 28 85 AB 00 20 00 00 24 00 00 00 00 E1 00 00
T$28 s1 f122 28 85 AB 00 20 00 00 23 00 00 00 00 E1 00 00
T$28 s1 f123 28 85 AC 00 20 00 00 22 00 00 00 00 E1 00 00
T$28 s1 f124 28 85 AC 00 20 00 00 21 00 00 00 00 E1 00 00
T$28 s1 f125 28 85 AD 00 20 00 00 20 00 00 00 00 E1 00 00
T$28 s1 f126 28 85 AD 00 20 00 00 1F 00 00 00 00 E1 00 00
T$28 s1 f127 28 85 AE 00 20 00 00 1E 00 00 00 00 E1 00 00
T$28 s1 f128 28 85 AE 00 20 00 00 1D 00 00 00 00 E1 00 00
T$28 s1 f129 28 85 AF 00 20 00 00 1C 00 00 00 00 E1 00 00
T$28 s1 f130 28 85 AF 00 20 00 00 1B 00 00 00 00 E1 00 00
T$28 s1 f131 28 85 B0 00 20 00 00 1A 00 00 00 00 E1 00 00
T$28 s1 f132 28 85 B0 00 20 00 00 19 00 00 00 00 E1 00 00
T$28 s1 f133 28 85 B1 00 20 00 00 18 00 00 00 00 E1 00 00
T$28 s1 f134 28 85 B1 00 20 00 00 17 00 00 00 00 E1 00 00
T$28 s1 f135 28 85 B2 00 20 00 00 16 00 00 00 00 E1 00 00
T$28 s1 f136 28 85 B2 00 20 00 00 15 00 00 00 00 E1 00 00
T$28 s1 f137 28 85 B3 00 20 00 00 14 00 00 00 00 E1 00 00
T$28 s1 f138 28 85 B3 00 20 00 00 13 00 00 00 00 E1 00 00
T$28 s1 f139 28 85 B4 00 20 00 00 12 00 00 00 00 E1 00 00
T$28 s1 f140 28 85 B4 00 20 00 00 11 00 00 00 00 E1 00 00
T$28 s1 f141 28 85 B5 00 20 00 00 10 00 00 00 00 E1 00 00
T$28 s1 f142 28 85 B5 00 20 00 00 0F 00 00 00 00 E1 00 00
T$28 s1 f143 28 85 B6 00 20 00 00 0E 00 00 00 00 E1 00 00
T$28 s1 f144 28 85 B6 00 20 00 00 0D 00 00 00 00 E1 00 00
T$28 s1 f145 28 85 B7 00 20 00 00 0C 00 00 00 00 E1 00 00
T$28 s1 f146 28 85 B7 00 20 00 00 0B 00 00 00 00 E1 00 00
T$28 s1 f147 28 85 B8 00 60 00 00 0A 00 00 00 00 E1 00 00
T$28 s1 f148 28 85 B6 00 60 00 00 09 00 00 00 00 E1 00 00
T$28 s1 f149 28 85 B5 00 60 00 00 08 00 00 00 00 E1 00 00
T$28 s1 f150 28 85 B3 00 60 00 00 07 00 00 00 00 E1 00 00
T$28 s1 f151 28 85 B2 00 60 00 00 06 00 00 00 00 E1 00 00
T$28 s1 f152 28 85 B0 00 60 00 00 05 00 00 00 00 E1 00 00
T$28 s1 f153 28 85 AF 00 60 00 00 04 00 00 00 00 E1 00 00
T$28 s1 f154 28 85 AD 00 60 00 00 03 00 00 00 00 E1 00 00
T$28 s1 f155 28 85 AC 00 60 00 00 02 00 00 00 00 E1 00 00
T$28 s1 f156 28 85 AA 00 60 00 00 01 00 00 00 00 E1 00 00
T$28 s1 f157 28 85 A9 00 60 00 00 00 00 00 00 00 E1 00 00
T$28 s1 f158 28 85 A8 00 60 00 00 00 00 00 00 00 E1 00 00
T$28 s1 f159 28 85 A7 00 60 00 00 00 00 00 00 00 E1 00 00
T$28 s1 f160 28 85 A5 00 60 00 00 00 00 00 00 00 E1 00 00
T$28 s1 f161 28 85 A4 00 60 00 00 00 00 00 00 00 E1 00 00
T$28 s1 f162 28 85 A2 00 60 00 00 00 00 00 00 00 E1 00 00
T$28 s1 f163 28 85 A1 00 60 00 00 00 00 00 00 00 E1 00 00
T$28 s1 f164 28 85 9F 00 60 00 00 00 00 00 00 00 E1 00 00
T$28 s1 f165 28 85 9E 00 60 00 00 00 00 00 00 00 E1 00 00
T$28 s1 f166 28 85 9C 00 60 00 00 00 00 00 00 00 E1 00 00
T$28 s1 f167 28 85 9B 00 60 00 00 00 00 00 00 00 E1 00 00
T$28 s1 f168 28 85 99 00 60 00 00 00 00 00 00 00 E1 00 00
T$28 s1 f169 28 85 98 00 60 00 00 00 00 00 00 00 E1 00 00
T$28 s1 f170 28 85 96 00 60 00 00 00 00 00 00 00 E1 00 00
T$28 s1 f171 28 85 95 00 60 00 00 00 00 00 00 00 E1 00 00
T$28 s1 f172 28 85 93 00 60 00 00 00 00 00 00 00 E1 00 00
T$28 s1 f173 28 85 92 00 60 00 00 00 00 00 00 00 E1 00 00
T$28 s1 f174 28 85 90 00 60 00 00 00 00 00 00 00 E1 00 00
T$28 s1 f175 28 85 8F 00 60 00 00 00 00 00 00 00 E1 00 00
T$28 s1 f176 28 85 8D 00 60 00 00 00 00 00 00 00 E1 00 00
T$28 s1 f177 28 85 8C 00 60 00 00 00 00 00 00 00 E1 00 00
T$28 s1 f178 28 85 8A 00 60 00 00 00 00 00 00 00 E1 00 00
T$28 s1 f179 28 85 89 00 60 00 00 00 00 00 00 00 E1 00 00
T$28 s1 f180 28 85 88 00 60 00 00 00 00 00 00 00 E1 00 00
T$28 s1 f181 28 85 87 00 60 00 00 00 00 00 00 00 E1 00 00
T$28 s1 f182 28 85 85 00 60 00 00 00 00 00 00 00 E1 00 00
T$28 s1 f183 28 85 84 00 60 00 00 00 00 00 00 00 E1 00 00
T$28 s1 f184 28 85 82 00 60 00 00 00 00 00 00 00 E1 00 00
T$28 s1 f185 28 85 81 00 60 00 00 00 00 00 00 00 E1 00 00
T$28 s1 f186 28 85 7F 00 60 00 00 00 00 00 00 00 E1 00 00
T$28 s1 f187 28 85 7E 00 60 00 00 00 00 00 00 00 E1 00 00
T$28 s1 f188 28 85 7C 00 60 00 00 00 00 00 00 00 E1 00 00
T$28 s1 f189 28 85 7B 00 60 00 00 00 00 00 00 00 E1 00 00
T$28 s1 f190 28 85 79 00 60 00 00 00 00 00 00 00 E1 00 00
T$28 s1 f191 28 85 78 00 60 00 00 00 00 00 00 00 E1 00 00
T$28 s1 f192 28 85 76 00 60 00 00 00 00 00 00 00 E1 00 00
T$28 s1 f193 28 85 75 00 60 00 00 00 00 00 00 00 E1 00 00
T$28 s1 f194 28 85 73 00 60 00 00 00 00 00 00 00 E1 00 00
T$28 s1 f195 28 85 72 00 60 00 00 00 00 00 00 00 E1 00 00
T$28 s1 f196 28 85 70 00 60 00 00 00 00 00 00 00 E1 00 00
T$28 s1 f197 28 85 6F 00 60 00 00 00 00 00 00 00 E1 00 00
T$28 s1 f198 28 85 6D 00 60 00 00 00 00 00 00 00 E1 00 00
T$28 s1 f199 28 85 6C 00 60 00 00 00 00 00 00 00 E1 00 00
T$28 s1 f200 28 85 6A 00 60 00 00 00 00 00 00 00 E1 00 00
T$28 s1 f201 28 85 69 00 60 00 00 00 00 00 00 00 E1 00 00
T$28 s1 f202 28 85 68 00 60 00 00 00 00 00 00 00 E1 00 00
T$28 s1 f203 28 85 67 00 60 00 00 00 00 00 00 00 E1 00 00
T$28 s1 f204 28 85 65 00 60 00 00 00 00 00 00 00 E1 00 00
T$28 s1 f205 28 85 64 00 60 00 00 00 00 00 00 00 E1 00 00
T$28 s1 f206 28 85 62 00 60 00 00 00 00 00 00 00 E1 00 00
T$28 s1 f207 28 85 61 00 60 00 00 00 00 00 00 00 E1 00 00
T$28 s1 f208 28 85 5F 00 60 00 00 00 00 00 00 00 E1 00 00
T$28 s1 f209 28 85 5E 00 60 00 00 00 00 00 00 00 E1 00 00
T$28 s1 f210 28 85 5C 00 60 00 00 00 00 00 00 00 E1 00 00
T$28 s1 f211 28 85 5B 00 60 00 00 00 00 00 00 00 E1 00 00
T$28 s1 f212 28 85 59 00 60 00 00 00 00 00 00 00 E1 00 00
T$28 s1 f213 28 85 58 00 60 00 00 00 00 00 00 00 E1 00 00
T$28 s1 f214 28 85 56 00 60 00 00 00 00 00 00 00 E1 00 00
T$28 s1 f215 28 85 55 00 60 00 00 00 00 00 00 00 E1 00 00
T$28 s1 f216 28 85 53 00 60 00 00 00 00 00 00 00 E1 00 00
T$28 s1 f217 28 85 52 00 60 00 00 00 00 00 00 00 E1 00 00
T$28 s1 f218 28 85 50 00 60 00 00 00 00 00 00 00 E1 00 00
T$28 s1 f219 28 85 4F 00 60 00 00 00 00 00 00 00 E1 00 00
T$28 s1 f220 28 85 4D 00 60 00 00 00 00 00 00 00 E1 00 00
T$28 s1 f221 28 85 4D 00 60 00 00 00 00 00 00 00 E1 00 00
T$28 s1 f222 28 85 4D 00 60 00 00 00 00 00 00 00 E1 00 00
T$28 s1 f223 28 85 4D 00 60 00 00 00 00 00 00 00 E1 00 00
T$28 s1 f224 28 85 4D 00 60 00 00 00 00 00 00 00 E1 00 00
T$28 s1 f225 28 85 4D 00 60 00 00 00 00 00 00 00 E1 00 00
T$28 s1 f226 28 85 4D 00 60 00 00 00 00 00 00 00 E1 00 00
T$28 s1 f227 28 85 4D 00 60 00 00 00 00 00 00 00 E1 00 00
T$28 s1 f228 28 85 4D 00 60 00 00 00 00 00 00 00 E1 00 00
T$28 s1 f229 28 85 4D 00 60 00 00 00 00 00 00 00 E1 00 00
T$28 s1 f230 28 85 4D 00 60 00 00 00 00 00 00 00 E1 00 00
T$28 s1 f231 28 85 4D 00 60 00 00 00 00 00 00 00 E1 00 00
T$28 s1 f232 28 85 4D 00 60 00 00 00 00 00 00 00 E1 00 00
T$28 s1 f233 28 85 4D 00 60 00 00 00 00 00 00 00 E1 00 00
T$28 s1 f234 28 85 4D 00 60 00 00 00 00 00 00 00 E1 00 00
T$28 s1 f235 28 85 4D 00 60 00 00 00 00 00 00 00 E1 00 00
T$28 s1 f236 28 85 4D 00 60 00 00 00 00 00 00 00 E1 00 00
T$28 s1 f237 28 85 4D 00 60 00 00 00 00 00 00 00 E1 00 00
T$28 s1 f238 28 85 4D 00 60 00 00 00 00 00 00 00 E1 00 00
T$28 s1 f239 28 85 4D 00 60 00 00 00 00 00 00 00 E1 00 00
T$2A s1 f  0 2A 80 78 00 20 00 00 03 00 00 00 00 E1 00 00
T$2A s1 f  1 2A 80 78 00 20 00 00 02 00 00 00 00 E1 00 00
T$2A s1 f  2 2A 80 78 00 20 00 00 01 00 00 00 00 E1 00 00
T$2A s1 f  3 2A 80 78 00 20 00 00 06 00 00 00 00 E1 00 00
T$2A s1 f  4 2A 80 78 00 20 00 00 05 00 00 00 00 E1 00 00
T$2A s1 f  5 2A 80 78 00 20 00 00 04 00 00 00 00 E1 00 00
T$2A s1 f  6 2A 80 78 00 20 00 00 03 00 00 00 00 E1 00 00
T$2A s1 f  7 2A 80 78 00 20 00 00 02 00 00 00 00 E1 00 00
T$2A s1 f  8 2A 80 78 00 20 00 00 01 00 00 00 00 E1 00 00
T$2A s1 f  9 2A 80 78 00 20 00 00 06 00 00 00 00 E1 00 00
T$2A s1 f 10 2A 80 78 00 20 00 00 05 00 00 00 00 E1 00 00
T$2A s1 f 11 2A 81 78 00 20 00 00 04 00 00 00 00 E1 00 00
T$2A s1 f 12 2A 81 78 00 20 00 00 03 00 00 00 00 E1 00 00
T$2A s1 f 13 2A 82 78 00 20 00 00 02 00 00 00 00 E1 00 00
T$2A s1 f 14 2A 82 78 00 20 00 00 01 00 00 00 00 E1 00 00
T$2A s1 f 15 2A 83 78 00 20 00 00 00 00 00 00 00 E1 00 00
T$2A s1 f 16 2A 83 78 00 20 00 00 00 00 00 00 00 E1 00 00
T$2A s1 f 17 2A 84 78 00 20 00 00 00 00 00 00 00 E1 00 00
T$2A s1 f 18 2A 84 78 00 20 00 00 00 00 00 00 00 E1 00 00
T$2A s1 f 19 2A 85 78 00 20 00 00 00 00 00 00 00 E1 00 00
T$2A s1 f 20 2A 85 78 00 20 00 00 00 00 00 00 00 E1 00 00
T$2A s1 f 21 2A 86 78 00 20 00 00 00 00 00 00 00 E1 00 00
T$2A s1 f 22 2A 86 78 00 20 00 00 00 00 00 00 00 E1 00 00
T$2A s1 f 23 2A 87 78 00 20 00 00 00 00 00 00 00 E1 00 00
T$2A s1 f 24 2A 87 78 00 20 00 00 00 00 00 00 00 E1 00 00
T$2A s1 f 25 2A 88 78 00 20 00 00 00 00 00 00 00 E1 00 00
T$2A s1 f 26 2A 88 78 00 20 00 00 00 00 00 00 00 E1 00 00
T$2A s1 f 27 2A 89 78 00 20 00 00 00 00 00 00 00 E1 00 00
T$2A s1 f 28 2A 89 78 00 20 00 00 00 00 00 00 00 E1 00 00
T$2A s1 f 29 2A 8A 78 00 20 00 00 00 00 00 00 00 E1 00 00
T$2A s1 f 30 2A 8A 78 00 20 00 00 00 00 00 00 00 E1 00 00
T$2A s1 f 31 2A 8B 78 00 20 00 00 00 00 01 00 00 E1 00 00
T$2A s1 f 32 2A 8A 78 00 20 00 00 00 00 01 00 00 E1 00 00
T$2A s1 f 33 2A 8A 78 00 20 00 00 00 00 01 00 00 E1 00 00
T$2A s1 f 34 2A 89 78 00 20 00 00 00 00 01 00 00 E1 00 00
T$2A s1 f 35 2A 89 78 00 20 00 00 00 00 01 00 00 E1 00 00
T$2A s1 f 36 2A 88 78 00 20 00 00 00 00 01 00 00 E1 00 00
T$2A s1 f 37 2A 88 78 00 20 00 00 00 00 01 00 00 E1 00 00
T$2A s1 f 38 2A 87 78 00 20 00 00 00 00 01 00 00 E1 00 00
T$2A s1 f 39 2A 87 78 00 20 00 00 00 00 01 00 00 E1 00 00
T$2A s1 f 40 2A 86 78 00 20 00 00 00 00 01 00 00 E1 00 00
T$2A s1 f 41 2A 86 78 00 20 00 00 00 00 01 00 00 E1 00 00
T$2A s1 f 42 2A 85 78 00 20 00 00 00 00 01 00 00 E1 00 00
T$2A s1 f 43 2A 85 78 00 20 00 00 00 00 01 00 00 E1 00 00
T$2A s1 f 44 2A 84 78 00 20 00 00 00 00 01 00 00 E1 00 00
T$2A s1 f 45 2A 84 78 00 20 00 00 00 00 01 00 00 E1 00 00
T$2A s1 f 46 2A 83 78 00 20 00 00 00 00 01 00 00 E1 00 00
T$2A s1 f 47 2A 83 78 00 20 00 00 00 00 01 00 00 E1 00 00
T$2A s1 f 48 2A 82 78 00 20 00 00 00 00 01 00 00 E1 00 00
T$2A s1 f 49 2A 82 78 00 20 00 00 00 00 01 00 00 E1 00 00
T$2A s1 f 50 2A 81 78 00 20 00 00 00 00 01 00 00 E1 00 00
T$2A s1 f 51 2A 81 78 00 20 00 00 00 00 01 00 00 E1 00 00
T$2A s1 f 52 2A 80 78 00 20 00 00 00 00 01 00 00 E1 00 00
T$2A s1 f 53 2A 80 78 00 20 00 00 00 00 01 00 00 E1 00 00
T$2A s1 f 54 2A 7F 78 00 20 00 00 00 00 01 00 00 E1 00 00
T$2A s1 f 55 2A 7F 78 00 20 00 00 00 00 01 00 00 E1 00 00
T$2A s1 f 56 2A 7E 78 00 20 00 00 00 00 01 00 00 E1 00 00
T$2A s1 f 57 2A 7E 78 00 20 00 00 00 00 01 00 00 E1 00 00
T$2A s1 f 58 2A 7D 78 00 20 00 00 00 00 01 00 00 E1 00 00
T$2A s1 f 59 2A 7D 78 00 20 00 00 00 00 01 00 00 E1 00 00
T$2A s1 f 60 2A 7C 78 00 20 00 00 00 00 01 00 00 E1 00 00
T$2A s1 f 61 2A 7C 78 00 20 00 00 00 00 01 00 00 E1 00 00
T$2A s1 f 62 2A 7B 78 00 20 00 00 00 00 01 00 00 E1 00 00
T$2A s1 f 63 2A 7B 78 00 20 00 00 00 00 00 00 00 E1 00 00
T$2A s1 f 64 2A 7B 77 00 20 00 00 00 00 00 00 00 E1 00 00
T$2A s1 f 65 2A 7B 77 00 20 00 00 00 00 00 00 00 E1 00 00
T$2A s1 f 66 2A 7B 76 00 20 00 00 00 00 00 00 00 E1 00 00
T$2A s1 f 67 2A 7B 76 00 20 00 00 00 00 00 00 00 E1 00 00
T$2A s1 f 68 2A 7B 75 00 20 00 00 00 00 00 00 00 E1 00 00
T$2A s1 f 69 2A 7B 75 00 20 00 00 00 00 00 00 00 E1 00 00
T$2A s1 f 70 2A 7B 74 00 20 00 00 00 00 00 00 00 E1 00 00
T$2A s1 f 71 2A 7B 74 00 20 00 00 00 00 00 00 00 E1 00 00
T$2A s1 f 72 2A 7B 73 00 20 00 00 00 00 00 00 00 E1 00 00
T$2A s1 f 73 2A 7B 73 00 20 00 00 00 00 00 00 00 E1 00 00
T$2A s1 f 74 2A 7B 72 00 20 00 00 00 00 00 00 00 E1 00 00
T$2A s1 f 75 2A 7B 72 00 20 00 00 00 00 00 00 00 E1 00 00
T$2A s1 f 76 2A 7B 71 00 20 00 00 00 00 00 00 00 E1 00 00
T$2A s1 f 77 2A 7B 71 00 20 00 00 00 00 00 00 00 E1 00 00
T$2A s1 f 78 2A 7B 70 00 20 00 00 00 00 00 00 00 E1 00 00
T$2A s1 f 79 2A 7B 70 00 20 00 00 00 00 00 00 00 E1 00 00
T$2A s1 f 80 2A 7B 6F 00 20 00 00 00 00 00 00 00 E1 00 00
T$2A s1 f 81 2A 7B 6F 00 20 00 00 00 00 00 00 00 E1 00 00
T$2A s1 f 82 2A 7B 6E 00 20 00 00 00 00 00 00 00 E1 00 00
T$2A s1 f 83 2A 7B 6E 00 20 00 00 00 00 00 00 00 E1 00 00
T$2A s1 f 84 2A 7B 6D 00 20 00 00 00 00 00 00 00 E1 00 00
T$2A s1 f 85 2A 7B 6D 00 20 00 00 00 00 00 00 00 E1 00 00
T$2A s1 f 86 2A 7B 6C 00 20 00 00 00 00 00 00 00 E1 00 00
T$2A s1 f 87 2A 7B 6C 00 20 00 00 00 00 00 00 00 E1 00 00
T$2A s1 f 88 2A 7B 6B 00 20 00 00 00 00 00 00 00 E1 00 00
T$2A s1 f 89 2A 7B 6B 00 20 00 00 00 00 00 00 00 E1 00 00
T$2A s1 f 90 2A 7B 6A 00 20 00 00 00 00 00 00 00 E1 00 00
T$2A s1 f 91 2A 7B 6A 00 20 00 00 00 00 00 00 00 E1 00 00
T$2A s1 f 92 2A 7B 69 00 20 00 00 00 00 00 00 00 E1 00 00
T$2A s1 f 93 2A 7B 69 00 20 00 00 00 00 00 00 00 E1 00 00
T$2A s1 f 94 2A 7B 68 00 20 00 00 00 00 01 00 00 E1 00 00
T$2A s1 f 95 2A 7C 68 00 20 00 00 00 00 01 00 00 E1 00 00
T$2A s1 f 96 2A 7C 68 00 20 00 00 00 00 01 00 00 E1 00 00
T$2A s1 f 97 2A 7D 68 00 20 00 00 00 00 01 00 00 E1 00 00
T$2A s1 f 98 2A 7D 68 00 20 00 00 00 00 01 00 00 E1 00 00
T$2A s1 f 99 2A 7E 68 00 20 00 00 00 00 01 00 00 E1 00 00
T$2A s1 f100 2A 7E 68 00 20 00 00 00 00 01 00 00 E1 00 00
T$2A s1 f101 2A 7F 68 00 20 00 00 00 00 01 00 00 E1 00 00
T$2A s1 f102 2A 7F 68 00 20 00 00 00 00 01 00 00 E1 00 00
T$2A s1 f103 2A 80 68 00 20 00 00 00 00 01 00 00 E1 00 00
T$2A s1 f104 2A 80 68 00 20 00 00 00 00 01 00 00 E1 00 00
T$2A s1 f105 2A 81 68 00 20 00 00 00 00 01 00 00 E1 00 00
T$2A s1 f106 2A 81 68 00 20 00 00 00 00 01 00 00 E1 00 00
T$2A s1 f107 2A 82 68 00 20 00 00 00 00 01 00 00 E1 00 00
T$2A s1 f108 2A 82 68 00 20 00 00 00 00 01 00 00 E1 00 00
T$2A s1 f109 2A 83 68 00 20 00 00 00 00 01 00 00 E1 00 00
T$2A s1 f110 2A 83 68 00 20 00 00 00 00 01 00 00 E1 00 00
T$2A s1 f111 2A 84 68 00 20 00 00 00 00 01 00 00 E1 00 00
T$2A s1 f112 2A 84 68 00 20 00 00 00 00 01 00 00 E1 00 00
T$2A s1 f113 2A 85 68 00 20 00 00 00 00 01 00 00 E1 00 00
T$2A s1 f114 2A 85 68 00 20 00 00 00 00 01 00 00 E1 00 00
T$2A s1 f115 2A 86 68 00 20 00 00 00 00 01 00 00 E1 00 00
T$2A s1 f116 2A 86 68 00 20 00 00 00 00 01 00 00 E1 00 00
T$2A s1 f117 2A 87 68 00 20 00 00 00 00 01 00 00 E1 00 00
T$2A s1 f118 2A 87 68 00 20 00 00 00 00 01 00 00 E1 00 00
T$2A s1 f119 2A 88 68 00 20 00 00 00 00 01 00 00 E1 00 00
T$2A s1 f120 2A 88 68 00 20 00 00 00 00 01 00 00 E1 00 00
T$2A s1 f121 2A 89 68 00 20 00 00 00 00 01 00 00 E1 00 00
T$2A s1 f122 2A 89 68 00 20 00 00 00 00 01 00 00 E1 00 00
T$2A s1 f123 2A 8A 68 00 20 00 00 00 00 01 00 00 E1 00 00
T$2A s1 f124 2A 8A 68 00 20 00 00 00 00 01 00 00 E1 00 00
T$2A s1 f125 2A 8B 68 00 20 00 00 00 00 00 00 00 E1 00 00
T$2A s1 f126 2A 8A 68 00 20 00 00 00 00 00 00 00 E1 00 00
T$2A s1 f127 2A 8A 68 00 20 00 00 00 00 00 00 00 E1 00 00
T$2A s1 f128 2A 89 68 00 20 00 00 00 00 00 00 00 E1 00 00
T$2A s1 f129 2A 89 68 00 20 00 00 00 00 00 00 00 E1 00 00
T$2A s1 f130 2A 88 68 00 20 00 00 00 00 00 00 00 E1 00 00
T$2A s1 f131 2A 88 68 00 20 00 00 00 00 00 00 00 E1 00 00
T$2A s1 f132 2A 87 68 00 20 00 00 00 00 00 00 00 E1 00 00
T$2A s1 f133 2A 87 68 00 20 00 00 00 00 00 00 00 E1 00 00
T$2A s1 f134 2A 86 68 00 20 00 00 00 00 00 00 00 E1 00 00
T$2A s1 f135 2A 86 68 00 20 00 00 00 00 00 00 00 E1 00 00
T$2A s1 f136 2A 85 68 00 20 00 00 00 00 00 00 00 E1 00 00
T$2A s1 f137 2A 85 68 00 20 00 00 00 00 00 00 00 E1 00 00
T$2A s1 f138 2A 84 68 00 20 00 00 00 00 00 00 00 E1 00 00
T$2A s1 f139 2A 84 68 00 20 00 00 00 00 00 00 00 E1 00 00
T$2A s1 f140 2A 83 68 00 20 00 00 00 00 00 00 00 E1 00 00
T$2A s1 f141 2A 83 68 00 20 00 00 00 00 00 00 00 E1 00 00
T$2A s1 f142 2A 82 68 00 20 00 00 00 00 00 00 00 E1 00 00
T$2A s1 f143 2A 82 68 00 20 00 00 00 00 00 00 00 E1 00 00
T$2A s1 f144 2A 81 68 00 20 00 00 00 00 00 00 00 E1 00 00
T$2A s1 f145 2A 81 68 00 20 00 00 00 00 00 00 00 E1 00 00
T$2A s1 f146 2A 80 68 00 20 00 00 00 00 00 00 00 E1 00 00
T$2A s1 f147 2A 80 68 00 20 00 00 00 00 00 00 00 E1 00 00
T$2A s1 f148 2A 7F 68 00 20 00 00 00 00 00 00 00 E1 00 00
T$2A s1 f149 2A 7F 68 00 20 00 00 00 00 00 00 00 E1 00 00
T$2A s1 f150 2A 7E 68 00 20 00 00 00 00 00 00 00 E1 00 00
T$2A s1 f151 2A 7E 68 00 20 00 00 00 00 00 00 00 E1 00 00
T$2A s1 f152 2A 7D 68 00 20 00 00 00 00 00 00 00 E1 00 00
T$2A s1 f153 2A 7D 68 00 20 00 00 00 00 00 00 00 E1 00 00
T$2A s1 f154 2A 7C 68 00 20 00 00 00 00 00 00 00 E1 00 00
T$2A s1 f155 2A 7C 68 00 20 00 00 00 00 00 00 00 E1 00 00
T$2A s1 f156 2A 7B 68 00 20 00 00 00 00 00 00 00 E1 00 00
T$2A s1 f157 2A 7B 68 00 20 00 00 00 00 00 00 00 E1 00 00
T$2A s1 f158 2A 7A 68 00 20 00 00 00 00 00 00 00 E1 00 00
T$2A s1 f159 2A 7A 68 00 20 00 00 00 00 00 00 00 E1 00 00
T$2A s1 f160 2A 79 68 00 20 00 00 00 00 00 00 00 E1 00 00
T$2A s1 f161 2A 79 68 00 20 00 00 00 00 00 00 00 E1 00 00
T$2A s1 f162 2A 78 68 00 20 00 00 00 00 00 00 00 E1 00 00
T$2A s1 f163 2A 78 68 00 20 00 00 00 00 00 00 00 E1 00 00
T$2A s1 f164 2A 77 68 00 20 00 00 00 00 00 00 00 E1 00 00
T$2A s1 f165 2A 77 68 00 20 00 00 00 00 00 00 00 E1 00 00
T$2A s1 f166 2A 76 68 00 20 00 00 00 00 00 00 00 E1 00 00
T$2A s1 f167 2A 76 68 00 20 00 00 00 00 00 00 00 E1 00 00
T$2A s1 f168 2A 75 68 00 20 00 00 00 00 00 00 00 E1 00 00
T$2A s1 f169 2A 75 68 00 20 00 00 00 00 00 00 00 E1 00 00
T$2A s1 f170 2A 74 68 00 20 00 00 00 00 00 00 00 E1 00 00
T$2A s1 f171 2A 74 68 00 20 00 00 00 00 00 00 00 E1 00 00
T$2A s1 f172 2A 73 68 00 20 00 00 00 00 00 00 00 E1 00 00
T$2A s1 f173 2A 73 68 00 20 00 00 00 00 00 00 00 E1 00 00
T$2A s1 f174 2A 72 68 00 20 00 00 00 00 00 00 00 E1 00 00
T$2A s1 f175 2A 72 68 00 20 00 00 00 00 00 00 00 E1 00 00
T$2A s1 f176 2A 71 68 00 20 00 00 00 00 00 00 00 E1 00 00
T$2A s1 f177 2A 71 68 00 20 00 00 00 00 00 00 00 E1 00 00
T$2A s1 f178 2A 70 68 00 20 00 00 00 00 00 00 00 E1 00 00
T$2A s1 f179 2A 70 68 00 20 00 00 00 00 00 00 00 E1 00 00
T$2A s1 f180 2A 6F 68 00 20 00 00 00 00 00 00 00 E1 00 00
T$2A s1 f181 2A 6F 68 00 20 00 00 00 00 00 00 00 E1 00 00
T$2A s1 f182 2A 6E 68 00 20 00 00 00 00 00 00 00 E1 00 00
T$2A s1 f183 2A 6E 68 00 20 00 00 00 00 00 00 00 E1 00 00
T$2A s1 f184 2A 6D 68 00 20 00 00 00 00 00 00 00 E1 00 00
T$2A s1 f185 2A 6D 68 00 20 00 00 00 00 00 00 00 E1 00 00
T$2A s1 f186 2A 6C 68 00 20 00 00 00 00 00 00 00 E1 00 00
T$2A s1 f187 2A 6C 68 00 20 00 00 00 00 00 00 00 E1 00 00
T$2A s1 f188 2A 6B 68 00 20 00 00 00 00 00 00 00 E1 00 00
T$2A s1 f189 2A 6B 68 00 20 00 00 00 00 00 00 00 E1 00 00
T$2A s1 f190 2A 6A 68 00 20 00 00 00 00 00 00 00 E1 00 00
T$2A s1 f191 2A 6A 68 00 20 00 00 00 00 00 00 00 E1 00 00
T$2A s1 f192 2A 69 68 00 20 00 00 00 00 00 00 00 E1 00 00
T$2A s1 f193 2A 69 68 00 20 00 00 00 00 00 00 00 E1 00 00
T$2A s1 f194 2A 68 68 00 20 00 00 00 00 00 00 00 E1 00 00
T$2A s1 f195 2A 68 68 00 20 00 00 00 00 00 00 00 E1 00 00
T$2A s1 f196 2A 67 68 00 20 00 00 00 00 00 00 00 E1 00 00
T$2A s1 f197 2A 67 68 00 20 00 00 00 00 00 00 00 E1 00 00
T$2A s1 f198 2A 66 68 00 20 00 00 00 00 00 00 00 E1 00 00
T$2A s1 f199 2A 66 68 00 20 00 00 00 00 00 00 00 E1 00 00
T$2A s1 f200 2A 65 68 00 20 00 00 00 00 00 00 00 E1 00 00
T$2A s1 f201 2A 65 68 00 20 00 00 00 00 00 00 00 E1 00 00
T$2A s1 f202 2A 64 68 00 20 00 00 00 00 00 00 00 E1 00 00
T$2A s1 f203 2A 64 68 00 20 00 00 00 00 00 00 00 E1 00 00
T$2A s1 f204 2A 63 68 00 20 00 00 00 00 00 00 00 E1 00 00
T$2A s1 f205 2A 63 68 00 20 00 00 00 00 00 00 00 E1 00 00
T$2A s1 f206 2A 62 68 00 20 00 00 00 00 00 00 00 E1 00 00
T$2A s1 f207 2A 62 68 00 20 00 00 00 00 00 00 00 E1 00 00
T$2A s1 f208 2A 61 68 00 20 00 00 00 00 00 00 00 E1 00 00
T$2A s1 f209 2A 61 68 00 20 00 00 00 00 00 00 00 E1 00 00
T$2A s1 f210 2A 60 68 00 20 00 00 00 00 00 00 00 E1 00 00
T$2A s1 f211 2A 60 68 00 20 00 00 00 00 00 00 00 E1 00 00
T$2A s1 f212 2A 5F 68 00 20 00 00 00 00 00 00 00 E1 00 00
T$2A s1 f213 2A 5F 68 00 20 00 00 00 00 00 00 00 E1 00 00
T$2A s1 f214 2A 5E 68 00 20 00 00 00 00 00 00 00 E1 00 00
T$2A s1 f215 2A 5E 68 00 20 00 00 00 00 00 00 00 E1 00 00
T$2A s1 f216 2A 5D 68 00 20 00 00 00 00 00 00 00 E1 00 00
T$2A s1 f217 2A 5D 68 00 20 00 00 00 00 00 00 00 E1 00 00
T$2A s1 f218 2A 5C 68 00 20 00 00 00 00 00 00 00 E1 00 00
T$2A s1 f219 2A 5C 68 00 20 00 00 00 00 00 00 00 E1 00 00
T$2A s1 f220 2A 5B 68 00 20 00 00 00 00 01 00 00 E1 00 00
T$2A s1 f221 2A 5B 69 00 20 00 00 00 00 01 00 00 E1 00 00
T$2A s1 f222 2A 5B 69 00 20 00 00 00 00 01 00 00 E1 00 00
T$2A s1 f223 2A 5B 6A 00 20 00 00 00 00 01 00 00 E1 00 00
T$2A s1 f224 2A 5B 6A 00 20 00 00 00 00 01 00 00 E1 00 00
T$2A s1 f225 2A 5B 6B 00 20 00 00 00 00 01 00 00 E1 00 00
T$2A s1 f226 2A 5B 6B 00 20 00 00 00 00 01 00 00 E1 00 00
T$2A s1 f227 2A 5B 6C 00 20 00 00 00 00 01 00 00 E1 00 00
T$2A s1 f228 2A 5B 6C 00 20 00 00 00 00 01 00 00 E1 00 00
T$2A s1 f229 2A 5B 6D 00 20 00 00 00 00 01 00 00 E1 00 00
T$2A s1 f230 2A 5B 6D 00 20 00 00 00 00 01 00 00 E1 00 00
T$2A s1 f231 2A 5B 6E 00 20 00 00 00 00 01 00 00 E1 00 00
T$2A s1 f232 2A 5B 6E 00 20 00 00 00 00 01 00 00 E1 00 00
T$2A s1 f233 2A 5B 6F 00 20 00 00 00 00 01 00 00 E1 00 00
T$2A s1 f234 2A 5B 6F 00 20 00 00 00 00 01 00 00 E1 00 00
T$2A s1 f235 2A 5B 70 00 20 00 00 00 00 01 00 00 E1 00 00
T$2A s1 f236 2A 5B 70 00 20 00 00 00 00 01 00 00 E1 00 00
T$2A s1 f237 2A 5B 71 00 20 00 00 00 00 01 00 00 E1 00 00
T$2A s1 f238 2A 5B 71 00 20 00 00 00 00 01 00 00 E1 00 00
T$2A s1 f239 2A 5B 72 00 20 00 00 00 00 01 00 00 E1 00 00
T$2B s1 f  0 2B 80 78 00 40 00 00 03 00 00 00 00 E1 00 00
T$2B s1 f  1 2B 80 78 00 40 00 00 02 00 00 00 00 E1 00 00
T$2B s1 f  2 2B 80 78 00 40 00 00 01 00 00 00 00 E1 00 00
T$2B s1 f  3 2B 80 78 00 40 00 00 06 00 00 00 00 E1 00 00
T$2B s1 f  4 2B 80 78 00 40 00 00 05 00 00 00 00 E1 00 00
T$2B s1 f  5 2B 80 78 00 40 00 00 04 00 00 00 00 E1 00 00
T$2B s1 f  6 2B 80 78 00 40 00 00 03 00 00 00 00 E1 00 00
T$2B s1 f  7 2B 80 78 00 40 00 00 02 00 00 00 00 E1 00 00
T$2B s1 f  8 2B 80 78 00 40 00 00 01 00 00 00 00 E1 00 00
T$2B s1 f  9 2B 80 78 00 40 00 00 06 00 00 00 00 E1 00 00
T$2B s1 f 10 2B 80 78 00 40 00 00 05 00 00 00 00 E1 00 00
T$2B s1 f 11 2B 81 78 00 40 00 00 04 00 00 00 00 E1 00 00
T$2B s1 f 12 2B 82 78 00 40 00 00 03 00 00 00 00 E1 00 00
T$2B s1 f 13 2B 83 78 00 40 00 00 02 00 00 00 00 E1 00 00
T$2B s1 f 14 2B 84 78 00 40 00 00 01 00 00 00 00 E1 00 00
T$2B s1 f 15 2B 85 78 00 40 00 00 00 00 00 00 00 E1 00 00
T$2B s1 f 16 2B 86 78 00 40 00 00 00 00 01 00 00 E1 00 00
T$2B s1 f 17 2B 86 79 00 40 00 00 00 00 01 00 00 E1 00 00
T$2B s1 f 18 2B 86 7A 00 40 00 00 00 00 01 00 00 E1 00 00
T$2B s1 f 19 2B 86 7B 00 40 00 00 00 00 01 00 00 E1 00 00
T$2B s1 f 20 2B 86 7C 00 40 00 00 00 00 01 00 00 E1 00 00
T$2B s1 f 21 2B 86 7D 00 40 00 00 00 00 01 00 00 E1 00 00
T$2B s1 f 22 2B 86 7E 00 40 00 00 00 00 01 00 00 E1 00 00
T$2B s1 f 23 2B 86 7F 00 40 00 00 00 00 01 00 00 E1 00 00
T$2B s1 f 24 2B 86 80 00 40 00 00 00 00 01 00 00 E1 00 00
T$2B s1 f 25 2B 86 81 00 40 00 00 00 00 01 00 00 E1 00 00
T$2B s1 f 26 2B 86 82 00 40 00 00 00 00 01 00 00 E1 00 00
T$2B s1 f 27 2B 86 83 00 40 00 00 00 00 01 00 00 E1 00 00
T$2B s1 f 28 2B 86 84 00 40 00 00 00 00 01 00 00 E1 00 00
T$2B s1 f 29 2B 86 85 00 40 00 00 00 00 01 00 00 E1 00 00
T$2B s1 f 30 2B 86 86 00 40 00 00 00 00 01 00 00 E1 00 00
T$2B s1 f 31 2B 86 87 00 40 00 00 00 00 01 00 00 E1 00 00
T$2B s1 f 32 2B 86 88 00 40 00 00 00 00 00 00 00 E1 00 00
T$2B s1 f 33 2B 86 89 00 40 00 00 00 00 00 00 00 E1 00 00
T$2B s1 f 34 2B 86 8A 00 40 00 00 00 00 00 00 00 E1 00 00
T$2B s1 f 35 2B 86 8B 00 40 00 00 00 00 00 00 00 E1 00 00
T$2B s1 f 36 2B 86 8C 00 40 00 00 00 00 00 00 00 E1 00 00
T$2B s1 f 37 2B 86 8D 00 40 00 00 00 00 00 00 00 E1 00 00
T$2B s1 f 38 2B 86 8E 00 40 00 00 00 00 00 00 00 E1 00 00
T$2B s1 f 39 2B 86 8F 00 40 00 00 00 00 00 00 00 E1 00 00
T$2B s1 f 40 2B 86 90 00 40 00 00 00 00 00 00 00 E1 00 00
T$2B s1 f 41 2B 86 91 00 40 00 00 00 00 00 00 00 E1 00 00
T$2B s1 f 42 2B 86 92 00 40 00 00 00 00 00 00 00 E1 00 00
T$2B s1 f 43 2B 86 93 00 40 00 00 00 00 00 00 00 E1 00 00
T$2B s1 f 44 2B 86 94 00 40 00 00 00 00 00 00 00 E1 00 00
T$2B s1 f 45 2B 86 95 00 40 00 00 00 00 00 00 00 E1 00 00
T$2B s1 f 46 2B 86 96 00 40 00 00 00 00 00 00 00 E1 00 00
T$2B s1 f 47 2B 86 97 00 40 00 00 00 00 00 00 00 E1 00 00
T$2B s1 f 48 2B 86 98 00 40 00 00 00 00 01 00 00 E1 00 00
T$2B s1 f 49 2B 85 98 00 40 00 00 00 00 01 00 00 E1 00 00
T$2B s1 f 50 2B 84 98 00 40 00 00 00 00 01 00 00 E1 00 00
T$2B s1 f 51 2B 83 98 00 40 00 00 00 00 01 00 00 E1 00 00
T$2B s1 f 52 2B 82 98 00 40 00 00 00 00 01 00 00 E1 00 00
T$2B s1 f 53 2B 81 98 00 40 00 00 00 00 01 00 00 E1 00 00
T$2B s1 f 54 2B 80 98 00 40 00 00 00 00 01 00 00 E1 00 00
T$2B s1 f 55 2B 7F 98 00 40 00 00 00 00 01 00 00 E1 00 00
T$2B s1 f 56 2B 7E 98 00 40 00 00 00 00 01 00 00 E1 00 00
T$2B s1 f 57 2B 7D 98 00 40 00 00 00 00 01 00 00 E1 00 00
T$2B s1 f 58 2B 7C 98 00 40 00 00 00 00 01 00 00 E1 00 00
T$2B s1 f 59 2B 7B 98 00 40 00 00 00 00 01 00 00 E1 00 00
T$2B s1 f 60 2B 7A 98 00 40 00 00 00 00 01 00 00 E1 00 00
T$2B s1 f 61 2B 79 98 00 40 00 00 00 00 01 00 00 E1 00 00
T$2B s1 f 62 2B 78 98 00 40 00 00 00 00 01 00 00 E1 00 00
T$2B s1 f 63 2B 77 98 00 40 00 00 00 00 01 00 00 E1 00 00
T$2B s1 f 64 2B 76 98 00 40 00 00 00 00 01 00 00 E1 00 00
T$2B s1 f 65 2B 76 99 00 40 00 00 00 00 01 00 00 E1 00 00
T$2B s1 f 66 2B 76 9A 00 40 00 00 00 00 01 00 00 E1 00 00
T$2B s1 f 67 2B 76 9B 00 40 00 00 00 00 01 00 00 E1 00 00
T$2B s1 f 68 2B 76 9C 00 40 00 00 00 00 01 00 00 E1 00 00
T$2B s1 f 69 2B 76 9D 00 40 00 00 00 00 01 00 00 E1 00 00
T$2B s1 f 70 2B 76 9E 00 40 00 00 00 00 01 00 00 E1 00 00
T$2B s1 f 71 2B 76 9F 00 40 00 00 00 00 01 00 00 E1 00 00
T$2B s1 f 72 2B 76 A0 00 40 00 00 00 00 01 00 00 E1 00 00
T$2B s1 f 73 2B 76 A1 00 40 00 00 00 00 01 00 00 E1 00 00
T$2B s1 f 74 2B 76 A2 00 40 00 00 00 00 01 00 00 E1 00 00
T$2B s1 f 75 2B 76 A3 00 40 00 00 00 00 01 00 00 E1 00 00
T$2B s1 f 76 2B 76 A4 00 40 00 00 00 00 01 00 00 E1 00 00
T$2B s1 f 77 2B 76 A5 00 40 00 00 00 00 01 00 00 E1 00 00
T$2B s1 f 78 2B 76 A6 00 40 00 00 00 00 01 00 00 E1 00 00
T$2B s1 f 79 2B 76 A7 00 40 00 00 00 00 01 00 00 E1 00 00
T$2B s1 f 80 2B 76 A8 00 40 00 00 00 00 00 00 00 E1 00 00
T$2B s1 f 81 2B 76 A9 00 40 00 00 00 00 00 00 00 E1 00 00
T$2B s1 f 82 2B 76 AA 00 40 00 00 00 00 00 00 00 E1 00 00
T$2B s1 f 83 2B 76 AB 00 40 00 00 00 00 00 00 00 E1 00 00
T$2B s1 f 84 2B 76 AC 00 40 00 00 00 00 00 00 00 E1 00 00
T$2B s1 f 85 2B 76 AD 00 40 00 00 00 00 00 00 00 E1 00 00
T$2B s1 f 86 2B 76 AE 00 40 00 00 00 00 00 00 00 E1 00 00
T$2B s1 f 87 2B 76 AF 00 40 00 00 00 00 00 00 00 E1 00 00
T$2B s1 f 88 2B 76 B0 00 40 00 00 00 00 00 00 00 E1 00 00
T$2B s1 f 89 2B 76 B1 00 40 00 00 00 00 00 00 00 E1 00 00
T$2B s1 f 90 2B 76 B2 00 40 00 00 00 00 00 00 00 E1 00 00
T$2B s1 f 91 2B 76 B3 00 40 00 00 00 00 00 00 00 E1 00 00
T$2B s1 f 92 2B 76 B4 00 40 00 00 00 00 00 00 00 E1 00 00
T$2B s1 f 93 2B 76 B5 00 40 00 00 00 00 00 00 00 E1 00 00
T$2B s1 f 94 2B 76 B6 00 40 00 00 00 00 00 00 00 E1 00 00
T$2B s1 f 95 2B 76 B7 00 40 00 00 00 00 00 00 00 E1 00 00
T$2B s1 f 96 2B 76 B8 00 40 00 00 00 00 00 00 00 E1 00 00
T$2B s1 f 97 2B 76 B9 00 40 00 00 00 00 00 00 00 E1 00 00
T$2B s1 f 98 2B 76 BA 00 40 00 00 00 00 00 00 00 E1 00 00
T$2B s1 f 99 2B 76 BB 00 40 00 00 00 00 00 00 00 E1 00 00
T$2B s1 f100 2B 76 BC 00 40 00 00 00 00 00 00 00 E1 00 00
T$2B s1 f101 2B 76 BD 00 40 00 00 00 00 00 00 00 E1 00 00
T$2B s1 f102 2B 76 BE 00 40 00 00 00 00 00 00 00 E1 00 00
T$2B s1 f103 2B 76 BF 00 40 00 00 00 00 00 00 00 E1 00 00
T$2B s1 f104 2B 76 C0 00 40 00 00 00 00 00 00 00 E1 00 00
T$2B s1 f105 2B 76 C1 00 40 00 00 00 00 00 00 00 E1 00 00
T$2B s1 f106 2B 76 C2 00 40 00 00 00 00 00 00 00 E1 00 00
T$2B s1 f107 2B 76 C3 00 40 00 00 00 00 00 00 00 E1 00 00
T$2B s1 f108 2B 76 C4 00 40 00 00 00 00 00 00 00 E1 00 00
T$2B s1 f109 2B 76 C5 00 40 00 00 00 00 00 00 00 E1 00 00
T$2B s1 f110 2B 76 C6 00 40 00 00 00 00 00 00 00 E1 00 00
T$2B s1 f111 2B 76 C7 00 40 00 00 00 00 00 00 00 E1 00 00
T$2B s1 f112 2B 76 C8 00 40 00 00 00 00 00 00 00 E1 00 00
T$2B s1 f113 2B 76 C7 00 40 00 00 00 00 00 00 00 E1 00 00
T$2B s1 f114 2B 76 C6 00 40 00 00 00 00 00 00 00 E1 00 00
T$2B s1 f115 2B 76 C5 00 40 00 00 00 00 00 00 00 E1 00 00
T$2B s1 f116 2B 76 C4 00 40 00 00 00 00 00 00 00 E1 00 00
T$2B s1 f117 2B 76 C3 00 40 00 00 00 00 00 00 00 E1 00 00
T$2B s1 f118 2B 76 C2 00 40 00 00 00 00 00 00 00 E1 00 00
T$2B s1 f119 2B 76 C1 00 40 00 00 00 00 00 00 00 E1 00 00
T$2B s1 f120 2B 76 C0 00 40 00 00 00 00 00 00 00 E1 00 00
T$2B s1 f121 2B 76 BF 00 40 00 00 00 00 00 00 00 E1 00 00
T$2B s1 f122 2B 76 BE 00 40 00 00 00 00 00 00 00 E1 00 00
T$2B s1 f123 2B 76 BD 00 40 00 00 00 00 00 00 00 E1 00 00
T$2B s1 f124 2B 76 BC 00 40 00 00 00 00 00 00 00 E1 00 00
T$2B s1 f125 2B 76 BB 00 40 00 00 00 00 00 00 00 E1 00 00
T$2B s1 f126 2B 76 BA 00 40 00 00 00 00 00 00 00 E1 00 00
T$2B s1 f127 2B 76 B9 00 40 00 00 00 00 00 00 00 E1 00 00
T$2B s1 f128 2B 76 B8 00 40 00 00 00 00 00 00 00 E1 00 00
T$2B s1 f129 2B 76 B7 00 40 00 00 00 00 00 00 00 E1 00 00
T$2B s1 f130 2B 76 B6 00 40 00 00 00 00 00 00 00 E1 00 00
T$2B s1 f131 2B 76 B5 00 40 00 00 00 00 00 00 00 E1 00 00
T$2B s1 f132 2B 76 B4 00 40 00 00 00 00 00 00 00 E1 00 00
T$2B s1 f133 2B 76 B3 00 40 00 00 00 00 00 00 00 E1 00 00
T$2B s1 f134 2B 76 B2 00 40 00 00 00 00 00 00 00 E1 00 00
T$2B s1 f135 2B 76 B1 00 40 00 00 00 00 00 00 00 E1 00 00
T$2B s1 f136 2B 76 B0 00 40 00 00 00 00 00 00 00 E1 00 00
T$2B s1 f137 2B 76 AF 00 40 00 00 00 00 00 00 00 E1 00 00
T$2B s1 f138 2B 76 AE 00 40 00 00 00 00 00 00 00 E1 00 00
T$2B s1 f139 2B 76 AD 00 40 00 00 00 00 00 00 00 E1 00 00
T$2B s1 f140 2B 76 AC 00 40 00 00 00 00 00 00 00 E1 00 00
T$2B s1 f141 2B 76 AB 00 40 00 00 00 00 00 00 00 E1 00 00
T$2B s1 f142 2B 76 AA 00 40 00 00 00 00 00 00 00 E1 00 00
T$2B s1 f143 2B 76 A9 00 40 00 00 00 00 00 00 00 E1 00 00
T$2B s1 f144 2B 76 A8 00 40 00 00 00 00 00 00 00 E1 00 00
T$2B s1 f145 2B 76 A7 00 40 00 00 00 00 00 00 00 E1 00 00
T$2B s1 f146 2B 76 A6 00 40 00 00 00 00 00 00 00 E1 00 00
T$2B s1 f147 2B 76 A5 00 40 00 00 00 00 00 00 00 E1 00 00
T$2B s1 f148 2B 76 A4 00 40 00 00 00 00 00 00 00 E1 00 00
T$2B s1 f149 2B 76 A3 00 40 00 00 00 00 00 00 00 E1 00 00
T$2B s1 f150 2B 76 A2 00 40 00 00 00 00 00 00 00 E1 00 00
T$2B s1 f151 2B 76 A1 00 40 00 00 00 00 00 00 00 E1 00 00
T$2B s1 f152 2B 76 A0 00 40 00 00 00 00 00 00 00 E1 00 00
T$2B s1 f153 2B 76 9F 00 40 00 00 00 00 00 00 00 E1 00 00
T$2B s1 f154 2B 76 9E 00 40 00 00 00 00 00 00 00 E1 00 00
T$2B s1 f155 2B 76 9D 00 40 00 00 00 00 00 00 00 E1 00 00
T$2B s1 f156 2B 76 9C 00 40 00 00 00 00 00 00 00 E1 00 00
T$2B s1 f157 2B 76 9B 00 40 00 00 00 00 00 00 00 E1 00 00
T$2B s1 f158 2B 76 9A 00 40 00 00 00 00 00 00 00 E1 00 00
T$2B s1 f159 2B 76 99 00 40 00 00 00 00 00 00 00 E1 00 00
T$2B s1 f160 2B 76 98 00 40 00 00 00 00 00 00 00 E1 00 00
T$2B s1 f161 2B 76 97 00 40 00 00 00 00 00 00 00 E1 00 00
T$2B s1 f162 2B 76 96 00 40 00 00 00 00 00 00 00 E1 00 00
T$2B s1 f163 2B 76 95 00 40 00 00 00 00 00 00 00 E1 00 00
T$2B s1 f164 2B 76 94 00 40 00 00 00 00 00 00 00 E1 00 00
T$2B s1 f165 2B 76 93 00 40 00 00 00 00 00 00 00 E1 00 00
T$2B s1 f166 2B 76 92 00 40 00 00 00 00 00 00 00 E1 00 00
T$2B s1 f167 2B 76 91 00 40 00 00 00 00 00 00 00 E1 00 00
T$2B s1 f168 2B 76 90 00 40 00 00 00 00 00 00 00 E1 00 00
T$2B s1 f169 2B 76 8F 00 40 00 00 00 00 00 00 00 E1 00 00
T$2B s1 f170 2B 76 8E 00 40 00 00 00 00 00 00 00 E1 00 00
T$2B s1 f171 2B 76 8D 00 40 00 00 00 00 00 00 00 E1 00 00
T$2B s1 f172 2B 76 8C 00 40 00 00 00 00 00 00 00 E1 00 00
T$2B s1 f173 2B 76 8B 00 40 00 00 00 00 00 00 00 E1 00 00
T$2B s1 f174 2B 76 8A 00 40 00 00 00 00 00 00 00 E1 00 00
T$2B s1 f175 2B 76 89 00 40 00 00 00 00 00 00 00 E1 00 00
T$2B s1 f176 2B 76 88 00 40 00 00 00 00 01 00 00 E1 00 00
T$2B s1 f177 2B 76 89 00 40 00 00 00 00 01 00 00 E1 00 00
T$2B s1 f178 2B 76 8A 00 40 00 00 00 00 01 00 00 E1 00 00
T$2B s1 f179 2B 76 8B 00 40 00 00 00 00 01 00 00 E1 00 00
T$2B s1 f180 2B 76 8C 00 40 00 00 00 00 01 00 00 E1 00 00
T$2B s1 f181 2B 76 8D 00 40 00 00 00 00 01 00 00 E1 00 00
T$2B s1 f182 2B 76 8E 00 40 00 00 00 00 01 00 00 E1 00 00
T$2B s1 f183 2B 76 8F 00 40 00 00 00 00 01 00 00 E1 00 00
T$2B s1 f184 2B 76 90 00 40 00 00 00 00 01 00 00 E1 00 00
T$2B s1 f185 2B 76 91 00 40 00 00 00 00 01 00 00 E1 00 00
T$2B s1 f186 2B 76 92 00 40 00 00 00 00 01 00 00 E1 00 00
T$2B s1 f187 2B 76 93 00 40 00 00 00 00 01 00 00 E1 00 00
T$2B s1 f188 2B 76 94 00 40 00 00 00 00 01 00 00 E1 00 00
T$2B s1 f189 2B 76 95 00 40 00 00 00 00 01 00 00 E1 00 00
T$2B s1 f190 2B 76 96 00 40 00 00 00 00 01 00 00 E1 00 00
T$2B s1 f191 2B 76 97 00 40 00 00 00 00 01 00 00 E1 00 00
T$2B s1 f192 2B 76 98 00 40 00 00 00 00 01 00 00 E1 00 00
T$2B s1 f193 2B 76 99 00 40 00 00 00 00 01 00 00 E1 00 00
T$2B s1 f194 2B 76 9A 00 40 00 00 00 00 01 00 00 E1 00 00
T$2B s1 f195 2B 76 9B 00 40 00 00 00 00 01 00 00 E1 00 00
T$2B s1 f196 2B 76 9C 00 40 00 00 00 00 01 00 00 E1 00 00
T$2B s1 f197 2B 76 9D 00 40 00 00 00 00 01 00 00 E1 00 00
T$2B s1 f198 2B 76 9E 00 40 00 00 00 00 01 00 00 E1 00 00
T$2B s1 f199 2B 76 9F 00 40 00 00 00 00 01 00 00 E1 00 00
T$2B s1 f200 2B 76 A0 00 40 00 00 00 00 01 00 00 E1 00 00
T$2B s1 f201 2B 76 A1 00 40 00 00 00 00 01 00 00 E1 00 00
T$2B s1 f202 2B 76 A2 00 40 00 00 00 00 01 00 00 E1 00 00
T$2B s1 f203 2B 76 A3 00 40 00 00 00 00 01 00 00 E1 00 00
T$2B s1 f204 2B 76 A4 00 40 00 00 00 00 01 00 00 E1 00 00
T$2B s1 f205 2B 76 A5 00 40 00 00 00 00 01 00 00 E1 00 00
T$2B s1 f206 2B 76 A6 00 40 00 00 00 00 01 00 00 E1 00 00
T$2B s1 f207 2B 76 A7 00 40 00 00 00 00 01 00 00 E1 00 00
T$2B s1 f208 2B 76 A8 00 40 00 00 00 00 00 00 00 E1 00 00
T$2B s1 f209 2B 76 A9 00 40 00 00 00 00 00 00 00 E1 00 00
T$2B s1 f210 2B 76 AA 00 40 00 00 00 00 00 00 00 E1 00 00
T$2B s1 f211 2B 76 AB 00 40 00 00 00 00 00 00 00 E1 00 00
T$2B s1 f212 2B 76 AC 00 40 00 00 00 00 00 00 00 E1 00 00
T$2B s1 f213 2B 76 AD 00 40 00 00 00 00 00 00 00 E1 00 00
T$2B s1 f214 2B 76 AE 00 40 00 00 00 00 00 00 00 E1 00 00
T$2B s1 f215 2B 76 AF 00 40 00 00 00 00 00 00 00 E1 00 00
T$2B s1 f216 2B 76 B0 00 40 00 00 00 00 00 00 00 E1 00 00
T$2B s1 f217 2B 76 B1 00 40 00 00 00 00 00 00 00 E1 00 00
T$2B s1 f218 2B 76 B2 00 40 00 00 00 00 00 00 00 E1 00 00
T$2B s1 f219 2B 76 B3 00 40 00 00 00 00 00 00 00 E1 00 00
T$2B s1 f220 2B 76 B4 00 40 00 00 00 00 00 00 00 E1 00 00
T$2B s1 f221 2B 76 B5 00 40 00 00 00 00 00 00 00 E1 00 00
T$2B s1 f222 2B 76 B6 00 40 00 00 00 00 00 00 00 E1 00 00
T$2B s1 f223 2B 76 B7 00 40 00 00 00 00 00 00 00 E1 00 00
T$2B s1 f224 2B 76 B8 00 40 00 00 00 00 01 00 00 E1 00 00
T$2B s1 f225 2B 76 B9 00 40 00 00 00 00 01 00 00 E1 00 00
T$2B s1 f226 2B 76 BA 00 40 00 00 00 00 01 00 00 E1 00 00
T$2B s1 f227 2B 76 BB 00 40 00 00 00 00 01 00 00 E1 00 00
T$2B s1 f228 2B 76 BC 00 40 00 00 00 00 01 00 00 E1 00 00
T$2B s1 f229 2B 76 BD 00 40 00 00 00 00 01 00 00 E1 00 00
T$2B s1 f230 2B 76 BE 00 40 00 00 00 00 01 00 00 E1 00 00
T$2B s1 f231 2B 76 BF 00 40 00 00 00 00 01 00 00 E1 00 00
T$2B s1 f232 2B 76 C0 00 40 00 00 00 00 01 00 00 E1 00 00
T$2B s1 f233 2B 76 C1 00 40 00 00 00 00 01 00 00 E1 00 00
T$2B s1 f234 2B 76 C2 00 40 00 00 00 00 01 00 00 E1 00 00
T$2B s1 f235 2B 76 C3 00 40 00 00 00 00 01 00 00 E1 00 00
T$2B s1 f236 2B 76 C4 00 40 00 00 00 00 01 00 00 E1 00 00
T$2B s1 f237 2B 76 C5 00 40 00 00 00 00 01 00 00 E1 00 00
T$2B s1 f238 2B 76 C6 00 40 00 00 00 00 01 00 00 E1 00 00
T$2B s1 f239 2B 76 C7 00 40 00 00 00 00 01 00 00 E1 00 00
T$2C s1 f  0 2C 80 78 00 40 00 00 03 00 00 00 00 E1 00 00
T$2C s1 f  1 2C 80 78 00 40 00 00 02 00 00 00 00 E1 00 00
T$2C s1 f  2 2C 80 78 00 40 00 00 01 00 00 00 00 E1 00 00
T$2C s1 f  3 2C 80 78 00 40 00 00 06 00 00 00 00 E1 00 00
T$2C s1 f  4 2C 80 78 00 40 00 00 05 00 00 00 00 E1 00 00
T$2C s1 f  5 2C 80 78 00 40 00 00 04 00 00 00 00 E1 00 00
T$2C s1 f  6 2C 80 78 00 40 00 00 03 00 00 00 00 E1 00 00
T$2C s1 f  7 2C 80 78 00 40 00 00 02 00 00 00 00 E1 00 00
T$2C s1 f  8 2C 80 78 00 40 00 00 01 00 00 00 00 E1 00 00
T$2C s1 f  9 2C 80 78 00 40 00 00 06 00 00 00 00 E1 00 00
T$2C s1 f 10 2C 80 79 00 40 00 00 05 00 00 00 00 E1 00 00
T$2C s1 f 11 2C 80 7A 00 40 00 00 04 00 00 00 00 E1 00 00
T$2C s1 f 12 2C 80 7B 00 40 00 00 03 00 00 00 00 E1 00 00
T$2C s1 f 13 2C 80 7C 00 40 00 00 02 00 00 00 00 E1 00 00
T$2C s1 f 14 2C 80 7D 00 40 00 00 01 00 00 00 00 E1 00 00
T$2C s1 f 15 2C 80 7E 00 40 00 00 00 00 00 00 00 E1 00 00
T$2C s1 f 16 2C 80 7F 00 40 00 00 00 00 00 00 00 E1 00 00
T$2C s1 f 17 2C 80 80 00 40 00 00 00 00 00 00 00 E1 00 00
T$2C s1 f 18 2C 80 81 00 40 00 00 00 00 00 00 00 E1 00 00
T$2C s1 f 19 2C 80 82 00 40 00 00 00 00 00 00 00 E1 00 00
T$2C s1 f 20 2C 80 83 00 40 00 00 00 00 00 00 00 E1 00 00
T$2C s1 f 21 2C 80 84 00 40 00 00 00 00 00 00 00 E1 00 00
T$2C s1 f 22 2C 80 85 00 40 00 00 00 00 00 00 00 E1 00 00
T$2C s1 f 23 2C 80 86 00 40 00 00 00 00 00 00 00 E1 00 00
T$2C s1 f 24 2C 80 87 00 40 00 00 00 00 00 00 00 E1 00 00
T$2C s1 f 25 2C 80 88 00 40 00 00 00 00 01 00 00 E1 00 00
T$2C s1 f 26 2C 80 87 00 40 00 00 00 00 01 00 00 E1 00 00
T$2C s1 f 27 2C 80 86 00 40 00 00 00 00 01 00 00 E1 00 00
T$2C s1 f 28 2C 80 85 00 40 00 00 00 00 01 00 00 E1 00 00
T$2C s1 f 29 2C 80 84 00 40 00 00 00 00 01 00 00 E1 00 00
T$2C s1 f 30 2C 80 83 00 40 00 00 00 00 01 00 00 E1 00 00
T$2C s1 f 31 2C 80 82 00 40 00 00 00 00 01 00 00 E1 00 00
T$2C s1 f 32 2C 80 81 00 40 00 00 00 00 01 00 00 E1 00 00
T$2C s1 f 33 2C 80 80 00 40 00 00 00 00 01 00 00 E1 00 00
T$2C s1 f 34 2C 80 7F 00 40 00 00 00 00 01 00 00 E1 00 00
T$2C s1 f 35 2C 80 7E 00 40 00 00 00 00 01 00 00 E1 00 00
T$2C s1 f 36 2C 80 7D 00 40 00 00 00 00 01 00 00 E1 00 00
T$2C s1 f 37 2C 80 7C 00 40 00 00 00 00 01 00 00 E1 00 00
T$2C s1 f 38 2C 80 7B 00 40 00 00 00 00 01 00 00 E1 00 00
T$2C s1 f 39 2C 80 7A 00 40 00 00 00 00 01 00 00 E1 00 00
T$2C s1 f 40 2C 80 79 00 40 00 00 00 00 01 00 00 E1 00 00
T$2C s1 f 41 2C 80 78 00 40 00 00 00 00 01 00 00 E1 00 00
T$2C s1 f 42 2C 80 77 00 40 00 00 00 00 01 00 00 E1 00 00
T$2C s1 f 43 2C 80 76 00 40 00 00 00 00 01 00 00 E1 00 00
T$2C s1 f 44 2C 80 75 00 40 00 00 00 00 01 00 00 E1 00 00
T$2C s1 f 45 2C 80 74 00 40 00 00 00 00 01 00 00 E1 00 00
T$2C s1 f 46 2C 80 73 00 40 00 00 00 00 01 00 00 E1 00 00
T$2C s1 f 47 2C 80 72 00 40 00 00 00 00 01 00 00 E1 00 00
T$2C s1 f 48 2C 80 71 00 40 00 00 00 00 01 00 00 E1 00 00
T$2C s1 f 49 2C 80 70 00 40 00 00 00 00 01 00 00 E1 00 00
T$2C s1 f 50 2C 80 6F 00 40 00 00 00 00 01 00 00 E1 00 00
T$2C s1 f 51 2C 80 6E 00 40 00 00 00 00 01 00 00 E1 00 00
T$2C s1 f 52 2C 80 6D 00 40 00 00 00 00 01 00 00 E1 00 00
T$2C s1 f 53 2C 80 6C 00 40 00 00 00 00 01 00 00 E1 00 00
T$2C s1 f 54 2C 80 6B 00 40 00 00 00 00 01 00 00 E1 00 00
T$2C s1 f 55 2C 80 6A 00 40 00 00 00 00 01 00 00 E1 00 00
T$2C s1 f 56 2C 80 69 00 40 00 00 00 00 01 00 00 E1 00 00
T$2C s1 f 57 2C 80 68 00 40 00 00 00 00 01 00 00 E1 00 00
T$2C s1 f 58 2C 80 69 00 40 00 00 00 00 01 00 00 E1 00 00
T$2C s1 f 59 2C 80 6A 00 40 00 00 00 00 01 00 00 E1 00 00
T$2C s1 f 60 2C 80 6B 00 40 00 00 00 00 01 00 00 E1 00 00
T$2C s1 f 61 2C 80 6C 00 40 00 00 00 00 01 00 00 E1 00 00
T$2C s1 f 62 2C 80 6D 00 40 00 00 00 00 01 00 00 E1 00 00
T$2C s1 f 63 2C 80 6E 00 40 00 00 00 00 01 00 00 E1 00 00
T$2C s1 f 64 2C 80 6F 00 40 00 00 00 00 01 00 00 E1 00 00
T$2C s1 f 65 2C 80 70 00 40 00 00 00 00 01 00 00 E1 00 00
T$2C s1 f 66 2C 80 71 00 40 00 00 00 00 01 00 00 E1 00 00
T$2C s1 f 67 2C 80 72 00 40 00 00 00 00 01 00 00 E1 00 00
T$2C s1 f 68 2C 80 73 00 40 00 00 00 00 01 00 00 E1 00 00
T$2C s1 f 69 2C 80 74 00 40 00 00 00 00 01 00 00 E1 00 00
T$2C s1 f 70 2C 80 75 00 40 00 00 00 00 01 00 00 E1 00 00
T$2C s1 f 71 2C 80 76 00 40 00 00 00 00 01 00 00 E1 00 00
T$2C s1 f 72 2C 80 77 00 40 00 00 00 00 01 00 00 E1 00 00
T$2C s1 f 73 2C 80 78 00 40 00 00 00 00 00 00 00 E1 00 00
T$2C s1 f 74 2C 80 79 00 40 00 00 00 00 00 00 00 E1 00 00
T$2C s1 f 75 2C 80 7A 00 40 00 00 00 00 00 00 00 E1 00 00
T$2C s1 f 76 2C 80 7B 00 40 00 00 00 00 00 00 00 E1 00 00
T$2C s1 f 77 2C 80 7C 00 40 00 00 00 00 00 00 00 E1 00 00
T$2C s1 f 78 2C 80 7D 00 40 00 00 00 00 00 00 00 E1 00 00
T$2C s1 f 79 2C 80 7E 00 40 00 00 00 00 00 00 00 E1 00 00
T$2C s1 f 80 2C 80 7F 00 40 00 00 00 00 00 00 00 E1 00 00
T$2C s1 f 81 2C 80 80 00 40 00 00 00 00 00 00 00 E1 00 00
T$2C s1 f 82 2C 80 81 00 40 00 00 00 00 00 00 00 E1 00 00
T$2C s1 f 83 2C 80 82 00 40 00 00 00 00 00 00 00 E1 00 00
T$2C s1 f 84 2C 80 83 00 40 00 00 00 00 00 00 00 E1 00 00
T$2C s1 f 85 2C 80 84 00 40 00 00 00 00 00 00 00 E1 00 00
T$2C s1 f 86 2C 80 85 00 40 00 00 00 00 00 00 00 E1 00 00
T$2C s1 f 87 2C 80 86 00 40 00 00 00 00 00 00 00 E1 00 00
T$2C s1 f 88 2C 80 87 00 40 00 00 00 00 00 00 00 E1 00 00
T$2C s1 f 89 2C 80 88 00 40 00 00 00 00 00 00 00 E1 00 00
T$2C s1 f 90 2C 80 89 00 40 00 00 00 00 00 00 00 E1 00 00
T$2C s1 f 91 2C 80 8A 00 40 00 00 00 00 00 00 00 E1 00 00
T$2C s1 f 92 2C 80 8B 00 40 00 00 00 00 00 00 00 E1 00 00
T$2C s1 f 93 2C 80 8C 00 40 00 00 00 00 00 00 00 E1 00 00
T$2C s1 f 94 2C 80 8D 00 40 00 00 00 00 00 00 00 E1 00 00
T$2C s1 f 95 2C 80 8E 00 40 00 00 00 00 00 00 00 E1 00 00
T$2C s1 f 96 2C 80 8F 00 40 00 00 00 00 00 00 00 E1 00 00
T$2C s1 f 97 2C 80 90 00 40 00 00 00 00 00 00 00 E1 00 00
T$2C s1 f 98 2C 80 91 00 40 00 00 00 00 00 00 00 E1 00 00
T$2C s1 f 99 2C 80 92 00 40 00 00 00 00 00 00 00 E1 00 00
T$2C s1 f100 2C 80 93 00 40 00 00 00 00 00 00 00 E1 00 00
T$2C s1 f101 2C 80 94 00 40 00 00 00 00 00 00 00 E1 00 00
T$2C s1 f102 2C 80 95 00 40 00 00 00 00 00 00 00 E1 00 00
T$2C s1 f103 2C 80 96 00 40 00 00 00 00 00 00 00 E1 00 00
T$2C s1 f104 2C 80 97 00 40 00 00 00 00 00 00 00 E1 00 00
T$2C s1 f105 2C 80 98 00 40 00 00 00 00 00 00 00 E1 00 00
T$2C s1 f106 2C 80 99 00 40 00 00 00 00 00 00 00 E1 00 00
T$2C s1 f107 2C 80 9A 00 40 00 00 00 00 00 00 00 E1 00 00
T$2C s1 f108 2C 80 9B 00 40 00 00 00 00 00 00 00 E1 00 00
T$2C s1 f109 2C 80 9C 00 40 00 00 00 00 00 00 00 E1 00 00
T$2C s1 f110 2C 80 9D 00 40 00 00 00 00 00 00 00 E1 00 00
T$2C s1 f111 2C 80 9E 00 40 00 00 00 00 00 00 00 E1 00 00
T$2C s1 f112 2C 80 9F 00 40 00 00 00 00 00 00 00 E1 00 00
T$2C s1 f113 2C 80 A0 00 40 00 00 00 00 00 00 00 E1 00 00
T$2C s1 f114 2C 80 A1 00 40 00 00 00 00 00 00 00 E1 00 00
T$2C s1 f115 2C 80 A2 00 40 00 00 00 00 00 00 00 E1 00 00
T$2C s1 f116 2C 80 A3 00 40 00 00 00 00 00 00 00 E1 00 00
T$2C s1 f117 2C 80 A4 00 40 00 00 00 00 00 00 00 E1 00 00
T$2C s1 f118 2C 80 A5 00 40 00 00 00 00 00 00 00 E1 00 00
T$2C s1 f119 2C 80 A6 00 40 00 00 00 00 00 00 00 E1 00 00
T$2C s1 f120 2C 80 A7 00 40 00 00 00 00 00 00 00 E1 00 00
T$2C s1 f121 2C 80 A8 00 40 00 00 00 00 01 00 00 E1 00 00
T$2C s1 f122 2C 80 A9 00 40 00 00 00 00 01 00 00 E1 00 00
T$2C s1 f123 2C 80 AA 00 40 00 00 00 00 01 00 00 E1 00 00
T$2C s1 f124 2C 80 AB 00 40 00 00 00 00 01 00 00 E1 00 00
T$2C s1 f125 2C 80 AC 00 40 00 00 00 00 01 00 00 E1 00 00
T$2C s1 f126 2C 80 AD 00 40 00 00 00 00 01 00 00 E1 00 00
T$2C s1 f127 2C 80 AE 00 40 00 00 00 00 01 00 00 E1 00 00
T$2C s1 f128 2C 80 AF 00 40 00 00 00 00 01 00 00 E1 00 00
T$2C s1 f129 2C 80 B0 00 40 00 00 00 00 01 00 00 E1 00 00
T$2C s1 f130 2C 80 B1 00 40 00 00 00 00 01 00 00 E1 00 00
T$2C s1 f131 2C 80 B2 00 40 00 00 00 00 01 00 00 E1 00 00
T$2C s1 f132 2C 80 B3 00 40 00 00 00 00 01 00 00 E1 00 00
T$2C s1 f133 2C 80 B4 00 40 00 00 00 00 01 00 00 E1 00 00
T$2C s1 f134 2C 80 B5 00 40 00 00 00 00 01 00 00 E1 00 00
T$2C s1 f135 2C 80 B6 00 40 00 00 00 00 01 00 00 E1 00 00
T$2C s1 f136 2C 80 B7 00 40 00 00 00 00 01 00 00 E1 00 00
T$2C s1 f137 2C 80 B8 00 40 00 00 00 00 00 00 00 E1 00 00
T$2C s1 f138 2C 80 B9 00 40 00 00 00 00 00 00 00 E1 00 00
T$2C s1 f139 2C 80 BA 00 40 00 00 00 00 00 00 00 E1 00 00
T$2C s1 f140 2C 80 BB 00 40 00 00 00 00 00 00 00 E1 00 00
T$2C s1 f141 2C 80 BC 00 40 00 00 00 00 00 00 00 E1 00 00
T$2C s1 f142 2C 80 BD 00 40 00 00 00 00 00 00 00 E1 00 00
T$2C s1 f143 2C 80 BE 00 40 00 00 00 00 00 00 00 E1 00 00
T$2C s1 f144 2C 80 BF 00 40 00 00 00 00 00 00 00 E1 00 00
T$2C s1 f145 2C 80 C0 00 40 00 00 00 00 00 00 00 E1 00 00
T$2C s1 f146 2C 80 C1 00 40 00 00 00 00 00 00 00 E1 00 00
T$2C s1 f147 2C 80 C2 00 40 00 00 00 00 00 00 00 E1 00 00
T$2C s1 f148 2C 80 C3 00 40 00 00 00 00 00 00 00 E1 00 00
T$2C s1 f149 2C 80 C4 00 40 00 00 00 00 00 00 00 E1 00 00
T$2C s1 f150 2C 80 C5 00 40 00 00 00 00 00 00 00 E1 00 00
T$2C s1 f151 2C 80 C6 00 40 00 00 00 00 00 00 00 E1 00 00
T$2C s1 f152 2C 80 C7 00 40 00 00 00 00 00 00 00 E1 00 00
T$2C s1 f153 2C 80 C8 00 40 00 00 00 00 00 00 00 E1 00 00
T$2C s1 f154 2C 80 C7 00 40 00 00 00 00 00 00 00 E1 00 00
T$2C s1 f155 2C 80 C6 00 40 00 00 00 00 00 00 00 E1 00 00
T$2C s1 f156 2C 80 C5 00 40 00 00 00 00 00 00 00 E1 00 00
T$2C s1 f157 2C 80 C4 00 40 00 00 00 00 00 00 00 E1 00 00
T$2C s1 f158 2C 80 C3 00 40 00 00 00 00 00 00 00 E1 00 00
T$2C s1 f159 2C 80 C2 00 40 00 00 00 00 00 00 00 E1 00 00
T$2C s1 f160 2C 80 C1 00 40 00 00 00 00 00 00 00 E1 00 00
T$2C s1 f161 2C 80 C0 00 40 00 00 00 00 00 00 00 E1 00 00
T$2C s1 f162 2C 80 BF 00 40 00 00 00 00 00 00 00 E1 00 00
T$2C s1 f163 2C 80 BE 00 40 00 00 00 00 00 00 00 E1 00 00
T$2C s1 f164 2C 80 BD 00 40 00 00 00 00 00 00 00 E1 00 00
T$2C s1 f165 2C 80 BC 00 40 00 00 00 00 00 00 00 E1 00 00
T$2C s1 f166 2C 80 BB 00 40 00 00 00 00 00 00 00 E1 00 00
T$2C s1 f167 2C 80 BA 00 40 00 00 00 00 00 00 00 E1 00 00
T$2C s1 f168 2C 80 B9 00 40 00 00 00 00 00 00 00 E1 00 00
T$2C s1 f169 2C 80 B8 00 40 00 00 00 00 00 00 00 E1 00 00
T$2C s1 f170 2C 80 B7 00 40 00 00 00 00 00 00 00 E1 00 00
T$2C s1 f171 2C 80 B6 00 40 00 00 00 00 00 00 00 E1 00 00
T$2C s1 f172 2C 80 B5 00 40 00 00 00 00 00 00 00 E1 00 00
T$2C s1 f173 2C 80 B4 00 40 00 00 00 00 00 00 00 E1 00 00
T$2C s1 f174 2C 80 B3 00 40 00 00 00 00 00 00 00 E1 00 00
T$2C s1 f175 2C 80 B2 00 40 00 00 00 00 00 00 00 E1 00 00
T$2C s1 f176 2C 80 B1 00 40 00 00 00 00 00 00 00 E1 00 00
T$2C s1 f177 2C 80 B0 00 40 00 00 00 00 00 00 00 E1 00 00
T$2C s1 f178 2C 80 AF 00 40 00 00 00 00 00 00 00 E1 00 00
T$2C s1 f179 2C 80 AE 00 40 00 00 00 00 00 00 00 E1 00 00
T$2C s1 f180 2C 80 AD 00 40 00 00 00 00 00 00 00 E1 00 00
T$2C s1 f181 2C 80 AC 00 40 00 00 00 00 00 00 00 E1 00 00
T$2C s1 f182 2C 80 AB 00 40 00 00 00 00 00 00 00 E1 00 00
T$2C s1 f183 2C 80 AA 00 40 00 00 00 00 00 00 00 E1 00 00
T$2C s1 f184 2C 80 A9 00 40 00 00 00 00 00 00 00 E1 00 00
T$2C s1 f185 2C 80 A8 00 40 00 00 00 00 00 00 00 E1 00 00
T$2C s1 f186 2C 80 A7 00 40 00 00 00 00 00 00 00 E1 00 00
T$2C s1 f187 2C 80 A6 00 40 00 00 00 00 00 00 00 E1 00 00
T$2C s1 f188 2C 80 A5 00 40 00 00 00 00 00 00 00 E1 00 00
T$2C s1 f189 2C 80 A4 00 40 00 00 00 00 00 00 00 E1 00 00
T$2C s1 f190 2C 80 A3 00 40 00 00 00 00 00 00 00 E1 00 00
T$2C s1 f191 2C 80 A2 00 40 00 00 00 00 00 00 00 E1 00 00
T$2C s1 f192 2C 80 A1 00 40 00 00 00 00 00 00 00 E1 00 00
T$2C s1 f193 2C 80 A0 00 40 00 00 00 00 00 00 00 E1 00 00
T$2C s1 f194 2C 80 9F 00 40 00 00 00 00 00 00 00 E1 00 00
T$2C s1 f195 2C 80 9E 00 40 00 00 00 00 00 00 00 E1 00 00
T$2C s1 f196 2C 80 9D 00 40 00 00 00 00 00 00 00 E1 00 00
T$2C s1 f197 2C 80 9C 00 40 00 00 00 00 00 00 00 E1 00 00
T$2C s1 f198 2C 80 9B 00 40 00 00 00 00 00 00 00 E1 00 00
T$2C s1 f199 2C 80 9A 00 40 00 00 00 00 00 00 00 E1 00 00
T$2C s1 f200 2C 80 99 00 40 00 00 00 00 00 00 00 E1 00 00
T$2C s1 f201 2C 80 98 00 40 00 00 00 00 00 00 00 E1 00 00
T$2C s1 f202 2C 80 97 00 40 00 00 00 00 00 00 00 E1 00 00
T$2C s1 f203 2C 80 96 00 40 00 00 00 00 00 00 00 E1 00 00
T$2C s1 f204 2C 80 95 00 40 00 00 00 00 00 00 00 E1 00 00
T$2C s1 f205 2C 80 94 00 40 00 00 00 00 00 00 00 E1 00 00
T$2C s1 f206 2C 80 93 00 40 00 00 00 00 00 00 00 E1 00 00
T$2C s1 f207 2C 80 92 00 40 00 00 00 00 00 00 00 E1 00 00
T$2C s1 f208 2C 80 91 00 40 00 00 00 00 00 00 00 E1 00 00
T$2C s1 f209 2C 80 90 00 40 00 00 00 00 00 00 00 E1 00 00
T$2C s1 f210 2C 80 8F 00 40 00 00 00 00 00 00 00 E1 00 00
T$2C s1 f211 2C 80 8E 00 40 00 00 00 00 00 00 00 E1 00 00
T$2C s1 f212 2C 80 8D 00 40 00 00 00 00 00 00 00 E1 00 00
T$2C s1 f213 2C 80 8C 00 40 00 00 00 00 00 00 00 E1 00 00
T$2C s1 f214 2C 80 8B 00 40 00 00 00 00 00 00 00 E1 00 00
T$2C s1 f215 2C 80 8A 00 40 00 00 00 00 00 00 00 E1 00 00
T$2C s1 f216 2C 80 89 00 40 00 00 00 00 00 00 00 E1 00 00
T$2C s1 f217 2C 80 88 00 40 00 00 00 00 00 00 00 E1 00 00
T$2C s1 f218 2C 80 87 00 40 00 00 00 00 00 00 00 E1 00 00
T$2C s1 f219 2C 80 86 00 40 00 00 00 00 00 00 00 E1 00 00
T$2C s1 f220 2C 80 85 00 40 00 00 00 00 00 00 00 E1 00 00
T$2C s1 f221 2C 80 84 00 40 00 00 00 00 00 00 00 E1 00 00
T$2C s1 f222 2C 80 83 00 40 00 00 00 00 00 00 00 E1 00 00
T$2C s1 f223 2C 80 82 00 40 00 00 00 00 00 00 00 E1 00 00
T$2C s1 f224 2C 80 81 00 40 00 00 00 00 00 00 00 E1 00 00
T$2C s1 f225 2C 80 80 00 40 00 00 00 00 00 00 00 E1 00 00
T$2C s1 f226 2C 80 7F 00 40 00 00 00 00 00 00 00 E1 00 00
T$2C s1 f227 2C 80 7E 00 40 00 00 00 00 00 00 00 E1 00 00
T$2C s1 f228 2C 80 7D 00 40 00 00 00 00 00 00 00 E1 00 00
T$2C s1 f229 2C 80 7C 00 40 00 00 00 00 00 00 00 E1 00 00
T$2C s1 f230 2C 80 7B 00 40 00 00 00 00 00 00 00 E1 00 00
T$2C s1 f231 2C 80 7A 00 40 00 00 00 00 00 00 00 E1 00 00
T$2C s1 f232 2C 80 79 00 40 00 00 00 00 00 00 00 E1 00 00
T$2C s1 f233 2C 80 78 00 40 00 00 00 00 00 00 00 E1 00 00
T$2C s1 f234 2C 80 77 00 40 00 00 00 00 00 00 00 E1 00 00
T$2C s1 f235 2C 80 76 00 40 00 00 00 00 00 00 00 E1 00 00
T$2C s1 f236 2C 80 75 00 40 00 00 00 00 00 00 00 E1 00 00
T$2C s1 f237 2C 80 74 00 40 00 00 00 00 00 00 00 E1 00 00
T$2C s1 f238 2C 80 73 00 40 00 00 00 00 00 00 00 E1 00 00
T$2C s1 f239 2C 80 72 00 40 00 00 00 00 00 00 00 E1 00 00
T$2D s1 f  0 2D 80 78 00 40 00 00 03 00 00 00 00 E1 00 00
T$2D s1 f  1 2D 80 78 00 40 00 00 02 00 00 00 00 E1 00 00
T$2D s1 f  2 2D 80 78 00 40 00 00 01 00 00 00 00 E1 00 00
T$2D s1 f  3 2D 80 78 00 40 00 00 06 00 00 00 00 E1 00 00
T$2D s1 f  4 2D 80 78 00 40 00 00 05 00 00 00 00 E1 00 00
T$2D s1 f  5 2D 80 78 00 40 00 00 04 00 00 00 00 E1 00 00
T$2D s1 f  6 2D 80 78 00 40 00 00 03 00 00 00 00 E1 00 00
T$2D s1 f  7 2D 80 78 00 40 00 00 02 00 00 00 00 E1 00 00
T$2D s1 f  8 2D 80 78 00 40 00 00 01 00 00 00 00 E1 00 00
T$2D s1 f  9 2D 80 78 00 40 00 00 06 00 00 00 00 E1 00 00
T$2D s1 f 10 2D 80 78 00 40 00 00 05 00 00 00 00 E1 00 00
T$2D s1 f 11 2D 81 78 00 40 00 00 04 00 00 00 00 E1 00 00
T$2D s1 f 12 2D 82 78 00 40 00 00 03 00 00 00 00 E1 00 00
T$2D s1 f 13 2D 83 78 00 40 00 00 02 00 00 00 00 E1 00 00
T$2D s1 f 14 2D 84 78 00 40 00 00 01 00 00 00 00 E1 00 00
T$2D s1 f 15 2D 85 78 00 40 00 00 00 00 00 00 00 E1 00 00
T$2D s1 f 16 2D 86 78 00 40 00 00 00 00 00 00 00 E1 00 00
T$2D s1 f 17 2D 87 78 00 40 00 00 00 00 01 00 00 E1 00 00
T$2D s1 f 18 2D 87 79 00 40 00 00 00 00 01 00 00 E1 00 00
T$2D s1 f 19 2D 87 7A 00 40 00 00 00 00 01 00 00 E1 00 00
T$2D s1 f 20 2D 87 7B 00 40 00 00 00 00 01 00 00 E1 00 00
T$2D s1 f 21 2D 87 7C 00 40 00 00 00 00 01 00 00 E1 00 00
T$2D s1 f 22 2D 87 7D 00 40 00 00 00 00 01 00 00 E1 00 00
T$2D s1 f 23 2D 87 7E 00 40 00 00 00 00 01 00 00 E1 00 00
T$2D s1 f 24 2D 87 7F 00 40 00 00 00 00 01 00 00 E1 00 00
T$2D s1 f 25 2D 87 80 00 40 00 00 00 00 01 00 00 E1 00 00
T$2D s1 f 26 2D 87 81 00 40 00 00 00 00 01 00 00 E1 00 00
T$2D s1 f 27 2D 87 82 00 40 00 00 00 00 01 00 00 E1 00 00
T$2D s1 f 28 2D 87 83 00 40 00 00 00 00 01 00 00 E1 00 00
T$2D s1 f 29 2D 87 84 00 40 00 00 00 00 01 00 00 E1 00 00
T$2D s1 f 30 2D 87 85 00 40 00 00 00 00 01 00 00 E1 00 00
T$2D s1 f 31 2D 87 86 00 40 00 00 00 00 01 00 00 E1 00 00
T$2D s1 f 32 2D 87 87 00 40 00 00 00 00 01 00 00 E1 00 00
T$2D s1 f 33 2D 87 88 00 40 00 00 00 00 01 00 00 E1 00 00
T$2D s1 f 34 2D 86 88 00 40 00 00 00 00 01 00 00 E1 00 00
T$2D s1 f 35 2D 85 88 00 40 00 00 00 00 01 00 00 E1 00 00
T$2D s1 f 36 2D 84 88 00 40 00 00 00 00 01 00 00 E1 00 00
T$2D s1 f 37 2D 83 88 00 40 00 00 00 00 01 00 00 E1 00 00
T$2D s1 f 38 2D 82 88 00 40 00 00 00 00 01 00 00 E1 00 00
T$2D s1 f 39 2D 81 88 00 40 00 00 00 00 01 00 00 E1 00 00
T$2D s1 f 40 2D 80 88 00 40 00 00 00 00 01 00 00 E1 00 00
T$2D s1 f 41 2D 7F 88 00 40 00 00 00 00 01 00 00 E1 00 00
T$2D s1 f 42 2D 7E 88 00 40 00 00 00 00 01 00 00 E1 00 00
T$2D s1 f 43 2D 7D 88 00 40 00 00 00 00 01 00 00 E1 00 00
T$2D s1 f 44 2D 7C 88 00 40 00 00 00 00 01 00 00 E1 00 00
T$2D s1 f 45 2D 7B 88 00 40 00 00 00 00 01 00 00 E1 00 00
T$2D s1 f 46 2D 7A 88 00 40 00 00 00 00 01 00 00 E1 00 00
T$2D s1 f 47 2D 79 88 00 40 00 00 00 00 01 00 00 E1 00 00
T$2D s1 f 48 2D 78 88 00 40 00 00 00 00 01 00 00 E1 00 00
T$2D s1 f 49 2D 77 88 00 40 00 00 00 00 01 00 00 E1 00 00
T$2D s1 f 50 2D 77 89 00 40 00 00 00 00 01 00 00 E1 00 00
T$2D s1 f 51 2D 77 8A 00 40 00 00 00 00 01 00 00 E1 00 00
T$2D s1 f 52 2D 77 8B 00 40 00 00 00 00 01 00 00 E1 00 00
T$2D s1 f 53 2D 77 8C 00 40 00 00 00 00 01 00 00 E1 00 00
T$2D s1 f 54 2D 77 8D 00 40 00 00 00 00 01 00 00 E1 00 00
T$2D s1 f 55 2D 77 8E 00 40 00 00 00 00 01 00 00 E1 00 00
T$2D s1 f 56 2D 77 8F 00 40 00 00 00 00 01 00 00 E1 00 00
T$2D s1 f 57 2D 77 90 00 40 00 00 00 00 01 00 00 E1 00 00
T$2D s1 f 58 2D 77 91 00 40 00 00 00 00 01 00 00 E1 00 00
T$2D s1 f 59 2D 77 92 00 40 00 00 00 00 01 00 00 E1 00 00
T$2D s1 f 60 2D 77 93 00 40 00 00 00 00 01 00 00 E1 00 00
T$2D s1 f 61 2D 77 94 00 40 00 00 00 00 01 00 00 E1 00 00
T$2D s1 f 62 2D 77 95 00 40 00 00 00 00 01 00 00 E1 00 00
T$2D s1 f 63 2D 77 96 00 40 00 00 00 00 01 00 00 E1 00 00
T$2D s1 f 64 2D 77 97 00 40 00 00 00 00 01 00 00 E1 00 00
T$2D s1 f 65 2D 77 98 00 40 00 00 00 00 00 00 00 E1 00 00
T$2D s1 f 66 2D 77 99 00 40 00 00 00 00 00 00 00 E1 00 00
T$2D s1 f 67 2D 77 9A 00 40 00 00 00 00 00 00 00 E1 00 00
T$2D s1 f 68 2D 77 9B 00 40 00 00 00 00 00 00 00 E1 00 00
T$2D s1 f 69 2D 77 9C 00 40 00 00 00 00 00 00 00 E1 00 00
T$2D s1 f 70 2D 77 9D 00 40 00 00 00 00 00 00 00 E1 00 00
T$2D s1 f 71 2D 77 9E 00 40 00 00 00 00 00 00 00 E1 00 00
T$2D s1 f 72 2D 77 9F 00 40 00 00 00 00 00 00 00 E1 00 00
T$2D s1 f 73 2D 77 A0 00 40 00 00 00 00 00 00 00 E1 00 00
T$2D s1 f 74 2D 77 A1 00 40 00 00 00 00 00 00 00 E1 00 00
T$2D s1 f 75 2D 77 A2 00 40 00 00 00 00 00 00 00 E1 00 00
T$2D s1 f 76 2D 77 A3 00 40 00 00 00 00 00 00 00 E1 00 00
T$2D s1 f 77 2D 77 A4 00 40 00 00 00 00 00 00 00 E1 00 00
T$2D s1 f 78 2D 77 A5 00 40 00 00 00 00 00 00 00 E1 00 00
T$2D s1 f 79 2D 77 A6 00 40 00 00 00 00 00 00 00 E1 00 00
T$2D s1 f 80 2D 77 A7 00 40 00 00 00 00 00 00 00 E1 00 00
T$2D s1 f 81 2D 77 A8 00 40 00 00 00 00 00 00 00 E1 00 00
T$2D s1 f 82 2D 77 A9 00 40 00 00 00 00 00 00 00 E1 00 00
T$2D s1 f 83 2D 77 AA 00 40 00 00 00 00 00 00 00 E1 00 00
T$2D s1 f 84 2D 77 AB 00 40 00 00 00 00 00 00 00 E1 00 00
T$2D s1 f 85 2D 77 AC 00 40 00 00 00 00 00 00 00 E1 00 00
T$2D s1 f 86 2D 77 AD 00 40 00 00 00 00 00 00 00 E1 00 00
T$2D s1 f 87 2D 77 AE 00 40 00 00 00 00 00 00 00 E1 00 00
T$2D s1 f 88 2D 77 AF 00 40 00 00 00 00 00 00 00 E1 00 00
T$2D s1 f 89 2D 77 B0 00 40 00 00 00 00 00 00 00 E1 00 00
T$2D s1 f 90 2D 77 B1 00 40 00 00 00 00 00 00 00 E1 00 00
T$2D s1 f 91 2D 77 B2 00 40 00 00 00 00 00 00 00 E1 00 00
T$2D s1 f 92 2D 77 B3 00 40 00 00 00 00 00 00 00 E1 00 00
T$2D s1 f 93 2D 77 B4 00 40 00 00 00 00 00 00 00 E1 00 00
T$2D s1 f 94 2D 77 B5 00 40 00 00 00 00 00 00 00 E1 00 00
T$2D s1 f 95 2D 77 B6 00 40 00 00 00 00 00 00 00 E1 00 00
T$2D s1 f 96 2D 77 B7 00 40 00 00 00 00 00 00 00 E1 00 00
T$2D s1 f 97 2D 77 B8 00 40 00 00 00 00 00 00 00 E1 00 00
T$2D s1 f 98 2D 77 B9 00 40 00 00 00 00 00 00 00 E1 00 00
T$2D s1 f 99 2D 77 BA 00 40 00 00 00 00 00 00 00 E1 00 00
T$2D s1 f100 2D 77 BB 00 40 00 00 00 00 00 00 00 E1 00 00
T$2D s1 f101 2D 77 BC 00 40 00 00 00 00 00 00 00 E1 00 00
T$2D s1 f102 2D 77 BD 00 40 00 00 00 00 00 00 00 E1 00 00
T$2D s1 f103 2D 77 BE 00 40 00 00 00 00 00 00 00 E1 00 00
T$2D s1 f104 2D 77 BF 00 40 00 00 00 00 00 00 00 E1 00 00
T$2D s1 f105 2D 77 C0 00 40 00 00 00 00 00 00 00 E1 00 00
T$2D s1 f106 2D 77 C1 00 40 00 00 00 00 00 00 00 E1 00 00
T$2D s1 f107 2D 77 C2 00 40 00 00 00 00 00 00 00 E1 00 00
T$2D s1 f108 2D 77 C3 00 40 00 00 00 00 00 00 00 E1 00 00
T$2D s1 f109 2D 77 C4 00 40 00 00 00 00 00 00 00 E1 00 00
T$2D s1 f110 2D 77 C5 00 40 00 00 00 00 00 00 00 E1 00 00
T$2D s1 f111 2D 77 C6 00 40 00 00 00 00 00 00 00 E1 00 00
T$2D s1 f112 2D 77 C7 00 40 00 00 00 00 00 00 00 E1 00 00
T$2D s1 f113 2D 77 C8 00 40 00 00 00 00 00 00 00 E1 00 00
T$2D s1 f114 2D 77 C7 00 40 00 00 00 00 00 00 00 E1 00 00
T$2D s1 f115 2D 77 C6 00 40 00 00 00 00 00 00 00 E1 00 00
T$2D s1 f116 2D 77 C5 00 40 00 00 00 00 00 00 00 E1 00 00
T$2D s1 f117 2D 77 C4 00 40 00 00 00 00 00 00 00 E1 00 00
T$2D s1 f118 2D 77 C3 00 40 00 00 00 00 00 00 00 E1 00 00
T$2D s1 f119 2D 77 C2 00 40 00 00 00 00 00 00 00 E1 00 00
T$2D s1 f120 2D 77 C1 00 40 00 00 00 00 00 00 00 E1 00 00
T$2D s1 f121 2D 77 C0 00 40 00 00 00 00 00 00 00 E1 00 00
T$2D s1 f122 2D 77 BF 00 40 00 00 00 00 00 00 00 E1 00 00
T$2D s1 f123 2D 77 BE 00 40 00 00 00 00 00 00 00 E1 00 00
T$2D s1 f124 2D 77 BD 00 40 00 00 00 00 00 00 00 E1 00 00
T$2D s1 f125 2D 77 BC 00 40 00 00 00 00 00 00 00 E1 00 00
T$2D s1 f126 2D 77 BB 00 40 00 00 00 00 00 00 00 E1 00 00
T$2D s1 f127 2D 77 BA 00 40 00 00 00 00 00 00 00 E1 00 00
T$2D s1 f128 2D 77 B9 00 40 00 00 00 00 00 00 00 E1 00 00
T$2D s1 f129 2D 77 B8 00 40 00 00 00 00 00 00 00 E1 00 00
T$2D s1 f130 2D 77 B7 00 40 00 00 00 00 00 00 00 E1 00 00
T$2D s1 f131 2D 77 B6 00 40 00 00 00 00 00 00 00 E1 00 00
T$2D s1 f132 2D 77 B5 00 40 00 00 00 00 00 00 00 E1 00 00
T$2D s1 f133 2D 77 B4 00 40 00 00 00 00 00 00 00 E1 00 00
T$2D s1 f134 2D 77 B3 00 40 00 00 00 00 00 00 00 E1 00 00
T$2D s1 f135 2D 77 B2 00 40 00 00 00 00 00 00 00 E1 00 00
T$2D s1 f136 2D 77 B1 00 40 00 00 00 00 00 00 00 E1 00 00
T$2D s1 f137 2D 77 B0 00 40 00 00 00 00 00 00 00 E1 00 00
T$2D s1 f138 2D 77 AF 00 40 00 00 00 00 00 00 00 E1 00 00
T$2D s1 f139 2D 77 AE 00 40 00 00 00 00 00 00 00 E1 00 00
T$2D s1 f140 2D 77 AD 00 40 00 00 00 00 00 00 00 E1 00 00
T$2D s1 f141 2D 77 AC 00 40 00 00 00 00 00 00 00 E1 00 00
T$2D s1 f142 2D 77 AB 00 40 00 00 00 00 00 00 00 E1 00 00
T$2D s1 f143 2D 77 AA 00 40 00 00 00 00 00 00 00 E1 00 00
T$2D s1 f144 2D 77 A9 00 40 00 00 00 00 00 00 00 E1 00 00
T$2D s1 f145 2D 77 A8 00 40 00 00 00 00 00 00 00 E1 00 00
T$2D s1 f146 2D 77 A7 00 40 00 00 00 00 00 00 00 E1 00 00
T$2D s1 f147 2D 77 A6 00 40 00 00 00 00 00 00 00 E1 00 00
T$2D s1 f148 2D 77 A5 00 40 00 00 00 00 00 00 00 E1 00 00
T$2D s1 f149 2D 77 A4 00 40 00 00 00 00 00 00 00 E1 00 00
T$2D s1 f150 2D 77 A3 00 40 00 00 00 00 00 00 00 E1 00 00
T$2D s1 f151 2D 77 A2 00 40 00 00 00 00 00 00 00 E1 00 00
T$2D s1 f152 2D 77 A1 00 40 00 00 00 00 00 00 00 E1 00 00
T$2D s1 f153 2D 77 A0 00 40 00 00 00 00 00 00 00 E1 00 00
T$2D s1 f154 2D 77 9F 00 40 00 00 00 00 00 00 00 E1 00 00
T$2D s1 f155 2D 77 9E 00 40 00 00 00 00 00 00 00 E1 00 00
T$2D s1 f156 2D 77 9D 00 40 00 00 00 00 00 00 00 E1 00 00
T$2D s1 f157 2D 77 9C 00 40 00 00 00 00 00 00 00 E1 00 00
T$2D s1 f158 2D 77 9B 00 40 00 00 00 00 00 00 00 E1 00 00
T$2D s1 f159 2D 77 9A 00 40 00 00 00 00 00 00 00 E1 00 00
T$2D s1 f160 2D 77 99 00 40 00 00 00 00 00 00 00 E1 00 00
T$2D s1 f161 2D 77 98 00 40 00 00 00 00 00 00 00 E1 00 00
T$2D s1 f162 2D 77 97 00 40 00 00 00 00 00 00 00 E1 00 00
T$2D s1 f163 2D 77 96 00 40 00 00 00 00 00 00 00 E1 00 00
T$2D s1 f164 2D 77 95 00 40 00 00 00 00 00 00 00 E1 00 00
T$2D s1 f165 2D 77 94 00 40 00 00 00 00 00 00 00 E1 00 00
T$2D s1 f166 2D 77 93 00 40 00 00 00 00 00 00 00 E1 00 00
T$2D s1 f167 2D 77 92 00 40 00 00 00 00 00 00 00 E1 00 00
T$2D s1 f168 2D 77 91 00 40 00 00 00 00 00 00 00 E1 00 00
T$2D s1 f169 2D 77 90 00 40 00 00 00 00 00 00 00 E1 00 00
T$2D s1 f170 2D 77 8F 00 40 00 00 00 00 00 00 00 E1 00 00
T$2D s1 f171 2D 77 8E 00 40 00 00 00 00 00 00 00 E1 00 00
T$2D s1 f172 2D 77 8D 00 40 00 00 00 00 00 00 00 E1 00 00
T$2D s1 f173 2D 77 8C 00 40 00 00 00 00 00 00 00 E1 00 00
T$2D s1 f174 2D 77 8B 00 40 00 00 00 00 00 00 00 E1 00 00
T$2D s1 f175 2D 77 8A 00 40 00 00 00 00 00 00 00 E1 00 00
T$2D s1 f176 2D 77 89 00 40 00 00 00 00 00 00 00 E1 00 00
T$2D s1 f177 2D 77 88 00 40 00 00 00 00 00 00 00 E1 00 00
T$2D s1 f178 2D 77 87 00 40 00 00 00 00 00 00 00 E1 00 00
T$2D s1 f179 2D 77 86 00 40 00 00 00 00 00 00 00 E1 00 00
T$2D s1 f180 2D 77 85 00 40 00 00 00 00 00 00 00 E1 00 00
T$2D s1 f181 2D 77 84 00 40 00 00 00 00 00 00 00 E1 00 00
T$2D s1 f182 2D 77 83 00 40 00 00 00 00 00 00 00 E1 00 00
T$2D s1 f183 2D 77 82 00 40 00 00 00 00 00 00 00 E1 00 00
T$2D s1 f184 2D 77 81 00 40 00 00 00 00 00 00 00 E1 00 00
T$2D s1 f185 2D 77 80 00 40 00 00 00 00 00 00 00 E1 00 00
T$2D s1 f186 2D 77 7F 00 40 00 00 00 00 00 00 00 E1 00 00
T$2D s1 f187 2D 77 7E 00 40 00 00 00 00 00 00 00 E1 00 00
T$2D s1 f188 2D 77 7D 00 40 00 00 00 00 00 00 00 E1 00 00
T$2D s1 f189 2D 77 7C 00 40 00 00 00 00 00 00 00 E1 00 00
T$2D s1 f190 2D 77 7B 00 40 00 00 00 00 00 00 00 E1 00 00
T$2D s1 f191 2D 77 7A 00 40 00 00 00 00 00 00 00 E1 00 00
T$2D s1 f192 2D 77 79 00 40 00 00 00 00 00 00 00 E1 00 00
T$2D s1 f193 2D 77 78 00 40 00 00 00 00 01 00 00 E1 00 00
T$2D s1 f194 2D 78 78 00 40 00 00 00 00 01 00 00 E1 00 00
T$2D s1 f195 2D 79 78 00 40 00 00 00 00 01 00 00 E1 00 00
T$2D s1 f196 2D 7A 78 00 40 00 00 00 00 01 00 00 E1 00 00
T$2D s1 f197 2D 7B 78 00 40 00 00 00 00 01 00 00 E1 00 00
T$2D s1 f198 2D 7C 78 00 40 00 00 00 00 01 00 00 E1 00 00
T$2D s1 f199 2D 7D 78 00 40 00 00 00 00 01 00 00 E1 00 00
T$2D s1 f200 2D 7E 78 00 40 00 00 00 00 01 00 00 E1 00 00
T$2D s1 f201 2D 7F 78 00 40 00 00 00 00 01 00 00 E1 00 00
T$2D s1 f202 2D 80 78 00 40 00 00 00 00 01 00 00 E1 00 00
T$2D s1 f203 2D 81 78 00 40 00 00 00 00 01 00 00 E1 00 00
T$2D s1 f204 2D 82 78 00 40 00 00 00 00 01 00 00 E1 00 00
T$2D s1 f205 2D 83 78 00 40 00 00 00 00 01 00 00 E1 00 00
T$2D s1 f206 2D 84 78 00 40 00 00 00 00 01 00 00 E1 00 00
T$2D s1 f207 2D 85 78 00 40 00 00 00 00 01 00 00 E1 00 00
T$2D s1 f208 2D 86 78 00 40 00 00 00 00 01 00 00 E1 00 00
T$2D s1 f209 2D 87 78 00 40 00 00 00 00 00 00 00 E1 00 00
T$2D s1 f210 2D 87 77 00 40 00 00 00 00 00 00 00 E1 00 00
T$2D s1 f211 2D 87 76 00 40 00 00 00 00 00 00 00 E1 00 00
T$2D s1 f212 2D 87 75 00 40 00 00 00 00 00 00 00 E1 00 00
T$2D s1 f213 2D 87 74 00 40 00 00 00 00 00 00 00 E1 00 00
T$2D s1 f214 2D 87 73 00 40 00 00 00 00 00 00 00 E1 00 00
T$2D s1 f215 2D 87 72 00 40 00 00 00 00 00 00 00 E1 00 00
T$2D s1 f216 2D 87 71 00 40 00 00 00 00 00 00 00 E1 00 00
T$2D s1 f217 2D 87 70 00 40 00 00 00 00 00 00 00 E1 00 00
T$2D s1 f218 2D 87 6F 00 40 00 00 00 00 00 00 00 E1 00 00
T$2D s1 f219 2D 87 6E 00 40 00 00 00 00 00 00 00 E1 00 00
T$2D s1 f220 2D 87 6D 00 40 00 00 00 00 00 00 00 E1 00 00
T$2D s1 f221 2D 87 6C 00 40 00 00 00 00 00 00 00 E1 00 00
T$2D s1 f222 2D 87 6B 00 40 00 00 00 00 00 00 00 E1 00 00
T$2D s1 f223 2D 87 6A 00 40 00 00 00 00 00 00 00 E1 00 00
T$2D s1 f224 2D 87 69 00 40 00 00 00 00 00 00 00 E1 00 00
T$2D s1 f225 2D 87 68 00 40 00 00 00 00 00 00 00 E1 00 00
T$2D s1 f226 2D 87 67 00 40 00 00 00 00 00 00 00 E1 00 00
T$2D s1 f227 2D 87 66 00 40 00 00 00 00 00 00 00 E1 00 00
T$2D s1 f228 2D 87 65 00 40 00 00 00 00 00 00 00 E1 00 00
T$2D s1 f229 2D 87 64 00 40 00 00 00 00 00 00 00 E1 00 00
T$2D s1 f230 2D 87 63 00 40 00 00 00 00 00 00 00 E1 00 00
T$2D s1 f231 2D 87 62 00 40 00 00 00 00 00 00 00 E1 00 00
T$2D s1 f232 2D 87 61 00 40 00 00 00 00 00 00 00 E1 00 00
T$2D s1 f233 2D 87 60 00 40 00 00 00 00 00 00 00 E1 00 00
T$2D s1 f234 2D 87 5F 00 40 00 00 00 00 00 00 00 E1 00 00
T$2D s1 f235 2D 87 5E 00 40 00 00 00 00 00 00 00 E1 00 00
T$2D s1 f236 2D 87 5D 00 40 00 00 00 00 00 00 00 E1 00 00
T$2D s1 f237 2D 87 5C 00 40 00 00 00 00 00 00 00 E1 00 00
T$2D s1 f238 2D 87 5B 00 40 00 00 00 00 00 00 00 E1 00 00
T$2D s1 f239 2D 87 5A 00 40 00 00 00 00 00 00 00 E1 00 00
T$30 s1 f  0 30 80 78 00 20 00 00 03 00 00 00 00 E1 00 00
T$30 s1 f  1 30 80 78 00 20 00 00 02 00 00 00 00 E1 00 00
T$30 s1 f  2 30 80 78 00 20 00 00 01 00 00 00 00 E1 00 00
T$30 s1 f  3 30 80 78 00 20 00 00 06 00 00 00 00 E1 00 00
T$30 s1 f  4 30 80 78 00 20 00 00 05 00 00 00 00 E1 00 00
T$30 s1 f  5 30 80 78 00 20 00 00 04 00 00 00 00 E1 00 00
T$30 s1 f  6 30 80 78 00 20 00 00 03 00 00 00 00 E1 00 00
T$30 s1 f  7 30 80 78 00 20 00 00 02 00 00 00 00 E1 00 00
T$30 s1 f  8 30 80 78 00 20 00 00 01 00 00 00 00 E1 00 00
T$30 s1 f  9 30 80 78 00 20 00 00 06 00 00 00 00 E1 00 00
T$30 s1 f 10 30 80 78 00 20 00 00 05 00 00 00 00 E1 00 00
T$30 s1 f 11 30 81 78 00 20 00 00 04 00 00 00 00 E1 00 00
T$30 s1 f 12 30 81 78 00 20 00 00 03 00 00 00 00 E1 00 00
T$30 s1 f 13 30 82 78 00 20 00 00 02 00 00 00 00 E1 00 00
T$30 s1 f 14 30 82 78 00 20 00 00 01 00 00 00 00 E1 00 00
T$30 s1 f 15 30 83 78 00 20 00 00 00 00 00 00 00 E1 00 00
T$30 s1 f 16 30 83 78 00 20 00 00 00 00 00 00 00 E1 00 00
T$30 s1 f 17 30 84 78 00 20 00 00 00 00 00 00 00 E1 00 00
T$30 s1 f 18 30 84 78 00 20 00 00 00 00 00 00 00 E1 00 00
T$30 s1 f 19 30 85 78 00 20 00 00 00 00 00 00 00 E1 00 00
T$30 s1 f 20 30 85 78 00 20 00 00 00 00 00 00 00 E1 00 00
T$30 s1 f 21 30 86 78 00 20 00 00 00 00 00 00 00 E1 00 00
T$30 s1 f 22 30 86 78 00 20 00 00 00 00 00 00 00 E1 00 00
T$30 s1 f 23 30 87 78 00 20 00 00 00 00 00 00 00 E1 00 00
T$30 s1 f 24 30 87 78 00 20 00 00 00 00 00 00 00 E1 00 00
T$30 s1 f 25 30 88 78 00 20 00 00 00 00 00 00 00 E1 00 00
T$30 s1 f 26 30 88 78 00 20 00 00 00 00 00 00 00 E1 00 00
T$30 s1 f 27 30 89 78 00 20 00 00 00 00 00 00 00 E1 00 00
T$30 s1 f 28 30 89 78 00 20 00 00 00 00 00 00 00 E1 00 00
T$30 s1 f 29 30 8A 78 00 20 00 00 00 00 00 00 00 E1 00 00
T$30 s1 f 30 30 8A 78 00 20 00 00 00 00 00 00 00 E1 00 00
T$30 s1 f 31 30 8B 78 00 20 00 00 00 00 00 00 00 E1 00 00
T$30 s1 f 32 30 8B 78 00 20 00 00 00 00 00 00 00 E1 00 00
T$30 s1 f 33 30 8C 78 00 20 00 00 00 00 00 00 00 E1 00 00
T$30 s1 f 34 30 8C 78 00 20 00 00 00 00 00 00 00 E1 00 00
T$30 s1 f 35 30 8D 78 00 20 00 00 00 00 00 00 00 E1 00 00
T$30 s1 f 36 30 8D 78 00 20 00 00 00 00 00 00 00 E1 00 00
T$30 s1 f 37 30 8E 78 00 20 00 00 00 00 00 00 00 E1 00 00
T$30 s1 f 38 30 8E 78 00 20 00 00 00 00 00 00 00 E1 00 00
T$30 s1 f 39 30 8F 78 00 20 00 00 00 00 01 00 00 E1 00 00
T$30 s1 f 40 30 8E 78 00 20 00 00 00 00 01 00 00 E1 00 00
T$30 s1 f 41 30 8E 78 00 20 00 00 00 00 01 00 00 E1 00 00
T$30 s1 f 42 30 8D 78 00 20 00 00 00 00 01 00 00 E1 00 00
T$30 s1 f 43 30 8D 78 00 20 00 00 00 00 01 00 00 E1 00 00
T$30 s1 f 44 30 8C 78 00 20 00 00 00 00 01 00 00 E1 00 00
T$30 s1 f 45 30 8C 78 00 20 00 00 00 00 01 00 00 E1 00 00
T$30 s1 f 46 30 8B 78 00 20 00 00 00 00 01 00 00 E1 00 00
T$30 s1 f 47 30 8B 78 00 20 00 00 00 00 01 00 00 E1 00 00
T$30 s1 f 48 30 8A 78 00 20 00 00 00 00 01 00 00 E1 00 00
T$30 s1 f 49 30 8A 78 00 20 00 00 00 00 01 00 00 E1 00 00
T$30 s1 f 50 30 89 78 00 20 00 00 00 00 01 00 00 E1 00 00
T$30 s1 f 51 30 89 78 00 20 00 00 00 00 01 00 00 E1 00 00
T$30 s1 f 52 30 88 78 00 20 00 00 00 00 01 00 00 E1 00 00
T$30 s1 f 53 30 88 78 00 20 00 00 00 00 01 00 00 E1 00 00
T$30 s1 f 54 30 87 78 00 20 00 00 00 00 01 00 00 E1 00 00
T$30 s1 f 55 30 87 78 00 20 00 00 00 00 01 00 00 E1 00 00
T$30 s1 f 56 30 86 78 00 20 00 00 00 00 01 00 00 E1 00 00
T$30 s1 f 57 30 86 78 00 20 00 00 00 00 01 00 00 E1 00 00
T$30 s1 f 58 30 85 78 00 20 00 00 00 00 01 00 00 E1 00 00
T$30 s1 f 59 30 85 78 00 20 00 00 00 00 01 00 00 E1 00 00
T$30 s1 f 60 30 84 78 00 20 00 00 00 00 01 00 00 E1 00 00
T$30 s1 f 61 30 84 78 00 20 00 00 00 00 01 00 00 E1 00 00
T$30 s1 f 62 30 83 78 00 20 00 00 00 00 01 00 00 E1 00 00
T$30 s1 f 63 30 83 78 00 20 00 00 00 00 01 00 00 E1 00 00
T$30 s1 f 64 30 82 78 00 20 00 00 00 00 01 00 00 E1 00 00
T$30 s1 f 65 30 82 78 00 20 00 00 00 00 01 00 00 E1 00 00
T$30 s1 f 66 30 81 78 00 20 00 00 00 00 01 00 00 E1 00 00
T$30 s1 f 67 30 81 78 00 20 00 00 00 00 01 00 00 E1 00 00
T$30 s1 f 68 30 80 78 00 20 00 00 00 00 01 00 00 E1 00 00
T$30 s1 f 69 30 80 78 00 20 00 00 00 00 01 00 00 E1 00 00
T$30 s1 f 70 30 7F 78 00 20 00 00 00 00 01 00 00 E1 00 00
T$30 s1 f 71 30 7F 78 00 20 00 00 00 00 00 00 00 E1 00 00
T$30 s1 f 72 30 7F 77 00 20 00 00 00 00 00 00 00 E1 00 00
T$30 s1 f 73 30 7F 77 00 20 00 00 00 00 00 00 00 E1 00 00
T$30 s1 f 74 30 7F 76 00 20 00 00 00 00 00 00 00 E1 00 00
T$30 s1 f 75 30 7F 76 00 20 00 00 00 00 00 00 00 E1 00 00
T$30 s1 f 76 30 7F 75 00 20 00 00 00 00 00 00 00 E1 00 00
T$30 s1 f 77 30 7F 75 00 20 00 00 00 00 00 00 00 E1 00 00
T$30 s1 f 78 30 7F 74 00 20 00 00 00 00 00 00 00 E1 00 00
T$30 s1 f 79 30 7F 74 00 20 00 00 00 00 00 00 00 E1 00 00
T$30 s1 f 80 30 7F 73 00 20 00 00 00 00 00 00 00 E1 00 00
T$30 s1 f 81 30 7F 73 00 20 00 00 00 00 00 00 00 E1 00 00
T$30 s1 f 82 30 7F 72 00 20 00 00 00 00 00 00 00 E1 00 00
T$30 s1 f 83 30 7F 72 00 20 00 00 00 00 00 00 00 E1 00 00
T$30 s1 f 84 30 7F 71 00 20 00 00 00 00 00 00 00 E1 00 00
T$30 s1 f 85 30 7F 71 00 20 00 00 00 00 00 00 00 E1 00 00
T$30 s1 f 86 30 7F 70 00 20 00 00 00 00 00 00 00 E1 00 00
T$30 s1 f 87 30 7F 70 00 20 00 00 00 00 00 00 00 E1 00 00
T$30 s1 f 88 30 7F 6F 00 20 00 00 00 00 00 00 00 E1 00 00
T$30 s1 f 89 30 7F 6F 00 20 00 00 00 00 00 00 00 E1 00 00
T$30 s1 f 90 30 7F 6E 00 20 00 00 00 00 00 00 00 E1 00 00
T$30 s1 f 91 30 7F 6E 00 20 00 00 00 00 00 00 00 E1 00 00
T$30 s1 f 92 30 7F 6D 00 20 00 00 00 00 00 00 00 E1 00 00
T$30 s1 f 93 30 7F 6D 00 20 00 00 00 00 00 00 00 E1 00 00
T$30 s1 f 94 30 7F 6C 00 20 00 00 00 00 00 00 00 E1 00 00
T$30 s1 f 95 30 7F 6C 00 20 00 00 00 00 00 00 00 E1 00 00
T$30 s1 f 96 30 7F 6B 00 20 00 00 00 00 00 00 00 E1 00 00
T$30 s1 f 97 30 7F 6B 00 20 00 00 00 00 00 00 00 E1 00 00
T$30 s1 f 98 30 7F 6A 00 20 00 00 00 00 00 00 00 E1 00 00
T$30 s1 f 99 30 7F 6A 00 20 00 00 00 00 00 00 00 E1 00 00
T$30 s1 f100 30 7F 69 00 20 00 00 00 00 00 00 00 E1 00 00
T$30 s1 f101 30 7F 69 00 20 00 00 00 00 00 00 00 E1 00 00
T$30 s1 f102 30 7F 68 00 20 00 00 00 00 01 00 00 E1 00 00
T$30 s1 f103 30 7F 68 00 20 00 00 00 00 01 00 00 E1 00 00
T$30 s1 f104 30 7F 67 00 20 00 00 00 00 01 00 00 E1 00 00
T$30 s1 f105 30 7F 67 00 20 00 00 00 00 01 00 00 E1 00 00
T$30 s1 f106 30 7F 66 00 20 00 00 00 00 01 00 00 E1 00 00
T$30 s1 f107 30 7F 66 00 20 00 00 00 00 01 00 00 E1 00 00
T$30 s1 f108 30 7F 65 00 20 00 00 00 00 01 00 00 E1 00 00
T$30 s1 f109 30 7F 65 00 20 00 00 00 00 01 00 00 E1 00 00
T$30 s1 f110 30 7F 64 00 20 00 00 00 00 01 00 00 E1 00 00
T$30 s1 f111 30 7F 64 00 20 00 00 00 00 01 00 00 E1 00 00
T$30 s1 f112 30 7F 63 00 20 00 00 00 00 01 00 00 E1 00 00
T$30 s1 f113 30 7F 63 00 20 00 00 00 00 01 00 00 E1 00 00
T$30 s1 f114 30 7F 62 00 20 00 00 00 00 01 00 00 E1 00 00
T$30 s1 f115 30 7F 62 00 20 00 00 00 00 01 00 00 E1 00 00
T$30 s1 f116 30 7F 61 00 20 00 00 00 00 01 00 00 E1 00 00
T$30 s1 f117 30 7F 61 00 20 00 00 00 00 01 00 00 E1 00 00
T$30 s1 f118 30 7F 60 00 20 00 00 00 00 01 00 00 E1 00 00
T$30 s1 f119 30 7F 60 00 20 00 00 00 00 01 00 00 E1 00 00
T$30 s1 f120 30 7F 5F 00 20 00 00 00 00 01 00 00 E1 00 00
T$30 s1 f121 30 7F 5F 00 20 00 00 00 00 01 00 00 E1 00 00
T$30 s1 f122 30 7F 5E 00 20 00 00 00 00 01 00 00 E1 00 00
T$30 s1 f123 30 7F 5E 00 20 00 00 00 00 01 00 00 E1 00 00
T$30 s1 f124 30 7F 5D 00 20 00 00 00 00 01 00 00 E1 00 00
T$30 s1 f125 30 7F 5D 00 20 00 00 00 00 01 00 00 E1 00 00
T$30 s1 f126 30 7F 5C 00 20 00 00 00 00 01 00 00 E1 00 00
T$30 s1 f127 30 7F 5C 00 20 00 00 00 00 01 00 00 E1 00 00
T$30 s1 f128 30 7F 5B 00 20 00 00 00 00 01 00 00 E1 00 00
T$30 s1 f129 30 7F 5B 00 20 00 00 00 00 01 00 00 E1 00 00
T$30 s1 f130 30 7F 5A 00 20 00 00 00 00 01 00 00 E1 00 00
T$30 s1 f131 30 7F 5A 00 20 00 00 00 00 01 00 00 E1 00 00
T$30 s1 f132 30 7F 59 00 20 00 00 00 00 01 00 00 E1 00 00
T$30 s1 f133 30 7F 59 00 20 00 00 00 00 01 00 00 E1 00 00
T$30 s1 f134 30 7F 58 00 20 00 00 00 00 01 00 00 E1 00 00
T$30 s1 f135 30 80 58 00 20 00 00 00 00 01 00 00 E1 00 00
T$30 s1 f136 30 80 58 00 20 00 00 00 00 01 00 00 E1 00 00
T$30 s1 f137 30 81 58 00 20 00 00 00 00 01 00 00 E1 00 00
T$30 s1 f138 30 81 58 00 20 00 00 00 00 01 00 00 E1 00 00
T$30 s1 f139 30 82 58 00 20 00 00 00 00 01 00 00 E1 00 00
T$30 s1 f140 30 82 58 00 20 00 00 00 00 01 00 00 E1 00 00
T$30 s1 f141 30 83 58 00 20 00 00 00 00 01 00 00 E1 00 00
T$30 s1 f142 30 83 58 00 20 00 00 00 00 01 00 00 E1 00 00
T$30 s1 f143 30 84 58 00 20 00 00 00 00 01 00 00 E1 00 00
T$30 s1 f144 30 84 58 00 20 00 00 00 00 01 00 00 E1 00 00
T$30 s1 f145 30 85 58 00 20 00 00 00 00 01 00 00 E1 00 00
T$30 s1 f146 30 85 58 00 20 00 00 00 00 01 00 00 E1 00 00
T$30 s1 f147 30 86 58 00 20 00 00 00 00 01 00 00 E1 00 00
T$30 s1 f148 30 86 58 00 20 00 00 00 00 01 00 00 E1 00 00
T$30 s1 f149 30 87 58 00 20 00 00 00 00 01 00 00 E1 00 00
T$30 s1 f150 30 87 58 00 20 00 00 00 00 01 00 00 E1 00 00
T$30 s1 f151 30 88 58 00 20 00 00 00 00 01 00 00 E1 00 00
T$30 s1 f152 30 88 58 00 20 00 00 00 00 01 00 00 E1 00 00
T$30 s1 f153 30 89 58 00 20 00 00 00 00 01 00 00 E1 00 00
T$30 s1 f154 30 89 58 00 20 00 00 00 00 01 00 00 E1 00 00
T$30 s1 f155 30 8A 58 00 20 00 00 00 00 01 00 00 E1 00 00
T$30 s1 f156 30 8A 58 00 20 00 00 00 00 01 00 00 E1 00 00
T$30 s1 f157 30 8B 58 00 20 00 00 00 00 01 00 00 E1 00 00
T$30 s1 f158 30 8B 58 00 20 00 00 00 00 01 00 00 E1 00 00
T$30 s1 f159 30 8C 58 00 20 00 00 00 00 01 00 00 E1 00 00
T$30 s1 f160 30 8C 58 00 20 00 00 00 00 01 00 00 E1 00 00
T$30 s1 f161 30 8D 58 00 20 00 00 00 00 01 00 00 E1 00 00
T$30 s1 f162 30 8D 58 00 20 00 00 00 00 01 00 00 E1 00 00
T$30 s1 f163 30 8E 58 00 20 00 00 00 00 01 00 00 E1 00 00
T$30 s1 f164 30 8E 58 00 20 00 00 00 00 01 00 00 E1 00 00
T$30 s1 f165 30 8F 58 00 20 00 00 00 00 00 00 00 E1 00 00
T$30 s1 f166 30 8E 58 00 20 00 00 00 00 00 00 00 E1 00 00
T$30 s1 f167 30 8E 58 00 20 00 00 00 00 00 00 00 E1 00 00
T$30 s1 f168 30 8D 58 00 20 00 00 00 00 00 00 00 E1 00 00
T$30 s1 f169 30 8D 58 00 20 00 00 00 00 00 00 00 E1 00 00
T$30 s1 f170 30 8C 58 00 20 00 00 00 00 00 00 00 E1 00 00
T$30 s1 f171 30 8C 58 00 20 00 00 00 00 00 00 00 E1 00 00
T$30 s1 f172 30 8B 58 00 20 00 00 00 00 00 00 00 E1 00 00
T$30 s1 f173 30 8B 58 00 20 00 00 00 00 00 00 00 E1 00 00
T$30 s1 f174 30 8A 58 00 20 00 00 00 00 00 00 00 E1 00 00
T$30 s1 f175 30 8A 58 00 20 00 00 00 00 00 00 00 E1 00 00
T$30 s1 f176 30 89 58 00 20 00 00 00 00 00 00 00 E1 00 00
T$30 s1 f177 30 89 58 00 20 00 00 00 00 00 00 00 E1 00 00
T$30 s1 f178 30 88 58 00 20 00 00 00 00 00 00 00 E1 00 00
T$30 s1 f179 30 88 58 00 20 00 00 00 00 00 00 00 E1 00 00
T$30 s1 f180 30 87 58 00 20 00 00 00 00 00 00 00 E1 00 00
T$30 s1 f181 30 87 58 00 20 00 00 00 00 00 00 00 E1 00 00
T$30 s1 f182 30 86 58 00 20 00 00 00 00 00 00 00 E1 00 00
T$30 s1 f183 30 86 58 00 20 00 00 00 00 00 00 00 E1 00 00
T$30 s1 f184 30 85 58 00 20 00 00 00 00 00 00 00 E1 00 00
T$30 s1 f185 30 85 58 00 20 00 00 00 00 00 00 00 E1 00 00
T$30 s1 f186 30 84 58 00 20 00 00 00 00 00 00 00 E1 00 00
T$30 s1 f187 30 84 58 00 20 00 00 00 00 00 00 00 E1 00 00
T$30 s1 f188 30 83 58 00 20 00 00 00 00 00 00 00 E1 00 00
T$30 s1 f189 30 83 58 00 20 00 00 00 00 00 00 00 E1 00 00
T$30 s1 f190 30 82 58 00 20 00 00 00 00 00 00 00 E1 00 00
T$30 s1 f191 30 82 58 00 20 00 00 00 00 00 00 00 E1 00 00
T$30 s1 f192 30 81 58 00 20 00 00 00 00 00 00 00 E1 00 00
T$30 s1 f193 30 81 58 00 20 00 00 00 00 00 00 00 E1 00 00
T$30 s1 f194 30 80 58 00 20 00 00 00 00 00 00 00 E1 00 00
T$30 s1 f195 30 80 58 00 20 00 00 00 00 00 00 00 E1 00 00
T$30 s1 f196 30 7F 58 00 20 00 00 00 00 01 00 00 E1 00 00
T$30 s1 f197 30 7F 58 00 20 00 00 00 00 00 00 00 E1 00 00
T$30 s1 f198 30 7F 57 00 20 00 00 00 00 00 00 00 E1 00 00
T$30 s1 f199 30 7F 57 00 20 00 00 00 00 00 00 00 E1 00 00
T$30 s1 f200 30 7F 56 00 20 00 00 00 00 00 00 00 E1 00 00
T$30 s1 f201 30 7F 56 00 20 00 00 00 00 00 00 00 E1 00 00
T$30 s1 f202 30 7F 55 00 20 00 00 00 00 00 00 00 E1 00 00
T$30 s1 f203 30 7F 55 00 20 00 00 00 00 00 00 00 E1 00 00
T$30 s1 f204 30 7F 54 00 20 00 00 00 00 00 00 00 E1 00 00
T$30 s1 f205 30 7F 54 00 20 00 00 00 00 00 00 00 E1 00 00
T$30 s1 f206 30 7F 53 00 20 00 00 00 00 00 00 00 E1 00 00
T$30 s1 f207 30 7F 53 00 20 00 00 00 00 00 00 00 E1 00 00
T$30 s1 f208 30 7F 52 00 20 00 00 00 00 00 00 00 E1 00 00
T$30 s1 f209 30 7F 52 00 20 00 00 00 00 00 00 00 E1 00 00
T$30 s1 f210 30 7F 51 00 20 00 00 00 00 00 00 00 E1 00 00
T$30 s1 f211 30 7F 51 00 20 00 00 00 00 00 00 00 E1 00 00
T$30 s1 f212 30 7F 50 00 20 00 00 00 00 00 00 00 E1 00 00
T$30 s1 f213 30 7F 50 00 20 00 00 00 00 00 00 00 E1 00 00
T$30 s1 f214 30 7F 4F 00 20 00 00 00 00 00 00 00 E1 00 00
T$30 s1 f215 30 7F 4F 00 20 00 00 00 00 00 00 00 E1 00 00
T$30 s1 f216 30 7F 4E 00 20 00 00 00 00 00 00 00 E1 00 00
T$30 s1 f217 30 7F 4E 00 20 00 00 00 00 00 00 00 E1 00 00
T$30 s1 f218 30 7F 4D 00 20 00 00 00 00 00 00 00 E1 00 00
T$30 s1 f219 30 7F 4D 00 20 00 00 00 00 00 00 00 E1 00 00
T$30 s1 f220 30 7F 4D 00 20 00 00 00 00 00 00 00 E1 00 00
T$30 s1 f221 30 7F 4D 00 20 00 00 00 00 00 00 00 E1 00 00
T$30 s1 f222 30 7F 4D 00 20 00 00 00 00 00 00 00 E1 00 00
T$30 s1 f223 30 7F 4D 00 20 00 00 00 00 00 00 00 E1 00 00
T$30 s1 f224 30 7F 4D 00 20 00 00 00 00 00 00 00 E1 00 00
T$30 s1 f225 30 7F 4D 00 20 00 00 00 00 00 00 00 E1 00 00
T$30 s1 f226 30 7F 4D 00 20 00 00 00 00 00 00 00 E1 00 00
T$30 s1 f227 30 7F 4D 00 20 00 00 00 00 00 00 00 E1 00 00
T$30 s1 f228 30 7F 4D 00 20 00 00 00 00 00 00 00 E1 00 00
T$30 s1 f229 30 7F 4D 00 20 00 00 00 00 00 00 00 E1 00 00
T$30 s1 f230 30 7F 4D 00 20 00 00 00 00 00 00 00 E1 00 00
T$30 s1 f231 30 7F 4D 00 20 00 00 00 00 00 00 00 E1 00 00
T$30 s1 f232 30 7F 4D 00 20 00 00 00 00 00 00 00 E1 00 00
T$30 s1 f233 30 7F 4D 00 20 00 00 00 00 00 00 00 E1 00 00
T$30 s1 f234 30 7F 4D 00 20 00 00 00 00 00 00 00 E1 00 00
T$30 s1 f235 30 7F 4D 00 20 00 00 00 00 00 00 00 E1 00 00
T$30 s1 f236 30 7F 4D 00 20 00 00 00 00 00 00 00 E1 00 00
T$30 s1 f237 30 7F 4D 00 20 00 00 00 00 00 00 00 E1 00 00
T$30 s1 f238 30 7F 4D 00 20 00 00 00 00 00 00 00 E1 00 00
T$30 s1 f239 30 7F 4D 00 20 00 00 00 00 00 00 00 E1 00 00
T$3F s1 f  0 3F 80 78 00 20 00 00 03 00 00 00 00 E1 00 00
T$3F s1 f  1 3F 80 78 00 20 00 00 02 00 00 00 00 E1 00 00
T$3F s1 f  2 3F 80 78 00 20 00 00 01 00 00 00 00 E1 00 00
T$3F s1 f  3 3F 80 78 00 20 00 00 06 00 00 00 00 E1 00 00
T$3F s1 f  4 3F 80 78 00 20 00 00 05 00 00 00 00 E1 00 00
T$3F s1 f  5 3F 80 78 00 20 00 00 04 00 00 00 00 E1 00 00
T$3F s1 f  6 3F 80 78 00 20 00 00 03 00 00 00 00 E1 00 00
T$3F s1 f  7 3F 80 78 00 20 00 00 02 00 00 00 00 E1 00 00
T$3F s1 f  8 3F 80 78 00 20 00 00 01 00 00 00 00 E1 00 00
T$3F s1 f  9 3F 80 78 00 20 00 00 06 00 00 00 00 E1 00 00
T$3F s1 f 10 3F 80 78 00 20 00 00 05 00 00 00 00 E1 00 00
T$3F s1 f 11 3F 80 78 00 20 00 00 04 00 00 00 00 E1 00 00
T$3F s1 f 12 3F 80 78 00 20 00 00 03 00 00 00 00 E1 00 00
T$3F s1 f 13 3F 80 78 00 20 00 00 02 00 00 00 00 E1 00 00
T$3F s1 f 14 3F 80 78 00 20 00 00 01 00 00 00 00 E1 00 00
T$3F s1 f 15 3F 80 78 00 20 00 00 00 00 00 00 00 E1 00 00
T$3F s1 f 16 3F 80 78 00 20 00 00 00 00 00 00 00 E1 00 00
T$3F s1 f 17 3F 80 78 00 20 00 00 00 00 00 00 00 E1 00 00
T$3F s1 f 18 3F 80 78 00 20 00 00 00 00 00 00 00 E1 00 00
T$3F s1 f 19 3F 80 78 00 20 00 00 00 00 00 00 00 E1 00 00
T$3F s1 f 20 3F 80 78 00 20 00 00 00 00 00 00 00 E1 00 00
T$3F s1 f 21 3F 80 78 00 20 00 00 00 00 00 00 00 E1 00 00
T$3F s1 f 22 3F 80 78 00 20 00 00 00 00 00 00 00 E1 00 00
T$3F s1 f 23 3F 80 78 00 20 00 00 00 00 00 00 00 E1 00 00
T$3F s1 f 24 3F 80 78 00 20 00 00 00 00 00 00 00 E1 00 00
T$3F s1 f 25 3F 80 78 00 20 00 00 00 00 00 00 00 E1 00 00
T$3F s1 f 26 3F 80 78 00 20 00 00 00 00 00 00 00 E1 00 00
T$3F s1 f 27 3F 80 78 00 20 00 00 00 00 00 00 00 E1 00 00
T$3F s1 f 28 3F 80 78 00 20 00 00 00 00 00 00 00 E1 00 00
T$3F s1 f 29 3F 80 78 00 20 00 00 00 00 00 00 00 E1 00 00
T$3F s1 f 30 3F 80 78 00 20 00 00 00 00 00 00 00 E1 00 00
T$3F s1 f 31 3F 80 78 00 20 00 00 00 00 00 00 00 E1 00 00
T$3F s1 f 32 3F 80 78 00 20 00 00 00 00 00 00 00 E1 00 00
T$3F s1 f 33 3F 80 78 00 20 00 00 00 00 00 00 00 E1 00 00
T$3F s1 f 34 3F 80 78 00 20 00 00 00 00 00 00 00 E1 00 00
T$3F s1 f 35 3F 80 78 00 20 00 00 00 00 00 00 00 E1 00 00
T$3F s1 f 36 3F 80 78 00 20 00 00 00 00 00 00 00 E1 00 00
T$3F s1 f 37 3F 80 78 00 20 00 00 00 00 00 00 00 E1 00 00
T$3F s1 f 38 3F 80 78 00 20 00 00 00 00 00 00 00 E1 00 00
T$3F s1 f 39 3F 80 78 00 20 00 00 00 00 00 00 00 E1 00 00
T$3F s1 f 40 3F 80 78 00 20 00 00 00 00 00 00 00 E1 00 00
T$3F s1 f 41 3F 80 78 00 20 00 00 00 00 00 00 00 E1 00 00
T$3F s1 f 42 3F 80 78 00 20 00 00 00 00 00 00 00 E1 00 00
T$3F s1 f 43 3F 80 78 00 20 00 00 00 00 00 00 00 E1 00 00
T$3F s1 f 44 3F 80 78 00 20 00 00 00 00 00 00 00 E1 00 00
T$3F s1 f 45 3F 80 78 00 20 00 00 00 00 00 00 00 E1 00 00
T$3F s1 f 46 3F 80 78 00 20 00 00 00 00 00 00 00 E1 00 00
T$3F s1 f 47 3F 80 78 00 20 00 00 00 00 00 00 00 E1 00 00
T$3F s1 f 48 3F 80 78 00 20 00 00 00 00 00 00 00 E1 00 00
T$3F s1 f 49 3F 80 78 00 20 00 00 00 00 00 00 00 E1 00 00
T$3F s1 f 50 3F 80 78 00 20 00 00 00 00 00 00 00 E1 00 00
T$3F s1 f 51 3F 80 78 00 20 00 00 00 00 00 00 00 E1 00 00
T$3F s1 f 52 3F 80 78 00 20 00 00 00 00 00 00 00 E1 00 00
T$3F s1 f 53 3F 80 78 00 20 00 00 00 00 00 00 00 E1 00 00
T$3F s1 f 54 3F 80 78 00 20 00 00 00 00 00 00 00 E1 00 00
T$3F s1 f 55 3F 80 78 00 20 00 00 00 00 00 00 00 E1 00 00
T$3F s1 f 56 3F 80 78 00 20 00 00 00 00 00 00 00 E1 00 00
T$3F s1 f 57 3F 80 78 00 20 00 00 00 00 00 00 00 E1 00 00
T$3F s1 f 58 3F 80 78 00 20 00 00 00 00 00 00 00 E1 00 00
T$3F s1 f 59 3F 80 78 00 20 00 00 00 00 00 00 00 E1 00 00
T$3F s1 f 60 3F 80 78 00 20 00 00 00 00 00 00 00 E1 00 00
T$3F s1 f 61 3F 80 78 00 20 00 00 00 00 00 00 00 E1 00 00
T$3F s1 f 62 3F 80 78 00 20 00 00 00 00 00 00 00 E1 00 00
T$3F s1 f 63 3F 80 78 00 20 00 00 00 00 00 00 00 E1 00 00
T$3F s1 f 64 3F 80 78 00 20 00 00 00 00 00 00 00 E1 00 00
T$3F s1 f 65 3F 80 78 00 20 00 00 00 00 00 00 00 E1 00 00
T$3F s1 f 66 3F 80 78 00 20 00 00 00 00 00 00 00 E1 00 00
T$3F s1 f 67 3F 80 78 00 20 00 00 00 00 00 00 00 E1 00 00
T$3F s1 f 68 3F 80 78 00 20 00 00 00 00 00 00 00 E1 00 00
T$3F s1 f 69 3F 80 78 00 20 00 00 00 00 00 00 00 E1 00 00
T$3F s1 f 70 3F 80 78 00 20 00 00 00 00 00 00 00 E1 00 00
T$3F s1 f 71 3F 80 78 00 20 00 00 00 00 00 00 00 E1 00 00
T$3F s1 f 72 3F 80 78 00 20 00 00 00 00 00 00 00 E1 00 00
T$3F s1 f 73 3F 80 78 00 20 00 00 00 00 00 00 00 E1 00 00
T$3F s1 f 74 3F 80 78 00 20 00 00 00 00 00 00 00 E1 00 00
T$3F s1 f 75 3F 80 78 00 20 00 00 00 00 00 00 00 E1 00 00
T$3F s1 f 76 3F 80 78 00 20 00 00 00 00 00 00 00 E1 00 00
T$3F s1 f 77 3F 80 78 00 20 00 00 00 00 00 00 00 E1 00 00
T$3F s1 f 78 3F 80 78 00 20 00 00 00 00 00 00 00 E1 00 00
T$3F s1 f 79 3F 80 78 00 20 00 00 00 00 00 00 00 E1 00 00
T$3F s1 f 80 3F 80 78 00 20 00 00 00 00 00 00 00 E1 00 00
T$3F s1 f 81 3F 80 78 00 20 00 00 00 00 00 00 00 E1 00 00
T$3F s1 f 82 3F 80 78 00 20 00 00 00 00 00 00 00 E1 00 00
T$3F s1 f 83 3F 80 78 00 20 00 00 00 00 00 00 00 E1 00 00
T$3F s1 f 84 3F 80 78 00 20 00 00 00 00 00 00 00 E1 00 00
T$3F s1 f 85 3F 80 78 00 20 00 00 00 00 00 00 00 E1 00 00
T$3F s1 f 86 3F 80 78 00 20 00 00 00 00 00 00 00 E1 00 00
T$3F s1 f 87 3F 80 78 00 20 00 00 00 00 00 00 00 E1 00 00
T$3F s1 f 88 3F 80 78 00 20 00 00 00 00 00 00 00 E1 00 00
T$3F s1 f 89 3F 80 78 00 20 00 00 00 00 00 00 00 E1 00 00
T$3F s1 f 90 3F 80 78 00 20 00 00 00 00 00 00 00 E1 00 00
T$3F s1 f 91 3F 80 78 00 20 00 00 00 00 00 00 00 E1 00 00
T$3F s1 f 92 3F 80 78 00 20 00 00 00 00 00 00 00 E1 00 00
T$3F s1 f 93 3F 80 78 00 20 00 00 00 00 00 00 00 E1 00 00
T$3F s1 f 94 3F 80 78 00 20 00 00 00 00 00 00 00 E1 00 00
T$3F s1 f 95 3F 80 78 00 20 00 00 00 00 00 00 00 E1 00 00
T$3F s1 f 96 3F 80 78 00 20 00 00 00 00 00 00 00 E1 00 00
T$3F s1 f 97 3F 80 78 00 20 00 00 00 00 00 00 00 E1 00 00
T$3F s1 f 98 3F 80 78 00 20 00 00 00 00 00 00 00 E1 00 00
T$3F s1 f 99 3F 80 78 00 20 00 00 00 00 00 00 00 E1 00 00
T$3F s1 f100 3F 80 78 00 20 00 00 00 00 00 00 00 E1 00 00
T$3F s1 f101 3F 80 78 00 20 00 00 00 00 00 00 00 E1 00 00
T$3F s1 f102 3F 80 78 00 20 00 00 00 00 00 00 00 E1 00 00
T$3F s1 f103 3F 80 78 00 20 00 00 00 00 00 00 00 E1 00 00
T$3F s1 f104 3F 80 78 00 20 00 00 00 00 00 00 00 E1 00 00
T$3F s1 f105 3F 80 78 00 20 00 00 00 00 00 00 00 E1 00 00
T$3F s1 f106 3F 80 78 00 20 00 00 00 00 00 00 00 E1 00 00
T$3F s1 f107 3F 80 78 00 20 00 00 00 00 00 00 00 E1 00 00
T$3F s1 f108 3F 80 78 00 20 00 00 00 00 00 00 00 E1 00 00
T$3F s1 f109 3F 80 78 00 20 00 00 00 00 00 00 00 E1 00 00
T$3F s1 f110 3F 80 78 00 20 00 00 00 00 00 00 00 E1 00 00
T$3F s1 f111 3F 80 78 00 20 00 00 00 00 00 00 00 E1 00 00
T$3F s1 f112 3F 80 78 00 20 00 00 00 00 00 00 00 E1 00 00
T$3F s1 f113 3F 80 78 00 20 00 00 00 00 00 00 00 E1 00 00
T$3F s1 f114 3F 80 78 00 20 00 00 00 00 00 00 00 E1 00 00
T$3F s1 f115 3F 80 78 00 20 00 00 00 00 00 00 00 E1 00 00
T$3F s1 f116 3F 80 78 00 20 00 00 00 00 00 00 00 E1 00 00
T$3F s1 f117 3F 80 78 00 20 00 00 00 00 00 00 00 E1 00 00
T$3F s1 f118 3F 80 78 00 20 00 00 00 00 00 00 00 E1 00 00
T$3F s1 f119 3F 80 78 00 20 00 00 00 00 00 00 00 E1 00 00
T$3F s1 f120 3F 80 78 00 20 00 00 00 00 00 00 00 E1 00 00
T$3F s1 f121 3F 80 78 00 20 00 00 00 00 00 00 00 E1 00 00
T$3F s1 f122 3F 80 78 00 20 00 00 00 00 00 00 00 E1 00 00
T$3F s1 f123 3F 80 78 00 20 00 00 00 00 00 00 00 E1 00 00
T$3F s1 f124 3F 80 78 00 20 00 00 00 00 00 00 00 E1 00 00
T$3F s1 f125 3F 80 78 00 20 00 00 00 00 00 00 00 E1 00 00
T$3F s1 f126 3F 80 78 00 20 00 00 00 00 00 00 00 E1 00 00
T$3F s1 f127 3F 80 78 00 20 00 00 00 00 00 00 00 E1 00 00
T$3F s1 f128 3F 80 78 00 20 00 00 00 00 00 00 00 E1 00 00
T$3F s1 f129 3F 80 78 00 20 00 00 00 00 00 00 00 E1 00 00
T$3F s1 f130 3F 80 78 00 20 00 00 00 00 00 00 00 E1 00 00
T$3F s1 f131 3F 80 78 00 20 00 00 00 00 00 00 00 E1 00 00
T$3F s1 f132 3F 80 78 00 20 00 00 00 00 00 00 00 E1 00 00
T$3F s1 f133 3F 80 78 00 20 00 00 00 00 00 00 00 E1 00 00
T$3F s1 f134 3F 80 78 00 20 00 00 00 00 00 00 00 E1 00 00
T$3F s1 f135 3F 80 78 00 20 00 00 00 00 00 00 00 E1 00 00
T$3F s1 f136 3F 80 78 00 20 00 00 00 00 00 00 00 E1 00 00
T$3F s1 f137 3F 80 78 00 20 00 00 00 00 00 00 00 E1 00 00
T$3F s1 f138 3F 80 78 00 20 00 00 00 00 00 00 00 E1 00 00
T$3F s1 f139 3F 80 78 00 20 00 00 00 00 00 00 00 E1 00 00
T$3F s1 f140 3F 80 78 00 20 00 00 00 00 00 00 00 E1 00 00
T$3F s1 f141 3F 80 78 00 20 00 00 00 00 00 00 00 E1 00 00
T$3F s1 f142 3F 80 78 00 20 00 00 00 00 00 00 00 E1 00 00
T$3F s1 f143 3F 80 78 00 20 00 00 00 00 00 00 00 E1 00 00
T$3F s1 f144 3F 80 78 00 20 00 00 00 00 00 00 00 E1 00 00
T$3F s1 f145 3F 80 78 00 20 00 00 00 00 00 00 00 E1 00 00
T$3F s1 f146 3F 80 78 00 20 00 00 00 00 00 00 00 E1 00 00
T$3F s1 f147 3F 80 78 00 20 00 00 00 00 00 00 00 E1 00 00
T$3F s1 f148 3F 80 78 00 20 00 00 00 00 00 00 00 E1 00 00
T$3F s1 f149 3F 80 78 00 20 00 00 00 00 00 00 00 E1 00 00
T$3F s1 f150 3F 80 78 00 20 00 00 00 00 00 00 00 E1 00 00
T$3F s1 f151 3F 80 78 00 20 00 00 00 00 00 00 00 E1 00 00
T$3F s1 f152 3F 80 78 00 20 00 00 00 00 00 00 00 E1 00 00
T$3F s1 f153 3F 80 78 00 20 00 00 00 00 00 00 00 E1 00 00
T$3F s1 f154 3F 80 78 00 20 00 00 00 00 00 00 00 E1 00 00
T$3F s1 f155 3F 80 78 00 20 00 00 00 00 00 00 00 E1 00 00
T$3F s1 f156 3F 80 78 00 20 00 00 00 00 00 00 00 E1 00 00
T$3F s1 f157 3F 80 78 00 20 00 00 00 00 00 00 00 E1 00 00
T$3F s1 f158 3F 80 78 00 20 00 00 00 00 00 00 00 E1 00 00
T$3F s1 f159 3F 80 78 00 20 00 00 00 00 00 00 00 E1 00 00
T$3F s1 f160 3F 80 78 00 20 00 00 00 00 00 00 00 E1 00 00
T$3F s1 f161 3F 80 78 00 20 00 00 00 00 00 00 00 E1 00 00
T$3F s1 f162 3F 80 78 00 20 00 00 00 00 00 00 00 E1 00 00
T$3F s1 f163 3F 80 78 00 20 00 00 00 00 00 00 00 E1 00 00
T$3F s1 f164 3F 80 78 00 20 00 00 00 00 00 00 00 E1 00 00
T$3F s1 f165 3F 80 78 00 20 00 00 00 00 00 00 00 E1 00 00
T$3F s1 f166 3F 80 78 00 20 00 00 00 00 00 00 00 E1 00 00
T$3F s1 f167 3F 80 78 00 20 00 00 00 00 00 00 00 E1 00 00
T$3F s1 f168 3F 80 78 00 20 00 00 00 00 00 00 00 E1 00 00
T$3F s1 f169 3F 80 78 00 20 00 00 00 00 00 00 00 E1 00 00
T$3F s1 f170 3F 80 78 00 20 00 00 00 00 00 00 00 E1 00 00
T$3F s1 f171 3F 80 78 00 20 00 00 00 00 00 00 00 E1 00 00
T$3F s1 f172 3F 80 78 00 20 00 00 00 00 00 00 00 E1 00 00
T$3F s1 f173 3F 80 78 00 20 00 00 00 00 00 00 00 E1 00 00
T$3F s1 f174 3F 80 78 00 20 00 00 00 00 00 00 00 E1 00 00
T$3F s1 f175 3F 80 78 00 20 00 00 00 00 00 00 00 E1 00 00
T$3F s1 f176 3F 80 78 00 20 00 00 00 00 00 00 00 E1 00 00
T$3F s1 f177 3F 80 78 00 20 00 00 00 00 00 00 00 E1 00 00
T$3F s1 f178 3F 80 78 00 20 00 00 00 00 00 00 00 E1 00 00
T$3F s1 f179 3F 80 78 00 20 00 00 00 00 00 00 00 E1 00 00
T$3F s1 f180 3F 80 78 00 20 00 00 00 00 00 00 00 E1 00 00
T$3F s1 f181 3F 80 78 00 20 00 00 00 00 00 00 00 E1 00 00
T$3F s1 f182 3F 80 78 00 20 00 00 00 00 00 00 00 E1 00 00
T$3F s1 f183 3F 80 78 00 20 00 00 00 00 00 00 00 E1 00 00
T$3F s1 f184 3F 80 78 00 20 00 00 00 00 00 00 00 E1 00 00
T$3F s1 f185 3F 80 78 00 20 00 00 00 00 00 00 00 E1 00 00
T$3F s1 f186 3F 80 78 00 20 00 00 00 00 00 00 00 E1 00 00
T$3F s1 f187 3F 80 78 00 20 00 00 00 00 00 00 00 E1 00 00
T$3F s1 f188 3F 80 78 00 20 00 00 00 00 00 00 00 E1 00 00
T$3F s1 f189 3F 80 78 00 20 00 00 00 00 00 00 00 E1 00 00
T$3F s1 f190 3F 80 78 00 20 00 00 00 00 00 00 00 E1 00 00
T$3F s1 f191 3F 80 78 00 20 00 00 00 00 00 00 00 E1 00 00
T$3F s1 f192 3F 80 78 00 20 00 00 00 00 00 00 00 E1 00 00
T$3F s1 f193 3F 80 78 00 20 00 00 00 00 00 00 00 E1 00 00
T$3F s1 f194 3F 80 78 00 20 00 00 00 00 00 00 00 E1 00 00
T$3F s1 f195 3F 80 78 00 20 00 00 00 00 00 00 00 E1 00 00
T$3F s1 f196 3F 80 78 00 20 00 00 00 00 00 00 00 E1 00 00
T$3F s1 f197 3F 80 78 00 20 00 00 00 00 00 00 00 E1 00 00
T$3F s1 f198 3F 80 78 00 20 00 00 00 00 00 00 00 E1 00 00
T$3F s1 f199 3F 80 78 00 20 00 00 00 00 00 00 00 E1 00 00
T$3F s1 f200 3F 80 78 00 20 00 00 00 00 00 00 00 E1 00 00
T$3F s1 f201 3F 80 78 00 20 00 00 00 00 00 00 00 E1 00 00
T$3F s1 f202 3F 80 78 00 20 00 00 00 00 00 00 00 E1 00 00
T$3F s1 f203 3F 80 78 00 20 00 00 00 00 00 00 00 E1 00 00
T$3F s1 f204 3F 80 78 00 20 00 00 00 00 00 00 00 E1 00 00
T$3F s1 f205 3F 80 78 00 20 00 00 00 00 00 00 00 E1 00 00
T$3F s1 f206 3F 80 78 00 20 00 00 00 00 00 00 00 E1 00 00
T$3F s1 f207 3F 80 78 00 20 00 00 00 00 00 00 00 E1 00 00
T$3F s1 f208 3F 80 78 00 20 00 00 00 00 00 00 00 E1 00 00
T$3F s1 f209 3F 80 78 00 20 00 00 00 00 00 00 00 E1 00 00
T$3F s1 f210 3F 80 78 00 20 00 00 00 00 00 00 00 E1 00 00
T$3F s1 f211 3F 80 78 00 20 00 00 00 00 00 00 00 E1 00 00
T$3F s1 f212 3F 80 78 00 20 00 00 00 00 00 00 00 E1 00 00
T$3F s1 f213 3F 80 78 00 20 00 00 00 00 00 00 00 E1 00 00
T$3F s1 f214 3F 80 78 00 20 00 00 00 00 00 00 00 E1 00 00
T$3F s1 f215 3F 80 78 00 20 00 00 00 00 00 00 00 E1 00 00
T$3F s1 f216 3F 80 78 00 20 00 00 00 00 00 00 00 E1 00 00
T$3F s1 f217 3F 80 78 00 20 00 00 00 00 00 00 00 E1 00 00
T$3F s1 f218 3F 80 78 00 20 00 00 00 00 00 00 00 E1 00 00
T$3F s1 f219 3F 80 78 00 20 00 00 00 00 00 00 00 E1 00 00
T$3F s1 f220 3F 80 78 00 20 00 00 00 00 00 00 00 E1 00 00
T$3F s1 f221 3F 80 78 00 20 00 00 00 00 00 00 00 E1 00 00
T$3F s1 f222 3F 80 78 00 20 00 00 00 00 00 00 00 E1 00 00
T$3F s1 f223 3F 80 78 00 20 00 00 00 00 00 00 00 E1 00 00
T$3F s1 f224 3F 80 78 00 20 00 00 00 00 00 00 00 E1 00 00
T$3F s1 f225 3F 80 78 00 20 00 00 00 00 00 00 00 E1 00 00
T$3F s1 f226 3F 80 78 00 20 00 00 00 00 00 00 00 E1 00 00
T$3F s1 f227 3F 80 78 00 20 00 00 00 00 00 00 00 E1 00 00
T$3F s1 f228 3F 80 78 00 20 00 00 00 00 00 00 00 E1 00 00
T$3F s1 f229 3F 80 78 00 20 00 00 00 00 00 00 00 E1 00 00
T$3F s1 f230 3F 80 78 00 20 00 00 00 00 00 00 00 E1 00 00
T$3F s1 f231 3F 80 78 00 20 00 00 00 00 00 00 00 E1 00 00
T$3F s1 f232 3F 80 78 00 20 00 00 00 00 00 00 00 E1 00 00
T$3F s1 f233 3F 80 78 00 20 00 00 00 00 00 00 00 E1 00 00
T$3F s1 f234 3F 80 78 00 20 00 00 00 00 00 00 00 E1 00 00
T$3F s1 f235 3F 80 78 00 20 00 00 00 00 00 00 00 E1 00 00
T$3F s1 f236 3F 80 78 00 20 00 00 00 00 00 00 00 E1 00 00
T$3F s1 f237 3F 80 78 00 20 00 00 00 00 00 00 00 E1 00 00
T$3F s1 f238 3F 80 78 00 20 00 00 00 00 00 00 00 E1 00 00
T$3F s1 f239 3F 80 78 00 20 00 00 00 00 00 00 00 E1 00 00
T$40 s1 f  0 40 80 78 00 20 00 00 03 00 00 00 00 E1 00 00
T$40 s1 f  1 40 80 78 00 20 00 00 02 00 00 00 00 E1 00 00
T$40 s1 f  2 40 80 78 00 20 00 00 01 00 00 00 00 E1 00 00
T$40 s1 f  3 40 80 78 00 20 00 00 06 00 00 00 00 E1 00 00
T$40 s1 f  4 40 80 78 00 20 00 00 05 00 00 00 00 E1 00 00
T$40 s1 f  5 40 80 78 00 20 00 00 04 00 00 00 00 E1 00 00
T$40 s1 f  6 40 80 78 00 20 00 00 03 00 00 00 00 E1 00 00
T$40 s1 f  7 40 80 78 00 20 00 00 02 00 00 00 00 E1 00 00
T$40 s1 f  8 40 80 78 00 20 00 00 01 00 00 00 00 E1 00 00
T$40 s1 f  9 40 80 78 00 20 00 00 06 00 00 00 00 E1 00 00
T$40 s1 f 10 40 80 78 00 20 00 00 05 00 00 00 00 E1 00 00
T$40 s1 f 11 40 80 78 00 20 00 00 04 00 00 00 00 E1 00 00
T$40 s1 f 12 40 80 78 00 20 00 00 03 00 00 00 00 E1 00 00
T$40 s1 f 13 40 80 78 00 20 00 00 02 00 00 00 00 E1 00 00
T$40 s1 f 14 40 80 78 00 20 00 00 01 00 00 00 00 E1 00 00
T$40 s1 f 15 40 80 78 00 20 00 00 00 00 00 00 00 E1 00 00
T$40 s1 f 16 40 80 78 00 20 00 00 00 00 00 00 00 E1 00 00
T$40 s1 f 17 40 80 78 00 20 00 00 00 00 00 00 00 E1 00 00
T$40 s1 f 18 40 80 78 00 20 00 00 00 00 00 00 00 E1 00 00
T$40 s1 f 19 40 80 78 00 20 00 00 00 00 00 00 00 E1 00 00
T$40 s1 f 20 40 80 78 00 20 00 00 00 00 00 00 00 E1 00 00
T$40 s1 f 21 40 80 78 00 20 00 00 00 00 00 00 00 E1 00 00
T$40 s1 f 22 40 80 78 00 20 00 00 00 00 00 00 00 E1 00 00
T$40 s1 f 23 40 80 78 00 20 00 00 00 00 00 00 00 E1 00 00
T$40 s1 f 24 40 80 78 00 20 00 00 00 00 00 00 00 E1 00 00
T$40 s1 f 25 40 80 78 00 20 00 00 00 00 00 00 00 E1 00 00
T$40 s1 f 26 40 80 78 00 20 00 00 00 00 00 00 00 E1 00 00
T$40 s1 f 27 40 80 78 00 20 00 00 00 00 00 00 00 E1 00 00
T$40 s1 f 28 40 80 78 00 20 00 00 00 00 00 00 00 E1 00 00
T$40 s1 f 29 40 80 78 00 20 00 00 00 00 00 00 00 E1 00 00
T$40 s1 f 30 40 80 78 00 20 00 00 00 00 00 00 00 E1 00 00
T$40 s1 f 31 40 80 78 00 20 00 00 00 00 00 00 00 E1 00 00
T$40 s1 f 32 40 80 78 00 20 00 00 00 00 00 00 00 E1 00 00
T$40 s1 f 33 40 80 78 00 20 00 00 00 00 00 00 00 E1 00 00
T$40 s1 f 34 40 80 78 00 20 00 00 00 00 00 00 00 E1 00 00
T$40 s1 f 35 40 80 78 00 20 00 00 00 00 00 00 00 E1 00 00
T$40 s1 f 36 40 80 78 00 20 00 00 00 00 00 00 00 E1 00 00
T$40 s1 f 37 40 80 78 00 20 00 00 00 00 00 00 00 E1 00 00
T$40 s1 f 38 40 80 78 00 20 00 00 00 00 00 00 00 E1 00 00
T$40 s1 f 39 40 80 78 00 20 00 00 00 00 00 00 00 E1 00 00
T$40 s1 f 40 40 80 78 00 20 00 00 00 00 00 00 00 E1 00 00
T$40 s1 f 41 40 80 78 00 20 00 00 00 00 00 00 00 E1 00 00
T$40 s1 f 42 40 80 78 00 20 00 00 00 00 00 00 00 E1 00 00
T$40 s1 f 43 40 80 78 00 20 00 00 00 00 00 00 00 E1 00 00
T$40 s1 f 44 40 80 78 00 20 00 00 00 00 00 00 00 E1 00 00
T$40 s1 f 45 40 80 78 00 20 00 00 00 00 00 00 00 E1 00 00
T$40 s1 f 46 40 80 78 00 20 00 00 00 00 00 00 00 E1 00 00
T$40 s1 f 47 40 80 78 00 20 00 00 00 00 00 00 00 E1 00 00
T$40 s1 f 48 40 80 78 00 20 00 00 00 00 00 00 00 E1 00 00
T$40 s1 f 49 40 80 78 00 20 00 00 00 00 00 00 00 E1 00 00
T$40 s1 f 50 40 80 78 00 20 00 00 00 00 00 00 00 E1 00 00
T$40 s1 f 51 40 80 78 00 20 00 00 00 00 00 00 00 E1 00 00
T$40 s1 f 52 40 80 78 00 20 00 00 00 00 00 00 00 E1 00 00
T$40 s1 f 53 40 80 78 00 20 00 00 00 00 00 00 00 E1 00 00
T$40 s1 f 54 40 80 78 00 20 00 00 00 00 00 00 00 E1 00 00
T$40 s1 f 55 40 80 78 00 20 00 00 00 00 00 00 00 E1 00 00
T$40 s1 f 56 40 80 78 00 20 00 00 00 00 00 00 00 E1 00 00
T$40 s1 f 57 40 80 78 00 20 00 00 00 00 00 00 00 E1 00 00
T$40 s1 f 58 40 80 78 00 20 00 00 00 00 00 00 00 E1 00 00
T$40 s1 f 59 40 80 78 00 20 00 00 00 00 00 00 00 E1 00 00
T$40 s1 f 60 40 80 78 00 20 00 00 00 00 00 00 00 E1 00 00
T$40 s1 f 61 40 80 78 00 20 00 00 00 00 00 00 00 E1 00 00
T$40 s1 f 62 40 80 78 00 20 00 00 00 00 00 00 00 E1 00 00
T$40 s1 f 63 40 80 78 00 20 00 00 00 00 00 00 00 E1 00 00
T$40 s1 f 64 40 80 78 00 20 00 00 00 00 00 00 00 E1 00 00
T$40 s1 f 65 40 80 78 00 20 00 00 00 00 00 00 00 E1 00 00
T$40 s1 f 66 40 80 78 00 20 00 00 00 00 00 00 00 E1 00 00
T$40 s1 f 67 40 80 78 00 20 00 00 00 00 00 00 00 E1 00 00
T$40 s1 f 68 40 80 78 00 20 00 00 00 00 00 00 00 E1 00 00
T$40 s1 f 69 40 80 78 00 20 00 00 00 00 00 00 00 E1 00 00
T$40 s1 f 70 40 80 78 00 20 00 00 00 00 00 00 00 E1 00 00
T$40 s1 f 71 40 80 78 00 20 00 00 00 00 00 00 00 E1 00 00
T$40 s1 f 72 40 80 78 00 20 00 00 00 00 00 00 00 E1 00 00
T$40 s1 f 73 40 80 78 00 20 00 00 00 00 00 00 00 E1 00 00
T$40 s1 f 74 40 80 78 00 20 00 00 00 00 00 00 00 E1 00 00
T$40 s1 f 75 40 80 78 00 20 00 00 00 00 00 00 00 E1 00 00
T$40 s1 f 76 40 80 78 00 20 00 00 00 00 00 00 00 E1 00 00
T$40 s1 f 77 40 80 78 00 20 00 00 00 00 00 00 00 E1 00 00
T$40 s1 f 78 40 80 78 00 20 00 00 00 00 00 00 00 E1 00 00
T$40 s1 f 79 40 80 78 00 20 00 00 00 00 00 00 00 E1 00 00
T$40 s1 f 80 40 80 78 00 20 00 00 00 00 00 00 00 E1 00 00
T$40 s1 f 81 40 80 78 00 20 00 00 00 00 00 00 00 E1 00 00
T$40 s1 f 82 40 80 78 00 20 00 00 00 00 00 00 00 E1 00 00
T$40 s1 f 83 40 80 78 00 20 00 00 00 00 00 00 00 E1 00 00
T$40 s1 f 84 40 80 78 00 20 00 00 00 00 00 00 00 E1 00 00
T$40 s1 f 85 40 80 78 00 20 00 00 00 00 00 00 00 E1 00 00
T$40 s1 f 86 40 80 78 00 20 00 00 00 00 00 00 00 E1 00 00
T$40 s1 f 87 40 80 78 00 20 00 00 00 00 00 00 00 E1 00 00
T$40 s1 f 88 40 80 78 00 20 00 00 00 00 00 00 00 E1 00 00
T$40 s1 f 89 40 80 78 00 20 00 00 00 00 00 00 00 E1 00 00
T$40 s1 f 90 40 80 78 00 20 00 00 00 00 00 00 00 E1 00 00
T$40 s1 f 91 40 80 78 00 20 00 00 00 00 00 00 00 E1 00 00
T$40 s1 f 92 40 80 78 00 20 00 00 00 00 00 00 00 E1 00 00
T$40 s1 f 93 40 80 78 00 20 00 00 00 00 00 00 00 E1 00 00
T$40 s1 f 94 40 80 78 00 20 00 00 00 00 00 00 00 E1 00 00
T$40 s1 f 95 40 80 78 00 20 00 00 00 00 00 00 00 E1 00 00
T$40 s1 f 96 40 80 78 00 20 00 00 00 00 00 00 00 E1 00 00
T$40 s1 f 97 40 80 78 00 20 00 00 00 00 00 00 00 E1 00 00
T$40 s1 f 98 40 80 78 00 20 00 00 00 00 00 00 00 E1 00 00
T$40 s1 f 99 40 80 78 00 20 00 00 00 00 00 00 00 E1 00 00
T$40 s1 f100 40 80 78 00 20 00 00 00 00 00 00 00 E1 00 00
T$40 s1 f101 40 80 78 00 20 00 00 00 00 00 00 00 E1 00 00
T$40 s1 f102 40 80 78 00 20 00 00 00 00 00 00 00 E1 00 00
T$40 s1 f103 40 80 78 00 20 00 00 00 00 00 00 00 E1 00 00
T$40 s1 f104 40 80 78 00 20 00 00 00 00 00 00 00 E1 00 00
T$40 s1 f105 40 80 78 00 20 00 00 00 00 00 00 00 E1 00 00
T$40 s1 f106 40 80 78 00 20 00 00 00 00 00 00 00 E1 00 00
T$40 s1 f107 40 80 78 00 20 00 00 00 00 00 00 00 E1 00 00
T$40 s1 f108 40 80 78 00 20 00 00 00 00 00 00 00 E1 00 00
T$40 s1 f109 40 80 78 00 20 00 00 00 00 00 00 00 E1 00 00
T$40 s1 f110 40 80 78 00 20 00 00 00 00 00 00 00 E1 00 00
T$40 s1 f111 40 80 78 00 20 00 00 00 00 00 00 00 E1 00 00
T$40 s1 f112 40 80 78 00 20 00 00 00 00 00 00 00 E1 00 00
T$40 s1 f113 40 80 78 00 20 00 00 00 00 00 00 00 E1 00 00
T$40 s1 f114 40 80 78 00 20 00 00 00 00 00 00 00 E1 00 00
T$40 s1 f115 40 80 78 00 20 00 00 00 00 00 00 00 E1 00 00
T$40 s1 f116 40 80 78 00 20 00 00 00 00 00 00 00 E1 00 00
T$40 s1 f117 40 80 78 00 20 00 00 00 00 00 00 00 E1 00 00
T$40 s1 f118 40 80 78 00 20 00 00 00 00 00 00 00 E1 00 00
T$40 s1 f119 40 80 78 00 20 00 00 00 00 00 00 00 E1 00 00
T$40 s1 f120 40 80 78 00 20 00 00 00 00 00 00 00 E1 00 00
T$40 s1 f121 40 80 78 00 20 00 00 00 00 00 00 00 E1 00 00
T$40 s1 f122 40 80 78 00 20 00 00 00 00 00 00 00 E1 00 00
T$40 s1 f123 40 80 78 00 20 00 00 00 00 00 00 00 E1 00 00
T$40 s1 f124 40 80 78 00 20 00 00 00 00 00 00 00 E1 00 00
T$40 s1 f125 40 80 78 00 20 00 00 00 00 00 00 00 E1 00 00
T$40 s1 f126 40 80 78 00 20 00 00 00 00 00 00 00 E1 00 00
T$40 s1 f127 40 80 78 00 20 00 00 00 00 00 00 00 E1 00 00
T$40 s1 f128 40 80 78 00 20 00 00 00 00 00 00 00 E1 00 00
T$40 s1 f129 40 80 78 00 20 00 00 00 00 00 00 00 E1 00 00
T$40 s1 f130 40 80 78 00 20 00 00 00 00 00 00 00 E1 00 00
T$40 s1 f131 40 80 78 00 20 00 00 00 00 00 00 00 E1 00 00
T$40 s1 f132 40 80 78 00 20 00 00 00 00 00 00 00 E1 00 00
T$40 s1 f133 40 80 78 00 20 00 00 00 00 00 00 00 E1 00 00
T$40 s1 f134 40 80 78 00 20 00 00 00 00 00 00 00 E1 00 00
T$40 s1 f135 40 80 78 00 20 00 00 00 00 00 00 00 E1 00 00
T$40 s1 f136 40 80 78 00 20 00 00 00 00 00 00 00 E1 00 00
T$40 s1 f137 40 80 78 00 20 00 00 00 00 00 00 00 E1 00 00
T$40 s1 f138 40 80 78 00 20 00 00 00 00 00 00 00 E1 00 00
T$40 s1 f139 40 80 78 00 20 00 00 00 00 00 00 00 E1 00 00
T$40 s1 f140 40 80 78 00 20 00 00 00 00 00 00 00 E1 00 00
T$40 s1 f141 40 80 78 00 20 00 00 00 00 00 00 00 E1 00 00
T$40 s1 f142 40 80 78 00 20 00 00 00 00 00 00 00 E1 00 00
T$40 s1 f143 40 80 78 00 20 00 00 00 00 00 00 00 E1 00 00
T$40 s1 f144 40 80 78 00 20 00 00 00 00 00 00 00 E1 00 00
T$40 s1 f145 40 80 78 00 20 00 00 00 00 00 00 00 E1 00 00
T$40 s1 f146 40 80 78 00 20 00 00 00 00 00 00 00 E1 00 00
T$40 s1 f147 40 80 78 00 20 00 00 00 00 00 00 00 E1 00 00
T$40 s1 f148 40 80 78 00 20 00 00 00 00 00 00 00 E1 00 00
T$40 s1 f149 40 80 78 00 20 00 00 00 00 00 00 00 E1 00 00
T$40 s1 f150 40 80 78 00 20 00 00 00 00 00 00 00 E1 00 00
T$40 s1 f151 40 80 78 00 20 00 00 00 00 00 00 00 E1 00 00
T$40 s1 f152 40 80 78 00 20 00 00 00 00 00 00 00 E1 00 00
T$40 s1 f153 40 80 78 00 20 00 00 00 00 00 00 00 E1 00 00
T$40 s1 f154 40 80 78 00 20 00 00 00 00 00 00 00 E1 00 00
T$40 s1 f155 40 80 78 00 20 00 00 00 00 00 00 00 E1 00 00
T$40 s1 f156 40 80 78 00 20 00 00 00 00 00 00 00 E1 00 00
T$40 s1 f157 40 80 78 00 20 00 00 00 00 00 00 00 E1 00 00
T$40 s1 f158 40 80 78 00 20 00 00 00 00 00 00 00 E1 00 00
T$40 s1 f159 40 80 78 00 20 00 00 00 00 00 00 00 E1 00 00
T$40 s1 f160 40 80 78 00 20 00 00 00 00 00 00 00 E1 00 00
T$40 s1 f161 40 80 78 00 20 00 00 00 00 00 00 00 E1 00 00
T$40 s1 f162 40 80 78 00 20 00 00 00 00 00 00 00 E1 00 00
T$40 s1 f163 40 80 78 00 20 00 00 00 00 00 00 00 E1 00 00
T$40 s1 f164 40 80 78 00 20 00 00 00 00 00 00 00 E1 00 00
T$40 s1 f165 40 80 78 00 20 00 00 00 00 00 00 00 E1 00 00
T$40 s1 f166 40 80 78 00 20 00 00 00 00 00 00 00 E1 00 00
T$40 s1 f167 40 80 78 00 20 00 00 00 00 00 00 00 E1 00 00
T$40 s1 f168 40 80 78 00 20 00 00 00 00 00 00 00 E1 00 00
T$40 s1 f169 40 80 78 00 20 00 00 00 00 00 00 00 E1 00 00
T$40 s1 f170 40 80 78 00 20 00 00 00 00 00 00 00 E1 00 00
T$40 s1 f171 40 80 78 00 20 00 00 00 00 00 00 00 E1 00 00
T$40 s1 f172 40 80 78 00 20 00 00 00 00 00 00 00 E1 00 00
T$40 s1 f173 40 80 78 00 20 00 00 00 00 00 00 00 E1 00 00
T$40 s1 f174 40 80 78 00 20 00 00 00 00 00 00 00 E1 00 00
T$40 s1 f175 40 80 78 00 20 00 00 00 00 00 00 00 E1 00 00
T$40 s1 f176 40 80 78 00 20 00 00 00 00 00 00 00 E1 00 00
T$40 s1 f177 40 80 78 00 20 00 00 00 00 00 00 00 E1 00 00
T$40 s1 f178 40 80 78 00 20 00 00 00 00 00 00 00 E1 00 00
T$40 s1 f179 40 80 78 00 20 00 00 00 00 00 00 00 E1 00 00
T$40 s1 f180 40 80 78 00 20 00 00 00 00 00 00 00 E1 00 00
T$40 s1 f181 40 80 78 00 20 00 00 00 00 00 00 00 E1 00 00
T$40 s1 f182 40 80 78 00 20 00 00 00 00 00 00 00 E1 00 00
T$40 s1 f183 40 80 78 00 20 00 00 00 00 00 00 00 E1 00 00
T$40 s1 f184 40 80 78 00 20 00 00 00 00 00 00 00 E1 00 00
T$40 s1 f185 40 80 78 00 20 00 00 00 00 00 00 00 E1 00 00
T$40 s1 f186 40 80 78 00 20 00 00 00 00 00 00 00 E1 00 00
T$40 s1 f187 40 80 78 00 20 00 00 00 00 00 00 00 E1 00 00
T$40 s1 f188 40 80 78 00 20 00 00 00 00 00 00 00 E1 00 00
T$40 s1 f189 40 80 78 00 20 00 00 00 00 00 00 00 E1 00 00
T$40 s1 f190 40 80 78 00 20 00 00 00 00 00 00 00 E1 00 00
T$40 s1 f191 40 80 78 00 20 00 00 00 00 00 00 00 E1 00 00
T$40 s1 f192 40 80 78 00 20 00 00 00 00 00 00 00 E1 00 00
T$40 s1 f193 40 80 78 00 20 00 00 00 00 00 00 00 E1 00 00
T$40 s1 f194 40 80 78 00 20 00 00 00 00 00 00 00 E1 00 00
T$40 s1 f195 40 80 78 00 20 00 00 00 00 00 00 00 E1 00 00
T$40 s1 f196 40 80 78 00 20 00 00 00 00 00 00 00 E1 00 00
T$40 s1 f197 40 80 78 00 20 00 00 00 00 00 00 00 E1 00 00
T$40 s1 f198 40 80 78 00 20 00 00 00 00 00 00 00 E1 00 00
T$40 s1 f199 40 80 78 00 20 00 00 00 00 00 00 00 E1 00 00
T$40 s1 f200 40 80 78 00 20 00 00 00 00 00 00 00 E1 00 00
T$40 s1 f201 40 80 78 00 20 00 00 00 00 00 00 00 E1 00 00
T$40 s1 f202 40 80 78 00 20 00 00 00 00 00 00 00 E1 00 00
T$40 s1 f203 40 80 78 00 20 00 00 00 00 00 00 00 E1 00 00
T$40 s1 f204 40 80 78 00 20 00 00 00 00 00 00 00 E1 00 00
T$40 s1 f205 40 80 78 00 20 00 00 00 00 00 00 00 E1 00 00
T$40 s1 f206 40 80 78 00 20 00 00 00 00 00 00 00 E1 00 00
T$40 s1 f207 40 80 78 00 20 00 00 00 00 00 00 00 E1 00 00
T$40 s1 f208 40 80 78 00 20 00 00 00 00 00 00 00 E1 00 00
T$40 s1 f209 40 80 78 00 20 00 00 00 00 00 00 00 E1 00 00
T$40 s1 f210 40 80 78 00 20 00 00 00 00 00 00 00 E1 00 00
T$40 s1 f211 40 80 78 00 20 00 00 00 00 00 00 00 E1 00 00
T$40 s1 f212 40 80 78 00 20 00 00 00 00 00 00 00 E1 00 00
T$40 s1 f213 40 80 78 00 20 00 00 00 00 00 00 00 E1 00 00
T$40 s1 f214 40 80 78 00 20 00 00 00 00 00 00 00 E1 00 00
T$40 s1 f215 40 80 78 00 20 00 00 00 00 00 00 00 E1 00 00
T$40 s1 f216 40 80 78 00 20 00 00 00 00 00 00 00 E1 00 00
T$40 s1 f217 40 80 78 00 20 00 00 00 00 00 00 00 E1 00 00
T$40 s1 f218 40 80 78 00 20 00 00 00 00 00 00 00 E1 00 00
T$40 s1 f219 40 80 78 00 20 00 00 00 00 00 00 00 E1 00 00
T$40 s1 f220 40 80 78 00 20 00 00 00 00 00 00 00 E1 00 00
T$40 s1 f221 40 80 78 00 20 00 00 00 00 00 00 00 E1 00 00
T$40 s1 f222 40 80 78 00 20 00 00 00 00 00 00 00 E1 00 00
T$40 s1 f223 40 80 78 00 20 00 00 00 00 00 00 00 E1 00 00
T$40 s1 f224 40 80 78 00 20 00 00 00 00 00 00 00 E1 00 00
T$40 s1 f225 40 80 78 00 20 00 00 00 00 00 00 00 E1 00 00
T$40 s1 f226 40 80 78 00 20 00 00 00 00 00 00 00 E1 00 00
T$40 s1 f227 40 80 78 00 20 00 00 00 00 00 00 00 E1 00 00
T$40 s1 f228 40 80 78 00 20 00 00 00 00 00 00 00 E1 00 00
T$40 s1 f229 40 80 78 00 20 00 00 00 00 00 00 00 E1 00 00
T$40 s1 f230 40 80 78 00 20 00 00 00 00 00 00 00 E1 00 00
T$40 s1 f231 40 80 78 00 20 00 00 00 00 00 00 00 E1 00 00
T$40 s1 f232 40 80 78 00 20 00 00 00 00 00 00 00 E1 00 00
T$40 s1 f233 40 80 78 00 20 00 00 00 00 00 00 00 E1 00 00
T$40 s1 f234 40 80 78 00 20 00 00 00 00 00 00 00 E1 00 00
T$40 s1 f235 40 80 78 00 20 00 00 00 00 00 00 00 E1 00 00
T$40 s1 f236 40 80 78 00 20 00 00 00 00 00 00 00 E1 00 00
T$40 s1 f237 40 80 78 00 20 00 00 00 00 00 00 00 E1 00 00
T$40 s1 f238 40 80 78 00 20 00 00 00 00 00 00 00 E1 00 00
T$40 s1 f239 40 80 78 00 20 00 00 00 00 00 00 00 E1 00 00
T$1A s1 f  0 1A 80 78 00 20 00 00 00 00 A0 00 00 E1 00 00
T$1A s1 f  1 1A 80 78 00 20 00 00 00 00 C0 00 00 E1 00 00
T$1A s1 f  2 1A 80 78 00 20 00 00 00 00 E0 00 00 E1 00 00
T$1A s1 f  3 1A 80 77 00 20 00 00 00 00 00 00 00 E1 00 00
T$1A s1 f  4 1A 80 77 00 20 00 00 00 00 20 00 00 E1 00 00
T$1A s1 f  5 1A 80 77 00 20 00 00 00 00 40 00 00 E1 00 00
T$1A s1 f  6 1A 80 77 00 20 00 00 00 00 60 00 00 E1 00 00
T$1A s1 f  7 1A 80 77 00 20 00 00 00 00 80 00 00 E1 00 00
T$1A s1 f  8 1A 80 77 00 20 00 00 00 00 A0 00 00 E1 00 00
T$1A s1 f  9 1A 80 77 00 20 00 00 00 00 C0 00 00 E1 00 00
T$1A s1 f 10 1A 80 77 00 20 00 00 00 00 E0 00 00 E1 00 00
T$1A s1 f 11 1A 80 76 00 20 00 00 00 00 00 00 00 E1 00 00
T$1A s1 f 12 1A 80 76 00 20 00 00 00 00 20 00 00 E1 00 00
T$1A s1 f 13 1A 80 76 00 20 00 00 00 00 40 00 00 E1 00 00
T$1A s1 f 14 1A 80 76 00 20 00 00 00 00 60 00 00 E1 00 00
T$1A s1 f 15 1A 80 76 00 20 00 00 00 00 80 00 00 E1 00 00
T$1A s1 f 16 1A 80 76 00 20 00 00 00 00 A0 00 00 E1 00 00
T$1A s1 f 17 1A 80 76 00 20 00 00 00 00 C0 00 00 E1 00 00
T$1A s1 f 18 1A 80 76 00 20 00 00 00 00 E0 00 00 E1 00 00
T$1A s1 f 19 1A 80 75 00 20 00 00 00 00 00 00 00 E1 00 00
T$1A s1 f 20 1A 80 75 00 20 00 00 00 00 20 00 00 E1 00 00
T$1A s1 f 21 1A 80 75 00 20 00 00 00 00 40 00 00 E1 00 00
T$1A s1 f 22 1A 80 75 00 20 00 00 00 00 60 00 00 E1 00 00
T$1A s1 f 23 1A 80 75 00 20 00 00 00 00 80 00 00 E1 00 00
T$1A s1 f 24 1A 80 75 00 20 00 00 00 00 A0 00 00 E1 00 00
T$1A s1 f 25 1A 80 75 00 20 00 00 00 00 C0 00 00 E1 00 00
T$1A s1 f 26 1A 80 75 00 20 00 00 00 00 E0 00 00 E1 00 00
T$1A s1 f 27 1A 80 74 00 20 00 00 00 00 00 00 00 E1 00 00
T$1A s1 f 28 1A 80 74 00 20 00 00 00 00 40 00 00 E1 00 00
T$1A s1 f 29 1A 80 74 00 20 00 00 00 00 80 00 00 E1 00 00
T$1A s1 f 30 1A 80 74 00 20 00 00 00 00 C0 00 00 E1 00 00
T$1A s1 f 31 1A 80 73 00 20 00 00 00 00 00 00 00 E1 00 00
T$1A s1 f 32 1A 80 73 00 20 00 00 00 00 40 00 00 E1 00 00
T$1A s1 f 33 1A 80 73 00 20 00 00 00 00 80 00 00 E1 00 00
T$1A s1 f 34 1A 80 73 00 20 00 00 00 00 C0 00 00 E1 00 00
T$1A s1 f 35 1A 80 72 00 20 00 00 00 00 00 00 00 E1 00 00
T$1A s1 f 36 1A 80 72 00 20 00 00 00 00 40 00 00 E1 00 00
T$1A s1 f 37 1A 80 72 00 20 00 00 00 00 80 00 00 E1 00 00
T$1A s1 f 38 1A 80 72 00 20 00 00 00 00 C0 00 00 E1 00 00
T$1A s1 f 39 1A 80 71 00 20 00 00 00 00 00 00 00 E1 00 00
T$1A s1 f 40 1A 80 71 00 20 00 00 00 00 40 00 00 E1 00 00
T$1A s1 f 41 1A 80 71 00 20 00 00 00 00 80 00 00 E1 00 00
T$1A s1 f 42 1A 80 71 00 20 00 00 00 00 C0 00 00 E1 00 00
T$1A s1 f 43 1A 80 70 00 20 00 00 00 00 00 00 00 E1 00 00
T$1A s1 f 44 1A 80 70 00 20 00 00 00 00 40 00 00 E1 00 00
T$1A s1 f 45 1A 80 70 00 20 00 00 00 00 80 00 00 E1 00 00
T$1A s1 f 46 1A 80 70 00 20 00 00 00 00 C0 00 00 E1 00 00
T$1A s1 f 47 1A 80 6F 00 20 00 00 00 00 00 00 00 E1 00 00
T$1A s1 f 48 1A 80 6F 00 20 00 00 00 00 40 00 00 E1 00 00
T$1A s1 f 49 1A 80 6F 00 20 00 00 00 00 80 00 00 E1 00 00
T$1A s1 f 50 1A 80 6F 00 20 00 00 00 00 C0 00 00 E1 00 00
T$1A s1 f 51 1A 80 6E 00 20 00 00 00 00 00 00 00 E1 00 00
T$1A s1 f 52 1A 80 6E 00 20 00 00 00 00 40 00 00 E1 00 00
T$1A s1 f 53 1A 80 6E 00 20 00 00 00 00 80 00 00 E1 00 00
T$1A s1 f 54 1A 80 6E 00 20 00 00 00 00 C0 00 00 E1 00 00
T$1A s1 f 55 1A 80 6D 00 20 00 00 00 00 00 00 00 E1 00 00
T$1A s1 f 56 1A 80 6D 00 20 00 00 00 00 40 00 00 E1 00 00
T$1A s1 f 57 1A 80 6D 00 20 00 00 00 00 80 00 00 E1 00 00
T$1A s1 f 58 1A 80 6D 00 20 00 00 00 00 C0 00 00 E1 00 00
T$1A s1 f 59 1A 80 6C 00 20 00 00 00 00 00 00 00 E1 00 00
T$1A s1 f 60 1A 80 6C 00 20 00 00 00 00 60 00 00 E1 00 00
T$1A s1 f 61 1A 80 6C 00 20 00 00 00 00 C0 00 00 E1 00 00
T$1A s1 f 62 1A 80 6B 00 20 00 00 00 00 20 00 00 E1 00 00
T$1A s1 f 63 1A 80 6B 00 20 00 00 00 00 80 00 00 E1 00 00
T$1A s1 f 64 1A 80 6B 00 20 00 00 00 00 E0 00 00 E1 00 00
T$1A s1 f 65 1A 80 6A 00 20 00 00 00 00 40 00 00 E1 00 00
T$1A s1 f 66 1A 80 6A 00 20 00 00 00 00 A0 00 00 E1 00 00
T$1A s1 f 67 1A 80 69 00 20 00 00 00 00 00 00 00 E1 00 00
T$1A s1 f 68 1A 80 69 00 20 00 00 00 00 60 00 00 E1 00 00
T$1A s1 f 69 1A 80 69 00 20 00 00 00 00 C0 00 00 E1 00 00
T$1A s1 f 70 1A 80 68 00 20 00 00 00 00 20 00 00 E1 00 00
T$1A s1 f 71 1A 80 68 00 20 00 00 00 00 80 00 00 E1 00 00
T$1A s1 f 72 1A 80 68 00 20 00 00 00 00 E0 00 00 E1 00 00
T$1A s1 f 73 1A 80 67 00 20 00 00 00 00 40 00 00 E1 00 00
T$1A s1 f 74 1A 80 67 00 20 00 00 00 00 A0 00 00 E1 00 00
T$1A s1 f 75 1A 80 66 00 20 00 00 00 00 00 00 00 E1 00 00
T$1A s1 f 76 1A 80 66 00 20 00 00 00 00 60 00 00 E1 00 00
T$1A s1 f 77 1A 80 66 00 20 00 00 00 00 C0 00 00 E1 00 00
T$1A s1 f 78 1A 80 65 00 20 00 00 00 00 20 00 00 E1 00 00
T$1A s1 f 79 1A 80 65 00 20 00 00 00 00 80 00 00 E1 00 00
T$1A s1 f 80 1A 80 65 00 20 00 00 00 00 E0 00 00 E1 00 00
T$1A s1 f 81 1A 80 64 00 20 00 00 00 00 40 00 00 E1 00 00
T$1A s1 f 82 1A 80 64 00 20 00 00 00 00 A0 00 00 E1 00 00
T$1A s1 f 83 1A 80 63 00 20 00 00 00 00 00 00 00 E1 00 00
T$1A s1 f 84 1A 80 63 00 20 00 00 00 00 60 00 00 E1 00 00
T$1A s1 f 85 1A 80 63 00 20 00 00 00 00 C0 00 00 E1 00 00
T$1A s1 f 86 1A 80 62 00 20 00 00 00 00 20 00 00 E1 00 00
T$1A s1 f 87 1A 80 62 00 20 00 00 00 00 80 00 00 E1 00 00
T$1A s1 f 88 1A 80 62 00 20 00 00 00 00 E0 00 00 E1 00 00
T$1A s1 f 89 1A 80 61 00 20 00 00 00 00 40 00 00 E1 00 00
T$1A s1 f 90 1A 80 61 00 20 00 00 00 00 A0 00 00 E1 00 00
T$1A s1 f 91 1A 80 60 00 20 00 00 00 00 00 00 00 E1 00 00
T$1A s1 f 92 1A 80 60 00 20 00 00 00 00 80 00 00 E1 00 00
T$1A s1 f 93 1A 80 5F 00 20 00 00 00 00 00 00 00 E1 00 00
T$1A s1 f 94 1A 80 5F 00 20 00 00 00 00 80 00 00 E1 00 00
T$1A s1 f 95 1A 80 5E 00 20 00 00 00 00 00 00 00 E1 00 00
T$1A s1 f 96 1A 80 5E 00 20 00 00 00 00 80 00 00 E1 00 00
T$1A s1 f 97 1A 80 5D 00 20 00 00 00 00 00 00 00 E1 00 00
T$1A s1 f 98 1A 80 5D 00 20 00 00 00 00 80 00 00 E1 00 00
T$1A s1 f 99 1A 80 5C 00 20 00 00 00 00 00 00 00 E1 00 00
T$1A s1 f100 1A 80 5C 00 20 00 00 00 00 80 00 00 E1 00 00
T$1A s1 f101 1A 80 5B 00 20 00 00 00 00 00 00 00 E1 00 00
T$1A s1 f102 1A 80 5B 00 20 00 00 00 00 80 00 00 E1 00 00
T$1A s1 f103 1A 80 5A 00 20 00 00 00 00 00 00 00 E1 00 00
T$1A s1 f104 1A 80 5A 00 20 00 00 00 00 80 00 00 E1 00 00
T$1A s1 f105 1A 80 59 00 20 00 00 00 00 00 00 00 E1 00 00
T$1A s1 f106 1A 80 59 00 20 00 00 00 00 80 00 00 E1 00 00
T$1A s1 f107 1A 80 58 00 20 00 00 00 00 00 00 00 E1 00 00
T$1A s1 f108 1A 80 58 00 20 00 00 00 00 80 00 00 E1 00 00
T$1A s1 f109 1A 80 57 00 20 00 00 00 00 00 00 00 E1 00 00
T$1A s1 f110 1A 80 57 00 20 00 00 00 00 80 00 00 E1 00 00
T$1A s1 f111 1A 80 56 00 20 00 00 00 00 00 00 00 E1 00 00
T$1A s1 f112 1A 80 56 00 20 00 00 00 00 80 00 00 E1 00 00
T$1A s1 f113 1A 80 55 00 20 00 00 00 00 00 00 00 E1 00 00
T$1A s1 f114 1A 80 55 00 20 00 00 00 00 80 00 00 E1 00 00
T$1A s1 f115 1A 80 54 00 20 00 00 00 00 00 00 00 E1 00 00
T$1A s1 f116 1A 80 54 00 20 00 00 00 00 80 00 00 E1 00 00
T$1A s1 f117 1A 80 53 00 20 00 00 00 00 00 00 00 E1 00 00
T$1A s1 f118 1A 80 53 00 20 00 00 00 00 80 00 00 E1 00 00
T$1A s1 f119 1A 80 52 00 20 00 00 00 00 00 00 00 E1 00 00
T$1A s1 f120 1A 80 52 00 20 00 00 00 00 80 00 00 E1 00 00
T$1A s1 f121 1A 80 51 00 20 00 00 00 00 00 00 00 E1 00 00
T$1A s1 f122 1A 80 51 00 20 00 00 00 00 80 00 00 E1 00 00
T$1A s1 f123 1A 80 50 00 20 00 00 00 00 00 00 00 E1 00 00
T$1A s1 f124 1A 80 50 00 20 00 00 00 00 A0 00 00 E1 00 00
T$1A s1 f125 1A 80 4F 00 20 00 00 00 00 40 00 00 E1 00 00
T$1A s1 f126 1A 80 4F 00 20 00 00 10 00 E0 00 00 E1 00 00
T$1A s1 f127 1A 7F 4E 00 20 00 00 0F 00 80 00 00 E1 00 00
T$1A s1 f128 1A 7E 4D 00 20 00 00 0E 00 20 00 00 E1 00 00
T$1A s1 f129 1A 7E 4D 00 20 00 00 0D 00 C0 00 00 E1 00 00
T$1A s1 f130 1A 7D 4C 00 20 00 00 0C 00 60 00 00 E1 00 00
T$1A s1 f131 1A 7C 4B 00 20 00 00 0B 00 00 00 00 E1 00 00
T$1A s1 f132 1A 7C 4B 00 20 00 00 0A 00 A0 00 00 E1 00 00
T$1A s1 f133 1A 7B 4A 00 20 00 00 09 00 40 00 00 E1 00 00
T$1A s1 f134 1A 7B 4A 00 20 00 00 08 00 E0 00 00 E1 00 00
T$1A s1 f135 1A 7A 49 00 20 00 00 07 00 80 00 00 E1 00 00
T$1A s1 f136 1A 79 48 00 20 00 00 06 00 20 00 00 E1 00 00
T$1A s1 f137 1A 79 48 00 20 00 00 05 00 C0 00 00 E1 00 00
T$1A s1 f138 1A 78 47 00 20 00 00 04 00 60 00 00 E1 00 00
T$1A s1 f139 1A 77 46 00 20 00 00 03 00 00 00 00 E1 00 00
T$1A s1 f140 1A 77 46 00 20 00 00 02 00 A0 00 00 E1 00 00
T$1A s1 f141 1A 76 45 00 20 00 00 01 00 40 00 00 E1 00 00
T$1A s1 f142 1A 76 45 00 20 00 00 10 00 E0 00 00 E1 00 00
T$1A s1 f143 1A 75 45 00 20 00 00 0F 00 80 00 00 E1 00 00
T$1A s1 f144 1A 74 45 00 20 00 00 0E 00 20 00 00 E1 00 00
T$1A s1 f145 1A 74 45 00 20 00 00 0D 00 C0 00 00 E1 00 00
T$1A s1 f146 1A 73 45 00 20 00 00 0C 00 60 00 00 E1 00 00
T$1A s1 f147 1A 72 45 00 20 00 00 0B 00 00 00 00 E1 00 00
T$1A s1 f148 1A 72 45 00 20 00 00 0A 00 A0 00 00 E1 00 00
T$1A s1 f149 1A 71 45 00 20 00 00 09 00 40 00 00 E1 00 00
T$1A s1 f150 1A 71 45 00 20 00 00 08 00 E0 00 00 E1 00 00
T$1A s1 f151 1A 70 45 00 20 00 00 07 00 80 00 00 E1 00 00
T$1A s1 f152 1A 6F 45 00 20 00 00 06 00 20 00 00 E1 00 00
T$1A s1 f153 1A 6F 45 00 20 00 00 05 00 C0 00 00 E1 00 00
T$1A s1 f154 1A 6E 45 00 20 00 00 04 00 60 00 00 E1 00 00
T$1A s1 f155 1A 6D 45 00 20 00 00 03 00 00 00 00 E1 00 00
T$1A s1 f156 1A 6D 45 00 20 00 00 02 00 A0 00 00 E1 00 00
T$1A s1 f157 1A 6C 45 00 20 00 00 01 00 40 00 00 E1 00 00
T$1A s1 f158 1A 6C 45 00 20 00 00 10 00 E0 00 00 E1 00 00
T$1A s1 f159 1A 6B 44 00 20 00 00 0F 00 80 00 00 E1 00 00
T$1A s1 f160 1A 6A 43 00 20 00 00 0E 00 20 00 00 E1 00 00
T$1A s1 f161 1A 6A 43 00 20 00 00 0D 00 C0 00 00 E1 00 00
T$1A s1 f162 1A 69 42 00 20 00 00 0C 00 60 00 00 E1 00 00
T$1A s1 f163 1A 68 41 00 20 00 00 0B 00 00 00 00 E1 00 00
T$1A s1 f164 1A 68 41 00 20 00 00 0A 00 A0 00 00 E1 00 00
T$1A s1 f165 1A 67 40 00 20 00 00 09 00 40 00 00 E1 00 00
T$1A s1 f166 1A 67 40 00 20 00 00 08 00 E0 00 00 E1 00 00
T$1A s1 f167 1A 66 3F 00 20 00 00 07 00 80 00 00 E1 00 00
T$1A s1 f168 1A 65 3E 00 20 00 00 06 00 20 00 00 E1 00 00
T$1A s1 f169 1A 65 3E 00 20 00 00 05 00 C0 00 00 E1 00 00
T$1A s1 f170 1A 64 3D 00 20 00 00 04 00 60 00 00 E1 00 00
T$1A s1 f171 1A 63 3C 00 20 00 00 03 00 00 00 00 E1 00 00
T$1A s1 f172 1A 63 3C 00 20 00 00 02 00 A0 00 00 E1 00 00
T$1A s1 f173 1A 62 3B 00 20 00 00 01 00 40 00 00 E1 00 00
T$1A s1 f174 1A 62 3B 00 20 00 00 10 00 E0 00 00 E1 00 00
T$1A s1 f175 1A 61 3B 00 20 00 00 0F 00 80 00 00 E1 00 00
T$1A s1 f176 1A 60 3B 00 20 00 00 0E 00 20 00 00 E1 00 00
T$1A s1 f177 1A 60 3B 00 20 00 00 0D 00 C0 00 00 E1 00 00
T$1A s1 f178 1A 5F 3B 00 20 00 00 0C 00 60 00 00 E1 00 00
T$1A s1 f179 1A 5E 3B 00 20 00 00 0B 00 00 00 00 E1 00 00
T$1A s1 f180 1A 5E 3B 00 20 00 00 0A 00 A0 00 00 E1 00 00
T$1A s1 f181 1A 5D 3B 00 20 00 00 09 00 40 00 00 E1 00 00
T$1A s1 f182 1A 5D 3B 00 20 00 00 08 00 E0 00 00 E1 00 00
T$1A s1 f183 1A 5C 3B 00 20 00 00 07 00 80 00 00 E1 00 00
T$1A s1 f184 1A 5B 3B 00 20 00 00 06 00 20 00 00 E1 00 00
T$1A s1 f185 1A 5B 3B 00 20 00 00 05 00 C0 00 00 E1 00 00
T$1A s1 f186 1A 5A 3B 00 20 00 00 04 00 60 00 00 E1 00 00
T$1A s1 f187 1A 59 3B 00 20 00 00 03 00 00 00 00 E1 00 00
T$1A s1 f188 1A 59 3B 00 20 00 00 02 00 A0 00 00 E1 00 00
T$1A s1 f189 1A 58 3B 00 20 00 00 01 00 40 00 00 E1 00 00
T$1A s1 f190 1A 58 3B 00 20 00 00 10 00 E0 00 00 E1 00 00
T$1A s1 f191 1A 57 3A 00 20 00 00 0F 00 80 00 00 E1 00 00
T$1A s1 f192 1A 56 39 00 20 00 00 0E 00 20 00 00 E1 00 00
T$1A s1 f193 1A 56 39 00 20 00 00 0D 00 C0 00 00 E1 00 00
T$1A s1 f194 1A 55 38 00 20 00 00 0C 00 60 00 00 E1 00 00
T$1A s1 f195 1A 54 37 00 20 00 00 0B 00 00 00 00 E1 00 00
T$1A s1 f196 1A 54 37 00 20 00 00 0A 00 A0 00 00 E1 00 00
T$1A s1 f197 1A 53 36 00 20 00 00 09 00 40 00 00 E1 00 00
T$1A s1 f198 1A 53 36 00 20 00 00 08 00 E0 00 00 E1 00 00
T$1A s1 f199 1A 52 35 00 20 00 00 07 00 80 00 00 E1 00 00
T$1A s1 f200 1A 51 34 00 20 00 00 06 00 20 00 00 E1 00 00
T$1A s1 f201 1A 51 34 00 20 00 00 05 00 C0 00 00 E1 00 00
T$1A s1 f202 1A 50 33 00 20 00 00 04 00 60 00 00 E1 00 00
T$1A s1 f203 1A 4F 32 00 20 00 00 03 00 00 00 00 E1 00 00
T$1A s1 f204 1A 4F 32 00 20 00 00 02 00 A0 00 00 E1 00 00
T$1A s1 f205 1A 4E 31 00 20 00 00 01 00 40 00 00 E1 00 00
T$1A s1 f206 1A 4E 31 00 20 00 00 00 00 E0 00 00 E1 00 00
T$1A s1 f207 1A 4D 30 00 20 00 00 00 00 80 00 00 E1 00 00
T$1A s1 f208 1A 4C 30 00 20 00 00 10 00 20 00 00 E1 00 00
T$1A s1 f209 1A 4C 30 00 20 00 00 0F 00 C0 00 00 E1 00 00
T$1A s1 f210 1A 4B 30 00 20 00 00 0E 00 60 00 00 E1 00 00
T$1A s1 f211 1A 4A 30 00 20 00 00 0D 00 00 00 00 E1 00 00
T$1A s1 f212 1A 4A 30 00 20 00 00 0C 00 A0 00 00 E1 00 00
T$1A s1 f213 1A 49 30 00 20 00 00 0B 00 40 00 00 E1 00 00
T$1A s1 f214 1A 49 30 00 20 00 00 0A 00 E0 00 00 E1 00 00
T$1A s1 f215 1A 48 30 00 20 00 00 09 00 80 00 00 E1 00 00
T$1A s1 f216 1A 47 30 00 20 00 00 08 00 20 00 00 E1 00 00
T$1A s1 f217 1A 47 30 00 20 00 00 07 00 C0 00 00 E1 00 00
T$1A s1 f218 1A 46 30 00 20 00 00 06 00 60 00 00 E1 00 00
T$1A s1 f219 1A 45 30 00 20 00 00 05 00 00 00 00 E1 00 00
T$1A s1 f220 1A 45 30 00 20 00 00 04 00 A0 00 00 E1 00 00
T$1A s1 f221 1A 44 30 00 20 00 00 03 00 40 00 00 E1 00 00
T$1A s1 f222 1A 44 30 00 20 00 00 02 00 E0 00 00 E1 00 00
T$1A s1 f223 1A 43 30 00 20 00 00 01 00 80 00 00 E1 00 00
T$1A s1 f224 1A 42 31 00 20 00 00 10 00 20 00 00 E1 00 00
T$1A s1 f225 1A 42 31 00 20 00 00 0F 00 C0 00 00 E1 00 00
T$1A s1 f226 1A 41 32 00 20 00 00 0E 00 60 00 00 E1 00 00
T$1A s1 f227 1A 40 33 00 20 00 00 0D 00 00 00 00 E1 00 00
T$1A s1 f228 1A 40 33 00 20 00 00 0C 00 A0 00 00 E1 00 00
T$1A s1 f229 1A 3F 34 00 20 00 00 0B 00 40 00 00 E1 00 00
T$1A s1 f230 1A 3F 34 00 20 00 00 0A 00 E0 00 00 E1 00 00
T$1A s1 f231 1A 3E 35 00 20 00 00 09 00 80 00 00 E1 00 00
T$1A s1 f232 1A 3D 36 00 20 00 00 08 00 20 00 00 E1 00 00
T$1A s1 f233 1A 3D 36 00 20 00 00 07 00 C0 00 00 E1 00 00
T$1A s1 f234 1A 3C 37 00 20 00 00 06 00 60 00 00 E1 00 00
T$1A s1 f235 1A 3B 38 00 20 00 00 05 00 00 00 00 E1 00 00
T$1A s1 f236 1A 3B 38 00 20 00 00 04 00 A0 00 00 E1 00 00
T$1A s1 f237 1A 3A 39 00 20 00 00 03 00 40 00 00 E1 00 00
T$1A s1 f238 1A 3A 39 00 20 00 00 02 00 E0 00 00 E1 00 00
T$1A s1 f239 1A 39 3A 00 20 00 00 01 00 80 00 00 E1 00 00
T$1B s1 f  0 1B 80 78 00 20 00 00 03 00 00 00 00 E1 00 00
T$1B s1 f  1 1B 80 78 00 20 00 00 02 00 00 00 00 E1 00 00
T$1B s1 f  2 1B 80 78 00 20 00 00 01 00 00 00 00 E1 00 00
T$1B s1 f  3 1B 80 78 00 20 00 00 06 00 00 00 00 E1 00 00
T$1B s1 f  4 1B 80 78 00 20 00 00 05 00 00 00 00 E1 00 00
T$1B s1 f  5 1B 80 78 00 20 00 00 04 00 00 00 00 E1 00 00
T$1B s1 f  6 1B 80 78 00 20 00 00 03 00 00 00 00 E1 00 00
T$1B s1 f  7 1B 80 78 00 20 00 00 02 00 00 00 00 E1 00 00
T$1B s1 f  8 1B 80 78 00 20 00 00 01 00 00 00 00 E1 00 00
T$1B s1 f  9 1B 80 78 00 20 00 00 06 00 00 00 00 E1 00 00
T$1B s1 f 10 1B 80 78 00 20 00 00 05 00 20 00 00 E1 00 00
T$1B s1 f 11 1B 80 78 00 20 00 00 04 00 40 00 00 E1 00 00
T$1B s1 f 12 1B 80 78 00 20 00 00 03 00 60 00 00 E1 00 00
T$1B s1 f 13 1B 80 78 00 20 00 00 02 00 80 00 00 E1 00 00
T$1B s1 f 14 1B 80 78 00 20 00 00 01 00 A0 00 00 E1 00 00
T$1B s1 f 15 1B 80 78 00 20 00 00 00 00 C0 00 00 E1 00 00
T$1B s1 f 16 1B 80 78 00 20 00 00 00 00 E0 00 00 E1 00 00
T$1B s1 f 17 1B 81 77 00 20 00 00 00 00 00 00 00 E1 00 00
T$1B s1 f 18 1B 81 77 00 20 00 00 00 00 20 00 00 E1 00 00
T$1B s1 f 19 1B 81 77 00 20 00 00 00 00 40 00 00 E1 00 00
T$1B s1 f 20 1B 81 77 00 20 00 00 00 00 60 00 00 E1 00 00
T$1B s1 f 21 1B 81 77 00 20 00 00 00 00 80 00 00 E1 00 00
T$1B s1 f 22 1B 81 77 00 20 00 00 00 00 A0 00 00 E1 00 00
T$1B s1 f 23 1B 81 77 00 20 00 00 00 00 C0 00 00 E1 00 00
T$1B s1 f 24 1B 81 77 00 20 00 00 00 00 E0 00 00 E1 00 00
T$1B s1 f 25 1B 82 76 00 20 00 00 00 00 00 00 00 E1 00 00
T$1B s1 f 26 1B 82 76 00 20 00 00 00 00 20 00 00 E1 00 00
T$1B s1 f 27 1B 82 76 00 20 00 00 00 00 40 00 00 E1 00 00
T$1B s1 f 28 1B 82 76 00 20 00 00 00 00 60 00 00 E1 00 00
T$1B s1 f 29 1B 82 76 00 20 00 00 00 00 80 00 00 E1 00 00
T$1B s1 f 30 1B 82 76 00 20 00 00 00 00 A0 00 00 E1 00 00
T$1B s1 f 31 1B 82 76 00 20 00 00 00 00 C0 00 00 E1 00 00
T$1B s1 f 32 1B 82 76 00 20 00 00 00 00 E0 00 00 E1 00 00
T$1B s1 f 33 1B 83 75 00 20 00 00 00 00 00 00 00 E1 00 00
T$1B s1 f 34 1B 83 75 00 20 00 00 00 00 20 00 00 E1 00 00
T$1B s1 f 35 1B 83 75 00 20 00 00 00 00 40 00 00 E1 00 00
T$1B s1 f 36 1B 83 75 00 20 00 00 00 00 60 00 00 E1 00 00
T$1B s1 f 37 1B 83 75 00 20 00 00 00 00 80 00 00 E1 00 00
T$1B s1 f 38 1B 83 75 00 20 00 00 00 00 A0 00 00 E1 00 00
T$1B s1 f 39 1B 83 75 00 20 00 00 00 00 C0 00 00 E1 00 00
T$1B s1 f 40 1B 83 75 00 20 00 00 00 00 E0 00 00 E1 00 00
T$1B s1 f 41 1B 84 74 00 20 00 00 00 00 00 00 00 E1 00 00
T$1B s1 f 42 1B 84 74 00 20 00 00 00 00 40 00 00 E1 00 00
T$1B s1 f 43 1B 84 74 00 20 00 00 00 00 80 00 00 E1 00 00
T$1B s1 f 44 1B 84 74 00 20 00 00 00 00 C0 00 00 E1 00 00
T$1B s1 f 45 1B 85 73 00 20 00 00 00 00 00 00 00 E1 00 00
T$1B s1 f 46 1B 85 73 00 20 00 00 00 00 40 00 00 E1 00 00
T$1B s1 f 47 1B 85 73 00 20 00 00 00 00 80 00 00 E1 00 00
T$1B s1 f 48 1B 85 73 00 20 00 00 00 00 C0 00 00 E1 00 00
T$1B s1 f 49 1B 86 72 00 20 00 00 00 00 00 00 00 E1 00 00
T$1B s1 f 50 1B 86 72 00 20 00 00 00 00 40 00 00 E1 00 00
T$1B s1 f 51 1B 86 72 00 20 00 00 00 00 80 00 00 E1 00 00
T$1B s1 f 52 1B 86 72 00 20 00 00 00 00 C0 00 00 E1 00 00
T$1B s1 f 53 1B 87 71 00 20 00 00 00 00 00 00 00 E1 00 00
T$1B s1 f 54 1B 87 71 00 20 00 00 00 00 40 00 00 E1 00 00
T$1B s1 f 55 1B 87 71 00 20 00 00 00 00 80 00 00 E1 00 00
T$1B s1 f 56 1B 87 71 00 20 00 00 00 00 C0 00 00 E1 00 00
T$1B s1 f 57 1B 88 70 00 20 00 00 00 00 00 00 00 E1 00 00
T$1B s1 f 58 1B 88 70 00 20 00 00 00 00 40 00 00 E1 00 00
T$1B s1 f 59 1B 88 70 00 20 00 00 00 00 80 00 00 E1 00 00
T$1B s1 f 60 1B 88 70 00 20 00 00 00 00 C0 00 00 E1 00 00
T$1B s1 f 61 1B 89 6F 00 20 00 00 00 00 00 00 00 E1 00 00
T$1B s1 f 62 1B 89 6F 00 20 00 00 00 00 40 00 00 E1 00 00
T$1B s1 f 63 1B 89 6F 00 20 00 00 00 00 80 00 00 E1 00 00
T$1B s1 f 64 1B 89 6F 00 20 00 00 00 00 C0 00 00 E1 00 00
T$1B s1 f 65 1B 8A 6E 00 20 00 00 00 00 00 00 00 E1 00 00
T$1B s1 f 66 1B 8A 6E 00 20 00 00 00 00 40 00 00 E1 00 00
T$1B s1 f 67 1B 8A 6E 00 20 00 00 00 00 80 00 00 E1 00 00
T$1B s1 f 68 1B 8A 6E 00 20 00 00 00 00 C0 00 00 E1 00 00
T$1B s1 f 69 1B 8B 6D 00 20 00 00 00 00 00 00 00 E1 00 00
T$1B s1 f 70 1B 8B 6D 00 20 00 00 00 00 40 00 00 E1 00 00
T$1B s1 f 71 1B 8B 6D 00 20 00 00 00 00 80 00 00 E1 00 00
T$1B s1 f 72 1B 8B 6D 00 20 00 00 00 00 C0 00 00 E1 00 00
T$1B s1 f 73 1B 8C 6C 00 20 00 00 00 00 00 00 00 E1 00 00
T$1B s1 f 74 1B 8C 6C 00 20 00 00 00 00 60 00 00 E1 00 00
T$1B s1 f 75 1B 8C 6C 00 20 00 00 00 00 C0 00 00 E1 00 00
T$1B s1 f 76 1B 8D 6B 00 20 00 00 00 00 20 00 00 E1 00 00
T$1B s1 f 77 1B 8D 6B 00 20 00 00 00 00 80 00 00 E1 00 00
T$1B s1 f 78 1B 8D 6B 00 20 00 00 00 00 E0 00 00 E1 00 00
T$1B s1 f 79 1B 8E 6A 00 20 00 00 00 00 40 00 00 E1 00 00
T$1B s1 f 80 1B 8E 6A 00 20 00 00 00 00 A0 00 00 E1 00 00
T$1B s1 f 81 1B 8F 69 00 20 00 00 00 00 00 00 00 E1 00 00
T$1B s1 f 82 1B 8F 69 00 20 00 00 00 00 60 00 00 E1 00 00
T$1B s1 f 83 1B 8F 69 00 20 00 00 00 00 C0 00 00 E1 00 00
T$1B s1 f 84 1B 90 68 00 20 00 00 00 00 20 00 00 E1 00 00
T$1B s1 f 85 1B 90 68 00 20 00 00 00 00 80 00 00 E1 00 00
T$1B s1 f 86 1B 90 68 00 20 00 00 00 00 E0 00 00 E1 00 00
T$1B s1 f 87 1B 91 67 00 20 00 00 00 00 40 00 00 E1 00 00
T$1B s1 f 88 1B 91 67 00 20 00 00 00 00 A0 00 00 E1 00 00
T$1B s1 f 89 1B 92 66 00 20 00 00 00 00 00 00 00 E1 00 00
T$1B s1 f 90 1B 92 66 00 20 00 00 00 00 60 00 00 E1 00 00
T$1B s1 f 91 1B 92 66 00 20 00 00 00 00 C0 00 00 E1 00 00
T$1B s1 f 92 1B 93 65 00 20 00 00 00 00 20 00 00 E1 00 00
T$1B s1 f 93 1B 93 65 00 20 00 00 00 00 80 00 00 E1 00 00
T$1B s1 f 94 1B 93 65 00 20 00 00 00 00 E0 00 00 E1 00 00
T$1B s1 f 95 1B 94 64 00 20 00 00 00 00 40 00 00 E1 00 00
T$1B s1 f 96 1B 94 64 00 20 00 00 00 00 A0 00 00 E1 00 00
T$1B s1 f 97 1B 95 63 00 20 00 00 00 00 00 00 00 E1 00 00
T$1B s1 f 98 1B 95 63 00 20 00 00 00 00 60 00 00 E1 00 00
T$1B s1 f 99 1B 95 63 00 20 00 00 00 00 C0 00 00 E1 00 00
T$1B s1 f100 1B 96 62 00 20 00 00 00 00 20 00 00 E1 00 00
T$1B s1 f101 1B 96 62 00 20 00 00 00 00 80 00 00 E1 00 00
T$1B s1 f102 1B 96 62 00 20 00 00 00 00 E0 00 00 E1 00 00
T$1B s1 f103 1B 97 61 00 20 00 00 00 00 40 00 00 E1 00 00
T$1B s1 f104 1B 97 61 00 20 00 00 00 00 A0 00 00 E1 00 00
T$1B s1 f105 1B 98 60 00 20 00 00 00 00 00 00 00 E1 00 00
T$1B s1 f106 1B 98 60 00 20 00 00 00 00 80 00 00 E1 00 00
T$1B s1 f107 1B 99 5F 00 20 00 00 00 00 00 00 00 E1 00 00
T$1B s1 f108 1B 99 5F 00 20 00 00 00 00 80 00 00 E1 00 00
T$1B s1 f109 1B 9A 5E 00 20 00 00 00 00 00 00 00 E1 00 00
T$1B s1 f110 1B 9A 5E 00 20 00 00 00 00 80 00 00 E1 00 00
T$1B s1 f111 1B 9B 5D 00 20 00 00 00 00 00 00 00 E1 00 00
T$1B s1 f112 1B 9B 5D 00 20 00 00 00 00 80 00 00 E1 00 00
T$1B s1 f113 1B 9C 5C 00 20 00 00 00 00 00 00 00 E1 00 00
T$1B s1 f114 1B 9C 5C 00 20 00 00 00 00 80 00 00 E1 00 00
T$1B s1 f115 1B 9D 5B 00 20 00 00 00 00 00 00 00 E1 00 00
T$1B s1 f116 1B 9D 5B 00 20 00 00 00 00 80 00 00 E1 00 00
T$1B s1 f117 1B 9E 5A 00 20 00 00 00 00 00 00 00 E1 00 00
T$1B s1 f118 1B 9E 5A 00 20 00 00 00 00 80 00 00 E1 00 00
T$1B s1 f119 1B 9F 59 00 20 00 00 00 00 00 00 00 E1 00 00
T$1B s1 f120 1B 9F 59 00 20 00 00 00 00 80 00 00 E1 00 00
T$1B s1 f121 1B A0 58 00 20 00 00 00 00 00 00 00 E1 00 00
T$1B s1 f122 1B A0 58 00 20 00 00 00 00 80 00 00 E1 00 00
T$1B s1 f123 1B A1 57 00 20 00 00 00 00 00 00 00 E1 00 00
T$1B s1 f124 1B A1 57 00 20 00 00 00 00 80 00 00 E1 00 00
T$1B s1 f125 1B A2 56 00 20 00 00 00 00 00 00 00 E1 00 00
T$1B s1 f126 1B A2 56 00 20 00 00 00 00 80 00 00 E1 00 00
T$1B s1 f127 1B A3 55 00 20 00 00 00 00 00 00 00 E1 00 00
T$1B s1 f128 1B A3 55 00 20 00 00 00 00 80 00 00 E1 00 00
T$1B s1 f129 1B A4 54 00 20 00 00 00 00 00 00 00 E1 00 00
T$1B s1 f130 1B A4 54 00 20 00 00 00 00 80 00 00 E1 00 00
T$1B s1 f131 1B A5 53 00 20 00 00 00 00 00 00 00 E1 00 00
T$1B s1 f132 1B A5 53 00 20 00 00 00 00 80 00 00 E1 00 00
T$1B s1 f133 1B A6 52 00 20 00 00 00 00 00 00 00 E1 00 00
T$1B s1 f134 1B A6 52 00 20 00 00 00 00 80 00 00 E1 00 00
T$1B s1 f135 1B A7 51 00 20 00 00 00 00 00 00 00 E1 00 00
T$1B s1 f136 1B A7 51 00 20 00 00 00 00 80 00 00 E1 00 00
T$1B s1 f137 1B A8 50 00 20 00 00 00 00 00 00 00 E1 00 00
T$1B s1 f138 1B A8 50 00 20 00 00 00 00 A0 00 00 E1 00 00
T$1B s1 f139 1B A9 4F 00 20 00 00 00 00 40 00 00 E1 00 00
T$1B s1 f140 1B A9 4F 00 20 00 00 00 00 E0 00 00 E1 00 00
T$1B s1 f141 1B AA 4E 00 20 00 00 00 00 80 00 00 E1 00 00
T$1B s1 f142 1B AB 4D 00 20 00 00 00 00 20 00 00 E1 00 00
T$1B s1 f143 1B AB 4D 00 20 00 00 00 00 C0 00 00 E1 00 00
T$1B s1 f144 1B AC 4C 00 20 00 00 00 00 60 00 00 E1 00 00
T$1B s1 f145 1B AD 4B 00 20 00 00 00 00 00 00 00 E1 00 00
T$1B s1 f146 1B AD 4B 00 20 00 00 00 00 A0 00 00 E1 00 00
T$1B s1 f147 1B AE 4A 00 20 00 00 00 00 40 00 00 E1 00 00
T$1B s1 f148 1B AE 4A 00 20 00 00 00 00 E0 00 00 E1 00 00
T$1B s1 f149 1B AF 49 00 20 00 00 00 00 80 00 00 E1 00 00
T$1B s1 f150 1B B0 48 00 20 00 00 00 00 20 00 00 E1 00 00
T$1B s1 f151 1B B0 48 00 20 00 00 00 00 C0 00 00 E1 00 00
T$1B s1 f152 1B B1 47 00 20 00 00 00 00 60 00 00 E1 00 00
T$1B s1 f153 1B B2 46 00 20 00 00 00 00 00 00 00 E1 00 00
T$1B s1 f154 1B B2 46 00 20 00 00 00 00 A0 00 00 E1 00 00
T$1B s1 f155 1B B3 45 00 20 00 00 00 00 40 00 00 E1 00 00
T$1B s1 f156 1B B3 45 00 20 00 00 00 00 E0 00 00 E1 00 00
T$1B s1 f157 1B B4 44 00 20 00 00 00 00 80 00 00 E1 00 00
T$1B s1 f158 1B B5 43 00 20 00 00 00 00 20 00 00 E1 00 00
T$1B s1 f159 1B B5 43 00 20 00 00 00 00 C0 00 00 E1 00 00
T$1B s1 f160 1B B6 42 00 20 00 00 00 00 60 00 00 E1 00 00
T$1B s1 f161 1B B7 41 00 20 00 00 00 00 00 00 00 E1 00 00
T$1B s1 f162 1B B7 41 00 20 00 00 00 00 A0 00 00 E1 00 00
T$1B s1 f163 1B B8 40 00 20 00 00 00 00 40 00 00 E1 00 00
T$1B s1 f164 1B B8 40 00 20 00 00 00 00 E0 00 00 E1 00 00
T$1B s1 f165 1B B9 3F 00 20 00 00 00 00 80 00 00 E1 00 00
T$1B s1 f166 1B BA 3E 00 20 00 00 00 00 20 00 00 E1 00 00
T$1B s1 f167 1B BA 3E 00 20 00 00 00 00 C0 00 00 E1 00 00
T$1B s1 f168 1B BB 3D 00 20 00 00 00 00 60 00 00 E1 00 00
T$1B s1 f169 1B BC 3C 00 20 00 00 00 00 00 00 00 E1 00 00
T$1B s1 f170 1B BC 3C 00 20 00 00 00 00 C0 00 00 E1 00 00
T$1B s1 f171 1B BD 3B 00 20 00 00 00 00 80 00 00 E1 00 00
T$1B s1 f172 1B BD 3A 00 20 00 00 10 00 40 00 00 E1 00 00
T$1B s1 f173 1B BD 39 00 20 00 00 0F 00 00 00 00 E1 00 00
T$1B s1 f174 1B BD 39 00 20 00 00 0E 00 C0 00 00 E1 00 00
T$1B s1 f175 1B BD 38 00 20 00 00 0D 00 80 00 00 E1 00 00
T$1B s1 f176 1B BD 37 00 20 00 00 0C 00 40 00 00 E1 00 00
T$1B s1 f177 1B BD 36 00 20 00 00 0B 00 00 00 00 E1 00 00
T$1B s1 f178 1B BD 36 00 20 00 00 0A 00 C0 00 00 E1 00 00
T$1B s1 f179 1B BD 35 00 20 00 00 09 00 80 00 00 E1 00 00
T$1B s1 f180 1B BD 34 00 20 00 00 08 00 40 00 00 E1 00 00
T$1B s1 f181 1B BD 33 00 20 00 00 07 00 00 00 00 E1 00 00
T$1B s1 f182 1B BD 33 00 20 00 00 06 00 C0 00 00 E1 00 00
T$1B s1 f183 1B BD 32 00 20 00 00 05 00 80 00 00 E1 00 00
T$1B s1 f184 1B BD 31 00 20 00 00 04 00 40 00 00 E1 00 00
T$1B s1 f185 1B BD 30 00 20 00 00 03 00 00 00 00 E1 00 00
T$1B s1 f186 1B BD 30 00 20 00 00 02 00 C0 00 00 E1 00 00
T$1B s1 f187 1B BD 2F 00 20 00 00 01 00 80 00 00 E1 00 00
T$1B s1 f188 1B BE 2E 00 20 00 00 10 00 40 00 00 E1 00 00
T$1B s1 f189 1B BF 2D 00 20 00 00 0F 00 00 00 00 E1 00 00
T$1B s1 f190 1B BF 2D 00 20 00 00 0E 00 C0 00 00 E1 00 00
T$1B s1 f191 1B C0 2C 00 20 00 00 0D 00 80 00 00 E1 00 00
T$1B s1 f192 1B C1 2B 00 20 00 00 0C 00 40 00 00 E1 00 00
T$1B s1 f193 1B C2 2A 00 20 00 00 0B 00 00 00 00 E1 00 00
T$1B s1 f194 1B C2 2A 00 20 00 00 0A 00 C0 00 00 E1 00 00
T$1B s1 f195 1B C3 29 00 20 00 00 09 00 80 00 00 E1 00 00
T$1B s1 f196 1B C4 28 00 20 00 00 08 00 40 00 00 E1 00 00
T$1B s1 f197 1B C5 27 00 20 00 00 07 00 00 00 00 E1 00 00
T$1B s1 f198 1B C5 27 00 20 00 00 06 00 C0 00 00 E1 00 00
T$1B s1 f199 1B C6 26 00 20 00 00 05 00 80 00 00 E1 00 00
T$1B s1 f200 1B C7 25 00 20 00 00 04 00 40 00 00 E1 00 00
T$1B s1 f201 1B C8 24 00 20 00 00 03 00 00 00 00 E1 00 00
T$1B s1 f202 1B C8 24 00 20 00 00 02 00 C0 00 00 E1 00 00
T$1B s1 f203 1B C9 23 00 20 00 00 01 00 80 00 00 E1 00 00
T$1B s1 f204 1B CA 23 00 20 00 00 10 00 40 00 00 E1 00 00
T$1B s1 f205 1B CB 23 00 20 00 00 0F 00 00 00 00 E1 00 00
T$1B s1 f206 1B CB 23 00 20 00 00 0E 00 C0 00 00 E1 00 00
T$1B s1 f207 1B CC 23 00 20 00 00 0D 00 80 00 00 E1 00 00
T$1B s1 f208 1B CD 23 00 20 00 00 0C 00 40 00 00 E1 00 00
T$1B s1 f209 1B CE 23 00 20 00 00 0B 00 00 00 00 E1 00 00
T$1B s1 f210 1B CE 23 00 20 00 00 0A 00 C0 00 00 E1 00 00
T$1B s1 f211 1B CF 23 00 20 00 00 09 00 80 00 00 E1 00 00
T$1B s1 f212 1B D0 23 00 20 00 00 08 00 40 00 00 E1 00 00
T$1B s1 f213 1B D1 23 00 20 00 00 07 00 00 00 00 E1 00 00
T$1B s1 f214 1B D1 23 00 20 00 00 06 00 C0 00 00 E1 00 00
T$1B s1 f215 1B D2 23 00 20 00 00 05 00 80 00 00 E1 00 00
T$1B s1 f216 1B D3 23 00 20 00 00 04 00 40 00 00 E1 00 00
T$1B s1 f217 1B D4 23 00 20 00 00 03 00 00 00 00 E1 00 00
T$1B s1 f218 1B D4 23 00 20 00 00 02 00 C0 00 00 E1 00 00
T$1B s1 f219 1B D5 23 00 20 00 00 01 00 80 00 00 E1 00 00
T$1B s1 f220 1B D6 23 00 20 00 00 10 00 40 00 00 E1 00 00
T$1B s1 f221 1B D7 23 00 20 00 00 0F 00 00 00 00 E1 00 00
T$1B s1 f222 1B D7 23 00 20 00 00 0E 00 C0 00 00 E1 00 00
T$1B s1 f223 1B D8 23 00 20 00 00 0D 00 80 00 00 E1 00 00
T$1B s1 f224 1B D9 23 00 20 00 00 0C 00 40 00 00 E1 00 00
T$1B s1 f225 1B DA 23 00 20 00 00 0B 00 00 00 00 E1 00 00
T$1B s1 f226 1B DA 23 00 20 00 00 0A 00 C0 00 00 E1 00 00
T$1B s1 f227 1B DB 23 00 20 00 00 09 00 80 00 00 E1 00 00
T$1B s1 f228 1B DC 23 00 20 00 00 08 00 40 00 00 E1 00 00
T$1B s1 f229 1B DD 23 00 20 00 00 07 00 00 00 00 E1 00 00
T$1B s1 f230 1B DD 23 00 20 00 00 06 00 C0 00 00 E1 00 00
T$1B s1 f231 1B DE 23 00 20 00 00 05 00 80 00 00 E1 00 00
T$1B s1 f232 1B DF 23 00 20 00 00 04 00 40 00 00 E1 00 00
T$1B s1 f233 1B E0 23 00 20 00 00 03 00 00 00 00 E1 00 00
T$1B s1 f234 1B E0 23 00 20 00 00 02 00 C0 00 00 E1 00 00
T$1B s1 f235 1B E1 23 00 20 00 00 01 00 80 00 00 E1 00 00
T$1B s1 f236 1B E2 22 00 20 00 00 10 00 40 00 00 E1 00 00
T$1B s1 f237 1B E3 21 00 20 00 00 0F 00 00 00 00 E1 00 00
T$1B s1 f238 1B E3 21 00 20 00 00 0E 00 C0 00 00 E1 00 00
T$1B s1 f239 1B E4 20 00 20 00 00 0D 00 80 00 00 E1 00 00
T$1C s1 f  0 1C 80 78 00 20 00 00 03 00 00 00 00 E1 00 00
T$1C s1 f  1 1C 80 78 00 20 00 00 02 00 00 00 00 E1 00 00
T$1C s1 f  2 1C 80 78 00 20 00 00 01 00 00 00 00 E1 00 00
T$1C s1 f  3 1C 80 78 00 20 00 00 06 00 00 00 00 E1 00 00
T$1C s1 f  4 1C 80 78 00 20 00 00 05 00 00 00 00 E1 00 00
T$1C s1 f  5 1C 80 78 00 20 00 00 04 00 00 00 00 E1 00 00
T$1C s1 f  6 1C 80 78 00 20 00 00 03 00 00 00 00 E1 00 00
T$1C s1 f  7 1C 80 78 00 20 00 00 02 00 00 00 00 E1 00 00
T$1C s1 f  8 1C 80 78 00 20 00 00 01 00 00 00 00 E1 00 00
T$1C s1 f  9 1C 80 78 00 20 00 00 06 00 00 00 00 E1 00 00
T$1C s1 f 10 1C 80 78 00 20 00 00 05 00 80 00 00 E1 00 00
T$1C s1 f 11 1C 81 77 00 20 00 00 04 00 00 00 00 E1 00 00
T$1C s1 f 12 1C 81 77 00 20 00 00 03 00 80 00 00 E1 00 00
T$1C s1 f 13 1C 82 76 00 20 00 00 02 00 00 00 00 E1 00 00
T$1C s1 f 14 1C 82 76 00 20 00 00 01 00 80 00 00 E1 00 00
T$1C s1 f 15 1C 83 75 00 20 00 00 00 00 00 00 00 E1 00 00
T$1C s1 f 16 1C 83 75 00 20 00 00 00 00 80 00 00 E1 00 00
T$1C s1 f 17 1C 84 74 00 20 00 00 00 00 00 00 00 E1 00 00
T$1C s1 f 18 1C 84 74 00 20 00 00 00 00 80 00 00 E1 00 00
T$1C s1 f 19 1C 85 73 00 20 00 00 00 00 00 00 00 E1 00 00
T$1C s1 f 20 1C 85 73 00 20 00 00 00 00 80 00 00 E1 00 00
T$1C s1 f 21 1C 86 72 00 20 00 00 00 00 00 00 00 E1 00 00
T$1C s1 f 22 1C 86 72 00 20 00 00 00 00 80 00 00 E1 00 00
T$1C s1 f 23 1C 87 71 00 20 00 00 00 00 00 00 00 E1 00 00
T$1C s1 f 24 1C 87 71 00 20 00 00 00 00 80 00 00 E1 00 00
T$1C s1 f 25 1C 88 70 00 20 00 00 00 00 00 00 00 E1 00 00
T$1C s1 f 26 1C 88 70 00 20 00 00 00 00 80 00 00 E1 00 00
T$1C s1 f 27 1C 89 6F 00 20 00 00 00 00 00 00 00 E1 00 00
T$1C s1 f 28 1C 89 6F 00 20 00 00 00 00 80 00 00 E1 00 00
T$1C s1 f 29 1C 8A 6E 00 20 00 00 00 00 00 00 00 E1 00 00
T$1C s1 f 30 1C 8A 6E 00 20 00 00 00 00 80 00 00 E1 00 00
T$1C s1 f 31 1C 8B 6D 00 20 00 00 00 00 00 00 00 E1 00 00
T$1C s1 f 32 1C 8B 6D 00 20 00 00 00 00 80 00 00 E1 00 00
T$1C s1 f 33 1C 8C 6C 00 20 00 00 00 00 00 00 00 E1 00 00
T$1C s1 f 34 1C 8C 6C 00 20 00 00 00 00 80 00 00 E1 00 00
T$1C s1 f 35 1C 8D 6B 00 20 00 00 00 00 00 00 00 E1 00 00
T$1C s1 f 36 1C 8D 6B 00 20 00 00 00 00 80 00 00 E1 00 00
T$1C s1 f 37 1C 8E 6A 00 20 00 00 00 00 00 00 00 E1 00 00
T$1C s1 f 38 1C 8E 6A 00 20 00 00 00 00 80 00 00 E1 00 00
T$1C s1 f 39 1C 8F 69 00 20 00 00 00 00 00 00 00 E1 00 00
T$1C s1 f 40 1C 8F 69 00 20 00 00 00 00 80 00 00 E1 00 00
T$1C s1 f 41 1C 90 68 00 20 00 00 00 00 00 00 00 E1 00 00
T$1C s1 f 42 1C 90 68 00 20 00 00 00 00 A0 00 00 E1 00 00
T$1C s1 f 43 1C 91 67 00 20 00 00 00 00 40 00 00 E1 00 00
T$1C s1 f 44 1C 91 67 00 20 00 00 00 00 E0 00 00 E1 00 00
T$1C s1 f 45 1C 92 66 00 20 00 00 00 00 80 00 00 E1 00 00
T$1C s1 f 46 1C 93 65 00 20 00 00 00 00 20 00 00 E1 00 00
T$1C s1 f 47 1C 93 65 00 20 00 00 00 00 C0 00 00 E1 00 00
T$1C s1 f 48 1C 94 64 00 20 00 00 00 00 60 00 00 E1 00 00
T$1C s1 f 49 1C 95 63 00 20 00 00 00 00 00 00 00 E1 00 00
T$1C s1 f 50 1C 95 63 00 20 00 00 00 00 A0 00 00 E1 00 00
T$1C s1 f 51 1C 96 62 00 20 00 00 00 00 40 00 00 E1 00 00
T$1C s1 f 52 1C 96 62 00 20 00 00 00 00 E0 00 00 E1 00 00
T$1C s1 f 53 1C 97 61 00 20 00 00 00 00 80 00 00 E1 00 00
T$1C s1 f 54 1C 98 60 00 20 00 00 00 00 20 00 00 E1 00 00
T$1C s1 f 55 1C 98 60 00 20 00 00 00 00 C0 00 00 E1 00 00
T$1C s1 f 56 1C 99 5F 00 20 00 00 00 00 60 00 00 E1 00 00
T$1C s1 f 57 1C 9A 5E 00 20 00 00 00 00 00 00 00 E1 00 00
T$1C s1 f 58 1C 9A 5E 00 20 00 00 00 00 A0 00 00 E1 00 00
T$1C s1 f 59 1C 9B 5D 00 20 00 00 00 00 40 00 00 E1 00 00
T$1C s1 f 60 1C 9B 5D 00 20 00 00 00 00 E0 00 00 E1 00 00
T$1C s1 f 61 1C 9C 5C 00 20 00 00 00 00 80 00 00 E1 00 00
T$1C s1 f 62 1C 9D 5B 00 20 00 00 00 00 20 00 00 E1 00 00
T$1C s1 f 63 1C 9D 5B 00 20 00 00 00 00 C0 00 00 E1 00 00
T$1C s1 f 64 1C 9E 5A 00 20 00 00 00 00 60 00 00 E1 00 00
T$1C s1 f 65 1C 9F 59 00 20 00 00 00 00 00 00 00 E1 00 00
T$1C s1 f 66 1C 9F 59 00 20 00 00 00 00 A0 00 00 E1 00 00
T$1C s1 f 67 1C A0 58 00 20 00 00 00 00 40 00 00 E1 00 00
T$1C s1 f 68 1C A0 58 00 20 00 00 00 00 E0 00 00 E1 00 00
T$1C s1 f 69 1C A1 57 00 20 00 00 00 00 80 00 00 E1 00 00
T$1C s1 f 70 1C A2 56 00 20 00 00 00 00 20 00 00 E1 00 00
T$1C s1 f 71 1C A2 56 00 20 00 00 00 00 C0 00 00 E1 00 00
T$1C s1 f 72 1C A3 55 00 20 00 00 00 00 60 00 00 E1 00 00
T$1C s1 f 73 1C A4 54 00 20 00 00 00 00 00 00 00 E1 00 00
T$1C s1 f 74 1C A4 54 00 20 00 00 00 00 C0 00 00 E1 00 00
T$1C s1 f 75 1C A5 53 00 20 00 00 00 00 80 00 00 E1 00 00
T$1C s1 f 76 1C A6 53 00 20 00 00 10 00 40 00 00 E1 00 00
T$1C s1 f 77 1C A7 53 00 20 00 00 0F 00 00 00 00 E1 00 00
T$1C s1 f 78 1C A7 53 00 20 00 00 0E 00 C0 00 00 E1 00 00
T$1C s1 f 79 1C A8 53 00 20 00 00 0D 00 80 00 00 E1 00 00
T$1C s1 f 80 1C A9 53 00 20 00 00 0C 00 40 00 00 E1 00 00
T$1C s1 f 81 1C AA 53 00 20 00 00 0B 00 00 00 00 E1 00 00
T$1C s1 f 82 1C AA 53 00 20 00 00 0A 00 C0 00 00 E1 00 00
T$1C s1 f 83 1C AB 53 00 20 00 00 09 00 80 00 00 E1 00 00
T$1C s1 f 84 1C AC 53 00 20 00 00 08 00 40 00 00 E1 00 00
T$1C s1 f 85 1C AD 53 00 20 00 00 07 00 00 00 00 E1 00 00
T$1C s1 f 86 1C AD 53 00 20 00 00 06 00 C0 00 00 E1 00 00
T$1C s1 f 87 1C AE 53 00 20 00 00 05 00 80 00 00 E1 00 00
T$1C s1 f 88 1C AF 53 00 20 00 00 04 00 40 00 00 E1 00 00
T$1C s1 f 89 1C B0 53 00 20 00 00 03 00 00 00 00 E1 00 00
T$1C s1 f 90 1C B0 53 00 20 00 00 02 00 C0 00 00 E1 00 00
T$1C s1 f 91 1C B1 53 00 20 00 00 01 00 80 00 00 E1 00 00
T$1C s1 f 92 1C B2 54 00 20 00 00 10 00 40 00 00 E1 00 00
T$1C s1 f 93 1C B3 55 00 20 00 00 0F 00 00 00 00 E1 00 00
T$1C s1 f 94 1C B3 55 00 20 00 00 0E 00 C0 00 00 E1 00 00
T$1C s1 f 95 1C B4 56 00 20 00 00 0D 00 80 00 00 E1 00 00
T$1C s1 f 96 1C B5 57 00 20 00 00 0C 00 40 00 00 E1 00 00
T$1C s1 f 97 1C B6 58 00 20 00 00 0B 00 00 00 00 E1 00 00
T$1C s1 f 98 1C B6 58 00 20 00 00 0A 00 C0 00 00 E1 00 00
T$1C s1 f 99 1C B7 59 00 20 00 00 09 00 80 00 00 E1 00 00
T$1C s1 f100 1C B8 5A 00 20 00 00 08 00 40 00 00 E1 00 00
T$1C s1 f101 1C B9 5B 00 20 00 00 07 00 00 00 00 E1 00 00
T$1C s1 f102 1C B9 5B 00 20 00 00 06 00 C0 00 00 E1 00 00
T$1C s1 f103 1C BA 5C 00 20 00 00 05 00 80 00 00 E1 00 00
T$1C s1 f104 1C BB 5D 00 20 00 00 04 00 40 00 00 E1 00 00
T$1C s1 f105 1C BC 5E 00 20 00 00 03 00 00 00 00 E1 00 00
T$1C s1 f106 1C BC 5E 00 20 00 00 02 00 C0 00 00 E1 00 00
T$1C s1 f107 1C BD 5F 00 20 00 00 01 00 80 00 00 E1 00 00
T$1C s1 f108 1C BD 60 00 20 00 00 10 00 40 00 00 E1 00 00
T$1C s1 f109 1C BD 61 00 20 00 00 0F 00 00 00 00 E1 00 00
T$1C s1 f110 1C BD 61 00 20 00 00 0E 00 C0 00 00 E1 00 00
T$1C s1 f111 1C BD 62 00 20 00 00 0D 00 80 00 00 E1 00 00
T$1C s1 f112 1C BD 63 00 20 00 00 0C 00 40 00 00 E1 00 00
T$1C s1 f113 1C BD 64 00 20 00 00 0B 00 00 00 00 E1 00 00
T$1C s1 f114 1C BD 64 00 20 00 00 0A 00 C0 00 00 E1 00 00
T$1C s1 f115 1C BD 65 00 20 00 00 09 00 80 00 00 E1 00 00
T$1C s1 f116 1C BD 66 00 20 00 00 08 00 40 00 00 E1 00 00
T$1C s1 f117 1C BD 67 00 20 00 00 07 00 00 00 00 E1 00 00
T$1C s1 f118 1C BD 67 00 20 00 00 06 00 C0 00 00 E1 00 00
T$1C s1 f119 1C BD 68 00 20 00 00 05 00 80 00 00 E1 00 00
T$1C s1 f120 1C BD 69 00 20 00 00 04 00 40 00 00 E1 00 00
T$1C s1 f121 1C BD 6A 00 20 00 00 03 00 00 00 00 E1 00 00
T$1C s1 f122 1C BD 6A 00 20 00 00 02 00 C0 00 00 E1 00 00
T$1C s1 f123 1C BD 6B 00 20 00 00 01 00 80 00 00 E1 00 00
T$1C s1 f124 1C BD 6C 00 20 00 00 10 00 40 00 00 E1 00 00
T$1C s1 f125 1C BD 6D 00 20 00 00 0F 00 00 00 00 E1 00 00
T$1C s1 f126 1C BD 6D 00 20 00 00 0E 00 C0 00 00 E1 00 00
T$1C s1 f127 1C BD 6E 00 20 00 00 0D 00 80 00 00 E1 00 00
T$1C s1 f128 1C BD 6F 00 20 00 00 0C 00 40 00 00 E1 00 00
T$1C s1 f129 1C BD 70 00 20 00 00 0B 00 00 00 00 E1 00 00
T$1C s1 f130 1C BD 70 00 20 00 00 0A 00 C0 00 00 E1 00 00
T$1C s1 f131 1C BD 71 00 20 00 00 09 00 80 00 00 E1 00 00
T$1C s1 f132 1C BD 72 00 20 00 00 08 00 40 00 00 E1 00 00
T$1C s1 f133 1C BD 73 00 20 00 00 07 00 00 00 00 E1 00 00
T$1C s1 f134 1C BD 73 00 20 00 00 06 00 C0 00 00 E1 00 00
T$1C s1 f135 1C BD 74 00 20 00 00 05 00 80 00 00 E1 00 00
T$1C s1 f136 1C BD 75 00 20 00 00 04 00 40 00 00 E1 00 00
T$1C s1 f137 1C BD 76 00 20 00 00 03 00 00 00 00 E1 00 00
T$1C s1 f138 1C BD 76 00 20 00 00 02 00 C0 00 00 E1 00 00
T$1C s1 f139 1C BD 77 00 20 00 00 01 00 80 00 00 E1 00 00
T$1C s1 f140 1C BC 78 00 20 00 00 10 00 40 00 00 E1 00 00
T$1C s1 f141 1C BB 79 00 20 00 00 0F 00 00 00 00 E1 00 00
T$1C s1 f142 1C BB 79 00 20 00 00 0E 00 C0 00 00 E1 00 00
T$1C s1 f143 1C BA 7A 00 20 00 00 0D 00 80 00 00 E1 00 00
T$1C s1 f144 1C B9 7B 00 20 00 00 0C 00 40 00 00 E1 00 00
T$1C s1 f145 1C B8 7C 00 20 00 00 0B 00 00 00 00 E1 00 00
T$1C s1 f146 1C B8 7C 00 20 00 00 0A 00 C0 00 00 E1 00 00
T$1C s1 f147 1C B7 7D 00 20 00 00 09 00 80 00 00 E1 00 00
T$1C s1 f148 1C B6 7E 00 20 00 00 08 00 40 00 00 E1 00 00
T$1C s1 f149 1C B5 7F 00 20 00 00 07 00 00 00 00 E1 00 00
T$1C s1 f150 1C B5 7F 00 20 00 00 06 00 C0 00 00 E1 00 00
T$1C s1 f151 1C B4 80 00 20 00 00 05 00 80 00 00 E1 00 00
T$1C s1 f152 1C B3 81 00 20 00 00 04 00 40 00 00 E1 00 00
T$1C s1 f153 1C B2 82 00 20 00 00 03 00 00 00 00 E1 00 00
T$1C s1 f154 1C B2 82 00 20 00 00 02 00 C0 00 00 E1 00 00
T$1C s1 f155 1C B1 83 00 20 00 00 01 00 80 00 00 E1 00 00
T$1C s1 f156 1C B0 84 00 20 00 00 00 00 40 00 00 E1 00 00
T$1C s1 f157 1C AF 85 00 20 00 00 00 00 00 00 00 E1 00 00
T$1C s1 f158 1C AF 85 00 20 00 00 10 00 C0 00 00 E1 00 00
T$1C s1 f159 1C AE 86 00 20 00 00 0F 00 80 00 00 E1 00 00
T$1C s1 f160 1C AD 87 00 20 00 00 0E 00 40 00 00 E1 00 00
T$1C s1 f161 1C AC 88 00 20 00 00 0D 00 00 00 00 E1 00 00
T$1C s1 f162 1C AC 88 00 20 00 00 0C 00 C0 00 00 E1 00 00
T$1C s1 f163 1C AB 89 00 20 00 00 0B 00 80 00 00 E1 00 00
T$1C s1 f164 1C AA 8A 00 20 00 00 0A 00 40 00 00 E1 00 00
T$1C s1 f165 1C A9 8B 00 20 00 00 09 00 00 00 00 E1 00 00
T$1C s1 f166 1C A9 8B 00 20 00 00 08 00 C0 00 00 E1 00 00
T$1C s1 f167 1C A8 8C 00 20 00 00 07 00 80 00 00 E1 00 00
T$1C s1 f168 1C A7 8D 00 20 00 00 06 00 40 00 00 E1 00 00
T$1C s1 f169 1C A6 8E 00 20 00 00 05 00 00 00 00 E1 00 00
T$1C s1 f170 1C A6 8E 00 20 00 00 04 00 C0 00 00 E1 00 00
T$1C s1 f171 1C A5 8F 00 20 00 00 03 00 80 00 00 E1 00 00
T$1C s1 f172 1C A4 90 00 20 00 00 02 00 40 00 00 E1 00 00
T$1C s1 f173 1C A3 91 00 20 00 00 01 00 00 00 00 E1 00 00
T$1C s1 f174 1C A3 91 00 20 00 00 10 00 C0 00 00 E1 00 00
T$1C s1 f175 1C A2 92 00 20 00 00 0F 00 80 00 00 E1 00 00
T$1C s1 f176 1C A1 93 00 20 00 00 0E 00 40 00 00 E1 00 00
T$1C s1 f177 1C A0 94 00 20 00 00 0D 00 00 00 00 E1 00 00
T$1C s1 f178 1C A0 94 00 20 00 00 0C 00 C0 00 00 E1 00 00
T$1C s1 f179 1C 9F 95 00 20 00 00 0B 00 80 00 00 E1 00 00
T$1C s1 f180 1C 9E 96 00 20 00 00 0A 00 40 00 00 E1 00 00
T$1C s1 f181 1C 9D 97 00 20 00 00 09 00 00 00 00 E1 00 00
T$1C s1 f182 1C 9D 97 00 20 00 00 08 00 C0 00 00 E1 00 00
T$1C s1 f183 1C 9C 98 00 20 00 00 07 00 80 00 00 E1 00 00
T$1C s1 f184 1C 9B 99 00 20 00 00 06 00 40 00 00 E1 00 00
T$1C s1 f185 1C 9A 9A 00 20 00 00 05 00 00 00 00 E1 00 00
T$1C s1 f186 1C 9A 9A 00 20 00 00 04 00 C0 00 00 E1 00 00
T$1C s1 f187 1C 99 9B 00 20 00 00 03 00 80 00 00 E1 00 00
T$1C s1 f188 1C 98 9C 00 20 00 00 02 00 40 00 00 E1 00 00
T$1C s1 f189 1C 97 9D 00 20 00 00 01 00 00 00 00 E1 00 00
T$1C s1 f190 1C 97 9D 00 20 00 00 10 00 C0 00 00 E1 00 00
T$1C s1 f191 1C 96 9E 00 20 00 00 0F 00 80 00 00 E1 00 00
T$1C s1 f192 1C 95 9F 00 20 00 00 0E 00 40 00 00 E1 00 00
T$1C s1 f193 1C 94 A0 00 20 00 00 0D 00 00 00 00 E1 00 00
T$1C s1 f194 1C 94 A0 00 20 00 00 0C 00 C0 00 00 E1 00 00
T$1C s1 f195 1C 93 A1 00 20 00 00 0B 00 80 00 00 E1 00 00
T$1C s1 f196 1C 92 A2 00 20 00 00 0A 00 40 00 00 E1 00 00
T$1C s1 f197 1C 91 A3 00 20 00 00 09 00 00 00 00 E1 00 00
T$1C s1 f198 1C 91 A3 00 20 00 00 08 00 C0 00 00 E1 00 00
T$1C s1 f199 1C 90 A4 00 20 00 00 07 00 80 00 00 E1 00 00
T$1C s1 f200 1C 8F A5 00 20 00 00 06 00 40 00 00 E1 00 00
T$1C s1 f201 1C 8E A6 00 20 00 00 05 00 00 00 00 E1 00 00
T$1C s1 f202 1C 8E A6 00 20 00 00 04 00 C0 00 00 E1 00 00
T$1C s1 f203 1C 8D A7 00 20 00 00 03 00 80 00 00 E1 00 00
T$1C s1 f204 1C 8C A8 00 20 00 00 02 00 40 00 00 E1 00 00
T$1C s1 f205 1C 8B A9 00 20 00 00 01 00 00 00 00 E1 00 00
T$1C s1 f206 1C 8B A9 00 20 00 00 10 00 C0 00 00 E1 00 00
T$1C s1 f207 1C 8A A9 00 20 00 00 0F 00 80 00 00 E1 00 00
T$1C s1 f208 1C 89 A9 00 20 00 00 0E 00 40 00 00 E1 00 00
T$1C s1 f209 1C 88 A9 00 20 00 00 0D 00 00 00 00 E1 00 00
T$1C s1 f210 1C 88 A9 00 20 00 00 0C 00 C0 00 00 E1 00 00
T$1C s1 f211 1C 87 A9 00 20 00 00 0B 00 80 00 00 E1 00 00
T$1C s1 f212 1C 86 A9 00 20 00 00 0A 00 40 00 00 E1 00 00
T$1C s1 f213 1C 85 A9 00 20 00 00 09 00 00 00 00 E1 00 00
T$1C s1 f214 1C 85 A9 00 20 00 00 08 00 C0 00 00 E1 00 00
T$1C s1 f215 1C 84 A9 00 20 00 00 07 00 80 00 00 E1 00 00
T$1C s1 f216 1C 83 A9 00 20 00 00 06 00 40 00 00 E1 00 00
T$1C s1 f217 1C 82 A9 00 20 00 00 05 00 00 00 00 E1 00 00
T$1C s1 f218 1C 82 A9 00 20 00 00 04 00 C0 00 00 E1 00 00
T$1C s1 f219 1C 81 A9 00 20 00 00 03 00 80 00 00 E1 00 00
T$1C s1 f220 1C 80 A9 00 20 00 00 02 00 40 00 00 E1 00 00
T$1C s1 f221 1C 7F A9 00 20 00 00 01 00 00 00 00 E1 00 00
T$1C s1 f222 1C 7F A9 00 20 00 00 10 00 C0 00 00 E1 00 00
T$1C s1 f223 1C 7E A9 00 20 00 00 0F 00 80 00 00 E1 00 00
T$1C s1 f224 1C 7D A9 00 20 00 00 0E 00 40 00 00 E1 00 00
T$1C s1 f225 1C 7C A9 00 20 00 00 0D 00 00 00 00 E1 00 00
T$1C s1 f226 1C 7C A9 00 20 00 00 0C 00 C0 00 00 E1 00 00
T$1C s1 f227 1C 7B A9 00 20 00 00 0B 00 80 00 00 E1 00 00
T$1C s1 f228 1C 7A A9 00 20 00 00 0A 00 40 00 00 E1 00 00
T$1C s1 f229 1C 79 A9 00 20 00 00 09 00 00 00 00 E1 00 00
T$1C s1 f230 1C 79 A9 00 20 00 00 08 00 C0 00 00 E1 00 00
T$1C s1 f231 1C 78 A9 00 20 00 00 07 00 80 00 00 E1 00 00
T$1C s1 f232 1C 77 A9 00 20 00 00 06 00 40 00 00 E1 00 00
T$1C s1 f233 1C 76 A9 00 20 00 00 05 00 00 00 00 E1 00 00
T$1C s1 f234 1C 76 A9 00 20 00 00 04 00 C0 00 00 E1 00 00
T$1C s1 f235 1C 75 A9 00 20 00 00 03 00 80 00 00 E1 00 00
T$1C s1 f236 1C 74 A9 00 20 00 00 02 00 40 00 00 E1 00 00
T$1C s1 f237 1C 73 A9 00 20 00 00 01 00 00 00 00 E1 00 00
T$1C s1 f238 1C 73 A9 00 20 00 00 00 00 C0 00 00 E1 00 00
T$1C s1 f239 1C 72 A9 00 20 00 00 00 00 80 00 00 E1 00 00
T$1D s1 f  0 1D 80 78 00 20 00 00 03 00 00 00 00 E1 00 00
T$1D s1 f  1 1D 80 78 00 20 00 00 02 00 00 00 00 E1 00 00
T$1D s1 f  2 1D 80 78 00 20 00 00 01 00 00 00 00 E1 00 00
T$1D s1 f  3 1D 80 78 00 20 00 00 06 00 00 00 00 E1 00 00
T$1D s1 f  4 1D 80 78 00 20 00 00 05 00 00 00 00 E1 00 00
T$1D s1 f  5 1D 80 78 00 20 00 00 04 00 00 00 00 E1 00 00
T$1D s1 f  6 1D 80 78 00 20 00 00 03 00 00 00 00 E1 00 00
T$1D s1 f  7 1D 80 78 00 20 00 00 02 00 00 00 00 E1 00 00
T$1D s1 f  8 1D 80 78 00 20 00 00 01 00 00 00 00 E1 00 00
T$1D s1 f  9 1D 80 78 00 20 00 00 06 00 00 00 00 E1 00 00
T$1D s1 f 10 1D 80 78 00 20 00 00 05 00 80 00 00 E1 00 00
T$1D s1 f 11 1D 81 77 00 20 00 00 04 00 00 00 00 E1 00 00
T$1D s1 f 12 1D 81 77 00 20 00 00 03 00 80 00 00 E1 00 00
T$1D s1 f 13 1D 82 76 00 20 00 00 02 00 00 00 00 E1 00 00
T$1D s1 f 14 1D 82 76 00 20 00 00 01 00 80 00 00 E1 00 00
T$1D s1 f 15 1D 83 75 00 20 00 00 00 00 00 00 00 E1 00 00
T$1D s1 f 16 1D 83 75 00 20 00 00 00 00 80 00 00 E1 00 00
T$1D s1 f 17 1D 84 74 00 20 00 00 00 00 00 00 00 E1 00 00
T$1D s1 f 18 1D 84 74 00 20 00 00 00 00 80 00 00 E1 00 00
T$1D s1 f 19 1D 85 73 00 20 00 00 00 00 00 00 00 E1 00 00
T$1D s1 f 20 1D 85 73 00 20 00 00 00 00 80 00 00 E1 00 00
T$1D s1 f 21 1D 86 72 00 20 00 00 00 00 00 00 00 E1 00 00
T$1D s1 f 22 1D 86 72 00 20 00 00 00 00 80 00 00 E1 00 00
T$1D s1 f 23 1D 87 71 00 20 00 00 00 00 00 00 00 E1 00 00
T$1D s1 f 24 1D 87 71 00 20 00 00 00 00 80 00 00 E1 00 00
T$1D s1 f 25 1D 88 70 00 20 00 00 00 00 00 00 00 E1 00 00
T$1D s1 f 26 1D 88 70 00 20 00 00 00 00 80 00 00 E1 00 00
T$1D s1 f 27 1D 89 6F 00 20 00 00 00 00 00 00 00 E1 00 00
T$1D s1 f 28 1D 89 6F 00 20 00 00 00 00 80 00 00 E1 00 00
T$1D s1 f 29 1D 8A 6E 00 20 00 00 00 00 00 00 00 E1 00 00
T$1D s1 f 30 1D 8A 6E 00 20 00 00 00 00 80 00 00 E1 00 00
T$1D s1 f 31 1D 8B 6D 00 20 00 00 00 00 00 00 00 E1 00 00
T$1D s1 f 32 1D 8B 6D 00 20 00 00 00 00 80 00 00 E1 00 00
T$1D s1 f 33 1D 8C 6C 00 20 00 00 00 00 00 00 00 E1 00 00
T$1D s1 f 34 1D 8C 6C 00 20 00 00 00 00 80 00 00 E1 00 00
T$1D s1 f 35 1D 8D 6B 00 20 00 00 00 00 00 00 00 E1 00 00
T$1D s1 f 36 1D 8D 6B 00 20 00 00 00 00 80 00 00 E1 00 00
T$1D s1 f 37 1D 8E 6A 00 20 00 00 00 00 00 00 00 E1 00 00
T$1D s1 f 38 1D 8E 6A 00 20 00 00 00 00 80 00 00 E1 00 00
T$1D s1 f 39 1D 8F 69 00 20 00 00 00 00 00 00 00 E1 00 00
T$1D s1 f 40 1D 8F 69 00 20 00 00 00 00 80 00 00 E1 00 00
T$1D s1 f 41 1D 90 68 00 20 00 00 00 00 00 00 00 E1 00 00
T$1D s1 f 42 1D 90 68 00 20 00 00 00 00 A0 00 00 E1 00 00
T$1D s1 f 43 1D 91 67 00 20 00 00 00 00 40 00 00 E1 00 00
T$1D s1 f 44 1D 91 67 00 20 00 00 00 00 E0 00 00 E1 00 00
T$1D s1 f 45 1D 92 66 00 20 00 00 00 00 80 00 00 E1 00 00
T$1D s1 f 46 1D 93 65 00 20 00 00 00 00 20 00 00 E1 00 00
T$1D s1 f 47 1D 93 65 00 20 00 00 00 00 C0 00 00 E1 00 00
T$1D s1 f 48 1D 94 64 00 20 00 00 00 00 60 00 00 E1 00 00
T$1D s1 f 49 1D 95 63 00 20 00 00 00 00 00 00 00 E1 00 00
T$1D s1 f 50 1D 95 63 00 20 00 00 00 00 A0 00 00 E1 00 00
T$1D s1 f 51 1D 96 62 00 20 00 00 00 00 40 00 00 E1 00 00
T$1D s1 f 52 1D 96 62 00 20 00 00 00 00 E0 00 00 E1 00 00
T$1D s1 f 53 1D 97 61 00 20 00 00 00 00 80 00 00 E1 00 00
T$1D s1 f 54 1D 98 60 00 20 00 00 00 00 20 00 00 E1 00 00
T$1D s1 f 55 1D 98 60 00 20 00 00 00 00 C0 00 00 E1 00 00
T$1D s1 f 56 1D 99 5F 00 20 00 00 00 00 60 00 00 E1 00 00
T$1D s1 f 57 1D 9A 5E 00 20 00 00 00 00 00 00 00 E1 00 00
T$1D s1 f 58 1D 9A 5E 00 20 00 00 00 00 A0 00 00 E1 00 00
T$1D s1 f 59 1D 9B 5D 00 20 00 00 00 00 40 00 00 E1 00 00
T$1D s1 f 60 1D 9B 5D 00 20 00 00 00 00 E0 00 00 E1 00 00
T$1D s1 f 61 1D 9C 5C 00 20 00 00 00 00 80 00 00 E1 00 00
T$1D s1 f 62 1D 9D 5B 00 20 00 00 00 00 20 00 00 E1 00 00
T$1D s1 f 63 1D 9D 5B 00 20 00 00 00 00 C0 00 00 E1 00 00
T$1D s1 f 64 1D 9E 5A 00 20 00 00 00 00 60 00 00 E1 00 00
T$1D s1 f 65 1D 9F 59 00 20 00 00 00 00 00 00 00 E1 00 00
T$1D s1 f 66 1D 9F 59 00 20 00 00 00 00 A0 00 00 E1 00 00
T$1D s1 f 67 1D A0 58 00 20 00 00 00 00 40 00 00 E1 00 00
T$1D s1 f 68 1D A0 58 00 20 00 00 00 00 E0 00 00 E1 00 00
T$1D s1 f 69 1D A1 57 00 20 00 00 00 00 80 00 00 E1 00 00
T$1D s1 f 70 1D A2 56 00 20 00 00 00 00 20 00 00 E1 00 00
T$1D s1 f 71 1D A2 56 00 20 00 00 00 00 C0 00 00 E1 00 00
T$1D s1 f 72 1D A3 55 00 20 00 00 00 00 60 00 00 E1 00 00
T$1D s1 f 73 1D A4 54 00 20 00 00 00 00 00 00 00 E1 00 00
T$1D s1 f 74 1D A4 54 00 20 00 00 00 00 C0 00 00 E1 00 00
T$1D s1 f 75 1D A5 53 00 20 00 00 00 00 80 00 00 E1 00 00
T$1D s1 f 76 1D A6 53 00 20 00 00 10 00 40 00 00 E1 00 00
T$1D s1 f 77 1D A7 53 00 20 00 00 0F 00 00 00 00 E1 00 00
T$1D s1 f 78 1D A7 53 00 20 00 00 0E 00 C0 00 00 E1 00 00
T$1D s1 f 79 1D A8 53 00 20 00 00 0D 00 80 00 00 E1 00 00
T$1D s1 f 80 1D A9 53 00 20 00 00 0C 00 40 00 00 E1 00 00
T$1D s1 f 81 1D AA 53 00 20 00 00 0B 00 00 00 00 E1 00 00
T$1D s1 f 82 1D AA 53 00 20 00 00 0A 00 C0 00 00 E1 00 00
T$1D s1 f 83 1D AB 53 00 20 00 00 09 00 80 00 00 E1 00 00
T$1D s1 f 84 1D AC 53 00 20 00 00 08 00 40 00 00 E1 00 00
T$1D s1 f 85 1D AD 53 00 20 00 00 07 00 00 00 00 E1 00 00
T$1D s1 f 86 1D AD 53 00 20 00 00 06 00 C0 00 00 E1 00 00
T$1D s1 f 87 1D AE 53 00 20 00 00 05 00 80 00 00 E1 00 00
T$1D s1 f 88 1D AF 53 00 20 00 00 04 00 40 00 00 E1 00 00
T$1D s1 f 89 1D B0 53 00 20 00 00 03 00 00 00 00 E1 00 00
T$1D s1 f 90 1D B0 53 00 20 00 00 02 00 C0 00 00 E1 00 00
T$1D s1 f 91 1D B1 53 00 20 00 00 01 00 80 00 00 E1 00 00
T$1D s1 f 92 1D B2 54 00 20 00 00 10 00 40 00 00 E1 00 00
T$1D s1 f 93 1D B3 55 00 20 00 00 0F 00 00 00 00 E1 00 00
T$1D s1 f 94 1D B3 55 00 20 00 00 0E 00 C0 00 00 E1 00 00
T$1D s1 f 95 1D B4 56 00 20 00 00 0D 00 80 00 00 E1 00 00
T$1D s1 f 96 1D B5 57 00 20 00 00 0C 00 40 00 00 E1 00 00
T$1D s1 f 97 1D B6 58 00 20 00 00 0B 00 00 00 00 E1 00 00
T$1D s1 f 98 1D B6 58 00 20 00 00 0A 00 C0 00 00 E1 00 00
T$1D s1 f 99 1D B7 59 00 20 00 00 09 00 80 00 00 E1 00 00
T$1D s1 f100 1D B8 5A 00 20 00 00 08 00 40 00 00 E1 00 00
T$1D s1 f101 1D B9 5B 00 20 00 00 07 00 00 00 00 E1 00 00
T$1D s1 f102 1D B9 5B 00 20 00 00 06 00 C0 00 00 E1 00 00
T$1D s1 f103 1D BA 5C 00 20 00 00 05 00 80 00 00 E1 00 00
T$1D s1 f104 1D BB 5D 00 20 00 00 04 00 40 00 00 E1 00 00
T$1D s1 f105 1D BC 5E 00 20 00 00 03 00 00 00 00 E1 00 00
T$1D s1 f106 1D BC 5E 00 20 00 00 02 00 C0 00 00 E1 00 00
T$1D s1 f107 1D BD 5F 00 20 00 00 01 00 80 00 00 E1 00 00
T$1D s1 f108 1D BD 60 00 20 00 00 10 00 40 00 00 E1 00 00
T$1D s1 f109 1D BD 61 00 20 00 00 0F 00 00 00 00 E1 00 00
T$1D s1 f110 1D BD 61 00 20 00 00 0E 00 C0 00 00 E1 00 00
T$1D s1 f111 1D BD 62 00 20 00 00 0D 00 80 00 00 E1 00 00
T$1D s1 f112 1D BD 63 00 20 00 00 0C 00 40 00 00 E1 00 00
T$1D s1 f113 1D BD 64 00 20 00 00 0B 00 00 00 00 E1 00 00
T$1D s1 f114 1D BD 64 00 20 00 00 0A 00 C0 00 00 E1 00 00
T$1D s1 f115 1D BD 65 00 20 00 00 09 00 80 00 00 E1 00 00
T$1D s1 f116 1D BD 66 00 20 00 00 08 00 40 00 00 E1 00 00
T$1D s1 f117 1D BD 67 00 20 00 00 07 00 00 00 00 E1 00 00
T$1D s1 f118 1D BD 67 00 20 00 00 06 00 C0 00 00 E1 00 00
T$1D s1 f119 1D BD 68 00 20 00 00 05 00 80 00 00 E1 00 00
T$1D s1 f120 1D BD 69 00 20 00 00 04 00 40 00 00 E1 00 00
T$1D s1 f121 1D BD 6A 00 20 00 00 03 00 00 00 00 E1 00 00
T$1D s1 f122 1D BD 6A 00 20 00 00 02 00 C0 00 00 E1 00 00
T$1D s1 f123 1D BD 6B 00 20 00 00 01 00 80 00 00 E1 00 00
T$1D s1 f124 1D BD 6C 00 20 00 00 10 00 40 00 00 E1 00 00
T$1D s1 f125 1D BD 6D 00 20 00 00 0F 00 00 00 00 E1 00 00
T$1D s1 f126 1D BD 6D 00 20 00 00 0E 00 C0 00 00 E1 00 00
T$1D s1 f127 1D BD 6E 00 20 00 00 0D 00 80 00 00 E1 00 00
T$1D s1 f128 1D BD 6F 00 20 00 00 0C 00 40 00 00 E1 00 00
T$1D s1 f129 1D BD 70 00 20 00 00 0B 00 00 00 00 E1 00 00
T$1D s1 f130 1D BD 70 00 20 00 00 0A 00 C0 00 00 E1 00 00
T$1D s1 f131 1D BD 71 00 20 00 00 09 00 80 00 00 E1 00 00
T$1D s1 f132 1D BD 72 00 20 00 00 08 00 40 00 00 E1 00 00
T$1D s1 f133 1D BD 73 00 20 00 00 07 00 00 00 00 E1 00 00
T$1D s1 f134 1D BD 73 00 20 00 00 06 00 C0 00 00 E1 00 00
T$1D s1 f135 1D BD 74 00 20 00 00 05 00 80 00 00 E1 00 00
T$1D s1 f136 1D BD 75 00 20 00 00 04 00 40 00 00 E1 00 00
T$1D s1 f137 1D BD 76 00 20 00 00 03 00 00 00 00 E1 00 00
T$1D s1 f138 1D BD 76 00 20 00 00 02 00 C0 00 00 E1 00 00
T$1D s1 f139 1D BD 77 00 20 00 00 01 00 80 00 00 E1 00 00
T$1D s1 f140 1D BC 78 00 20 00 00 10 00 40 00 00 E1 00 00
T$1D s1 f141 1D BB 79 00 20 00 00 0F 00 00 00 00 E1 00 00
T$1D s1 f142 1D BB 79 00 20 00 00 0E 00 C0 00 00 E1 00 00
T$1D s1 f143 1D BA 7A 00 20 00 00 0D 00 80 00 00 E1 00 00
T$1D s1 f144 1D B9 7B 00 20 00 00 0C 00 40 00 00 E1 00 00
T$1D s1 f145 1D B8 7C 00 20 00 00 0B 00 00 00 00 E1 00 00
T$1D s1 f146 1D B8 7C 00 20 00 00 0A 00 C0 00 00 E1 00 00
T$1D s1 f147 1D B7 7D 00 20 00 00 09 00 80 00 00 E1 00 00
T$1D s1 f148 1D B6 7E 00 20 00 00 08 00 40 00 00 E1 00 00
T$1D s1 f149 1D B5 7F 00 20 00 00 07 00 00 00 00 E1 00 00
T$1D s1 f150 1D B5 7F 00 20 00 00 06 00 C0 00 00 E1 00 00
T$1D s1 f151 1D B4 80 00 20 00 00 05 00 80 00 00 E1 00 00
T$1D s1 f152 1D B3 81 00 20 00 00 04 00 40 00 00 E1 00 00
T$1D s1 f153 1D B2 82 00 20 00 00 03 00 00 00 00 E1 00 00
T$1D s1 f154 1D B2 82 00 20 00 00 02 00 C0 00 00 E1 00 00
T$1D s1 f155 1D B1 83 00 20 00 00 01 00 80 00 00 E1 00 00
T$1D s1 f156 1D B0 84 00 20 00 00 00 00 40 00 00 E1 00 00
T$1D s1 f157 1D AF 85 00 20 00 00 00 00 00 00 00 E1 00 00
T$1D s1 f158 1D AF 85 00 20 00 00 10 00 C0 00 00 E1 00 00
T$1D s1 f159 1D AE 85 00 20 00 00 0F 00 80 00 00 E1 00 00
T$1D s1 f160 1D AD 85 00 20 00 00 0E 00 40 00 00 E1 00 00
T$1D s1 f161 1D AC 85 00 20 00 00 0D 00 00 00 00 E1 00 00
T$1D s1 f162 1D AC 85 00 20 00 00 0C 00 C0 00 00 E1 00 00
T$1D s1 f163 1D AB 85 00 20 00 00 0B 00 80 00 00 E1 00 00
T$1D s1 f164 1D AA 85 00 20 00 00 0A 00 40 00 00 E1 00 00
T$1D s1 f165 1D A9 85 00 20 00 00 09 00 00 00 00 E1 00 00
T$1D s1 f166 1D A9 85 00 20 00 00 08 00 C0 00 00 E1 00 00
T$1D s1 f167 1D A8 85 00 20 00 00 07 00 80 00 00 E1 00 00
T$1D s1 f168 1D A7 85 00 20 00 00 06 00 40 00 00 E1 00 00
T$1D s1 f169 1D A6 85 00 20 00 00 05 00 00 00 00 E1 00 00
T$1D s1 f170 1D A6 85 00 20 00 00 04 00 C0 00 00 E1 00 00
T$1D s1 f171 1D A5 85 00 20 00 00 03 00 80 00 00 E1 00 00
T$1D s1 f172 1D A4 85 00 20 00 00 02 00 40 00 00 E1 00 00
T$1D s1 f173 1D A3 85 00 20 00 00 01 00 00 00 00 E1 00 00
T$1D s1 f174 1D A3 85 00 20 00 00 10 00 C0 00 00 E1 00 00
T$1D s1 f175 1D A2 85 00 20 00 00 0F 00 80 00 00 E1 00 00
T$1D s1 f176 1D A1 85 00 20 00 00 0E 00 40 00 00 E1 00 00
T$1D s1 f177 1D A0 85 00 20 00 00 0D 00 00 00 00 E1 00 00
T$1D s1 f178 1D A0 85 00 20 00 00 0C 00 C0 00 00 E1 00 00
T$1D s1 f179 1D 9F 85 00 20 00 00 0B 00 80 00 00 E1 00 00
T$1D s1 f180 1D 9E 85 00 20 00 00 0A 00 40 00 00 E1 00 00
T$1D s1 f181 1D 9D 85 00 20 00 00 09 00 00 00 00 E1 00 00
T$1D s1 f182 1D 9D 85 00 20 00 00 08 00 C0 00 00 E1 00 00
T$1D s1 f183 1D 9C 85 00 20 00 00 07 00 80 00 00 E1 00 00
T$1D s1 f184 1D 9B 85 00 20 00 00 06 00 40 00 00 E1 00 00
T$1D s1 f185 1D 9A 85 00 20 00 00 05 00 00 00 00 E1 00 00
T$1D s1 f186 1D 9A 85 00 20 00 00 04 00 C0 00 00 E1 00 00
T$1D s1 f187 1D 99 85 00 20 00 00 03 00 80 00 00 E1 00 00
T$1D s1 f188 1D 98 85 00 20 00 00 02 00 40 00 00 E1 00 00
T$1D s1 f189 1D 97 85 00 20 00 00 01 00 00 00 00 E1 00 00
T$1D s1 f190 1D 97 85 00 20 00 00 10 00 C0 00 00 E1 00 00
T$1D s1 f191 1D 96 85 00 20 00 00 0F 00 80 00 00 E1 00 00
T$1D s1 f192 1D 95 85 00 20 00 00 0E 00 40 00 00 E1 00 00
T$1D s1 f193 1D 94 85 00 20 00 00 0D 00 00 00 00 E1 00 00
T$1D s1 f194 1D 94 85 00 20 00 00 0C 00 C0 00 00 E1 00 00
T$1D s1 f195 1D 93 85 00 20 00 00 0B 00 80 00 00 E1 00 00
T$1D s1 f196 1D 92 85 00 20 00 00 0A 00 40 00 00 E1 00 00
T$1D s1 f197 1D 91 85 00 20 00 00 09 00 00 00 00 E1 00 00
T$1D s1 f198 1D 91 85 00 20 00 00 08 00 C0 00 00 E1 00 00
T$1D s1 f199 1D 90 85 00 20 00 00 07 00 80 00 00 E1 00 00
T$1D s1 f200 1D 8F 85 00 20 00 00 06 00 40 00 00 E1 00 00
T$1D s1 f201 1D 8E 85 00 20 00 00 05 00 00 00 00 E1 00 00
T$1D s1 f202 1D 8E 85 00 20 00 00 04 00 C0 00 00 E1 00 00
T$1D s1 f203 1D 8D 85 00 20 00 00 03 00 80 00 00 E1 00 00
T$1D s1 f204 1D 8C 85 00 20 00 00 02 00 40 00 00 E1 00 00
T$1D s1 f205 1D 8B 85 00 20 00 00 01 00 00 00 00 E1 00 00
T$1D s1 f206 1D 8B 85 00 20 00 00 10 00 C0 00 00 E1 00 00
T$1D s1 f207 1D 8A 85 00 20 00 00 0F 00 80 00 00 E1 00 00
T$1D s1 f208 1D 89 85 00 20 00 00 0E 00 40 00 00 E1 00 00
T$1D s1 f209 1D 88 85 00 20 00 00 0D 00 00 00 00 E1 00 00
T$1D s1 f210 1D 88 85 00 20 00 00 0C 00 C0 00 00 E1 00 00
T$1D s1 f211 1D 87 85 00 20 00 00 0B 00 80 00 00 E1 00 00
T$1D s1 f212 1D 86 85 00 20 00 00 0A 00 40 00 00 E1 00 00
T$1D s1 f213 1D 85 85 00 20 00 00 09 00 00 00 00 E1 00 00
T$1D s1 f214 1D 85 85 00 20 00 00 08 00 C0 00 00 E1 00 00
T$1D s1 f215 1D 84 85 00 20 00 00 07 00 80 00 00 E1 00 00
T$1D s1 f216 1D 83 85 00 20 00 00 06 00 40 00 00 E1 00 00
T$1D s1 f217 1D 82 85 00 20 00 00 05 00 00 00 00 E1 00 00
T$1D s1 f218 1D 82 85 00 20 00 00 04 00 C0 00 00 E1 00 00
T$1D s1 f219 1D 81 85 00 20 00 00 03 00 80 00 00 E1 00 00
T$1D s1 f220 1D 80 85 00 20 00 00 02 00 40 00 00 E1 00 00
T$1D s1 f221 1D 7F 85 00 20 00 00 01 00 00 00 00 E1 00 00
T$1D s1 f222 1D 7F 85 00 20 00 00 10 00 C0 00 00 E1 00 00
T$1D s1 f223 1D 7E 85 00 20 00 00 0F 00 80 00 00 E1 00 00
T$1D s1 f224 1D 7D 85 00 20 00 00 0E 00 40 00 00 E1 00 00
T$1D s1 f225 1D 7C 85 00 20 00 00 0D 00 00 00 00 E1 00 00
T$1D s1 f226 1D 7C 85 00 20 00 00 0C 00 C0 00 00 E1 00 00
T$1D s1 f227 1D 7B 85 00 20 00 00 0B 00 80 00 00 E1 00 00
T$1D s1 f228 1D 7A 85 00 20 00 00 0A 00 40 00 00 E1 00 00
T$1D s1 f229 1D 79 85 00 20 00 00 09 00 00 00 00 E1 00 00
T$1D s1 f230 1D 79 85 00 20 00 00 08 00 C0 00 00 E1 00 00
T$1D s1 f231 1D 78 85 00 20 00 00 07 00 80 00 00 E1 00 00
T$1D s1 f232 1D 77 85 00 20 00 00 06 00 40 00 00 E1 00 00
T$1D s1 f233 1D 76 85 00 20 00 00 05 00 00 00 00 E1 00 00
T$1D s1 f234 1D 76 85 00 20 00 00 04 00 C0 00 00 E1 00 00
T$1D s1 f235 1D 75 85 00 20 00 00 03 00 80 00 00 E1 00 00
T$1D s1 f236 1D 74 85 00 20 00 00 02 00 40 00 00 E1 00 00
T$1D s1 f237 1D 73 85 00 20 00 00 01 00 00 00 00 E1 00 00
T$1D s1 f238 1D 73 85 00 20 00 00 00 00 C0 00 00 E1 00 00
T$1D s1 f239 1D 72 85 00 20 00 00 00 00 80 00 00 E1 00 00
T$22 s1 f  0 22 80 78 00 20 00 00 03 00 00 00 00 E1 00 00
T$22 s1 f  1 22 80 78 00 20 00 00 02 00 00 00 00 E1 00 00
T$22 s1 f  2 22 80 78 00 20 00 00 01 00 00 00 00 E1 00 00
T$22 s1 f  3 22 80 78 00 20 00 00 06 00 00 00 00 E1 00 00
T$22 s1 f  4 22 80 78 00 20 00 00 05 00 00 00 00 E1 00 00
T$22 s1 f  5 22 80 78 00 20 00 00 04 00 00 00 00 E1 00 00
T$22 s1 f  6 22 80 78 00 20 00 00 03 00 00 00 00 E1 00 00
T$22 s1 f  7 22 80 78 00 20 00 00 02 00 00 00 00 E1 00 00
T$22 s1 f  8 22 80 78 00 20 00 00 01 00 00 00 00 E1 00 00
T$22 s1 f  9 22 80 78 00 20 00 00 06 00 00 00 00 E1 00 00
T$22 s1 f 10 22 80 78 00 20 00 00 50 00 00 00 00 E1 00 00
T$22 s1 f 11 22 80 78 00 20 00 00 4F 00 00 00 00 E1 00 00
T$22 s1 f 12 22 80 78 00 20 00 00 4E 00 00 00 00 E1 00 00
T$22 s1 f 13 22 80 78 00 20 00 00 4D 00 00 00 00 E1 00 00
T$22 s1 f 14 22 80 78 00 20 00 00 4C 00 00 00 00 E1 00 00
T$22 s1 f 15 22 80 78 00 20 00 00 4B 00 00 00 00 E1 00 00
T$22 s1 f 16 22 80 78 00 20 00 00 4A 00 00 00 00 E1 00 00
T$22 s1 f 17 22 80 78 00 20 00 00 49 00 00 00 00 E1 00 00
T$22 s1 f 18 22 80 78 00 20 00 00 48 00 00 00 00 E1 00 00
T$22 s1 f 19 22 80 78 00 20 00 00 47 00 00 00 00 E1 00 00
T$22 s1 f 20 22 80 78 00 20 00 00 46 00 00 00 00 E1 00 00
T$22 s1 f 21 22 80 78 00 20 00 00 45 00 00 00 00 E1 00 00
T$22 s1 f 22 22 80 78 00 20 00 00 44 00 00 00 00 E1 00 00
T$22 s1 f 23 22 80 78 00 20 00 00 43 00 00 00 00 E1 00 00
T$22 s1 f 24 22 80 78 00 20 00 00 42 00 00 00 00 E1 00 00
T$22 s1 f 25 22 80 78 00 20 00 00 41 00 00 00 00 E1 00 00
T$22 s1 f 26 22 80 78 00 20 00 00 40 00 00 00 00 E1 00 00
T$22 s1 f 27 22 80 78 00 20 00 00 3F 00 00 00 00 E1 00 00
T$22 s1 f 28 22 80 78 00 20 00 00 3E 00 00 00 00 E1 00 00
T$22 s1 f 29 22 80 78 00 20 00 00 3D 00 00 00 00 E1 00 00
T$22 s1 f 30 22 80 78 00 20 00 00 3C 00 00 00 00 E1 00 00
T$22 s1 f 31 22 80 78 00 20 00 00 3B 00 00 00 00 E1 00 00
T$22 s1 f 32 22 80 78 00 20 00 00 3A 00 00 00 00 E1 00 00
T$22 s1 f 33 22 80 78 00 20 00 00 39 00 00 00 00 E1 00 00
T$22 s1 f 34 22 80 78 00 20 00 00 38 00 00 00 00 E1 00 00
T$22 s1 f 35 22 80 78 00 20 00 00 37 00 00 00 00 E1 00 00
T$22 s1 f 36 22 80 78 00 20 00 00 36 00 00 00 00 E1 00 00
T$22 s1 f 37 22 80 78 00 20 00 00 35 00 00 00 00 E1 00 00
T$22 s1 f 38 22 80 78 00 20 00 00 34 00 00 00 00 E1 00 00
T$22 s1 f 39 22 80 78 00 20 00 00 33 00 00 00 00 E1 00 00
T$22 s1 f 40 22 80 78 00 20 00 00 32 00 00 00 00 E1 00 00
T$22 s1 f 41 22 80 78 00 20 00 00 31 00 00 00 00 E1 00 00
T$22 s1 f 42 22 80 78 00 20 00 00 30 00 00 00 00 E1 00 00
T$22 s1 f 43 22 80 78 00 20 00 00 2F 00 00 00 00 E1 00 00
T$22 s1 f 44 22 80 78 00 20 00 00 2E 00 00 00 00 E1 00 00
T$22 s1 f 45 22 80 78 00 20 00 00 2D 00 00 00 00 E1 00 00
T$22 s1 f 46 22 80 78 00 20 00 00 2C 00 00 00 00 E1 00 00
T$22 s1 f 47 22 80 78 00 20 00 00 2B 00 00 00 00 E1 00 00
T$22 s1 f 48 22 80 78 00 20 00 00 2A 00 00 00 00 E1 00 00
T$22 s1 f 49 22 80 78 00 20 00 00 29 00 00 00 00 E1 00 00
T$22 s1 f 50 22 80 78 00 20 00 00 28 00 00 00 00 E1 00 00
T$22 s1 f 51 22 80 78 00 20 00 00 27 00 00 00 00 E1 00 00
T$22 s1 f 52 22 80 78 00 20 00 00 26 00 00 00 00 E1 00 00
T$22 s1 f 53 22 80 78 00 20 00 00 25 00 00 00 00 E1 00 00
T$22 s1 f 54 22 80 78 00 20 00 00 24 00 00 00 00 E1 00 00
T$22 s1 f 55 22 80 78 00 20 00 00 23 00 00 00 00 E1 00 00
T$22 s1 f 56 22 80 78 00 20 00 00 22 00 00 00 00 E1 00 00
T$22 s1 f 57 22 80 78 00 20 00 00 21 00 00 00 00 E1 00 00
T$22 s1 f 58 22 80 78 00 20 00 00 20 00 00 00 00 E1 00 00
T$22 s1 f 59 22 80 78 00 20 00 00 1F 00 00 00 00 E1 00 00
T$22 s1 f 60 22 80 78 00 20 00 00 1E 00 00 00 00 E1 00 00
T$22 s1 f 61 22 80 78 00 20 00 00 1D 00 00 00 00 E1 00 00
T$22 s1 f 62 22 80 78 00 20 00 00 1C 00 00 00 00 E1 00 00
T$22 s1 f 63 22 80 78 00 20 00 00 1B 00 00 00 00 E1 00 00
T$22 s1 f 64 22 80 78 00 20 00 00 1A 00 00 00 00 E1 00 00
T$22 s1 f 65 22 80 78 00 20 00 00 19 00 00 00 00 E1 00 00
T$22 s1 f 66 22 80 78 00 20 00 00 18 00 00 00 00 E1 00 00
T$22 s1 f 67 22 80 78 00 20 00 00 17 00 00 00 00 E1 00 00
T$22 s1 f 68 22 80 78 00 20 00 00 16 00 00 00 00 E1 00 00
T$22 s1 f 69 22 80 78 00 20 00 00 15 00 00 00 00 E1 00 00
T$22 s1 f 70 22 80 78 00 20 00 00 14 00 00 00 00 E1 00 00
T$22 s1 f 71 22 80 78 00 20 00 00 13 00 00 00 00 E1 00 00
T$22 s1 f 72 22 80 78 00 20 00 00 12 00 00 00 00 E1 00 00
T$22 s1 f 73 22 80 78 00 20 00 00 11 00 00 00 00 E1 00 00
T$22 s1 f 74 22 80 78 00 20 00 00 10 00 00 00 00 E1 00 00
T$22 s1 f 75 22 80 78 00 20 00 00 0F 00 00 00 00 E1 00 00
T$22 s1 f 76 22 80 78 00 20 00 00 0E 00 00 00 00 E1 00 00
T$22 s1 f 77 22 80 78 00 20 00 00 0D 00 00 00 00 E1 00 00
T$22 s1 f 78 22 80 78 00 20 00 00 0C 00 00 00 00 E1 00 00
T$22 s1 f 79 22 80 78 00 20 00 00 0B 00 00 00 00 E1 00 00
T$22 s1 f 80 22 80 78 00 20 00 00 0A 00 00 00 00 E1 00 00
T$22 s1 f 81 22 80 78 00 20 00 00 09 00 00 00 00 E1 00 00
T$22 s1 f 82 22 80 78 00 20 00 00 08 00 00 00 00 E1 00 00
T$22 s1 f 83 22 80 78 00 20 00 00 07 00 00 00 00 E1 00 00
T$22 s1 f 84 22 80 78 00 20 00 00 06 00 00 00 00 E1 00 00
T$22 s1 f 85 22 80 78 00 20 00 00 05 00 00 00 00 E1 00 00
T$22 s1 f 86 22 80 78 00 20 00 00 04 00 00 00 00 E1 00 00
T$22 s1 f 87 22 80 78 00 20 00 00 03 00 00 00 00 E1 00 00
T$22 s1 f 88 22 80 78 00 20 00 00 02 00 00 00 00 E1 00 00
T$22 s1 f 89 22 80 78 00 20 00 00 01 00 00 00 00 E1 00 00
T$22 s1 f 90 22 80 78 00 20 00 00 00 00 00 00 00 E1 00 00
T$22 s1 f 91 22 80 78 00 20 00 00 51 00 00 00 00 E1 00 00
T$22 s1 f 92 22 80 78 00 20 00 00 50 00 00 00 00 E1 00 00
T$22 s1 f 93 22 80 78 00 20 00 00 4F 00 00 00 00 E1 00 00
T$22 s1 f 94 22 80 78 00 20 00 00 4E 00 00 00 00 E1 00 00
T$22 s1 f 95 22 80 78 00 20 00 00 4D 00 00 00 00 E1 00 00
T$22 s1 f 96 22 80 78 00 20 00 00 4C 00 00 00 00 E1 00 00
T$22 s1 f 97 22 80 78 00 20 00 00 4B 00 00 00 00 E1 00 00
T$22 s1 f 98 22 80 78 00 20 00 00 4A 00 00 00 00 E1 00 00
T$22 s1 f 99 22 80 78 00 20 00 00 49 00 00 00 00 E1 00 00
T$22 s1 f100 22 80 78 00 20 00 00 48 00 00 00 00 E1 00 00
T$22 s1 f101 22 80 78 00 20 00 00 47 00 00 00 00 E1 00 00
T$22 s1 f102 22 80 78 00 20 00 00 46 00 00 00 00 E1 00 00
T$22 s1 f103 22 80 78 00 20 00 00 45 00 00 00 00 E1 00 00
T$22 s1 f104 22 80 78 00 20 00 00 44 00 00 00 00 E1 00 00
T$22 s1 f105 22 80 78 00 20 00 00 43 00 00 00 00 E1 00 00
T$22 s1 f106 22 80 78 00 20 00 00 42 00 00 00 00 E1 00 00
T$22 s1 f107 22 80 78 00 20 00 00 41 00 00 00 00 E1 00 00
T$22 s1 f108 22 80 78 00 20 00 00 40 00 00 00 00 E1 00 00
T$22 s1 f109 22 80 78 00 20 00 00 3F 00 00 00 00 E1 00 00
T$22 s1 f110 22 80 78 00 20 00 00 3E 00 00 00 00 E1 00 00
T$22 s1 f111 22 80 78 00 20 00 00 3D 00 00 00 00 E1 00 00
T$22 s1 f112 22 80 78 00 20 00 00 3C 00 00 00 00 E1 00 00
T$22 s1 f113 22 80 78 00 20 00 00 3B 00 00 00 00 E1 00 00
T$22 s1 f114 22 80 78 00 20 00 00 3A 00 00 00 00 E1 00 00
T$22 s1 f115 22 80 78 00 20 00 00 39 00 00 00 00 E1 00 00
T$22 s1 f116 22 80 78 00 20 00 00 38 00 00 00 00 E1 00 00
T$22 s1 f117 22 80 78 00 20 00 00 37 00 00 00 00 E1 00 00
T$22 s1 f118 22 80 78 00 20 00 00 36 00 00 00 00 E1 00 00
T$22 s1 f119 22 80 78 00 20 00 00 35 00 00 00 00 E1 00 00
T$22 s1 f120 22 80 78 00 20 00 00 34 00 00 00 00 E1 00 00
T$22 s1 f121 22 80 78 00 20 00 00 33 00 00 00 00 E1 00 00
T$22 s1 f122 22 80 78 00 20 00 00 32 00 00 00 00 E1 00 00
T$22 s1 f123 22 80 78 00 20 00 00 31 00 00 00 00 E1 00 00
T$22 s1 f124 22 80 78 00 20 00 00 30 00 00 00 00 E1 00 00
T$22 s1 f125 22 80 78 00 20 00 00 2F 00 00 00 00 E1 00 00
T$22 s1 f126 22 80 78 00 20 00 00 2E 00 00 00 00 E1 00 00
T$22 s1 f127 22 80 78 00 20 00 00 2D 00 00 00 00 E1 00 00
T$22 s1 f128 22 80 78 00 20 00 00 2C 00 00 00 00 E1 00 00
T$22 s1 f129 22 80 78 00 20 00 00 2B 00 00 00 00 E1 00 00
T$22 s1 f130 22 80 78 00 20 00 00 2A 00 00 00 00 E1 00 00
T$22 s1 f131 22 80 78 00 20 00 00 29 00 00 00 00 E1 00 00
T$22 s1 f132 22 80 78 00 20 00 00 28 00 00 00 00 E1 00 00
T$22 s1 f133 22 80 78 00 20 00 00 27 00 00 00 00 E1 00 00
T$22 s1 f134 22 80 78 00 20 00 00 26 00 00 00 00 E1 00 00
T$22 s1 f135 22 80 78 00 20 00 00 25 00 00 00 00 E1 00 00
T$22 s1 f136 22 80 78 00 20 00 00 24 00 00 00 00 E1 00 00
T$22 s1 f137 22 80 78 00 20 00 00 23 00 00 00 00 E1 00 00
T$22 s1 f138 22 80 78 00 20 00 00 22 00 00 00 00 E1 00 00
T$22 s1 f139 22 80 78 00 20 00 00 21 00 00 00 00 E1 00 00
T$22 s1 f140 22 80 78 00 20 00 00 20 00 00 00 00 E1 00 00
T$22 s1 f141 22 80 78 00 20 00 00 1F 00 00 00 00 E1 00 00
T$22 s1 f142 22 80 78 00 20 00 00 1E 00 00 00 00 E1 00 00
T$22 s1 f143 22 80 78 00 20 00 00 1D 00 00 00 00 E1 00 00
T$22 s1 f144 22 80 78 00 20 00 00 1C 00 00 00 00 E1 00 00
T$22 s1 f145 22 80 78 00 20 00 00 1B 00 00 00 00 E1 00 00
T$22 s1 f146 22 80 78 00 20 00 00 1A 00 00 00 00 E1 00 00
T$22 s1 f147 22 80 78 00 20 00 00 19 00 00 00 00 E1 00 00
T$22 s1 f148 22 80 78 00 20 00 00 18 00 00 00 00 E1 00 00
T$22 s1 f149 22 80 78 00 20 00 00 17 00 00 00 00 E1 00 00
T$22 s1 f150 22 80 78 00 20 00 00 16 00 00 00 00 E1 00 00
T$22 s1 f151 22 80 78 00 20 00 00 15 00 00 00 00 E1 00 00
T$22 s1 f152 22 80 78 00 20 00 00 14 00 00 00 00 E1 00 00
T$22 s1 f153 22 80 78 00 20 00 00 13 00 00 00 00 E1 00 00
T$22 s1 f154 22 80 78 00 20 00 00 12 00 00 00 00 E1 00 00
T$22 s1 f155 22 80 78 00 20 00 00 11 00 00 00 00 E1 00 00
T$22 s1 f156 22 80 78 00 20 00 00 10 00 00 00 00 E1 00 00
T$22 s1 f157 22 80 78 00 20 00 00 0F 00 00 00 00 E1 00 00
T$22 s1 f158 22 80 78 00 20 00 00 0E 00 00 00 00 E1 00 00
T$22 s1 f159 22 80 78 00 20 00 00 0D 00 00 00 00 E1 00 00
T$22 s1 f160 22 80 78 00 20 00 00 0C 00 00 00 00 E1 00 00
T$22 s1 f161 22 80 78 00 20 00 00 0B 00 00 00 00 E1 00 00
T$22 s1 f162 22 80 78 00 20 00 00 0A 00 00 00 00 E1 00 00
T$22 s1 f163 22 80 78 00 20 00 00 09 00 00 00 00 E1 00 00
T$22 s1 f164 22 80 78 00 20 00 00 08 00 00 00 00 E1 00 00
T$22 s1 f165 22 80 78 00 20 00 00 07 00 00 00 00 E1 00 00
T$22 s1 f166 22 80 78 00 20 00 00 06 00 00 00 00 E1 00 00
T$22 s1 f167 22 80 78 00 20 00 00 05 00 00 00 00 E1 00 00
T$22 s1 f168 22 80 78 00 20 00 00 04 00 00 00 00 E1 00 00
T$22 s1 f169 22 80 78 00 20 00 00 03 00 00 00 00 E1 00 00
T$22 s1 f170 22 80 78 00 20 00 00 02 00 00 00 00 E1 00 00
T$22 s1 f171 22 80 78 00 20 00 00 01 00 00 00 00 E1 00 00
T$22 s1 f172 22 80 78 00 20 00 00 00 00 00 00 00 E1 00 00
T$22 s1 f173 22 80 78 00 20 00 00 58 00 00 00 00 E1 00 00
T$22 s1 f174 22 80 78 00 20 00 00 57 00 00 00 00 E1 00 00
T$22 s1 f175 22 80 78 00 20 00 00 56 00 00 00 00 E1 00 00
T$22 s1 f176 22 80 78 00 20 00 00 55 00 00 00 00 E1 00 00
T$22 s1 f177 22 80 78 00 20 00 00 54 00 00 00 00 E1 00 00
T$22 s1 f178 22 80 78 00 20 00 00 53 00 00 00 00 E1 00 00
T$22 s1 f179 22 80 78 00 20 00 00 52 00 00 00 00 E1 00 00
T$22 s1 f180 22 80 78 00 20 00 00 51 00 00 00 00 E1 00 00
T$22 s1 f181 22 80 78 00 20 00 00 50 00 00 00 00 E1 00 00
T$22 s1 f182 22 80 78 00 20 00 00 4F 00 00 00 00 E1 00 00
T$22 s1 f183 22 80 78 00 20 00 00 4E 00 00 00 00 E1 00 00
T$22 s1 f184 22 80 78 00 20 00 00 4D 00 00 00 00 E1 00 00
T$22 s1 f185 22 80 78 00 20 00 00 4C 00 00 00 00 E1 00 00
T$22 s1 f186 22 80 78 00 20 00 00 4B 00 00 00 00 E1 00 00
T$22 s1 f187 22 80 78 00 20 00 00 4A 00 00 00 00 E1 00 00
T$22 s1 f188 22 80 78 00 20 00 00 49 00 00 00 00 E1 00 00
T$22 s1 f189 22 80 78 00 20 00 00 48 00 00 00 00 E1 00 00
T$22 s1 f190 22 80 78 00 20 00 00 47 00 00 00 00 E1 00 00
T$22 s1 f191 22 80 78 00 20 00 00 46 00 00 00 00 E1 00 00
T$22 s1 f192 22 80 78 00 20 00 00 45 00 00 00 00 E1 00 00
T$22 s1 f193 22 80 78 00 20 00 00 44 00 00 00 00 E1 00 00
T$22 s1 f194 22 80 78 00 20 00 00 43 00 00 00 00 E1 00 00
T$22 s1 f195 22 80 78 00 20 00 00 42 00 00 00 00 E1 00 00
T$22 s1 f196 22 80 78 00 20 00 00 41 00 00 00 00 E1 00 00
T$22 s1 f197 22 80 78 00 20 00 00 40 00 00 00 00 E1 00 00
T$22 s1 f198 22 80 78 00 20 00 00 3F 00 00 00 00 E1 00 00
T$22 s1 f199 22 80 78 00 20 00 00 3E 00 00 00 00 E1 00 00
T$22 s1 f200 22 80 78 00 20 00 00 3D 00 00 00 00 E1 00 00
T$22 s1 f201 22 80 78 00 20 00 00 3C 00 00 00 00 E1 00 00
T$22 s1 f202 22 80 78 00 20 00 00 3B 00 00 00 00 E1 00 00
T$22 s1 f203 22 80 78 00 20 00 00 3A 00 00 00 00 E1 00 00
T$22 s1 f204 22 80 78 00 20 00 00 39 00 00 00 00 E1 00 00
T$22 s1 f205 22 80 78 00 20 00 00 38 00 00 00 00 E1 00 00
T$22 s1 f206 22 80 78 00 20 00 00 37 00 00 00 00 E1 00 00
T$22 s1 f207 22 80 78 00 20 00 00 36 00 00 00 00 E1 00 00
T$22 s1 f208 22 80 78 00 20 00 00 35 00 00 00 00 E1 00 00
T$22 s1 f209 22 80 78 00 20 00 00 34 00 00 00 00 E1 00 00
T$22 s1 f210 22 80 78 00 20 00 00 33 00 00 00 00 E1 00 00
T$22 s1 f211 22 80 78 00 20 00 00 32 00 00 00 00 E1 00 00
T$22 s1 f212 22 80 78 00 20 00 00 31 00 00 00 00 E1 00 00
T$22 s1 f213 22 80 78 00 20 00 00 30 00 00 00 00 E1 00 00
T$22 s1 f214 22 80 78 00 20 00 00 2F 00 00 00 00 E1 00 00
T$22 s1 f215 22 80 78 00 20 00 00 2E 00 00 00 00 E1 00 00
T$22 s1 f216 22 80 78 00 20 00 00 2D 00 00 00 00 E1 00 00
T$22 s1 f217 22 80 78 00 20 00 00 2C 00 00 00 00 E1 00 00
T$22 s1 f218 22 80 78 00 20 00 00 2B 00 00 00 00 E1 00 00
T$22 s1 f219 22 80 78 00 20 00 00 2A 00 00 00 00 E1 00 00
T$22 s1 f220 22 80 78 00 20 00 00 29 00 00 00 00 E1 00 00
T$22 s1 f221 22 80 78 00 20 00 00 28 00 00 00 00 E1 00 00
T$22 s1 f222 22 80 78 00 20 00 00 27 00 00 00 00 E1 00 00
T$22 s1 f223 22 80 78 00 20 00 00 26 00 00 00 00 E1 00 00
T$22 s1 f224 22 80 78 00 20 00 00 25 00 00 00 00 E1 00 00
T$22 s1 f225 22 80 78 00 20 00 00 24 00 00 00 00 E1 00 00
T$22 s1 f226 22 80 78 00 20 00 00 23 00 00 00 00 E1 00 00
T$22 s1 f227 22 80 78 00 20 00 00 22 00 00 00 00 E1 00 00
T$22 s1 f228 22 80 78 00 20 00 00 21 00 00 00 00 E1 00 00
T$22 s1 f229 22 80 78 00 20 00 00 20 00 00 00 00 E1 00 00
T$22 s1 f230 22 80 78 00 20 00 00 1F 00 00 00 00 E1 00 00
T$22 s1 f231 22 80 78 00 20 00 00 1E 00 00 00 00 E1 00 00
T$22 s1 f232 22 80 78 00 20 00 00 1D 00 00 00 00 E1 00 00
T$22 s1 f233 22 80 78 00 20 00 00 1C 00 00 00 00 E1 00 00
T$22 s1 f234 22 80 78 00 20 00 00 1B 00 00 00 00 E1 00 00
T$22 s1 f235 22 80 78 00 20 00 00 1A 00 00 00 00 E1 00 00
T$22 s1 f236 22 80 78 00 20 00 00 19 00 00 00 00 E1 00 00
T$22 s1 f237 22 80 78 00 20 00 00 18 00 00 00 00 E1 00 00
T$22 s1 f238 22 80 78 00 20 00 00 17 00 00 00 00 E1 00 00
T$22 s1 f239 22 80 78 00 20 00 00 16 00 00 00 00 E1 00 00
T$0F s1 f  0 0F 81 78 00 0A 01 00 1C 00 00 00 00 E1 00 00
T$0F s1 f  1 0F 81 78 00 0A 01 00 1B 00 00 00 00 E1 00 00
T$0F s1 f  2 0F 81 78 00 0A 01 00 1A 00 00 00 00 E1 00 00
T$0F s1 f  3 0F 82 78 00 0A 01 00 19 00 00 00 00 E1 00 00
T$0F s1 f  4 0F 82 78 00 0A 01 00 18 00 00 00 00 E1 00 00
T$0F s1 f  5 0F 82 78 00 0A 01 00 17 00 00 00 00 E1 00 00
T$0F s1 f  6 0F 82 78 00 0A 01 00 16 00 00 00 00 E1 00 00
T$0F s1 f  7 0F 82 78 00 0A 01 00 15 00 00 00 00 E1 00 00
T$0F s1 f  8 0F 82 78 00 0A 01 00 14 00 00 00 00 E1 00 00
T$0F s1 f  9 0F 82 78 00 0A 01 00 13 00 00 00 00 E1 00 00
T$0F s1 f 10 0F 83 78 00 0A 01 00 12 00 00 00 00 E1 00 00
T$0F s1 f 11 0F 83 78 00 0A 01 00 11 00 00 00 00 E1 00 00
T$0F s1 f 12 0F 83 78 00 0A 01 00 10 00 00 00 00 E1 00 00
T$0F s1 f 13 0F 83 78 00 0A 01 00 0F 00 00 00 00 E1 00 00
T$0F s1 f 14 0F 83 78 00 0A 01 00 0E 00 00 00 00 E1 00 00
T$0F s1 f 15 0F 83 78 00 0A 01 00 0D 00 00 00 00 E1 00 00
T$0F s1 f 16 0F 84 78 00 0A 01 00 0C 00 00 00 00 E1 00 00
T$0F s1 f 17 0F 84 78 00 0A 01 00 0B 00 00 00 00 E1 00 00
T$0F s1 f 18 0F 84 78 00 0A 01 00 0A 00 00 00 00 E1 00 00
T$0F s1 f 19 0F 84 78 00 0A 01 00 09 00 00 00 00 E1 00 00
T$0F s1 f 20 0F 84 78 00 0A 01 00 08 00 00 00 00 E1 00 00
T$0F s1 f 21 0F 84 78 00 0A 01 00 07 00 00 00 00 E1 00 00
T$0F s1 f 22 0F 85 78 00 0A 01 00 06 00 00 00 00 E1 00 00
T$0F s1 f 23 0F 85 78 00 0A 01 00 05 00 00 00 00 E1 00 00
T$0F s1 f 24 0F 85 78 00 0A 01 00 04 00 00 00 00 E1 00 00
T$0F s1 f 25 0F 85 78 00 0A 01 00 03 00 00 00 00 E1 00 00
T$0F s1 f 26 0F 85 78 00 0A 01 00 02 00 00 00 00 E1 00 00
T$0F s1 f 27 0F 85 78 00 0A 01 00 01 00 00 00 00 E1 00 00
T$0F s1 f 28 0F 85 78 00 10 02 00 0F 00 00 00 00 E1 00 00
T$0F s1 f 29 0F 86 78 00 10 02 00 0E 00 00 00 00 E1 00 00
T$0F s1 f 30 0F 86 78 00 10 02 00 0D 00 00 00 00 E1 00 00
T$0F s1 f 31 0F 86 78 00 10 02 00 0C 00 00 00 00 E1 00 00
T$0F s1 f 32 0F 86 78 00 10 02 00 0B 00 00 00 00 E1 00 00
T$0F s1 f 33 0F 87 78 00 10 02 00 0A 00 00 00 00 E1 00 00
T$0F s1 f 34 0F 87 78 00 10 02 00 09 00 00 00 00 E1 00 00
T$0F s1 f 35 0F 87 78 00 10 02 00 08 00 00 00 00 E1 00 00
T$0F s1 f 36 0F 87 78 00 10 02 00 07 00 00 00 00 E1 00 00
T$0F s1 f 37 0F 88 78 00 10 02 00 06 00 00 00 00 E1 00 00
T$0F s1 f 38 0F 88 78 00 10 02 00 05 00 00 00 00 E1 00 00
T$0F s1 f 39 0F 88 78 00 10 02 00 04 00 00 00 00 E1 00 00
T$0F s1 f 40 0F 88 78 00 10 02 00 03 00 00 00 00 E1 00 00
T$0F s1 f 41 0F 89 78 00 10 02 00 02 00 00 00 00 E1 00 00
T$0F s1 f 42 0F 89 78 00 10 02 00 01 00 00 00 00 E1 00 00
T$0F s1 f 43 0F 89 78 00 20 03 00 FF 00 00 00 00 E1 00 00
T$0F s1 f 44 0F 8A 78 00 20 03 00 FE 00 00 00 00 E1 00 00
T$0F s1 f 45 0F 8A 78 00 20 03 00 FD 00 00 00 00 E1 00 00
T$0F s1 f 46 0F 8B 78 00 20 03 00 FC 00 01 00 00 E1 00 00
T$0F s1 f 47 0F 8A 78 00 20 03 00 FB 00 01 00 00 E1 00 00
T$0F s1 f 48 0F 8A 78 00 20 03 00 FA 00 01 00 00 E1 00 00
T$0F s1 f 49 0F 89 78 00 20 03 00 F9 00 01 00 00 E1 00 00
T$0F s1 f 50 0F 89 78 00 20 03 00 F8 00 01 00 00 E1 00 00
T$0F s1 f 51 0F 88 78 00 20 03 00 F7 00 01 00 00 E1 00 00
T$0F s1 f 52 0F 88 78 00 20 03 00 F6 00 01 00 00 E1 00 00
T$0F s1 f 53 0F 87 78 00 20 03 00 F5 00 01 00 00 E1 00 00
T$0F s1 f 54 0F 87 78 00 20 03 00 F4 00 01 00 00 E1 00 00
T$0F s1 f 55 0F 86 78 00 20 03 00 F3 00 01 00 00 E1 00 00
T$0F s1 f 56 0F 86 78 00 20 03 00 F2 00 01 00 00 E1 00 00
T$0F s1 f 57 0F 85 78 00 20 03 00 F1 00 01 00 00 E1 00 00
T$0F s1 f 58 0F 85 78 00 20 03 00 F0 00 01 00 00 E1 00 00
T$0F s1 f 59 0F 84 78 00 20 03 00 EF 00 01 00 00 E1 00 00
T$0F s1 f 60 0F 84 78 00 20 03 00 EE 00 01 00 00 E1 00 00
T$0F s1 f 61 0F 83 78 00 20 03 00 ED 00 01 00 00 E1 00 00
T$0F s1 f 62 0F 83 78 00 20 03 00 EC 00 01 00 00 E1 00 00
T$0F s1 f 63 0F 82 78 00 20 03 00 EB 00 01 00 00 E1 00 00
T$0F s1 f 64 0F 82 78 00 20 03 00 EA 00 01 00 00 E1 00 00
T$0F s1 f 65 0F 81 78 00 20 03 00 E9 00 01 00 00 E1 00 00
T$0F s1 f 66 0F 81 78 00 20 03 00 E8 00 01 00 00 E1 00 00
T$0F s1 f 67 0F 80 78 00 20 03 00 E7 00 01 00 00 E1 00 00
T$0F s1 f 68 0F 80 78 00 20 03 00 E6 00 01 00 00 E1 00 00
T$0F s1 f 69 0F 7F 78 00 20 03 00 E5 00 01 00 00 E1 00 00
T$0F s1 f 70 0F 7F 78 00 20 03 00 E4 00 01 00 00 E1 00 00
T$0F s1 f 71 0F 7E 78 00 20 03 00 E3 00 01 00 00 E1 00 00
T$0F s1 f 72 0F 7E 78 00 20 03 00 E2 00 01 00 00 E1 00 00
T$0F s1 f 73 0F 7D 78 00 20 03 00 E1 00 01 00 00 E1 00 00
T$0F s1 f 74 0F 7D 78 00 20 03 00 E0 00 01 00 00 E1 00 00
T$0F s1 f 75 0F 7C 78 00 20 03 00 DF 00 01 00 00 E1 00 00
T$0F s1 f 76 0F 7C 78 00 20 03 00 DE 00 01 00 00 E1 00 00
T$0F s1 f 77 0F 7B 78 00 20 03 00 DD 00 01 00 00 E1 00 00
T$0F s1 f 78 0F 7B 79 00 20 03 00 DC 00 01 00 00 E1 00 00
T$0F s1 f 79 0F 7B 79 00 20 03 00 DB 00 01 00 00 E1 00 00
T$0F s1 f 80 0F 7B 7A 00 20 03 00 DA 00 01 00 00 E1 00 00
T$0F s1 f 81 0F 7B 7A 00 20 03 00 D9 00 01 00 00 E1 00 00
T$0F s1 f 82 0F 7B 7B 00 20 03 00 D8 00 01 00 00 E1 00 00
T$0F s1 f 83 0F 7B 7B 00 20 03 00 D7 00 01 00 00 E1 00 00
T$0F s1 f 84 0F 7B 7C 00 20 03 00 D6 00 01 00 00 E1 00 00
T$0F s1 f 85 0F 7B 7C 00 20 03 00 D5 00 01 00 00 E1 00 00
T$0F s1 f 86 0F 7B 7D 00 20 03 00 D4 00 01 00 00 E1 00 00
T$0F s1 f 87 0F 7B 7D 00 20 03 00 D3 00 01 00 00 E1 00 00
T$0F s1 f 88 0F 7B 7E 00 20 03 00 D2 00 01 00 00 E1 00 00
T$0F s1 f 89 0F 7B 7E 00 20 03 00 D1 00 01 00 00 E1 00 00
T$0F s1 f 90 0F 7B 7F 00 20 03 00 D0 00 01 00 00 E1 00 00
T$0F s1 f 91 0F 7B 7F 00 20 03 00 CF 00 01 00 00 E1 00 00
T$0F s1 f 92 0F 7B 80 00 20 03 00 CE 00 01 00 00 E1 00 00
T$0F s1 f 93 0F 7B 80 00 20 03 00 CD 00 01 00 00 E1 00 00
T$0F s1 f 94 0F 7B 81 00 20 03 00 CC 00 01 00 00 E1 00 00
T$0F s1 f 95 0F 7B 81 00 20 03 00 CB 00 01 00 00 E1 00 00
T$0F s1 f 96 0F 7B 82 00 20 03 00 CA 00 01 00 00 E1 00 00
T$0F s1 f 97 0F 7B 82 00 20 03 00 C9 00 01 00 00 E1 00 00
T$0F s1 f 98 0F 7B 83 00 20 03 00 C8 00 01 00 00 E1 00 00
T$0F s1 f 99 0F 7B 83 00 20 03 00 C7 00 01 00 00 E1 00 00
T$0F s1 f100 0F 7B 84 00 20 03 00 C6 00 01 00 00 E1 00 00
T$0F s1 f101 0F 7B 84 00 20 03 00 C5 00 01 00 00 E1 00 00
T$0F s1 f102 0F 7B 85 00 20 03 00 C4 00 01 00 00 E1 00 00
T$0F s1 f103 0F 7B 85 00 20 03 00 C3 00 01 00 00 E1 00 00
T$0F s1 f104 0F 7B 86 00 20 03 00 C2 00 01 00 00 E1 00 00
T$0F s1 f105 0F 7B 86 00 20 03 00 C1 00 01 00 00 E1 00 00
T$0F s1 f106 0F 7B 87 00 20 03 00 C0 00 01 00 00 E1 00 00
T$0F s1 f107 0F 7B 87 00 20 03 00 BF 00 01 00 00 E1 00 00
T$0F s1 f108 0F 7B 88 00 20 03 00 BE 00 00 00 00 E1 00 00
T$0F s1 f109 0F 7B 88 00 20 03 00 BD 00 00 00 00 E1 00 00
T$0F s1 f110 0F 7B 89 00 20 03 00 BC 00 00 00 00 E1 00 00
T$0F s1 f111 0F 7B 89 00 20 03 00 BB 00 00 00 00 E1 00 00
T$0F s1 f112 0F 7B 8A 00 20 03 00 BA 00 00 00 00 E1 00 00
T$0F s1 f113 0F 7B 8A 00 20 03 00 B9 00 00 00 00 E1 00 00
T$0F s1 f114 0F 7B 8B 00 20 03 00 B8 00 00 00 00 E1 00 00
T$0F s1 f115 0F 7B 8B 00 20 03 00 B7 00 00 00 00 E1 00 00
T$0F s1 f116 0F 7B 8C 00 20 03 00 B6 00 00 00 00 E1 00 00
T$0F s1 f117 0F 7B 8C 00 20 03 00 B5 00 00 00 00 E1 00 00
T$0F s1 f118 0F 7B 8D 00 20 03 00 B4 00 00 00 00 E1 00 00
T$0F s1 f119 0F 7B 8D 00 20 03 00 B3 00 00 00 00 E1 00 00
T$0F s1 f120 0F 7B 8E 00 20 03 00 B2 00 00 00 00 E1 00 00
T$0F s1 f121 0F 7B 8E 00 20 03 00 B1 00 00 00 00 E1 00 00
T$0F s1 f122 0F 7B 8F 00 20 03 00 B0 00 00 00 00 E1 00 00
T$0F s1 f123 0F 7B 8F 00 20 03 00 AF 00 00 00 00 E1 00 00
T$0F s1 f124 0F 7B 90 00 20 03 00 AE 00 00 00 00 E1 00 00
T$0F s1 f125 0F 7B 90 00 20 03 00 AD 00 00 00 00 E1 00 00
T$0F s1 f126 0F 7B 91 00 20 03 00 AC 00 00 00 00 E1 00 00
T$0F s1 f127 0F 7B 91 00 20 03 00 AB 00 00 00 00 E1 00 00
T$0F s1 f128 0F 7B 92 00 20 03 00 AA 00 00 00 00 E1 00 00
T$0F s1 f129 0F 7B 92 00 20 03 00 A9 00 00 00 00 E1 00 00
T$0F s1 f130 0F 7B 93 00 20 03 00 A8 00 00 00 00 E1 00 00
T$0F s1 f131 0F 7B 93 00 20 03 00 A7 00 00 00 00 E1 00 00
T$0F s1 f132 0F 7B 94 00 20 03 00 A6 00 00 00 00 E1 00 00
T$0F s1 f133 0F 7B 94 00 20 03 00 A5 00 00 00 00 E1 00 00
T$0F s1 f134 0F 7B 95 00 20 03 00 A4 00 00 00 00 E1 00 00
T$0F s1 f135 0F 7B 95 00 20 03 00 A3 00 00 00 00 E1 00 00
T$0F s1 f136 0F 7B 96 00 20 03 00 A2 00 00 00 00 E1 00 00
T$0F s1 f137 0F 7B 96 00 20 03 00 A1 00 00 00 00 E1 00 00
T$0F s1 f138 0F 7B 97 00 20 03 00 A0 00 00 00 00 E1 00 00
T$0F s1 f139 0F 7B 97 00 20 03 00 9F 00 00 00 00 E1 00 00
T$0F s1 f140 0F 7B 98 00 20 03 00 9E 00 00 00 00 E1 00 00
T$0F s1 f141 0F 7B 98 00 20 03 00 9D 00 00 00 00 E1 00 00
T$0F s1 f142 0F 7B 99 00 20 03 00 9C 00 00 00 00 E1 00 00
T$0F s1 f143 0F 7B 99 00 20 03 00 9B 00 00 00 00 E1 00 00
T$0F s1 f144 0F 7B 9A 00 20 03 00 9A 00 00 00 00 E1 00 00
T$0F s1 f145 0F 7B 9A 00 20 03 00 99 00 00 00 00 E1 00 00
T$0F s1 f146 0F 7B 9B 00 20 03 00 98 00 00 00 00 E1 00 00
T$0F s1 f147 0F 7B 9B 00 20 03 00 97 00 00 00 00 E1 00 00
T$0F s1 f148 0F 7B 9C 00 20 03 00 96 00 00 00 00 E1 00 00
T$0F s1 f149 0F 7B 9C 00 20 03 00 95 00 00 00 00 E1 00 00
T$0F s1 f150 0F 7B 9D 00 20 03 00 94 00 00 00 00 E1 00 00
T$0F s1 f151 0F 7B 9D 00 20 03 00 93 00 00 00 00 E1 00 00
T$0F s1 f152 0F 7B 9E 00 20 03 00 92 00 00 00 00 E1 00 00
T$0F s1 f153 0F 7B 9E 00 20 03 00 91 00 00 00 00 E1 00 00
T$0F s1 f154 0F 7B 9F 00 20 03 00 90 00 00 00 00 E1 00 00
T$0F s1 f155 0F 7B 9F 00 20 03 00 8F 00 00 00 00 E1 00 00
T$0F s1 f156 0F 7B A0 00 20 03 00 8E 00 00 00 00 E1 00 00
T$0F s1 f157 0F 7B A0 00 20 03 00 8D 00 00 00 00 E1 00 00
T$0F s1 f158 0F 7B A1 00 20 03 00 8C 00 00 00 00 E1 00 00
T$0F s1 f159 0F 7B A1 00 20 03 00 8B 00 00 00 00 E1 00 00
T$0F s1 f160 0F 7B A2 00 20 03 00 8A 00 00 00 00 E1 00 00
T$0F s1 f161 0F 7B A2 00 20 03 00 89 00 00 00 00 E1 00 00
T$0F s1 f162 0F 7B A3 00 20 03 00 88 00 00 00 00 E1 00 00
T$0F s1 f163 0F 7B A3 00 20 03 00 87 00 00 00 00 E1 00 00
T$0F s1 f164 0F 7B A4 00 20 03 00 86 00 00 00 00 E1 00 00
T$0F s1 f165 0F 7B A4 00 20 03 00 85 00 00 00 00 E1 00 00
T$0F s1 f166 0F 7B A5 00 20 03 00 84 00 00 00 00 E1 00 00
T$0F s1 f167 0F 7B A5 00 20 03 00 83 00 00 00 00 E1 00 00
T$0F s1 f168 0F 7B A6 00 20 03 00 82 00 00 00 00 E1 00 00
T$0F s1 f169 0F 7B A6 00 20 03 00 81 00 00 00 00 E1 00 00
T$0F s1 f170 0F 7B A7 00 20 03 00 80 00 00 00 00 E1 00 00
T$0F s1 f171 0F 7B A7 00 20 03 00 7F 00 00 00 00 E1 00 00
T$0F s1 f172 0F 7B A8 00 20 03 00 7E 00 01 00 00 E1 00 00
T$0F s1 f173 0F 7B A8 00 20 03 00 7D 00 01 00 00 E1 00 00
T$0F s1 f174 0F 7B A9 00 20 03 00 7C 00 01 00 00 E1 00 00
T$0F s1 f175 0F 7B A9 00 20 03 00 7B 00 01 00 00 E1 00 00
T$0F s1 f176 0F 7B AA 00 20 03 00 7A 00 01 00 00 E1 00 00
T$0F s1 f177 0F 7B AA 00 20 03 00 79 00 01 00 00 E1 00 00
T$0F s1 f178 0F 7B AB 00 20 03 00 78 00 01 00 00 E1 00 00
T$0F s1 f179 0F 7B AB 00 20 03 00 77 00 01 00 00 E1 00 00
T$0F s1 f180 0F 7B AC 00 20 03 00 76 00 01 00 00 E1 00 00
T$0F s1 f181 0F 7B AC 00 20 03 00 75 00 01 00 00 E1 00 00
T$0F s1 f182 0F 7B AD 00 20 03 00 74 00 01 00 00 E1 00 00
T$0F s1 f183 0F 7B AD 00 20 03 00 73 00 01 00 00 E1 00 00
T$0F s1 f184 0F 7B AE 00 20 03 00 72 00 01 00 00 E1 00 00
T$0F s1 f185 0F 7B AE 00 20 03 00 71 00 01 00 00 E1 00 00
T$0F s1 f186 0F 7B AF 00 20 03 00 70 00 01 00 00 E1 00 00
T$0F s1 f187 0F 7B AF 00 20 03 00 6F 00 01 00 00 E1 00 00
T$0F s1 f188 0F 7B B0 00 20 03 00 6E 00 01 00 00 E1 00 00
T$0F s1 f189 0F 7B B0 00 20 03 00 6D 00 01 00 00 E1 00 00
T$0F s1 f190 0F 7B B1 00 20 03 00 6C 00 01 00 00 E1 00 00
T$0F s1 f191 0F 7B B1 00 20 03 00 6B 00 01 00 00 E1 00 00
T$0F s1 f192 0F 7B B2 00 20 03 00 6A 00 01 00 00 E1 00 00
T$0F s1 f193 0F 7B B2 00 20 03 00 69 00 01 00 00 E1 00 00
T$0F s1 f194 0F 7B B3 00 20 03 00 68 00 01 00 00 E1 00 00
T$0F s1 f195 0F 7B B3 00 20 03 00 67 00 01 00 00 E1 00 00
T$0F s1 f196 0F 7B B4 00 20 03 00 66 00 01 00 00 E1 00 00
T$0F s1 f197 0F 7B B4 00 20 03 00 65 00 01 00 00 E1 00 00
T$0F s1 f198 0F 7B B5 00 20 03 00 64 00 01 00 00 E1 00 00
T$0F s1 f199 0F 7B B5 00 20 03 00 63 00 01 00 00 E1 00 00
T$0F s1 f200 0F 7B B5 00 20 03 00 62 00 01 00 00 E1 00 00
T$0F s1 f201 0F 7B B4 00 20 03 00 61 00 01 00 00 E1 00 00
T$0F s1 f202 0F 7B B4 00 20 03 00 60 00 01 00 00 E1 00 00
T$0F s1 f203 0F 7B B3 00 20 03 00 5F 00 01 00 00 E1 00 00
T$0F s1 f204 0F 7B B3 00 20 03 00 5E 00 01 00 00 E1 00 00
T$0F s1 f205 0F 7B B2 00 20 03 00 5D 00 01 00 00 E1 00 00
T$0F s1 f206 0F 7B B2 00 20 03 00 5C 00 01 00 00 E1 00 00
T$0F s1 f207 0F 7B B1 00 20 03 00 5B 00 01 00 00 E1 00 00
T$0F s1 f208 0F 7B B1 00 20 03 00 5A 00 01 00 00 E1 00 00
T$0F s1 f209 0F 7B B0 00 20 03 00 59 00 01 00 00 E1 00 00
T$0F s1 f210 0F 7B B0 00 20 03 00 58 00 01 00 00 E1 00 00
T$0F s1 f211 0F 7B AF 00 20 03 00 57 00 01 00 00 E1 00 00
T$0F s1 f212 0F 7B AF 00 20 03 00 56 00 01 00 00 E1 00 00
T$0F s1 f213 0F 7B AE 00 20 03 00 55 00 01 00 00 E1 00 00
T$0F s1 f214 0F 7B AE 00 20 03 00 54 00 01 00 00 E1 00 00
T$0F s1 f215 0F 7B AD 00 20 03 00 53 00 01 00 00 E1 00 00
T$0F s1 f216 0F 7B AD 00 20 03 00 52 00 01 00 00 E1 00 00
T$0F s1 f217 0F 7B AC 00 20 03 00 51 00 01 00 00 E1 00 00
T$0F s1 f218 0F 7B AC 00 20 03 00 50 00 01 00 00 E1 00 00
T$0F s1 f219 0F 7B AB 00 20 03 00 4F 00 01 00 00 E1 00 00
T$0F s1 f220 0F 7B AB 00 20 03 00 4E 00 01 00 00 E1 00 00
T$0F s1 f221 0F 7B AA 00 20 03 00 4D 00 01 00 00 E1 00 00
T$0F s1 f222 0F 7B AA 00 20 03 00 4C 00 01 00 00 E1 00 00
T$0F s1 f223 0F 7B A9 00 20 03 00 4B 00 01 00 00 E1 00 00
T$0F s1 f224 0F 7B A9 00 20 03 00 4A 00 01 00 00 E1 00 00
T$0F s1 f225 0F 7B A8 00 20 03 00 49 00 01 00 00 E1 00 00
T$0F s1 f226 0F 7B A9 00 20 03 00 48 00 01 00 00 E1 00 00
T$0F s1 f227 0F 7B A9 00 20 03 00 47 00 01 00 00 E1 00 00
T$0F s1 f228 0F 7B AA 00 20 03 00 46 00 01 00 00 E1 00 00
T$0F s1 f229 0F 7B AA 00 20 03 00 45 00 01 00 00 E1 00 00
T$0F s1 f230 0F 7B AB 00 20 03 00 44 00 01 00 00 E1 00 00
T$0F s1 f231 0F 7B AB 00 20 03 00 43 00 01 00 00 E1 00 00
T$0F s1 f232 0F 7B AC 00 20 03 00 42 00 01 00 00 E1 00 00
T$0F s1 f233 0F 7B AC 00 20 03 00 41 00 01 00 00 E1 00 00
T$0F s1 f234 0F 7B AD 00 20 03 00 40 00 01 00 00 E1 00 00
T$0F s1 f235 0F 7B AD 00 20 03 00 3F 00 01 00 00 E1 00 00
T$0F s1 f236 0F 7B AE 00 20 03 00 3E 00 01 00 00 E1 00 00
T$0F s1 f237 0F 7B AE 00 20 03 00 3D 00 01 00 00 E1 00 00
T$0F s1 f238 0F 7B AF 00 20 03 00 3C 00 01 00 00 E1 00 00
T$0F s1 f239 0F 7B AF 00 20 03 00 3B 00 01 00 00 E1 00 00
