/* Auto-generated by tools/extract_intro_assets.py - do not edit. */
const unsigned char intro_restore_chr[16384] = {
    0x00, 0x00, 0x00, 0x00, 0x00, 0x00, 0x05, 0x55, 0x00, 0x05, 0x55, 0x55, 0x05, 0x55, 0x65, 0x57,
    0x55, 0x55, 0x66, 0x77, 0x50, 0x55, 0x66, 0x67, 0x00, 0x57, 0x76, 0x67, 0x00, 0x07, 0x77, 0x66,
    0x00, 0x00, 0x55, 0x55, 0x00, 0x57, 0x75, 0x56, 0x00, 0x77, 0x77, 0x76, 0x05, 0x77, 0x77, 0x76,
    0x05, 0x57, 0x77, 0x75, 0x77, 0x55, 0x55, 0x57, 0x77, 0x75, 0x55, 0x55, 0x07, 0x77, 0x00, 0x00,
    0x00, 0x00, 0x00, 0x00, 0x50, 0x00, 0x00, 0x00, 0x77, 0x77, 0x00, 0x00, 0x77, 0x77, 0x70, 0x00,
    0x77, 0x77, 0x00, 0x00, 0x66, 0x56, 0x00, 0x00, 0x66, 0x76, 0x66, 0x00, 0x66, 0x66, 0x07, 0x00,
    0x66, 0x66, 0x07, 0x00, 0x66, 0x77, 0x67, 0x00, 0x66, 0x57, 0x67, 0x00, 0x65, 0x57, 0x07, 0x00,
    0x55, 0x70, 0x07, 0x00, 0x77, 0x75, 0x07, 0x00, 0x55, 0x57, 0x70, 0x00, 0x07, 0x77, 0x00, 0x00,
    0x00, 0x00, 0x05, 0x55, 0x00, 0x05, 0x55, 0x55, 0x05, 0x55, 0x65, 0x57, 0x55, 0x55, 0x66, 0x77,
    0x50, 0x55, 0x66, 0x67, 0x00, 0x57, 0x76, 0x67, 0x00, 0x07, 0x77, 0x66, 0x00, 0x00, 0x55, 0x55,
    0x00, 0x75, 0x55, 0x55, 0x07, 0x77, 0x56, 0x66, 0x07, 0x77, 0x76, 0x66, 0x07, 0x77, 0x76, 0x65,
    0x00, 0x57, 0x75, 0x57, 0x05, 0x55, 0x55, 0x55, 0x00, 0x00, 0x77, 0x77, 0x00, 0x00, 0x77, 0x77,
    0x50, 0x00, 0x00, 0x00, 0x77, 0x77, 0x00, 0x00, 0x77, 0x77, 0x70, 0x00, 0x77, 0x77, 0x00, 0x00,
    0x66, 0x56, 0x00, 0x70, 0x66, 0x76, 0x66, 0x70, 0x66, 0x66, 0x00, 0x70, 0x66, 0x66, 0x00, 0x70,
    0x55, 0x77, 0x76, 0x70, 0x55, 0x57, 0x76, 0x70, 0x55, 0x57, 0x70, 0x70, 0x55, 0x70, 0x00, 0x70,
    0x77, 0x70, 0x00, 0x70, 0x55, 0x50, 0x00, 0x00, 0x00, 0x00, 0x00, 0x00, 0x70, 0x00, 0x00, 0x00,
    0x00, 0x00, 0x05, 0x55, 0x00, 0x00, 0x55, 0x55, 0x00, 0x60, 0x57, 0x77, 0x00, 0x60, 0x77, 0x77,
    0x00, 0x66, 0x76, 0x56, 0x00, 0x66, 0x76, 0x76, 0x00, 0x76, 0x66, 0x66, 0x00, 0x77, 0x56, 0x67,
    0x00, 0x65, 0x55, 0x66, 0x00, 0x65, 0x55, 0x55, 0x00, 0x07, 0x55, 0x77, 0x00, 0x05, 0x77, 0x75,
    0x00, 0x05, 0x55, 0x77, 0x00, 0x00, 0x75, 0x55, 0x00, 0x00, 0x77, 0x70, 0x00, 0x00, 0x77, 0x70,
    0x55, 0x50, 0x00, 0x00, 0x55, 0x55, 0x00, 0x00, 0x77, 0x75, 0x06, 0x00, 0x77, 0x77, 0x06, 0x00,
    0x65, 0x67, 0x66, 0x00, 0x67, 0x67, 0x66, 0x00, 0x66, 0x66, 0x67, 0x00, 0x76, 0x65, 0x57, 0x00,
    0x66, 0x55, 0x77, 0x70, 0x55, 0x55, 0x67, 0x70, 0x75, 0x56, 0x66, 0x70, 0x77, 0x77, 0x66, 0x60,
    0x75, 0x55, 0x56, 0x00, 0x55, 0x55, 0x00, 0x00, 0x07, 0x77, 0x00, 0x00, 0x00, 0x00, 0x00, 0x00,
    0x00, 0x00, 0x05, 0x55, 0x00, 0x00, 0x55, 0x55, 0x00, 0x60, 0x55, 0x55, 0x00, 0x65, 0x55, 0x55,
    0x00, 0x67, 0x55, 0x55, 0x00, 0x66, 0x77, 0x55, 0x00, 0x06, 0x77, 0x75, 0x00, 0x07, 0x57, 0x77,
    0x00, 0x77, 0x55, 0x55, 0x00, 0x77, 0x55, 0x55, 0x00, 0x07, 0x75, 0x55, 0x00, 0x05, 0x57, 0x77,
    0x00, 0x05, 0x55, 0x55, 0x00, 0x07, 0x77, 0x55, 0x00, 0x07, 0x77, 0x70, 0x00, 0x00, 0x77, 0x00,
    0x55, 0x50, 0x00, 0x00, 0x55, 0x55, 0x00, 0x00, 0x55, 0x55, 0x06, 0x00, 0x55, 0x55, 0x56, 0x00,
    0x55, 0x55, 0x76, 0x00, 0x55, 0x77, 0x66, 0x00, 0x57, 0x77, 0x60, 0x00, 0x77, 0x75, 0x70, 0x00,
    0x55, 0x57, 0x70, 0x00, 0x55, 0x57, 0x76, 0x00, 0x55, 0x57, 0x76, 0x00, 0x77, 0x75, 0x66, 0x00,
    0x55, 0x55, 0x50, 0x00, 0x55, 0x57, 0x00, 0x00, 0x07, 0x70, 0x00, 0x00, 0x00, 0x00, 0x00, 0x00,
    0x00, 0x00, 0x00, 0x00, 0x00, 0x00, 0x00, 0x55, 0x00, 0x00, 0x55, 0x55, 0x00, 0x05, 0x56, 0x55,
    0x00, 0x05, 0x56, 0x67, 0x00, 0x55, 0x56, 0x66, 0x05, 0x55, 0x77, 0x66, 0x05, 0x00, 0x77, 0x76,
    0x00, 0x00, 0x55, 0x55, 0x00, 0x05, 0x57, 0x77, 0x00, 0x05, 0x77, 0x77, 0x00, 0x55, 0x77, 0x77,
    0x05, 0x55, 0x57, 0x77, 0x77, 0x55, 0x55, 0x55, 0x77, 0x75, 0x55, 0x55, 0x07, 0x77, 0x00, 0x00,
    0x00, 0x00, 0x00, 0x00, 0x55, 0x00, 0x00, 0x00, 0x57, 0x77, 0x70, 0x00, 0x77, 0x77, 0x77, 0x00,
    0x77, 0x77, 0x70, 0x00, 0x76, 0x65, 0x60, 0x00, 0x76, 0x67, 0x66, 0x60, 0x66, 0x66, 0x60, 0x00,
    0x56, 0x66, 0x66, 0x00, 0x77, 0x76, 0x66, 0x00, 0x77, 0x76, 0x60, 0x00, 0x77, 0x75, 0x00, 0x00,
    0x55, 0x57, 0x70, 0x00, 0x77, 0x77, 0x70, 0x00, 0x55, 0x55, 0x77, 0x00, 0x00, 0x07, 0x77, 0x70,
    0x00, 0x07, 0x70, 0x55, 0x00, 0x76, 0x75, 0x55, 0x07, 0x76, 0x55, 0x77, 0x77, 0x66, 0x57, 0x77,
    0x77, 0x66, 0x76, 0x56, 0x67, 0x76, 0x76, 0x76, 0x06, 0x77, 0x56, 0x67, 0x00, 0x67, 0x55, 0x67,
    0x00, 0x06, 0x55, 0x56, 0x00, 0x00, 0x75, 0x55, 0x00, 0x00, 0x57, 0x57, 0x00, 0x00, 0x55, 0x77,
    0x00, 0x07, 0x75, 0x57, 0x00, 0x77, 0x70, 0x55, 0x00, 0x00, 0x00, 0x00, 0x00, 0x00, 0x00, 0x00,
    0x55, 0x50, 0x00, 0x00, 0x55, 0x55, 0x00, 0x00, 0x77, 0x55, 0x50, 0x00, 0x77, 0x75, 0x50, 0x60,
    0x65, 0x77, 0x56, 0x60, 0x67, 0x67, 0x56, 0x00, 0x76, 0x66, 0x60, 0x00, 0x76, 0x67, 0x70, 0x00,
    0x66, 0x77, 0x77, 0x00, 0x55, 0x77, 0x77, 0x00, 0x77, 0x77, 0x75, 0x00, 0x57, 0x77, 0x55, 0x00,
    0x76, 0x67, 0x55, 0x70, 0x66, 0x65, 0x57, 0x77, 0x66, 0x60, 0x77, 0x77, 0x00, 0x00, 0x00, 0x00,
    0x00, 0x07, 0x55, 0x55, 0x06, 0x05, 0x55, 0x55, 0x06, 0x75, 0x55, 0x55, 0x06, 0x65, 0x55, 0x55,
    0x07, 0x67, 0x55, 0x55, 0x07, 0x67, 0x75, 0x55, 0x07, 0x75, 0x77, 0x57, 0x07, 0x75, 0x57, 0x77,
    0x00, 0x75, 0x55, 0x55, 0x00, 0x75, 0x55, 0x55, 0x00, 0x57, 0x55, 0x55, 0x07, 0x55, 0x77, 0x77,
    0x77, 0x55, 0x55, 0x55, 0x77, 0x70, 0x00, 0x05, 0x00, 0x00, 0x00, 0x00, 0x00, 0x00, 0x00, 0x00,
    0x50, 0x00, 0x00, 0x00, 0x55, 0x00, 0x00, 0x00, 0x55, 0x50, 0x00, 0x00, 0x55, 0x50, 0x60, 0x00,
    0x55, 0x76, 0x60, 0x00, 0x77, 0x76, 0x00, 0x06, 0x77, 0x56, 0x00, 0x67, 0x75, 0x77, 0x76, 0x77,
    0x55, 0x77, 0x67, 0x77, 0x55, 0x76, 0x77, 0x77, 0x55, 0x67, 0x77, 0x70, 0x77, 0x76, 0x77, 0x00,
    0x55, 0x55, 0x60, 0x00, 0x55, 0x57, 0x70, 0x00, 0x00, 0x77, 0x77, 0x00, 0x00, 0x77, 0x77, 0x00,
    0x00, 0x00, 0x00, 0x00, 0x00, 0x00, 0x00, 0x00, 0x00, 0x00, 0x00, 0x00, 0x00, 0x00, 0x00, 0x00,
    0x00, 0x00, 0x00, 0x00, 0x00, 0x00, 0x00, 0x00, 0x00, 0x00, 0x00, 0x00, 0x00, 0x00, 0x00, 0x00,
    0x00, 0x00, 0x00, 0x00, 0x00, 0x00, 0x00, 0x00, 0x00, 0x00, 0x00, 0x00, 0x00, 0x00, 0x00, 0x00,
    0x00, 0x00, 0x00, 0x00, 0x00, 0x00, 0x00, 0x00, 0x00, 0x00, 0x00, 0x00, 0x00, 0x00, 0x00, 0x00,
    0x55, 0x50, 0x00, 0x00, 0x50, 0x00, 0x00, 0x00, 0x50, 0x00, 0x00, 0x00, 0x00, 0x00, 0x00, 0x00,
    0x00, 0x00, 0x00, 0x00, 0x00, 0x00, 0x00, 0x00, 0x00, 0x00, 0x00, 0x00, 0x00, 0x00, 0x00, 0x00,
    0x00, 0x00, 0x00, 0x00, 0x00, 0x00, 0x00, 0x00, 0x00, 0x00, 0x00, 0x00, 0x00, 0x00, 0x00, 0x00,
    0x00, 0x00, 0x00, 0x00, 0x50, 0x00, 0x00, 0x00, 0x50, 0x00, 0x00, 0x00, 0x55, 0x50, 0x00, 0x00,
    0x00, 0x07, 0x00, 0x00, 0x00, 0x77, 0x70, 0x00, 0x00, 0x77, 0x70, 0x00, 0x00, 0x77, 0x70, 0x00,
    0x00, 0x77, 0x70, 0x00, 0x00, 0x77, 0x70, 0x00, 0x00, 0x77, 0x70, 0x00, 0x00, 0x77, 0x70, 0x00,
    0x00, 0x77, 0x70, 0x00, 0x00, 0x77, 0x70, 0x00, 0x00, 0x77, 0x70, 0x00, 0x55, 0x55, 0x55, 0x50,
    0x50, 0x66, 0x60, 0x50, 0x00, 0x55, 0x50, 0x00, 0x00, 0x66, 0x60, 0x00, 0x00, 0x55, 0x50, 0x00,
    0x00, 0x70, 0x77, 0x00, 0x00, 0x07, 0x70, 0x00, 0x00, 0x07, 0x70, 0x00, 0x00, 0x57, 0x75, 0x00,
    0x05, 0x55, 0x55, 0x50, 0x56, 0x56, 0x56, 0x55, 0x65, 0x55, 0x55, 0x55, 0x55, 0x56, 0x55, 0x55,
    0x65, 0x65, 0x55, 0x55, 0x55, 0x55, 0x55, 0x65, 0x05, 0x65, 0x65, 0x50, 0x00, 0x55, 0x55, 0x00,
    0x00, 0x07, 0x70, 0x00, 0x00, 0x07, 0x70, 0x00, 0x00, 0x07, 0x70, 0x00, 0x00, 0x77, 0x07, 0x00,
    0x00, 0x05, 0x55, 0x00, 0x00, 0x07, 0x06, 0x00, 0x00, 0x07, 0x66, 0x00, 0x00, 0x07, 0x06, 0x00,
    0x00, 0x07, 0x66, 0x00, 0x00, 0x07, 0x06, 0x00, 0x00, 0x07, 0x66, 0x00, 0x00, 0x07, 0x06, 0x00,
    0x00, 0x07, 0x66, 0x00, 0x00, 0x07, 0x06, 0x00, 0x00, 0x07, 0x66, 0x00, 0x00, 0x07, 0x66, 0x00,
    0x00, 0x00, 0x60, 0x00, 0x00, 0x07, 0x66, 0x00, 0x00, 0x07, 0x06, 0x00, 0x00, 0x07, 0x66, 0x00,
    0x00, 0x00, 0x50, 0x00, 0x00, 0x55, 0x55, 0x00, 0x05, 0x55, 0x65, 0x00, 0x05, 0x56, 0x55, 0x50,
    0x00, 0x56, 0x65, 0x00, 0x00, 0x00, 0x00, 0x00, 0x00, 0x77, 0x77, 0x00, 0x00, 0x77, 0x77, 0x00,
    0x00, 0x77, 0x77, 0x00, 0x00, 0x77, 0x77, 0x06, 0x00, 0x77, 0x77, 0x06, 0x00, 0x77, 0x77, 0x06,
    0x00, 0x77, 0x77, 0x06, 0x00, 0x77, 0x77, 0x06, 0x66, 0x66, 0x66, 0x66, 0x06, 0x66, 0x66, 0x60,
    0x00, 0x00, 0x60, 0x00, 0x00, 0x00, 0x60, 0x00, 0x00, 0x06, 0x66, 0x00, 0x00, 0x06, 0x56, 0x00,
    0x00, 0x00, 0x50, 0x00, 0x00, 0x00, 0x50, 0x00, 0x00, 0x00, 0x50, 0x00, 0x00, 0x00, 0x50, 0x00,
    0x00, 0x00, 0x50, 0x00, 0x00, 0x00, 0x50, 0x00, 0x00, 0x07, 0x57, 0x00, 0x00, 0x70, 0x50, 0x70,
    0x00, 0x07, 0x57, 0x00, 0x00, 0x70, 0x50, 0x70, 0x00, 0x07, 0x57, 0x00, 0x00, 0x70, 0x50, 0x70,
    0x77, 0x70, 0x00, 0x00, 0x50, 0x07, 0x70, 0x00, 0x50, 0x00, 0x77, 0x00, 0x50, 0x00, 0x07, 0x70,
    0x50, 0x00, 0x07, 0x70, 0x50, 0x00, 0x00, 0x77, 0x50, 0x00, 0x00, 0x77, 0x50, 0x00, 0x00, 0x77,
    0x50, 0x00, 0x00, 0x77, 0x50, 0x00, 0x00, 0x77, 0x50, 0x00, 0x00, 0x77, 0x50, 0x00, 0x07, 0x70,
    0x50, 0x00, 0x07, 0x70, 0x50, 0x00, 0x77, 0x00, 0x50, 0x07, 0x70, 0x00, 0x77, 0x70, 0x00, 0x00,
    0x00, 0x00, 0x06, 0x00, 0x00, 0x06, 0x66, 0x55, 0x00, 0x60, 0x65, 0x50, 0x00, 0x60, 0x66, 0x65,
    0x56, 0x66, 0x66, 0x55, 0x66, 0x60, 0x65, 0x65, 0x00, 0x00, 0x66, 0x55, 0x06, 0x66, 0x65, 0x50,
    0x00, 0x00, 0x60, 0x00, 0x00, 0x00, 0x60, 0x00, 0x00, 0x00, 0x60, 0x00, 0x00, 0x00, 0x60, 0x00,
    0x06, 0x66, 0x60, 0x00, 0x00, 0x00, 0x60, 0x00, 0x06, 0x66, 0x60, 0x00, 0x00, 0x00, 0x60, 0x00,
    0x00, 0x66, 0x65, 0x00, 0x07, 0x66, 0x66, 0x50, 0x76, 0x50, 0x06, 0x65, 0x75, 0x00, 0x00, 0x65,
    0x75, 0x00, 0x00, 0x65, 0x66, 0x66, 0x66, 0x65, 0x76, 0x66, 0x65, 0x55, 0x00, 0x06, 0x50, 0x00,
    0x00, 0x06, 0x50, 0x00, 0x00, 0x06, 0x50, 0x00, 0x00, 0x06, 0x50, 0x00, 0x07, 0x66, 0x50, 0x00,
    0x06, 0x66, 0x50, 0x00, 0x00, 0x66, 0x50, 0x00, 0x06, 0x66, 0x50, 0x00, 0x00, 0x06, 0x50, 0x00,
    0x00, 0x00, 0x00, 0x00, 0x00, 0x00, 0x00, 0x00, 0x00, 0x00, 0x00, 0x00, 0x07, 0x77, 0x70, 0x00,
    0x77, 0x77, 0x77, 0x00, 0x77, 0x77, 0x77, 0x00, 0x77, 0x76, 0x67, 0x70, 0x77, 0x66, 0x66, 0x77,
    0x77, 0x65, 0x56, 0x77, 0x77, 0x66, 0x50, 0x00, 0x07, 0x76, 0x00, 0x00, 0x07, 0x77, 0x00, 0x00,
    0x00, 0x77, 0x00, 0x00, 0x00, 0x00, 0x00, 0x00, 0x00, 0x00, 0x00, 0x00, 0x00, 0x00, 0x00, 0x00,
    0x00, 0x07, 0x60, 0x00, 0x00, 0x77, 0x66, 0x00, 0x07, 0x77, 0x66, 0x60, 0x76, 0x76, 0x06, 0x06,
    0x77, 0x66, 0x60, 0x66, 0x77, 0x66, 0x60, 0x66, 0x77, 0x66, 0x60, 0x66, 0x77, 0x66, 0x60, 0x66,
    0x77, 0x66, 0x60, 0x66, 0x77, 0x66, 0x60, 0x66, 0x77, 0x66, 0x60, 0x66, 0x76, 0x76, 0x60, 0x66,
    0x66, 0x67, 0x06, 0x06, 0x06, 0x66, 0x66, 0x60, 0x00, 0x66, 0x66, 0x00, 0x00, 0x06, 0x60, 0x00,
    0x00, 0x00, 0x07, 0x00, 0x00, 0x00, 0x07, 0x00, 0x00, 0x00, 0x00, 0x70, 0x00, 0x00, 0x00, 0x07,
    0x00, 0x00, 0x00, 0x07, 0x00, 0x00, 0x00, 0x70, 0x00, 0x55, 0x55, 0x00, 0x05, 0x66, 0x55, 0x50,
    0x56, 0x76, 0x55, 0x55, 0x56, 0x65, 0x55, 0x55, 0x55, 0x55, 0x55, 0x55, 0x55, 0x55, 0x55, 0x55,
    0x05, 0x55, 0x55, 0x50, 0x00, 0x55, 0x55, 0x00, 0x00, 0x00, 0x00, 0x00, 0x00, 0x00, 0x00, 0x00,
    0x00, 0x00, 0x00, 0x00, 0x00, 0x00, 0x00, 0x00, 0x00, 0x00, 0x00, 0x00, 0x00, 0x00, 0x00, 0x00,
    0x00, 0x05, 0x67, 0x00, 0x00, 0x55, 0x70, 0x00, 0x06, 0x57, 0x00, 0x00, 0x06, 0x67, 0x00, 0x00,
    0x06, 0x67, 0x00, 0x00, 0x06, 0x67, 0x00, 0x00, 0x00, 0x66, 0x70, 0x00, 0x00, 0x06, 0x67, 0x00,
    0x00, 0x00, 0x00, 0x00, 0x00, 0x00, 0x00, 0x00, 0x00, 0x00, 0x00, 0x00, 0x00, 0x00, 0x00, 0x00,
    0x00, 0x00, 0x00, 0x00, 0x00, 0x00, 0x00, 0x00, 0x00, 0x00, 0x00, 0x00, 0x00, 0x00, 0x00, 0x00,
    0x67, 0x00, 0x00, 0x00, 0x67, 0x00, 0x00, 0x00, 0x65, 0x70, 0x00, 0x00, 0x55, 0x57, 0x00, 0x00,
    0x05, 0x66, 0x70, 0x00, 0x06, 0x66, 0x67, 0x00, 0x00, 0x66, 0x66, 0x77, 0x00, 0x00, 0x66, 0x66,
    0x00, 0x00, 0x00, 0x00, 0x00, 0x00, 0x00, 0x00, 0x00, 0x00, 0x00, 0x00, 0x00, 0x00, 0x00, 0x00,
    0x00, 0x00, 0x00, 0x00, 0x00, 0x00, 0x00, 0x00, 0x00, 0x00, 0x00, 0x00, 0x00, 0x00, 0x00, 0x00,
    0x00, 0x00, 0x00, 0x00, 0x00, 0x00, 0x00, 0x00, 0x70, 0x00, 0x00, 0x07, 0x67, 0x00, 0x00, 0x76,
    0x55, 0x77, 0x77, 0x66, 0x05, 0x56, 0x66, 0x60, 0x00, 0x66, 0x66, 0x00, 0x00, 0x00, 0x00, 0x00,
    0x00, 0x00, 0x00, 0x00, 0x00, 0x00, 0x00, 0x00, 0x00, 0x00, 0x00, 0x00, 0x00, 0x00, 0x00, 0x00,
    0x00, 0x00, 0x00, 0x00, 0x00, 0x00, 0x00, 0x00, 0x00, 0x00, 0x00, 0x00, 0x00, 0x00, 0x00, 0x00,
    0x07, 0x00, 0x07, 0x00, 0x00, 0x70, 0x77, 0x07, 0x70, 0x77, 0x77, 0x70, 0x07, 0x77, 0x77, 0x00,
    0x00, 0x77, 0x70, 0x00, 0x07, 0x77, 0x77, 0x00, 0x70, 0x07, 0x00, 0x00, 0x00, 0x00, 0x70, 0x00,
    0x00, 0x00, 0x00, 0x00, 0x00, 0x00, 0x00, 0x00, 0x00, 0x00, 0x00, 0x00, 0x00, 0x00, 0x00, 0x00,
    0x55, 0x50, 0x00, 0x00, 0x55, 0x50, 0x00, 0x00, 0x55, 0x50, 0x00, 0x00, 0x00, 0x00, 0x00, 0x00,
    0x00, 0x00, 0x00, 0x00, 0x00, 0x00, 0x00, 0x00, 0x00, 0x00, 0x00, 0x00, 0x00, 0x00, 0x00, 0x00,
    0x00, 0x00, 0x00, 0x00, 0x00, 0x00, 0x00, 0x00, 0x00, 0x00, 0x00, 0x00, 0x00, 0x00, 0x00, 0x00,
    0x00, 0x00, 0x00, 0x00, 0x00, 0x00, 0x00, 0x00, 0x00, 0x00, 0x00, 0x00, 0x00, 0x00, 0x00, 0x00,
    0x00, 0x66, 0x66, 0x00, 0x00, 0x05, 0x50, 0x00, 0x00, 0x77, 0x77, 0x00, 0x00, 0x75, 0x57, 0x00,
    0x00, 0x70, 0x07, 0x00, 0x00, 0x70, 0x07, 0x00, 0x07, 0x70, 0x07, 0x70, 0x70, 0x00, 0x00, 0x07,
    0x70, 0x00, 0x00, 0x07, 0x75, 0x55, 0x55, 0x57, 0x75, 0x55, 0x55, 0x67, 0x75, 0x65, 0x55, 0x57,
    0x75, 0x55, 0x65, 0x57, 0x77, 0x55, 0x55, 0x77, 0x77, 0x77, 0x77, 0x77, 0x07, 0x77, 0x77, 0x70,
    0x55, 0x55, 0x55, 0x50, 0x77, 0x77, 0x77, 0x55, 0x77, 0x77, 0x77, 0x75, 0x77, 0x77, 0x77, 0x55,
    0x75, 0x55, 0x55, 0x55, 0x75, 0x55, 0x55, 0x55, 0x75, 0x00, 0x00, 0x05, 0x75, 0x55, 0x55, 0x55,
    0x75, 0x05, 0x05, 0x05, 0x75, 0x55, 0x55, 0x55, 0x75, 0x55, 0x55, 0x55, 0x75, 0x55, 0x05, 0x55,
    0x75, 0x50, 0x00, 0x55, 0x55, 0x55, 0x05, 0x55, 0x05, 0x55, 0x55, 0x55, 0x05, 0x55, 0x55, 0x50,
    0x00, 0x00, 0x00, 0x00, 0x00, 0x00, 0x00, 0x00, 0x00, 0x00, 0x00, 0x00, 0x00, 0x55, 0x55, 0x00,
    0x05, 0x55, 0x55, 0x50, 0x05, 0x56, 0x65, 0x50, 0x55, 0x66, 0x66, 0x55, 0x55, 0x67, 0x76, 0x55,
    0x55, 0x67, 0x76, 0x55, 0x55, 0x66, 0x66, 0x55, 0x05, 0x56, 0x65, 0x50, 0x05, 0x55, 0x55, 0x50,
    0x00, 0x55, 0x55, 0x00, 0x00, 0x00, 0x00, 0x00, 0x00, 0x00, 0x00, 0x00, 0x00, 0x00, 0x00, 0x00,
    0x00, 0x00, 0x00, 0x00, 0x00, 0x00, 0x00, 0x00, 0x00, 0x00, 0x00, 0x00, 0x00, 0x05, 0x55, 0x00,
    0x00, 0x57, 0x55, 0x50, 0x05, 0x55, 0x55, 0x55, 0x06, 0x55, 0x55, 0x56, 0x00, 0x66, 0x66, 0x60,
    0x07, 0x60, 0x00, 0x05, 0x06, 0x00, 0x00, 0x06, 0x06, 0x60, 0x00, 0x60, 0x00, 0x66, 0x66, 0x00,
    0x00, 0x00, 0x00, 0x00, 0x00, 0x00, 0x00, 0x00, 0x00, 0x00, 0x00, 0x00, 0x00, 0x00, 0x00, 0x00,
    0x70, 0x00, 0x00, 0x00, 0x77, 0x00, 0x00, 0x00, 0x77, 0x70, 0x00, 0x00, 0x77, 0x70, 0x00, 0x00,
    0x07, 0x77, 0x00, 0x00, 0x07, 0x77, 0x00, 0x00, 0x00, 0x77, 0x05, 0x00, 0x00, 0x77, 0x70, 0x70,
    0x00, 0x07, 0x70, 0x50, 0x05, 0x07, 0x77, 0x55, 0x07, 0x00, 0x75, 0x50, 0x00, 0x50, 0x55, 0x60,
    0x00, 0x05, 0x56, 0x60, 0x00, 0x05, 0x06, 0x56, 0x00, 0x00, 0x00, 0x66, 0x00, 0x00, 0x00, 0x65,
    0x00, 0x05, 0x50, 0x00, 0x00, 0x57, 0x55, 0x00, 0x00, 0x55, 0x55, 0x00, 0x00, 0x75, 0x57, 0x00,
    0x00, 0x07, 0x70, 0x00, 0x00, 0x06, 0x60, 0x00, 0x00, 0x07, 0x70, 0x00, 0x00, 0x06, 0x60, 0x00,
    0x00, 0x06, 0x60, 0x00, 0x00, 0x06, 0x60, 0x00, 0x00, 0x06, 0x60, 0x00, 0x00, 0x06, 0x60, 0x00,
    0x00, 0x06, 0x60, 0x00, 0x00, 0x06, 0x60, 0x00, 0x00, 0x06, 0x60, 0x00, 0x00, 0x06, 0x60, 0x00,
    0x66, 0x06, 0x60, 0x66, 0x66, 0x66, 0x66, 0x66, 0x66, 0x66, 0x66, 0x66, 0x66, 0x55, 0x65, 0x67,
    0x06, 0x66, 0x66, 0x67, 0x66, 0x56, 0x56, 0x77, 0x66, 0x66, 0x67, 0x70, 0x65, 0x65, 0x77, 0x70,
    0x66, 0x67, 0x77, 0x70, 0x66, 0x77, 0x77, 0x00, 0x67, 0x77, 0x77, 0x00, 0x66, 0x67, 0x77, 0x00,
    0x65, 0x65, 0x70, 0x00, 0x06, 0x66, 0x70, 0x00, 0x66, 0x66, 0x70, 0x00, 0x66, 0x67, 0x00, 0x00,
    0x00, 0x00, 0x00, 0x00, 0x00, 0x05, 0x65, 0x00, 0x00, 0x55, 0x56, 0x50, 0x06, 0x66, 0x56, 0x55,
    0x05, 0x55, 0x60, 0x55, 0x55, 0x55, 0x00, 0x06, 0x66, 0x55, 0x00, 0x05, 0x77, 0x65, 0x00, 0x00,
    0x77, 0x65, 0x00, 0x00, 0x66, 0x55, 0x00, 0x00, 0x55, 0x55, 0x00, 0x05, 0x05, 0x55, 0x00, 0x06,
    0x05, 0x55, 0x60, 0x65, 0x00, 0x66, 0x55, 0x60, 0x00, 0x05, 0x56, 0x00, 0x00, 0x00, 0x00, 0x00,
    0x06, 0x55, 0x56, 0x00, 0x05, 0x65, 0x65, 0x00, 0x75, 0x55, 0x55, 0x57, 0x75, 0x66, 0x65, 0x57,
    0x75, 0x66, 0x65, 0x57, 0x07, 0x56, 0x55, 0x70, 0x05, 0x66, 0x65, 0x70, 0x06, 0x56, 0x56, 0x00,
    0x06, 0x75, 0x76, 0x00, 0x67, 0x55, 0x57, 0x60, 0x00, 0x65, 0x60, 0x70, 0x00, 0x66, 0x65, 0x00,
    0x00, 0x66, 0x00, 0x00, 0x00, 0x60, 0x00, 0x00, 0x00, 0x60, 0x00, 0x00, 0x00, 0x50, 0x00, 0x00,
    0x06, 0x55, 0x56, 0x00, 0x05, 0x65, 0x65, 0x00, 0x05, 0x55, 0x55, 0x50, 0x05, 0x66, 0x65, 0x50,
    0x07, 0x66, 0x65, 0x57, 0x75, 0x56, 0x55, 0x07, 0x75, 0x66, 0x65, 0x77, 0x76, 0x56, 0x57, 0x70,
    0x06, 0x05, 0x06, 0x70, 0x60, 0x55, 0x50, 0x67, 0x00, 0x65, 0x60, 0x00, 0x00, 0x66, 0x65, 0x00,
    0x00, 0x66, 0x00, 0x00, 0x00, 0x60, 0x00, 0x00, 0x00, 0x60, 0x00, 0x00, 0x00, 0x50, 0x00, 0x00,
    0x50, 0x00, 0x00, 0x00, 0x77, 0x77, 0x00, 0x00, 0x77, 0x77, 0x70, 0x00, 0x77, 0x77, 0x00, 0x77,
    0x66, 0x56, 0x00, 0x77, 0x66, 0x76, 0x66, 0x76, 0x66, 0x66, 0x00, 0x76, 0x66, 0x66, 0x00, 0x76,
    0x55, 0x77, 0x76, 0x76, 0x55, 0x57, 0x76, 0x76, 0x55, 0x57, 0x70, 0x76, 0x55, 0x70, 0x00, 0x76,
    0x77, 0x70, 0x00, 0x76, 0x55, 0x50, 0x00, 0x77, 0x00, 0x00, 0x00, 0x77, 0x70, 0x00, 0x00, 0x00,
    0x00, 0x00, 0x00, 0x00, 0x00, 0x00, 0x00, 0x00, 0x77, 0x77, 0x77, 0x77, 0x77, 0x77, 0x77, 0x77,
    0x77, 0x76, 0x67, 0x77, 0x77, 0x76, 0x67, 0x77, 0x76, 0x66, 0x66, 0x67, 0x76, 0x66, 0x66, 0x67,
    0x77, 0x76, 0x67, 0x77, 0x77, 0x76, 0x67, 0x77, 0x77, 0x76, 0x67, 0x77, 0x77, 0x76, 0x67, 0x77,
    0x07, 0x77, 0x77, 0x70, 0x00, 0x77, 0x77, 0x00, 0x00, 0x00, 0x00, 0x00, 0x00, 0x00, 0x00, 0x00,
    0x00, 0x00, 0x05, 0x55, 0x00, 0x00, 0x55, 0x55, 0x00, 0x60, 0x57, 0x77, 0x00, 0x60, 0x77, 0x77,
    0x00, 0x66, 0x76, 0x56, 0x00, 0x66, 0x76, 0x76, 0x00, 0x06, 0x66, 0x66, 0x00, 0x05, 0x56, 0x67,
    0x07, 0x77, 0x77, 0x66, 0x77, 0x67, 0x77, 0x75, 0x76, 0x66, 0x77, 0x67, 0x77, 0x67, 0x77, 0x65,
    0x77, 0x67, 0x77, 0x67, 0x77, 0x77, 0x77, 0x65, 0x06, 0x66, 0x66, 0x70, 0x00, 0x00, 0x77, 0x70,
    0x00, 0x00, 0x05, 0x55, 0x00, 0x00, 0x55, 0x55, 0x00, 0x60, 0x57, 0x77, 0x00, 0x60, 0x77, 0x77,
    0x00, 0x66, 0x76, 0x56, 0x00, 0x66, 0x76, 0x76, 0x00, 0x06, 0x66, 0x66, 0x00, 0x00, 0x56, 0x67,
    0x00, 0x77, 0x77, 0x76, 0x07, 0x76, 0x77, 0x77, 0x07, 0x66, 0x67, 0x76, 0x07, 0x76, 0x77, 0x76,
    0x07, 0x76, 0x77, 0x76, 0x07, 0x77, 0x77, 0x76, 0x00, 0x66, 0x66, 0x60, 0x00, 0x00, 0x00, 0x00,
    0x00, 0x00, 0x00, 0x00, 0x00, 0x06, 0x05, 0x00, 0x00, 0x50, 0x50, 0x05, 0x00, 0x50, 0x50, 0x55,
    0x00, 0x00, 0x55, 0x55, 0x06, 0x50, 0x55, 0x65, 0x05, 0x55, 0x56, 0x55, 0x05, 0x55, 0x56, 0x56,
    0x05, 0x55, 0x66, 0x56, 0x50, 0x56, 0x66, 0x66, 0x55, 0x56, 0x56, 0x67, 0x55, 0x56, 0x67, 0x67,
    0x05, 0x55, 0x66, 0x77, 0x05, 0x55, 0x66, 0x77, 0x00, 0x55, 0x55, 0x66, 0x00, 0x00, 0x05, 0x55,
    0x05, 0x00, 0x05, 0x00, 0x50, 0x00, 0x05, 0x00, 0x50, 0x50, 0x00, 0x00, 0x55, 0x50, 0x06, 0x00,
    0x55, 0x50, 0x50, 0x00, 0x55, 0x05, 0x50, 0x50, 0x55, 0x65, 0x55, 0x50, 0x55, 0x55, 0x55, 0x05,
    0x56, 0x55, 0x55, 0x05, 0x65, 0x65, 0x55, 0x55, 0x66, 0x66, 0x55, 0x55, 0x67, 0x66, 0x65, 0x50,
    0x77, 0x76, 0x65, 0x50, 0x77, 0x66, 0x55, 0x00, 0x66, 0x65, 0x55, 0x00, 0x55, 0x55, 0x00, 0x00,
    0x00, 0x00, 0x05, 0x55, 0x00, 0x00, 0x55, 0x55, 0x00, 0x60, 0x57, 0x77, 0x00, 0x60, 0x77, 0x77,
    0x00, 0x66, 0x76, 0x56, 0x00, 0x66, 0x76, 0x76, 0x77, 0x77, 0x77, 0x77, 0x77, 0x76, 0x67, 0x77,
    0x77, 0x76, 0x67, 0x77, 0x76, 0x66, 0x66, 0x67, 0x76, 0x66, 0x66, 0x67, 0x77, 0x76, 0x67, 0x77,
    0x77, 0x76, 0x67, 0x77, 0x77, 0x76, 0x67, 0x77, 0x07, 0x77, 0x77, 0x70, 0x00, 0x77, 0x77, 0x00,
    0x00, 0x00, 0x00, 0x00, 0x00, 0x00, 0x00, 0x00, 0x00, 0x00, 0x00, 0x00, 0x00, 0x07, 0x00, 0x00,
    0x00, 0x00, 0x00, 0x07, 0x00, 0x00, 0x07, 0x06, 0x00, 0x00, 0x00, 0x07, 0x00, 0x00, 0x76, 0x76,
    0x00, 0x00, 0x76, 0x76, 0x00, 0x00, 0x00, 0x07, 0x00, 0x00, 0x07, 0x06, 0x00, 0x00, 0x00, 0x07,
    0x00, 0x07, 0x00, 0x00, 0x00, 0x00, 0x00, 0x00, 0x00, 0x00, 0x00, 0x00, 0x00, 0x00, 0x00, 0x00,
    0x00, 0x00, 0x00, 0x07, 0x07, 0x00, 0x00, 0x00, 0x00, 0x60, 0x00, 0x07, 0x00, 0x07, 0x00, 0x07,
    0x00, 0x00, 0x70, 0x06, 0x00, 0x00, 0x07, 0x07, 0x00, 0x00, 0x00, 0x66, 0x70, 0x77, 0x67, 0x67,
    0x70, 0x77, 0x67, 0x67, 0x00, 0x00, 0x00, 0x66, 0x00, 0x00, 0x07, 0x07, 0x00, 0x00, 0x70, 0x06,
    0x00, 0x07, 0x00, 0x07, 0x00, 0x60, 0x00, 0x07, 0x07, 0x00, 0x00, 0x00, 0x00, 0x00, 0x00, 0x07,
    0x00, 0x00, 0x05, 0x55, 0x00, 0x00, 0x05, 0x55, 0x00, 0x00, 0x00, 0x07, 0x00, 0x00, 0x05, 0x55,
    0x00, 0x00, 0x55, 0x76, 0x00, 0x05, 0x57, 0x77, 0x00, 0x05, 0x77, 0x77, 0x00, 0x55, 0x75, 0x77,
    0x00, 0x57, 0x77, 0x57, 0x00, 0x56, 0x77, 0x75, 0x00, 0x57, 0x77, 0x77, 0x00, 0x55, 0x77, 0x77,
    0x00, 0x05, 0x77, 0x77, 0x00, 0x05, 0x57, 0x77, 0x00, 0x00, 0x55, 0x76, 0x00, 0x00, 0x05, 0x55,
    0x00, 0x00, 0x00, 0x00, 0x00, 0x00, 0x00, 0x00, 0x00, 0x06, 0x76, 0x00, 0x00, 0x75, 0x55, 0x70,
    0x06, 0x55, 0x55, 0x56, 0x07, 0x55, 0x55, 0x55, 0x06, 0x55, 0x55, 0x55, 0x07, 0x55, 0x55, 0x55,
    0x00, 0x65, 0x55, 0x55, 0x00, 0x75, 0x55, 0x55, 0x00, 0x06, 0x55, 0x55, 0x00, 0x00, 0x75, 0x55,
    0x00, 0x00, 0x06, 0x55, 0x00, 0x00, 0x00, 0x75, 0x00, 0x00, 0x00, 0x06, 0x00, 0x00, 0x00, 0x00,
    0x00, 0x00, 0x00, 0x00, 0x00, 0x00, 0x00, 0x00, 0x00, 0x00, 0x07, 0x77, 0x00, 0x00, 0x76, 0x65,
    0x00, 0x07, 0x66, 0x55, 0x00, 0x76, 0x65, 0x55, 0x00, 0x76, 0x67, 0x77, 0x00, 0x76, 0x60, 0x77,
    0x00, 0x57, 0x66, 0x07, 0x00, 0x55, 0x76, 0x60, 0x00, 0x55, 0x57, 0x77, 0x00, 0x05, 0x55, 0x55,
    0x00, 0x05, 0x55, 0x55, 0x00, 0x00, 0x05, 0x55, 0x00, 0x00, 0x00, 0x00, 0x00, 0x00, 0x00, 0x00,
    0x00, 0x77, 0x00, 0x07, 0x07, 0x77, 0x70, 0x77, 0x07, 0x77, 0x70, 0x77, 0x07, 0x77, 0x70, 0x77,
    0x07, 0x55, 0x55, 0x55, 0x05, 0x77, 0x70, 0x77, 0x07, 0x77, 0x70, 0x77, 0x07, 0x77, 0x75, 0x77,
    0x07, 0x77, 0x70, 0x77, 0x07, 0x77, 0x70, 0x77, 0x07, 0x55, 0x55, 0x55, 0x05, 0x77, 0x70, 0x77,
    0x07, 0x77, 0x70, 0x77, 0x07, 0x66, 0x75, 0x76, 0x06, 0x66, 0x60, 0x66, 0x00, 0x66, 0x00, 0x06,
    0x00, 0x00, 0x00, 0x00, 0x00, 0x00, 0x00, 0x00, 0x00, 0x00, 0x00, 0x00, 0x00, 0x00, 0x00, 0x00,
    0x00, 0x00, 0x00, 0x00, 0x00, 0x00, 0x00, 0x00, 0x00, 0x00, 0x00, 0x06, 0x00, 0x00, 0x00, 0x06,
    0x00, 0x00, 0x00, 0x66, 0x00, 0x00, 0x00, 0x66, 0x00, 0x00, 0x06, 0x66, 0x00, 0x00, 0x06, 0x66,
    0x00, 0x00, 0x66, 0x66, 0x00, 0x00, 0x66, 0x66, 0x00, 0x06, 0x66, 0x66, 0x00, 0x06, 0x66, 0x66,
    0x00, 0x00, 0x07, 0x77, 0x00, 0x00, 0x77, 0x77, 0x00, 0x77, 0x77, 0x77, 0x07, 0x77, 0x67, 0x77,
    0x07, 0x76, 0x77, 0x77, 0x07, 0x76, 0x77, 0x77, 0x77, 0x76, 0x77, 0x77, 0x77, 0x77, 0x67, 0x77,
    0x77, 0x77, 0x77, 0x77, 0x77, 0x77, 0x77, 0x77, 0x07, 0x77, 0x77, 0x77, 0x07, 0x67, 0x76, 0x77,
    0x00, 0x67, 0x76, 0x67, 0x00, 0x67, 0x77, 0x66, 0x00, 0x06, 0x77, 0x77, 0x00, 0x00, 0x77, 0x70,
    0x00, 0x00, 0x00, 0x77, 0x00, 0x00, 0x77, 0x70, 0x00, 0x70, 0x70, 0x67, 0x00, 0x70, 0x00, 0x77,
    0x00, 0x07, 0x00, 0x07, 0x00, 0x77, 0x00, 0x00, 0x07, 0x77, 0x07, 0x70, 0x70, 0x07, 0x07, 0x00,
    0x76, 0x70, 0x70, 0x00, 0x06, 0x70, 0x70, 0x67, 0x00, 0x70, 0x00, 0x77, 0x07, 0x70, 0x70, 0x77,
    0x00, 0x77, 0x00, 0x07, 0x00, 0x07, 0x70, 0x00, 0x00, 0x07, 0x07, 0x77, 0x00, 0x00, 0x70, 0x70,
    0x00, 0x00, 0x00, 0x70, 0x00, 0x00, 0x00, 0x00, 0x00, 0x00, 0x70, 0x00, 0x00, 0x70, 0x00, 0x00,
    0x00, 0x00, 0x00, 0x77, 0x00, 0x07, 0x00, 0x00, 0x00, 0x70, 0x00, 0x00, 0x00, 0x00, 0x70, 0x70,
    0x70, 0x00, 0x00, 0x00, 0x00, 0x00, 0x70, 0x07, 0x00, 0x70, 0x00, 0x00, 0x00, 0x00, 0x00, 0x07,
    0x00, 0x70, 0x00, 0x00, 0x00, 0x00, 0x07, 0x00, 0x00, 0x00, 0x00, 0x07, 0x00, 0x00, 0x07, 0x70,
    0x66, 0x60, 0x00, 0x00, 0x77, 0x76, 0x66, 0x66, 0x77, 0x77, 0x77, 0x77, 0x77, 0x70, 0x00, 0x00,
    0x77, 0x70, 0x00, 0x00, 0x77, 0x76, 0x66, 0x66, 0x77, 0x77, 0x77, 0x77, 0x77, 0x70, 0x00, 0x00,
    0x77, 0x70, 0x00, 0x00, 0x77, 0x76, 0x66, 0x66, 0x77, 0x77, 0x77, 0x77, 0x77, 0x70, 0x00, 0x00,
    0x77, 0x70, 0x00, 0x00, 0x77, 0x76, 0x66, 0x66, 0x77, 0x77, 0x77, 0x77, 0x77, 0x70, 0x00, 0x00,
    0x06, 0x60, 0x00, 0x55, 0x06, 0x66, 0x05, 0x77, 0x07, 0x70, 0x57, 0x77, 0x07, 0x76, 0x76, 0x56,
    0x07, 0x76, 0x66, 0x76, 0x00, 0x77, 0x66, 0x66, 0x00, 0x77, 0x76, 0x67, 0x00, 0x77, 0x75, 0x67,
    0x00, 0x07, 0x55, 0x55, 0x00, 0x07, 0x55, 0x55, 0x00, 0x05, 0x55, 0x77, 0x00, 0x07, 0x77, 0x75,
    0x00, 0x05, 0x55, 0x77, 0x00, 0x05, 0x55, 0x55, 0x00, 0x00, 0x77, 0x70, 0x00, 0x00, 0x77, 0x70,
    0x00, 0x00, 0x05, 0x55, 0x00, 0x05, 0x55, 0x55, 0x00, 0x55, 0x55, 0x55, 0x05, 0x55, 0x00, 0x00,
    0x05, 0x00, 0x00, 0x00, 0x50, 0x00, 0x06, 0x66, 0x00, 0x06, 0x66, 0x66, 0x00, 0x66, 0x66, 0x00,
    0x06, 0x60, 0x00, 0x00, 0x06, 0x00, 0x00, 0x55, 0x00, 0x00, 0x55, 0x55, 0x00, 0x05, 0x50, 0x00,
    0x00, 0x50, 0x00, 0x06, 0x00, 0x00, 0x06, 0x66, 0x00, 0x00, 0x66, 0x00, 0x00, 0x06, 0x00, 0x00,
    0x00, 0x00, 0x00, 0x00, 0x00, 0x00, 0x00, 0x66, 0x00, 0x05, 0x00, 0x06, 0x60, 0x00, 0x50, 0x00,
    0x06, 0x00, 0x55, 0x00, 0x06, 0x60, 0x05, 0x00, 0x00, 0x60, 0x05, 0x50, 0x00, 0x66, 0x05, 0x50,
    0x00, 0x66, 0x05, 0x50, 0x00, 0x60, 0x05, 0x50, 0x06, 0x60, 0x05, 0x00, 0x06, 0x00, 0x55, 0x00,
    0x60, 0x00, 0x50, 0x00, 0x00, 0x05, 0x00, 0x06, 0x00, 0x00, 0x00, 0x66, 0x00, 0x00, 0x00, 0x00,
    0x00, 0x50, 0x00, 0x00, 0x00, 0x05, 0x50, 0x00, 0x60, 0x00, 0x55, 0x00, 0x66, 0x00, 0x55, 0x50,
    0x66, 0x00, 0x05, 0x50, 0x66, 0x60, 0x05, 0x55, 0x06, 0x60, 0x05, 0x55, 0x06, 0x60, 0x05, 0x55,
    0x06, 0x60, 0x05, 0x55, 0x06, 0x60, 0x05, 0x55, 0x66, 0x60, 0x05, 0x55, 0x66, 0x00, 0x05, 0x50,
    0x66, 0x00, 0x55, 0x50, 0x60, 0x00, 0x55, 0x00, 0x00, 0x05, 0x50, 0x00, 0x00, 0x50, 0x00, 0x00,
    0x00, 0x00, 0x00, 0x00, 0x50, 0x00, 0x00, 0x00, 0x77, 0x77, 0x00, 0x00, 0x77, 0x77, 0x70, 0x00,
    0x77, 0x77, 0x07, 0x70, 0x66, 0x56, 0x07, 0x70, 0x66, 0x76, 0x67, 0x60, 0x66, 0x66, 0x07, 0x60,
    0x66, 0x66, 0x07, 0x60, 0x66, 0x77, 0x67, 0x60, 0x66, 0x57, 0x67, 0x60, 0x65, 0x57, 0x07, 0x60,
    0x55, 0x70, 0x07, 0x60, 0x77, 0x75, 0x07, 0x60, 0x55, 0x57, 0x77, 0x70, 0x07, 0x77, 0x07, 0x70,
    0x00, 0x00, 0x00, 0x00, 0x00, 0x00, 0x00, 0x00, 0x00, 0x00, 0x00, 0x00, 0x00, 0x00, 0x00, 0x00,
    0x00, 0x00, 0x00, 0x00, 0x00, 0x05, 0x50, 0x00, 0x00, 0x00, 0x50, 0x00, 0x56, 0x56, 0x57, 0x77,
    0x56, 0x56, 0x57, 0x77, 0x56, 0x56, 0x57, 0x77, 0x00, 0x00, 0x50, 0x00, 0x00, 0x05, 0x50, 0x00,
    0x00, 0x00, 0x00, 0x00, 0x00, 0x00, 0x00, 0x00, 0x00, 0x00, 0x00, 0x00, 0x00, 0x00, 0x00, 0x00,
    0x00, 0x00, 0x00, 0x00, 0x00, 0x00, 0x00, 0x00, 0x00, 0x00, 0x00, 0x00, 0x00, 0x00, 0x00, 0x00,
    0x00, 0x00, 0x00, 0x00, 0x00, 0x00, 0x00, 0x00, 0x00, 0x00, 0x00, 0x00, 0x77, 0x77, 0x77, 0x70,
    0x77, 0x77, 0x77, 0x77, 0x77, 0x77, 0x77, 0x70, 0x00, 0x00, 0x00, 0x00, 0x00, 0x00, 0x00, 0x00,
    0x00, 0x00, 0x00, 0x00, 0x00, 0x00, 0x00, 0x00, 0x00, 0x00, 0x00, 0x00, 0x00, 0x00, 0x00, 0x00,
    0x00, 0x00, 0x00, 0x00, 0x00, 0x00, 0x00, 0x00, 0x00, 0x00, 0x00, 0x00, 0x00, 0x00, 0x00, 0x00,
    0x00, 0x00, 0x00, 0x00, 0x70, 0x70, 0x70, 0x00, 0x07, 0x07, 0x07, 0x00, 0x55, 0x55, 0x55, 0x55,
    0x07, 0x07, 0x07, 0x00, 0x70, 0x70, 0x70, 0x00, 0x00, 0x00, 0x00, 0x00, 0x00, 0x00, 0x00, 0x00,
    0x00, 0x00, 0x00, 0x00, 0x00, 0x00, 0x00, 0x00, 0x00, 0x00, 0x00, 0x00, 0x00, 0x00, 0x00, 0x00,
    0x00, 0x00, 0x00, 0x00, 0x00, 0x00, 0x00, 0x00, 0x00, 0x00, 0x00, 0x00, 0x00, 0x00, 0x00, 0x00,
    0x00, 0x00, 0x00, 0x00, 0x00, 0x00, 0x00, 0x00, 0x00, 0x00, 0x66, 0x00, 0x55, 0x55, 0x56, 0x66,
    0x00, 0x00, 0x66, 0x00, 0x00, 0x00, 0x00, 0x00, 0x00, 0x00, 0x00, 0x00, 0x00, 0x00, 0x00, 0x00,
    0x00, 0x00, 0x00, 0x00, 0x00, 0x00, 0x00, 0x00, 0x00, 0x00, 0x00, 0x00, 0x00, 0x00, 0x00, 0x00,
    0x00, 0x00, 0x00, 0x00, 0x00, 0x00, 0x00, 0x00, 0x00, 0x00, 0x00, 0x00, 0x00, 0x00, 0x00, 0x00,
    0x00, 0x00, 0x00, 0x00, 0x00, 0x00, 0x00, 0x00, 0x00, 0x00, 0x00, 0x00, 0x66, 0x66, 0x66, 0x66,
    0x66, 0x66, 0x66, 0x66, 0x00, 0x00, 0x00, 0x00, 0x00, 0x00, 0x00, 0x00, 0x00, 0x00, 0x00, 0x00,
    0x00, 0x00, 0x00, 0x00, 0x00, 0x00, 0x00, 0x00, 0x00, 0x00, 0x00, 0x00, 0x00, 0x00, 0x00, 0x00,
    0x00, 0x00, 0x00, 0x00, 0x00, 0x00, 0x00, 0x00, 0x00, 0x00, 0x00, 0x00, 0x00, 0x00, 0x00, 0x00,
    0x00, 0x00, 0x00, 0x00, 0x00, 0x00, 0x00, 0x00, 0x00, 0x00, 0x75, 0x50, 0x67, 0x67, 0x55, 0x75,
    0x67, 0x67, 0x55, 0x55, 0x00, 0x00, 0x75, 0x50, 0x00, 0x00, 0x00, 0x00, 0x00, 0x00, 0x00, 0x00,
    0x00, 0x00, 0x00, 0x00, 0x00, 0x00, 0x00, 0x00, 0x00, 0x00, 0x00, 0x00, 0x00, 0x00, 0x00, 0x00,
    0x00, 0x00, 0x00, 0x00, 0x00, 0x00, 0x00, 0x00, 0x00, 0x00, 0x00, 0x00, 0x00, 0x00, 0x00, 0x00,
    0x00, 0x00, 0x00, 0x00, 0x00, 0x00, 0x00, 0x00, 0x00, 0x00, 0x00, 0x00, 0x00, 0x00, 0x00, 0x00,
    0x00, 0x00, 0x00, 0x00, 0x00, 0x00, 0x00, 0x00, 0x00, 0x00, 0x00, 0x00, 0x00, 0x00, 0x00, 0x00,
    0x00, 0x00, 0x00, 0x00, 0x00, 0x00, 0x00, 0x00, 0x00, 0x00, 0x00, 0x00, 0x00, 0x00, 0x00, 0x00,
    0x00, 0x00, 0x00, 0x00, 0x00, 0x00, 0x00, 0x00, 0x00, 0x00, 0x00, 0x00, 0x00, 0x00, 0x00, 0x00,
    0x00, 0x00, 0x00, 0x00, 0x00, 0x00, 0x00, 0x00, 0x00, 0x00, 0x00, 0x00, 0x00, 0x00, 0x00, 0x00,
    0x00, 0x00, 0x00, 0x00, 0x00, 0x00, 0x00, 0x00, 0x00, 0x00, 0x00, 0x00, 0x00, 0x00, 0x00, 0x00,
    0x00, 0x00, 0x00, 0x00, 0x00, 0x00, 0x00, 0x00, 0x00, 0x00, 0x00, 0x00, 0x00, 0x00, 0x00, 0x00,
    0x00, 0x00, 0x00, 0x00, 0x00, 0x00, 0x00, 0x00, 0x00, 0x00, 0x00, 0x00, 0x00, 0x00, 0x00, 0x00,
    0x00, 0x00, 0x00, 0x00, 0x00, 0x00, 0x00, 0x00, 0x00, 0x00, 0x00, 0x00, 0x00, 0x00, 0x00, 0x00,
    0x00, 0x00, 0x00, 0x00, 0x00, 0x00, 0x00, 0x00, 0x00, 0x00, 0x00, 0x00, 0x00, 0x00, 0x00, 0x00,
    0x00, 0x00, 0x00, 0x00, 0x00, 0x00, 0x00, 0x00, 0x00, 0x00, 0x00, 0x00, 0x00, 0x00, 0x00, 0x00,
    0x00, 0x00, 0x00, 0x00, 0x00, 0x00, 0x00, 0x00, 0x00, 0x00, 0x00, 0x00, 0x00, 0x00, 0x00, 0x00,
    0x00, 0x00, 0x00, 0x00, 0x00, 0x00, 0x00, 0x00, 0x00, 0x00, 0x00, 0x00, 0x00, 0x00, 0x00, 0x00,
    0x00, 0x00, 0x00, 0x00, 0x00, 0x00, 0x00, 0x00, 0x00, 0x00, 0x00, 0x00, 0x00, 0x00, 0x00, 0x00,
    0x00, 0x00, 0x00, 0x00, 0x00, 0x00, 0x00, 0x00, 0x00, 0x00, 0x00, 0x00, 0x00, 0x00, 0x00, 0x00,
    0x00, 0x00, 0x00, 0x00, 0x00, 0x00, 0x00, 0x00, 0x00, 0x00, 0x00, 0x00, 0x00, 0x00, 0x00, 0x00,
    0x00, 0x00, 0x00, 0x00, 0x00, 0x00, 0x00, 0x00, 0x00, 0x00, 0x00, 0x00, 0x00, 0x00, 0x00, 0x00,
    0x00, 0x00, 0x00, 0x00, 0x00, 0x00, 0x00, 0x00, 0x00, 0x00, 0x00, 0x00, 0x00, 0x00, 0x00, 0x00,
    0x00, 0x00, 0x00, 0x00, 0x00, 0x00, 0x00, 0x00, 0x00, 0x00, 0x00, 0x00, 0x00, 0x00, 0x00, 0x00,
    0x00, 0x00, 0x00, 0x00, 0x00, 0x00, 0x00, 0x00, 0x00, 0x00, 0x00, 0x00, 0x00, 0x00, 0x00, 0x00,
    0x00, 0x00, 0x00, 0x00, 0x00, 0x00, 0x00, 0x00, 0x00, 0x00, 0x00, 0x00, 0x00, 0x00, 0x00, 0x00,
    0x00, 0x00, 0x00, 0x00, 0x00, 0x00, 0x00, 0x00, 0x00, 0x00, 0x00, 0x00, 0x00, 0x00, 0x00, 0x00,
    0x00, 0x00, 0x00, 0x00, 0x00, 0x00, 0x00, 0x00, 0x00, 0x00, 0x00, 0x00, 0x00, 0x00, 0x00, 0x00,
    0x66, 0x66, 0x70, 0x00, 0x00, 0x67, 0x70, 0x00, 0x06, 0x66, 0x77, 0x00, 0x66, 0x66, 0x77, 0x00,
    0x66, 0x66, 0x67, 0x70, 0x66, 0x66, 0x66, 0x70, 0x66, 0x66, 0x66, 0x70, 0x06, 0x66, 0x66, 0x67,
    0x00, 0x00, 0x00, 0x00, 0x00, 0x00, 0x00, 0x00, 0x00, 0x00, 0x00, 0x00, 0x00, 0x00, 0x00, 0x00,
    0x00, 0x00, 0x00, 0x00, 0x00, 0x00, 0x00, 0x00, 0x00, 0x00, 0x00, 0x00, 0x00, 0x00, 0x00, 0x00,
    0x00, 0x00, 0x77, 0x77, 0x00, 0x07, 0x77, 0x77, 0x00, 0x07, 0x76, 0x06, 0x00, 0x06, 0x76, 0x06,
    0x00, 0x06, 0x77, 0x66, 0x00, 0x76, 0x67, 0x66, 0x00, 0x75, 0x77, 0x77, 0x07, 0x75, 0x57, 0x77,
    0x07, 0x77, 0x55, 0x55, 0x07, 0x66, 0x55, 0x55, 0x07, 0x66, 0x65, 0x57, 0x06, 0x66, 0x77, 0x77,
    0x06, 0x65, 0x55, 0x57, 0x00, 0x07, 0x75, 0x55, 0x00, 0x07, 0x77, 0x70, 0x00, 0x00, 0x77, 0x00,
    0x00, 0x00, 0x00, 0x00, 0x00, 0x00, 0x00, 0x00, 0x00, 0x66, 0x70, 0x00, 0x07, 0x76, 0x67, 0x00,
    0x76, 0x76, 0x67, 0x70, 0x76, 0x66, 0x77, 0x70, 0x76, 0x76, 0x67, 0x67, 0x66, 0x67, 0x67, 0x67,
    0x66, 0x66, 0x77, 0x77, 0x67, 0x66, 0x77, 0x70, 0x07, 0x77, 0x77, 0x70, 0x00, 0x07, 0x70, 0x00,
    0x00, 0x00, 0x00, 0x00, 0x00, 0x00, 0x00, 0x00, 0x00, 0x00, 0x00, 0x00, 0x00, 0x00, 0x00, 0x00,
    0x00, 0x00, 0x00, 0x00, 0x00, 0x00, 0x00, 0x00, 0x00, 0x00, 0x00, 0x00, 0x55, 0x55, 0x55, 0x55,
    0x66, 0x66, 0x66, 0x66, 0x55, 0x55, 0x55, 0x55, 0x55, 0x55, 0x55, 0x55, 0x00, 0x00, 0x00, 0x00,
    0x00, 0x00, 0x00, 0x00, 0x00, 0x00, 0x00, 0x00, 0x00, 0x00, 0x00, 0x00, 0x00, 0x00, 0x00, 0x00,
    0x00, 0x00, 0x00, 0x00, 0x00, 0x00, 0x00, 0x00, 0x00, 0x00, 0x00, 0x00, 0x00, 0x00, 0x00, 0x00,
    0x00, 0x00, 0x00, 0x00, 0x00, 0x00, 0x00, 0x00, 0x00, 0x00, 0x00, 0x00, 0x00, 0x00, 0x00, 0x00,
    0x00, 0x00, 0x00, 0x00, 0x00, 0x00, 0x00, 0x00, 0x00, 0x00, 0x00, 0x00, 0x00, 0x00, 0x00, 0x00,
    0x00, 0x50, 0x00, 0x00, 0x50, 0x00, 0x00, 0x50, 0x00, 0x00, 0x00, 0x00, 0x05, 0x00, 0x50, 0x00,
    0x00, 0x00, 0x00, 0x00, 0x00, 0x00, 0x66, 0x66, 0x00, 0x66, 0x66, 0x66, 0x06, 0x66, 0x66, 0x66,
    0x00, 0x00, 0x00, 0x00, 0x00, 0x00, 0x00, 0x00, 0x00, 0x00, 0x00, 0x00, 0x00, 0x00, 0x00, 0x00,
    0x00, 0x00, 0x00, 0x00, 0x00, 0x00, 0x00, 0x00, 0x00, 0x00, 0x00, 0x00, 0x00, 0x00, 0x00, 0x00,
    0x00, 0x00, 0x05, 0x00, 0x00, 0x00, 0x00, 0x00, 0x00, 0x00, 0x00, 0x00, 0x00, 0x00, 0x00, 0x00,
    0x00, 0x00, 0x00, 0x00, 0x66, 0x00, 0x00, 0x06, 0x66, 0x66, 0x66, 0x66, 0x66, 0x66, 0x66, 0x66,
    0x00, 0x00, 0x00, 0x00, 0x00, 0x00, 0x00, 0x00, 0x00, 0x00, 0x00, 0x00, 0x00, 0x00, 0x00, 0x00,
    0x00, 0x00, 0x00, 0x00, 0x00, 0x00, 0x00, 0x00, 0x00, 0x00, 0x00, 0x00, 0x00, 0x00, 0x00, 0x00,
    0x00, 0x00, 0x00, 0x00, 0x05, 0x00, 0x00, 0x00, 0x00, 0x00, 0x00, 0x00, 0x00, 0x00, 0x00, 0x00,
    0x06, 0x66, 0x60, 0x00, 0x66, 0x66, 0x66, 0x66, 0x66, 0x66, 0x66, 0x66, 0x66, 0x66, 0x66, 0x66,
    0x00, 0x00, 0x00, 0x00, 0x00, 0x00, 0x00, 0x00, 0x00, 0x00, 0x00, 0x00, 0x00, 0x00, 0x00, 0x00,
    0x00, 0x00, 0x00, 0x00, 0x00, 0x00, 0x00, 0x00, 0x00, 0x00, 0x00, 0x00, 0x00, 0x00, 0x00, 0x00,
    0x05, 0x00, 0x00, 0x50, 0x00, 0x00, 0x00, 0x00, 0x00, 0x50, 0x05, 0x00, 0x00, 0x00, 0x00, 0x00,
    0x00, 0x66, 0x60, 0x05, 0x66, 0x66, 0x66, 0x60, 0x66, 0x66, 0x66, 0x66, 0x66, 0x66, 0x66, 0x66,
    0x00, 0x00, 0x00, 0x00, 0x00, 0x00, 0x00, 0x00, 0x00, 0x00, 0x00, 0x00, 0x00, 0x00, 0x00, 0x00,
    0x00, 0x00, 0x00, 0x00, 0x00, 0x00, 0x00, 0x00, 0x00, 0x00, 0x00, 0x00, 0x00, 0x00, 0x00, 0x00,
    0x00, 0x00, 0x50, 0x00, 0x00, 0x00, 0x00, 0x00, 0x00, 0x50, 0x00, 0x50, 0x00, 0x00, 0x00, 0x00,
    0x50, 0x06, 0x66, 0x66, 0x06, 0x66, 0x66, 0x66, 0x66, 0x66, 0x66, 0x66, 0x66, 0x66, 0x66, 0x66,
    0x00, 0x00, 0x00, 0x00, 0x00, 0x00, 0x00, 0x00, 0x00, 0x00, 0x00, 0x00, 0x00, 0x00, 0x00, 0x00,
    0x00, 0x00, 0x00, 0x00, 0x00, 0x00, 0x00, 0x00, 0x00, 0x00, 0x00, 0x00, 0x00, 0x00, 0x00, 0x00,
    0x05, 0x00, 0x00, 0x00, 0x00, 0x00, 0x00, 0x00, 0x00, 0x00, 0x50, 0x00, 0x00, 0x00, 0x00, 0x00,
    0x66, 0x66, 0x00, 0x00, 0x66, 0x66, 0x66, 0x66, 0x66, 0x66, 0x66, 0x66, 0x66, 0x66, 0x66, 0x66,
    0x00, 0x00, 0x00, 0x00, 0x00, 0x00, 0x00, 0x00, 0x00, 0x00, 0x00, 0x00, 0x00, 0x00, 0x00, 0x00,
    0x00, 0x00, 0x00, 0x00, 0x00, 0x00, 0x00, 0x00, 0x00, 0x00, 0x00, 0x00, 0x00, 0x00, 0x00, 0x00,
    0x00, 0x50, 0x00, 0x00, 0x00, 0x00, 0x00, 0x00, 0x00, 0x00, 0x00, 0x00, 0x05, 0x00, 0x00, 0x00,
    0x00, 0x00, 0x00, 0x00, 0x66, 0x66, 0x60, 0x00, 0x66, 0x66, 0x66, 0x66, 0x66, 0x66, 0x66, 0x66,
    0x00, 0x00, 0x00, 0x00, 0x00, 0x00, 0x00, 0x00, 0x00, 0x00, 0x00, 0x00, 0x00, 0x00, 0x00, 0x00,
    0x00, 0x00, 0x00, 0x00, 0x00, 0x00, 0x00, 0x00, 0x00, 0x00, 0x00, 0x00, 0x00, 0x00, 0x00, 0x00,
    0x00, 0x00, 0x05, 0x00, 0x00, 0x05, 0x00, 0x00, 0x00, 0x00, 0x00, 0x05, 0x50, 0x00, 0x00, 0x00,
    0x00, 0x00, 0x00, 0x00, 0x00, 0x66, 0x66, 0x00, 0x66, 0x66, 0x66, 0x60, 0x66, 0x66, 0x66, 0x66,
    0x00, 0x05, 0x55, 0x55, 0x05, 0x55, 0x55, 0x55, 0x55, 0x55, 0x55, 0x55, 0x55, 0x55, 0x55, 0x55,
    0x05, 0x55, 0x55, 0x55, 0x00, 0x05, 0x55, 0x55, 0x00, 0x00, 0x05, 0x55, 0x00, 0x00, 0x00, 0x05,
    0x00, 0x00, 0x00, 0x00, 0x00, 0x00, 0x00, 0x00, 0x00, 0x00, 0x00, 0x00, 0x00, 0x00, 0x00, 0x00,
    0x00, 0x00, 0x00, 0x00, 0x00, 0x00, 0x00, 0x00, 0x00, 0x00, 0x00, 0x00, 0x00, 0x00, 0x00, 0x00,
    0x55, 0x55, 0x00, 0x00, 0x55, 0x55, 0x55, 0x55, 0x55, 0x55, 0x55, 0x55, 0x55, 0x55, 0x55, 0x55,
    0x55, 0x55, 0x55, 0x55, 0x55, 0x55, 0x55, 0x55, 0x55, 0x50, 0x00, 0x55, 0x50, 0x00, 0x00, 0x00,
    0x00, 0x00, 0x00, 0x00, 0x00, 0x00, 0x00, 0x00, 0x00, 0x00, 0x00, 0x00, 0x00, 0x00, 0x00, 0x00,
    0x00, 0x00, 0x00, 0x00, 0x00, 0x00, 0x00, 0x00, 0x00, 0x00, 0x00, 0x00, 0x00, 0x00, 0x00, 0x00,
    0x00, 0x00, 0x00, 0x00, 0x55, 0x55, 0x50, 0x00, 0x55, 0x55, 0x55, 0x55, 0x55, 0x55, 0x55, 0x55,
    0x55, 0x55, 0x55, 0x55, 0x55, 0x55, 0x55, 0x55, 0x55, 0x55, 0x55, 0x55, 0x55, 0x55, 0x50, 0x00,
    0x00, 0x00, 0x00, 0x00, 0x00, 0x00, 0x00, 0x00, 0x00, 0x00, 0x00, 0x00, 0x00, 0x00, 0x00, 0x00,
    0x00, 0x00, 0x00, 0x00, 0x00, 0x00, 0x00, 0x00, 0x00, 0x00, 0x00, 0x00, 0x00, 0x00, 0x00, 0x00,
    0x00, 0x00, 0x00, 0x00, 0x00, 0x55, 0x55, 0x00, 0x55, 0x55, 0x55, 0x50, 0x55, 0x55, 0x55, 0x55,
    0x55, 0x55, 0x55, 0x55, 0x55, 0x55, 0x55, 0x00, 0x55, 0x00, 0x00, 0x00, 0x00, 0x00, 0x00, 0x00,
    0x00, 0x00, 0x00, 0x00, 0x00, 0x00, 0x00, 0x00, 0x00, 0x00, 0x00, 0x00, 0x00, 0x00, 0x00, 0x00,
    0x00, 0x00, 0x00, 0x00, 0x00, 0x00, 0x00, 0x00, 0x00, 0x00, 0x00, 0x00, 0x00, 0x00, 0x00, 0x00,
    0x50, 0x00, 0x00, 0x00, 0x55, 0x55, 0x00, 0x00, 0x55, 0x55, 0x55, 0x55, 0x55, 0x55, 0x55, 0x55,
    0x05, 0x55, 0x55, 0x55, 0x00, 0x05, 0x55, 0x55, 0x00, 0x00, 0x55, 0x55, 0x00, 0x00, 0x05, 0x55,
    0x00, 0x00, 0x05, 0x55, 0x00, 0x00, 0x00, 0x55, 0x00, 0x00, 0x00, 0x05, 0x00, 0x00, 0x00, 0x00,
    0x00, 0x00, 0x00, 0x00, 0x00, 0x00, 0x00, 0x00, 0x00, 0x00, 0x00, 0x00, 0x00, 0x00, 0x00, 0x00,
    0x00, 0x00, 0x00, 0x00, 0x05, 0x55, 0x55, 0x00, 0x55, 0x55, 0x55, 0x55, 0x55, 0x55, 0x55, 0x55,
    0x55, 0x55, 0x55, 0x55, 0x55, 0x55, 0x55, 0x55, 0x55, 0x55, 0x55, 0x55, 0x55, 0x55, 0x55, 0x55,
    0x55, 0x55, 0x55, 0x55, 0x55, 0x55, 0x55, 0x50, 0x55, 0x55, 0x00, 0x00, 0x00, 0x00, 0x00, 0x00,
    0x00, 0x00, 0x00, 0x00, 0x00, 0x00, 0x00, 0x00, 0x00, 0x00, 0x00, 0x00, 0x00, 0x00, 0x00, 0x00,
    0x00, 0x00, 0x00, 0x00, 0x00, 0x00, 0x00, 0x00, 0x00, 0x00, 0x00, 0x55, 0x55, 0x55, 0x55, 0x55,
    0x55, 0x55, 0x55, 0x55, 0x55, 0x50, 0x55, 0x55, 0x55, 0x50, 0x05, 0x55, 0x55, 0x00, 0x05, 0x55,
    0x50, 0x00, 0x00, 0x55, 0x00, 0x00, 0x00, 0x55, 0x00, 0x00, 0x00, 0x05, 0x00, 0x00, 0x00, 0x00,
    0x00, 0x00, 0x00, 0x00, 0x00, 0x00, 0x00, 0x00, 0x00, 0x00, 0x00, 0x00, 0x00, 0x00, 0x00, 0x00,
    0x00, 0x00, 0x05, 0x55, 0x05, 0x55, 0x55, 0x50, 0x55, 0x55, 0x55, 0x50, 0x55, 0x55, 0x55, 0x00,
    0x55, 0x55, 0x55, 0x00, 0x55, 0x55, 0x55, 0x00, 0x55, 0x55, 0x50, 0x00, 0x55, 0x55, 0x50, 0x00,
    0x55, 0x55, 0x50, 0x00, 0x55, 0x55, 0x00, 0x00, 0x55, 0x55, 0x00, 0x00, 0x55, 0x50, 0x00, 0x00,
    0x00, 0x00, 0x00, 0x00, 0x00, 0x00, 0x00, 0x00, 0x00, 0x00, 0x00, 0x00, 0x00, 0x00, 0x00, 0x00,
    0x55, 0x00, 0x00, 0x00, 0x05, 0x55, 0x00, 0x00, 0x05, 0x55, 0x50, 0x00, 0x00, 0x55, 0x50, 0x00,
    0x00, 0x55, 0x55, 0x00, 0x00, 0x05, 0x55, 0x00, 0x00, 0x05, 0x55, 0x50, 0x00, 0x00, 0x55, 0x55,
    0x00, 0x00, 0x55, 0x55, 0x00, 0x00, 0x55, 0x55, 0x00, 0x00, 0x05, 0x55, 0x00, 0x00, 0x05, 0x55,
    0x00, 0x00, 0x05, 0x55, 0x00, 0x00, 0x00, 0x55, 0x00, 0x00, 0x00, 0x05, 0x00, 0x00, 0x00, 0x00,
    0x00, 0x00, 0x00, 0x00, 0x00, 0x00, 0x00, 0x00, 0x00, 0x00, 0x00, 0x00, 0x00, 0x00, 0x00, 0x55,
    0x00, 0x00, 0x55, 0x55, 0x00, 0x05, 0x55, 0x55, 0x00, 0x55, 0x55, 0x55, 0x55, 0x55, 0x55, 0x55,
    0x55, 0x55, 0x55, 0x55, 0x55, 0x55, 0x55, 0x00, 0x55, 0x55, 0x50, 0x00, 0x55, 0x55, 0x50, 0x00,
    0x55, 0x55, 0x50, 0x00, 0x55, 0x55, 0x00, 0x00, 0x55, 0x50, 0x00, 0x00, 0x00, 0x00, 0x00, 0x00,
    0x00, 0x00, 0x00, 0x00, 0x00, 0x00, 0x00, 0x00, 0x00, 0x00, 0x00, 0x00, 0x55, 0x55, 0x00, 0x00,
    0x55, 0x55, 0x55, 0x50, 0x55, 0x55, 0x55, 0x55, 0x55, 0x55, 0x55, 0x55, 0x50, 0x55, 0x55, 0x55,
    0x00, 0x05, 0x55, 0x55, 0x00, 0x05, 0x55, 0x55, 0x00, 0x00, 0x55, 0x55, 0x00, 0x00, 0x55, 0x55,
    0x00, 0x00, 0x55, 0x55, 0x00, 0x00, 0x05, 0x55, 0x00, 0x00, 0x05, 0x55, 0x00, 0x00, 0x00, 0x55,
    0x00, 0x00, 0x00, 0x05, 0x00, 0x00, 0x00, 0x55, 0x00, 0x00, 0x05, 0x55, 0x00, 0x00, 0x55, 0x50,
    0x00, 0x55, 0x55, 0x50, 0x55, 0x55, 0x55, 0x50, 0x55, 0x55, 0x55, 0x00, 0x55, 0x55, 0x55, 0x00,
    0x55, 0x55, 0x55, 0x00, 0x55, 0x55, 0x55, 0x00, 0x55, 0x55, 0x50, 0x00, 0x55, 0x55, 0x50, 0x00,
    0x55, 0x55, 0x50, 0x00, 0x55, 0x55, 0x00, 0x00, 0x55, 0x50, 0x00, 0x00, 0x50, 0x00, 0x00, 0x00,
    0x00, 0x00, 0x00, 0x00, 0x00, 0x70, 0x00, 0x00, 0x00, 0x70, 0x00, 0x05, 0x07, 0x00, 0x00, 0x05,
    0x07, 0x07, 0x77, 0x05, 0x00, 0x76, 0x66, 0x60, 0x00, 0x55, 0x56, 0x66, 0x00, 0x55, 0x55, 0x66,
    0x00, 0x05, 0x55, 0x56, 0x00, 0x00, 0x70, 0x56, 0x00, 0x00, 0x07, 0x06, 0x00, 0x05, 0x07, 0x07,
    0x00, 0x55, 0x67, 0x07, 0x05, 0x56, 0x67, 0x70, 0x66, 0x66, 0x67, 0x00, 0x00, 0x00, 0x77, 0x00,
    0x00, 0x00, 0x00, 0x00, 0x56, 0x00, 0x77, 0x00, 0x66, 0x67, 0x00, 0x70, 0x60, 0x00, 0x55, 0x60,
    0x00, 0x05, 0x56, 0x66, 0x07, 0x55, 0x56, 0x66, 0x70, 0x77, 0x66, 0x60, 0x67, 0x00, 0x06, 0x00,
    0x67, 0x00, 0x00, 0x00, 0x70, 0x77, 0x66, 0x00, 0x70, 0x06, 0x55, 0x00, 0x00, 0x06, 0x55, 0x50,
    0x00, 0x00, 0x05, 0x50, 0x00, 0x00, 0x00, 0x00, 0x00, 0x00, 0x00, 0x00, 0x00, 0x00, 0x00, 0x00,
    0x00, 0x00, 0x00, 0x00, 0x00, 0x00, 0x05, 0x50, 0x00, 0x56, 0x55, 0x66, 0x05, 0x66, 0x66, 0x66,
    0x05, 0x65, 0x56, 0x66, 0x05, 0x05, 0x66, 0x60, 0x00, 0x05, 0x66, 0x70, 0x00, 0x00, 0x60, 0x77,
    0x00, 0x55, 0x00, 0x07, 0x05, 0x56, 0x67, 0x07, 0x05, 0x56, 0x66, 0x77, 0x05, 0x56, 0x66, 0x75,
    0x05, 0x66, 0x60, 0x75, 0x00, 0x66, 0x00, 0x05, 0x00, 0x60, 0x00, 0x00, 0x00, 0x00, 0x00, 0x00,
    0x06, 0x00, 0x00, 0x00, 0x05, 0x60, 0x55, 0x00, 0x07, 0x60, 0x56, 0x60, 0x67, 0x00, 0x75, 0x66,
    0x65, 0x66, 0x00, 0x00, 0x55, 0x56, 0x60, 0x00, 0x55, 0x56, 0x60, 0x50, 0x55, 0x66, 0x60, 0x55,
    0x05, 0x66, 0x67, 0x65, 0x07, 0x66, 0x70, 0x06, 0x56, 0x06, 0x00, 0x00, 0x56, 0x60, 0x00, 0x00,
    0x55, 0x60, 0x00, 0x00, 0x55, 0x60, 0x00, 0x00, 0x55, 0x60, 0x00, 0x00, 0x05, 0x00, 0x00, 0x00,
    0x00, 0x55, 0x60, 0x00, 0x05, 0x56, 0x66, 0x00, 0x55, 0x56, 0x66, 0x70, 0x55, 0x66, 0x60, 0x77,
    0x55, 0x66, 0x75, 0x67, 0x05, 0x66, 0x75, 0x56, 0x05, 0x60, 0x07, 0x56, 0x00, 0x60, 0x00, 0x76,
    0x00, 0x00, 0x00, 0x00, 0x00, 0x00, 0x00, 0x00, 0x00, 0x00, 0x00, 0x00, 0x00, 0x00, 0x00, 0x00,
    0x00, 0x00, 0x00, 0x00, 0x00, 0x00, 0x00, 0x00, 0x00, 0x00, 0x00, 0x00, 0x00, 0x00, 0x00, 0x00,
    0x05, 0x56, 0x00, 0x00, 0x55, 0x66, 0x60, 0x00, 0x55, 0x66, 0x60, 0x00, 0x05, 0x66, 0x00, 0x00,
    0x76, 0x66, 0x05, 0x50, 0x70, 0x67, 0x07, 0x65, 0x00, 0x07, 0x70, 0x06, 0x00, 0x00, 0x00, 0x00,
    0x00, 0x00, 0x00, 0x00, 0x00, 0x00, 0x00, 0x00, 0x00, 0x00, 0x00, 0x00, 0x00, 0x00, 0x00, 0x00,
    0x00, 0x00, 0x00, 0x00, 0x00, 0x00, 0x00, 0x00, 0x00, 0x00, 0x00, 0x00, 0x00, 0x00, 0x00, 0x00,
    0x06, 0x05, 0x50, 0x00, 0x66, 0x55, 0x00, 0x60, 0x05, 0x77, 0x56, 0x66, 0x55, 0x57, 0x55, 0x66,
    0x50, 0x55, 0x65, 0x66, 0x06, 0x65, 0x06, 0x60, 0x66, 0x66, 0x60, 0x00, 0x06, 0x66, 0x00, 0x00,
    0x00, 0x00, 0x00, 0x00, 0x00, 0x00, 0x00, 0x00, 0x00, 0x00, 0x00, 0x00, 0x00, 0x00, 0x00, 0x00,
    0x00, 0x00, 0x00, 0x00, 0x00, 0x00, 0x00, 0x00, 0x00, 0x00, 0x00, 0x00, 0x00, 0x00, 0x00, 0x00,
    0x55, 0x06, 0x00, 0x00, 0x55, 0x56, 0x00, 0x00, 0x75, 0x56, 0x00, 0x00, 0x76, 0x50, 0x00, 0x00,
    0x66, 0x56, 0x60, 0x00, 0x56, 0x56, 0x66, 0x00, 0x65, 0x66, 0x66, 0x00, 0x56, 0x65, 0x55, 0x50,
    0x66, 0x65, 0x77, 0x50, 0x55, 0x65, 0x77, 0x00, 0x55, 0x55, 0x77, 0x00, 0x55, 0x55, 0x77, 0x00,
    0x55, 0x55, 0x77, 0x00, 0x55, 0x55, 0x57, 0x00, 0x05, 0x55, 0x50, 0x00, 0x05, 0x55, 0x00, 0x00,
    0x00, 0x06, 0x05, 0x55, 0x00, 0x06, 0x55, 0x55, 0x00, 0x06, 0x55, 0x55, 0x00, 0x00, 0x55, 0x55,
    0x00, 0x00, 0x55, 0x55, 0x06, 0x66, 0x65, 0x66, 0x66, 0x66, 0x66, 0x66, 0x66, 0x66, 0x56, 0x65,
    0x66, 0x66, 0x56, 0x55, 0x06, 0x65, 0x66, 0x55, 0x00, 0x55, 0x55, 0x65, 0x00, 0x55, 0x55, 0x55,
    0x00, 0x55, 0x55, 0x55, 0x00, 0x55, 0x55, 0x55, 0x00, 0x05, 0x55, 0x00, 0x00, 0x00, 0x00, 0x00,
    0x06, 0x00, 0x06, 0x06, 0x66, 0x66, 0x66, 0x66, 0x66, 0x66, 0x66, 0x66, 0x66, 0x66, 0x66, 0x66,
    0x66, 0x66, 0x66, 0x66, 0x66, 0x06, 0x60, 0x66, 0x66, 0x06, 0x60, 0x66, 0x66, 0x06, 0x60, 0x66,
    0x66, 0x06, 0x60, 0x66, 0x66, 0x06, 0x60, 0x66, 0x66, 0x06, 0x60, 0x66, 0x66, 0x06, 0x60, 0x00,
    0x66, 0x66, 0x66, 0x66, 0x66, 0x66, 0x66, 0x66, 0x66, 0x66, 0x66, 0x66, 0x66, 0x66, 0x66, 0x66,
    0x06, 0x00, 0x06, 0x66, 0x66, 0x66, 0x66, 0x66, 0x66, 0x66, 0x66, 0x66, 0x66, 0x66, 0x66, 0x66,
    0x66, 0x66, 0x66, 0x66, 0x60, 0x00, 0x66, 0x66, 0x60, 0x66, 0x66, 0x66, 0x60, 0x06, 0x66, 0x66,
    0x66, 0x00, 0x66, 0x66, 0x66, 0x60, 0x66, 0x66, 0x66, 0x60, 0x66, 0x66, 0x60, 0x00, 0x60, 0x66,
    0x66, 0x66, 0x66, 0x66, 0x66, 0x66, 0x66, 0x66, 0x66, 0x66, 0x66, 0x66, 0x66, 0x66, 0x66, 0x66,
    0x66, 0x66, 0x66, 0x66, 0x66, 0x66, 0x66, 0x66, 0x66, 0x66, 0x66, 0x66, 0x66, 0x66, 0x66, 0x66,
    0x66, 0x66, 0x66, 0x66, 0x66, 0x66, 0x66, 0x66, 0x66, 0x66, 0x66, 0x66, 0x66, 0x66, 0x66, 0x66,
    0x66, 0x66, 0x66, 0x66, 0x66, 0x66, 0x66, 0x66, 0x66, 0x66, 0x66, 0x66, 0x66, 0x66, 0x66, 0x66,
    0x66, 0x66, 0x66, 0x66, 0x66, 0x66, 0x66, 0x66, 0x66, 0x66, 0x66, 0x66, 0x66, 0x66, 0x66, 0x66,
    0x66, 0x66, 0x66, 0x66, 0x66, 0x66, 0x66, 0x66, 0x66, 0x66, 0x66, 0x66, 0x66, 0x66, 0x66, 0x66,
    0x66, 0x66, 0x00, 0x06, 0x66, 0x66, 0x06, 0x06, 0x66, 0x66, 0x06, 0x06, 0x66, 0x66, 0x00, 0x06,
    0x66, 0x66, 0x06, 0x66, 0x66, 0x66, 0x06, 0x66, 0x66, 0x66, 0x06, 0x66, 0x66, 0x66, 0x66, 0x66,
    0x66, 0x66, 0x66, 0x66, 0x66, 0x66, 0x66, 0x66, 0x66, 0x66, 0x66, 0x66, 0x66, 0x06, 0x66, 0x00,
    0x66, 0x66, 0x66, 0x66, 0x66, 0x66, 0x66, 0x66, 0x66, 0x66, 0x66, 0x66, 0x66, 0x66, 0x66, 0x66,
    0x66, 0x66, 0x66, 0x66, 0x66, 0x66, 0x66, 0x66, 0x66, 0x66, 0x66, 0x66, 0x66, 0x66, 0x66, 0x66,
    0x66, 0x66, 0x66, 0x66, 0x66, 0x66, 0x66, 0x66, 0x66, 0x66, 0x00, 0x06, 0x66, 0x66, 0x60, 0x66,
    0x66, 0x66, 0x60, 0x66, 0x66, 0x66, 0x60, 0x66, 0x66, 0x66, 0x60, 0x66, 0x66, 0x66, 0x60, 0x66,
    0x66, 0x06, 0x66, 0x06, 0x66, 0x06, 0x66, 0x06, 0x66, 0x06, 0x66, 0x06, 0x66, 0x06, 0x66, 0x06,
    0x66, 0x06, 0x66, 0x06, 0x66, 0x00, 0x06, 0x00, 0x66, 0x66, 0x66, 0x66, 0x66, 0x66, 0x66, 0x66,
    0x66, 0x66, 0x66, 0x66, 0x66, 0x66, 0x66, 0x66, 0x06, 0x06, 0x00, 0x06, 0x06, 0x06, 0x06, 0x66,
    0x06, 0x06, 0x06, 0x66, 0x00, 0x06, 0x00, 0x06, 0x06, 0x06, 0x06, 0x66, 0x06, 0x06, 0x06, 0x66,
    0x66, 0x66, 0x60, 0x66, 0x66, 0x66, 0x66, 0x66, 0x66, 0x66, 0x66, 0x66, 0x66, 0x66, 0x66, 0x66,
    0x66, 0x66, 0x66, 0x66, 0x66, 0x00, 0x06, 0x00, 0x66, 0x06, 0x66, 0x06, 0x66, 0x06, 0x66, 0x06,
    0x66, 0x00, 0x06, 0x06, 0x66, 0x06, 0x66, 0x06, 0x66, 0x06, 0x66, 0x06, 0x66, 0x06, 0x66, 0x00,
    0x66, 0x66, 0x66, 0x66, 0x66, 0x66, 0x66, 0x66, 0x66, 0x66, 0x66, 0x66, 0x66, 0x66, 0x66, 0x66,
    0x06, 0x06, 0x00, 0x06, 0x66, 0x66, 0x66, 0x66, 0x66, 0x66, 0x66, 0x66, 0x66, 0x66, 0x66, 0x66,
    0x66, 0x66, 0x66, 0x66, 0x06, 0x00, 0x06, 0x66, 0x06, 0x06, 0x06, 0x66, 0x06, 0x06, 0x06, 0x66,
    0x06, 0x06, 0x06, 0x66, 0x06, 0x00, 0x66, 0x66, 0x06, 0x06, 0x06, 0x66, 0x06, 0x06, 0x06, 0x66,
    0x66, 0x66, 0x66, 0x66, 0x66, 0x66, 0x66, 0x66, 0x66, 0x66, 0x66, 0x66, 0x66, 0x66, 0x66, 0x66,
    0x66, 0x66, 0x66, 0x66, 0x66, 0x66, 0x66, 0x66, 0x66, 0x66, 0x66, 0x66, 0x66, 0x66, 0x66, 0x66,
    0x06, 0x66, 0x00, 0x06, 0x06, 0x66, 0x06, 0x66, 0x06, 0x66, 0x06, 0x66, 0x06, 0x66, 0x00, 0x06,
    0x06, 0x66, 0x06, 0x66, 0x06, 0x66, 0x06, 0x66, 0x00, 0x06, 0x00, 0x06, 0x66, 0x66, 0x66, 0x66,
    0x66, 0x66, 0x66, 0x66, 0x66, 0x66, 0x66, 0x66, 0x66, 0x66, 0x66, 0x66, 0x06, 0x00, 0x06, 0x06,
    0x66, 0x66, 0x66, 0x66, 0x66, 0x66, 0x66, 0x66, 0x66, 0x66, 0x66, 0x66, 0x66, 0x66, 0x66, 0x66,
    0x60, 0x66, 0x00, 0x06, 0x00, 0x06, 0x06, 0x66, 0x06, 0x06, 0x00, 0x66, 0x06, 0x06, 0x60, 0x06,
    0x00, 0x06, 0x66, 0x06, 0x06, 0x06, 0x66, 0x06, 0x06, 0x06, 0x00, 0x06, 0x66, 0x66, 0x66, 0x66,
    0x66, 0x66, 0x66, 0x66, 0x66, 0x66, 0x66, 0x66, 0x66, 0x66, 0x66, 0x66, 0x60, 0x66, 0x66, 0x60,
    0x06, 0x06, 0x06, 0x06, 0x06, 0x06, 0x06, 0x00, 0x06, 0x06, 0x06, 0x06, 0x06, 0x06, 0x06, 0x06,
    0x06, 0x06, 0x06, 0x06, 0x06, 0x00, 0x06, 0x06, 0x66, 0x66, 0x66, 0x66, 0x66, 0x66, 0x66, 0x66,
    0x66, 0x66, 0x66, 0x66, 0x66, 0x66, 0x66, 0x66, 0x66, 0x66, 0x00, 0x60, 0x66, 0x66, 0x06, 0x06,
    0x66, 0x66, 0x06, 0x06, 0x66, 0x66, 0x06, 0x06, 0x66, 0x66, 0x06, 0x06, 0x66, 0x66, 0x06, 0x06,
    0x06, 0x66, 0x66, 0x60, 0x66, 0x66, 0x66, 0x60, 0x06, 0x66, 0x66, 0x60, 0x06, 0x66, 0x66, 0x60,
    0x60, 0x66, 0x66, 0x60, 0x60, 0x66, 0x66, 0x60, 0x66, 0x66, 0x66, 0x66, 0x66, 0x66, 0x66, 0x66,
    0x66, 0x66, 0x66, 0x66, 0x66, 0x66, 0x66, 0x66, 0x66, 0x60, 0x66, 0x00, 0x06, 0x00, 0x06, 0x06,
    0x06, 0x06, 0x06, 0x06, 0x06, 0x06, 0x06, 0x06, 0x06, 0x00, 0x06, 0x06, 0x06, 0x06, 0x06, 0x06,
    0x66, 0x66, 0x06, 0x06, 0x66, 0x66, 0x66, 0x66, 0x66, 0x66, 0x66, 0x66, 0x66, 0x66, 0x66, 0x66,
    0x66, 0x66, 0x66, 0x66, 0x60, 0x06, 0x60, 0x00, 0x60, 0x60, 0x60, 0x66, 0x60, 0x60, 0x60, 0x66,
    0x60, 0x60, 0x60, 0x00, 0x60, 0x60, 0x60, 0x66, 0x60, 0x60, 0x60, 0x66, 0x60, 0x06, 0x60, 0x00,
    0x66, 0x66, 0x66, 0x66, 0x66, 0x66, 0x66, 0x66, 0x66, 0x66, 0x66, 0x66, 0x66, 0x66, 0x66, 0x66,
    0x06, 0x06, 0x06, 0x06, 0x66, 0x66, 0x66, 0x66, 0x66, 0x66, 0x66, 0x66, 0x66, 0x66, 0x66, 0x66,
    0x66, 0x66, 0x66, 0x66, 0x60, 0x00, 0x66, 0x06, 0x66, 0x06, 0x60, 0x00, 0x66, 0x06, 0x60, 0x60,
    0x66, 0x06, 0x60, 0x60, 0x66, 0x06, 0x60, 0x00, 0x66, 0x06, 0x60, 0x60, 0x66, 0x06, 0x60, 0x60,
    0x66, 0x66, 0x66, 0x66, 0x66, 0x66, 0x66, 0x66, 0x66, 0x66, 0x66, 0x66, 0x66, 0x66, 0x66, 0x66,
    0x66, 0x66, 0x66, 0x70, 0x66, 0x66, 0x66, 0x67, 0x66, 0x66, 0x66, 0x66, 0x66, 0x66, 0x66, 0x66,
    0x00, 0x06, 0x66, 0x66, 0x06, 0x66, 0x66, 0x66, 0x06, 0x66, 0x66, 0x66, 0x00, 0x06, 0x66, 0x66,
    0x06, 0x66, 0x66, 0x66, 0x06, 0x66, 0x66, 0x66, 0x00, 0x06, 0x66, 0x66, 0x66, 0x66, 0x66, 0x66,
    0x66, 0x66, 0x66, 0x66, 0x66, 0x66, 0x66, 0x66, 0x66, 0x66, 0x66, 0x66, 0x60, 0x60, 0x00, 0x66,
    0x70, 0x00, 0x00, 0x00, 0x77, 0x70, 0x00, 0x00, 0x67, 0x77, 0x00, 0x70, 0x66, 0x67, 0x07, 0x60,
    0x66, 0x67, 0x07, 0x66, 0x66, 0x66, 0x76, 0x66, 0x66, 0x66, 0x66, 0x66, 0x66, 0x66, 0x66, 0x67,
    0x66, 0x66, 0x66, 0x67, 0x66, 0x66, 0x66, 0x70, 0x66, 0x67, 0x67, 0x00, 0x66, 0x70, 0x67, 0x77,
    0x67, 0x00, 0x76, 0x66, 0x67, 0x07, 0x66, 0x77, 0x67, 0x76, 0x67, 0x00, 0x66, 0x66, 0x66, 0x70,
    0x60, 0x60, 0x60, 0x66, 0x60, 0x60, 0x60, 0x66, 0x60, 0x60, 0x00, 0x66, 0x60, 0x60, 0x66, 0x66,
    0x60, 0x60, 0x66, 0x66, 0x00, 0x60, 0x66, 0x66, 0x66, 0x66, 0x66, 0x66, 0x66, 0x66, 0x66, 0x66,
    0x66, 0x66, 0x66, 0x66, 0x66, 0x66, 0x66, 0x66, 0x66, 0x06, 0x06, 0x60, 0x06, 0x06, 0x06, 0x00,
    0x06, 0x06, 0x06, 0x06, 0x06, 0x06, 0x06, 0x06, 0x06, 0x06, 0x06, 0x00, 0x06, 0x06, 0x06, 0x06,
    0x66, 0x66, 0x66, 0x66, 0x66, 0x66, 0x66, 0x67, 0x66, 0x66, 0x66, 0x77, 0x66, 0x66, 0x67, 0x70,
    0x66, 0x66, 0x77, 0x70, 0x66, 0x66, 0x77, 0x00, 0x66, 0x66, 0x77, 0x00, 0x66, 0x66, 0x67, 0x00,
    0x66, 0x66, 0x66, 0x70, 0x66, 0x66, 0x66, 0x67, 0x66, 0x06, 0x66, 0x67, 0x06, 0x06, 0x66, 0x66,
    0x06, 0x06, 0x66, 0x66, 0x06, 0x06, 0x66, 0x66, 0x06, 0x06, 0x66, 0x66, 0x06, 0x06, 0x66, 0x66,
    0x00, 0x11, 0x10, 0x00, 0x01, 0x00, 0x11, 0x00, 0x11, 0x00, 0x01, 0x10, 0x11, 0x00, 0x01, 0x10,
    0x11, 0x00, 0x01, 0x10, 0x01, 0x10, 0x01, 0x00, 0x00, 0x11, 0x10, 0x00, 0x00, 0x00, 0x00, 0x00,
    0x00, 0x01, 0x10, 0x00, 0x00, 0x11, 0x10, 0x00, 0x00, 0x01, 0x10, 0x00, 0x00, 0x01, 0x10, 0x00,
    0x00, 0x01, 0x10, 0x00, 0x00, 0x01, 0x10, 0x00, 0x01, 0x11, 0x11, 0x10, 0x00, 0x00, 0x00, 0x00,
    0x01, 0x11, 0x11, 0x00, 0x11, 0x00, 0x01, 0x10, 0x00, 0x00, 0x11, 0x10, 0x00, 0x11, 0x11, 0x00,
    0x01, 0x11, 0x10, 0x00, 0x11, 0x10, 0x00, 0x00, 0x11, 0x11, 0x11, 0x10, 0x00, 0x00, 0x00, 0x00,
    0x01, 0x11, 0x11, 0x10, 0x00, 0x00, 0x11, 0x00, 0x00, 0x01, 0x10, 0x00, 0x00, 0x11, 0x11, 0x00,
    0x00, 0x00, 0x01, 0x10, 0x11, 0x00, 0x01, 0x10, 0x01, 0x11, 0x11, 0x00, 0x00, 0x00, 0x00, 0x00,
    0x00, 0x01, 0x11, 0x00, 0x00, 0x11, 0x11, 0x00, 0x01, 0x10, 0x11, 0x00, 0x11, 0x00, 0x11, 0x00,
    0x11, 0x11, 0x11, 0x10, 0x00, 0x00, 0x11, 0x00, 0x00, 0x00, 0x11, 0x00, 0x00, 0x00, 0x00, 0x00,
    0x11, 0x11, 0x11, 0x00, 0x11, 0x00, 0x00, 0x00, 0x11, 0x11, 0x11, 0x00, 0x00, 0x00, 0x01, 0x10,
    0x00, 0x00, 0x01, 0x10, 0x11, 0x00, 0x01, 0x10, 0x01, 0x11, 0x11, 0x00, 0x00, 0x00, 0x00, 0x00,
    0x00, 0x11, 0x11, 0x00, 0x01, 0x10, 0x00, 0x00, 0x11, 0x00, 0x00, 0x00, 0x11, 0x11, 0x11, 0x00,
    0x11, 0x00, 0x01, 0x10, 0x11, 0x00, 0x01, 0x10, 0x01, 0x11, 0x11, 0x00, 0x00, 0x00, 0x00, 0x00,
    0x11, 0x11, 0x11, 0x10, 0x11, 0x00, 0x01, 0x10, 0x00, 0x00, 0x11, 0x00, 0x00, 0x01, 0x10, 0x00,
    0x00, 0x11, 0x00, 0x00, 0x00, 0x11, 0x00, 0x00, 0x00, 0x11, 0x00, 0x00, 0x00, 0x00, 0x00, 0x00,
    0x01, 0x11, 0x10, 0x00, 0x11, 0x00, 0x01, 0x00, 0x11, 0x10, 0x01, 0x00, 0x01, 0x11, 0x10, 0x00,
    0x10, 0x00, 0x01, 0x10, 0x10, 0x00, 0x01, 0x10, 0x01, 0x11, 0x11, 0x00, 0x00, 0x00, 0x00, 0x00,
    0x01, 0x11, 0x11, 0x00, 0x11, 0x00, 0x01, 0x10, 0x11, 0x00, 0x01, 0x10, 0x01, 0x11, 0x11, 0x10,
    0x00, 0x00, 0x01, 0x10, 0x00, 0x00, 0x11, 0x00, 0x01, 0x11, 0x10, 0x00, 0x00, 0x00, 0x00, 0x00,
    0x00, 0x11, 0x10, 0x00, 0x01, 0x10, 0x11, 0x00, 0x11, 0x00, 0x01, 0x10, 0x11, 0x00, 0x01, 0x10,
    0x11, 0x11, 0x11, 0x10, 0x11, 0x00, 0x01, 0x10, 0x11, 0x00, 0x01, 0x10, 0x00, 0x00, 0x00, 0x00,
    0x11, 0x11, 0x11, 0x00, 0x11, 0x00, 0x01, 0x10, 0x11, 0x00, 0x01, 0x10, 0x11, 0x11, 0x11, 0x00,
    0x11, 0x00, 0x01, 0x10, 0x11, 0x00, 0x01, 0x10, 0x11, 0x11, 0x11, 0x00, 0x00, 0x00, 0x00, 0x00,
    0x00, 0x11, 0x11, 0x00, 0x01, 0x10, 0x01, 0x10, 0x11, 0x00, 0x00, 0x00, 0x11, 0x00, 0x00, 0x00,
    0x11, 0x00, 0x00, 0x00, 0x01, 0x10, 0x01, 0x10, 0x00, 0x11, 0x11, 0x00, 0x00, 0x00, 0x00, 0x00,
    0x11, 0x11, 0x10, 0x00, 0x11, 0x00, 0x11, 0x00, 0x11, 0x00, 0x01, 0x10, 0x11, 0x00, 0x01, 0x10,
    0x11, 0x00, 0x01, 0x10, 0x11, 0x00, 0x11, 0x00, 0x11, 0x11, 0x10, 0x00, 0x00, 0x00, 0x00, 0x00,
    0x11, 0x11, 0x11, 0x10, 0x11, 0x00, 0x00, 0x00, 0x11, 0x00, 0x00, 0x00, 0x11, 0x11, 0x11, 0x00,
    0x11, 0x00, 0x00, 0x00, 0x11, 0x00, 0x00, 0x00, 0x11, 0x11, 0x11, 0x10, 0x00, 0x00, 0x00, 0x00,
    0x11, 0x11, 0x11, 0x10, 0x11, 0x00, 0x00, 0x00, 0x11, 0x00, 0x00, 0x00, 0x11, 0x11, 0x11, 0x00,
    0x11, 0x00, 0x00, 0x00, 0x11, 0x00, 0x00, 0x00, 0x11, 0x00, 0x00, 0x00, 0x00, 0x00, 0x00, 0x00,
    0x00, 0x11, 0x11, 0x10, 0x01, 0x10, 0x00, 0x00, 0x11, 0x00, 0x00, 0x00, 0x11, 0x00, 0x11, 0x10,
    0x11, 0x00, 0x01, 0x10, 0x01, 0x10, 0x01, 0x10, 0x00, 0x11, 0x11, 0x10, 0x00, 0x00, 0x00, 0x00,
    0x11, 0x00, 0x01, 0x10, 0x11, 0x00, 0x01, 0x10, 0x11, 0x00, 0x01, 0x10, 0x11, 0x11, 0x11, 0x10,
    0x11, 0x00, 0x01, 0x10, 0x11, 0x00, 0x01, 0x10, 0x11, 0x00, 0x01, 0x10, 0x00, 0x00, 0x00, 0x00,
    0x00, 0x11, 0x11, 0x00, 0x00, 0x01, 0x10, 0x00, 0x00, 0x01, 0x10, 0x00, 0x00, 0x01, 0x10, 0x00,
    0x00, 0x01, 0x10, 0x00, 0x00, 0x01, 0x10, 0x00, 0x00, 0x11, 0x11, 0x00, 0x00, 0x00, 0x00, 0x00,
    0x00, 0x01, 0x11, 0x10, 0x00, 0x00, 0x01, 0x10, 0x00, 0x00, 0x01, 0x10, 0x00, 0x00, 0x01, 0x10,
    0x11, 0x00, 0x01, 0x10, 0x11, 0x00, 0x01, 0x10, 0x01, 0x11, 0x11, 0x00, 0x00, 0x00, 0x00, 0x00,
    0x11, 0x00, 0x01, 0x10, 0x11, 0x00, 0x11, 0x00, 0x11, 0x01, 0x10, 0x00, 0x11, 0x11, 0x00, 0x00,
    0x11, 0x01, 0x10, 0x00, 0x11, 0x00, 0x11, 0x00, 0x11, 0x00, 0x01, 0x10, 0x00, 0x00, 0x00, 0x00,
    0x01, 0x10, 0x00, 0x00, 0x01, 0x10, 0x00, 0x00, 0x01, 0x10, 0x00, 0x00, 0x01, 0x10, 0x00, 0x00,
    0x01, 0x10, 0x00, 0x00, 0x01, 0x10, 0x00, 0x00, 0x01, 0x11, 0x11, 0x10, 0x00, 0x00, 0x00, 0x00,
    0x11, 0x00, 0x01, 0x10, 0x11, 0x10, 0x11, 0x10, 0x11, 0x11, 0x11, 0x10, 0x11, 0x11, 0x11, 0x10,
    0x11, 0x01, 0x01, 0x10, 0x11, 0x00, 0x01, 0x10, 0x11, 0x00, 0x01, 0x10, 0x00, 0x00, 0x00, 0x00,
    0x11, 0x00, 0x01, 0x10, 0x11, 0x10, 0x01, 0x10, 0x11, 0x11, 0x01, 0x10, 0x11, 0x11, 0x11, 0x10,
    0x11, 0x01, 0x11, 0x10, 0x11, 0x00, 0x11, 0x10, 0x11, 0x00, 0x01, 0x10, 0x00, 0x00, 0x00, 0x00,
    0x01, 0x11, 0x11, 0x00, 0x11, 0x00, 0x01, 0x10, 0x11, 0x00, 0x01, 0x10, 0x11, 0x00, 0x01, 0x10,
    0x11, 0x00, 0x01, 0x10, 0x11, 0x00, 0x01, 0x10, 0x01, 0x11, 0x11, 0x00, 0x00, 0x00, 0x00, 0x00,
    0x11, 0x11, 0x11, 0x00, 0x11, 0x00, 0x01, 0x10, 0x11, 0x00, 0x01, 0x10, 0x11, 0x11, 0x11, 0x00,
    0x11, 0x00, 0x00, 0x00, 0x11, 0x00, 0x00, 0x00, 0x11, 0x00, 0x00, 0x00, 0x00, 0x00, 0x00, 0x00,
    0x01, 0x11, 0x11, 0x00, 0x11, 0x00, 0x01, 0x10, 0x11, 0x00, 0x01, 0x10, 0x11, 0x00, 0x01, 0x10,
    0x11, 0x01, 0x11, 0x10, 0x11, 0x00, 0x11, 0x00, 0x01, 0x11, 0x10, 0x10, 0x00, 0x00, 0x00, 0x00,
    0x11, 0x11, 0x11, 0x00, 0x11, 0x00, 0x01, 0x10, 0x11, 0x00, 0x01, 0x10, 0x11, 0x11, 0x11, 0x00,
    0x11, 0x01, 0x10, 0x00, 0x11, 0x00, 0x11, 0x00, 0x11, 0x00, 0x01, 0x10, 0x00, 0x00, 0x00, 0x00,
    0x01, 0x11, 0x10, 0x00, 0x11, 0x00, 0x11, 0x00, 0x11, 0x00, 0x00, 0x00, 0x01, 0x11, 0x11, 0x00,
    0x00, 0x00, 0x01, 0x10, 0x11, 0x00, 0x01, 0x10, 0x01, 0x11, 0x11, 0x00, 0x00, 0x00, 0x00, 0x00,
    0x01, 0x11, 0x11, 0x10, 0x00, 0x01, 0x10, 0x00, 0x00, 0x01, 0x10, 0x00, 0x00, 0x01, 0x10, 0x00,
    0x00, 0x01, 0x10, 0x00, 0x00, 0x01, 0x10, 0x00, 0x00, 0x01, 0x10, 0x00, 0x00, 0x00, 0x00, 0x00,
    0x11, 0x00, 0x01, 0x10, 0x11, 0x00, 0x01, 0x10, 0x11, 0x00, 0x01, 0x10, 0x11, 0x00, 0x01, 0x10,
    0x11, 0x00, 0x01, 0x10, 0x11, 0x00, 0x01, 0x10, 0x01, 0x11, 0x11, 0x00, 0x00, 0x00, 0x00, 0x00,
    0x11, 0x00, 0x01, 0x10, 0x11, 0x00, 0x01, 0x10, 0x11, 0x00, 0x01, 0x10, 0x11, 0x10, 0x11, 0x10,
    0x01, 0x11, 0x11, 0x00, 0x00, 0x11, 0x10, 0x00, 0x00, 0x01, 0x00, 0x00, 0x00, 0x00, 0x00, 0x00,
    0x11, 0x00, 0x01, 0x10, 0x11, 0x00, 0x01, 0x10, 0x11, 0x01, 0x01, 0x10, 0x11, 0x11, 0x11, 0x10,
    0x11, 0x11, 0x11, 0x10, 0x11, 0x10, 0x11, 0x10, 0x11, 0x00, 0x01, 0x10, 0x00, 0x00, 0x00, 0x00,
    0x11, 0x00, 0x01, 0x10, 0x11, 0x10, 0x11, 0x10, 0x01, 0x11, 0x11, 0x00, 0x00, 0x11, 0x10, 0x00,
    0x01, 0x11, 0x11, 0x00, 0x11, 0x10, 0x11, 0x10, 0x11, 0x00, 0x01, 0x10, 0x00, 0x00, 0x00, 0x00,
    0x01, 0x10, 0x01, 0x10, 0x01, 0x10, 0x01, 0x10, 0x01, 0x10, 0x01, 0x10, 0x00, 0x11, 0x11, 0x00,
    0x00, 0x01, 0x10, 0x00, 0x00, 0x01, 0x10, 0x00, 0x00, 0x01, 0x10, 0x00, 0x00, 0x00, 0x00, 0x00,
    0x11, 0x11, 0x11, 0x10, 0x00, 0x00, 0x11, 0x10, 0x00, 0x01, 0x11, 0x00, 0x00, 0x11, 0x10, 0x00,
    0x01, 0x11, 0x00, 0x00, 0x11, 0x10, 0x00, 0x00, 0x11, 0x11, 0x11, 0x10, 0x00, 0x00, 0x00, 0x00,
    0x00, 0x00, 0x00, 0x00, 0x00, 0x00, 0x00, 0x00, 0x00, 0x00, 0x00, 0x00, 0x00, 0x00, 0x00, 0x00,
    0x00, 0x00, 0x00, 0x00, 0x00, 0x00, 0x00, 0x00, 0x00, 0x00, 0x00, 0x00, 0x00, 0x00, 0x00, 0x00,
    0x11, 0x11, 0x11, 0x11, 0x11, 0x11, 0x11, 0x11, 0x11, 0x11, 0x11, 0x11, 0x11, 0x11, 0x11, 0x11,
    0x11, 0x11, 0x11, 0x11, 0x11, 0x11, 0x11, 0x11, 0x11, 0x11, 0x11, 0x11, 0x11, 0x11, 0x11, 0x11,
    0x22, 0x22, 0x22, 0x22, 0x22, 0x22, 0x22, 0x22, 0x22, 0x22, 0x22, 0x22, 0x22, 0x22, 0x22, 0x22,
    0x22, 0x22, 0x22, 0x22, 0x22, 0x22, 0x22, 0x22, 0x22, 0x22, 0x22, 0x22, 0x22, 0x22, 0x22, 0x22,
    0x33, 0x33, 0x33, 0x33, 0x33, 0x33, 0x33, 0x33, 0x33, 0x33, 0x33, 0x33, 0x33, 0x33, 0x33, 0x33,
    0x33, 0x33, 0x33, 0x33, 0x33, 0x33, 0x33, 0x33, 0x33, 0x33, 0x33, 0x33, 0x33, 0x33, 0x33, 0x33,
    0x00, 0x00, 0x00, 0x00, 0x00, 0x00, 0x00, 0x00, 0x00, 0x00, 0x00, 0x00, 0x00, 0x00, 0x00, 0x00,
    0x00, 0x11, 0x00, 0x00, 0x00, 0x01, 0x00, 0x00, 0x00, 0x10, 0x00, 0x00, 0x00, 0x00, 0x00, 0x00,
    0x00, 0x01, 0x10, 0x00, 0x00, 0x01, 0x10, 0x00, 0x00, 0x01, 0x10, 0x00, 0x00, 0x01, 0x10, 0x00,
    0x00, 0x01, 0x10, 0x00, 0x00, 0x00, 0x00, 0x00, 0x00, 0x01, 0x10, 0x00, 0x00, 0x00, 0x00, 0x00,
    0x00, 0x11, 0x00, 0x00, 0x00, 0x01, 0x00, 0x00, 0x00, 0x10, 0x00, 0x00, 0x00, 0x00, 0x00, 0x00,
    0x00, 0x00, 0x00, 0x00, 0x00, 0x00, 0x00, 0x00, 0x00, 0x00, 0x00, 0x00, 0x00, 0x00, 0x00, 0x00,
    0x01, 0x11, 0x00, 0x00, 0x10, 0x00, 0x10, 0x00, 0x01, 0x01, 0x00, 0x00, 0x00, 0x10, 0x00, 0x00,
    0x01, 0x01, 0x01, 0x00, 0x10, 0x00, 0x10, 0x00, 0x01, 0x11, 0x01, 0x10, 0x00, 0x00, 0x00, 0x00,
    0x00, 0x00, 0x00, 0x00, 0x00, 0x00, 0x00, 0x00, 0x00, 0x00, 0x00, 0x00, 0x00, 0x00, 0x00, 0x00,
    0x00, 0x00, 0x00, 0x00, 0x00, 0x11, 0x00, 0x00, 0x00, 0x11, 0x00, 0x00, 0x00, 0x00, 0x00, 0x00,
    0x00, 0x10, 0x01, 0x00, 0x00, 0x10, 0x01, 0x00, 0x00, 0x10, 0x01, 0x00, 0x00, 0x00, 0x00, 0x00,
    0x00, 0x00, 0x00, 0x00, 0x00, 0x00, 0x00, 0x00, 0x00, 0x00, 0x00, 0x00, 0x00, 0x00, 0x00, 0x00,
    0x00, 0x11, 0x10, 0x00, 0x01, 0x00, 0x01, 0x00, 0x00, 0x00, 0x01, 0x00, 0x00, 0x00, 0x10, 0x00,
    0x00, 0x01, 0x00, 0x00, 0x00, 0x00, 0x00, 0x00, 0x00, 0x01, 0x00, 0x00, 0x00, 0x00, 0x00, 0x00,
    0x00, 0x00, 0x00, 0x00, 0x00, 0x00, 0x00, 0x00, 0x00, 0x00, 0x00, 0x00, 0x11, 0x11, 0x11, 0x00,
    0x00, 0x00, 0x00, 0x00, 0x00, 0x00, 0x00, 0x00, 0x00, 0x00, 0x00, 0x00, 0x00, 0x00, 0x00, 0x00,
    0x00, 0x00, 0x00, 0x00, 0x00, 0x00, 0x00, 0x00, 0x00, 0x00, 0x00, 0x00, 0x00, 0x00, 0x00, 0x00,
    0x00, 0x00, 0x00, 0x00, 0x00, 0x00, 0x00, 0x00, 0x00, 0x00, 0x00, 0x00, 0x00, 0x00, 0x00, 0x00,
    0x00, 0x00, 0x00, 0x00, 0x00, 0x00, 0x00, 0x00, 0x00, 0x00, 0x00, 0x00, 0x00, 0x00, 0x00, 0x00,
    0x00, 0x00, 0x00, 0x00, 0x00, 0x00, 0x00, 0x00, 0x00, 0x00, 0x00, 0x00, 0x00, 0x00, 0x00, 0x00,
    0x00, 0x00, 0x00, 0x00, 0x00, 0x00, 0x00, 0x00, 0x00, 0x00, 0x00, 0x00, 0x00, 0x00, 0x00, 0x00,
    0x00, 0x00, 0x00, 0x00, 0x00, 0x00, 0x00, 0x00, 0x00, 0x00, 0x00, 0x00, 0x00, 0x00, 0x00, 0x00,
    0x00, 0x00, 0x00, 0x00, 0x00, 0x00, 0x00, 0x00, 0x00, 0x00, 0x00, 0x00, 0x00, 0x00, 0x00, 0x00,
    0x00, 0x00, 0x00, 0x00, 0x00, 0x00, 0x00, 0x00, 0x00, 0x00, 0x00, 0x00, 0x00, 0x00, 0x00, 0x00,
    0x00, 0x00, 0x00, 0x00, 0x00, 0x00, 0x00, 0x00, 0x00, 0x00, 0x00, 0x00, 0x00, 0x00, 0x00, 0x00,
    0x00, 0x00, 0x00, 0x00, 0x00, 0x00, 0x00, 0x00, 0x00, 0x00, 0x00, 0x00, 0x00, 0x00, 0x00, 0x00,
    0x00, 0x00, 0x00, 0x00, 0x00, 0x00, 0x00, 0x00, 0x00, 0x00, 0x00, 0x00, 0x00, 0x00, 0x00, 0x00,
    0x00, 0x00, 0x00, 0x00, 0x00, 0x00, 0x00, 0x00, 0x00, 0x00, 0x00, 0x00, 0x00, 0x00, 0x00, 0x00,
    0x00, 0x00, 0x00, 0x00, 0x00, 0x00, 0x00, 0x00, 0x00, 0x00, 0x00, 0x00, 0x00, 0x00, 0x00, 0x00,
    0x00, 0x00, 0x00, 0x00, 0x00, 0x00, 0x00, 0x00, 0x00, 0x00, 0x00, 0x00, 0x00, 0x00, 0x00, 0x00,
    0x00, 0x00, 0x00, 0x00, 0x00, 0x00, 0x00, 0x00, 0x00, 0x00, 0x00, 0x00, 0x00, 0x00, 0x00, 0x00,
    0x00, 0x00, 0x00, 0x00, 0x00, 0x00, 0x00, 0x00, 0x00, 0x00, 0x00, 0x00, 0x00, 0x00, 0x00, 0x00,
    0x00, 0x00, 0x00, 0x00, 0x00, 0x00, 0x00, 0x00, 0x00, 0x00, 0x00, 0x00, 0x00, 0x00, 0x00, 0x00,
    0x00, 0x00, 0x00, 0x00, 0x00, 0x00, 0x00, 0x00, 0x00, 0x00, 0x00, 0x00, 0x00, 0x00, 0x00, 0x00,
    0x00, 0x00, 0x00, 0x00, 0x00, 0x00, 0x00, 0x00, 0x00, 0x00, 0x00, 0x00, 0x00, 0x00, 0x00, 0x00,
    0x00, 0x00, 0x00, 0x00, 0x00, 0x00, 0x00, 0x00, 0x00, 0x00, 0x00, 0x00, 0x00, 0x00, 0x00, 0x00,
    0x00, 0x00, 0x00, 0x00, 0x00, 0x00, 0x00, 0x00, 0x00, 0x00, 0x00, 0x00, 0x00, 0x00, 0x00, 0x00,
    0x00, 0x00, 0x00, 0x00, 0x00, 0x00, 0x00, 0x00, 0x00, 0x00, 0x00, 0x00, 0x00, 0x00, 0x00, 0x00,
    0x00, 0x00, 0x00, 0x00, 0x00, 0x00, 0x00, 0x00, 0x00, 0x00, 0x00, 0x00, 0x00, 0x00, 0x00, 0x00,
    0x00, 0x00, 0x00, 0x00, 0x00, 0x00, 0x00, 0x00, 0x00, 0x00, 0x00, 0x00, 0x00, 0x00, 0x00, 0x00,
    0x00, 0x00, 0x00, 0x00, 0x00, 0x00, 0x00, 0x00, 0x00, 0x00, 0x00, 0x00, 0x00, 0x00, 0x00, 0x00,
    0x00, 0x00, 0x00, 0x00, 0x00, 0x00, 0x00, 0x00, 0x00, 0x00, 0x00, 0x00, 0x00, 0x00, 0x00, 0x00,
    0x00, 0x00, 0x00, 0x00, 0x00, 0x00, 0x00, 0x00, 0x00, 0x00, 0x00, 0x00, 0x00, 0x00, 0x00, 0x00,
    0x00, 0x00, 0x00, 0x00, 0x00, 0x00, 0x00, 0x00, 0x00, 0x00, 0x00, 0x00, 0x00, 0x00, 0x00, 0x00,
    0x00, 0x00, 0x00, 0x00, 0x00, 0x00, 0x00, 0x00, 0x00, 0x00, 0x00, 0x00, 0x00, 0x00, 0x00, 0x00,
    0x00, 0x00, 0x00, 0x00, 0x00, 0x00, 0x00, 0x00, 0x00, 0x00, 0x00, 0x00, 0x00, 0x00, 0x00, 0x00,
    0x00, 0x00, 0x00, 0x00, 0x00, 0x00, 0x00, 0x00, 0x00, 0x00, 0x00, 0x00, 0x00, 0x00, 0x00, 0x00,
    0x00, 0x00, 0x00, 0x00, 0x00, 0x00, 0x00, 0x00, 0x00, 0x00, 0x00, 0x00, 0x00, 0x00, 0x00, 0x00,
    0x00, 0x00, 0x00, 0x00, 0x00, 0x00, 0x00, 0x00, 0x00, 0x00, 0x00, 0x00, 0x00, 0x00, 0x00, 0x00,
    0x00, 0x00, 0x00, 0x00, 0x00, 0x00, 0x00, 0x00, 0x00, 0x00, 0x00, 0x00, 0x00, 0x00, 0x00, 0x00,
    0x00, 0x00, 0x00, 0x00, 0x00, 0x00, 0x00, 0x00, 0x00, 0x00, 0x00, 0x00, 0x00, 0x00, 0x00, 0x00,
    0x00, 0x00, 0x00, 0x00, 0x00, 0x00, 0x00, 0x00, 0x00, 0x00, 0x00, 0x00, 0x00, 0x00, 0x00, 0x00,
    0x00, 0x00, 0x00, 0x00, 0x00, 0x00, 0x00, 0x00, 0x00, 0x00, 0x00, 0x00, 0x00, 0x00, 0x00, 0x00,
    0x00, 0x00, 0x00, 0x00, 0x00, 0x00, 0x00, 0x00, 0x00, 0x00, 0x00, 0x00, 0x00, 0x00, 0x00, 0x00,
    0x00, 0x00, 0x00, 0x00, 0x00, 0x00, 0x00, 0x00, 0x00, 0x00, 0x00, 0x00, 0x00, 0x00, 0x00, 0x00,
    0x00, 0x00, 0x00, 0x00, 0x00, 0x00, 0x00, 0x00, 0x00, 0x00, 0x00, 0x00, 0x00, 0x00, 0x00, 0x00,
    0x00, 0x00, 0x00, 0x00, 0x00, 0x00, 0x00, 0x00, 0x00, 0x00, 0x00, 0x00, 0x00, 0x00, 0x00, 0x00,
    0x00, 0x00, 0x00, 0x00, 0x00, 0x00, 0x00, 0x00, 0x00, 0x00, 0x00, 0x00, 0x00, 0x00, 0x00, 0x00,
    0x00, 0x00, 0x00, 0x00, 0x00, 0x00, 0x00, 0x00, 0x00, 0x00, 0x00, 0x00, 0x00, 0x00, 0x00, 0x00,
    0x00, 0x00, 0x00, 0x00, 0x00, 0x00, 0x00, 0x00, 0x00, 0x00, 0x00, 0x00, 0x00, 0x00, 0x00, 0x00,
    0x00, 0x00, 0x00, 0x00, 0x00, 0x00, 0x00, 0x00, 0x00, 0x00, 0x00, 0x00, 0x00, 0x00, 0x00, 0x00,
    0x00, 0x00, 0x00, 0x00, 0x00, 0x00, 0x00, 0x00, 0x00, 0x00, 0x00, 0x00, 0x00, 0x00, 0x00, 0x00,
    0x00, 0x00, 0x00, 0x00, 0x00, 0x00, 0x00, 0x00, 0x00, 0x00, 0x00, 0x00, 0x00, 0x00, 0x00, 0x00,
    0x00, 0x00, 0x00, 0x00, 0x00, 0x00, 0x00, 0x00, 0x00, 0x00, 0x00, 0x00, 0x00, 0x00, 0x00, 0x00,
    0x00, 0x00, 0x00, 0x00, 0x00, 0x00, 0x00, 0x00, 0x00, 0x00, 0x00, 0x00, 0x00, 0x00, 0x00, 0x00,
    0x00, 0x00, 0x00, 0x00, 0x00, 0x00, 0x00, 0x00, 0x00, 0x00, 0x00, 0x00, 0x00, 0x00, 0x00, 0x00,
    0x00, 0x00, 0x00, 0x00, 0x00, 0x00, 0x00, 0x00, 0x00, 0x00, 0x00, 0x00, 0x00, 0x00, 0x00, 0x00,
    0x00, 0x00, 0x00, 0x00, 0x00, 0x00, 0x00, 0x00, 0x00, 0x00, 0x00, 0x00, 0x00, 0x00, 0x00, 0x00,
    0x00, 0x00, 0x00, 0x00, 0x00, 0x00, 0x00, 0x00, 0x00, 0x00, 0x00, 0x00, 0x00, 0x00, 0x00, 0x00,
    0x00, 0x00, 0x00, 0x00, 0x00, 0x00, 0x00, 0x00, 0x00, 0x00, 0x00, 0x00, 0x00, 0x00, 0x00, 0x00,
    0x00, 0x00, 0x00, 0x00, 0x00, 0x00, 0x00, 0x00, 0x00, 0x00, 0x00, 0x00, 0x00, 0x00, 0x00, 0x00,
    0x00, 0x00, 0x00, 0x00, 0x00, 0x00, 0x00, 0x00, 0x00, 0x00, 0x00, 0x00, 0x00, 0x00, 0x00, 0x00,
    0x00, 0x00, 0x00, 0x00, 0x00, 0x00, 0x00, 0x00, 0x00, 0x00, 0x00, 0x00, 0x00, 0x00, 0x00, 0x00,
    0x00, 0x00, 0x00, 0x00, 0x00, 0x00, 0x00, 0x00, 0x00, 0x00, 0x00, 0x00, 0x00, 0x00, 0x00, 0x00,
    0x00, 0x00, 0x00, 0x00, 0x00, 0x00, 0x00, 0x00, 0x00, 0x00, 0x00, 0x00, 0x00, 0x00, 0x00, 0x00,
    0x00, 0x00, 0x00, 0x00, 0x00, 0x00, 0x00, 0x00, 0x00, 0x00, 0x00, 0x00, 0x00, 0x00, 0x00, 0x00,
    0x00, 0x00, 0x00, 0x00, 0x00, 0x00, 0x00, 0x00, 0x00, 0x00, 0x00, 0x00, 0x00, 0x00, 0x00, 0x00,
    0x00, 0x00, 0x00, 0x00, 0x00, 0x00, 0x00, 0x00, 0x00, 0x00, 0x00, 0x00, 0x00, 0x00, 0x00, 0x00,
    0x00, 0x00, 0x00, 0x00, 0x00, 0x00, 0x00, 0x00, 0x00, 0x00, 0x00, 0x00, 0x00, 0x00, 0x00, 0x00,
    0x00, 0x00, 0x00, 0x00, 0x00, 0x00, 0x00, 0x00, 0x00, 0x00, 0x00, 0x00, 0x00, 0x00, 0x00, 0x00,
    0x00, 0x00, 0x00, 0x00, 0x00, 0x00, 0x00, 0x00, 0x00, 0x00, 0x00, 0x00, 0x00, 0x00, 0x00, 0x00,
    0x00, 0x00, 0x00, 0x00, 0x00, 0x00, 0x00, 0x00, 0x00, 0x00, 0x00, 0x00, 0x00, 0x00, 0x00, 0x00,
    0x00, 0x00, 0x00, 0x00, 0x00, 0x00, 0x00, 0x00, 0x00, 0x00, 0x00, 0x00, 0x00, 0x00, 0x00, 0x00,
    0x00, 0x00, 0x00, 0x00, 0x00, 0x00, 0x00, 0x00, 0x00, 0x00, 0x00, 0x00, 0x00, 0x00, 0x00, 0x00,
    0x00, 0x00, 0x00, 0x00, 0x00, 0x00, 0x00, 0x00, 0x00, 0x00, 0x00, 0x00, 0x00, 0x00, 0x00, 0x00,
    0x00, 0x00, 0x00, 0x00, 0x00, 0x00, 0x00, 0x00, 0x00, 0x00, 0x00, 0x00, 0x00, 0x00, 0x00, 0x00,
    0x00, 0x00, 0x00, 0x00, 0x00, 0x00, 0x00, 0x00, 0x00, 0x00, 0x00, 0x00, 0x00, 0x00, 0x00, 0x00,
    0x00, 0x00, 0x00, 0x00, 0x00, 0x00, 0x00, 0x00, 0x00, 0x00, 0x00, 0x00, 0x00, 0x00, 0x00, 0x00,
    0x00, 0x00, 0x00, 0x00, 0x00, 0x00, 0x00, 0x00, 0x00, 0x00, 0x00, 0x00, 0x00, 0x00, 0x00, 0x00,
    0x00, 0x00, 0x00, 0x00, 0x00, 0x00, 0x00, 0x00, 0x00, 0x00, 0x00, 0x00, 0x00, 0x00, 0x00, 0x00,
    0x00, 0x00, 0x00, 0x00, 0x00, 0x00, 0x00, 0x00, 0x00, 0x00, 0x00, 0x00, 0x00, 0x00, 0x00, 0x00,
    0x00, 0x00, 0x00, 0x00, 0x00, 0x00, 0x00, 0x00, 0x00, 0x00, 0x00, 0x00, 0x00, 0x00, 0x00, 0x00,
    0x00, 0x00, 0x00, 0x00, 0x00, 0x00, 0x00, 0x00, 0x00, 0x00, 0x00, 0x00, 0x00, 0x00, 0x00, 0x00,
    0x00, 0x00, 0x00, 0x00, 0x00, 0x00, 0x00, 0x00, 0x00, 0x00, 0x00, 0x00, 0x00, 0x00, 0x00, 0x00,
    0x00, 0x00, 0x00, 0x00, 0x00, 0x00, 0x00, 0x00, 0x00, 0x00, 0x00, 0x00, 0x00, 0x00, 0x00, 0x00,
    0x00, 0x00, 0x00, 0x00, 0x00, 0x00, 0x00, 0x00, 0x00, 0x00, 0x00, 0x00, 0x00, 0x00, 0x00, 0x00,
    0x00, 0x00, 0x00, 0x00, 0x00, 0x00, 0x00, 0x00, 0x00, 0x00, 0x00, 0x00, 0x00, 0x00, 0x00, 0x00,
    0x00, 0x00, 0x00, 0x00, 0x00, 0x00, 0x00, 0x00, 0x00, 0x00, 0x00, 0x00, 0x00, 0x00, 0x00, 0x00,
    0x00, 0x00, 0x00, 0x00, 0x00, 0x00, 0x00, 0x00, 0x00, 0x00, 0x00, 0x00, 0x00, 0x00, 0x00, 0x00,
    0x00, 0x00, 0x00, 0x00, 0x00, 0x00, 0x00, 0x00, 0x00, 0x00, 0x00, 0x00, 0x00, 0x00, 0x00, 0x00,
    0x00, 0x00, 0x00, 0x00, 0x00, 0x00, 0x00, 0x00, 0x00, 0x00, 0x00, 0x00, 0x00, 0x00, 0x00, 0x00,
    0x00, 0x00, 0x00, 0x00, 0x00, 0x00, 0x00, 0x00, 0x00, 0x00, 0x00, 0x00, 0x00, 0x00, 0x00, 0x00,
    0x00, 0x00, 0x00, 0x00, 0x00, 0x00, 0x00, 0x00, 0x00, 0x00, 0x00, 0x00, 0x00, 0x00, 0x00, 0x00,
    0x00, 0x00, 0x00, 0x00, 0x00, 0x00, 0x00, 0x00, 0x00, 0x00, 0x00, 0x00, 0x00, 0x00, 0x00, 0x00,
    0x00, 0x00, 0x00, 0x00, 0x00, 0x00, 0x00, 0x00, 0x00, 0x00, 0x00, 0x00, 0x00, 0x00, 0x00, 0x00,
    0x00, 0x00, 0x00, 0x00, 0x00, 0x00, 0x00, 0x00, 0x00, 0x00, 0x00, 0x00, 0x00, 0x00, 0x00, 0x00,
    0x00, 0x00, 0x00, 0x00, 0x00, 0x00, 0x00, 0x00, 0x00, 0x00, 0x00, 0x00, 0x00, 0x00, 0x00, 0x00,
    0x00, 0x00, 0x00, 0x00, 0x00, 0x00, 0x00, 0x00, 0x00, 0x00, 0x00, 0x00, 0x00, 0x00, 0x00, 0x00,
    0x00, 0x00, 0x00, 0x00, 0x00, 0x00, 0x00, 0x00, 0x00, 0x00, 0x00, 0x00, 0x00, 0x00, 0x00, 0x00,
    0x00, 0x00, 0x00, 0x00, 0x00, 0x00, 0x00, 0x00, 0x00, 0x00, 0x00, 0x00, 0x00, 0x00, 0x00, 0x00,
    0x00, 0x00, 0x00, 0x00, 0x00, 0x00, 0x00, 0x00, 0x00, 0x00, 0x00, 0x00, 0x00, 0x00, 0x00, 0x00,
    0x00, 0x00, 0x00, 0x00, 0x00, 0x00, 0x00, 0x00, 0x00, 0x00, 0x00, 0x00, 0x00, 0x00, 0x00, 0x00,
    0x00, 0x00, 0x00, 0x00, 0x00, 0x00, 0x00, 0x00, 0x00, 0x00, 0x00, 0x00, 0x00, 0x00, 0x00, 0x00,
    0x00, 0x00, 0x00, 0x00, 0x00, 0x00, 0x00, 0x00, 0x00, 0x00, 0x00, 0x00, 0x00, 0x00, 0x00, 0x00,
    0x00, 0x00, 0x00, 0x01, 0x00, 0x23, 0x33, 0x01, 0x02, 0x12, 0x33, 0x30, 0x21, 0x23, 0x33, 0x33,
    0x21, 0x23, 0x33, 0x33, 0x32, 0x33, 0x33, 0x33, 0x03, 0x33, 0x33, 0x30, 0x00, 0x33, 0x33, 0x00,
    0x00, 0x00, 0x00, 0x00, 0x00, 0x00, 0x00, 0x00, 0x00, 0x00, 0x00, 0x00, 0x11, 0x11, 0x11, 0x00,
    0x00, 0x00, 0x00, 0x00, 0x00, 0x00, 0x00, 0x00, 0x00, 0x00, 0x00, 0x00, 0x00, 0x00, 0x00, 0x00,
    0x00, 0x00, 0x00, 0x00, 0x00, 0x00, 0x00, 0x00, 0x00, 0x00, 0x00, 0x00, 0x00, 0x00, 0x00, 0x00,
    0x00, 0x00, 0x00, 0x00, 0x00, 0x11, 0x00, 0x00, 0x00, 0x11, 0x00, 0x00, 0x00, 0x00, 0x00, 0x00,
    0x00, 0x01, 0x00, 0x00, 0x00, 0x01, 0x00, 0x00, 0x00, 0x01, 0x00, 0x00, 0x11, 0x11, 0x11, 0x10,
    0x00, 0x01, 0x00, 0x00, 0x00, 0x01, 0x00, 0x00, 0x00, 0x01, 0x00, 0x00, 0x00, 0x00, 0x00, 0x00,
    0x01, 0x10, 0x33, 0x00, 0x11, 0x11, 0x33, 0x30, 0x11, 0x13, 0x33, 0x30, 0x11, 0x11, 0x33, 0x30,
    0x11, 0x13, 0x33, 0x30, 0x01, 0x11, 0x33, 0x00, 0x00, 0x13, 0x30, 0x00, 0x00, 0x01, 0x00, 0x00,
    0x03, 0x30, 0x33, 0x00, 0x33, 0x33, 0x33, 0x30, 0x33, 0x33, 0x33, 0x30, 0x33, 0x33, 0x33, 0x30,
    0x33, 0x33, 0x33, 0x30, 0x03, 0x33, 0x33, 0x00, 0x00, 0x33, 0x30, 0x00, 0x00, 0x03, 0x00, 0x00,
    0x33, 0x33, 0x33, 0x30, 0x33, 0x33, 0x33, 0x30, 0x33, 0x33, 0x33, 0x30, 0x00, 0x00, 0x00, 0x00,
    0x00, 0x00, 0x00, 0x00, 0x00, 0x00, 0x00, 0x00, 0x00, 0x00, 0x00, 0x00, 0x00, 0x00, 0x00, 0x00,
    0x22, 0x22, 0x22, 0x21, 0x32, 0x21, 0x22, 0x22, 0x22, 0x22, 0x22, 0x22, 0x21, 0x22, 0x22, 0x32,
    0x22, 0x22, 0x12, 0x22, 0x22, 0x22, 0x22, 0x12, 0x22, 0x12, 0x22, 0x22, 0x22, 0x22, 0x23, 0x22,
    0x00, 0x00, 0x00, 0x00, 0x00, 0x00, 0x00, 0x00, 0x00, 0x00, 0x00, 0x00, 0x00, 0x00, 0x33, 0x33,
    0x00, 0x03, 0x33, 0x33, 0x00, 0x03, 0x30, 0x00, 0x00, 0x03, 0x30, 0x00, 0x00, 0x03, 0x30, 0x00,
    0x00, 0x00, 0x00, 0x00, 0x00, 0x00, 0x00, 0x00, 0x00, 0x00, 0x00, 0x00, 0x33, 0x33, 0x33, 0x33,
    0x33, 0x33, 0x33, 0x33, 0x00, 0x00, 0x00, 0x00, 0x00, 0x00, 0x00, 0x00, 0x00, 0x00, 0x00, 0x00,
    0x00, 0x00, 0x00, 0x00, 0x00, 0x00, 0x00, 0x00, 0x00, 0x00, 0x00, 0x00, 0x33, 0x33, 0x00, 0x00,
    0x33, 0x33, 0x30, 0x00, 0x00, 0x03, 0x30, 0x00, 0x00, 0x03, 0x30, 0x00, 0x00, 0x03, 0x30, 0x00,
    0x00, 0x03, 0x30, 0x00, 0x00, 0x03, 0x30, 0x00, 0x00, 0x03, 0x30, 0x00, 0x00, 0x03, 0x30, 0x00,
    0x00, 0x03, 0x30, 0x00, 0x00, 0x03, 0x30, 0x00, 0x00, 0x03, 0x30, 0x00, 0x00, 0x03, 0x30, 0x00,
    0x00, 0x03, 0x30, 0x00, 0x00, 0x03, 0x30, 0x00, 0x00, 0x03, 0x30, 0x00, 0x33, 0x33, 0x30, 0x00,
    0x33, 0x33, 0x00, 0x00, 0x00, 0x00, 0x00, 0x00, 0x00, 0x00, 0x00, 0x00, 0x00, 0x00, 0x00, 0x00,
    0x00, 0x03, 0x30, 0x00, 0x00, 0x03, 0x30, 0x00, 0x00, 0x03, 0x30, 0x00, 0x00, 0x03, 0x33, 0x33,
    0x00, 0x00, 0x33, 0x33, 0x00, 0x00, 0x00, 0x00, 0x00, 0x00, 0x00, 0x00, 0x00, 0x00, 0x00, 0x00,
    0x11, 0x11, 0x11, 0x11, 0x11, 0x11, 0x11, 0x11, 0x22, 0x22, 0x22, 0x22, 0x33, 0x33, 0x33, 0x33,
    0x11, 0x11, 0x11, 0x11, 0x11, 0x11, 0x11, 0x11, 0x22, 0x22, 0x22, 0x22, 0x33, 0x33, 0x33, 0x33,
    0x00, 0x00, 0x00, 0x00, 0x00, 0x00, 0x00, 0x00, 0x00, 0x00, 0x00, 0x00, 0x00, 0x00, 0x00, 0x00,
    0x00, 0x00, 0x00, 0x00, 0x00, 0x00, 0x00, 0x00, 0x00, 0x00, 0x00, 0x00, 0x00, 0x00, 0x00, 0x00,
    0x00, 0x00, 0x00, 0x00, 0x00, 0x00, 0x00, 0x00, 0x00, 0x03, 0x33, 0x03, 0x00, 0x00, 0x30, 0x03,
    0x00, 0x00, 0x30, 0x03, 0x00, 0x00, 0x30, 0x03, 0x00, 0x00, 0x30, 0x03, 0x00, 0x00, 0x00, 0x00,
    0x00, 0x00, 0x00, 0x00, 0x00, 0x00, 0x00, 0x00, 0x00, 0x30, 0x33, 0x33, 0x00, 0x30, 0x30, 0x00,
    0x33, 0x30, 0x33, 0x30, 0x00, 0x30, 0x30, 0x00, 0x00, 0x30, 0x33, 0x33, 0x00, 0x00, 0x00, 0x00,
    0x00, 0x00, 0x00, 0x00, 0x00, 0x00, 0x00, 0x00, 0x00, 0x00, 0x30, 0x00, 0x00, 0x00, 0x30, 0x00,
    0x00, 0x00, 0x30, 0x00, 0x00, 0x00, 0x30, 0x00, 0x00, 0x00, 0x33, 0x33, 0x00, 0x00, 0x00, 0x00,
    0x00, 0x00, 0x02, 0x22, 0x00, 0x00, 0x22, 0x22, 0x03, 0x33, 0x32, 0x23, 0x03, 0x00, 0x22, 0x32,
    0x03, 0x33, 0x22, 0x32, 0x03, 0x00, 0x02, 0x32, 0x03, 0x33, 0x30, 0x33, 0x00, 0x00, 0x00, 0x02,
    0x22, 0x22, 0x22, 0x22, 0x22, 0x22, 0x22, 0x22, 0x33, 0x23, 0x33, 0x32, 0x22, 0x23, 0x22, 0x22,
    0x33, 0x23, 0x33, 0x22, 0x23, 0x23, 0x22, 0x22, 0x33, 0x23, 0x33, 0x32, 0x22, 0x22, 0x22, 0x22,
    0x22, 0x22, 0x22, 0x22, 0x22, 0x22, 0x22, 0x22, 0x33, 0x32, 0x23, 0x33, 0x32, 0x23, 0x23, 0x22,
    0x32, 0x23, 0x23, 0x22, 0x32, 0x23, 0x23, 0x22, 0x32, 0x23, 0x23, 0x33, 0x22, 0x22, 0x22, 0x22,
    0x22, 0x22, 0x22, 0x22, 0x22, 0x22, 0x22, 0x22, 0x22, 0x22, 0x22, 0x33, 0x32, 0x22, 0x23, 0x22,
    0x32, 0x22, 0x23, 0x22, 0x32, 0x22, 0x23, 0x22, 0x22, 0x22, 0x22, 0x33, 0x22, 0x22, 0x22, 0x22,
    0x22, 0x22, 0x22, 0x22, 0x22, 0x22, 0x22, 0x22, 0x22, 0x33, 0x33, 0x22, 0x32, 0x32, 0x22, 0x22,
    0x32, 0x33, 0x32, 0x23, 0x32, 0x32, 0x22, 0x22, 0x22, 0x32, 0x22, 0x22, 0x22, 0x22, 0x22, 0x22,
    0x22, 0x22, 0x22, 0x22, 0x22, 0x22, 0x22, 0x22, 0x22, 0x22, 0x22, 0x22, 0x22, 0x22, 0x22, 0x22,
    0x33, 0x33, 0x33, 0x33, 0x22, 0x22, 0x22, 0x22, 0x22, 0x22, 0x22, 0x22, 0x22, 0x22, 0x22, 0x22,
    0x22, 0x22, 0x22, 0x22, 0x22, 0x22, 0x22, 0x22, 0x22, 0x22, 0x22, 0x22, 0x22, 0x22, 0x22, 0x22,
    0x33, 0x33, 0x32, 0x22, 0x22, 0x23, 0x22, 0x22, 0x22, 0x23, 0x22, 0x22, 0x22, 0x32, 0x22, 0x22,
    0x22, 0x00, 0x00, 0x00, 0x22, 0x20, 0x00, 0x00, 0x22, 0x30, 0x00, 0x00, 0x23, 0x30, 0x00, 0x00,
    0x23, 0x00, 0x00, 0x00, 0x33, 0x00, 0x00, 0x00, 0x30, 0x00, 0x00, 0x00, 0x30, 0x00, 0x00, 0x00,
    0x00, 0x00, 0x00, 0x00, 0x00, 0x00, 0x00, 0x00, 0x00, 0x00, 0x00, 0x00, 0x00, 0x00, 0x00, 0x00,
    0x00, 0x00, 0x00, 0x01, 0x00, 0x00, 0x00, 0x11, 0x00, 0x00, 0x01, 0x11, 0x00, 0x00, 0x11, 0x11,
    0x00, 0x01, 0x11, 0x11, 0x00, 0x11, 0x11, 0x11, 0x01, 0x11, 0x11, 0x11, 0x11, 0x11, 0x11, 0x11,
    0x11, 0x11, 0x11, 0x11, 0x11, 0x11, 0x11, 0x11, 0x11, 0x11, 0x11, 0x11, 0x33, 0x33, 0x33, 0x33,
    0x11, 0x11, 0x11, 0x11, 0x11, 0x11, 0x11, 0x11, 0x11, 0x11, 0x11, 0x11, 0x11, 0x11, 0x11, 0x11,
    0x11, 0x11, 0x11, 0x11, 0x11, 0x11, 0x11, 0x11, 0x11, 0x11, 0x11, 0x11, 0x11, 0x11, 0x11, 0x11,
    0x11, 0x11, 0x11, 0x11, 0x11, 0x11, 0x11, 0x13, 0x11, 0x11, 0x11, 0x33, 0x11, 0x11, 0x13, 0x33,
    0x11, 0x11, 0x33, 0x33, 0x11, 0x13, 0x33, 0x33, 0x11, 0x33, 0x33, 0x33, 0x13, 0x33, 0x33, 0x33,
    0x01, 0x11, 0x11, 0x11, 0x30, 0x11, 0x11, 0x11, 0x33, 0x11, 0x11, 0x11, 0x33, 0x11, 0x11, 0x11,
    0x33, 0x31, 0x11, 0x11, 0x33, 0x31, 0x11, 0x11, 0x33, 0x11, 0x11, 0x11, 0x30, 0x11, 0x11, 0x11,
    0x11, 0x11, 0x11, 0x11, 0x11, 0x11, 0x11, 0x11, 0x11, 0x11, 0x11, 0x11, 0x11, 0x11, 0x11, 0x11,
    0x11, 0x11, 0x11, 0x11, 0x11, 0x11, 0x11, 0x11, 0x11, 0x11, 0x11, 0x11, 0x11, 0x33, 0x33, 0x33,
    0x11, 0x11, 0x11, 0x11, 0x11, 0x11, 0x11, 0x11, 0x11, 0x11, 0x11, 0x11, 0x11, 0x11, 0x11, 0x11,
    0x11, 0x11, 0x11, 0x11, 0x11, 0x11, 0x11, 0x11, 0x11, 0x11, 0x11, 0x11, 0x33, 0x33, 0x33, 0x11,
    0x11, 0x22, 0x21, 0x11, 0x11, 0x32, 0x21, 0x11, 0x11, 0x33, 0x21, 0x11, 0x13, 0x33, 0x31, 0x11,
    0x13, 0x33, 0x11, 0x11, 0x13, 0x33, 0x11, 0x11, 0x33, 0x33, 0x11, 0x11, 0x33, 0x33, 0x11, 0x11,
    0x11, 0x11, 0x11, 0x22, 0x11, 0x11, 0x13, 0x32, 0x11, 0x11, 0x33, 0x33, 0x11, 0x11, 0x33, 0x33,
    0x11, 0x13, 0x33, 0x33, 0x11, 0x13, 0x33, 0x33, 0x11, 0x13, 0x33, 0x32, 0x11, 0x13, 0x33, 0x32,
    0x22, 0x22, 0x11, 0x11, 0x22, 0x22, 0x33, 0x11, 0x22, 0x23, 0x33, 0x33, 0x32, 0x33, 0x33, 0x33,
    0x32, 0x22, 0x33, 0x33, 0x22, 0x22, 0x23, 0x33, 0x22, 0x22, 0x23, 0x33, 0x22, 0x22, 0x22, 0x33,
    0x11, 0x11, 0x11, 0x11, 0x11, 0x11, 0x11, 0x11, 0x11, 0x11, 0x11, 0x11, 0x31, 0x11, 0x11, 0x11,
    0x31, 0x11, 0x11, 0x11, 0x33, 0x11, 0x11, 0x11, 0x33, 0x11, 0x11, 0x11, 0x33, 0x11, 0x11, 0x11,
    0x11, 0x11, 0x11, 0x11, 0x11, 0x11, 0x11, 0x11, 0x11, 0x11, 0x11, 0x11, 0x11, 0x11, 0x11, 0x11,
    0x11, 0x11, 0x11, 0x11, 0x11, 0x11, 0x11, 0x11, 0x11, 0x11, 0x11, 0x11, 0x11, 0x33, 0x33, 0x33,
    0x11, 0x11, 0x22, 0x23, 0x11, 0x11, 0x11, 0x23, 0x11, 0x11, 0x11, 0x11, 0x11, 0x11, 0x11, 0x11,
    0x11, 0x11, 0x11, 0x11, 0x11, 0x11, 0x11, 0x11, 0x11, 0x11, 0x11, 0x11, 0x31, 0x11, 0x11, 0x11,
    0x00, 0x00, 0x31, 0x11, 0x00, 0x33, 0x31, 0x11, 0x03, 0x33, 0x31, 0x11, 0x13, 0x33, 0x31, 0x11,
    0x13, 0x33, 0x31, 0x11, 0x11, 0x33, 0x33, 0x11, 0x11, 0x13, 0x33, 0x11, 0x11, 0x13, 0x33, 0x11,
    0x11, 0x11, 0x00, 0x00, 0x11, 0x11, 0x10, 0x00, 0x11, 0x11, 0x11, 0x00, 0x11, 0x11, 0x11, 0x10,
    0x11, 0x11, 0x11, 0x11, 0x11, 0x11, 0x11, 0x11, 0x11, 0x11, 0x11, 0x11, 0x11, 0x11, 0x11, 0x11,
    0x00, 0x00, 0x00, 0x00, 0x00, 0x00, 0x00, 0x00, 0x00, 0x00, 0x00, 0x00, 0x00, 0x00, 0x00, 0x00,
    0x00, 0x00, 0x00, 0x00, 0x10, 0x00, 0x00, 0x00, 0x11, 0x00, 0x00, 0x00, 0x11, 0x10, 0x00, 0x00,
    0x00, 0x01, 0x13, 0x33, 0x00, 0x00, 0x33, 0x33, 0x00, 0x00, 0x03, 0x33, 0x00, 0x00, 0x00, 0x33,
    0x00, 0x00, 0x00, 0x03, 0x00, 0x00, 0x00, 0x00, 0x00, 0x00, 0x00, 0x00, 0x00, 0x00, 0x00, 0x00,
    0x33, 0x33, 0x33, 0x31, 0x33, 0x33, 0x33, 0x11, 0x33, 0x33, 0x31, 0x11, 0x33, 0x33, 0x11, 0x11,
    0x30, 0x01, 0x11, 0x11, 0x00, 0x11, 0x11, 0x11, 0x01, 0x11, 0x11, 0x11, 0x11, 0x11, 0x11, 0x11,
    0x11, 0x11, 0x11, 0x11, 0x11, 0x11, 0x11, 0x13, 0x11, 0x11, 0x11, 0x33, 0x11, 0x11, 0x13, 0x33,
    0x11, 0x11, 0x33, 0x33, 0x11, 0x13, 0x33, 0x33, 0x11, 0x33, 0x33, 0x33, 0x13, 0x33, 0x33, 0x33,
    0x33, 0x33, 0x33, 0x33, 0x33, 0x33, 0x33, 0x30, 0x33, 0x33, 0x33, 0x00, 0x33, 0x33, 0x30, 0x00,
    0x33, 0x33, 0x00, 0x00, 0x33, 0x30, 0x00, 0x00, 0x33, 0x00, 0x00, 0x00, 0x30, 0x00, 0x00, 0x00,
    0x00, 0x11, 0x11, 0x11, 0x00, 0x11, 0x11, 0x11, 0x01, 0x11, 0x11, 0x11, 0x01, 0x11, 0x11, 0x11,
    0x01, 0x11, 0x11, 0x11, 0x11, 0x11, 0x11, 0x11, 0x11, 0x11, 0x11, 0x11, 0x11, 0x11, 0x11, 0x11,
    0x11, 0x33, 0x33, 0x33, 0x13, 0x33, 0x33, 0x33, 0x11, 0x11, 0x11, 0x11, 0x11, 0x11, 0x11, 0x11,
    0x11, 0x11, 0x11, 0x11, 0x11, 0x11, 0x11, 0x11, 0x11, 0x11, 0x11, 0x11, 0x11, 0x11, 0x11, 0x11,
    0x33, 0x33, 0x33, 0x31, 0x33, 0x33, 0x33, 0x33, 0x11, 0x33, 0x33, 0x33, 0x11, 0x32, 0x22, 0x22,
    0x11, 0x33, 0x22, 0x22, 0x13, 0x33, 0x32, 0x22, 0x13, 0x33, 0x33, 0x22, 0x13, 0x33, 0x33, 0x22,
    0x33, 0x31, 0x11, 0x11, 0x33, 0x31, 0x11, 0x11, 0x33, 0x31, 0x11, 0x11, 0x22, 0x31, 0x11, 0x11,
    0x22, 0x11, 0x11, 0x11, 0x22, 0x11, 0x11, 0x11, 0x22, 0x11, 0x11, 0x11, 0x22, 0x11, 0x11, 0x11,
    0x11, 0x33, 0x33, 0x22, 0x11, 0x33, 0x33, 0x22, 0x11, 0x33, 0x33, 0x22, 0x11, 0x33, 0x33, 0x22,
    0x13, 0x33, 0x32, 0x22, 0x13, 0x33, 0x32, 0x22, 0x13, 0x33, 0x32, 0x22, 0x13, 0x33, 0x32, 0x22,
    0x22, 0x22, 0x22, 0x33, 0x22, 0x22, 0x22, 0x23, 0x22, 0x22, 0x22, 0x23, 0x22, 0x22, 0x22, 0x23,
    0x22, 0x22, 0x22, 0x23, 0x22, 0x22, 0x22, 0x22, 0x22, 0x22, 0x22, 0x22, 0x22, 0x22, 0x22, 0x22,
    0x33, 0x11, 0x11, 0x11, 0x33, 0x31, 0x11, 0x11, 0x33, 0x31, 0x11, 0x11, 0x33, 0x31, 0x11, 0x11,
    0x33, 0x31, 0x11, 0x11, 0x33, 0x33, 0x11, 0x11, 0x33, 0x33, 0x11, 0x11, 0x33, 0x33, 0x11, 0x11,
    0x11, 0x33, 0x33, 0x33, 0x11, 0x13, 0x33, 0x33, 0x11, 0x13, 0x33, 0x33, 0x11, 0x12, 0x32, 0x33,
    0x11, 0x12, 0x32, 0x22, 0x11, 0x11, 0x22, 0x22, 0x11, 0x11, 0x22, 0x22, 0x11, 0x11, 0x22, 0x22,
    0x33, 0x31, 0x11, 0x11, 0x33, 0x33, 0x11, 0x11, 0x33, 0x33, 0x31, 0x11, 0x33, 0x33, 0x31, 0x11,
    0x33, 0x33, 0x33, 0x11, 0x23, 0x33, 0x33, 0x11, 0x23, 0x33, 0x33, 0x11, 0x33, 0x33, 0x33, 0x11,
    0x11, 0x11, 0x33, 0x11, 0x11, 0x11, 0x33, 0x11, 0x11, 0x11, 0x13, 0x31, 0x11, 0x11, 0x13, 0x31,
    0x11, 0x11, 0x13, 0x31, 0x11, 0x11, 0x13, 0x31, 0x11, 0x11, 0x11, 0x31, 0x11, 0x11, 0x11, 0x31,
    0x11, 0x11, 0x11, 0x11, 0x11, 0x11, 0x11, 0x11, 0x11, 0x11, 0x11, 0x11, 0x11, 0x11, 0x11, 0x11,
    0x11, 0x11, 0x11, 0x11, 0x11, 0x11, 0x11, 0x31, 0x11, 0x11, 0x11, 0x33, 0x11, 0x11, 0x11, 0x33,
    0x11, 0x11, 0x00, 0x00, 0x11, 0x11, 0x10, 0x00, 0x11, 0x11, 0x11, 0x00, 0x11, 0x11, 0x11, 0x10,
    0x11, 0x11, 0x11, 0x11, 0x11, 0x11, 0x11, 0x11, 0x11, 0x11, 0x11, 0x11, 0x31, 0x11, 0x11, 0x11,
    0x00, 0x00, 0x00, 0x00, 0x00, 0x00, 0x00, 0x00, 0x00, 0x00, 0x00, 0x00, 0x00, 0x00, 0x00, 0x00,
    0x00, 0x00, 0x00, 0x00, 0x10, 0x00, 0x00, 0x00, 0x11, 0x00, 0x00, 0x00, 0x11, 0x10, 0x00, 0x00,
    0x00, 0x00, 0x00, 0x01, 0x00, 0x00, 0x00, 0x11, 0x00, 0x00, 0x01, 0x11, 0x00, 0x00, 0x11, 0x11,
    0x00, 0x01, 0x11, 0x11, 0x00, 0x11, 0x11, 0x11, 0x01, 0x11, 0x11, 0x11, 0x11, 0x11, 0x11, 0x11,
    0x11, 0x11, 0x11, 0x11, 0x11, 0x11, 0x11, 0x13, 0x11, 0x11, 0x11, 0x33, 0x11, 0x11, 0x13, 0x33,
    0x11, 0x11, 0x11, 0x11, 0x11, 0x11, 0x11, 0x11, 0x11, 0x11, 0x11, 0x11, 0x11, 0x11, 0x11, 0x11,
    0x33, 0x33, 0x33, 0x33, 0x33, 0x33, 0x33, 0x30, 0x33, 0x33, 0x33, 0x00, 0x33, 0x33, 0x30, 0x00,
    0x11, 0x11, 0x11, 0x11, 0x11, 0x11, 0x11, 0x11, 0x11, 0x11, 0x11, 0x11, 0x11, 0x11, 0x11, 0x11,
    0x00, 0x00, 0x00, 0x00, 0x00, 0x00, 0x00, 0x01, 0x00, 0x00, 0x01, 0x01, 0x00, 0x01, 0x11, 0x31,
    0x11, 0x11, 0x13, 0x31, 0x11, 0x11, 0x13, 0x11, 0x11, 0x11, 0x33, 0x11, 0x11, 0x11, 0x33, 0x11,
    0x11, 0x11, 0x11, 0x13, 0x11, 0x11, 0x11, 0x13, 0x11, 0x11, 0x11, 0x33, 0x11, 0x11, 0x11, 0x33,
    0x11, 0x11, 0x11, 0x11, 0x11, 0x11, 0x11, 0x11, 0x11, 0x11, 0x11, 0x11, 0x11, 0x11, 0x11, 0x11,
    0x33, 0x33, 0x33, 0x33, 0x33, 0x33, 0x33, 0x33, 0x33, 0x33, 0x33, 0x33, 0x33, 0x33, 0x33, 0x33,
    0x11, 0x11, 0x11, 0x11, 0x11, 0x11, 0x11, 0x11, 0x11, 0x11, 0x11, 0x11, 0x11, 0x11, 0x11, 0x11,
    0x33, 0x33, 0x33, 0x22, 0x33, 0x33, 0x32, 0x22, 0x33, 0x33, 0x32, 0x12, 0x33, 0x33, 0x31, 0x13,
    0x11, 0x11, 0x11, 0x13, 0x11, 0x11, 0x11, 0x13, 0x11, 0x11, 0x11, 0x33, 0x11, 0x11, 0x11, 0x33,
    0x21, 0x11, 0x11, 0x11, 0x21, 0x11, 0x11, 0x11, 0x21, 0x11, 0x11, 0x11, 0x21, 0x11, 0x11, 0x11,
    0x11, 0x11, 0x11, 0x11, 0x11, 0x11, 0x11, 0x11, 0x11, 0x11, 0x11, 0x11, 0x11, 0x11, 0x11, 0x11,
    0x33, 0x33, 0x22, 0x22, 0x33, 0x33, 0x22, 0x22, 0x33, 0x33, 0x22, 0x22, 0x33, 0x33, 0x22, 0x22,
    0x11, 0x11, 0x11, 0x11, 0x11, 0x11, 0x11, 0x11, 0x11, 0x11, 0x11, 0x11, 0x11, 0x11, 0x11, 0x11,
    0x22, 0x22, 0x22, 0x22, 0x22, 0x22, 0x22, 0x22, 0x22, 0x22, 0x22, 0x21, 0x22, 0x22, 0x22, 0x11,
    0x11, 0x11, 0x11, 0x11, 0x11, 0x11, 0x11, 0x11, 0x11, 0x11, 0x11, 0x11, 0x11, 0x11, 0x11, 0x11,
    0x33, 0x33, 0x11, 0x11, 0x23, 0x33, 0x31, 0x11, 0x23, 0x33, 0x31, 0x11, 0x23, 0x33, 0x31, 0x11,
    0x13, 0x33, 0x31, 0x11, 0x12, 0x33, 0x33, 0x11, 0x12, 0x33, 0x33, 0x11, 0x12, 0x33, 0x33, 0x11,
    0x11, 0x11, 0x22, 0x22, 0x11, 0x11, 0x22, 0x23, 0x11, 0x11, 0x12, 0x23, 0x11, 0x11, 0x12, 0x33,
    0x11, 0x11, 0x11, 0x11, 0x11, 0x11, 0x11, 0x11, 0x11, 0x11, 0x11, 0x11, 0x11, 0x11, 0x11, 0x11,
    0x30, 0x33, 0x33, 0x11, 0x30, 0x03, 0x33, 0x11, 0x00, 0x03, 0x31, 0x11, 0x00, 0x03, 0x11, 0x11,
    0x11, 0x11, 0x11, 0x11, 0x11, 0x11, 0x11, 0x11, 0x11, 0x11, 0x11, 0x11, 0x11, 0x11, 0x11, 0x11,
    0x11, 0x11, 0x11, 0x33, 0x11, 0x11, 0x11, 0x33, 0x11, 0x11, 0x11, 0x33, 0x11, 0x11, 0x11, 0x33,
    0x11, 0x11, 0x11, 0x33, 0x11, 0x11, 0x11, 0x33, 0x11, 0x11, 0x13, 0x33, 0x11, 0x11, 0x13, 0x33,
    0x11, 0x11, 0x11, 0x13, 0x11, 0x11, 0x11, 0x13, 0x11, 0x11, 0x11, 0x10, 0x11, 0x11, 0x11, 0x11,
    0x11, 0x11, 0x11, 0x11, 0x31, 0x11, 0x11, 0x11, 0x31, 0x11, 0x11, 0x11, 0x31, 0x11, 0x11, 0x11,
    0x33, 0x11, 0x11, 0x11, 0x33, 0x31, 0x11, 0x11, 0x33, 0x33, 0x11, 0x11, 0x11, 0x11, 0x11, 0x11,
    0x11, 0x11, 0x11, 0x11, 0x11, 0x11, 0x11, 0x11, 0x11, 0x11, 0x11, 0x11, 0x11, 0x11, 0x11, 0x11,
    0x11, 0x11, 0x00, 0x00, 0x11, 0x11, 0x10, 0x00, 0x11, 0x11, 0x11, 0x00, 0x11, 0x11, 0x11, 0x10,
    0x11, 0x11, 0x11, 0x11, 0x11, 0x11, 0x11, 0x11, 0x11, 0x11, 0x11, 0x11, 0x11, 0x11, 0x11, 0x11,
    0x00, 0x00, 0x00, 0x00, 0x00, 0x00, 0x00, 0x00, 0x00, 0x00, 0x00, 0x00, 0x00, 0x00, 0x00, 0x00,
    0x00, 0x00, 0x00, 0x00, 0x10, 0x00, 0x00, 0x00, 0x11, 0x00, 0x00, 0x00, 0x11, 0x10, 0x00, 0x00,
    0x11, 0x11, 0x11, 0x11, 0x11, 0x11, 0x11, 0x11, 0x11, 0x11, 0x11, 0x11, 0x11, 0x11, 0x11, 0x11,
    0x33, 0x33, 0x33, 0x33, 0x33, 0x33, 0x33, 0x33, 0x03, 0x33, 0x33, 0x33, 0x00, 0x03, 0x33, 0x33,
    0x11, 0x11, 0x11, 0x11, 0x11, 0x11, 0x11, 0x11, 0x11, 0x11, 0x11, 0x11, 0x11, 0x11, 0x11, 0x11,
    0x33, 0x33, 0x33, 0x33, 0x33, 0x33, 0x33, 0x33, 0x33, 0x33, 0x33, 0x33, 0x33, 0x33, 0x33, 0x33,
    0x11, 0x11, 0x11, 0x11, 0x11, 0x11, 0x11, 0x11, 0x11, 0x11, 0x11, 0x11, 0x11, 0x11, 0x11, 0x11,
    0x33, 0x33, 0x33, 0x33, 0x33, 0x33, 0x33, 0x33, 0x33, 0x33, 0x33, 0x33, 0x33, 0x33, 0x33, 0x33,
    0x11, 0x13, 0x31, 0x11, 0x11, 0x13, 0x31, 0x11, 0x11, 0x33, 0x11, 0x11, 0x11, 0x31, 0x11, 0x11,
    0x33, 0x33, 0x33, 0x33, 0x33, 0x33, 0x33, 0x33, 0x33, 0x33, 0x33, 0x33, 0x33, 0x33, 0x33, 0x03,
    0x11, 0x11, 0x11, 0x11, 0x11, 0x11, 0x11, 0x11, 0x11, 0x11, 0x11, 0x11, 0x11, 0x11, 0x11, 0x11,
    0x33, 0x33, 0x33, 0x33, 0x33, 0x33, 0x33, 0x33, 0x33, 0x33, 0x33, 0x33, 0x33, 0x33, 0x33, 0x33,
    0x11, 0x11, 0x11, 0x11, 0x11, 0x11, 0x11, 0x11, 0x11, 0x11, 0x11, 0x11, 0x11, 0x11, 0x11, 0x11,
    0x33, 0x33, 0x33, 0x33, 0x33, 0x33, 0x33, 0x33, 0x33, 0x33, 0x33, 0x33, 0x33, 0x33, 0x33, 0x33,
    0x11, 0x11, 0x11, 0x31, 0x11, 0x11, 0x13, 0x31, 0x11, 0x11, 0x13, 0x31, 0x11, 0x11, 0x13, 0x31,
    0x33, 0x33, 0x33, 0x33, 0x33, 0x33, 0x33, 0x33, 0x33, 0x33, 0x33, 0x33, 0x33, 0x33, 0x33, 0x33,
    0x11, 0x11, 0x11, 0x11, 0x11, 0x11, 0x11, 0x11, 0x11, 0x11, 0x11, 0x11, 0x11, 0x11, 0x11, 0x11,
    0x33, 0x33, 0x33, 0x33, 0x33, 0x33, 0x33, 0x33, 0x33, 0x33, 0x33, 0x33, 0x23, 0x33, 0x33, 0x33,
    0x11, 0x11, 0x11, 0x11, 0x11, 0x11, 0x11, 0x11, 0x11, 0x11, 0x11, 0x11, 0x11, 0x11, 0x11, 0x11,
    0x33, 0x33, 0x33, 0x33, 0x33, 0x33, 0x33, 0x33, 0x33, 0x33, 0x33, 0x33, 0x33, 0x33, 0x33, 0x33,
    0x11, 0x11, 0x11, 0x11, 0x11, 0x11, 0x11, 0x11, 0x11, 0x11, 0x11, 0x11, 0x11, 0x11, 0x11, 0x11,
    0x33, 0x33, 0x33, 0x33, 0x33, 0x33, 0x33, 0x33, 0x33, 0x33, 0x33, 0x33, 0x33, 0x33, 0x33, 0x33,
    0x12, 0x33, 0x33, 0x11, 0x11, 0x23, 0x31, 0x11, 0x11, 0x23, 0x31, 0x11, 0x11, 0x13, 0x11, 0x11,
    0x33, 0x33, 0x33, 0x33, 0x33, 0x33, 0x33, 0x33, 0x33, 0x33, 0x33, 0x33, 0x32, 0x33, 0x33, 0x33,
    0x11, 0x11, 0x11, 0x11, 0x11, 0x11, 0x11, 0x11, 0x11, 0x11, 0x11, 0x11, 0x11, 0x11, 0x11, 0x11,
    0x33, 0x33, 0x33, 0x33, 0x33, 0x33, 0x33, 0x33, 0x33, 0x33, 0x33, 0x33, 0x33, 0x33, 0x33, 0x33,
    0x11, 0x11, 0x11, 0x11, 0x11, 0x11, 0x11, 0x11, 0x11, 0x11, 0x11, 0x11, 0x11, 0x11, 0x11, 0x13,
    0x33, 0x33, 0x33, 0x33, 0x33, 0x33, 0x33, 0x30, 0x33, 0x33, 0x33, 0x00, 0x33, 0x33, 0x00, 0x00,
    0x11, 0x11, 0x33, 0x33, 0x11, 0x13, 0x33, 0x33, 0x11, 0x03, 0x33, 0x33, 0x30, 0x03, 0x33, 0x31,
    0x00, 0x03, 0x33, 0x33, 0x00, 0x03, 0x33, 0x33, 0x00, 0x33, 0x33, 0x33, 0x03, 0x33, 0x33, 0x33,
    0x31, 0x11, 0x11, 0x11, 0x31, 0x11, 0x11, 0x11, 0x11, 0x11, 0x11, 0x11, 0x11, 0x11, 0x11, 0x11,
    0x33, 0x33, 0x33, 0x33, 0x33, 0x33, 0x33, 0x33, 0x33, 0x30, 0x00, 0x00, 0x33, 0x30, 0x00, 0x00,
    0x11, 0x11, 0x11, 0x11, 0x11, 0x11, 0x11, 0x11, 0x13, 0x33, 0x33, 0x33, 0x13, 0x33, 0x33, 0x33,
    0x33, 0x33, 0x33, 0x33, 0x33, 0x33, 0x33, 0x33, 0x00, 0x00, 0x00, 0x33, 0x00, 0x00, 0x00, 0x03,
    0x11, 0x11, 0x11, 0x11, 0x11, 0x11, 0x11, 0x11, 0x33, 0x33, 0x11, 0x11, 0x33, 0x33, 0x31, 0x11,
    0x33, 0x33, 0x33, 0x33, 0x33, 0x33, 0x33, 0x33, 0x33, 0x33, 0x33, 0x33, 0x33, 0x33, 0x33, 0x33,
    0x11, 0x11, 0x00, 0x00, 0x11, 0x11, 0x10, 0x00, 0x11, 0x11, 0x11, 0x00, 0x11, 0x11, 0x11, 0x10,
    0x33, 0x33, 0x33, 0x30, 0x33, 0x33, 0x30, 0x00, 0x33, 0x30, 0x00, 0x00, 0x30, 0x00, 0x00, 0x00,
    0x00, 0x00, 0x00, 0x02, 0x00, 0x00, 0x00, 0x00, 0x00, 0x00, 0x00, 0x00, 0x00, 0x00, 0x00, 0x00,
    0x00, 0x00, 0x00, 0x00, 0x00, 0x00, 0x00, 0x00, 0x00, 0x00, 0x00, 0x00, 0x00, 0x00, 0x00, 0x00,
    0x22, 0x23, 0x32, 0x22, 0x22, 0x22, 0x32, 0x22, 0x22, 0x22, 0x33, 0x22, 0x02, 0x22, 0x23, 0x22,
    0x02, 0x22, 0x23, 0x32, 0x00, 0x22, 0x22, 0x32, 0x00, 0x22, 0x22, 0x33, 0x00, 0x02, 0x22, 0x23,
    0x22, 0x22, 0x22, 0x22, 0x22, 0x22, 0x22, 0x22, 0x22, 0x22, 0x22, 0x22, 0x22, 0x22, 0x22, 0x22,
    0x22, 0x22, 0x22, 0x22, 0x22, 0x22, 0x22, 0x22, 0x22, 0x22, 0x22, 0x22, 0x22, 0x22, 0x22, 0x22,
    0x22, 0x22, 0x22, 0x22, 0x22, 0x22, 0x22, 0x22, 0x22, 0x22, 0x22, 0x22, 0x22, 0x22, 0x22, 0x22,
    0x22, 0x22, 0x22, 0x22, 0x22, 0x22, 0x22, 0x23, 0x22, 0x22, 0x22, 0x23, 0x22, 0x22, 0x22, 0x32,
    0x22, 0x32, 0x22, 0x23, 0x23, 0x22, 0x22, 0x33, 0x23, 0x22, 0x22, 0x30, 0x32, 0x22, 0x23, 0x30,
    0x32, 0x22, 0x23, 0x00, 0x22, 0x22, 0x33, 0x00, 0x22, 0x22, 0x30, 0x00, 0x22, 0x23, 0x30, 0x00,
    0x00, 0x00, 0x00, 0x00, 0x00, 0x00, 0x00, 0x00, 0x00, 0x00, 0x00, 0x00, 0x01, 0x11, 0x11, 0x11,
    0x11, 0x11, 0x11, 0x11, 0x00, 0x01, 0x11, 0x11, 0x00, 0x00, 0x00, 0x00, 0x00, 0x00, 0x00, 0x00,
    0x00, 0x00, 0x00, 0x00, 0x00, 0x00, 0x00, 0x00, 0x00, 0x00, 0x00, 0x00, 0x11, 0x11, 0x11, 0x11,
    0x11, 0x11, 0x11, 0x11, 0x11, 0x11, 0x11, 0x11, 0x00, 0x00, 0x00, 0x00, 0x00, 0x00, 0x00, 0x00,
    0x00, 0x00, 0x00, 0x00, 0x00, 0x00, 0x00, 0x00, 0x00, 0x00, 0x00, 0x00, 0x11, 0x11, 0x11, 0x11,
    0x22, 0x22, 0x22, 0x22, 0x11, 0x11, 0x11, 0x11, 0x11, 0x11, 0x11, 0x11, 0x00, 0x00, 0x00, 0x00,
    0x00, 0x00, 0x00, 0x00, 0x00, 0x00, 0x00, 0x00, 0x00, 0x00, 0x00, 0x00, 0x00, 0x00, 0x00, 0x00,
    0x00, 0x00, 0x00, 0x00, 0x00, 0x00, 0x00, 0x00, 0x00, 0x00, 0x00, 0x00, 0x00, 0x00, 0x00, 0x00,
    0x00, 0x02, 0x22, 0x23, 0x00, 0x00, 0x22, 0x22, 0x00, 0x00, 0x22, 0x22, 0x00, 0x00, 0x02, 0x22,
    0x00, 0x00, 0x02, 0x22, 0x00, 0x00, 0x00, 0x22, 0x00, 0x00, 0x00, 0x22, 0x00, 0x00, 0x00, 0x02,
    0x32, 0x22, 0x22, 0x22, 0x32, 0x22, 0x22, 0x22, 0x33, 0x22, 0x22, 0x22, 0x23, 0x22, 0x22, 0x22,
    0x23, 0x32, 0x22, 0x22, 0x22, 0x32, 0x22, 0x22, 0x22, 0x33, 0x22, 0x22, 0x22, 0x23, 0x22, 0x22,
    0x22, 0x22, 0x22, 0x32, 0x22, 0x22, 0x23, 0x22, 0x22, 0x22, 0x23, 0x22, 0x22, 0x22, 0x32, 0x22,
    0x22, 0x22, 0x32, 0x22, 0x22, 0x23, 0x22, 0x22, 0x22, 0x23, 0x22, 0x22, 0x22, 0x32, 0x22, 0x23,
    0x22, 0x23, 0x00, 0x00, 0x22, 0x33, 0x00, 0x00, 0x22, 0x30, 0x00, 0x00, 0x23, 0x30, 0x00, 0x00,
    0x23, 0x00, 0x00, 0x00, 0x33, 0x00, 0x00, 0x00, 0x30, 0x00, 0x00, 0x00, 0x30, 0x00, 0x00, 0x00,
    0x22, 0x23, 0x32, 0x22, 0x22, 0x22, 0x32, 0x22, 0x22, 0x22, 0x33, 0x22, 0x02, 0x22, 0x23, 0x22,
    0x02, 0x22, 0x23, 0x32, 0x00, 0x22, 0x22, 0x33, 0x00, 0x22, 0x22, 0x22, 0x00, 0x02, 0x22, 0x22,
    0x22, 0x32, 0x22, 0x23, 0x23, 0x22, 0x22, 0x33, 0x23, 0x22, 0x22, 0x30, 0x32, 0x22, 0x23, 0x30,
    0x32, 0x22, 0x23, 0x00, 0x22, 0x22, 0x33, 0x00, 0x22, 0x22, 0x30, 0x00, 0x22, 0x23, 0x30, 0x00,
    0x00, 0x00, 0x00, 0x00, 0x00, 0x00, 0x00, 0x00, 0x00, 0x00, 0x00, 0x00, 0x00, 0x00, 0x00, 0x00,
    0x00, 0x00, 0x01, 0x11, 0x00, 0x00, 0x01, 0x01, 0x00, 0x00, 0x01, 0x11, 0x00, 0x00, 0x00, 0x00,
    0x00, 0x02, 0x22, 0x22, 0x00, 0x00, 0x22, 0x22, 0x00, 0x00, 0x22, 0x22, 0x00, 0x00, 0x02, 0x22,
    0x00, 0x00, 0x02, 0x22, 0x00, 0x00, 0x00, 0x22, 0x00, 0x00, 0x00, 0x22, 0x00, 0x00, 0x00, 0x03,
    0x22, 0x23, 0x00, 0x00, 0x22, 0x33, 0x00, 0x00, 0x22, 0x30, 0x00, 0x00, 0x23, 0x30, 0x00, 0x00,
    0x23, 0x00, 0x00, 0x00, 0x33, 0x00, 0x00, 0x00, 0x30, 0x00, 0x00, 0x00, 0x30, 0x00, 0x00, 0x00,
    0x00, 0x00, 0x00, 0x00, 0x00, 0x00, 0x02, 0x00, 0x10, 0x11, 0x02, 0x20, 0x12, 0x11, 0x22, 0x23,
    0x12, 0x11, 0x22, 0x23, 0x12, 0x11, 0x22, 0x23, 0x12, 0x11, 0x22, 0x23, 0x10, 0x11, 0x02, 0x20,
    0x00, 0x33, 0x33, 0x33, 0x03, 0x33, 0x33, 0x33, 0x03, 0x33, 0x33, 0x33, 0x33, 0x33, 0x33, 0x33,
    0x33, 0x33, 0x33, 0x22, 0x33, 0x33, 0x33, 0x22, 0x33, 0x33, 0x33, 0x22, 0x33, 0x33, 0x32, 0x22,
    0x00, 0x00, 0x00, 0x00, 0x33, 0x33, 0x30, 0x00, 0x31, 0x31, 0x11, 0x00, 0x11, 0x11, 0x11, 0x00,
    0x11, 0x11, 0x11, 0x10, 0x21, 0x11, 0x11, 0x10, 0x11, 0x11, 0x11, 0x11, 0x11, 0x11, 0x11, 0x11,
    0x33, 0x33, 0x32, 0x21, 0x33, 0x33, 0x22, 0x21, 0x03, 0x33, 0x32, 0x11, 0x03, 0x33, 0x32, 0x21,
    0x03, 0x33, 0x22, 0x22, 0x03, 0x33, 0x32, 0x22, 0x00, 0x33, 0x33, 0x22, 0x03, 0x33, 0x33, 0x22,
    0x11, 0x11, 0x11, 0x10, 0x11, 0x11, 0x11, 0x10, 0x11, 0x11, 0x11, 0x00, 0x11, 0x11, 0x11, 0x00,
    0x21, 0x11, 0x11, 0x10, 0x22, 0x11, 0x11, 0x10, 0x21, 0x11, 0x11, 0x11, 0x21, 0x11, 0x11, 0x11,
    0x21, 0x23, 0x31, 0x12, 0x12, 0x33, 0x33, 0x11, 0x12, 0x33, 0x33, 0x33, 0x13, 0x33, 0x33, 0x22,
    0x33, 0x33, 0x22, 0x22, 0x33, 0x33, 0x32, 0x22, 0x33, 0x33, 0x32, 0x22, 0x33, 0x33, 0x22, 0x22,
    0x23, 0x33, 0x32, 0x22, 0x33, 0x33, 0x32, 0x22, 0x33, 0x31, 0x12, 0x22, 0x33, 0x11, 0x11, 0x12,
    0x21, 0x11, 0x11, 0x12, 0x11, 0x11, 0x11, 0x11, 0x11, 0x11, 0x11, 0x11, 0x21, 0x11, 0x11, 0x11,
    0x23, 0x33, 0x32, 0x22, 0x22, 0x23, 0x33, 0x32, 0x22, 0x33, 0x33, 0x22, 0x23, 0x33, 0x33, 0x22,
    0x23, 0x33, 0x33, 0x22, 0x23, 0x33, 0x22, 0x22, 0x23, 0x33, 0x32, 0x22, 0x33, 0x33, 0x33, 0x22,
    0x11, 0x11, 0x11, 0x12, 0x11, 0x11, 0x11, 0x12, 0x21, 0x11, 0x11, 0x22, 0x22, 0x11, 0x11, 0x22,
    0x21, 0x11, 0x11, 0x12, 0x21, 0x11, 0x11, 0x12, 0x11, 0x11, 0x11, 0x11, 0x11, 0x11, 0x11, 0x11,
    0x23, 0x32, 0x23, 0x31, 0x23, 0x33, 0x33, 0x11, 0x33, 0x33, 0x32, 0x22, 0x33, 0x33, 0x32, 0x23,
    0x33, 0x32, 0x23, 0x32, 0x33, 0x22, 0x23, 0x22, 0x33, 0x22, 0x22, 0x32, 0x33, 0x33, 0x22, 0x32,
    0x11, 0x12, 0x11, 0x12, 0x12, 0x11, 0x11, 0x12, 0x33, 0x11, 0x11, 0x12, 0x22, 0x21, 0x11, 0x11,
    0x11, 0x22, 0x11, 0x11, 0x21, 0x12, 0x11, 0x11, 0x21, 0x11, 0x11, 0x11, 0x22, 0x11, 0x11, 0x11,
    0x33, 0x33, 0x32, 0x32, 0x33, 0x33, 0x23, 0x32, 0x23, 0x33, 0x23, 0x22, 0x23, 0x33, 0x23, 0x22,
    0x22, 0x32, 0x32, 0x22, 0x22, 0x32, 0x32, 0x22, 0x23, 0x33, 0x33, 0x22, 0x33, 0x33, 0x23, 0x22,
    0x22, 0x11, 0x11, 0x12, 0x21, 0x11, 0x11, 0x22, 0x21, 0x12, 0x11, 0x12, 0x21, 0x12, 0x21, 0x12,
    0x21, 0x11, 0x21, 0x11, 0x22, 0x11, 0x22, 0x11, 0x21, 0x12, 0x21, 0x11, 0x21, 0x12, 0x11, 0x11,
    0x00, 0x00, 0x00, 0x33, 0x33, 0x30, 0x03, 0x33, 0x33, 0x11, 0x33, 0x33, 0x33, 0x11, 0x33, 0x31,
    0x31, 0x13, 0x32, 0x21, 0x23, 0x33, 0x22, 0x22, 0x22, 0x23, 0x22, 0x22, 0x22, 0x22, 0x22, 0x22,
    0x33, 0x13, 0x12, 0x33, 0x31, 0x11, 0x33, 0x33, 0x11, 0x13, 0x33, 0x33, 0x11, 0x13, 0x32, 0x33,
    0x11, 0x11, 0x32, 0x22, 0x22, 0x11, 0x32, 0x22, 0x22, 0x11, 0x22, 0x22, 0x22, 0x22, 0x22, 0x22,
    0x01, 0x23, 0x31, 0x20, 0x01, 0x23, 0x21, 0x00, 0x02, 0x10, 0x20, 0x00, 0x22, 0x22, 0x00, 0x30,
    0x00, 0x13, 0x21, 0x33, 0x03, 0x31, 0x22, 0x30, 0x33, 0x31, 0x23, 0x20, 0x00, 0x31, 0x00, 0x00,
    0x03, 0x21, 0x00, 0x00, 0x32, 0x22, 0x00, 0x00, 0x02, 0x30, 0x10, 0x00, 0x32, 0x01, 0x32, 0x22,
    0x30, 0x33, 0x12, 0x20, 0x00, 0x33, 0x21, 0x22, 0x00, 0x32, 0x12, 0x12, 0x00, 0x00, 0x10, 0x02,
    0x00, 0x00, 0x00, 0x00, 0x21, 0x33, 0x32, 0x20, 0x13, 0x31, 0x32, 0x00, 0x33, 0x32, 0x13, 0x12,
    0x03, 0x22, 0x21, 0x01, 0x02, 0x00, 0x22, 0x20, 0x00, 0x12, 0x02, 0x20, 0x02, 0x20, 0x00, 0x00,
    0x00, 0x00, 0x00, 0x00, 0x00, 0x23, 0x30, 0x00, 0x02, 0x33, 0x12, 0x20, 0x02, 0x31, 0x22, 0x02,
    0x13, 0x12, 0x20, 0x31, 0x23, 0x22, 0x01, 0x20, 0x01, 0x20, 0x02, 0x20, 0x00, 0x00, 0x00, 0x00,
    0x00, 0x00, 0x01, 0x00, 0x33, 0x03, 0x12, 0x02, 0x01, 0x33, 0x22, 0x11, 0x22, 0x32, 0x01, 0x00,
    0x03, 0x22, 0x02, 0x30, 0x02, 0x31, 0x22, 0x23, 0x02, 0x33, 0x12, 0x22, 0x00, 0x13, 0x12, 0x00,
    0x00, 0x00, 0x00, 0x00, 0x00, 0x00, 0x00, 0x00, 0x00, 0x00, 0x00, 0x00, 0x00, 0x00, 0x00, 0x00,
    0x00, 0x00, 0x00, 0x00, 0x00, 0x10, 0x00, 0x00, 0x00, 0x11, 0x00, 0x00, 0x00, 0x11, 0x00, 0x00,
    0x00, 0x02, 0x03, 0x33, 0x00, 0x22, 0x33, 0x00, 0x33, 0x23, 0x30, 0x11, 0x13, 0x22, 0x12, 0x11,
    0x11, 0x23, 0x33, 0x33, 0x31, 0x22, 0x12, 0x13, 0x33, 0x22, 0x12, 0x11, 0x33, 0x22, 0x10, 0x11,
    0x30, 0x00, 0x00, 0x00, 0x33, 0x00, 0x00, 0x00, 0x03, 0x30, 0x11, 0x01, 0x21, 0x32, 0x11, 0x21,
    0x21, 0x33, 0x11, 0x21, 0x31, 0x13, 0x11, 0x21, 0x33, 0x13, 0x11, 0x21, 0x03, 0x13, 0x31, 0x01,
    0x00, 0x22, 0x20, 0x00, 0x00, 0x22, 0x20, 0x33, 0x00, 0x02, 0x33, 0x30, 0x00, 0x02, 0x22, 0x00,
    0x00, 0x00, 0x22, 0x20, 0x00, 0x00, 0x22, 0x22, 0x00, 0x00, 0x02, 0x22, 0x00, 0x00, 0x00, 0x02,
    0x03, 0x30, 0x30, 0x00, 0x30, 0x33, 0x30, 0x00, 0x33, 0x32, 0x30, 0x00, 0x03, 0x21, 0x20, 0x00,
    0x00, 0x32, 0x30, 0x00, 0x00, 0x03, 0x33, 0x00, 0x22, 0x23, 0x33, 0x22, 0x22, 0x22, 0x32, 0x22,
    0x00, 0x00, 0x02, 0x20, 0x00, 0x00, 0x02, 0x20, 0x00, 0x00, 0x22, 0x20, 0x00, 0x00, 0x22, 0x00,
    0x00, 0x02, 0x22, 0x00, 0x02, 0x22, 0x20, 0x00, 0x22, 0x22, 0x00, 0x00, 0x22, 0x00, 0x00, 0x00,
    0x22, 0x11, 0x11, 0x12, 0x22, 0x21, 0x11, 0x12, 0x22, 0x21, 0x11, 0x22, 0x22, 0x11, 0x11, 0x22,
    0x21, 0x11, 0x11, 0x12, 0x21, 0x11, 0x11, 0x12, 0x21, 0x11, 0x11, 0x11, 0x11, 0x11, 0x11, 0x11,
    0x22, 0x11, 0x11, 0x11, 0x22, 0x11, 0x11, 0x00, 0x21, 0x11, 0x10, 0x00, 0x21, 0x10, 0x00, 0x00,
    0x21, 0x10, 0x00, 0x00, 0x22, 0x11, 0x11, 0x00, 0x22, 0x11, 0x11, 0x11, 0x22, 0x21, 0x11, 0x11,
    0x00, 0x00, 0x00, 0x00, 0x33, 0x33, 0x00, 0x00, 0x32, 0x32, 0x10, 0x00, 0x22, 0x22, 0x11, 0x00,
    0x22, 0x21, 0x11, 0x10, 0x21, 0x11, 0x11, 0x10, 0x11, 0x11, 0x11, 0x10, 0x11, 0x11, 0x11, 0x00,
    0x00, 0x11, 0x11, 0x00, 0x01, 0x00, 0x00, 0x10, 0x10, 0x01, 0x10, 0x01, 0x10, 0x10, 0x00, 0x01,
    0x10, 0x10, 0x00, 0x01, 0x10, 0x01, 0x10, 0x01, 0x01, 0x00, 0x00, 0x10, 0x00, 0x11, 0x11, 0x00,
    0x33, 0x33, 0x33, 0x33, 0x33, 0x33, 0x33, 0x33, 0x33, 0x33, 0x33, 0x33, 0x33, 0x33, 0x33, 0x33,
    0x33, 0x33, 0x33, 0x33, 0x33, 0x33, 0x33, 0x33, 0x33, 0x33, 0x33, 0x33, 0x33, 0x33, 0x33, 0x33,
    0x01, 0x10, 0x11, 0x00, 0x11, 0x11, 0x11, 0x10, 0x11, 0x11, 0x11, 0x10, 0x11, 0x11, 0x11, 0x10,
    0x11, 0x11, 0x11, 0x10, 0x01, 0x11, 0x11, 0x00, 0x00, 0x11, 0x10, 0x00, 0x00, 0x01, 0x00, 0x00,
    0x00, 0x00, 0x00, 0x00, 0x00, 0x00, 0x00, 0x00, 0x00, 0x00, 0x00, 0x00, 0x00, 0x00, 0x00, 0x00,
    0x00, 0x00, 0x00, 0x00, 0x00, 0x00, 0x00, 0x00, 0x00, 0x00, 0x00, 0x00, 0x00, 0x00, 0x00, 0x00,
    0x11, 0x11, 0x11, 0x11, 0x11, 0x11, 0x11, 0x11, 0x11, 0x11, 0x11, 0x11, 0x11, 0x11, 0x11, 0x11,
    0x11, 0x11, 0x11, 0x11, 0x11, 0x11, 0x11, 0x11, 0x11, 0x11, 0x11, 0x11, 0x11, 0x11, 0x11, 0x11,
    0x22, 0x22, 0x22, 0x22, 0x22, 0x22, 0x22, 0x22, 0x22, 0x22, 0x22, 0x22, 0x22, 0x22, 0x22, 0x22,
    0x22, 0x22, 0x22, 0x22, 0x22, 0x22, 0x22, 0x22, 0x22, 0x22, 0x22, 0x22, 0x22, 0x22, 0x22, 0x22,
    0x21, 0x32, 0x22, 0x22, 0x21, 0x22, 0x22, 0x22, 0x21, 0x22, 0x22, 0x22, 0x11, 0x11, 0x11, 0x11,
    0x22, 0x22, 0x21, 0x32, 0x22, 0x22, 0x21, 0x22, 0x22, 0x22, 0x21, 0x22, 0x11, 0x11, 0x11, 0x11,
    0x00, 0x02, 0x33, 0x32, 0x00, 0x32, 0x22, 0x02, 0x03, 0x22, 0x22, 0x02, 0x22, 0x22, 0x22, 0x02,
    0x32, 0x22, 0x20, 0x00, 0x32, 0x22, 0x02, 0x20, 0x30, 0x00, 0x22, 0x00, 0x22, 0x20, 0x20, 0x00,
    0x00, 0x00, 0x00, 0x00, 0x00, 0x00, 0x00, 0x00, 0x00, 0x00, 0x00, 0x00, 0x00, 0x00, 0x00, 0x00,
    0x00, 0x00, 0x00, 0x00, 0x00, 0x00, 0x00, 0x00, 0x00, 0x00, 0x01, 0x01, 0x00, 0x00, 0x00, 0x00,
    0x00, 0x00, 0x22, 0x20, 0x00, 0x02, 0x00, 0x22, 0x00, 0x02, 0x00, 0x02, 0x00, 0x00, 0x20, 0x02,
    0x00, 0x02, 0x02, 0x20, 0x00, 0x20, 0x00, 0x00, 0x02, 0x02, 0x00, 0x00, 0x20, 0x20, 0x00, 0x00,
    0x11, 0x11, 0x11, 0x01, 0x22, 0x22, 0x22, 0x01, 0x22, 0x22, 0x22, 0x01, 0x00, 0x00, 0x00, 0x00,
    0x11, 0x01, 0x11, 0x11, 0x22, 0x01, 0x22, 0x22, 0x22, 0x01, 0x22, 0x22, 0x00, 0x00, 0x00, 0x00,
    0x00, 0x00, 0x00, 0x00, 0x00, 0x00, 0x00, 0x00, 0x00, 0x00, 0x00, 0x00, 0x00, 0x00, 0x00, 0x00,
    0x33, 0x33, 0x33, 0x30, 0x33, 0x33, 0x33, 0x30, 0x33, 0x33, 0x33, 0x30, 0x00, 0x00, 0x00, 0x00,
    0x00, 0x11, 0x11, 0x00, 0x01, 0x00, 0x00, 0x10, 0x10, 0x01, 0x10, 0x01, 0x10, 0x10, 0x00, 0x01,
    0x10, 0x10, 0x00, 0x01, 0x10, 0x01, 0x10, 0x01, 0x01, 0x00, 0x00, 0x10, 0x00, 0x11, 0x11, 0x00,
    0x00, 0x00, 0x02, 0x00, 0x00, 0x02, 0x02, 0x20, 0x20, 0x02, 0x22, 0x20, 0x20, 0x02, 0x22, 0x22,
    0x20, 0x22, 0x22, 0x22, 0x20, 0x22, 0x22, 0x22, 0x22, 0x22, 0x22, 0x22, 0x22, 0x22, 0x22, 0x22,
    0x22, 0x22, 0x22, 0x22, 0x22, 0x22, 0x22, 0x22, 0x20, 0x22, 0x22, 0x22, 0x20, 0x22, 0x22, 0x22,
    0x20, 0x22, 0x22, 0x22, 0x20, 0x02, 0x22, 0x02, 0x00, 0x02, 0x20, 0x02, 0x00, 0x00, 0x20, 0x00,
    0x33, 0x33, 0x33, 0x30, 0x33, 0x33, 0x33, 0x30, 0x33, 0x33, 0x33, 0x30, 0x00, 0x00, 0x00, 0x00,
    0x33, 0x33, 0x33, 0x30, 0x33, 0x33, 0x33, 0x30, 0x33, 0x33, 0x33, 0x30, 0x00, 0x00, 0x00, 0x00,
};
