# label=gen system=GEN start=850 end=3000
# frame,gameMode,phase,subphase,curVScroll,curHScroll,ppuCtrl,switchReq,vsram0,ppuScrlX,ppuScrlY,demoLineTextIndex,demoNTWraps,lineCounter,lineAttrIndex,lineDstLo,lineDstHi,attrDstLo,attrDstHi,phase0Cycle,phase0Timer,transferBufSel,demoBusy,vsAddrHi58,vsAddrLoE2,sprite0Act,vsram40,hintQCount,hintQ0Ctr,hintQ0Vsram,hintPendSplit,introScrollMode,stagedMode,stagedHintCtr,stagedBase,stagedEvent,activeHintCtr,stagedSegment,activeSegment,activeBase,activeEvent
850,00,00,01,00,01,B0,00,0008,00,00,00,00,00,00,00,00,00,00,0D,AF,00,01,00,00,00,0000,00,00,0000,00,00,00,00,0008,0008,00,00,00,0008,0008
851,00,00,01,00,01,B0,00,0008,00,00,00,00,00,00,00,00,00,00,0D,AE,00,01,00,00,00,0000,00,00,0000,00,00,00,00,0008,0008,00,00,00,0008,0008
852,00,00,01,00,01,B0,00,0008,00,00,00,00,00,00,00,00,00,00,0D,AD,00,01,00,00,00,0000,00,00,0000,00,00,00,00,0008,0008,00,00,00,0008,0008
853,00,00,01,00,01,B0,00,0008,00,00,00,00,00,00,00,00,00,00,0D,AC,00,01,00,00,00,0000,00,00,0000,00,00,00,00,0008,0008,00,00,00,0008,0008
854,00,00,01,00,01,B0,00,0008,00,00,00,00,00,00,00,00,00,00,0D,AB,00,01,00,00,00,0000,00,00,0000,00,00,00,00,0008,0008,00,00,00,0008,0008
855,00,00,01,00,01,B0,00,0008,00,00,00,00,00,00,00,00,00,00,0D,AA,00,01,00,00,00,0000,00,00,0000,00,00,00,00,0008,0008,00,00,00,0008,0008
856,00,00,01,00,01,B0,00,0008,00,00,00,00,00,00,00,00,00,00,0D,A9,00,01,00,00,00,0000,00,00,0000,00,00,00,00,0008,0008,00,00,00,0008,0008
857,00,00,01,00,01,B0,00,0008,00,00,00,00,00,00,00,00,00,00,0D,A8,00,01,00,00,00,0000,00,00,0000,00,00,00,00,0008,0008,00,00,00,0008,0008
858,00,00,01,00,01,B0,00,0008,00,00,00,00,00,00,00,00,00,00,0D,A7,00,01,00,00,00,0000,00,00,0000,00,00,00,00,0008,0008,00,00,00,0008,0008
859,00,00,01,00,01,B0,00,0008,00,00,00,00,00,00,00,00,00,00,0D,A6,00,01,00,00,00,0000,00,00,0000,00,00,00,00,0008,0008,00,00,00,0008,0008
860,00,00,01,00,01,B0,00,0008,00,00,00,00,00,00,00,00,00,00,0D,A5,00,01,00,00,00,0000,00,00,0000,00,00,00,00,0008,0008,00,00,00,0008,0008
861,00,00,01,00,01,B0,00,0008,00,00,00,00,00,00,00,00,00,00,0D,A4,00,01,00,00,00,0000,00,00,0000,00,00,00,00,0008,0008,00,00,00,0008,0008
862,00,00,01,00,01,B0,00,0008,00,00,00,00,00,00,00,00,00,00,0D,A3,00,01,00,00,00,0000,00,00,0000,00,00,00,00,0008,0008,00,00,00,0008,0008
863,00,00,01,00,01,B0,00,0008,00,00,00,00,00,00,00,00,00,00,0D,A2,00,01,00,00,00,0000,00,00,0000,00,00,00,00,0008,0008,00,00,00,0008,0008
864,00,00,01,00,01,B0,00,0008,00,00,00,00,00,00,00,00,00,00,0D,A1,00,01,00,00,00,0000,00,00,0000,00,00,00,00,0008,0008,00,00,00,0008,0008
865,00,00,01,00,01,B0,00,0008,00,00,00,00,00,00,00,00,00,00,0D,A0,00,01,00,00,00,0000,00,00,0000,00,00,00,00,0008,0008,00,00,00,0008,0008
866,00,00,01,00,01,B0,00,0008,00,00,00,00,00,00,00,00,00,00,0D,9F,00,01,00,00,00,0000,00,00,0000,00,00,00,00,0008,0008,00,00,00,0008,0008
867,00,00,01,00,01,B0,00,0008,00,00,00,00,00,00,00,00,00,00,0D,9E,00,01,00,00,00,0000,00,00,0000,00,00,00,00,0008,0008,00,00,00,0008,0008
868,00,00,01,00,01,B0,00,0008,00,00,00,00,00,00,00,00,00,00,0D,9D,00,01,00,00,00,0000,00,00,0000,00,00,00,00,0008,0008,00,00,00,0008,0008
869,00,00,01,00,01,B0,00,0008,00,00,00,00,00,00,00,00,00,00,0D,9C,00,01,00,00,00,0000,00,00,0000,00,00,00,00,0008,0008,00,00,00,0008,0008
870,00,00,01,00,01,B0,00,0008,00,00,00,00,00,00,00,00,00,00,0D,9B,00,01,00,00,00,0000,00,00,0000,00,00,00,00,0008,0008,00,00,00,0008,0008
871,00,00,01,00,01,B0,00,0008,00,00,00,00,00,00,00,00,00,00,0D,9A,00,01,00,00,00,0000,00,00,0000,00,00,00,00,0008,0008,00,00,00,0008,0008
872,00,00,01,00,01,B0,00,0008,00,00,00,00,00,00,00,00,00,00,0D,99,00,01,00,00,00,0000,00,00,0000,00,00,00,00,0008,0008,00,00,00,0008,0008
873,00,00,01,00,01,B0,00,0008,00,00,00,00,00,00,00,00,00,00,0D,98,00,01,00,00,00,0000,00,00,0000,00,00,00,00,0008,0008,00,00,00,0008,0008
874,00,00,01,00,01,B0,00,0008,00,00,00,00,00,00,00,00,00,00,0D,97,00,01,00,00,00,0000,00,00,0000,00,00,00,00,0008,0008,00,00,00,0008,0008
875,00,00,01,00,01,B0,00,0008,00,00,00,00,00,00,00,00,00,00,0D,96,00,01,00,00,00,0000,00,00,0000,00,00,00,00,0008,0008,00,00,00,0008,0008
876,00,00,01,00,01,B0,00,0008,00,00,00,00,00,00,00,00,00,00,0D,95,00,01,00,00,00,0000,00,00,0000,00,00,00,00,0008,0008,00,00,00,0008,0008
877,00,00,01,00,01,B0,00,0008,00,00,00,00,00,00,00,00,00,00,0D,94,00,01,00,00,00,0000,00,00,0000,00,00,00,00,0008,0008,00,00,00,0008,0008
878,00,00,01,00,01,B0,00,0008,00,00,00,00,00,00,00,00,00,00,0D,93,00,01,00,00,00,0000,00,00,0000,00,00,00,00,0008,0008,00,00,00,0008,0008
879,00,00,01,00,01,B0,00,0008,00,00,00,00,00,00,00,00,00,00,0D,92,00,01,00,00,00,0000,00,00,0000,00,00,00,00,0008,0008,00,00,00,0008,0008
880,00,00,01,00,01,B0,00,0008,00,00,00,00,00,00,00,00,00,00,0D,91,00,01,00,00,00,0000,00,00,0000,00,00,00,00,0008,0008,00,00,00,0008,0008
881,00,00,01,00,01,B0,00,0008,00,00,00,00,00,00,00,00,00,00,0D,90,00,01,00,00,00,0000,00,00,0000,00,00,00,00,0008,0008,00,00,00,0008,0008
882,00,00,01,00,01,B0,00,0008,00,00,00,00,00,00,00,00,00,00,0D,8F,00,01,00,00,00,0000,00,00,0000,00,00,00,00,0008,0008,00,00,00,0008,0008
883,00,00,01,00,01,B0,00,0008,00,00,00,00,00,00,00,00,00,00,0D,8E,00,01,00,00,00,0000,00,00,0000,00,00,00,00,0008,0008,00,00,00,0008,0008
884,00,00,01,00,01,B0,00,0008,00,00,00,00,00,00,00,00,00,00,0D,8D,00,01,00,00,00,0000,00,00,0000,00,00,00,00,0008,0008,00,00,00,0008,0008
885,00,00,01,00,01,B0,00,0008,00,00,00,00,00,00,00,00,00,00,0D,8C,00,01,00,00,00,0000,00,00,0000,00,00,00,00,0008,0008,00,00,00,0008,0008
886,00,00,01,00,01,B0,00,0008,00,00,00,00,00,00,00,00,00,00,0D,8B,00,01,00,00,00,0000,00,00,0000,00,00,00,00,0008,0008,00,00,00,0008,0008
887,00,00,01,00,01,B0,00,0008,00,00,00,00,00,00,00,00,00,00,0D,8A,00,01,00,00,00,0000,00,00,0000,00,00,00,00,0008,0008,00,00,00,0008,0008
888,00,00,01,00,01,B0,00,0008,00,00,00,00,00,00,00,00,00,00,0D,89,00,01,00,00,00,0000,00,00,0000,00,00,00,00,0008,0008,00,00,00,0008,0008
889,00,00,01,00,01,B0,00,0008,00,00,00,00,00,00,00,00,00,00,0D,88,00,01,00,00,00,0000,00,00,0000,00,00,00,00,0008,0008,00,00,00,0008,0008
890,00,00,01,00,01,B0,00,0008,00,00,00,00,00,00,00,00,00,00,0D,87,00,01,00,00,00,0000,00,00,0000,00,00,00,00,0008,0008,00,00,00,0008,0008
891,00,00,01,00,01,B0,00,0008,00,00,00,00,00,00,00,00,00,00,0D,86,00,01,00,00,00,0000,00,00,0000,00,00,00,00,0008,0008,00,00,00,0008,0008
892,00,00,01,00,01,B0,00,0008,00,00,00,00,00,00,00,00,00,00,0D,85,00,01,00,00,00,0000,00,00,0000,00,00,00,00,0008,0008,00,00,00,0008,0008
893,00,00,01,00,01,B0,00,0008,00,00,00,00,00,00,00,00,00,00,0D,84,00,01,00,00,00,0000,00,00,0000,00,00,00,00,0008,0008,00,00,00,0008,0008
894,00,00,01,00,01,B0,00,0008,00,00,00,00,00,00,00,00,00,00,0D,83,00,01,00,00,00,0000,00,00,0000,00,00,00,00,0008,0008,00,00,00,0008,0008
895,00,00,01,00,01,B0,00,0008,00,00,00,00,00,00,00,00,00,00,0D,82,00,01,00,00,00,0000,00,00,0000,00,00,00,00,0008,0008,00,00,00,0008,0008
896,00,00,01,00,01,B0,00,0008,00,00,00,00,00,00,00,00,00,00,0D,81,00,01,00,00,00,0000,00,00,0000,00,00,00,00,0008,0008,00,00,00,0008,0008
897,00,00,01,00,01,B0,00,0008,00,00,00,00,00,00,00,00,00,00,0D,80,00,01,00,00,00,0000,00,00,0000,00,00,00,00,0008,0008,00,00,00,0008,0008
898,00,00,01,00,01,B0,00,0008,00,00,00,00,00,00,00,00,00,00,0D,7F,00,01,00,00,00,0000,00,00,0000,00,00,00,00,0008,0008,00,00,00,0008,0008
899,00,00,01,00,01,B0,00,0008,00,00,00,00,00,00,00,00,00,00,0D,7E,00,01,00,00,00,0000,00,00,0000,00,00,00,00,0008,0008,00,00,00,0008,0008
900,00,00,01,00,01,B0,00,0008,00,00,00,00,00,00,00,00,00,00,0D,7D,00,01,00,00,00,0000,00,00,0000,00,00,00,00,0008,0008,00,00,00,0008,0008
901,00,00,01,00,01,B0,00,0008,00,00,00,00,00,00,00,00,00,00,0D,7C,00,01,00,00,00,0000,00,00,0000,00,00,00,00,0008,0008,00,00,00,0008,0008
902,00,00,01,00,01,B0,00,0008,00,00,00,00,00,00,00,00,00,00,0D,7B,00,01,00,00,00,0000,00,00,0000,00,00,00,00,0008,0008,00,00,00,0008,0008
903,00,00,01,00,01,B0,00,0008,00,00,00,00,00,00,00,00,00,00,0D,7A,00,01,00,00,00,0000,00,00,0000,00,00,00,00,0008,0008,00,00,00,0008,0008
904,00,00,01,00,01,B0,00,0008,00,00,00,00,00,00,00,00,00,00,0D,79,00,01,00,00,00,0000,00,00,0000,00,00,00,00,0008,0008,00,00,00,0008,0008
905,00,00,01,00,01,B0,00,0008,00,00,00,00,00,00,00,00,00,00,0D,78,00,01,00,00,00,0000,00,00,0000,00,00,00,00,0008,0008,00,00,00,0008,0008
906,00,00,01,00,01,B0,00,0008,00,00,00,00,00,00,00,00,00,00,0D,77,00,01,00,00,00,0000,00,00,0000,00,00,00,00,0008,0008,00,00,00,0008,0008
907,00,00,01,00,01,B0,00,0008,00,00,00,00,00,00,00,00,00,00,0D,76,00,01,00,00,00,0000,00,00,0000,00,00,00,00,0008,0008,00,00,00,0008,0008
908,00,00,01,00,01,B0,00,0008,00,00,00,00,00,00,00,00,00,00,0D,75,00,01,00,00,00,0000,00,00,0000,00,00,00,00,0008,0008,00,00,00,0008,0008
909,00,00,01,00,01,B0,00,0008,00,00,00,00,00,00,00,00,00,00,0D,74,00,01,00,00,00,0000,00,00,0000,00,00,00,00,0008,0008,00,00,00,0008,0008
910,00,00,01,00,01,B0,00,0008,00,00,00,00,00,00,00,00,00,00,0D,73,00,01,00,00,00,0000,00,00,0000,00,00,00,00,0008,0008,00,00,00,0008,0008
911,00,00,01,00,01,B0,00,0008,00,00,00,00,00,00,00,00,00,00,0D,72,00,01,00,00,00,0000,00,00,0000,00,00,00,00,0008,0008,00,00,00,0008,0008
912,00,00,01,00,01,B0,00,0008,00,00,00,00,00,00,00,00,00,00,0D,71,00,01,00,00,00,0000,00,00,0000,00,00,00,00,0008,0008,00,00,00,0008,0008
913,00,00,01,00,01,B0,00,0008,00,00,00,00,00,00,00,00,00,00,0D,70,00,01,00,00,00,0000,00,00,0000,00,00,00,00,0008,0008,00,00,00,0008,0008
914,00,00,01,00,01,B0,00,0008,00,00,00,00,00,00,00,00,00,00,0D,6F,00,01,00,00,00,0000,00,00,0000,00,00,00,00,0008,0008,00,00,00,0008,0008
915,00,00,01,00,01,B0,00,0008,00,00,00,00,00,00,00,00,00,00,0D,6E,00,01,00,00,00,0000,00,00,0000,00,00,00,00,0008,0008,00,00,00,0008,0008
916,00,00,01,00,01,B0,00,0008,00,00,00,00,00,00,00,00,00,00,0D,6D,00,01,00,00,00,0000,00,00,0000,00,00,00,00,0008,0008,00,00,00,0008,0008
917,00,00,01,00,01,B0,00,0008,00,00,00,00,00,00,00,00,00,00,0D,6C,00,01,00,00,00,0000,00,00,0000,00,00,00,00,0008,0008,00,00,00,0008,0008
918,00,00,01,00,01,B0,00,0008,00,00,00,00,00,00,00,00,00,00,0D,6B,00,01,00,00,00,0000,00,00,0000,00,00,00,00,0008,0008,00,00,00,0008,0008
919,00,00,01,00,01,B0,00,0008,00,00,00,00,00,00,00,00,00,00,0D,6A,00,01,00,00,00,0000,00,00,0000,00,00,00,00,0008,0008,00,00,00,0008,0008
920,00,00,01,00,01,B0,00,0008,00,00,00,00,00,00,00,00,00,00,0D,69,00,01,00,00,00,0000,00,00,0000,00,00,00,00,0008,0008,00,00,00,0008,0008
921,00,00,01,00,01,B0,00,0008,00,00,00,00,00,00,00,00,00,00,0D,68,00,01,00,00,00,0000,00,00,0000,00,00,00,00,0008,0008,00,00,00,0008,0008
922,00,00,01,00,01,B0,00,0008,00,00,00,00,00,00,00,00,00,00,0D,67,00,01,00,00,00,0000,00,00,0000,00,00,00,00,0008,0008,00,00,00,0008,0008
923,00,00,01,00,01,B0,00,0008,00,00,00,00,00,00,00,00,00,00,0D,66,00,01,00,00,00,0000,00,00,0000,00,00,00,00,0008,0008,00,00,00,0008,0008
924,00,00,01,00,01,B0,00,0008,00,00,00,00,00,00,00,00,00,00,0D,65,00,01,00,00,00,0000,00,00,0000,00,00,00,00,0008,0008,00,00,00,0008,0008
925,00,00,01,00,01,B0,00,0008,00,00,00,00,00,00,00,00,00,00,0D,64,00,01,00,00,00,0000,00,00,0000,00,00,00,00,0008,0008,00,00,00,0008,0008
926,00,00,01,00,01,B0,00,0008,00,00,00,00,00,00,00,00,00,00,0D,63,00,01,00,00,00,0000,00,00,0000,00,00,00,00,0008,0008,00,00,00,0008,0008
927,00,00,01,00,01,B0,00,0008,00,00,00,00,00,00,00,00,00,00,0D,62,00,01,00,00,00,0000,00,00,0000,00,00,00,00,0008,0008,00,00,00,0008,0008
928,00,00,01,00,01,B0,00,0008,00,00,00,00,00,00,00,00,00,00,0D,61,00,01,00,00,00,0000,00,00,0000,00,00,00,00,0008,0008,00,00,00,0008,0008
929,00,00,01,00,01,B0,00,0008,00,00,00,00,00,00,00,00,00,00,0D,60,00,01,00,00,00,0000,00,00,0000,00,00,00,00,0008,0008,00,00,00,0008,0008
930,00,00,01,00,01,B0,00,0008,00,00,00,00,00,00,00,00,00,00,0D,5F,00,01,00,00,00,0000,00,00,0000,00,00,00,00,0008,0008,00,00,00,0008,0008
931,00,00,01,00,01,B0,00,0008,00,00,00,00,00,00,00,00,00,00,0D,5E,00,01,00,00,00,0000,00,00,0000,00,00,00,00,0008,0008,00,00,00,0008,0008
932,00,00,01,00,01,B0,00,0008,00,00,00,00,00,00,00,00,00,00,0D,5D,00,01,00,00,00,0000,00,00,0000,00,00,00,00,0008,0008,00,00,00,0008,0008
933,00,00,01,00,01,B0,00,0008,00,00,00,00,00,00,00,00,00,00,0D,5C,00,01,00,00,00,0000,00,00,0000,00,00,00,00,0008,0008,00,00,00,0008,0008
934,00,00,01,00,01,B0,00,0008,00,00,00,00,00,00,00,00,00,00,0D,5B,00,01,00,00,00,0000,00,00,0000,00,00,00,00,0008,0008,00,00,00,0008,0008
935,00,00,01,00,01,B0,00,0008,00,00,00,00,00,00,00,00,00,00,0D,5A,00,01,00,00,00,0000,00,00,0000,00,00,00,00,0008,0008,00,00,00,0008,0008
936,00,00,01,00,01,B0,00,0008,00,00,00,00,00,00,00,00,00,00,0D,59,00,01,00,00,00,0000,00,00,0000,00,00,00,00,0008,0008,00,00,00,0008,0008
937,00,00,01,00,01,B0,00,0008,00,00,00,00,00,00,00,00,00,00,0D,58,00,01,00,00,00,0000,00,00,0000,00,00,00,00,0008,0008,00,00,00,0008,0008
938,00,00,01,00,01,B0,00,0008,00,00,00,00,00,00,00,00,00,00,0D,57,00,01,00,00,00,0000,00,00,0000,00,00,00,00,0008,0008,00,00,00,0008,0008
939,00,00,01,00,01,B0,00,0008,00,00,00,00,00,00,00,00,00,00,0D,56,00,01,00,00,00,0000,00,00,0000,00,00,00,00,0008,0008,00,00,00,0008,0008
940,00,00,01,00,01,B0,00,0008,00,00,00,00,00,00,00,00,00,00,0D,55,00,01,00,00,00,0000,00,00,0000,00,00,00,00,0008,0008,00,00,00,0008,0008
941,00,00,01,00,01,B0,00,0008,00,00,00,00,00,00,00,00,00,00,0D,54,00,01,00,00,00,0000,00,00,0000,00,00,00,00,0008,0008,00,00,00,0008,0008
942,00,00,01,00,01,B0,00,0008,00,00,00,00,00,00,00,00,00,00,0D,53,00,01,00,00,00,0000,00,00,0000,00,00,00,00,0008,0008,00,00,00,0008,0008
943,00,00,01,00,01,B0,00,0008,00,00,00,00,00,00,00,00,00,00,0D,52,00,01,00,00,00,0000,00,00,0000,00,00,00,00,0008,0008,00,00,00,0008,0008
944,00,00,01,00,01,B0,00,0008,00,00,00,00,00,00,00,00,00,00,0D,51,00,01,00,00,00,0000,00,00,0000,00,00,00,00,0008,0008,00,00,00,0008,0008
945,00,00,01,00,01,B0,00,0008,00,00,00,00,00,00,00,00,00,00,0D,50,00,01,00,00,00,0000,00,00,0000,00,00,00,00,0008,0008,00,00,00,0008,0008
946,00,00,01,00,01,B0,00,0008,00,00,00,00,00,00,00,00,00,00,0D,4F,00,01,00,00,00,0000,00,00,0000,00,00,00,00,0008,0008,00,00,00,0008,0008
947,00,00,01,00,01,B0,00,0008,00,00,00,00,00,00,00,00,00,00,0D,4E,00,01,00,00,00,0000,00,00,0000,00,00,00,00,0008,0008,00,00,00,0008,0008
948,00,00,01,00,01,B0,00,0008,00,00,00,00,00,00,00,00,00,00,0D,4D,00,01,00,00,00,0000,00,00,0000,00,00,00,00,0008,0008,00,00,00,0008,0008
949,00,00,01,00,01,B0,00,0008,00,00,00,00,00,00,00,00,00,00,0D,4C,00,01,00,00,00,0000,00,00,0000,00,00,00,00,0008,0008,00,00,00,0008,0008
950,00,00,01,00,01,B0,00,0008,00,00,00,00,00,00,00,00,00,00,0D,4B,00,01,00,00,00,0000,00,00,0000,00,00,00,00,0008,0008,00,00,00,0008,0008
951,00,00,01,00,01,B0,00,0008,00,00,00,00,00,00,00,00,00,00,0D,4A,00,01,00,00,00,0000,00,00,0000,00,00,00,00,0008,0008,00,00,00,0008,0008
952,00,00,01,00,01,B0,00,0008,00,00,00,00,00,00,00,00,00,00,0D,49,00,01,00,00,00,0000,00,00,0000,00,00,00,00,0008,0008,00,00,00,0008,0008
953,00,00,01,00,01,B0,00,0008,00,00,00,00,00,00,00,00,00,00,0D,48,00,01,00,00,00,0000,00,00,0000,00,00,00,00,0008,0008,00,00,00,0008,0008
954,00,00,01,00,01,B0,00,0008,00,00,00,00,00,00,00,00,00,00,0D,47,00,01,00,00,00,0000,00,00,0000,00,00,00,00,0008,0008,00,00,00,0008,0008
955,00,00,01,00,01,B0,00,0008,00,00,00,00,00,00,00,00,00,00,0D,46,00,01,00,00,00,0000,00,00,0000,00,00,00,00,0008,0008,00,00,00,0008,0008
956,00,00,01,00,01,B0,00,0008,00,00,00,00,00,00,00,00,00,00,0D,45,00,01,00,00,00,0000,00,00,0000,00,00,00,00,0008,0008,00,00,00,0008,0008
957,00,00,01,00,01,B0,00,0008,00,00,00,00,00,00,00,00,00,00,0D,44,00,01,00,00,00,0000,00,00,0000,00,00,00,00,0008,0008,00,00,00,0008,0008
958,00,00,01,00,01,B0,00,0008,00,00,00,00,00,00,00,00,00,00,0D,43,00,01,00,00,00,0000,00,00,0000,00,00,00,00,0008,0008,00,00,00,0008,0008
959,00,00,01,00,01,B0,00,0008,00,00,00,00,00,00,00,00,00,00,0D,42,00,01,00,00,00,0000,00,00,0000,00,00,00,00,0008,0008,00,00,00,0008,0008
960,00,00,01,00,01,B0,00,0008,00,00,00,00,00,00,00,00,00,00,0D,41,00,01,00,00,00,0000,00,00,0000,00,00,00,00,0008,0008,00,00,00,0008,0008
961,00,00,01,00,01,B0,00,0008,00,00,00,00,00,00,00,00,00,00,0D,40,00,01,00,00,00,0000,00,00,0000,00,00,00,00,0008,0008,00,00,00,0008,0008
962,00,00,01,00,01,B0,00,0008,00,00,00,00,00,00,00,00,00,00,0D,3F,00,01,00,00,00,0000,00,00,0000,00,00,00,00,0008,0008,00,00,00,0008,0008
963,00,00,01,00,01,B0,00,0008,00,00,00,00,00,00,00,00,00,00,0D,3E,00,01,00,00,00,0000,00,00,0000,00,00,00,00,0008,0008,00,00,00,0008,0008
964,00,00,01,00,01,B0,00,0008,00,00,00,00,00,00,00,00,00,00,0D,3D,00,01,00,00,00,0000,00,00,0000,00,00,00,00,0008,0008,00,00,00,0008,0008
965,00,00,01,00,01,B0,00,0008,00,00,00,00,00,00,00,00,00,00,0D,3C,00,01,00,00,00,0000,00,00,0000,00,00,00,00,0008,0008,00,00,00,0008,0008
966,00,00,01,00,01,B0,00,0008,00,00,00,00,00,00,00,00,00,00,0D,3B,00,01,00,00,00,0000,00,00,0000,00,00,00,00,0008,0008,00,00,00,0008,0008
967,00,00,01,00,01,B0,00,0008,00,00,00,00,00,00,00,00,00,00,0D,3A,00,01,00,00,00,0000,00,00,0000,00,00,00,00,0008,0008,00,00,00,0008,0008
968,00,00,01,00,01,B0,00,0008,00,00,00,00,00,00,00,00,00,00,0D,39,00,01,00,00,00,0000,00,00,0000,00,00,00,00,0008,0008,00,00,00,0008,0008
969,00,00,01,00,01,B0,00,0008,00,00,00,00,00,00,00,00,00,00,0D,38,00,01,00,00,00,0000,00,00,0000,00,00,00,00,0008,0008,00,00,00,0008,0008
970,00,00,01,00,01,B0,00,0008,00,00,00,00,00,00,00,00,00,00,0D,37,00,01,00,00,00,0000,00,00,0000,00,00,00,00,0008,0008,00,00,00,0008,0008
971,00,00,01,00,01,B0,00,0008,00,00,00,00,00,00,00,00,00,00,0D,36,00,01,00,00,00,0000,00,00,0000,00,00,00,00,0008,0008,00,00,00,0008,0008
972,00,00,01,00,01,B0,00,0008,00,00,00,00,00,00,00,00,00,00,0D,35,00,01,00,00,00,0000,00,00,0000,00,00,00,00,0008,0008,00,00,00,0008,0008
973,00,00,01,00,01,B0,00,0008,00,00,00,00,00,00,00,00,00,00,0D,34,00,01,00,00,00,0000,00,00,0000,00,00,00,00,0008,0008,00,00,00,0008,0008
974,00,00,01,00,01,B0,00,0008,00,00,00,00,00,00,00,00,00,00,0D,33,00,01,00,00,00,0000,00,00,0000,00,00,00,00,0008,0008,00,00,00,0008,0008
975,00,00,01,00,01,B0,00,0008,00,00,00,00,00,00,00,00,00,00,0D,32,00,01,00,00,00,0000,00,00,0000,00,00,00,00,0008,0008,00,00,00,0008,0008
976,00,00,01,00,01,B0,00,0008,00,00,00,00,00,00,00,00,00,00,0D,31,00,01,00,00,00,0000,00,00,0000,00,00,00,00,0008,0008,00,00,00,0008,0008
977,00,00,01,00,01,B0,00,0008,00,00,00,00,00,00,00,00,00,00,0D,30,00,01,00,00,00,0000,00,00,0000,00,00,00,00,0008,0008,00,00,00,0008,0008
978,00,00,01,00,01,B0,00,0008,00,00,00,00,00,00,00,00,00,00,0D,2F,00,01,00,00,00,0000,00,00,0000,00,00,00,00,0008,0008,00,00,00,0008,0008
979,00,00,01,00,01,B0,00,0008,00,00,00,00,00,00,00,00,00,00,0D,2E,00,01,00,00,00,0000,00,00,0000,00,00,00,00,0008,0008,00,00,00,0008,0008
980,00,00,01,00,01,B0,00,0008,00,00,00,00,00,00,00,00,00,00,0D,2D,00,01,00,00,00,0000,00,00,0000,00,00,00,00,0008,0008,00,00,00,0008,0008
981,00,00,01,00,01,B0,00,0008,00,00,00,00,00,00,00,00,00,00,0D,2C,00,01,00,00,00,0000,00,00,0000,00,00,00,00,0008,0008,00,00,00,0008,0008
982,00,00,01,00,01,B0,00,0008,00,00,00,00,00,00,00,00,00,00,0D,2B,00,01,00,00,00,0000,00,00,0000,00,00,00,00,0008,0008,00,00,00,0008,0008
983,00,00,01,00,01,B0,00,0008,00,00,00,00,00,00,00,00,00,00,0D,2A,00,01,00,00,00,0000,00,00,0000,00,00,00,00,0008,0008,00,00,00,0008,0008
984,00,00,01,00,01,B0,00,0008,00,00,00,00,00,00,00,00,00,00,0D,29,00,01,00,00,00,0000,00,00,0000,00,00,00,00,0008,0008,00,00,00,0008,0008
985,00,00,01,00,01,B0,00,0008,00,00,00,00,00,00,00,00,00,00,0D,28,00,01,00,00,00,0000,00,00,0000,00,00,00,00,0008,0008,00,00,00,0008,0008
986,00,00,01,00,01,B0,00,0008,00,00,00,00,00,00,00,00,00,00,0D,27,00,01,00,00,00,0000,00,00,0000,00,00,00,00,0008,0008,00,00,00,0008,0008
987,00,00,01,00,01,B0,00,0008,00,00,00,00,00,00,00,00,00,00,0D,26,00,01,00,00,00,0000,00,00,0000,00,00,00,00,0008,0008,00,00,00,0008,0008
988,00,00,01,00,01,B0,00,0008,00,00,00,00,00,00,00,00,00,00,0D,25,00,01,00,00,00,0000,00,00,0000,00,00,00,00,0008,0008,00,00,00,0008,0008
989,00,00,01,00,01,B0,00,0008,00,00,00,00,00,00,00,00,00,00,0D,24,00,01,00,00,00,0000,00,00,0000,00,00,00,00,0008,0008,00,00,00,0008,0008
990,00,00,01,00,01,B0,00,0008,00,00,00,00,00,00,00,00,00,00,0D,23,00,01,00,00,00,0000,00,00,0000,00,00,00,00,0008,0008,00,00,00,0008,0008
991,00,00,01,00,01,B0,00,0008,00,00,00,00,00,00,00,00,00,00,0D,22,00,01,00,00,00,0000,00,00,0000,00,00,00,00,0008,0008,00,00,00,0008,0008
992,00,00,01,00,01,B0,00,0008,00,00,00,00,00,00,00,00,00,00,0D,21,00,01,00,00,00,0000,00,00,0000,00,00,00,00,0008,0008,00,00,00,0008,0008
993,00,00,01,00,01,B0,00,0008,00,00,00,00,00,00,00,00,00,00,0D,20,00,01,00,00,00,0000,00,00,0000,00,00,00,00,0008,0008,00,00,00,0008,0008
994,00,00,01,00,01,B0,00,0008,00,00,00,00,00,00,00,00,00,00,0D,1F,00,01,00,00,00,0000,00,00,0000,00,00,00,00,0008,0008,00,00,00,0008,0008
995,00,00,01,00,01,B0,00,0008,00,00,00,00,00,00,00,00,00,00,0D,1E,00,01,00,00,00,0000,00,00,0000,00,00,00,00,0008,0008,00,00,00,0008,0008
996,00,00,01,00,01,B0,00,0008,00,00,00,00,00,00,00,00,00,00,0D,1D,00,01,00,00,00,0000,00,00,0000,00,00,00,00,0008,0008,00,00,00,0008,0008
997,00,00,01,00,01,B0,00,0008,00,00,00,00,00,00,00,00,00,00,0D,1C,00,01,00,00,00,0000,00,00,0000,00,00,00,00,0008,0008,00,00,00,0008,0008
998,00,00,01,00,01,B0,00,0008,00,00,00,00,00,00,00,00,00,00,0D,1B,00,01,00,00,00,0000,00,00,0000,00,00,00,00,0008,0008,00,00,00,0008,0008
999,00,00,01,00,01,B0,00,0008,00,00,00,00,00,00,00,00,00,00,0D,1A,00,01,00,00,00,0000,00,00,0000,00,00,00,00,0008,0008,00,00,00,0008,0008
1000,00,00,01,00,01,B0,00,0008,00,00,00,00,00,00,00,00,00,00,0D,19,00,01,00,00,00,0000,00,00,0000,00,00,00,00,0008,0008,00,00,00,0008,0008
1001,00,00,01,00,01,B0,00,0008,00,00,00,00,00,00,00,00,00,00,0D,18,00,01,00,00,00,0000,00,00,0000,00,00,00,00,0008,0008,00,00,00,0008,0008
1002,00,00,01,00,01,B0,00,0008,00,00,00,00,00,00,00,00,00,00,0D,17,00,01,00,00,00,0000,00,00,0000,00,00,00,00,0008,0008,00,00,00,0008,0008
1003,00,00,01,00,01,B0,00,0008,00,00,00,00,00,00,00,00,00,00,0D,16,00,01,00,00,00,0000,00,00,0000,00,00,00,00,0008,0008,00,00,00,0008,0008
1004,00,00,01,00,01,B0,00,0008,00,00,00,00,00,00,00,00,00,00,0D,15,00,01,00,00,00,0000,00,00,0000,00,00,00,00,0008,0008,00,00,00,0008,0008
1005,00,00,01,00,01,B0,00,0008,00,00,00,00,00,00,00,00,00,00,0D,14,00,01,00,00,00,0000,00,00,0000,00,00,00,00,0008,0008,00,00,00,0008,0008
1006,00,00,01,00,01,B0,00,0008,00,00,00,00,00,00,00,00,00,00,0D,13,00,01,00,00,00,0000,00,00,0000,00,00,00,00,0008,0008,00,00,00,0008,0008
1007,00,00,01,00,01,B0,00,0008,00,00,00,00,00,00,00,00,00,00,0D,12,00,01,00,00,00,0000,00,00,0000,00,00,00,00,0008,0008,00,00,00,0008,0008
1008,00,00,01,00,01,B0,00,0008,00,00,00,00,00,00,00,00,00,00,0D,11,00,01,00,00,00,0000,00,00,0000,00,00,00,00,0008,0008,00,00,00,0008,0008
1009,00,00,01,00,01,B0,00,0008,00,00,00,00,00,00,00,00,00,00,0D,10,00,01,00,00,00,0000,00,00,0000,00,00,00,00,0008,0008,00,00,00,0008,0008
1010,00,00,01,00,01,B0,00,0008,00,00,00,00,00,00,00,00,00,00,0D,0F,00,01,00,00,00,0000,00,00,0000,00,00,00,00,0008,0008,00,00,00,0008,0008
1011,00,00,01,00,01,B0,00,0008,00,00,00,00,00,00,00,00,00,00,0D,0E,00,01,00,00,00,0000,00,00,0000,00,00,00,00,0008,0008,00,00,00,0008,0008
1012,00,00,01,00,01,B0,00,0008,00,00,00,00,00,00,00,00,00,00,0D,0D,00,01,00,00,00,0000,00,00,0000,00,00,00,00,0008,0008,00,00,00,0008,0008
1013,00,00,01,00,01,B0,00,0008,00,00,00,00,00,00,00,00,00,00,0D,0C,00,01,00,00,00,0000,00,00,0000,00,00,00,00,0008,0008,00,00,00,0008,0008
1014,00,00,01,00,01,B0,00,0008,00,00,00,00,00,00,00,00,00,00,0D,0B,00,01,00,00,00,0000,00,00,0000,00,00,00,00,0008,0008,00,00,00,0008,0008
1015,00,00,01,00,01,B0,00,0008,00,00,00,00,00,00,00,00,00,00,0D,0A,00,01,00,00,00,0000,00,00,0000,00,00,00,00,0008,0008,00,00,00,0008,0008
1016,00,00,01,00,01,B0,00,0008,00,00,00,00,00,00,00,00,00,00,0D,09,00,01,00,00,00,0000,00,00,0000,00,00,00,00,0008,0008,00,00,00,0008,0008
1017,00,00,01,00,01,B0,00,0008,00,00,00,00,00,00,00,00,00,00,0D,08,00,01,00,00,00,0000,00,00,0000,00,00,00,00,0008,0008,00,00,00,0008,0008
1018,00,00,01,00,01,B0,00,0008,00,00,00,00,00,00,00,00,00,00,0D,07,00,01,00,00,00,0000,00,00,0000,00,00,00,00,0008,0008,00,00,00,0008,0008
1019,00,00,01,00,01,B0,00,0008,00,00,00,00,00,00,00,00,00,00,0D,06,00,01,00,00,00,0000,00,00,0000,00,00,00,00,0008,0008,00,00,00,0008,0008
1020,00,00,01,00,01,B0,00,0008,00,00,00,00,00,00,00,00,00,00,0D,05,00,01,00,00,00,0000,00,00,0000,00,00,00,00,0008,0008,00,00,00,0008,0008
1021,00,00,01,00,01,B0,00,0008,00,00,00,00,00,00,00,00,00,00,0D,04,00,01,00,00,00,0000,00,00,0000,00,00,00,00,0008,0008,00,00,00,0008,0008
1022,00,00,01,00,01,B0,00,0008,00,00,00,00,00,00,00,00,00,00,0D,03,00,01,00,00,00,0000,00,00,0000,00,00,00,00,0008,0008,00,00,00,0008,0008
1023,00,00,01,00,01,B0,00,0008,00,00,00,00,00,00,00,00,00,00,0D,02,00,01,00,00,00,0000,00,00,0000,00,00,00,00,0008,0008,00,00,00,0008,0008
1024,00,00,01,00,01,B0,00,0008,00,00,00,00,00,00,00,00,00,00,0D,01,00,01,00,00,00,0000,00,00,0000,00,00,00,00,0008,0008,00,00,00,0008,0008
1025,00,00,01,00,01,B0,00,0008,00,00,00,00,00,00,00,00,00,00,0D,00,00,01,00,00,00,0000,00,00,0000,00,00,00,00,0008,0008,00,00,00,0008,0008
1026,00,01,00,00,01,B0,00,0008,00,00,00,00,00,00,00,00,00,00,0E,02,00,00,00,00,00,0000,00,00,0000,00,00,00,00,0008,0008,00,00,00,0008,0008
1027,00,01,00,00,01,30,00,0008,00,00,00,00,00,00,00,00,00,00,0E,02,00,00,00,00,00,0000,00,00,0000,00,00,40,00,0008,0008,00,00,00,0008,0008
1028,00,01,00,00,01,B0,00,0008,00,00,00,00,00,00,00,00,00,00,0E,02,00,00,00,00,00,0000,00,00,0000,00,00,00,00,0008,0008,00,00,00,0008,0008
1029,00,01,00,00,01,B0,00,0008,00,00,00,00,00,00,00,00,00,00,0E,02,00,00,00,00,00,0000,00,00,0000,00,00,00,00,0008,0008,00,00,00,0008,0008
1030,00,01,00,00,01,B0,00,0008,00,00,00,00,00,00,00,00,00,00,0E,02,00,00,00,00,00,0000,00,00,0000,00,00,00,00,0008,0008,00,00,00,0008,0008
1031,00,01,00,00,01,B0,00,0008,00,00,00,00,00,00,00,00,00,00,0E,02,00,00,00,00,00,0000,00,00,0000,00,00,00,00,0008,0008,00,00,00,0008,0008
1032,00,01,00,00,01,B0,00,0008,00,00,00,00,00,00,00,00,00,00,0E,02,00,00,00,00,00,0000,00,00,0000,00,00,00,00,0008,0008,00,00,00,0008,0008
1033,00,01,00,00,01,B0,00,0008,00,00,00,00,00,00,00,00,00,00,0E,02,00,00,00,00,00,0000,00,00,0000,00,00,00,00,0008,0008,00,00,00,0008,0008
1034,00,01,00,00,01,B0,00,0008,00,00,00,00,00,00,00,00,00,00,0E,02,00,00,00,00,00,0000,00,00,0000,00,00,00,00,0008,0008,00,00,00,0008,0008
1035,00,01,00,00,01,B0,00,0008,00,00,00,00,00,00,00,00,00,00,0E,02,00,00,00,00,00,0000,00,00,0000,00,00,00,00,0008,0008,00,00,00,0008,0008
1036,00,01,00,00,01,B0,00,0008,00,00,00,00,00,00,00,00,00,00,0E,02,00,00,00,00,00,0000,00,00,0000,00,00,00,00,0008,0008,00,00,00,0008,0008
1037,00,01,00,00,01,B0,00,0008,00,00,00,00,00,00,00,00,00,00,0E,02,00,00,00,00,00,0000,00,00,0000,00,00,00,00,0008,0008,00,00,00,0008,0008
1038,00,01,00,00,01,B0,00,0008,00,00,00,00,00,00,00,00,00,00,0E,02,00,00,00,00,00,0000,00,00,0000,00,00,00,00,0008,0008,00,00,00,0008,0008
1039,00,01,00,00,01,B0,00,0008,00,00,00,00,00,00,00,00,00,00,0E,02,00,00,00,00,00,0000,00,00,0000,00,00,00,00,0008,0008,00,00,00,0008,0008
1040,00,01,00,00,01,B0,00,0008,00,00,00,00,00,00,00,00,00,00,0E,02,00,00,00,00,00,0000,00,00,0000,00,00,00,00,0008,0008,00,00,00,0008,0008
1041,00,01,00,00,01,B0,00,0008,00,00,00,00,00,00,00,00,00,00,0E,02,00,00,00,00,00,0000,00,00,0000,00,00,00,00,0008,0008,00,00,00,0008,0008
1042,00,01,00,00,01,B0,00,0008,00,00,00,00,00,00,00,00,00,00,0E,02,00,00,00,00,00,0000,00,00,0000,00,00,00,00,0008,0008,00,00,00,0008,0008
1043,00,01,00,00,01,B0,00,0008,00,00,00,00,00,00,00,00,00,00,0E,02,00,00,00,00,00,0000,00,00,0000,00,00,00,00,0008,0008,00,00,00,0008,0008
1044,00,01,00,00,01,B0,00,0008,00,00,00,00,00,00,00,00,00,00,0E,02,00,00,00,00,00,0000,00,00,0000,00,00,00,00,0008,0008,00,00,00,0008,0008
1045,00,01,00,00,01,B0,00,0008,00,00,00,00,00,00,00,00,00,00,0E,02,00,00,00,00,00,0000,00,00,0000,00,00,00,00,0008,0008,00,00,00,0008,0008
1046,00,01,00,00,01,B0,00,0008,00,00,00,00,00,00,00,00,00,00,0E,02,00,00,00,00,00,0000,00,00,0000,00,00,00,00,0008,0008,00,00,00,0008,0008
1047,00,01,00,00,01,B0,00,0008,00,00,00,00,00,00,00,00,00,00,0E,02,00,00,00,00,00,0000,00,00,0000,00,00,00,00,0008,0008,00,00,00,0008,0008
1048,00,01,00,00,01,B0,00,0008,00,00,00,00,00,00,00,00,00,00,0E,02,00,00,00,00,00,0000,00,00,0000,00,00,00,00,0008,0008,00,00,00,0008,0008
1049,00,01,00,00,01,B0,00,0008,00,00,00,00,00,00,00,00,00,00,0E,02,00,00,00,00,00,0000,00,00,0000,00,00,00,00,0008,0008,00,00,00,0008,0008
1050,00,01,00,00,01,B0,00,0008,00,00,00,00,00,00,00,00,00,00,0E,02,00,00,00,00,00,0000,00,00,0000,00,00,00,00,0008,0008,00,00,00,0008,0008
1051,00,01,00,00,01,B0,00,0008,00,00,00,00,00,00,00,00,00,00,0E,02,00,00,00,00,00,0000,00,00,0000,00,00,00,00,0008,0008,00,00,00,0008,0008
1052,00,01,00,00,01,B0,00,0008,00,00,00,00,00,00,00,00,00,00,0E,02,00,00,00,00,00,0000,00,00,0000,00,00,00,00,0008,0008,00,00,00,0008,0008
1053,00,01,00,00,01,B0,00,0008,00,00,00,00,00,00,00,00,00,00,0E,02,00,00,00,00,00,0000,00,00,0000,00,00,00,00,0008,0008,00,00,00,0008,0008
1054,00,01,00,00,01,B0,00,0008,00,00,00,00,00,00,00,00,00,00,0E,02,00,00,00,00,00,0000,00,00,0000,00,00,00,00,0008,0008,00,00,00,0008,0008
1055,00,01,00,00,01,B0,00,0008,00,00,00,00,00,00,00,00,00,00,0E,02,00,00,00,00,00,0000,00,00,0000,00,00,00,00,0008,0008,00,00,00,0008,0008
1056,00,01,00,00,01,B0,00,0008,00,00,00,00,00,00,00,00,00,00,0E,02,00,00,00,00,00,0000,00,00,0000,00,00,00,00,0008,0008,00,00,00,0008,0008
1057,00,01,00,00,01,B0,00,0008,00,00,00,00,00,00,00,00,00,00,0E,02,00,00,00,00,00,0000,00,00,0000,00,00,00,00,0008,0008,00,00,00,0008,0008
1058,00,01,00,00,01,B0,00,0008,00,00,00,00,00,00,00,00,00,00,0E,02,00,00,00,00,00,0000,00,00,0000,00,00,00,00,0008,0008,00,00,00,0008,0008
1059,00,01,00,00,01,B0,00,0008,00,00,00,00,00,00,00,00,00,00,0E,02,00,00,00,00,00,0000,00,00,0000,00,00,00,00,0008,0008,00,00,00,0008,0008
1060,00,01,00,00,01,B0,00,0008,00,00,00,00,00,00,00,00,00,00,0E,02,00,00,00,00,00,0000,00,00,0000,00,00,00,00,0008,0008,00,00,00,0008,0008
1061,00,01,00,00,01,B0,00,0008,00,00,00,00,00,00,00,00,00,00,0E,02,00,00,00,00,00,0000,00,00,0000,00,00,00,00,0008,0008,00,00,00,0008,0008
1062,00,01,00,00,01,B0,00,0008,00,00,00,00,00,00,00,00,00,00,0E,02,00,00,00,00,00,0000,00,00,0000,00,00,00,00,0008,0008,00,00,00,0008,0008
1063,00,01,00,00,01,B0,00,0008,00,00,00,00,00,00,00,00,00,00,0E,02,00,00,00,00,00,0000,00,00,0000,00,00,00,00,0008,0008,00,00,00,0008,0008
1064,00,01,00,00,01,B0,00,0008,00,00,00,00,00,00,00,00,00,00,0E,02,00,00,00,00,00,0000,00,00,0000,00,00,00,00,0008,0008,00,00,00,0008,0008
1065,00,01,00,00,01,B0,00,0008,00,00,00,00,00,00,00,00,00,00,0E,02,00,00,00,00,00,0000,00,00,0000,00,00,00,00,0008,0008,00,00,00,0008,0008
1066,00,01,00,00,01,B0,00,0008,00,00,00,00,00,00,00,00,00,00,0E,02,00,00,00,00,00,0000,00,00,0000,00,00,00,00,0008,0008,00,00,00,0008,0008
1067,00,01,00,00,01,B0,00,0008,00,00,00,00,00,00,00,00,00,00,0E,02,00,00,00,00,00,0000,00,00,0000,00,00,00,00,0008,0008,00,00,00,0008,0008
1068,00,01,00,00,01,B0,00,0008,00,00,00,00,00,00,00,00,00,00,0E,02,00,00,00,00,00,0000,00,00,0000,00,00,00,00,0008,0008,00,00,00,0008,0008
1069,00,01,00,00,01,B0,00,0008,00,00,00,00,00,00,00,00,00,00,0E,02,00,00,00,00,00,0000,00,00,0000,00,00,00,00,0008,0008,00,00,00,0008,0008
1070,00,01,00,00,01,B0,00,0008,00,00,00,00,00,00,00,00,00,00,0E,02,00,00,00,00,00,0000,00,00,0000,00,00,00,00,0008,0008,00,00,00,0008,0008
1071,00,01,00,00,01,B0,00,0008,00,00,00,00,00,00,00,00,00,00,0E,02,00,00,00,00,00,0000,00,00,0000,00,00,00,00,0008,0008,00,00,00,0008,0008
1072,00,01,00,00,01,B0,00,0008,00,00,00,00,00,00,00,00,00,00,0E,02,00,00,00,00,00,0000,00,00,0000,00,00,00,00,0008,0008,00,00,00,0008,0008
1073,00,01,00,00,01,B0,00,0008,00,00,00,00,00,00,00,00,00,00,0E,02,00,00,00,00,00,0000,00,00,0000,00,00,00,00,0008,0008,00,00,00,0008,0008
1074,00,01,00,00,01,B0,00,0008,00,00,00,00,00,00,00,00,00,00,0E,02,00,00,00,00,00,0000,00,00,0000,00,00,00,00,0008,0008,00,00,00,0008,0008
1075,00,01,00,00,01,B0,00,0008,00,00,00,00,00,00,00,00,00,00,0E,02,00,00,00,00,00,0000,00,00,0000,00,00,00,00,0008,0008,00,00,00,0008,0008
1076,00,01,00,00,01,B0,00,0008,00,00,00,00,00,00,00,00,00,00,0E,02,00,00,00,00,00,0000,00,00,0000,00,00,00,00,0008,0008,00,00,00,0008,0008
1077,00,01,00,00,01,B0,00,0008,00,00,00,00,00,00,00,00,00,00,0E,02,00,00,00,00,00,0000,00,00,0000,00,00,00,00,0008,0008,00,00,00,0008,0008
1078,00,01,00,00,01,B0,00,0008,00,00,00,00,00,00,00,00,00,00,0E,02,00,00,00,00,00,0000,00,00,0000,00,00,00,00,0008,0008,00,00,00,0008,0008
1079,00,01,00,00,01,B0,00,0008,00,00,00,00,00,00,00,00,00,00,0E,02,00,00,00,00,00,0000,00,00,0000,00,00,00,00,0008,0008,00,00,00,0008,0008
1080,00,01,00,00,01,B0,00,0008,00,00,00,00,00,00,00,00,00,00,0E,02,00,00,00,00,00,0000,00,00,0000,00,00,00,00,0008,0008,00,00,00,0008,0008
1081,00,01,00,00,01,B0,00,0008,00,00,00,00,00,00,00,00,00,00,0E,02,00,00,00,00,00,0000,00,00,0000,00,00,00,00,0008,0008,00,00,00,0008,0008
1082,00,01,00,00,01,B0,00,0008,00,00,00,00,00,00,00,00,00,00,0E,02,00,00,00,00,00,0000,00,00,0000,00,00,00,00,0008,0008,00,00,00,0008,0008
1083,00,01,00,00,01,B0,00,0008,00,00,00,00,00,00,00,00,00,00,0E,02,00,00,00,00,00,0000,00,00,0000,00,00,00,00,0008,0008,00,00,00,0008,0008
1084,00,01,00,00,01,B0,00,0008,00,00,00,00,00,00,00,00,00,00,0E,02,00,00,00,00,00,0000,00,00,0000,00,00,00,00,0008,0008,00,00,00,0008,0008
1085,00,01,00,00,01,B0,00,0008,00,00,00,00,00,00,00,00,00,00,0E,02,00,00,00,00,00,0000,00,00,0000,00,00,00,00,0008,0008,00,00,00,0008,0008
1086,00,01,00,00,01,B0,00,0008,00,00,00,00,00,00,00,00,00,00,0E,02,00,00,00,00,00,0000,00,00,0000,00,00,00,00,0008,0008,00,00,00,0008,0008
1087,00,01,00,00,01,B0,00,0008,00,00,00,00,00,00,00,00,00,00,0E,02,00,00,00,00,00,0000,00,00,0000,00,00,00,00,0008,0008,00,00,00,0008,0008
1088,00,01,00,00,01,B0,00,0008,00,00,00,00,00,00,00,00,00,00,0E,02,00,00,00,00,00,0000,00,00,0000,00,00,00,00,0008,0008,00,00,00,0008,0008
1089,00,01,00,00,01,B0,00,0008,00,00,00,00,00,00,00,00,00,00,0E,02,00,00,00,00,00,0000,00,00,0000,00,00,00,00,0008,0008,00,00,00,0008,0008
1090,00,01,00,00,01,B0,00,0008,00,00,00,00,00,00,00,00,00,00,0E,02,00,00,00,00,00,0000,00,00,0000,00,00,00,00,0008,0008,00,00,00,0008,0008
1091,00,01,00,00,01,B0,00,0008,00,00,00,00,00,00,00,00,00,00,0E,02,00,00,00,00,00,0000,00,00,0000,00,00,00,00,0008,0008,00,00,00,0008,0008
1092,00,01,00,00,01,B0,00,0008,00,00,00,00,00,00,00,00,00,00,0E,02,00,00,00,00,00,0000,00,00,0000,00,00,00,00,0008,0008,00,00,00,0008,0008
1093,00,01,00,00,01,B0,00,0008,00,00,00,00,00,00,00,00,00,00,0E,02,00,00,00,00,00,0000,00,00,0000,00,00,00,00,0008,0008,00,00,00,0008,0008
1094,00,01,00,00,01,B0,00,0008,00,00,00,00,00,00,00,00,00,00,0E,02,00,00,00,00,00,0000,00,00,0000,00,00,00,00,0008,0008,00,00,00,0008,0008
1095,00,01,00,00,01,B0,00,0008,00,00,00,00,00,00,00,00,00,00,0E,02,00,00,00,00,00,0000,00,00,0000,00,00,00,00,0008,0008,00,00,00,0008,0008
1096,00,01,00,00,01,B0,00,0008,00,00,00,00,00,00,00,00,00,00,0E,02,00,00,00,00,00,0000,00,00,0000,00,00,00,00,0008,0008,00,00,00,0008,0008
1097,00,01,00,00,01,B0,00,0008,00,00,00,00,00,00,00,00,00,00,0E,02,00,00,00,00,00,0000,00,00,0000,00,00,00,00,0008,0008,00,00,00,0008,0008
1098,00,01,00,00,01,B0,00,0008,00,00,00,00,00,00,00,00,00,00,0E,02,00,00,00,00,00,0000,00,00,0000,00,00,00,00,0008,0008,00,00,00,0008,0008
1099,00,01,00,00,01,B0,00,0008,00,00,00,00,00,00,00,00,00,00,0E,02,00,00,00,00,00,0000,00,00,0000,00,00,00,00,0008,0008,00,00,00,0008,0008
1100,00,01,00,00,01,B0,00,0008,00,00,00,00,00,00,00,00,00,00,0E,02,00,00,00,00,00,0000,00,00,0000,00,00,00,00,0008,0008,00,00,00,0008,0008
1101,00,01,00,00,01,B0,00,0008,00,00,00,00,00,00,00,00,00,00,0E,02,00,00,00,00,00,0000,00,00,0000,00,00,00,00,0008,0008,00,00,00,0008,0008
1102,00,01,00,00,01,B0,00,0008,00,00,00,00,00,00,00,00,00,00,0E,02,00,00,00,00,00,0000,00,00,0000,00,00,00,00,0008,0008,00,00,00,0008,0008
1103,00,01,00,00,01,B0,00,0008,00,00,00,00,00,00,00,00,00,00,0E,02,00,00,00,00,00,0000,00,00,0000,00,00,00,00,0008,0008,00,00,00,0008,0008
1104,00,01,00,00,01,B0,00,0008,00,00,00,00,00,00,00,00,00,00,0E,02,00,00,00,00,00,0000,00,00,0000,00,00,00,00,0008,0008,00,00,00,0008,0008
1105,00,01,00,00,01,B0,00,0008,00,00,00,00,00,00,00,00,00,00,0E,02,00,00,00,00,00,0000,00,00,0000,00,00,00,00,0008,0008,00,00,00,0008,0008
1106,00,01,00,00,01,B0,00,0008,00,00,00,00,00,00,00,00,00,00,0E,02,00,00,00,00,00,0000,00,00,0000,00,00,00,00,0008,0008,00,00,00,0008,0008
1107,00,01,00,00,01,B0,00,0008,00,00,00,00,00,00,00,00,00,00,0E,02,00,00,00,00,00,0000,00,00,0000,00,00,00,00,0008,0008,00,00,00,0008,0008
1108,00,01,00,00,01,B0,00,0008,00,00,00,00,00,00,00,00,00,00,0E,02,00,00,00,00,00,0000,00,00,0000,00,00,00,00,0008,0008,00,00,00,0008,0008
1109,00,01,00,00,01,B0,00,0008,00,00,00,00,00,00,00,00,00,00,0E,02,00,00,00,00,00,0000,00,00,0000,00,00,00,00,0008,0008,00,00,00,0008,0008
1110,00,01,00,00,01,B0,00,0008,00,00,00,00,00,00,00,00,00,00,0E,02,00,00,00,00,00,0000,00,00,0000,00,00,00,00,0008,0008,00,00,00,0008,0008
1111,00,01,00,00,01,B0,00,0008,00,00,00,00,00,00,00,00,00,00,0E,02,00,00,00,00,00,0000,00,00,0000,00,00,00,00,0008,0008,00,00,00,0008,0008
1112,00,01,00,00,01,B0,00,0008,00,00,00,00,00,00,00,00,00,00,0E,02,00,00,00,00,00,0000,00,00,0000,00,00,00,00,0008,0008,00,00,00,0008,0008
1113,00,01,00,00,01,B0,00,0008,00,00,00,00,00,00,00,00,00,00,0E,02,00,00,00,00,00,0000,00,00,0000,00,00,00,00,0008,0008,00,00,00,0008,0008
1114,00,01,00,00,01,B0,00,0008,00,00,00,00,00,00,00,00,00,00,0E,02,00,00,00,00,00,0000,00,00,0000,00,00,00,00,0008,0008,00,00,00,0008,0008
1115,00,01,00,00,01,B0,00,0008,00,00,00,00,00,00,00,00,00,00,0E,02,00,00,00,00,00,0000,00,00,0000,00,00,00,00,0008,0008,00,00,00,0008,0008
1116,00,01,00,00,01,B0,00,0008,00,00,00,00,00,00,00,00,00,00,0E,02,00,00,00,00,00,0000,00,00,0000,00,00,00,00,0008,0008,00,00,00,0008,0008
1117,00,01,00,00,01,B0,00,0008,00,00,00,00,00,00,00,00,00,00,0E,02,00,00,00,00,00,0000,00,00,0000,00,00,00,00,0008,0008,00,00,00,0008,0008
1118,00,01,00,00,01,B0,00,0008,00,00,00,00,00,00,00,00,00,00,0E,02,00,00,00,00,00,0000,00,00,0000,00,00,00,00,0008,0008,00,00,00,0008,0008
1119,00,01,00,00,01,B0,00,0008,00,00,00,00,00,00,00,00,00,00,0E,02,00,00,00,00,00,0000,00,00,0000,00,00,00,00,0008,0008,00,00,00,0008,0008
1120,00,01,00,00,01,B0,00,0008,00,00,00,00,00,00,00,00,00,00,0E,02,00,00,00,00,00,0000,00,00,0000,00,00,00,00,0008,0008,00,00,00,0008,0008
1121,00,01,00,00,01,B0,00,0008,00,00,00,00,00,00,00,00,00,00,0E,02,00,00,00,00,00,0000,00,00,0000,00,00,00,00,0008,0008,00,00,00,0008,0008
1122,00,01,00,00,01,B0,00,0008,00,00,00,00,00,00,00,00,00,00,0E,02,00,00,00,00,00,0000,00,00,0000,00,00,00,00,0008,0008,00,00,00,0008,0008
1123,00,01,00,00,01,B0,00,0008,00,00,00,00,00,00,00,00,00,00,0E,02,00,00,00,00,00,0000,00,00,0000,00,00,00,00,0008,0008,00,00,00,0008,0008
1124,00,01,00,00,01,B0,00,0008,00,00,00,00,00,00,00,00,00,00,0E,02,00,00,00,00,00,0000,00,00,0000,00,00,00,00,0008,0008,00,00,00,0008,0008
1125,00,01,00,00,01,B0,00,0008,00,00,00,00,00,00,00,00,00,00,0E,02,00,00,00,00,00,0000,00,00,0000,00,00,00,00,0008,0008,00,00,00,0008,0008
1126,00,01,00,00,01,B0,00,0008,00,00,00,00,00,00,00,00,00,00,0E,02,00,00,00,00,00,0000,00,00,0000,00,00,00,00,0008,0008,00,00,00,0008,0008
1127,00,01,00,00,01,B0,00,0008,00,00,00,00,00,00,00,00,00,00,0E,02,00,00,00,00,00,0000,00,00,0000,00,00,00,00,0008,0008,00,00,00,0008,0008
1128,00,01,00,00,01,B0,00,0008,00,00,00,00,00,00,00,00,00,00,0E,02,00,00,00,00,00,0000,00,00,0000,00,00,00,00,0008,0008,00,00,00,0008,0008
1129,00,01,00,00,01,B0,00,0008,00,00,00,00,00,00,00,00,00,00,0E,02,00,00,00,00,00,0000,00,00,0000,00,00,00,00,0008,0008,00,00,00,0008,0008
1130,00,01,00,00,01,B0,00,0008,00,00,00,00,00,00,00,00,00,00,0E,02,00,00,00,00,00,0000,00,00,0000,00,00,00,00,0008,0008,00,00,00,0008,0008
1131,00,01,00,00,01,B0,00,0008,00,00,00,00,00,00,00,00,00,00,0E,02,00,00,00,00,00,0000,00,00,0000,00,00,00,00,0008,0008,00,00,00,0008,0008
1132,00,01,00,00,01,B0,00,0008,00,00,00,00,00,00,00,00,00,00,0E,02,00,00,00,00,00,0000,00,00,0000,00,00,00,00,0008,0008,00,00,00,0008,0008
1133,00,01,00,00,01,B0,00,0008,00,00,00,00,00,00,00,00,00,00,0E,02,00,00,00,00,00,0000,00,00,0000,00,00,00,00,0008,0008,00,00,00,0008,0008
1134,00,01,00,00,01,B0,00,0008,00,00,00,00,00,00,00,00,00,00,0E,02,00,00,00,00,00,0000,00,00,0000,00,00,00,00,0008,0008,00,00,00,0008,0008
1135,00,01,00,00,01,B0,00,0008,00,00,00,00,00,00,00,00,00,00,0E,02,00,00,00,00,00,0000,00,00,0000,00,00,00,00,0008,0008,00,00,00,0008,0008
1136,00,01,00,00,01,B0,00,0008,00,00,00,00,00,00,00,00,00,00,0E,02,00,00,00,00,00,0000,00,00,0000,00,00,00,00,0008,0008,00,00,00,0008,0008
1137,00,01,00,00,01,B0,00,0008,00,00,00,00,00,00,00,00,00,00,0E,02,00,00,00,00,00,0000,00,00,0000,00,00,00,00,0008,0008,00,00,00,0008,0008
1138,00,01,00,00,01,B0,00,0008,00,00,00,00,00,00,00,00,00,00,0E,02,00,00,00,00,00,0000,00,00,0000,00,00,00,00,0008,0008,00,00,00,0008,0008
1139,00,01,00,00,01,B0,00,0008,00,00,00,00,00,00,00,00,00,00,0E,02,00,00,00,00,00,0000,00,00,0000,00,00,00,00,0008,0008,00,00,00,0008,0008
1140,00,01,00,00,01,B0,00,0008,00,00,00,00,00,00,00,00,00,00,0E,02,00,00,00,00,00,0000,00,00,0000,00,00,00,00,0008,0008,00,00,00,0008,0008
1141,00,01,00,00,01,B0,00,0008,00,00,00,00,00,00,00,00,00,00,0E,02,00,00,00,00,00,0000,00,00,0000,00,00,00,00,0008,0008,00,00,00,0008,0008
1142,00,01,00,00,01,B0,00,0008,00,00,00,00,00,00,00,00,00,00,0E,02,00,00,00,00,00,0000,00,00,0000,00,00,00,00,0008,0008,00,00,00,0008,0008
1143,00,01,00,00,01,B0,00,0008,00,00,00,00,00,00,00,00,00,00,0E,02,00,00,00,00,00,0000,00,00,0000,00,00,00,00,0008,0008,00,00,00,0008,0008
1144,00,01,00,00,01,B0,00,0008,00,00,00,00,00,00,00,00,00,00,0E,02,00,00,00,00,00,0000,00,00,0000,00,00,00,00,0008,0008,00,00,00,0008,0008
1145,00,01,00,00,01,B0,00,0008,00,00,00,00,00,00,00,00,00,00,0E,02,00,00,00,00,00,0000,00,00,0000,00,00,00,00,0008,0008,00,00,00,0008,0008
1146,00,01,00,00,01,B0,00,0008,00,00,00,00,00,00,00,00,00,00,0E,02,00,00,00,00,00,0000,00,00,0000,00,00,00,00,0008,0008,00,00,00,0008,0008
1147,00,01,00,00,01,B0,00,0008,00,00,00,00,00,00,00,00,00,00,0E,02,00,00,00,00,00,0000,00,00,0000,00,00,00,00,0008,0008,00,00,00,0008,0008
1148,00,01,00,00,01,B0,00,0008,00,00,00,00,00,00,00,00,00,00,0E,02,00,00,00,00,00,0000,00,00,0000,00,00,00,00,0008,0008,00,00,00,0008,0008
1149,00,01,00,00,01,B0,00,0008,00,00,00,00,00,00,00,00,00,00,0E,02,00,00,00,00,00,0000,00,00,0000,00,00,00,00,0008,0008,00,00,00,0008,0008
1150,00,01,00,00,01,B0,00,0008,00,00,00,00,00,00,00,00,00,00,0E,02,00,00,00,00,00,0000,00,00,0000,00,00,00,00,0008,0008,00,00,00,0008,0008
1151,00,01,00,00,01,B0,00,0008,00,00,00,00,00,00,00,00,00,00,0E,02,00,00,00,00,00,0000,00,00,0000,00,00,00,00,0008,0008,00,00,00,0008,0008
1152,00,01,00,00,01,B0,00,0008,00,00,00,00,00,00,00,00,00,00,0E,02,00,00,00,00,00,0000,00,00,0000,00,00,00,00,0008,0008,00,00,00,0008,0008
1153,00,01,00,00,01,B0,00,0008,00,00,00,00,00,00,00,00,00,00,0E,02,00,00,00,00,00,0000,00,00,0000,00,00,00,00,0008,0008,00,00,00,0008,0008
1154,00,01,00,00,01,B0,00,0008,00,00,00,00,00,00,00,00,00,00,0E,02,00,00,00,00,00,0000,00,00,0000,00,00,00,00,0008,0008,00,00,00,0008,0008
1155,00,01,00,00,01,B0,00,0008,00,00,00,00,00,00,00,00,00,00,0E,02,00,00,00,00,00,0000,00,00,0000,00,00,00,00,0008,0008,00,00,00,0008,0008
1156,00,01,00,00,01,B0,00,0008,00,00,00,00,00,00,00,00,00,00,0E,02,00,00,00,00,00,0000,00,00,0000,00,00,00,00,0008,0008,00,00,00,0008,0008
1157,00,01,00,00,01,B0,00,0008,00,00,00,00,00,00,00,00,00,00,0E,02,00,00,00,00,00,0000,00,00,0000,00,00,00,00,0008,0008,00,00,00,0008,0008
1158,00,01,00,00,01,B0,00,0008,00,00,00,00,00,00,00,00,00,00,0E,02,00,00,00,00,00,0000,00,00,0000,00,00,00,00,0008,0008,00,00,00,0008,0008
1159,00,01,00,00,01,B0,00,0008,00,00,00,00,00,00,00,00,00,00,0E,02,00,00,00,00,00,0000,00,00,0000,00,00,00,00,0008,0008,00,00,00,0008,0008
1160,00,01,00,00,01,B0,00,0008,00,00,00,00,00,00,00,00,00,00,0E,02,00,00,00,00,00,0000,00,00,0000,00,00,00,00,0008,0008,00,00,00,0008,0008
1161,00,01,00,00,01,B0,00,0008,00,00,00,00,00,00,00,00,00,00,0E,02,00,00,00,00,00,0000,00,00,0000,00,00,00,00,0008,0008,00,00,00,0008,0008
1162,00,01,00,00,01,B0,00,0008,00,00,00,00,00,00,00,00,00,00,0E,02,00,00,00,00,00,0000,00,00,0000,00,00,00,00,0008,0008,00,00,00,0008,0008
1163,00,01,00,00,01,B0,00,0008,00,00,00,00,00,00,00,00,00,00,0E,02,00,00,00,00,00,0000,00,00,0000,00,00,00,00,0008,0008,00,00,00,0008,0008
1164,00,01,00,00,01,B0,00,0008,00,00,00,00,00,00,00,00,00,00,0E,02,00,00,00,00,00,0000,00,00,0000,00,00,00,00,0008,0008,00,00,00,0008,0008
1165,00,01,00,00,01,B0,00,0008,00,00,00,00,00,00,00,00,00,00,0E,02,00,00,00,00,00,0000,00,00,0000,00,00,00,00,0008,0008,00,00,00,0008,0008
1166,00,01,00,00,01,B0,00,0008,00,00,00,00,00,00,00,00,00,00,0E,02,00,00,00,00,00,0000,00,00,0000,00,00,00,00,0008,0008,00,00,00,0008,0008
1167,00,01,00,00,01,B0,00,0008,00,00,00,00,00,00,00,00,00,00,0E,02,00,00,00,00,00,0000,00,00,0000,00,00,00,00,0008,0008,00,00,00,0008,0008
1168,00,01,00,00,01,B0,00,0008,00,00,00,00,00,00,00,00,00,00,0E,02,00,00,00,00,00,0000,00,00,0000,00,00,00,00,0008,0008,00,00,00,0008,0008
1169,00,01,00,00,01,B0,00,0008,00,00,00,00,00,00,00,00,00,00,0E,02,00,00,00,00,00,0000,00,00,0000,00,00,00,00,0008,0008,00,00,00,0008,0008
1170,00,01,00,00,01,B0,00,0008,00,00,00,00,00,00,00,00,00,00,0E,02,00,00,00,00,00,0000,00,00,0000,00,00,00,00,0008,0008,00,00,00,0008,0008
1171,00,01,00,00,01,B0,00,0008,00,00,00,00,00,00,00,00,00,00,0E,02,00,00,00,00,00,0000,00,00,0000,00,00,00,00,0008,0008,00,00,00,0008,0008
1172,00,01,00,00,01,B0,00,0008,00,00,00,00,00,00,00,00,00,00,0E,02,00,00,00,00,00,0000,00,00,0000,00,00,00,00,0008,0008,00,00,00,0008,0008
1173,00,01,00,00,01,B0,00,0008,00,00,00,00,00,00,00,00,00,00,0E,02,00,00,00,00,00,0000,00,00,0000,00,00,00,00,0008,0008,00,00,00,0008,0008
1174,00,01,00,00,01,B0,00,0008,00,00,00,00,00,00,00,00,00,00,0E,02,00,00,00,00,00,0000,00,00,0000,00,00,00,00,0008,0008,00,00,00,0008,0008
1175,00,01,00,00,01,B0,00,0008,00,00,00,00,00,00,00,00,00,00,0E,02,00,00,00,00,00,0000,00,00,0000,00,00,00,00,0008,0008,00,00,00,0008,0008
1176,00,01,00,00,01,B0,00,0008,00,00,00,00,00,00,00,00,00,00,0E,02,00,00,00,00,00,0000,00,00,0000,00,00,00,00,0008,0008,00,00,00,0008,0008
1177,00,01,00,00,01,B0,00,0008,00,00,00,00,00,00,00,00,00,00,0E,02,00,00,00,00,00,0000,00,00,0000,00,00,00,00,0008,0008,00,00,00,0008,0008
1178,00,01,00,00,01,B0,00,0008,00,00,00,00,00,00,00,00,00,00,0E,02,00,00,00,00,00,0000,00,00,0000,00,00,00,00,0008,0008,00,00,00,0008,0008
1179,00,01,00,00,01,B0,00,0008,00,00,00,00,00,00,00,00,00,00,0E,02,00,00,00,00,00,0000,00,00,0000,00,00,00,00,0008,0008,00,00,00,0008,0008
1180,00,01,00,00,01,B0,00,0008,00,00,00,00,00,00,00,00,00,00,0E,02,00,00,00,00,00,0000,00,00,0000,00,00,00,00,0008,0008,00,00,00,0008,0008
1181,00,01,00,00,01,B0,00,0008,00,00,00,00,00,00,00,00,00,00,0E,02,00,00,00,00,00,0000,00,00,0000,00,00,00,00,0008,0008,00,00,00,0008,0008
1182,00,01,00,00,01,B0,00,0008,00,00,00,00,00,00,00,00,00,00,0E,02,00,00,00,00,00,0000,00,00,0000,00,00,00,00,0008,0008,00,00,00,0008,0008
1183,00,01,00,00,01,B0,00,0008,00,00,00,00,00,00,00,00,00,00,0E,02,00,00,00,00,00,0000,00,00,0000,00,00,00,00,0008,0008,00,00,00,0008,0008
1184,00,01,00,00,01,B0,00,0008,00,00,00,00,00,00,00,00,00,00,0E,02,00,00,00,00,00,0000,00,00,0000,00,00,00,00,0008,0008,00,00,00,0008,0008
1185,00,01,00,00,01,B0,00,0008,00,00,00,00,00,00,00,00,00,00,0E,02,00,00,00,00,00,0000,00,00,0000,00,00,00,00,0008,0008,00,00,00,0008,0008
1186,00,01,00,00,01,B0,00,0008,00,00,00,00,00,00,00,00,00,00,0E,02,00,00,00,00,00,0000,00,00,0000,00,00,00,00,0008,0008,00,00,00,0008,0008
1187,00,01,00,00,01,B0,00,0008,00,00,00,00,00,00,00,00,00,00,0E,02,00,00,00,00,00,0000,00,00,0000,00,00,00,00,0008,0008,00,00,00,0008,0008
1188,00,01,00,00,01,B0,00,0008,00,00,00,00,00,00,00,00,00,00,0E,02,00,00,00,00,00,0000,00,00,0000,00,00,00,00,0008,0008,00,00,00,0008,0008
1189,00,01,00,00,01,B0,00,0008,00,00,00,00,00,00,00,00,00,00,0E,02,00,00,00,00,00,0000,00,00,0000,00,00,00,00,0008,0008,00,00,00,0008,0008
1190,00,01,00,00,01,B0,00,0008,00,00,00,00,00,00,00,00,00,00,0E,02,00,00,00,00,00,0000,00,00,0000,00,00,00,00,0008,0008,00,00,00,0008,0008
1191,00,01,00,00,01,B0,00,0008,00,00,00,00,00,00,00,00,00,00,0E,02,00,00,00,00,00,0000,00,00,0000,00,00,00,00,0008,0008,00,00,00,0008,0008
1192,00,01,00,00,01,B0,00,0008,00,00,00,00,00,00,00,00,00,00,0E,02,00,00,00,00,00,0000,00,00,0000,00,00,00,00,0008,0008,00,00,00,0008,0008
1193,00,01,00,00,01,B0,00,0008,00,00,00,00,00,00,00,00,00,00,0E,02,00,00,00,00,00,0000,00,00,0000,00,00,00,00,0008,0008,00,00,00,0008,0008
1194,00,01,00,00,01,B0,00,0008,00,00,00,00,00,00,00,00,00,00,0E,02,00,00,00,00,00,0000,00,00,0000,00,00,00,00,0008,0008,00,00,00,0008,0008
1195,00,01,00,00,01,B0,00,0008,00,00,00,00,00,00,00,00,00,00,0E,02,00,00,00,00,00,0000,00,00,0000,00,00,00,00,0008,0008,00,00,00,0008,0008
1196,00,01,00,00,01,B0,00,0008,00,00,00,00,00,00,00,00,00,00,0E,02,00,00,00,00,00,0000,00,00,0000,00,00,00,00,0008,0008,00,00,00,0008,0008
1197,00,01,00,00,01,B0,00,0008,00,00,00,00,00,00,00,00,00,00,0E,02,00,00,00,00,00,0000,00,00,0000,00,00,00,00,0008,0008,00,00,00,0008,0008
1198,00,01,00,00,01,B0,00,0008,00,00,00,00,00,00,00,00,00,00,0E,02,00,00,00,00,00,0000,00,00,0000,00,00,00,00,0008,0008,00,00,00,0008,0008
1199,00,01,00,00,01,B0,00,0008,00,00,00,00,00,00,00,00,00,00,0E,02,00,00,00,00,00,0000,00,00,0000,00,00,00,00,0008,0008,00,00,00,0008,0008
1200,00,01,00,00,01,B0,00,0008,00,00,00,00,00,00,00,00,00,00,0E,02,00,00,00,00,00,0000,00,00,0000,00,00,00,00,0008,0008,00,00,00,0008,0008
1201,00,01,00,00,01,B0,00,0008,00,00,00,00,00,00,00,00,00,00,0E,02,00,00,00,00,00,0000,00,00,0000,00,00,00,00,0008,0008,00,00,00,0008,0008
1202,00,01,00,00,01,B0,00,0008,00,00,00,00,00,00,00,00,00,00,0E,02,00,00,00,00,00,0000,00,00,0000,00,00,00,00,0008,0008,00,00,00,0008,0008
1203,00,01,00,00,01,B0,00,0008,00,00,00,00,00,00,00,00,00,00,0E,02,00,00,00,00,00,0000,00,00,0000,00,00,00,00,0008,0008,00,00,00,0008,0008
1204,00,01,00,00,01,B0,00,0008,00,00,00,00,00,00,00,00,00,00,0E,02,00,00,00,00,00,0000,00,00,0000,00,00,00,00,0008,0008,00,00,00,0008,0008
1205,00,01,00,00,01,B0,00,0008,00,00,00,00,00,00,00,00,00,00,0E,02,00,00,00,00,00,0000,00,00,0000,00,00,00,00,0008,0008,00,00,00,0008,0008
1206,00,01,00,00,01,B0,00,0008,00,00,00,00,00,00,00,00,00,00,0E,02,00,00,00,00,00,0000,00,00,0000,00,00,00,00,0008,0008,00,00,00,0008,0008
1207,00,01,00,00,01,B0,00,0008,00,00,00,00,00,00,00,00,00,00,0E,02,00,00,00,00,00,0000,00,00,0000,00,00,00,00,0008,0008,00,00,00,0008,0008
1208,00,01,00,00,01,B0,00,0008,00,00,00,00,00,00,00,00,00,00,0E,02,00,00,00,00,00,0000,00,00,0000,00,00,00,00,0008,0008,00,00,00,0008,0008
1209,00,01,00,00,01,B0,00,0008,00,00,00,00,00,00,00,00,00,00,0E,02,00,00,00,00,00,0000,00,00,0000,00,00,00,00,0008,0008,00,00,00,0008,0008
1210,00,01,00,00,01,B0,00,0008,00,00,00,00,00,00,00,00,00,00,0E,02,00,00,00,00,00,0000,00,00,0000,00,00,00,00,0008,0008,00,00,00,0008,0008
1211,00,01,00,00,01,B0,00,0008,00,00,00,00,00,00,00,00,00,00,0E,02,00,00,00,00,00,0000,00,00,0000,00,00,00,00,0008,0008,00,00,00,0008,0008
1212,00,01,00,00,01,B0,00,0008,00,00,00,00,00,00,00,00,00,00,0E,02,00,00,00,00,00,0000,00,00,0000,00,00,00,00,0008,0008,00,00,00,0008,0008
1213,00,01,00,00,01,B0,00,0008,00,00,00,00,00,00,00,00,00,00,0E,02,00,00,00,00,00,0000,00,00,0000,00,00,00,00,0008,0008,00,00,00,0008,0008
1214,00,01,00,00,01,B0,00,0008,00,00,00,00,00,00,00,00,00,00,0E,02,00,00,00,00,00,0000,00,00,0000,00,00,00,00,0008,0008,00,00,00,0008,0008
1215,00,01,00,00,01,B0,00,0008,00,00,00,00,00,00,00,00,00,00,0E,02,00,00,00,00,00,0000,00,00,0000,00,00,00,00,0008,0008,00,00,00,0008,0008
1216,00,01,00,00,01,B0,00,0008,00,00,00,00,00,00,00,00,00,00,0E,02,00,00,00,00,00,0000,00,00,0000,00,00,00,00,0008,0008,00,00,00,0008,0008
1217,00,01,00,00,01,B0,00,0008,00,00,00,00,00,00,00,00,00,00,0E,02,00,00,00,00,00,0000,00,00,0000,00,00,00,00,0008,0008,00,00,00,0008,0008
1218,00,01,00,00,01,B0,00,0008,00,00,00,00,00,00,00,00,00,00,0E,02,00,00,00,00,00,0000,00,00,0000,00,00,00,00,0008,0008,00,00,00,0008,0008
1219,00,01,00,00,01,B0,00,0008,00,00,00,00,00,00,00,00,00,00,0E,02,00,00,00,00,00,0000,00,00,0000,00,00,00,00,0008,0008,00,00,00,0008,0008
1220,00,01,00,00,01,B0,00,0008,00,00,00,00,00,00,00,00,00,00,0E,02,00,00,00,00,00,0000,00,00,0000,00,00,00,00,0008,0008,00,00,00,0008,0008
1221,00,01,00,00,01,B0,00,0008,00,00,00,00,00,00,00,00,00,00,0E,02,00,00,00,00,00,0000,00,00,0000,00,00,00,00,0008,0008,00,00,00,0008,0008
1222,00,01,00,00,01,B0,00,0008,00,00,00,00,00,00,00,00,00,00,0E,02,00,00,00,00,00,0000,00,00,0000,00,00,00,00,0008,0008,00,00,00,0008,0008
1223,00,01,00,00,01,B0,00,0008,00,00,00,00,00,00,00,00,00,00,0E,02,00,00,00,00,00,0000,00,00,0000,00,00,00,00,0008,0008,00,00,00,0008,0008
1224,00,01,00,00,01,B0,00,0008,00,00,00,00,00,00,00,00,00,00,0E,02,00,00,00,00,00,0000,00,00,0000,00,00,00,00,0008,0008,00,00,00,0008,0008
1225,00,01,00,00,01,B0,00,0008,00,00,00,00,00,00,00,00,00,00,0E,02,00,00,00,00,00,0000,00,00,0000,00,00,00,00,0008,0008,00,00,00,0008,0008
1226,00,01,00,00,01,B0,00,0008,00,00,00,00,00,00,00,00,00,00,0E,02,00,00,00,00,00,0000,00,00,0000,00,00,00,00,0008,0008,00,00,00,0008,0008
1227,00,01,00,00,01,B0,00,0008,00,00,00,00,00,00,00,00,00,00,0E,02,00,00,00,00,00,0000,00,00,0000,00,00,00,00,0008,0008,00,00,00,0008,0008
1228,00,01,00,00,01,B0,00,0008,00,00,00,00,00,00,00,00,00,00,0E,02,00,00,00,00,00,0000,00,00,0000,00,00,00,00,0008,0008,00,00,00,0008,0008
1229,00,01,00,00,01,B0,00,0008,00,00,00,00,00,00,00,00,00,00,0E,02,00,00,00,00,00,0000,00,00,0000,00,00,00,00,0008,0008,00,00,00,0008,0008
1230,00,01,00,00,01,B0,00,0008,00,00,00,00,00,00,00,00,00,00,0E,02,00,00,00,00,00,0000,00,00,0000,00,00,00,00,0008,0008,00,00,00,0008,0008
1231,00,01,00,00,01,B0,00,0008,00,00,00,00,00,00,00,00,00,00,0E,02,00,00,00,00,00,0000,00,00,0000,00,00,00,00,0008,0008,00,00,00,0008,0008
1232,00,01,00,00,01,B0,00,0008,00,00,00,00,00,00,00,00,00,00,0E,02,00,00,00,00,00,0000,00,00,0000,00,00,00,00,0008,0008,00,00,00,0008,0008
1233,00,01,00,00,01,B0,00,0008,00,00,00,00,00,00,00,00,00,00,0E,02,00,00,00,00,00,0000,00,00,0000,00,00,00,00,0008,0008,00,00,00,0008,0008
1234,00,01,00,00,01,B0,00,0008,00,00,00,00,00,00,00,00,00,00,0E,02,00,00,00,00,00,0000,00,00,0000,00,00,00,00,0008,0008,00,00,00,0008,0008
1235,00,01,00,00,01,B0,00,0008,00,00,00,00,00,00,00,00,00,00,0E,02,00,00,00,00,00,0000,00,00,0000,00,00,00,00,0008,0008,00,00,00,0008,0008
1236,00,01,00,00,01,B0,00,0008,00,00,00,00,00,00,00,00,00,00,0E,02,00,00,00,00,00,0000,00,00,0000,00,00,00,00,0008,0008,00,00,00,0008,0008
1237,00,01,00,00,01,B0,00,0008,00,00,00,00,00,00,00,00,00,00,0E,02,00,00,00,00,00,0000,00,00,0000,00,00,00,00,0008,0008,00,00,00,0008,0008
1238,00,01,00,00,01,B0,00,0008,00,00,00,00,00,00,00,00,00,00,0E,02,00,00,00,00,00,0000,00,00,0000,00,00,00,00,0008,0008,00,00,00,0008,0008
1239,00,01,00,00,01,B0,00,0008,00,00,00,00,00,00,00,00,00,00,0E,02,00,00,00,00,00,0000,00,00,0000,00,00,00,00,0008,0008,00,00,00,0008,0008
1240,00,01,00,00,01,B0,00,0008,00,00,00,00,00,00,00,00,00,00,0E,02,00,00,00,00,00,0000,00,00,0000,00,00,00,00,0008,0008,00,00,00,0008,0008
1241,00,01,00,00,01,B0,00,0008,00,00,00,00,00,00,00,00,00,00,0E,02,00,00,00,00,00,0000,00,00,0000,00,00,00,00,0008,0008,00,00,00,0008,0008
1242,00,01,00,00,01,B0,00,0008,00,00,00,00,00,00,00,00,00,00,0E,02,00,00,00,00,00,0000,00,00,0000,00,00,00,00,0008,0008,00,00,00,0008,0008
1243,00,01,00,00,01,B0,00,0008,00,00,00,00,00,00,00,00,00,00,0E,02,00,00,00,00,00,0000,00,00,0000,00,00,00,00,0008,0008,00,00,00,0008,0008
1244,00,01,00,00,01,B0,00,0008,00,00,00,00,00,00,00,00,00,00,0E,02,00,00,00,00,00,0000,00,00,0000,00,00,00,00,0008,0008,00,00,00,0008,0008
1245,00,01,00,00,01,B0,00,0008,00,00,00,00,00,00,00,00,00,00,0E,02,00,00,00,00,00,0000,00,00,0000,00,00,00,00,0008,0008,00,00,00,0008,0008
1246,00,01,00,00,01,B0,00,0008,00,00,00,00,00,00,00,00,00,00,0E,02,00,00,00,00,00,0000,00,00,0000,00,00,00,00,0008,0008,00,00,00,0008,0008
1247,00,01,00,00,01,B0,00,0008,00,00,00,00,00,00,00,00,00,00,0E,02,00,00,00,00,00,0000,00,00,0000,00,00,00,00,0008,0008,00,00,00,0008,0008
1248,00,01,00,00,01,B0,00,0008,00,00,00,00,00,00,00,00,00,00,0E,02,00,00,00,00,00,0000,00,00,0000,00,00,00,00,0008,0008,00,00,00,0008,0008
1249,00,01,00,00,01,B0,00,0008,00,00,00,00,00,00,00,00,00,00,0E,02,00,00,00,00,00,0000,00,00,0000,00,00,00,00,0008,0008,00,00,00,0008,0008
1250,00,01,00,00,01,B0,00,0008,00,00,00,00,00,00,00,00,00,00,0E,02,00,00,00,00,00,0000,00,00,0000,00,00,00,00,0008,0008,00,00,00,0008,0008
1251,00,01,00,00,01,B0,00,0008,00,00,00,00,00,00,00,00,00,00,0E,02,00,00,00,00,00,0000,00,00,0000,00,00,00,00,0008,0008,00,00,00,0008,0008
1252,00,01,00,00,01,B0,00,0008,00,00,00,00,00,00,00,00,00,00,0E,02,00,00,00,00,00,0000,00,00,0000,00,00,00,00,0008,0008,00,00,00,0008,0008
1253,00,01,00,00,01,B0,00,0008,00,00,00,00,00,00,00,00,00,00,0E,02,00,00,00,00,00,0000,00,00,0000,00,00,00,00,0008,0008,00,00,00,0008,0008
1254,00,01,00,00,01,B0,00,0008,00,00,00,00,00,00,00,00,00,00,0E,02,00,00,00,00,00,0000,00,00,0000,00,00,00,00,0008,0008,00,00,00,0008,0008
1255,00,01,00,00,01,B0,00,0008,00,00,00,00,00,00,00,00,00,00,0E,02,00,00,00,00,00,0000,00,00,0000,00,00,00,00,0008,0008,00,00,00,0008,0008
1256,00,01,00,00,01,B0,00,0008,00,00,00,00,00,00,00,00,00,00,0E,02,00,00,00,00,00,0000,00,00,0000,00,00,00,00,0008,0008,00,00,00,0008,0008
1257,00,01,00,00,01,B0,00,0008,00,00,00,00,00,00,00,00,00,00,0E,02,00,00,00,00,00,0000,00,00,0000,00,00,00,00,0008,0008,00,00,00,0008,0008
1258,00,01,00,00,01,B0,00,0008,00,00,00,00,00,00,00,00,00,00,0E,02,00,00,00,00,00,0000,00,00,0000,00,00,00,00,0008,0008,00,00,00,0008,0008
1259,00,01,00,00,01,B0,00,0008,00,00,00,00,00,00,00,00,00,00,0E,02,00,00,00,00,00,0000,00,00,0000,00,00,00,00,0008,0008,00,00,00,0008,0008
1260,00,01,00,00,01,B0,00,0008,00,00,00,00,00,00,00,00,00,00,0E,02,00,00,00,00,00,0000,00,00,0000,00,00,00,00,0008,0008,00,00,00,0008,0008
1261,00,01,00,00,01,B0,00,0008,00,00,00,00,00,00,00,00,00,00,0E,02,00,00,00,00,00,0000,00,00,0000,00,00,00,00,0008,0008,00,00,00,0008,0008
1262,00,01,00,00,01,B0,00,0008,00,00,00,00,00,00,00,00,00,00,0E,02,00,00,00,00,00,0000,00,00,0000,00,00,00,00,0008,0008,00,00,00,0008,0008
1263,00,01,00,00,01,B0,00,0008,00,00,00,00,00,00,00,00,00,00,0E,02,00,00,00,00,00,0000,00,00,0000,00,00,00,00,0008,0008,00,00,00,0008,0008
1264,00,01,00,00,01,B0,00,0008,00,00,00,00,00,00,00,00,00,00,0E,02,00,00,00,00,00,0000,00,00,0000,00,00,00,00,0008,0008,00,00,00,0008,0008
1265,00,01,00,00,01,B0,00,0008,00,00,00,00,00,00,00,00,00,00,0E,02,00,00,00,00,00,0000,00,00,0000,00,00,00,00,0008,0008,00,00,00,0008,0008
1266,00,01,00,00,01,B0,00,0008,00,00,00,00,00,00,00,00,00,00,0E,02,00,00,00,00,00,0000,00,00,0000,00,00,00,00,0008,0008,00,00,00,0008,0008
1267,00,01,00,00,01,B0,00,0008,00,00,00,00,00,00,00,00,00,00,0E,02,00,00,00,00,00,0000,00,00,0000,00,00,00,00,0008,0008,00,00,00,0008,0008
1268,00,01,00,00,01,B0,00,0008,00,00,00,00,00,00,00,00,00,00,0E,02,00,00,00,00,00,0000,00,00,0000,00,00,00,00,0008,0008,00,00,00,0008,0008
1269,00,01,00,00,01,B0,00,0008,00,00,00,00,00,00,00,00,00,00,0E,02,00,00,00,00,00,0000,00,00,0000,00,00,00,00,0008,0008,00,00,00,0008,0008
1270,00,01,00,00,01,B0,00,0008,00,00,00,00,00,00,00,00,00,00,0E,02,00,00,00,00,00,0000,00,00,0000,00,00,00,00,0008,0008,00,00,00,0008,0008
1271,00,01,00,00,01,B0,00,0008,00,00,00,00,00,00,00,00,00,00,0E,02,00,00,00,00,00,0000,00,00,0000,00,00,00,00,0008,0008,00,00,00,0008,0008
1272,00,01,00,00,01,B0,00,0008,00,00,00,00,00,00,00,00,00,00,0E,02,00,00,00,00,00,0000,00,00,0000,00,00,00,00,0008,0008,00,00,00,0008,0008
1273,00,01,00,00,01,B0,00,0008,00,00,00,00,00,00,00,00,00,00,0E,02,00,00,00,00,00,0000,00,00,0000,00,00,00,00,0008,0008,00,00,00,0008,0008
1274,00,01,00,00,01,B0,00,0008,00,00,00,00,00,00,00,00,00,00,0E,02,00,00,00,00,00,0000,00,00,0000,00,00,00,00,0008,0008,00,00,00,0008,0008
1275,00,01,00,00,01,B0,00,0008,00,00,00,00,00,00,00,00,00,00,0E,02,00,00,00,00,00,0000,00,00,0000,00,00,00,00,0008,0008,00,00,00,0008,0008
1276,00,01,00,00,01,B0,00,0008,00,00,00,00,00,00,00,00,00,00,0E,02,00,00,00,00,00,0000,00,00,0000,00,00,00,00,0008,0008,00,00,00,0008,0008
1277,00,01,00,00,01,B0,00,0008,00,00,00,00,00,00,00,00,00,00,0E,02,00,00,00,00,00,0000,00,00,0000,00,00,00,00,0008,0008,00,00,00,0008,0008
1278,00,01,00,00,01,B0,00,0008,00,00,00,00,00,00,00,00,00,00,0E,02,00,00,00,00,00,0000,00,00,0000,00,00,00,00,0008,0008,00,00,00,0008,0008
1279,00,01,00,00,01,B0,00,0008,00,00,00,00,00,00,00,00,00,00,0E,02,00,00,00,00,00,0000,00,00,0000,00,00,00,00,0008,0008,00,00,00,0008,0008
1280,00,01,00,00,01,B0,00,0008,00,00,00,00,00,00,00,00,00,00,0E,02,00,00,00,00,00,0000,00,00,0000,00,00,00,00,0008,0008,00,00,00,0008,0008
1281,00,01,00,00,01,B0,00,0008,00,00,00,00,00,00,00,00,00,00,0E,02,00,00,00,00,00,0000,00,00,0000,00,00,00,00,0008,0008,00,00,00,0008,0008
1282,00,01,00,00,01,B0,00,0008,00,00,00,00,00,00,00,00,00,00,0E,02,00,00,00,00,00,0000,00,00,0000,00,00,00,00,0008,0008,00,00,00,0008,0008
1283,00,01,00,00,01,B0,00,0008,00,00,00,00,00,00,00,00,00,00,0E,02,00,00,00,00,00,0000,00,00,0000,00,00,00,00,0008,0008,00,00,00,0008,0008
1284,00,01,00,00,01,B0,00,0008,00,00,00,00,00,00,00,00,00,00,0E,02,00,00,00,00,00,0000,00,00,0000,00,00,00,00,0008,0008,00,00,00,0008,0008
1285,00,01,00,00,01,B0,00,0008,00,00,00,00,00,00,00,00,00,00,0E,02,00,00,00,00,00,0000,00,00,0000,00,00,00,00,0008,0008,00,00,00,0008,0008
1286,00,01,00,00,01,B0,00,0008,00,00,00,00,00,00,00,00,00,00,0E,02,00,00,00,00,00,0000,00,00,0000,00,00,00,00,0008,0008,00,00,00,0008,0008
1287,00,01,00,00,01,B0,00,0008,00,00,00,00,00,00,00,00,00,00,0E,02,00,00,00,00,00,0000,00,00,0000,00,00,00,00,0008,0008,00,00,00,0008,0008
1288,00,01,00,00,01,B0,00,0008,00,00,00,00,00,00,00,00,00,00,0E,02,00,00,00,00,00,0000,00,00,0000,00,00,00,00,0008,0008,00,00,00,0008,0008
1289,00,01,00,00,01,B0,00,0008,00,00,00,00,00,00,00,00,00,00,0E,02,00,00,00,00,00,0000,00,00,0000,00,00,00,00,0008,0008,00,00,00,0008,0008
1290,00,01,00,00,01,B0,00,0008,00,00,00,00,00,00,00,00,00,00,0E,02,00,00,00,00,00,0000,00,00,0000,00,00,00,00,0008,0008,00,00,00,0008,0008
1291,00,01,00,00,01,B0,00,0008,00,00,00,00,00,00,00,00,00,00,0E,02,00,00,00,00,00,0000,00,00,0000,00,00,00,00,0008,0008,00,00,00,0008,0008
1292,00,01,00,00,01,B0,00,0008,00,00,00,00,00,00,00,00,00,00,0E,02,00,00,00,00,00,0000,00,00,0000,00,00,00,00,0008,0008,00,00,00,0008,0008
1293,00,01,00,00,01,B0,00,0008,00,00,00,00,00,00,00,00,00,00,0E,02,00,00,00,00,00,0000,00,00,0000,00,00,00,00,0008,0008,00,00,00,0008,0008
1294,00,01,00,00,01,B0,00,0008,00,00,00,00,00,00,00,00,00,00,0E,02,00,00,00,00,00,0000,00,00,0000,00,00,00,00,0008,0008,00,00,00,0008,0008
1295,00,01,00,00,01,B0,00,0008,00,00,00,00,00,00,00,00,00,00,0E,02,00,00,00,00,00,0000,00,00,0000,00,00,00,00,0008,0008,00,00,00,0008,0008
1296,00,01,00,00,01,B0,00,0008,00,00,00,00,00,00,00,00,00,00,0E,02,00,00,00,00,00,0000,00,00,0000,00,00,00,00,0008,0008,00,00,00,0008,0008
1297,00,01,00,00,01,B0,00,0008,00,00,00,00,00,00,00,00,00,00,0E,02,00,00,00,00,00,0000,00,00,0000,00,00,00,00,0008,0008,00,00,00,0008,0008
1298,00,01,00,00,01,B0,00,0008,00,00,00,00,00,00,00,00,00,00,0E,02,00,00,00,00,00,0000,00,00,0000,00,00,00,00,0008,0008,00,00,00,0008,0008
1299,00,01,00,00,01,B0,00,0008,00,00,00,00,00,00,00,00,00,00,0E,02,00,00,00,00,00,0000,00,00,0000,00,00,00,00,0008,0008,00,00,00,0008,0008
1300,00,01,00,00,01,B0,00,0008,00,00,00,00,00,00,00,00,00,00,0E,02,00,00,00,00,00,0000,00,00,0000,00,00,00,00,0008,0008,00,00,00,0008,0008
1301,00,01,00,00,01,B0,00,0008,00,00,00,00,00,00,00,00,00,00,0E,02,00,00,00,00,00,0000,00,00,0000,00,00,00,00,0008,0008,00,00,00,0008,0008
1302,00,01,00,00,01,B0,00,0008,00,00,00,00,00,00,00,00,00,00,0E,02,00,00,00,00,00,0000,00,00,0000,00,00,00,00,0008,0008,00,00,00,0008,0008
1303,00,01,00,00,01,B0,00,0008,00,00,00,00,00,00,00,00,00,00,0E,02,00,00,00,00,00,0000,00,00,0000,00,00,00,00,0008,0008,00,00,00,0008,0008
1304,00,01,00,00,01,B0,00,0008,00,00,00,00,00,00,00,00,00,00,0E,02,00,00,00,00,00,0000,00,00,0000,00,00,00,00,0008,0008,00,00,00,0008,0008
1305,00,01,00,00,01,B0,00,0008,00,00,00,00,00,00,00,00,00,00,0E,02,00,00,00,00,00,0000,00,00,0000,00,00,00,00,0008,0008,00,00,00,0008,0008
1306,00,01,00,00,01,B0,00,0008,00,00,00,00,00,00,00,00,00,00,0E,02,00,00,00,00,00,0000,00,00,0000,00,00,00,00,0008,0008,00,00,00,0008,0008
1307,00,01,00,00,01,B0,00,0008,00,00,00,00,00,00,00,00,00,00,0E,02,00,00,00,00,00,0000,00,00,0000,00,00,00,00,0008,0008,00,00,00,0008,0008
1308,00,01,00,00,01,B0,00,0008,00,00,00,00,00,00,00,00,00,00,0E,02,00,00,00,00,00,0000,00,00,0000,00,00,00,00,0008,0008,00,00,00,0008,0008
1309,00,01,00,00,01,B0,00,0008,00,00,00,00,00,00,00,00,00,00,0E,02,00,00,00,00,00,0000,00,00,0000,00,00,00,00,0008,0008,00,00,00,0008,0008
1310,00,01,00,00,01,B0,00,0008,00,00,00,00,00,00,00,00,00,00,0E,02,00,00,00,00,00,0000,00,00,0000,00,00,00,00,0008,0008,00,00,00,0008,0008
1311,00,01,00,00,01,B0,00,0008,00,00,00,00,00,00,00,00,00,00,0E,02,00,00,00,00,00,0000,00,00,0000,00,00,00,00,0008,0008,00,00,00,0008,0008
1312,00,01,00,00,01,B0,00,0008,00,00,00,00,00,00,00,00,00,00,0E,02,00,00,00,00,00,0000,00,00,0000,00,00,00,00,0008,0008,00,00,00,0008,0008
1313,00,01,00,00,01,B0,00,0008,00,00,00,00,00,00,00,00,00,00,0E,02,00,00,00,00,00,0000,00,00,0000,00,00,00,00,0008,0008,00,00,00,0008,0008
1314,00,01,00,00,01,B0,00,0008,00,00,00,00,00,00,00,00,00,00,0E,02,00,00,00,00,00,0000,00,00,0000,00,00,00,00,0008,0008,00,00,00,0008,0008
1315,00,01,00,00,01,B0,00,0008,00,00,00,00,00,00,00,00,00,00,0E,02,00,00,00,00,00,0000,00,00,0000,00,00,00,00,0008,0008,00,00,00,0008,0008
1316,00,01,00,00,01,B0,00,0008,00,00,00,00,00,00,00,00,00,00,0E,02,00,00,00,00,00,0000,00,00,0000,00,00,00,00,0008,0008,00,00,00,0008,0008
1317,00,01,00,00,01,B0,00,0008,00,00,00,00,00,00,00,00,00,00,0E,02,00,00,00,00,00,0000,00,00,0000,00,00,00,00,0008,0008,00,00,00,0008,0008
1318,00,01,00,00,01,B0,00,0008,00,00,00,00,00,00,00,00,00,00,0E,02,00,00,00,00,00,0000,00,00,0000,00,00,00,00,0008,0008,00,00,00,0008,0008
1319,00,01,00,00,01,B0,00,0008,00,00,00,00,00,00,00,00,00,00,0E,02,00,00,00,00,00,0000,00,00,0000,00,00,00,00,0008,0008,00,00,00,0008,0008
1320,00,01,00,00,01,B0,00,0008,00,00,00,00,00,00,00,00,00,00,0E,02,00,00,00,00,00,0000,00,00,0000,00,00,00,00,0008,0008,00,00,00,0008,0008
1321,00,01,00,00,01,B0,00,0008,00,00,00,00,00,00,00,00,00,00,0E,02,00,00,00,00,00,0000,00,00,0000,00,00,00,00,0008,0008,00,00,00,0008,0008
1322,00,01,00,00,01,B0,00,0008,00,00,00,00,00,00,00,00,00,00,0E,02,00,00,00,00,00,0000,00,00,0000,00,00,00,00,0008,0008,00,00,00,0008,0008
1323,00,01,00,00,01,B0,00,0008,00,00,00,00,00,00,00,00,00,00,0E,02,00,00,00,00,00,0000,00,00,0000,00,00,00,00,0008,0008,00,00,00,0008,0008
1324,00,01,00,00,01,B0,00,0008,00,00,00,00,00,00,00,00,00,00,0E,02,00,00,00,00,00,0000,00,00,0000,00,00,00,00,0008,0008,00,00,00,0008,0008
1325,00,01,00,00,01,B0,00,0008,00,00,00,00,00,00,00,00,00,00,0E,02,00,00,00,00,00,0000,00,00,0000,00,00,00,00,0008,0008,00,00,00,0008,0008
1326,00,01,00,00,01,B0,00,0008,00,00,00,00,00,00,00,00,00,00,0E,02,00,00,00,00,00,0000,00,00,0000,00,00,00,00,0008,0008,00,00,00,0008,0008
1327,00,01,00,00,01,B0,00,0008,00,00,00,00,00,00,00,00,00,00,0E,02,00,00,00,00,00,0000,00,00,0000,00,00,00,00,0008,0008,00,00,00,0008,0008
1328,00,01,00,00,01,B0,00,0008,00,00,00,00,00,00,00,00,00,00,0E,02,00,00,00,00,00,0000,00,00,0000,00,00,00,00,0008,0008,00,00,00,0008,0008
1329,00,01,00,00,01,B0,00,0008,00,00,00,00,00,00,00,00,00,00,0E,02,00,00,00,00,00,0000,00,00,0000,00,00,00,00,0008,0008,00,00,00,0008,0008
1330,00,01,00,00,01,B0,00,0008,00,00,00,00,00,00,00,00,00,00,0E,02,00,00,00,00,00,0000,00,00,0000,00,00,00,00,0008,0008,00,00,00,0008,0008
1331,00,01,00,00,01,B0,00,0008,00,00,00,00,00,00,00,00,00,00,0E,02,00,00,00,00,00,0000,00,00,0000,00,00,00,00,0008,0008,00,00,00,0008,0008
1332,00,01,00,00,01,B0,00,0008,00,00,00,00,00,00,00,00,00,00,0E,02,00,00,00,00,00,0000,00,00,0000,00,00,00,00,0008,0008,00,00,00,0008,0008
1333,00,01,00,00,01,B0,00,0008,00,00,00,00,00,00,00,00,00,00,0E,02,00,00,00,00,00,0000,00,00,0000,00,00,00,00,0008,0008,00,00,00,0008,0008
1334,00,01,00,00,01,B0,00,0008,00,00,00,00,00,00,00,00,00,00,0E,02,00,00,00,00,00,0000,00,00,0000,00,00,00,00,0008,0008,00,00,00,0008,0008
1335,00,01,00,00,01,B0,00,0008,00,00,00,00,00,00,00,00,00,00,0E,02,00,00,00,00,00,0000,00,00,0000,00,00,00,00,0008,0008,00,00,00,0008,0008
1336,00,01,00,00,01,B0,00,0008,00,00,00,00,00,00,00,00,00,00,0E,02,00,00,00,00,00,0000,00,00,0000,00,00,00,00,0008,0008,00,00,00,0008,0008
1337,00,01,00,00,01,B0,00,0008,00,00,00,00,00,00,00,00,00,00,0E,02,00,00,00,00,00,0000,00,00,0000,00,00,00,00,0008,0008,00,00,00,0008,0008
1338,00,01,00,00,01,B0,00,0008,00,00,00,00,00,00,00,00,00,00,0E,02,00,00,00,00,00,0000,00,00,0000,00,00,00,00,0008,0008,00,00,00,0008,0008
1339,00,01,00,00,01,B0,00,0008,00,00,00,00,00,00,00,00,00,00,0E,02,00,00,00,00,00,0000,00,00,0000,00,00,00,00,0008,0008,00,00,00,0008,0008
1340,00,01,00,00,01,B0,00,0008,00,00,00,00,00,00,00,00,00,00,0E,02,00,00,00,00,00,0000,00,00,0000,00,00,00,00,0008,0008,00,00,00,0008,0008
1341,00,01,00,00,01,B0,00,0008,00,00,00,00,00,00,00,00,00,00,0E,02,00,00,00,00,00,0000,00,00,0000,00,00,00,00,0008,0008,00,00,00,0008,0008
1342,00,01,00,00,01,B0,00,0008,00,00,00,00,00,00,00,00,00,00,0E,02,00,00,00,00,00,0000,00,00,0000,00,00,00,00,0008,0008,00,00,00,0008,0008
1343,00,01,00,00,01,B0,00,0008,00,00,00,00,00,00,00,00,00,00,0E,02,00,00,00,00,00,0000,00,00,0000,00,00,00,00,0008,0008,00,00,00,0008,0008
1344,00,01,00,00,01,B0,00,0008,00,00,00,00,00,00,00,00,00,00,0E,02,00,00,00,00,00,0000,00,00,0000,00,00,00,00,0008,0008,00,00,00,0008,0008
1345,00,01,00,00,01,B0,00,0008,00,00,00,00,00,00,00,00,00,00,0E,02,00,00,00,00,00,0000,00,00,0000,00,00,00,00,0008,0008,00,00,00,0008,0008
1346,00,01,00,00,01,B0,00,0008,00,00,00,00,00,00,00,00,00,00,0E,02,00,00,00,00,00,0000,00,00,0000,00,00,00,00,0008,0008,00,00,00,0008,0008
1347,00,01,00,00,01,B0,00,0008,00,00,00,00,00,00,00,00,00,00,0E,02,00,00,00,00,00,0000,00,00,0000,00,00,00,00,0008,0008,00,00,00,0008,0008
1348,00,01,00,00,01,B0,00,0008,00,00,00,00,00,00,00,00,00,00,0E,02,00,00,00,00,00,0000,00,00,0000,00,00,00,00,0008,0008,00,00,00,0008,0008
1349,00,01,00,00,01,B0,00,0008,00,00,00,00,00,00,00,00,00,00,0E,02,00,00,00,00,00,0000,00,00,0000,00,00,00,00,0008,0008,00,00,00,0008,0008
1350,00,01,00,00,01,B0,00,0008,00,00,00,00,00,00,00,00,00,00,0E,02,00,00,00,00,00,0000,00,00,0000,00,00,00,00,0008,0008,00,00,00,0008,0008
1351,00,01,00,00,01,B0,00,0008,00,00,00,00,00,00,00,00,00,00,0E,02,00,00,00,00,00,0000,00,00,0000,00,00,00,00,0008,0008,00,00,00,0008,0008
1352,00,01,00,00,01,B0,00,0008,00,00,00,00,00,00,00,00,00,00,0E,02,00,00,00,00,00,0000,00,00,0000,00,00,00,00,0008,0008,00,00,00,0008,0008
1353,00,01,00,00,01,B0,00,0008,00,00,00,00,00,00,00,00,00,00,0E,02,00,00,00,00,00,0000,00,00,0000,00,00,00,00,0008,0008,00,00,00,0008,0008
1354,00,01,00,00,01,B0,00,0008,00,00,00,00,00,00,00,00,00,00,0E,02,00,00,00,00,00,0000,00,00,0000,00,00,00,00,0008,0008,00,00,00,0008,0008
1355,00,01,00,00,01,B0,00,0008,00,00,00,00,00,00,00,00,00,00,0E,02,00,00,00,00,00,0000,00,00,0000,00,00,00,00,0008,0008,00,00,00,0008,0008
1356,00,01,00,00,01,B0,00,0008,00,00,00,00,00,00,00,00,00,00,0E,02,00,00,00,00,00,0000,00,00,0000,00,00,00,00,0008,0008,00,00,00,0008,0008
1357,00,01,00,00,01,B0,00,0008,00,00,00,00,00,00,00,00,00,00,0E,02,00,00,00,00,00,0000,00,00,0000,00,00,00,00,0008,0008,00,00,00,0008,0008
1358,00,01,00,00,01,B0,00,0008,00,00,00,00,00,00,00,00,00,00,0E,02,00,00,00,00,00,0000,00,00,0000,00,00,00,00,0008,0008,00,00,00,0008,0008
1359,00,01,00,00,01,B0,00,0008,00,00,00,00,00,00,00,00,00,00,0E,02,00,00,00,00,00,0000,00,00,0000,00,00,00,00,0008,0008,00,00,00,0008,0008
1360,00,01,00,00,01,B0,00,0008,00,00,00,00,00,00,00,00,00,00,0E,02,00,00,00,00,00,0000,00,00,0000,00,00,00,00,0008,0008,00,00,00,0008,0008
1361,00,01,00,00,01,B0,00,0008,00,00,00,00,00,00,00,00,00,00,0E,02,00,00,00,00,00,0000,00,00,0000,00,00,00,00,0008,0008,00,00,00,0008,0008
1362,00,01,00,00,01,B0,00,0008,00,00,00,00,00,00,00,00,00,00,0E,02,00,00,00,00,00,0000,00,00,0000,00,00,00,00,0008,0008,00,00,00,0008,0008
1363,00,01,00,00,01,B0,00,0008,00,00,00,00,00,00,00,00,00,00,0E,02,00,00,00,00,00,0000,00,00,0000,00,00,00,00,0008,0008,00,00,00,0008,0008
1364,00,01,00,00,01,B0,00,0008,00,00,00,00,00,00,00,00,00,00,0E,02,00,00,00,00,00,0000,00,00,0000,00,00,00,00,0008,0008,00,00,00,0008,0008
1365,00,01,00,00,01,B0,00,0008,00,00,00,00,00,00,00,00,00,00,0E,02,00,00,00,00,00,0000,00,00,0000,00,00,00,00,0008,0008,00,00,00,0008,0008
1366,00,01,00,00,01,B0,00,0008,00,00,00,00,00,00,00,00,00,00,0E,02,00,00,00,00,00,0000,00,00,0000,00,00,00,00,0008,0008,00,00,00,0008,0008
1367,00,01,00,00,01,B0,00,0008,00,00,00,00,00,00,00,00,00,00,0E,02,00,00,00,00,00,0000,00,00,0000,00,00,00,00,0008,0008,00,00,00,0008,0008
1368,00,01,00,00,01,B0,00,0008,00,00,00,00,00,00,00,00,00,00,0E,02,00,00,00,00,00,0000,00,00,0000,00,00,00,00,0008,0008,00,00,00,0008,0008
1369,00,01,00,00,01,B0,00,0008,00,00,00,00,00,00,00,00,00,00,0E,02,00,00,00,00,00,0000,00,00,0000,00,00,00,00,0008,0008,00,00,00,0008,0008
1370,00,01,00,00,01,B0,00,0008,00,00,00,00,00,00,00,00,00,00,0E,02,00,00,00,00,00,0000,00,00,0000,00,00,00,00,0008,0008,00,00,00,0008,0008
1371,00,01,00,00,01,B0,00,0008,00,00,00,00,00,00,00,00,00,00,0E,02,00,00,00,00,00,0000,00,00,0000,00,00,00,00,0008,0008,00,00,00,0008,0008
1372,00,01,00,00,01,B0,00,0008,00,00,00,00,00,00,00,00,00,00,0E,02,00,00,00,00,00,0000,00,00,0000,00,00,00,00,0008,0008,00,00,00,0008,0008
1373,00,01,00,00,01,B0,00,0008,00,00,00,00,00,00,00,00,00,00,0E,02,00,00,00,00,00,0000,00,00,0000,00,00,00,00,0008,0008,00,00,00,0008,0008
1374,00,01,00,00,01,B0,00,0008,00,00,00,00,00,00,00,00,00,00,0E,02,00,00,00,00,00,0000,00,00,0000,00,00,00,00,0008,0008,00,00,00,0008,0008
1375,00,01,00,00,01,B0,00,0008,00,00,00,00,00,00,00,00,00,00,0E,02,00,00,00,00,00,0000,00,00,0000,00,00,00,00,0008,0008,00,00,00,0008,0008
1376,00,01,00,00,01,B0,00,0008,00,00,00,00,00,00,00,00,00,00,0E,02,00,00,00,00,00,0000,00,00,0000,00,00,00,00,0008,0008,00,00,00,0008,0008
1377,00,01,00,00,01,B0,00,0008,00,00,00,00,00,00,00,00,00,00,0E,02,00,00,00,00,00,0000,00,00,0000,00,00,00,00,0008,0008,00,00,00,0008,0008
1378,00,01,00,00,01,B0,00,0008,00,00,00,00,00,00,00,00,00,00,0E,02,00,00,00,00,00,0000,00,00,0000,00,00,00,00,0008,0008,00,00,00,0008,0008
1379,00,01,00,00,01,B0,00,0008,00,00,00,00,00,00,00,00,00,00,0E,02,00,00,00,00,00,0000,00,00,0000,00,00,00,00,0008,0008,00,00,00,0008,0008
1380,00,01,00,00,01,B0,00,0008,00,00,00,00,00,00,00,00,00,00,0E,02,00,00,00,00,00,0000,00,00,0000,00,00,00,00,0008,0008,00,00,00,0008,0008
1381,00,01,00,00,01,B0,00,0008,00,00,00,00,00,00,00,00,00,00,0E,02,00,00,00,00,00,0000,00,00,0000,00,00,00,00,0008,0008,00,00,00,0008,0008
1382,00,01,00,00,01,B0,00,0008,00,00,00,00,00,00,00,00,00,00,0E,02,00,00,00,00,00,0000,00,00,0000,00,00,00,00,0008,0008,00,00,00,0008,0008
1383,00,01,00,00,01,B0,00,0008,00,00,00,00,00,00,00,00,00,00,0E,02,00,00,00,00,00,0000,00,00,0000,00,00,00,00,0008,0008,00,00,00,0008,0008
1384,00,01,00,00,01,B0,00,0008,00,00,00,00,00,00,00,00,00,00,0E,02,00,00,00,00,00,0000,00,00,0000,00,00,00,00,0008,0008,00,00,00,0008,0008
1385,00,01,00,00,01,B0,00,0008,00,00,00,00,00,00,00,00,00,00,0E,02,00,00,00,00,00,0000,00,00,0000,00,00,00,00,0008,0008,00,00,00,0008,0008
1386,00,01,00,00,01,B0,00,0008,00,00,00,00,00,00,00,00,00,00,0E,02,00,00,00,00,00,0000,00,00,0000,00,00,00,00,0008,0008,00,00,00,0008,0008
1387,00,01,00,00,01,B0,00,0008,00,00,00,00,00,00,00,00,00,00,0E,02,00,00,00,00,00,0000,00,00,0000,00,00,00,00,0008,0008,00,00,00,0008,0008
1388,00,01,00,00,01,B0,00,0008,00,00,00,00,00,00,00,00,00,00,0E,02,00,00,00,00,00,0000,00,00,0000,00,00,00,00,0008,0008,00,00,00,0008,0008
1389,00,01,00,00,01,B0,00,0008,00,00,00,00,00,00,00,00,00,00,0E,02,00,00,00,00,00,0000,00,00,0000,00,00,00,00,0008,0008,00,00,00,0008,0008
1390,00,01,00,00,01,B0,00,0008,00,00,00,00,00,00,00,00,00,00,0E,02,00,00,00,00,00,0000,00,00,0000,00,00,00,00,0008,0008,00,00,00,0008,0008
1391,00,01,00,00,01,B0,00,0008,00,00,00,00,00,00,00,00,00,00,0E,02,00,00,00,00,00,0000,00,00,0000,00,00,00,00,0008,0008,00,00,00,0008,0008
1392,00,01,00,00,01,B0,00,0008,00,00,00,00,00,00,00,00,00,00,0E,02,00,00,00,00,00,0000,00,00,0000,00,00,00,00,0008,0008,00,00,00,0008,0008
1393,00,01,00,00,01,B0,00,0008,00,00,00,00,00,00,00,00,00,00,0E,02,00,00,00,00,00,0000,00,00,0000,00,00,00,00,0008,0008,00,00,00,0008,0008
1394,00,01,00,00,01,B0,00,0008,00,00,00,00,00,00,00,00,00,00,0E,02,00,00,00,00,00,0000,00,00,0000,00,00,00,00,0008,0008,00,00,00,0008,0008
1395,00,01,00,00,01,B0,00,0008,00,00,00,00,00,00,00,00,00,00,0E,02,00,00,00,00,00,0000,00,00,0000,00,00,00,00,0008,0008,00,00,00,0008,0008
1396,00,01,00,00,01,B0,00,0008,00,00,00,00,00,00,00,00,00,00,0E,02,00,00,00,00,00,0000,00,00,0000,00,00,00,00,0008,0008,00,00,00,0008,0008
1397,00,01,00,00,01,B0,00,0008,00,00,00,00,00,00,00,00,00,00,0E,02,00,00,00,00,00,0000,00,00,0000,00,00,00,00,0008,0008,00,00,00,0008,0008
1398,00,01,00,00,01,B0,00,0008,00,00,00,00,00,00,00,00,00,00,0E,02,00,00,00,00,00,0000,00,00,0000,00,00,00,00,0008,0008,00,00,00,0008,0008
1399,00,01,00,00,01,B0,00,0008,00,00,00,00,00,00,00,00,00,00,0E,02,00,00,00,00,00,0000,00,00,0000,00,00,00,00,0008,0008,00,00,00,0008,0008
1400,00,01,00,00,01,B0,00,0008,00,00,00,00,00,00,00,00,00,00,0E,02,00,00,00,00,00,0000,00,00,0000,00,00,00,00,0008,0008,00,00,00,0008,0008
1401,00,01,00,00,01,B0,00,0008,00,00,00,00,00,00,00,00,00,00,0E,02,00,00,00,00,00,0000,00,00,0000,00,00,00,00,0008,0008,00,00,00,0008,0008
1402,00,01,00,00,01,B0,00,0008,00,00,00,00,00,00,00,00,00,00,0E,02,00,00,00,00,00,0000,00,00,0000,00,00,00,00,0008,0008,00,00,00,0008,0008
1403,00,01,00,00,01,B0,00,0008,00,00,00,00,00,00,00,00,00,00,0E,02,00,00,00,00,00,0000,00,00,0000,00,00,00,00,0008,0008,00,00,00,0008,0008
1404,00,01,00,00,01,B0,00,0008,00,00,00,00,00,00,00,00,00,00,0E,02,00,00,00,00,00,0000,00,00,0000,00,00,00,00,0008,0008,00,00,00,0008,0008
1405,00,01,00,00,01,B0,00,0008,00,00,00,00,00,00,00,00,00,00,0E,02,00,00,00,00,00,0000,00,00,0000,00,00,00,00,0008,0008,00,00,00,0008,0008
1406,00,01,00,00,01,B0,00,0008,00,00,00,00,00,00,00,00,00,00,0E,02,00,00,00,00,00,0000,00,00,0000,00,00,00,00,0008,0008,00,00,00,0008,0008
1407,00,01,00,00,01,B0,00,0008,00,00,00,00,00,00,00,00,00,00,0E,02,00,00,00,00,00,0000,00,00,0000,00,00,00,00,0008,0008,00,00,00,0008,0008
1408,00,01,00,00,01,B0,00,0008,00,00,00,00,00,00,00,00,00,00,0E,02,00,00,00,00,00,0000,00,00,0000,00,00,00,00,0008,0008,00,00,00,0008,0008
1409,00,01,00,00,01,B0,00,0008,00,00,00,00,00,00,00,00,00,00,0E,02,00,00,00,00,00,0000,00,00,0000,00,00,00,00,0008,0008,00,00,00,0008,0008
1410,00,01,00,00,01,B0,00,0008,00,00,00,00,00,00,00,00,00,00,0E,02,00,00,00,00,00,0000,00,00,0000,00,00,00,00,0008,0008,00,00,00,0008,0008
1411,00,01,00,00,01,B0,00,0008,00,00,00,00,00,00,00,00,00,00,0E,02,00,00,00,00,00,0000,00,00,0000,00,00,00,00,0008,0008,00,00,00,0008,0008
1412,00,01,00,00,01,B0,00,0008,00,00,00,00,00,00,00,00,00,00,0E,02,00,00,00,00,00,0000,00,00,0000,00,00,00,00,0008,0008,00,00,00,0008,0008
1413,00,01,00,00,01,B0,00,0008,00,00,00,00,00,00,00,00,00,00,0E,02,00,00,00,00,00,0000,00,00,0000,00,00,00,00,0008,0008,00,00,00,0008,0008
1414,00,01,00,00,01,B0,00,0008,00,00,00,00,00,00,00,00,00,00,0E,02,00,00,00,00,00,0000,00,00,0000,00,00,00,00,0008,0008,00,00,00,0008,0008
1415,00,01,00,00,01,B0,00,0008,00,00,00,00,00,00,00,00,00,00,0E,02,00,00,00,00,00,0000,00,00,0000,00,00,00,00,0008,0008,00,00,00,0008,0008
1416,00,01,00,00,01,B0,00,0008,00,00,00,00,00,00,00,00,00,00,0E,02,00,00,00,00,00,0000,00,00,0000,00,00,00,00,0008,0008,00,00,00,0008,0008
1417,00,01,00,00,01,B0,00,0008,00,00,00,00,00,00,00,00,00,00,0E,02,00,00,00,00,00,0000,00,00,0000,00,00,00,00,0008,0008,00,00,00,0008,0008
1418,00,01,00,00,01,B0,00,0008,00,00,00,00,00,00,00,00,00,00,0E,02,00,00,00,00,00,0000,00,00,0000,00,00,00,00,0008,0008,00,00,00,0008,0008
1419,00,01,00,00,01,B0,00,0008,00,00,00,00,00,00,00,00,00,00,0E,02,00,00,00,00,00,0000,00,00,0000,00,00,00,00,0008,0008,00,00,00,0008,0008
1420,00,01,00,00,01,B0,00,0008,00,00,00,00,00,00,00,00,00,00,0E,02,00,00,00,00,00,0000,00,00,0000,00,00,00,00,0008,0008,00,00,00,0008,0008
1421,00,01,00,00,01,B0,00,0008,00,00,00,00,00,00,00,00,00,00,0E,02,00,00,00,00,00,0000,00,00,0000,00,00,00,00,0008,0008,00,00,00,0008,0008
1422,00,01,00,00,01,B0,00,0008,00,00,00,00,00,00,00,00,00,00,0E,02,00,00,00,00,00,0000,00,00,0000,00,00,00,00,0008,0008,00,00,00,0008,0008
1423,00,01,00,00,01,B0,00,0008,00,00,00,00,00,00,00,00,00,00,0E,02,00,00,00,00,00,0000,00,00,0000,00,00,00,00,0008,0008,00,00,00,0008,0008
1424,00,01,00,00,01,B0,00,0008,00,00,00,00,00,00,00,00,00,00,0E,02,00,00,00,00,00,0000,00,00,0000,00,00,00,00,0008,0008,00,00,00,0008,0008
1425,00,01,00,00,01,B0,00,0008,00,00,00,00,00,00,00,00,00,00,0E,02,00,00,00,00,00,0000,00,00,0000,00,00,00,00,0008,0008,00,00,00,0008,0008
1426,00,01,00,00,01,B0,00,0008,00,00,00,00,00,00,00,00,00,00,0E,02,00,00,00,00,00,0000,00,00,0000,00,00,00,00,0008,0008,00,00,00,0008,0008
1427,00,01,00,00,01,B0,00,0008,00,00,00,00,00,00,00,00,00,00,0E,02,00,00,00,00,00,0000,00,00,0000,00,00,00,00,0008,0008,00,00,00,0008,0008
1428,00,01,00,00,01,B0,00,0008,00,00,00,00,00,00,00,00,00,00,0E,02,00,00,00,00,00,0000,00,00,0000,00,00,00,00,0008,0008,00,00,00,0008,0008
1429,00,01,00,00,01,B0,00,0008,00,00,00,00,00,00,00,00,00,00,0E,02,00,00,00,00,00,0000,00,00,0000,00,00,00,00,0008,0008,00,00,00,0008,0008
1430,00,01,00,00,01,B0,00,0008,00,00,00,00,00,00,00,00,00,00,0E,02,00,00,00,00,00,0000,00,00,0000,00,00,00,00,0008,0008,00,00,00,0008,0008
1431,00,01,00,00,01,B0,00,0008,00,00,00,00,00,00,00,00,00,00,0E,02,00,00,00,00,00,0000,00,00,0000,00,00,00,00,0008,0008,00,00,00,0008,0008
1432,00,01,00,00,01,B0,00,0008,00,00,00,00,00,00,00,00,00,00,0E,02,00,00,00,00,00,0000,00,00,0000,00,00,00,00,0008,0008,00,00,00,0008,0008
1433,00,01,00,00,01,B0,00,0008,00,00,00,00,00,00,00,00,00,00,0E,02,00,00,00,00,00,0000,00,00,0000,00,00,00,00,0008,0008,00,00,00,0008,0008
1434,00,01,00,00,01,B0,00,0008,00,00,00,00,00,00,00,00,00,00,0E,02,00,00,00,00,00,0000,00,00,0000,00,00,00,00,0008,0008,00,00,00,0008,0008
1435,00,01,00,00,01,B0,00,0008,00,00,00,00,00,00,00,00,00,00,0E,02,00,00,00,00,00,0000,00,00,0000,00,00,00,00,0008,0008,00,00,00,0008,0008
1436,00,01,00,00,01,B0,00,0008,00,00,00,00,00,00,00,00,00,00,0E,02,00,00,00,00,00,0000,00,00,0000,00,00,00,00,0008,0008,00,00,00,0008,0008
1437,00,01,00,00,01,B0,00,0008,00,00,00,00,00,00,00,00,00,00,0E,02,00,00,00,00,00,0000,00,00,0000,00,00,00,00,0008,0008,00,00,00,0008,0008
1438,00,01,00,00,01,B0,00,0008,00,00,00,00,00,00,00,00,00,00,0E,02,00,00,00,00,00,0000,00,00,0000,00,00,00,00,0008,0008,00,00,00,0008,0008
1439,00,01,00,00,01,B0,00,0008,00,00,00,00,00,00,00,00,00,00,0E,02,00,00,00,00,00,0000,00,00,0000,00,00,00,00,0008,0008,00,00,00,0008,0008
1440,00,01,00,00,01,B0,00,0008,00,00,00,00,00,00,00,00,00,00,0E,02,00,00,00,00,00,0000,00,00,0000,00,00,00,00,0008,0008,00,00,00,0008,0008
1441,00,01,00,00,01,B0,00,0008,00,00,00,00,00,00,00,00,00,00,0E,02,00,00,00,00,00,0000,00,00,0000,00,00,00,00,0008,0008,00,00,00,0008,0008
1442,00,01,00,00,01,B0,00,0008,00,00,00,00,00,00,00,00,00,00,0E,02,00,00,00,00,00,0000,00,00,0000,00,00,00,00,0008,0008,00,00,00,0008,0008
1443,00,01,00,00,01,B0,00,0008,00,00,00,00,00,00,00,00,00,00,0E,02,00,00,00,00,00,0000,00,00,0000,00,00,00,00,0008,0008,00,00,00,0008,0008
1444,00,01,00,00,01,B0,00,0008,00,00,00,00,00,00,00,00,00,00,0E,02,00,00,00,00,00,0000,00,00,0000,00,00,00,00,0008,0008,00,00,00,0008,0008
1445,00,01,00,00,01,B0,00,0008,00,00,00,00,00,00,00,00,00,00,0E,02,00,00,00,00,00,0000,00,00,0000,00,00,00,00,0008,0008,00,00,00,0008,0008
1446,00,01,00,00,01,B0,00,0008,00,00,00,00,00,00,00,00,00,00,0E,02,00,00,00,00,00,0000,00,00,0000,00,00,00,00,0008,0008,00,00,00,0008,0008
1447,00,01,00,00,01,B0,00,0008,00,00,00,00,00,00,00,00,00,00,0E,02,00,00,00,00,00,0000,00,00,0000,00,00,00,00,0008,0008,00,00,00,0008,0008
1448,00,01,00,00,01,B0,00,0008,00,00,00,00,00,00,00,00,00,00,0E,02,00,00,00,00,00,0000,00,00,0000,00,00,00,00,0008,0008,00,00,00,0008,0008
1449,00,01,00,00,01,B0,00,0008,00,00,00,00,00,00,00,00,00,00,0E,02,00,00,00,00,00,0000,00,00,0000,00,00,00,00,0008,0008,00,00,00,0008,0008
1450,00,01,00,00,01,B0,00,0008,00,00,00,00,00,00,00,00,00,00,0E,02,00,00,00,00,00,0000,00,00,0000,00,00,00,00,0008,0008,00,00,00,0008,0008
1451,00,01,00,00,01,B0,00,0008,00,00,00,00,00,00,00,00,00,00,0E,02,00,00,00,00,00,0000,00,00,0000,00,00,00,00,0008,0008,00,00,00,0008,0008
1452,00,01,00,00,01,B0,00,0008,00,00,00,00,00,00,00,00,00,00,0E,02,00,00,00,00,00,0000,00,00,0000,00,00,00,00,0008,0008,00,00,00,0008,0008
1453,00,01,00,00,01,B0,00,0008,00,00,00,00,00,00,00,00,00,00,0E,02,00,00,00,00,00,0000,00,00,0000,00,00,00,00,0008,0008,00,00,00,0008,0008
1454,00,01,00,00,01,B0,00,0008,00,00,00,00,00,00,00,00,00,00,0E,02,00,00,00,00,00,0000,00,00,0000,00,00,00,00,0008,0008,00,00,00,0008,0008
1455,00,01,00,00,01,B0,00,0008,00,00,00,00,00,00,00,00,00,00,0E,02,00,00,00,00,00,0000,00,00,0000,00,00,00,00,0008,0008,00,00,00,0008,0008
1456,00,01,00,00,01,B0,00,0008,00,00,00,00,00,00,00,00,00,00,0E,02,00,00,00,00,00,0000,00,00,0000,00,00,00,00,0008,0008,00,00,00,0008,0008
1457,00,01,00,00,01,B0,00,0008,00,00,00,00,00,00,00,00,00,00,0E,02,00,00,00,00,00,0000,00,00,0000,00,00,00,00,0008,0008,00,00,00,0008,0008
1458,00,01,00,00,01,B0,00,0008,00,00,00,00,00,00,00,00,00,00,0E,02,00,00,00,00,00,0000,00,00,0000,00,00,00,00,0008,0008,00,00,00,0008,0008
1459,00,01,00,00,01,B0,00,0008,00,00,00,00,00,00,00,00,00,00,0E,02,00,00,00,00,00,0000,00,00,0000,00,00,00,00,0008,0008,00,00,00,0008,0008
1460,00,01,00,00,01,B0,00,0008,00,00,00,00,00,00,00,00,00,00,0E,02,00,00,00,00,00,0000,00,00,0000,00,00,00,00,0008,0008,00,00,00,0008,0008
1461,00,01,00,00,01,B0,00,0008,00,00,00,00,00,00,00,00,00,00,0E,02,00,00,00,00,00,0000,00,00,0000,00,00,00,00,0008,0008,00,00,00,0008,0008
1462,00,01,00,00,01,B0,00,0008,00,00,00,00,00,00,00,00,00,00,0E,02,00,00,00,00,00,0000,00,00,0000,00,00,00,00,0008,0008,00,00,00,0008,0008
1463,00,01,00,00,01,B0,00,0008,00,00,00,00,00,00,00,00,00,00,0E,02,00,00,00,00,00,0000,00,00,0000,00,00,00,00,0008,0008,00,00,00,0008,0008
1464,00,01,00,00,01,B0,00,0008,00,00,00,00,00,00,00,00,00,00,0E,02,00,00,00,00,00,0000,00,00,0000,00,00,00,00,0008,0008,00,00,00,0008,0008
1465,00,01,00,00,01,B0,00,0008,00,00,00,00,00,00,00,00,00,00,0E,02,00,00,00,00,00,0000,00,00,0000,00,00,00,00,0008,0008,00,00,00,0008,0008
1466,00,01,00,00,01,B0,00,0008,00,00,00,00,00,00,00,00,00,00,0E,02,00,00,00,00,00,0000,00,00,0000,00,00,00,00,0008,0008,00,00,00,0008,0008
1467,00,01,00,00,01,B0,00,0008,00,00,00,00,00,00,00,00,00,00,0E,02,00,00,00,00,00,0000,00,00,0000,00,00,00,00,0008,0008,00,00,00,0008,0008
1468,00,01,00,00,01,B0,00,0008,00,00,00,00,00,00,00,00,00,00,0E,02,00,00,00,00,00,0000,00,00,0000,00,00,00,00,0008,0008,00,00,00,0008,0008
1469,00,01,00,00,01,B0,00,0008,00,00,00,00,00,00,00,00,00,00,0E,02,00,00,00,00,00,0000,00,00,0000,00,00,00,00,0008,0008,00,00,00,0008,0008
1470,00,01,00,00,01,B0,00,0008,00,00,00,00,00,00,00,00,00,00,0E,02,00,00,00,00,00,0000,00,00,0000,00,00,00,00,0008,0008,00,00,00,0008,0008
1471,00,01,00,00,01,B0,00,0008,00,00,00,00,00,00,00,00,00,00,0E,02,00,00,00,00,00,0000,00,00,0000,00,00,00,00,0008,0008,00,00,00,0008,0008
1472,00,01,00,00,01,B0,00,0008,00,00,00,00,00,00,00,00,00,00,0E,02,00,00,00,00,00,0000,00,00,0000,00,00,00,00,0008,0008,00,00,00,0008,0008
1473,00,01,00,00,01,B0,00,0008,00,00,00,00,00,00,00,00,00,00,0E,02,00,00,00,00,00,0000,00,00,0000,00,00,00,00,0008,0008,00,00,00,0008,0008
1474,00,01,00,00,01,B0,00,0008,00,00,00,00,00,00,00,00,00,00,0E,02,00,00,00,00,00,0000,00,00,0000,00,00,00,00,0008,0008,00,00,00,0008,0008
1475,00,01,00,00,01,B0,00,0008,00,00,00,00,00,00,00,00,00,00,0E,02,00,00,00,00,00,0000,00,00,0000,00,00,00,00,0008,0008,00,00,00,0008,0008
1476,00,01,00,00,01,B0,00,0008,00,00,00,00,00,00,00,00,00,00,0E,02,00,00,00,00,00,0000,00,00,0000,00,00,00,00,0008,0008,00,00,00,0008,0008
1477,00,01,00,00,01,B0,00,0008,00,00,00,00,00,00,00,00,00,00,0E,02,00,00,00,00,00,0000,00,00,0000,00,00,00,00,0008,0008,00,00,00,0008,0008
1478,00,01,00,00,01,B0,00,0008,00,00,00,00,00,00,00,00,00,00,0E,02,00,00,00,00,00,0000,00,00,0000,00,00,00,00,0008,0008,00,00,00,0008,0008
1479,00,01,00,00,01,B0,00,0008,00,00,00,00,00,00,00,00,00,00,0E,02,00,00,00,00,00,0000,00,00,0000,00,00,00,00,0008,0008,00,00,00,0008,0008
1480,00,01,00,00,01,B0,00,0008,00,00,00,00,00,00,00,00,00,00,0E,02,00,00,00,00,00,0000,00,00,0000,00,00,00,00,0008,0008,00,00,00,0008,0008
1481,00,01,00,00,01,B0,00,0008,00,00,00,00,00,00,00,00,00,00,0E,02,00,00,00,00,00,0000,00,00,0000,00,00,00,00,0008,0008,00,00,00,0008,0008
1482,00,01,00,00,01,B0,00,0008,00,00,00,00,00,00,00,00,00,00,0E,02,00,00,00,00,00,0000,00,00,0000,00,00,00,00,0008,0008,00,00,00,0008,0008
1483,00,01,00,00,01,B0,00,0008,00,00,00,00,00,00,00,00,00,00,0E,02,00,00,00,00,00,0000,00,00,0000,00,00,00,00,0008,0008,00,00,00,0008,0008
1484,00,01,00,00,01,B0,00,0008,00,00,00,00,00,00,00,00,00,00,0E,02,00,00,00,00,00,0000,00,00,0000,00,00,00,00,0008,0008,00,00,00,0008,0008
1485,00,01,00,00,01,B0,00,0008,00,00,00,00,00,00,00,00,00,00,0E,02,00,00,00,00,00,0000,00,00,0000,00,00,00,00,0008,0008,00,00,00,0008,0008
1486,00,01,00,00,01,B0,00,0008,00,00,00,00,00,00,00,00,00,00,0E,02,00,00,00,00,00,0000,00,00,0000,00,00,00,00,0008,0008,00,00,00,0008,0008
1487,00,01,00,00,01,B0,00,0008,00,00,00,00,00,00,00,00,00,00,0E,02,00,00,00,00,00,0000,00,00,0000,00,00,00,00,0008,0008,00,00,00,0008,0008
1488,00,01,00,00,01,B0,00,0008,00,00,00,00,00,00,00,00,00,00,0E,02,00,00,00,00,00,0000,00,00,0000,00,00,00,00,0008,0008,00,00,00,0008,0008
1489,00,01,00,00,01,B0,00,0008,00,00,00,00,00,00,00,00,00,00,0E,02,00,00,00,00,00,0000,00,00,0000,00,00,00,00,0008,0008,00,00,00,0008,0008
1490,00,01,00,00,01,B0,00,0008,00,00,00,00,00,00,00,00,00,00,0E,02,00,00,00,00,00,0000,00,00,0000,00,00,00,00,0008,0008,00,00,00,0008,0008
1491,00,01,00,00,01,B0,00,0008,00,00,00,00,00,00,00,00,00,00,0E,02,00,00,00,00,00,0000,00,00,0000,00,00,00,00,0008,0008,00,00,00,0008,0008
1492,00,01,00,00,01,B0,00,0008,00,00,00,00,00,00,00,00,00,00,0E,02,00,00,00,00,00,0000,00,00,0000,00,00,00,00,0008,0008,00,00,00,0008,0008
1493,00,01,00,00,01,B0,00,0008,00,00,00,00,00,00,00,00,00,00,0E,02,00,00,00,00,00,0000,00,00,0000,00,00,00,00,0008,0008,00,00,00,0008,0008
1494,00,01,00,00,01,B0,00,0008,00,00,00,00,00,00,00,00,00,00,0E,02,00,00,00,00,00,0000,00,00,0000,00,00,00,00,0008,0008,00,00,00,0008,0008
1495,00,01,00,00,01,B0,00,0008,00,00,00,00,00,00,00,00,00,00,0E,02,00,00,00,00,00,0000,00,00,0000,00,00,00,00,0008,0008,00,00,00,0008,0008
1496,00,01,00,00,01,B0,00,0008,00,00,00,00,00,00,00,00,00,00,0E,02,00,00,00,00,00,0000,00,00,0000,00,00,00,00,0008,0008,00,00,00,0008,0008
1497,00,01,00,00,01,B0,00,0008,00,00,00,00,00,00,00,00,00,00,0E,02,00,00,00,00,00,0000,00,00,0000,00,00,00,00,0008,0008,00,00,00,0008,0008
1498,00,01,00,00,01,B0,00,0008,00,00,00,00,00,00,00,00,00,00,0E,02,00,00,00,00,00,0000,00,00,0000,00,00,00,00,0008,0008,00,00,00,0008,0008
1499,00,01,00,00,01,B0,00,0008,00,00,00,00,00,00,00,00,00,00,0E,02,00,00,00,00,00,0000,00,00,0000,00,00,00,00,0008,0008,00,00,00,0008,0008
1500,00,01,00,00,01,B0,00,0008,00,00,00,00,00,00,00,00,00,00,0E,02,00,00,00,00,00,0000,00,00,0000,00,00,00,00,0008,0008,00,00,00,0008,0008
1501,00,01,00,00,01,B0,00,0008,00,00,00,00,00,00,00,00,00,00,0E,02,00,00,00,00,00,0000,00,00,0000,00,00,00,00,0008,0008,00,00,00,0008,0008
1502,00,01,00,00,01,B0,00,0008,00,00,00,00,00,00,00,00,00,00,0E,02,00,00,00,00,00,0000,00,00,0000,00,00,00,00,0008,0008,00,00,00,0008,0008
1503,00,01,00,00,01,B0,00,0008,00,00,00,00,00,00,00,00,00,00,0E,02,00,00,00,00,00,0000,00,00,0000,00,00,00,00,0008,0008,00,00,00,0008,0008
1504,00,01,00,00,01,B0,00,0008,00,00,00,00,00,00,00,00,00,00,0E,02,00,00,00,00,00,0000,00,00,0000,00,00,00,00,0008,0008,00,00,00,0008,0008
1505,00,01,00,00,01,B0,00,0008,00,00,00,00,00,00,00,00,00,00,0E,02,00,00,00,00,00,0000,00,00,0000,00,00,00,00,0008,0008,00,00,00,0008,0008
1506,00,01,00,00,01,B0,00,0008,00,00,00,00,00,00,00,00,00,00,0E,02,00,00,00,00,00,0000,00,00,0000,00,00,00,00,0008,0008,00,00,00,0008,0008
1507,00,01,00,00,01,B0,00,0008,00,00,00,00,00,00,00,00,00,00,0E,02,00,00,00,00,00,0000,00,00,0000,00,00,00,00,0008,0008,00,00,00,0008,0008
1508,00,01,00,00,01,B0,00,0008,00,00,00,00,00,00,00,00,00,00,0E,02,00,00,00,00,00,0000,00,00,0000,00,00,00,00,0008,0008,00,00,00,0008,0008
1509,00,01,00,00,01,B0,00,0008,00,00,00,00,00,00,00,00,00,00,0E,02,00,00,00,00,00,0000,00,00,0000,00,00,00,00,0008,0008,00,00,00,0008,0008
1510,00,01,00,00,01,B0,00,0008,00,00,00,00,00,00,00,00,00,00,0E,02,00,00,00,00,00,0000,00,00,0000,00,00,00,00,0008,0008,00,00,00,0008,0008
1511,00,01,00,00,01,B0,00,0008,00,00,00,00,00,00,00,00,00,00,0E,02,00,00,00,00,00,0000,00,00,0000,00,00,00,00,0008,0008,00,00,00,0008,0008
1512,00,01,00,00,01,B0,00,0008,00,00,00,00,00,00,00,00,00,00,0E,02,00,00,00,00,00,0000,00,00,0000,00,00,00,00,0008,0008,00,00,00,0008,0008
1513,00,01,00,00,01,B0,00,0008,00,00,00,00,00,00,00,00,00,00,0E,02,00,00,00,00,00,0000,00,00,0000,00,00,00,00,0008,0008,00,00,00,0008,0008
1514,00,01,00,00,01,B0,00,0008,00,00,00,00,00,00,00,00,00,00,0E,02,00,00,00,00,00,0000,00,00,0000,00,00,00,00,0008,0008,00,00,00,0008,0008
1515,00,01,00,00,01,B0,00,0008,00,00,00,00,00,00,00,00,00,00,0E,02,00,00,00,00,00,0000,00,00,0000,00,00,00,00,0008,0008,00,00,00,0008,0008
1516,00,01,00,00,01,B0,00,0008,00,00,00,00,00,00,00,00,00,00,0E,02,00,00,00,00,00,0000,00,00,0000,00,00,00,00,0008,0008,00,00,00,0008,0008
1517,00,01,00,00,01,B0,00,0008,00,00,00,00,00,00,00,00,00,00,0E,02,00,00,00,00,00,0000,00,00,0000,00,00,00,00,0008,0008,00,00,00,0008,0008
1518,00,01,00,00,01,B0,00,0008,00,00,00,00,00,00,00,00,00,00,0E,02,00,00,00,00,00,0000,00,00,0000,00,00,00,00,0008,0008,00,00,00,0008,0008
1519,00,01,00,00,01,B0,00,0008,00,00,00,00,00,00,00,00,00,00,0E,02,00,00,00,00,00,0000,00,00,0000,00,00,00,00,0008,0008,00,00,00,0008,0008
1520,00,01,00,00,01,B0,00,0008,00,00,00,00,00,00,00,00,00,00,0E,02,00,00,00,00,00,0000,00,00,0000,00,00,00,00,0008,0008,00,00,00,0008,0008
1521,00,01,00,00,01,B0,00,0008,00,00,00,00,00,00,00,00,00,00,0E,02,00,00,00,00,00,0000,00,00,0000,00,00,00,00,0008,0008,00,00,00,0008,0008
1522,00,01,00,00,01,B0,00,0008,00,00,00,00,00,00,00,00,00,00,0E,02,00,00,00,00,00,0000,00,00,0000,00,00,00,00,0008,0008,00,00,00,0008,0008
1523,00,01,00,00,01,B0,00,0008,00,00,00,00,00,00,00,00,00,00,0E,02,00,00,00,00,00,0000,00,00,0000,00,00,00,00,0008,0008,00,00,00,0008,0008
1524,00,01,00,00,01,B0,00,0008,00,00,00,00,00,00,00,00,00,00,0E,02,00,00,00,00,00,0000,00,00,0000,00,00,00,00,0008,0008,00,00,00,0008,0008
1525,00,01,00,00,01,B0,00,0008,00,00,00,00,00,00,00,00,00,00,0E,02,00,00,00,00,00,0000,00,00,0000,00,00,00,00,0008,0008,00,00,00,0008,0008
1526,00,01,00,00,01,B0,00,0008,00,00,00,00,00,00,00,00,00,00,0E,02,00,00,00,00,00,0000,00,00,0000,00,00,00,00,0008,0008,00,00,00,0008,0008
1527,00,01,00,00,01,B0,00,0008,00,00,00,00,00,00,00,00,00,00,0E,02,00,00,00,00,00,0000,00,00,0000,00,00,00,00,0008,0008,00,00,00,0008,0008
1528,00,01,00,00,01,B0,00,0008,00,00,00,00,00,00,00,00,00,00,0E,02,00,00,00,00,00,0000,00,00,0000,00,00,00,00,0008,0008,00,00,00,0008,0008
1529,00,01,00,00,01,B0,00,0008,00,00,00,00,00,00,00,00,00,00,0E,02,00,00,00,00,00,0000,00,00,0000,00,00,00,00,0008,0008,00,00,00,0008,0008
1530,00,01,00,00,01,B0,00,0008,00,00,00,00,00,00,00,00,00,00,0E,02,00,00,00,00,00,0000,00,00,0000,00,00,00,00,0008,0008,00,00,00,0008,0008
1531,00,01,00,00,01,B0,00,0008,00,00,00,00,00,00,00,00,00,00,0E,02,00,00,00,00,00,0000,00,00,0000,00,00,00,00,0008,0008,00,00,00,0008,0008
1532,00,01,00,00,01,B0,00,0008,00,00,00,00,00,00,00,00,00,00,0E,02,00,00,00,00,00,0000,00,00,0000,00,00,00,00,0008,0008,00,00,00,0008,0008
1533,00,01,00,00,01,B0,00,0008,00,00,00,00,00,00,00,00,00,00,0E,02,00,00,00,00,00,0000,00,00,0000,00,00,00,00,0008,0008,00,00,00,0008,0008
1534,00,01,00,00,01,B0,00,0008,00,00,00,00,00,00,00,00,00,00,0E,02,00,00,00,00,00,0000,00,00,0000,00,00,00,00,0008,0008,00,00,00,0008,0008
1535,00,01,00,00,01,B0,00,0008,00,00,00,00,00,00,00,00,00,00,0E,02,00,00,00,00,00,0000,00,00,0000,00,00,00,00,0008,0008,00,00,00,0008,0008
1536,00,01,00,00,01,B0,00,0008,00,00,00,00,00,00,00,00,00,00,0E,02,00,00,00,00,00,0000,00,00,0000,00,00,00,00,0008,0008,00,00,00,0008,0008
1537,00,01,00,00,01,B0,00,0008,00,00,00,00,00,00,00,00,00,00,0E,02,00,00,00,00,00,0000,00,00,0000,00,00,00,00,0008,0008,00,00,00,0008,0008
1538,00,01,00,00,01,B0,00,0008,00,00,00,00,00,00,00,00,00,00,0E,02,00,00,00,00,00,0000,00,00,0000,00,00,00,00,0008,0008,00,00,00,0008,0008
1539,00,01,00,00,01,B0,00,0008,00,00,00,00,00,00,00,00,00,00,0E,02,00,00,00,00,00,0000,00,00,0000,00,00,00,00,0008,0008,00,00,00,0008,0008
1540,00,01,00,00,01,B0,00,0008,00,00,00,00,00,00,00,00,00,00,0E,02,00,00,00,00,00,0000,00,00,0000,00,00,00,00,0008,0008,00,00,00,0008,0008
1541,00,01,00,00,01,B0,00,0008,00,00,00,00,00,00,00,00,00,00,0E,02,00,00,00,00,00,0000,00,00,0000,00,00,00,00,0008,0008,00,00,00,0008,0008
1542,00,01,00,00,01,B0,00,0008,00,00,00,00,00,00,00,00,00,00,0E,02,00,00,00,00,00,0000,00,00,0000,00,00,00,00,0008,0008,00,00,00,0008,0008
1543,00,01,00,00,01,B0,00,0008,00,00,00,00,00,00,00,00,00,00,0E,02,00,00,00,00,00,0000,00,00,0000,00,00,00,00,0008,0008,00,00,00,0008,0008
1544,00,01,00,00,01,B0,00,0008,00,00,00,00,00,00,00,00,00,00,0E,02,00,00,00,00,00,0000,00,00,0000,00,00,00,00,0008,0008,00,00,00,0008,0008
1545,00,01,00,00,01,B0,00,0008,00,00,00,00,00,00,00,00,00,00,0E,02,00,00,00,00,00,0000,00,00,0000,00,00,00,00,0008,0008,00,00,00,0008,0008
1546,00,01,00,00,01,B0,00,0008,00,00,00,00,00,00,00,00,00,00,0E,02,00,00,00,00,00,0000,00,00,0000,00,00,00,00,0008,0008,00,00,00,0008,0008
1547,00,01,00,00,01,B0,00,0008,00,00,00,00,00,00,00,00,00,00,0E,02,00,00,00,00,00,0000,00,00,0000,00,00,00,00,0008,0008,00,00,00,0008,0008
1548,00,01,00,00,01,B0,00,0008,00,00,00,00,00,00,00,00,00,00,0E,02,00,00,00,00,00,0000,00,00,0000,00,00,00,00,0008,0008,00,00,00,0008,0008
1549,00,01,00,00,01,B0,00,0008,00,00,00,00,00,00,00,00,00,00,0E,02,00,00,00,00,00,0000,00,00,0000,00,00,00,00,0008,0008,00,00,00,0008,0008
1550,00,01,00,00,01,B0,00,0008,00,00,00,00,00,00,00,00,00,00,0E,02,00,00,00,00,00,0000,00,00,0000,00,00,00,00,0008,0008,00,00,00,0008,0008
1551,00,01,00,00,01,B0,00,0008,00,00,00,00,00,00,00,00,00,00,0E,02,00,00,00,00,00,0000,00,00,0000,00,00,00,00,0008,0008,00,00,00,0008,0008
1552,00,01,00,00,01,B0,00,0008,00,00,00,00,00,00,00,00,00,00,0E,02,00,00,00,00,00,0000,00,00,0000,00,00,00,00,0008,0008,00,00,00,0008,0008
1553,00,01,00,00,01,B0,00,0008,00,00,00,00,00,00,00,00,00,00,0E,02,00,00,00,00,00,0000,00,00,0000,00,00,00,00,0008,0008,00,00,00,0008,0008
1554,00,01,00,00,01,B0,00,0008,00,00,00,00,00,00,00,00,00,00,0E,02,00,00,00,00,00,0000,00,00,0000,00,00,00,00,0008,0008,00,00,00,0008,0008
1555,00,01,00,00,01,B0,00,0008,00,00,00,00,00,00,00,00,00,00,0E,02,00,00,00,00,00,0000,00,00,0000,00,00,00,00,0008,0008,00,00,00,0008,0008
1556,00,01,00,00,01,B0,00,0008,00,00,00,00,00,00,00,00,00,00,0E,02,00,00,00,00,00,0000,00,00,0000,00,00,00,00,0008,0008,00,00,00,0008,0008
1557,00,01,00,00,01,B0,00,0008,00,00,00,00,00,00,00,00,00,00,0E,02,00,00,00,00,00,0000,00,00,0000,00,00,00,00,0008,0008,00,00,00,0008,0008
1558,00,01,00,00,01,B0,00,0008,00,00,00,00,00,00,00,00,00,00,0E,02,00,00,00,00,00,0000,00,00,0000,00,00,00,00,0008,0008,00,00,00,0008,0008
1559,00,01,00,00,01,B0,00,0008,00,00,00,00,00,00,00,00,00,00,0E,02,00,00,00,00,00,0000,00,00,0000,00,00,00,00,0008,0008,00,00,00,0008,0008
1560,00,01,00,00,01,B0,00,0008,00,00,00,00,00,00,00,00,00,00,0E,02,00,00,00,00,00,0000,00,00,0000,00,00,00,00,0008,0008,00,00,00,0008,0008
1561,00,01,00,00,01,B0,00,0008,00,00,00,00,00,00,00,00,00,00,0E,02,00,00,00,00,00,0000,00,00,0000,00,00,00,00,0008,0008,00,00,00,0008,0008
1562,00,01,00,00,01,B0,00,0008,00,00,00,00,00,00,00,00,00,00,0E,02,00,00,00,00,00,0000,00,00,0000,00,00,00,00,0008,0008,00,00,00,0008,0008
1563,00,01,00,00,01,B0,00,0008,00,00,00,00,00,00,00,00,00,00,0E,02,00,00,00,00,00,0000,00,00,0000,00,00,00,00,0008,0008,00,00,00,0008,0008
1564,00,01,00,00,01,B0,00,0008,00,00,00,00,00,00,00,00,00,00,0E,02,00,00,00,00,00,0000,00,00,0000,00,00,00,00,0008,0008,00,00,00,0008,0008
1565,00,01,00,00,01,B0,00,0008,00,00,00,00,00,00,00,00,00,00,0E,02,00,00,00,00,00,0000,00,00,0000,00,00,00,00,0008,0008,00,00,00,0008,0008
1566,00,01,00,00,01,B0,00,0008,00,00,00,00,00,00,00,00,00,00,0E,02,00,00,00,00,00,0000,00,00,0000,00,00,00,00,0008,0008,00,00,00,0008,0008
1567,00,01,00,00,01,B0,00,0008,00,00,00,00,00,00,00,00,00,00,0E,02,00,00,00,00,00,0000,00,00,0000,00,00,00,00,0008,0008,00,00,00,0008,0008
1568,00,01,00,00,01,B0,00,0008,00,00,00,00,00,00,00,00,00,00,0E,02,00,00,00,00,00,0000,00,00,0000,00,00,00,00,0008,0008,00,00,00,0008,0008
1569,00,01,00,00,01,B0,00,0008,00,00,00,00,00,00,00,00,00,00,0E,02,00,00,00,00,00,0000,00,00,0000,00,00,00,00,0008,0008,00,00,00,0008,0008
1570,00,01,00,00,01,B0,00,0008,00,00,00,00,00,00,00,00,00,00,0E,02,00,00,00,00,00,0000,00,00,0000,00,00,00,00,0008,0008,00,00,00,0008,0008
1571,00,01,00,00,01,B0,00,0008,00,00,00,00,00,00,00,00,00,00,0E,02,00,00,00,00,00,0000,00,00,0000,00,00,00,00,0008,0008,00,00,00,0008,0008
1572,00,01,00,00,01,B0,00,0008,00,00,00,00,00,00,00,00,00,00,0E,02,00,00,00,00,00,0000,00,00,0000,00,00,00,00,0008,0008,00,00,00,0008,0008
1573,00,01,00,00,01,B0,00,0008,00,00,00,00,00,00,00,00,00,00,0E,02,00,00,00,00,00,0000,00,00,0000,00,00,00,00,0008,0008,00,00,00,0008,0008
1574,00,01,00,00,01,B0,00,0008,00,00,00,00,00,00,00,00,00,00,0E,02,00,00,00,00,00,0000,00,00,0000,00,00,00,00,0008,0008,00,00,00,0008,0008
1575,00,01,00,00,01,B0,00,0008,00,00,00,00,00,00,00,00,00,00,0E,02,00,00,00,00,00,0000,00,00,0000,00,00,00,00,0008,0008,00,00,00,0008,0008
1576,00,01,00,00,01,B0,00,0008,00,00,00,00,00,00,00,00,00,00,0E,02,00,00,00,00,00,0000,00,00,0000,00,00,00,00,0008,0008,00,00,00,0008,0008
1577,00,01,00,00,01,B0,00,0008,00,00,00,00,00,00,00,00,00,00,0E,02,00,00,00,00,00,0000,00,00,0000,00,00,00,00,0008,0008,00,00,00,0008,0008
1578,00,01,00,00,01,B0,00,0008,00,00,00,00,00,00,00,00,00,00,0E,02,00,00,00,00,00,0000,00,00,0000,00,00,00,00,0008,0008,00,00,00,0008,0008
1579,00,01,00,00,01,B0,00,0008,00,00,00,00,00,00,00,00,00,00,0E,02,00,00,00,00,00,0000,00,00,0000,00,00,00,00,0008,0008,00,00,00,0008,0008
1580,00,01,00,00,01,B0,00,0008,00,00,00,00,00,00,00,00,00,00,0E,02,00,00,00,00,00,0000,00,00,0000,00,00,00,00,0008,0008,00,00,00,0008,0008
1581,00,01,00,00,01,B0,00,0008,00,00,00,00,00,00,00,00,00,00,0E,02,00,00,00,00,00,0000,00,00,0000,00,00,00,00,0008,0008,00,00,00,0008,0008
1582,00,01,00,00,01,B0,00,0008,00,00,00,00,00,00,00,00,00,00,0E,02,00,00,00,00,00,0000,00,00,0000,00,00,00,00,0008,0008,00,00,00,0008,0008
1583,00,01,00,00,01,B0,00,0008,00,00,00,00,00,00,00,00,00,00,0E,02,00,00,00,00,00,0000,00,00,0000,00,00,00,00,0008,0008,00,00,00,0008,0008
1584,00,01,00,00,01,B0,00,0008,00,00,00,00,00,00,00,00,00,00,0E,02,00,00,00,00,00,0000,00,00,0000,00,00,00,00,0008,0008,00,00,00,0008,0008
1585,00,01,00,00,01,B0,00,0008,00,00,00,00,00,00,00,00,00,00,0E,02,00,00,00,00,00,0000,00,00,0000,00,00,00,00,0008,0008,00,00,00,0008,0008
1586,00,01,00,00,01,B0,00,0008,00,00,00,00,00,00,00,00,00,00,0E,02,00,00,00,00,00,0000,00,00,0000,00,00,00,00,0008,0008,00,00,00,0008,0008
1587,00,01,00,00,01,B0,00,0008,00,00,00,00,00,00,00,00,00,00,0E,02,00,00,00,00,00,0000,00,00,0000,00,00,00,00,0008,0008,00,00,00,0008,0008
1588,00,01,00,00,01,B0,00,0008,00,00,00,00,00,00,00,00,00,00,0E,02,00,00,00,00,00,0000,00,00,0000,00,00,00,00,0008,0008,00,00,00,0008,0008
1589,00,01,00,00,01,B0,00,0008,00,00,00,00,00,00,00,00,00,00,0E,02,00,00,00,00,00,0000,00,00,0000,00,00,00,00,0008,0008,00,00,00,0008,0008
1590,00,01,00,00,01,B0,00,0008,00,00,00,00,00,00,00,00,00,00,0E,02,00,00,00,00,00,0000,00,00,0000,00,00,00,00,0008,0008,00,00,00,0008,0008
1591,00,01,00,00,01,B0,00,0008,00,00,00,00,00,00,00,00,00,00,0E,02,00,00,00,00,00,0000,00,00,0000,00,00,00,00,0008,0008,00,00,00,0008,0008
1592,00,01,00,00,01,B0,00,0008,00,00,00,00,00,00,00,00,00,00,0E,02,00,00,00,00,00,0000,00,00,0000,00,00,00,00,0008,0008,00,00,00,0008,0008
1593,00,01,00,00,01,B0,00,0008,00,00,00,00,00,00,00,00,00,00,0E,02,00,00,00,00,00,0000,00,00,0000,00,00,00,00,0008,0008,00,00,00,0008,0008
1594,00,01,00,00,01,B0,00,0008,00,00,00,00,00,00,00,00,00,00,0E,02,00,00,00,00,00,0000,00,00,0000,00,00,00,00,0008,0008,00,00,00,0008,0008
1595,00,01,00,00,01,B0,00,0008,00,00,00,00,00,00,00,00,00,00,0E,02,00,00,00,00,00,0000,00,00,0000,00,00,00,00,0008,0008,00,00,00,0008,0008
1596,00,01,00,00,01,B0,00,0008,00,00,00,00,00,00,00,00,00,00,0E,02,00,00,00,00,00,0000,00,00,0000,00,00,00,00,0008,0008,00,00,00,0008,0008
1597,00,01,00,00,01,B0,00,0008,00,00,00,00,00,00,00,00,00,00,0E,02,00,00,00,00,00,0000,00,00,0000,00,00,00,00,0008,0008,00,00,00,0008,0008
1598,00,01,00,00,01,B0,00,0008,00,00,00,00,00,00,00,00,00,00,0E,02,00,00,00,00,00,0000,00,00,0000,00,00,00,00,0008,0008,00,00,00,0008,0008
1599,00,01,00,00,01,B0,00,0008,00,00,00,00,00,00,00,00,00,00,0E,02,00,00,00,00,00,0000,00,00,0000,00,00,00,00,0008,0008,00,00,00,0008,0008
1600,00,01,00,00,01,B0,00,0008,00,00,00,00,00,00,00,00,00,00,0E,02,00,00,00,00,00,0000,00,00,0000,00,00,00,00,0008,0008,00,00,00,0008,0008
1601,00,01,00,00,01,B0,00,0008,00,00,00,00,00,00,00,00,00,00,0E,02,00,00,00,00,00,0000,00,00,0000,00,00,00,00,0008,0008,00,00,00,0008,0008
1602,00,01,00,00,01,B0,00,0008,00,00,00,00,00,00,00,00,00,00,0E,02,00,00,00,00,00,0000,00,00,0000,00,00,00,00,0008,0008,00,00,00,0008,0008
1603,00,01,00,00,01,B0,00,0008,00,00,00,00,00,00,00,00,00,00,0E,02,00,00,00,00,00,0000,00,00,0000,00,00,00,00,0008,0008,00,00,00,0008,0008
1604,00,01,00,00,01,B0,00,0008,00,00,00,00,00,00,00,00,00,00,0E,02,00,00,00,00,00,0000,00,00,0000,00,00,00,00,0008,0008,00,00,00,0008,0008
1605,00,01,00,00,01,B0,00,0008,00,00,00,00,00,00,00,00,00,00,0E,02,00,00,00,00,00,0000,00,00,0000,00,00,00,00,0008,0008,00,00,00,0008,0008
1606,00,01,00,00,01,B0,00,0008,00,00,00,00,00,00,00,00,00,00,0E,02,00,00,00,00,00,0000,00,00,0000,00,00,00,00,0008,0008,00,00,00,0008,0008
1607,00,01,00,00,01,B0,00,0008,00,00,00,00,00,00,00,00,00,00,0E,02,00,00,00,00,00,0000,00,00,0000,00,00,00,00,0008,0008,00,00,00,0008,0008
1608,00,01,00,00,01,B0,00,0008,00,00,00,00,00,00,00,00,00,00,0E,02,00,00,00,00,00,0000,00,00,0000,00,00,00,00,0008,0008,00,00,00,0008,0008
1609,00,01,00,00,01,B0,00,0008,00,00,00,00,00,00,00,00,00,00,0E,02,00,00,00,00,00,0000,00,00,0000,00,00,00,00,0008,0008,00,00,00,0008,0008
1610,00,01,00,00,01,B0,00,0008,00,00,00,00,00,00,00,00,00,00,0E,02,00,00,00,00,00,0000,00,00,0000,00,00,00,00,0008,0008,00,00,00,0008,0008
1611,00,01,00,00,01,B0,00,0008,00,00,00,00,00,00,00,00,00,00,0E,02,00,00,00,00,00,0000,00,00,0000,00,00,00,00,0008,0008,00,00,00,0008,0008
1612,00,01,00,00,01,B0,00,0008,00,00,00,00,00,00,00,00,00,00,0E,02,00,00,00,00,00,0000,00,00,0000,00,00,00,00,0008,0008,00,00,00,0008,0008
1613,00,01,00,00,01,B0,00,0008,00,00,00,00,00,00,00,00,00,00,0E,02,00,00,00,00,00,0000,00,00,0000,00,00,00,00,0008,0008,00,00,00,0008,0008
1614,00,01,00,00,01,B0,00,0008,00,00,00,00,00,00,00,00,00,00,0E,02,00,00,00,00,00,0000,00,00,0000,00,00,00,00,0008,0008,00,00,00,0008,0008
1615,00,01,00,00,01,B0,00,0008,00,00,00,00,00,00,00,00,00,00,0E,02,00,00,00,00,00,0000,00,00,0000,00,00,00,00,0008,0008,00,00,00,0008,0008
1616,00,01,00,00,01,B0,00,0008,00,00,00,00,00,00,00,00,00,00,0E,02,00,00,00,00,00,0000,00,00,0000,00,00,00,00,0008,0008,00,00,00,0008,0008
1617,00,01,00,00,01,B0,00,0008,00,00,00,00,00,00,00,00,00,00,0E,02,00,00,00,00,00,0000,00,00,0000,00,00,00,00,0008,0008,00,00,00,0008,0008
1618,00,01,00,00,01,B0,00,0008,00,00,00,00,00,00,00,00,00,00,0E,02,00,00,00,00,00,0000,00,00,0000,00,00,00,00,0008,0008,00,00,00,0008,0008
1619,00,01,00,00,01,B0,00,0008,00,00,00,00,00,00,00,00,00,00,0E,02,00,00,00,00,00,0000,00,00,0000,00,00,00,00,0008,0008,00,00,00,0008,0008
1620,00,01,00,00,01,B0,00,0008,00,00,00,00,00,00,00,00,00,00,0E,02,00,00,00,00,00,0000,00,00,0000,00,00,00,00,0008,0008,00,00,00,0008,0008
1621,00,01,00,00,01,B0,00,0008,00,00,00,00,00,00,00,00,00,00,0E,02,00,00,00,00,00,0000,00,00,0000,00,00,00,00,0008,0008,00,00,00,0008,0008
1622,00,01,00,00,01,B0,00,0008,00,00,00,00,00,00,00,00,00,00,0E,02,00,00,00,00,00,0000,00,00,0000,00,00,00,00,0008,0008,00,00,00,0008,0008
1623,00,01,00,00,01,B0,00,0008,00,00,00,00,00,00,00,00,00,00,0E,02,00,00,00,00,00,0000,00,00,0000,00,00,00,00,0008,0008,00,00,00,0008,0008
1624,00,01,00,00,01,B0,00,0008,00,00,00,00,00,00,00,00,00,00,0E,02,00,00,00,00,00,0000,00,00,0000,00,00,00,00,0008,0008,00,00,00,0008,0008
1625,00,01,00,00,01,B0,00,0008,00,00,00,00,00,00,00,00,00,00,0E,02,00,00,00,00,00,0000,00,00,0000,00,00,00,00,0008,0008,00,00,00,0008,0008
1626,00,01,00,00,01,B0,00,0008,00,00,00,00,00,00,00,00,00,00,0E,02,00,00,00,00,00,0000,00,00,0000,00,00,00,00,0008,0008,00,00,00,0008,0008
1627,00,01,00,00,01,B0,00,0008,00,00,00,00,00,00,00,00,00,00,0E,02,00,00,00,00,00,0000,00,00,0000,00,00,00,00,0008,0008,00,00,00,0008,0008
1628,00,01,00,00,01,B0,00,0008,00,00,00,00,00,00,00,00,00,00,0E,02,00,00,00,00,00,0000,00,00,0000,00,00,00,00,0008,0008,00,00,00,0008,0008
1629,00,01,00,00,01,B0,00,0008,00,00,00,00,00,00,00,00,00,00,0E,02,00,00,00,00,00,0000,00,00,0000,00,00,00,00,0008,0008,00,00,00,0008,0008
1630,00,01,00,00,01,B0,00,0008,00,00,00,00,00,00,00,00,00,00,0E,02,00,00,00,00,00,0000,00,00,0000,00,00,00,00,0008,0008,00,00,00,0008,0008
1631,00,01,00,00,01,B0,00,0008,00,00,00,00,00,00,00,00,00,00,0E,02,00,00,00,00,00,0000,00,00,0000,00,00,00,00,0008,0008,00,00,00,0008,0008
1632,00,01,00,00,01,B0,00,0008,00,00,00,00,00,00,00,00,00,00,0E,02,00,00,00,00,00,0000,00,00,0000,00,00,00,00,0008,0008,00,00,00,0008,0008
1633,00,01,00,00,01,B0,00,0008,00,00,00,00,00,00,00,00,00,00,0E,02,00,00,00,00,00,0000,00,00,0000,00,00,00,00,0008,0008,00,00,00,0008,0008
1634,00,01,00,00,01,B0,00,0008,00,00,00,00,00,00,00,00,00,00,0E,02,00,00,00,00,00,0000,00,00,0000,00,00,00,00,0008,0008,00,00,00,0008,0008
1635,00,01,00,00,01,B0,00,0008,00,00,00,00,00,00,00,00,00,00,0E,02,00,00,00,00,00,0000,00,00,0000,00,00,00,00,0008,0008,00,00,00,0008,0008
1636,00,01,00,00,01,B0,00,0008,00,00,00,00,00,00,00,00,00,00,0E,02,00,00,00,00,00,0000,00,00,0000,00,00,00,00,0008,0008,00,00,00,0008,0008
1637,00,01,00,00,01,B0,00,0008,00,00,00,00,00,00,00,00,00,00,0E,02,00,00,00,00,00,0000,00,00,0000,00,00,00,00,0008,0008,00,00,00,0008,0008
1638,00,01,00,00,01,B0,00,0008,00,00,00,00,00,00,00,00,00,00,0E,02,00,00,00,00,00,0000,00,00,0000,00,00,00,00,0008,0008,00,00,00,0008,0008
1639,00,01,00,00,01,B0,00,0008,00,00,00,00,00,00,00,00,00,00,0E,02,00,00,00,00,00,0000,00,00,0000,00,00,00,00,0008,0008,00,00,00,0008,0008
1640,00,01,00,00,01,B0,00,0008,00,00,00,00,00,00,00,00,00,00,0E,02,00,00,00,00,00,0000,00,00,0000,00,00,00,00,0008,0008,00,00,00,0008,0008
1641,00,01,00,00,01,B0,00,0008,00,00,00,00,00,00,00,00,00,00,0E,02,00,00,00,00,00,0000,00,00,0000,00,00,00,00,0008,0008,00,00,00,0008,0008
1642,00,01,00,00,01,B0,00,0008,00,00,00,00,00,00,00,00,00,00,0E,02,00,00,00,00,00,0000,00,00,0000,00,00,00,00,0008,0008,00,00,00,0008,0008
1643,00,01,00,00,01,B0,00,0008,00,00,00,00,00,00,00,00,00,00,0E,02,00,00,00,00,00,0000,00,00,0000,00,00,00,00,0008,0008,00,00,00,0008,0008
1644,00,01,00,00,01,B0,00,0008,00,00,00,00,00,00,00,00,00,00,0E,02,00,00,00,00,00,0000,00,00,0000,00,00,00,00,0008,0008,00,00,00,0008,0008
1645,00,01,00,00,01,B0,00,0008,00,00,00,00,00,00,00,00,00,00,0E,02,00,00,00,00,00,0000,00,00,0000,00,00,00,00,0008,0008,00,00,00,0008,0008
1646,00,01,00,00,01,B0,00,0008,00,00,00,00,00,00,00,00,00,00,0E,02,00,00,00,00,00,0000,00,00,0000,00,00,00,00,0008,0008,00,00,00,0008,0008
1647,00,01,00,00,01,B0,00,0008,00,00,00,00,00,00,00,00,00,00,0E,02,00,00,00,00,00,0000,00,00,0000,00,00,00,00,0008,0008,00,00,00,0008,0008
1648,00,01,00,00,01,B0,00,0008,00,00,00,00,00,00,00,00,00,00,0E,02,00,00,00,00,00,0000,00,00,0000,00,00,00,00,0008,0008,00,00,00,0008,0008
1649,00,01,00,00,01,B0,00,0008,00,00,00,00,00,00,00,00,00,00,0E,02,00,00,00,00,00,0000,00,00,0000,00,00,00,00,0008,0008,00,00,00,0008,0008
1650,00,01,00,00,01,B0,00,0008,00,00,00,00,00,00,00,00,00,00,0E,02,00,00,00,00,00,0000,00,00,0000,00,00,00,00,0008,0008,00,00,00,0008,0008
1651,00,01,00,00,01,B0,00,0008,00,00,00,00,00,00,00,00,00,00,0E,02,00,00,00,00,00,0000,00,00,0000,00,00,00,00,0008,0008,00,00,00,0008,0008
1652,00,01,00,00,01,B0,00,0008,00,00,00,00,00,00,00,00,00,00,0E,02,00,00,00,00,00,0000,00,00,0000,00,00,00,00,0008,0008,00,00,00,0008,0008
1653,00,01,00,00,01,B0,00,0008,00,00,00,00,00,00,00,00,00,00,0E,02,00,00,00,00,00,0000,00,00,0000,00,00,00,00,0008,0008,00,00,00,0008,0008
1654,00,01,00,00,01,B0,00,0008,00,00,00,00,00,00,00,00,00,00,0E,02,00,00,00,00,00,0000,00,00,0000,00,00,00,00,0008,0008,00,00,00,0008,0008
1655,00,01,00,00,01,B0,00,0008,00,00,00,00,00,00,00,00,00,00,0E,02,00,00,00,00,00,0000,00,00,0000,00,00,00,00,0008,0008,00,00,00,0008,0008
1656,00,01,00,00,01,B0,00,0008,00,00,00,00,00,00,00,00,00,00,0E,02,00,00,00,00,00,0000,00,00,0000,00,00,00,00,0008,0008,00,00,00,0008,0008
1657,00,01,00,00,01,B0,00,0008,00,00,00,00,00,00,00,00,00,00,0E,02,00,00,00,00,00,0000,00,00,0000,00,00,00,00,0008,0008,00,00,00,0008,0008
1658,00,01,00,00,01,B0,00,0008,00,00,00,00,00,00,00,00,00,00,0E,02,00,00,00,00,00,0000,00,00,0000,00,00,00,00,0008,0008,00,00,00,0008,0008
1659,00,01,00,00,01,B0,00,0008,00,00,00,00,00,00,00,00,00,00,0E,02,00,00,00,00,00,0000,00,00,0000,00,00,00,00,0008,0008,00,00,00,0008,0008
1660,00,01,00,00,01,B0,00,0008,00,00,00,00,00,00,00,00,00,00,0E,02,00,00,00,00,00,0000,00,00,0000,00,00,00,00,0008,0008,00,00,00,0008,0008
1661,00,01,00,00,01,B0,00,0008,00,00,00,00,00,00,00,00,00,00,0E,02,00,00,00,00,00,0000,00,00,0000,00,00,00,00,0008,0008,00,00,00,0008,0008
1662,00,01,00,00,01,B0,00,0008,00,00,00,00,00,00,00,00,00,00,0E,02,00,00,00,00,00,0000,00,00,0000,00,00,00,00,0008,0008,00,00,00,0008,0008
1663,00,01,00,00,01,B0,00,0008,00,00,00,00,00,00,00,00,00,00,0E,02,00,00,00,00,00,0000,00,00,0000,00,00,00,00,0008,0008,00,00,00,0008,0008
1664,00,01,00,00,01,B0,00,0008,00,00,00,00,00,00,00,00,00,00,0E,02,00,00,00,00,00,0000,00,00,0000,00,00,00,00,0008,0008,00,00,00,0008,0008
1665,00,01,00,00,01,B0,00,0008,00,00,00,00,00,00,00,00,00,00,0E,02,00,00,00,00,00,0000,00,00,0000,00,00,00,00,0008,0008,00,00,00,0008,0008
1666,00,01,00,00,01,B0,00,0008,00,00,00,00,00,00,00,00,00,00,0E,02,00,00,00,00,00,0000,00,00,0000,00,00,00,00,0008,0008,00,00,00,0008,0008
1667,00,01,00,00,01,B0,00,0008,00,00,00,00,00,00,00,00,00,00,0E,02,00,00,00,00,00,0000,00,00,0000,00,00,00,00,0008,0008,00,00,00,0008,0008
1668,00,01,00,00,01,B0,00,0008,00,00,00,00,00,00,00,00,00,00,0E,02,00,00,00,00,00,0000,00,00,0000,00,00,00,00,0008,0008,00,00,00,0008,0008
1669,00,01,00,00,01,B0,00,0008,00,00,00,00,00,00,00,00,00,00,0E,02,00,00,00,00,00,0000,00,00,0000,00,00,00,00,0008,0008,00,00,00,0008,0008
1670,00,01,00,00,01,B0,00,0008,00,00,00,00,00,00,00,00,00,00,0E,02,00,00,00,00,00,0000,00,00,0000,00,00,00,00,0008,0008,00,00,00,0008,0008
1671,00,01,00,00,01,B0,00,0008,00,00,00,00,00,00,00,00,00,00,0E,02,00,00,00,00,00,0000,00,00,0000,00,00,00,00,0008,0008,00,00,00,0008,0008
1672,00,01,00,00,01,B0,00,0008,00,00,00,00,00,00,00,00,00,00,0E,02,00,00,00,00,00,0000,00,00,0000,00,00,00,00,0008,0008,00,00,00,0008,0008
1673,00,01,00,00,01,B0,00,0008,00,00,00,00,00,00,00,00,00,00,0E,02,00,00,00,00,00,0000,00,00,0000,00,00,00,00,0008,0008,00,00,00,0008,0008
1674,00,01,00,00,01,B0,00,0008,00,00,00,00,00,00,00,00,00,00,0E,02,00,00,00,00,00,0000,00,00,0000,00,00,00,00,0008,0008,00,00,00,0008,0008
1675,00,01,00,00,01,B0,00,0008,00,00,00,00,00,00,00,00,00,00,0E,02,00,00,00,00,00,0000,00,00,0000,00,00,00,00,0008,0008,00,00,00,0008,0008
1676,00,01,00,00,01,B0,00,0008,00,00,00,00,00,00,00,00,00,00,0E,02,00,00,00,00,00,0000,00,00,0000,00,00,00,00,0008,0008,00,00,00,0008,0008
1677,00,01,00,00,01,B0,00,0008,00,00,00,00,00,00,00,00,00,00,0E,02,00,00,00,00,00,0000,00,00,0000,00,00,00,00,0008,0008,00,00,00,0008,0008
1678,00,01,00,00,01,B0,00,0008,00,00,00,00,00,00,00,00,00,00,0E,02,00,00,00,00,00,0000,00,00,0000,00,00,00,00,0008,0008,00,00,00,0008,0008
1679,00,01,00,00,01,B0,00,0008,00,00,00,00,00,00,00,00,00,00,0E,02,00,00,00,00,00,0000,00,00,0000,00,00,00,00,0008,0008,00,00,00,0008,0008
1680,00,01,00,00,01,B0,00,0008,00,00,00,00,00,00,00,00,00,00,0E,02,00,00,00,00,00,0000,00,00,0000,00,00,00,00,0008,0008,00,00,00,0008,0008
1681,00,01,00,00,01,B0,00,0008,00,00,00,00,00,00,00,00,00,00,0E,02,00,00,00,00,00,0000,00,00,0000,00,00,00,00,0008,0008,00,00,00,0008,0008
1682,00,01,00,00,01,B0,00,0008,00,00,00,00,00,00,00,00,00,00,0E,02,00,00,00,00,00,0000,00,00,0000,00,00,00,00,0008,0008,00,00,00,0008,0008
1683,00,01,00,00,01,B0,00,0008,00,00,00,00,00,00,00,00,00,00,0E,02,00,00,00,00,00,0000,00,00,0000,00,00,00,00,0008,0008,00,00,00,0008,0008
1684,00,01,00,00,01,B0,00,0008,00,00,00,00,00,00,00,00,00,00,0E,02,00,00,00,00,00,0000,00,00,0000,00,00,00,00,0008,0008,00,00,00,0008,0008
1685,00,01,00,00,01,B0,00,0008,00,00,00,00,00,00,00,00,00,00,0E,02,00,00,00,00,00,0000,00,00,0000,00,00,00,00,0008,0008,00,00,00,0008,0008
1686,00,01,00,00,01,B0,00,0008,00,00,00,00,00,00,00,00,00,00,0E,02,00,00,00,00,00,0000,00,00,0000,00,00,00,00,0008,0008,00,00,00,0008,0008
1687,00,01,00,00,01,B0,00,0008,00,00,00,00,00,00,00,00,00,00,0E,02,00,00,00,00,00,0000,00,00,0000,00,00,00,00,0008,0008,00,00,00,0008,0008
1688,00,01,00,00,01,B0,00,0008,00,00,00,00,00,00,00,00,00,00,0E,02,00,00,00,00,00,0000,00,00,0000,00,00,00,00,0008,0008,00,00,00,0008,0008
1689,00,01,00,00,01,B0,00,0008,00,00,00,00,00,00,00,00,00,00,0E,02,00,00,00,00,00,0000,00,00,0000,00,00,00,00,0008,0008,00,00,00,0008,0008
1690,00,01,00,00,01,B0,00,0008,00,00,00,00,00,00,00,00,00,00,0E,02,00,00,00,00,00,0000,00,00,0000,00,00,00,00,0008,0008,00,00,00,0008,0008
1691,00,01,00,00,01,B0,00,0008,00,00,00,00,00,00,00,00,00,00,0E,02,00,00,00,00,00,0000,00,00,0000,00,00,00,00,0008,0008,00,00,00,0008,0008
1692,00,01,00,00,01,B0,00,0008,00,00,00,00,00,00,00,00,00,00,0E,02,00,00,00,00,00,0000,00,00,0000,00,00,00,00,0008,0008,00,00,00,0008,0008
1693,00,01,00,00,01,B0,00,0008,00,00,00,00,00,00,00,00,00,00,0E,02,00,00,00,00,00,0000,00,00,0000,00,00,00,00,0008,0008,00,00,00,0008,0008
1694,00,01,00,00,01,B0,00,0008,00,00,00,00,00,00,00,00,00,00,0E,02,00,00,00,00,00,0000,00,00,0000,00,00,00,00,0008,0008,00,00,00,0008,0008
1695,00,01,00,00,01,B0,00,0008,00,00,00,00,00,00,00,00,00,00,0E,02,00,00,00,00,00,0000,00,00,0000,00,00,00,00,0008,0008,00,00,00,0008,0008
1696,00,01,00,00,01,B0,00,0008,00,00,00,00,00,00,00,00,00,00,0E,02,00,00,00,00,00,0000,00,00,0000,00,00,00,00,0008,0008,00,00,00,0008,0008
1697,00,01,00,00,01,B0,00,0008,00,00,00,00,00,00,00,00,00,00,0E,02,00,00,00,00,00,0000,00,00,0000,00,00,00,00,0008,0008,00,00,00,0008,0008
1698,00,01,00,00,01,B0,00,0008,00,00,00,00,00,00,00,00,00,00,0E,02,00,00,00,00,00,0000,00,00,0000,00,00,00,00,0008,0008,00,00,00,0008,0008
1699,00,01,00,00,01,B0,00,0008,00,00,00,00,00,00,00,00,00,00,0E,02,00,00,00,00,00,0000,00,00,0000,00,00,00,00,0008,0008,00,00,00,0008,0008
1700,00,01,00,00,01,B0,00,0008,00,00,00,00,00,00,00,00,00,00,0E,02,00,00,00,00,00,0000,00,00,0000,00,00,00,00,0008,0008,00,00,00,0008,0008
1701,00,01,00,00,01,B0,00,0008,00,00,00,00,00,00,00,00,00,00,0E,02,00,00,00,00,00,0000,00,00,0000,00,00,00,00,0008,0008,00,00,00,0008,0008
1702,00,01,00,00,01,B0,00,0008,00,00,00,00,00,00,00,00,00,00,0E,02,00,00,00,00,00,0000,00,00,0000,00,00,00,00,0008,0008,00,00,00,0008,0008
1703,00,01,00,00,01,B0,00,0008,00,00,00,00,00,00,00,00,00,00,0E,02,00,00,00,00,00,0000,00,00,0000,00,00,00,00,0008,0008,00,00,00,0008,0008
1704,00,01,00,00,01,B0,00,0008,00,00,00,00,00,00,00,00,00,00,0E,02,00,00,00,00,00,0000,00,00,0000,00,00,00,00,0008,0008,00,00,00,0008,0008
1705,00,01,00,00,01,B0,00,0008,00,00,00,00,00,00,00,00,00,00,0E,02,00,00,00,00,00,0000,00,00,0000,00,00,00,00,0008,0008,00,00,00,0008,0008
1706,00,01,00,00,01,B0,00,0008,00,00,00,00,00,00,00,00,00,00,0E,02,00,00,00,00,00,0000,00,00,0000,00,00,00,00,0008,0008,00,00,00,0008,0008
1707,00,01,00,00,01,B0,00,0008,00,00,00,00,00,00,00,00,00,00,0E,02,00,00,00,00,00,0000,00,00,0000,00,00,00,00,0008,0008,00,00,00,0008,0008
1708,00,01,00,00,01,B0,00,0008,00,00,00,00,00,00,00,00,00,00,0E,02,00,00,00,00,00,0000,00,00,0000,00,00,00,00,0008,0008,00,00,00,0008,0008
1709,00,01,00,00,01,B0,00,0008,00,00,00,00,00,00,00,00,00,00,0E,02,00,00,00,00,00,0000,00,00,0000,00,00,00,00,0008,0008,00,00,00,0008,0008
1710,00,01,00,00,01,B0,00,0008,00,00,00,00,00,00,00,00,00,00,0E,02,00,00,00,00,00,0000,00,00,0000,00,00,00,00,0008,0008,00,00,00,0008,0008
1711,00,01,00,00,01,B0,00,0008,00,00,00,00,00,00,00,00,00,00,0E,02,00,00,00,00,00,0000,00,00,0000,00,00,00,00,0008,0008,00,00,00,0008,0008
1712,00,01,00,00,01,B0,00,0008,00,00,00,00,00,00,00,00,00,00,0E,02,00,00,00,00,00,0000,00,00,0000,00,00,00,00,0008,0008,00,00,00,0008,0008
1713,00,01,00,00,01,B0,00,0008,00,00,00,00,00,00,00,00,00,00,0E,02,00,00,00,00,00,0000,00,00,0000,00,00,00,00,0008,0008,00,00,00,0008,0008
1714,00,01,00,00,01,B0,00,0008,00,00,00,00,00,00,00,00,00,00,0E,02,00,00,00,00,00,0000,00,00,0000,00,00,00,00,0008,0008,00,00,00,0008,0008
1715,00,01,00,00,01,B0,00,0008,00,00,00,00,00,00,00,00,00,00,0E,02,00,00,00,00,00,0000,00,00,0000,00,00,00,00,0008,0008,00,00,00,0008,0008
1716,00,01,00,00,01,B0,00,0008,00,00,00,00,00,00,00,00,00,00,0E,02,00,00,00,00,00,0000,00,00,0000,00,00,00,00,0008,0008,00,00,00,0008,0008
1717,00,01,00,00,01,B0,00,0008,00,00,00,00,00,00,00,00,00,00,0E,02,00,00,00,00,00,0000,00,00,0000,00,00,00,00,0008,0008,00,00,00,0008,0008
1718,00,01,00,00,01,B0,00,0008,00,00,00,00,00,00,00,00,00,00,0E,02,00,00,00,00,00,0000,00,00,0000,00,00,00,00,0008,0008,00,00,00,0008,0008
1719,00,01,00,00,01,B0,00,0008,00,00,00,00,00,00,00,00,00,00,0E,02,00,00,00,00,00,0000,00,00,0000,00,00,00,00,0008,0008,00,00,00,0008,0008
1720,00,01,00,00,01,B0,00,0008,00,00,00,00,00,00,00,00,00,00,0E,02,00,00,00,00,00,0000,00,00,0000,00,00,00,00,0008,0008,00,00,00,0008,0008
1721,00,01,00,00,01,B0,00,0008,00,00,00,00,00,00,00,00,00,00,0E,02,00,00,00,00,00,0000,00,00,0000,00,00,00,00,0008,0008,00,00,00,0008,0008
1722,00,01,00,00,01,B0,00,0008,00,00,00,00,00,00,00,00,00,00,0E,02,00,00,00,00,00,0000,00,00,0000,00,00,00,00,0008,0008,00,00,00,0008,0008
1723,00,01,00,00,01,B0,00,0008,00,00,00,00,00,00,00,00,00,00,0E,02,00,00,00,00,00,0000,00,00,0000,00,00,00,00,0008,0008,00,00,00,0008,0008
1724,00,01,00,00,01,B0,00,0008,00,00,00,00,00,00,00,00,00,00,0E,02,00,00,00,00,00,0000,00,00,0000,00,00,00,00,0008,0008,00,00,00,0008,0008
1725,00,01,00,00,01,B0,00,0008,00,00,00,00,00,00,00,00,00,00,0E,02,00,00,00,00,00,0000,00,00,0000,00,00,00,00,0008,0008,00,00,00,0008,0008
1726,00,01,00,00,01,B0,00,0008,00,00,00,00,00,00,00,00,00,00,0E,02,00,00,00,00,00,0000,00,00,0000,00,00,00,00,0008,0008,00,00,00,0008,0008
1727,00,01,00,00,01,B0,00,0008,00,00,00,00,00,00,00,00,00,00,0E,02,00,00,00,00,00,0000,00,00,0000,00,00,00,00,0008,0008,00,00,00,0008,0008
1728,00,01,00,00,01,B0,00,0008,00,00,00,00,00,00,00,00,00,00,0E,02,00,00,00,00,00,0000,00,00,0000,00,00,00,00,0008,0008,00,00,00,0008,0008
1729,00,01,00,00,01,B0,00,0008,00,00,00,00,00,00,00,00,00,00,0E,02,00,00,00,00,00,0000,00,00,0000,00,00,00,00,0008,0008,00,00,00,0008,0008
1730,00,01,00,00,01,B0,00,0008,00,00,00,00,00,00,00,00,00,00,0E,02,00,00,00,00,00,0000,00,00,0000,00,00,00,00,0008,0008,00,00,00,0008,0008
1731,00,01,00,00,01,B0,00,0008,00,00,00,00,00,00,00,00,00,00,0E,02,00,00,00,00,00,0000,00,00,0000,00,00,00,00,0008,0008,00,00,00,0008,0008
1732,00,01,00,00,01,B0,00,0008,00,00,00,00,00,00,00,00,00,00,0E,02,00,00,00,00,00,0000,00,00,0000,00,00,00,00,0008,0008,00,00,00,0008,0008
1733,00,01,00,00,01,B0,00,0008,00,00,00,00,00,00,00,00,00,00,0E,02,00,00,00,00,00,0000,00,00,0000,00,00,00,00,0008,0008,00,00,00,0008,0008
1734,00,01,00,00,01,B0,00,0008,00,00,00,00,00,00,00,00,00,00,0E,02,00,00,00,00,00,0000,00,00,0000,00,00,00,00,0008,0008,00,00,00,0008,0008
1735,00,01,00,00,01,B0,00,0008,00,00,00,00,00,00,00,00,00,00,0E,02,00,00,00,00,00,0000,00,00,0000,00,00,00,00,0008,0008,00,00,00,0008,0008
1736,00,01,00,00,01,B0,00,0008,00,00,00,00,00,00,00,00,00,00,0E,02,00,00,00,00,00,0000,00,00,0000,00,00,00,00,0008,0008,00,00,00,0008,0008
1737,00,01,00,00,01,B0,00,0008,00,00,00,00,00,00,00,00,00,00,0E,02,00,00,00,00,00,0000,00,00,0000,00,00,00,00,0008,0008,00,00,00,0008,0008
1738,00,01,00,00,01,B0,00,0008,00,00,00,00,00,00,00,00,00,00,0E,02,00,00,00,00,00,0000,00,00,0000,00,00,00,00,0008,0008,00,00,00,0008,0008
1739,00,01,00,00,01,B0,00,0008,00,00,00,00,00,00,00,00,00,00,0E,02,00,00,00,00,00,0000,00,00,0000,00,00,00,00,0008,0008,00,00,00,0008,0008
1740,00,01,00,00,01,B0,00,0008,00,00,00,00,00,00,00,00,00,00,0E,02,00,00,00,00,00,0000,00,00,0000,00,00,00,00,0008,0008,00,00,00,0008,0008
1741,00,01,00,00,01,B0,00,0008,00,00,00,00,00,00,00,00,00,00,0E,02,00,00,00,00,00,0000,00,00,0000,00,00,00,00,0008,0008,00,00,00,0008,0008
1742,00,01,00,00,01,B0,00,0008,00,00,00,00,00,00,00,00,00,00,0E,02,00,00,00,00,00,0000,00,00,0000,00,00,00,00,0008,0008,00,00,00,0008,0008
1743,00,01,00,00,01,B0,00,0008,00,00,00,00,00,00,00,00,00,00,0E,02,00,00,00,00,00,0000,00,00,0000,00,00,00,00,0008,0008,00,00,00,0008,0008
1744,00,01,00,00,01,B0,00,0008,00,00,00,00,00,00,00,00,00,00,0E,02,00,00,00,00,00,0000,00,00,0000,00,00,00,00,0008,0008,00,00,00,0008,0008
1745,00,01,00,00,01,B0,00,0008,00,00,00,00,00,00,00,00,00,00,0E,02,00,00,00,00,00,0000,00,00,0000,00,00,00,00,0008,0008,00,00,00,0008,0008
1746,00,01,00,00,01,B0,00,0008,00,00,00,00,00,00,00,00,00,00,0E,02,00,00,00,00,00,0000,00,00,0000,00,00,00,00,0008,0008,00,00,00,0008,0008
1747,00,01,00,00,01,B0,00,0008,00,00,00,00,00,00,00,00,00,00,0E,02,00,00,00,00,00,0000,00,00,0000,00,00,00,00,0008,0008,00,00,00,0008,0008
1748,00,01,00,00,01,B0,00,0008,00,00,00,00,00,00,00,00,00,00,0E,02,00,00,00,00,00,0000,00,00,0000,00,00,00,00,0008,0008,00,00,00,0008,0008
1749,00,01,00,00,01,B0,00,0008,00,00,00,00,00,00,00,00,00,00,0E,02,00,00,00,00,00,0000,00,00,0000,00,00,00,00,0008,0008,00,00,00,0008,0008
1750,00,01,00,00,01,B0,00,0008,00,00,00,00,00,00,00,00,00,00,0E,02,00,00,00,00,00,0000,00,00,0000,00,00,00,00,0008,0008,00,00,00,0008,0008
1751,00,01,00,00,01,B0,00,0008,00,00,00,00,00,00,00,00,00,00,0E,02,00,00,00,00,00,0000,00,00,0000,00,00,00,00,0008,0008,00,00,00,0008,0008
1752,00,01,00,00,01,B0,00,0008,00,00,00,00,00,00,00,00,00,00,0E,02,00,00,00,00,00,0000,00,00,0000,00,00,00,00,0008,0008,00,00,00,0008,0008
1753,00,01,00,00,01,B0,00,0008,00,00,00,00,00,00,00,00,00,00,0E,02,00,00,00,00,00,0000,00,00,0000,00,00,00,00,0008,0008,00,00,00,0008,0008
1754,00,01,00,00,01,B0,00,0008,00,00,00,00,00,00,00,00,00,00,0E,02,00,00,00,00,00,0000,00,00,0000,00,00,00,00,0008,0008,00,00,00,0008,0008
1755,00,01,00,00,01,B0,00,0008,00,00,00,00,00,00,00,00,00,00,0E,02,00,00,00,00,00,0000,00,00,0000,00,00,00,00,0008,0008,00,00,00,0008,0008
1756,00,01,00,00,01,B0,00,0008,00,00,00,00,00,00,00,00,00,00,0E,02,00,00,00,00,00,0000,00,00,0000,00,00,00,00,0008,0008,00,00,00,0008,0008
1757,00,01,00,00,01,B0,00,0008,00,00,00,00,00,00,00,00,00,00,0E,02,00,00,00,00,00,0000,00,00,0000,00,00,00,00,0008,0008,00,00,00,0008,0008
1758,00,01,00,00,01,B0,00,0008,00,00,00,00,00,00,00,00,00,00,0E,02,00,00,00,00,00,0000,00,00,0000,00,00,00,00,0008,0008,00,00,00,0008,0008
1759,00,01,00,00,01,B0,00,0008,00,00,00,00,00,00,00,00,00,00,0E,02,00,00,00,00,00,0000,00,00,0000,00,00,00,00,0008,0008,00,00,00,0008,0008
1760,00,01,00,00,01,B0,00,0008,00,00,00,00,00,00,00,00,00,00,0E,02,00,00,00,00,00,0000,00,00,0000,00,00,00,00,0008,0008,00,00,00,0008,0008
1761,00,01,00,00,01,B0,00,0008,00,00,00,00,00,00,00,00,00,00,0E,02,00,00,00,00,00,0000,00,00,0000,00,00,00,00,0008,0008,00,00,00,0008,0008
1762,00,01,00,00,01,B0,00,0008,00,00,00,00,00,00,00,00,00,00,0E,02,00,00,00,00,00,0000,00,00,0000,00,00,00,00,0008,0008,00,00,00,0008,0008
1763,00,01,00,00,01,B0,00,0008,00,00,00,00,00,00,00,00,00,00,0E,02,00,00,00,00,00,0000,00,00,0000,00,00,00,00,0008,0008,00,00,00,0008,0008
1764,00,01,00,00,01,B0,00,0008,00,00,00,00,00,00,00,00,00,00,0E,02,00,00,00,00,00,0000,00,00,0000,00,00,00,00,0008,0008,00,00,00,0008,0008
1765,00,01,00,00,01,B0,00,0008,00,00,00,00,00,00,00,00,00,00,0E,02,00,00,00,00,00,0000,00,00,0000,00,00,00,00,0008,0008,00,00,00,0008,0008
1766,00,01,00,00,01,B0,00,0008,00,00,00,00,00,00,00,00,00,00,0E,02,00,00,00,00,00,0000,00,00,0000,00,00,00,00,0008,0008,00,00,00,0008,0008
1767,00,01,00,00,01,B0,00,0008,00,00,00,00,00,00,00,00,00,00,0E,02,00,00,00,00,00,0000,00,00,0000,00,00,00,00,0008,0008,00,00,00,0008,0008
1768,00,01,00,00,01,B0,00,0008,00,00,00,00,00,00,00,00,00,00,0E,02,00,00,00,00,00,0000,00,00,0000,00,00,00,00,0008,0008,00,00,00,0008,0008
1769,00,01,00,00,01,B0,00,0008,00,00,00,00,00,00,00,00,00,00,0E,02,00,00,00,00,00,0000,00,00,0000,00,00,00,00,0008,0008,00,00,00,0008,0008
1770,00,01,00,00,01,B0,00,0008,00,00,00,00,00,00,00,00,00,00,0E,02,00,00,00,00,00,0000,00,00,0000,00,00,00,00,0008,0008,00,00,00,0008,0008
1771,00,01,00,00,01,B0,00,0008,00,00,00,00,00,00,00,00,00,00,0E,02,00,00,00,00,00,0000,00,00,0000,00,00,00,00,0008,0008,00,00,00,0008,0008
1772,00,01,00,00,01,B0,00,0008,00,00,00,00,00,00,00,00,00,00,0E,02,00,00,00,00,00,0000,00,00,0000,00,00,00,00,0008,0008,00,00,00,0008,0008
1773,00,01,00,00,01,B0,00,0008,00,00,00,00,00,00,00,00,00,00,0E,02,00,00,00,00,00,0000,00,00,0000,00,00,00,00,0008,0008,00,00,00,0008,0008
1774,00,01,00,00,01,B0,00,0008,00,00,00,00,00,00,00,00,00,00,0E,02,00,00,00,00,00,0000,00,00,0000,00,00,00,00,0008,0008,00,00,00,0008,0008
1775,00,01,00,00,01,B0,00,0008,00,00,00,00,00,00,00,00,00,00,0E,02,00,00,00,00,00,0000,00,00,0000,00,00,00,00,0008,0008,00,00,00,0008,0008
1776,00,01,00,00,01,B0,00,0008,00,00,00,00,00,00,00,00,00,00,0E,02,00,00,00,00,00,0000,00,00,0000,00,00,00,00,0008,0008,00,00,00,0008,0008
1777,00,01,00,00,01,B0,00,0008,00,00,00,00,00,00,00,00,00,00,0E,02,00,00,00,00,00,0000,00,00,0000,00,00,00,00,0008,0008,00,00,00,0008,0008
1778,00,01,00,00,01,B0,00,0008,00,00,00,00,00,00,00,00,00,00,0E,02,00,00,00,00,00,0000,00,00,0000,00,00,00,00,0008,0008,00,00,00,0008,0008
1779,00,01,00,00,01,B0,00,0008,00,00,00,00,00,00,00,00,00,00,0E,02,00,00,00,00,00,0000,00,00,0000,00,00,00,00,0008,0008,00,00,00,0008,0008
1780,00,01,00,00,01,B0,00,0008,00,00,00,00,00,00,00,00,00,00,0E,02,00,00,00,00,00,0000,00,00,0000,00,00,00,00,0008,0008,00,00,00,0008,0008
1781,00,01,00,00,01,B0,00,0008,00,00,00,00,00,00,00,00,00,00,0E,02,00,00,00,00,00,0000,00,00,0000,00,00,00,00,0008,0008,00,00,00,0008,0008
1782,00,01,00,00,01,B0,00,0008,00,00,00,00,00,00,00,00,00,00,0E,02,00,00,00,00,00,0000,00,00,0000,00,00,00,00,0008,0008,00,00,00,0008,0008
1783,00,01,00,00,01,B0,00,0008,00,00,00,00,00,00,00,00,00,00,0E,02,00,00,00,00,00,0000,00,00,0000,00,00,00,00,0008,0008,00,00,00,0008,0008
1784,00,01,00,00,01,B0,00,0008,00,00,00,00,00,00,00,00,00,00,0E,02,00,00,00,00,00,0000,00,00,0000,00,00,00,00,0008,0008,00,00,00,0008,0008
1785,00,01,00,00,01,B0,00,0008,00,00,00,00,00,00,00,00,00,00,0E,02,00,00,00,00,00,0000,00,00,0000,00,00,00,00,0008,0008,00,00,00,0008,0008
1786,00,01,00,00,01,B0,00,0008,00,00,00,00,00,00,00,00,00,00,0E,02,00,00,00,00,00,0000,00,00,0000,00,00,00,00,0008,0008,00,00,00,0008,0008
1787,00,01,00,00,01,B0,00,0008,00,00,00,00,00,00,00,00,00,00,0E,02,00,00,00,00,00,0000,00,00,0000,00,00,00,00,0008,0008,00,00,00,0008,0008
1788,00,01,00,00,01,B0,00,0008,00,00,00,00,00,00,00,00,00,00,0E,02,00,00,00,00,00,0000,00,00,0000,00,00,00,00,0008,0008,00,00,00,0008,0008
1789,00,01,00,00,01,B0,00,0008,00,00,00,00,00,00,00,00,00,00,0E,02,00,00,00,00,00,0000,00,00,0000,00,00,00,00,0008,0008,00,00,00,0008,0008
1790,00,01,00,00,01,B0,00,0008,00,00,00,00,00,00,00,00,00,00,0E,02,00,00,00,00,00,0000,00,00,0000,00,00,00,00,0008,0008,00,00,00,0008,0008
1791,00,01,00,00,01,B0,00,0008,00,00,00,00,00,00,00,00,00,00,0E,02,00,00,00,00,00,0000,00,00,0000,00,00,00,00,0008,0008,00,00,00,0008,0008
1792,00,01,00,00,01,B0,00,0008,00,00,00,00,00,00,00,00,00,00,0E,02,00,00,00,00,00,0000,00,00,0000,00,00,00,00,0008,0008,00,00,00,0008,0008
1793,00,01,00,00,01,B0,00,0008,00,00,00,00,00,00,00,00,00,00,0E,02,00,00,00,00,00,0000,00,00,0000,00,00,00,00,0008,0008,00,00,00,0008,0008
1794,00,01,00,00,01,B0,00,0008,00,00,00,00,00,00,00,00,00,00,0E,02,00,00,00,00,00,0000,00,00,0000,00,00,00,00,0008,0008,00,00,00,0008,0008
1795,00,01,00,00,01,B0,00,0008,00,00,00,00,00,00,00,00,00,00,0E,02,00,00,00,00,00,0000,00,00,0000,00,00,00,00,0008,0008,00,00,00,0008,0008
1796,00,01,00,00,01,B0,00,0008,00,00,00,00,00,00,00,00,00,00,0E,02,00,00,00,00,00,0000,00,00,0000,00,00,00,00,0008,0008,00,00,00,0008,0008
1797,00,01,00,00,01,B0,00,0008,00,00,00,00,00,00,00,00,00,00,0E,02,00,00,00,00,00,0000,00,00,0000,00,00,00,00,0008,0008,00,00,00,0008,0008
1798,00,01,00,00,01,B0,00,0008,00,00,00,00,00,00,00,00,00,00,0E,02,00,00,00,00,00,0000,00,00,0000,00,00,00,00,0008,0008,00,00,00,0008,0008
1799,00,01,00,00,01,B0,00,0008,00,00,00,00,00,00,00,00,00,00,0E,02,00,00,00,00,00,0000,00,00,0000,00,00,00,00,0008,0008,00,00,00,0008,0008
1800,00,01,00,00,01,B0,00,0008,00,00,00,00,00,00,00,00,00,00,0E,02,00,00,00,00,00,0000,00,00,0000,00,00,00,00,0008,0008,00,00,00,0008,0008
1801,00,01,00,00,01,B0,00,0008,00,00,00,00,00,00,00,00,00,00,0E,02,00,00,00,00,00,0000,00,00,0000,00,00,00,00,0008,0008,00,00,00,0008,0008
1802,00,01,00,00,01,B0,00,0008,00,00,00,00,00,00,00,00,00,00,0E,02,00,00,00,00,00,0000,00,00,0000,00,00,00,00,0008,0008,00,00,00,0008,0008
1803,00,01,00,00,01,B0,00,0008,00,00,00,00,00,00,00,00,00,00,0E,02,00,00,00,00,00,0000,00,00,0000,00,00,00,00,0008,0008,00,00,00,0008,0008
1804,00,01,00,00,01,B0,00,0008,00,00,00,00,00,00,00,00,00,00,0E,02,00,00,00,00,00,0000,00,00,0000,00,00,00,00,0008,0008,00,00,00,0008,0008
1805,00,01,00,00,01,B0,00,0008,00,00,00,00,00,00,00,00,00,00,0E,02,00,00,00,00,00,0000,00,00,0000,00,00,00,00,0008,0008,00,00,00,0008,0008
1806,00,01,00,00,01,B0,00,0008,00,00,00,00,00,00,00,00,00,00,0E,02,00,00,00,00,00,0000,00,00,0000,00,00,00,00,0008,0008,00,00,00,0008,0008
1807,00,01,00,00,01,B0,00,0008,00,00,00,00,00,00,00,00,00,00,0E,02,00,00,00,00,00,0000,00,00,0000,00,00,00,00,0008,0008,00,00,00,0008,0008
1808,00,01,00,00,01,B0,00,0008,00,00,00,00,00,00,00,00,00,00,0E,02,00,00,00,00,00,0000,00,00,0000,00,00,00,00,0008,0008,00,00,00,0008,0008
1809,00,01,00,00,01,B0,00,0008,00,00,00,00,00,00,00,00,00,00,0E,02,00,00,00,00,00,0000,00,00,0000,00,00,00,00,0008,0008,00,00,00,0008,0008
1810,00,01,00,00,01,B0,00,0008,00,00,00,00,00,00,00,00,00,00,0E,02,00,00,00,00,00,0000,00,00,0000,00,00,00,00,0008,0008,00,00,00,0008,0008
1811,00,01,00,00,01,B0,00,0008,00,00,00,00,00,00,00,00,00,00,0E,02,00,00,00,00,00,0000,00,00,0000,00,00,00,00,0008,0008,00,00,00,0008,0008
1812,00,01,00,00,01,B0,00,0008,00,00,00,00,00,00,00,00,00,00,0E,02,00,00,00,00,00,0000,00,00,0000,00,00,00,00,0008,0008,00,00,00,0008,0008
1813,00,01,00,00,01,B0,00,0008,00,00,00,00,00,00,00,00,00,00,0E,02,00,00,00,00,00,0000,00,00,0000,00,00,00,00,0008,0008,00,00,00,0008,0008
1814,00,01,00,00,01,B0,00,0008,00,00,00,00,00,00,00,00,00,00,0E,02,00,00,00,00,00,0000,00,00,0000,00,00,00,00,0008,0008,00,00,00,0008,0008
1815,00,01,00,00,01,B0,00,0008,00,00,00,00,00,00,00,00,00,00,0E,02,00,00,00,00,00,0000,00,00,0000,00,00,00,00,0008,0008,00,00,00,0008,0008
1816,00,01,00,00,01,B0,00,0008,00,00,00,00,00,00,00,00,00,00,0E,02,00,00,00,00,00,0000,00,00,0000,00,00,00,00,0008,0008,00,00,00,0008,0008
1817,00,01,00,00,01,B0,00,0008,00,00,00,00,00,00,00,00,00,00,0E,02,00,00,00,00,00,0000,00,00,0000,00,00,00,00,0008,0008,00,00,00,0008,0008
1818,00,01,00,00,01,B0,00,0008,00,00,00,00,00,00,00,00,00,00,0E,02,00,00,00,00,00,0000,00,00,0000,00,00,00,00,0008,0008,00,00,00,0008,0008
1819,00,01,00,00,01,B0,00,0008,00,00,00,00,00,00,00,00,00,00,0E,02,00,00,00,00,00,0000,00,00,0000,00,00,00,00,0008,0008,00,00,00,0008,0008
1820,00,01,00,00,01,B0,00,0008,00,00,00,00,00,00,00,00,00,00,0E,02,00,00,00,00,00,0000,00,00,0000,00,00,00,00,0008,0008,00,00,00,0008,0008
1821,00,01,00,00,01,B0,00,0008,00,00,00,00,00,00,00,00,00,00,0E,02,00,00,00,00,00,0000,00,00,0000,00,00,00,00,0008,0008,00,00,00,0008,0008
1822,00,01,00,00,01,B0,00,0008,00,00,00,00,00,00,00,00,00,00,0E,02,00,00,00,00,00,0000,00,00,0000,00,00,00,00,0008,0008,00,00,00,0008,0008
1823,00,01,00,00,01,B0,00,0008,00,00,00,00,00,00,00,00,00,00,0E,02,00,00,00,00,00,0000,00,00,0000,00,00,00,00,0008,0008,00,00,00,0008,0008
1824,00,01,00,00,01,B0,00,0008,00,00,00,00,00,00,00,00,00,00,0E,02,00,00,00,00,00,0000,00,00,0000,00,00,00,00,0008,0008,00,00,00,0008,0008
1825,00,01,00,00,01,B0,00,0008,00,00,00,00,00,00,00,00,00,00,0E,02,00,00,00,00,00,0000,00,00,0000,00,00,00,00,0008,0008,00,00,00,0008,0008
1826,00,01,00,00,01,B0,00,0008,00,00,00,00,00,00,00,00,00,00,0E,02,00,00,00,00,00,0000,00,00,0000,00,00,00,00,0008,0008,00,00,00,0008,0008
1827,00,01,00,00,01,B0,00,0008,00,00,00,00,00,00,00,00,00,00,0E,02,00,00,00,00,00,0000,00,00,0000,00,00,00,00,0008,0008,00,00,00,0008,0008
1828,00,01,00,00,01,B0,00,0008,00,00,00,00,00,00,00,00,00,00,0E,02,00,00,00,00,00,0000,00,00,0000,00,00,00,00,0008,0008,00,00,00,0008,0008
1829,00,01,00,00,01,B0,00,0008,00,00,00,00,00,00,00,00,00,00,0E,02,00,00,00,00,00,0000,00,00,0000,00,00,00,00,0008,0008,00,00,00,0008,0008
1830,00,01,00,00,01,B0,00,0008,00,00,00,00,00,00,00,00,00,00,0E,02,00,00,00,00,00,0000,00,00,0000,00,00,00,00,0008,0008,00,00,00,0008,0008
1831,00,01,00,00,01,B0,00,0008,00,00,00,00,00,00,00,00,00,00,0E,02,00,00,00,00,00,0000,00,00,0000,00,00,00,00,0008,0008,00,00,00,0008,0008
1832,00,01,00,00,01,B0,00,0008,00,00,00,00,00,00,00,00,00,00,0E,02,00,00,00,00,00,0000,00,00,0000,00,00,00,00,0008,0008,00,00,00,0008,0008
1833,00,01,00,00,01,B0,00,0008,00,00,00,00,00,00,00,00,00,00,0E,02,00,00,00,00,00,0000,00,00,0000,00,00,00,00,0008,0008,00,00,00,0008,0008
1834,00,01,00,00,01,B0,00,0008,00,00,00,00,00,00,00,00,00,00,0E,02,00,00,00,00,00,0000,00,00,0000,00,00,00,00,0008,0008,00,00,00,0008,0008
1835,00,01,00,00,01,B0,00,0008,00,00,00,00,00,00,00,00,00,00,0E,02,00,00,00,00,00,0000,00,00,0000,00,00,00,00,0008,0008,00,00,00,0008,0008
1836,00,01,00,00,01,B0,00,0008,00,00,00,00,00,00,00,00,00,00,0E,02,00,00,00,00,00,0000,00,00,0000,00,00,00,00,0008,0008,00,00,00,0008,0008
1837,00,01,00,00,01,B0,00,0008,00,00,00,00,00,00,00,00,00,00,0E,02,00,00,00,00,00,0000,00,00,0000,00,00,00,00,0008,0008,00,00,00,0008,0008
1838,00,01,00,00,01,B0,00,0008,00,00,00,00,00,00,00,00,00,00,0E,02,00,00,00,00,00,0000,00,00,0000,00,00,00,00,0008,0008,00,00,00,0008,0008
1839,00,01,00,00,01,B0,00,0008,00,00,00,00,00,00,00,00,00,00,0E,02,00,00,00,00,00,0000,00,00,0000,00,00,00,00,0008,0008,00,00,00,0008,0008
1840,00,01,00,00,01,B0,00,0008,00,00,00,00,00,00,00,00,00,00,0E,02,00,00,00,00,00,0000,00,00,0000,00,00,00,00,0008,0008,00,00,00,0008,0008
1841,00,01,00,00,01,B0,00,0008,00,00,00,00,00,00,00,00,00,00,0E,02,00,00,00,00,00,0000,00,00,0000,00,00,00,00,0008,0008,00,00,00,0008,0008
1842,00,01,00,00,01,B0,00,0008,00,00,00,00,00,00,00,00,00,00,0E,02,00,00,00,00,00,0000,00,00,0000,00,00,00,00,0008,0008,00,00,00,0008,0008
1843,00,01,00,00,01,B0,00,0008,00,00,00,00,00,00,00,00,00,00,0E,02,00,00,00,00,00,0000,00,00,0000,00,00,00,00,0008,0008,00,00,00,0008,0008
1844,00,01,00,00,01,B0,00,0008,00,00,00,00,00,00,00,00,00,00,0E,02,00,00,00,00,00,0000,00,00,0000,00,00,00,00,0008,0008,00,00,00,0008,0008
1845,00,01,00,00,01,B0,00,0008,00,00,00,00,00,00,00,00,00,00,0E,02,00,00,00,00,00,0000,00,00,0000,00,00,00,00,0008,0008,00,00,00,0008,0008
1846,00,01,00,00,01,B0,00,0008,00,00,00,00,00,00,00,00,00,00,0E,02,00,00,00,00,00,0000,00,00,0000,00,00,00,00,0008,0008,00,00,00,0008,0008
1847,00,01,00,00,01,B0,00,0008,00,00,00,00,00,00,00,00,00,00,0E,02,00,00,00,00,00,0000,00,00,0000,00,00,00,00,0008,0008,00,00,00,0008,0008
1848,00,01,00,00,01,B0,00,0008,00,00,00,00,00,00,00,00,00,00,0E,02,00,00,00,00,00,0000,00,00,0000,00,00,00,00,0008,0008,00,00,00,0008,0008
1849,00,01,00,00,01,B0,00,0008,00,00,00,00,00,00,00,00,00,00,0E,02,00,00,00,00,00,0000,00,00,0000,00,00,00,00,0008,0008,00,00,00,0008,0008
1850,00,01,00,00,01,B0,00,0008,00,00,00,00,00,00,00,00,00,00,0E,02,00,00,00,00,00,0000,00,00,0000,00,00,00,00,0008,0008,00,00,00,0008,0008
1851,00,01,00,00,01,B0,00,0008,00,00,00,00,00,00,00,00,00,00,0E,02,00,00,00,00,00,0000,00,00,0000,00,00,00,00,0008,0008,00,00,00,0008,0008
1852,00,01,00,00,01,B0,00,0008,00,00,00,00,00,00,00,00,00,00,0E,02,00,00,00,00,00,0000,00,00,0000,00,00,00,00,0008,0008,00,00,00,0008,0008
1853,00,01,00,00,01,B0,00,0008,00,00,00,00,00,00,00,00,00,00,0E,02,00,00,00,00,00,0000,00,00,0000,00,00,00,00,0008,0008,00,00,00,0008,0008
1854,00,01,00,00,01,B0,00,0008,00,00,00,00,00,00,00,00,00,00,0E,02,00,00,00,00,00,0000,00,00,0000,00,00,00,00,0008,0008,00,00,00,0008,0008
1855,00,01,00,00,01,B0,00,0008,00,00,00,00,00,00,00,00,00,00,0E,02,00,00,00,00,00,0000,00,00,0000,00,00,00,00,0008,0008,00,00,00,0008,0008
1856,00,01,00,00,01,B0,00,0008,00,00,00,00,00,00,00,00,00,00,0E,02,00,00,00,00,00,0000,00,00,0000,00,00,00,00,0008,0008,00,00,00,0008,0008
1857,00,01,00,00,01,B0,00,0008,00,00,00,00,00,00,00,00,00,00,0E,02,00,00,00,00,00,0000,00,00,0000,00,00,00,00,0008,0008,00,00,00,0008,0008
1858,00,01,00,00,01,B0,00,0008,00,00,00,00,00,00,00,00,00,00,0E,02,00,00,00,00,00,0000,00,00,0000,00,00,00,00,0008,0008,00,00,00,0008,0008
1859,00,01,00,00,01,B0,00,0008,00,00,00,00,00,00,00,00,00,00,0E,02,00,00,00,00,00,0000,00,00,0000,00,00,00,00,0008,0008,00,00,00,0008,0008
1860,00,01,00,00,01,B0,00,0008,00,00,00,00,00,00,00,00,00,00,0E,02,00,00,00,00,00,0000,00,00,0000,00,00,00,00,0008,0008,00,00,00,0008,0008
1861,00,01,00,00,01,B0,00,0008,00,00,00,00,00,00,00,00,00,00,0E,02,00,00,00,00,00,0000,00,00,0000,00,00,00,00,0008,0008,00,00,00,0008,0008
1862,00,01,00,00,01,B0,00,0008,00,00,00,00,00,00,00,00,00,00,0E,02,00,00,00,00,00,0000,00,00,0000,00,00,00,00,0008,0008,00,00,00,0008,0008
1863,00,01,00,00,01,B0,00,0008,00,00,00,00,00,00,00,00,00,00,0E,02,00,00,00,00,00,0000,00,00,0000,00,00,00,00,0008,0008,00,00,00,0008,0008
1864,00,01,00,00,01,B0,00,0008,00,00,00,00,00,00,00,00,00,00,0E,02,00,00,00,00,00,0000,00,00,0000,00,00,00,00,0008,0008,00,00,00,0008,0008
1865,00,01,00,00,01,B0,00,0008,00,00,00,00,00,00,00,00,00,00,0E,02,00,00,00,00,00,0000,00,00,0000,00,00,00,00,0008,0008,00,00,00,0008,0008
1866,00,01,00,00,01,B0,00,0008,00,00,00,00,00,00,00,00,00,00,0E,02,00,00,00,00,00,0000,00,00,0000,00,00,00,00,0008,0008,00,00,00,0008,0008
1867,00,01,00,00,01,B0,00,0008,00,00,00,00,00,00,00,00,00,00,0E,02,00,00,00,00,00,0000,00,00,0000,00,00,00,00,0008,0008,00,00,00,0008,0008
1868,00,01,00,00,01,B0,00,0008,00,00,00,00,00,00,00,00,00,00,0E,02,00,00,00,00,00,0000,00,00,0000,00,00,00,00,0008,0008,00,00,00,0008,0008
1869,00,01,00,00,01,B0,00,0008,00,00,00,00,00,00,00,00,00,00,0E,02,00,00,00,00,00,0000,00,00,0000,00,00,00,00,0008,0008,00,00,00,0008,0008
1870,00,01,00,00,01,B0,00,0008,00,00,00,00,00,00,00,00,00,00,0E,02,00,00,00,00,00,0000,00,00,0000,00,00,00,00,0008,0008,00,00,00,0008,0008
1871,00,01,00,00,01,B0,00,0008,00,00,00,00,00,00,00,00,00,00,0E,02,00,00,00,00,00,0000,00,00,0000,00,00,00,00,0008,0008,00,00,00,0008,0008
1872,00,01,00,00,01,B0,00,0008,00,00,00,00,00,00,00,00,00,00,0E,02,00,00,00,00,00,0000,00,00,0000,00,00,00,00,0008,0008,00,00,00,0008,0008
1873,00,01,00,00,01,B0,00,0008,00,00,00,00,00,00,00,00,00,00,0E,02,00,00,00,00,00,0000,00,00,0000,00,00,00,00,0008,0008,00,00,00,0008,0008
1874,00,01,00,00,01,B0,00,0008,00,00,00,00,00,00,00,00,00,00,0E,02,00,00,00,00,00,0000,00,00,0000,00,00,00,00,0008,0008,00,00,00,0008,0008
1875,00,01,00,00,01,B0,00,0008,00,00,00,00,00,00,00,00,00,00,0E,02,00,00,00,00,00,0000,00,00,0000,00,00,00,00,0008,0008,00,00,00,0008,0008
1876,00,01,00,00,01,B0,00,0008,00,00,00,00,00,00,00,00,00,00,0E,02,00,00,00,00,00,0000,00,00,0000,00,00,00,00,0008,0008,00,00,00,0008,0008
1877,00,01,00,00,01,B0,00,0008,00,00,00,00,00,00,00,00,00,00,0E,02,00,00,00,00,00,0000,00,00,0000,00,00,00,00,0008,0008,00,00,00,0008,0008
1878,00,01,00,00,01,B0,00,0008,00,00,00,00,00,00,00,00,00,00,0E,02,00,00,00,00,00,0000,00,00,0000,00,00,00,00,0008,0008,00,00,00,0008,0008
1879,00,01,00,00,01,B0,00,0008,00,00,00,00,00,00,00,00,00,00,0E,02,00,00,00,00,00,0000,00,00,0000,00,00,00,00,0008,0008,00,00,00,0008,0008
1880,00,01,00,00,01,B0,00,0008,00,00,00,00,00,00,00,00,00,00,0E,02,00,00,00,00,00,0000,00,00,0000,00,00,00,00,0008,0008,00,00,00,0008,0008
1881,00,01,00,00,01,B0,00,0008,00,00,00,00,00,00,00,00,00,00,0E,02,00,00,00,00,00,0000,00,00,0000,00,00,00,00,0008,0008,00,00,00,0008,0008
1882,00,01,00,00,01,B0,00,0008,00,00,00,00,00,00,00,00,00,00,0E,02,00,00,00,00,00,0000,00,00,0000,00,00,00,00,0008,0008,00,00,00,0008,0008
1883,00,01,00,00,01,B0,00,0008,00,00,00,00,00,00,00,00,00,00,0E,02,00,00,00,00,00,0000,00,00,0000,00,00,00,00,0008,0008,00,00,00,0008,0008
1884,00,01,00,00,01,B0,00,0008,00,00,00,00,00,00,00,00,00,00,0E,02,00,00,00,00,00,0000,00,00,0000,00,00,00,00,0008,0008,00,00,00,0008,0008
1885,00,01,00,00,01,B0,00,0008,00,00,00,00,00,00,00,00,00,00,0E,02,00,00,00,00,00,0000,00,00,0000,00,00,00,00,0008,0008,00,00,00,0008,0008
1886,00,01,00,00,01,B0,00,0008,00,00,00,00,00,00,00,00,00,00,0E,02,00,00,00,00,00,0000,00,00,0000,00,00,00,00,0008,0008,00,00,00,0008,0008
1887,00,01,00,00,01,B0,00,0008,00,00,00,00,00,00,00,00,00,00,0E,02,00,00,00,00,00,0000,00,00,0000,00,00,00,00,0008,0008,00,00,00,0008,0008
1888,00,01,00,00,01,B0,00,0008,00,00,00,00,00,00,00,00,00,00,0E,02,00,00,00,00,00,0000,00,00,0000,00,00,00,00,0008,0008,00,00,00,0008,0008
1889,00,01,00,00,01,B0,00,0008,00,00,00,00,00,00,00,00,00,00,0E,02,00,00,00,00,00,0000,00,00,0000,00,00,00,00,0008,0008,00,00,00,0008,0008
1890,00,01,00,00,01,B0,00,0008,00,00,00,00,00,00,00,00,00,00,0E,02,00,00,00,00,00,0000,00,00,0000,00,00,00,00,0008,0008,00,00,00,0008,0008
1891,00,01,00,00,01,B0,00,0008,00,00,00,00,00,00,00,00,00,00,0E,02,00,00,00,00,00,0000,00,00,0000,00,00,00,00,0008,0008,00,00,00,0008,0008
1892,00,01,00,00,01,B0,00,0008,00,00,00,00,00,00,00,00,00,00,0E,02,00,00,00,00,00,0000,00,00,0000,00,00,00,00,0008,0008,00,00,00,0008,0008
1893,00,01,00,00,01,B0,00,0008,00,00,00,00,00,00,00,00,00,00,0E,02,00,00,00,00,00,0000,00,00,0000,00,00,00,00,0008,0008,00,00,00,0008,0008
1894,00,01,00,00,01,B0,00,0008,00,00,00,00,00,00,00,00,00,00,0E,02,00,00,00,00,00,0000,00,00,0000,00,00,00,00,0008,0008,00,00,00,0008,0008
1895,00,01,00,00,01,B0,00,0008,00,00,00,00,00,00,00,00,00,00,0E,02,00,00,00,00,00,0000,00,00,0000,00,00,00,00,0008,0008,00,00,00,0008,0008
1896,00,01,00,00,01,B0,00,0008,00,00,00,00,00,00,00,00,00,00,0E,02,00,00,00,00,00,0000,00,00,0000,00,00,00,00,0008,0008,00,00,00,0008,0008
1897,00,01,00,00,01,B0,00,0008,00,00,00,00,00,00,00,00,00,00,0E,02,00,00,00,00,00,0000,00,00,0000,00,00,00,00,0008,0008,00,00,00,0008,0008
1898,00,01,00,00,01,B0,00,0008,00,00,00,00,00,00,00,00,00,00,0E,02,00,00,00,00,00,0000,00,00,0000,00,00,00,00,0008,0008,00,00,00,0008,0008
1899,00,01,00,00,01,B0,00,0008,00,00,00,00,00,00,00,00,00,00,0E,02,00,00,00,00,00,0000,00,00,0000,00,00,00,00,0008,0008,00,00,00,0008,0008
1900,00,01,00,00,01,B0,00,0008,00,00,00,00,00,00,00,00,00,00,0E,02,00,00,00,00,00,0000,00,00,0000,00,00,00,00,0008,0008,00,00,00,0008,0008
1901,00,01,00,00,01,B0,00,0008,00,00,00,00,00,00,00,00,00,00,0E,02,00,00,00,00,00,0000,00,00,0000,00,00,00,00,0008,0008,00,00,00,0008,0008
1902,00,01,00,00,01,B0,00,0008,00,00,00,00,00,00,00,00,00,00,0E,02,00,00,00,00,00,0000,00,00,0000,00,00,00,00,0008,0008,00,00,00,0008,0008
1903,00,01,00,00,01,B0,00,0008,00,00,00,00,00,00,00,00,00,00,0E,02,00,00,00,00,00,0000,00,00,0000,00,00,00,00,0008,0008,00,00,00,0008,0008
1904,00,01,00,00,01,B0,00,0008,00,00,00,00,00,00,00,00,00,00,0E,02,00,00,00,00,00,0000,00,00,0000,00,00,00,00,0008,0008,00,00,00,0008,0008
1905,00,01,00,00,01,B0,00,0008,00,00,00,00,00,00,00,00,00,00,0E,02,00,00,00,00,00,0000,00,00,0000,00,00,00,00,0008,0008,00,00,00,0008,0008
1906,00,01,00,00,01,B0,00,0008,00,00,00,00,00,00,00,00,00,00,0E,02,00,00,00,00,00,0000,00,00,0000,00,00,00,00,0008,0008,00,00,00,0008,0008
1907,00,01,00,00,01,B0,00,0008,00,00,00,00,00,00,00,00,00,00,0E,02,00,00,00,00,00,0000,00,00,0000,00,00,00,00,0008,0008,00,00,00,0008,0008
1908,00,01,00,00,01,B0,00,0008,00,00,00,00,00,00,00,00,00,00,0E,02,00,00,00,00,00,0000,00,00,0000,00,00,00,00,0008,0008,00,00,00,0008,0008
1909,00,01,00,00,01,B0,00,0008,00,00,00,00,00,00,00,00,00,00,0E,02,00,00,00,00,00,0000,00,00,0000,00,00,00,00,0008,0008,00,00,00,0008,0008
1910,00,01,00,00,01,B0,00,0008,00,00,00,00,00,00,00,00,00,00,0E,02,00,00,00,00,00,0000,00,00,0000,00,00,00,00,0008,0008,00,00,00,0008,0008
1911,00,01,00,00,01,B0,00,0008,00,00,00,00,00,00,00,00,00,00,0E,02,00,00,00,00,00,0000,00,00,0000,00,00,00,00,0008,0008,00,00,00,0008,0008
1912,00,01,00,00,01,B0,00,0008,00,00,00,00,00,00,00,00,00,00,0E,02,00,00,00,00,00,0000,00,00,0000,00,00,00,00,0008,0008,00,00,00,0008,0008
1913,00,01,00,00,01,B0,00,0008,00,00,00,00,00,00,00,00,00,00,0E,02,00,00,00,00,00,0000,00,00,0000,00,00,00,00,0008,0008,00,00,00,0008,0008
1914,00,01,00,00,01,B0,00,0008,00,00,00,00,00,00,00,00,00,00,0E,02,00,00,00,00,00,0000,00,00,0000,00,00,00,00,0008,0008,00,00,00,0008,0008
1915,00,01,00,00,01,B0,00,0008,00,00,00,00,00,00,00,00,00,00,0E,02,00,00,00,00,00,0000,00,00,0000,00,00,00,00,0008,0008,00,00,00,0008,0008
1916,00,01,00,00,01,B0,00,0008,00,00,00,00,00,00,00,00,00,00,0E,02,00,00,00,00,00,0000,00,00,0000,00,00,00,00,0008,0008,00,00,00,0008,0008
1917,00,01,00,00,01,B0,00,0008,00,00,00,00,00,00,00,00,00,00,0E,02,00,00,00,00,00,0000,00,00,0000,00,00,00,00,0008,0008,00,00,00,0008,0008
1918,00,01,00,00,01,B0,00,0008,00,00,00,00,00,00,00,00,00,00,0E,02,00,00,00,00,00,0000,00,00,0000,00,00,00,00,0008,0008,00,00,00,0008,0008
1919,00,01,00,00,01,B0,00,0008,00,00,00,00,00,00,00,00,00,00,0E,02,00,00,00,00,00,0000,00,00,0000,00,00,00,00,0008,0008,00,00,00,0008,0008
1920,00,01,00,00,01,B0,00,0008,00,00,00,00,00,00,00,00,00,00,0E,02,00,00,00,00,00,0000,00,00,0000,00,00,00,00,0008,0008,00,00,00,0008,0008
1921,00,01,00,00,01,B0,00,0008,00,00,00,00,00,00,00,00,00,00,0E,02,00,00,00,00,00,0000,00,00,0000,00,00,00,00,0008,0008,00,00,00,0008,0008
1922,00,01,00,00,01,B0,00,0008,00,00,00,00,00,00,00,00,00,00,0E,02,00,00,00,00,00,0000,00,00,0000,00,00,00,00,0008,0008,00,00,00,0008,0008
1923,00,01,00,00,01,B0,00,0008,00,00,00,00,00,00,00,00,00,00,0E,02,00,00,00,00,00,0000,00,00,0000,00,00,00,00,0008,0008,00,00,00,0008,0008
1924,00,01,00,00,01,B0,00,0008,00,00,00,00,00,00,00,00,00,00,0E,02,00,00,00,00,00,0000,00,00,0000,00,00,00,00,0008,0008,00,00,00,0008,0008
1925,00,01,00,00,01,B0,00,0008,00,00,00,00,00,00,00,00,00,00,0E,02,00,00,00,00,00,0000,00,00,0000,00,00,00,00,0008,0008,00,00,00,0008,0008
1926,00,01,00,00,01,B0,00,0008,00,00,00,00,00,00,00,00,00,00,0E,02,00,00,00,00,00,0000,00,00,0000,00,00,00,00,0008,0008,00,00,00,0008,0008
1927,00,01,00,00,01,B0,00,0008,00,00,00,00,00,00,00,00,00,00,0E,02,00,00,00,00,00,0000,00,00,0000,00,00,00,00,0008,0008,00,00,00,0008,0008
1928,00,01,00,00,01,B0,00,0008,00,00,00,00,00,00,00,00,00,00,0E,02,00,00,00,00,00,0000,00,00,0000,00,00,00,00,0008,0008,00,00,00,0008,0008
1929,00,01,00,00,01,B0,00,0008,00,00,00,00,00,00,00,00,00,00,0E,02,00,00,00,00,00,0000,00,00,0000,00,00,00,00,0008,0008,00,00,00,0008,0008
1930,00,01,00,00,01,B0,00,0008,00,00,00,00,00,00,00,00,00,00,0E,02,00,00,00,00,00,0000,00,00,0000,00,00,00,00,0008,0008,00,00,00,0008,0008
1931,00,01,00,00,01,B0,00,0008,00,00,00,00,00,00,00,00,00,00,0E,02,00,00,00,00,00,0000,00,00,0000,00,00,00,00,0008,0008,00,00,00,0008,0008
1932,00,01,00,00,01,B0,00,0008,00,00,00,00,00,00,00,00,00,00,0E,02,00,00,00,00,00,0000,00,00,0000,00,00,00,00,0008,0008,00,00,00,0008,0008
1933,00,01,00,00,01,B0,00,0008,00,00,00,00,00,00,00,00,00,00,0E,02,00,00,00,00,00,0000,00,00,0000,00,00,00,00,0008,0008,00,00,00,0008,0008
1934,00,01,00,00,01,B0,00,0008,00,00,00,00,00,00,00,00,00,00,0E,02,00,00,00,00,00,0000,00,00,0000,00,00,00,00,0008,0008,00,00,00,0008,0008
1935,00,01,00,00,01,B0,00,0008,00,00,00,00,00,00,00,00,00,00,0E,02,00,00,00,00,00,0000,00,00,0000,00,00,00,00,0008,0008,00,00,00,0008,0008
1936,00,01,00,00,01,B0,00,0008,00,00,00,00,00,00,00,00,00,00,0E,02,00,00,00,00,00,0000,00,00,0000,00,00,00,00,0008,0008,00,00,00,0008,0008
1937,00,01,00,00,01,B0,00,0008,00,00,00,00,00,00,00,00,00,00,0E,02,00,00,00,00,00,0000,00,00,0000,00,00,00,00,0008,0008,00,00,00,0008,0008
1938,00,01,00,00,01,B0,00,0008,00,00,00,00,00,00,00,00,00,00,0E,02,00,00,00,00,00,0000,00,00,0000,00,00,00,00,0008,0008,00,00,00,0008,0008
1939,00,01,00,00,01,B0,00,0008,00,00,00,00,00,00,00,00,00,00,0E,02,00,00,00,00,00,0000,00,00,0000,00,00,00,00,0008,0008,00,00,00,0008,0008
1940,00,01,00,00,01,B0,00,0008,00,00,00,00,00,00,00,00,00,00,0E,02,00,00,00,00,00,0000,00,00,0000,00,00,00,00,0008,0008,00,00,00,0008,0008
1941,00,01,00,00,01,B0,00,0008,00,00,00,00,00,00,00,00,00,00,0E,02,00,00,00,00,00,0000,00,00,0000,00,00,00,00,0008,0008,00,00,00,0008,0008
1942,00,01,00,00,01,B0,00,0008,00,00,00,00,00,00,00,00,00,00,0E,02,00,00,00,00,00,0000,00,00,0000,00,00,00,00,0008,0008,00,00,00,0008,0008
1943,00,01,00,00,01,B0,00,0008,00,00,00,00,00,00,00,00,00,00,0E,02,00,00,00,00,00,0000,00,00,0000,00,00,00,00,0008,0008,00,00,00,0008,0008
1944,00,01,00,00,01,B0,00,0008,00,00,00,00,00,00,00,00,00,00,0E,02,00,00,00,00,00,0000,00,00,0000,00,00,00,00,0008,0008,00,00,00,0008,0008
1945,00,01,00,00,01,B0,00,0008,00,00,00,00,00,00,00,00,00,00,0E,02,00,00,00,00,00,0000,00,00,0000,00,00,00,00,0008,0008,00,00,00,0008,0008
1946,00,01,00,00,01,B0,00,0008,00,00,00,00,00,00,00,00,00,00,0E,02,00,00,00,00,00,0000,00,00,0000,00,00,00,00,0008,0008,00,00,00,0008,0008
1947,00,01,00,00,01,B0,00,0008,00,00,00,00,00,00,00,00,00,00,0E,02,00,00,00,00,00,0000,00,00,0000,00,00,00,00,0008,0008,00,00,00,0008,0008
1948,00,01,00,00,01,B0,00,0008,00,00,00,00,00,00,00,00,00,00,0E,02,00,00,00,00,00,0000,00,00,0000,00,00,00,00,0008,0008,00,00,00,0008,0008
1949,00,01,00,00,01,B0,00,0008,00,00,00,00,00,00,00,00,00,00,0E,02,00,00,00,00,00,0000,00,00,0000,00,00,00,00,0008,0008,00,00,00,0008,0008
1950,00,01,00,00,01,B0,00,0008,00,00,00,00,00,00,00,00,00,00,0E,02,00,00,00,00,00,0000,00,00,0000,00,00,00,00,0008,0008,00,00,00,0008,0008
1951,00,01,00,00,01,B0,00,0008,00,00,00,00,00,00,00,00,00,00,0E,02,00,00,00,00,00,0000,00,00,0000,00,00,00,00,0008,0008,00,00,00,0008,0008
1952,00,01,00,00,01,B0,00,0008,00,00,00,00,00,00,00,00,00,00,0E,02,00,00,00,00,00,0000,00,00,0000,00,00,00,00,0008,0008,00,00,00,0008,0008
1953,00,01,00,00,01,B0,00,0008,00,00,00,00,00,00,00,00,00,00,0E,02,00,00,00,00,00,0000,00,00,0000,00,00,00,00,0008,0008,00,00,00,0008,0008
1954,00,01,00,00,01,B0,00,0008,00,00,00,00,00,00,00,00,00,00,0E,02,00,00,00,00,00,0000,00,00,0000,00,00,00,00,0008,0008,00,00,00,0008,0008
1955,00,01,00,00,01,B0,00,0008,00,00,00,00,00,00,00,00,00,00,0E,02,00,00,00,00,00,0000,00,00,0000,00,00,00,00,0008,0008,00,00,00,0008,0008
1956,00,01,00,00,01,B0,00,0008,00,00,00,00,00,00,00,00,00,00,0E,02,00,00,00,00,00,0000,00,00,0000,00,00,00,00,0008,0008,00,00,00,0008,0008
1957,00,01,00,00,01,B0,00,0008,00,00,00,00,00,00,00,00,00,00,0E,02,00,00,00,00,00,0000,00,00,0000,00,00,00,00,0008,0008,00,00,00,0008,0008
1958,00,01,00,00,01,B0,00,0008,00,00,00,00,00,00,00,00,00,00,0E,02,00,00,00,00,00,0000,00,00,0000,00,00,00,00,0008,0008,00,00,00,0008,0008
1959,00,01,00,00,01,B0,00,0008,00,00,00,00,00,00,00,00,00,00,0E,02,00,00,00,00,00,0000,00,00,0000,00,00,00,00,0008,0008,00,00,00,0008,0008
1960,00,01,00,00,01,B0,00,0008,00,00,00,00,00,00,00,00,00,00,0E,02,00,00,00,00,00,0000,00,00,0000,00,00,00,00,0008,0008,00,00,00,0008,0008
1961,00,01,00,00,01,B0,00,0008,00,00,00,00,00,00,00,00,00,00,0E,02,00,00,00,00,00,0000,00,00,0000,00,00,00,00,0008,0008,00,00,00,0008,0008
1962,00,01,00,00,01,B0,00,0008,00,00,00,00,00,00,00,00,00,00,0E,02,00,00,00,00,00,0000,00,00,0000,00,00,00,00,0008,0008,00,00,00,0008,0008
1963,00,01,00,00,01,B0,00,0008,00,00,00,00,00,00,00,00,00,00,0E,02,00,00,00,00,00,0000,00,00,0000,00,00,00,00,0008,0008,00,00,00,0008,0008
1964,00,01,00,00,01,B0,00,0008,00,00,00,00,00,00,00,00,00,00,0E,02,00,00,00,00,00,0000,00,00,0000,00,00,00,00,0008,0008,00,00,00,0008,0008
1965,00,01,00,00,01,B0,00,0008,00,00,00,00,00,00,00,00,00,00,0E,02,00,00,00,00,00,0000,00,00,0000,00,00,00,00,0008,0008,00,00,00,0008,0008
1966,00,01,00,00,01,B0,00,0008,00,00,00,00,00,00,00,00,00,00,0E,02,00,00,00,00,00,0000,00,00,0000,00,00,00,00,0008,0008,00,00,00,0008,0008
1967,00,01,00,00,01,B0,00,0008,00,00,00,00,00,00,00,00,00,00,0E,02,00,00,00,00,00,0000,00,00,0000,00,00,00,00,0008,0008,00,00,00,0008,0008
1968,00,01,00,00,01,B0,00,0008,00,00,00,00,00,00,00,00,00,00,0E,02,00,00,00,00,00,0000,00,00,0000,00,00,00,00,0008,0008,00,00,00,0008,0008
1969,00,01,00,00,01,B0,00,0008,00,00,00,00,00,00,00,00,00,00,0E,02,00,00,00,00,00,0000,00,00,0000,00,00,00,00,0008,0008,00,00,00,0008,0008
1970,00,01,00,00,01,B0,00,0008,00,00,00,00,00,00,00,00,00,00,0E,02,00,00,00,00,00,0000,00,00,0000,00,00,00,00,0008,0008,00,00,00,0008,0008
1971,00,01,00,00,01,B0,00,0008,00,00,00,00,00,00,00,00,00,00,0E,02,00,00,00,00,00,0000,00,00,0000,00,00,00,00,0008,0008,00,00,00,0008,0008
1972,00,01,00,00,01,B0,00,0008,00,00,00,00,00,00,00,00,00,00,0E,02,00,00,00,00,00,0000,00,00,0000,00,00,00,00,0008,0008,00,00,00,0008,0008
1973,00,01,00,00,01,B0,00,0008,00,00,00,00,00,00,00,00,00,00,0E,02,00,00,00,00,00,0000,00,00,0000,00,00,00,00,0008,0008,00,00,00,0008,0008
1974,00,01,00,00,01,B0,00,0008,00,00,00,00,00,00,00,00,00,00,0E,02,00,00,00,00,00,0000,00,00,0000,00,00,00,00,0008,0008,00,00,00,0008,0008
1975,00,01,00,00,01,B0,00,0008,00,00,00,00,00,00,00,00,00,00,0E,02,00,00,00,00,00,0000,00,00,0000,00,00,00,00,0008,0008,00,00,00,0008,0008
1976,00,01,00,00,01,B0,00,0008,00,00,00,00,00,00,00,00,00,00,0E,02,00,00,00,00,00,0000,00,00,0000,00,00,00,00,0008,0008,00,00,00,0008,0008
1977,00,01,00,00,01,B0,00,0008,00,00,00,00,00,00,00,00,00,00,0E,02,00,00,00,00,00,0000,00,00,0000,00,00,00,00,0008,0008,00,00,00,0008,0008
1978,00,01,00,00,01,B0,00,0008,00,00,00,00,00,00,00,00,00,00,0E,02,00,00,00,00,00,0000,00,00,0000,00,00,00,00,0008,0008,00,00,00,0008,0008
1979,00,01,00,00,01,B0,00,0008,00,00,00,00,00,00,00,00,00,00,0E,02,00,00,00,00,00,0000,00,00,0000,00,00,00,00,0008,0008,00,00,00,0008,0008
1980,00,01,00,00,01,B0,00,0008,00,00,00,00,00,00,00,00,00,00,0E,02,00,00,00,00,00,0000,00,00,0000,00,00,00,00,0008,0008,00,00,00,0008,0008
1981,00,01,00,00,01,B0,00,0008,00,00,00,00,00,00,00,00,00,00,0E,02,00,00,00,00,00,0000,00,00,0000,00,00,00,00,0008,0008,00,00,00,0008,0008
1982,00,01,00,00,01,B0,00,0008,00,00,00,00,00,00,00,00,00,00,0E,02,00,00,00,00,00,0000,00,00,0000,00,00,00,00,0008,0008,00,00,00,0008,0008
1983,00,01,00,00,01,B0,00,0008,00,00,00,00,00,00,00,00,00,00,0E,02,00,00,00,00,00,0000,00,00,0000,00,00,00,00,0008,0008,00,00,00,0008,0008
1984,00,01,00,00,01,B0,00,0008,00,00,00,00,00,00,00,00,00,00,0E,02,00,00,00,00,00,0000,00,00,0000,00,00,00,00,0008,0008,00,00,00,0008,0008
1985,00,01,00,00,01,B0,00,0008,00,00,00,00,00,00,00,00,00,00,0E,02,00,00,00,00,00,0000,00,00,0000,00,00,00,00,0008,0008,00,00,00,0008,0008
1986,00,01,00,00,01,B0,00,0008,00,00,00,00,00,00,00,00,00,00,0E,02,00,00,00,00,00,0000,00,00,0000,00,00,00,00,0008,0008,00,00,00,0008,0008
1987,00,01,00,00,01,B0,00,0008,00,00,00,00,00,00,00,00,00,00,0E,02,00,00,00,00,00,0000,00,00,0000,00,00,00,00,0008,0008,00,00,00,0008,0008
1988,00,01,00,00,01,B0,00,0008,00,00,00,00,00,00,00,00,00,00,0E,02,00,00,00,00,00,0000,00,00,0000,00,00,00,00,0008,0008,00,00,00,0008,0008
1989,00,01,00,00,01,B0,00,0008,00,00,00,00,00,00,00,00,00,00,0E,02,00,00,00,00,00,0000,00,00,0000,00,00,00,00,0008,0008,00,00,00,0008,0008
1990,00,01,00,00,01,B0,00,0008,00,00,00,00,00,00,00,00,00,00,0E,02,00,00,00,00,00,0000,00,00,0000,00,00,00,00,0008,0008,00,00,00,0008,0008
1991,00,01,00,00,01,B0,00,0008,00,00,00,00,00,00,00,00,00,00,0E,02,00,00,00,00,00,0000,00,00,0000,00,00,00,00,0008,0008,00,00,00,0008,0008
1992,00,01,00,00,01,B0,00,0008,00,00,00,00,00,00,00,00,00,00,0E,02,00,00,00,00,00,0000,00,00,0000,00,00,00,00,0008,0008,00,00,00,0008,0008
1993,00,01,00,00,01,B0,00,0008,00,00,00,00,00,00,00,00,00,00,0E,02,00,00,00,00,00,0000,00,00,0000,00,00,00,00,0008,0008,00,00,00,0008,0008
1994,00,01,00,00,01,B0,00,0008,00,00,00,00,00,00,00,00,00,00,0E,02,00,00,00,00,00,0000,00,00,0000,00,00,00,00,0008,0008,00,00,00,0008,0008
1995,00,01,00,00,01,B0,00,0008,00,00,00,00,00,00,00,00,00,00,0E,02,00,00,00,00,00,0000,00,00,0000,00,00,00,00,0008,0008,00,00,00,0008,0008
1996,00,01,00,00,01,B0,00,0008,00,00,00,00,00,00,00,00,00,00,0E,02,00,00,00,00,00,0000,00,00,0000,00,00,00,00,0008,0008,00,00,00,0008,0008
1997,00,01,00,00,01,B0,00,0008,00,00,00,00,00,00,00,00,00,00,0E,02,00,00,00,00,00,0000,00,00,0000,00,00,00,00,0008,0008,00,00,00,0008,0008
1998,00,01,00,00,01,B0,00,0008,00,00,00,00,00,00,00,00,00,00,0E,02,00,00,00,00,00,0000,00,00,0000,00,00,00,00,0008,0008,00,00,00,0008,0008
1999,00,01,00,00,01,B0,00,0008,00,00,00,00,00,00,00,00,00,00,0E,02,00,00,00,00,00,0000,00,00,0000,00,00,00,00,0008,0008,00,00,00,0008,0008
2000,00,01,00,00,01,B0,00,0008,00,00,00,00,00,00,00,00,00,00,0E,02,00,00,00,00,00,0000,00,00,0000,00,00,00,00,0008,0008,00,00,00,0008,0008
2001,00,01,00,00,01,B0,00,0008,00,00,00,00,00,00,00,00,00,00,0E,02,00,00,00,00,00,0000,00,00,0000,00,00,00,00,0008,0008,00,00,00,0008,0008
2002,00,01,00,00,01,B0,00,0008,00,00,00,00,00,00,00,00,00,00,0E,02,00,00,00,00,00,0000,00,00,0000,00,00,00,00,0008,0008,00,00,00,0008,0008
2003,00,01,00,00,01,B0,00,0008,00,00,00,00,00,00,00,00,00,00,0E,02,00,00,00,00,00,0000,00,00,0000,00,00,00,00,0008,0008,00,00,00,0008,0008
2004,00,01,00,00,01,B0,00,0008,00,00,00,00,00,00,00,00,00,00,0E,02,00,00,00,00,00,0000,00,00,0000,00,00,00,00,0008,0008,00,00,00,0008,0008
2005,00,01,00,00,01,B0,00,0008,00,00,00,00,00,00,00,00,00,00,0E,02,00,00,00,00,00,0000,00,00,0000,00,00,00,00,0008,0008,00,00,00,0008,0008
2006,00,01,00,00,01,B0,00,0008,00,00,00,00,00,00,00,00,00,00,0E,02,00,00,00,00,00,0000,00,00,0000,00,00,00,00,0008,0008,00,00,00,0008,0008
2007,00,01,00,00,01,B0,00,0008,00,00,00,00,00,00,00,00,00,00,0E,02,00,00,00,00,00,0000,00,00,0000,00,00,00,00,0008,0008,00,00,00,0008,0008
2008,00,01,00,00,01,B0,00,0008,00,00,00,00,00,00,00,00,00,00,0E,02,00,00,00,00,00,0000,00,00,0000,00,00,00,00,0008,0008,00,00,00,0008,0008
2009,00,01,00,00,01,B0,00,0008,00,00,00,00,00,00,00,00,00,00,0E,02,00,00,00,00,00,0000,00,00,0000,00,00,00,00,0008,0008,00,00,00,0008,0008
2010,00,01,00,00,01,B0,00,0008,00,00,00,00,00,00,00,00,00,00,0E,02,00,00,00,00,00,0000,00,00,0000,00,00,00,00,0008,0008,00,00,00,0008,0008
2011,00,01,00,00,01,B0,00,0008,00,00,00,00,00,00,00,00,00,00,0E,02,00,00,00,00,00,0000,00,00,0000,00,00,00,00,0008,0008,00,00,00,0008,0008
2012,00,01,00,00,01,B0,00,0008,00,00,00,00,00,00,00,00,00,00,0E,02,00,00,00,00,00,0000,00,00,0000,00,00,00,00,0008,0008,00,00,00,0008,0008
2013,00,01,00,00,01,B0,00,0008,00,00,00,00,00,00,00,00,00,00,0E,02,00,00,00,00,00,0000,00,00,0000,00,00,00,00,0008,0008,00,00,00,0008,0008
2014,00,01,00,00,01,B0,00,0008,00,00,00,00,00,00,00,00,00,00,0E,02,00,00,00,00,00,0000,00,00,0000,00,00,00,00,0008,0008,00,00,00,0008,0008
2015,00,01,00,00,01,B0,00,0008,00,00,00,00,00,00,00,00,00,00,0E,02,00,00,00,00,00,0000,00,00,0000,00,00,00,00,0008,0008,00,00,00,0008,0008
2016,00,01,00,00,01,B0,00,0008,00,00,00,00,00,00,00,00,00,00,0E,02,00,00,00,00,00,0000,00,00,0000,00,00,00,00,0008,0008,00,00,00,0008,0008
2017,00,01,00,00,01,B0,00,0008,00,00,00,00,00,00,00,00,00,00,0E,02,00,00,00,00,00,0000,00,00,0000,00,00,00,00,0008,0008,00,00,00,0008,0008
2018,00,01,00,00,01,B0,00,0008,00,00,00,00,00,00,00,00,00,00,0E,02,00,00,00,00,00,0000,00,00,0000,00,00,00,00,0008,0008,00,00,00,0008,0008
2019,00,01,00,00,01,30,00,0000,00,00,00,00,00,00,00,00,00,00,0E,02,00,00,00,00,00,0000,00,00,0000,00,00,40,00,0008,0008,00,00,00,0008,0008
2020,01,00,00,00,01,30,00,0000,00,00,00,00,00,00,00,00,00,00,0E,02,00,00,00,00,00,0000,00,00,0000,00,00,40,00,0008,0008,00,00,00,0008,0008
2021,01,00,00,00,01,30,00,0000,00,00,00,00,00,00,00,00,00,00,0E,02,00,00,00,00,00,0000,00,00,0000,00,00,40,00,0008,0008,00,00,00,0008,0008
2022,01,00,00,00,01,30,00,0000,00,00,00,00,00,00,00,00,00,00,0E,02,00,00,00,00,00,0000,00,00,0000,00,00,40,00,0008,0008,00,00,00,0008,0008
2023,01,00,00,00,01,30,00,0000,00,00,00,00,00,00,00,00,00,00,0E,02,00,00,00,00,00,0000,00,00,0000,00,00,40,00,0008,0008,00,00,00,0008,0008
2024,01,00,00,00,01,30,00,0000,00,00,00,00,00,00,00,00,00,00,0E,02,00,00,00,00,00,0000,00,00,0000,00,00,40,00,0008,0008,00,00,00,0008,0008
2025,01,00,00,00,01,30,00,0008,00,00,00,00,00,00,00,00,00,00,0E,02,12,00,00,00,00,0000,00,00,0000,00,00,40,00,0008,0008,00,00,00,0008,0008
2026,01,00,00,00,01,30,00,0008,00,00,00,00,00,00,00,00,00,00,0E,02,12,00,00,00,00,0000,00,00,0000,00,00,40,00,0008,0008,00,00,00,0008,0008
2027,01,00,00,00,01,B0,00,0008,00,00,00,00,00,00,00,00,00,00,0E,02,14,00,00,00,00,0000,00,00,0000,00,00,00,00,0008,0008,00,00,00,0008,0008
2028,01,00,00,00,01,30,00,0008,00,00,00,00,00,00,00,00,00,00,0E,02,14,00,00,00,00,0000,00,00,0000,00,00,00,00,0008,0008,00,00,00,0008,0008
2029,01,00,00,00,01,30,00,0008,00,00,00,00,00,00,00,00,00,00,0E,02,14,00,00,00,00,0000,00,00,0000,00,00,00,00,0008,0008,00,00,00,0008,0008
2030,01,00,00,00,01,30,00,0008,00,00,00,00,00,00,00,00,00,00,0E,02,14,00,00,00,00,0000,00,00,0000,00,00,00,00,0008,0008,00,00,00,0008,0008
2031,01,00,00,00,01,30,00,0008,00,00,00,00,00,00,00,00,00,00,0E,02,14,00,00,00,00,0000,00,00,0000,00,00,00,00,0008,0008,00,00,00,0008,0008
2032,01,00,00,00,01,30,00,0008,00,00,00,00,00,00,00,00,00,00,0E,02,00,00,00,00,00,0000,00,00,0000,00,00,40,00,0008,0008,00,00,00,0008,0008
2033,01,00,00,00,01,B0,00,0008,00,00,00,00,00,00,00,00,00,00,0E,02,00,00,00,00,00,0000,00,00,0000,00,00,00,00,0008,0008,00,00,00,0008,0008
2034,01,00,00,00,01,B0,00,0008,00,00,00,00,00,00,00,00,00,00,0E,02,00,00,00,00,00,0000,00,00,0000,00,00,00,00,0008,0008,00,00,00,0008,0008
2035,01,00,00,00,01,B0,00,0008,00,00,00,00,00,00,00,00,00,00,0E,02,00,01,00,00,00,0000,00,00,0000,00,00,00,00,0008,0008,00,00,00,0008,0008
2036,01,00,00,00,01,B0,00,0008,00,00,00,00,00,00,00,00,00,00,0E,02,00,01,00,00,00,0000,00,00,0000,00,00,00,00,0008,0008,00,00,00,0008,0008
2037,01,00,00,00,01,B0,00,0008,00,00,00,00,00,00,00,00,00,00,0E,02,00,01,00,00,00,0000,00,00,0000,00,00,00,00,0008,0008,00,00,00,0008,0008
2038,01,00,00,00,01,B0,00,0008,00,00,00,00,00,00,00,00,00,00,0E,02,00,01,00,00,00,0000,00,00,0000,00,00,00,00,0008,0008,00,00,00,0008,0008
2039,01,00,00,00,01,B0,00,0008,00,00,00,00,00,00,00,00,00,00,0E,02,00,01,00,00,00,0000,00,00,0000,00,00,00,00,0008,0008,00,00,00,0008,0008
2040,01,00,00,00,01,B0,00,0008,00,00,00,00,00,00,00,00,00,00,0E,02,00,01,00,00,00,0000,00,00,0000,00,00,00,00,0008,0008,00,00,00,0008,0008
2041,01,00,00,00,01,B0,00,0008,00,00,00,00,00,00,00,00,00,00,0E,02,00,01,00,00,00,0000,00,00,0000,00,00,00,00,0008,0008,00,00,00,0008,0008
2042,01,00,00,00,01,B0,00,0008,00,00,00,00,00,00,00,00,00,00,0E,02,00,01,00,00,00,0000,00,00,0000,00,00,00,00,0008,0008,00,00,00,0008,0008
2043,01,00,00,00,01,B0,00,0008,00,00,00,00,00,00,00,00,00,00,0E,02,00,01,00,00,00,0000,00,00,0000,00,00,00,00,0008,0008,00,00,00,0008,0008
2044,01,00,00,00,01,B0,00,0008,00,00,00,00,00,00,00,00,00,00,0E,02,00,01,00,00,00,0000,00,00,0000,00,00,00,00,0008,0008,00,00,00,0008,0008
2045,01,00,00,00,01,B0,00,0008,00,00,00,00,00,00,00,00,00,00,0E,02,00,01,00,00,00,0000,00,00,0000,00,00,00,00,0008,0008,00,00,00,0008,0008
2046,01,00,00,00,01,B0,00,0008,00,00,00,00,00,00,00,00,00,00,0E,02,00,01,00,00,00,0000,00,00,0000,00,00,00,00,0008,0008,00,00,00,0008,0008
2047,01,00,00,00,01,B0,00,0008,00,00,00,00,00,00,00,00,00,00,0E,02,00,01,00,00,00,0000,00,00,0000,00,00,00,00,0008,0008,00,00,00,0008,0008
2048,01,00,00,00,01,B0,00,0008,00,00,00,00,00,00,00,00,00,00,0E,02,00,01,00,00,00,0000,00,00,0000,00,00,00,00,0008,0008,00,00,00,0008,0008
2049,01,00,00,00,01,B0,00,0008,00,00,00,00,00,00,00,00,00,00,0E,02,00,01,00,00,00,0000,00,00,0000,00,00,00,00,0008,0008,00,00,00,0008,0008
2050,01,00,00,00,01,B0,00,0008,00,00,00,00,00,00,00,00,00,00,0E,02,00,01,00,00,00,0000,00,00,0000,00,00,00,00,0008,0008,00,00,00,0008,0008
2051,01,00,00,00,01,B0,00,0008,00,00,00,00,00,00,00,00,00,00,0E,02,00,01,00,00,00,0000,00,00,0000,00,00,00,00,0008,0008,00,00,00,0008,0008
2052,01,00,00,00,01,B0,00,0008,00,00,00,00,00,00,00,00,00,00,0E,02,00,01,00,00,00,0000,00,00,0000,00,00,00,00,0008,0008,00,00,00,0008,0008
2053,01,00,00,00,01,B0,00,0008,00,00,00,00,00,00,00,00,00,00,0E,02,00,01,00,00,00,0000,00,00,0000,00,00,00,00,0008,0008,00,00,00,0008,0008
2054,01,00,00,00,01,B0,00,0008,00,00,00,00,00,00,00,00,00,00,0E,02,00,01,00,00,00,0000,00,00,0000,00,00,00,00,0008,0008,00,00,00,0008,0008
2055,01,00,00,00,01,B0,00,0008,00,00,00,00,00,00,00,00,00,00,0E,02,00,01,00,00,00,0000,00,00,0000,00,00,00,00,0008,0008,00,00,00,0008,0008
2056,01,00,00,00,01,B0,00,0008,00,00,00,00,00,00,00,00,00,00,0E,02,00,01,00,00,00,0000,00,00,0000,00,00,00,00,0008,0008,00,00,00,0008,0008
2057,01,00,00,00,01,B0,00,0008,00,00,00,00,00,00,00,00,00,00,0E,02,00,01,00,00,00,0000,00,00,0000,00,00,00,00,0008,0008,00,00,00,0008,0008
2058,01,00,00,00,01,B0,00,0008,00,00,00,00,00,00,00,00,00,00,0E,02,00,01,00,00,00,0000,00,00,0000,00,00,00,00,0008,0008,00,00,00,0008,0008
2059,01,00,00,00,01,B0,00,0008,00,00,00,00,00,00,00,00,00,00,0E,02,00,01,00,00,00,0000,00,00,0000,00,00,00,00,0008,0008,00,00,00,0008,0008
2060,01,00,00,00,01,B0,00,0008,00,00,00,00,00,00,00,00,00,00,0E,02,00,01,00,00,00,0000,00,00,0000,00,00,00,00,0008,0008,00,00,00,0008,0008
2061,01,00,00,00,01,B0,00,0008,00,00,00,00,00,00,00,00,00,00,0E,02,00,01,00,00,00,0000,00,00,0000,00,00,00,00,0008,0008,00,00,00,0008,0008
2062,01,00,00,00,01,B0,00,0008,00,00,00,00,00,00,00,00,00,00,0E,02,00,01,00,00,00,0000,00,00,0000,00,00,00,00,0008,0008,00,00,00,0008,0008
2063,01,00,00,00,01,B0,00,0008,00,00,00,00,00,00,00,00,00,00,0E,02,00,01,00,00,00,0000,00,00,0000,00,00,00,00,0008,0008,00,00,00,0008,0008
2064,01,00,00,00,01,B0,00,0008,00,00,00,00,00,00,00,00,00,00,0E,02,00,01,00,00,00,0000,00,00,0000,00,00,00,00,0008,0008,00,00,00,0008,0008
2065,01,00,00,00,01,B0,00,0008,00,00,00,00,00,00,00,00,00,00,0E,02,00,01,00,00,00,0000,00,00,0000,00,00,00,00,0008,0008,00,00,00,0008,0008
2066,01,00,00,00,01,B0,00,0008,00,00,00,00,00,00,00,00,00,00,0E,02,00,01,00,00,00,0000,00,00,0000,00,00,00,00,0008,0008,00,00,00,0008,0008
2067,01,00,00,00,01,B0,00,0008,00,00,00,00,00,00,00,00,00,00,0E,02,00,01,00,00,00,0000,00,00,0000,00,00,00,00,0008,0008,00,00,00,0008,0008
2068,01,00,00,00,01,B0,00,0008,00,00,00,00,00,00,00,00,00,00,0E,02,00,01,00,00,00,0000,00,00,0000,00,00,00,00,0008,0008,00,00,00,0008,0008
2069,01,00,00,00,01,B0,00,0008,00,00,00,00,00,00,00,00,00,00,0E,02,00,01,00,00,00,0000,00,00,0000,00,00,00,00,0008,0008,00,00,00,0008,0008
2070,01,00,00,00,01,B0,00,0008,00,00,00,00,00,00,00,00,00,00,0E,02,00,01,00,00,00,0000,00,00,0000,00,00,00,00,0008,0008,00,00,00,0008,0008
2071,01,00,00,00,01,B0,00,0008,00,00,00,00,00,00,00,00,00,00,0E,02,00,01,00,00,00,0000,00,00,0000,00,00,00,00,0008,0008,00,00,00,0008,0008
2072,01,00,00,00,01,B0,00,0008,00,00,00,00,00,00,00,00,00,00,0E,02,00,01,00,00,00,0000,00,00,0000,00,00,00,00,0008,0008,00,00,00,0008,0008
2073,01,00,00,00,01,B0,00,0008,00,00,00,00,00,00,00,00,00,00,0E,02,00,01,00,00,00,0000,00,00,0000,00,00,00,00,0008,0008,00,00,00,0008,0008
2074,01,00,00,00,01,B0,00,0008,00,00,00,00,00,00,00,00,00,00,0E,02,00,01,00,00,00,0000,00,00,0000,00,00,00,00,0008,0008,00,00,00,0008,0008
2075,01,00,00,00,01,B0,00,0008,00,00,00,00,00,00,00,00,00,00,0E,02,00,01,00,00,00,0000,00,00,0000,00,00,00,00,0008,0008,00,00,00,0008,0008
2076,01,00,00,00,01,B0,00,0008,00,00,00,00,00,00,00,00,00,00,0E,02,00,01,00,00,00,0000,00,00,0000,00,00,00,00,0008,0008,00,00,00,0008,0008
2077,01,00,00,00,01,B0,00,0008,00,00,00,00,00,00,00,00,00,00,0E,02,00,01,00,00,00,0000,00,00,0000,00,00,00,00,0008,0008,00,00,00,0008,0008
2078,01,00,00,00,01,B0,00,0008,00,00,00,00,00,00,00,00,00,00,0E,02,00,01,00,00,00,0000,00,00,0000,00,00,00,00,0008,0008,00,00,00,0008,0008
2079,01,00,00,00,01,B0,00,0008,00,00,00,00,00,00,00,00,00,00,0E,02,00,01,00,00,00,0000,00,00,0000,00,00,00,00,0008,0008,00,00,00,0008,0008
2080,01,00,00,00,01,B0,00,0008,00,00,00,00,00,00,00,00,00,00,0E,02,00,01,00,00,00,0000,00,00,0000,00,00,00,00,0008,0008,00,00,00,0008,0008
2081,01,00,00,00,01,B0,00,0008,00,00,00,00,00,00,00,00,00,00,0E,02,00,01,00,00,00,0000,00,00,0000,00,00,00,00,0008,0008,00,00,00,0008,0008
2082,01,00,00,00,01,B0,00,0008,00,00,00,00,00,00,00,00,00,00,0E,02,00,01,00,00,00,0000,00,00,0000,00,00,00,00,0008,0008,00,00,00,0008,0008
2083,01,00,00,00,01,B0,00,0008,00,00,00,00,00,00,00,00,00,00,0E,02,00,01,00,00,00,0000,00,00,0000,00,00,00,00,0008,0008,00,00,00,0008,0008
2084,01,00,00,00,01,B0,00,0008,00,00,00,00,00,00,00,00,00,00,0E,02,00,01,00,00,00,0000,00,00,0000,00,00,00,00,0008,0008,00,00,00,0008,0008
2085,01,00,00,00,01,B0,00,0008,00,00,00,00,00,00,00,00,00,00,0E,02,00,01,00,00,00,0000,00,00,0000,00,00,00,00,0008,0008,00,00,00,0008,0008
2086,01,00,00,00,01,B0,00,0008,00,00,00,00,00,00,00,00,00,00,0E,02,00,01,00,00,00,0000,00,00,0000,00,00,00,00,0008,0008,00,00,00,0008,0008
2087,01,00,00,00,01,B0,00,0008,00,00,00,00,00,00,00,00,00,00,0E,02,00,01,00,00,00,0000,00,00,0000,00,00,00,00,0008,0008,00,00,00,0008,0008
2088,01,00,00,00,01,B0,00,0008,00,00,00,00,00,00,00,00,00,00,0E,02,00,01,00,00,00,0000,00,00,0000,00,00,00,00,0008,0008,00,00,00,0008,0008
2089,01,00,00,00,01,B0,00,0008,00,00,00,00,00,00,00,00,00,00,0E,02,00,01,00,00,00,0000,00,00,0000,00,00,00,00,0008,0008,00,00,00,0008,0008
2090,01,00,00,00,01,B0,00,0008,00,00,00,00,00,00,00,00,00,00,0E,02,00,01,00,00,00,0000,00,00,0000,00,00,00,00,0008,0008,00,00,00,0008,0008
2091,01,00,00,00,01,B0,00,0008,00,00,00,00,00,00,00,00,00,00,0E,02,00,01,00,00,00,0000,00,00,0000,00,00,00,00,0008,0008,00,00,00,0008,0008
2092,01,00,00,00,01,B0,00,0008,00,00,00,00,00,00,00,00,00,00,0E,02,00,01,00,00,00,0000,00,00,0000,00,00,00,00,0008,0008,00,00,00,0008,0008
2093,01,00,00,00,01,B0,00,0008,00,00,00,00,00,00,00,00,00,00,0E,02,00,01,00,00,00,0000,00,00,0000,00,00,00,00,0008,0008,00,00,00,0008,0008
2094,01,00,00,00,01,B0,00,0008,00,00,00,00,00,00,00,00,00,00,0E,02,00,01,00,00,00,0000,00,00,0000,00,00,00,00,0008,0008,00,00,00,0008,0008
2095,01,00,00,00,01,B0,00,0008,00,00,00,00,00,00,00,00,00,00,0E,02,00,01,00,00,00,0000,00,00,0000,00,00,00,00,0008,0008,00,00,00,0008,0008
2096,01,00,00,00,01,B0,00,0008,00,00,00,00,00,00,00,00,00,00,0E,02,00,01,00,00,00,0000,00,00,0000,00,00,00,00,0008,0008,00,00,00,0008,0008
2097,01,00,00,00,01,B0,00,0008,00,00,00,00,00,00,00,00,00,00,0E,02,00,01,00,00,00,0000,00,00,0000,00,00,00,00,0008,0008,00,00,00,0008,0008
2098,01,00,00,00,01,B0,00,0008,00,00,00,00,00,00,00,00,00,00,0E,02,00,01,00,00,00,0000,00,00,0000,00,00,00,00,0008,0008,00,00,00,0008,0008
2099,01,00,00,00,01,B0,00,0008,00,00,00,00,00,00,00,00,00,00,0E,02,00,01,00,00,00,0000,00,00,0000,00,00,00,00,0008,0008,00,00,00,0008,0008
2100,01,00,00,00,01,B0,00,0008,00,00,00,00,00,00,00,00,00,00,0E,02,00,01,00,00,00,0000,00,00,0000,00,00,00,00,0008,0008,00,00,00,0008,0008
2101,01,00,00,00,01,B0,00,0008,00,00,00,00,00,00,00,00,00,00,0E,02,00,01,00,00,00,0000,00,00,0000,00,00,00,00,0008,0008,00,00,00,0008,0008
2102,01,00,00,00,01,B0,00,0008,00,00,00,00,00,00,00,00,00,00,0E,02,00,01,00,00,00,0000,00,00,0000,00,00,00,00,0008,0008,00,00,00,0008,0008
2103,01,00,00,00,01,B0,00,0008,00,00,00,00,00,00,00,00,00,00,0E,02,00,01,00,00,00,0000,00,00,0000,00,00,00,00,0008,0008,00,00,00,0008,0008
2104,01,00,00,00,01,B0,00,0008,00,00,00,00,00,00,00,00,00,00,0E,02,00,01,00,00,00,0000,00,00,0000,00,00,00,00,0008,0008,00,00,00,0008,0008
2105,01,00,00,00,01,B0,00,0008,00,00,00,00,00,00,00,00,00,00,0E,02,00,01,00,00,00,0000,00,00,0000,00,00,00,00,0008,0008,00,00,00,0008,0008
2106,01,00,00,00,01,B0,00,0008,00,00,00,00,00,00,00,00,00,00,0E,02,00,01,00,00,00,0000,00,00,0000,00,00,00,00,0008,0008,00,00,00,0008,0008
2107,01,00,00,00,01,B0,00,0008,00,00,00,00,00,00,00,00,00,00,0E,02,00,01,00,00,00,0000,00,00,0000,00,00,00,00,0008,0008,00,00,00,0008,0008
2108,01,00,00,00,01,B0,00,0008,00,00,00,00,00,00,00,00,00,00,0E,02,00,01,00,00,00,0000,00,00,0000,00,00,00,00,0008,0008,00,00,00,0008,0008
2109,01,00,00,00,01,B0,00,0008,00,00,00,00,00,00,00,00,00,00,0E,02,00,01,00,00,00,0000,00,00,0000,00,00,00,00,0008,0008,00,00,00,0008,0008
2110,01,00,00,00,01,B0,00,0008,00,00,00,00,00,00,00,00,00,00,0E,02,00,01,00,00,00,0000,00,00,0000,00,00,00,00,0008,0008,00,00,00,0008,0008
2111,01,00,00,00,01,B0,00,0008,00,00,00,00,00,00,00,00,00,00,0E,02,00,01,00,00,00,0000,00,00,0000,00,00,00,00,0008,0008,00,00,00,0008,0008
2112,01,00,00,00,01,B0,00,0008,00,00,00,00,00,00,00,00,00,00,0E,02,00,01,00,00,00,0000,00,00,0000,00,00,00,00,0008,0008,00,00,00,0008,0008
2113,01,00,00,00,01,B0,00,0008,00,00,00,00,00,00,00,00,00,00,0E,02,00,01,00,00,00,0000,00,00,0000,00,00,00,00,0008,0008,00,00,00,0008,0008
2114,01,00,00,00,01,B0,00,0008,00,00,00,00,00,00,00,00,00,00,0E,02,00,01,00,00,00,0000,00,00,0000,00,00,00,00,0008,0008,00,00,00,0008,0008
2115,01,00,00,00,01,B0,00,0008,00,00,00,00,00,00,00,00,00,00,0E,02,00,01,00,00,00,0000,00,00,0000,00,00,00,00,0008,0008,00,00,00,0008,0008
2116,01,00,00,00,01,B0,00,0008,00,00,00,00,00,00,00,00,00,00,0E,02,00,01,00,00,00,0000,00,00,0000,00,00,00,00,0008,0008,00,00,00,0008,0008
2117,01,00,00,00,01,B0,00,0008,00,00,00,00,00,00,00,00,00,00,0E,02,00,01,00,00,00,0000,00,00,0000,00,00,00,00,0008,0008,00,00,00,0008,0008
2118,01,00,00,00,01,B0,00,0008,00,00,00,00,00,00,00,00,00,00,0E,02,00,01,00,00,00,0000,00,00,0000,00,00,00,00,0008,0008,00,00,00,0008,0008
2119,01,00,00,00,01,B0,00,0008,00,00,00,00,00,00,00,00,00,00,0E,02,00,01,00,00,00,0000,00,00,0000,00,00,00,00,0008,0008,00,00,00,0008,0008
2120,01,00,00,00,01,B0,00,0008,00,00,00,00,00,00,00,00,00,00,0E,02,00,01,00,00,00,0000,00,00,0000,00,00,00,00,0008,0008,00,00,00,0008,0008
2121,01,00,00,00,01,B0,00,0008,00,00,00,00,00,00,00,00,00,00,0E,02,00,01,00,00,00,0000,00,00,0000,00,00,00,00,0008,0008,00,00,00,0008,0008
2122,01,00,00,00,01,B0,00,0008,00,00,00,00,00,00,00,00,00,00,0E,02,00,01,00,00,00,0000,00,00,0000,00,00,00,00,0008,0008,00,00,00,0008,0008
2123,01,00,00,00,01,B0,00,0008,00,00,00,00,00,00,00,00,00,00,0E,02,00,01,00,00,00,0000,00,00,0000,00,00,00,00,0008,0008,00,00,00,0008,0008
2124,01,00,00,00,01,B0,00,0008,00,00,00,00,00,00,00,00,00,00,0E,02,00,01,00,00,00,0000,00,00,0000,00,00,00,00,0008,0008,00,00,00,0008,0008
2125,01,00,00,00,01,B0,00,0008,00,00,00,00,00,00,00,00,00,00,0E,02,00,01,00,00,00,0000,00,00,0000,00,00,00,00,0008,0008,00,00,00,0008,0008
2126,01,00,00,00,01,B0,00,0008,00,00,00,00,00,00,00,00,00,00,0E,02,00,01,00,00,00,0000,00,00,0000,00,00,00,00,0008,0008,00,00,00,0008,0008
2127,01,00,00,00,01,B0,00,0008,00,00,00,00,00,00,00,00,00,00,0E,02,00,01,00,00,00,0000,00,00,0000,00,00,00,00,0008,0008,00,00,00,0008,0008
2128,01,00,00,00,01,B0,00,0008,00,00,00,00,00,00,00,00,00,00,0E,02,00,01,00,00,00,0000,00,00,0000,00,00,00,00,0008,0008,00,00,00,0008,0008
2129,01,00,00,00,01,B0,00,0008,00,00,00,00,00,00,00,00,00,00,0E,02,00,01,00,00,00,0000,00,00,0000,00,00,00,00,0008,0008,00,00,00,0008,0008
2130,01,00,00,00,01,B0,00,0008,00,00,00,00,00,00,00,00,00,00,0E,02,00,01,00,00,00,0000,00,00,0000,00,00,00,00,0008,0008,00,00,00,0008,0008
2131,01,00,00,00,01,B0,00,0008,00,00,00,00,00,00,00,00,00,00,0E,02,00,01,00,00,00,0000,00,00,0000,00,00,00,00,0008,0008,00,00,00,0008,0008
2132,01,00,00,00,01,B0,00,0008,00,00,00,00,00,00,00,00,00,00,0E,02,00,01,00,00,00,0000,00,00,0000,00,00,00,00,0008,0008,00,00,00,0008,0008
2133,01,00,00,00,01,B0,00,0008,00,00,00,00,00,00,00,00,00,00,0E,02,00,01,00,00,00,0000,00,00,0000,00,00,00,00,0008,0008,00,00,00,0008,0008
2134,01,00,00,00,01,B0,00,0008,00,00,00,00,00,00,00,00,00,00,0E,02,00,01,00,00,00,0000,00,00,0000,00,00,00,00,0008,0008,00,00,00,0008,0008
2135,01,00,00,00,01,B0,00,0008,00,00,00,00,00,00,00,00,00,00,0E,02,00,01,00,00,00,0000,00,00,0000,00,00,00,00,0008,0008,00,00,00,0008,0008
2136,01,00,00,00,01,B0,00,0008,00,00,00,00,00,00,00,00,00,00,0E,02,00,01,00,00,00,0000,00,00,0000,00,00,00,00,0008,0008,00,00,00,0008,0008
2137,01,00,00,00,01,B0,00,0008,00,00,00,00,00,00,00,00,00,00,0E,02,00,01,00,00,00,0000,00,00,0000,00,00,00,00,0008,0008,00,00,00,0008,0008
2138,01,00,00,00,01,B0,00,0008,00,00,00,00,00,00,00,00,00,00,0E,02,00,01,00,00,00,0000,00,00,0000,00,00,00,00,0008,0008,00,00,00,0008,0008
2139,01,00,00,00,01,B0,00,0008,00,00,00,00,00,00,00,00,00,00,0E,02,00,01,00,00,00,0000,00,00,0000,00,00,00,00,0008,0008,00,00,00,0008,0008
2140,01,00,00,00,01,B0,00,0008,00,00,00,00,00,00,00,00,00,00,0E,02,00,01,00,00,00,0000,00,00,0000,00,00,00,00,0008,0008,00,00,00,0008,0008
2141,01,00,00,00,01,B0,00,0008,00,00,00,00,00,00,00,00,00,00,0E,02,00,01,00,00,00,0000,00,00,0000,00,00,00,00,0008,0008,00,00,00,0008,0008
2142,01,00,00,00,01,B0,00,0008,00,00,00,00,00,00,00,00,00,00,0E,02,00,01,00,00,00,0000,00,00,0000,00,00,00,00,0008,0008,00,00,00,0008,0008
2143,01,00,00,00,01,B0,00,0008,00,00,00,00,00,00,00,00,00,00,0E,02,00,01,00,00,00,0000,00,00,0000,00,00,00,00,0008,0008,00,00,00,0008,0008
2144,01,00,00,00,01,B0,00,0008,00,00,00,00,00,00,00,00,00,00,0E,02,00,01,00,00,00,0000,00,00,0000,00,00,00,00,0008,0008,00,00,00,0008,0008
2145,01,00,00,00,01,B0,00,0008,00,00,00,00,00,00,00,00,00,00,0E,02,00,01,00,00,00,0000,00,00,0000,00,00,00,00,0008,0008,00,00,00,0008,0008
2146,01,00,00,00,01,B0,00,0008,00,00,00,00,00,00,00,00,00,00,0E,02,00,01,00,00,00,0000,00,00,0000,00,00,00,00,0008,0008,00,00,00,0008,0008
2147,01,00,00,00,01,B0,00,0008,00,00,00,00,00,00,00,00,00,00,0E,02,00,01,00,00,00,0000,00,00,0000,00,00,00,00,0008,0008,00,00,00,0008,0008
2148,01,00,00,00,01,B0,00,0008,00,00,00,00,00,00,00,00,00,00,0E,02,00,01,00,00,00,0000,00,00,0000,00,00,00,00,0008,0008,00,00,00,0008,0008
2149,01,00,00,00,01,B0,00,0008,00,00,00,00,00,00,00,00,00,00,0E,02,00,01,00,00,00,0000,00,00,0000,00,00,00,00,0008,0008,00,00,00,0008,0008
2150,01,00,00,00,01,B0,00,0008,00,00,00,00,00,00,00,00,00,00,0E,02,00,01,00,00,00,0000,00,00,0000,00,00,00,00,0008,0008,00,00,00,0008,0008
2151,01,00,00,00,01,B0,00,0008,00,00,00,00,00,00,00,00,00,00,0E,02,00,01,00,00,00,0000,00,00,0000,00,00,00,00,0008,0008,00,00,00,0008,0008
2152,01,00,00,00,01,B0,00,0008,00,00,00,00,00,00,00,00,00,00,0E,02,00,01,00,00,00,0000,00,00,0000,00,00,00,00,0008,0008,00,00,00,0008,0008
2153,01,00,00,00,01,B0,00,0008,00,00,00,00,00,00,00,00,00,00,0E,02,00,01,00,00,00,0000,00,00,0000,00,00,00,00,0008,0008,00,00,00,0008,0008
2154,01,00,00,00,01,B0,00,0008,00,00,00,00,00,00,00,00,00,00,0E,02,00,01,00,00,00,0000,00,00,0000,00,00,00,00,0008,0008,00,00,00,0008,0008
2155,01,00,00,00,01,B0,00,0008,00,00,00,00,00,00,00,00,00,00,0E,02,00,01,00,00,00,0000,00,00,0000,00,00,00,00,0008,0008,00,00,00,0008,0008
2156,01,00,00,00,01,B0,00,0008,00,00,00,00,00,00,00,00,00,00,0E,02,00,01,00,00,00,0000,00,00,0000,00,00,00,00,0008,0008,00,00,00,0008,0008
2157,01,00,00,00,01,B0,00,0008,00,00,00,00,00,00,00,00,00,00,0E,02,00,01,00,00,00,0000,00,00,0000,00,00,00,00,0008,0008,00,00,00,0008,0008
2158,01,00,00,00,01,B0,00,0008,00,00,00,00,00,00,00,00,00,00,0E,02,00,01,00,00,00,0000,00,00,0000,00,00,00,00,0008,0008,00,00,00,0008,0008
2159,01,00,00,00,01,B0,00,0008,00,00,00,00,00,00,00,00,00,00,0E,02,00,01,00,00,00,0000,00,00,0000,00,00,00,00,0008,0008,00,00,00,0008,0008
2160,01,00,00,00,01,B0,00,0008,00,00,00,00,00,00,00,00,00,00,0E,02,00,01,00,00,00,0000,00,00,0000,00,00,00,00,0008,0008,00,00,00,0008,0008
2161,01,00,00,00,01,B0,00,0008,00,00,00,00,00,00,00,00,00,00,0E,02,00,01,00,00,00,0000,00,00,0000,00,00,00,00,0008,0008,00,00,00,0008,0008
2162,01,00,00,00,01,B0,00,0008,00,00,00,00,00,00,00,00,00,00,0E,02,00,01,00,00,00,0000,00,00,0000,00,00,00,00,0008,0008,00,00,00,0008,0008
2163,01,00,00,00,01,B0,00,0008,00,00,00,00,00,00,00,00,00,00,0E,02,00,01,00,00,00,0000,00,00,0000,00,00,00,00,0008,0008,00,00,00,0008,0008
2164,01,00,00,00,01,B0,00,0008,00,00,00,00,00,00,00,00,00,00,0E,02,00,01,00,00,00,0000,00,00,0000,00,00,00,00,0008,0008,00,00,00,0008,0008
2165,01,00,00,00,01,B0,00,0008,00,00,00,00,00,00,00,00,00,00,0E,02,00,01,00,00,00,0000,00,00,0000,00,00,00,00,0008,0008,00,00,00,0008,0008
2166,01,00,00,00,01,B0,00,0008,00,00,00,00,00,00,00,00,00,00,0E,02,00,01,00,00,00,0000,00,00,0000,00,00,00,00,0008,0008,00,00,00,0008,0008
2167,01,00,00,00,01,B0,00,0008,00,00,00,00,00,00,00,00,00,00,0E,02,00,01,00,00,00,0000,00,00,0000,00,00,00,00,0008,0008,00,00,00,0008,0008
2168,01,00,00,00,01,B0,00,0008,00,00,00,00,00,00,00,00,00,00,0E,02,00,01,00,00,00,0000,00,00,0000,00,00,00,00,0008,0008,00,00,00,0008,0008
2169,01,00,00,00,01,B0,00,0008,00,00,00,00,00,00,00,00,00,00,0E,02,00,01,00,00,00,0000,00,00,0000,00,00,00,00,0008,0008,00,00,00,0008,0008
2170,01,00,00,00,01,B0,00,0008,00,00,00,00,00,00,00,00,00,00,0E,02,00,01,00,00,00,0000,00,00,0000,00,00,00,00,0008,0008,00,00,00,0008,0008
2171,01,00,00,00,01,B0,00,0008,00,00,00,00,00,00,00,00,00,00,0E,02,00,01,00,00,00,0000,00,00,0000,00,00,00,00,0008,0008,00,00,00,0008,0008
2172,01,00,00,00,01,B0,00,0008,00,00,00,00,00,00,00,00,00,00,0E,02,00,01,00,00,00,0000,00,00,0000,00,00,00,00,0008,0008,00,00,00,0008,0008
2173,01,00,00,00,01,B0,00,0008,00,00,00,00,00,00,00,00,00,00,0E,02,00,01,00,00,00,0000,00,00,0000,00,00,00,00,0008,0008,00,00,00,0008,0008
2174,01,00,00,00,01,B0,00,0008,00,00,00,00,00,00,00,00,00,00,0E,02,00,01,00,00,00,0000,00,00,0000,00,00,00,00,0008,0008,00,00,00,0008,0008
2175,01,00,00,00,01,B0,00,0008,00,00,00,00,00,00,00,00,00,00,0E,02,00,01,00,00,00,0000,00,00,0000,00,00,00,00,0008,0008,00,00,00,0008,0008
2176,01,00,00,00,01,B0,00,0008,00,00,00,00,00,00,00,00,00,00,0E,02,00,01,00,00,00,0000,00,00,0000,00,00,00,00,0008,0008,00,00,00,0008,0008
2177,01,00,00,00,01,B0,00,0008,00,00,00,00,00,00,00,00,00,00,0E,02,00,01,00,00,00,0000,00,00,0000,00,00,00,00,0008,0008,00,00,00,0008,0008
2178,01,00,00,00,01,B0,00,0008,00,00,00,00,00,00,00,00,00,00,0E,02,00,01,00,00,00,0000,00,00,0000,00,00,00,00,0008,0008,00,00,00,0008,0008
2179,01,00,00,00,01,B0,00,0008,00,00,00,00,00,00,00,00,00,00,0E,02,00,01,00,00,00,0000,00,00,0000,00,00,00,00,0008,0008,00,00,00,0008,0008
2180,01,00,00,00,01,B0,00,0008,00,00,00,00,00,00,00,00,00,00,0E,02,00,01,00,00,00,0000,00,00,0000,00,00,00,00,0008,0008,00,00,00,0008,0008
2181,01,00,00,00,01,B0,00,0008,00,00,00,00,00,00,00,00,00,00,0E,02,00,01,00,00,00,0000,00,00,0000,00,00,00,00,0008,0008,00,00,00,0008,0008
2182,01,00,00,00,01,B0,00,0008,00,00,00,00,00,00,00,00,00,00,0E,02,00,01,00,00,00,0000,00,00,0000,00,00,00,00,0008,0008,00,00,00,0008,0008
2183,01,00,00,00,01,B0,00,0008,00,00,00,00,00,00,00,00,00,00,0E,02,00,01,00,00,00,0000,00,00,0000,00,00,00,00,0008,0008,00,00,00,0008,0008
2184,01,00,00,00,01,B0,00,0008,00,00,00,00,00,00,00,00,00,00,0E,02,00,01,00,00,00,0000,00,00,0000,00,00,00,00,0008,0008,00,00,00,0008,0008
2185,01,00,00,00,01,B0,00,0008,00,00,00,00,00,00,00,00,00,00,0E,02,00,01,00,00,00,0000,00,00,0000,00,00,00,00,0008,0008,00,00,00,0008,0008
2186,01,00,00,00,01,B0,00,0008,00,00,00,00,00,00,00,00,00,00,0E,02,00,01,00,00,00,0000,00,00,0000,00,00,00,00,0008,0008,00,00,00,0008,0008
2187,01,00,00,00,01,B0,00,0008,00,00,00,00,00,00,00,00,00,00,0E,02,00,01,00,00,00,0000,00,00,0000,00,00,00,00,0008,0008,00,00,00,0008,0008
2188,01,00,00,00,01,B0,00,0008,00,00,00,00,00,00,00,00,00,00,0E,02,00,01,00,00,00,0000,00,00,0000,00,00,00,00,0008,0008,00,00,00,0008,0008
2189,01,00,00,00,01,B0,00,0008,00,00,00,00,00,00,00,00,00,00,0E,02,00,01,00,00,00,0000,00,00,0000,00,00,00,00,0008,0008,00,00,00,0008,0008
2190,01,00,00,00,01,B0,00,0008,00,00,00,00,00,00,00,00,00,00,0E,02,00,01,00,00,00,0000,00,00,0000,00,00,00,00,0008,0008,00,00,00,0008,0008
2191,01,00,00,00,01,B0,00,0008,00,00,00,00,00,00,00,00,00,00,0E,02,00,01,00,00,00,0000,00,00,0000,00,00,00,00,0008,0008,00,00,00,0008,0008
2192,01,00,00,00,01,B0,00,0008,00,00,00,00,00,00,00,00,00,00,0E,02,00,01,00,00,00,0000,00,00,0000,00,00,00,00,0008,0008,00,00,00,0008,0008
2193,01,00,00,00,01,B0,00,0008,00,00,00,00,00,00,00,00,00,00,0E,02,00,01,00,00,00,0000,00,00,0000,00,00,00,00,0008,0008,00,00,00,0008,0008
2194,01,00,00,00,01,B0,00,0008,00,00,00,00,00,00,00,00,00,00,0E,02,00,01,00,00,00,0000,00,00,0000,00,00,00,00,0008,0008,00,00,00,0008,0008
2195,01,00,00,00,01,B0,00,0008,00,00,00,00,00,00,00,00,00,00,0E,02,00,01,00,00,00,0000,00,00,0000,00,00,00,00,0008,0008,00,00,00,0008,0008
2196,01,00,00,00,01,B0,00,0008,00,00,00,00,00,00,00,00,00,00,0E,02,00,01,00,00,00,0000,00,00,0000,00,00,00,00,0008,0008,00,00,00,0008,0008
2197,01,00,00,00,01,B0,00,0008,00,00,00,00,00,00,00,00,00,00,0E,02,00,01,00,00,00,0000,00,00,0000,00,00,00,00,0008,0008,00,00,00,0008,0008
2198,01,00,00,00,01,B0,00,0008,00,00,00,00,00,00,00,00,00,00,0E,02,00,01,00,00,00,0000,00,00,0000,00,00,00,00,0008,0008,00,00,00,0008,0008
2199,01,00,00,00,01,B0,00,0008,00,00,00,00,00,00,00,00,00,00,0E,02,00,01,00,00,00,0000,00,00,0000,00,00,00,00,0008,0008,00,00,00,0008,0008
2200,01,00,00,00,01,B0,00,0008,00,00,00,00,00,00,00,00,00,00,0E,02,00,01,00,00,00,0000,00,00,0000,00,00,00,00,0008,0008,00,00,00,0008,0008
2201,01,00,00,00,01,B0,00,0008,00,00,00,00,00,00,00,00,00,00,0E,02,00,01,00,00,00,0000,00,00,0000,00,00,00,00,0008,0008,00,00,00,0008,0008
2202,01,00,00,00,01,B0,00,0008,00,00,00,00,00,00,00,00,00,00,0E,02,00,01,00,00,00,0000,00,00,0000,00,00,00,00,0008,0008,00,00,00,0008,0008
2203,01,00,00,00,01,B0,00,0008,00,00,00,00,00,00,00,00,00,00,0E,02,00,01,00,00,00,0000,00,00,0000,00,00,00,00,0008,0008,00,00,00,0008,0008
2204,01,00,00,00,01,B0,00,0008,00,00,00,00,00,00,00,00,00,00,0E,02,00,01,00,00,00,0000,00,00,0000,00,00,00,00,0008,0008,00,00,00,0008,0008
2205,01,00,00,00,01,B0,00,0008,00,00,00,00,00,00,00,00,00,00,0E,02,00,01,00,00,00,0000,00,00,0000,00,00,00,00,0008,0008,00,00,00,0008,0008
2206,01,00,00,00,01,B0,00,0008,00,00,00,00,00,00,00,00,00,00,0E,02,00,01,00,00,00,0000,00,00,0000,00,00,00,00,0008,0008,00,00,00,0008,0008
2207,01,00,00,00,01,B0,00,0008,00,00,00,00,00,00,00,00,00,00,0E,02,00,01,00,00,00,0000,00,00,0000,00,00,00,00,0008,0008,00,00,00,0008,0008
2208,01,00,00,00,01,B0,00,0008,00,00,00,00,00,00,00,00,00,00,0E,02,00,01,00,00,00,0000,00,00,0000,00,00,00,00,0008,0008,00,00,00,0008,0008
2209,01,00,00,00,01,B0,00,0008,00,00,00,00,00,00,00,00,00,00,0E,02,00,01,00,00,00,0000,00,00,0000,00,00,00,00,0008,0008,00,00,00,0008,0008
2210,01,00,00,00,01,B0,00,0008,00,00,00,00,00,00,00,00,00,00,0E,02,00,01,00,00,00,0000,00,00,0000,00,00,00,00,0008,0008,00,00,00,0008,0008
2211,01,00,00,00,01,B0,00,0008,00,00,00,00,00,00,00,00,00,00,0E,02,00,01,00,00,00,0000,00,00,0000,00,00,00,00,0008,0008,00,00,00,0008,0008
2212,01,00,00,00,01,B0,00,0008,00,00,00,00,00,00,00,00,00,00,0E,02,00,01,00,00,00,0000,00,00,0000,00,00,00,00,0008,0008,00,00,00,0008,0008
2213,01,00,00,00,01,B0,00,0008,00,00,00,00,00,00,00,00,00,00,0E,02,00,01,00,00,00,0000,00,00,0000,00,00,00,00,0008,0008,00,00,00,0008,0008
2214,01,00,00,00,01,B0,00,0008,00,00,00,00,00,00,00,00,00,00,0E,02,00,01,00,00,00,0000,00,00,0000,00,00,00,00,0008,0008,00,00,00,0008,0008
2215,01,00,00,00,01,B0,00,0008,00,00,00,00,00,00,00,00,00,00,0E,02,00,01,00,00,00,0000,00,00,0000,00,00,00,00,0008,0008,00,00,00,0008,0008
2216,01,00,00,00,01,B0,00,0008,00,00,00,00,00,00,00,00,00,00,0E,02,00,01,00,00,00,0000,00,00,0000,00,00,00,00,0008,0008,00,00,00,0008,0008
2217,01,00,00,00,01,B0,00,0008,00,00,00,00,00,00,00,00,00,00,0E,02,00,01,00,00,00,0000,00,00,0000,00,00,00,00,0008,0008,00,00,00,0008,0008
2218,01,00,00,00,01,B0,00,0008,00,00,00,00,00,00,00,00,00,00,0E,02,00,01,00,00,00,0000,00,00,0000,00,00,00,00,0008,0008,00,00,00,0008,0008
2219,01,00,00,00,01,B0,00,0008,00,00,00,00,00,00,00,00,00,00,0E,02,00,01,00,00,00,0000,00,00,0000,00,00,00,00,0008,0008,00,00,00,0008,0008
2220,01,00,00,00,01,B0,00,0008,00,00,00,00,00,00,00,00,00,00,0E,02,00,01,00,00,00,0000,00,00,0000,00,00,00,00,0008,0008,00,00,00,0008,0008
2221,01,00,00,00,01,B0,00,0008,00,00,00,00,00,00,00,00,00,00,0E,02,00,01,00,00,00,0000,00,00,0000,00,00,00,00,0008,0008,00,00,00,0008,0008
2222,01,00,00,00,01,B0,00,0008,00,00,00,00,00,00,00,00,00,00,0E,02,00,01,00,00,00,0000,00,00,0000,00,00,00,00,0008,0008,00,00,00,0008,0008
2223,01,00,00,00,01,B0,00,0008,00,00,00,00,00,00,00,00,00,00,0E,02,00,01,00,00,00,0000,00,00,0000,00,00,00,00,0008,0008,00,00,00,0008,0008
2224,01,00,00,00,01,B0,00,0008,00,00,00,00,00,00,00,00,00,00,0E,02,00,01,00,00,00,0000,00,00,0000,00,00,00,00,0008,0008,00,00,00,0008,0008
2225,01,00,00,00,01,B0,00,0008,00,00,00,00,00,00,00,00,00,00,0E,02,00,01,00,00,00,0000,00,00,0000,00,00,00,00,0008,0008,00,00,00,0008,0008
2226,01,00,00,00,01,B0,00,0008,00,00,00,00,00,00,00,00,00,00,0E,02,00,01,00,00,00,0000,00,00,0000,00,00,00,00,0008,0008,00,00,00,0008,0008
2227,01,00,00,00,01,B0,00,0008,00,00,00,00,00,00,00,00,00,00,0E,02,00,01,00,00,00,0000,00,00,0000,00,00,00,00,0008,0008,00,00,00,0008,0008
2228,01,00,00,00,01,B0,00,0008,00,00,00,00,00,00,00,00,00,00,0E,02,00,01,00,00,00,0000,00,00,0000,00,00,00,00,0008,0008,00,00,00,0008,0008
2229,01,00,00,00,01,B0,00,0008,00,00,00,00,00,00,00,00,00,00,0E,02,00,01,00,00,00,0000,00,00,0000,00,00,00,00,0008,0008,00,00,00,0008,0008
2230,01,00,00,00,01,B0,00,0008,00,00,00,00,00,00,00,00,00,00,0E,02,00,01,00,00,00,0000,00,00,0000,00,00,00,00,0008,0008,00,00,00,0008,0008
2231,01,00,00,00,01,B0,00,0008,00,00,00,00,00,00,00,00,00,00,0E,02,00,01,00,00,00,0000,00,00,0000,00,00,00,00,0008,0008,00,00,00,0008,0008
2232,01,00,00,00,01,B0,00,0008,00,00,00,00,00,00,00,00,00,00,0E,02,00,01,00,00,00,0000,00,00,0000,00,00,00,00,0008,0008,00,00,00,0008,0008
2233,01,00,00,00,01,B0,00,0008,00,00,00,00,00,00,00,00,00,00,0E,02,00,01,00,00,00,0000,00,00,0000,00,00,00,00,0008,0008,00,00,00,0008,0008
2234,01,00,00,00,01,B0,00,0008,00,00,00,00,00,00,00,00,00,00,0E,02,00,01,00,00,00,0000,00,00,0000,00,00,00,00,0008,0008,00,00,00,0008,0008
2235,01,00,00,00,01,B0,00,0008,00,00,00,00,00,00,00,00,00,00,0E,02,00,01,00,00,00,0000,00,00,0000,00,00,00,00,0008,0008,00,00,00,0008,0008
2236,01,00,00,00,01,B0,00,0008,00,00,00,00,00,00,00,00,00,00,0E,02,00,01,00,00,00,0000,00,00,0000,00,00,00,00,0008,0008,00,00,00,0008,0008
2237,01,00,00,00,01,B0,00,0008,00,00,00,00,00,00,00,00,00,00,0E,02,00,01,00,00,00,0000,00,00,0000,00,00,00,00,0008,0008,00,00,00,0008,0008
2238,01,00,00,00,01,B0,00,0008,00,00,00,00,00,00,00,00,00,00,0E,02,00,01,00,00,00,0000,00,00,0000,00,00,00,00,0008,0008,00,00,00,0008,0008
2239,01,00,00,00,01,B0,00,0008,00,00,00,00,00,00,00,00,00,00,0E,02,00,01,00,00,00,0000,00,00,0000,00,00,00,00,0008,0008,00,00,00,0008,0008
2240,01,00,00,00,01,B0,00,0008,00,00,00,00,00,00,00,00,00,00,0E,02,00,01,00,00,00,0000,00,00,0000,00,00,00,00,0008,0008,00,00,00,0008,0008
2241,01,00,00,00,01,B0,00,0008,00,00,00,00,00,00,00,00,00,00,0E,02,00,01,00,00,00,0000,00,00,0000,00,00,00,00,0008,0008,00,00,00,0008,0008
2242,01,00,00,00,01,B0,00,0008,00,00,00,00,00,00,00,00,00,00,0E,02,00,01,00,00,00,0000,00,00,0000,00,00,00,00,0008,0008,00,00,00,0008,0008
2243,01,00,00,00,01,B0,00,0008,00,00,00,00,00,00,00,00,00,00,0E,02,00,01,00,00,00,0000,00,00,0000,00,00,00,00,0008,0008,00,00,00,0008,0008
2244,01,00,00,00,01,B0,00,0008,00,00,00,00,00,00,00,00,00,00,0E,02,00,01,00,00,00,0000,00,00,0000,00,00,00,00,0008,0008,00,00,00,0008,0008
2245,01,00,00,00,01,B0,00,0008,00,00,00,00,00,00,00,00,00,00,0E,02,00,01,00,00,00,0000,00,00,0000,00,00,00,00,0008,0008,00,00,00,0008,0008
2246,01,00,00,00,01,B0,00,0008,00,00,00,00,00,00,00,00,00,00,0E,02,00,01,00,00,00,0000,00,00,0000,00,00,00,00,0008,0008,00,00,00,0008,0008
2247,01,00,00,00,01,B0,00,0008,00,00,00,00,00,00,00,00,00,00,0E,02,00,01,00,00,00,0000,00,00,0000,00,00,00,00,0008,0008,00,00,00,0008,0008
2248,01,00,00,00,01,B0,00,0008,00,00,00,00,00,00,00,00,00,00,0E,02,00,01,00,00,00,0000,00,00,0000,00,00,00,00,0008,0008,00,00,00,0008,0008
2249,01,00,00,00,01,B0,00,0008,00,00,00,00,00,00,00,00,00,00,0E,02,00,01,00,00,00,0000,00,00,0000,00,00,00,00,0008,0008,00,00,00,0008,0008
2250,01,00,00,00,01,B0,00,0008,00,00,00,00,00,00,00,00,00,00,0E,02,00,01,00,00,00,0000,00,00,0000,00,00,00,00,0008,0008,00,00,00,0008,0008
2251,01,00,00,00,01,B0,00,0008,00,00,00,00,00,00,00,00,00,00,0E,02,00,01,00,00,00,0000,00,00,0000,00,00,00,00,0008,0008,00,00,00,0008,0008
2252,01,00,00,00,01,B0,00,0008,00,00,00,00,00,00,00,00,00,00,0E,02,00,01,00,00,00,0000,00,00,0000,00,00,00,00,0008,0008,00,00,00,0008,0008
2253,01,00,00,00,01,B0,00,0008,00,00,00,00,00,00,00,00,00,00,0E,02,00,01,00,00,00,0000,00,00,0000,00,00,00,00,0008,0008,00,00,00,0008,0008
2254,01,00,00,00,01,B0,00,0008,00,00,00,00,00,00,00,00,00,00,0E,02,00,01,00,00,00,0000,00,00,0000,00,00,00,00,0008,0008,00,00,00,0008,0008
2255,01,00,00,00,01,B0,00,0008,00,00,00,00,00,00,00,00,00,00,0E,02,00,01,00,00,00,0000,00,00,0000,00,00,00,00,0008,0008,00,00,00,0008,0008
2256,01,00,00,00,01,B0,00,0008,00,00,00,00,00,00,00,00,00,00,0E,02,00,01,00,00,00,0000,00,00,0000,00,00,00,00,0008,0008,00,00,00,0008,0008
2257,01,00,00,00,01,B0,00,0008,00,00,00,00,00,00,00,00,00,00,0E,02,00,01,00,00,00,0000,00,00,0000,00,00,00,00,0008,0008,00,00,00,0008,0008
2258,01,00,00,00,01,B0,00,0008,00,00,00,00,00,00,00,00,00,00,0E,02,00,01,00,00,00,0000,00,00,0000,00,00,00,00,0008,0008,00,00,00,0008,0008
2259,01,00,00,00,01,B0,00,0008,00,00,00,00,00,00,00,00,00,00,0E,02,00,01,00,00,00,0000,00,00,0000,00,00,00,00,0008,0008,00,00,00,0008,0008
2260,01,00,00,00,01,B0,00,0008,00,00,00,00,00,00,00,00,00,00,0E,02,00,01,00,00,00,0000,00,00,0000,00,00,00,00,0008,0008,00,00,00,0008,0008
2261,01,00,00,00,01,B0,00,0008,00,00,00,00,00,00,00,00,00,00,0E,02,00,01,00,00,00,0000,00,00,0000,00,00,00,00,0008,0008,00,00,00,0008,0008
2262,01,00,00,00,01,B0,00,0008,00,00,00,00,00,00,00,00,00,00,0E,02,00,01,00,00,00,0000,00,00,0000,00,00,00,00,0008,0008,00,00,00,0008,0008
2263,01,00,00,00,01,B0,00,0008,00,00,00,00,00,00,00,00,00,00,0E,02,00,01,00,00,00,0000,00,00,0000,00,00,00,00,0008,0008,00,00,00,0008,0008
2264,01,00,00,00,01,B0,00,0008,00,00,00,00,00,00,00,00,00,00,0E,02,00,01,00,00,00,0000,00,00,0000,00,00,00,00,0008,0008,00,00,00,0008,0008
2265,01,00,00,00,01,B0,00,0008,00,00,00,00,00,00,00,00,00,00,0E,02,00,01,00,00,00,0000,00,00,0000,00,00,00,00,0008,0008,00,00,00,0008,0008
2266,01,00,00,00,01,B0,00,0008,00,00,00,00,00,00,00,00,00,00,0E,02,00,01,00,00,00,0000,00,00,0000,00,00,00,00,0008,0008,00,00,00,0008,0008
2267,01,00,00,00,01,B0,00,0008,00,00,00,00,00,00,00,00,00,00,0E,02,00,01,00,00,00,0000,00,00,0000,00,00,00,00,0008,0008,00,00,00,0008,0008
2268,01,00,00,00,01,B0,00,0008,00,00,00,00,00,00,00,00,00,00,0E,02,00,01,00,00,00,0000,00,00,0000,00,00,00,00,0008,0008,00,00,00,0008,0008
2269,01,00,00,00,01,B0,00,0008,00,00,00,00,00,00,00,00,00,00,0E,02,00,01,00,00,00,0000,00,00,0000,00,00,00,00,0008,0008,00,00,00,0008,0008
2270,01,00,00,00,01,B0,00,0008,00,00,00,00,00,00,00,00,00,00,0E,02,00,01,00,00,00,0000,00,00,0000,00,00,00,00,0008,0008,00,00,00,0008,0008
2271,01,00,00,00,01,B0,00,0008,00,00,00,00,00,00,00,00,00,00,0E,02,00,01,00,00,00,0000,00,00,0000,00,00,00,00,0008,0008,00,00,00,0008,0008
2272,01,00,00,00,01,B0,00,0008,00,00,00,00,00,00,00,00,00,00,0E,02,00,01,00,00,00,0000,00,00,0000,00,00,00,00,0008,0008,00,00,00,0008,0008
2273,01,00,00,00,01,B0,00,0008,00,00,00,00,00,00,00,00,00,00,0E,02,00,01,00,00,00,0000,00,00,0000,00,00,00,00,0008,0008,00,00,00,0008,0008
2274,01,00,00,00,01,B0,00,0008,00,00,00,00,00,00,00,00,00,00,0E,02,00,01,00,00,00,0000,00,00,0000,00,00,00,00,0008,0008,00,00,00,0008,0008
2275,01,00,00,00,01,B0,00,0008,00,00,00,00,00,00,00,00,00,00,0E,02,00,01,00,00,00,0000,00,00,0000,00,00,00,00,0008,0008,00,00,00,0008,0008
2276,01,00,00,00,01,B0,00,0008,00,00,00,00,00,00,00,00,00,00,0E,02,00,01,00,00,00,0000,00,00,0000,00,00,00,00,0008,0008,00,00,00,0008,0008
2277,01,00,00,00,01,B0,00,0008,00,00,00,00,00,00,00,00,00,00,0E,02,00,01,00,00,00,0000,00,00,0000,00,00,00,00,0008,0008,00,00,00,0008,0008
2278,01,00,00,00,01,B0,00,0008,00,00,00,00,00,00,00,00,00,00,0E,02,00,01,00,00,00,0000,00,00,0000,00,00,00,00,0008,0008,00,00,00,0008,0008
2279,01,00,00,00,01,B0,00,0008,00,00,00,00,00,00,00,00,00,00,0E,02,00,01,00,00,00,0000,00,00,0000,00,00,00,00,0008,0008,00,00,00,0008,0008
2280,01,00,00,00,01,B0,00,0008,00,00,00,00,00,00,00,00,00,00,0E,02,00,01,00,00,00,0000,00,00,0000,00,00,00,00,0008,0008,00,00,00,0008,0008
2281,01,00,00,00,01,B0,00,0008,00,00,00,00,00,00,00,00,00,00,0E,02,00,01,00,00,00,0000,00,00,0000,00,00,00,00,0008,0008,00,00,00,0008,0008
2282,01,00,00,00,01,B0,00,0008,00,00,00,00,00,00,00,00,00,00,0E,02,00,01,00,00,00,0000,00,00,0000,00,00,00,00,0008,0008,00,00,00,0008,0008
2283,01,00,00,00,01,B0,00,0008,00,00,00,00,00,00,00,00,00,00,0E,02,00,01,00,00,00,0000,00,00,0000,00,00,00,00,0008,0008,00,00,00,0008,0008
2284,01,00,00,00,01,B0,00,0008,00,00,00,00,00,00,00,00,00,00,0E,02,00,01,00,00,00,0000,00,00,0000,00,00,00,00,0008,0008,00,00,00,0008,0008
2285,01,00,00,00,01,B0,00,0008,00,00,00,00,00,00,00,00,00,00,0E,02,00,01,00,00,00,0000,00,00,0000,00,00,00,00,0008,0008,00,00,00,0008,0008
2286,01,00,00,00,01,B0,00,0008,00,00,00,00,00,00,00,00,00,00,0E,02,00,01,00,00,00,0000,00,00,0000,00,00,00,00,0008,0008,00,00,00,0008,0008
2287,01,00,00,00,01,B0,00,0008,00,00,00,00,00,00,00,00,00,00,0E,02,00,01,00,00,00,0000,00,00,0000,00,00,00,00,0008,0008,00,00,00,0008,0008
2288,01,00,00,00,01,B0,00,0008,00,00,00,00,00,00,00,00,00,00,0E,02,00,01,00,00,00,0000,00,00,0000,00,00,00,00,0008,0008,00,00,00,0008,0008
2289,01,00,00,00,01,B0,00,0008,00,00,00,00,00,00,00,00,00,00,0E,02,00,01,00,00,00,0000,00,00,0000,00,00,00,00,0008,0008,00,00,00,0008,0008
2290,01,00,00,00,01,B0,00,0008,00,00,00,00,00,00,00,00,00,00,0E,02,00,01,00,00,00,0000,00,00,0000,00,00,00,00,0008,0008,00,00,00,0008,0008
2291,01,00,00,00,01,B0,00,0008,00,00,00,00,00,00,00,00,00,00,0E,02,00,01,00,00,00,0000,00,00,0000,00,00,00,00,0008,0008,00,00,00,0008,0008
2292,01,00,00,00,01,B0,00,0008,00,00,00,00,00,00,00,00,00,00,0E,02,00,01,00,00,00,0000,00,00,0000,00,00,00,00,0008,0008,00,00,00,0008,0008
2293,01,00,00,00,01,B0,00,0008,00,00,00,00,00,00,00,00,00,00,0E,02,00,01,00,00,00,0000,00,00,0000,00,00,00,00,0008,0008,00,00,00,0008,0008
2294,01,00,00,00,01,B0,00,0008,00,00,00,00,00,00,00,00,00,00,0E,02,00,01,00,00,00,0000,00,00,0000,00,00,00,00,0008,0008,00,00,00,0008,0008
2295,01,00,00,00,01,B0,00,0008,00,00,00,00,00,00,00,00,00,00,0E,02,00,01,00,00,00,0000,00,00,0000,00,00,00,00,0008,0008,00,00,00,0008,0008
2296,01,00,00,00,01,B0,00,0008,00,00,00,00,00,00,00,00,00,00,0E,02,00,01,00,00,00,0000,00,00,0000,00,00,00,00,0008,0008,00,00,00,0008,0008
2297,01,00,00,00,01,B0,00,0008,00,00,00,00,00,00,00,00,00,00,0E,02,00,01,00,00,00,0000,00,00,0000,00,00,00,00,0008,0008,00,00,00,0008,0008
2298,01,00,00,00,01,B0,00,0008,00,00,00,00,00,00,00,00,00,00,0E,02,00,01,00,00,00,0000,00,00,0000,00,00,00,00,0008,0008,00,00,00,0008,0008
2299,01,00,00,00,01,B0,00,0008,00,00,00,00,00,00,00,00,00,00,0E,02,00,01,00,00,00,0000,00,00,0000,00,00,00,00,0008,0008,00,00,00,0008,0008
2300,01,00,00,00,01,B0,00,0008,00,00,00,00,00,00,00,00,00,00,0E,02,00,01,00,00,00,0000,00,00,0000,00,00,00,00,0008,0008,00,00,00,0008,0008
2301,01,00,00,00,01,B0,00,0008,00,00,00,00,00,00,00,00,00,00,0E,02,00,01,00,00,00,0000,00,00,0000,00,00,00,00,0008,0008,00,00,00,0008,0008
2302,01,00,00,00,01,B0,00,0008,00,00,00,00,00,00,00,00,00,00,0E,02,00,01,00,00,00,0000,00,00,0000,00,00,00,00,0008,0008,00,00,00,0008,0008
2303,01,00,00,00,01,B0,00,0008,00,00,00,00,00,00,00,00,00,00,0E,02,00,01,00,00,00,0000,00,00,0000,00,00,00,00,0008,0008,00,00,00,0008,0008
2304,01,00,00,00,01,B0,00,0008,00,00,00,00,00,00,00,00,00,00,0E,02,00,01,00,00,00,0000,00,00,0000,00,00,00,00,0008,0008,00,00,00,0008,0008
2305,01,00,00,00,01,B0,00,0008,00,00,00,00,00,00,00,00,00,00,0E,02,00,01,00,00,00,0000,00,00,0000,00,00,00,00,0008,0008,00,00,00,0008,0008
2306,01,00,00,00,01,B0,00,0008,00,00,00,00,00,00,00,00,00,00,0E,02,00,01,00,00,00,0000,00,00,0000,00,00,00,00,0008,0008,00,00,00,0008,0008
2307,01,00,00,00,01,B0,00,0008,00,00,00,00,00,00,00,00,00,00,0E,02,00,01,00,00,00,0000,00,00,0000,00,00,00,00,0008,0008,00,00,00,0008,0008
2308,01,00,00,00,01,B0,00,0008,00,00,00,00,00,00,00,00,00,00,0E,02,00,01,00,00,00,0000,00,00,0000,00,00,00,00,0008,0008,00,00,00,0008,0008
2309,01,00,00,00,01,B0,00,0008,00,00,00,00,00,00,00,00,00,00,0E,02,00,01,00,00,00,0000,00,00,0000,00,00,00,00,0008,0008,00,00,00,0008,0008
2310,01,00,00,00,01,B0,00,0008,00,00,00,00,00,00,00,00,00,00,0E,02,00,01,00,00,00,0000,00,00,0000,00,00,00,00,0008,0008,00,00,00,0008,0008
2311,01,00,00,00,01,B0,00,0008,00,00,00,00,00,00,00,00,00,00,0E,02,00,01,00,00,00,0000,00,00,0000,00,00,00,00,0008,0008,00,00,00,0008,0008
2312,01,00,00,00,01,B0,00,0008,00,00,00,00,00,00,00,00,00,00,0E,02,00,01,00,00,00,0000,00,00,0000,00,00,00,00,0008,0008,00,00,00,0008,0008
2313,01,00,00,00,01,B0,00,0008,00,00,00,00,00,00,00,00,00,00,0E,02,00,01,00,00,00,0000,00,00,0000,00,00,00,00,0008,0008,00,00,00,0008,0008
2314,01,00,00,00,01,B0,00,0008,00,00,00,00,00,00,00,00,00,00,0E,02,00,01,00,00,00,0000,00,00,0000,00,00,00,00,0008,0008,00,00,00,0008,0008
2315,01,00,00,00,01,B0,00,0008,00,00,00,00,00,00,00,00,00,00,0E,02,00,01,00,00,00,0000,00,00,0000,00,00,00,00,0008,0008,00,00,00,0008,0008
2316,01,00,00,00,01,B0,00,0008,00,00,00,00,00,00,00,00,00,00,0E,02,00,01,00,00,00,0000,00,00,0000,00,00,00,00,0008,0008,00,00,00,0008,0008
2317,01,00,00,00,01,B0,00,0008,00,00,00,00,00,00,00,00,00,00,0E,02,00,01,00,00,00,0000,00,00,0000,00,00,00,00,0008,0008,00,00,00,0008,0008
2318,01,00,00,00,01,B0,00,0008,00,00,00,00,00,00,00,00,00,00,0E,02,00,01,00,00,00,0000,00,00,0000,00,00,00,00,0008,0008,00,00,00,0008,0008
2319,01,00,00,00,01,B0,00,0008,00,00,00,00,00,00,00,00,00,00,0E,02,00,01,00,00,00,0000,00,00,0000,00,00,00,00,0008,0008,00,00,00,0008,0008
2320,01,00,00,00,01,B0,00,0008,00,00,00,00,00,00,00,00,00,00,0E,02,00,01,00,00,00,0000,00,00,0000,00,00,00,00,0008,0008,00,00,00,0008,0008
2321,01,00,00,00,01,B0,00,0008,00,00,00,00,00,00,00,00,00,00,0E,02,00,01,00,00,00,0000,00,00,0000,00,00,00,00,0008,0008,00,00,00,0008,0008
2322,01,00,00,00,01,B0,00,0008,00,00,00,00,00,00,00,00,00,00,0E,02,00,01,00,00,00,0000,00,00,0000,00,00,00,00,0008,0008,00,00,00,0008,0008
2323,01,00,00,00,01,B0,00,0008,00,00,00,00,00,00,00,00,00,00,0E,02,00,01,00,00,00,0000,00,00,0000,00,00,00,00,0008,0008,00,00,00,0008,0008
2324,01,00,00,00,01,B0,00,0008,00,00,00,00,00,00,00,00,00,00,0E,02,00,01,00,00,00,0000,00,00,0000,00,00,00,00,0008,0008,00,00,00,0008,0008
2325,01,00,00,00,01,B0,00,0008,00,00,00,00,00,00,00,00,00,00,0E,02,00,01,00,00,00,0000,00,00,0000,00,00,00,00,0008,0008,00,00,00,0008,0008
2326,01,00,00,00,01,B0,00,0008,00,00,00,00,00,00,00,00,00,00,0E,02,00,01,00,00,00,0000,00,00,0000,00,00,00,00,0008,0008,00,00,00,0008,0008
2327,01,00,00,00,01,B0,00,0008,00,00,00,00,00,00,00,00,00,00,0E,02,00,01,00,00,00,0000,00,00,0000,00,00,00,00,0008,0008,00,00,00,0008,0008
2328,01,00,00,00,01,B0,00,0008,00,00,00,00,00,00,00,00,00,00,0E,02,00,01,00,00,00,0000,00,00,0000,00,00,00,00,0008,0008,00,00,00,0008,0008
2329,01,00,00,00,01,B0,00,0008,00,00,00,00,00,00,00,00,00,00,0E,02,00,01,00,00,00,0000,00,00,0000,00,00,00,00,0008,0008,00,00,00,0008,0008
2330,01,00,00,00,01,B0,00,0008,00,00,00,00,00,00,00,00,00,00,0E,02,00,01,00,00,00,0000,00,00,0000,00,00,00,00,0008,0008,00,00,00,0008,0008
2331,01,00,00,00,01,B0,00,0008,00,00,00,00,00,00,00,00,00,00,0E,02,00,01,00,00,00,0000,00,00,0000,00,00,00,00,0008,0008,00,00,00,0008,0008
2332,01,00,00,00,01,B0,00,0008,00,00,00,00,00,00,00,00,00,00,0E,02,00,01,00,00,00,0000,00,00,0000,00,00,00,00,0008,0008,00,00,00,0008,0008
2333,01,00,00,00,01,B0,00,0008,00,00,00,00,00,00,00,00,00,00,0E,02,00,01,00,00,00,0000,00,00,0000,00,00,00,00,0008,0008,00,00,00,0008,0008
2334,01,00,00,00,01,B0,00,0008,00,00,00,00,00,00,00,00,00,00,0E,02,00,01,00,00,00,0000,00,00,0000,00,00,00,00,0008,0008,00,00,00,0008,0008
2335,01,00,00,00,01,B0,00,0008,00,00,00,00,00,00,00,00,00,00,0E,02,00,01,00,00,00,0000,00,00,0000,00,00,00,00,0008,0008,00,00,00,0008,0008
2336,01,00,00,00,01,B0,00,0008,00,00,00,00,00,00,00,00,00,00,0E,02,00,01,00,00,00,0000,00,00,0000,00,00,00,00,0008,0008,00,00,00,0008,0008
2337,01,00,00,00,01,B0,00,0008,00,00,00,00,00,00,00,00,00,00,0E,02,00,01,00,00,00,0000,00,00,0000,00,00,00,00,0008,0008,00,00,00,0008,0008
2338,01,00,00,00,01,B0,00,0008,00,00,00,00,00,00,00,00,00,00,0E,02,00,01,00,00,00,0000,00,00,0000,00,00,00,00,0008,0008,00,00,00,0008,0008
2339,01,00,00,00,01,B0,00,0008,00,00,00,00,00,00,00,00,00,00,0E,02,00,01,00,00,00,0000,00,00,0000,00,00,00,00,0008,0008,00,00,00,0008,0008
2340,01,00,00,00,01,B0,00,0008,00,00,00,00,00,00,00,00,00,00,0E,02,00,01,00,00,00,0000,00,00,0000,00,00,00,00,0008,0008,00,00,00,0008,0008
2341,01,00,00,00,01,B0,00,0008,00,00,00,00,00,00,00,00,00,00,0E,02,00,01,00,00,00,0000,00,00,0000,00,00,00,00,0008,0008,00,00,00,0008,0008
2342,01,00,00,00,01,B0,00,0008,00,00,00,00,00,00,00,00,00,00,0E,02,00,01,00,00,00,0000,00,00,0000,00,00,00,00,0008,0008,00,00,00,0008,0008
2343,01,00,00,00,01,B0,00,0008,00,00,00,00,00,00,00,00,00,00,0E,02,00,01,00,00,00,0000,00,00,0000,00,00,00,00,0008,0008,00,00,00,0008,0008
2344,01,00,00,00,01,B0,00,0008,00,00,00,00,00,00,00,00,00,00,0E,02,00,01,00,00,00,0000,00,00,0000,00,00,00,00,0008,0008,00,00,00,0008,0008
2345,01,00,00,00,01,B0,00,0008,00,00,00,00,00,00,00,00,00,00,0E,02,00,01,00,00,00,0000,00,00,0000,00,00,00,00,0008,0008,00,00,00,0008,0008
2346,01,00,00,00,01,B0,00,0008,00,00,00,00,00,00,00,00,00,00,0E,02,00,01,00,00,00,0000,00,00,0000,00,00,00,00,0008,0008,00,00,00,0008,0008
2347,01,00,00,00,01,B0,00,0008,00,00,00,00,00,00,00,00,00,00,0E,02,00,01,00,00,00,0000,00,00,0000,00,00,00,00,0008,0008,00,00,00,0008,0008
2348,01,00,00,00,01,B0,00,0008,00,00,00,00,00,00,00,00,00,00,0E,02,00,01,00,00,00,0000,00,00,0000,00,00,00,00,0008,0008,00,00,00,0008,0008
2349,01,00,00,00,01,B0,00,0008,00,00,00,00,00,00,00,00,00,00,0E,02,00,01,00,00,00,0000,00,00,0000,00,00,00,00,0008,0008,00,00,00,0008,0008
2350,01,00,00,00,01,B0,00,0008,00,00,00,00,00,00,00,00,00,00,0E,02,00,01,00,00,00,0000,00,00,0000,00,00,00,00,0008,0008,00,00,00,0008,0008
2351,01,00,00,00,01,B0,00,0008,00,00,00,00,00,00,00,00,00,00,0E,02,00,01,00,00,00,0000,00,00,0000,00,00,00,00,0008,0008,00,00,00,0008,0008
2352,01,00,00,00,01,B0,00,0008,00,00,00,00,00,00,00,00,00,00,0E,02,00,01,00,00,00,0000,00,00,0000,00,00,00,00,0008,0008,00,00,00,0008,0008
2353,01,00,00,00,01,B0,00,0008,00,00,00,00,00,00,00,00,00,00,0E,02,00,01,00,00,00,0000,00,00,0000,00,00,00,00,0008,0008,00,00,00,0008,0008
2354,01,00,00,00,01,B0,00,0008,00,00,00,00,00,00,00,00,00,00,0E,02,00,01,00,00,00,0000,00,00,0000,00,00,00,00,0008,0008,00,00,00,0008,0008
2355,01,00,00,00,01,B0,00,0008,00,00,00,00,00,00,00,00,00,00,0E,02,00,01,00,00,00,0000,00,00,0000,00,00,00,00,0008,0008,00,00,00,0008,0008
2356,01,00,00,00,01,B0,00,0008,00,00,00,00,00,00,00,00,00,00,0E,02,00,01,00,00,00,0000,00,00,0000,00,00,00,00,0008,0008,00,00,00,0008,0008
2357,01,00,00,00,01,B0,00,0008,00,00,00,00,00,00,00,00,00,00,0E,02,00,01,00,00,00,0000,00,00,0000,00,00,00,00,0008,0008,00,00,00,0008,0008
2358,01,00,00,00,01,B0,00,0008,00,00,00,00,00,00,00,00,00,00,0E,02,00,01,00,00,00,0000,00,00,0000,00,00,00,00,0008,0008,00,00,00,0008,0008
2359,01,00,00,00,01,B0,00,0008,00,00,00,00,00,00,00,00,00,00,0E,02,00,01,00,00,00,0000,00,00,0000,00,00,00,00,0008,0008,00,00,00,0008,0008
2360,01,00,00,00,01,B0,00,0008,00,00,00,00,00,00,00,00,00,00,0E,02,00,01,00,00,00,0000,00,00,0000,00,00,00,00,0008,0008,00,00,00,0008,0008
2361,01,00,00,00,01,B0,00,0008,00,00,00,00,00,00,00,00,00,00,0E,02,00,01,00,00,00,0000,00,00,0000,00,00,00,00,0008,0008,00,00,00,0008,0008
2362,01,00,00,00,01,B0,00,0008,00,00,00,00,00,00,00,00,00,00,0E,02,00,01,00,00,00,0000,00,00,0000,00,00,00,00,0008,0008,00,00,00,0008,0008
2363,01,00,00,00,01,B0,00,0008,00,00,00,00,00,00,00,00,00,00,0E,02,00,01,00,00,00,0000,00,00,0000,00,00,00,00,0008,0008,00,00,00,0008,0008
2364,01,00,00,00,01,B0,00,0008,00,00,00,00,00,00,00,00,00,00,0E,02,00,01,00,00,00,0000,00,00,0000,00,00,00,00,0008,0008,00,00,00,0008,0008
2365,01,00,00,00,01,B0,00,0008,00,00,00,00,00,00,00,00,00,00,0E,02,00,01,00,00,00,0000,00,00,0000,00,00,00,00,0008,0008,00,00,00,0008,0008
2366,01,00,00,00,01,B0,00,0008,00,00,00,00,00,00,00,00,00,00,0E,02,00,01,00,00,00,0000,00,00,0000,00,00,00,00,0008,0008,00,00,00,0008,0008
2367,01,00,00,00,01,B0,00,0008,00,00,00,00,00,00,00,00,00,00,0E,02,00,01,00,00,00,0000,00,00,0000,00,00,00,00,0008,0008,00,00,00,0008,0008
2368,01,00,00,00,01,B0,00,0008,00,00,00,00,00,00,00,00,00,00,0E,02,00,01,00,00,00,0000,00,00,0000,00,00,00,00,0008,0008,00,00,00,0008,0008
2369,01,00,00,00,01,B0,00,0008,00,00,00,00,00,00,00,00,00,00,0E,02,00,01,00,00,00,0000,00,00,0000,00,00,00,00,0008,0008,00,00,00,0008,0008
2370,01,00,00,00,01,B0,00,0008,00,00,00,00,00,00,00,00,00,00,0E,02,00,01,00,00,00,0000,00,00,0000,00,00,00,00,0008,0008,00,00,00,0008,0008
2371,01,00,00,00,01,B0,00,0008,00,00,00,00,00,00,00,00,00,00,0E,02,00,01,00,00,00,0000,00,00,0000,00,00,00,00,0008,0008,00,00,00,0008,0008
2372,01,00,00,00,01,B0,00,0008,00,00,00,00,00,00,00,00,00,00,0E,02,00,01,00,00,00,0000,00,00,0000,00,00,00,00,0008,0008,00,00,00,0008,0008
2373,01,00,00,00,01,B0,00,0008,00,00,00,00,00,00,00,00,00,00,0E,02,00,01,00,00,00,0000,00,00,0000,00,00,00,00,0008,0008,00,00,00,0008,0008
2374,01,00,00,00,01,B0,00,0008,00,00,00,00,00,00,00,00,00,00,0E,02,00,01,00,00,00,0000,00,00,0000,00,00,00,00,0008,0008,00,00,00,0008,0008
2375,01,00,00,00,01,B0,00,0008,00,00,00,00,00,00,00,00,00,00,0E,02,00,01,00,00,00,0000,00,00,0000,00,00,00,00,0008,0008,00,00,00,0008,0008
2376,01,00,00,00,01,B0,00,0008,00,00,00,00,00,00,00,00,00,00,0E,02,00,01,00,00,00,0000,00,00,0000,00,00,00,00,0008,0008,00,00,00,0008,0008
2377,01,00,00,00,01,B0,00,0008,00,00,00,00,00,00,00,00,00,00,0E,02,00,01,00,00,00,0000,00,00,0000,00,00,00,00,0008,0008,00,00,00,0008,0008
2378,01,00,00,00,01,B0,00,0008,00,00,00,00,00,00,00,00,00,00,0E,02,00,01,00,00,00,0000,00,00,0000,00,00,00,00,0008,0008,00,00,00,0008,0008
2379,01,00,00,00,01,B0,00,0008,00,00,00,00,00,00,00,00,00,00,0E,02,00,01,00,00,00,0000,00,00,0000,00,00,00,00,0008,0008,00,00,00,0008,0008
2380,01,00,00,00,01,B0,00,0008,00,00,00,00,00,00,00,00,00,00,0E,02,00,01,00,00,00,0000,00,00,0000,00,00,00,00,0008,0008,00,00,00,0008,0008
2381,01,00,00,00,01,B0,00,0008,00,00,00,00,00,00,00,00,00,00,0E,02,00,01,00,00,00,0000,00,00,0000,00,00,00,00,0008,0008,00,00,00,0008,0008
2382,01,00,00,00,01,B0,00,0008,00,00,00,00,00,00,00,00,00,00,0E,02,00,01,00,00,00,0000,00,00,0000,00,00,00,00,0008,0008,00,00,00,0008,0008
2383,01,00,00,00,01,B0,00,0008,00,00,00,00,00,00,00,00,00,00,0E,02,00,01,00,00,00,0000,00,00,0000,00,00,00,00,0008,0008,00,00,00,0008,0008
2384,01,00,00,00,01,B0,00,0008,00,00,00,00,00,00,00,00,00,00,0E,02,00,01,00,00,00,0000,00,00,0000,00,00,00,00,0008,0008,00,00,00,0008,0008
2385,01,00,00,00,01,B0,00,0008,00,00,00,00,00,00,00,00,00,00,0E,02,00,01,00,00,00,0000,00,00,0000,00,00,00,00,0008,0008,00,00,00,0008,0008
2386,01,00,00,00,01,B0,00,0008,00,00,00,00,00,00,00,00,00,00,0E,02,00,01,00,00,00,0000,00,00,0000,00,00,00,00,0008,0008,00,00,00,0008,0008
2387,01,00,00,00,01,B0,00,0008,00,00,00,00,00,00,00,00,00,00,0E,02,00,01,00,00,00,0000,00,00,0000,00,00,00,00,0008,0008,00,00,00,0008,0008
2388,01,00,00,00,01,B0,00,0008,00,00,00,00,00,00,00,00,00,00,0E,02,00,01,00,00,00,0000,00,00,0000,00,00,00,00,0008,0008,00,00,00,0008,0008
2389,01,00,00,00,01,B0,00,0008,00,00,00,00,00,00,00,00,00,00,0E,02,00,01,00,00,00,0000,00,00,0000,00,00,00,00,0008,0008,00,00,00,0008,0008
2390,01,00,00,00,01,B0,00,0008,00,00,00,00,00,00,00,00,00,00,0E,02,00,01,00,00,00,0000,00,00,0000,00,00,00,00,0008,0008,00,00,00,0008,0008
2391,01,00,00,00,01,B0,00,0008,00,00,00,00,00,00,00,00,00,00,0E,02,00,01,00,00,00,0000,00,00,0000,00,00,00,00,0008,0008,00,00,00,0008,0008
2392,01,00,00,00,01,B0,00,0008,00,00,00,00,00,00,00,00,00,00,0E,02,00,01,00,00,00,0000,00,00,0000,00,00,00,00,0008,0008,00,00,00,0008,0008
2393,01,00,00,00,01,B0,00,0008,00,00,00,00,00,00,00,00,00,00,0E,02,00,01,00,00,00,0000,00,00,0000,00,00,00,00,0008,0008,00,00,00,0008,0008
2394,01,00,00,00,01,B0,00,0008,00,00,00,00,00,00,00,00,00,00,0E,02,00,01,00,00,00,0000,00,00,0000,00,00,00,00,0008,0008,00,00,00,0008,0008
2395,01,00,00,00,01,B0,00,0008,00,00,00,00,00,00,00,00,00,00,0E,02,00,01,00,00,00,0000,00,00,0000,00,00,00,00,0008,0008,00,00,00,0008,0008
2396,01,00,00,00,01,B0,00,0008,00,00,00,00,00,00,00,00,00,00,0E,02,00,01,00,00,00,0000,00,00,0000,00,00,00,00,0008,0008,00,00,00,0008,0008
2397,01,00,00,00,01,B0,00,0008,00,00,00,00,00,00,00,00,00,00,0E,02,00,01,00,00,00,0000,00,00,0000,00,00,00,00,0008,0008,00,00,00,0008,0008
2398,01,00,00,00,01,B0,00,0008,00,00,00,00,00,00,00,00,00,00,0E,02,00,01,00,00,00,0000,00,00,0000,00,00,00,00,0008,0008,00,00,00,0008,0008
2399,01,00,00,00,01,B0,00,0008,00,00,00,00,00,00,00,00,00,00,0E,02,00,01,00,00,00,0000,00,00,0000,00,00,00,00,0008,0008,00,00,00,0008,0008
2400,01,00,00,00,01,B0,00,0008,00,00,00,00,00,00,00,00,00,00,0E,02,00,01,00,00,00,0000,00,00,0000,00,00,00,00,0008,0008,00,00,00,0008,0008
2401,01,00,00,00,01,B0,00,0008,00,00,00,00,00,00,00,00,00,00,0E,02,00,01,00,00,00,0000,00,00,0000,00,00,00,00,0008,0008,00,00,00,0008,0008
2402,01,00,00,00,01,B0,00,0008,00,00,00,00,00,00,00,00,00,00,0E,02,00,01,00,00,00,0000,00,00,0000,00,00,00,00,0008,0008,00,00,00,0008,0008
2403,01,00,00,00,01,B0,00,0008,00,00,00,00,00,00,00,00,00,00,0E,02,00,01,00,00,00,0000,00,00,0000,00,00,00,00,0008,0008,00,00,00,0008,0008
2404,01,00,00,00,01,B0,00,0008,00,00,00,00,00,00,00,00,00,00,0E,02,00,01,00,00,00,0000,00,00,0000,00,00,00,00,0008,0008,00,00,00,0008,0008
2405,01,00,00,00,01,B0,00,0008,00,00,00,00,00,00,00,00,00,00,0E,02,00,01,00,00,00,0000,00,00,0000,00,00,00,00,0008,0008,00,00,00,0008,0008
2406,01,00,00,00,01,B0,00,0008,00,00,00,00,00,00,00,00,00,00,0E,02,00,01,00,00,00,0000,00,00,0000,00,00,00,00,0008,0008,00,00,00,0008,0008
2407,01,00,00,00,01,B0,00,0008,00,00,00,00,00,00,00,00,00,00,0E,02,00,01,00,00,00,0000,00,00,0000,00,00,00,00,0008,0008,00,00,00,0008,0008
2408,01,00,00,00,01,B0,00,0008,00,00,00,00,00,00,00,00,00,00,0E,02,00,01,00,00,00,0000,00,00,0000,00,00,00,00,0008,0008,00,00,00,0008,0008
2409,01,00,00,00,01,B0,00,0008,00,00,00,00,00,00,00,00,00,00,0E,02,00,01,00,00,00,0000,00,00,0000,00,00,00,00,0008,0008,00,00,00,0008,0008
2410,01,00,00,00,01,B0,00,0008,00,00,00,00,00,00,00,00,00,00,0E,02,00,01,00,00,00,0000,00,00,0000,00,00,00,00,0008,0008,00,00,00,0008,0008
2411,01,00,00,00,01,B0,00,0008,00,00,00,00,00,00,00,00,00,00,0E,02,00,01,00,00,00,0000,00,00,0000,00,00,00,00,0008,0008,00,00,00,0008,0008
2412,01,00,00,00,01,B0,00,0008,00,00,00,00,00,00,00,00,00,00,0E,02,00,01,00,00,00,0000,00,00,0000,00,00,00,00,0008,0008,00,00,00,0008,0008
2413,01,00,00,00,01,B0,00,0008,00,00,00,00,00,00,00,00,00,00,0E,02,00,01,00,00,00,0000,00,00,0000,00,00,00,00,0008,0008,00,00,00,0008,0008
2414,01,00,00,00,01,B0,00,0008,00,00,00,00,00,00,00,00,00,00,0E,02,00,01,00,00,00,0000,00,00,0000,00,00,00,00,0008,0008,00,00,00,0008,0008
2415,01,00,00,00,01,B0,00,0008,00,00,00,00,00,00,00,00,00,00,0E,02,00,01,00,00,00,0000,00,00,0000,00,00,00,00,0008,0008,00,00,00,0008,0008
2416,01,00,00,00,01,B0,00,0008,00,00,00,00,00,00,00,00,00,00,0E,02,00,01,00,00,00,0000,00,00,0000,00,00,00,00,0008,0008,00,00,00,0008,0008
2417,01,00,00,00,01,B0,00,0008,00,00,00,00,00,00,00,00,00,00,0E,02,00,01,00,00,00,0000,00,00,0000,00,00,00,00,0008,0008,00,00,00,0008,0008
2418,01,00,00,00,01,B0,00,0008,00,00,00,00,00,00,00,00,00,00,0E,02,00,01,00,00,00,0000,00,00,0000,00,00,00,00,0008,0008,00,00,00,0008,0008
2419,01,00,00,00,01,B0,00,0008,00,00,00,00,00,00,00,00,00,00,0E,02,00,01,00,00,00,0000,00,00,0000,00,00,00,00,0008,0008,00,00,00,0008,0008
2420,01,00,00,00,01,B0,00,0008,00,00,00,00,00,00,00,00,00,00,0E,02,00,01,00,00,00,0000,00,00,0000,00,00,00,00,0008,0008,00,00,00,0008,0008
2421,01,00,00,00,01,B0,00,0008,00,00,00,00,00,00,00,00,00,00,0E,02,00,01,00,00,00,0000,00,00,0000,00,00,00,00,0008,0008,00,00,00,0008,0008
2422,01,00,00,00,01,B0,00,0008,00,00,00,00,00,00,00,00,00,00,0E,02,00,01,00,00,00,0000,00,00,0000,00,00,00,00,0008,0008,00,00,00,0008,0008
2423,01,00,00,00,01,B0,00,0008,00,00,00,00,00,00,00,00,00,00,0E,02,00,01,00,00,00,0000,00,00,0000,00,00,00,00,0008,0008,00,00,00,0008,0008
2424,01,00,00,00,01,B0,00,0008,00,00,00,00,00,00,00,00,00,00,0E,02,00,01,00,00,00,0000,00,00,0000,00,00,00,00,0008,0008,00,00,00,0008,0008
2425,01,00,00,00,01,B0,00,0008,00,00,00,00,00,00,00,00,00,00,0E,02,00,01,00,00,00,0000,00,00,0000,00,00,00,00,0008,0008,00,00,00,0008,0008
2426,01,00,00,00,01,B0,00,0008,00,00,00,00,00,00,00,00,00,00,0E,02,00,01,00,00,00,0000,00,00,0000,00,00,00,00,0008,0008,00,00,00,0008,0008
2427,01,00,00,00,01,B0,00,0008,00,00,00,00,00,00,00,00,00,00,0E,02,00,01,00,00,00,0000,00,00,0000,00,00,00,00,0008,0008,00,00,00,0008,0008
2428,01,00,00,00,01,B0,00,0008,00,00,00,00,00,00,00,00,00,00,0E,02,00,01,00,00,00,0000,00,00,0000,00,00,00,00,0008,0008,00,00,00,0008,0008
2429,01,00,00,00,01,B0,00,0008,00,00,00,00,00,00,00,00,00,00,0E,02,00,01,00,00,00,0000,00,00,0000,00,00,00,00,0008,0008,00,00,00,0008,0008
2430,01,00,00,00,01,B0,00,0008,00,00,00,00,00,00,00,00,00,00,0E,02,00,01,00,00,00,0000,00,00,0000,00,00,00,00,0008,0008,00,00,00,0008,0008
2431,01,00,00,00,01,B0,00,0008,00,00,00,00,00,00,00,00,00,00,0E,02,00,01,00,00,00,0000,00,00,0000,00,00,00,00,0008,0008,00,00,00,0008,0008
2432,01,00,00,00,01,B0,00,0008,00,00,00,00,00,00,00,00,00,00,0E,02,00,01,00,00,00,0000,00,00,0000,00,00,00,00,0008,0008,00,00,00,0008,0008
2433,01,00,00,00,01,B0,00,0008,00,00,00,00,00,00,00,00,00,00,0E,02,00,01,00,00,00,0000,00,00,0000,00,00,00,00,0008,0008,00,00,00,0008,0008
2434,01,00,00,00,01,B0,00,0008,00,00,00,00,00,00,00,00,00,00,0E,02,00,01,00,00,00,0000,00,00,0000,00,00,00,00,0008,0008,00,00,00,0008,0008
2435,01,00,00,00,01,B0,00,0008,00,00,00,00,00,00,00,00,00,00,0E,02,00,01,00,00,00,0000,00,00,0000,00,00,00,00,0008,0008,00,00,00,0008,0008
2436,01,00,00,00,01,B0,00,0008,00,00,00,00,00,00,00,00,00,00,0E,02,00,01,00,00,00,0000,00,00,0000,00,00,00,00,0008,0008,00,00,00,0008,0008
2437,01,00,00,00,01,B0,00,0008,00,00,00,00,00,00,00,00,00,00,0E,02,00,01,00,00,00,0000,00,00,0000,00,00,00,00,0008,0008,00,00,00,0008,0008
2438,01,00,00,00,01,B0,00,0008,00,00,00,00,00,00,00,00,00,00,0E,02,00,01,00,00,00,0000,00,00,0000,00,00,00,00,0008,0008,00,00,00,0008,0008
2439,01,00,00,00,01,B0,00,0008,00,00,00,00,00,00,00,00,00,00,0E,02,00,01,00,00,00,0000,00,00,0000,00,00,00,00,0008,0008,00,00,00,0008,0008
2440,01,00,00,00,01,B0,00,0008,00,00,00,00,00,00,00,00,00,00,0E,02,00,01,00,00,00,0000,00,00,0000,00,00,00,00,0008,0008,00,00,00,0008,0008
2441,01,00,00,00,01,B0,00,0008,00,00,00,00,00,00,00,00,00,00,0E,02,00,01,00,00,00,0000,00,00,0000,00,00,00,00,0008,0008,00,00,00,0008,0008
2442,01,00,00,00,01,B0,00,0008,00,00,00,00,00,00,00,00,00,00,0E,02,00,01,00,00,00,0000,00,00,0000,00,00,00,00,0008,0008,00,00,00,0008,0008
2443,01,00,00,00,01,B0,00,0008,00,00,00,00,00,00,00,00,00,00,0E,02,00,01,00,00,00,0000,00,00,0000,00,00,00,00,0008,0008,00,00,00,0008,0008
2444,01,00,00,00,01,B0,00,0008,00,00,00,00,00,00,00,00,00,00,0E,02,00,01,00,00,00,0000,00,00,0000,00,00,00,00,0008,0008,00,00,00,0008,0008
2445,01,00,00,00,01,B0,00,0008,00,00,00,00,00,00,00,00,00,00,0E,02,00,01,00,00,00,0000,00,00,0000,00,00,00,00,0008,0008,00,00,00,0008,0008
2446,01,00,00,00,01,B0,00,0008,00,00,00,00,00,00,00,00,00,00,0E,02,00,01,00,00,00,0000,00,00,0000,00,00,00,00,0008,0008,00,00,00,0008,0008
2447,01,00,00,00,01,B0,00,0008,00,00,00,00,00,00,00,00,00,00,0E,02,00,01,00,00,00,0000,00,00,0000,00,00,00,00,0008,0008,00,00,00,0008,0008
2448,01,00,00,00,01,B0,00,0008,00,00,00,00,00,00,00,00,00,00,0E,02,00,01,00,00,00,0000,00,00,0000,00,00,00,00,0008,0008,00,00,00,0008,0008
2449,01,00,00,00,01,B0,00,0008,00,00,00,00,00,00,00,00,00,00,0E,02,00,01,00,00,00,0000,00,00,0000,00,00,00,00,0008,0008,00,00,00,0008,0008
2450,01,00,00,00,01,B0,00,0008,00,00,00,00,00,00,00,00,00,00,0E,02,00,01,00,00,00,0000,00,00,0000,00,00,00,00,0008,0008,00,00,00,0008,0008
2451,01,00,00,00,01,B0,00,0008,00,00,00,00,00,00,00,00,00,00,0E,02,00,01,00,00,00,0000,00,00,0000,00,00,00,00,0008,0008,00,00,00,0008,0008
2452,01,00,00,00,01,B0,00,0008,00,00,00,00,00,00,00,00,00,00,0E,02,00,01,00,00,00,0000,00,00,0000,00,00,00,00,0008,0008,00,00,00,0008,0008
2453,01,00,00,00,01,B0,00,0008,00,00,00,00,00,00,00,00,00,00,0E,02,00,01,00,00,00,0000,00,00,0000,00,00,00,00,0008,0008,00,00,00,0008,0008
2454,01,00,00,00,01,B0,00,0008,00,00,00,00,00,00,00,00,00,00,0E,02,00,01,00,00,00,0000,00,00,0000,00,00,00,00,0008,0008,00,00,00,0008,0008
2455,01,00,00,00,01,B0,00,0008,00,00,00,00,00,00,00,00,00,00,0E,02,00,01,00,00,00,0000,00,00,0000,00,00,00,00,0008,0008,00,00,00,0008,0008
2456,01,00,00,00,01,B0,00,0008,00,00,00,00,00,00,00,00,00,00,0E,02,00,01,00,00,00,0000,00,00,0000,00,00,00,00,0008,0008,00,00,00,0008,0008
2457,01,00,00,00,01,B0,00,0008,00,00,00,00,00,00,00,00,00,00,0E,02,00,01,00,00,00,0000,00,00,0000,00,00,00,00,0008,0008,00,00,00,0008,0008
2458,01,00,00,00,01,B0,00,0008,00,00,00,00,00,00,00,00,00,00,0E,02,00,01,00,00,00,0000,00,00,0000,00,00,00,00,0008,0008,00,00,00,0008,0008
2459,01,00,00,00,01,B0,00,0008,00,00,00,00,00,00,00,00,00,00,0E,02,00,01,00,00,00,0000,00,00,0000,00,00,00,00,0008,0008,00,00,00,0008,0008
2460,01,00,00,00,01,B0,00,0008,00,00,00,00,00,00,00,00,00,00,0E,02,00,01,00,00,00,0000,00,00,0000,00,00,00,00,0008,0008,00,00,00,0008,0008
2461,01,00,00,00,01,B0,00,0008,00,00,00,00,00,00,00,00,00,00,0E,02,00,01,00,00,00,0000,00,00,0000,00,00,00,00,0008,0008,00,00,00,0008,0008
2462,01,00,00,00,01,B0,00,0008,00,00,00,00,00,00,00,00,00,00,0E,02,00,01,00,00,00,0000,00,00,0000,00,00,00,00,0008,0008,00,00,00,0008,0008
2463,01,00,00,00,01,B0,00,0008,00,00,00,00,00,00,00,00,00,00,0E,02,00,01,00,00,00,0000,00,00,0000,00,00,00,00,0008,0008,00,00,00,0008,0008
2464,01,00,00,00,01,B0,00,0008,00,00,00,00,00,00,00,00,00,00,0E,02,00,01,00,00,00,0000,00,00,0000,00,00,00,00,0008,0008,00,00,00,0008,0008
2465,01,00,00,00,01,B0,00,0008,00,00,00,00,00,00,00,00,00,00,0E,02,00,01,00,00,00,0000,00,00,0000,00,00,00,00,0008,0008,00,00,00,0008,0008
2466,01,00,00,00,01,B0,00,0008,00,00,00,00,00,00,00,00,00,00,0E,02,00,01,00,00,00,0000,00,00,0000,00,00,00,00,0008,0008,00,00,00,0008,0008
2467,01,00,00,00,01,B0,00,0008,00,00,00,00,00,00,00,00,00,00,0E,02,00,01,00,00,00,0000,00,00,0000,00,00,00,00,0008,0008,00,00,00,0008,0008
2468,01,00,00,00,01,B0,00,0008,00,00,00,00,00,00,00,00,00,00,0E,02,00,01,00,00,00,0000,00,00,0000,00,00,00,00,0008,0008,00,00,00,0008,0008
2469,01,00,00,00,01,B0,00,0008,00,00,00,00,00,00,00,00,00,00,0E,02,00,01,00,00,00,0000,00,00,0000,00,00,00,00,0008,0008,00,00,00,0008,0008
2470,01,00,00,00,01,B0,00,0008,00,00,00,00,00,00,00,00,00,00,0E,02,00,01,00,00,00,0000,00,00,0000,00,00,00,00,0008,0008,00,00,00,0008,0008
2471,01,00,00,00,01,B0,00,0008,00,00,00,00,00,00,00,00,00,00,0E,02,00,01,00,00,00,0000,00,00,0000,00,00,00,00,0008,0008,00,00,00,0008,0008
2472,01,00,00,00,01,B0,00,0008,00,00,00,00,00,00,00,00,00,00,0E,02,00,01,00,00,00,0000,00,00,0000,00,00,00,00,0008,0008,00,00,00,0008,0008
2473,01,00,00,00,01,B0,00,0008,00,00,00,00,00,00,00,00,00,00,0E,02,00,01,00,00,00,0000,00,00,0000,00,00,00,00,0008,0008,00,00,00,0008,0008
2474,01,00,00,00,01,B0,00,0008,00,00,00,00,00,00,00,00,00,00,0E,02,00,01,00,00,00,0000,00,00,0000,00,00,00,00,0008,0008,00,00,00,0008,0008
2475,01,00,00,00,01,B0,00,0008,00,00,00,00,00,00,00,00,00,00,0E,02,00,01,00,00,00,0000,00,00,0000,00,00,00,00,0008,0008,00,00,00,0008,0008
2476,01,00,00,00,01,B0,00,0008,00,00,00,00,00,00,00,00,00,00,0E,02,00,01,00,00,00,0000,00,00,0000,00,00,00,00,0008,0008,00,00,00,0008,0008
2477,01,00,00,00,01,B0,00,0008,00,00,00,00,00,00,00,00,00,00,0E,02,00,01,00,00,00,0000,00,00,0000,00,00,00,00,0008,0008,00,00,00,0008,0008
2478,01,00,00,00,01,B0,00,0008,00,00,00,00,00,00,00,00,00,00,0E,02,00,01,00,00,00,0000,00,00,0000,00,00,00,00,0008,0008,00,00,00,0008,0008
2479,01,00,00,00,01,B0,00,0008,00,00,00,00,00,00,00,00,00,00,0E,02,00,01,00,00,00,0000,00,00,0000,00,00,00,00,0008,0008,00,00,00,0008,0008
2480,01,00,00,00,01,B0,00,0008,00,00,00,00,00,00,00,00,00,00,0E,02,00,01,00,00,00,0000,00,00,0000,00,00,00,00,0008,0008,00,00,00,0008,0008
2481,01,00,00,00,01,B0,00,0008,00,00,00,00,00,00,00,00,00,00,0E,02,00,01,00,00,00,0000,00,00,0000,00,00,00,00,0008,0008,00,00,00,0008,0008
2482,01,00,00,00,01,B0,00,0008,00,00,00,00,00,00,00,00,00,00,0E,02,00,01,00,00,00,0000,00,00,0000,00,00,00,00,0008,0008,00,00,00,0008,0008
2483,01,00,00,00,01,B0,00,0008,00,00,00,00,00,00,00,00,00,00,0E,02,00,01,00,00,00,0000,00,00,0000,00,00,00,00,0008,0008,00,00,00,0008,0008
2484,01,00,00,00,01,B0,00,0008,00,00,00,00,00,00,00,00,00,00,0E,02,00,01,00,00,00,0000,00,00,0000,00,00,00,00,0008,0008,00,00,00,0008,0008
2485,01,00,00,00,01,B0,00,0008,00,00,00,00,00,00,00,00,00,00,0E,02,00,01,00,00,00,0000,00,00,0000,00,00,00,00,0008,0008,00,00,00,0008,0008
2486,01,00,00,00,01,B0,00,0008,00,00,00,00,00,00,00,00,00,00,0E,02,00,01,00,00,00,0000,00,00,0000,00,00,00,00,0008,0008,00,00,00,0008,0008
2487,01,00,00,00,01,B0,00,0008,00,00,00,00,00,00,00,00,00,00,0E,02,00,01,00,00,00,0000,00,00,0000,00,00,00,00,0008,0008,00,00,00,0008,0008
2488,01,00,00,00,01,B0,00,0008,00,00,00,00,00,00,00,00,00,00,0E,02,00,01,00,00,00,0000,00,00,0000,00,00,00,00,0008,0008,00,00,00,0008,0008
2489,01,00,00,00,01,B0,00,0008,00,00,00,00,00,00,00,00,00,00,0E,02,00,01,00,00,00,0000,00,00,0000,00,00,00,00,0008,0008,00,00,00,0008,0008
2490,01,00,00,00,01,B0,00,0008,00,00,00,00,00,00,00,00,00,00,0E,02,00,01,00,00,00,0000,00,00,0000,00,00,00,00,0008,0008,00,00,00,0008,0008
2491,01,00,00,00,01,B0,00,0008,00,00,00,00,00,00,00,00,00,00,0E,02,00,01,00,00,00,0000,00,00,0000,00,00,00,00,0008,0008,00,00,00,0008,0008
2492,01,00,00,00,01,B0,00,0008,00,00,00,00,00,00,00,00,00,00,0E,02,00,01,00,00,00,0000,00,00,0000,00,00,00,00,0008,0008,00,00,00,0008,0008
2493,01,00,00,00,01,B0,00,0008,00,00,00,00,00,00,00,00,00,00,0E,02,00,01,00,00,00,0000,00,00,0000,00,00,00,00,0008,0008,00,00,00,0008,0008
2494,01,00,00,00,01,B0,00,0008,00,00,00,00,00,00,00,00,00,00,0E,02,00,01,00,00,00,0000,00,00,0000,00,00,00,00,0008,0008,00,00,00,0008,0008
2495,01,00,00,00,01,B0,00,0008,00,00,00,00,00,00,00,00,00,00,0E,02,00,01,00,00,00,0000,00,00,0000,00,00,00,00,0008,0008,00,00,00,0008,0008
2496,01,00,00,00,01,B0,00,0008,00,00,00,00,00,00,00,00,00,00,0E,02,00,01,00,00,00,0000,00,00,0000,00,00,00,00,0008,0008,00,00,00,0008,0008
2497,01,00,00,00,01,B0,00,0008,00,00,00,00,00,00,00,00,00,00,0E,02,00,01,00,00,00,0000,00,00,0000,00,00,00,00,0008,0008,00,00,00,0008,0008
2498,01,00,00,00,01,B0,00,0008,00,00,00,00,00,00,00,00,00,00,0E,02,00,01,00,00,00,0000,00,00,0000,00,00,00,00,0008,0008,00,00,00,0008,0008
2499,01,00,00,00,01,B0,00,0008,00,00,00,00,00,00,00,00,00,00,0E,02,00,01,00,00,00,0000,00,00,0000,00,00,00,00,0008,0008,00,00,00,0008,0008
2500,01,00,00,00,01,B0,00,0008,00,00,00,00,00,00,00,00,00,00,0E,02,00,01,00,00,00,0000,00,00,0000,00,00,00,00,0008,0008,00,00,00,0008,0008
2501,01,00,00,00,01,B0,00,0008,00,00,00,00,00,00,00,00,00,00,0E,02,00,01,00,00,00,0000,00,00,0000,00,00,00,00,0008,0008,00,00,00,0008,0008
2502,01,00,00,00,01,B0,00,0008,00,00,00,00,00,00,00,00,00,00,0E,02,00,01,00,00,00,0000,00,00,0000,00,00,00,00,0008,0008,00,00,00,0008,0008
2503,01,00,00,00,01,B0,00,0008,00,00,00,00,00,00,00,00,00,00,0E,02,00,01,00,00,00,0000,00,00,0000,00,00,00,00,0008,0008,00,00,00,0008,0008
2504,01,00,00,00,01,B0,00,0008,00,00,00,00,00,00,00,00,00,00,0E,02,00,01,00,00,00,0000,00,00,0000,00,00,00,00,0008,0008,00,00,00,0008,0008
2505,01,00,00,00,01,B0,00,0008,00,00,00,00,00,00,00,00,00,00,0E,02,00,01,00,00,00,0000,00,00,0000,00,00,00,00,0008,0008,00,00,00,0008,0008
2506,01,00,00,00,01,B0,00,0008,00,00,00,00,00,00,00,00,00,00,0E,02,00,01,00,00,00,0000,00,00,0000,00,00,00,00,0008,0008,00,00,00,0008,0008
2507,01,00,00,00,01,B0,00,0008,00,00,00,00,00,00,00,00,00,00,0E,02,00,01,00,00,00,0000,00,00,0000,00,00,00,00,0008,0008,00,00,00,0008,0008
2508,01,00,00,00,01,B0,00,0008,00,00,00,00,00,00,00,00,00,00,0E,02,00,01,00,00,00,0000,00,00,0000,00,00,00,00,0008,0008,00,00,00,0008,0008
2509,01,00,00,00,01,B0,00,0008,00,00,00,00,00,00,00,00,00,00,0E,02,00,01,00,00,00,0000,00,00,0000,00,00,00,00,0008,0008,00,00,00,0008,0008
2510,01,00,00,00,01,B0,00,0008,00,00,00,00,00,00,00,00,00,00,0E,02,00,01,00,00,00,0000,00,00,0000,00,00,00,00,0008,0008,00,00,00,0008,0008
2511,01,00,00,00,01,B0,00,0008,00,00,00,00,00,00,00,00,00,00,0E,02,00,01,00,00,00,0000,00,00,0000,00,00,00,00,0008,0008,00,00,00,0008,0008
2512,01,00,00,00,01,B0,00,0008,00,00,00,00,00,00,00,00,00,00,0E,02,00,01,00,00,00,0000,00,00,0000,00,00,00,00,0008,0008,00,00,00,0008,0008
2513,01,00,00,00,01,B0,00,0008,00,00,00,00,00,00,00,00,00,00,0E,02,00,01,00,00,00,0000,00,00,0000,00,00,00,00,0008,0008,00,00,00,0008,0008
2514,01,00,00,00,01,B0,00,0008,00,00,00,00,00,00,00,00,00,00,0E,02,00,01,00,00,00,0000,00,00,0000,00,00,00,00,0008,0008,00,00,00,0008,0008
2515,01,00,00,00,01,B0,00,0008,00,00,00,00,00,00,00,00,00,00,0E,02,00,01,00,00,00,0000,00,00,0000,00,00,00,00,0008,0008,00,00,00,0008,0008
2516,01,00,00,00,01,B0,00,0008,00,00,00,00,00,00,00,00,00,00,0E,02,00,01,00,00,00,0000,00,00,0000,00,00,00,00,0008,0008,00,00,00,0008,0008
2517,01,00,00,00,01,B0,00,0008,00,00,00,00,00,00,00,00,00,00,0E,02,00,01,00,00,00,0000,00,00,0000,00,00,00,00,0008,0008,00,00,00,0008,0008
2518,01,00,00,00,01,B0,00,0008,00,00,00,00,00,00,00,00,00,00,0E,02,00,01,00,00,00,0000,00,00,0000,00,00,00,00,0008,0008,00,00,00,0008,0008
2519,01,00,00,00,01,B0,00,0008,00,00,00,00,00,00,00,00,00,00,0E,02,00,01,00,00,00,0000,00,00,0000,00,00,00,00,0008,0008,00,00,00,0008,0008
2520,01,00,00,00,01,B0,00,0008,00,00,00,00,00,00,00,00,00,00,0E,02,00,01,00,00,00,0000,00,00,0000,00,00,00,00,0008,0008,00,00,00,0008,0008
2521,01,00,00,00,01,B0,00,0008,00,00,00,00,00,00,00,00,00,00,0E,02,00,01,00,00,00,0000,00,00,0000,00,00,00,00,0008,0008,00,00,00,0008,0008
2522,01,00,00,00,01,B0,00,0008,00,00,00,00,00,00,00,00,00,00,0E,02,00,01,00,00,00,0000,00,00,0000,00,00,00,00,0008,0008,00,00,00,0008,0008
2523,01,00,00,00,01,B0,00,0008,00,00,00,00,00,00,00,00,00,00,0E,02,00,01,00,00,00,0000,00,00,0000,00,00,00,00,0008,0008,00,00,00,0008,0008
2524,01,00,00,00,01,B0,00,0008,00,00,00,00,00,00,00,00,00,00,0E,02,00,01,00,00,00,0000,00,00,0000,00,00,00,00,0008,0008,00,00,00,0008,0008
2525,01,00,00,00,01,B0,00,0008,00,00,00,00,00,00,00,00,00,00,0E,02,00,01,00,00,00,0000,00,00,0000,00,00,00,00,0008,0008,00,00,00,0008,0008
2526,01,00,00,00,01,B0,00,0008,00,00,00,00,00,00,00,00,00,00,0E,02,00,01,00,00,00,0000,00,00,0000,00,00,00,00,0008,0008,00,00,00,0008,0008
2527,01,00,00,00,01,B0,00,0008,00,00,00,00,00,00,00,00,00,00,0E,02,00,01,00,00,00,0000,00,00,0000,00,00,00,00,0008,0008,00,00,00,0008,0008
2528,01,00,00,00,01,B0,00,0008,00,00,00,00,00,00,00,00,00,00,0E,02,00,01,00,00,00,0000,00,00,0000,00,00,00,00,0008,0008,00,00,00,0008,0008
2529,01,00,00,00,01,B0,00,0008,00,00,00,00,00,00,00,00,00,00,0E,02,00,01,00,00,00,0000,00,00,0000,00,00,00,00,0008,0008,00,00,00,0008,0008
2530,01,00,00,00,01,B0,00,0008,00,00,00,00,00,00,00,00,00,00,0E,02,00,01,00,00,00,0000,00,00,0000,00,00,00,00,0008,0008,00,00,00,0008,0008
2531,01,00,00,00,01,B0,00,0008,00,00,00,00,00,00,00,00,00,00,0E,02,00,01,00,00,00,0000,00,00,0000,00,00,00,00,0008,0008,00,00,00,0008,0008
2532,01,00,00,00,01,B0,00,0008,00,00,00,00,00,00,00,00,00,00,0E,02,00,01,00,00,00,0000,00,00,0000,00,00,00,00,0008,0008,00,00,00,0008,0008
2533,01,00,00,00,01,B0,00,0008,00,00,00,00,00,00,00,00,00,00,0E,02,00,01,00,00,00,0000,00,00,0000,00,00,00,00,0008,0008,00,00,00,0008,0008
2534,01,00,00,00,01,B0,00,0008,00,00,00,00,00,00,00,00,00,00,0E,02,00,01,00,00,00,0000,00,00,0000,00,00,00,00,0008,0008,00,00,00,0008,0008
2535,01,00,00,00,01,B0,00,0008,00,00,00,00,00,00,00,00,00,00,0E,02,00,01,00,00,00,0000,00,00,0000,00,00,00,00,0008,0008,00,00,00,0008,0008
2536,01,00,00,00,01,B0,00,0008,00,00,00,00,00,00,00,00,00,00,0E,02,00,01,00,00,00,0000,00,00,0000,00,00,00,00,0008,0008,00,00,00,0008,0008
2537,01,00,00,00,01,B0,00,0008,00,00,00,00,00,00,00,00,00,00,0E,02,00,01,00,00,00,0000,00,00,0000,00,00,00,00,0008,0008,00,00,00,0008,0008
2538,01,00,00,00,01,B0,00,0008,00,00,00,00,00,00,00,00,00,00,0E,02,00,01,00,00,00,0000,00,00,0000,00,00,00,00,0008,0008,00,00,00,0008,0008
2539,01,00,00,00,01,B0,00,0008,00,00,00,00,00,00,00,00,00,00,0E,02,00,01,00,00,00,0000,00,00,0000,00,00,00,00,0008,0008,00,00,00,0008,0008
2540,01,00,00,00,01,B0,00,0008,00,00,00,00,00,00,00,00,00,00,0E,02,00,01,00,00,00,0000,00,00,0000,00,00,00,00,0008,0008,00,00,00,0008,0008
2541,01,00,00,00,01,B0,00,0008,00,00,00,00,00,00,00,00,00,00,0E,02,00,01,00,00,00,0000,00,00,0000,00,00,00,00,0008,0008,00,00,00,0008,0008
2542,01,00,00,00,01,B0,00,0008,00,00,00,00,00,00,00,00,00,00,0E,02,00,01,00,00,00,0000,00,00,0000,00,00,00,00,0008,0008,00,00,00,0008,0008
2543,01,00,00,00,01,B0,00,0008,00,00,00,00,00,00,00,00,00,00,0E,02,00,01,00,00,00,0000,00,00,0000,00,00,00,00,0008,0008,00,00,00,0008,0008
2544,01,00,00,00,01,B0,00,0008,00,00,00,00,00,00,00,00,00,00,0E,02,00,01,00,00,00,0000,00,00,0000,00,00,00,00,0008,0008,00,00,00,0008,0008
2545,01,00,00,00,01,B0,00,0008,00,00,00,00,00,00,00,00,00,00,0E,02,00,01,00,00,00,0000,00,00,0000,00,00,00,00,0008,0008,00,00,00,0008,0008
2546,01,00,00,00,01,B0,00,0008,00,00,00,00,00,00,00,00,00,00,0E,02,00,01,00,00,00,0000,00,00,0000,00,00,00,00,0008,0008,00,00,00,0008,0008
2547,01,00,00,00,01,B0,00,0008,00,00,00,00,00,00,00,00,00,00,0E,02,00,01,00,00,00,0000,00,00,0000,00,00,00,00,0008,0008,00,00,00,0008,0008
2548,01,00,00,00,01,B0,00,0008,00,00,00,00,00,00,00,00,00,00,0E,02,00,01,00,00,00,0000,00,00,0000,00,00,00,00,0008,0008,00,00,00,0008,0008
2549,01,00,00,00,01,B0,00,0008,00,00,00,00,00,00,00,00,00,00,0E,02,00,01,00,00,00,0000,00,00,0000,00,00,00,00,0008,0008,00,00,00,0008,0008
2550,01,00,00,00,01,B0,00,0008,00,00,00,00,00,00,00,00,00,00,0E,02,00,01,00,00,00,0000,00,00,0000,00,00,00,00,0008,0008,00,00,00,0008,0008
2551,01,00,00,00,01,B0,00,0008,00,00,00,00,00,00,00,00,00,00,0E,02,00,01,00,00,00,0000,00,00,0000,00,00,00,00,0008,0008,00,00,00,0008,0008
2552,01,00,00,00,01,B0,00,0008,00,00,00,00,00,00,00,00,00,00,0E,02,00,01,00,00,00,0000,00,00,0000,00,00,00,00,0008,0008,00,00,00,0008,0008
2553,01,00,00,00,01,B0,00,0008,00,00,00,00,00,00,00,00,00,00,0E,02,00,01,00,00,00,0000,00,00,0000,00,00,00,00,0008,0008,00,00,00,0008,0008
2554,01,00,00,00,01,B0,00,0008,00,00,00,00,00,00,00,00,00,00,0E,02,00,01,00,00,00,0000,00,00,0000,00,00,00,00,0008,0008,00,00,00,0008,0008
2555,01,00,00,00,01,B0,00,0008,00,00,00,00,00,00,00,00,00,00,0E,02,00,01,00,00,00,0000,00,00,0000,00,00,00,00,0008,0008,00,00,00,0008,0008
2556,01,00,00,00,01,B0,00,0008,00,00,00,00,00,00,00,00,00,00,0E,02,00,01,00,00,00,0000,00,00,0000,00,00,00,00,0008,0008,00,00,00,0008,0008
2557,01,00,00,00,01,B0,00,0008,00,00,00,00,00,00,00,00,00,00,0E,02,00,01,00,00,00,0000,00,00,0000,00,00,00,00,0008,0008,00,00,00,0008,0008
2558,01,00,00,00,01,B0,00,0008,00,00,00,00,00,00,00,00,00,00,0E,02,00,01,00,00,00,0000,00,00,0000,00,00,00,00,0008,0008,00,00,00,0008,0008
2559,01,00,00,00,01,B0,00,0008,00,00,00,00,00,00,00,00,00,00,0E,02,00,01,00,00,00,0000,00,00,0000,00,00,00,00,0008,0008,00,00,00,0008,0008
2560,01,00,00,00,01,B0,00,0008,00,00,00,00,00,00,00,00,00,00,0E,02,00,01,00,00,00,0000,00,00,0000,00,00,00,00,0008,0008,00,00,00,0008,0008
2561,01,00,00,00,01,B0,00,0008,00,00,00,00,00,00,00,00,00,00,0E,02,00,01,00,00,00,0000,00,00,0000,00,00,00,00,0008,0008,00,00,00,0008,0008
2562,01,00,00,00,01,B0,00,0008,00,00,00,00,00,00,00,00,00,00,0E,02,00,01,00,00,00,0000,00,00,0000,00,00,00,00,0008,0008,00,00,00,0008,0008
2563,01,00,00,00,01,B0,00,0008,00,00,00,00,00,00,00,00,00,00,0E,02,00,01,00,00,00,0000,00,00,0000,00,00,00,00,0008,0008,00,00,00,0008,0008
2564,01,00,00,00,01,B0,00,0008,00,00,00,00,00,00,00,00,00,00,0E,02,00,01,00,00,00,0000,00,00,0000,00,00,00,00,0008,0008,00,00,00,0008,0008
2565,01,00,00,00,01,B0,00,0008,00,00,00,00,00,00,00,00,00,00,0E,02,00,01,00,00,00,0000,00,00,0000,00,00,00,00,0008,0008,00,00,00,0008,0008
2566,01,00,00,00,01,B0,00,0008,00,00,00,00,00,00,00,00,00,00,0E,02,00,01,00,00,00,0000,00,00,0000,00,00,00,00,0008,0008,00,00,00,0008,0008
2567,01,00,00,00,01,B0,00,0008,00,00,00,00,00,00,00,00,00,00,0E,02,00,01,00,00,00,0000,00,00,0000,00,00,00,00,0008,0008,00,00,00,0008,0008
2568,01,00,00,00,01,B0,00,0008,00,00,00,00,00,00,00,00,00,00,0E,02,00,01,00,00,00,0000,00,00,0000,00,00,00,00,0008,0008,00,00,00,0008,0008
2569,01,00,00,00,01,B0,00,0008,00,00,00,00,00,00,00,00,00,00,0E,02,00,01,00,00,00,0000,00,00,0000,00,00,00,00,0008,0008,00,00,00,0008,0008
2570,01,00,00,00,01,B0,00,0008,00,00,00,00,00,00,00,00,00,00,0E,02,00,01,00,00,00,0000,00,00,0000,00,00,00,00,0008,0008,00,00,00,0008,0008
2571,01,00,00,00,01,B0,00,0008,00,00,00,00,00,00,00,00,00,00,0E,02,00,01,00,00,00,0000,00,00,0000,00,00,00,00,0008,0008,00,00,00,0008,0008
2572,01,00,00,00,01,B0,00,0008,00,00,00,00,00,00,00,00,00,00,0E,02,00,01,00,00,00,0000,00,00,0000,00,00,00,00,0008,0008,00,00,00,0008,0008
2573,01,00,00,00,01,B0,00,0008,00,00,00,00,00,00,00,00,00,00,0E,02,00,01,00,00,00,0000,00,00,0000,00,00,00,00,0008,0008,00,00,00,0008,0008
2574,01,00,00,00,01,B0,00,0008,00,00,00,00,00,00,00,00,00,00,0E,02,00,01,00,00,00,0000,00,00,0000,00,00,00,00,0008,0008,00,00,00,0008,0008
2575,01,00,00,00,01,B0,00,0008,00,00,00,00,00,00,00,00,00,00,0E,02,00,01,00,00,00,0000,00,00,0000,00,00,00,00,0008,0008,00,00,00,0008,0008
2576,01,00,00,00,01,B0,00,0008,00,00,00,00,00,00,00,00,00,00,0E,02,00,01,00,00,00,0000,00,00,0000,00,00,00,00,0008,0008,00,00,00,0008,0008
2577,01,00,00,00,01,B0,00,0008,00,00,00,00,00,00,00,00,00,00,0E,02,00,01,00,00,00,0000,00,00,0000,00,00,00,00,0008,0008,00,00,00,0008,0008
2578,01,00,00,00,01,B0,00,0008,00,00,00,00,00,00,00,00,00,00,0E,02,00,01,00,00,00,0000,00,00,0000,00,00,00,00,0008,0008,00,00,00,0008,0008
2579,01,00,00,00,01,B0,00,0008,00,00,00,00,00,00,00,00,00,00,0E,02,00,01,00,00,00,0000,00,00,0000,00,00,00,00,0008,0008,00,00,00,0008,0008
2580,01,00,00,00,01,B0,00,0008,00,00,00,00,00,00,00,00,00,00,0E,02,00,01,00,00,00,0000,00,00,0000,00,00,00,00,0008,0008,00,00,00,0008,0008
2581,01,00,00,00,01,B0,00,0008,00,00,00,00,00,00,00,00,00,00,0E,02,00,01,00,00,00,0000,00,00,0000,00,00,00,00,0008,0008,00,00,00,0008,0008
2582,01,00,00,00,01,B0,00,0008,00,00,00,00,00,00,00,00,00,00,0E,02,00,01,00,00,00,0000,00,00,0000,00,00,00,00,0008,0008,00,00,00,0008,0008
2583,01,00,00,00,01,B0,00,0008,00,00,00,00,00,00,00,00,00,00,0E,02,00,01,00,00,00,0000,00,00,0000,00,00,00,00,0008,0008,00,00,00,0008,0008
2584,01,00,00,00,01,B0,00,0008,00,00,00,00,00,00,00,00,00,00,0E,02,00,01,00,00,00,0000,00,00,0000,00,00,00,00,0008,0008,00,00,00,0008,0008
2585,01,00,00,00,01,B0,00,0008,00,00,00,00,00,00,00,00,00,00,0E,02,00,01,00,00,00,0000,00,00,0000,00,00,00,00,0008,0008,00,00,00,0008,0008
2586,01,00,00,00,01,B0,00,0008,00,00,00,00,00,00,00,00,00,00,0E,02,00,01,00,00,00,0000,00,00,0000,00,00,00,00,0008,0008,00,00,00,0008,0008
2587,01,00,00,00,01,B0,00,0008,00,00,00,00,00,00,00,00,00,00,0E,02,00,01,00,00,00,0000,00,00,0000,00,00,00,00,0008,0008,00,00,00,0008,0008
2588,01,00,00,00,01,B0,00,0008,00,00,00,00,00,00,00,00,00,00,0E,02,00,01,00,00,00,0000,00,00,0000,00,00,00,00,0008,0008,00,00,00,0008,0008
2589,01,00,00,00,01,B0,00,0008,00,00,00,00,00,00,00,00,00,00,0E,02,00,01,00,00,00,0000,00,00,0000,00,00,00,00,0008,0008,00,00,00,0008,0008
2590,01,00,00,00,01,B0,00,0008,00,00,00,00,00,00,00,00,00,00,0E,02,00,01,00,00,00,0000,00,00,0000,00,00,00,00,0008,0008,00,00,00,0008,0008
2591,01,00,00,00,01,B0,00,0008,00,00,00,00,00,00,00,00,00,00,0E,02,00,01,00,00,00,0000,00,00,0000,00,00,00,00,0008,0008,00,00,00,0008,0008
2592,01,00,00,00,01,B0,00,0008,00,00,00,00,00,00,00,00,00,00,0E,02,00,01,00,00,00,0000,00,00,0000,00,00,00,00,0008,0008,00,00,00,0008,0008
2593,01,00,00,00,01,B0,00,0008,00,00,00,00,00,00,00,00,00,00,0E,02,00,01,00,00,00,0000,00,00,0000,00,00,00,00,0008,0008,00,00,00,0008,0008
2594,01,00,00,00,01,B0,00,0008,00,00,00,00,00,00,00,00,00,00,0E,02,00,01,00,00,00,0000,00,00,0000,00,00,00,00,0008,0008,00,00,00,0008,0008
2595,01,00,00,00,01,B0,00,0008,00,00,00,00,00,00,00,00,00,00,0E,02,00,01,00,00,00,0000,00,00,0000,00,00,00,00,0008,0008,00,00,00,0008,0008
2596,01,00,00,00,01,B0,00,0008,00,00,00,00,00,00,00,00,00,00,0E,02,00,01,00,00,00,0000,00,00,0000,00,00,00,00,0008,0008,00,00,00,0008,0008
2597,01,00,00,00,01,B0,00,0008,00,00,00,00,00,00,00,00,00,00,0E,02,00,01,00,00,00,0000,00,00,0000,00,00,00,00,0008,0008,00,00,00,0008,0008
2598,01,00,00,00,01,B0,00,0008,00,00,00,00,00,00,00,00,00,00,0E,02,00,01,00,00,00,0000,00,00,0000,00,00,00,00,0008,0008,00,00,00,0008,0008
2599,01,00,00,00,01,B0,00,0008,00,00,00,00,00,00,00,00,00,00,0E,02,00,01,00,00,00,0000,00,00,0000,00,00,00,00,0008,0008,00,00,00,0008,0008
2600,01,00,00,00,01,B0,00,0008,00,00,00,00,00,00,00,00,00,00,0E,02,00,01,00,00,00,0000,00,00,0000,00,00,00,00,0008,0008,00,00,00,0008,0008
2601,01,00,00,00,01,B0,00,0008,00,00,00,00,00,00,00,00,00,00,0E,02,00,01,00,00,00,0000,00,00,0000,00,00,00,00,0008,0008,00,00,00,0008,0008
2602,01,00,00,00,01,B0,00,0008,00,00,00,00,00,00,00,00,00,00,0E,02,00,01,00,00,00,0000,00,00,0000,00,00,00,00,0008,0008,00,00,00,0008,0008
2603,01,00,00,00,01,B0,00,0008,00,00,00,00,00,00,00,00,00,00,0E,02,00,01,00,00,00,0000,00,00,0000,00,00,00,00,0008,0008,00,00,00,0008,0008
2604,01,00,00,00,01,B0,00,0008,00,00,00,00,00,00,00,00,00,00,0E,02,00,01,00,00,00,0000,00,00,0000,00,00,00,00,0008,0008,00,00,00,0008,0008
2605,01,00,00,00,01,B0,00,0008,00,00,00,00,00,00,00,00,00,00,0E,02,00,01,00,00,00,0000,00,00,0000,00,00,00,00,0008,0008,00,00,00,0008,0008
2606,01,00,00,00,01,B0,00,0008,00,00,00,00,00,00,00,00,00,00,0E,02,00,01,00,00,00,0000,00,00,0000,00,00,00,00,0008,0008,00,00,00,0008,0008
2607,01,00,00,00,01,B0,00,0008,00,00,00,00,00,00,00,00,00,00,0E,02,00,01,00,00,00,0000,00,00,0000,00,00,00,00,0008,0008,00,00,00,0008,0008
2608,01,00,00,00,01,B0,00,0008,00,00,00,00,00,00,00,00,00,00,0E,02,00,01,00,00,00,0000,00,00,0000,00,00,00,00,0008,0008,00,00,00,0008,0008
2609,01,00,00,00,01,B0,00,0008,00,00,00,00,00,00,00,00,00,00,0E,02,00,01,00,00,00,0000,00,00,0000,00,00,00,00,0008,0008,00,00,00,0008,0008
2610,01,00,00,00,01,B0,00,0008,00,00,00,00,00,00,00,00,00,00,0E,02,00,01,00,00,00,0000,00,00,0000,00,00,00,00,0008,0008,00,00,00,0008,0008
2611,01,00,00,00,01,B0,00,0008,00,00,00,00,00,00,00,00,00,00,0E,02,00,01,00,00,00,0000,00,00,0000,00,00,00,00,0008,0008,00,00,00,0008,0008
2612,01,00,00,00,01,B0,00,0008,00,00,00,00,00,00,00,00,00,00,0E,02,00,01,00,00,00,0000,00,00,0000,00,00,00,00,0008,0008,00,00,00,0008,0008
2613,01,00,00,00,01,B0,00,0008,00,00,00,00,00,00,00,00,00,00,0E,02,00,01,00,00,00,0000,00,00,0000,00,00,00,00,0008,0008,00,00,00,0008,0008
2614,01,00,00,00,01,B0,00,0008,00,00,00,00,00,00,00,00,00,00,0E,02,00,01,00,00,00,0000,00,00,0000,00,00,00,00,0008,0008,00,00,00,0008,0008
2615,01,00,00,00,01,B0,00,0008,00,00,00,00,00,00,00,00,00,00,0E,02,00,01,00,00,00,0000,00,00,0000,00,00,00,00,0008,0008,00,00,00,0008,0008
2616,01,00,00,00,01,B0,00,0008,00,00,00,00,00,00,00,00,00,00,0E,02,00,01,00,00,00,0000,00,00,0000,00,00,00,00,0008,0008,00,00,00,0008,0008
2617,01,00,00,00,01,B0,00,0008,00,00,00,00,00,00,00,00,00,00,0E,02,00,01,00,00,00,0000,00,00,0000,00,00,00,00,0008,0008,00,00,00,0008,0008
2618,01,00,00,00,01,B0,00,0008,00,00,00,00,00,00,00,00,00,00,0E,02,00,01,00,00,00,0000,00,00,0000,00,00,00,00,0008,0008,00,00,00,0008,0008
2619,01,00,00,00,01,B0,00,0008,00,00,00,00,00,00,00,00,00,00,0E,02,00,01,00,00,00,0000,00,00,0000,00,00,00,00,0008,0008,00,00,00,0008,0008
2620,01,00,00,00,01,B0,00,0008,00,00,00,00,00,00,00,00,00,00,0E,02,00,01,00,00,00,0000,00,00,0000,00,00,00,00,0008,0008,00,00,00,0008,0008
2621,01,00,00,00,01,B0,00,0008,00,00,00,00,00,00,00,00,00,00,0E,02,00,01,00,00,00,0000,00,00,0000,00,00,00,00,0008,0008,00,00,00,0008,0008
2622,01,00,00,00,01,B0,00,0008,00,00,00,00,00,00,00,00,00,00,0E,02,00,01,00,00,00,0000,00,00,0000,00,00,00,00,0008,0008,00,00,00,0008,0008
2623,01,00,00,00,01,B0,00,0008,00,00,00,00,00,00,00,00,00,00,0E,02,00,01,00,00,00,0000,00,00,0000,00,00,00,00,0008,0008,00,00,00,0008,0008
2624,01,00,00,00,01,B0,00,0008,00,00,00,00,00,00,00,00,00,00,0E,02,00,01,00,00,00,0000,00,00,0000,00,00,00,00,0008,0008,00,00,00,0008,0008
2625,01,00,00,00,01,B0,00,0008,00,00,00,00,00,00,00,00,00,00,0E,02,00,01,00,00,00,0000,00,00,0000,00,00,00,00,0008,0008,00,00,00,0008,0008
2626,01,00,00,00,01,B0,00,0008,00,00,00,00,00,00,00,00,00,00,0E,02,00,01,00,00,00,0000,00,00,0000,00,00,00,00,0008,0008,00,00,00,0008,0008
2627,01,00,00,00,01,B0,00,0008,00,00,00,00,00,00,00,00,00,00,0E,02,00,01,00,00,00,0000,00,00,0000,00,00,00,00,0008,0008,00,00,00,0008,0008
2628,01,00,00,00,01,B0,00,0008,00,00,00,00,00,00,00,00,00,00,0E,02,00,01,00,00,00,0000,00,00,0000,00,00,00,00,0008,0008,00,00,00,0008,0008
2629,01,00,00,00,01,B0,00,0008,00,00,00,00,00,00,00,00,00,00,0E,02,00,01,00,00,00,0000,00,00,0000,00,00,00,00,0008,0008,00,00,00,0008,0008
2630,01,00,00,00,01,B0,00,0008,00,00,00,00,00,00,00,00,00,00,0E,02,00,01,00,00,00,0000,00,00,0000,00,00,00,00,0008,0008,00,00,00,0008,0008
2631,01,00,00,00,01,B0,00,0008,00,00,00,00,00,00,00,00,00,00,0E,02,00,01,00,00,00,0000,00,00,0000,00,00,00,00,0008,0008,00,00,00,0008,0008
2632,01,00,00,00,01,B0,00,0008,00,00,00,00,00,00,00,00,00,00,0E,02,00,01,00,00,00,0000,00,00,0000,00,00,00,00,0008,0008,00,00,00,0008,0008
2633,01,00,00,00,01,B0,00,0008,00,00,00,00,00,00,00,00,00,00,0E,02,00,01,00,00,00,0000,00,00,0000,00,00,00,00,0008,0008,00,00,00,0008,0008
2634,01,00,00,00,01,B0,00,0008,00,00,00,00,00,00,00,00,00,00,0E,02,00,01,00,00,00,0000,00,00,0000,00,00,00,00,0008,0008,00,00,00,0008,0008
2635,01,00,00,00,01,B0,00,0008,00,00,00,00,00,00,00,00,00,00,0E,02,00,01,00,00,00,0000,00,00,0000,00,00,00,00,0008,0008,00,00,00,0008,0008
2636,01,00,00,00,01,B0,00,0008,00,00,00,00,00,00,00,00,00,00,0E,02,00,01,00,00,00,0000,00,00,0000,00,00,00,00,0008,0008,00,00,00,0008,0008
2637,01,00,00,00,01,B0,00,0008,00,00,00,00,00,00,00,00,00,00,0E,02,00,01,00,00,00,0000,00,00,0000,00,00,00,00,0008,0008,00,00,00,0008,0008
2638,01,00,00,00,01,B0,00,0008,00,00,00,00,00,00,00,00,00,00,0E,02,00,01,00,00,00,0000,00,00,0000,00,00,00,00,0008,0008,00,00,00,0008,0008
2639,01,00,00,00,01,B0,00,0008,00,00,00,00,00,00,00,00,00,00,0E,02,00,01,00,00,00,0000,00,00,0000,00,00,00,00,0008,0008,00,00,00,0008,0008
2640,01,00,00,00,01,B0,00,0008,00,00,00,00,00,00,00,00,00,00,0E,02,00,01,00,00,00,0000,00,00,0000,00,00,00,00,0008,0008,00,00,00,0008,0008
2641,01,00,00,00,01,B0,00,0008,00,00,00,00,00,00,00,00,00,00,0E,02,00,01,00,00,00,0000,00,00,0000,00,00,00,00,0008,0008,00,00,00,0008,0008
2642,01,00,00,00,01,B0,00,0008,00,00,00,00,00,00,00,00,00,00,0E,02,00,01,00,00,00,0000,00,00,0000,00,00,00,00,0008,0008,00,00,00,0008,0008
2643,01,00,00,00,01,B0,00,0008,00,00,00,00,00,00,00,00,00,00,0E,02,00,01,00,00,00,0000,00,00,0000,00,00,00,00,0008,0008,00,00,00,0008,0008
2644,01,00,00,00,01,B0,00,0008,00,00,00,00,00,00,00,00,00,00,0E,02,00,01,00,00,00,0000,00,00,0000,00,00,00,00,0008,0008,00,00,00,0008,0008
2645,01,00,00,00,01,B0,00,0008,00,00,00,00,00,00,00,00,00,00,0E,02,00,01,00,00,00,0000,00,00,0000,00,00,00,00,0008,0008,00,00,00,0008,0008
2646,01,00,00,00,01,B0,00,0008,00,00,00,00,00,00,00,00,00,00,0E,02,00,01,00,00,00,0000,00,00,0000,00,00,00,00,0008,0008,00,00,00,0008,0008
2647,01,00,00,00,01,B0,00,0008,00,00,00,00,00,00,00,00,00,00,0E,02,00,01,00,00,00,0000,00,00,0000,00,00,00,00,0008,0008,00,00,00,0008,0008
2648,01,00,00,00,01,B0,00,0008,00,00,00,00,00,00,00,00,00,00,0E,02,00,01,00,00,00,0000,00,00,0000,00,00,00,00,0008,0008,00,00,00,0008,0008
2649,01,00,00,00,01,B0,00,0008,00,00,00,00,00,00,00,00,00,00,0E,02,00,01,00,00,00,0000,00,00,0000,00,00,00,00,0008,0008,00,00,00,0008,0008
2650,01,00,00,00,01,B0,00,0008,00,00,00,00,00,00,00,00,00,00,0E,02,00,01,00,00,00,0000,00,00,0000,00,00,00,00,0008,0008,00,00,00,0008,0008
2651,01,00,00,00,01,B0,00,0008,00,00,00,00,00,00,00,00,00,00,0E,02,00,01,00,00,00,0000,00,00,0000,00,00,00,00,0008,0008,00,00,00,0008,0008
2652,01,00,00,00,01,B0,00,0008,00,00,00,00,00,00,00,00,00,00,0E,02,00,01,00,00,00,0000,00,00,0000,00,00,00,00,0008,0008,00,00,00,0008,0008
2653,01,00,00,00,01,B0,00,0008,00,00,00,00,00,00,00,00,00,00,0E,02,00,01,00,00,00,0000,00,00,0000,00,00,00,00,0008,0008,00,00,00,0008,0008
2654,01,00,00,00,01,B0,00,0008,00,00,00,00,00,00,00,00,00,00,0E,02,00,01,00,00,00,0000,00,00,0000,00,00,00,00,0008,0008,00,00,00,0008,0008
2655,01,00,00,00,01,B0,00,0008,00,00,00,00,00,00,00,00,00,00,0E,02,00,01,00,00,00,0000,00,00,0000,00,00,00,00,0008,0008,00,00,00,0008,0008
2656,01,00,00,00,01,B0,00,0008,00,00,00,00,00,00,00,00,00,00,0E,02,00,01,00,00,00,0000,00,00,0000,00,00,00,00,0008,0008,00,00,00,0008,0008
2657,01,00,00,00,01,B0,00,0008,00,00,00,00,00,00,00,00,00,00,0E,02,00,01,00,00,00,0000,00,00,0000,00,00,00,00,0008,0008,00,00,00,0008,0008
2658,01,00,00,00,01,B0,00,0008,00,00,00,00,00,00,00,00,00,00,0E,02,00,01,00,00,00,0000,00,00,0000,00,00,00,00,0008,0008,00,00,00,0008,0008
2659,01,00,00,00,01,B0,00,0008,00,00,00,00,00,00,00,00,00,00,0E,02,00,01,00,00,00,0000,00,00,0000,00,00,00,00,0008,0008,00,00,00,0008,0008
2660,01,00,00,00,01,B0,00,0008,00,00,00,00,00,00,00,00,00,00,0E,02,00,01,00,00,00,0000,00,00,0000,00,00,00,00,0008,0008,00,00,00,0008,0008
2661,01,00,00,00,01,B0,00,0008,00,00,00,00,00,00,00,00,00,00,0E,02,00,01,00,00,00,0000,00,00,0000,00,00,00,00,0008,0008,00,00,00,0008,0008
2662,01,00,00,00,01,B0,00,0008,00,00,00,00,00,00,00,00,00,00,0E,02,00,01,00,00,00,0000,00,00,0000,00,00,00,00,0008,0008,00,00,00,0008,0008
2663,01,00,00,00,01,B0,00,0008,00,00,00,00,00,00,00,00,00,00,0E,02,00,01,00,00,00,0000,00,00,0000,00,00,00,00,0008,0008,00,00,00,0008,0008
2664,01,00,00,00,01,B0,00,0008,00,00,00,00,00,00,00,00,00,00,0E,02,00,01,00,00,00,0000,00,00,0000,00,00,00,00,0008,0008,00,00,00,0008,0008
2665,01,00,00,00,01,B0,00,0008,00,00,00,00,00,00,00,00,00,00,0E,02,00,01,00,00,00,0000,00,00,0000,00,00,00,00,0008,0008,00,00,00,0008,0008
2666,01,00,00,00,01,B0,00,0008,00,00,00,00,00,00,00,00,00,00,0E,02,00,01,00,00,00,0000,00,00,0000,00,00,00,00,0008,0008,00,00,00,0008,0008
2667,01,00,00,00,01,B0,00,0008,00,00,00,00,00,00,00,00,00,00,0E,02,00,01,00,00,00,0000,00,00,0000,00,00,00,00,0008,0008,00,00,00,0008,0008
2668,01,00,00,00,01,B0,00,0008,00,00,00,00,00,00,00,00,00,00,0E,02,00,01,00,00,00,0000,00,00,0000,00,00,00,00,0008,0008,00,00,00,0008,0008
2669,01,00,00,00,01,B0,00,0008,00,00,00,00,00,00,00,00,00,00,0E,02,00,01,00,00,00,0000,00,00,0000,00,00,00,00,0008,0008,00,00,00,0008,0008
2670,01,00,00,00,01,B0,00,0008,00,00,00,00,00,00,00,00,00,00,0E,02,00,01,00,00,00,0000,00,00,0000,00,00,00,00,0008,0008,00,00,00,0008,0008
2671,01,00,00,00,01,B0,00,0008,00,00,00,00,00,00,00,00,00,00,0E,02,00,01,00,00,00,0000,00,00,0000,00,00,00,00,0008,0008,00,00,00,0008,0008
2672,01,00,00,00,01,B0,00,0008,00,00,00,00,00,00,00,00,00,00,0E,02,00,01,00,00,00,0000,00,00,0000,00,00,00,00,0008,0008,00,00,00,0008,0008
2673,01,00,00,00,01,B0,00,0008,00,00,00,00,00,00,00,00,00,00,0E,02,00,01,00,00,00,0000,00,00,0000,00,00,00,00,0008,0008,00,00,00,0008,0008
2674,01,00,00,00,01,B0,00,0008,00,00,00,00,00,00,00,00,00,00,0E,02,00,01,00,00,00,0000,00,00,0000,00,00,00,00,0008,0008,00,00,00,0008,0008
2675,01,00,00,00,01,B0,00,0008,00,00,00,00,00,00,00,00,00,00,0E,02,00,01,00,00,00,0000,00,00,0000,00,00,00,00,0008,0008,00,00,00,0008,0008
2676,01,00,00,00,01,B0,00,0008,00,00,00,00,00,00,00,00,00,00,0E,02,00,01,00,00,00,0000,00,00,0000,00,00,00,00,0008,0008,00,00,00,0008,0008
2677,01,00,00,00,01,B0,00,0008,00,00,00,00,00,00,00,00,00,00,0E,02,00,01,00,00,00,0000,00,00,0000,00,00,00,00,0008,0008,00,00,00,0008,0008
2678,01,00,00,00,01,B0,00,0008,00,00,00,00,00,00,00,00,00,00,0E,02,00,01,00,00,00,0000,00,00,0000,00,00,00,00,0008,0008,00,00,00,0008,0008
2679,01,00,00,00,01,B0,00,0008,00,00,00,00,00,00,00,00,00,00,0E,02,00,01,00,00,00,0000,00,00,0000,00,00,00,00,0008,0008,00,00,00,0008,0008
2680,01,00,00,00,01,B0,00,0008,00,00,00,00,00,00,00,00,00,00,0E,02,00,01,00,00,00,0000,00,00,0000,00,00,00,00,0008,0008,00,00,00,0008,0008
2681,01,00,00,00,01,B0,00,0008,00,00,00,00,00,00,00,00,00,00,0E,02,00,01,00,00,00,0000,00,00,0000,00,00,00,00,0008,0008,00,00,00,0008,0008
2682,01,00,00,00,01,B0,00,0008,00,00,00,00,00,00,00,00,00,00,0E,02,00,01,00,00,00,0000,00,00,0000,00,00,00,00,0008,0008,00,00,00,0008,0008
2683,01,00,00,00,01,B0,00,0008,00,00,00,00,00,00,00,00,00,00,0E,02,00,01,00,00,00,0000,00,00,0000,00,00,00,00,0008,0008,00,00,00,0008,0008
2684,01,00,00,00,01,B0,00,0008,00,00,00,00,00,00,00,00,00,00,0E,02,00,01,00,00,00,0000,00,00,0000,00,00,00,00,0008,0008,00,00,00,0008,0008
2685,01,00,00,00,01,B0,00,0008,00,00,00,00,00,00,00,00,00,00,0E,02,00,01,00,00,00,0000,00,00,0000,00,00,00,00,0008,0008,00,00,00,0008,0008
2686,01,00,00,00,01,B0,00,0008,00,00,00,00,00,00,00,00,00,00,0E,02,00,01,00,00,00,0000,00,00,0000,00,00,00,00,0008,0008,00,00,00,0008,0008
2687,01,00,00,00,01,B0,00,0008,00,00,00,00,00,00,00,00,00,00,0E,02,00,01,00,00,00,0000,00,00,0000,00,00,00,00,0008,0008,00,00,00,0008,0008
2688,01,00,00,00,01,B0,00,0008,00,00,00,00,00,00,00,00,00,00,0E,02,00,01,00,00,00,0000,00,00,0000,00,00,00,00,0008,0008,00,00,00,0008,0008
2689,01,00,00,00,01,B0,00,0008,00,00,00,00,00,00,00,00,00,00,0E,02,00,01,00,00,00,0000,00,00,0000,00,00,00,00,0008,0008,00,00,00,0008,0008
2690,01,00,00,00,01,B0,00,0008,00,00,00,00,00,00,00,00,00,00,0E,02,00,01,00,00,00,0000,00,00,0000,00,00,00,00,0008,0008,00,00,00,0008,0008
2691,01,00,00,00,01,B0,00,0008,00,00,00,00,00,00,00,00,00,00,0E,02,00,01,00,00,00,0000,00,00,0000,00,00,00,00,0008,0008,00,00,00,0008,0008
2692,01,00,00,00,01,B0,00,0008,00,00,00,00,00,00,00,00,00,00,0E,02,00,01,00,00,00,0000,00,00,0000,00,00,00,00,0008,0008,00,00,00,0008,0008
2693,01,00,00,00,01,B0,00,0008,00,00,00,00,00,00,00,00,00,00,0E,02,00,01,00,00,00,0000,00,00,0000,00,00,00,00,0008,0008,00,00,00,0008,0008
2694,01,00,00,00,01,B0,00,0008,00,00,00,00,00,00,00,00,00,00,0E,02,00,01,00,00,00,0000,00,00,0000,00,00,00,00,0008,0008,00,00,00,0008,0008
2695,01,00,00,00,01,B0,00,0008,00,00,00,00,00,00,00,00,00,00,0E,02,00,01,00,00,00,0000,00,00,0000,00,00,00,00,0008,0008,00,00,00,0008,0008
2696,01,00,00,00,01,B0,00,0008,00,00,00,00,00,00,00,00,00,00,0E,02,00,01,00,00,00,0000,00,00,0000,00,00,00,00,0008,0008,00,00,00,0008,0008
2697,01,00,00,00,01,B0,00,0008,00,00,00,00,00,00,00,00,00,00,0E,02,00,01,00,00,00,0000,00,00,0000,00,00,00,00,0008,0008,00,00,00,0008,0008
2698,01,00,00,00,01,B0,00,0008,00,00,00,00,00,00,00,00,00,00,0E,02,00,01,00,00,00,0000,00,00,0000,00,00,00,00,0008,0008,00,00,00,0008,0008
2699,01,00,00,00,01,B0,00,0008,00,00,00,00,00,00,00,00,00,00,0E,02,00,01,00,00,00,0000,00,00,0000,00,00,00,00,0008,0008,00,00,00,0008,0008
2700,01,00,00,00,01,B0,00,0008,00,00,00,00,00,00,00,00,00,00,0E,02,00,01,00,00,00,0000,00,00,0000,00,00,00,00,0008,0008,00,00,00,0008,0008
2701,01,00,00,00,01,B0,00,0008,00,00,00,00,00,00,00,00,00,00,0E,02,00,01,00,00,00,0000,00,00,0000,00,00,00,00,0008,0008,00,00,00,0008,0008
2702,01,00,00,00,01,B0,00,0008,00,00,00,00,00,00,00,00,00,00,0E,02,00,01,00,00,00,0000,00,00,0000,00,00,00,00,0008,0008,00,00,00,0008,0008
2703,01,00,00,00,01,B0,00,0008,00,00,00,00,00,00,00,00,00,00,0E,02,00,01,00,00,00,0000,00,00,0000,00,00,00,00,0008,0008,00,00,00,0008,0008
2704,01,00,00,00,01,B0,00,0008,00,00,00,00,00,00,00,00,00,00,0E,02,00,01,00,00,00,0000,00,00,0000,00,00,00,00,0008,0008,00,00,00,0008,0008
2705,01,00,00,00,01,B0,00,0008,00,00,00,00,00,00,00,00,00,00,0E,02,00,01,00,00,00,0000,00,00,0000,00,00,00,00,0008,0008,00,00,00,0008,0008
2706,01,00,00,00,01,B0,00,0008,00,00,00,00,00,00,00,00,00,00,0E,02,00,01,00,00,00,0000,00,00,0000,00,00,00,00,0008,0008,00,00,00,0008,0008
2707,01,00,00,00,01,B0,00,0008,00,00,00,00,00,00,00,00,00,00,0E,02,00,01,00,00,00,0000,00,00,0000,00,00,00,00,0008,0008,00,00,00,0008,0008
2708,01,00,00,00,01,B0,00,0008,00,00,00,00,00,00,00,00,00,00,0E,02,00,01,00,00,00,0000,00,00,0000,00,00,00,00,0008,0008,00,00,00,0008,0008
2709,01,00,00,00,01,B0,00,0008,00,00,00,00,00,00,00,00,00,00,0E,02,00,01,00,00,00,0000,00,00,0000,00,00,00,00,0008,0008,00,00,00,0008,0008
2710,01,00,00,00,01,B0,00,0008,00,00,00,00,00,00,00,00,00,00,0E,02,00,01,00,00,00,0000,00,00,0000,00,00,00,00,0008,0008,00,00,00,0008,0008
2711,01,00,00,00,01,B0,00,0008,00,00,00,00,00,00,00,00,00,00,0E,02,00,01,00,00,00,0000,00,00,0000,00,00,00,00,0008,0008,00,00,00,0008,0008
2712,01,00,00,00,01,B0,00,0008,00,00,00,00,00,00,00,00,00,00,0E,02,00,01,00,00,00,0000,00,00,0000,00,00,00,00,0008,0008,00,00,00,0008,0008
2713,01,00,00,00,01,B0,00,0008,00,00,00,00,00,00,00,00,00,00,0E,02,00,01,00,00,00,0000,00,00,0000,00,00,00,00,0008,0008,00,00,00,0008,0008
2714,01,00,00,00,01,B0,00,0008,00,00,00,00,00,00,00,00,00,00,0E,02,00,01,00,00,00,0000,00,00,0000,00,00,00,00,0008,0008,00,00,00,0008,0008
2715,01,00,00,00,01,B0,00,0008,00,00,00,00,00,00,00,00,00,00,0E,02,00,01,00,00,00,0000,00,00,0000,00,00,00,00,0008,0008,00,00,00,0008,0008
2716,01,00,00,00,01,B0,00,0008,00,00,00,00,00,00,00,00,00,00,0E,02,00,01,00,00,00,0000,00,00,0000,00,00,00,00,0008,0008,00,00,00,0008,0008
2717,01,00,00,00,01,B0,00,0008,00,00,00,00,00,00,00,00,00,00,0E,02,00,01,00,00,00,0000,00,00,0000,00,00,00,00,0008,0008,00,00,00,0008,0008
2718,01,00,00,00,01,B0,00,0008,00,00,00,00,00,00,00,00,00,00,0E,02,00,01,00,00,00,0000,00,00,0000,00,00,00,00,0008,0008,00,00,00,0008,0008
2719,01,00,00,00,01,B0,00,0008,00,00,00,00,00,00,00,00,00,00,0E,02,00,01,00,00,00,0000,00,00,0000,00,00,00,00,0008,0008,00,00,00,0008,0008
2720,01,00,00,00,01,B0,00,0008,00,00,00,00,00,00,00,00,00,00,0E,02,00,01,00,00,00,0000,00,00,0000,00,00,00,00,0008,0008,00,00,00,0008,0008
2721,01,00,00,00,01,B0,00,0008,00,00,00,00,00,00,00,00,00,00,0E,02,00,01,00,00,00,0000,00,00,0000,00,00,00,00,0008,0008,00,00,00,0008,0008
2722,01,00,00,00,01,B0,00,0008,00,00,00,00,00,00,00,00,00,00,0E,02,00,01,00,00,00,0000,00,00,0000,00,00,00,00,0008,0008,00,00,00,0008,0008
2723,01,00,00,00,01,B0,00,0008,00,00,00,00,00,00,00,00,00,00,0E,02,00,01,00,00,00,0000,00,00,0000,00,00,00,00,0008,0008,00,00,00,0008,0008
2724,01,00,00,00,01,B0,00,0008,00,00,00,00,00,00,00,00,00,00,0E,02,00,01,00,00,00,0000,00,00,0000,00,00,00,00,0008,0008,00,00,00,0008,0008
2725,01,00,00,00,01,B0,00,0008,00,00,00,00,00,00,00,00,00,00,0E,02,00,01,00,00,00,0000,00,00,0000,00,00,00,00,0008,0008,00,00,00,0008,0008
2726,01,00,00,00,01,B0,00,0008,00,00,00,00,00,00,00,00,00,00,0E,02,00,01,00,00,00,0000,00,00,0000,00,00,00,00,0008,0008,00,00,00,0008,0008
2727,01,00,00,00,01,B0,00,0008,00,00,00,00,00,00,00,00,00,00,0E,02,00,01,00,00,00,0000,00,00,0000,00,00,00,00,0008,0008,00,00,00,0008,0008
2728,01,00,00,00,01,B0,00,0008,00,00,00,00,00,00,00,00,00,00,0E,02,00,01,00,00,00,0000,00,00,0000,00,00,00,00,0008,0008,00,00,00,0008,0008
2729,01,00,00,00,01,B0,00,0008,00,00,00,00,00,00,00,00,00,00,0E,02,00,01,00,00,00,0000,00,00,0000,00,00,00,00,0008,0008,00,00,00,0008,0008
2730,01,00,00,00,01,B0,00,0008,00,00,00,00,00,00,00,00,00,00,0E,02,00,01,00,00,00,0000,00,00,0000,00,00,00,00,0008,0008,00,00,00,0008,0008
2731,01,00,00,00,01,B0,00,0008,00,00,00,00,00,00,00,00,00,00,0E,02,00,01,00,00,00,0000,00,00,0000,00,00,00,00,0008,0008,00,00,00,0008,0008
2732,01,00,00,00,01,B0,00,0008,00,00,00,00,00,00,00,00,00,00,0E,02,00,01,00,00,00,0000,00,00,0000,00,00,00,00,0008,0008,00,00,00,0008,0008
2733,01,00,00,00,01,B0,00,0008,00,00,00,00,00,00,00,00,00,00,0E,02,00,01,00,00,00,0000,00,00,0000,00,00,00,00,0008,0008,00,00,00,0008,0008
2734,01,00,00,00,01,B0,00,0008,00,00,00,00,00,00,00,00,00,00,0E,02,00,01,00,00,00,0000,00,00,0000,00,00,00,00,0008,0008,00,00,00,0008,0008
2735,01,00,00,00,01,B0,00,0008,00,00,00,00,00,00,00,00,00,00,0E,02,00,01,00,00,00,0000,00,00,0000,00,00,00,00,0008,0008,00,00,00,0008,0008
2736,01,00,00,00,01,B0,00,0008,00,00,00,00,00,00,00,00,00,00,0E,02,00,01,00,00,00,0000,00,00,0000,00,00,00,00,0008,0008,00,00,00,0008,0008
2737,01,00,00,00,01,B0,00,0008,00,00,00,00,00,00,00,00,00,00,0E,02,00,01,00,00,00,0000,00,00,0000,00,00,00,00,0008,0008,00,00,00,0008,0008
2738,01,00,00,00,01,B0,00,0008,00,00,00,00,00,00,00,00,00,00,0E,02,00,01,00,00,00,0000,00,00,0000,00,00,00,00,0008,0008,00,00,00,0008,0008
2739,01,00,00,00,01,B0,00,0008,00,00,00,00,00,00,00,00,00,00,0E,02,00,01,00,00,00,0000,00,00,0000,00,00,00,00,0008,0008,00,00,00,0008,0008
2740,01,00,00,00,01,B0,00,0008,00,00,00,00,00,00,00,00,00,00,0E,02,00,01,00,00,00,0000,00,00,0000,00,00,00,00,0008,0008,00,00,00,0008,0008
2741,01,00,00,00,01,B0,00,0008,00,00,00,00,00,00,00,00,00,00,0E,02,00,01,00,00,00,0000,00,00,0000,00,00,00,00,0008,0008,00,00,00,0008,0008
2742,01,00,00,00,01,B0,00,0008,00,00,00,00,00,00,00,00,00,00,0E,02,00,01,00,00,00,0000,00,00,0000,00,00,00,00,0008,0008,00,00,00,0008,0008
2743,01,00,00,00,01,B0,00,0008,00,00,00,00,00,00,00,00,00,00,0E,02,00,01,00,00,00,0000,00,00,0000,00,00,00,00,0008,0008,00,00,00,0008,0008
2744,01,00,00,00,01,B0,00,0008,00,00,00,00,00,00,00,00,00,00,0E,02,00,01,00,00,00,0000,00,00,0000,00,00,00,00,0008,0008,00,00,00,0008,0008
2745,01,00,00,00,01,B0,00,0008,00,00,00,00,00,00,00,00,00,00,0E,02,00,01,00,00,00,0000,00,00,0000,00,00,00,00,0008,0008,00,00,00,0008,0008
2746,01,00,00,00,01,B0,00,0008,00,00,00,00,00,00,00,00,00,00,0E,02,00,01,00,00,00,0000,00,00,0000,00,00,00,00,0008,0008,00,00,00,0008,0008
2747,01,00,00,00,01,B0,00,0008,00,00,00,00,00,00,00,00,00,00,0E,02,00,01,00,00,00,0000,00,00,0000,00,00,00,00,0008,0008,00,00,00,0008,0008
2748,01,00,00,00,01,B0,00,0008,00,00,00,00,00,00,00,00,00,00,0E,02,00,01,00,00,00,0000,00,00,0000,00,00,00,00,0008,0008,00,00,00,0008,0008
2749,01,00,00,00,01,B0,00,0008,00,00,00,00,00,00,00,00,00,00,0E,02,00,01,00,00,00,0000,00,00,0000,00,00,00,00,0008,0008,00,00,00,0008,0008
2750,01,00,00,00,01,B0,00,0008,00,00,00,00,00,00,00,00,00,00,0E,02,00,01,00,00,00,0000,00,00,0000,00,00,00,00,0008,0008,00,00,00,0008,0008
2751,01,00,00,00,01,B0,00,0008,00,00,00,00,00,00,00,00,00,00,0E,02,00,01,00,00,00,0000,00,00,0000,00,00,00,00,0008,0008,00,00,00,0008,0008
2752,01,00,00,00,01,B0,00,0008,00,00,00,00,00,00,00,00,00,00,0E,02,00,01,00,00,00,0000,00,00,0000,00,00,00,00,0008,0008,00,00,00,0008,0008
2753,01,00,00,00,01,B0,00,0008,00,00,00,00,00,00,00,00,00,00,0E,02,00,01,00,00,00,0000,00,00,0000,00,00,00,00,0008,0008,00,00,00,0008,0008
2754,01,00,00,00,01,B0,00,0008,00,00,00,00,00,00,00,00,00,00,0E,02,00,01,00,00,00,0000,00,00,0000,00,00,00,00,0008,0008,00,00,00,0008,0008
2755,01,00,00,00,01,B0,00,0008,00,00,00,00,00,00,00,00,00,00,0E,02,00,01,00,00,00,0000,00,00,0000,00,00,00,00,0008,0008,00,00,00,0008,0008
2756,01,00,00,00,01,B0,00,0008,00,00,00,00,00,00,00,00,00,00,0E,02,00,01,00,00,00,0000,00,00,0000,00,00,00,00,0008,0008,00,00,00,0008,0008
2757,01,00,00,00,01,B0,00,0008,00,00,00,00,00,00,00,00,00,00,0E,02,00,01,00,00,00,0000,00,00,0000,00,00,00,00,0008,0008,00,00,00,0008,0008
2758,01,00,00,00,01,B0,00,0008,00,00,00,00,00,00,00,00,00,00,0E,02,00,01,00,00,00,0000,00,00,0000,00,00,00,00,0008,0008,00,00,00,0008,0008
2759,01,00,00,00,01,B0,00,0008,00,00,00,00,00,00,00,00,00,00,0E,02,00,01,00,00,00,0000,00,00,0000,00,00,00,00,0008,0008,00,00,00,0008,0008
2760,01,00,00,00,01,B0,00,0008,00,00,00,00,00,00,00,00,00,00,0E,02,00,01,00,00,00,0000,00,00,0000,00,00,00,00,0008,0008,00,00,00,0008,0008
2761,01,00,00,00,01,B0,00,0008,00,00,00,00,00,00,00,00,00,00,0E,02,00,01,00,00,00,0000,00,00,0000,00,00,00,00,0008,0008,00,00,00,0008,0008
2762,01,00,00,00,01,B0,00,0008,00,00,00,00,00,00,00,00,00,00,0E,02,00,01,00,00,00,0000,00,00,0000,00,00,00,00,0008,0008,00,00,00,0008,0008
2763,01,00,00,00,01,B0,00,0008,00,00,00,00,00,00,00,00,00,00,0E,02,00,01,00,00,00,0000,00,00,0000,00,00,00,00,0008,0008,00,00,00,0008,0008
2764,01,00,00,00,01,B0,00,0008,00,00,00,00,00,00,00,00,00,00,0E,02,00,01,00,00,00,0000,00,00,0000,00,00,00,00,0008,0008,00,00,00,0008,0008
2765,01,00,00,00,01,B0,00,0008,00,00,00,00,00,00,00,00,00,00,0E,02,00,01,00,00,00,0000,00,00,0000,00,00,00,00,0008,0008,00,00,00,0008,0008
2766,01,00,00,00,01,B0,00,0008,00,00,00,00,00,00,00,00,00,00,0E,02,00,01,00,00,00,0000,00,00,0000,00,00,00,00,0008,0008,00,00,00,0008,0008
2767,01,00,00,00,01,B0,00,0008,00,00,00,00,00,00,00,00,00,00,0E,02,00,01,00,00,00,0000,00,00,0000,00,00,00,00,0008,0008,00,00,00,0008,0008
2768,01,00,00,00,01,B0,00,0008,00,00,00,00,00,00,00,00,00,00,0E,02,00,01,00,00,00,0000,00,00,0000,00,00,00,00,0008,0008,00,00,00,0008,0008
2769,01,00,00,00,01,B0,00,0008,00,00,00,00,00,00,00,00,00,00,0E,02,00,01,00,00,00,0000,00,00,0000,00,00,00,00,0008,0008,00,00,00,0008,0008
2770,01,00,00,00,01,B0,00,0008,00,00,00,00,00,00,00,00,00,00,0E,02,00,01,00,00,00,0000,00,00,0000,00,00,00,00,0008,0008,00,00,00,0008,0008
2771,01,00,00,00,01,B0,00,0008,00,00,00,00,00,00,00,00,00,00,0E,02,00,01,00,00,00,0000,00,00,0000,00,00,00,00,0008,0008,00,00,00,0008,0008
2772,01,00,00,00,01,B0,00,0008,00,00,00,00,00,00,00,00,00,00,0E,02,00,01,00,00,00,0000,00,00,0000,00,00,00,00,0008,0008,00,00,00,0008,0008
2773,01,00,00,00,01,B0,00,0008,00,00,00,00,00,00,00,00,00,00,0E,02,00,01,00,00,00,0000,00,00,0000,00,00,00,00,0008,0008,00,00,00,0008,0008
2774,01,00,00,00,01,B0,00,0008,00,00,00,00,00,00,00,00,00,00,0E,02,00,01,00,00,00,0000,00,00,0000,00,00,00,00,0008,0008,00,00,00,0008,0008
2775,01,00,00,00,01,B0,00,0008,00,00,00,00,00,00,00,00,00,00,0E,02,00,01,00,00,00,0000,00,00,0000,00,00,00,00,0008,0008,00,00,00,0008,0008
2776,01,00,00,00,01,B0,00,0008,00,00,00,00,00,00,00,00,00,00,0E,02,00,01,00,00,00,0000,00,00,0000,00,00,00,00,0008,0008,00,00,00,0008,0008
2777,01,00,00,00,01,B0,00,0008,00,00,00,00,00,00,00,00,00,00,0E,02,00,01,00,00,00,0000,00,00,0000,00,00,00,00,0008,0008,00,00,00,0008,0008
2778,01,00,00,00,01,B0,00,0008,00,00,00,00,00,00,00,00,00,00,0E,02,00,01,00,00,00,0000,00,00,0000,00,00,00,00,0008,0008,00,00,00,0008,0008
2779,01,00,00,00,01,B0,00,0008,00,00,00,00,00,00,00,00,00,00,0E,02,00,01,00,00,00,0000,00,00,0000,00,00,00,00,0008,0008,00,00,00,0008,0008
2780,01,00,00,00,01,B0,00,0008,00,00,00,00,00,00,00,00,00,00,0E,02,00,01,00,00,00,0000,00,00,0000,00,00,00,00,0008,0008,00,00,00,0008,0008
2781,01,00,00,00,01,B0,00,0008,00,00,00,00,00,00,00,00,00,00,0E,02,00,01,00,00,00,0000,00,00,0000,00,00,00,00,0008,0008,00,00,00,0008,0008
2782,01,00,00,00,01,B0,00,0008,00,00,00,00,00,00,00,00,00,00,0E,02,00,01,00,00,00,0000,00,00,0000,00,00,00,00,0008,0008,00,00,00,0008,0008
2783,01,00,00,00,01,B0,00,0008,00,00,00,00,00,00,00,00,00,00,0E,02,00,01,00,00,00,0000,00,00,0000,00,00,00,00,0008,0008,00,00,00,0008,0008
2784,01,00,00,00,01,B0,00,0008,00,00,00,00,00,00,00,00,00,00,0E,02,00,01,00,00,00,0000,00,00,0000,00,00,00,00,0008,0008,00,00,00,0008,0008
2785,01,00,00,00,01,B0,00,0008,00,00,00,00,00,00,00,00,00,00,0E,02,00,01,00,00,00,0000,00,00,0000,00,00,00,00,0008,0008,00,00,00,0008,0008
2786,01,00,00,00,01,B0,00,0008,00,00,00,00,00,00,00,00,00,00,0E,02,00,01,00,00,00,0000,00,00,0000,00,00,00,00,0008,0008,00,00,00,0008,0008
2787,01,00,00,00,01,B0,00,0008,00,00,00,00,00,00,00,00,00,00,0E,02,00,01,00,00,00,0000,00,00,0000,00,00,00,00,0008,0008,00,00,00,0008,0008
2788,01,00,00,00,01,B0,00,0008,00,00,00,00,00,00,00,00,00,00,0E,02,00,01,00,00,00,0000,00,00,0000,00,00,00,00,0008,0008,00,00,00,0008,0008
2789,01,00,00,00,01,B0,00,0008,00,00,00,00,00,00,00,00,00,00,0E,02,00,01,00,00,00,0000,00,00,0000,00,00,00,00,0008,0008,00,00,00,0008,0008
2790,01,00,00,00,01,B0,00,0008,00,00,00,00,00,00,00,00,00,00,0E,02,00,01,00,00,00,0000,00,00,0000,00,00,00,00,0008,0008,00,00,00,0008,0008
2791,01,00,00,00,01,B0,00,0008,00,00,00,00,00,00,00,00,00,00,0E,02,00,01,00,00,00,0000,00,00,0000,00,00,00,00,0008,0008,00,00,00,0008,0008
2792,01,00,00,00,01,B0,00,0008,00,00,00,00,00,00,00,00,00,00,0E,02,00,01,00,00,00,0000,00,00,0000,00,00,00,00,0008,0008,00,00,00,0008,0008
2793,01,00,00,00,01,B0,00,0008,00,00,00,00,00,00,00,00,00,00,0E,02,00,01,00,00,00,0000,00,00,0000,00,00,00,00,0008,0008,00,00,00,0008,0008
2794,01,00,00,00,01,B0,00,0008,00,00,00,00,00,00,00,00,00,00,0E,02,00,01,00,00,00,0000,00,00,0000,00,00,00,00,0008,0008,00,00,00,0008,0008
2795,01,00,00,00,01,B0,00,0008,00,00,00,00,00,00,00,00,00,00,0E,02,00,01,00,00,00,0000,00,00,0000,00,00,00,00,0008,0008,00,00,00,0008,0008
2796,01,00,00,00,01,B0,00,0008,00,00,00,00,00,00,00,00,00,00,0E,02,00,01,00,00,00,0000,00,00,0000,00,00,00,00,0008,0008,00,00,00,0008,0008
2797,01,00,00,00,01,B0,00,0008,00,00,00,00,00,00,00,00,00,00,0E,02,00,01,00,00,00,0000,00,00,0000,00,00,00,00,0008,0008,00,00,00,0008,0008
2798,01,00,00,00,01,B0,00,0008,00,00,00,00,00,00,00,00,00,00,0E,02,00,01,00,00,00,0000,00,00,0000,00,00,00,00,0008,0008,00,00,00,0008,0008
2799,01,00,00,00,01,B0,00,0008,00,00,00,00,00,00,00,00,00,00,0E,02,00,01,00,00,00,0000,00,00,0000,00,00,00,00,0008,0008,00,00,00,0008,0008
2800,01,00,00,00,01,B0,00,0008,00,00,00,00,00,00,00,00,00,00,0E,02,00,01,00,00,00,0000,00,00,0000,00,00,00,00,0008,0008,00,00,00,0008,0008
2801,01,00,00,00,01,B0,00,0008,00,00,00,00,00,00,00,00,00,00,0E,02,00,01,00,00,00,0000,00,00,0000,00,00,00,00,0008,0008,00,00,00,0008,0008
2802,01,00,00,00,01,B0,00,0008,00,00,00,00,00,00,00,00,00,00,0E,02,00,01,00,00,00,0000,00,00,0000,00,00,00,00,0008,0008,00,00,00,0008,0008
2803,01,00,00,00,01,B0,00,0008,00,00,00,00,00,00,00,00,00,00,0E,02,00,01,00,00,00,0000,00,00,0000,00,00,00,00,0008,0008,00,00,00,0008,0008
2804,01,00,00,00,01,B0,00,0008,00,00,00,00,00,00,00,00,00,00,0E,02,00,01,00,00,00,0000,00,00,0000,00,00,00,00,0008,0008,00,00,00,0008,0008
2805,01,00,00,00,01,B0,00,0008,00,00,00,00,00,00,00,00,00,00,0E,02,00,01,00,00,00,0000,00,00,0000,00,00,00,00,0008,0008,00,00,00,0008,0008
2806,01,00,00,00,01,B0,00,0008,00,00,00,00,00,00,00,00,00,00,0E,02,00,01,00,00,00,0000,00,00,0000,00,00,00,00,0008,0008,00,00,00,0008,0008
2807,01,00,00,00,01,B0,00,0008,00,00,00,00,00,00,00,00,00,00,0E,02,00,01,00,00,00,0000,00,00,0000,00,00,00,00,0008,0008,00,00,00,0008,0008
2808,01,00,00,00,01,B0,00,0008,00,00,00,00,00,00,00,00,00,00,0E,02,00,01,00,00,00,0000,00,00,0000,00,00,00,00,0008,0008,00,00,00,0008,0008
2809,01,00,00,00,01,B0,00,0008,00,00,00,00,00,00,00,00,00,00,0E,02,00,01,00,00,00,0000,00,00,0000,00,00,00,00,0008,0008,00,00,00,0008,0008
2810,01,00,00,00,01,B0,00,0008,00,00,00,00,00,00,00,00,00,00,0E,02,00,01,00,00,00,0000,00,00,0000,00,00,00,00,0008,0008,00,00,00,0008,0008
2811,01,00,00,00,01,B0,00,0008,00,00,00,00,00,00,00,00,00,00,0E,02,00,01,00,00,00,0000,00,00,0000,00,00,00,00,0008,0008,00,00,00,0008,0008
2812,01,00,00,00,01,B0,00,0008,00,00,00,00,00,00,00,00,00,00,0E,02,00,01,00,00,00,0000,00,00,0000,00,00,00,00,0008,0008,00,00,00,0008,0008
2813,01,00,00,00,01,B0,00,0008,00,00,00,00,00,00,00,00,00,00,0E,02,00,01,00,00,00,0000,00,00,0000,00,00,00,00,0008,0008,00,00,00,0008,0008
2814,01,00,00,00,01,B0,00,0008,00,00,00,00,00,00,00,00,00,00,0E,02,00,01,00,00,00,0000,00,00,0000,00,00,00,00,0008,0008,00,00,00,0008,0008
2815,01,00,00,00,01,B0,00,0008,00,00,00,00,00,00,00,00,00,00,0E,02,00,01,00,00,00,0000,00,00,0000,00,00,00,00,0008,0008,00,00,00,0008,0008
2816,01,00,00,00,01,B0,00,0008,00,00,00,00,00,00,00,00,00,00,0E,02,00,01,00,00,00,0000,00,00,0000,00,00,00,00,0008,0008,00,00,00,0008,0008
2817,01,00,00,00,01,B0,00,0008,00,00,00,00,00,00,00,00,00,00,0E,02,00,01,00,00,00,0000,00,00,0000,00,00,00,00,0008,0008,00,00,00,0008,0008
2818,01,00,00,00,01,B0,00,0008,00,00,00,00,00,00,00,00,00,00,0E,02,00,01,00,00,00,0000,00,00,0000,00,00,00,00,0008,0008,00,00,00,0008,0008
2819,01,00,00,00,01,B0,00,0008,00,00,00,00,00,00,00,00,00,00,0E,02,00,01,00,00,00,0000,00,00,0000,00,00,00,00,0008,0008,00,00,00,0008,0008
2820,01,00,00,00,01,B0,00,0008,00,00,00,00,00,00,00,00,00,00,0E,02,00,01,00,00,00,0000,00,00,0000,00,00,00,00,0008,0008,00,00,00,0008,0008
2821,01,00,00,00,01,B0,00,0008,00,00,00,00,00,00,00,00,00,00,0E,02,00,01,00,00,00,0000,00,00,0000,00,00,00,00,0008,0008,00,00,00,0008,0008
2822,01,00,00,00,01,B0,00,0008,00,00,00,00,00,00,00,00,00,00,0E,02,00,01,00,00,00,0000,00,00,0000,00,00,00,00,0008,0008,00,00,00,0008,0008
2823,01,00,00,00,01,B0,00,0008,00,00,00,00,00,00,00,00,00,00,0E,02,00,01,00,00,00,0000,00,00,0000,00,00,00,00,0008,0008,00,00,00,0008,0008
2824,01,00,00,00,01,B0,00,0008,00,00,00,00,00,00,00,00,00,00,0E,02,00,01,00,00,00,0000,00,00,0000,00,00,00,00,0008,0008,00,00,00,0008,0008
2825,01,00,00,00,01,B0,00,0008,00,00,00,00,00,00,00,00,00,00,0E,02,00,01,00,00,00,0000,00,00,0000,00,00,00,00,0008,0008,00,00,00,0008,0008
2826,01,00,00,00,01,B0,00,0008,00,00,00,00,00,00,00,00,00,00,0E,02,00,01,00,00,00,0000,00,00,0000,00,00,00,00,0008,0008,00,00,00,0008,0008
2827,01,00,00,00,01,B0,00,0008,00,00,00,00,00,00,00,00,00,00,0E,02,00,01,00,00,00,0000,00,00,0000,00,00,00,00,0008,0008,00,00,00,0008,0008
2828,01,00,00,00,01,B0,00,0008,00,00,00,00,00,00,00,00,00,00,0E,02,00,01,00,00,00,0000,00,00,0000,00,00,00,00,0008,0008,00,00,00,0008,0008
2829,01,00,00,00,01,B0,00,0008,00,00,00,00,00,00,00,00,00,00,0E,02,00,01,00,00,00,0000,00,00,0000,00,00,00,00,0008,0008,00,00,00,0008,0008
2830,01,00,00,00,01,B0,00,0008,00,00,00,00,00,00,00,00,00,00,0E,02,00,01,00,00,00,0000,00,00,0000,00,00,00,00,0008,0008,00,00,00,0008,0008
2831,01,00,00,00,01,B0,00,0008,00,00,00,00,00,00,00,00,00,00,0E,02,00,01,00,00,00,0000,00,00,0000,00,00,00,00,0008,0008,00,00,00,0008,0008
2832,01,00,00,00,01,B0,00,0008,00,00,00,00,00,00,00,00,00,00,0E,02,00,01,00,00,00,0000,00,00,0000,00,00,00,00,0008,0008,00,00,00,0008,0008
2833,01,00,00,00,01,B0,00,0008,00,00,00,00,00,00,00,00,00,00,0E,02,00,01,00,00,00,0000,00,00,0000,00,00,00,00,0008,0008,00,00,00,0008,0008
2834,01,00,00,00,01,B0,00,0008,00,00,00,00,00,00,00,00,00,00,0E,02,00,01,00,00,00,0000,00,00,0000,00,00,00,00,0008,0008,00,00,00,0008,0008
2835,01,00,00,00,01,B0,00,0008,00,00,00,00,00,00,00,00,00,00,0E,02,00,01,00,00,00,0000,00,00,0000,00,00,00,00,0008,0008,00,00,00,0008,0008
2836,01,00,00,00,01,B0,00,0008,00,00,00,00,00,00,00,00,00,00,0E,02,00,01,00,00,00,0000,00,00,0000,00,00,00,00,0008,0008,00,00,00,0008,0008
2837,01,00,00,00,01,B0,00,0008,00,00,00,00,00,00,00,00,00,00,0E,02,00,01,00,00,00,0000,00,00,0000,00,00,00,00,0008,0008,00,00,00,0008,0008
2838,01,00,00,00,01,B0,00,0008,00,00,00,00,00,00,00,00,00,00,0E,02,00,01,00,00,00,0000,00,00,0000,00,00,00,00,0008,0008,00,00,00,0008,0008
2839,01,00,00,00,01,B0,00,0008,00,00,00,00,00,00,00,00,00,00,0E,02,00,01,00,00,00,0000,00,00,0000,00,00,00,00,0008,0008,00,00,00,0008,0008
2840,01,00,00,00,01,B0,00,0008,00,00,00,00,00,00,00,00,00,00,0E,02,00,01,00,00,00,0000,00,00,0000,00,00,00,00,0008,0008,00,00,00,0008,0008
2841,01,00,00,00,01,B0,00,0008,00,00,00,00,00,00,00,00,00,00,0E,02,00,01,00,00,00,0000,00,00,0000,00,00,00,00,0008,0008,00,00,00,0008,0008
2842,01,00,00,00,01,B0,00,0008,00,00,00,00,00,00,00,00,00,00,0E,02,00,01,00,00,00,0000,00,00,0000,00,00,00,00,0008,0008,00,00,00,0008,0008
2843,01,00,00,00,01,B0,00,0008,00,00,00,00,00,00,00,00,00,00,0E,02,00,01,00,00,00,0000,00,00,0000,00,00,00,00,0008,0008,00,00,00,0008,0008
2844,01,00,00,00,01,B0,00,0008,00,00,00,00,00,00,00,00,00,00,0E,02,00,01,00,00,00,0000,00,00,0000,00,00,00,00,0008,0008,00,00,00,0008,0008
2845,01,00,00,00,01,B0,00,0008,00,00,00,00,00,00,00,00,00,00,0E,02,00,01,00,00,00,0000,00,00,0000,00,00,00,00,0008,0008,00,00,00,0008,0008
2846,01,00,00,00,01,B0,00,0008,00,00,00,00,00,00,00,00,00,00,0E,02,00,01,00,00,00,0000,00,00,0000,00,00,00,00,0008,0008,00,00,00,0008,0008
2847,01,00,00,00,01,B0,00,0008,00,00,00,00,00,00,00,00,00,00,0E,02,00,01,00,00,00,0000,00,00,0000,00,00,00,00,0008,0008,00,00,00,0008,0008
2848,01,00,00,00,01,B0,00,0008,00,00,00,00,00,00,00,00,00,00,0E,02,00,01,00,00,00,0000,00,00,0000,00,00,00,00,0008,0008,00,00,00,0008,0008
2849,01,00,00,00,01,B0,00,0008,00,00,00,00,00,00,00,00,00,00,0E,02,00,01,00,00,00,0000,00,00,0000,00,00,00,00,0008,0008,00,00,00,0008,0008
2850,01,00,00,00,01,B0,00,0008,00,00,00,00,00,00,00,00,00,00,0E,02,00,01,00,00,00,0000,00,00,0000,00,00,00,00,0008,0008,00,00,00,0008,0008
2851,01,00,00,00,01,B0,00,0008,00,00,00,00,00,00,00,00,00,00,0E,02,00,01,00,00,00,0000,00,00,0000,00,00,00,00,0008,0008,00,00,00,0008,0008
2852,01,00,00,00,01,B0,00,0008,00,00,00,00,00,00,00,00,00,00,0E,02,00,01,00,00,00,0000,00,00,0000,00,00,00,00,0008,0008,00,00,00,0008,0008
2853,01,00,00,00,01,B0,00,0008,00,00,00,00,00,00,00,00,00,00,0E,02,00,01,00,00,00,0000,00,00,0000,00,00,00,00,0008,0008,00,00,00,0008,0008
2854,01,00,00,00,01,B0,00,0008,00,00,00,00,00,00,00,00,00,00,0E,02,00,01,00,00,00,0000,00,00,0000,00,00,00,00,0008,0008,00,00,00,0008,0008
2855,01,00,00,00,01,B0,00,0008,00,00,00,00,00,00,00,00,00,00,0E,02,00,01,00,00,00,0000,00,00,0000,00,00,00,00,0008,0008,00,00,00,0008,0008
2856,01,00,00,00,01,B0,00,0008,00,00,00,00,00,00,00,00,00,00,0E,02,00,01,00,00,00,0000,00,00,0000,00,00,00,00,0008,0008,00,00,00,0008,0008
2857,01,00,00,00,01,B0,00,0008,00,00,00,00,00,00,00,00,00,00,0E,02,00,01,00,00,00,0000,00,00,0000,00,00,00,00,0008,0008,00,00,00,0008,0008
2858,01,00,00,00,01,B0,00,0008,00,00,00,00,00,00,00,00,00,00,0E,02,00,01,00,00,00,0000,00,00,0000,00,00,00,00,0008,0008,00,00,00,0008,0008
2859,01,00,00,00,01,B0,00,0008,00,00,00,00,00,00,00,00,00,00,0E,02,00,01,00,00,00,0000,00,00,0000,00,00,00,00,0008,0008,00,00,00,0008,0008
2860,01,00,00,00,01,B0,00,0008,00,00,00,00,00,00,00,00,00,00,0E,02,00,01,00,00,00,0000,00,00,0000,00,00,00,00,0008,0008,00,00,00,0008,0008
2861,01,00,00,00,01,B0,00,0008,00,00,00,00,00,00,00,00,00,00,0E,02,00,01,00,00,00,0000,00,00,0000,00,00,00,00,0008,0008,00,00,00,0008,0008
2862,01,00,00,00,01,B0,00,0008,00,00,00,00,00,00,00,00,00,00,0E,02,00,01,00,00,00,0000,00,00,0000,00,00,00,00,0008,0008,00,00,00,0008,0008
2863,01,00,00,00,01,B0,00,0008,00,00,00,00,00,00,00,00,00,00,0E,02,00,01,00,00,00,0000,00,00,0000,00,00,00,00,0008,0008,00,00,00,0008,0008
2864,01,00,00,00,01,B0,00,0008,00,00,00,00,00,00,00,00,00,00,0E,02,00,01,00,00,00,0000,00,00,0000,00,00,00,00,0008,0008,00,00,00,0008,0008
2865,01,00,00,00,01,B0,00,0008,00,00,00,00,00,00,00,00,00,00,0E,02,00,01,00,00,00,0000,00,00,0000,00,00,00,00,0008,0008,00,00,00,0008,0008
2866,01,00,00,00,01,B0,00,0008,00,00,00,00,00,00,00,00,00,00,0E,02,00,01,00,00,00,0000,00,00,0000,00,00,00,00,0008,0008,00,00,00,0008,0008
2867,01,00,00,00,01,B0,00,0008,00,00,00,00,00,00,00,00,00,00,0E,02,00,01,00,00,00,0000,00,00,0000,00,00,00,00,0008,0008,00,00,00,0008,0008
2868,01,00,00,00,01,B0,00,0008,00,00,00,00,00,00,00,00,00,00,0E,02,00,01,00,00,00,0000,00,00,0000,00,00,00,00,0008,0008,00,00,00,0008,0008
2869,01,00,00,00,01,B0,00,0008,00,00,00,00,00,00,00,00,00,00,0E,02,00,01,00,00,00,0000,00,00,0000,00,00,00,00,0008,0008,00,00,00,0008,0008
2870,01,00,00,00,01,B0,00,0008,00,00,00,00,00,00,00,00,00,00,0E,02,00,01,00,00,00,0000,00,00,0000,00,00,00,00,0008,0008,00,00,00,0008,0008
2871,01,00,00,00,01,B0,00,0008,00,00,00,00,00,00,00,00,00,00,0E,02,00,01,00,00,00,0000,00,00,0000,00,00,00,00,0008,0008,00,00,00,0008,0008
2872,01,00,00,00,01,B0,00,0008,00,00,00,00,00,00,00,00,00,00,0E,02,00,01,00,00,00,0000,00,00,0000,00,00,00,00,0008,0008,00,00,00,0008,0008
2873,01,00,00,00,01,B0,00,0008,00,00,00,00,00,00,00,00,00,00,0E,02,00,01,00,00,00,0000,00,00,0000,00,00,00,00,0008,0008,00,00,00,0008,0008
2874,01,00,00,00,01,B0,00,0008,00,00,00,00,00,00,00,00,00,00,0E,02,00,01,00,00,00,0000,00,00,0000,00,00,00,00,0008,0008,00,00,00,0008,0008
2875,01,00,00,00,01,B0,00,0008,00,00,00,00,00,00,00,00,00,00,0E,02,00,01,00,00,00,0000,00,00,0000,00,00,00,00,0008,0008,00,00,00,0008,0008
2876,01,00,00,00,01,B0,00,0008,00,00,00,00,00,00,00,00,00,00,0E,02,00,01,00,00,00,0000,00,00,0000,00,00,00,00,0008,0008,00,00,00,0008,0008
2877,01,00,00,00,01,B0,00,0008,00,00,00,00,00,00,00,00,00,00,0E,02,00,01,00,00,00,0000,00,00,0000,00,00,00,00,0008,0008,00,00,00,0008,0008
2878,01,00,00,00,01,B0,00,0008,00,00,00,00,00,00,00,00,00,00,0E,02,00,01,00,00,00,0000,00,00,0000,00,00,00,00,0008,0008,00,00,00,0008,0008
2879,01,00,00,00,01,B0,00,0008,00,00,00,00,00,00,00,00,00,00,0E,02,00,01,00,00,00,0000,00,00,0000,00,00,00,00,0008,0008,00,00,00,0008,0008
2880,01,00,00,00,01,B0,00,0008,00,00,00,00,00,00,00,00,00,00,0E,02,00,01,00,00,00,0000,00,00,0000,00,00,00,00,0008,0008,00,00,00,0008,0008
2881,01,00,00,00,01,B0,00,0008,00,00,00,00,00,00,00,00,00,00,0E,02,00,01,00,00,00,0000,00,00,0000,00,00,00,00,0008,0008,00,00,00,0008,0008
2882,01,00,00,00,01,B0,00,0008,00,00,00,00,00,00,00,00,00,00,0E,02,00,01,00,00,00,0000,00,00,0000,00,00,00,00,0008,0008,00,00,00,0008,0008
2883,01,00,00,00,01,B0,00,0008,00,00,00,00,00,00,00,00,00,00,0E,02,00,01,00,00,00,0000,00,00,0000,00,00,00,00,0008,0008,00,00,00,0008,0008
2884,01,00,00,00,01,B0,00,0008,00,00,00,00,00,00,00,00,00,00,0E,02,00,01,00,00,00,0000,00,00,0000,00,00,00,00,0008,0008,00,00,00,0008,0008
2885,01,00,00,00,01,B0,00,0008,00,00,00,00,00,00,00,00,00,00,0E,02,00,01,00,00,00,0000,00,00,0000,00,00,00,00,0008,0008,00,00,00,0008,0008
2886,01,00,00,00,01,B0,00,0008,00,00,00,00,00,00,00,00,00,00,0E,02,00,01,00,00,00,0000,00,00,0000,00,00,00,00,0008,0008,00,00,00,0008,0008
2887,01,00,00,00,01,B0,00,0008,00,00,00,00,00,00,00,00,00,00,0E,02,00,01,00,00,00,0000,00,00,0000,00,00,00,00,0008,0008,00,00,00,0008,0008
2888,01,00,00,00,01,B0,00,0008,00,00,00,00,00,00,00,00,00,00,0E,02,00,01,00,00,00,0000,00,00,0000,00,00,00,00,0008,0008,00,00,00,0008,0008
2889,01,00,00,00,01,B0,00,0008,00,00,00,00,00,00,00,00,00,00,0E,02,00,01,00,00,00,0000,00,00,0000,00,00,00,00,0008,0008,00,00,00,0008,0008
2890,01,00,00,00,01,B0,00,0008,00,00,00,00,00,00,00,00,00,00,0E,02,00,01,00,00,00,0000,00,00,0000,00,00,00,00,0008,0008,00,00,00,0008,0008
2891,01,00,00,00,01,B0,00,0008,00,00,00,00,00,00,00,00,00,00,0E,02,00,01,00,00,00,0000,00,00,0000,00,00,00,00,0008,0008,00,00,00,0008,0008
2892,01,00,00,00,01,B0,00,0008,00,00,00,00,00,00,00,00,00,00,0E,02,00,01,00,00,00,0000,00,00,0000,00,00,00,00,0008,0008,00,00,00,0008,0008
2893,01,00,00,00,01,B0,00,0008,00,00,00,00,00,00,00,00,00,00,0E,02,00,01,00,00,00,0000,00,00,0000,00,00,00,00,0008,0008,00,00,00,0008,0008
2894,01,00,00,00,01,B0,00,0008,00,00,00,00,00,00,00,00,00,00,0E,02,00,01,00,00,00,0000,00,00,0000,00,00,00,00,0008,0008,00,00,00,0008,0008
2895,01,00,00,00,01,B0,00,0008,00,00,00,00,00,00,00,00,00,00,0E,02,00,01,00,00,00,0000,00,00,0000,00,00,00,00,0008,0008,00,00,00,0008,0008
2896,01,00,00,00,01,B0,00,0008,00,00,00,00,00,00,00,00,00,00,0E,02,00,01,00,00,00,0000,00,00,0000,00,00,00,00,0008,0008,00,00,00,0008,0008
2897,01,00,00,00,01,B0,00,0008,00,00,00,00,00,00,00,00,00,00,0E,02,00,01,00,00,00,0000,00,00,0000,00,00,00,00,0008,0008,00,00,00,0008,0008
2898,01,00,00,00,01,B0,00,0008,00,00,00,00,00,00,00,00,00,00,0E,02,00,01,00,00,00,0000,00,00,0000,00,00,00,00,0008,0008,00,00,00,0008,0008
2899,01,00,00,00,01,B0,00,0008,00,00,00,00,00,00,00,00,00,00,0E,02,00,01,00,00,00,0000,00,00,0000,00,00,00,00,0008,0008,00,00,00,0008,0008
2900,01,00,00,00,01,B0,00,0008,00,00,00,00,00,00,00,00,00,00,0E,02,00,01,00,00,00,0000,00,00,0000,00,00,00,00,0008,0008,00,00,00,0008,0008
2901,01,00,00,00,01,B0,00,0008,00,00,00,00,00,00,00,00,00,00,0E,02,00,01,00,00,00,0000,00,00,0000,00,00,00,00,0008,0008,00,00,00,0008,0008
2902,01,00,00,00,01,B0,00,0008,00,00,00,00,00,00,00,00,00,00,0E,02,00,01,00,00,00,0000,00,00,0000,00,00,00,00,0008,0008,00,00,00,0008,0008
2903,01,00,00,00,01,B0,00,0008,00,00,00,00,00,00,00,00,00,00,0E,02,00,01,00,00,00,0000,00,00,0000,00,00,00,00,0008,0008,00,00,00,0008,0008
2904,01,00,00,00,01,B0,00,0008,00,00,00,00,00,00,00,00,00,00,0E,02,00,01,00,00,00,0000,00,00,0000,00,00,00,00,0008,0008,00,00,00,0008,0008
2905,01,00,00,00,01,B0,00,0008,00,00,00,00,00,00,00,00,00,00,0E,02,00,01,00,00,00,0000,00,00,0000,00,00,00,00,0008,0008,00,00,00,0008,0008
2906,01,00,00,00,01,B0,00,0008,00,00,00,00,00,00,00,00,00,00,0E,02,00,01,00,00,00,0000,00,00,0000,00,00,00,00,0008,0008,00,00,00,0008,0008
2907,01,00,00,00,01,B0,00,0008,00,00,00,00,00,00,00,00,00,00,0E,02,00,01,00,00,00,0000,00,00,0000,00,00,00,00,0008,0008,00,00,00,0008,0008
2908,01,00,00,00,01,B0,00,0008,00,00,00,00,00,00,00,00,00,00,0E,02,00,01,00,00,00,0000,00,00,0000,00,00,00,00,0008,0008,00,00,00,0008,0008
2909,01,00,00,00,01,B0,00,0008,00,00,00,00,00,00,00,00,00,00,0E,02,00,01,00,00,00,0000,00,00,0000,00,00,00,00,0008,0008,00,00,00,0008,0008
2910,01,00,00,00,01,B0,00,0008,00,00,00,00,00,00,00,00,00,00,0E,02,00,01,00,00,00,0000,00,00,0000,00,00,00,00,0008,0008,00,00,00,0008,0008
2911,01,00,00,00,01,B0,00,0008,00,00,00,00,00,00,00,00,00,00,0E,02,00,01,00,00,00,0000,00,00,0000,00,00,00,00,0008,0008,00,00,00,0008,0008
2912,01,00,00,00,01,B0,00,0008,00,00,00,00,00,00,00,00,00,00,0E,02,00,01,00,00,00,0000,00,00,0000,00,00,00,00,0008,0008,00,00,00,0008,0008
2913,01,00,00,00,01,B0,00,0008,00,00,00,00,00,00,00,00,00,00,0E,02,00,01,00,00,00,0000,00,00,0000,00,00,00,00,0008,0008,00,00,00,0008,0008
2914,01,00,00,00,01,B0,00,0008,00,00,00,00,00,00,00,00,00,00,0E,02,00,01,00,00,00,0000,00,00,0000,00,00,00,00,0008,0008,00,00,00,0008,0008
2915,01,00,00,00,01,B0,00,0008,00,00,00,00,00,00,00,00,00,00,0E,02,00,01,00,00,00,0000,00,00,0000,00,00,00,00,0008,0008,00,00,00,0008,0008
2916,01,00,00,00,01,B0,00,0008,00,00,00,00,00,00,00,00,00,00,0E,02,00,01,00,00,00,0000,00,00,0000,00,00,00,00,0008,0008,00,00,00,0008,0008
2917,01,00,00,00,01,B0,00,0008,00,00,00,00,00,00,00,00,00,00,0E,02,00,01,00,00,00,0000,00,00,0000,00,00,00,00,0008,0008,00,00,00,0008,0008
2918,01,00,00,00,01,B0,00,0008,00,00,00,00,00,00,00,00,00,00,0E,02,00,01,00,00,00,0000,00,00,0000,00,00,00,00,0008,0008,00,00,00,0008,0008
2919,01,00,00,00,01,B0,00,0008,00,00,00,00,00,00,00,00,00,00,0E,02,00,01,00,00,00,0000,00,00,0000,00,00,00,00,0008,0008,00,00,00,0008,0008
2920,01,00,00,00,01,B0,00,0008,00,00,00,00,00,00,00,00,00,00,0E,02,00,01,00,00,00,0000,00,00,0000,00,00,00,00,0008,0008,00,00,00,0008,0008
2921,01,00,00,00,01,B0,00,0008,00,00,00,00,00,00,00,00,00,00,0E,02,00,01,00,00,00,0000,00,00,0000,00,00,00,00,0008,0008,00,00,00,0008,0008
2922,01,00,00,00,01,B0,00,0008,00,00,00,00,00,00,00,00,00,00,0E,02,00,01,00,00,00,0000,00,00,0000,00,00,00,00,0008,0008,00,00,00,0008,0008
2923,01,00,00,00,01,B0,00,0008,00,00,00,00,00,00,00,00,00,00,0E,02,00,01,00,00,00,0000,00,00,0000,00,00,00,00,0008,0008,00,00,00,0008,0008
2924,01,00,00,00,01,B0,00,0008,00,00,00,00,00,00,00,00,00,00,0E,02,00,01,00,00,00,0000,00,00,0000,00,00,00,00,0008,0008,00,00,00,0008,0008
2925,01,00,00,00,01,B0,00,0008,00,00,00,00,00,00,00,00,00,00,0E,02,00,01,00,00,00,0000,00,00,0000,00,00,00,00,0008,0008,00,00,00,0008,0008
2926,01,00,00,00,01,B0,00,0008,00,00,00,00,00,00,00,00,00,00,0E,02,00,01,00,00,00,0000,00,00,0000,00,00,00,00,0008,0008,00,00,00,0008,0008
2927,01,00,00,00,01,B0,00,0008,00,00,00,00,00,00,00,00,00,00,0E,02,00,01,00,00,00,0000,00,00,0000,00,00,00,00,0008,0008,00,00,00,0008,0008
2928,01,00,00,00,01,B0,00,0008,00,00,00,00,00,00,00,00,00,00,0E,02,00,01,00,00,00,0000,00,00,0000,00,00,00,00,0008,0008,00,00,00,0008,0008
2929,01,00,00,00,01,B0,00,0008,00,00,00,00,00,00,00,00,00,00,0E,02,00,01,00,00,00,0000,00,00,0000,00,00,00,00,0008,0008,00,00,00,0008,0008
2930,01,00,00,00,01,B0,00,0008,00,00,00,00,00,00,00,00,00,00,0E,02,00,01,00,00,00,0000,00,00,0000,00,00,00,00,0008,0008,00,00,00,0008,0008
2931,01,00,00,00,01,B0,00,0008,00,00,00,00,00,00,00,00,00,00,0E,02,00,01,00,00,00,0000,00,00,0000,00,00,00,00,0008,0008,00,00,00,0008,0008
2932,01,00,00,00,01,B0,00,0008,00,00,00,00,00,00,00,00,00,00,0E,02,00,01,00,00,00,0000,00,00,0000,00,00,00,00,0008,0008,00,00,00,0008,0008
2933,01,00,00,00,01,B0,00,0008,00,00,00,00,00,00,00,00,00,00,0E,02,00,01,00,00,00,0000,00,00,0000,00,00,00,00,0008,0008,00,00,00,0008,0008
2934,01,00,00,00,01,B0,00,0008,00,00,00,00,00,00,00,00,00,00,0E,02,00,01,00,00,00,0000,00,00,0000,00,00,00,00,0008,0008,00,00,00,0008,0008
2935,01,00,00,00,01,B0,00,0008,00,00,00,00,00,00,00,00,00,00,0E,02,00,01,00,00,00,0000,00,00,0000,00,00,00,00,0008,0008,00,00,00,0008,0008
2936,01,00,00,00,01,B0,00,0008,00,00,00,00,00,00,00,00,00,00,0E,02,00,01,00,00,00,0000,00,00,0000,00,00,00,00,0008,0008,00,00,00,0008,0008
2937,01,00,00,00,01,B0,00,0008,00,00,00,00,00,00,00,00,00,00,0E,02,00,01,00,00,00,0000,00,00,0000,00,00,00,00,0008,0008,00,00,00,0008,0008
2938,01,00,00,00,01,B0,00,0008,00,00,00,00,00,00,00,00,00,00,0E,02,00,01,00,00,00,0000,00,00,0000,00,00,00,00,0008,0008,00,00,00,0008,0008
2939,01,00,00,00,01,B0,00,0008,00,00,00,00,00,00,00,00,00,00,0E,02,00,01,00,00,00,0000,00,00,0000,00,00,00,00,0008,0008,00,00,00,0008,0008
2940,01,00,00,00,01,B0,00,0008,00,00,00,00,00,00,00,00,00,00,0E,02,00,01,00,00,00,0000,00,00,0000,00,00,00,00,0008,0008,00,00,00,0008,0008
2941,01,00,00,00,01,B0,00,0008,00,00,00,00,00,00,00,00,00,00,0E,02,00,01,00,00,00,0000,00,00,0000,00,00,00,00,0008,0008,00,00,00,0008,0008
2942,01,00,00,00,01,B0,00,0008,00,00,00,00,00,00,00,00,00,00,0E,02,00,01,00,00,00,0000,00,00,0000,00,00,00,00,0008,0008,00,00,00,0008,0008
2943,01,00,00,00,01,B0,00,0008,00,00,00,00,00,00,00,00,00,00,0E,02,00,01,00,00,00,0000,00,00,0000,00,00,00,00,0008,0008,00,00,00,0008,0008
2944,01,00,00,00,01,B0,00,0008,00,00,00,00,00,00,00,00,00,00,0E,02,00,01,00,00,00,0000,00,00,0000,00,00,00,00,0008,0008,00,00,00,0008,0008
2945,01,00,00,00,01,B0,00,0008,00,00,00,00,00,00,00,00,00,00,0E,02,00,01,00,00,00,0000,00,00,0000,00,00,00,00,0008,0008,00,00,00,0008,0008
2946,01,00,00,00,01,B0,00,0008,00,00,00,00,00,00,00,00,00,00,0E,02,00,01,00,00,00,0000,00,00,0000,00,00,00,00,0008,0008,00,00,00,0008,0008
2947,01,00,00,00,01,B0,00,0008,00,00,00,00,00,00,00,00,00,00,0E,02,00,01,00,00,00,0000,00,00,0000,00,00,00,00,0008,0008,00,00,00,0008,0008
2948,01,00,00,00,01,B0,00,0008,00,00,00,00,00,00,00,00,00,00,0E,02,00,01,00,00,00,0000,00,00,0000,00,00,00,00,0008,0008,00,00,00,0008,0008
2949,01,00,00,00,01,B0,00,0008,00,00,00,00,00,00,00,00,00,00,0E,02,00,01,00,00,00,0000,00,00,0000,00,00,00,00,0008,0008,00,00,00,0008,0008
2950,01,00,00,00,01,B0,00,0008,00,00,00,00,00,00,00,00,00,00,0E,02,00,01,00,00,00,0000,00,00,0000,00,00,00,00,0008,0008,00,00,00,0008,0008
2951,01,00,00,00,01,B0,00,0008,00,00,00,00,00,00,00,00,00,00,0E,02,00,01,00,00,00,0000,00,00,0000,00,00,00,00,0008,0008,00,00,00,0008,0008
2952,01,00,00,00,01,B0,00,0008,00,00,00,00,00,00,00,00,00,00,0E,02,00,01,00,00,00,0000,00,00,0000,00,00,00,00,0008,0008,00,00,00,0008,0008
2953,01,00,00,00,01,B0,00,0008,00,00,00,00,00,00,00,00,00,00,0E,02,00,01,00,00,00,0000,00,00,0000,00,00,00,00,0008,0008,00,00,00,0008,0008
2954,01,00,00,00,01,B0,00,0008,00,00,00,00,00,00,00,00,00,00,0E,02,00,01,00,00,00,0000,00,00,0000,00,00,00,00,0008,0008,00,00,00,0008,0008
2955,01,00,00,00,01,B0,00,0008,00,00,00,00,00,00,00,00,00,00,0E,02,00,01,00,00,00,0000,00,00,0000,00,00,00,00,0008,0008,00,00,00,0008,0008
2956,01,00,00,00,01,B0,00,0008,00,00,00,00,00,00,00,00,00,00,0E,02,00,01,00,00,00,0000,00,00,0000,00,00,00,00,0008,0008,00,00,00,0008,0008
2957,01,00,00,00,01,B0,00,0008,00,00,00,00,00,00,00,00,00,00,0E,02,00,01,00,00,00,0000,00,00,0000,00,00,00,00,0008,0008,00,00,00,0008,0008
2958,01,00,00,00,01,B0,00,0008,00,00,00,00,00,00,00,00,00,00,0E,02,00,01,00,00,00,0000,00,00,0000,00,00,00,00,0008,0008,00,00,00,0008,0008
2959,01,00,00,00,01,B0,00,0008,00,00,00,00,00,00,00,00,00,00,0E,02,00,01,00,00,00,0000,00,00,0000,00,00,00,00,0008,0008,00,00,00,0008,0008
2960,01,00,00,00,01,B0,00,0008,00,00,00,00,00,00,00,00,00,00,0E,02,00,01,00,00,00,0000,00,00,0000,00,00,00,00,0008,0008,00,00,00,0008,0008
2961,01,00,00,00,01,B0,00,0008,00,00,00,00,00,00,00,00,00,00,0E,02,00,01,00,00,00,0000,00,00,0000,00,00,00,00,0008,0008,00,00,00,0008,0008
2962,01,00,00,00,01,B0,00,0008,00,00,00,00,00,00,00,00,00,00,0E,02,00,01,00,00,00,0000,00,00,0000,00,00,00,00,0008,0008,00,00,00,0008,0008
2963,01,00,00,00,01,B0,00,0008,00,00,00,00,00,00,00,00,00,00,0E,02,00,01,00,00,00,0000,00,00,0000,00,00,00,00,0008,0008,00,00,00,0008,0008
2964,01,00,00,00,01,B0,00,0008,00,00,00,00,00,00,00,00,00,00,0E,02,00,01,00,00,00,0000,00,00,0000,00,00,00,00,0008,0008,00,00,00,0008,0008
2965,01,00,00,00,01,B0,00,0008,00,00,00,00,00,00,00,00,00,00,0E,02,00,01,00,00,00,0000,00,00,0000,00,00,00,00,0008,0008,00,00,00,0008,0008
2966,01,00,00,00,01,B0,00,0008,00,00,00,00,00,00,00,00,00,00,0E,02,00,01,00,00,00,0000,00,00,0000,00,00,00,00,0008,0008,00,00,00,0008,0008
2967,01,00,00,00,01,B0,00,0008,00,00,00,00,00,00,00,00,00,00,0E,02,00,01,00,00,00,0000,00,00,0000,00,00,00,00,0008,0008,00,00,00,0008,0008
2968,01,00,00,00,01,B0,00,0008,00,00,00,00,00,00,00,00,00,00,0E,02,00,01,00,00,00,0000,00,00,0000,00,00,00,00,0008,0008,00,00,00,0008,0008
2969,01,00,00,00,01,B0,00,0008,00,00,00,00,00,00,00,00,00,00,0E,02,00,01,00,00,00,0000,00,00,0000,00,00,00,00,0008,0008,00,00,00,0008,0008
2970,01,00,00,00,01,B0,00,0008,00,00,00,00,00,00,00,00,00,00,0E,02,00,01,00,00,00,0000,00,00,0000,00,00,00,00,0008,0008,00,00,00,0008,0008
2971,01,00,00,00,01,B0,00,0008,00,00,00,00,00,00,00,00,00,00,0E,02,00,01,00,00,00,0000,00,00,0000,00,00,00,00,0008,0008,00,00,00,0008,0008
2972,01,00,00,00,01,B0,00,0008,00,00,00,00,00,00,00,00,00,00,0E,02,00,01,00,00,00,0000,00,00,0000,00,00,00,00,0008,0008,00,00,00,0008,0008
2973,01,00,00,00,01,B0,00,0008,00,00,00,00,00,00,00,00,00,00,0E,02,00,01,00,00,00,0000,00,00,0000,00,00,00,00,0008,0008,00,00,00,0008,0008
2974,01,00,00,00,01,B0,00,0008,00,00,00,00,00,00,00,00,00,00,0E,02,00,01,00,00,00,0000,00,00,0000,00,00,00,00,0008,0008,00,00,00,0008,0008
2975,01,00,00,00,01,B0,00,0008,00,00,00,00,00,00,00,00,00,00,0E,02,00,01,00,00,00,0000,00,00,0000,00,00,00,00,0008,0008,00,00,00,0008,0008
2976,01,00,00,00,01,B0,00,0008,00,00,00,00,00,00,00,00,00,00,0E,02,00,01,00,00,00,0000,00,00,0000,00,00,00,00,0008,0008,00,00,00,0008,0008
2977,01,00,00,00,01,B0,00,0008,00,00,00,00,00,00,00,00,00,00,0E,02,00,01,00,00,00,0000,00,00,0000,00,00,00,00,0008,0008,00,00,00,0008,0008
2978,01,00,00,00,01,B0,00,0008,00,00,00,00,00,00,00,00,00,00,0E,02,00,01,00,00,00,0000,00,00,0000,00,00,00,00,0008,0008,00,00,00,0008,0008
2979,01,00,00,00,01,B0,00,0008,00,00,00,00,00,00,00,00,00,00,0E,02,00,01,00,00,00,0000,00,00,0000,00,00,00,00,0008,0008,00,00,00,0008,0008
2980,01,00,00,00,01,B0,00,0008,00,00,00,00,00,00,00,00,00,00,0E,02,00,01,00,00,00,0000,00,00,0000,00,00,00,00,0008,0008,00,00,00,0008,0008
2981,01,00,00,00,01,B0,00,0008,00,00,00,00,00,00,00,00,00,00,0E,02,00,01,00,00,00,0000,00,00,0000,00,00,00,00,0008,0008,00,00,00,0008,0008
2982,01,00,00,00,01,B0,00,0008,00,00,00,00,00,00,00,00,00,00,0E,02,00,01,00,00,00,0000,00,00,0000,00,00,00,00,0008,0008,00,00,00,0008,0008
2983,01,00,00,00,01,B0,00,0008,00,00,00,00,00,00,00,00,00,00,0E,02,00,01,00,00,00,0000,00,00,0000,00,00,00,00,0008,0008,00,00,00,0008,0008
2984,01,00,00,00,01,B0,00,0008,00,00,00,00,00,00,00,00,00,00,0E,02,00,01,00,00,00,0000,00,00,0000,00,00,00,00,0008,0008,00,00,00,0008,0008
2985,01,00,00,00,01,B0,00,0008,00,00,00,00,00,00,00,00,00,00,0E,02,00,01,00,00,00,0000,00,00,0000,00,00,00,00,0008,0008,00,00,00,0008,0008
2986,01,00,00,00,01,B0,00,0008,00,00,00,00,00,00,00,00,00,00,0E,02,00,01,00,00,00,0000,00,00,0000,00,00,00,00,0008,0008,00,00,00,0008,0008
2987,01,00,00,00,01,B0,00,0008,00,00,00,00,00,00,00,00,00,00,0E,02,00,01,00,00,00,0000,00,00,0000,00,00,00,00,0008,0008,00,00,00,0008,0008
2988,01,00,00,00,01,B0,00,0008,00,00,00,00,00,00,00,00,00,00,0E,02,00,01,00,00,00,0000,00,00,0000,00,00,00,00,0008,0008,00,00,00,0008,0008
2989,01,00,00,00,01,B0,00,0008,00,00,00,00,00,00,00,00,00,00,0E,02,00,01,00,00,00,0000,00,00,0000,00,00,00,00,0008,0008,00,00,00,0008,0008
2990,01,00,00,00,01,B0,00,0008,00,00,00,00,00,00,00,00,00,00,0E,02,00,01,00,00,00,0000,00,00,0000,00,00,00,00,0008,0008,00,00,00,0008,0008
2991,01,00,00,00,01,B0,00,0008,00,00,00,00,00,00,00,00,00,00,0E,02,00,01,00,00,00,0000,00,00,0000,00,00,00,00,0008,0008,00,00,00,0008,0008
2992,01,00,00,00,01,B0,00,0008,00,00,00,00,00,00,00,00,00,00,0E,02,00,01,00,00,00,0000,00,00,0000,00,00,00,00,0008,0008,00,00,00,0008,0008
2993,01,00,00,00,01,B0,00,0008,00,00,00,00,00,00,00,00,00,00,0E,02,00,01,00,00,00,0000,00,00,0000,00,00,00,00,0008,0008,00,00,00,0008,0008
2994,01,00,00,00,01,B0,00,0008,00,00,00,00,00,00,00,00,00,00,0E,02,00,01,00,00,00,0000,00,00,0000,00,00,00,00,0008,0008,00,00,00,0008,0008
2995,01,00,00,00,01,B0,00,0008,00,00,00,00,00,00,00,00,00,00,0E,02,00,01,00,00,00,0000,00,00,0000,00,00,00,00,0008,0008,00,00,00,0008,0008
2996,01,00,00,00,01,B0,00,0008,00,00,00,00,00,00,00,00,00,00,0E,02,00,01,00,00,00,0000,00,00,0000,00,00,00,00,0008,0008,00,00,00,0008,0008
2997,01,00,00,00,01,B0,00,0008,00,00,00,00,00,00,00,00,00,00,0E,02,00,01,00,00,00,0000,00,00,0000,00,00,00,00,0008,0008,00,00,00,0008,0008
2998,01,00,00,00,01,B0,00,0008,00,00,00,00,00,00,00,00,00,00,0E,02,00,01,00,00,00,0000,00,00,0000,00,00,00,00,0008,0008,00,00,00,0008,0008
2999,01,00,00,00,01,B0,00,0008,00,00,00,00,00,00,00,00,00,00,0E,02,00,01,00,00,00,0000,00,00,0000,00,00,00,00,0008,0008,00,00,00,0008,0008
3000,01,00,00,00,01,B0,00,0008,00,00,00,00,00,00,00,00,00,00,0E,02,00,01,00,00,00,0000,00,00,0000,00,00,00,00,0008,0008,00,00,00,0008,0008
