# label=gen system=GEN start=850 end=3000
# frame,gameMode,phase,subphase,curVScroll,curHScroll,ppuCtrl,switchReq,vsram0,ppuScrlX,ppuScrlY,demoLineTextIndex,demoNTWraps,lineCounter,lineAttrIndex,lineDstLo,lineDstHi,attrDstLo,attrDstHi,phase0Cycle,phase0Timer,transferBufSel,demoBusy,vsAddrHi58,vsAddrLoE2,sprite0Act,vsram40,hintQCount,hintQ0Ctr,hintQ0Vsram,hintPendSplit,introScrollMode,stagedMode,stagedHintCtr,stagedBase,stagedEvent,activeHintCtr,stagedSegment,activeSegment,activeBase,activeEvent,enterStep,updateCount,handoffMark,substage,nmiProbe,ppuCtrlGate
850,00,00,01,00,01,B0,00,0008,00,00,00,00,00,00,00,00,00,00,0D,AF,00,01,00,00,00,0000,00,00,0000,00,00,00,00,0008,0008,00,00,00,0008,0008,00,00,00,00,08,B0
851,00,00,01,00,01,B0,00,0008,00,00,00,00,00,00,00,00,00,00,0D,AE,00,01,00,00,00,0000,00,00,0000,00,00,00,00,0008,0008,00,00,00,0008,0008,00,00,00,00,09,B0
852,00,00,01,00,01,B0,00,0008,00,00,00,00,00,00,00,00,00,00,0D,AD,00,01,00,00,00,0000,00,00,0000,00,00,00,00,0008,0008,00,00,00,0008,0008,00,00,00,00,0A,B0
853,00,00,01,00,01,B0,00,0008,00,00,00,00,00,00,00,00,00,00,0D,AC,00,01,00,00,00,0000,00,00,0000,00,00,00,00,0008,0008,00,00,00,0008,0008,00,00,00,00,0B,B0
854,00,00,01,00,01,B0,00,0008,00,00,00,00,00,00,00,00,00,00,0D,AB,00,01,00,00,00,0000,00,00,0000,00,00,00,00,0008,0008,00,00,00,0008,0008,00,00,00,00,0C,B0
855,00,00,01,00,01,B0,00,0008,00,00,00,00,00,00,00,00,00,00,0D,AA,00,01,00,00,00,0000,00,00,0000,00,00,00,00,0008,0008,00,00,00,0008,0008,00,00,00,00,0D,B0
856,00,00,01,00,01,B0,00,0008,00,00,00,00,00,00,00,00,00,00,0D,A9,00,01,00,00,00,0000,00,00,0000,00,00,00,00,0008,0008,00,00,00,0008,0008,00,00,00,00,0E,B0
857,00,00,01,00,01,B0,00,0008,00,00,00,00,00,00,00,00,00,00,0D,A8,00,01,00,00,00,0000,00,00,0000,00,00,00,00,0008,0008,00,00,00,0008,0008,00,00,00,00,0F,B0
858,00,00,01,00,01,B0,00,0008,00,00,00,00,00,00,00,00,00,00,0D,A7,00,01,00,00,00,0000,00,00,0000,00,00,00,00,0008,0008,00,00,00,0008,0008,00,00,00,00,10,B0
859,00,00,01,00,01,B0,00,0008,00,00,00,00,00,00,00,00,00,00,0D,A6,00,01,00,00,00,0000,00,00,0000,00,00,00,00,0008,0008,00,00,00,0008,0008,00,00,00,00,11,B0
860,00,00,01,00,01,B0,00,0008,00,00,00,00,00,00,00,00,00,00,0D,A5,00,01,00,00,00,0000,00,00,0000,00,00,00,00,0008,0008,00,00,00,0008,0008,00,00,00,00,12,B0
861,00,00,01,00,01,B0,00,0008,00,00,00,00,00,00,00,00,00,00,0D,A4,00,01,00,00,00,0000,00,00,0000,00,00,00,00,0008,0008,00,00,00,0008,0008,00,00,00,00,13,B0
862,00,00,01,00,01,B0,00,0008,00,00,00,00,00,00,00,00,00,00,0D,A3,00,01,00,00,00,0000,00,00,0000,00,00,00,00,0008,0008,00,00,00,0008,0008,00,00,00,00,14,B0
863,00,00,01,00,01,B0,00,0008,00,00,00,00,00,00,00,00,00,00,0D,A2,00,01,00,00,00,0000,00,00,0000,00,00,00,00,0008,0008,00,00,00,0008,0008,00,00,00,00,15,B0
864,00,00,01,00,01,B0,00,0008,00,00,00,00,00,00,00,00,00,00,0D,A1,00,01,00,00,00,0000,00,00,0000,00,00,00,00,0008,0008,00,00,00,0008,0008,00,00,00,00,16,B0
865,00,00,01,00,01,B0,00,0008,00,00,00,00,00,00,00,00,00,00,0D,A0,00,01,00,00,00,0000,00,00,0000,00,00,00,00,0008,0008,00,00,00,0008,0008,00,00,00,00,17,B0
866,00,00,01,00,01,B0,00,0008,00,00,00,00,00,00,00,00,00,00,0D,9F,00,01,00,00,00,0000,00,00,0000,00,00,00,00,0008,0008,00,00,00,0008,0008,00,00,00,00,18,B0
867,00,00,01,00,01,B0,00,0008,00,00,00,00,00,00,00,00,00,00,0D,9E,00,01,00,00,00,0000,00,00,0000,00,00,00,00,0008,0008,00,00,00,0008,0008,00,00,00,00,19,B0
868,00,00,01,00,01,B0,00,0008,00,00,00,00,00,00,00,00,00,00,0D,9D,00,01,00,00,00,0000,00,00,0000,00,00,00,00,0008,0008,00,00,00,0008,0008,00,00,00,00,1A,B0
869,00,00,01,00,01,B0,00,0008,00,00,00,00,00,00,00,00,00,00,0D,9C,00,01,00,00,00,0000,00,00,0000,00,00,00,00,0008,0008,00,00,00,0008,0008,00,00,00,00,1B,B0
870,00,00,01,00,01,B0,00,0008,00,00,00,00,00,00,00,00,00,00,0D,9B,00,01,00,00,00,0000,00,00,0000,00,00,00,00,0008,0008,00,00,00,0008,0008,00,00,00,00,1C,B0
871,00,00,01,00,01,B0,00,0008,00,00,00,00,00,00,00,00,00,00,0D,9A,00,01,00,00,00,0000,00,00,0000,00,00,00,00,0008,0008,00,00,00,0008,0008,00,00,00,00,1D,B0
872,00,00,01,00,01,B0,00,0008,00,00,00,00,00,00,00,00,00,00,0D,99,00,01,00,00,00,0000,00,00,0000,00,00,00,00,0008,0008,00,00,00,0008,0008,00,00,00,00,1E,B0
873,00,00,01,00,01,B0,00,0008,00,00,00,00,00,00,00,00,00,00,0D,98,00,01,00,00,00,0000,00,00,0000,00,00,00,00,0008,0008,00,00,00,0008,0008,00,00,00,00,1F,B0
874,00,00,01,00,01,B0,00,0008,00,00,00,00,00,00,00,00,00,00,0D,97,00,01,00,00,00,0000,00,00,0000,00,00,00,00,0008,0008,00,00,00,0008,0008,00,00,00,00,20,B0
875,00,00,01,00,01,B0,00,0008,00,00,00,00,00,00,00,00,00,00,0D,96,00,01,00,00,00,0000,00,00,0000,00,00,00,00,0008,0008,00,00,00,0008,0008,00,00,00,00,21,B0
876,00,00,01,00,01,B0,00,0008,00,00,00,00,00,00,00,00,00,00,0D,95,00,01,00,00,00,0000,00,00,0000,00,00,00,00,0008,0008,00,00,00,0008,0008,00,00,00,00,22,B0
877,00,00,01,00,01,B0,00,0008,00,00,00,00,00,00,00,00,00,00,0D,94,00,01,00,00,00,0000,00,00,0000,00,00,00,00,0008,0008,00,00,00,0008,0008,00,00,00,00,23,B0
878,00,00,01,00,01,B0,00,0008,00,00,00,00,00,00,00,00,00,00,0D,93,00,01,00,00,00,0000,00,00,0000,00,00,00,00,0008,0008,00,00,00,0008,0008,00,00,00,00,24,B0
879,00,00,01,00,01,B0,00,0008,00,00,00,00,00,00,00,00,00,00,0D,92,00,01,00,00,00,0000,00,00,0000,00,00,00,00,0008,0008,00,00,00,0008,0008,00,00,00,00,25,B0
880,00,00,01,00,01,B0,00,0008,00,00,00,00,00,00,00,00,00,00,0D,91,00,01,00,00,00,0000,00,00,0000,00,00,00,00,0008,0008,00,00,00,0008,0008,00,00,00,00,26,B0
881,00,00,01,00,01,B0,00,0008,00,00,00,00,00,00,00,00,00,00,0D,90,00,01,00,00,00,0000,00,00,0000,00,00,00,00,0008,0008,00,00,00,0008,0008,00,00,00,00,27,B0
882,00,00,01,00,01,B0,00,0008,00,00,00,00,00,00,00,00,00,00,0D,8F,00,01,00,00,00,0000,00,00,0000,00,00,00,00,0008,0008,00,00,00,0008,0008,00,00,00,00,28,B0
883,00,00,01,00,01,B0,00,0008,00,00,00,00,00,00,00,00,00,00,0D,8E,00,01,00,00,00,0000,00,00,0000,00,00,00,00,0008,0008,00,00,00,0008,0008,00,00,00,00,29,B0
884,00,00,01,00,01,B0,00,0008,00,00,00,00,00,00,00,00,00,00,0D,8D,00,01,00,00,00,0000,00,00,0000,00,00,00,00,0008,0008,00,00,00,0008,0008,00,00,00,00,2A,B0
885,00,00,01,00,01,B0,00,0008,00,00,00,00,00,00,00,00,00,00,0D,8C,00,01,00,00,00,0000,00,00,0000,00,00,00,00,0008,0008,00,00,00,0008,0008,00,00,00,00,2B,B0
886,00,00,01,00,01,B0,00,0008,00,00,00,00,00,00,00,00,00,00,0D,8B,00,01,00,00,00,0000,00,00,0000,00,00,00,00,0008,0008,00,00,00,0008,0008,00,00,00,00,2C,B0
887,00,00,01,00,01,B0,00,0008,00,00,00,00,00,00,00,00,00,00,0D,8A,00,01,00,00,00,0000,00,00,0000,00,00,00,00,0008,0008,00,00,00,0008,0008,00,00,00,00,2D,B0
888,00,00,01,00,01,B0,00,0008,00,00,00,00,00,00,00,00,00,00,0D,89,00,01,00,00,00,0000,00,00,0000,00,00,00,00,0008,0008,00,00,00,0008,0008,00,00,00,00,2E,B0
889,00,00,01,00,01,B0,00,0008,00,00,00,00,00,00,00,00,00,00,0D,88,00,01,00,00,00,0000,00,00,0000,00,00,00,00,0008,0008,00,00,00,0008,0008,00,00,00,00,2F,B0
890,00,00,01,00,01,B0,00,0008,00,00,00,00,00,00,00,00,00,00,0D,87,00,01,00,00,00,0000,00,00,0000,00,00,00,00,0008,0008,00,00,00,0008,0008,00,00,00,00,30,B0
891,00,00,01,00,01,B0,00,0008,00,00,00,00,00,00,00,00,00,00,0D,86,00,01,00,00,00,0000,00,00,0000,00,00,00,00,0008,0008,00,00,00,0008,0008,00,00,00,00,31,B0
892,00,00,01,00,01,B0,00,0008,00,00,00,00,00,00,00,00,00,00,0D,85,00,01,00,00,00,0000,00,00,0000,00,00,00,00,0008,0008,00,00,00,0008,0008,00,00,00,00,32,B0
893,00,00,01,00,01,B0,00,0008,00,00,00,00,00,00,00,00,00,00,0D,84,00,01,00,00,00,0000,00,00,0000,00,00,00,00,0008,0008,00,00,00,0008,0008,00,00,00,00,33,B0
894,00,00,01,00,01,B0,00,0008,00,00,00,00,00,00,00,00,00,00,0D,83,00,01,00,00,00,0000,00,00,0000,00,00,00,00,0008,0008,00,00,00,0008,0008,00,00,00,00,34,B0
895,00,00,01,00,01,B0,00,0008,00,00,00,00,00,00,00,00,00,00,0D,82,00,01,00,00,00,0000,00,00,0000,00,00,00,00,0008,0008,00,00,00,0008,0008,00,00,00,00,35,B0
896,00,00,01,00,01,B0,00,0008,00,00,00,00,00,00,00,00,00,00,0D,81,00,01,00,00,00,0000,00,00,0000,00,00,00,00,0008,0008,00,00,00,0008,0008,00,00,00,00,36,B0
897,00,00,01,00,01,B0,00,0008,00,00,00,00,00,00,00,00,00,00,0D,80,00,01,00,00,00,0000,00,00,0000,00,00,00,00,0008,0008,00,00,00,0008,0008,00,00,00,00,37,B0
898,00,00,01,00,01,B0,00,0008,00,00,00,00,00,00,00,00,00,00,0D,7F,00,01,00,00,00,0000,00,00,0000,00,00,00,00,0008,0008,00,00,00,0008,0008,00,00,00,00,38,B0
899,00,00,01,00,01,B0,00,0008,00,00,00,00,00,00,00,00,00,00,0D,7E,00,01,00,00,00,0000,00,00,0000,00,00,00,00,0008,0008,00,00,00,0008,0008,00,00,00,00,39,B0
900,00,00,01,00,01,B0,00,0008,00,00,00,00,00,00,00,00,00,00,0D,7D,00,01,00,00,00,0000,00,00,0000,00,00,00,00,0008,0008,00,00,00,0008,0008,00,00,00,00,3A,B0
901,00,00,01,00,01,B0,00,0008,00,00,00,00,00,00,00,00,00,00,0D,7C,00,01,00,00,00,0000,00,00,0000,00,00,00,00,0008,0008,00,00,00,0008,0008,00,00,00,00,3B,B0
902,00,00,01,00,01,B0,00,0008,00,00,00,00,00,00,00,00,00,00,0D,7B,00,01,00,00,00,0000,00,00,0000,00,00,00,00,0008,0008,00,00,00,0008,0008,00,00,00,00,3C,B0
903,00,00,01,00,01,B0,00,0008,00,00,00,00,00,00,00,00,00,00,0D,7A,00,01,00,00,00,0000,00,00,0000,00,00,00,00,0008,0008,00,00,00,0008,0008,00,00,00,00,3D,B0
904,00,00,01,00,01,B0,00,0008,00,00,00,00,00,00,00,00,00,00,0D,79,00,01,00,00,00,0000,00,00,0000,00,00,00,00,0008,0008,00,00,00,0008,0008,00,00,00,00,3E,B0
905,00,00,01,00,01,B0,00,0008,00,00,00,00,00,00,00,00,00,00,0D,78,00,01,00,00,00,0000,00,00,0000,00,00,00,00,0008,0008,00,00,00,0008,0008,00,00,00,00,3F,B0
906,00,00,01,00,01,B0,00,0008,00,00,00,00,00,00,00,00,00,00,0D,77,00,01,00,00,00,0000,00,00,0000,00,00,00,00,0008,0008,00,00,00,0008,0008,00,00,00,00,40,B0
907,00,00,01,00,01,B0,00,0008,00,00,00,00,00,00,00,00,00,00,0D,76,00,01,00,00,00,0000,00,00,0000,00,00,00,00,0008,0008,00,00,00,0008,0008,00,00,00,00,41,B0
908,00,00,01,00,01,B0,00,0008,00,00,00,00,00,00,00,00,00,00,0D,75,00,01,00,00,00,0000,00,00,0000,00,00,00,00,0008,0008,00,00,00,0008,0008,00,00,00,00,42,B0
909,00,00,01,00,01,B0,00,0008,00,00,00,00,00,00,00,00,00,00,0D,74,00,01,00,00,00,0000,00,00,0000,00,00,00,00,0008,0008,00,00,00,0008,0008,00,00,00,00,43,B0
910,00,00,01,00,01,B0,00,0008,00,00,00,00,00,00,00,00,00,00,0D,73,00,01,00,00,00,0000,00,00,0000,00,00,00,00,0008,0008,00,00,00,0008,0008,00,00,00,00,44,B0
911,00,00,01,00,01,B0,00,0008,00,00,00,00,00,00,00,00,00,00,0D,72,00,01,00,00,00,0000,00,00,0000,00,00,00,00,0008,0008,00,00,00,0008,0008,00,00,00,00,45,B0
912,00,00,01,00,01,B0,00,0008,00,00,00,00,00,00,00,00,00,00,0D,71,00,01,00,00,00,0000,00,00,0000,00,00,00,00,0008,0008,00,00,00,0008,0008,00,00,00,00,46,B0
913,00,00,01,00,01,B0,00,0008,00,00,00,00,00,00,00,00,00,00,0D,70,00,01,00,00,00,0000,00,00,0000,00,00,00,00,0008,0008,00,00,00,0008,0008,00,00,00,00,47,B0
914,00,00,01,00,01,B0,00,0008,00,00,00,00,00,00,00,00,00,00,0D,6F,00,01,00,00,00,0000,00,00,0000,00,00,00,00,0008,0008,00,00,00,0008,0008,00,00,00,00,48,B0
915,00,00,01,00,01,B0,00,0008,00,00,00,00,00,00,00,00,00,00,0D,6E,00,01,00,00,00,0000,00,00,0000,00,00,00,00,0008,0008,00,00,00,0008,0008,00,00,00,00,49,B0
916,00,00,01,00,01,B0,00,0008,00,00,00,00,00,00,00,00,00,00,0D,6D,00,01,00,00,00,0000,00,00,0000,00,00,00,00,0008,0008,00,00,00,0008,0008,00,00,00,00,4A,B0
917,00,00,01,00,01,B0,00,0008,00,00,00,00,00,00,00,00,00,00,0D,6C,00,01,00,00,00,0000,00,00,0000,00,00,00,00,0008,0008,00,00,00,0008,0008,00,00,00,00,4B,B0
918,00,00,01,00,01,B0,00,0008,00,00,00,00,00,00,00,00,00,00,0D,6B,00,01,00,00,00,0000,00,00,0000,00,00,00,00,0008,0008,00,00,00,0008,0008,00,00,00,00,4C,B0
919,00,00,01,00,01,B0,00,0008,00,00,00,00,00,00,00,00,00,00,0D,6A,00,01,00,00,00,0000,00,00,0000,00,00,00,00,0008,0008,00,00,00,0008,0008,00,00,00,00,4D,B0
920,00,00,01,00,01,B0,00,0008,00,00,00,00,00,00,00,00,00,00,0D,69,00,01,00,00,00,0000,00,00,0000,00,00,00,00,0008,0008,00,00,00,0008,0008,00,00,00,00,4E,B0
921,00,00,01,00,01,B0,00,0008,00,00,00,00,00,00,00,00,00,00,0D,68,00,01,00,00,00,0000,00,00,0000,00,00,00,00,0008,0008,00,00,00,0008,0008,00,00,00,00,4F,B0
922,00,00,01,00,01,B0,00,0008,00,00,00,00,00,00,00,00,00,00,0D,67,00,01,00,00,00,0000,00,00,0000,00,00,00,00,0008,0008,00,00,00,0008,0008,00,00,00,00,50,B0
923,00,00,01,00,01,B0,00,0008,00,00,00,00,00,00,00,00,00,00,0D,66,00,01,00,00,00,0000,00,00,0000,00,00,00,00,0008,0008,00,00,00,0008,0008,00,00,00,00,51,B0
924,00,00,01,00,01,B0,00,0008,00,00,00,00,00,00,00,00,00,00,0D,65,00,01,00,00,00,0000,00,00,0000,00,00,00,00,0008,0008,00,00,00,0008,0008,00,00,00,00,52,B0
925,00,00,01,00,01,B0,00,0008,00,00,00,00,00,00,00,00,00,00,0D,64,00,01,00,00,00,0000,00,00,0000,00,00,00,00,0008,0008,00,00,00,0008,0008,00,00,00,00,53,B0
926,00,00,01,00,01,B0,00,0008,00,00,00,00,00,00,00,00,00,00,0D,63,00,01,00,00,00,0000,00,00,0000,00,00,00,00,0008,0008,00,00,00,0008,0008,00,00,00,00,54,B0
927,00,00,01,00,01,B0,00,0008,00,00,00,00,00,00,00,00,00,00,0D,62,00,01,00,00,00,0000,00,00,0000,00,00,00,00,0008,0008,00,00,00,0008,0008,00,00,00,00,55,B0
928,00,00,01,00,01,B0,00,0008,00,00,00,00,00,00,00,00,00,00,0D,61,00,01,00,00,00,0000,00,00,0000,00,00,00,00,0008,0008,00,00,00,0008,0008,00,00,00,00,56,B0
929,00,00,01,00,01,B0,00,0008,00,00,00,00,00,00,00,00,00,00,0D,60,00,01,00,00,00,0000,00,00,0000,00,00,00,00,0008,0008,00,00,00,0008,0008,00,00,00,00,57,B0
930,00,00,01,00,01,B0,00,0008,00,00,00,00,00,00,00,00,00,00,0D,5F,00,01,00,00,00,0000,00,00,0000,00,00,00,00,0008,0008,00,00,00,0008,0008,00,00,00,00,58,B0
931,00,00,01,00,01,B0,00,0008,00,00,00,00,00,00,00,00,00,00,0D,5E,00,01,00,00,00,0000,00,00,0000,00,00,00,00,0008,0008,00,00,00,0008,0008,00,00,00,00,59,B0
932,00,00,01,00,01,B0,00,0008,00,00,00,00,00,00,00,00,00,00,0D,5D,00,01,00,00,00,0000,00,00,0000,00,00,00,00,0008,0008,00,00,00,0008,0008,00,00,00,00,5A,B0
933,00,00,01,00,01,B0,00,0008,00,00,00,00,00,00,00,00,00,00,0D,5C,00,01,00,00,00,0000,00,00,0000,00,00,00,00,0008,0008,00,00,00,0008,0008,00,00,00,00,5B,B0
934,00,00,01,00,01,B0,00,0008,00,00,00,00,00,00,00,00,00,00,0D,5B,00,01,00,00,00,0000,00,00,0000,00,00,00,00,0008,0008,00,00,00,0008,0008,00,00,00,00,5C,B0
935,00,00,01,00,01,B0,00,0008,00,00,00,00,00,00,00,00,00,00,0D,5A,00,01,00,00,00,0000,00,00,0000,00,00,00,00,0008,0008,00,00,00,0008,0008,00,00,00,00,5D,B0
936,00,00,01,00,01,B0,00,0008,00,00,00,00,00,00,00,00,00,00,0D,59,00,01,00,00,00,0000,00,00,0000,00,00,00,00,0008,0008,00,00,00,0008,0008,00,00,00,00,5E,B0
937,00,00,01,00,01,B0,00,0008,00,00,00,00,00,00,00,00,00,00,0D,58,00,01,00,00,00,0000,00,00,0000,00,00,00,00,0008,0008,00,00,00,0008,0008,00,00,00,00,5F,B0
938,00,00,01,00,01,B0,00,0008,00,00,00,00,00,00,00,00,00,00,0D,57,00,01,00,00,00,0000,00,00,0000,00,00,00,00,0008,0008,00,00,00,0008,0008,00,00,00,00,60,B0
939,00,00,01,00,01,B0,00,0008,00,00,00,00,00,00,00,00,00,00,0D,56,00,01,00,00,00,0000,00,00,0000,00,00,00,00,0008,0008,00,00,00,0008,0008,00,00,00,00,61,B0
940,00,00,01,00,01,B0,00,0008,00,00,00,00,00,00,00,00,00,00,0D,55,00,01,00,00,00,0000,00,00,0000,00,00,00,00,0008,0008,00,00,00,0008,0008,00,00,00,00,62,B0
941,00,00,01,00,01,B0,00,0008,00,00,00,00,00,00,00,00,00,00,0D,54,00,01,00,00,00,0000,00,00,0000,00,00,00,00,0008,0008,00,00,00,0008,0008,00,00,00,00,63,B0
942,00,00,01,00,01,B0,00,0008,00,00,00,00,00,00,00,00,00,00,0D,53,00,01,00,00,00,0000,00,00,0000,00,00,00,00,0008,0008,00,00,00,0008,0008,00,00,00,00,64,B0
943,00,00,01,00,01,B0,00,0008,00,00,00,00,00,00,00,00,00,00,0D,52,00,01,00,00,00,0000,00,00,0000,00,00,00,00,0008,0008,00,00,00,0008,0008,00,00,00,00,65,B0
944,00,00,01,00,01,B0,00,0008,00,00,00,00,00,00,00,00,00,00,0D,51,00,01,00,00,00,0000,00,00,0000,00,00,00,00,0008,0008,00,00,00,0008,0008,00,00,00,00,66,B0
945,00,00,01,00,01,B0,00,0008,00,00,00,00,00,00,00,00,00,00,0D,50,00,01,00,00,00,0000,00,00,0000,00,00,00,00,0008,0008,00,00,00,0008,0008,00,00,00,00,67,B0
946,00,00,01,00,01,B0,00,0008,00,00,00,00,00,00,00,00,00,00,0D,4F,00,01,00,00,00,0000,00,00,0000,00,00,00,00,0008,0008,00,00,00,0008,0008,00,00,00,00,68,B0
947,00,00,01,00,01,B0,00,0008,00,00,00,00,00,00,00,00,00,00,0D,4E,00,01,00,00,00,0000,00,00,0000,00,00,00,00,0008,0008,00,00,00,0008,0008,00,00,00,00,69,B0
948,00,00,01,00,01,B0,00,0008,00,00,00,00,00,00,00,00,00,00,0D,4D,00,01,00,00,00,0000,00,00,0000,00,00,00,00,0008,0008,00,00,00,0008,0008,00,00,00,00,6A,B0
949,00,00,01,00,01,B0,00,0008,00,00,00,00,00,00,00,00,00,00,0D,4C,00,01,00,00,00,0000,00,00,0000,00,00,00,00,0008,0008,00,00,00,0008,0008,00,00,00,00,6B,B0
950,00,00,01,00,01,B0,00,0008,00,00,00,00,00,00,00,00,00,00,0D,4B,00,01,00,00,00,0000,00,00,0000,00,00,00,00,0008,0008,00,00,00,0008,0008,00,00,00,00,6C,B0
951,00,00,01,00,01,B0,00,0008,00,00,00,00,00,00,00,00,00,00,0D,4A,00,01,00,00,00,0000,00,00,0000,00,00,00,00,0008,0008,00,00,00,0008,0008,00,00,00,00,6D,B0
952,00,00,01,00,01,B0,00,0008,00,00,00,00,00,00,00,00,00,00,0D,49,00,01,00,00,00,0000,00,00,0000,00,00,00,00,0008,0008,00,00,00,0008,0008,00,00,00,00,6E,B0
953,00,00,01,00,01,B0,00,0008,00,00,00,00,00,00,00,00,00,00,0D,48,00,01,00,00,00,0000,00,00,0000,00,00,00,00,0008,0008,00,00,00,0008,0008,00,00,00,00,6F,B0
954,00,00,01,00,01,B0,00,0008,00,00,00,00,00,00,00,00,00,00,0D,47,00,01,00,00,00,0000,00,00,0000,00,00,00,00,0008,0008,00,00,00,0008,0008,00,00,00,00,70,B0
955,00,00,01,00,01,B0,00,0008,00,00,00,00,00,00,00,00,00,00,0D,46,00,01,00,00,00,0000,00,00,0000,00,00,00,00,0008,0008,00,00,00,0008,0008,00,00,00,00,71,B0
956,00,00,01,00,01,B0,00,0008,00,00,00,00,00,00,00,00,00,00,0D,45,00,01,00,00,00,0000,00,00,0000,00,00,00,00,0008,0008,00,00,00,0008,0008,00,00,00,00,72,B0
957,00,00,01,00,01,B0,00,0008,00,00,00,00,00,00,00,00,00,00,0D,44,00,01,00,00,00,0000,00,00,0000,00,00,00,00,0008,0008,00,00,00,0008,0008,00,00,00,00,73,B0
958,00,00,01,00,01,B0,00,0008,00,00,00,00,00,00,00,00,00,00,0D,43,00,01,00,00,00,0000,00,00,0000,00,00,00,00,0008,0008,00,00,00,0008,0008,00,00,00,00,74,B0
959,00,00,01,00,01,B0,00,0008,00,00,00,00,00,00,00,00,00,00,0D,42,00,01,00,00,00,0000,00,00,0000,00,00,00,00,0008,0008,00,00,00,0008,0008,00,00,00,00,75,B0
960,00,00,01,00,01,B0,00,0008,00,00,00,00,00,00,00,00,00,00,0D,41,00,01,00,00,00,0000,00,00,0000,00,00,00,00,0008,0008,00,00,00,0008,0008,00,00,00,00,76,B0
961,00,00,01,00,01,B0,00,0008,00,00,00,00,00,00,00,00,00,00,0D,40,00,01,00,00,00,0000,00,00,0000,00,00,00,00,0008,0008,00,00,00,0008,0008,00,00,00,00,77,B0
962,00,00,01,00,01,B0,00,0008,00,00,00,00,00,00,00,00,00,00,0D,3F,00,01,00,00,00,0000,00,00,0000,00,00,00,00,0008,0008,00,00,00,0008,0008,00,00,00,00,78,B0
963,00,00,01,00,01,B0,00,0008,00,00,00,00,00,00,00,00,00,00,0D,3E,00,01,00,00,00,0000,00,00,0000,00,00,00,00,0008,0008,00,00,00,0008,0008,00,00,00,00,79,B0
964,00,00,01,00,01,B0,00,0008,00,00,00,00,00,00,00,00,00,00,0D,3D,00,01,00,00,00,0000,00,00,0000,00,00,00,00,0008,0008,00,00,00,0008,0008,00,00,00,00,7A,B0
965,00,00,01,00,01,B0,00,0008,00,00,00,00,00,00,00,00,00,00,0D,3C,00,01,00,00,00,0000,00,00,0000,00,00,00,00,0008,0008,00,00,00,0008,0008,00,00,00,00,7B,B0
966,00,00,01,00,01,B0,00,0008,00,00,00,00,00,00,00,00,00,00,0D,3B,00,01,00,00,00,0000,00,00,0000,00,00,00,00,0008,0008,00,00,00,0008,0008,00,00,00,00,7C,B0
967,00,00,01,00,01,B0,00,0008,00,00,00,00,00,00,00,00,00,00,0D,3A,00,01,00,00,00,0000,00,00,0000,00,00,00,00,0008,0008,00,00,00,0008,0008,00,00,00,00,7D,B0
968,00,00,01,00,01,B0,00,0008,00,00,00,00,00,00,00,00,00,00,0D,39,00,01,00,00,00,0000,00,00,0000,00,00,00,00,0008,0008,00,00,00,0008,0008,00,00,00,00,7E,B0
969,00,00,01,00,01,B0,00,0008,00,00,00,00,00,00,00,00,00,00,0D,38,00,01,00,00,00,0000,00,00,0000,00,00,00,00,0008,0008,00,00,00,0008,0008,00,00,00,00,7F,B0
970,00,00,01,00,01,B0,00,0008,00,00,00,00,00,00,00,00,00,00,0D,37,00,01,00,00,00,0000,00,00,0000,00,00,00,00,0008,0008,00,00,00,0008,0008,00,00,00,00,80,B0
971,00,00,01,00,01,B0,00,0008,00,00,00,00,00,00,00,00,00,00,0D,36,00,01,00,00,00,0000,00,00,0000,00,00,00,00,0008,0008,00,00,00,0008,0008,00,00,00,00,81,B0
972,00,00,01,00,01,B0,00,0008,00,00,00,00,00,00,00,00,00,00,0D,35,00,01,00,00,00,0000,00,00,0000,00,00,00,00,0008,0008,00,00,00,0008,0008,00,00,00,00,82,B0
973,00,00,01,00,01,B0,00,0008,00,00,00,00,00,00,00,00,00,00,0D,34,00,01,00,00,00,0000,00,00,0000,00,00,00,00,0008,0008,00,00,00,0008,0008,00,00,00,00,83,B0
974,00,00,01,00,01,B0,00,0008,00,00,00,00,00,00,00,00,00,00,0D,33,00,01,00,00,00,0000,00,00,0000,00,00,00,00,0008,0008,00,00,00,0008,0008,00,00,00,00,84,B0
975,00,00,01,00,01,B0,00,0008,00,00,00,00,00,00,00,00,00,00,0D,32,00,01,00,00,00,0000,00,00,0000,00,00,00,00,0008,0008,00,00,00,0008,0008,00,00,00,00,85,B0
976,00,00,01,00,01,B0,00,0008,00,00,00,00,00,00,00,00,00,00,0D,31,00,01,00,00,00,0000,00,00,0000,00,00,00,00,0008,0008,00,00,00,0008,0008,00,00,00,00,86,B0
977,00,00,01,00,01,B0,00,0008,00,00,00,00,00,00,00,00,00,00,0D,30,00,01,00,00,00,0000,00,00,0000,00,00,00,00,0008,0008,00,00,00,0008,0008,00,00,00,00,87,B0
978,00,00,01,00,01,B0,00,0008,00,00,00,00,00,00,00,00,00,00,0D,2F,00,01,00,00,00,0000,00,00,0000,00,00,00,00,0008,0008,00,00,00,0008,0008,00,00,00,00,88,B0
979,00,00,01,00,01,B0,00,0008,00,00,00,00,00,00,00,00,00,00,0D,2E,00,01,00,00,00,0000,00,00,0000,00,00,00,00,0008,0008,00,00,00,0008,0008,00,00,00,00,89,B0
980,00,00,01,00,01,B0,00,0008,00,00,00,00,00,00,00,00,00,00,0D,2D,00,01,00,00,00,0000,00,00,0000,00,00,00,00,0008,0008,00,00,00,0008,0008,00,00,00,00,8A,B0
981,00,00,01,00,01,B0,00,0008,00,00,00,00,00,00,00,00,00,00,0D,2C,00,01,00,00,00,0000,00,00,0000,00,00,00,00,0008,0008,00,00,00,0008,0008,00,00,00,00,8B,B0
982,00,00,01,00,01,B0,00,0008,00,00,00,00,00,00,00,00,00,00,0D,2B,00,01,00,00,00,0000,00,00,0000,00,00,00,00,0008,0008,00,00,00,0008,0008,00,00,00,00,8C,B0
983,00,00,01,00,01,B0,00,0008,00,00,00,00,00,00,00,00,00,00,0D,2A,00,01,00,00,00,0000,00,00,0000,00,00,00,00,0008,0008,00,00,00,0008,0008,00,00,00,00,8D,B0
984,00,00,01,00,01,B0,00,0008,00,00,00,00,00,00,00,00,00,00,0D,29,00,01,00,00,00,0000,00,00,0000,00,00,00,00,0008,0008,00,00,00,0008,0008,00,00,00,00,8E,B0
985,00,00,01,00,01,B0,00,0008,00,00,00,00,00,00,00,00,00,00,0D,28,00,01,00,00,00,0000,00,00,0000,00,00,00,00,0008,0008,00,00,00,0008,0008,00,00,00,00,8F,B0
986,00,00,01,00,01,B0,00,0008,00,00,00,00,00,00,00,00,00,00,0D,27,00,01,00,00,00,0000,00,00,0000,00,00,00,00,0008,0008,00,00,00,0008,0008,00,00,00,00,90,B0
987,00,00,01,00,01,B0,00,0008,00,00,00,00,00,00,00,00,00,00,0D,26,00,01,00,00,00,0000,00,00,0000,00,00,00,00,0008,0008,00,00,00,0008,0008,00,00,00,00,91,B0
988,00,00,01,00,01,B0,00,0008,00,00,00,00,00,00,00,00,00,00,0D,25,00,01,00,00,00,0000,00,00,0000,00,00,00,00,0008,0008,00,00,00,0008,0008,00,00,00,00,92,B0
989,00,00,01,00,01,B0,00,0008,00,00,00,00,00,00,00,00,00,00,0D,24,00,01,00,00,00,0000,00,00,0000,00,00,00,00,0008,0008,00,00,00,0008,0008,00,00,00,00,93,B0
990,00,00,01,00,01,B0,00,0008,00,00,00,00,00,00,00,00,00,00,0D,23,00,01,00,00,00,0000,00,00,0000,00,00,00,00,0008,0008,00,00,00,0008,0008,00,00,00,00,94,B0
991,00,00,01,00,01,B0,00,0008,00,00,00,00,00,00,00,00,00,00,0D,22,00,01,00,00,00,0000,00,00,0000,00,00,00,00,0008,0008,00,00,00,0008,0008,00,00,00,00,95,B0
992,00,00,01,00,01,B0,00,0008,00,00,00,00,00,00,00,00,00,00,0D,21,00,01,00,00,00,0000,00,00,0000,00,00,00,00,0008,0008,00,00,00,0008,0008,00,00,00,00,96,B0
993,00,00,01,00,01,B0,00,0008,00,00,00,00,00,00,00,00,00,00,0D,20,00,01,00,00,00,0000,00,00,0000,00,00,00,00,0008,0008,00,00,00,0008,0008,00,00,00,00,97,B0
994,00,00,01,00,01,B0,00,0008,00,00,00,00,00,00,00,00,00,00,0D,1F,00,01,00,00,00,0000,00,00,0000,00,00,00,00,0008,0008,00,00,00,0008,0008,00,00,00,00,98,B0
995,00,00,01,00,01,B0,00,0008,00,00,00,00,00,00,00,00,00,00,0D,1E,00,01,00,00,00,0000,00,00,0000,00,00,00,00,0008,0008,00,00,00,0008,0008,00,00,00,00,99,B0
996,00,00,01,00,01,B0,00,0008,00,00,00,00,00,00,00,00,00,00,0D,1D,00,01,00,00,00,0000,00,00,0000,00,00,00,00,0008,0008,00,00,00,0008,0008,00,00,00,00,9A,B0
997,00,00,01,00,01,B0,00,0008,00,00,00,00,00,00,00,00,00,00,0D,1C,00,01,00,00,00,0000,00,00,0000,00,00,00,00,0008,0008,00,00,00,0008,0008,00,00,00,00,9B,B0
998,00,00,01,00,01,B0,00,0008,00,00,00,00,00,00,00,00,00,00,0D,1B,00,01,00,00,00,0000,00,00,0000,00,00,00,00,0008,0008,00,00,00,0008,0008,00,00,00,00,9C,B0
999,00,00,01,00,01,B0,00,0008,00,00,00,00,00,00,00,00,00,00,0D,1A,00,01,00,00,00,0000,00,00,0000,00,00,00,00,0008,0008,00,00,00,0008,0008,00,00,00,00,9D,B0
1000,00,00,01,00,01,B0,00,0008,00,00,00,00,00,00,00,00,00,00,0D,19,00,01,00,00,00,0000,00,00,0000,00,00,00,00,0008,0008,00,00,00,0008,0008,00,00,00,00,9E,B0
1001,00,00,01,00,01,B0,00,0008,00,00,00,00,00,00,00,00,00,00,0D,18,00,01,00,00,00,0000,00,00,0000,00,00,00,00,0008,0008,00,00,00,0008,0008,00,00,00,00,9F,B0
1002,00,00,01,00,01,B0,00,0008,00,00,00,00,00,00,00,00,00,00,0D,17,00,01,00,00,00,0000,00,00,0000,00,00,00,00,0008,0008,00,00,00,0008,0008,00,00,00,00,A0,B0
1003,00,00,01,00,01,B0,00,0008,00,00,00,00,00,00,00,00,00,00,0D,16,00,01,00,00,00,0000,00,00,0000,00,00,00,00,0008,0008,00,00,00,0008,0008,00,00,00,00,A1,B0
1004,00,00,01,00,01,B0,00,0008,00,00,00,00,00,00,00,00,00,00,0D,15,00,01,00,00,00,0000,00,00,0000,00,00,00,00,0008,0008,00,00,00,0008,0008,00,00,00,00,A2,B0
1005,00,00,01,00,01,B0,00,0008,00,00,00,00,00,00,00,00,00,00,0D,14,00,01,00,00,00,0000,00,00,0000,00,00,00,00,0008,0008,00,00,00,0008,0008,00,00,00,00,A3,B0
1006,00,00,01,00,01,B0,00,0008,00,00,00,00,00,00,00,00,00,00,0D,13,00,01,00,00,00,0000,00,00,0000,00,00,00,00,0008,0008,00,00,00,0008,0008,00,00,00,00,A4,B0
1007,00,00,01,00,01,B0,00,0008,00,00,00,00,00,00,00,00,00,00,0D,12,00,01,00,00,00,0000,00,00,0000,00,00,00,00,0008,0008,00,00,00,0008,0008,00,00,00,00,A5,B0
1008,00,00,01,00,01,B0,00,0008,00,00,00,00,00,00,00,00,00,00,0D,11,00,01,00,00,00,0000,00,00,0000,00,00,00,00,0008,0008,00,00,00,0008,0008,00,00,00,00,A6,B0
1009,00,00,01,00,01,B0,00,0008,00,00,00,00,00,00,00,00,00,00,0D,10,00,01,00,00,00,0000,00,00,0000,00,00,00,00,0008,0008,00,00,00,0008,0008,00,00,00,00,A7,B0
1010,00,00,01,00,01,B0,00,0008,00,00,00,00,00,00,00,00,00,00,0D,0F,00,01,00,00,00,0000,00,00,0000,00,00,00,00,0008,0008,00,00,00,0008,0008,00,00,00,00,A8,B0
1011,00,00,01,00,01,B0,00,0008,00,00,00,00,00,00,00,00,00,00,0D,0E,00,01,00,00,00,0000,00,00,0000,00,00,00,00,0008,0008,00,00,00,0008,0008,00,00,00,00,A9,B0
1012,00,00,01,00,01,B0,00,0008,00,00,00,00,00,00,00,00,00,00,0D,0D,00,01,00,00,00,0000,00,00,0000,00,00,00,00,0008,0008,00,00,00,0008,0008,00,00,00,00,AA,B0
1013,00,00,01,00,01,B0,00,0008,00,00,00,00,00,00,00,00,00,00,0D,0C,00,01,00,00,00,0000,00,00,0000,00,00,00,00,0008,0008,00,00,00,0008,0008,00,00,00,00,AB,B0
1014,00,00,01,00,01,B0,00,0008,00,00,00,00,00,00,00,00,00,00,0D,0B,00,01,00,00,00,0000,00,00,0000,00,00,00,00,0008,0008,00,00,00,0008,0008,00,00,00,00,AC,B0
1015,00,00,01,00,01,B0,00,0008,00,00,00,00,00,00,00,00,00,00,0D,0A,00,01,00,00,00,0000,00,00,0000,00,00,00,00,0008,0008,00,00,00,0008,0008,00,00,00,00,AD,B0
1016,00,00,01,00,01,B0,00,0008,00,00,00,00,00,00,00,00,00,00,0D,09,00,01,00,00,00,0000,00,00,0000,00,00,00,00,0008,0008,00,00,00,0008,0008,00,00,00,00,AE,B0
1017,00,00,01,00,01,B0,00,0008,00,00,00,00,00,00,00,00,00,00,0D,08,00,01,00,00,00,0000,00,00,0000,00,00,00,00,0008,0008,00,00,00,0008,0008,00,00,00,00,AF,B0
1018,00,00,01,00,01,B0,00,0008,00,00,00,00,00,00,00,00,00,00,0D,07,00,01,00,00,00,0000,00,00,0000,00,00,00,00,0008,0008,00,00,00,0008,0008,00,00,00,00,B0,B0
1019,00,00,01,00,01,B0,00,0008,00,00,00,00,00,00,00,00,00,00,0D,06,00,01,00,00,00,0000,00,00,0000,00,00,00,00,0008,0008,00,00,00,0008,0008,00,00,00,00,B1,B0
1020,00,00,01,00,01,B0,00,0008,00,00,00,00,00,00,00,00,00,00,0D,05,00,01,00,00,00,0000,00,00,0000,00,00,00,00,0008,0008,00,00,00,0008,0008,00,00,00,00,B2,B0
1021,00,00,01,00,01,B0,00,0008,00,00,00,00,00,00,00,00,00,00,0D,04,00,01,00,00,00,0000,00,00,0000,00,00,00,00,0008,0008,00,00,00,0008,0008,00,00,00,00,B3,B0
1022,00,00,01,00,01,B0,00,0008,00,00,00,00,00,00,00,00,00,00,0D,03,00,01,00,00,00,0000,00,00,0000,00,00,00,00,0008,0008,00,00,00,0008,0008,00,00,00,00,B4,B0
1023,00,00,01,00,01,B0,00,0008,00,00,00,00,00,00,00,00,00,00,0D,02,00,01,00,00,00,0000,00,00,0000,00,00,00,00,0008,0008,00,00,00,0008,0008,00,00,00,00,B5,B0
1024,00,00,01,00,01,B0,00,0008,00,00,00,00,00,00,00,00,00,00,0D,01,00,01,00,00,00,0000,00,00,0000,00,00,00,00,0008,0008,00,00,00,0008,0008,00,00,00,00,B6,B0
1025,00,00,01,00,01,B0,00,0008,00,00,00,00,00,00,00,00,00,00,0D,00,00,01,00,00,00,0000,00,00,0000,00,00,00,00,0008,0008,00,00,00,0008,0008,00,00,00,00,B7,B0
1026,00,01,00,00,01,B0,00,0008,00,00,00,00,00,00,00,00,00,00,0E,02,00,00,00,00,00,0000,00,00,0000,00,00,00,00,0008,0008,00,00,00,0008,0008,00,00,00,00,B8,B0
1027,00,01,00,00,01,30,00,0008,00,00,00,00,00,00,00,00,00,00,0E,02,00,00,00,00,00,0000,00,00,0000,00,00,40,00,0008,0008,00,00,00,0008,0008,02,00,00,00,B9,30
1028,00,01,00,00,01,30,00,0008,00,00,00,00,00,00,00,00,00,00,0E,02,00,00,00,00,00,0000,00,00,0000,00,00,40,00,0008,0008,00,00,00,0008,0008,05,00,00,00,B9,30
1029,00,01,00,00,01,30,00,0008,00,00,00,00,00,00,00,00,00,00,0E,02,00,00,00,00,00,0000,00,00,0000,00,00,40,00,0008,0008,00,00,00,0008,0008,05,00,00,00,B9,30
1030,00,01,00,00,01,B0,00,0001,00,00,00,00,00,00,00,00,00,00,0E,02,00,00,00,00,00,0000,00,00,0000,00,00,00,00,0008,0008,00,00,00,0008,0008,08,01,00,00,B9,B0
1031,00,01,00,00,01,B0,00,0008,00,00,00,00,00,00,00,00,00,00,0E,02,00,00,00,00,00,0000,00,00,0000,00,00,00,00,0008,0008,00,00,00,0008,0008,08,02,00,00,BA,B0
1032,00,01,00,00,01,B0,00,0008,00,00,00,00,00,00,00,00,00,00,0E,02,00,00,00,00,00,0000,00,00,0000,00,00,00,00,0008,0008,00,00,00,0008,0008,08,03,00,00,BB,B0
1033,00,01,00,00,01,B0,00,0008,00,00,00,00,00,00,00,00,00,00,0E,02,00,00,00,00,00,0000,00,00,0000,00,00,00,00,0008,0008,00,00,00,0008,0008,08,04,00,00,BC,B0
1034,00,01,00,00,01,B0,00,0008,00,00,00,00,00,00,00,00,00,00,0E,02,00,00,00,00,00,0000,00,00,0000,00,00,00,00,0008,0008,00,00,00,0008,0008,08,05,00,00,BD,B0
1035,00,01,00,00,01,B0,00,0008,00,00,00,00,00,00,00,00,00,00,0E,02,00,00,00,00,00,0000,00,00,0000,00,00,00,00,0008,0008,00,00,00,0008,0008,08,06,00,00,BE,B0
1036,00,01,00,00,01,B0,00,0008,00,00,00,00,00,00,00,00,00,00,0E,02,00,00,00,00,00,0000,00,00,0000,00,00,00,00,0008,0008,00,00,00,0008,0008,08,07,00,00,BF,B0
1037,00,01,00,00,01,B0,00,0008,00,00,00,00,00,00,00,00,00,00,0E,02,00,00,00,00,00,0000,00,00,0000,00,00,00,00,0008,0008,00,00,00,0008,0008,08,08,00,00,C0,B0
1038,00,01,00,00,01,B0,00,0008,00,00,00,00,00,00,00,00,00,00,0E,02,00,00,00,00,00,0000,00,00,0000,00,00,00,00,0008,0008,00,00,00,0008,0008,08,09,00,00,C1,B0
1039,00,01,00,00,01,B0,00,0008,00,00,00,00,00,00,00,00,00,00,0E,02,00,00,00,00,00,0000,00,00,0000,00,00,00,00,0008,0008,00,00,00,0008,0008,08,0A,00,00,C2,B0
1040,00,01,00,00,01,B0,00,0008,00,00,00,00,00,00,00,00,00,00,0E,02,00,00,00,00,00,0000,00,00,0000,00,00,00,00,0008,0008,00,00,00,0008,0008,08,0B,00,00,C3,B0
1041,00,01,00,00,01,B0,00,0008,00,00,00,00,00,00,00,00,00,00,0E,02,00,00,00,00,00,0000,00,00,0000,00,00,00,00,0008,0008,00,00,00,0008,0008,08,0C,00,00,C4,B0
1042,00,01,00,00,01,B0,00,0008,00,00,00,00,00,00,00,00,00,00,0E,02,00,00,00,00,00,0000,00,00,0000,00,00,00,00,0008,0008,00,00,00,0008,0008,08,0D,00,00,C5,B0
1043,00,01,00,00,01,B0,00,0008,00,00,00,00,00,00,00,00,00,00,0E,02,00,00,00,00,00,0000,00,00,0000,00,00,00,00,0008,0008,00,00,00,0008,0008,08,0E,00,00,C6,B0
1044,00,01,00,00,01,B0,00,0008,00,00,00,00,00,00,00,00,00,00,0E,02,00,00,00,00,00,0000,00,00,0000,00,00,00,00,0008,0008,00,00,00,0008,0008,08,0F,00,00,C7,B0
1045,00,01,00,00,01,B0,00,0008,00,00,00,00,00,00,00,00,00,00,0E,02,00,00,00,00,00,0000,00,00,0000,00,00,00,00,0008,0008,00,00,00,0008,0008,08,10,00,00,C8,B0
1046,00,01,00,00,01,B0,00,0008,00,00,00,00,00,00,00,00,00,00,0E,02,00,00,00,00,00,0000,00,00,0000,00,00,00,00,0008,0008,00,00,00,0008,0008,08,11,00,00,C9,B0
1047,00,01,00,00,01,B0,00,0008,00,00,00,00,00,00,00,00,00,00,0E,02,00,00,00,00,00,0000,00,00,0000,00,00,00,00,0008,0008,00,00,00,0008,0008,08,12,00,00,CA,B0
1048,00,01,00,00,01,B0,00,0008,00,00,00,00,00,00,00,00,00,00,0E,02,00,00,00,00,00,0000,00,00,0000,00,00,00,00,0008,0008,00,00,00,0008,0008,08,13,00,00,CB,B0
1049,00,01,00,00,01,B0,00,0008,00,00,00,00,00,00,00,00,00,00,0E,02,00,00,00,00,00,0000,00,00,0000,00,00,00,00,0008,0008,00,00,00,0008,0008,08,14,00,00,CC,B0
1050,00,01,00,00,01,B0,00,0008,00,00,00,00,00,00,00,00,00,00,0E,02,00,00,00,00,00,0000,00,00,0000,00,00,00,00,0008,0008,00,00,00,0008,0008,08,15,00,00,CD,B0
1051,00,01,00,00,01,B0,00,0008,00,00,00,00,00,00,00,00,00,00,0E,02,00,00,00,00,00,0000,00,00,0000,00,00,00,00,0008,0008,00,00,00,0008,0008,08,16,00,00,CE,B0
1052,00,01,00,00,01,B0,00,0008,00,00,00,00,00,00,00,00,00,00,0E,02,00,00,00,00,00,0000,00,00,0000,00,00,00,00,0008,0008,00,00,00,0008,0008,08,17,00,00,CF,B0
1053,00,01,00,00,01,B0,00,0008,00,00,00,00,00,00,00,00,00,00,0E,02,00,00,00,00,00,0000,00,00,0000,00,00,00,00,0008,0008,00,00,00,0008,0008,08,18,00,00,D0,B0
1054,00,01,00,00,01,B0,00,0008,00,00,00,00,00,00,00,00,00,00,0E,02,00,00,00,00,00,0000,00,00,0000,00,00,00,00,0008,0008,00,00,00,0008,0008,08,19,00,00,D1,B0
1055,00,01,00,00,01,B0,00,0008,00,00,00,00,00,00,00,00,00,00,0E,02,00,00,00,00,00,0000,00,00,0000,00,00,00,00,0008,0008,00,00,00,0008,0008,08,1A,00,00,D2,B0
1056,00,01,00,00,01,B0,00,0008,00,00,00,00,00,00,00,00,00,00,0E,02,00,00,00,00,00,0000,00,00,0000,00,00,00,00,0008,0008,00,00,00,0008,0008,08,1B,00,00,D3,B0
1057,00,01,00,00,01,B0,00,0008,00,00,00,00,00,00,00,00,00,00,0E,02,00,00,00,00,00,0000,00,00,0000,00,00,00,00,0008,0008,00,00,00,0008,0008,08,1C,00,00,D4,B0
1058,00,01,00,00,01,B0,00,0008,00,00,00,00,00,00,00,00,00,00,0E,02,00,00,00,00,00,0000,00,00,0000,00,00,00,00,0008,0008,00,00,00,0008,0008,08,1D,00,00,D5,B0
1059,00,01,00,00,01,B0,00,0008,00,00,00,00,00,00,00,00,00,00,0E,02,00,00,00,00,00,0000,00,00,0000,00,00,00,00,0008,0008,00,00,00,0008,0008,08,1E,00,00,D6,B0
1060,00,01,00,00,01,B0,00,0008,00,00,00,00,00,00,00,00,00,00,0E,02,00,00,00,00,00,0000,00,00,0000,00,00,00,00,0008,0008,00,00,00,0008,0008,08,1F,00,00,D7,B0
1061,00,01,00,00,01,B0,00,0008,00,00,00,00,00,00,00,00,00,00,0E,02,00,00,00,00,00,0000,00,00,0000,00,00,00,00,0008,0008,00,00,00,0008,0008,08,20,00,00,D8,B0
1062,00,01,00,00,01,B0,00,0008,00,00,00,00,00,00,00,00,00,00,0E,02,00,00,00,00,00,0000,00,00,0000,00,00,00,00,0008,0008,00,00,00,0008,0008,08,21,00,00,D9,B0
1063,00,01,00,00,01,B0,00,0008,00,00,00,00,00,00,00,00,00,00,0E,02,00,00,00,00,00,0000,00,00,0000,00,00,00,00,0008,0008,00,00,00,0008,0008,08,22,00,00,DA,B0
1064,00,01,00,00,01,B0,00,0008,00,00,00,00,00,00,00,00,00,00,0E,02,00,00,00,00,00,0000,00,00,0000,00,00,00,00,0008,0008,00,00,00,0008,0008,08,23,00,00,DB,B0
1065,00,01,00,00,01,B0,00,0008,00,00,00,00,00,00,00,00,00,00,0E,02,00,00,00,00,00,0000,00,00,0000,00,00,00,00,0008,0008,00,00,00,0008,0008,08,24,00,00,DC,B0
1066,00,01,00,00,01,B0,00,0008,00,00,00,00,00,00,00,00,00,00,0E,02,00,00,00,00,00,0000,00,00,0000,00,00,00,00,0008,0008,00,00,00,0008,0008,08,25,00,00,DD,B0
1067,00,01,00,00,01,B0,00,0008,00,00,00,00,00,00,00,00,00,00,0E,02,00,00,00,00,00,0000,00,00,0000,00,00,00,00,0008,0008,00,00,00,0008,0008,08,26,00,00,DE,B0
1068,00,01,00,00,01,B0,00,0008,00,00,00,00,00,00,00,00,00,00,0E,02,00,00,00,00,00,0000,00,00,0000,00,00,00,00,0008,0008,00,00,00,0008,0008,08,27,00,00,DF,B0
1069,00,01,00,00,01,B0,00,0008,00,00,00,00,00,00,00,00,00,00,0E,02,00,00,00,00,00,0000,00,00,0000,00,00,00,00,0008,0008,00,00,00,0008,0008,08,28,00,00,E0,B0
1070,00,01,00,00,01,B0,00,0008,00,00,00,00,00,00,00,00,00,00,0E,02,00,00,00,00,00,0000,00,00,0000,00,00,00,00,0008,0008,00,00,00,0008,0008,08,29,00,00,E1,B0
1071,00,01,00,00,01,B0,00,0008,00,00,00,00,00,00,00,00,00,00,0E,02,00,00,00,00,00,0000,00,00,0000,00,00,00,00,0008,0008,00,00,00,0008,0008,08,2A,00,00,E2,B0
1072,00,01,00,00,01,B0,00,0008,00,00,00,00,00,00,00,00,00,00,0E,02,00,00,00,00,00,0000,00,00,0000,00,00,00,00,0008,0008,00,00,00,0008,0008,08,2B,00,00,E3,B0
1073,00,01,00,00,01,B0,00,0008,00,00,00,00,00,00,00,00,00,00,0E,02,00,00,00,00,00,0000,00,00,0000,00,00,00,00,0008,0008,00,00,00,0008,0008,08,2C,00,00,E4,B0
1074,00,01,00,00,01,B0,00,0008,00,00,00,00,00,00,00,00,00,00,0E,02,00,00,00,00,00,0000,00,00,0000,00,00,00,00,0008,0008,00,00,00,0008,0008,08,2D,00,00,E5,B0
1075,00,01,00,00,01,B0,00,0008,00,00,00,00,00,00,00,00,00,00,0E,02,00,00,00,00,00,0000,00,00,0000,00,00,00,00,0008,0008,00,00,00,0008,0008,08,2E,00,00,E6,B0
1076,00,01,00,00,01,B0,00,0008,00,00,00,00,00,00,00,00,00,00,0E,02,00,00,00,00,00,0000,00,00,0000,00,00,00,00,0008,0008,00,00,00,0008,0008,08,2F,00,00,E7,B0
1077,00,01,00,00,01,B0,00,0008,00,00,00,00,00,00,00,00,00,00,0E,02,00,00,00,00,00,0000,00,00,0000,00,00,00,00,0008,0008,00,00,00,0008,0008,08,30,00,00,E8,B0
1078,00,01,00,00,01,B0,00,0008,00,00,00,00,00,00,00,00,00,00,0E,02,00,00,00,00,00,0000,00,00,0000,00,00,00,00,0008,0008,00,00,00,0008,0008,08,31,00,00,E9,B0
1079,00,01,00,00,01,B0,00,0008,00,00,00,00,00,00,00,00,00,00,0E,02,00,00,00,00,00,0000,00,00,0000,00,00,00,00,0008,0008,00,00,00,0008,0008,08,32,00,00,EA,B0
1080,00,01,00,00,01,B0,00,0008,00,00,00,00,00,00,00,00,00,00,0E,02,00,00,00,00,00,0000,00,00,0000,00,00,00,00,0008,0008,00,00,00,0008,0008,08,33,00,00,EB,B0
1081,00,01,00,00,01,B0,00,0008,00,00,00,00,00,00,00,00,00,00,0E,02,00,00,00,00,00,0000,00,00,0000,00,00,00,00,0008,0008,00,00,00,0008,0008,08,34,00,00,EC,B0
1082,00,01,00,00,01,B0,00,0008,00,00,00,00,00,00,00,00,00,00,0E,02,00,00,00,00,00,0000,00,00,0000,00,00,00,00,0008,0008,00,00,00,0008,0008,08,35,00,00,ED,B0
1083,00,01,00,00,01,B0,00,0008,00,00,00,00,00,00,00,00,00,00,0E,02,00,00,00,00,00,0000,00,00,0000,00,00,00,00,0008,0008,00,00,00,0008,0008,08,36,00,00,EE,B0
1084,00,01,00,00,01,B0,00,0008,00,00,00,00,00,00,00,00,00,00,0E,02,00,00,00,00,00,0000,00,00,0000,00,00,00,00,0008,0008,00,00,00,0008,0008,08,37,00,00,EF,B0
1085,00,01,00,00,01,B0,00,0008,00,00,00,00,00,00,00,00,00,00,0E,02,00,00,00,00,00,0000,00,00,0000,00,00,00,00,0008,0008,00,00,00,0008,0008,08,38,00,00,F0,B0
1086,00,01,00,00,01,B0,00,0008,00,00,00,00,00,00,00,00,00,00,0E,02,00,00,00,00,00,0000,00,00,0000,00,00,00,00,0008,0008,00,00,00,0008,0008,08,39,00,00,F1,B0
1087,00,01,00,00,01,B0,00,0008,00,00,00,00,00,00,00,00,00,00,0E,02,00,00,00,00,00,0000,00,00,0000,00,00,00,00,0008,0008,00,00,00,0008,0008,08,3A,00,00,F2,B0
1088,00,01,00,00,01,B0,00,0008,00,00,00,00,00,00,00,00,00,00,0E,02,00,00,00,00,00,0000,00,00,0000,00,00,00,00,0008,0008,00,00,00,0008,0008,08,3B,00,00,F3,B0
1089,00,01,00,00,01,B0,00,0008,00,00,00,00,00,00,00,00,00,00,0E,02,00,00,00,00,00,0000,00,00,0000,00,00,00,00,0008,0008,00,00,00,0008,0008,08,3C,00,00,F4,B0
1090,00,01,00,00,01,B0,00,0008,00,00,00,00,00,00,00,00,00,00,0E,02,00,00,00,00,00,0000,00,00,0000,00,00,00,00,0008,0008,00,00,00,0008,0008,08,3D,00,00,F5,B0
1091,00,01,00,00,01,B0,00,0008,00,00,00,00,00,00,00,00,00,00,0E,02,00,00,00,00,00,0000,00,00,0000,00,00,00,00,0008,0008,00,00,00,0008,0008,08,3E,00,00,F6,B0
1092,00,01,00,00,01,B0,00,0008,00,00,00,00,00,00,00,00,00,00,0E,02,00,00,00,00,00,0000,00,00,0000,00,00,00,00,0008,0008,00,00,00,0008,0008,08,3F,00,00,F7,B0
1093,00,01,00,00,01,B0,00,0008,00,00,00,00,00,00,00,00,00,00,0E,02,00,00,00,00,00,0000,00,00,0000,00,00,00,00,0008,0008,00,00,00,0008,0008,08,40,00,00,F8,B0
1094,00,01,00,00,01,B0,00,0008,00,00,00,00,00,00,00,00,00,00,0E,02,00,00,00,00,00,0000,00,00,0000,00,00,00,00,0008,0008,00,00,00,0008,0008,08,41,00,00,F9,B0
1095,00,01,00,00,01,B0,00,0008,00,00,00,00,00,00,00,00,00,00,0E,02,00,00,00,00,00,0000,00,00,0000,00,00,00,00,0008,0008,00,00,00,0008,0008,08,42,00,00,FA,B0
1096,00,01,00,00,01,B0,00,0008,00,00,00,00,00,00,00,00,00,00,0E,02,00,00,00,00,00,0000,00,00,0000,00,00,00,00,0008,0008,00,00,00,0008,0008,08,43,00,00,FB,B0
1097,00,01,00,00,01,B0,00,0008,00,00,00,00,00,00,00,00,00,00,0E,02,00,00,00,00,00,0000,00,00,0000,00,00,00,00,0008,0008,00,00,00,0008,0008,08,44,00,00,FC,B0
1098,00,01,00,00,01,B0,00,0008,00,00,00,00,00,00,00,00,00,00,0E,02,00,00,00,00,00,0000,00,00,0000,00,00,00,00,0008,0008,00,00,00,0008,0008,08,45,00,00,FD,B0
1099,00,01,00,00,01,B0,00,0008,00,00,00,00,00,00,00,00,00,00,0E,02,00,00,00,00,00,0000,00,00,0000,00,00,00,00,0008,0008,00,00,00,0008,0008,08,46,00,00,FE,B0
1100,00,01,00,00,01,B0,00,0008,00,00,00,00,00,00,00,00,00,00,0E,02,00,00,00,00,00,0000,00,00,0000,00,00,00,00,0008,0008,00,00,00,0008,0008,08,47,00,00,FF,B0
1101,00,01,00,00,01,B0,00,0008,00,00,00,00,00,00,00,00,00,00,0E,02,00,00,00,00,00,0000,00,00,0000,00,00,00,00,0008,0008,00,00,00,0008,0008,08,48,00,00,00,B0
1102,00,01,00,00,01,B0,00,0008,00,00,00,00,00,00,00,00,00,00,0E,02,00,00,00,00,00,0000,00,00,0000,00,00,00,00,0008,0008,00,00,00,0008,0008,08,49,00,00,01,B0
1103,00,01,00,00,01,B0,00,0008,00,00,00,00,00,00,00,00,00,00,0E,02,00,00,00,00,00,0000,00,00,0000,00,00,00,00,0008,0008,00,00,00,0008,0008,08,4A,00,00,02,B0
1104,00,01,00,00,01,B0,00,0008,00,00,00,00,00,00,00,00,00,00,0E,02,00,00,00,00,00,0000,00,00,0000,00,00,00,00,0008,0008,00,00,00,0008,0008,08,4B,00,00,03,B0
1105,00,01,00,00,01,B0,00,0008,00,00,00,00,00,00,00,00,00,00,0E,02,00,00,00,00,00,0000,00,00,0000,00,00,00,00,0008,0008,00,00,00,0008,0008,08,4C,00,00,04,B0
1106,00,01,00,00,01,B0,00,0008,00,00,00,00,00,00,00,00,00,00,0E,02,00,00,00,00,00,0000,00,00,0000,00,00,00,00,0008,0008,00,00,00,0008,0008,08,4D,00,00,05,B0
1107,00,01,00,00,01,B0,00,0008,00,00,00,00,00,00,00,00,00,00,0E,02,00,00,00,00,00,0000,00,00,0000,00,00,00,00,0008,0008,00,00,00,0008,0008,08,4E,00,00,06,B0
1108,00,01,00,00,01,B0,00,0008,00,00,00,00,00,00,00,00,00,00,0E,02,00,00,00,00,00,0000,00,00,0000,00,00,00,00,0008,0008,00,00,00,0008,0008,08,4F,00,00,07,B0
1109,00,01,00,00,01,B0,00,0008,00,00,00,00,00,00,00,00,00,00,0E,02,00,00,00,00,00,0000,00,00,0000,00,00,00,00,0008,0008,00,00,00,0008,0008,08,50,00,00,08,B0
1110,00,01,00,00,01,B0,00,0008,00,00,00,00,00,00,00,00,00,00,0E,02,00,00,00,00,00,0000,00,00,0000,00,00,00,00,0008,0008,00,00,00,0008,0008,08,51,00,00,09,B0
1111,00,01,00,00,01,B0,00,0008,00,00,00,00,00,00,00,00,00,00,0E,02,00,00,00,00,00,0000,00,00,0000,00,00,00,00,0008,0008,00,00,00,0008,0008,08,52,00,00,0A,B0
1112,00,01,00,00,01,B0,00,0008,00,00,00,00,00,00,00,00,00,00,0E,02,00,00,00,00,00,0000,00,00,0000,00,00,00,00,0008,0008,00,00,00,0008,0008,08,53,00,00,0B,B0
1113,00,01,00,00,01,B0,00,0008,00,00,00,00,00,00,00,00,00,00,0E,02,00,00,00,00,00,0000,00,00,0000,00,00,00,00,0008,0008,00,00,00,0008,0008,08,54,00,00,0C,B0
1114,00,01,00,00,01,B0,00,0008,00,00,00,00,00,00,00,00,00,00,0E,02,00,00,00,00,00,0000,00,00,0000,00,00,00,00,0008,0008,00,00,00,0008,0008,08,55,00,00,0D,B0
1115,00,01,00,00,01,B0,00,0008,00,00,00,00,00,00,00,00,00,00,0E,02,00,00,00,00,00,0000,00,00,0000,00,00,00,00,0008,0008,00,00,00,0008,0008,08,56,00,00,0E,B0
1116,00,01,00,00,01,B0,00,0008,00,00,00,00,00,00,00,00,00,00,0E,02,00,00,00,00,00,0000,00,00,0000,00,00,00,00,0008,0008,00,00,00,0008,0008,08,57,00,00,0F,B0
1117,00,01,00,00,01,B0,00,0008,00,00,00,00,00,00,00,00,00,00,0E,02,00,00,00,00,00,0000,00,00,0000,00,00,00,00,0008,0008,00,00,00,0008,0008,08,58,00,00,10,B0
1118,00,01,00,00,01,B0,00,0008,00,00,00,00,00,00,00,00,00,00,0E,02,00,00,00,00,00,0000,00,00,0000,00,00,00,00,0008,0008,00,00,00,0008,0008,08,59,00,00,11,B0
1119,00,01,00,00,01,B0,00,0008,00,00,00,00,00,00,00,00,00,00,0E,02,00,00,00,00,00,0000,00,00,0000,00,00,00,00,0008,0008,00,00,00,0008,0008,08,5A,00,00,12,B0
1120,00,01,00,00,01,B0,00,0008,00,00,00,00,00,00,00,00,00,00,0E,02,00,00,00,00,00,0000,00,00,0000,00,00,00,00,0008,0008,00,00,00,0008,0008,08,5B,00,00,13,B0
1121,00,01,00,00,01,B0,00,0008,00,00,00,00,00,00,00,00,00,00,0E,02,00,00,00,00,00,0000,00,00,0000,00,00,00,00,0008,0008,00,00,00,0008,0008,08,5C,00,00,14,B0
1122,00,01,00,00,01,B0,00,0008,00,00,00,00,00,00,00,00,00,00,0E,02,00,00,00,00,00,0000,00,00,0000,00,00,00,00,0008,0008,00,00,00,0008,0008,08,5D,00,00,15,B0
1123,00,01,00,00,01,B0,00,0008,00,00,00,00,00,00,00,00,00,00,0E,02,00,00,00,00,00,0000,00,00,0000,00,00,00,00,0008,0008,00,00,00,0008,0008,08,5E,00,00,16,B0
1124,00,01,00,00,01,B0,00,0008,00,00,00,00,00,00,00,00,00,00,0E,02,00,00,00,00,00,0000,00,00,0000,00,00,00,00,0008,0008,00,00,00,0008,0008,08,5F,00,00,17,B0
1125,00,01,00,00,01,B0,00,0008,00,00,00,00,00,00,00,00,00,00,0E,02,00,00,00,00,00,0000,00,00,0000,00,00,00,00,0008,0008,00,00,00,0008,0008,08,60,00,00,18,B0
1126,00,01,00,00,01,B0,00,0008,00,00,00,00,00,00,00,00,00,00,0E,02,00,00,00,00,00,0000,00,00,0000,00,00,00,00,0008,0008,00,00,00,0008,0008,08,61,00,00,19,B0
1127,00,01,00,00,01,B0,00,0008,00,00,00,00,00,00,00,00,00,00,0E,02,00,00,00,00,00,0000,00,00,0000,00,00,00,00,0008,0008,00,00,00,0008,0008,08,62,00,00,1A,B0
1128,00,01,00,00,01,B0,00,0008,00,00,00,00,00,00,00,00,00,00,0E,02,00,00,00,00,00,0000,00,00,0000,00,00,00,00,0008,0008,00,00,00,0008,0008,08,63,00,00,1B,B0
1129,00,01,00,00,01,B0,00,0008,00,00,00,00,00,00,00,00,00,00,0E,02,00,00,00,00,00,0000,00,00,0000,00,00,00,00,0008,0008,00,00,00,0008,0008,08,64,00,00,1C,B0
1130,00,01,00,00,01,B0,00,0008,00,00,00,00,00,00,00,00,00,00,0E,02,00,00,00,00,00,0000,00,00,0000,00,00,00,00,0008,0008,00,00,00,0008,0008,08,65,00,00,1D,B0
1131,00,01,00,00,01,B0,00,0008,00,00,00,00,00,00,00,00,00,00,0E,02,00,00,00,00,00,0000,00,00,0000,00,00,00,00,0008,0008,00,00,00,0008,0008,08,66,00,00,1E,B0
1132,00,01,00,00,01,B0,00,0008,00,00,00,00,00,00,00,00,00,00,0E,02,00,00,00,00,00,0000,00,00,0000,00,00,00,00,0008,0008,00,00,00,0008,0008,08,67,00,00,1F,B0
1133,00,01,00,00,01,B0,00,0008,00,00,00,00,00,00,00,00,00,00,0E,02,00,00,00,00,00,0000,00,00,0000,00,00,00,00,0008,0008,00,00,00,0008,0008,08,68,00,00,20,B0
1134,00,01,00,00,01,B0,00,0008,00,00,00,00,00,00,00,00,00,00,0E,02,00,00,00,00,00,0000,00,00,0000,00,00,00,00,0008,0008,00,00,00,0008,0008,08,69,00,00,21,B0
1135,00,01,00,00,01,B0,00,0008,00,00,00,00,00,00,00,00,00,00,0E,02,00,00,00,00,00,0000,00,00,0000,00,00,00,00,0008,0008,00,00,00,0008,0008,08,6A,00,00,22,B0
1136,00,01,00,00,01,B0,00,0008,00,00,00,00,00,00,00,00,00,00,0E,02,00,00,00,00,00,0000,00,00,0000,00,00,00,00,0008,0008,00,00,00,0008,0008,08,6B,00,00,23,B0
1137,00,01,00,00,01,B0,00,0008,00,00,00,00,00,00,00,00,00,00,0E,02,00,00,00,00,00,0000,00,00,0000,00,00,00,00,0008,0008,00,00,00,0008,0008,08,6C,00,00,24,B0
1138,00,01,00,00,01,B0,00,0008,00,00,00,00,00,00,00,00,00,00,0E,02,00,00,00,00,00,0000,00,00,0000,00,00,00,00,0008,0008,00,00,00,0008,0008,08,6D,00,00,25,B0
1139,00,01,00,00,01,B0,00,0008,00,00,00,00,00,00,00,00,00,00,0E,02,00,00,00,00,00,0000,00,00,0000,00,00,00,00,0008,0008,00,00,00,0008,0008,08,6E,00,00,26,B0
1140,00,01,00,00,01,B0,00,0008,00,00,00,00,00,00,00,00,00,00,0E,02,00,00,00,00,00,0000,00,00,0000,00,00,00,00,0008,0008,00,00,00,0008,0008,08,6F,00,00,27,B0
1141,00,01,00,00,01,B0,00,0008,00,00,00,00,00,00,00,00,00,00,0E,02,00,00,00,00,00,0000,00,00,0000,00,00,00,00,0008,0008,00,00,00,0008,0008,08,70,00,00,28,B0
1142,00,01,00,00,01,B0,00,0008,00,00,00,00,00,00,00,00,00,00,0E,02,00,00,00,00,00,0000,00,00,0000,00,00,00,00,0008,0008,00,00,00,0008,0008,08,71,00,00,29,B0
1143,00,01,00,00,01,B0,00,0008,00,00,00,00,00,00,00,00,00,00,0E,02,00,00,00,00,00,0000,00,00,0000,00,00,00,00,0008,0008,00,00,00,0008,0008,08,72,00,00,2A,B0
1144,00,01,00,00,01,B0,00,0008,00,00,00,00,00,00,00,00,00,00,0E,02,00,00,00,00,00,0000,00,00,0000,00,00,00,00,0008,0008,00,00,00,0008,0008,08,73,00,00,2B,B0
1145,00,01,00,00,01,B0,00,0008,00,00,00,00,00,00,00,00,00,00,0E,02,00,00,00,00,00,0000,00,00,0000,00,00,00,00,0008,0008,00,00,00,0008,0008,08,74,00,00,2C,B0
1146,00,01,00,00,01,B0,00,0008,00,00,00,00,00,00,00,00,00,00,0E,02,00,00,00,00,00,0000,00,00,0000,00,00,00,00,0008,0008,00,00,00,0008,0008,08,75,00,00,2D,B0
1147,00,01,00,00,01,B0,00,0008,00,00,00,00,00,00,00,00,00,00,0E,02,00,00,00,00,00,0000,00,00,0000,00,00,00,00,0008,0008,00,00,00,0008,0008,08,76,00,00,2E,B0
1148,00,01,00,00,01,B0,00,0008,00,00,00,00,00,00,00,00,00,00,0E,02,00,00,00,00,00,0000,00,00,0000,00,00,00,00,0008,0008,00,00,00,0008,0008,08,77,00,00,2F,B0
1149,00,01,00,00,01,B0,00,0008,00,00,00,00,00,00,00,00,00,00,0E,02,00,00,00,00,00,0000,00,00,0000,00,00,00,00,0008,0008,00,00,00,0008,0008,08,78,00,00,30,B0
1150,00,01,00,00,01,B0,00,0008,00,00,00,00,00,00,00,00,00,00,0E,02,00,00,00,00,00,0000,00,00,0000,00,00,00,00,0008,0008,00,00,00,0008,0008,08,79,00,00,31,B0
1151,00,01,00,00,01,B0,00,0008,00,00,00,00,00,00,00,00,00,00,0E,02,00,00,00,00,00,0000,00,00,0000,00,00,00,00,0008,0008,00,00,00,0008,0008,08,7A,00,00,32,B0
1152,00,01,00,00,01,B0,00,0008,00,00,00,00,00,00,00,00,00,00,0E,02,00,00,00,00,00,0000,00,00,0000,00,00,00,00,0008,0008,00,00,00,0008,0008,08,7B,00,00,33,B0
1153,00,01,00,00,01,B0,00,0008,00,00,00,00,00,00,00,00,00,00,0E,02,00,00,00,00,00,0000,00,00,0000,00,00,00,00,0008,0008,00,00,00,0008,0008,08,7C,00,00,34,B0
1154,00,01,00,00,01,B0,00,0008,00,00,00,00,00,00,00,00,00,00,0E,02,00,00,00,00,00,0000,00,00,0000,00,00,00,00,0008,0008,00,00,00,0008,0008,08,7D,00,00,35,B0
1155,00,01,00,00,01,B0,00,0008,00,00,00,00,00,00,00,00,00,00,0E,02,00,00,00,00,00,0000,00,00,0000,00,00,00,00,0008,0008,00,00,00,0008,0008,08,7E,00,00,36,B0
1156,00,01,00,00,01,B0,00,0008,00,00,00,00,00,00,00,00,00,00,0E,02,00,00,00,00,00,0000,00,00,0000,00,00,00,00,0008,0008,00,00,00,0008,0008,08,7F,00,00,37,B0
1157,00,01,00,00,01,B0,00,0008,00,00,00,00,00,00,00,00,00,00,0E,02,00,00,00,00,00,0000,00,00,0000,00,00,00,00,0008,0008,00,00,00,0008,0008,08,80,00,00,38,B0
1158,00,01,00,00,01,B0,00,0008,00,00,00,00,00,00,00,00,00,00,0E,02,00,00,00,00,00,0000,00,00,0000,00,00,00,00,0008,0008,00,00,00,0008,0008,08,81,00,00,39,B0
1159,00,01,00,00,01,B0,00,0008,00,00,00,00,00,00,00,00,00,00,0E,02,00,00,00,00,00,0000,00,00,0000,00,00,00,00,0008,0008,00,00,00,0008,0008,08,82,00,00,3A,B0
1160,00,01,00,00,01,B0,00,0008,00,00,00,00,00,00,00,00,00,00,0E,02,00,00,00,00,00,0000,00,00,0000,00,00,00,00,0008,0008,00,00,00,0008,0008,08,83,00,00,3B,B0
1161,00,01,00,00,01,B0,00,0008,00,00,00,00,00,00,00,00,00,00,0E,02,00,00,00,00,00,0000,00,00,0000,00,00,00,00,0008,0008,00,00,00,0008,0008,08,84,00,00,3C,B0
1162,00,01,00,00,01,B0,00,0008,00,00,00,00,00,00,00,00,00,00,0E,02,00,00,00,00,00,0000,00,00,0000,00,00,00,00,0008,0008,00,00,00,0008,0008,08,85,00,00,3D,B0
1163,00,01,00,00,01,B0,00,0008,00,00,00,00,00,00,00,00,00,00,0E,02,00,00,00,00,00,0000,00,00,0000,00,00,00,00,0008,0008,00,00,00,0008,0008,08,86,00,00,3E,B0
1164,00,01,00,00,01,B0,00,0008,00,00,00,00,00,00,00,00,00,00,0E,02,00,00,00,00,00,0000,00,00,0000,00,00,00,00,0008,0008,00,00,00,0008,0008,08,87,00,00,3F,B0
1165,00,01,00,00,01,B0,00,0008,00,00,00,00,00,00,00,00,00,00,0E,02,00,00,00,00,00,0000,00,00,0000,00,00,00,00,0008,0008,00,00,00,0008,0008,08,88,00,00,40,B0
1166,00,01,00,00,01,B0,00,0008,00,00,00,00,00,00,00,00,00,00,0E,02,00,00,00,00,00,0000,00,00,0000,00,00,00,00,0008,0008,00,00,00,0008,0008,08,89,00,00,41,B0
1167,00,01,00,00,01,B0,00,0008,00,00,00,00,00,00,00,00,00,00,0E,02,00,00,00,00,00,0000,00,00,0000,00,00,00,00,0008,0008,00,00,00,0008,0008,08,8A,00,00,42,B0
1168,00,01,00,00,01,B0,00,0008,00,00,00,00,00,00,00,00,00,00,0E,02,00,00,00,00,00,0000,00,00,0000,00,00,00,00,0008,0008,00,00,00,0008,0008,08,8B,00,00,43,B0
1169,00,01,00,00,01,B0,00,0008,00,00,00,00,00,00,00,00,00,00,0E,02,00,00,00,00,00,0000,00,00,0000,00,00,00,00,0008,0008,00,00,00,0008,0008,08,8C,00,00,44,B0
1170,00,01,00,00,01,B0,00,0008,00,00,00,00,00,00,00,00,00,00,0E,02,00,00,00,00,00,0000,00,00,0000,00,00,00,00,0008,0008,00,00,00,0008,0008,08,8D,00,00,45,B0
1171,00,01,00,00,01,B0,00,0008,00,00,00,00,00,00,00,00,00,00,0E,02,00,00,00,00,00,0000,00,00,0000,00,00,00,00,0008,0008,00,00,00,0008,0008,08,8E,00,00,46,B0
1172,00,01,00,00,01,B0,00,0008,00,00,00,00,00,00,00,00,00,00,0E,02,00,00,00,00,00,0000,00,00,0000,00,00,00,00,0008,0008,00,00,00,0008,0008,08,8F,00,00,47,B0
1173,00,01,00,00,01,B0,00,0008,00,00,00,00,00,00,00,00,00,00,0E,02,00,00,00,00,00,0000,00,00,0000,00,00,00,00,0008,0008,00,00,00,0008,0008,08,90,00,00,48,B0
1174,00,01,00,00,01,B0,00,0008,00,00,00,00,00,00,00,00,00,00,0E,02,00,00,00,00,00,0000,00,00,0000,00,00,00,00,0008,0008,00,00,00,0008,0008,08,91,00,00,49,B0
1175,00,01,00,00,01,B0,00,0008,00,00,00,00,00,00,00,00,00,00,0E,02,00,00,00,00,00,0000,00,00,0000,00,00,00,00,0008,0008,00,00,00,0008,0008,08,92,00,00,4A,B0
1176,00,01,00,00,01,B0,00,0008,00,00,00,00,00,00,00,00,00,00,0E,02,00,00,00,00,00,0000,00,00,0000,00,00,00,00,0008,0008,00,00,00,0008,0008,08,93,00,00,4B,B0
1177,00,01,00,00,01,B0,00,0008,00,00,00,00,00,00,00,00,00,00,0E,02,00,00,00,00,00,0000,00,00,0000,00,00,00,00,0008,0008,00,00,00,0008,0008,08,94,00,00,4C,B0
1178,00,01,00,00,01,B0,00,0008,00,00,00,00,00,00,00,00,00,00,0E,02,00,00,00,00,00,0000,00,00,0000,00,00,00,00,0008,0008,00,00,00,0008,0008,08,95,00,00,4D,B0
1179,00,01,00,00,01,B0,00,0008,00,00,00,00,00,00,00,00,00,00,0E,02,00,00,00,00,00,0000,00,00,0000,00,00,00,00,0008,0008,00,00,00,0008,0008,08,96,00,00,4E,B0
1180,00,01,00,00,01,B0,00,0008,00,00,00,00,00,00,00,00,00,00,0E,02,00,00,00,00,00,0000,00,00,0000,00,00,00,00,0008,0008,00,00,00,0008,0008,08,97,00,00,4F,B0
1181,00,01,00,00,01,B0,00,0008,00,00,00,00,00,00,00,00,00,00,0E,02,00,00,00,00,00,0000,00,00,0000,00,00,00,00,0008,0008,00,00,00,0008,0008,08,98,00,00,50,B0
1182,00,01,00,00,01,B0,00,0008,00,00,00,00,00,00,00,00,00,00,0E,02,00,00,00,00,00,0000,00,00,0000,00,00,00,00,0008,0008,00,00,00,0008,0008,08,99,00,00,51,B0
1183,00,01,00,00,01,B0,00,0008,00,00,00,00,00,00,00,00,00,00,0E,02,00,00,00,00,00,0000,00,00,0000,00,00,00,00,0008,0008,00,00,00,0008,0008,08,9A,00,00,52,B0
1184,00,01,00,00,01,B0,00,0008,00,00,00,00,00,00,00,00,00,00,0E,02,00,00,00,00,00,0000,00,00,0000,00,00,00,00,0008,0008,00,00,00,0008,0008,08,9B,00,00,53,B0
1185,00,01,00,00,01,B0,00,0008,00,00,00,00,00,00,00,00,00,00,0E,02,00,00,00,00,00,0000,00,00,0000,00,00,00,00,0008,0008,00,00,00,0008,0008,08,9C,00,00,54,B0
1186,00,01,00,00,01,B0,00,0008,00,00,00,00,00,00,00,00,00,00,0E,02,00,00,00,00,00,0000,00,00,0000,00,00,00,00,0008,0008,00,00,00,0008,0008,08,9D,00,00,55,B0
1187,00,01,00,00,01,B0,00,0008,00,00,00,00,00,00,00,00,00,00,0E,02,00,00,00,00,00,0000,00,00,0000,00,00,00,00,0008,0008,00,00,00,0008,0008,08,9E,00,00,56,B0
1188,00,01,00,00,01,B0,00,0008,00,00,00,00,00,00,00,00,00,00,0E,02,00,00,00,00,00,0000,00,00,0000,00,00,00,00,0008,0008,00,00,00,0008,0008,08,9F,00,00,57,B0
1189,00,01,00,00,01,B0,00,0008,00,00,00,00,00,00,00,00,00,00,0E,02,00,00,00,00,00,0000,00,00,0000,00,00,00,00,0008,0008,00,00,00,0008,0008,08,A0,00,00,58,B0
1190,00,01,00,00,01,B0,00,0008,00,00,00,00,00,00,00,00,00,00,0E,02,00,00,00,00,00,0000,00,00,0000,00,00,00,00,0008,0008,00,00,00,0008,0008,08,A1,00,00,59,B0
1191,00,01,00,00,01,B0,00,0008,00,00,00,00,00,00,00,00,00,00,0E,02,00,00,00,00,00,0000,00,00,0000,00,00,00,00,0008,0008,00,00,00,0008,0008,08,A2,00,00,5A,B0
1192,00,01,00,00,01,B0,00,0008,00,00,00,00,00,00,00,00,00,00,0E,02,00,00,00,00,00,0000,00,00,0000,00,00,00,00,0008,0008,00,00,00,0008,0008,08,A3,00,00,5B,B0
1193,00,01,00,00,01,B0,00,0008,00,00,00,00,00,00,00,00,00,00,0E,02,00,00,00,00,00,0000,00,00,0000,00,00,00,00,0008,0008,00,00,00,0008,0008,08,A4,00,00,5C,B0
1194,00,01,00,00,01,B0,00,0008,00,00,00,00,00,00,00,00,00,00,0E,02,00,00,00,00,00,0000,00,00,0000,00,00,00,00,0008,0008,00,00,00,0008,0008,08,A5,00,00,5D,B0
1195,00,01,00,00,01,B0,00,0008,00,00,00,00,00,00,00,00,00,00,0E,02,00,00,00,00,00,0000,00,00,0000,00,00,00,00,0008,0008,00,00,00,0008,0008,08,A6,00,00,5E,B0
1196,00,01,00,00,01,B0,00,0008,00,00,00,00,00,00,00,00,00,00,0E,02,00,00,00,00,00,0000,00,00,0000,00,00,00,00,0008,0008,00,00,00,0008,0008,08,A7,00,00,5F,B0
1197,00,01,00,00,01,B0,00,0008,00,00,00,00,00,00,00,00,00,00,0E,02,00,00,00,00,00,0000,00,00,0000,00,00,00,00,0008,0008,00,00,00,0008,0008,08,A8,00,00,60,B0
1198,00,01,00,00,01,B0,00,0008,00,00,00,00,00,00,00,00,00,00,0E,02,00,00,00,00,00,0000,00,00,0000,00,00,00,00,0008,0008,00,00,00,0008,0008,08,A9,00,00,61,B0
1199,00,01,00,00,01,B0,00,0008,00,00,00,00,00,00,00,00,00,00,0E,02,00,00,00,00,00,0000,00,00,0000,00,00,00,00,0008,0008,00,00,00,0008,0008,08,AA,00,00,62,B0
1200,00,01,00,00,01,B0,00,0008,00,00,00,00,00,00,00,00,00,00,0E,02,00,00,00,00,00,0000,00,00,0000,00,00,00,00,0008,0008,00,00,00,0008,0008,08,AB,00,00,63,B0
1201,00,01,00,00,01,B0,00,0008,00,00,00,00,00,00,00,00,00,00,0E,02,00,00,00,00,00,0000,00,00,0000,00,00,00,00,0008,0008,00,00,00,0008,0008,08,AC,00,00,64,B0
1202,00,01,00,00,01,B0,00,0008,00,00,00,00,00,00,00,00,00,00,0E,02,00,00,00,00,00,0000,00,00,0000,00,00,00,00,0008,0008,00,00,00,0008,0008,08,AD,00,00,65,B0
1203,00,01,00,00,01,B0,00,0008,00,00,00,00,00,00,00,00,00,00,0E,02,00,00,00,00,00,0000,00,00,0000,00,00,00,00,0008,0008,00,00,00,0008,0008,08,AE,00,00,66,B0
1204,00,01,00,00,01,B0,00,0008,00,00,00,00,00,00,00,00,00,00,0E,02,00,00,00,00,00,0000,00,00,0000,00,00,00,00,0008,0008,00,00,00,0008,0008,08,AF,00,00,67,B0
1205,00,01,00,00,01,B0,00,0008,00,00,00,00,00,00,00,00,00,00,0E,02,00,00,00,00,00,0000,00,00,0000,00,00,00,00,0008,0008,00,00,00,0008,0008,08,B0,00,00,68,B0
1206,00,01,00,00,01,B0,00,0008,00,00,00,00,00,00,00,00,00,00,0E,02,00,00,00,00,00,0000,00,00,0000,00,00,00,00,0008,0008,00,00,00,0008,0008,08,B1,00,00,69,B0
1207,00,01,00,00,01,B0,00,0008,00,00,00,00,00,00,00,00,00,00,0E,02,00,00,00,00,00,0000,00,00,0000,00,00,00,00,0008,0008,00,00,00,0008,0008,08,B2,00,00,6A,B0
1208,00,01,00,00,01,B0,00,0008,00,00,00,00,00,00,00,00,00,00,0E,02,00,00,00,00,00,0000,00,00,0000,00,00,00,00,0008,0008,00,00,00,0008,0008,08,B3,00,00,6B,B0
1209,00,01,00,00,01,B0,00,0008,00,00,00,00,00,00,00,00,00,00,0E,02,00,00,00,00,00,0000,00,00,0000,00,00,00,00,0008,0008,00,00,00,0008,0008,08,B4,00,00,6C,B0
1210,00,01,00,00,01,B0,00,0008,00,00,00,00,00,00,00,00,00,00,0E,02,00,00,00,00,00,0000,00,00,0000,00,00,00,00,0008,0008,00,00,00,0008,0008,08,B5,00,00,6D,B0
1211,00,01,00,00,01,B0,00,0008,00,00,00,00,00,00,00,00,00,00,0E,02,00,00,00,00,00,0000,00,00,0000,00,00,00,00,0008,0008,00,00,00,0008,0008,08,B6,00,00,6E,B0
1212,00,01,00,00,01,B0,00,0008,00,00,00,00,00,00,00,00,00,00,0E,02,00,00,00,00,00,0000,00,00,0000,00,00,00,00,0008,0008,00,00,00,0008,0008,08,B7,00,00,6F,B0
1213,00,01,00,00,01,B0,00,0008,00,00,00,00,00,00,00,00,00,00,0E,02,00,00,00,00,00,0000,00,00,0000,00,00,00,00,0008,0008,00,00,00,0008,0008,08,B8,00,00,70,B0
1214,00,01,00,00,01,B0,00,0008,00,00,00,00,00,00,00,00,00,00,0E,02,00,00,00,00,00,0000,00,00,0000,00,00,00,00,0008,0008,00,00,00,0008,0008,08,B9,00,00,71,B0
1215,00,01,00,00,01,B0,00,0008,00,00,00,00,00,00,00,00,00,00,0E,02,00,00,00,00,00,0000,00,00,0000,00,00,00,00,0008,0008,00,00,00,0008,0008,08,BA,00,00,72,B0
1216,00,01,00,00,01,B0,00,0008,00,00,00,00,00,00,00,00,00,00,0E,02,00,00,00,00,00,0000,00,00,0000,00,00,00,00,0008,0008,00,00,00,0008,0008,08,BB,00,00,73,B0
1217,00,01,00,00,01,B0,00,0008,00,00,00,00,00,00,00,00,00,00,0E,02,00,00,00,00,00,0000,00,00,0000,00,00,00,00,0008,0008,00,00,00,0008,0008,08,BC,00,00,74,B0
1218,00,01,00,00,01,B0,00,0008,00,00,00,00,00,00,00,00,00,00,0E,02,00,00,00,00,00,0000,00,00,0000,00,00,00,00,0008,0008,00,00,00,0008,0008,08,BD,00,00,75,B0
1219,00,01,00,00,01,B0,00,0008,00,00,00,00,00,00,00,00,00,00,0E,02,00,00,00,00,00,0000,00,00,0000,00,00,00,00,0008,0008,00,00,00,0008,0008,08,BE,00,00,76,B0
1220,00,01,00,00,01,B0,00,0008,00,00,00,00,00,00,00,00,00,00,0E,02,00,00,00,00,00,0000,00,00,0000,00,00,00,00,0008,0008,00,00,00,0008,0008,08,BF,00,00,77,B0
1221,00,01,00,00,01,B0,00,0008,00,00,00,00,00,00,00,00,00,00,0E,02,00,00,00,00,00,0000,00,00,0000,00,00,00,00,0008,0008,00,00,00,0008,0008,08,C0,00,00,78,B0
1222,00,01,00,00,01,B0,00,0008,00,00,00,00,00,00,00,00,00,00,0E,02,00,00,00,00,00,0000,00,00,0000,00,00,00,00,0008,0008,00,00,00,0008,0008,08,C1,00,00,79,B0
1223,00,01,00,00,01,B0,00,0008,00,00,00,00,00,00,00,00,00,00,0E,02,00,00,00,00,00,0000,00,00,0000,00,00,00,00,0008,0008,00,00,00,0008,0008,08,C2,00,00,7A,B0
1224,00,01,00,00,01,B0,00,0008,00,00,00,00,00,00,00,00,00,00,0E,02,00,00,00,00,00,0000,00,00,0000,00,00,00,00,0008,0008,00,00,00,0008,0008,08,C3,00,00,7B,B0
1225,00,01,00,00,01,B0,00,0008,00,00,00,00,00,00,00,00,00,00,0E,02,00,00,00,00,00,0000,00,00,0000,00,00,00,00,0008,0008,00,00,00,0008,0008,08,C4,00,00,7C,B0
1226,00,01,00,00,01,B0,00,0008,00,00,00,00,00,00,00,00,00,00,0E,02,00,00,00,00,00,0000,00,00,0000,00,00,00,00,0008,0008,00,00,00,0008,0008,08,C5,00,00,7D,B0
1227,00,01,00,00,01,B0,00,0008,00,00,00,00,00,00,00,00,00,00,0E,02,00,00,00,00,00,0000,00,00,0000,00,00,00,00,0008,0008,00,00,00,0008,0008,08,C6,00,00,7E,B0
1228,00,01,00,00,01,B0,00,0008,00,00,00,00,00,00,00,00,00,00,0E,02,00,00,00,00,00,0000,00,00,0000,00,00,00,00,0008,0008,00,00,00,0008,0008,08,C7,00,00,7F,B0
1229,00,01,00,00,01,B0,00,0008,00,00,00,00,00,00,00,00,00,00,0E,02,00,00,00,00,00,0000,00,00,0000,00,00,00,00,0008,0008,00,00,00,0008,0008,08,C8,00,00,80,B0
1230,00,01,00,00,01,B0,00,0008,00,00,00,00,00,00,00,00,00,00,0E,02,00,00,00,00,00,0000,00,00,0000,00,00,00,00,0008,0008,00,00,00,0008,0008,08,C9,00,00,81,B0
1231,00,01,00,00,01,B0,00,0008,00,00,00,00,00,00,00,00,00,00,0E,02,00,00,00,00,00,0000,00,00,0000,00,00,00,00,0008,0008,00,00,00,0008,0008,08,CA,00,00,82,B0
1232,00,01,00,00,01,B0,00,0008,00,00,00,00,00,00,00,00,00,00,0E,02,00,00,00,00,00,0000,00,00,0000,00,00,00,00,0008,0008,00,00,00,0008,0008,08,CB,00,00,83,B0
1233,00,01,00,00,01,B0,00,0008,00,00,00,00,00,00,00,00,00,00,0E,02,00,00,00,00,00,0000,00,00,0000,00,00,00,00,0008,0008,00,00,00,0008,0008,08,CC,00,00,84,B0
1234,00,01,00,00,01,B0,00,0008,00,00,00,00,00,00,00,00,00,00,0E,02,00,00,00,00,00,0000,00,00,0000,00,00,00,00,0008,0008,00,00,00,0008,0008,08,CD,00,00,85,B0
1235,00,01,00,00,01,B0,00,0008,00,00,00,00,00,00,00,00,00,00,0E,02,00,00,00,00,00,0000,00,00,0000,00,00,00,00,0008,0008,00,00,00,0008,0008,08,CE,00,00,86,B0
1236,00,01,00,00,01,B0,00,0008,00,00,00,00,00,00,00,00,00,00,0E,02,00,00,00,00,00,0000,00,00,0000,00,00,00,00,0008,0008,00,00,00,0008,0008,08,CF,00,00,87,B0
1237,00,01,00,00,01,B0,00,0008,00,00,00,00,00,00,00,00,00,00,0E,02,00,00,00,00,00,0000,00,00,0000,00,00,00,00,0008,0008,00,00,00,0008,0008,08,D0,00,00,88,B0
1238,00,01,00,00,01,B0,00,0008,00,00,00,00,00,00,00,00,00,00,0E,02,00,00,00,00,00,0000,00,00,0000,00,00,00,00,0008,0008,00,00,00,0008,0008,08,D1,00,00,89,B0
1239,00,01,00,00,01,B0,00,0008,00,00,00,00,00,00,00,00,00,00,0E,02,00,00,00,00,00,0000,00,00,0000,00,00,00,00,0008,0008,00,00,00,0008,0008,08,D2,00,00,8A,B0
1240,00,01,00,00,01,B0,00,0008,00,00,00,00,00,00,00,00,00,00,0E,02,00,00,00,00,00,0000,00,00,0000,00,00,00,00,0008,0008,00,00,00,0008,0008,08,D3,00,00,8B,B0
1241,00,01,00,00,01,B0,00,0008,00,00,00,00,00,00,00,00,00,00,0E,02,00,00,00,00,00,0000,00,00,0000,00,00,00,00,0008,0008,00,00,00,0008,0008,08,D4,00,00,8C,B0
1242,00,01,00,00,01,B0,00,0008,00,00,00,00,00,00,00,00,00,00,0E,02,00,00,00,00,00,0000,00,00,0000,00,00,00,00,0008,0008,00,00,00,0008,0008,08,D5,00,00,8D,B0
1243,00,01,00,00,01,B0,00,0008,00,00,00,00,00,00,00,00,00,00,0E,02,00,00,00,00,00,0000,00,00,0000,00,00,00,00,0008,0008,00,00,00,0008,0008,08,D6,00,00,8E,B0
1244,00,01,00,00,01,B0,00,0008,00,00,00,00,00,00,00,00,00,00,0E,02,00,00,00,00,00,0000,00,00,0000,00,00,00,00,0008,0008,00,00,00,0008,0008,08,D7,00,00,8F,B0
1245,00,01,00,00,01,B0,00,0008,00,00,00,00,00,00,00,00,00,00,0E,02,00,00,00,00,00,0000,00,00,0000,00,00,00,00,0008,0008,00,00,00,0008,0008,08,D8,00,00,90,B0
1246,00,01,00,00,01,B0,00,0008,00,00,00,00,00,00,00,00,00,00,0E,02,00,00,00,00,00,0000,00,00,0000,00,00,00,00,0008,0008,00,00,00,0008,0008,08,D9,00,00,91,B0
1247,00,01,00,00,01,B0,00,0008,00,00,00,00,00,00,00,00,00,00,0E,02,00,00,00,00,00,0000,00,00,0000,00,00,00,00,0008,0008,00,00,00,0008,0008,08,DA,00,00,92,B0
1248,00,01,00,00,01,B0,00,0008,00,00,00,00,00,00,00,00,00,00,0E,02,00,00,00,00,00,0000,00,00,0000,00,00,00,00,0008,0008,00,00,00,0008,0008,08,DB,00,00,93,B0
1249,00,01,00,00,01,B0,00,0008,00,00,00,00,00,00,00,00,00,00,0E,02,00,00,00,00,00,0000,00,00,0000,00,00,00,00,0008,0008,00,00,00,0008,0008,08,DC,00,00,94,B0
1250,00,01,00,00,01,B0,00,0008,00,00,00,00,00,00,00,00,00,00,0E,02,00,00,00,00,00,0000,00,00,0000,00,00,00,00,0008,0008,00,00,00,0008,0008,08,DD,00,00,95,B0
1251,00,01,00,00,01,B0,00,0008,00,00,00,00,00,00,00,00,00,00,0E,02,00,00,00,00,00,0000,00,00,0000,00,00,00,00,0008,0008,00,00,00,0008,0008,08,DE,00,00,96,B0
1252,00,01,00,00,01,B0,00,0008,00,00,00,00,00,00,00,00,00,00,0E,02,00,00,00,00,00,0000,00,00,0000,00,00,00,00,0008,0008,00,00,00,0008,0008,08,DF,00,00,97,B0
1253,00,01,00,00,01,B0,00,0008,00,00,00,00,00,00,00,00,00,00,0E,02,00,00,00,00,00,0000,00,00,0000,00,00,00,00,0008,0008,00,00,00,0008,0008,08,E0,00,00,98,B0
1254,00,01,00,00,01,B0,00,0008,00,00,00,00,00,00,00,00,00,00,0E,02,00,00,00,00,00,0000,00,00,0000,00,00,00,00,0008,0008,00,00,00,0008,0008,08,E1,00,00,99,B0
1255,00,01,00,00,01,B0,00,0008,00,00,00,00,00,00,00,00,00,00,0E,02,00,00,00,00,00,0000,00,00,0000,00,00,00,00,0008,0008,00,00,00,0008,0008,08,E2,00,00,9A,B0
1256,00,01,00,00,01,B0,00,0008,00,00,00,00,00,00,00,00,00,00,0E,02,00,00,00,00,00,0000,00,00,0000,00,00,00,00,0008,0008,00,00,00,0008,0008,08,E3,00,00,9B,B0
1257,00,01,00,00,01,B0,00,0008,00,00,00,00,00,00,00,00,00,00,0E,02,00,00,00,00,00,0000,00,00,0000,00,00,00,00,0008,0008,00,00,00,0008,0008,08,E4,00,00,9C,B0
1258,00,01,00,00,01,B0,00,0008,00,00,00,00,00,00,00,00,00,00,0E,02,00,00,00,00,00,0000,00,00,0000,00,00,00,00,0008,0008,00,00,00,0008,0008,08,E5,00,00,9D,B0
1259,00,01,00,00,01,B0,00,0008,00,00,00,00,00,00,00,00,00,00,0E,02,00,00,00,00,00,0000,00,00,0000,00,00,00,00,0008,0008,00,00,00,0008,0008,08,E6,00,00,9E,B0
1260,00,01,00,00,01,B0,00,0008,00,00,00,00,00,00,00,00,00,00,0E,02,00,00,00,00,00,0000,00,00,0000,00,00,00,00,0008,0008,00,00,00,0008,0008,08,E7,00,00,9F,B0
1261,00,01,00,00,01,B0,00,0008,00,00,00,00,00,00,00,00,00,00,0E,02,00,00,00,00,00,0000,00,00,0000,00,00,00,00,0008,0008,00,00,00,0008,0008,08,E8,00,00,A0,B0
1262,00,01,00,00,01,B0,00,0008,00,00,00,00,00,00,00,00,00,00,0E,02,00,00,00,00,00,0000,00,00,0000,00,00,00,00,0008,0008,00,00,00,0008,0008,08,E9,00,00,A1,B0
1263,00,01,00,00,01,B0,00,0008,00,00,00,00,00,00,00,00,00,00,0E,02,00,00,00,00,00,0000,00,00,0000,00,00,00,00,0008,0008,00,00,00,0008,0008,08,EA,00,00,A2,B0
1264,00,01,00,00,01,B0,00,0008,00,00,00,00,00,00,00,00,00,00,0E,02,00,00,00,00,00,0000,00,00,0000,00,00,00,00,0008,0008,00,00,00,0008,0008,08,EB,00,00,A3,B0
1265,00,01,00,00,01,B0,00,0008,00,00,00,00,00,00,00,00,00,00,0E,02,00,00,00,00,00,0000,00,00,0000,00,00,00,00,0008,0008,00,00,00,0008,0008,08,EC,00,00,A4,B0
1266,00,01,00,00,01,B0,00,0008,00,00,00,00,00,00,00,00,00,00,0E,02,00,00,00,00,00,0000,00,00,0000,00,00,00,00,0008,0008,00,00,00,0008,0008,08,ED,00,00,A5,B0
1267,00,01,00,00,01,B0,00,0008,00,00,00,00,00,00,00,00,00,00,0E,02,00,00,00,00,00,0000,00,00,0000,00,00,00,00,0008,0008,00,00,00,0008,0008,08,EE,00,00,A6,B0
1268,00,01,00,00,01,B0,00,0008,00,00,00,00,00,00,00,00,00,00,0E,02,00,00,00,00,00,0000,00,00,0000,00,00,00,00,0008,0008,00,00,00,0008,0008,08,EF,00,00,A7,B0
1269,00,01,00,00,01,B0,00,0008,00,00,00,00,00,00,00,00,00,00,0E,02,00,00,00,00,00,0000,00,00,0000,00,00,00,00,0008,0008,00,00,00,0008,0008,08,F0,00,00,A8,B0
1270,00,01,00,00,01,B0,00,0008,00,00,00,00,00,00,00,00,00,00,0E,02,00,00,00,00,00,0000,00,00,0000,00,00,00,00,0008,0008,00,00,00,0008,0008,08,F1,00,00,A9,B0
1271,00,01,00,00,01,B0,00,0008,00,00,00,00,00,00,00,00,00,00,0E,02,00,00,00,00,00,0000,00,00,0000,00,00,00,00,0008,0008,00,00,00,0008,0008,08,F2,00,00,AA,B0
1272,00,01,00,00,01,B0,00,0008,00,00,00,00,00,00,00,00,00,00,0E,02,00,00,00,00,00,0000,00,00,0000,00,00,00,00,0008,0008,00,00,00,0008,0008,08,F3,00,00,AB,B0
1273,00,01,00,00,01,B0,00,0008,00,00,00,00,00,00,00,00,00,00,0E,02,00,00,00,00,00,0000,00,00,0000,00,00,00,00,0008,0008,00,00,00,0008,0008,08,F4,00,00,AC,B0
1274,00,01,00,00,01,B0,00,0008,00,00,00,00,00,00,00,00,00,00,0E,02,00,00,00,00,00,0000,00,00,0000,00,00,00,00,0008,0008,00,00,00,0008,0008,08,F5,00,00,AD,B0
1275,00,01,00,00,01,B0,00,0008,00,00,00,00,00,00,00,00,00,00,0E,02,00,00,00,00,00,0000,00,00,0000,00,00,00,00,0008,0008,00,00,00,0008,0008,08,F6,00,00,AE,B0
1276,00,01,00,00,01,B0,00,0008,00,00,00,00,00,00,00,00,00,00,0E,02,00,00,00,00,00,0000,00,00,0000,00,00,00,00,0008,0008,00,00,00,0008,0008,08,F7,00,00,AF,B0
1277,00,01,00,00,01,B0,00,0008,00,00,00,00,00,00,00,00,00,00,0E,02,00,00,00,00,00,0000,00,00,0000,00,00,00,00,0008,0008,00,00,00,0008,0008,08,F8,00,00,B0,B0
1278,00,01,00,00,01,B0,00,0008,00,00,00,00,00,00,00,00,00,00,0E,02,00,00,00,00,00,0000,00,00,0000,00,00,00,00,0008,0008,00,00,00,0008,0008,08,F9,00,00,B1,B0
1279,00,01,00,00,01,B0,00,0008,00,00,00,00,00,00,00,00,00,00,0E,02,00,00,00,00,00,0000,00,00,0000,00,00,00,00,0008,0008,00,00,00,0008,0008,08,FA,00,00,B2,B0
1280,00,01,00,00,01,B0,00,0008,00,00,00,00,00,00,00,00,00,00,0E,02,00,00,00,00,00,0000,00,00,0000,00,00,00,00,0008,0008,00,00,00,0008,0008,08,FB,00,00,B3,B0
1281,00,01,00,00,01,B0,00,0008,00,00,00,00,00,00,00,00,00,00,0E,02,00,00,00,00,00,0000,00,00,0000,00,00,00,00,0008,0008,00,00,00,0008,0008,08,FC,00,00,B4,B0
1282,00,01,00,00,01,B0,00,0008,00,00,00,00,00,00,00,00,00,00,0E,02,00,00,00,00,00,0000,00,00,0000,00,00,00,00,0008,0008,00,00,00,0008,0008,08,FD,00,00,B5,B0
1283,00,01,00,00,01,B0,00,0008,00,00,00,00,00,00,00,00,00,00,0E,02,00,00,00,00,00,0000,00,00,0000,00,00,00,00,0008,0008,00,00,00,0008,0008,08,FE,00,00,B6,B0
1284,00,01,00,00,01,B0,00,0008,00,00,00,00,00,00,00,00,00,00,0E,02,00,00,00,00,00,0000,00,00,0000,00,00,00,00,0008,0008,00,00,00,0008,0008,08,FF,00,00,B7,B0
1285,00,01,00,00,01,B0,00,0008,00,00,00,00,00,00,00,00,00,00,0E,02,00,00,00,00,00,0000,00,00,0000,00,00,00,00,0008,0008,00,00,00,0008,0008,08,00,00,00,B8,B0
1286,00,01,00,00,01,B0,00,0008,00,00,00,00,00,00,00,00,00,00,0E,02,00,00,00,00,00,0000,00,00,0000,00,00,00,00,0008,0008,00,00,00,0008,0008,08,01,00,00,B9,B0
1287,00,01,00,00,01,B0,00,0008,00,00,00,00,00,00,00,00,00,00,0E,02,00,00,00,00,00,0000,00,00,0000,00,00,00,00,0008,0008,00,00,00,0008,0008,08,02,00,00,BA,B0
1288,00,01,00,00,01,B0,00,0008,00,00,00,00,00,00,00,00,00,00,0E,02,00,00,00,00,00,0000,00,00,0000,00,00,00,00,0008,0008,00,00,00,0008,0008,08,03,00,00,BB,B0
1289,00,01,00,00,01,B0,00,0008,00,00,00,00,00,00,00,00,00,00,0E,02,00,00,00,00,00,0000,00,00,0000,00,00,00,00,0008,0008,00,00,00,0008,0008,08,04,00,00,BC,B0
1290,00,01,00,00,01,B0,00,0008,00,00,00,00,00,00,00,00,00,00,0E,02,00,00,00,00,00,0000,00,00,0000,00,00,00,00,0008,0008,00,00,00,0008,0008,08,05,00,00,BD,B0
1291,00,01,00,00,01,B0,00,0008,00,00,00,00,00,00,00,00,00,00,0E,02,00,00,00,00,00,0000,00,00,0000,00,00,00,00,0008,0008,00,00,00,0008,0008,08,06,00,00,BE,B0
1292,00,01,00,00,01,B0,00,0008,00,00,00,00,00,00,00,00,00,00,0E,02,00,00,00,00,00,0000,00,00,0000,00,00,00,00,0008,0008,00,00,00,0008,0008,08,07,00,00,BF,B0
1293,00,01,00,00,01,B0,00,0008,00,00,00,00,00,00,00,00,00,00,0E,02,00,00,00,00,00,0000,00,00,0000,00,00,00,00,0008,0008,00,00,00,0008,0008,08,08,00,00,C0,B0
1294,00,01,00,00,01,B0,00,0008,00,00,00,00,00,00,00,00,00,00,0E,02,00,00,00,00,00,0000,00,00,0000,00,00,00,00,0008,0008,00,00,00,0008,0008,08,09,00,00,C1,B0
1295,00,01,00,00,01,B0,00,0008,00,00,00,00,00,00,00,00,00,00,0E,02,00,00,00,00,00,0000,00,00,0000,00,00,00,00,0008,0008,00,00,00,0008,0008,08,0A,00,00,C2,B0
1296,00,01,00,00,01,B0,00,0008,00,00,00,00,00,00,00,00,00,00,0E,02,00,00,00,00,00,0000,00,00,0000,00,00,00,00,0008,0008,00,00,00,0008,0008,08,0B,00,00,C3,B0
1297,00,01,00,00,01,B0,00,0008,00,00,00,00,00,00,00,00,00,00,0E,02,00,00,00,00,00,0000,00,00,0000,00,00,00,00,0008,0008,00,00,00,0008,0008,08,0C,00,00,C4,B0
1298,00,01,00,00,01,B0,00,0008,00,00,00,00,00,00,00,00,00,00,0E,02,00,00,00,00,00,0000,00,00,0000,00,00,00,00,0008,0008,00,00,00,0008,0008,08,0D,00,00,C5,B0
1299,00,01,00,00,01,B0,00,0008,00,00,00,00,00,00,00,00,00,00,0E,02,00,00,00,00,00,0000,00,00,0000,00,00,00,00,0008,0008,00,00,00,0008,0008,08,0E,00,00,C6,B0
1300,00,01,00,00,01,B0,00,0008,00,00,00,00,00,00,00,00,00,00,0E,02,00,00,00,00,00,0000,00,00,0000,00,00,00,00,0008,0008,00,00,00,0008,0008,08,0F,00,00,C7,B0
1301,00,01,00,00,01,B0,00,0008,00,00,00,00,00,00,00,00,00,00,0E,02,00,00,00,00,00,0000,00,00,0000,00,00,00,00,0008,0008,00,00,00,0008,0008,08,10,00,00,C8,B0
1302,00,01,00,00,01,B0,00,0008,00,00,00,00,00,00,00,00,00,00,0E,02,00,00,00,00,00,0000,00,00,0000,00,00,00,00,0008,0008,00,00,00,0008,0008,08,11,00,00,C9,B0
1303,00,01,00,00,01,B0,00,0008,00,00,00,00,00,00,00,00,00,00,0E,02,00,00,00,00,00,0000,00,00,0000,00,00,00,00,0008,0008,00,00,00,0008,0008,08,12,00,00,CA,B0
1304,00,01,00,00,01,B0,00,0008,00,00,00,00,00,00,00,00,00,00,0E,02,00,00,00,00,00,0000,00,00,0000,00,00,00,00,0008,0008,00,00,00,0008,0008,08,13,00,00,CB,B0
1305,00,01,00,00,01,B0,00,0008,00,00,00,00,00,00,00,00,00,00,0E,02,00,00,00,00,00,0000,00,00,0000,00,00,00,00,0008,0008,00,00,00,0008,0008,08,14,00,00,CC,B0
1306,00,01,00,00,01,B0,00,0008,00,00,00,00,00,00,00,00,00,00,0E,02,00,00,00,00,00,0000,00,00,0000,00,00,00,00,0008,0008,00,00,00,0008,0008,08,15,00,00,CD,B0
1307,00,01,00,00,01,B0,00,0008,00,00,00,00,00,00,00,00,00,00,0E,02,00,00,00,00,00,0000,00,00,0000,00,00,00,00,0008,0008,00,00,00,0008,0008,08,16,00,00,CE,B0
1308,00,01,00,00,01,B0,00,0008,00,00,00,00,00,00,00,00,00,00,0E,02,00,00,00,00,00,0000,00,00,0000,00,00,00,00,0008,0008,00,00,00,0008,0008,08,17,00,00,CF,B0
1309,00,01,00,00,01,B0,00,0008,00,00,00,00,00,00,00,00,00,00,0E,02,00,00,00,00,00,0000,00,00,0000,00,00,00,00,0008,0008,00,00,00,0008,0008,08,18,00,00,D0,B0
1310,00,01,00,00,01,B0,00,0008,00,00,00,00,00,00,00,00,00,00,0E,02,00,00,00,00,00,0000,00,00,0000,00,00,00,00,0008,0008,00,00,00,0008,0008,08,19,00,00,D1,B0
1311,00,01,00,00,01,B0,00,0008,00,00,00,00,00,00,00,00,00,00,0E,02,00,00,00,00,00,0000,00,00,0000,00,00,00,00,0008,0008,00,00,00,0008,0008,08,1A,00,00,D2,B0
1312,00,01,00,00,01,B0,00,0008,00,00,00,00,00,00,00,00,00,00,0E,02,00,00,00,00,00,0000,00,00,0000,00,00,00,00,0008,0008,00,00,00,0008,0008,08,1B,00,00,D3,B0
1313,00,01,00,00,01,B0,00,0008,00,00,00,00,00,00,00,00,00,00,0E,02,00,00,00,00,00,0000,00,00,0000,00,00,00,00,0008,0008,00,00,00,0008,0008,08,1C,00,00,D4,B0
1314,00,01,00,00,01,B0,00,0008,00,00,00,00,00,00,00,00,00,00,0E,02,00,00,00,00,00,0000,00,00,0000,00,00,00,00,0008,0008,00,00,00,0008,0008,08,1D,00,00,D5,B0
1315,00,01,00,00,01,B0,00,0008,00,00,00,00,00,00,00,00,00,00,0E,02,00,00,00,00,00,0000,00,00,0000,00,00,00,00,0008,0008,00,00,00,0008,0008,08,1E,00,00,D6,B0
1316,00,01,00,00,01,B0,00,0008,00,00,00,00,00,00,00,00,00,00,0E,02,00,00,00,00,00,0000,00,00,0000,00,00,00,00,0008,0008,00,00,00,0008,0008,08,1F,00,00,D7,B0
1317,00,01,00,00,01,B0,00,0008,00,00,00,00,00,00,00,00,00,00,0E,02,00,00,00,00,00,0000,00,00,0000,00,00,00,00,0008,0008,00,00,00,0008,0008,08,20,00,00,D8,B0
1318,00,01,00,00,01,B0,00,0008,00,00,00,00,00,00,00,00,00,00,0E,02,00,00,00,00,00,0000,00,00,0000,00,00,00,00,0008,0008,00,00,00,0008,0008,08,21,00,00,D9,B0
1319,00,01,00,00,01,B0,00,0008,00,00,00,00,00,00,00,00,00,00,0E,02,00,00,00,00,00,0000,00,00,0000,00,00,00,00,0008,0008,00,00,00,0008,0008,08,22,00,00,DA,B0
1320,00,01,00,00,01,B0,00,0008,00,00,00,00,00,00,00,00,00,00,0E,02,00,00,00,00,00,0000,00,00,0000,00,00,00,00,0008,0008,00,00,00,0008,0008,08,23,00,00,DB,B0
1321,00,01,00,00,01,B0,00,0008,00,00,00,00,00,00,00,00,00,00,0E,02,00,00,00,00,00,0000,00,00,0000,00,00,00,00,0008,0008,00,00,00,0008,0008,08,24,00,00,DC,B0
1322,00,01,00,00,01,B0,00,0008,00,00,00,00,00,00,00,00,00,00,0E,02,00,00,00,00,00,0000,00,00,0000,00,00,00,00,0008,0008,00,00,00,0008,0008,08,25,00,00,DD,B0
1323,00,01,00,00,01,B0,00,0008,00,00,00,00,00,00,00,00,00,00,0E,02,00,00,00,00,00,0000,00,00,0000,00,00,00,00,0008,0008,00,00,00,0008,0008,08,26,00,00,DE,B0
1324,00,01,00,00,01,B0,00,0008,00,00,00,00,00,00,00,00,00,00,0E,02,00,00,00,00,00,0000,00,00,0000,00,00,00,00,0008,0008,00,00,00,0008,0008,08,27,00,00,DF,B0
1325,00,01,00,00,01,B0,00,0008,00,00,00,00,00,00,00,00,00,00,0E,02,00,00,00,00,00,0000,00,00,0000,00,00,00,00,0008,0008,00,00,00,0008,0008,08,28,00,00,E0,B0
1326,00,01,00,00,01,B0,00,0008,00,00,00,00,00,00,00,00,00,00,0E,02,00,00,00,00,00,0000,00,00,0000,00,00,00,00,0008,0008,00,00,00,0008,0008,08,29,00,00,E1,B0
1327,00,01,00,00,01,B0,00,0008,00,00,00,00,00,00,00,00,00,00,0E,02,00,00,00,00,00,0000,00,00,0000,00,00,00,00,0008,0008,00,00,00,0008,0008,08,2A,00,00,E2,B0
1328,00,01,00,00,01,B0,00,0008,00,00,00,00,00,00,00,00,00,00,0E,02,00,00,00,00,00,0000,00,00,0000,00,00,00,00,0008,0008,00,00,00,0008,0008,08,2B,00,00,E3,B0
1329,00,01,00,00,01,B0,00,0008,00,00,00,00,00,00,00,00,00,00,0E,02,00,00,00,00,00,0000,00,00,0000,00,00,00,00,0008,0008,00,00,00,0008,0008,08,2C,00,00,E4,B0
1330,00,01,00,00,01,B0,00,0008,00,00,00,00,00,00,00,00,00,00,0E,02,00,00,00,00,00,0000,00,00,0000,00,00,00,00,0008,0008,00,00,00,0008,0008,08,2D,00,00,E5,B0
1331,00,01,00,00,01,B0,00,0008,00,00,00,00,00,00,00,00,00,00,0E,02,00,00,00,00,00,0000,00,00,0000,00,00,00,00,0008,0008,00,00,00,0008,0008,08,2E,00,00,E6,B0
1332,00,01,00,00,01,B0,00,0008,00,00,00,00,00,00,00,00,00,00,0E,02,00,00,00,00,00,0000,00,00,0000,00,00,00,00,0008,0008,00,00,00,0008,0008,08,2F,00,00,E7,B0
1333,00,01,00,00,01,B0,00,0008,00,00,00,00,00,00,00,00,00,00,0E,02,00,00,00,00,00,0000,00,00,0000,00,00,00,00,0008,0008,00,00,00,0008,0008,08,30,00,00,E8,B0
1334,00,01,00,00,01,B0,00,0008,00,00,00,00,00,00,00,00,00,00,0E,02,00,00,00,00,00,0000,00,00,0000,00,00,00,00,0008,0008,00,00,00,0008,0008,08,31,00,00,E9,B0
1335,00,01,00,00,01,B0,00,0008,00,00,00,00,00,00,00,00,00,00,0E,02,00,00,00,00,00,0000,00,00,0000,00,00,00,00,0008,0008,00,00,00,0008,0008,08,32,00,00,EA,B0
1336,00,01,00,00,01,B0,00,0008,00,00,00,00,00,00,00,00,00,00,0E,02,00,00,00,00,00,0000,00,00,0000,00,00,00,00,0008,0008,00,00,00,0008,0008,08,33,00,00,EB,B0
1337,00,01,00,00,01,B0,00,0008,00,00,00,00,00,00,00,00,00,00,0E,02,00,00,00,00,00,0000,00,00,0000,00,00,00,00,0008,0008,00,00,00,0008,0008,08,34,00,00,EC,B0
1338,00,01,00,00,01,B0,00,0008,00,00,00,00,00,00,00,00,00,00,0E,02,00,00,00,00,00,0000,00,00,0000,00,00,00,00,0008,0008,00,00,00,0008,0008,08,35,00,00,ED,B0
1339,00,01,00,00,01,B0,00,0008,00,00,00,00,00,00,00,00,00,00,0E,02,00,00,00,00,00,0000,00,00,0000,00,00,00,00,0008,0008,00,00,00,0008,0008,08,36,00,00,EE,B0
1340,00,01,00,00,01,B0,00,0008,00,00,00,00,00,00,00,00,00,00,0E,02,00,00,00,00,00,0000,00,00,0000,00,00,00,00,0008,0008,00,00,00,0008,0008,08,37,00,00,EF,B0
1341,00,01,00,00,01,B0,00,0008,00,00,00,00,00,00,00,00,00,00,0E,02,00,00,00,00,00,0000,00,00,0000,00,00,00,00,0008,0008,00,00,00,0008,0008,08,38,00,00,F0,B0
1342,00,01,00,00,01,B0,00,0008,00,00,00,00,00,00,00,00,00,00,0E,02,00,00,00,00,00,0000,00,00,0000,00,00,00,00,0008,0008,00,00,00,0008,0008,08,39,00,00,F1,B0
1343,00,01,00,00,01,B0,00,0008,00,00,00,00,00,00,00,00,00,00,0E,02,00,00,00,00,00,0000,00,00,0000,00,00,00,00,0008,0008,00,00,00,0008,0008,08,3A,00,00,F2,B0
1344,00,01,00,00,01,B0,00,0008,00,00,00,00,00,00,00,00,00,00,0E,02,00,00,00,00,00,0000,00,00,0000,00,00,00,00,0008,0008,00,00,00,0008,0008,08,3B,00,00,F3,B0
1345,00,01,00,00,01,B0,00,0008,00,00,00,00,00,00,00,00,00,00,0E,02,00,00,00,00,00,0000,00,00,0000,00,00,00,00,0008,0008,00,00,00,0008,0008,08,3C,00,00,F4,B0
1346,00,01,00,00,01,B0,00,0008,00,00,00,00,00,00,00,00,00,00,0E,02,00,00,00,00,00,0000,00,00,0000,00,00,00,00,0008,0008,00,00,00,0008,0008,08,3D,00,00,F5,B0
1347,00,01,00,00,01,B0,00,0008,00,00,00,00,00,00,00,00,00,00,0E,02,00,00,00,00,00,0000,00,00,0000,00,00,00,00,0008,0008,00,00,00,0008,0008,08,3E,00,00,F6,B0
1348,00,01,00,00,01,B0,00,0008,00,00,00,00,00,00,00,00,00,00,0E,02,00,00,00,00,00,0000,00,00,0000,00,00,00,00,0008,0008,00,00,00,0008,0008,08,3F,00,00,F7,B0
1349,00,01,00,00,01,B0,00,0008,00,00,00,00,00,00,00,00,00,00,0E,02,00,00,00,00,00,0000,00,00,0000,00,00,00,00,0008,0008,00,00,00,0008,0008,08,40,00,00,F8,B0
1350,00,01,00,00,01,B0,00,0008,00,00,00,00,00,00,00,00,00,00,0E,02,00,00,00,00,00,0000,00,00,0000,00,00,00,00,0008,0008,00,00,00,0008,0008,08,41,00,00,F9,B0
1351,00,01,00,00,01,B0,00,0008,00,00,00,00,00,00,00,00,00,00,0E,02,00,00,00,00,00,0000,00,00,0000,00,00,00,00,0008,0008,00,00,00,0008,0008,08,42,00,00,FA,B0
1352,00,01,00,00,01,B0,00,0008,00,00,00,00,00,00,00,00,00,00,0E,02,00,00,00,00,00,0000,00,00,0000,00,00,00,00,0008,0008,00,00,00,0008,0008,08,43,00,00,FB,B0
1353,00,01,00,00,01,B0,00,0008,00,00,00,00,00,00,00,00,00,00,0E,02,00,00,00,00,00,0000,00,00,0000,00,00,00,00,0008,0008,00,00,00,0008,0008,08,44,00,00,FC,B0
1354,00,01,00,00,01,B0,00,0008,00,00,00,00,00,00,00,00,00,00,0E,02,00,00,00,00,00,0000,00,00,0000,00,00,00,00,0008,0008,00,00,00,0008,0008,08,45,00,00,FD,B0
1355,00,01,00,00,01,B0,00,0008,00,00,00,00,00,00,00,00,00,00,0E,02,00,00,00,00,00,0000,00,00,0000,00,00,00,00,0008,0008,00,00,00,0008,0008,08,46,00,00,FE,B0
1356,00,01,00,00,01,B0,00,0008,00,00,00,00,00,00,00,00,00,00,0E,02,00,00,00,00,00,0000,00,00,0000,00,00,00,00,0008,0008,00,00,00,0008,0008,08,47,00,00,FF,B0
1357,00,01,00,00,01,B0,00,0008,00,00,00,00,00,00,00,00,00,00,0E,02,00,00,00,00,00,0000,00,00,0000,00,00,00,00,0008,0008,00,00,00,0008,0008,08,48,00,00,00,B0
1358,00,01,00,00,01,B0,00,0008,00,00,00,00,00,00,00,00,00,00,0E,02,00,00,00,00,00,0000,00,00,0000,00,00,00,00,0008,0008,00,00,00,0008,0008,08,49,00,00,01,B0
1359,00,01,00,00,01,B0,00,0008,00,00,00,00,00,00,00,00,00,00,0E,02,00,00,00,00,00,0000,00,00,0000,00,00,00,00,0008,0008,00,00,00,0008,0008,08,4A,00,00,02,B0
1360,00,01,00,00,01,B0,00,0008,00,00,00,00,00,00,00,00,00,00,0E,02,00,00,00,00,00,0000,00,00,0000,00,00,00,00,0008,0008,00,00,00,0008,0008,08,4B,00,00,03,B0
1361,00,01,00,00,01,B0,00,0008,00,00,00,00,00,00,00,00,00,00,0E,02,00,00,00,00,00,0000,00,00,0000,00,00,00,00,0008,0008,00,00,00,0008,0008,08,4C,00,00,04,B0
1362,00,01,00,00,01,B0,00,0008,00,00,00,00,00,00,00,00,00,00,0E,02,00,00,00,00,00,0000,00,00,0000,00,00,00,00,0008,0008,00,00,00,0008,0008,08,4D,00,00,05,B0
1363,00,01,00,00,01,B0,00,0008,00,00,00,00,00,00,00,00,00,00,0E,02,00,00,00,00,00,0000,00,00,0000,00,00,00,00,0008,0008,00,00,00,0008,0008,08,4E,00,00,06,B0
1364,00,01,00,00,01,B0,00,0008,00,00,00,00,00,00,00,00,00,00,0E,02,00,00,00,00,00,0000,00,00,0000,00,00,00,00,0008,0008,00,00,00,0008,0008,08,4F,00,00,07,B0
1365,00,01,00,00,01,B0,00,0008,00,00,00,00,00,00,00,00,00,00,0E,02,00,00,00,00,00,0000,00,00,0000,00,00,00,00,0008,0008,00,00,00,0008,0008,08,50,00,00,08,B0
1366,00,01,00,00,01,B0,00,0008,00,00,00,00,00,00,00,00,00,00,0E,02,00,00,00,00,00,0000,00,00,0000,00,00,00,00,0008,0008,00,00,00,0008,0008,08,51,00,00,09,B0
1367,00,01,00,00,01,B0,00,0008,00,00,00,00,00,00,00,00,00,00,0E,02,00,00,00,00,00,0000,00,00,0000,00,00,00,00,0008,0008,00,00,00,0008,0008,08,52,00,00,0A,B0
1368,00,01,00,00,01,B0,00,0008,00,00,00,00,00,00,00,00,00,00,0E,02,00,00,00,00,00,0000,00,00,0000,00,00,00,00,0008,0008,00,00,00,0008,0008,08,53,00,00,0B,B0
1369,00,01,00,00,01,B0,00,0008,00,00,00,00,00,00,00,00,00,00,0E,02,00,00,00,00,00,0000,00,00,0000,00,00,00,00,0008,0008,00,00,00,0008,0008,08,54,00,00,0C,B0
1370,00,01,00,00,01,B0,00,0008,00,00,00,00,00,00,00,00,00,00,0E,02,00,00,00,00,00,0000,00,00,0000,00,00,00,00,0008,0008,00,00,00,0008,0008,08,55,00,00,0D,B0
1371,00,01,00,00,01,B0,00,0008,00,00,00,00,00,00,00,00,00,00,0E,02,00,00,00,00,00,0000,00,00,0000,00,00,00,00,0008,0008,00,00,00,0008,0008,08,56,00,00,0E,B0
1372,00,01,00,00,01,B0,00,0008,00,00,00,00,00,00,00,00,00,00,0E,02,00,00,00,00,00,0000,00,00,0000,00,00,00,00,0008,0008,00,00,00,0008,0008,08,57,00,00,0F,B0
1373,00,01,00,00,01,B0,00,0008,00,00,00,00,00,00,00,00,00,00,0E,02,00,00,00,00,00,0000,00,00,0000,00,00,00,00,0008,0008,00,00,00,0008,0008,08,58,00,00,10,B0
1374,00,01,00,00,01,B0,00,0008,00,00,00,00,00,00,00,00,00,00,0E,02,00,00,00,00,00,0000,00,00,0000,00,00,00,00,0008,0008,00,00,00,0008,0008,08,59,00,00,11,B0
1375,00,01,00,00,01,B0,00,0008,00,00,00,00,00,00,00,00,00,00,0E,02,00,00,00,00,00,0000,00,00,0000,00,00,00,00,0008,0008,00,00,00,0008,0008,08,5A,00,00,12,B0
1376,00,01,00,00,01,B0,00,0008,00,00,00,00,00,00,00,00,00,00,0E,02,00,00,00,00,00,0000,00,00,0000,00,00,00,00,0008,0008,00,00,00,0008,0008,08,5B,00,00,13,B0
1377,00,01,00,00,01,B0,00,0008,00,00,00,00,00,00,00,00,00,00,0E,02,00,00,00,00,00,0000,00,00,0000,00,00,00,00,0008,0008,00,00,00,0008,0008,08,5C,00,00,14,B0
1378,00,01,00,00,01,B0,00,0008,00,00,00,00,00,00,00,00,00,00,0E,02,00,00,00,00,00,0000,00,00,0000,00,00,00,00,0008,0008,00,00,00,0008,0008,08,5D,00,00,15,B0
1379,00,01,00,00,01,B0,00,0008,00,00,00,00,00,00,00,00,00,00,0E,02,00,00,00,00,00,0000,00,00,0000,00,00,00,00,0008,0008,00,00,00,0008,0008,08,5E,00,00,16,B0
1380,00,01,00,00,01,B0,00,0008,00,00,00,00,00,00,00,00,00,00,0E,02,00,00,00,00,00,0000,00,00,0000,00,00,00,00,0008,0008,00,00,00,0008,0008,08,5F,00,00,17,B0
1381,00,01,00,00,01,B0,00,0008,00,00,00,00,00,00,00,00,00,00,0E,02,00,00,00,00,00,0000,00,00,0000,00,00,00,00,0008,0008,00,00,00,0008,0008,08,60,00,00,18,B0
1382,00,01,00,00,01,B0,00,0008,00,00,00,00,00,00,00,00,00,00,0E,02,00,00,00,00,00,0000,00,00,0000,00,00,00,00,0008,0008,00,00,00,0008,0008,08,61,00,00,19,B0
1383,00,01,00,00,01,B0,00,0008,00,00,00,00,00,00,00,00,00,00,0E,02,00,00,00,00,00,0000,00,00,0000,00,00,00,00,0008,0008,00,00,00,0008,0008,08,62,00,00,1A,B0
1384,00,01,00,00,01,B0,00,0008,00,00,00,00,00,00,00,00,00,00,0E,02,00,00,00,00,00,0000,00,00,0000,00,00,00,00,0008,0008,00,00,00,0008,0008,08,63,00,00,1B,B0
1385,00,01,00,00,01,B0,00,0008,00,00,00,00,00,00,00,00,00,00,0E,02,00,00,00,00,00,0000,00,00,0000,00,00,00,00,0008,0008,00,00,00,0008,0008,08,64,00,00,1C,B0
1386,00,01,00,00,01,B0,00,0008,00,00,00,00,00,00,00,00,00,00,0E,02,00,00,00,00,00,0000,00,00,0000,00,00,00,00,0008,0008,00,00,00,0008,0008,08,65,00,00,1D,B0
1387,00,01,00,00,01,B0,00,0008,00,00,00,00,00,00,00,00,00,00,0E,02,00,00,00,00,00,0000,00,00,0000,00,00,00,00,0008,0008,00,00,00,0008,0008,08,66,00,00,1E,B0
1388,00,01,00,00,01,B0,00,0008,00,00,00,00,00,00,00,00,00,00,0E,02,00,00,00,00,00,0000,00,00,0000,00,00,00,00,0008,0008,00,00,00,0008,0008,08,67,00,00,1F,B0
1389,00,01,00,00,01,B0,00,0008,00,00,00,00,00,00,00,00,00,00,0E,02,00,00,00,00,00,0000,00,00,0000,00,00,00,00,0008,0008,00,00,00,0008,0008,08,68,00,00,20,B0
1390,00,01,00,00,01,B0,00,0008,00,00,00,00,00,00,00,00,00,00,0E,02,00,00,00,00,00,0000,00,00,0000,00,00,00,00,0008,0008,00,00,00,0008,0008,08,69,00,00,21,B0
1391,00,01,00,00,01,B0,00,0008,00,00,00,00,00,00,00,00,00,00,0E,02,00,00,00,00,00,0000,00,00,0000,00,00,00,00,0008,0008,00,00,00,0008,0008,08,6A,00,00,22,B0
1392,00,01,00,00,01,B0,00,0008,00,00,00,00,00,00,00,00,00,00,0E,02,00,00,00,00,00,0000,00,00,0000,00,00,00,00,0008,0008,00,00,00,0008,0008,08,6B,00,00,23,B0
1393,00,01,00,00,01,B0,00,0008,00,00,00,00,00,00,00,00,00,00,0E,02,00,00,00,00,00,0000,00,00,0000,00,00,00,00,0008,0008,00,00,00,0008,0008,08,6C,00,00,24,B0
1394,00,01,00,00,01,B0,00,0008,00,00,00,00,00,00,00,00,00,00,0E,02,00,00,00,00,00,0000,00,00,0000,00,00,00,00,0008,0008,00,00,00,0008,0008,08,6D,00,00,25,B0
1395,00,01,00,00,01,B0,00,0008,00,00,00,00,00,00,00,00,00,00,0E,02,00,00,00,00,00,0000,00,00,0000,00,00,00,00,0008,0008,00,00,00,0008,0008,08,6E,00,00,26,B0
1396,00,01,00,00,01,B0,00,0008,00,00,00,00,00,00,00,00,00,00,0E,02,00,00,00,00,00,0000,00,00,0000,00,00,00,00,0008,0008,00,00,00,0008,0008,08,6F,00,00,27,B0
1397,00,01,00,00,01,B0,00,0008,00,00,00,00,00,00,00,00,00,00,0E,02,00,00,00,00,00,0000,00,00,0000,00,00,00,00,0008,0008,00,00,00,0008,0008,08,70,00,00,28,B0
1398,00,01,00,00,01,B0,00,0008,00,00,00,00,00,00,00,00,00,00,0E,02,00,00,00,00,00,0000,00,00,0000,00,00,00,00,0008,0008,00,00,00,0008,0008,08,71,00,00,29,B0
1399,00,01,00,00,01,B0,00,0008,00,00,00,00,00,00,00,00,00,00,0E,02,00,00,00,00,00,0000,00,00,0000,00,00,00,00,0008,0008,00,00,00,0008,0008,08,72,00,00,2A,B0
1400,00,01,00,00,01,B0,00,0008,00,00,00,00,00,00,00,00,00,00,0E,02,00,00,00,00,00,0000,00,00,0000,00,00,00,00,0008,0008,00,00,00,0008,0008,08,73,00,00,2B,B0
1401,00,01,00,00,01,B0,00,0008,00,00,00,00,00,00,00,00,00,00,0E,02,00,00,00,00,00,0000,00,00,0000,00,00,00,00,0008,0008,00,00,00,0008,0008,08,74,00,00,2C,B0
1402,00,01,00,00,01,B0,00,0008,00,00,00,00,00,00,00,00,00,00,0E,02,00,00,00,00,00,0000,00,00,0000,00,00,00,00,0008,0008,00,00,00,0008,0008,08,75,00,00,2D,B0
1403,00,01,00,00,01,B0,00,0008,00,00,00,00,00,00,00,00,00,00,0E,02,00,00,00,00,00,0000,00,00,0000,00,00,00,00,0008,0008,00,00,00,0008,0008,08,76,00,00,2E,B0
1404,00,01,00,00,01,B0,00,0008,00,00,00,00,00,00,00,00,00,00,0E,02,00,00,00,00,00,0000,00,00,0000,00,00,00,00,0008,0008,00,00,00,0008,0008,08,77,00,00,2F,B0
1405,00,01,00,00,01,B0,00,0008,00,00,00,00,00,00,00,00,00,00,0E,02,00,00,00,00,00,0000,00,00,0000,00,00,00,00,0008,0008,00,00,00,0008,0008,08,78,00,00,30,B0
1406,00,01,00,00,01,B0,00,0008,00,00,00,00,00,00,00,00,00,00,0E,02,00,00,00,00,00,0000,00,00,0000,00,00,00,00,0008,0008,00,00,00,0008,0008,08,79,00,00,31,B0
1407,00,01,00,00,01,B0,00,0008,00,00,00,00,00,00,00,00,00,00,0E,02,00,00,00,00,00,0000,00,00,0000,00,00,00,00,0008,0008,00,00,00,0008,0008,08,7A,00,00,32,B0
1408,00,01,00,00,01,B0,00,0008,00,00,00,00,00,00,00,00,00,00,0E,02,00,00,00,00,00,0000,00,00,0000,00,00,00,00,0008,0008,00,00,00,0008,0008,08,7B,00,00,33,B0
1409,00,01,00,00,01,B0,00,0008,00,00,00,00,00,00,00,00,00,00,0E,02,00,00,00,00,00,0000,00,00,0000,00,00,00,00,0008,0008,00,00,00,0008,0008,08,7C,00,00,34,B0
1410,00,01,00,00,01,B0,00,0008,00,00,00,00,00,00,00,00,00,00,0E,02,00,00,00,00,00,0000,00,00,0000,00,00,00,00,0008,0008,00,00,00,0008,0008,08,7D,00,00,35,B0
1411,00,01,00,00,01,B0,00,0008,00,00,00,00,00,00,00,00,00,00,0E,02,00,00,00,00,00,0000,00,00,0000,00,00,00,00,0008,0008,00,00,00,0008,0008,08,7E,00,00,36,B0
1412,00,01,00,00,01,B0,00,0008,00,00,00,00,00,00,00,00,00,00,0E,02,00,00,00,00,00,0000,00,00,0000,00,00,00,00,0008,0008,00,00,00,0008,0008,08,7F,00,00,37,B0
1413,00,01,00,00,01,B0,00,0008,00,00,00,00,00,00,00,00,00,00,0E,02,00,00,00,00,00,0000,00,00,0000,00,00,00,00,0008,0008,00,00,00,0008,0008,08,80,00,00,38,B0
1414,00,01,00,00,01,B0,00,0008,00,00,00,00,00,00,00,00,00,00,0E,02,00,00,00,00,00,0000,00,00,0000,00,00,00,00,0008,0008,00,00,00,0008,0008,08,81,00,00,39,B0
1415,00,01,00,00,01,B0,00,0008,00,00,00,00,00,00,00,00,00,00,0E,02,00,00,00,00,00,0000,00,00,0000,00,00,00,00,0008,0008,00,00,00,0008,0008,08,82,00,00,3A,B0
1416,00,01,00,00,01,B0,00,0008,00,00,00,00,00,00,00,00,00,00,0E,02,00,00,00,00,00,0000,00,00,0000,00,00,00,00,0008,0008,00,00,00,0008,0008,08,83,00,00,3B,B0
1417,00,01,00,00,01,B0,00,0008,00,00,00,00,00,00,00,00,00,00,0E,02,00,00,00,00,00,0000,00,00,0000,00,00,00,00,0008,0008,00,00,00,0008,0008,08,84,00,00,3C,B0
1418,00,01,00,00,01,B0,00,0008,00,00,00,00,00,00,00,00,00,00,0E,02,00,00,00,00,00,0000,00,00,0000,00,00,00,00,0008,0008,00,00,00,0008,0008,08,85,00,00,3D,B0
1419,00,01,00,00,01,B0,00,0008,00,00,00,00,00,00,00,00,00,00,0E,02,00,00,00,00,00,0000,00,00,0000,00,00,00,00,0008,0008,00,00,00,0008,0008,08,86,00,00,3E,B0
1420,00,01,00,00,01,B0,00,0008,00,00,00,00,00,00,00,00,00,00,0E,02,00,00,00,00,00,0000,00,00,0000,00,00,00,00,0008,0008,00,00,00,0008,0008,08,87,00,00,3F,B0
1421,00,01,00,00,01,B0,00,0008,00,00,00,00,00,00,00,00,00,00,0E,02,00,00,00,00,00,0000,00,00,0000,00,00,00,00,0008,0008,00,00,00,0008,0008,08,88,00,00,40,B0
1422,00,01,00,00,01,B0,00,0008,00,00,00,00,00,00,00,00,00,00,0E,02,00,00,00,00,00,0000,00,00,0000,00,00,00,00,0008,0008,00,00,00,0008,0008,08,89,00,00,41,B0
1423,00,01,00,00,01,B0,00,0008,00,00,00,00,00,00,00,00,00,00,0E,02,00,00,00,00,00,0000,00,00,0000,00,00,00,00,0008,0008,00,00,00,0008,0008,08,8A,00,00,42,B0
1424,00,01,00,00,01,B0,00,0008,00,00,00,00,00,00,00,00,00,00,0E,02,00,00,00,00,00,0000,00,00,0000,00,00,00,00,0008,0008,00,00,00,0008,0008,08,8B,00,00,43,B0
1425,00,01,00,00,01,B0,00,0008,00,00,00,00,00,00,00,00,00,00,0E,02,00,00,00,00,00,0000,00,00,0000,00,00,00,00,0008,0008,00,00,00,0008,0008,08,8C,00,00,44,B0
1426,00,01,00,00,01,B0,00,0008,00,00,00,00,00,00,00,00,00,00,0E,02,00,00,00,00,00,0000,00,00,0000,00,00,00,00,0008,0008,00,00,00,0008,0008,08,8D,00,00,45,B0
1427,00,01,00,00,01,B0,00,0008,00,00,00,00,00,00,00,00,00,00,0E,02,00,00,00,00,00,0000,00,00,0000,00,00,00,00,0008,0008,00,00,00,0008,0008,08,8E,00,00,46,B0
1428,00,01,00,00,01,B0,00,0008,00,00,00,00,00,00,00,00,00,00,0E,02,00,00,00,00,00,0000,00,00,0000,00,00,00,00,0008,0008,00,00,00,0008,0008,08,8F,00,00,47,B0
1429,00,01,00,00,01,B0,00,0008,00,00,00,00,00,00,00,00,00,00,0E,02,00,00,00,00,00,0000,00,00,0000,00,00,00,00,0008,0008,00,00,00,0008,0008,08,90,00,00,48,B0
1430,00,01,00,00,01,B0,00,0008,00,00,00,00,00,00,00,00,00,00,0E,02,00,00,00,00,00,0000,00,00,0000,00,00,00,00,0008,0008,00,00,00,0008,0008,08,91,00,00,49,B0
1431,00,01,00,00,01,B0,00,0008,00,00,00,00,00,00,00,00,00,00,0E,02,00,00,00,00,00,0000,00,00,0000,00,00,00,00,0008,0008,00,00,00,0008,0008,08,92,00,00,4A,B0
1432,00,01,00,00,01,B0,00,0008,00,00,00,00,00,00,00,00,00,00,0E,02,00,00,00,00,00,0000,00,00,0000,00,00,00,00,0008,0008,00,00,00,0008,0008,08,93,00,00,4B,B0
1433,00,01,00,00,01,B0,00,0008,00,00,00,00,00,00,00,00,00,00,0E,02,00,00,00,00,00,0000,00,00,0000,00,00,00,00,0008,0008,00,00,00,0008,0008,08,94,00,00,4C,B0
1434,00,01,00,00,01,B0,00,0008,00,00,00,00,00,00,00,00,00,00,0E,02,00,00,00,00,00,0000,00,00,0000,00,00,00,00,0008,0008,00,00,00,0008,0008,08,95,00,00,4D,B0
1435,00,01,00,00,01,B0,00,0008,00,00,00,00,00,00,00,00,00,00,0E,02,00,00,00,00,00,0000,00,00,0000,00,00,00,00,0008,0008,00,00,00,0008,0008,08,96,00,00,4E,B0
1436,00,01,00,00,01,B0,00,0008,00,00,00,00,00,00,00,00,00,00,0E,02,00,00,00,00,00,0000,00,00,0000,00,00,00,00,0008,0008,00,00,00,0008,0008,08,97,00,00,4F,B0
1437,00,01,00,00,01,B0,00,0008,00,00,00,00,00,00,00,00,00,00,0E,02,00,00,00,00,00,0000,00,00,0000,00,00,00,00,0008,0008,00,00,00,0008,0008,08,98,00,00,50,B0
1438,00,01,00,00,01,B0,00,0008,00,00,00,00,00,00,00,00,00,00,0E,02,00,00,00,00,00,0000,00,00,0000,00,00,00,00,0008,0008,00,00,00,0008,0008,08,99,00,00,51,B0
1439,00,01,00,00,01,B0,00,0008,00,00,00,00,00,00,00,00,00,00,0E,02,00,00,00,00,00,0000,00,00,0000,00,00,00,00,0008,0008,00,00,00,0008,0008,08,9A,00,00,52,B0
1440,00,01,00,00,01,B0,00,0008,00,00,00,00,00,00,00,00,00,00,0E,02,00,00,00,00,00,0000,00,00,0000,00,00,00,00,0008,0008,00,00,00,0008,0008,08,9B,00,00,53,B0
1441,00,01,00,00,01,B0,00,0008,00,00,00,00,00,00,00,00,00,00,0E,02,00,00,00,00,00,0000,00,00,0000,00,00,00,00,0008,0008,00,00,00,0008,0008,08,9C,00,00,54,B0
1442,00,01,00,00,01,B0,00,0008,00,00,00,00,00,00,00,00,00,00,0E,02,00,00,00,00,00,0000,00,00,0000,00,00,00,00,0008,0008,00,00,00,0008,0008,08,9D,00,00,55,B0
1443,00,01,00,00,01,B0,00,0008,00,00,00,00,00,00,00,00,00,00,0E,02,00,00,00,00,00,0000,00,00,0000,00,00,00,00,0008,0008,00,00,00,0008,0008,08,9E,00,00,56,B0
1444,00,01,00,00,01,B0,00,0008,00,00,00,00,00,00,00,00,00,00,0E,02,00,00,00,00,00,0000,00,00,0000,00,00,00,00,0008,0008,00,00,00,0008,0008,08,9F,00,00,57,B0
1445,00,01,00,00,01,B0,00,0008,00,00,00,00,00,00,00,00,00,00,0E,02,00,00,00,00,00,0000,00,00,0000,00,00,00,00,0008,0008,00,00,00,0008,0008,08,A0,00,00,58,B0
1446,00,01,00,00,01,B0,00,0008,00,00,00,00,00,00,00,00,00,00,0E,02,00,00,00,00,00,0000,00,00,0000,00,00,00,00,0008,0008,00,00,00,0008,0008,08,A1,00,00,59,B0
1447,00,01,00,00,01,B0,00,0008,00,00,00,00,00,00,00,00,00,00,0E,02,00,00,00,00,00,0000,00,00,0000,00,00,00,00,0008,0008,00,00,00,0008,0008,08,A2,00,00,5A,B0
1448,00,01,00,00,01,B0,00,0008,00,00,00,00,00,00,00,00,00,00,0E,02,00,00,00,00,00,0000,00,00,0000,00,00,00,00,0008,0008,00,00,00,0008,0008,08,A3,00,00,5B,B0
1449,00,01,00,00,01,B0,00,0008,00,00,00,00,00,00,00,00,00,00,0E,02,00,00,00,00,00,0000,00,00,0000,00,00,00,00,0008,0008,00,00,00,0008,0008,08,A4,00,00,5C,B0
1450,00,01,00,00,01,B0,00,0008,00,00,00,00,00,00,00,00,00,00,0E,02,00,00,00,00,00,0000,00,00,0000,00,00,00,00,0008,0008,00,00,00,0008,0008,08,A5,00,00,5D,B0
1451,00,01,00,00,01,B0,00,0008,00,00,00,00,00,00,00,00,00,00,0E,02,00,00,00,00,00,0000,00,00,0000,00,00,00,00,0008,0008,00,00,00,0008,0008,08,A6,00,00,5E,B0
1452,00,01,00,00,01,B0,00,0008,00,00,00,00,00,00,00,00,00,00,0E,02,00,00,00,00,00,0000,00,00,0000,00,00,00,00,0008,0008,00,00,00,0008,0008,08,A7,00,00,5F,B0
1453,00,01,00,00,01,B0,00,0008,00,00,00,00,00,00,00,00,00,00,0E,02,00,00,00,00,00,0000,00,00,0000,00,00,00,00,0008,0008,00,00,00,0008,0008,08,A8,00,00,60,B0
1454,00,01,00,00,01,B0,00,0008,00,00,00,00,00,00,00,00,00,00,0E,02,00,00,00,00,00,0000,00,00,0000,00,00,00,00,0008,0008,00,00,00,0008,0008,08,A9,00,00,61,B0
1455,00,01,00,00,01,B0,00,0008,00,00,00,00,00,00,00,00,00,00,0E,02,00,00,00,00,00,0000,00,00,0000,00,00,00,00,0008,0008,00,00,00,0008,0008,08,AA,00,00,62,B0
1456,00,01,00,00,01,B0,00,0008,00,00,00,00,00,00,00,00,00,00,0E,02,00,00,00,00,00,0000,00,00,0000,00,00,00,00,0008,0008,00,00,00,0008,0008,08,AB,00,00,63,B0
1457,00,01,00,00,01,B0,00,0008,00,00,00,00,00,00,00,00,00,00,0E,02,00,00,00,00,00,0000,00,00,0000,00,00,00,00,0008,0008,00,00,00,0008,0008,08,AC,00,00,64,B0
1458,00,01,00,00,01,B0,00,0008,00,00,00,00,00,00,00,00,00,00,0E,02,00,00,00,00,00,0000,00,00,0000,00,00,00,00,0008,0008,00,00,00,0008,0008,08,AD,00,00,65,B0
1459,00,01,00,00,01,B0,00,0008,00,00,00,00,00,00,00,00,00,00,0E,02,00,00,00,00,00,0000,00,00,0000,00,00,00,00,0008,0008,00,00,00,0008,0008,08,AE,00,00,66,B0
1460,00,01,00,00,01,B0,00,0008,00,00,00,00,00,00,00,00,00,00,0E,02,00,00,00,00,00,0000,00,00,0000,00,00,00,00,0008,0008,00,00,00,0008,0008,08,AF,00,00,67,B0
1461,00,01,00,00,01,B0,00,0008,00,00,00,00,00,00,00,00,00,00,0E,02,00,00,00,00,00,0000,00,00,0000,00,00,00,00,0008,0008,00,00,00,0008,0008,08,B0,00,00,68,B0
1462,00,01,00,00,01,B0,00,0008,00,00,00,00,00,00,00,00,00,00,0E,02,00,00,00,00,00,0000,00,00,0000,00,00,00,00,0008,0008,00,00,00,0008,0008,08,B1,00,00,69,B0
1463,00,01,00,00,01,B0,00,0008,00,00,00,00,00,00,00,00,00,00,0E,02,00,00,00,00,00,0000,00,00,0000,00,00,00,00,0008,0008,00,00,00,0008,0008,08,B2,00,00,6A,B0
1464,00,01,00,00,01,B0,00,0008,00,00,00,00,00,00,00,00,00,00,0E,02,00,00,00,00,00,0000,00,00,0000,00,00,00,00,0008,0008,00,00,00,0008,0008,08,B3,00,00,6B,B0
1465,00,01,00,00,01,B0,00,0008,00,00,00,00,00,00,00,00,00,00,0E,02,00,00,00,00,00,0000,00,00,0000,00,00,00,00,0008,0008,00,00,00,0008,0008,08,B4,00,00,6C,B0
1466,00,01,00,00,01,B0,00,0008,00,00,00,00,00,00,00,00,00,00,0E,02,00,00,00,00,00,0000,00,00,0000,00,00,00,00,0008,0008,00,00,00,0008,0008,08,B5,00,00,6D,B0
1467,00,01,00,00,01,B0,00,0008,00,00,00,00,00,00,00,00,00,00,0E,02,00,00,00,00,00,0000,00,00,0000,00,00,00,00,0008,0008,00,00,00,0008,0008,08,B6,00,00,6E,B0
1468,00,01,00,00,01,B0,00,0008,00,00,00,00,00,00,00,00,00,00,0E,02,00,00,00,00,00,0000,00,00,0000,00,00,00,00,0008,0008,00,00,00,0008,0008,08,B7,00,00,6F,B0
1469,00,01,00,00,01,B0,00,0008,00,00,00,00,00,00,00,00,00,00,0E,02,00,00,00,00,00,0000,00,00,0000,00,00,00,00,0008,0008,00,00,00,0008,0008,08,B8,00,00,70,B0
1470,00,01,00,00,01,B0,00,0008,00,00,00,00,00,00,00,00,00,00,0E,02,00,00,00,00,00,0000,00,00,0000,00,00,00,00,0008,0008,00,00,00,0008,0008,08,B9,00,00,71,B0
1471,00,01,00,00,01,B0,00,0008,00,00,00,00,00,00,00,00,00,00,0E,02,00,00,00,00,00,0000,00,00,0000,00,00,00,00,0008,0008,00,00,00,0008,0008,08,BA,00,00,72,B0
1472,00,01,00,00,01,B0,00,0008,00,00,00,00,00,00,00,00,00,00,0E,02,00,00,00,00,00,0000,00,00,0000,00,00,00,00,0008,0008,00,00,00,0008,0008,08,BB,00,00,73,B0
1473,00,01,00,00,01,B0,00,0008,00,00,00,00,00,00,00,00,00,00,0E,02,00,00,00,00,00,0000,00,00,0000,00,00,00,00,0008,0008,00,00,00,0008,0008,08,BC,00,00,74,B0
1474,00,01,00,00,01,B0,00,0008,00,00,00,00,00,00,00,00,00,00,0E,02,00,00,00,00,00,0000,00,00,0000,00,00,00,00,0008,0008,00,00,00,0008,0008,08,BD,00,00,75,B0
1475,00,01,00,00,01,B0,00,0008,00,00,00,00,00,00,00,00,00,00,0E,02,00,00,00,00,00,0000,00,00,0000,00,00,00,00,0008,0008,00,00,00,0008,0008,08,BE,00,00,76,B0
1476,00,01,00,00,01,B0,00,0008,00,00,00,00,00,00,00,00,00,00,0E,02,00,00,00,00,00,0000,00,00,0000,00,00,00,00,0008,0008,00,00,00,0008,0008,08,BF,00,00,77,B0
1477,00,01,00,00,01,B0,00,0008,00,00,00,00,00,00,00,00,00,00,0E,02,00,00,00,00,00,0000,00,00,0000,00,00,00,00,0008,0008,00,00,00,0008,0008,08,C0,00,00,78,B0
1478,00,01,00,00,01,B0,00,0008,00,00,00,00,00,00,00,00,00,00,0E,02,00,00,00,00,00,0000,00,00,0000,00,00,00,00,0008,0008,00,00,00,0008,0008,08,C1,00,00,79,B0
1479,00,01,00,00,01,B0,00,0008,00,00,00,00,00,00,00,00,00,00,0E,02,00,00,00,00,00,0000,00,00,0000,00,00,00,00,0008,0008,00,00,00,0008,0008,08,C2,00,00,7A,B0
1480,00,01,00,00,01,B0,00,0008,00,00,00,00,00,00,00,00,00,00,0E,02,00,00,00,00,00,0000,00,00,0000,00,00,00,00,0008,0008,00,00,00,0008,0008,08,C3,00,00,7B,B0
1481,00,01,00,00,01,B0,00,0008,00,00,00,00,00,00,00,00,00,00,0E,02,00,00,00,00,00,0000,00,00,0000,00,00,00,00,0008,0008,00,00,00,0008,0008,08,C4,00,00,7C,B0
1482,00,01,00,00,01,B0,00,0008,00,00,00,00,00,00,00,00,00,00,0E,02,00,00,00,00,00,0000,00,00,0000,00,00,00,00,0008,0008,00,00,00,0008,0008,08,C5,00,00,7D,B0
1483,00,01,00,00,01,B0,00,0008,00,00,00,00,00,00,00,00,00,00,0E,02,00,00,00,00,00,0000,00,00,0000,00,00,00,00,0008,0008,00,00,00,0008,0008,08,C6,00,00,7E,B0
1484,00,01,00,00,01,B0,00,0008,00,00,00,00,00,00,00,00,00,00,0E,02,00,00,00,00,00,0000,00,00,0000,00,00,00,00,0008,0008,00,00,00,0008,0008,08,C7,00,00,7F,B0
1485,00,01,00,00,01,B0,00,0008,00,00,00,00,00,00,00,00,00,00,0E,02,00,00,00,00,00,0000,00,00,0000,00,00,00,00,0008,0008,00,00,00,0008,0008,08,C8,00,00,80,B0
1486,00,01,00,00,01,B0,00,0008,00,00,00,00,00,00,00,00,00,00,0E,02,00,00,00,00,00,0000,00,00,0000,00,00,00,00,0008,0008,00,00,00,0008,0008,08,C9,00,00,81,B0
1487,00,01,00,00,01,B0,00,0008,00,00,00,00,00,00,00,00,00,00,0E,02,00,00,00,00,00,0000,00,00,0000,00,00,00,00,0008,0008,00,00,00,0008,0008,08,CA,00,00,82,B0
1488,00,01,00,00,01,B0,00,0008,00,00,00,00,00,00,00,00,00,00,0E,02,00,00,00,00,00,0000,00,00,0000,00,00,00,00,0008,0008,00,00,00,0008,0008,08,CB,00,00,83,B0
1489,00,01,00,00,01,B0,00,0008,00,00,00,00,00,00,00,00,00,00,0E,02,00,00,00,00,00,0000,00,00,0000,00,00,00,00,0008,0008,00,00,00,0008,0008,08,CC,00,00,84,B0
1490,00,01,00,00,01,B0,00,0008,00,00,00,00,00,00,00,00,00,00,0E,02,00,00,00,00,00,0000,00,00,0000,00,00,00,00,0008,0008,00,00,00,0008,0008,08,CD,00,00,85,B0
1491,00,01,00,00,01,B0,00,0008,00,00,00,00,00,00,00,00,00,00,0E,02,00,00,00,00,00,0000,00,00,0000,00,00,00,00,0008,0008,00,00,00,0008,0008,08,CE,00,00,86,B0
1492,00,01,00,00,01,B0,00,0008,00,00,00,00,00,00,00,00,00,00,0E,02,00,00,00,00,00,0000,00,00,0000,00,00,00,00,0008,0008,00,00,00,0008,0008,08,CF,00,00,87,B0
1493,00,01,00,00,01,B0,00,0008,00,00,00,00,00,00,00,00,00,00,0E,02,00,00,00,00,00,0000,00,00,0000,00,00,00,00,0008,0008,00,00,00,0008,0008,08,D0,00,00,88,B0
1494,00,01,00,00,01,B0,00,0008,00,00,00,00,00,00,00,00,00,00,0E,02,00,00,00,00,00,0000,00,00,0000,00,00,00,00,0008,0008,00,00,00,0008,0008,08,D1,00,00,89,B0
1495,00,01,00,00,01,B0,00,0008,00,00,00,00,00,00,00,00,00,00,0E,02,00,00,00,00,00,0000,00,00,0000,00,00,00,00,0008,0008,00,00,00,0008,0008,08,D2,00,00,8A,B0
1496,00,01,00,00,01,B0,00,0008,00,00,00,00,00,00,00,00,00,00,0E,02,00,00,00,00,00,0000,00,00,0000,00,00,00,00,0008,0008,00,00,00,0008,0008,08,D3,00,00,8B,B0
1497,00,01,00,00,01,B0,00,0008,00,00,00,00,00,00,00,00,00,00,0E,02,00,00,00,00,00,0000,00,00,0000,00,00,00,00,0008,0008,00,00,00,0008,0008,08,D4,00,00,8C,B0
1498,00,01,00,00,01,B0,00,0008,00,00,00,00,00,00,00,00,00,00,0E,02,00,00,00,00,00,0000,00,00,0000,00,00,00,00,0008,0008,00,00,00,0008,0008,08,D5,00,00,8D,B0
1499,00,01,00,00,01,B0,00,0008,00,00,00,00,00,00,00,00,00,00,0E,02,00,00,00,00,00,0000,00,00,0000,00,00,00,00,0008,0008,00,00,00,0008,0008,08,D6,00,00,8E,B0
1500,00,01,00,00,01,B0,00,0008,00,00,00,00,00,00,00,00,00,00,0E,02,00,00,00,00,00,0000,00,00,0000,00,00,00,00,0008,0008,00,00,00,0008,0008,08,D7,00,00,8F,B0
1501,00,01,00,00,01,B0,00,0008,00,00,00,00,00,00,00,00,00,00,0E,02,00,00,00,00,00,0000,00,00,0000,00,00,00,00,0008,0008,00,00,00,0008,0008,08,D8,00,00,90,B0
1502,00,01,00,00,01,B0,00,0008,00,00,00,00,00,00,00,00,00,00,0E,02,00,00,00,00,00,0000,00,00,0000,00,00,00,00,0008,0008,00,00,00,0008,0008,08,D9,00,00,91,B0
1503,00,01,00,00,01,B0,00,0008,00,00,00,00,00,00,00,00,00,00,0E,02,00,00,00,00,00,0000,00,00,0000,00,00,00,00,0008,0008,00,00,00,0008,0008,08,DA,00,00,92,B0
1504,00,01,00,00,01,B0,00,0008,00,00,00,00,00,00,00,00,00,00,0E,02,00,00,00,00,00,0000,00,00,0000,00,00,00,00,0008,0008,00,00,00,0008,0008,08,DB,00,00,93,B0
1505,00,01,00,00,01,B0,00,0008,00,00,00,00,00,00,00,00,00,00,0E,02,00,00,00,00,00,0000,00,00,0000,00,00,00,00,0008,0008,00,00,00,0008,0008,08,DC,00,00,94,B0
1506,00,01,00,00,01,B0,00,0008,00,00,00,00,00,00,00,00,00,00,0E,02,00,00,00,00,00,0000,00,00,0000,00,00,00,00,0008,0008,00,00,00,0008,0008,08,DD,00,00,95,B0
1507,00,01,00,00,01,B0,00,0008,00,00,00,00,00,00,00,00,00,00,0E,02,00,00,00,00,00,0000,00,00,0000,00,00,00,00,0008,0008,00,00,00,0008,0008,08,DE,00,00,96,B0
1508,00,01,00,00,01,B0,00,0008,00,00,00,00,00,00,00,00,00,00,0E,02,00,00,00,00,00,0000,00,00,0000,00,00,00,00,0008,0008,00,00,00,0008,0008,08,DF,00,00,97,B0
1509,00,01,00,00,01,B0,00,0008,00,00,00,00,00,00,00,00,00,00,0E,02,00,00,00,00,00,0000,00,00,0000,00,00,00,00,0008,0008,00,00,00,0008,0008,08,E0,00,00,98,B0
1510,00,01,00,00,01,B0,00,0008,00,00,00,00,00,00,00,00,00,00,0E,02,00,00,00,00,00,0000,00,00,0000,00,00,00,00,0008,0008,00,00,00,0008,0008,08,E1,00,00,99,B0
1511,00,01,00,00,01,B0,00,0008,00,00,00,00,00,00,00,00,00,00,0E,02,00,00,00,00,00,0000,00,00,0000,00,00,00,00,0008,0008,00,00,00,0008,0008,08,E2,00,00,9A,B0
1512,00,01,00,00,01,B0,00,0008,00,00,00,00,00,00,00,00,00,00,0E,02,00,00,00,00,00,0000,00,00,0000,00,00,00,00,0008,0008,00,00,00,0008,0008,08,E3,00,00,9B,B0
1513,00,01,00,00,01,B0,00,0008,00,00,00,00,00,00,00,00,00,00,0E,02,00,00,00,00,00,0000,00,00,0000,00,00,00,00,0008,0008,00,00,00,0008,0008,08,E4,00,00,9C,B0
1514,00,01,00,00,01,B0,00,0008,00,00,00,00,00,00,00,00,00,00,0E,02,00,00,00,00,00,0000,00,00,0000,00,00,00,00,0008,0008,00,00,00,0008,0008,08,E5,00,00,9D,B0
1515,00,01,00,00,01,B0,00,0008,00,00,00,00,00,00,00,00,00,00,0E,02,00,00,00,00,00,0000,00,00,0000,00,00,00,00,0008,0008,00,00,00,0008,0008,08,E6,00,00,9E,B0
1516,00,01,00,00,01,B0,00,0008,00,00,00,00,00,00,00,00,00,00,0E,02,00,00,00,00,00,0000,00,00,0000,00,00,00,00,0008,0008,00,00,00,0008,0008,08,E7,00,00,9F,B0
1517,00,01,00,00,01,B0,00,0008,00,00,00,00,00,00,00,00,00,00,0E,02,00,00,00,00,00,0000,00,00,0000,00,00,00,00,0008,0008,00,00,00,0008,0008,08,E8,00,00,A0,B0
1518,00,01,00,00,01,B0,00,0008,00,00,00,00,00,00,00,00,00,00,0E,02,00,00,00,00,00,0000,00,00,0000,00,00,00,00,0008,0008,00,00,00,0008,0008,08,E9,00,00,A1,B0
1519,00,01,00,00,01,B0,00,0008,00,00,00,00,00,00,00,00,00,00,0E,02,00,00,00,00,00,0000,00,00,0000,00,00,00,00,0008,0008,00,00,00,0008,0008,08,EA,00,00,A2,B0
1520,00,01,00,00,01,B0,00,0008,00,00,00,00,00,00,00,00,00,00,0E,02,00,00,00,00,00,0000,00,00,0000,00,00,00,00,0008,0008,00,00,00,0008,0008,08,EB,00,00,A3,B0
1521,00,01,00,00,01,B0,00,0008,00,00,00,00,00,00,00,00,00,00,0E,02,00,00,00,00,00,0000,00,00,0000,00,00,00,00,0008,0008,00,00,00,0008,0008,08,EC,00,00,A4,B0
1522,00,01,00,00,01,B0,00,0008,00,00,00,00,00,00,00,00,00,00,0E,02,00,00,00,00,00,0000,00,00,0000,00,00,00,00,0008,0008,00,00,00,0008,0008,08,ED,00,00,A5,B0
1523,00,01,00,00,01,B0,00,0008,00,00,00,00,00,00,00,00,00,00,0E,02,00,00,00,00,00,0000,00,00,0000,00,00,00,00,0008,0008,00,00,00,0008,0008,08,EE,00,00,A6,B0
1524,00,01,00,00,01,B0,00,0008,00,00,00,00,00,00,00,00,00,00,0E,02,00,00,00,00,00,0000,00,00,0000,00,00,00,00,0008,0008,00,00,00,0008,0008,08,EF,00,00,A7,B0
1525,00,01,00,00,01,B0,00,0008,00,00,00,00,00,00,00,00,00,00,0E,02,00,00,00,00,00,0000,00,00,0000,00,00,00,00,0008,0008,00,00,00,0008,0008,08,F0,00,00,A8,B0
1526,00,01,00,00,01,B0,00,0008,00,00,00,00,00,00,00,00,00,00,0E,02,00,00,00,00,00,0000,00,00,0000,00,00,00,00,0008,0008,00,00,00,0008,0008,08,F0,00,01,A9,B0
1527,00,01,00,00,01,B0,00,0008,00,00,00,00,00,00,00,00,00,00,0E,02,00,00,00,00,00,0000,00,00,0000,00,00,00,00,0008,0008,00,00,00,0008,0008,08,F0,00,01,AA,B0
1528,00,01,00,00,01,B0,00,0008,00,00,00,00,00,00,00,00,00,00,0E,02,00,00,00,00,00,0000,00,00,0000,00,00,00,00,0008,0008,00,00,00,0008,0008,08,F0,00,01,AB,B0
1529,00,01,00,00,01,B0,00,0008,00,00,00,00,00,00,00,00,00,00,0E,02,00,00,00,00,00,0000,00,00,0000,00,00,00,00,0008,0008,00,00,00,0008,0008,08,F0,00,01,AC,B0
1530,00,01,00,00,01,B0,00,0008,00,00,00,00,00,00,00,00,00,00,0E,02,00,00,00,00,00,0000,00,00,0000,00,00,00,00,0008,0008,00,00,00,0008,0008,08,F0,00,01,AD,B0
1531,00,01,00,00,01,B0,00,0008,00,00,00,00,00,00,00,00,00,00,0E,02,00,00,00,00,00,0000,00,00,0000,00,00,00,00,0008,0008,00,00,00,0008,0008,08,F0,00,01,AE,B0
1532,00,01,00,00,01,B0,00,0008,00,00,00,00,00,00,00,00,00,00,0E,02,00,00,00,00,00,0000,00,00,0000,00,00,00,00,0008,0008,00,00,00,0008,0008,08,F0,00,01,AF,B0
1533,00,01,00,00,01,B0,00,0008,00,00,00,00,00,00,00,00,00,00,0E,02,00,00,00,00,00,0000,00,00,0000,00,00,00,00,0008,0008,00,00,00,0008,0008,08,F0,00,01,B0,B0
1534,00,01,00,00,01,B0,00,0008,00,00,00,00,00,00,00,00,00,00,0E,02,00,00,00,00,00,0000,00,00,0000,00,00,00,00,0008,0008,00,00,00,0008,0008,08,F0,00,01,B1,B0
1535,00,01,00,00,01,B0,00,0008,00,00,00,00,00,00,00,00,00,00,0E,02,00,00,00,00,00,0000,00,00,0000,00,00,00,00,0008,0008,00,00,00,0008,0008,08,F0,00,01,B2,B0
1536,00,01,00,00,01,B0,00,0008,00,00,00,00,00,00,00,00,00,00,0E,02,00,00,00,00,00,0000,00,00,0000,00,00,00,00,0008,0008,00,00,00,0008,0008,08,F0,00,01,B3,B0
1537,00,01,00,00,01,B0,00,0008,00,00,00,00,00,00,00,00,00,00,0E,02,00,00,00,00,00,0000,00,00,0000,00,00,00,00,0008,0008,00,00,00,0008,0008,08,F0,00,01,B4,B0
1538,00,01,00,00,01,B0,00,0008,00,00,00,00,00,00,00,00,00,00,0E,02,00,00,00,00,00,0000,00,00,0000,00,00,00,00,0008,0008,00,00,00,0008,0008,08,F0,00,01,B5,B0
1539,00,01,00,00,01,B0,00,0008,00,00,00,00,00,00,00,00,00,00,0E,02,00,00,00,00,00,0000,00,00,0000,00,00,00,00,0008,0008,00,00,00,0008,0008,08,F0,00,01,B6,B0
1540,00,01,00,00,01,B0,00,0008,00,00,00,00,00,00,00,00,00,00,0E,02,00,00,00,00,00,0000,00,00,0000,00,00,00,00,0008,0008,00,00,00,0008,0008,08,F0,00,01,B7,B0
1541,00,01,00,00,01,B0,00,0008,00,00,00,00,00,00,00,00,00,00,0E,02,00,00,00,00,00,0000,00,00,0000,00,00,00,00,0008,0008,00,00,00,0008,0008,08,F0,00,01,B8,B0
1542,00,01,00,00,01,B0,00,0008,00,00,00,00,00,00,00,00,00,00,0E,02,00,00,00,00,00,0000,00,00,0000,00,00,00,00,0008,0008,00,00,00,0008,0008,08,F0,00,01,B9,B0
1543,00,01,00,00,01,B0,00,0008,00,00,00,00,00,00,00,00,00,00,0E,02,00,00,00,00,00,0000,00,00,0000,00,00,00,00,0008,0008,00,00,00,0008,0008,08,F0,00,01,BA,B0
1544,00,01,00,00,01,B0,00,0008,00,00,00,00,00,00,00,00,00,00,0E,02,00,00,00,00,00,0000,00,00,0000,00,00,00,00,0008,0008,00,00,00,0008,0008,08,F0,00,01,BB,B0
1545,00,01,00,00,01,B0,00,0008,00,00,00,00,00,00,00,00,00,00,0E,02,00,00,00,00,00,0000,00,00,0000,00,00,00,00,0008,0008,00,00,00,0008,0008,08,F0,00,01,BC,B0
1546,00,01,00,00,01,B0,00,0008,00,00,00,00,00,00,00,00,00,00,0E,02,00,00,00,00,00,0000,00,00,0000,00,00,00,00,0008,0008,00,00,00,0008,0008,08,F0,00,01,BD,B0
1547,00,01,00,00,01,B0,00,0008,00,00,00,00,00,00,00,00,00,00,0E,02,00,00,00,00,00,0000,00,00,0000,00,00,00,00,0008,0008,00,00,00,0008,0008,08,F0,00,01,BE,B0
1548,00,01,00,00,01,B0,00,0008,00,00,00,00,00,00,00,00,00,00,0E,02,00,00,00,00,00,0000,00,00,0000,00,00,00,00,0008,0008,00,00,00,0008,0008,08,F0,00,01,BF,B0
1549,00,01,00,00,01,B0,00,0008,00,00,00,00,00,00,00,00,00,00,0E,02,00,00,00,00,00,0000,00,00,0000,00,00,00,00,0008,0008,00,00,00,0008,0008,08,F0,00,01,C0,B0
1550,00,01,00,00,01,B0,00,0008,00,00,00,00,00,00,00,00,00,00,0E,02,00,00,00,00,00,0000,00,00,0000,00,00,00,00,0008,0008,00,00,00,0008,0008,08,F0,00,01,C1,B0
1551,00,01,00,00,01,B0,00,0008,00,00,00,00,00,00,00,00,00,00,0E,02,00,00,00,00,00,0000,00,00,0000,00,00,00,00,0008,0008,00,00,00,0008,0008,08,F0,00,01,C2,B0
1552,00,01,00,00,01,B0,00,0008,00,00,00,00,00,00,00,00,00,00,0E,02,00,00,00,00,00,0000,00,00,0000,00,00,00,00,0008,0008,00,00,00,0008,0008,08,F0,00,01,C3,B0
1553,00,01,00,00,01,B0,00,0008,00,00,00,00,00,00,00,00,00,00,0E,02,00,00,00,00,00,0000,00,00,0000,00,00,00,00,0008,0008,00,00,00,0008,0008,08,F0,00,01,C4,B0
1554,00,01,00,00,01,B0,00,0008,00,00,00,00,00,00,00,00,00,00,0E,02,00,00,00,00,00,0000,00,00,0000,00,00,00,00,0008,0008,00,00,00,0008,0008,08,F0,00,01,C5,B0
1555,00,01,00,00,01,B0,00,0008,00,00,00,00,00,00,00,00,00,00,0E,02,00,00,00,00,00,0000,00,00,0000,00,00,00,00,0008,0008,00,00,00,0008,0008,08,F0,00,01,C6,B0
1556,00,01,00,00,01,B0,00,0008,00,00,00,00,00,00,00,00,00,00,0E,02,00,00,00,00,00,0000,00,00,0000,00,00,00,00,0008,0008,00,00,00,0008,0008,08,F0,00,01,C7,B0
1557,00,01,00,00,01,B0,00,0008,00,00,00,00,00,00,00,00,00,00,0E,02,00,00,00,00,00,0000,00,00,0000,00,00,00,00,0008,0008,00,00,00,0008,0008,08,F0,00,01,C8,B0
1558,00,01,00,00,01,B0,00,0008,00,00,00,00,00,00,00,00,00,00,0E,02,00,00,00,00,00,0000,00,00,0000,00,00,00,00,0008,0008,00,00,00,0008,0008,08,F0,00,01,C9,B0
1559,00,01,00,00,01,B0,00,0008,00,00,00,00,00,00,00,00,00,00,0E,02,00,00,00,00,00,0000,00,00,0000,00,00,00,00,0008,0008,00,00,00,0008,0008,08,F0,00,01,CA,B0
1560,00,01,00,00,01,B0,00,0008,00,00,00,00,00,00,00,00,00,00,0E,02,00,00,00,00,00,0000,00,00,0000,00,00,00,00,0008,0008,00,00,00,0008,0008,08,F0,00,01,CB,B0
1561,00,01,00,00,01,B0,00,0008,00,00,00,00,00,00,00,00,00,00,0E,02,00,00,00,00,00,0000,00,00,0000,00,00,00,00,0008,0008,00,00,00,0008,0008,08,F0,00,01,CC,B0
1562,00,01,00,00,01,B0,00,0008,00,00,00,00,00,00,00,00,00,00,0E,02,00,00,00,00,00,0000,00,00,0000,00,00,00,00,0008,0008,00,00,00,0008,0008,08,F0,00,01,CD,B0
1563,00,01,00,00,01,B0,00,0008,00,00,00,00,00,00,00,00,00,00,0E,02,00,00,00,00,00,0000,00,00,0000,00,00,00,00,0008,0008,00,00,00,0008,0008,08,F0,00,01,CE,B0
1564,00,01,00,00,01,B0,00,0008,00,00,00,00,00,00,00,00,00,00,0E,02,00,00,00,00,00,0000,00,00,0000,00,00,00,00,0008,0008,00,00,00,0008,0008,08,F0,00,01,CF,B0
1565,00,01,00,00,01,B0,00,0008,00,00,00,00,00,00,00,00,00,00,0E,02,00,00,00,00,00,0000,00,00,0000,00,00,00,00,0008,0008,00,00,00,0008,0008,08,F0,00,01,D0,B0
1566,00,01,00,00,01,B0,00,0008,00,00,00,00,00,00,00,00,00,00,0E,02,00,00,00,00,00,0000,00,00,0000,00,00,00,00,0008,0008,00,00,00,0008,0008,08,F0,00,01,D1,B0
1567,00,01,00,00,01,B0,00,0008,00,00,00,00,00,00,00,00,00,00,0E,02,00,00,00,00,00,0000,00,00,0000,00,00,00,00,0008,0008,00,00,00,0008,0008,08,F0,00,01,D2,B0
1568,00,01,00,00,01,B0,00,0008,00,00,00,00,00,00,00,00,00,00,0E,02,00,00,00,00,00,0000,00,00,0000,00,00,00,00,0008,0008,00,00,00,0008,0008,08,F0,00,01,D3,B0
1569,00,01,00,00,01,B0,00,0008,00,00,00,00,00,00,00,00,00,00,0E,02,00,00,00,00,00,0000,00,00,0000,00,00,00,00,0008,0008,00,00,00,0008,0008,08,F0,00,01,D4,B0
1570,00,01,00,00,01,B0,00,0008,00,00,00,00,00,00,00,00,00,00,0E,02,00,00,00,00,00,0000,00,00,0000,00,00,00,00,0008,0008,00,00,00,0008,0008,08,F0,00,01,D5,B0
1571,00,01,00,00,01,B0,00,0008,00,00,00,00,00,00,00,00,00,00,0E,02,00,00,00,00,00,0000,00,00,0000,00,00,00,00,0008,0008,00,00,00,0008,0008,08,F0,00,01,D6,B0
1572,00,01,00,00,01,B0,00,0008,00,00,00,00,00,00,00,00,00,00,0E,02,00,00,00,00,00,0000,00,00,0000,00,00,00,00,0008,0008,00,00,00,0008,0008,08,F0,00,01,D7,B0
1573,00,01,00,00,01,B0,00,0008,00,00,00,00,00,00,00,00,00,00,0E,02,00,00,00,00,00,0000,00,00,0000,00,00,00,00,0008,0008,00,00,00,0008,0008,08,F0,00,01,D8,B0
1574,00,01,00,00,01,B0,00,0008,00,00,00,00,00,00,00,00,00,00,0E,02,00,00,00,00,00,0000,00,00,0000,00,00,00,00,0008,0008,00,00,00,0008,0008,08,F0,00,01,D9,B0
1575,00,01,00,00,01,B0,00,0008,00,00,00,00,00,00,00,00,00,00,0E,02,00,00,00,00,00,0000,00,00,0000,00,00,00,00,0008,0008,00,00,00,0008,0008,08,F0,00,01,DA,B0
1576,00,01,00,00,01,B0,00,0008,00,00,00,00,00,00,00,00,00,00,0E,02,00,00,00,00,00,0000,00,00,0000,00,00,00,00,0008,0008,00,00,00,0008,0008,08,F0,00,01,DB,B0
1577,00,01,00,00,01,B0,00,0008,00,00,00,00,00,00,00,00,00,00,0E,02,00,00,00,00,00,0000,00,00,0000,00,00,00,00,0008,0008,00,00,00,0008,0008,08,F0,00,01,DC,B0
1578,00,01,00,00,01,B0,00,0008,00,00,00,00,00,00,00,00,00,00,0E,02,00,00,00,00,00,0000,00,00,0000,00,00,00,00,0008,0008,00,00,00,0008,0008,08,F0,00,01,DD,B0
1579,00,01,00,00,01,B0,00,0008,00,00,00,00,00,00,00,00,00,00,0E,02,00,00,00,00,00,0000,00,00,0000,00,00,00,00,0008,0008,00,00,00,0008,0008,08,F0,00,01,DE,B0
1580,00,01,00,00,01,B0,00,0008,00,00,00,00,00,00,00,00,00,00,0E,02,00,00,00,00,00,0000,00,00,0000,00,00,00,00,0008,0008,00,00,00,0008,0008,08,F0,00,01,DF,B0
1581,00,01,00,00,01,B0,00,0008,00,00,00,00,00,00,00,00,00,00,0E,02,00,00,00,00,00,0000,00,00,0000,00,00,00,00,0008,0008,00,00,00,0008,0008,08,F0,00,01,E0,B0
1582,00,01,00,00,01,B0,00,0008,00,00,00,00,00,00,00,00,00,00,0E,02,00,00,00,00,00,0000,00,00,0000,00,00,00,00,0008,0008,00,00,00,0008,0008,08,F0,00,01,E1,B0
1583,00,01,00,00,01,B0,00,0008,00,00,00,00,00,00,00,00,00,00,0E,02,00,00,00,00,00,0000,00,00,0000,00,00,00,00,0008,0008,00,00,00,0008,0008,08,F0,00,01,E2,B0
1584,00,01,00,00,01,B0,00,0008,00,00,00,00,00,00,00,00,00,00,0E,02,00,00,00,00,00,0000,00,00,0000,00,00,00,00,0008,0008,00,00,00,0008,0008,08,F0,00,01,E3,B0
1585,00,01,00,00,01,B0,00,0008,00,00,00,00,00,00,00,00,00,00,0E,02,00,00,00,00,00,0000,00,00,0000,00,00,00,00,0008,0008,00,00,00,0008,0008,08,F0,00,01,E4,B0
1586,00,01,00,00,01,B0,00,0008,00,00,00,00,00,00,00,00,00,00,0E,02,00,00,00,00,00,0000,00,00,0000,00,00,00,00,0008,0008,00,00,00,0008,0008,08,F0,00,01,E5,B0
1587,00,01,00,00,01,B0,00,0008,00,00,00,00,00,00,00,00,00,00,0E,02,00,00,00,00,00,0000,00,00,0000,00,00,00,00,0008,0008,00,00,00,0008,0008,08,F0,00,01,E6,B0
1588,00,01,00,00,01,B0,00,0008,00,00,00,00,00,00,00,00,00,00,0E,02,00,00,00,00,00,0000,00,00,0000,00,00,00,00,0008,0008,00,00,00,0008,0008,08,F0,00,01,E7,B0
1589,00,01,00,00,01,B0,00,0008,00,00,00,00,00,00,00,00,00,00,0E,02,00,00,00,00,00,0000,00,00,0000,00,00,00,00,0008,0008,00,00,00,0008,0008,08,F0,00,01,E8,B0
1590,00,01,00,00,01,B0,00,0008,00,00,00,00,00,00,00,00,00,00,0E,02,00,00,00,00,00,0000,00,00,0000,00,00,00,00,0008,0008,00,00,00,0008,0008,08,F0,00,01,E9,B0
1591,00,01,00,00,01,B0,00,0008,00,00,00,00,00,00,00,00,00,00,0E,02,00,00,00,00,00,0000,00,00,0000,00,00,00,00,0008,0008,00,00,00,0008,0008,08,F0,00,01,EA,B0
1592,00,01,00,00,01,B0,00,0008,00,00,00,00,00,00,00,00,00,00,0E,02,00,00,00,00,00,0000,00,00,0000,00,00,00,00,0008,0008,00,00,00,0008,0008,08,F0,00,01,EB,B0
1593,00,01,00,00,01,B0,00,0008,00,00,00,00,00,00,00,00,00,00,0E,02,00,00,00,00,00,0000,00,00,0000,00,00,00,00,0008,0008,00,00,00,0008,0008,08,F0,00,01,EC,B0
1594,00,01,00,00,01,B0,00,0008,00,00,00,00,00,00,00,00,00,00,0E,02,00,00,00,00,00,0000,00,00,0000,00,00,00,00,0008,0008,00,00,00,0008,0008,08,F0,00,01,ED,B0
1595,00,01,00,00,01,B0,00,0008,00,00,00,00,00,00,00,00,00,00,0E,02,00,00,00,00,00,0000,00,00,0000,00,00,00,00,0008,0008,00,00,00,0008,0008,08,F0,00,01,EE,B0
1596,00,01,00,00,01,B0,00,0008,00,00,00,00,00,00,00,00,00,00,0E,02,00,00,00,00,00,0000,00,00,0000,00,00,00,00,0008,0008,00,00,00,0008,0008,08,F0,00,01,EF,B0
1597,00,01,00,00,01,B0,00,0008,00,00,00,00,00,00,00,00,00,00,0E,02,00,00,00,00,00,0000,00,00,0000,00,00,00,00,0008,0008,00,00,00,0008,0008,08,F0,00,01,F0,B0
1598,00,01,00,00,01,B0,00,0008,00,00,00,00,00,00,00,00,00,00,0E,02,00,00,00,00,00,0000,00,00,0000,00,00,00,00,0008,0008,00,00,00,0008,0008,08,F0,00,01,F1,B0
1599,00,01,00,00,01,B0,00,0008,00,00,00,00,00,00,00,00,00,00,0E,02,00,00,00,00,00,0000,00,00,0000,00,00,00,00,0008,0008,00,00,00,0008,0008,08,F0,00,01,F2,B0
1600,00,01,00,00,01,B0,00,0008,00,00,00,00,00,00,00,00,00,00,0E,02,00,00,00,00,00,0000,00,00,0000,00,00,00,00,0008,0008,00,00,00,0008,0008,08,F0,00,01,F3,B0
1601,00,01,00,00,01,B0,00,0008,00,00,00,00,00,00,00,00,00,00,0E,02,00,00,00,00,00,0000,00,00,0000,00,00,00,00,0008,0008,00,00,00,0008,0008,08,F0,00,01,F4,B0
1602,00,01,00,00,01,B0,00,0008,00,00,00,00,00,00,00,00,00,00,0E,02,00,00,00,00,00,0000,00,00,0000,00,00,00,00,0008,0008,00,00,00,0008,0008,08,F0,00,01,F5,B0
1603,00,01,00,00,01,B0,00,0008,00,00,00,00,00,00,00,00,00,00,0E,02,00,00,00,00,00,0000,00,00,0000,00,00,00,00,0008,0008,00,00,00,0008,0008,08,F0,00,01,F6,B0
1604,00,01,00,00,01,B0,00,0008,00,00,00,00,00,00,00,00,00,00,0E,02,00,00,00,00,00,0000,00,00,0000,00,00,00,00,0008,0008,00,00,00,0008,0008,08,F0,00,01,F7,B0
1605,00,01,00,00,01,B0,00,0008,00,00,00,00,00,00,00,00,00,00,0E,02,00,00,00,00,00,0000,00,00,0000,00,00,00,00,0008,0008,00,00,00,0008,0008,08,F0,00,01,F8,B0
1606,00,01,00,00,01,B0,00,0008,00,00,00,00,00,00,00,00,00,00,0E,02,00,00,00,00,00,0000,00,00,0000,00,00,00,00,0008,0008,00,00,00,0008,0008,08,F0,00,01,F9,B0
1607,00,01,00,00,01,B0,00,0008,00,00,00,00,00,00,00,00,00,00,0E,02,00,00,00,00,00,0000,00,00,0000,00,00,00,00,0008,0008,00,00,00,0008,0008,08,F0,00,01,FA,B0
1608,00,01,00,00,01,B0,00,0008,00,00,00,00,00,00,00,00,00,00,0E,02,00,00,00,00,00,0000,00,00,0000,00,00,00,00,0008,0008,00,00,00,0008,0008,08,F0,00,01,FB,B0
1609,00,01,00,00,01,B0,00,0008,00,00,00,00,00,00,00,00,00,00,0E,02,00,00,00,00,00,0000,00,00,0000,00,00,00,00,0008,0008,00,00,00,0008,0008,08,F0,00,01,FC,B0
1610,00,01,00,00,01,B0,00,0008,00,00,00,00,00,00,00,00,00,00,0E,02,00,00,00,00,00,0000,00,00,0000,00,00,00,00,0008,0008,00,00,00,0008,0008,08,F0,00,01,FD,B0
1611,00,01,00,00,01,B0,00,0008,00,00,00,00,00,00,00,00,00,00,0E,02,00,00,00,00,00,0000,00,00,0000,00,00,00,00,0008,0008,00,00,00,0008,0008,08,F0,00,01,FE,B0
1612,00,01,00,00,01,B0,00,0008,00,00,00,00,00,00,00,00,00,00,0E,02,00,00,00,00,00,0000,00,00,0000,00,00,00,00,0008,0008,00,00,00,0008,0008,08,F0,00,01,FF,B0
1613,00,01,00,00,01,B0,00,0008,00,00,00,00,00,00,00,00,00,00,0E,02,00,00,00,00,00,0000,00,00,0000,00,00,00,00,0008,0008,00,00,00,0008,0008,08,F0,00,01,00,B0
1614,00,01,00,00,01,B0,00,0008,00,00,00,00,00,00,00,00,00,00,0E,02,00,00,00,00,00,0000,00,00,0000,00,00,00,00,0008,0008,00,00,00,0008,0008,08,F0,00,01,01,B0
1615,00,01,00,00,01,B0,00,0008,00,00,00,00,00,00,00,00,00,00,0E,02,00,00,00,00,00,0000,00,00,0000,00,00,00,00,0008,0008,00,00,00,0008,0008,08,F0,00,01,02,B0
1616,00,01,00,00,01,B0,00,0008,00,00,00,00,00,00,00,00,00,00,0E,02,00,00,00,00,00,0000,00,00,0000,00,00,00,00,0008,0008,00,00,00,0008,0008,08,F0,00,01,03,B0
1617,00,01,00,00,01,B0,00,0008,00,00,00,00,00,00,00,00,00,00,0E,02,00,00,00,00,00,0000,00,00,0000,00,00,00,00,0008,0008,00,00,00,0008,0008,08,F0,00,01,04,B0
1618,00,01,00,00,01,B0,00,0008,00,00,00,00,00,00,00,00,00,00,0E,02,00,00,00,00,00,0000,00,00,0000,00,00,00,00,0008,0008,00,00,00,0008,0008,08,F0,00,01,05,B0
1619,00,01,00,00,01,B0,00,0008,00,00,00,00,00,00,00,00,00,00,0E,02,00,00,00,00,00,0000,00,00,0000,00,00,00,00,0008,0008,00,00,00,0008,0008,08,F0,00,01,06,B0
1620,00,01,00,00,01,B0,00,0008,00,00,00,00,00,00,00,00,00,00,0E,02,00,00,00,00,00,0000,00,00,0000,00,00,00,00,0008,0008,00,00,00,0008,0008,08,F0,00,01,07,B0
1621,00,01,00,00,01,B0,00,0008,00,00,00,00,00,00,00,00,00,00,0E,02,00,00,00,00,00,0000,00,00,0000,00,00,00,00,0008,0008,00,00,00,0008,0008,08,F0,00,01,08,B0
1622,00,01,00,00,01,B0,00,0008,00,00,00,00,00,00,00,00,00,00,0E,02,00,00,00,00,00,0000,00,00,0000,00,00,00,00,0008,0008,00,00,00,0008,0008,08,F0,00,01,09,B0
1623,00,01,00,00,01,B0,00,0008,00,00,00,00,00,00,00,00,00,00,0E,02,00,00,00,00,00,0000,00,00,0000,00,00,00,00,0008,0008,00,00,00,0008,0008,08,F0,00,01,0A,B0
1624,00,01,00,00,01,B0,00,0008,00,00,00,00,00,00,00,00,00,00,0E,02,00,00,00,00,00,0000,00,00,0000,00,00,00,00,0008,0008,00,00,00,0008,0008,08,F0,00,01,0B,B0
1625,00,01,00,00,01,B0,00,0008,00,00,00,00,00,00,00,00,00,00,0E,02,00,00,00,00,00,0000,00,00,0000,00,00,00,00,0008,0008,00,00,00,0008,0008,08,F0,00,01,0C,B0
1626,00,01,00,00,01,B0,00,0008,00,00,00,00,00,00,00,00,00,00,0E,02,00,00,00,00,00,0000,00,00,0000,00,00,00,00,0008,0008,00,00,00,0008,0008,08,F0,00,01,0D,B0
1627,00,01,00,00,01,B0,00,0008,00,00,00,00,00,00,00,00,00,00,0E,02,00,00,00,00,00,0000,00,00,0000,00,00,00,00,0008,0008,00,00,00,0008,0008,08,F0,00,01,0E,B0
1628,00,01,00,00,01,B0,00,0008,00,00,00,00,00,00,00,00,00,00,0E,02,00,00,00,00,00,0000,00,00,0000,00,00,00,00,0008,0008,00,00,00,0008,0008,08,F0,00,01,0F,B0
1629,00,01,00,00,01,B0,00,0008,00,00,00,00,00,00,00,00,00,00,0E,02,00,00,00,00,00,0000,00,00,0000,00,00,00,00,0008,0008,00,00,00,0008,0008,08,F0,00,01,10,B0
1630,00,01,00,00,01,B0,00,0008,00,00,00,00,00,00,00,00,00,00,0E,02,00,00,00,00,00,0000,00,00,0000,00,00,00,00,0008,0008,00,00,00,0008,0008,08,F0,00,01,11,B0
1631,00,01,00,00,01,B0,00,0008,00,00,00,00,00,00,00,00,00,00,0E,02,00,00,00,00,00,0000,00,00,0000,00,00,00,00,0008,0008,00,00,00,0008,0008,08,F0,00,01,12,B0
1632,00,01,00,00,01,B0,00,0008,00,00,00,00,00,00,00,00,00,00,0E,02,00,00,00,00,00,0000,00,00,0000,00,00,00,00,0008,0008,00,00,00,0008,0008,08,F0,00,01,13,B0
1633,00,01,00,00,01,B0,00,0008,00,00,00,00,00,00,00,00,00,00,0E,02,00,00,00,00,00,0000,00,00,0000,00,00,00,00,0008,0008,00,00,00,0008,0008,08,F0,00,01,14,B0
1634,00,01,00,00,01,B0,00,0008,00,00,00,00,00,00,00,00,00,00,0E,02,00,00,00,00,00,0000,00,00,0000,00,00,00,00,0008,0008,00,00,00,0008,0008,08,F0,00,01,15,B0
1635,00,01,00,00,01,B0,00,0008,00,00,00,00,00,00,00,00,00,00,0E,02,00,00,00,00,00,0000,00,00,0000,00,00,00,00,0008,0008,00,00,00,0008,0008,08,F0,00,01,16,B0
1636,00,01,00,00,01,B0,00,0008,00,00,00,00,00,00,00,00,00,00,0E,02,00,00,00,00,00,0000,00,00,0000,00,00,00,00,0008,0008,00,00,00,0008,0008,08,F0,00,01,17,B0
1637,00,01,00,00,01,B0,00,0008,00,00,00,00,00,00,00,00,00,00,0E,02,00,00,00,00,00,0000,00,00,0000,00,00,00,00,0008,0008,00,00,00,0008,0008,08,F0,00,01,18,B0
1638,00,01,00,00,01,B0,00,0008,00,00,00,00,00,00,00,00,00,00,0E,02,00,00,00,00,00,0000,00,00,0000,00,00,00,00,0008,0008,00,00,00,0008,0008,08,F0,00,01,19,B0
1639,00,01,00,00,01,B0,00,0008,00,00,00,00,00,00,00,00,00,00,0E,02,00,00,00,00,00,0000,00,00,0000,00,00,00,00,0008,0008,00,00,00,0008,0008,08,F0,00,01,1A,B0
1640,00,01,00,00,01,B0,00,0008,00,00,00,00,00,00,00,00,00,00,0E,02,00,00,00,00,00,0000,00,00,0000,00,00,00,00,0008,0008,00,00,00,0008,0008,08,F0,00,01,1B,B0
1641,00,01,00,00,01,B0,00,0008,00,00,00,00,00,00,00,00,00,00,0E,02,00,00,00,00,00,0000,00,00,0000,00,00,00,00,0008,0008,00,00,00,0008,0008,08,F0,00,01,1C,B0
1642,00,01,00,00,01,B0,00,0008,00,00,00,00,00,00,00,00,00,00,0E,02,00,00,00,00,00,0000,00,00,0000,00,00,00,00,0008,0008,00,00,00,0008,0008,08,F0,00,01,1D,B0
1643,00,01,00,00,01,B0,00,0008,00,00,00,00,00,00,00,00,00,00,0E,02,00,00,00,00,00,0000,00,00,0000,00,00,00,00,0008,0008,00,00,00,0008,0008,08,F0,00,01,1E,B0
1644,00,01,00,00,01,B0,00,0008,00,00,00,00,00,00,00,00,00,00,0E,02,00,00,00,00,00,0000,00,00,0000,00,00,00,00,0008,0008,00,00,00,0008,0008,08,F0,00,01,1F,B0
1645,00,01,00,00,01,B0,00,0008,00,00,00,00,00,00,00,00,00,00,0E,02,00,00,00,00,00,0000,00,00,0000,00,00,00,00,0008,0008,00,00,00,0008,0008,08,F0,00,01,20,B0
1646,00,01,00,00,01,B0,00,0008,00,00,00,00,00,00,00,00,00,00,0E,02,00,00,00,00,00,0000,00,00,0000,00,00,00,00,0008,0008,00,00,00,0008,0008,08,F0,00,01,21,B0
1647,00,01,00,00,01,B0,00,0008,00,00,00,00,00,00,00,00,00,00,0E,02,00,00,00,00,00,0000,00,00,0000,00,00,00,00,0008,0008,00,00,00,0008,0008,08,F0,00,01,22,B0
1648,00,01,00,00,01,B0,00,0008,00,00,00,00,00,00,00,00,00,00,0E,02,00,00,00,00,00,0000,00,00,0000,00,00,00,00,0008,0008,00,00,00,0008,0008,08,F0,00,01,23,B0
1649,00,01,00,00,01,B0,00,0008,00,00,00,00,00,00,00,00,00,00,0E,02,00,00,00,00,00,0000,00,00,0000,00,00,00,00,0008,0008,00,00,00,0008,0008,08,F0,00,01,24,B0
1650,00,01,00,00,01,B0,00,0008,00,00,00,00,00,00,00,00,00,00,0E,02,00,00,00,00,00,0000,00,00,0000,00,00,00,00,0008,0008,00,00,00,0008,0008,08,F0,00,01,25,B0
1651,00,01,00,00,01,B0,00,0008,00,00,00,00,00,00,00,00,00,00,0E,02,00,00,00,00,00,0000,00,00,0000,00,00,00,00,0008,0008,00,00,00,0008,0008,08,F0,00,01,26,B0
1652,00,01,00,00,01,B0,00,0008,00,00,00,00,00,00,00,00,00,00,0E,02,00,00,00,00,00,0000,00,00,0000,00,00,00,00,0008,0008,00,00,00,0008,0008,08,F0,00,01,27,B0
1653,00,01,00,00,01,B0,00,0008,00,00,00,00,00,00,00,00,00,00,0E,02,00,00,00,00,00,0000,00,00,0000,00,00,00,00,0008,0008,00,00,00,0008,0008,08,F0,00,01,28,B0
1654,00,01,00,00,01,B0,00,0008,00,00,00,00,00,00,00,00,00,00,0E,02,00,00,00,00,00,0000,00,00,0000,00,00,00,00,0008,0008,00,00,00,0008,0008,08,F0,00,01,29,B0
1655,00,01,00,00,01,B0,00,0008,00,00,00,00,00,00,00,00,00,00,0E,02,00,00,00,00,00,0000,00,00,0000,00,00,00,00,0008,0008,00,00,00,0008,0008,08,F0,00,01,2A,B0
1656,00,01,00,00,01,B0,00,0008,00,00,00,00,00,00,00,00,00,00,0E,02,00,00,00,00,00,0000,00,00,0000,00,00,00,00,0008,0008,00,00,00,0008,0008,08,F0,00,01,2B,B0
1657,00,01,00,00,01,B0,00,0008,00,00,00,00,00,00,00,00,00,00,0E,02,00,00,00,00,00,0000,00,00,0000,00,00,00,00,0008,0008,00,00,00,0008,0008,08,F0,00,01,2C,B0
1658,00,01,00,00,01,B0,00,0008,00,00,00,00,00,00,00,00,00,00,0E,02,00,00,00,00,00,0000,00,00,0000,00,00,00,00,0008,0008,00,00,00,0008,0008,08,F0,00,01,2D,B0
1659,00,01,00,00,01,B0,00,0008,00,00,00,00,00,00,00,00,00,00,0E,02,00,00,00,00,00,0000,00,00,0000,00,00,00,00,0008,0008,00,00,00,0008,0008,08,F0,00,01,2E,B0
1660,00,01,00,00,01,B0,00,0008,00,00,00,00,00,00,00,00,00,00,0E,02,00,00,00,00,00,0000,00,00,0000,00,00,00,00,0008,0008,00,00,00,0008,0008,08,F0,00,01,2F,B0
1661,00,01,00,00,01,B0,00,0008,00,00,00,00,00,00,00,00,00,00,0E,02,00,00,00,00,00,0000,00,00,0000,00,00,00,00,0008,0008,00,00,00,0008,0008,08,F0,00,01,30,B0
1662,00,01,00,00,01,B0,00,0008,00,00,00,00,00,00,00,00,00,00,0E,02,00,00,00,00,00,0000,00,00,0000,00,00,00,00,0008,0008,00,00,00,0008,0008,08,F0,00,01,31,B0
1663,00,01,00,00,01,B0,00,0008,00,00,00,00,00,00,00,00,00,00,0E,02,00,00,00,00,00,0000,00,00,0000,00,00,00,00,0008,0008,00,00,00,0008,0008,08,F0,00,01,32,B0
1664,00,01,00,00,01,B0,00,0008,00,00,00,00,00,00,00,00,00,00,0E,02,00,00,00,00,00,0000,00,00,0000,00,00,00,00,0008,0008,00,00,00,0008,0008,08,F0,00,01,33,B0
1665,00,01,00,00,01,B0,00,0008,00,00,00,00,00,00,00,00,00,00,0E,02,00,00,00,00,00,0000,00,00,0000,00,00,00,00,0008,0008,00,00,00,0008,0008,08,F0,00,01,34,B0
1666,00,01,00,00,01,B0,00,0008,00,00,00,00,00,00,00,00,00,00,0E,02,00,00,00,00,00,0000,00,00,0000,00,00,00,00,0008,0008,00,00,00,0008,0008,08,F0,00,01,35,B0
1667,00,01,00,00,01,B0,00,0008,00,00,00,00,00,00,00,00,00,00,0E,02,00,00,00,00,00,0000,00,00,0000,00,00,00,00,0008,0008,00,00,00,0008,0008,08,F0,00,01,36,B0
1668,00,01,00,00,01,B0,00,0008,00,00,00,00,00,00,00,00,00,00,0E,02,00,00,00,00,00,0000,00,00,0000,00,00,00,00,0008,0008,00,00,00,0008,0008,08,F0,00,01,37,B0
1669,00,01,00,00,01,B0,00,0008,00,00,00,00,00,00,00,00,00,00,0E,02,00,00,00,00,00,0000,00,00,0000,00,00,00,00,0008,0008,00,00,00,0008,0008,08,F0,00,01,38,B0
1670,00,01,00,00,01,B0,00,0008,00,00,00,00,00,00,00,00,00,00,0E,02,00,00,00,00,00,0000,00,00,0000,00,00,00,00,0008,0008,00,00,00,0008,0008,08,F0,00,01,39,B0
1671,00,01,00,00,01,B0,00,0008,00,00,00,00,00,00,00,00,00,00,0E,02,00,00,00,00,00,0000,00,00,0000,00,00,00,00,0008,0008,00,00,00,0008,0008,08,F0,00,01,3A,B0
1672,00,01,00,00,01,B0,00,0008,00,00,00,00,00,00,00,00,00,00,0E,02,00,00,00,00,00,0000,00,00,0000,00,00,00,00,0008,0008,00,00,00,0008,0008,08,F0,00,01,3B,B0
1673,00,01,00,00,01,B0,00,0008,00,00,00,00,00,00,00,00,00,00,0E,02,00,00,00,00,00,0000,00,00,0000,00,00,00,00,0008,0008,00,00,00,0008,0008,08,F0,00,01,3C,B0
1674,00,01,00,00,01,B0,00,0008,00,00,00,00,00,00,00,00,00,00,0E,02,00,00,00,00,00,0000,00,00,0000,00,00,00,00,0008,0008,00,00,00,0008,0008,08,F0,00,01,3D,B0
1675,00,01,00,00,01,B0,00,0008,00,00,00,00,00,00,00,00,00,00,0E,02,00,00,00,00,00,0000,00,00,0000,00,00,00,00,0008,0008,00,00,00,0008,0008,08,F0,00,01,3E,B0
1676,00,01,00,00,01,B0,00,0008,00,00,00,00,00,00,00,00,00,00,0E,02,00,00,00,00,00,0000,00,00,0000,00,00,00,00,0008,0008,00,00,00,0008,0008,08,F0,00,01,3F,B0
1677,00,01,00,00,01,B0,00,0008,00,00,00,00,00,00,00,00,00,00,0E,02,00,00,00,00,00,0000,00,00,0000,00,00,00,00,0008,0008,00,00,00,0008,0008,08,F0,00,01,40,B0
1678,00,01,00,00,01,B0,00,0008,00,00,00,00,00,00,00,00,00,00,0E,02,00,00,00,00,00,0000,00,00,0000,00,00,00,00,0008,0008,00,00,00,0008,0008,08,F0,00,01,41,B0
1679,00,01,00,00,01,B0,00,0008,00,00,00,00,00,00,00,00,00,00,0E,02,00,00,00,00,00,0000,00,00,0000,00,00,00,00,0008,0008,00,00,00,0008,0008,08,F0,00,01,42,B0
1680,00,01,00,00,01,B0,00,0008,00,00,00,00,00,00,00,00,00,00,0E,02,00,00,00,00,00,0000,00,00,0000,00,00,00,00,0008,0008,00,00,00,0008,0008,08,F0,00,01,43,B0
1681,00,01,00,00,01,B0,00,0008,00,00,00,00,00,00,00,00,00,00,0E,02,00,00,00,00,00,0000,00,00,0000,00,00,00,00,0008,0008,00,00,00,0008,0008,08,F0,00,01,44,B0
1682,00,01,00,00,01,B0,00,0008,00,00,00,00,00,00,00,00,00,00,0E,02,00,00,00,00,00,0000,00,00,0000,00,00,00,00,0008,0008,00,00,00,0008,0008,08,F0,00,01,45,B0
1683,00,01,00,00,01,B0,00,0008,00,00,00,00,00,00,00,00,00,00,0E,02,00,00,00,00,00,0000,00,00,0000,00,00,00,00,0008,0008,00,00,00,0008,0008,08,F0,00,01,46,B0
1684,00,01,00,00,01,B0,00,0008,00,00,00,00,00,00,00,00,00,00,0E,02,00,00,00,00,00,0000,00,00,0000,00,00,00,00,0008,0008,00,00,00,0008,0008,08,F0,00,01,47,B0
1685,00,01,00,00,01,B0,00,0008,00,00,00,00,00,00,00,00,00,00,0E,02,00,00,00,00,00,0000,00,00,0000,00,00,00,00,0008,0008,00,00,00,0008,0008,08,F0,00,01,48,B0
1686,00,01,00,00,01,B0,00,0008,00,00,00,00,00,00,00,00,00,00,0E,02,00,00,00,00,00,0000,00,00,0000,00,00,00,00,0008,0008,00,00,00,0008,0008,08,F0,00,01,49,B0
1687,00,01,00,00,01,B0,00,0008,00,00,00,00,00,00,00,00,00,00,0E,02,00,00,00,00,00,0000,00,00,0000,00,00,00,00,0008,0008,00,00,00,0008,0008,08,F0,00,01,4A,B0
1688,00,01,00,00,01,B0,00,0008,00,00,00,00,00,00,00,00,00,00,0E,02,00,00,00,00,00,0000,00,00,0000,00,00,00,00,0008,0008,00,00,00,0008,0008,08,F0,00,01,4B,B0
1689,00,01,00,00,01,B0,00,0008,00,00,00,00,00,00,00,00,00,00,0E,02,00,00,00,00,00,0000,00,00,0000,00,00,00,00,0008,0008,00,00,00,0008,0008,08,F0,00,01,4C,B0
1690,00,01,00,00,01,B0,00,0008,00,00,00,00,00,00,00,00,00,00,0E,02,00,00,00,00,00,0000,00,00,0000,00,00,00,00,0008,0008,00,00,00,0008,0008,08,F0,00,01,4D,B0
1691,00,01,00,00,01,B0,00,0008,00,00,00,00,00,00,00,00,00,00,0E,02,00,00,00,00,00,0000,00,00,0000,00,00,00,00,0008,0008,00,00,00,0008,0008,08,F0,00,01,4E,B0
1692,00,01,00,00,01,B0,00,0008,00,00,00,00,00,00,00,00,00,00,0E,02,00,00,00,00,00,0000,00,00,0000,00,00,00,00,0008,0008,00,00,00,0008,0008,08,F0,00,01,4F,B0
1693,00,01,00,00,01,B0,00,0008,00,00,00,00,00,00,00,00,00,00,0E,02,00,00,00,00,00,0000,00,00,0000,00,00,00,00,0008,0008,00,00,00,0008,0008,08,F0,00,01,50,B0
1694,00,01,00,00,01,B0,00,0008,00,00,00,00,00,00,00,00,00,00,0E,02,00,00,00,00,00,0000,00,00,0000,00,00,00,00,0008,0008,00,00,00,0008,0008,08,F0,00,01,51,B0
1695,00,01,00,00,01,B0,00,0008,00,00,00,00,00,00,00,00,00,00,0E,02,00,00,00,00,00,0000,00,00,0000,00,00,00,00,0008,0008,00,00,00,0008,0008,08,F0,00,01,52,B0
1696,00,01,00,00,01,B0,00,0008,00,00,00,00,00,00,00,00,00,00,0E,02,00,00,00,00,00,0000,00,00,0000,00,00,00,00,0008,0008,00,00,00,0008,0008,08,F0,00,01,53,B0
1697,00,01,00,00,01,B0,00,0008,00,00,00,00,00,00,00,00,00,00,0E,02,00,00,00,00,00,0000,00,00,0000,00,00,00,00,0008,0008,00,00,00,0008,0008,08,F0,00,01,54,B0
1698,00,01,00,00,01,B0,00,0008,00,00,00,00,00,00,00,00,00,00,0E,02,00,00,00,00,00,0000,00,00,0000,00,00,00,00,0008,0008,00,00,00,0008,0008,08,F0,00,01,55,B0
1699,00,01,00,00,01,B0,00,0008,00,00,00,00,00,00,00,00,00,00,0E,02,00,00,00,00,00,0000,00,00,0000,00,00,00,00,0008,0008,00,00,00,0008,0008,08,F0,00,01,56,B0
1700,00,01,00,00,01,B0,00,0008,00,00,00,00,00,00,00,00,00,00,0E,02,00,00,00,00,00,0000,00,00,0000,00,00,00,00,0008,0008,00,00,00,0008,0008,08,F0,00,01,57,B0
1701,00,01,00,00,01,B0,00,0008,00,00,00,00,00,00,00,00,00,00,0E,02,00,00,00,00,00,0000,00,00,0000,00,00,00,00,0008,0008,00,00,00,0008,0008,08,F0,00,01,58,B0
1702,00,01,00,00,01,B0,00,0008,00,00,00,00,00,00,00,00,00,00,0E,02,00,00,00,00,00,0000,00,00,0000,00,00,00,00,0008,0008,00,00,00,0008,0008,08,F0,00,01,59,B0
1703,00,01,00,00,01,B0,00,0008,00,00,00,00,00,00,00,00,00,00,0E,02,00,00,00,00,00,0000,00,00,0000,00,00,00,00,0008,0008,00,00,00,0008,0008,08,F0,00,01,5A,B0
1704,00,01,00,00,01,B0,00,0008,00,00,00,00,00,00,00,00,00,00,0E,02,00,00,00,00,00,0000,00,00,0000,00,00,00,00,0008,0008,00,00,00,0008,0008,08,F0,00,01,5B,B0
1705,00,01,00,00,01,B0,00,0008,00,00,00,00,00,00,00,00,00,00,0E,02,00,00,00,00,00,0000,00,00,0000,00,00,00,00,0008,0008,00,00,00,0008,0008,08,F0,00,01,5C,B0
1706,00,01,00,00,01,B0,00,0008,00,00,00,00,00,00,00,00,00,00,0E,02,00,00,00,00,00,0000,00,00,0000,00,00,00,00,0008,0008,00,00,00,0008,0008,08,F0,00,01,5D,B0
1707,00,01,00,00,01,B0,00,0008,00,00,00,00,00,00,00,00,00,00,0E,02,00,00,00,00,00,0000,00,00,0000,00,00,00,00,0008,0008,00,00,00,0008,0008,08,F0,00,01,5E,B0
1708,00,01,00,00,01,B0,00,0008,00,00,00,00,00,00,00,00,00,00,0E,02,00,00,00,00,00,0000,00,00,0000,00,00,00,00,0008,0008,00,00,00,0008,0008,08,F0,00,01,5F,B0
1709,00,01,00,00,01,B0,00,0008,00,00,00,00,00,00,00,00,00,00,0E,02,00,00,00,00,00,0000,00,00,0000,00,00,00,00,0008,0008,00,00,00,0008,0008,08,F0,00,01,60,B0
1710,00,01,00,00,01,B0,00,0008,00,00,00,00,00,00,00,00,00,00,0E,02,00,00,00,00,00,0000,00,00,0000,00,00,00,00,0008,0008,00,00,00,0008,0008,08,F0,00,01,61,B0
1711,00,01,00,00,01,B0,00,0008,00,00,00,00,00,00,00,00,00,00,0E,02,00,00,00,00,00,0000,00,00,0000,00,00,00,00,0008,0008,00,00,00,0008,0008,08,F0,00,01,62,B0
1712,00,01,00,00,01,B0,00,0008,00,00,00,00,00,00,00,00,00,00,0E,02,00,00,00,00,00,0000,00,00,0000,00,00,00,00,0008,0008,00,00,00,0008,0008,08,F0,00,01,63,B0
1713,00,01,00,00,01,B0,00,0008,00,00,00,00,00,00,00,00,00,00,0E,02,00,00,00,00,00,0000,00,00,0000,00,00,00,00,0008,0008,00,00,00,0008,0008,08,F0,00,01,64,B0
1714,00,01,00,00,01,B0,00,0008,00,00,00,00,00,00,00,00,00,00,0E,02,00,00,00,00,00,0000,00,00,0000,00,00,00,00,0008,0008,00,00,00,0008,0008,08,F0,00,01,65,B0
1715,00,01,00,00,01,B0,00,0008,00,00,00,00,00,00,00,00,00,00,0E,02,00,00,00,00,00,0000,00,00,0000,00,00,00,00,0008,0008,00,00,00,0008,0008,08,F0,00,01,66,B0
1716,00,01,00,00,01,B0,00,0008,00,00,00,00,00,00,00,00,00,00,0E,02,00,00,00,00,00,0000,00,00,0000,00,00,00,00,0008,0008,00,00,00,0008,0008,08,F0,00,01,67,B0
1717,00,01,00,00,01,B0,00,0008,00,00,00,00,00,00,00,00,00,00,0E,02,00,00,00,00,00,0000,00,00,0000,00,00,00,00,0008,0008,00,00,00,0008,0008,08,F0,00,01,68,B0
1718,00,01,00,00,01,B0,00,0008,00,00,00,00,00,00,00,00,00,00,0E,02,00,00,00,00,00,0000,00,00,0000,00,00,00,00,0008,0008,00,00,00,0008,0008,08,F0,00,01,69,B0
1719,00,01,00,00,01,B0,00,0008,00,00,00,00,00,00,00,00,00,00,0E,02,00,00,00,00,00,0000,00,00,0000,00,00,00,00,0008,0008,00,00,00,0008,0008,08,F0,00,01,6A,B0
1720,00,01,00,00,01,B0,00,0008,00,00,00,00,00,00,00,00,00,00,0E,02,00,00,00,00,00,0000,00,00,0000,00,00,00,00,0008,0008,00,00,00,0008,0008,08,F0,00,01,6B,B0
1721,00,01,00,00,01,B0,00,0008,00,00,00,00,00,00,00,00,00,00,0E,02,00,00,00,00,00,0000,00,00,0000,00,00,00,00,0008,0008,00,00,00,0008,0008,08,F0,00,01,6C,B0
1722,00,01,00,00,01,B0,00,0008,00,00,00,00,00,00,00,00,00,00,0E,02,00,00,00,00,00,0000,00,00,0000,00,00,00,00,0008,0008,00,00,00,0008,0008,08,F0,00,01,6D,B0
1723,00,01,00,00,01,B0,00,0008,00,00,00,00,00,00,00,00,00,00,0E,02,00,00,00,00,00,0000,00,00,0000,00,00,00,00,0008,0008,00,00,00,0008,0008,08,F0,00,01,6E,B0
1724,00,01,00,00,01,B0,00,0008,00,00,00,00,00,00,00,00,00,00,0E,02,00,00,00,00,00,0000,00,00,0000,00,00,00,00,0008,0008,00,00,00,0008,0008,08,F0,00,01,6F,B0
1725,00,01,00,00,01,B0,00,0008,00,00,00,00,00,00,00,00,00,00,0E,02,00,00,00,00,00,0000,00,00,0000,00,00,00,00,0008,0008,00,00,00,0008,0008,08,F0,00,01,70,B0
1726,00,01,00,00,01,B0,00,0008,00,00,00,00,00,00,00,00,00,00,0E,02,00,00,00,00,00,0000,00,00,0000,00,00,00,00,0008,0008,00,00,00,0008,0008,08,F0,00,01,71,B0
1727,00,01,00,00,01,B0,00,0008,00,00,00,00,00,00,00,00,00,00,0E,02,00,00,00,00,00,0000,00,00,0000,00,00,00,00,0008,0008,00,00,00,0008,0008,08,F0,00,01,72,B0
1728,00,01,00,00,01,B0,00,0008,00,00,00,00,00,00,00,00,00,00,0E,02,00,00,00,00,00,0000,00,00,0000,00,00,00,00,0008,0008,00,00,00,0008,0008,08,F0,00,01,73,B0
1729,00,01,00,00,01,B0,00,0008,00,00,00,00,00,00,00,00,00,00,0E,02,00,00,00,00,00,0000,00,00,0000,00,00,00,00,0008,0008,00,00,00,0008,0008,08,F0,00,01,74,B0
1730,00,01,00,00,01,B0,00,0008,00,00,00,00,00,00,00,00,00,00,0E,02,00,00,00,00,00,0000,00,00,0000,00,00,00,00,0008,0008,00,00,00,0008,0008,08,F0,00,01,75,B0
1731,00,01,00,00,01,B0,00,0008,00,00,00,00,00,00,00,00,00,00,0E,02,00,00,00,00,00,0000,00,00,0000,00,00,00,00,0008,0008,00,00,00,0008,0008,08,F0,00,01,76,B0
1732,00,01,00,00,01,B0,00,0008,00,00,00,00,00,00,00,00,00,00,0E,02,00,00,00,00,00,0000,00,00,0000,00,00,00,00,0008,0008,00,00,00,0008,0008,08,F0,00,01,77,B0
1733,00,01,00,00,01,B0,00,0008,00,00,00,00,00,00,00,00,00,00,0E,02,00,00,00,00,00,0000,00,00,0000,00,00,00,00,0008,0008,00,00,00,0008,0008,08,F0,00,01,78,B0
1734,00,01,00,00,01,B0,00,0008,00,00,00,00,00,00,00,00,00,00,0E,02,00,00,00,00,00,0000,00,00,0000,00,00,00,00,0008,0008,00,00,00,0008,0008,08,F0,00,01,79,B0
1735,00,01,00,00,01,B0,00,0008,00,00,00,00,00,00,00,00,00,00,0E,02,00,00,00,00,00,0000,00,00,0000,00,00,00,00,0008,0008,00,00,00,0008,0008,08,F0,00,01,7A,B0
1736,00,01,00,00,01,B0,00,0008,00,00,00,00,00,00,00,00,00,00,0E,02,00,00,00,00,00,0000,00,00,0000,00,00,00,00,0008,0008,00,00,00,0008,0008,08,F0,00,01,7B,B0
1737,00,01,00,00,01,B0,00,0008,00,00,00,00,00,00,00,00,00,00,0E,02,00,00,00,00,00,0000,00,00,0000,00,00,00,00,0008,0008,00,00,00,0008,0008,08,F0,00,01,7C,B0
1738,00,01,00,00,01,B0,00,0008,00,00,00,00,00,00,00,00,00,00,0E,02,00,00,00,00,00,0000,00,00,0000,00,00,00,00,0008,0008,00,00,00,0008,0008,08,F0,00,01,7D,B0
1739,00,01,00,00,01,B0,00,0008,00,00,00,00,00,00,00,00,00,00,0E,02,00,00,00,00,00,0000,00,00,0000,00,00,00,00,0008,0008,00,00,00,0008,0008,08,F0,00,01,7E,B0
1740,00,01,00,00,01,B0,00,0008,00,00,00,00,00,00,00,00,00,00,0E,02,00,00,00,00,00,0000,00,00,0000,00,00,00,00,0008,0008,00,00,00,0008,0008,08,F0,00,01,7F,B0
1741,00,01,00,00,01,B0,00,0008,00,00,00,00,00,00,00,00,00,00,0E,02,00,00,00,00,00,0000,00,00,0000,00,00,00,00,0008,0008,00,00,00,0008,0008,08,F0,00,01,80,B0
1742,00,01,00,00,01,B0,00,0008,00,00,00,00,00,00,00,00,00,00,0E,02,00,00,00,00,00,0000,00,00,0000,00,00,00,00,0008,0008,00,00,00,0008,0008,08,F0,00,01,81,B0
1743,00,01,00,00,01,B0,00,0008,00,00,00,00,00,00,00,00,00,00,0E,02,00,00,00,00,00,0000,00,00,0000,00,00,00,00,0008,0008,00,00,00,0008,0008,08,F0,00,01,82,B0
1744,00,01,00,00,01,B0,00,0008,00,00,00,00,00,00,00,00,00,00,0E,02,00,00,00,00,00,0000,00,00,0000,00,00,00,00,0008,0008,00,00,00,0008,0008,08,F0,00,01,83,B0
1745,00,01,00,00,01,B0,00,0008,00,00,00,00,00,00,00,00,00,00,0E,02,00,00,00,00,00,0000,00,00,0000,00,00,00,00,0008,0008,00,00,00,0008,0008,08,F0,00,01,84,B0
1746,00,01,00,00,01,B0,00,0008,00,00,00,00,00,00,00,00,00,00,0E,02,00,00,00,00,00,0000,00,00,0000,00,00,00,00,0008,0008,00,00,00,0008,0008,08,F0,00,01,85,B0
1747,00,01,00,00,01,B0,00,0008,00,00,00,00,00,00,00,00,00,00,0E,02,00,00,00,00,00,0000,00,00,0000,00,00,00,00,0008,0008,00,00,00,0008,0008,08,F0,00,01,86,B0
1748,00,01,00,00,01,B0,00,0008,00,00,00,00,00,00,00,00,00,00,0E,02,00,00,00,00,00,0000,00,00,0000,00,00,00,00,0008,0008,00,00,00,0008,0008,08,F0,00,01,87,B0
1749,00,01,00,00,01,B0,00,0008,00,00,00,00,00,00,00,00,00,00,0E,02,00,00,00,00,00,0000,00,00,0000,00,00,00,00,0008,0008,00,00,00,0008,0008,08,F0,00,01,88,B0
1750,00,01,00,00,01,B0,00,0008,00,00,00,00,00,00,00,00,00,00,0E,02,00,00,00,00,00,0000,00,00,0000,00,00,00,00,0008,0008,00,00,00,0008,0008,08,F0,00,01,89,B0
1751,00,01,00,00,01,B0,00,0008,00,00,00,00,00,00,00,00,00,00,0E,02,00,00,00,00,00,0000,00,00,0000,00,00,00,00,0008,0008,00,00,00,0008,0008,08,F0,00,01,8A,B0
1752,00,01,00,00,01,B0,00,0008,00,00,00,00,00,00,00,00,00,00,0E,02,00,00,00,00,00,0000,00,00,0000,00,00,00,00,0008,0008,00,00,00,0008,0008,08,F0,00,01,8B,B0
1753,00,01,00,00,01,B0,00,0008,00,00,00,00,00,00,00,00,00,00,0E,02,00,00,00,00,00,0000,00,00,0000,00,00,00,00,0008,0008,00,00,00,0008,0008,08,F0,00,01,8C,B0
1754,00,01,00,00,01,B0,00,0008,00,00,00,00,00,00,00,00,00,00,0E,02,00,00,00,00,00,0000,00,00,0000,00,00,00,00,0008,0008,00,00,00,0008,0008,08,F0,00,01,8D,B0
1755,00,01,00,00,01,B0,00,0008,00,00,00,00,00,00,00,00,00,00,0E,02,00,00,00,00,00,0000,00,00,0000,00,00,00,00,0008,0008,00,00,00,0008,0008,08,F0,00,01,8E,B0
1756,00,01,00,00,01,B0,00,0008,00,00,00,00,00,00,00,00,00,00,0E,02,00,00,00,00,00,0000,00,00,0000,00,00,00,00,0008,0008,00,00,00,0008,0008,08,F0,00,01,8F,B0
1757,00,01,00,00,01,B0,00,0008,00,00,00,00,00,00,00,00,00,00,0E,02,00,00,00,00,00,0000,00,00,0000,00,00,00,00,0008,0008,00,00,00,0008,0008,08,F0,00,01,90,B0
1758,00,01,00,00,01,B0,00,0008,00,00,00,00,00,00,00,00,00,00,0E,02,00,00,00,00,00,0000,00,00,0000,00,00,00,00,0008,0008,00,00,00,0008,0008,08,F0,00,01,91,B0
1759,00,01,00,00,01,B0,00,0008,00,00,00,00,00,00,00,00,00,00,0E,02,00,00,00,00,00,0000,00,00,0000,00,00,00,00,0008,0008,00,00,00,0008,0008,08,F0,00,01,92,B0
1760,00,01,00,00,01,B0,00,0008,00,00,00,00,00,00,00,00,00,00,0E,02,00,00,00,00,00,0000,00,00,0000,00,00,00,00,0008,0008,00,00,00,0008,0008,08,F0,00,01,93,B0
1761,00,01,00,00,01,B0,00,0008,00,00,00,00,00,00,00,00,00,00,0E,02,00,00,00,00,00,0000,00,00,0000,00,00,00,00,0008,0008,00,00,00,0008,0008,08,F0,00,01,94,B0
1762,00,01,00,00,01,B0,00,0008,00,00,00,00,00,00,00,00,00,00,0E,02,00,00,00,00,00,0000,00,00,0000,00,00,00,00,0008,0008,00,00,00,0008,0008,08,F0,00,01,95,B0
1763,00,01,00,00,01,B0,00,0008,00,00,00,00,00,00,00,00,00,00,0E,02,00,00,00,00,00,0000,00,00,0000,00,00,00,00,0008,0008,00,00,00,0008,0008,08,F0,00,01,96,B0
1764,00,01,00,00,01,B0,00,0008,00,00,00,00,00,00,00,00,00,00,0E,02,00,00,00,00,00,0000,00,00,0000,00,00,00,00,0008,0008,00,00,00,0008,0008,08,F0,00,01,97,B0
1765,00,01,00,00,01,B0,00,0008,00,00,00,00,00,00,00,00,00,00,0E,02,00,00,00,00,00,0000,00,00,0000,00,00,00,00,0008,0008,00,00,00,0008,0008,08,F0,00,01,98,B0
1766,00,01,00,00,01,B0,00,0008,00,00,00,00,00,00,00,00,00,00,0E,02,00,00,00,00,00,0000,00,00,0000,00,00,00,00,0008,0008,00,00,00,0008,0008,08,F0,00,01,99,B0
1767,00,01,00,00,01,B0,00,0008,00,00,00,00,00,00,00,00,00,00,0E,02,00,00,00,00,00,0000,00,00,0000,00,00,00,00,0008,0008,00,00,00,0008,0008,08,F0,00,01,9A,B0
1768,00,01,00,00,01,B0,00,0008,00,00,00,00,00,00,00,00,00,00,0E,02,00,00,00,00,00,0000,00,00,0000,00,00,00,00,0008,0008,00,00,00,0008,0008,08,F0,00,01,9B,B0
1769,00,01,00,00,01,B0,00,0008,00,00,00,00,00,00,00,00,00,00,0E,02,00,00,00,00,00,0000,00,00,0000,00,00,00,00,0008,0008,00,00,00,0008,0008,08,F0,00,01,9C,B0
1770,00,01,00,00,01,B0,00,0008,00,00,00,00,00,00,00,00,00,00,0E,02,00,00,00,00,00,0000,00,00,0000,00,00,00,00,0008,0008,00,00,00,0008,0008,08,F0,00,01,9D,B0
1771,00,01,00,00,01,B0,00,0008,00,00,00,00,00,00,00,00,00,00,0E,02,00,00,00,00,00,0000,00,00,0000,00,00,00,00,0008,0008,00,00,00,0008,0008,08,F0,00,01,9E,B0
1772,00,01,00,00,01,B0,00,0008,00,00,00,00,00,00,00,00,00,00,0E,02,00,00,00,00,00,0000,00,00,0000,00,00,00,00,0008,0008,00,00,00,0008,0008,08,F0,00,01,9F,B0
1773,00,01,00,00,01,B0,00,0008,00,00,00,00,00,00,00,00,00,00,0E,02,00,00,00,00,00,0000,00,00,0000,00,00,00,00,0008,0008,00,00,00,0008,0008,08,F0,00,01,A0,B0
1774,00,01,00,00,01,B0,00,0008,00,00,00,00,00,00,00,00,00,00,0E,02,00,00,00,00,00,0000,00,00,0000,00,00,00,00,0008,0008,00,00,00,0008,0008,08,F0,00,01,A1,B0
1775,00,01,00,00,01,B0,00,0008,00,00,00,00,00,00,00,00,00,00,0E,02,00,00,00,00,00,0000,00,00,0000,00,00,00,00,0008,0008,00,00,00,0008,0008,08,F0,00,01,A2,B0
1776,00,01,00,00,01,B0,00,0008,00,00,00,00,00,00,00,00,00,00,0E,02,00,00,00,00,00,0000,00,00,0000,00,00,00,00,0008,0008,00,00,00,0008,0008,08,F0,00,01,A3,B0
1777,00,01,00,00,01,B0,00,0008,00,00,00,00,00,00,00,00,00,00,0E,02,00,00,00,00,00,0000,00,00,0000,00,00,00,00,0008,0008,00,00,00,0008,0008,08,F0,00,01,A4,B0
1778,00,01,00,00,01,B0,00,0008,00,00,00,00,00,00,00,00,00,00,0E,02,00,00,00,00,00,0000,00,00,0000,00,00,00,00,0008,0008,00,00,00,0008,0008,08,F0,00,01,A5,B0
1779,00,01,00,00,01,B0,00,0008,00,00,00,00,00,00,00,00,00,00,0E,02,00,00,00,00,00,0000,00,00,0000,00,00,00,00,0008,0008,00,00,00,0008,0008,08,F0,00,01,A6,B0
1780,00,01,00,00,01,B0,00,0008,00,00,00,00,00,00,00,00,00,00,0E,02,00,00,00,00,00,0000,00,00,0000,00,00,00,00,0008,0008,00,00,00,0008,0008,08,F0,00,01,A7,B0
1781,00,01,00,00,01,B0,00,0008,00,00,00,00,00,00,00,00,00,00,0E,02,00,00,00,00,00,0000,00,00,0000,00,00,00,00,0008,0008,00,00,00,0008,0008,08,F0,00,01,A8,B0
1782,00,01,00,00,01,B0,00,0008,00,00,00,00,00,00,00,00,00,00,0E,02,00,00,00,00,00,0000,00,00,0000,00,00,00,00,0008,0008,00,00,00,0008,0008,08,F0,00,01,A9,B0
1783,00,01,00,00,01,B0,00,0008,00,00,00,00,00,00,00,00,00,00,0E,02,00,00,00,00,00,0000,00,00,0000,00,00,00,00,0008,0008,00,00,00,0008,0008,08,F0,00,01,AA,B0
1784,00,01,00,00,01,B0,00,0008,00,00,00,00,00,00,00,00,00,00,0E,02,00,00,00,00,00,0000,00,00,0000,00,00,00,00,0008,0008,00,00,00,0008,0008,08,F0,00,01,AB,B0
1785,00,01,00,00,01,B0,00,0008,00,00,00,00,00,00,00,00,00,00,0E,02,00,00,00,00,00,0000,00,00,0000,00,00,00,00,0008,0008,00,00,00,0008,0008,08,F0,00,01,AC,B0
1786,00,01,00,00,01,B0,00,0008,00,00,00,00,00,00,00,00,00,00,0E,02,00,00,00,00,00,0000,00,00,0000,00,00,00,00,0008,0008,00,00,00,0008,0008,08,F0,00,01,AD,B0
1787,00,01,00,00,01,B0,00,0008,00,00,00,00,00,00,00,00,00,00,0E,02,00,00,00,00,00,0000,00,00,0000,00,00,00,00,0008,0008,00,00,00,0008,0008,08,F0,00,01,AE,B0
1788,00,01,00,00,01,B0,00,0008,00,00,00,00,00,00,00,00,00,00,0E,02,00,00,00,00,00,0000,00,00,0000,00,00,00,00,0008,0008,00,00,00,0008,0008,08,F0,00,01,AF,B0
1789,00,01,00,00,01,B0,00,0008,00,00,00,00,00,00,00,00,00,00,0E,02,00,00,00,00,00,0000,00,00,0000,00,00,00,00,0008,0008,00,00,00,0008,0008,08,F0,00,01,B0,B0
1790,00,01,00,00,01,B0,00,0008,00,00,00,00,00,00,00,00,00,00,0E,02,00,00,00,00,00,0000,00,00,0000,00,00,00,00,0008,0008,00,00,00,0008,0008,08,F0,00,01,B1,B0
1791,00,01,00,00,01,B0,00,0008,00,00,00,00,00,00,00,00,00,00,0E,02,00,00,00,00,00,0000,00,00,0000,00,00,00,00,0008,0008,00,00,00,0008,0008,08,F0,00,01,B2,B0
1792,00,01,00,00,01,B0,00,0008,00,00,00,00,00,00,00,00,00,00,0E,02,00,00,00,00,00,0000,00,00,0000,00,00,00,00,0008,0008,00,00,00,0008,0008,08,F0,00,01,B3,B0
1793,00,01,00,00,01,B0,00,0008,00,00,00,00,00,00,00,00,00,00,0E,02,00,00,00,00,00,0000,00,00,0000,00,00,00,00,0008,0008,00,00,00,0008,0008,08,F0,00,01,B4,B0
1794,00,01,00,00,01,B0,00,0008,00,00,00,00,00,00,00,00,00,00,0E,02,00,00,00,00,00,0000,00,00,0000,00,00,00,00,0008,0008,00,00,00,0008,0008,08,F0,00,01,B5,B0
1795,00,01,00,00,01,B0,00,0008,00,00,00,00,00,00,00,00,00,00,0E,02,00,00,00,00,00,0000,00,00,0000,00,00,00,00,0008,0008,00,00,00,0008,0008,08,F0,00,01,B6,B0
1796,00,01,00,00,01,B0,00,0008,00,00,00,00,00,00,00,00,00,00,0E,02,00,00,00,00,00,0000,00,00,0000,00,00,00,00,0008,0008,00,00,00,0008,0008,08,F0,00,01,B7,B0
1797,00,01,00,00,01,B0,00,0008,00,00,00,00,00,00,00,00,00,00,0E,02,00,00,00,00,00,0000,00,00,0000,00,00,00,00,0008,0008,00,00,00,0008,0008,08,F0,00,01,B8,B0
1798,00,01,00,00,01,B0,00,0008,00,00,00,00,00,00,00,00,00,00,0E,02,00,00,00,00,00,0000,00,00,0000,00,00,00,00,0008,0008,00,00,00,0008,0008,08,F0,00,01,B9,B0
1799,00,01,00,00,01,B0,00,0008,00,00,00,00,00,00,00,00,00,00,0E,02,00,00,00,00,00,0000,00,00,0000,00,00,00,00,0008,0008,00,00,00,0008,0008,08,F0,00,01,BA,B0
1800,00,01,00,00,01,B0,00,0008,00,00,00,00,00,00,00,00,00,00,0E,02,00,00,00,00,00,0000,00,00,0000,00,00,00,00,0008,0008,00,00,00,0008,0008,08,F0,00,01,BB,B0
1801,00,01,00,00,01,B0,00,0008,00,00,00,00,00,00,00,00,00,00,0E,02,00,00,00,00,00,0000,00,00,0000,00,00,00,00,0008,0008,00,00,00,0008,0008,08,F0,00,01,BC,B0
1802,00,01,00,00,01,B0,00,0008,00,00,00,00,00,00,00,00,00,00,0E,02,00,00,00,00,00,0000,00,00,0000,00,00,00,00,0008,0008,00,00,00,0008,0008,08,F0,00,01,BD,B0
1803,00,01,00,00,01,B0,00,0008,00,00,00,00,00,00,00,00,00,00,0E,02,00,00,00,00,00,0000,00,00,0000,00,00,00,00,0008,0008,00,00,00,0008,0008,08,F0,00,01,BE,B0
1804,00,01,00,00,01,B0,00,0008,00,00,00,00,00,00,00,00,00,00,0E,02,00,00,00,00,00,0000,00,00,0000,00,00,00,00,0008,0008,00,00,00,0008,0008,08,F0,00,01,BF,B0
1805,00,01,00,00,01,B0,00,0008,00,00,00,00,00,00,00,00,00,00,0E,02,00,00,00,00,00,0000,00,00,0000,00,00,00,00,0008,0008,00,00,00,0008,0008,08,F0,00,01,C0,B0
1806,00,01,00,00,01,B0,00,0008,00,00,00,00,00,00,00,00,00,00,0E,02,00,00,00,00,00,0000,00,00,0000,00,00,00,00,0008,0008,00,00,00,0008,0008,08,F0,00,01,C1,B0
1807,00,01,00,00,01,B0,00,0008,00,00,00,00,00,00,00,00,00,00,0E,02,00,00,00,00,00,0000,00,00,0000,00,00,00,00,0008,0008,00,00,00,0008,0008,08,F0,00,01,C2,B0
1808,00,01,00,00,01,B0,00,0008,00,00,00,00,00,00,00,00,00,00,0E,02,00,00,00,00,00,0000,00,00,0000,00,00,00,00,0008,0008,00,00,00,0008,0008,08,F0,00,01,C3,B0
1809,00,01,00,00,01,B0,00,0008,00,00,00,00,00,00,00,00,00,00,0E,02,00,00,00,00,00,0000,00,00,0000,00,00,00,00,0008,0008,00,00,00,0008,0008,08,F0,00,01,C4,B0
1810,00,01,00,00,01,B0,00,0008,00,00,00,00,00,00,00,00,00,00,0E,02,00,00,00,00,00,0000,00,00,0000,00,00,00,00,0008,0008,00,00,00,0008,0008,08,F0,00,01,C5,B0
1811,00,01,00,00,01,B0,00,0008,00,00,00,00,00,00,00,00,00,00,0E,02,00,00,00,00,00,0000,00,00,0000,00,00,00,00,0008,0008,00,00,00,0008,0008,08,F0,00,01,C6,B0
1812,00,01,00,00,01,B0,00,0008,00,00,00,00,00,00,00,00,00,00,0E,02,00,00,00,00,00,0000,00,00,0000,00,00,00,00,0008,0008,00,00,00,0008,0008,08,F0,00,01,C7,B0
1813,00,01,00,00,01,B0,00,0008,00,00,00,00,00,00,00,00,00,00,0E,02,00,00,00,00,00,0000,00,00,0000,00,00,00,00,0008,0008,00,00,00,0008,0008,08,F0,00,01,C8,B0
1814,00,01,00,00,01,B0,00,0008,00,00,00,00,00,00,00,00,00,00,0E,02,00,00,00,00,00,0000,00,00,0000,00,00,00,00,0008,0008,00,00,00,0008,0008,08,F0,00,01,C9,B0
1815,00,01,00,00,01,B0,00,0008,00,00,00,00,00,00,00,00,00,00,0E,02,00,00,00,00,00,0000,00,00,0000,00,00,00,00,0008,0008,00,00,00,0008,0008,08,F0,00,01,CA,B0
1816,00,01,00,00,01,B0,00,0008,00,00,00,00,00,00,00,00,00,00,0E,02,00,00,00,00,00,0000,00,00,0000,00,00,00,00,0008,0008,00,00,00,0008,0008,08,F0,00,01,CB,B0
1817,00,01,00,00,01,B0,00,0008,00,00,00,00,00,00,00,00,00,00,0E,02,00,00,00,00,00,0000,00,00,0000,00,00,00,00,0008,0008,00,00,00,0008,0008,08,F0,00,01,CC,B0
1818,00,01,00,00,01,B0,00,0008,00,00,00,00,00,00,00,00,00,00,0E,02,00,00,00,00,00,0000,00,00,0000,00,00,00,00,0008,0008,00,00,00,0008,0008,08,F0,00,01,CD,B0
1819,00,01,00,00,01,B0,00,0008,00,00,00,00,00,00,00,00,00,00,0E,02,00,00,00,00,00,0000,00,00,0000,00,00,00,00,0008,0008,00,00,00,0008,0008,08,F0,00,01,CE,B0
1820,00,01,00,00,01,B0,00,0008,00,00,00,00,00,00,00,00,00,00,0E,02,00,00,00,00,00,0000,00,00,0000,00,00,00,00,0008,0008,00,00,00,0008,0008,08,F0,00,01,CF,B0
1821,00,01,00,00,01,B0,00,0008,00,00,00,00,00,00,00,00,00,00,0E,02,00,00,00,00,00,0000,00,00,0000,00,00,00,00,0008,0008,00,00,00,0008,0008,08,F0,00,01,D0,B0
1822,00,01,00,00,01,B0,00,0008,00,00,00,00,00,00,00,00,00,00,0E,02,00,00,00,00,00,0000,00,00,0000,00,00,00,00,0008,0008,00,00,00,0008,0008,08,F0,00,01,D1,B0
1823,00,01,00,00,01,B0,00,0008,00,00,00,00,00,00,00,00,00,00,0E,02,00,00,00,00,00,0000,00,00,0000,00,00,00,00,0008,0008,00,00,00,0008,0008,08,F0,00,01,D2,B0
1824,00,01,00,00,01,B0,00,0008,00,00,00,00,00,00,00,00,00,00,0E,02,00,00,00,00,00,0000,00,00,0000,00,00,00,00,0008,0008,00,00,00,0008,0008,08,F0,00,01,D3,B0
1825,00,01,00,00,01,B0,00,0008,00,00,00,00,00,00,00,00,00,00,0E,02,00,00,00,00,00,0000,00,00,0000,00,00,00,00,0008,0008,00,00,00,0008,0008,08,F0,00,01,D4,B0
1826,00,01,00,00,01,B0,00,0008,00,00,00,00,00,00,00,00,00,00,0E,02,00,00,00,00,00,0000,00,00,0000,00,00,00,00,0008,0008,00,00,00,0008,0008,08,F0,00,01,D5,B0
1827,00,01,00,00,01,B0,00,0008,00,00,00,00,00,00,00,00,00,00,0E,02,00,00,00,00,00,0000,00,00,0000,00,00,00,00,0008,0008,00,00,00,0008,0008,08,F0,00,01,D6,B0
1828,00,01,00,00,01,B0,00,0008,00,00,00,00,00,00,00,00,00,00,0E,02,00,00,00,00,00,0000,00,00,0000,00,00,00,00,0008,0008,00,00,00,0008,0008,08,F0,00,01,D7,B0
1829,00,01,00,00,01,B0,00,0008,00,00,00,00,00,00,00,00,00,00,0E,02,00,00,00,00,00,0000,00,00,0000,00,00,00,00,0008,0008,00,00,00,0008,0008,08,F0,00,01,D8,B0
1830,00,01,00,00,01,B0,00,0008,00,00,00,00,00,00,00,00,00,00,0E,02,00,00,00,00,00,0000,00,00,0000,00,00,00,00,0008,0008,00,00,00,0008,0008,08,F0,00,01,D9,B0
1831,00,01,00,00,01,B0,00,0008,00,00,00,00,00,00,00,00,00,00,0E,02,00,00,00,00,00,0000,00,00,0000,00,00,00,00,0008,0008,00,00,00,0008,0008,08,F0,00,01,DA,B0
1832,00,01,00,00,01,B0,00,0008,00,00,00,00,00,00,00,00,00,00,0E,02,00,00,00,00,00,0000,00,00,0000,00,00,00,00,0008,0008,00,00,00,0008,0008,08,F0,00,01,DB,B0
1833,00,01,00,00,01,B0,00,0008,00,00,00,00,00,00,00,00,00,00,0E,02,00,00,00,00,00,0000,00,00,0000,00,00,00,00,0008,0008,00,00,00,0008,0008,08,F0,00,01,DC,B0
1834,00,01,00,00,01,B0,00,0008,00,00,00,00,00,00,00,00,00,00,0E,02,00,00,00,00,00,0000,00,00,0000,00,00,00,00,0008,0008,00,00,00,0008,0008,08,F0,00,01,DD,B0
1835,00,01,00,00,01,B0,00,0008,00,00,00,00,00,00,00,00,00,00,0E,02,00,00,00,00,00,0000,00,00,0000,00,00,00,00,0008,0008,00,00,00,0008,0008,08,F0,00,01,DE,B0
1836,00,01,00,00,01,B0,00,0008,00,00,00,00,00,00,00,00,00,00,0E,02,00,00,00,00,00,0000,00,00,0000,00,00,00,00,0008,0008,00,00,00,0008,0008,08,F0,00,01,DF,B0
1837,00,01,00,00,01,B0,00,0008,00,00,00,00,00,00,00,00,00,00,0E,02,00,00,00,00,00,0000,00,00,0000,00,00,00,00,0008,0008,00,00,00,0008,0008,08,F0,00,01,E0,B0
1838,00,01,00,00,01,B0,00,0008,00,00,00,00,00,00,00,00,00,00,0E,02,00,00,00,00,00,0000,00,00,0000,00,00,00,00,0008,0008,00,00,00,0008,0008,08,F0,00,01,E1,B0
1839,00,01,00,00,01,B0,00,0008,00,00,00,00,00,00,00,00,00,00,0E,02,00,00,00,00,00,0000,00,00,0000,00,00,00,00,0008,0008,00,00,00,0008,0008,08,F0,00,01,E2,B0
1840,00,01,00,00,01,B0,00,0008,00,00,00,00,00,00,00,00,00,00,0E,02,00,00,00,00,00,0000,00,00,0000,00,00,00,00,0008,0008,00,00,00,0008,0008,08,F0,00,01,E3,B0
1841,00,01,00,00,01,B0,00,0008,00,00,00,00,00,00,00,00,00,00,0E,02,00,00,00,00,00,0000,00,00,0000,00,00,00,00,0008,0008,00,00,00,0008,0008,08,F0,00,01,E4,B0
1842,00,01,00,00,01,B0,00,0008,00,00,00,00,00,00,00,00,00,00,0E,02,00,00,00,00,00,0000,00,00,0000,00,00,00,00,0008,0008,00,00,00,0008,0008,08,F0,00,01,E5,B0
1843,00,01,00,00,01,B0,00,0008,00,00,00,00,00,00,00,00,00,00,0E,02,00,00,00,00,00,0000,00,00,0000,00,00,00,00,0008,0008,00,00,00,0008,0008,08,F0,00,01,E6,B0
1844,00,01,00,00,01,B0,00,0008,00,00,00,00,00,00,00,00,00,00,0E,02,00,00,00,00,00,0000,00,00,0000,00,00,00,00,0008,0008,00,00,00,0008,0008,08,F0,00,01,E7,B0
1845,00,01,00,00,01,B0,00,0008,00,00,00,00,00,00,00,00,00,00,0E,02,00,00,00,00,00,0000,00,00,0000,00,00,00,00,0008,0008,00,00,00,0008,0008,08,F0,00,01,E8,B0
1846,00,01,00,00,01,B0,00,0008,00,00,00,00,00,00,00,00,00,00,0E,02,00,00,00,00,00,0000,00,00,0000,00,00,00,00,0008,0008,00,00,00,0008,0008,08,F0,00,01,E9,B0
1847,00,01,00,00,01,B0,00,0008,00,00,00,00,00,00,00,00,00,00,0E,02,00,00,00,00,00,0000,00,00,0000,00,00,00,00,0008,0008,00,00,00,0008,0008,08,F0,00,01,EA,B0
1848,00,01,00,00,01,B0,00,0008,00,00,00,00,00,00,00,00,00,00,0E,02,00,00,00,00,00,0000,00,00,0000,00,00,00,00,0008,0008,00,00,00,0008,0008,08,F0,00,01,EB,B0
1849,00,01,00,00,01,B0,00,0008,00,00,00,00,00,00,00,00,00,00,0E,02,00,00,00,00,00,0000,00,00,0000,00,00,00,00,0008,0008,00,00,00,0008,0008,08,F0,00,01,EC,B0
1850,00,01,00,00,01,B0,00,0008,00,00,00,00,00,00,00,00,00,00,0E,02,00,00,00,00,00,0000,00,00,0000,00,00,00,00,0008,0008,00,00,00,0008,0008,08,F0,00,01,ED,B0
1851,00,01,00,00,01,B0,00,0008,00,00,00,00,00,00,00,00,00,00,0E,02,00,00,00,00,00,0000,00,00,0000,00,00,00,00,0008,0008,00,00,00,0008,0008,08,F0,00,01,EE,B0
1852,00,01,00,00,01,B0,00,0008,00,00,00,00,00,00,00,00,00,00,0E,02,00,00,00,00,00,0000,00,00,0000,00,00,00,00,0008,0008,00,00,00,0008,0008,08,F0,00,01,EF,B0
1853,00,01,00,00,01,B0,00,0008,00,00,00,00,00,00,00,00,00,00,0E,02,00,00,00,00,00,0000,00,00,0000,00,00,00,00,0008,0008,00,00,00,0008,0008,08,F0,00,01,F0,B0
1854,00,01,00,00,01,B0,00,0008,00,00,00,00,00,00,00,00,00,00,0E,02,00,00,00,00,00,0000,00,00,0000,00,00,00,00,0008,0008,00,00,00,0008,0008,08,F0,00,01,F1,B0
1855,00,01,00,00,01,B0,00,0008,00,00,00,00,00,00,00,00,00,00,0E,02,00,00,00,00,00,0000,00,00,0000,00,00,00,00,0008,0008,00,00,00,0008,0008,08,F0,00,01,F2,B0
1856,00,01,00,00,01,B0,00,0008,00,00,00,00,00,00,00,00,00,00,0E,02,00,00,00,00,00,0000,00,00,0000,00,00,00,00,0008,0008,00,00,00,0008,0008,08,F0,00,01,F3,B0
1857,00,01,00,00,01,B0,00,0008,00,00,00,00,00,00,00,00,00,00,0E,02,00,00,00,00,00,0000,00,00,0000,00,00,00,00,0008,0008,00,00,00,0008,0008,08,F0,00,01,F4,B0
1858,00,01,00,00,01,B0,00,0008,00,00,00,00,00,00,00,00,00,00,0E,02,00,00,00,00,00,0000,00,00,0000,00,00,00,00,0008,0008,00,00,00,0008,0008,08,F0,00,01,F5,B0
1859,00,01,00,00,01,B0,00,0008,00,00,00,00,00,00,00,00,00,00,0E,02,00,00,00,00,00,0000,00,00,0000,00,00,00,00,0008,0008,00,00,00,0008,0008,08,F0,00,01,F6,B0
1860,00,01,00,00,01,B0,00,0008,00,00,00,00,00,00,00,00,00,00,0E,02,00,00,00,00,00,0000,00,00,0000,00,00,00,00,0008,0008,00,00,00,0008,0008,08,F0,00,01,F7,B0
1861,00,01,00,00,01,B0,00,0008,00,00,00,00,00,00,00,00,00,00,0E,02,00,00,00,00,00,0000,00,00,0000,00,00,00,00,0008,0008,00,00,00,0008,0008,08,F0,00,01,F8,B0
1862,00,01,00,00,01,B0,00,0008,00,00,00,00,00,00,00,00,00,00,0E,02,00,00,00,00,00,0000,00,00,0000,00,00,00,00,0008,0008,00,00,00,0008,0008,08,F0,00,01,F9,B0
1863,00,01,00,00,01,B0,00,0008,00,00,00,00,00,00,00,00,00,00,0E,02,00,00,00,00,00,0000,00,00,0000,00,00,00,00,0008,0008,00,00,00,0008,0008,08,F0,00,01,FA,B0
1864,00,01,00,00,01,B0,00,0008,00,00,00,00,00,00,00,00,00,00,0E,02,00,00,00,00,00,0000,00,00,0000,00,00,00,00,0008,0008,00,00,00,0008,0008,08,F0,00,01,FB,B0
1865,00,01,00,00,01,B0,00,0008,00,00,00,00,00,00,00,00,00,00,0E,02,00,00,00,00,00,0000,00,00,0000,00,00,00,00,0008,0008,00,00,00,0008,0008,08,F0,00,01,FC,B0
1866,00,01,00,00,01,B0,00,0008,00,00,00,00,00,00,00,00,00,00,0E,02,00,00,00,00,00,0000,00,00,0000,00,00,00,00,0008,0008,00,00,00,0008,0008,08,F0,00,01,FD,B0
1867,00,01,00,00,01,B0,00,0008,00,00,00,00,00,00,00,00,00,00,0E,02,00,00,00,00,00,0000,00,00,0000,00,00,00,00,0008,0008,00,00,00,0008,0008,08,F0,00,01,FE,B0
1868,00,01,00,00,01,B0,00,0008,00,00,00,00,00,00,00,00,00,00,0E,02,00,00,00,00,00,0000,00,00,0000,00,00,00,00,0008,0008,00,00,00,0008,0008,08,F0,00,01,FF,B0
1869,00,01,00,00,01,B0,00,0008,00,00,00,00,00,00,00,00,00,00,0E,02,00,00,00,00,00,0000,00,00,0000,00,00,00,00,0008,0008,00,00,00,0008,0008,08,F0,00,01,00,B0
1870,00,01,00,00,01,B0,00,0008,00,00,00,00,00,00,00,00,00,00,0E,02,00,00,00,00,00,0000,00,00,0000,00,00,00,00,0008,0008,00,00,00,0008,0008,08,F0,00,01,01,B0
1871,00,01,00,00,01,B0,00,0008,00,00,00,00,00,00,00,00,00,00,0E,02,00,00,00,00,00,0000,00,00,0000,00,00,00,00,0008,0008,00,00,00,0008,0008,08,F0,00,01,02,B0
1872,00,01,00,00,01,B0,00,0008,00,00,00,00,00,00,00,00,00,00,0E,02,00,00,00,00,00,0000,00,00,0000,00,00,00,00,0008,0008,00,00,00,0008,0008,08,F0,00,01,03,B0
1873,00,01,00,00,01,B0,00,0008,00,00,00,00,00,00,00,00,00,00,0E,02,00,00,00,00,00,0000,00,00,0000,00,00,00,00,0008,0008,00,00,00,0008,0008,08,F0,00,01,04,B0
1874,00,01,00,00,01,B0,00,0008,00,00,00,00,00,00,00,00,00,00,0E,02,00,00,00,00,00,0000,00,00,0000,00,00,00,00,0008,0008,00,00,00,0008,0008,08,F0,00,01,05,B0
1875,00,01,00,00,01,B0,00,0008,00,00,00,00,00,00,00,00,00,00,0E,02,00,00,00,00,00,0000,00,00,0000,00,00,00,00,0008,0008,00,00,00,0008,0008,08,F0,00,01,06,B0
1876,00,01,00,00,01,B0,00,0008,00,00,00,00,00,00,00,00,00,00,0E,02,00,00,00,00,00,0000,00,00,0000,00,00,00,00,0008,0008,00,00,00,0008,0008,08,F0,00,01,07,B0
1877,00,01,00,00,01,B0,00,0008,00,00,00,00,00,00,00,00,00,00,0E,02,00,00,00,00,00,0000,00,00,0000,00,00,00,00,0008,0008,00,00,00,0008,0008,08,F0,00,01,08,B0
1878,00,01,00,00,01,B0,00,0008,00,00,00,00,00,00,00,00,00,00,0E,02,00,00,00,00,00,0000,00,00,0000,00,00,00,00,0008,0008,00,00,00,0008,0008,08,F0,00,01,09,B0
1879,00,01,00,00,01,B0,00,0008,00,00,00,00,00,00,00,00,00,00,0E,02,00,00,00,00,00,0000,00,00,0000,00,00,00,00,0008,0008,00,00,00,0008,0008,08,F0,00,01,0A,B0
1880,00,01,00,00,01,B0,00,0008,00,00,00,00,00,00,00,00,00,00,0E,02,00,00,00,00,00,0000,00,00,0000,00,00,00,00,0008,0008,00,00,00,0008,0008,08,F0,00,01,0B,B0
1881,00,01,00,00,01,B0,00,0008,00,00,00,00,00,00,00,00,00,00,0E,02,00,00,00,00,00,0000,00,00,0000,00,00,00,00,0008,0008,00,00,00,0008,0008,08,F0,00,01,0C,B0
1882,00,01,00,00,01,B0,00,0008,00,00,00,00,00,00,00,00,00,00,0E,02,00,00,00,00,00,0000,00,00,0000,00,00,00,00,0008,0008,00,00,00,0008,0008,08,F0,00,01,0D,B0
1883,00,01,00,00,01,B0,00,0008,00,00,00,00,00,00,00,00,00,00,0E,02,00,00,00,00,00,0000,00,00,0000,00,00,00,00,0008,0008,00,00,00,0008,0008,08,F0,00,01,0E,B0
1884,00,01,00,00,01,B0,00,0008,00,00,00,00,00,00,00,00,00,00,0E,02,00,00,00,00,00,0000,00,00,0000,00,00,00,00,0008,0008,00,00,00,0008,0008,08,F0,00,01,0F,B0
1885,00,01,00,00,01,B0,00,0008,00,00,00,00,00,00,00,00,00,00,0E,02,00,00,00,00,00,0000,00,00,0000,00,00,00,00,0008,0008,00,00,00,0008,0008,08,F0,00,01,10,B0
1886,00,01,00,00,01,B0,00,0008,00,00,00,00,00,00,00,00,00,00,0E,02,00,00,00,00,00,0000,00,00,0000,00,00,00,00,0008,0008,00,00,00,0008,0008,08,F0,00,01,11,B0
1887,00,01,00,00,01,B0,00,0008,00,00,00,00,00,00,00,00,00,00,0E,02,00,00,00,00,00,0000,00,00,0000,00,00,00,00,0008,0008,00,00,00,0008,0008,08,F0,00,01,12,B0
1888,00,01,00,00,01,B0,00,0008,00,00,00,00,00,00,00,00,00,00,0E,02,00,00,00,00,00,0000,00,00,0000,00,00,00,00,0008,0008,00,00,00,0008,0008,08,F0,00,01,13,B0
1889,00,01,00,00,01,B0,00,0008,00,00,00,00,00,00,00,00,00,00,0E,02,00,00,00,00,00,0000,00,00,0000,00,00,00,00,0008,0008,00,00,00,0008,0008,08,F0,00,01,14,B0
1890,00,01,00,00,01,B0,00,0008,00,00,00,00,00,00,00,00,00,00,0E,02,00,00,00,00,00,0000,00,00,0000,00,00,00,00,0008,0008,00,00,00,0008,0008,08,F0,00,01,15,B0
1891,00,01,00,00,01,B0,00,0008,00,00,00,00,00,00,00,00,00,00,0E,02,00,00,00,00,00,0000,00,00,0000,00,00,00,00,0008,0008,00,00,00,0008,0008,08,F0,00,01,16,B0
1892,00,01,00,00,01,B0,00,0008,00,00,00,00,00,00,00,00,00,00,0E,02,00,00,00,00,00,0000,00,00,0000,00,00,00,00,0008,0008,00,00,00,0008,0008,08,F0,00,01,17,B0
1893,00,01,00,00,01,B0,00,0008,00,00,00,00,00,00,00,00,00,00,0E,02,00,00,00,00,00,0000,00,00,0000,00,00,00,00,0008,0008,00,00,00,0008,0008,08,F0,00,01,18,B0
1894,00,01,00,00,01,B0,00,0008,00,00,00,00,00,00,00,00,00,00,0E,02,00,00,00,00,00,0000,00,00,0000,00,00,00,00,0008,0008,00,00,00,0008,0008,08,F0,00,01,19,B0
1895,00,01,00,00,01,B0,00,0008,00,00,00,00,00,00,00,00,00,00,0E,02,00,00,00,00,00,0000,00,00,0000,00,00,00,00,0008,0008,00,00,00,0008,0008,08,F0,00,01,1A,B0
1896,00,01,00,00,01,B0,00,0008,00,00,00,00,00,00,00,00,00,00,0E,02,00,00,00,00,00,0000,00,00,0000,00,00,00,00,0008,0008,00,00,00,0008,0008,08,F0,00,01,1B,B0
1897,00,01,00,00,01,B0,00,0008,00,00,00,00,00,00,00,00,00,00,0E,02,00,00,00,00,00,0000,00,00,0000,00,00,00,00,0008,0008,00,00,00,0008,0008,08,F0,00,01,1C,B0
1898,00,01,00,00,01,B0,00,0008,00,00,00,00,00,00,00,00,00,00,0E,02,00,00,00,00,00,0000,00,00,0000,00,00,00,00,0008,0008,00,00,00,0008,0008,08,F0,00,01,1D,B0
1899,00,01,00,00,01,B0,00,0008,00,00,00,00,00,00,00,00,00,00,0E,02,00,00,00,00,00,0000,00,00,0000,00,00,00,00,0008,0008,00,00,00,0008,0008,08,F0,00,01,1E,B0
1900,00,01,00,00,01,B0,00,0008,00,00,00,00,00,00,00,00,00,00,0E,02,00,00,00,00,00,0000,00,00,0000,00,00,00,00,0008,0008,00,00,00,0008,0008,08,F0,00,01,1F,B0
1901,00,01,00,00,01,B0,00,0008,00,00,00,00,00,00,00,00,00,00,0E,02,00,00,00,00,00,0000,00,00,0000,00,00,00,00,0008,0008,00,00,00,0008,0008,08,F0,00,01,20,B0
1902,00,01,00,00,01,B0,00,0008,00,00,00,00,00,00,00,00,00,00,0E,02,00,00,00,00,00,0000,00,00,0000,00,00,00,00,0008,0008,00,00,00,0008,0008,08,F0,00,01,21,B0
1903,00,01,00,00,01,B0,00,0008,00,00,00,00,00,00,00,00,00,00,0E,02,00,00,00,00,00,0000,00,00,0000,00,00,00,00,0008,0008,00,00,00,0008,0008,08,F0,00,01,22,B0
1904,00,01,00,00,01,B0,00,0008,00,00,00,00,00,00,00,00,00,00,0E,02,00,00,00,00,00,0000,00,00,0000,00,00,00,00,0008,0008,00,00,00,0008,0008,08,F0,00,01,23,B0
1905,00,01,00,00,01,B0,00,0008,00,00,00,00,00,00,00,00,00,00,0E,02,00,00,00,00,00,0000,00,00,0000,00,00,00,00,0008,0008,00,00,00,0008,0008,08,F0,00,01,24,B0
1906,00,01,00,00,01,B0,00,0008,00,00,00,00,00,00,00,00,00,00,0E,02,00,00,00,00,00,0000,00,00,0000,00,00,00,00,0008,0008,00,00,00,0008,0008,08,F0,00,01,25,B0
1907,00,01,00,00,01,B0,00,0008,00,00,00,00,00,00,00,00,00,00,0E,02,00,00,00,00,00,0000,00,00,0000,00,00,00,00,0008,0008,00,00,00,0008,0008,08,F0,00,01,26,B0
1908,00,01,00,00,01,B0,00,0008,00,00,00,00,00,00,00,00,00,00,0E,02,00,00,00,00,00,0000,00,00,0000,00,00,00,00,0008,0008,00,00,00,0008,0008,08,F0,00,01,27,B0
1909,00,01,00,00,01,B0,00,0008,00,00,00,00,00,00,00,00,00,00,0E,02,00,00,00,00,00,0000,00,00,0000,00,00,00,00,0008,0008,00,00,00,0008,0008,08,F0,00,01,28,B0
1910,00,01,00,00,01,B0,00,0008,00,00,00,00,00,00,00,00,00,00,0E,02,00,00,00,00,00,0000,00,00,0000,00,00,00,00,0008,0008,00,00,00,0008,0008,08,F0,00,01,29,B0
1911,00,01,00,00,01,B0,00,0008,00,00,00,00,00,00,00,00,00,00,0E,02,00,00,00,00,00,0000,00,00,0000,00,00,00,00,0008,0008,00,00,00,0008,0008,08,F0,00,01,2A,B0
1912,00,01,00,00,01,B0,00,0008,00,00,00,00,00,00,00,00,00,00,0E,02,00,00,00,00,00,0000,00,00,0000,00,00,00,00,0008,0008,00,00,00,0008,0008,08,F0,00,01,2B,B0
1913,00,01,00,00,01,B0,00,0008,00,00,00,00,00,00,00,00,00,00,0E,02,00,00,00,00,00,0000,00,00,0000,00,00,00,00,0008,0008,00,00,00,0008,0008,08,F0,00,01,2C,B0
1914,00,01,00,00,01,B0,00,0008,00,00,00,00,00,00,00,00,00,00,0E,02,00,00,00,00,00,0000,00,00,0000,00,00,00,00,0008,0008,00,00,00,0008,0008,08,F0,00,01,2D,B0
1915,00,01,00,00,01,B0,00,0008,00,00,00,00,00,00,00,00,00,00,0E,02,00,00,00,00,00,0000,00,00,0000,00,00,00,00,0008,0008,00,00,00,0008,0008,08,F0,00,01,2E,B0
1916,00,01,00,00,01,B0,00,0008,00,00,00,00,00,00,00,00,00,00,0E,02,00,00,00,00,00,0000,00,00,0000,00,00,00,00,0008,0008,00,00,00,0008,0008,08,F0,00,01,2F,B0
1917,00,01,00,00,01,B0,00,0008,00,00,00,00,00,00,00,00,00,00,0E,02,00,00,00,00,00,0000,00,00,0000,00,00,00,00,0008,0008,00,00,00,0008,0008,08,F0,00,01,30,B0
1918,00,01,00,00,01,B0,00,0008,00,00,00,00,00,00,00,00,00,00,0E,02,00,00,00,00,00,0000,00,00,0000,00,00,00,00,0008,0008,00,00,00,0008,0008,08,F0,00,01,31,B0
1919,00,01,00,00,01,B0,00,0008,00,00,00,00,00,00,00,00,00,00,0E,02,00,00,00,00,00,0000,00,00,0000,00,00,00,00,0008,0008,00,00,00,0008,0008,08,F0,00,01,32,B0
1920,00,01,00,00,01,B0,00,0008,00,00,00,00,00,00,00,00,00,00,0E,02,00,00,00,00,00,0000,00,00,0000,00,00,00,00,0008,0008,00,00,00,0008,0008,08,F0,00,01,33,B0
1921,00,01,00,00,01,B0,00,0008,00,00,00,00,00,00,00,00,00,00,0E,02,00,00,00,00,00,0000,00,00,0000,00,00,00,00,0008,0008,00,00,00,0008,0008,08,F0,00,01,34,B0
1922,00,01,00,00,01,B0,00,0008,00,00,00,00,00,00,00,00,00,00,0E,02,00,00,00,00,00,0000,00,00,0000,00,00,00,00,0008,0008,00,00,00,0008,0008,08,F0,00,01,35,B0
1923,00,01,00,00,01,B0,00,0008,00,00,00,00,00,00,00,00,00,00,0E,02,00,00,00,00,00,0000,00,00,0000,00,00,00,00,0008,0008,00,00,00,0008,0008,08,F0,00,01,36,B0
1924,00,01,00,00,01,B0,00,0008,00,00,00,00,00,00,00,00,00,00,0E,02,00,00,00,00,00,0000,00,00,0000,00,00,00,00,0008,0008,00,00,00,0008,0008,08,F0,00,01,37,B0
1925,00,01,00,00,01,B0,00,0008,00,00,00,00,00,00,00,00,00,00,0E,02,00,00,00,00,00,0000,00,00,0000,00,00,00,00,0008,0008,00,00,00,0008,0008,08,F0,00,01,38,B0
1926,00,01,00,00,01,B0,00,0008,00,00,00,00,00,00,00,00,00,00,0E,02,00,00,00,00,00,0000,00,00,0000,00,00,00,00,0008,0008,00,00,00,0008,0008,08,F0,00,01,39,B0
1927,00,01,00,00,01,B0,00,0008,00,00,00,00,00,00,00,00,00,00,0E,02,00,00,00,00,00,0000,00,00,0000,00,00,00,00,0008,0008,00,00,00,0008,0008,08,F0,00,01,3A,B0
1928,00,01,00,00,01,B0,00,0008,00,00,00,00,00,00,00,00,00,00,0E,02,00,00,00,00,00,0000,00,00,0000,00,00,00,00,0008,0008,00,00,00,0008,0008,08,F0,00,01,3B,B0
1929,00,01,00,00,01,B0,00,0008,00,00,00,00,00,00,00,00,00,00,0E,02,00,00,00,00,00,0000,00,00,0000,00,00,00,00,0008,0008,00,00,00,0008,0008,08,F0,00,01,3C,B0
1930,00,01,00,00,01,B0,00,0008,00,00,00,00,00,00,00,00,00,00,0E,02,00,00,00,00,00,0000,00,00,0000,00,00,00,00,0008,0008,00,00,00,0008,0008,08,F0,00,01,3D,B0
1931,00,01,00,00,01,B0,00,0008,00,00,00,00,00,00,00,00,00,00,0E,02,00,00,00,00,00,0000,00,00,0000,00,00,00,00,0008,0008,00,00,00,0008,0008,08,F0,00,01,3E,B0
1932,00,01,00,00,01,B0,00,0008,00,00,00,00,00,00,00,00,00,00,0E,02,00,00,00,00,00,0000,00,00,0000,00,00,00,00,0008,0008,00,00,00,0008,0008,08,F0,00,01,3F,B0
1933,00,01,00,00,01,B0,00,0008,00,00,00,00,00,00,00,00,00,00,0E,02,00,00,00,00,00,0000,00,00,0000,00,00,00,00,0008,0008,00,00,00,0008,0008,08,F0,00,01,40,B0
1934,00,01,00,00,01,B0,00,0008,00,00,00,00,00,00,00,00,00,00,0E,02,00,00,00,00,00,0000,00,00,0000,00,00,00,00,0008,0008,00,00,00,0008,0008,08,F0,00,01,41,B0
1935,00,01,00,00,01,B0,00,0008,00,00,00,00,00,00,00,00,00,00,0E,02,00,00,00,00,00,0000,00,00,0000,00,00,00,00,0008,0008,00,00,00,0008,0008,08,F0,00,01,42,B0
1936,00,01,00,00,01,B0,00,0008,00,00,00,00,00,00,00,00,00,00,0E,02,00,00,00,00,00,0000,00,00,0000,00,00,00,00,0008,0008,00,00,00,0008,0008,08,F0,00,01,43,B0
1937,00,01,00,00,01,B0,00,0008,00,00,00,00,00,00,00,00,00,00,0E,02,00,00,00,00,00,0000,00,00,0000,00,00,00,00,0008,0008,00,00,00,0008,0008,08,F0,00,01,44,B0
1938,00,01,00,00,01,B0,00,0008,00,00,00,00,00,00,00,00,00,00,0E,02,00,00,00,00,00,0000,00,00,0000,00,00,00,00,0008,0008,00,00,00,0008,0008,08,F0,00,01,45,B0
1939,00,01,00,00,01,B0,00,0008,00,00,00,00,00,00,00,00,00,00,0E,02,00,00,00,00,00,0000,00,00,0000,00,00,00,00,0008,0008,00,00,00,0008,0008,08,F0,00,01,46,B0
1940,00,01,00,00,01,B0,00,0008,00,00,00,00,00,00,00,00,00,00,0E,02,00,00,00,00,00,0000,00,00,0000,00,00,00,00,0008,0008,00,00,00,0008,0008,08,F0,00,01,47,B0
1941,00,01,00,00,01,B0,00,0008,00,00,00,00,00,00,00,00,00,00,0E,02,00,00,00,00,00,0000,00,00,0000,00,00,00,00,0008,0008,00,00,00,0008,0008,08,F0,00,01,48,B0
1942,00,01,00,00,01,B0,00,0008,00,00,00,00,00,00,00,00,00,00,0E,02,00,00,00,00,00,0000,00,00,0000,00,00,00,00,0008,0008,00,00,00,0008,0008,08,F0,00,01,49,B0
1943,00,01,00,00,01,B0,00,0008,00,00,00,00,00,00,00,00,00,00,0E,02,00,00,00,00,00,0000,00,00,0000,00,00,00,00,0008,0008,00,00,00,0008,0008,08,F0,00,01,4A,B0
1944,00,01,00,00,01,B0,00,0008,00,00,00,00,00,00,00,00,00,00,0E,02,00,00,00,00,00,0000,00,00,0000,00,00,00,00,0008,0008,00,00,00,0008,0008,08,F0,00,01,4B,B0
1945,00,01,00,00,01,B0,00,0008,00,00,00,00,00,00,00,00,00,00,0E,02,00,00,00,00,00,0000,00,00,0000,00,00,00,00,0008,0008,00,00,00,0008,0008,08,F0,00,01,4C,B0
1946,00,01,00,00,01,30,00,0000,00,00,00,00,00,00,00,00,00,00,0E,02,00,00,00,00,00,0000,00,00,0000,00,00,40,00,0008,0008,00,00,00,0008,0008,08,F0,AA,02,4D,30
1947,00,00,00,00,01,30,00,0008,00,00,00,00,00,00,00,00,00,00,0E,02,00,00,00,00,00,0000,00,00,0000,00,00,40,00,0008,0008,00,00,00,0008,0008,08,F0,BB,02,4E,30
1948,00,00,00,00,01,30,00,0008,00,00,00,00,00,00,00,00,00,00,0E,02,00,00,00,00,00,0000,00,00,0000,00,00,40,00,0008,0008,00,00,00,0008,0008,08,F0,BB,02,4E,30
1949,00,00,02,00,01,B0,00,0008,00,00,00,00,00,00,00,00,00,00,00,00,00,00,00,00,00,0000,00,00,0000,00,00,00,00,0008,0008,00,00,00,0008,0008,08,F0,BB,02,4F,B0
1950,00,00,00,00,01,B0,00,0008,00,00,00,00,00,00,00,00,00,00,00,00,10,01,00,00,00,0000,00,00,0000,00,00,00,00,0008,0008,00,00,00,0008,0008,08,F0,BB,02,50,B0
1951,00,00,00,00,01,30,00,0008,00,00,00,00,00,00,00,00,00,00,00,00,10,01,00,00,00,0000,00,00,0000,00,00,00,00,0008,0008,00,00,00,0008,0008,08,F0,BB,02,51,30
1952,00,00,00,00,01,30,00,0008,00,00,00,00,00,00,00,00,00,00,00,00,10,01,00,00,00,0000,00,00,0000,00,00,00,00,0008,0008,00,00,00,0008,0008,08,F0,BB,02,51,30
1953,00,00,00,00,01,30,00,0008,00,00,00,00,00,00,00,00,00,00,00,00,10,01,00,00,00,0000,00,00,0000,00,00,00,00,0008,0008,00,00,00,0008,0008,08,F0,BB,02,51,30
1954,00,00,00,00,01,30,00,0008,00,00,00,00,00,00,00,00,00,00,00,00,10,01,00,00,00,0000,00,00,0000,00,00,00,00,0008,0008,00,00,00,0008,0008,08,F0,BB,02,51,30
1955,00,00,00,00,01,30,00,0008,00,00,00,00,00,00,00,00,00,00,00,00,10,01,00,00,00,0000,00,00,0000,00,00,00,00,0008,0008,00,00,00,0008,0008,08,F0,BB,02,51,30
1956,00,00,00,00,01,30,00,0008,00,00,00,00,00,00,00,00,00,00,00,00,10,01,00,00,00,0000,00,00,0000,00,00,00,00,0008,0008,00,00,00,0008,0008,08,F0,BB,02,51,30
1957,00,00,00,00,01,30,00,0008,00,00,00,00,00,00,00,00,00,00,00,00,10,01,00,00,00,0000,00,00,0000,00,00,00,00,0008,0008,00,00,00,0008,0008,08,F0,BB,02,51,30
1958,00,00,00,00,01,30,00,0008,00,00,00,00,00,00,00,00,00,00,00,00,00,01,00,00,00,0000,00,00,0000,00,00,00,00,0008,0008,00,00,00,0008,0008,08,F0,BB,02,51,30
1959,00,00,00,00,01,B0,00,0008,00,00,00,00,00,00,00,00,00,00,00,00,00,01,00,00,00,0000,00,00,0000,00,00,00,00,0008,0008,00,00,00,0008,0008,08,F0,BB,02,52,B0
1960,00,00,00,00,01,B0,00,0008,00,00,00,00,00,00,00,00,00,00,00,00,00,01,00,00,00,0000,00,00,0000,00,00,00,00,0008,0008,00,00,00,0008,0008,08,F0,BB,02,53,B0
1961,00,00,00,00,01,B0,00,0008,00,00,00,00,00,00,00,00,00,00,00,00,00,01,00,00,00,0000,00,00,0000,00,00,00,00,0008,0008,00,00,00,0008,0008,08,F0,BB,02,54,B0
1962,00,00,00,00,01,B0,00,0008,00,00,00,00,00,00,00,00,00,00,00,00,00,01,00,00,00,0000,00,00,0000,00,00,00,00,0008,0008,00,00,00,0008,0008,08,F0,BB,02,55,B0
1963,00,00,00,00,01,B0,00,0008,00,00,00,00,00,00,00,00,00,00,00,00,00,01,00,00,00,0000,00,00,0000,00,00,00,00,0008,0008,00,00,00,0008,0008,08,F0,BB,02,56,B0
1964,00,00,00,00,01,B0,00,0008,00,00,00,00,00,00,00,00,00,00,00,00,00,01,00,00,00,0000,00,00,0000,00,00,00,00,0008,0008,00,00,00,0008,0008,08,F0,BB,02,57,B0
1965,00,00,00,00,01,B0,00,0008,00,00,00,00,00,00,00,00,00,00,00,00,00,01,00,00,00,0000,00,00,0000,00,00,00,00,0008,0008,00,00,00,0008,0008,08,F0,BB,02,58,B0
1966,00,00,00,00,01,B0,00,0008,00,00,00,00,00,00,00,00,00,00,00,00,00,01,00,00,00,0000,00,00,0000,00,00,00,00,0008,0008,00,00,00,0008,0008,08,F0,BB,02,59,B0
1967,00,00,00,00,01,B0,00,0008,00,00,00,00,00,00,00,00,00,00,00,00,00,01,00,00,00,0000,00,00,0000,00,00,00,00,0008,0008,00,00,00,0008,0008,08,F0,BB,02,5A,B0
1968,00,00,00,00,01,B0,00,0008,00,00,00,00,00,00,00,00,00,00,00,00,00,01,00,00,00,0000,00,00,0000,00,00,00,00,0008,0008,00,00,00,0008,0008,08,F0,BB,02,5B,B0
1969,00,00,00,00,01,B0,00,0008,00,00,00,00,00,00,00,00,00,00,00,00,00,01,00,00,00,0000,00,00,0000,00,00,00,00,0008,0008,00,00,00,0008,0008,08,F0,BB,02,5C,B0
1970,00,00,00,00,01,B0,00,0008,00,00,00,00,00,00,00,00,00,00,00,00,00,01,00,00,00,0000,00,00,0000,00,00,00,00,0008,0008,00,00,00,0008,0008,08,F0,BB,02,5D,B0
1971,00,00,00,00,01,B0,00,0008,00,00,00,00,00,00,00,00,00,00,00,00,00,01,00,00,00,0000,00,00,0000,00,00,00,00,0008,0008,00,00,00,0008,0008,08,F0,BB,02,5E,B0
1972,00,00,00,00,01,B0,00,0008,00,00,00,00,00,00,00,00,00,00,00,00,00,01,00,00,00,0000,00,00,0000,00,00,00,00,0008,0008,00,00,00,0008,0008,08,F0,BB,02,5F,B0
1973,00,00,00,00,01,B0,00,0008,00,00,00,00,00,00,00,00,00,00,00,00,00,01,00,00,00,0000,00,00,0000,00,00,00,00,0008,0008,00,00,00,0008,0008,08,F0,BB,02,60,B0
1974,00,00,00,00,01,B0,00,0008,00,00,00,00,00,00,00,00,00,00,00,00,00,01,00,00,00,0000,00,00,0000,00,00,00,00,0008,0008,00,00,00,0008,0008,08,F0,BB,02,61,B0
1975,00,00,00,00,01,B0,00,0008,00,00,00,00,00,00,00,00,00,00,00,00,00,01,00,00,00,0000,00,00,0000,00,00,00,00,0008,0008,00,00,00,0008,0008,08,F0,BB,02,62,B0
1976,00,00,00,00,01,B0,00,0008,00,00,00,00,00,00,00,00,00,00,00,00,00,01,00,00,00,0000,00,00,0000,00,00,00,00,0008,0008,00,00,00,0008,0008,08,F0,BB,02,63,B0
1977,00,00,00,00,01,B0,00,0008,00,00,00,00,00,00,00,00,00,00,00,00,00,01,00,00,00,0000,00,00,0000,00,00,00,00,0008,0008,00,00,00,0008,0008,08,F0,BB,02,64,B0
1978,00,00,00,00,01,B0,00,0008,00,00,00,00,00,00,00,00,00,00,00,00,00,01,00,00,00,0000,00,00,0000,00,00,00,00,0008,0008,00,00,00,0008,0008,08,F0,BB,02,65,B0
1979,00,00,00,00,01,B0,00,0008,00,00,00,00,00,00,00,00,00,00,00,00,00,01,00,00,00,0000,00,00,0000,00,00,00,00,0008,0008,00,00,00,0008,0008,08,F0,BB,02,66,B0
1980,00,00,00,00,01,B0,00,0008,00,00,00,00,00,00,00,00,00,00,00,00,00,01,00,00,00,0000,00,00,0000,00,00,00,00,0008,0008,00,00,00,0008,0008,08,F0,BB,02,67,B0
1981,00,00,00,00,01,B0,00,0008,00,00,00,00,00,00,00,00,00,00,00,00,00,01,00,00,00,0000,00,00,0000,00,00,00,00,0008,0008,00,00,00,0008,0008,08,F0,BB,02,68,B0
1982,00,00,00,00,01,B0,00,0008,00,00,00,00,00,00,00,00,00,00,00,00,00,01,00,00,00,0000,00,00,0000,00,00,00,00,0008,0008,00,00,00,0008,0008,08,F0,BB,02,69,B0
1983,00,00,00,00,01,B0,00,0008,00,00,00,00,00,00,00,00,00,00,00,00,00,01,00,00,00,0000,00,00,0000,00,00,00,00,0008,0008,00,00,00,0008,0008,08,F0,BB,02,6A,B0
1984,00,00,00,00,01,B0,00,0008,00,00,00,00,00,00,00,00,00,00,00,00,00,01,00,00,00,0000,00,00,0000,00,00,00,00,0008,0008,00,00,00,0008,0008,08,F0,BB,02,6B,B0
1985,00,00,00,00,01,B0,00,0008,00,00,00,00,00,00,00,00,00,00,00,00,00,01,00,00,00,0000,00,00,0000,00,00,00,00,0008,0008,00,00,00,0008,0008,08,F0,BB,02,6C,B0
1986,00,00,00,00,01,B0,00,0008,00,00,00,00,00,00,00,00,00,00,00,00,00,01,00,00,00,0000,00,00,0000,00,00,00,00,0008,0008,00,00,00,0008,0008,08,F0,BB,02,6D,B0
1987,00,00,00,00,01,B0,00,0008,00,00,00,00,00,00,00,00,00,00,00,00,00,01,00,00,00,0000,00,00,0000,00,00,00,00,0008,0008,00,00,00,0008,0008,08,F0,BB,02,6E,B0
1988,00,00,00,00,01,B0,00,0008,00,00,00,00,00,00,00,00,00,00,00,00,00,01,00,00,00,0000,00,00,0000,00,00,00,00,0008,0008,00,00,00,0008,0008,08,F0,BB,02,6F,B0
1989,00,00,00,00,01,B0,00,0008,00,00,00,00,00,00,00,00,00,00,00,00,00,01,00,00,00,0000,00,00,0000,00,00,00,00,0008,0008,00,00,00,0008,0008,08,F0,BB,02,70,B0
1990,00,00,00,00,01,B0,00,0008,00,00,00,00,00,00,00,00,00,00,00,00,00,01,00,00,00,0000,00,00,0000,00,00,00,00,0008,0008,00,00,00,0008,0008,08,F0,BB,02,71,B0
1991,00,00,00,00,01,B0,00,0008,00,00,00,00,00,00,00,00,00,00,00,00,00,01,00,00,00,0000,00,00,0000,00,00,00,00,0008,0008,00,00,00,0008,0008,08,F0,BB,02,72,B0
1992,00,00,00,00,01,B0,00,0008,00,00,00,00,00,00,00,00,00,00,00,00,00,01,00,00,00,0000,00,00,0000,00,00,00,00,0008,0008,00,00,00,0008,0008,08,F0,BB,02,73,B0
1993,00,00,00,00,01,B0,00,0008,00,00,00,00,00,00,00,00,00,00,00,00,00,01,00,00,00,0000,00,00,0000,00,00,00,00,0008,0008,00,00,00,0008,0008,08,F0,BB,02,74,B0
1994,00,00,00,00,01,B0,00,0008,00,00,00,00,00,00,00,00,00,00,00,00,00,01,00,00,00,0000,00,00,0000,00,00,00,00,0008,0008,00,00,00,0008,0008,08,F0,BB,02,75,B0
1995,00,00,00,00,01,B0,00,0008,00,00,00,00,00,00,00,00,00,00,00,00,00,01,00,00,00,0000,00,00,0000,00,00,00,00,0008,0008,00,00,00,0008,0008,08,F0,BB,02,76,B0
1996,00,00,00,00,01,B0,00,0008,00,00,00,00,00,00,00,00,00,00,00,00,00,01,00,00,00,0000,00,00,0000,00,00,00,00,0008,0008,00,00,00,0008,0008,08,F0,BB,02,77,B0
1997,00,00,00,00,01,B0,00,0008,00,00,00,00,00,00,00,00,00,00,00,00,00,01,00,00,00,0000,00,00,0000,00,00,00,00,0008,0008,00,00,00,0008,0008,08,F0,BB,02,78,B0
1998,00,00,00,00,01,B0,00,0008,00,00,00,00,00,00,00,00,00,00,00,00,00,01,00,00,00,0000,00,00,0000,00,00,00,00,0008,0008,00,00,00,0008,0008,08,F0,BB,02,79,B0
1999,00,00,00,00,01,B0,00,0008,00,00,00,00,00,00,00,00,00,00,00,00,00,01,00,00,00,0000,00,00,0000,00,00,00,00,0008,0008,00,00,00,0008,0008,08,F0,BB,02,7A,B0
2000,00,00,00,00,01,B0,00,0008,00,00,00,00,00,00,00,00,00,00,00,00,00,01,00,00,00,0000,00,00,0000,00,00,00,00,0008,0008,00,00,00,0008,0008,08,F0,BB,02,7B,B0
2001,00,00,00,00,01,B0,00,0008,00,00,00,00,00,00,00,00,00,00,00,00,00,01,00,00,00,0000,00,00,0000,00,00,00,00,0008,0008,00,00,00,0008,0008,08,F0,BB,02,7C,B0
2002,00,00,00,00,01,B0,00,0008,00,00,00,00,00,00,00,00,00,00,00,00,00,01,00,00,00,0000,00,00,0000,00,00,00,00,0008,0008,00,00,00,0008,0008,08,F0,BB,02,7D,B0
2003,00,00,00,00,01,B0,00,0008,00,00,00,00,00,00,00,00,00,00,00,00,00,01,00,00,00,0000,00,00,0000,00,00,00,00,0008,0008,00,00,00,0008,0008,08,F0,BB,02,7E,B0
2004,00,00,00,00,01,B0,00,0008,00,00,00,00,00,00,00,00,00,00,00,00,00,01,00,00,00,0000,00,00,0000,00,00,00,00,0008,0008,00,00,00,0008,0008,08,F0,BB,02,7F,B0
2005,00,00,00,00,01,B0,00,0008,00,00,00,00,00,00,00,00,00,00,00,00,00,01,00,00,00,0000,00,00,0000,00,00,00,00,0008,0008,00,00,00,0008,0008,08,F0,BB,02,80,B0
2006,00,00,00,00,01,B0,00,0008,00,00,00,00,00,00,00,00,00,00,00,00,00,01,00,00,00,0000,00,00,0000,00,00,00,00,0008,0008,00,00,00,0008,0008,08,F0,BB,02,81,B0
2007,00,00,00,00,01,B0,00,0008,00,00,00,00,00,00,00,00,00,00,00,00,00,01,00,00,00,0000,00,00,0000,00,00,00,00,0008,0008,00,00,00,0008,0008,08,F0,BB,02,82,B0
2008,00,00,00,00,01,B0,00,0008,00,00,00,00,00,00,00,00,00,00,00,00,00,01,00,00,00,0000,00,00,0000,00,00,00,00,0008,0008,00,00,00,0008,0008,08,F0,BB,02,83,B0
2009,00,00,00,00,01,B0,00,0008,00,00,00,00,00,00,00,00,00,00,00,00,00,01,00,00,00,0000,00,00,0000,00,00,00,00,0008,0008,00,00,00,0008,0008,08,F0,BB,02,84,B0
2010,00,00,00,00,01,B0,00,0008,00,00,00,00,00,00,00,00,00,00,00,00,00,01,00,00,00,0000,00,00,0000,00,00,00,00,0008,0008,00,00,00,0008,0008,08,F0,BB,02,85,B0
2011,00,00,00,00,01,B0,00,0008,00,00,00,00,00,00,00,00,00,00,00,00,00,01,00,00,00,0000,00,00,0000,00,00,00,00,0008,0008,00,00,00,0008,0008,08,F0,BB,02,86,B0
2012,00,00,00,00,01,B0,00,0008,00,00,00,00,00,00,00,00,00,00,00,00,00,01,00,00,00,0000,00,00,0000,00,00,00,00,0008,0008,00,00,00,0008,0008,08,F0,BB,02,87,B0
2013,00,00,00,00,01,B0,00,0008,00,00,00,00,00,00,00,00,00,00,00,00,00,01,00,00,00,0000,00,00,0000,00,00,00,00,0008,0008,00,00,00,0008,0008,08,F0,BB,02,88,B0
2014,00,00,00,00,01,B0,00,0008,00,00,00,00,00,00,00,00,00,00,00,00,00,01,00,00,00,0000,00,00,0000,00,00,00,00,0008,0008,00,00,00,0008,0008,08,F0,BB,02,89,B0
2015,00,00,00,00,01,B0,00,0008,00,00,00,00,00,00,00,00,00,00,00,00,00,01,00,00,00,0000,00,00,0000,00,00,00,00,0008,0008,00,00,00,0008,0008,08,F0,BB,02,8A,B0
2016,00,00,00,00,01,B0,00,0008,00,00,00,00,00,00,00,00,00,00,00,00,00,01,00,00,00,0000,00,00,0000,00,00,00,00,0008,0008,00,00,00,0008,0008,08,F0,BB,02,8B,B0
2017,00,00,00,00,01,B0,00,0008,00,00,00,00,00,00,00,00,00,00,00,00,00,01,00,00,00,0000,00,00,0000,00,00,00,00,0008,0008,00,00,00,0008,0008,08,F0,BB,02,8C,B0
2018,00,00,00,00,01,B0,00,0008,00,00,00,00,00,00,00,00,00,00,00,00,00,01,00,00,00,0000,00,00,0000,00,00,00,00,0008,0008,00,00,00,0008,0008,08,F0,BB,02,8D,B0
2019,00,00,00,00,01,B0,00,0008,00,00,00,00,00,00,00,00,00,00,00,00,00,01,00,00,00,0000,00,00,0000,00,00,00,00,0008,0008,00,00,00,0008,0008,08,F0,BB,02,8E,B0
2020,00,00,00,00,01,B0,00,0008,00,00,00,00,00,00,00,00,00,00,00,00,00,01,00,00,00,0000,00,00,0000,00,00,00,00,0008,0008,00,00,00,0008,0008,08,F0,BB,02,8F,B0
2021,00,00,00,00,01,B0,00,0008,00,00,00,00,00,00,00,00,00,00,00,00,00,01,00,00,00,0000,00,00,0000,00,00,00,00,0008,0008,00,00,00,0008,0008,08,F0,BB,02,90,B0
2022,00,00,00,00,01,B0,00,0008,00,00,00,00,00,00,00,00,00,00,00,00,00,01,00,00,00,0000,00,00,0000,00,00,00,00,0008,0008,00,00,00,0008,0008,08,F0,BB,02,91,B0
2023,00,00,00,00,01,B0,00,0008,00,00,00,00,00,00,00,00,00,00,00,00,00,01,00,00,00,0000,00,00,0000,00,00,00,00,0008,0008,00,00,00,0008,0008,08,F0,BB,02,92,B0
2024,00,00,00,00,01,B0,00,0008,00,00,00,00,00,00,00,00,00,00,00,00,00,01,00,00,00,0000,00,00,0000,00,00,00,00,0008,0008,00,00,00,0008,0008,08,F0,BB,02,93,B0
2025,00,00,00,00,01,B0,00,0008,00,00,00,00,00,00,00,00,00,00,00,00,00,01,00,00,00,0000,00,00,0000,00,00,00,00,0008,0008,00,00,00,0008,0008,08,F0,BB,02,94,B0
2026,00,00,00,00,01,B0,00,0008,00,00,00,00,00,00,00,00,00,00,00,00,00,01,00,00,00,0000,00,00,0000,00,00,00,00,0008,0008,00,00,00,0008,0008,08,F0,BB,02,95,B0
2027,00,00,00,00,01,B0,00,0008,00,00,00,00,00,00,00,00,00,00,00,00,00,01,00,00,00,0000,00,00,0000,00,00,00,00,0008,0008,00,00,00,0008,0008,08,F0,BB,02,96,B0
2028,00,00,00,00,01,B0,00,0008,00,00,00,00,00,00,00,00,00,00,00,00,00,01,00,00,00,0000,00,00,0000,00,00,00,00,0008,0008,00,00,00,0008,0008,08,F0,BB,02,97,B0
2029,00,00,00,00,01,B0,00,0008,00,00,00,00,00,00,00,00,00,00,00,00,00,01,00,00,00,0000,00,00,0000,00,00,00,00,0008,0008,00,00,00,0008,0008,08,F0,BB,02,98,B0
2030,00,00,00,00,01,B0,00,0008,00,00,00,00,00,00,00,00,00,00,00,00,00,01,00,00,00,0000,00,00,0000,00,00,00,00,0008,0008,00,00,00,0008,0008,08,F0,BB,02,99,B0
2031,00,00,00,00,01,B0,00,0008,00,00,00,00,00,00,00,00,00,00,00,00,00,01,00,00,00,0000,00,00,0000,00,00,00,00,0008,0008,00,00,00,0008,0008,08,F0,BB,02,9A,B0
2032,00,00,00,00,01,B0,00,0008,00,00,00,00,00,00,00,00,00,00,00,00,00,01,00,00,00,0000,00,00,0000,00,00,00,00,0008,0008,00,00,00,0008,0008,08,F0,BB,02,9B,B0
2033,00,00,00,00,01,B0,00,0008,00,00,00,00,00,00,00,00,00,00,00,00,00,01,00,00,00,0000,00,00,0000,00,00,00,00,0008,0008,00,00,00,0008,0008,08,F0,BB,02,9C,B0
2034,00,00,00,00,01,B0,00,0008,00,00,00,00,00,00,00,00,00,00,00,00,00,01,00,00,00,0000,00,00,0000,00,00,00,00,0008,0008,00,00,00,0008,0008,08,F0,BB,02,9D,B0
2035,00,00,00,00,01,B0,00,0008,00,00,00,00,00,00,00,00,00,00,00,00,00,01,00,00,00,0000,00,00,0000,00,00,00,00,0008,0008,00,00,00,0008,0008,08,F0,BB,02,9E,B0
2036,00,00,00,00,01,B0,00,0008,00,00,00,00,00,00,00,00,00,00,00,00,00,01,00,00,00,0000,00,00,0000,00,00,00,00,0008,0008,00,00,00,0008,0008,08,F0,BB,02,9F,B0
2037,00,00,00,00,01,B0,00,0008,00,00,00,00,00,00,00,00,00,00,00,00,00,01,00,00,00,0000,00,00,0000,00,00,00,00,0008,0008,00,00,00,0008,0008,08,F0,BB,02,A0,B0
2038,00,00,00,00,01,B0,00,0008,00,00,00,00,00,00,00,00,00,00,00,00,00,01,00,00,00,0000,00,00,0000,00,00,00,00,0008,0008,00,00,00,0008,0008,08,F0,BB,02,A1,B0
2039,00,00,00,00,01,B0,00,0008,00,00,00,00,00,00,00,00,00,00,00,00,00,01,00,00,00,0000,00,00,0000,00,00,00,00,0008,0008,00,00,00,0008,0008,08,F0,BB,02,A2,B0
2040,00,00,00,00,01,B0,00,0008,00,00,00,00,00,00,00,00,00,00,00,00,00,01,00,00,00,0000,00,00,0000,00,00,00,00,0008,0008,00,00,00,0008,0008,08,F0,BB,02,A3,B0
2041,00,00,00,00,01,B0,00,0008,00,00,00,00,00,00,00,00,00,00,00,00,00,01,00,00,00,0000,00,00,0000,00,00,00,00,0008,0008,00,00,00,0008,0008,08,F0,BB,02,A4,B0
2042,00,00,00,00,01,B0,00,0008,00,00,00,00,00,00,00,00,00,00,00,00,00,01,00,00,00,0000,00,00,0000,00,00,00,00,0008,0008,00,00,00,0008,0008,08,F0,BB,02,A5,B0
2043,00,00,00,00,01,B0,00,0008,00,00,00,00,00,00,00,00,00,00,00,00,00,01,00,00,00,0000,00,00,0000,00,00,00,00,0008,0008,00,00,00,0008,0008,08,F0,BB,02,A6,B0
2044,00,00,00,00,01,B0,00,0008,00,00,00,00,00,00,00,00,00,00,00,00,00,01,00,00,00,0000,00,00,0000,00,00,00,00,0008,0008,00,00,00,0008,0008,08,F0,BB,02,A7,B0
2045,00,00,00,00,01,B0,00,0008,00,00,00,00,00,00,00,00,00,00,00,00,00,01,00,00,00,0000,00,00,0000,00,00,00,00,0008,0008,00,00,00,0008,0008,08,F0,BB,02,A8,B0
2046,00,00,00,00,01,B0,00,0008,00,00,00,00,00,00,00,00,00,00,00,00,00,01,00,00,00,0000,00,00,0000,00,00,00,00,0008,0008,00,00,00,0008,0008,08,F0,BB,02,A9,B0
2047,00,00,00,00,01,B0,00,0008,00,00,00,00,00,00,00,00,00,00,00,00,00,01,00,00,00,0000,00,00,0000,00,00,00,00,0008,0008,00,00,00,0008,0008,08,F0,BB,02,AA,B0
2048,00,00,00,00,01,B0,00,0008,00,00,00,00,00,00,00,00,00,00,00,00,00,01,00,00,00,0000,00,00,0000,00,00,00,00,0008,0008,00,00,00,0008,0008,08,F0,BB,02,AB,B0
2049,00,00,00,00,01,B0,00,0008,00,00,00,00,00,00,00,00,00,00,00,00,00,01,00,00,00,0000,00,00,0000,00,00,00,00,0008,0008,00,00,00,0008,0008,08,F0,BB,02,AC,B0
2050,00,00,00,00,01,B0,00,0008,00,00,00,00,00,00,00,00,00,00,00,00,00,01,00,00,00,0000,00,00,0000,00,00,00,00,0008,0008,00,00,00,0008,0008,08,F0,BB,02,AD,B0
2051,00,00,00,00,01,B0,00,0008,00,00,00,00,00,00,00,00,00,00,00,00,00,01,00,00,00,0000,00,00,0000,00,00,00,00,0008,0008,00,00,00,0008,0008,08,F0,BB,02,AE,B0
2052,00,00,00,00,01,B0,00,0008,00,00,00,00,00,00,00,00,00,00,00,00,00,01,00,00,00,0000,00,00,0000,00,00,00,00,0008,0008,00,00,00,0008,0008,08,F0,BB,02,AF,B0
2053,00,00,00,00,01,B0,00,0008,00,00,00,00,00,00,00,00,00,00,00,00,00,01,00,00,00,0000,00,00,0000,00,00,00,00,0008,0008,00,00,00,0008,0008,08,F0,BB,02,B0,B0
2054,00,00,00,00,01,B0,00,0008,00,00,00,00,00,00,00,00,00,00,00,00,00,01,00,00,00,0000,00,00,0000,00,00,00,00,0008,0008,00,00,00,0008,0008,08,F0,BB,02,B1,B0
2055,00,00,00,00,01,B0,00,0008,00,00,00,00,00,00,00,00,00,00,00,00,00,01,00,00,00,0000,00,00,0000,00,00,00,00,0008,0008,00,00,00,0008,0008,08,F0,BB,02,B2,B0
2056,00,00,00,00,01,B0,00,0008,00,00,00,00,00,00,00,00,00,00,00,00,00,01,00,00,00,0000,00,00,0000,00,00,00,00,0008,0008,00,00,00,0008,0008,08,F0,BB,02,B3,B0
2057,00,00,00,00,01,B0,00,0008,00,00,00,00,00,00,00,00,00,00,00,00,00,01,00,00,00,0000,00,00,0000,00,00,00,00,0008,0008,00,00,00,0008,0008,08,F0,BB,02,B4,B0
2058,00,00,00,00,01,B0,00,0008,00,00,00,00,00,00,00,00,00,00,00,00,00,01,00,00,00,0000,00,00,0000,00,00,00,00,0008,0008,00,00,00,0008,0008,08,F0,BB,02,B5,B0
2059,00,00,00,00,01,B0,00,0008,00,00,00,00,00,00,00,00,00,00,00,00,00,01,00,00,00,0000,00,00,0000,00,00,00,00,0008,0008,00,00,00,0008,0008,08,F0,BB,02,B6,B0
2060,00,00,00,00,01,B0,00,0008,00,00,00,00,00,00,00,00,00,00,00,00,00,01,00,00,00,0000,00,00,0000,00,00,00,00,0008,0008,00,00,00,0008,0008,08,F0,BB,02,B7,B0
2061,00,00,00,00,01,B0,00,0008,00,00,00,00,00,00,00,00,00,00,00,00,00,01,00,00,00,0000,00,00,0000,00,00,00,00,0008,0008,00,00,00,0008,0008,08,F0,BB,02,B8,B0
2062,00,00,00,00,01,B0,00,0008,00,00,00,00,00,00,00,00,00,00,00,00,00,01,00,00,00,0000,00,00,0000,00,00,00,00,0008,0008,00,00,00,0008,0008,08,F0,BB,02,B9,B0
2063,00,00,00,00,01,B0,00,0008,00,00,00,00,00,00,00,00,00,00,00,00,00,01,00,00,00,0000,00,00,0000,00,00,00,00,0008,0008,00,00,00,0008,0008,08,F0,BB,02,BA,B0
2064,00,00,00,00,01,B0,00,0008,00,00,00,00,00,00,00,00,00,00,00,00,00,01,00,00,00,0000,00,00,0000,00,00,00,00,0008,0008,00,00,00,0008,0008,08,F0,BB,02,BB,B0
2065,00,00,00,00,01,B0,00,0008,00,00,00,00,00,00,00,00,00,00,00,00,00,01,00,00,00,0000,00,00,0000,00,00,00,00,0008,0008,00,00,00,0008,0008,08,F0,BB,02,BC,B0
2066,00,00,00,00,01,B0,00,0008,00,00,00,00,00,00,00,00,00,00,00,00,00,01,00,00,00,0000,00,00,0000,00,00,00,00,0008,0008,00,00,00,0008,0008,08,F0,BB,02,BD,B0
2067,00,00,00,00,01,B0,00,0008,00,00,00,00,00,00,00,00,00,00,00,00,00,01,00,00,00,0000,00,00,0000,00,00,00,00,0008,0008,00,00,00,0008,0008,08,F0,BB,02,BE,B0
2068,00,00,00,00,01,B0,00,0008,00,00,00,00,00,00,00,00,00,00,00,00,00,01,00,00,00,0000,00,00,0000,00,00,00,00,0008,0008,00,00,00,0008,0008,08,F0,BB,02,BF,B0
2069,00,00,00,00,01,B0,00,0008,00,00,00,00,00,00,00,00,00,00,00,00,00,01,00,00,00,0000,00,00,0000,00,00,00,00,0008,0008,00,00,00,0008,0008,08,F0,BB,02,C0,B0
2070,00,00,00,00,01,B0,00,0008,00,00,00,00,00,00,00,00,00,00,00,00,00,01,00,00,00,0000,00,00,0000,00,00,00,00,0008,0008,00,00,00,0008,0008,08,F0,BB,02,C1,B0
2071,00,00,00,00,01,B0,00,0008,00,00,00,00,00,00,00,00,00,00,00,00,00,01,00,00,00,0000,00,00,0000,00,00,00,00,0008,0008,00,00,00,0008,0008,08,F0,BB,02,C2,B0
2072,00,00,00,00,01,B0,00,0008,00,00,00,00,00,00,00,00,00,00,00,00,00,01,00,00,00,0000,00,00,0000,00,00,00,00,0008,0008,00,00,00,0008,0008,08,F0,BB,02,C3,B0
2073,00,00,00,00,01,B0,00,0008,00,00,00,00,00,00,00,00,00,00,00,00,00,01,00,00,00,0000,00,00,0000,00,00,00,00,0008,0008,00,00,00,0008,0008,08,F0,BB,02,C4,B0
2074,00,00,00,00,01,B0,00,0008,00,00,00,00,00,00,00,00,00,00,00,00,00,01,00,00,00,0000,00,00,0000,00,00,00,00,0008,0008,00,00,00,0008,0008,08,F0,BB,02,C5,B0
2075,00,00,00,00,01,B0,00,0008,00,00,00,00,00,00,00,00,00,00,00,00,00,01,00,00,00,0000,00,00,0000,00,00,00,00,0008,0008,00,00,00,0008,0008,08,F0,BB,02,C6,B0
2076,00,00,00,00,01,B0,00,0008,00,00,00,00,00,00,00,00,00,00,00,00,00,01,00,00,00,0000,00,00,0000,00,00,00,00,0008,0008,00,00,00,0008,0008,08,F0,BB,02,C7,B0
2077,00,00,00,00,01,B0,00,0008,00,00,00,00,00,00,00,00,00,00,00,00,00,01,00,00,00,0000,00,00,0000,00,00,00,00,0008,0008,00,00,00,0008,0008,08,F0,BB,02,C8,B0
2078,00,00,00,00,01,B0,00,0008,00,00,00,00,00,00,00,00,00,00,00,00,00,01,00,00,00,0000,00,00,0000,00,00,00,00,0008,0008,00,00,00,0008,0008,08,F0,BB,02,C9,B0
2079,00,00,00,00,01,B0,00,0008,00,00,00,00,00,00,00,00,00,00,00,00,00,01,00,00,00,0000,00,00,0000,00,00,00,00,0008,0008,00,00,00,0008,0008,08,F0,BB,02,CA,B0
2080,00,00,00,00,01,B0,00,0008,00,00,00,00,00,00,00,00,00,00,00,00,00,01,00,00,00,0000,00,00,0000,00,00,00,00,0008,0008,00,00,00,0008,0008,08,F0,BB,02,CB,B0
2081,00,00,00,00,01,B0,00,0008,00,00,00,00,00,00,00,00,00,00,00,00,00,01,00,00,00,0000,00,00,0000,00,00,00,00,0008,0008,00,00,00,0008,0008,08,F0,BB,02,CC,B0
2082,00,00,00,00,01,B0,00,0008,00,00,00,00,00,00,00,00,00,00,00,00,00,01,00,00,00,0000,00,00,0000,00,00,00,00,0008,0008,00,00,00,0008,0008,08,F0,BB,02,CD,B0
2083,00,00,00,00,01,B0,00,0008,00,00,00,00,00,00,00,00,00,00,00,00,00,01,00,00,00,0000,00,00,0000,00,00,00,00,0008,0008,00,00,00,0008,0008,08,F0,BB,02,CE,B0
2084,00,00,00,00,01,B0,00,0008,00,00,00,00,00,00,00,00,00,00,00,00,00,01,00,00,00,0000,00,00,0000,00,00,00,00,0008,0008,00,00,00,0008,0008,08,F0,BB,02,CF,B0
2085,00,00,00,00,01,B0,00,0008,00,00,00,00,00,00,00,00,00,00,00,00,00,01,00,00,00,0000,00,00,0000,00,00,00,00,0008,0008,00,00,00,0008,0008,08,F0,BB,02,D0,B0
2086,00,00,00,00,01,B0,00,0008,00,00,00,00,00,00,00,00,00,00,00,00,00,01,00,00,00,0000,00,00,0000,00,00,00,00,0008,0008,00,00,00,0008,0008,08,F0,BB,02,D1,B0
2087,00,00,00,00,01,B0,00,0008,00,00,00,00,00,00,00,00,00,00,00,00,00,01,00,00,00,0000,00,00,0000,00,00,00,00,0008,0008,00,00,00,0008,0008,08,F0,BB,02,D2,B0
2088,00,00,00,00,01,B0,00,0008,00,00,00,00,00,00,00,00,00,00,00,00,00,01,00,00,00,0000,00,00,0000,00,00,00,00,0008,0008,00,00,00,0008,0008,08,F0,BB,02,D3,B0
2089,00,00,00,00,01,B0,00,0008,00,00,00,00,00,00,00,00,00,00,00,00,00,01,00,00,00,0000,00,00,0000,00,00,00,00,0008,0008,00,00,00,0008,0008,08,F0,BB,02,D4,B0
2090,00,00,00,00,01,B0,00,0008,00,00,00,00,00,00,00,00,00,00,00,00,00,01,00,00,00,0000,00,00,0000,00,00,00,00,0008,0008,00,00,00,0008,0008,08,F0,BB,02,D5,B0
2091,00,00,00,00,01,B0,00,0008,00,00,00,00,00,00,00,00,00,00,00,00,00,01,00,00,00,0000,00,00,0000,00,00,00,00,0008,0008,00,00,00,0008,0008,08,F0,BB,02,D6,B0
2092,00,00,00,00,01,B0,00,0008,00,00,00,00,00,00,00,00,00,00,00,00,00,01,00,00,00,0000,00,00,0000,00,00,00,00,0008,0008,00,00,00,0008,0008,08,F0,BB,02,D7,B0
2093,00,00,00,00,01,B0,00,0008,00,00,00,00,00,00,00,00,00,00,00,00,00,01,00,00,00,0000,00,00,0000,00,00,00,00,0008,0008,00,00,00,0008,0008,08,F0,BB,02,D8,B0
2094,00,00,00,00,01,B0,00,0008,00,00,00,00,00,00,00,00,00,00,00,00,00,01,00,00,00,0000,00,00,0000,00,00,00,00,0008,0008,00,00,00,0008,0008,08,F0,BB,02,D9,B0
2095,00,00,00,00,01,B0,00,0008,00,00,00,00,00,00,00,00,00,00,00,00,00,01,00,00,00,0000,00,00,0000,00,00,00,00,0008,0008,00,00,00,0008,0008,08,F0,BB,02,DA,B0
2096,00,00,00,00,01,B0,00,0008,00,00,00,00,00,00,00,00,00,00,00,00,00,01,00,00,00,0000,00,00,0000,00,00,00,00,0008,0008,00,00,00,0008,0008,08,F0,BB,02,DB,B0
2097,00,00,00,00,01,B0,00,0008,00,00,00,00,00,00,00,00,00,00,00,00,00,01,00,00,00,0000,00,00,0000,00,00,00,00,0008,0008,00,00,00,0008,0008,08,F0,BB,02,DC,B0
2098,00,00,00,00,01,B0,00,0008,00,00,00,00,00,00,00,00,00,00,00,00,00,01,00,00,00,0000,00,00,0000,00,00,00,00,0008,0008,00,00,00,0008,0008,08,F0,BB,02,DD,B0
2099,00,00,00,00,01,B0,00,0008,00,00,00,00,00,00,00,00,00,00,00,00,00,01,00,00,00,0000,00,00,0000,00,00,00,00,0008,0008,00,00,00,0008,0008,08,F0,BB,02,DE,B0
2100,00,00,00,00,01,B0,00,0008,00,00,00,00,00,00,00,00,00,00,00,00,00,01,00,00,00,0000,00,00,0000,00,00,00,00,0008,0008,00,00,00,0008,0008,08,F0,BB,02,DF,B0
2101,00,00,00,00,01,B0,00,0008,00,00,00,00,00,00,00,00,00,00,00,00,00,01,00,00,00,0000,00,00,0000,00,00,00,00,0008,0008,00,00,00,0008,0008,08,F0,BB,02,E0,B0
2102,00,00,00,00,01,B0,00,0008,00,00,00,00,00,00,00,00,00,00,00,00,00,01,00,00,00,0000,00,00,0000,00,00,00,00,0008,0008,00,00,00,0008,0008,08,F0,BB,02,E1,B0
2103,00,00,00,00,01,B0,00,0008,00,00,00,00,00,00,00,00,00,00,00,00,00,01,00,00,00,0000,00,00,0000,00,00,00,00,0008,0008,00,00,00,0008,0008,08,F0,BB,02,E2,B0
2104,00,00,00,00,01,B0,00,0008,00,00,00,00,00,00,00,00,00,00,00,00,00,01,00,00,00,0000,00,00,0000,00,00,00,00,0008,0008,00,00,00,0008,0008,08,F0,BB,02,E3,B0
2105,00,00,00,00,01,B0,00,0008,00,00,00,00,00,00,00,00,00,00,00,00,00,01,00,00,00,0000,00,00,0000,00,00,00,00,0008,0008,00,00,00,0008,0008,08,F0,BB,02,E4,B0
2106,00,00,00,00,01,B0,00,0008,00,00,00,00,00,00,00,00,00,00,00,00,00,01,00,00,00,0000,00,00,0000,00,00,00,00,0008,0008,00,00,00,0008,0008,08,F0,BB,02,E5,B0
2107,00,00,00,00,01,B0,00,0008,00,00,00,00,00,00,00,00,00,00,00,00,00,01,00,00,00,0000,00,00,0000,00,00,00,00,0008,0008,00,00,00,0008,0008,08,F0,BB,02,E6,B0
2108,00,00,00,00,01,B0,00,0008,00,00,00,00,00,00,00,00,00,00,00,00,00,01,00,00,00,0000,00,00,0000,00,00,00,00,0008,0008,00,00,00,0008,0008,08,F0,BB,02,E7,B0
2109,00,00,00,00,01,B0,00,0008,00,00,00,00,00,00,00,00,00,00,00,00,00,01,00,00,00,0000,00,00,0000,00,00,00,00,0008,0008,00,00,00,0008,0008,08,F0,BB,02,E8,B0
2110,00,00,00,00,01,B0,00,0008,00,00,00,00,00,00,00,00,00,00,00,00,00,01,00,00,00,0000,00,00,0000,00,00,00,00,0008,0008,00,00,00,0008,0008,08,F0,BB,02,E9,B0
2111,00,00,00,00,01,B0,00,0008,00,00,00,00,00,00,00,00,00,00,00,00,00,01,00,00,00,0000,00,00,0000,00,00,00,00,0008,0008,00,00,00,0008,0008,08,F0,BB,02,EA,B0
2112,00,00,00,00,01,B0,00,0008,00,00,00,00,00,00,00,00,00,00,00,00,00,01,00,00,00,0000,00,00,0000,00,00,00,00,0008,0008,00,00,00,0008,0008,08,F0,BB,02,EB,B0
2113,00,00,00,00,01,B0,00,0008,00,00,00,00,00,00,00,00,00,00,00,00,00,01,00,00,00,0000,00,00,0000,00,00,00,00,0008,0008,00,00,00,0008,0008,08,F0,BB,02,EC,B0
2114,00,00,00,00,01,B0,00,0008,00,00,00,00,00,00,00,00,00,00,00,00,00,01,00,00,00,0000,00,00,0000,00,00,00,00,0008,0008,00,00,00,0008,0008,08,F0,BB,02,ED,B0
2115,00,00,00,00,01,B0,00,0008,00,00,00,00,00,00,00,00,00,00,00,00,00,01,00,00,00,0000,00,00,0000,00,00,00,00,0008,0008,00,00,00,0008,0008,08,F0,BB,02,EE,B0
2116,00,00,00,00,01,B0,00,0008,00,00,00,00,00,00,00,00,00,00,00,00,00,01,00,00,00,0000,00,00,0000,00,00,00,00,0008,0008,00,00,00,0008,0008,08,F0,BB,02,EF,B0
2117,00,00,00,00,01,B0,00,0008,00,00,00,00,00,00,00,00,00,00,00,00,00,01,00,00,00,0000,00,00,0000,00,00,00,00,0008,0008,00,00,00,0008,0008,08,F0,BB,02,F0,B0
2118,00,00,00,00,01,B0,00,0008,00,00,00,00,00,00,00,00,00,00,00,00,00,01,00,00,00,0000,00,00,0000,00,00,00,00,0008,0008,00,00,00,0008,0008,08,F0,BB,02,F1,B0
2119,00,00,00,00,01,B0,00,0008,00,00,00,00,00,00,00,00,00,00,00,00,00,01,00,00,00,0000,00,00,0000,00,00,00,00,0008,0008,00,00,00,0008,0008,08,F0,BB,02,F2,B0
2120,00,00,00,00,01,B0,00,0008,00,00,00,00,00,00,00,00,00,00,00,00,00,01,00,00,00,0000,00,00,0000,00,00,00,00,0008,0008,00,00,00,0008,0008,08,F0,BB,02,F3,B0
2121,00,00,00,00,01,B0,00,0008,00,00,00,00,00,00,00,00,00,00,00,00,00,01,00,00,00,0000,00,00,0000,00,00,00,00,0008,0008,00,00,00,0008,0008,08,F0,BB,02,F4,B0
2122,00,00,00,00,01,B0,00,0008,00,00,00,00,00,00,00,00,00,00,00,00,00,01,00,00,00,0000,00,00,0000,00,00,00,00,0008,0008,00,00,00,0008,0008,08,F0,BB,02,F5,B0
2123,00,00,00,00,01,B0,00,0008,00,00,00,00,00,00,00,00,00,00,00,00,00,01,00,00,00,0000,00,00,0000,00,00,00,00,0008,0008,00,00,00,0008,0008,08,F0,BB,02,F6,B0
2124,00,00,00,00,01,B0,00,0008,00,00,00,00,00,00,00,00,00,00,00,00,00,01,00,00,00,0000,00,00,0000,00,00,00,00,0008,0008,00,00,00,0008,0008,08,F0,BB,02,F7,B0
2125,00,00,00,00,01,B0,00,0008,00,00,00,00,00,00,00,00,00,00,00,00,00,01,00,00,00,0000,00,00,0000,00,00,00,00,0008,0008,00,00,00,0008,0008,08,F0,BB,02,F8,B0
2126,00,00,00,00,01,B0,00,0008,00,00,00,00,00,00,00,00,00,00,00,00,00,01,00,00,00,0000,00,00,0000,00,00,00,00,0008,0008,00,00,00,0008,0008,08,F0,BB,02,F9,B0
2127,00,00,00,00,01,B0,00,0008,00,00,00,00,00,00,00,00,00,00,00,00,00,01,00,00,00,0000,00,00,0000,00,00,00,00,0008,0008,00,00,00,0008,0008,08,F0,BB,02,FA,B0
2128,00,00,00,00,01,B0,00,0008,00,00,00,00,00,00,00,00,00,00,00,00,00,01,00,00,00,0000,00,00,0000,00,00,00,00,0008,0008,00,00,00,0008,0008,08,F0,BB,02,FB,B0
2129,00,00,00,00,01,B0,00,0008,00,00,00,00,00,00,00,00,00,00,00,00,00,01,00,00,00,0000,00,00,0000,00,00,00,00,0008,0008,00,00,00,0008,0008,08,F0,BB,02,FC,B0
2130,00,00,00,00,01,B0,00,0008,00,00,00,00,00,00,00,00,00,00,00,00,00,01,00,00,00,0000,00,00,0000,00,00,00,00,0008,0008,00,00,00,0008,0008,08,F0,BB,02,FD,B0
2131,00,00,00,00,01,B0,00,0008,00,00,00,00,00,00,00,00,00,00,00,00,00,01,00,00,00,0000,00,00,0000,00,00,00,00,0008,0008,00,00,00,0008,0008,08,F0,BB,02,FE,B0
2132,00,00,00,00,01,B0,00,0008,00,00,00,00,00,00,00,00,00,00,00,00,00,01,00,00,00,0000,00,00,0000,00,00,00,00,0008,0008,00,00,00,0008,0008,08,F0,BB,02,FF,B0
2133,00,00,00,00,01,B0,00,0008,00,00,00,00,00,00,00,00,00,00,00,00,00,01,00,00,00,0000,00,00,0000,00,00,00,00,0008,0008,00,00,00,0008,0008,08,F0,BB,02,00,B0
2134,00,00,00,00,01,B0,00,0008,00,00,00,00,00,00,00,00,00,00,00,00,00,01,00,00,00,0000,00,00,0000,00,00,00,00,0008,0008,00,00,00,0008,0008,08,F0,BB,02,01,B0
2135,00,00,00,00,01,B0,00,0008,00,00,00,00,00,00,00,00,00,00,00,00,00,01,00,00,00,0000,00,00,0000,00,00,00,00,0008,0008,00,00,00,0008,0008,08,F0,BB,02,02,B0
2136,00,00,00,00,01,B0,00,0008,00,00,00,00,00,00,00,00,00,00,00,00,00,01,00,00,00,0000,00,00,0000,00,00,00,00,0008,0008,00,00,00,0008,0008,08,F0,BB,02,03,B0
2137,00,00,00,00,01,B0,00,0008,00,00,00,00,00,00,00,00,00,00,00,00,00,01,00,00,00,0000,00,00,0000,00,00,00,00,0008,0008,00,00,00,0008,0008,08,F0,BB,02,04,B0
2138,00,00,00,00,01,B0,00,0008,00,00,00,00,00,00,00,00,00,00,00,00,00,01,00,00,00,0000,00,00,0000,00,00,00,00,0008,0008,00,00,00,0008,0008,08,F0,BB,02,05,B0
2139,00,00,00,00,01,B0,00,0008,00,00,00,00,00,00,00,00,00,00,00,00,00,01,00,00,00,0000,00,00,0000,00,00,00,00,0008,0008,00,00,00,0008,0008,08,F0,BB,02,06,B0
2140,00,00,00,00,01,B0,00,0008,00,00,00,00,00,00,00,00,00,00,00,00,00,01,00,00,00,0000,00,00,0000,00,00,00,00,0008,0008,00,00,00,0008,0008,08,F0,BB,02,07,B0
2141,00,00,00,00,01,B0,00,0008,00,00,00,00,00,00,00,00,00,00,00,00,00,01,00,00,00,0000,00,00,0000,00,00,00,00,0008,0008,00,00,00,0008,0008,08,F0,BB,02,08,B0
2142,00,00,00,00,01,B0,00,0008,00,00,00,00,00,00,00,00,00,00,00,00,00,01,00,00,00,0000,00,00,0000,00,00,00,00,0008,0008,00,00,00,0008,0008,08,F0,BB,02,09,B0
2143,00,00,00,00,01,B0,00,0008,00,00,00,00,00,00,00,00,00,00,00,00,00,01,00,00,00,0000,00,00,0000,00,00,00,00,0008,0008,00,00,00,0008,0008,08,F0,BB,02,0A,B0
2144,00,00,00,00,01,B0,00,0008,00,00,00,00,00,00,00,00,00,00,00,00,00,01,00,00,00,0000,00,00,0000,00,00,00,00,0008,0008,00,00,00,0008,0008,08,F0,BB,02,0B,B0
2145,00,00,00,00,01,B0,00,0008,00,00,00,00,00,00,00,00,00,00,00,00,00,01,00,00,00,0000,00,00,0000,00,00,00,00,0008,0008,00,00,00,0008,0008,08,F0,BB,02,0C,B0
2146,00,00,00,00,01,B0,00,0008,00,00,00,00,00,00,00,00,00,00,00,00,00,01,00,00,00,0000,00,00,0000,00,00,00,00,0008,0008,00,00,00,0008,0008,08,F0,BB,02,0D,B0
2147,00,00,00,00,01,B0,00,0008,00,00,00,00,00,00,00,00,00,00,00,00,00,01,00,00,00,0000,00,00,0000,00,00,00,00,0008,0008,00,00,00,0008,0008,08,F0,BB,02,0E,B0
2148,00,00,00,00,01,B0,00,0008,00,00,00,00,00,00,00,00,00,00,00,00,00,01,00,00,00,0000,00,00,0000,00,00,00,00,0008,0008,00,00,00,0008,0008,08,F0,BB,02,0F,B0
2149,00,00,00,00,01,B0,00,0008,00,00,00,00,00,00,00,00,00,00,00,00,00,01,00,00,00,0000,00,00,0000,00,00,00,00,0008,0008,00,00,00,0008,0008,08,F0,BB,02,10,B0
2150,00,00,00,00,01,B0,00,0008,00,00,00,00,00,00,00,00,00,00,00,00,00,01,00,00,00,0000,00,00,0000,00,00,00,00,0008,0008,00,00,00,0008,0008,08,F0,BB,02,11,B0
2151,00,00,00,00,01,B0,00,0008,00,00,00,00,00,00,00,00,00,00,00,00,00,01,00,00,00,0000,00,00,0000,00,00,00,00,0008,0008,00,00,00,0008,0008,08,F0,BB,02,12,B0
2152,00,00,00,00,01,B0,00,0008,00,00,00,00,00,00,00,00,00,00,00,00,00,01,00,00,00,0000,00,00,0000,00,00,00,00,0008,0008,00,00,00,0008,0008,08,F0,BB,02,13,B0
2153,00,00,00,00,01,B0,00,0008,00,00,00,00,00,00,00,00,00,00,00,00,00,01,00,00,00,0000,00,00,0000,00,00,00,00,0008,0008,00,00,00,0008,0008,08,F0,BB,02,14,B0
2154,00,00,00,00,01,B0,00,0008,00,00,00,00,00,00,00,00,00,00,00,00,00,01,00,00,00,0000,00,00,0000,00,00,00,00,0008,0008,00,00,00,0008,0008,08,F0,BB,02,15,B0
2155,00,00,00,00,01,B0,00,0008,00,00,00,00,00,00,00,00,00,00,00,00,00,01,00,00,00,0000,00,00,0000,00,00,00,00,0008,0008,00,00,00,0008,0008,08,F0,BB,02,16,B0
2156,00,00,00,00,01,B0,00,0008,00,00,00,00,00,00,00,00,00,00,00,00,00,01,00,00,00,0000,00,00,0000,00,00,00,00,0008,0008,00,00,00,0008,0008,08,F0,BB,02,17,B0
2157,00,00,00,00,01,B0,00,0008,00,00,00,00,00,00,00,00,00,00,00,00,00,01,00,00,00,0000,00,00,0000,00,00,00,00,0008,0008,00,00,00,0008,0008,08,F0,BB,02,18,B0
2158,00,00,00,00,01,B0,00,0008,00,00,00,00,00,00,00,00,00,00,00,00,00,01,00,00,00,0000,00,00,0000,00,00,00,00,0008,0008,00,00,00,0008,0008,08,F0,BB,02,19,B0
2159,00,00,00,00,01,B0,00,0008,00,00,00,00,00,00,00,00,00,00,00,00,00,01,00,00,00,0000,00,00,0000,00,00,00,00,0008,0008,00,00,00,0008,0008,08,F0,BB,02,1A,B0
2160,00,00,00,00,01,B0,00,0008,00,00,00,00,00,00,00,00,00,00,00,00,00,01,00,00,00,0000,00,00,0000,00,00,00,00,0008,0008,00,00,00,0008,0008,08,F0,BB,02,1B,B0
2161,00,00,00,00,01,B0,00,0008,00,00,00,00,00,00,00,00,00,00,00,00,00,01,00,00,00,0000,00,00,0000,00,00,00,00,0008,0008,00,00,00,0008,0008,08,F0,BB,02,1C,B0
2162,00,00,00,00,01,B0,00,0008,00,00,00,00,00,00,00,00,00,00,00,00,00,01,00,00,00,0000,00,00,0000,00,00,00,00,0008,0008,00,00,00,0008,0008,08,F0,BB,02,1D,B0
2163,00,00,00,00,01,B0,00,0008,00,00,00,00,00,00,00,00,00,00,00,00,00,01,00,00,00,0000,00,00,0000,00,00,00,00,0008,0008,00,00,00,0008,0008,08,F0,BB,02,1E,B0
2164,00,00,00,00,01,B0,00,0008,00,00,00,00,00,00,00,00,00,00,00,00,00,01,00,00,00,0000,00,00,0000,00,00,00,00,0008,0008,00,00,00,0008,0008,08,F0,BB,02,1F,B0
2165,00,00,00,00,01,B0,00,0008,00,00,00,00,00,00,00,00,00,00,00,00,00,01,00,00,00,0000,00,00,0000,00,00,00,00,0008,0008,00,00,00,0008,0008,08,F0,BB,02,20,B0
2166,00,00,00,00,01,B0,00,0008,00,00,00,00,00,00,00,00,00,00,00,00,00,01,00,00,00,0000,00,00,0000,00,00,00,00,0008,0008,00,00,00,0008,0008,08,F0,BB,02,21,B0
2167,00,00,00,00,01,B0,00,0008,00,00,00,00,00,00,00,00,00,00,00,00,00,01,00,00,00,0000,00,00,0000,00,00,00,00,0008,0008,00,00,00,0008,0008,08,F0,BB,02,22,B0
2168,00,00,00,00,01,B0,00,0008,00,00,00,00,00,00,00,00,00,00,00,00,00,01,00,00,00,0000,00,00,0000,00,00,00,00,0008,0008,00,00,00,0008,0008,08,F0,BB,02,23,B0
2169,00,00,00,00,01,B0,00,0008,00,00,00,00,00,00,00,00,00,00,00,00,00,01,00,00,00,0000,00,00,0000,00,00,00,00,0008,0008,00,00,00,0008,0008,08,F0,BB,02,24,B0
2170,00,00,00,00,01,B0,00,0008,00,00,00,00,00,00,00,00,00,00,00,00,00,01,00,00,00,0000,00,00,0000,00,00,00,00,0008,0008,00,00,00,0008,0008,08,F0,BB,02,25,B0
2171,00,00,00,00,01,B0,00,0008,00,00,00,00,00,00,00,00,00,00,00,00,00,01,00,00,00,0000,00,00,0000,00,00,00,00,0008,0008,00,00,00,0008,0008,08,F0,BB,02,26,B0
2172,00,00,00,00,01,B0,00,0008,00,00,00,00,00,00,00,00,00,00,00,00,00,01,00,00,00,0000,00,00,0000,00,00,00,00,0008,0008,00,00,00,0008,0008,08,F0,BB,02,27,B0
2173,00,00,00,00,01,B0,00,0008,00,00,00,00,00,00,00,00,00,00,00,00,00,01,00,00,00,0000,00,00,0000,00,00,00,00,0008,0008,00,00,00,0008,0008,08,F0,BB,02,28,B0
2174,00,00,00,00,01,B0,00,0008,00,00,00,00,00,00,00,00,00,00,00,00,00,01,00,00,00,0000,00,00,0000,00,00,00,00,0008,0008,00,00,00,0008,0008,08,F0,BB,02,29,B0
2175,00,00,00,00,01,B0,00,0008,00,00,00,00,00,00,00,00,00,00,00,00,00,01,00,00,00,0000,00,00,0000,00,00,00,00,0008,0008,00,00,00,0008,0008,08,F0,BB,02,2A,B0
2176,00,00,00,00,01,B0,00,0008,00,00,00,00,00,00,00,00,00,00,00,00,00,01,00,00,00,0000,00,00,0000,00,00,00,00,0008,0008,00,00,00,0008,0008,08,F0,BB,02,2B,B0
2177,00,00,00,00,01,B0,00,0008,00,00,00,00,00,00,00,00,00,00,00,00,00,01,00,00,00,0000,00,00,0000,00,00,00,00,0008,0008,00,00,00,0008,0008,08,F0,BB,02,2C,B0
2178,00,00,00,00,01,B0,00,0008,00,00,00,00,00,00,00,00,00,00,00,00,00,01,00,00,00,0000,00,00,0000,00,00,00,00,0008,0008,00,00,00,0008,0008,08,F0,BB,02,2D,B0
2179,00,00,00,00,01,B0,00,0008,00,00,00,00,00,00,00,00,00,00,00,00,00,01,00,00,00,0000,00,00,0000,00,00,00,00,0008,0008,00,00,00,0008,0008,08,F0,BB,02,2E,B0
2180,00,00,00,00,01,B0,00,0008,00,00,00,00,00,00,00,00,00,00,00,00,00,01,00,00,00,0000,00,00,0000,00,00,00,00,0008,0008,00,00,00,0008,0008,08,F0,BB,02,2F,B0
2181,00,00,00,00,01,B0,00,0008,00,00,00,00,00,00,00,00,00,00,00,00,00,01,00,00,00,0000,00,00,0000,00,00,00,00,0008,0008,00,00,00,0008,0008,08,F0,BB,02,30,B0
2182,00,00,00,00,01,B0,00,0008,00,00,00,00,00,00,00,00,00,00,00,00,00,01,00,00,00,0000,00,00,0000,00,00,00,00,0008,0008,00,00,00,0008,0008,08,F0,BB,02,31,B0
2183,00,00,00,00,01,B0,00,0008,00,00,00,00,00,00,00,00,00,00,00,00,00,01,00,00,00,0000,00,00,0000,00,00,00,00,0008,0008,00,00,00,0008,0008,08,F0,BB,02,32,B0
2184,00,00,00,00,01,B0,00,0008,00,00,00,00,00,00,00,00,00,00,00,00,00,01,00,00,00,0000,00,00,0000,00,00,00,00,0008,0008,00,00,00,0008,0008,08,F0,BB,02,33,B0
2185,00,00,00,00,01,B0,00,0008,00,00,00,00,00,00,00,00,00,00,00,00,00,01,00,00,00,0000,00,00,0000,00,00,00,00,0008,0008,00,00,00,0008,0008,08,F0,BB,02,34,B0
2186,00,00,00,00,01,B0,00,0008,00,00,00,00,00,00,00,00,00,00,00,00,00,01,00,00,00,0000,00,00,0000,00,00,00,00,0008,0008,00,00,00,0008,0008,08,F0,BB,02,35,B0
2187,00,00,00,00,01,B0,00,0008,00,00,00,00,00,00,00,00,00,00,00,00,00,01,00,00,00,0000,00,00,0000,00,00,00,00,0008,0008,00,00,00,0008,0008,08,F0,BB,02,36,B0
2188,00,00,00,00,01,B0,00,0008,00,00,00,00,00,00,00,00,00,00,00,00,00,01,00,00,00,0000,00,00,0000,00,00,00,00,0008,0008,00,00,00,0008,0008,08,F0,BB,02,37,B0
2189,00,00,00,00,01,B0,00,0008,00,00,00,00,00,00,00,00,00,00,00,00,00,01,00,00,00,0000,00,00,0000,00,00,00,00,0008,0008,00,00,00,0008,0008,08,F0,BB,02,38,B0
2190,00,00,00,00,01,B0,00,0008,00,00,00,00,00,00,00,00,00,00,00,00,00,01,00,00,00,0000,00,00,0000,00,00,00,00,0008,0008,00,00,00,0008,0008,08,F0,BB,02,39,B0
2191,00,00,00,00,01,B0,00,0008,00,00,00,00,00,00,00,00,00,00,00,00,00,01,00,00,00,0000,00,00,0000,00,00,00,00,0008,0008,00,00,00,0008,0008,08,F0,BB,02,3A,B0
2192,00,00,00,00,01,B0,00,0008,00,00,00,00,00,00,00,00,00,00,00,00,00,01,00,00,00,0000,00,00,0000,00,00,00,00,0008,0008,00,00,00,0008,0008,08,F0,BB,02,3B,B0
2193,00,00,00,00,01,B0,00,0008,00,00,00,00,00,00,00,00,00,00,00,00,00,01,00,00,00,0000,00,00,0000,00,00,00,00,0008,0008,00,00,00,0008,0008,08,F0,BB,02,3C,B0
2194,00,00,00,00,01,B0,00,0008,00,00,00,00,00,00,00,00,00,00,00,00,00,01,00,00,00,0000,00,00,0000,00,00,00,00,0008,0008,00,00,00,0008,0008,08,F0,BB,02,3D,B0
2195,00,00,00,00,01,B0,00,0008,00,00,00,00,00,00,00,00,00,00,00,00,00,01,00,00,00,0000,00,00,0000,00,00,00,00,0008,0008,00,00,00,0008,0008,08,F0,BB,02,3E,B0
2196,00,00,00,00,01,B0,00,0008,00,00,00,00,00,00,00,00,00,00,00,00,00,01,00,00,00,0000,00,00,0000,00,00,00,00,0008,0008,00,00,00,0008,0008,08,F0,BB,02,3F,B0
2197,00,00,00,00,01,B0,00,0008,00,00,00,00,00,00,00,00,00,00,00,00,00,01,00,00,00,0000,00,00,0000,00,00,00,00,0008,0008,00,00,00,0008,0008,08,F0,BB,02,40,B0
2198,00,00,00,00,01,B0,00,0008,00,00,00,00,00,00,00,00,00,00,00,00,00,01,00,00,00,0000,00,00,0000,00,00,00,00,0008,0008,00,00,00,0008,0008,08,F0,BB,02,41,B0
2199,00,00,00,00,01,B0,00,0008,00,00,00,00,00,00,00,00,00,00,00,00,00,01,00,00,00,0000,00,00,0000,00,00,00,00,0008,0008,00,00,00,0008,0008,08,F0,BB,02,42,B0
2200,00,00,00,00,01,B0,00,0008,00,00,00,00,00,00,00,00,00,00,00,00,00,01,00,00,00,0000,00,00,0000,00,00,00,00,0008,0008,00,00,00,0008,0008,08,F0,BB,02,43,B0
2201,00,00,00,00,01,B0,00,0008,00,00,00,00,00,00,00,00,00,00,00,00,00,01,00,00,00,0000,00,00,0000,00,00,00,00,0008,0008,00,00,00,0008,0008,08,F0,BB,02,44,B0
2202,00,00,00,00,01,B0,00,0008,00,00,00,00,00,00,00,00,00,00,00,00,00,01,00,00,00,0000,00,00,0000,00,00,00,00,0008,0008,00,00,00,0008,0008,08,F0,BB,02,45,B0
2203,00,00,00,00,01,B0,00,0008,00,00,00,00,00,00,00,00,00,00,00,00,00,01,00,00,00,0000,00,00,0000,00,00,00,00,0008,0008,00,00,00,0008,0008,08,F0,BB,02,46,B0
2204,00,00,00,00,01,B0,00,0008,00,00,00,00,00,00,00,00,00,00,00,00,00,01,00,00,00,0000,00,00,0000,00,00,00,00,0008,0008,00,00,00,0008,0008,08,F0,BB,02,47,B0
2205,00,00,00,00,01,B0,00,0008,00,00,00,00,00,00,00,00,00,00,00,00,00,01,00,00,00,0000,00,00,0000,00,00,00,00,0008,0008,00,00,00,0008,0008,08,F0,BB,02,48,B0
2206,00,00,00,00,01,B0,00,0008,00,00,00,00,00,00,00,00,00,00,00,00,00,01,00,00,00,0000,00,00,0000,00,00,00,00,0008,0008,00,00,00,0008,0008,08,F0,BB,02,49,B0
2207,00,00,00,00,01,B0,00,0008,00,00,00,00,00,00,00,00,00,00,00,00,00,01,00,00,00,0000,00,00,0000,00,00,00,00,0008,0008,00,00,00,0008,0008,08,F0,BB,02,4A,B0
2208,00,00,00,00,01,B0,00,0008,00,00,00,00,00,00,00,00,00,00,00,00,00,01,00,00,00,0000,00,00,0000,00,00,00,00,0008,0008,00,00,00,0008,0008,08,F0,BB,02,4B,B0
2209,00,00,00,00,01,B0,00,0008,00,00,00,00,00,00,00,00,00,00,00,00,00,01,00,00,00,0000,00,00,0000,00,00,00,00,0008,0008,00,00,00,0008,0008,08,F0,BB,02,4C,B0
2210,00,00,00,00,01,B0,00,0008,00,00,00,00,00,00,00,00,00,00,00,00,00,01,00,00,00,0000,00,00,0000,00,00,00,00,0008,0008,00,00,00,0008,0008,08,F0,BB,02,4D,B0
2211,00,00,00,00,01,B0,00,0008,00,00,00,00,00,00,00,00,00,00,00,00,00,01,00,00,00,0000,00,00,0000,00,00,00,00,0008,0008,00,00,00,0008,0008,08,F0,BB,02,4E,B0
2212,00,00,00,00,01,B0,00,0008,00,00,00,00,00,00,00,00,00,00,00,00,00,01,00,00,00,0000,00,00,0000,00,00,00,00,0008,0008,00,00,00,0008,0008,08,F0,BB,02,4F,B0
2213,00,00,00,00,01,B0,00,0008,00,00,00,00,00,00,00,00,00,00,00,00,00,01,00,00,00,0000,00,00,0000,00,00,00,00,0008,0008,00,00,00,0008,0008,08,F0,BB,02,50,B0
2214,00,00,00,00,01,B0,00,0008,00,00,00,00,00,00,00,00,00,00,00,00,00,01,00,00,00,0000,00,00,0000,00,00,00,00,0008,0008,00,00,00,0008,0008,08,F0,BB,02,51,B0
2215,00,00,00,00,01,B0,00,0008,00,00,00,00,00,00,00,00,00,00,00,00,00,01,00,00,00,0000,00,00,0000,00,00,00,00,0008,0008,00,00,00,0008,0008,08,F0,BB,02,52,B0
2216,00,00,00,00,01,B0,00,0008,00,00,00,00,00,00,00,00,00,00,00,00,00,01,00,00,00,0000,00,00,0000,00,00,00,00,0008,0008,00,00,00,0008,0008,08,F0,BB,02,53,B0
2217,00,00,00,00,01,B0,00,0008,00,00,00,00,00,00,00,00,00,00,00,00,00,01,00,00,00,0000,00,00,0000,00,00,00,00,0008,0008,00,00,00,0008,0008,08,F0,BB,02,54,B0
2218,00,00,00,00,01,B0,00,0008,00,00,00,00,00,00,00,00,00,00,00,00,00,01,00,00,00,0000,00,00,0000,00,00,00,00,0008,0008,00,00,00,0008,0008,08,F0,BB,02,55,B0
2219,00,00,00,00,01,B0,00,0008,00,00,00,00,00,00,00,00,00,00,00,00,00,01,00,00,00,0000,00,00,0000,00,00,00,00,0008,0008,00,00,00,0008,0008,08,F0,BB,02,56,B0
2220,00,00,00,00,01,B0,00,0008,00,00,00,00,00,00,00,00,00,00,00,00,00,01,00,00,00,0000,00,00,0000,00,00,00,00,0008,0008,00,00,00,0008,0008,08,F0,BB,02,57,B0
2221,00,00,00,00,01,B0,00,0008,00,00,00,00,00,00,00,00,00,00,00,00,00,01,00,00,00,0000,00,00,0000,00,00,00,00,0008,0008,00,00,00,0008,0008,08,F0,BB,02,58,B0
2222,00,00,00,00,01,B0,00,0008,00,00,00,00,00,00,00,00,00,00,00,00,00,01,00,00,00,0000,00,00,0000,00,00,00,00,0008,0008,00,00,00,0008,0008,08,F0,BB,02,59,B0
2223,00,00,00,00,01,B0,00,0008,00,00,00,00,00,00,00,00,00,00,00,00,00,01,00,00,00,0000,00,00,0000,00,00,00,00,0008,0008,00,00,00,0008,0008,08,F0,BB,02,5A,B0
2224,00,00,00,00,01,B0,00,0008,00,00,00,00,00,00,00,00,00,00,00,00,00,01,00,00,00,0000,00,00,0000,00,00,00,00,0008,0008,00,00,00,0008,0008,08,F0,BB,02,5B,B0
2225,00,00,00,00,01,B0,00,0008,00,00,00,00,00,00,00,00,00,00,00,00,00,01,00,00,00,0000,00,00,0000,00,00,00,00,0008,0008,00,00,00,0008,0008,08,F0,BB,02,5C,B0
2226,00,00,00,00,01,B0,00,0008,00,00,00,00,00,00,00,00,00,00,00,00,00,01,00,00,00,0000,00,00,0000,00,00,00,00,0008,0008,00,00,00,0008,0008,08,F0,BB,02,5D,B0
2227,00,00,00,00,01,B0,00,0008,00,00,00,00,00,00,00,00,00,00,00,00,00,01,00,00,00,0000,00,00,0000,00,00,00,00,0008,0008,00,00,00,0008,0008,08,F0,BB,02,5E,B0
2228,00,00,00,00,01,B0,00,0008,00,00,00,00,00,00,00,00,00,00,00,00,00,01,00,00,00,0000,00,00,0000,00,00,00,00,0008,0008,00,00,00,0008,0008,08,F0,BB,02,5F,B0
2229,00,00,00,00,01,B0,00,0008,00,00,00,00,00,00,00,00,00,00,00,00,00,01,00,00,00,0000,00,00,0000,00,00,00,00,0008,0008,00,00,00,0008,0008,08,F0,BB,02,60,B0
2230,00,00,00,00,01,B0,00,0008,00,00,00,00,00,00,00,00,00,00,00,00,00,01,00,00,00,0000,00,00,0000,00,00,00,00,0008,0008,00,00,00,0008,0008,08,F0,BB,02,61,B0
2231,00,00,00,00,01,B0,00,0008,00,00,00,00,00,00,00,00,00,00,00,00,00,01,00,00,00,0000,00,00,0000,00,00,00,00,0008,0008,00,00,00,0008,0008,08,F0,BB,02,62,B0
2232,00,00,00,00,01,B0,00,0008,00,00,00,00,00,00,00,00,00,00,00,00,00,01,00,00,00,0000,00,00,0000,00,00,00,00,0008,0008,00,00,00,0008,0008,08,F0,BB,02,63,B0
2233,00,00,00,00,01,B0,00,0008,00,00,00,00,00,00,00,00,00,00,00,00,00,01,00,00,00,0000,00,00,0000,00,00,00,00,0008,0008,00,00,00,0008,0008,08,F0,BB,02,64,B0
2234,00,00,00,00,01,B0,00,0008,00,00,00,00,00,00,00,00,00,00,00,00,00,01,00,00,00,0000,00,00,0000,00,00,00,00,0008,0008,00,00,00,0008,0008,08,F0,BB,02,65,B0
2235,00,00,00,00,01,B0,00,0008,00,00,00,00,00,00,00,00,00,00,00,00,00,01,00,00,00,0000,00,00,0000,00,00,00,00,0008,0008,00,00,00,0008,0008,08,F0,BB,02,66,B0
2236,00,00,00,00,01,B0,00,0008,00,00,00,00,00,00,00,00,00,00,00,00,00,01,00,00,00,0000,00,00,0000,00,00,00,00,0008,0008,00,00,00,0008,0008,08,F0,BB,02,67,B0
2237,00,00,00,00,01,B0,00,0008,00,00,00,00,00,00,00,00,00,00,00,00,00,01,00,00,00,0000,00,00,0000,00,00,00,00,0008,0008,00,00,00,0008,0008,08,F0,BB,02,68,B0
2238,00,00,00,00,01,B0,00,0008,00,00,00,00,00,00,00,00,00,00,00,00,00,01,00,00,00,0000,00,00,0000,00,00,00,00,0008,0008,00,00,00,0008,0008,08,F0,BB,02,69,B0
2239,00,00,00,00,01,B0,00,0008,00,00,00,00,00,00,00,00,00,00,00,00,00,01,00,00,00,0000,00,00,0000,00,00,00,00,0008,0008,00,00,00,0008,0008,08,F0,BB,02,6A,B0
2240,00,00,00,00,01,B0,00,0008,00,00,00,00,00,00,00,00,00,00,00,00,00,01,00,00,00,0000,00,00,0000,00,00,00,00,0008,0008,00,00,00,0008,0008,08,F0,BB,02,6B,B0
2241,00,00,00,00,01,B0,00,0008,00,00,00,00,00,00,00,00,00,00,00,00,00,01,00,00,00,0000,00,00,0000,00,00,00,00,0008,0008,00,00,00,0008,0008,08,F0,BB,02,6C,B0
2242,00,00,00,00,01,B0,00,0008,00,00,00,00,00,00,00,00,00,00,00,00,00,01,00,00,00,0000,00,00,0000,00,00,00,00,0008,0008,00,00,00,0008,0008,08,F0,BB,02,6D,B0
2243,00,00,00,00,01,B0,00,0008,00,00,00,00,00,00,00,00,00,00,00,00,00,01,00,00,00,0000,00,00,0000,00,00,00,00,0008,0008,00,00,00,0008,0008,08,F0,BB,02,6E,B0
2244,00,00,00,00,01,B0,00,0008,00,00,00,00,00,00,00,00,00,00,00,00,00,01,00,00,00,0000,00,00,0000,00,00,00,00,0008,0008,00,00,00,0008,0008,08,F0,BB,02,6F,B0
2245,00,00,00,00,01,B0,00,0008,00,00,00,00,00,00,00,00,00,00,00,00,00,01,00,00,00,0000,00,00,0000,00,00,00,00,0008,0008,00,00,00,0008,0008,08,F0,BB,02,70,B0
2246,00,00,00,00,01,B0,00,0008,00,00,00,00,00,00,00,00,00,00,00,00,00,01,00,00,00,0000,00,00,0000,00,00,00,00,0008,0008,00,00,00,0008,0008,08,F0,BB,02,71,B0
2247,00,00,00,00,01,B0,00,0008,00,00,00,00,00,00,00,00,00,00,00,00,00,01,00,00,00,0000,00,00,0000,00,00,00,00,0008,0008,00,00,00,0008,0008,08,F0,BB,02,72,B0
2248,00,00,00,00,01,B0,00,0008,00,00,00,00,00,00,00,00,00,00,00,00,00,01,00,00,00,0000,00,00,0000,00,00,00,00,0008,0008,00,00,00,0008,0008,08,F0,BB,02,73,B0
2249,00,00,00,00,01,B0,00,0008,00,00,00,00,00,00,00,00,00,00,00,00,00,01,00,00,00,0000,00,00,0000,00,00,00,00,0008,0008,00,00,00,0008,0008,08,F0,BB,02,74,B0
2250,00,00,00,00,01,B0,00,0008,00,00,00,00,00,00,00,00,00,00,00,00,00,01,00,00,00,0000,00,00,0000,00,00,00,00,0008,0008,00,00,00,0008,0008,08,F0,BB,02,75,B0
2251,00,00,00,00,01,B0,00,0008,00,00,00,00,00,00,00,00,00,00,00,00,00,01,00,00,00,0000,00,00,0000,00,00,00,00,0008,0008,00,00,00,0008,0008,08,F0,BB,02,76,B0
2252,00,00,00,00,01,B0,00,0008,00,00,00,00,00,00,00,00,00,00,00,00,00,01,00,00,00,0000,00,00,0000,00,00,00,00,0008,0008,00,00,00,0008,0008,08,F0,BB,02,77,B0
2253,00,00,00,00,01,B0,00,0008,00,00,00,00,00,00,00,00,00,00,00,00,00,01,00,00,00,0000,00,00,0000,00,00,00,00,0008,0008,00,00,00,0008,0008,08,F0,BB,02,78,B0
2254,00,00,00,00,01,B0,00,0008,00,00,00,00,00,00,00,00,00,00,00,00,00,01,00,00,00,0000,00,00,0000,00,00,00,00,0008,0008,00,00,00,0008,0008,08,F0,BB,02,79,B0
2255,00,00,00,00,01,B0,00,0008,00,00,00,00,00,00,00,00,00,00,00,00,00,01,00,00,00,0000,00,00,0000,00,00,00,00,0008,0008,00,00,00,0008,0008,08,F0,BB,02,7A,B0
2256,00,00,00,00,01,B0,00,0008,00,00,00,00,00,00,00,00,00,00,00,00,00,01,00,00,00,0000,00,00,0000,00,00,00,00,0008,0008,00,00,00,0008,0008,08,F0,BB,02,7B,B0
2257,00,00,00,00,01,B0,00,0008,00,00,00,00,00,00,00,00,00,00,00,00,00,01,00,00,00,0000,00,00,0000,00,00,00,00,0008,0008,00,00,00,0008,0008,08,F0,BB,02,7C,B0
2258,00,00,00,00,01,B0,00,0008,00,00,00,00,00,00,00,00,00,00,00,00,00,01,00,00,00,0000,00,00,0000,00,00,00,00,0008,0008,00,00,00,0008,0008,08,F0,BB,02,7D,B0
2259,00,00,00,00,01,B0,00,0008,00,00,00,00,00,00,00,00,00,00,00,00,00,01,00,00,00,0000,00,00,0000,00,00,00,00,0008,0008,00,00,00,0008,0008,08,F0,BB,02,7E,B0
2260,00,00,00,00,01,B0,00,0008,00,00,00,00,00,00,00,00,00,00,00,00,00,01,00,00,00,0000,00,00,0000,00,00,00,00,0008,0008,00,00,00,0008,0008,08,F0,BB,02,7F,B0
2261,00,00,00,00,01,B0,00,0008,00,00,00,00,00,00,00,00,00,00,00,00,00,01,00,00,00,0000,00,00,0000,00,00,00,00,0008,0008,00,00,00,0008,0008,08,F0,BB,02,80,B0
2262,00,00,00,00,01,B0,00,0008,00,00,00,00,00,00,00,00,00,00,00,00,00,01,00,00,00,0000,00,00,0000,00,00,00,00,0008,0008,00,00,00,0008,0008,08,F0,BB,02,81,B0
2263,00,00,00,00,01,B0,00,0008,00,00,00,00,00,00,00,00,00,00,00,00,00,01,00,00,00,0000,00,00,0000,00,00,00,00,0008,0008,00,00,00,0008,0008,08,F0,BB,02,82,B0
2264,00,00,00,00,01,B0,00,0008,00,00,00,00,00,00,00,00,00,00,00,00,00,01,00,00,00,0000,00,00,0000,00,00,00,00,0008,0008,00,00,00,0008,0008,08,F0,BB,02,83,B0
2265,00,00,00,00,01,B0,00,0008,00,00,00,00,00,00,00,00,00,00,00,00,00,01,00,00,00,0000,00,00,0000,00,00,00,00,0008,0008,00,00,00,0008,0008,08,F0,BB,02,84,B0
2266,00,00,00,00,01,B0,00,0008,00,00,00,00,00,00,00,00,00,00,00,00,00,01,00,00,00,0000,00,00,0000,00,00,00,00,0008,0008,00,00,00,0008,0008,08,F0,BB,02,85,B0
2267,00,00,00,00,01,B0,00,0008,00,00,00,00,00,00,00,00,00,00,00,00,00,01,00,00,00,0000,00,00,0000,00,00,00,00,0008,0008,00,00,00,0008,0008,08,F0,BB,02,86,B0
2268,00,00,00,00,01,B0,00,0008,00,00,00,00,00,00,00,00,00,00,00,00,00,01,00,00,00,0000,00,00,0000,00,00,00,00,0008,0008,00,00,00,0008,0008,08,F0,BB,02,87,B0
2269,00,00,00,00,01,B0,00,0008,00,00,00,00,00,00,00,00,00,00,00,00,00,01,00,00,00,0000,00,00,0000,00,00,00,00,0008,0008,00,00,00,0008,0008,08,F0,BB,02,88,B0
2270,00,00,00,00,01,B0,00,0008,00,00,00,00,00,00,00,00,00,00,00,00,00,01,00,00,00,0000,00,00,0000,00,00,00,00,0008,0008,00,00,00,0008,0008,08,F0,BB,02,89,B0
2271,00,00,00,00,01,B0,00,0008,00,00,00,00,00,00,00,00,00,00,00,00,00,01,00,00,00,0000,00,00,0000,00,00,00,00,0008,0008,00,00,00,0008,0008,08,F0,BB,02,8A,B0
2272,00,00,00,00,01,B0,00,0008,00,00,00,00,00,00,00,00,00,00,00,00,00,01,00,00,00,0000,00,00,0000,00,00,00,00,0008,0008,00,00,00,0008,0008,08,F0,BB,02,8B,B0
2273,00,00,00,00,01,B0,00,0008,00,00,00,00,00,00,00,00,00,00,00,00,00,01,00,00,00,0000,00,00,0000,00,00,00,00,0008,0008,00,00,00,0008,0008,08,F0,BB,02,8C,B0
2274,00,00,00,00,01,B0,00,0008,00,00,00,00,00,00,00,00,00,00,00,00,00,01,00,00,00,0000,00,00,0000,00,00,00,00,0008,0008,00,00,00,0008,0008,08,F0,BB,02,8D,B0
2275,00,00,00,00,01,B0,00,0008,00,00,00,00,00,00,00,00,00,00,00,00,00,01,00,00,00,0000,00,00,0000,00,00,00,00,0008,0008,00,00,00,0008,0008,08,F0,BB,02,8E,B0
2276,00,00,00,00,01,B0,00,0008,00,00,00,00,00,00,00,00,00,00,00,00,00,01,00,00,00,0000,00,00,0000,00,00,00,00,0008,0008,00,00,00,0008,0008,08,F0,BB,02,8F,B0
2277,00,00,00,00,01,B0,00,0008,00,00,00,00,00,00,00,00,00,00,00,00,00,01,00,00,00,0000,00,00,0000,00,00,00,00,0008,0008,00,00,00,0008,0008,08,F0,BB,02,90,B0
2278,00,00,00,00,01,B0,00,0008,00,00,00,00,00,00,00,00,00,00,00,00,00,01,00,00,00,0000,00,00,0000,00,00,00,00,0008,0008,00,00,00,0008,0008,08,F0,BB,02,91,B0
2279,00,00,00,00,01,B0,00,0008,00,00,00,00,00,00,00,00,00,00,00,00,00,01,00,00,00,0000,00,00,0000,00,00,00,00,0008,0008,00,00,00,0008,0008,08,F0,BB,02,92,B0
2280,00,00,00,00,01,B0,00,0008,00,00,00,00,00,00,00,00,00,00,00,00,00,01,00,00,00,0000,00,00,0000,00,00,00,00,0008,0008,00,00,00,0008,0008,08,F0,BB,02,93,B0
2281,00,00,00,00,01,B0,00,0008,00,00,00,00,00,00,00,00,00,00,00,00,00,01,00,00,00,0000,00,00,0000,00,00,00,00,0008,0008,00,00,00,0008,0008,08,F0,BB,02,94,B0
2282,00,00,00,00,01,B0,00,0008,00,00,00,00,00,00,00,00,00,00,00,00,00,01,00,00,00,0000,00,00,0000,00,00,00,00,0008,0008,00,00,00,0008,0008,08,F0,BB,02,95,B0
2283,00,00,00,00,01,B0,00,0008,00,00,00,00,00,00,00,00,00,00,00,00,00,01,00,00,00,0000,00,00,0000,00,00,00,00,0008,0008,00,00,00,0008,0008,08,F0,BB,02,96,B0
2284,00,00,00,00,01,B0,00,0008,00,00,00,00,00,00,00,00,00,00,00,00,00,01,00,00,00,0000,00,00,0000,00,00,00,00,0008,0008,00,00,00,0008,0008,08,F0,BB,02,97,B0
2285,00,00,00,00,01,B0,00,0008,00,00,00,00,00,00,00,00,00,00,00,00,00,01,00,00,00,0000,00,00,0000,00,00,00,00,0008,0008,00,00,00,0008,0008,08,F0,BB,02,98,B0
2286,00,00,00,00,01,B0,00,0008,00,00,00,00,00,00,00,00,00,00,00,00,00,01,00,00,00,0000,00,00,0000,00,00,00,00,0008,0008,00,00,00,0008,0008,08,F0,BB,02,99,B0
2287,00,00,00,00,01,B0,00,0008,00,00,00,00,00,00,00,00,00,00,00,00,00,01,00,00,00,0000,00,00,0000,00,00,00,00,0008,0008,00,00,00,0008,0008,08,F0,BB,02,9A,B0
2288,00,00,00,00,01,B0,00,0008,00,00,00,00,00,00,00,00,00,00,00,00,00,01,00,00,00,0000,00,00,0000,00,00,00,00,0008,0008,00,00,00,0008,0008,08,F0,BB,02,9B,B0
2289,00,00,00,00,01,B0,00,0008,00,00,00,00,00,00,00,00,00,00,00,00,00,01,00,00,00,0000,00,00,0000,00,00,00,00,0008,0008,00,00,00,0008,0008,08,F0,BB,02,9C,B0
2290,00,00,00,00,01,B0,00,0008,00,00,00,00,00,00,00,00,00,00,00,00,00,01,00,00,00,0000,00,00,0000,00,00,00,00,0008,0008,00,00,00,0008,0008,08,F0,BB,02,9D,B0
2291,00,00,00,00,01,B0,00,0008,00,00,00,00,00,00,00,00,00,00,00,00,00,01,00,00,00,0000,00,00,0000,00,00,00,00,0008,0008,00,00,00,0008,0008,08,F0,BB,02,9E,B0
2292,00,00,00,00,01,B0,00,0008,00,00,00,00,00,00,00,00,00,00,00,00,00,01,00,00,00,0000,00,00,0000,00,00,00,00,0008,0008,00,00,00,0008,0008,08,F0,BB,02,9F,B0
2293,00,00,00,00,01,B0,00,0008,00,00,00,00,00,00,00,00,00,00,00,00,00,01,00,00,00,0000,00,00,0000,00,00,00,00,0008,0008,00,00,00,0008,0008,08,F0,BB,02,A0,B0
2294,00,00,00,00,01,B0,00,0008,00,00,00,00,00,00,00,00,00,00,00,00,00,01,00,00,00,0000,00,00,0000,00,00,00,00,0008,0008,00,00,00,0008,0008,08,F0,BB,02,A1,B0
2295,00,00,00,00,01,B0,00,0008,00,00,00,00,00,00,00,00,00,00,00,00,00,01,00,00,00,0000,00,00,0000,00,00,00,00,0008,0008,00,00,00,0008,0008,08,F0,BB,02,A2,B0
2296,00,00,00,00,01,B0,00,0008,00,00,00,00,00,00,00,00,00,00,00,00,00,01,00,00,00,0000,00,00,0000,00,00,00,00,0008,0008,00,00,00,0008,0008,08,F0,BB,02,A3,B0
2297,00,00,00,00,01,B0,00,0008,00,00,00,00,00,00,00,00,00,00,00,00,00,01,00,00,00,0000,00,00,0000,00,00,00,00,0008,0008,00,00,00,0008,0008,08,F0,BB,02,A4,B0
2298,00,00,00,00,01,B0,00,0008,00,00,00,00,00,00,00,00,00,00,00,00,00,01,00,00,00,0000,00,00,0000,00,00,00,00,0008,0008,00,00,00,0008,0008,08,F0,BB,02,A5,B0
2299,00,00,00,00,01,B0,00,0008,00,00,00,00,00,00,00,00,00,00,00,00,00,01,00,00,00,0000,00,00,0000,00,00,00,00,0008,0008,00,00,00,0008,0008,08,F0,BB,02,A6,B0
2300,00,00,00,00,01,B0,00,0008,00,00,00,00,00,00,00,00,00,00,00,00,00,01,00,00,00,0000,00,00,0000,00,00,00,00,0008,0008,00,00,00,0008,0008,08,F0,BB,02,A7,B0
2301,00,00,00,00,01,B0,00,0008,00,00,00,00,00,00,00,00,00,00,00,00,00,01,00,00,00,0000,00,00,0000,00,00,00,00,0008,0008,00,00,00,0008,0008,08,F0,BB,02,A8,B0
2302,00,00,00,00,01,B0,00,0008,00,00,00,00,00,00,00,00,00,00,00,00,00,01,00,00,00,0000,00,00,0000,00,00,00,00,0008,0008,00,00,00,0008,0008,08,F0,BB,02,A9,B0
2303,00,00,00,00,01,B0,00,0008,00,00,00,00,00,00,00,00,00,00,00,00,00,01,00,00,00,0000,00,00,0000,00,00,00,00,0008,0008,00,00,00,0008,0008,08,F0,BB,02,AA,B0
2304,00,00,00,00,01,B0,00,0008,00,00,00,00,00,00,00,00,00,00,00,00,00,01,00,00,00,0000,00,00,0000,00,00,00,00,0008,0008,00,00,00,0008,0008,08,F0,BB,02,AB,B0
2305,00,00,00,00,01,B0,00,0008,00,00,00,00,00,00,00,00,00,00,00,00,00,01,00,00,00,0000,00,00,0000,00,00,00,00,0008,0008,00,00,00,0008,0008,08,F0,BB,02,AC,B0
2306,00,00,00,00,01,B0,00,0008,00,00,00,00,00,00,00,00,00,00,00,00,00,01,00,00,00,0000,00,00,0000,00,00,00,00,0008,0008,00,00,00,0008,0008,08,F0,BB,02,AD,B0
2307,00,00,00,00,01,B0,00,0008,00,00,00,00,00,00,00,00,00,00,00,00,00,01,00,00,00,0000,00,00,0000,00,00,00,00,0008,0008,00,00,00,0008,0008,08,F0,BB,02,AE,B0
2308,00,00,00,00,01,B0,00,0008,00,00,00,00,00,00,00,00,00,00,00,00,00,01,00,00,00,0000,00,00,0000,00,00,00,00,0008,0008,00,00,00,0008,0008,08,F0,BB,02,AF,B0
2309,00,00,00,00,01,B0,00,0008,00,00,00,00,00,00,00,00,00,00,00,00,00,01,00,00,00,0000,00,00,0000,00,00,00,00,0008,0008,00,00,00,0008,0008,08,F0,BB,02,B0,B0
2310,00,00,00,00,01,B0,00,0008,00,00,00,00,00,00,00,00,00,00,00,00,00,01,00,00,00,0000,00,00,0000,00,00,00,00,0008,0008,00,00,00,0008,0008,08,F0,BB,02,B1,B0
2311,00,00,00,00,01,B0,00,0008,00,00,00,00,00,00,00,00,00,00,00,00,00,01,00,00,00,0000,00,00,0000,00,00,00,00,0008,0008,00,00,00,0008,0008,08,F0,BB,02,B2,B0
2312,00,00,00,00,01,B0,00,0008,00,00,00,00,00,00,00,00,00,00,00,00,00,01,00,00,00,0000,00,00,0000,00,00,00,00,0008,0008,00,00,00,0008,0008,08,F0,BB,02,B3,B0
2313,00,00,00,00,01,B0,00,0008,00,00,00,00,00,00,00,00,00,00,00,00,00,01,00,00,00,0000,00,00,0000,00,00,00,00,0008,0008,00,00,00,0008,0008,08,F0,BB,02,B4,B0
2314,00,00,00,00,01,B0,00,0008,00,00,00,00,00,00,00,00,00,00,00,00,00,01,00,00,00,0000,00,00,0000,00,00,00,00,0008,0008,00,00,00,0008,0008,08,F0,BB,02,B5,B0
2315,00,00,00,00,01,B0,00,0008,00,00,00,00,00,00,00,00,00,00,00,00,00,01,00,00,00,0000,00,00,0000,00,00,00,00,0008,0008,00,00,00,0008,0008,08,F0,BB,02,B6,B0
2316,00,00,00,00,01,B0,00,0008,00,00,00,00,00,00,00,00,00,00,00,00,00,01,00,00,00,0000,00,00,0000,00,00,00,00,0008,0008,00,00,00,0008,0008,08,F0,BB,02,B7,B0
2317,00,00,00,00,01,B0,00,0008,00,00,00,00,00,00,00,00,00,00,00,00,00,01,00,00,00,0000,00,00,0000,00,00,00,00,0008,0008,00,00,00,0008,0008,08,F0,BB,02,B8,B0
2318,00,00,00,00,01,B0,00,0008,00,00,00,00,00,00,00,00,00,00,00,00,00,01,00,00,00,0000,00,00,0000,00,00,00,00,0008,0008,00,00,00,0008,0008,08,F0,BB,02,B9,B0
2319,00,00,00,00,01,B0,00,0008,00,00,00,00,00,00,00,00,00,00,00,00,00,01,00,00,00,0000,00,00,0000,00,00,00,00,0008,0008,00,00,00,0008,0008,08,F0,BB,02,BA,B0
2320,00,00,00,00,01,B0,00,0008,00,00,00,00,00,00,00,00,00,00,00,00,00,01,00,00,00,0000,00,00,0000,00,00,00,00,0008,0008,00,00,00,0008,0008,08,F0,BB,02,BB,B0
2321,00,00,00,00,01,B0,00,0008,00,00,00,00,00,00,00,00,00,00,00,00,00,01,00,00,00,0000,00,00,0000,00,00,00,00,0008,0008,00,00,00,0008,0008,08,F0,BB,02,BC,B0
2322,00,00,00,00,01,B0,00,0008,00,00,00,00,00,00,00,00,00,00,00,00,00,01,00,00,00,0000,00,00,0000,00,00,00,00,0008,0008,00,00,00,0008,0008,08,F0,BB,02,BD,B0
2323,00,00,00,00,01,B0,00,0008,00,00,00,00,00,00,00,00,00,00,00,00,00,01,00,00,00,0000,00,00,0000,00,00,00,00,0008,0008,00,00,00,0008,0008,08,F0,BB,02,BE,B0
2324,00,00,00,00,01,B0,00,0008,00,00,00,00,00,00,00,00,00,00,00,00,00,01,00,00,00,0000,00,00,0000,00,00,00,00,0008,0008,00,00,00,0008,0008,08,F0,BB,02,BF,B0
2325,00,00,00,00,01,B0,00,0008,00,00,00,00,00,00,00,00,00,00,00,00,00,01,00,00,00,0000,00,00,0000,00,00,00,00,0008,0008,00,00,00,0008,0008,08,F0,BB,02,C0,B0
2326,00,00,00,00,01,B0,00,0008,00,00,00,00,00,00,00,00,00,00,00,00,00,01,00,00,00,0000,00,00,0000,00,00,00,00,0008,0008,00,00,00,0008,0008,08,F0,BB,02,C1,B0
2327,00,00,00,00,01,B0,00,0008,00,00,00,00,00,00,00,00,00,00,00,00,00,01,00,00,00,0000,00,00,0000,00,00,00,00,0008,0008,00,00,00,0008,0008,08,F0,BB,02,C2,B0
2328,00,00,00,00,01,B0,00,0008,00,00,00,00,00,00,00,00,00,00,00,00,00,01,00,00,00,0000,00,00,0000,00,00,00,00,0008,0008,00,00,00,0008,0008,08,F0,BB,02,C3,B0
2329,00,00,00,00,01,B0,00,0008,00,00,00,00,00,00,00,00,00,00,00,00,00,01,00,00,00,0000,00,00,0000,00,00,00,00,0008,0008,00,00,00,0008,0008,08,F0,BB,02,C4,B0
2330,00,00,00,00,01,B0,00,0008,00,00,00,00,00,00,00,00,00,00,00,00,00,01,00,00,00,0000,00,00,0000,00,00,00,00,0008,0008,00,00,00,0008,0008,08,F0,BB,02,C5,B0
2331,00,00,00,00,01,B0,00,0008,00,00,00,00,00,00,00,00,00,00,00,00,00,01,00,00,00,0000,00,00,0000,00,00,00,00,0008,0008,00,00,00,0008,0008,08,F0,BB,02,C6,B0
2332,00,00,00,00,01,B0,00,0008,00,00,00,00,00,00,00,00,00,00,00,00,00,01,00,00,00,0000,00,00,0000,00,00,00,00,0008,0008,00,00,00,0008,0008,08,F0,BB,02,C7,B0
2333,00,00,00,00,01,B0,00,0008,00,00,00,00,00,00,00,00,00,00,00,00,00,01,00,00,00,0000,00,00,0000,00,00,00,00,0008,0008,00,00,00,0008,0008,08,F0,BB,02,C8,B0
2334,00,00,00,00,01,B0,00,0008,00,00,00,00,00,00,00,00,00,00,00,00,00,01,00,00,00,0000,00,00,0000,00,00,00,00,0008,0008,00,00,00,0008,0008,08,F0,BB,02,C9,B0
2335,00,00,00,00,01,B0,00,0008,00,00,00,00,00,00,00,00,00,00,00,00,00,01,00,00,00,0000,00,00,0000,00,00,00,00,0008,0008,00,00,00,0008,0008,08,F0,BB,02,CA,B0
2336,00,00,00,00,01,B0,00,0008,00,00,00,00,00,00,00,00,00,00,00,00,00,01,00,00,00,0000,00,00,0000,00,00,00,00,0008,0008,00,00,00,0008,0008,08,F0,BB,02,CB,B0
2337,00,00,00,00,01,B0,00,0008,00,00,00,00,00,00,00,00,00,00,00,00,00,01,00,00,00,0000,00,00,0000,00,00,00,00,0008,0008,00,00,00,0008,0008,08,F0,BB,02,CC,B0
2338,00,00,00,00,01,B0,00,0008,00,00,00,00,00,00,00,00,00,00,00,00,00,01,00,00,00,0000,00,00,0000,00,00,00,00,0008,0008,00,00,00,0008,0008,08,F0,BB,02,CD,B0
2339,00,00,00,00,01,B0,00,0008,00,00,00,00,00,00,00,00,00,00,00,00,00,01,00,00,00,0000,00,00,0000,00,00,00,00,0008,0008,00,00,00,0008,0008,08,F0,BB,02,CE,B0
2340,00,00,00,00,01,B0,00,0008,00,00,00,00,00,00,00,00,00,00,00,00,00,01,00,00,00,0000,00,00,0000,00,00,00,00,0008,0008,00,00,00,0008,0008,08,F0,BB,02,CF,B0
2341,00,00,00,00,01,B0,00,0008,00,00,00,00,00,00,00,00,00,00,00,00,00,01,00,00,00,0000,00,00,0000,00,00,00,00,0008,0008,00,00,00,0008,0008,08,F0,BB,02,D0,B0
2342,00,00,00,00,01,B0,00,0008,00,00,00,00,00,00,00,00,00,00,00,00,00,01,00,00,00,0000,00,00,0000,00,00,00,00,0008,0008,00,00,00,0008,0008,08,F0,BB,02,D1,B0
2343,00,00,00,00,01,B0,00,0008,00,00,00,00,00,00,00,00,00,00,00,00,00,01,00,00,00,0000,00,00,0000,00,00,00,00,0008,0008,00,00,00,0008,0008,08,F0,BB,02,D2,B0
2344,00,00,00,00,01,B0,00,0008,00,00,00,00,00,00,00,00,00,00,00,00,00,01,00,00,00,0000,00,00,0000,00,00,00,00,0008,0008,00,00,00,0008,0008,08,F0,BB,02,D3,B0
2345,00,00,00,00,01,B0,00,0008,00,00,00,00,00,00,00,00,00,00,00,00,00,01,00,00,00,0000,00,00,0000,00,00,00,00,0008,0008,00,00,00,0008,0008,08,F0,BB,02,D4,B0
2346,00,00,00,00,01,B0,00,0008,00,00,00,00,00,00,00,00,00,00,00,00,00,01,00,00,00,0000,00,00,0000,00,00,00,00,0008,0008,00,00,00,0008,0008,08,F0,BB,02,D5,B0
2347,00,00,00,00,01,B0,00,0008,00,00,00,00,00,00,00,00,00,00,00,00,00,01,00,00,00,0000,00,00,0000,00,00,00,00,0008,0008,00,00,00,0008,0008,08,F0,BB,02,D6,B0
2348,00,00,00,00,01,B0,00,0008,00,00,00,00,00,00,00,00,00,00,00,00,00,01,00,00,00,0000,00,00,0000,00,00,00,00,0008,0008,00,00,00,0008,0008,08,F0,BB,02,D7,B0
2349,00,00,00,00,01,B0,00,0008,00,00,00,00,00,00,00,00,00,00,00,00,00,01,00,00,00,0000,00,00,0000,00,00,00,00,0008,0008,00,00,00,0008,0008,08,F0,BB,02,D8,B0
2350,00,00,00,00,01,B0,00,0008,00,00,00,00,00,00,00,00,00,00,00,00,00,01,00,00,00,0000,00,00,0000,00,00,00,00,0008,0008,00,00,00,0008,0008,08,F0,BB,02,D9,B0
2351,00,00,00,00,01,B0,00,0008,00,00,00,00,00,00,00,00,00,00,00,00,00,01,00,00,00,0000,00,00,0000,00,00,00,00,0008,0008,00,00,00,0008,0008,08,F0,BB,02,DA,B0
2352,00,00,00,00,01,B0,00,0008,00,00,00,00,00,00,00,00,00,00,00,00,00,01,00,00,00,0000,00,00,0000,00,00,00,00,0008,0008,00,00,00,0008,0008,08,F0,BB,02,DB,B0
2353,00,00,00,00,01,B0,00,0008,00,00,00,00,00,00,00,00,00,00,00,00,00,01,00,00,00,0000,00,00,0000,00,00,00,00,0008,0008,00,00,00,0008,0008,08,F0,BB,02,DC,B0
2354,00,00,00,00,01,B0,00,0008,00,00,00,00,00,00,00,00,00,00,00,00,00,01,00,00,00,0000,00,00,0000,00,00,00,00,0008,0008,00,00,00,0008,0008,08,F0,BB,02,DD,B0
2355,00,00,00,00,01,B0,00,0008,00,00,00,00,00,00,00,00,00,00,00,00,00,01,00,00,00,0000,00,00,0000,00,00,00,00,0008,0008,00,00,00,0008,0008,08,F0,BB,02,DE,B0
2356,00,00,00,00,01,B0,00,0008,00,00,00,00,00,00,00,00,00,00,00,00,00,01,00,00,00,0000,00,00,0000,00,00,00,00,0008,0008,00,00,00,0008,0008,08,F0,BB,02,DF,B0
2357,00,00,00,00,01,B0,00,0008,00,00,00,00,00,00,00,00,00,00,00,00,00,01,00,00,00,0000,00,00,0000,00,00,00,00,0008,0008,00,00,00,0008,0008,08,F0,BB,02,E0,B0
2358,00,00,00,00,01,B0,00,0008,00,00,00,00,00,00,00,00,00,00,00,00,00,01,00,00,00,0000,00,00,0000,00,00,00,00,0008,0008,00,00,00,0008,0008,08,F0,BB,02,E1,B0
2359,00,00,00,00,01,B0,00,0008,00,00,00,00,00,00,00,00,00,00,00,00,00,01,00,00,00,0000,00,00,0000,00,00,00,00,0008,0008,00,00,00,0008,0008,08,F0,BB,02,E2,B0
2360,00,00,00,00,01,B0,00,0008,00,00,00,00,00,00,00,00,00,00,00,00,00,01,00,00,00,0000,00,00,0000,00,00,00,00,0008,0008,00,00,00,0008,0008,08,F0,BB,02,E3,B0
2361,00,00,00,00,01,B0,00,0008,00,00,00,00,00,00,00,00,00,00,00,00,00,01,00,00,00,0000,00,00,0000,00,00,00,00,0008,0008,00,00,00,0008,0008,08,F0,BB,02,E4,B0
2362,00,00,00,00,01,B0,00,0008,00,00,00,00,00,00,00,00,00,00,00,00,00,01,00,00,00,0000,00,00,0000,00,00,00,00,0008,0008,00,00,00,0008,0008,08,F0,BB,02,E5,B0
2363,00,00,00,00,01,B0,00,0008,00,00,00,00,00,00,00,00,00,00,00,00,00,01,00,00,00,0000,00,00,0000,00,00,00,00,0008,0008,00,00,00,0008,0008,08,F0,BB,02,E6,B0
2364,00,00,00,00,01,B0,00,0008,00,00,00,00,00,00,00,00,00,00,00,00,00,01,00,00,00,0000,00,00,0000,00,00,00,00,0008,0008,00,00,00,0008,0008,08,F0,BB,02,E7,B0
2365,00,00,00,00,01,B0,00,0008,00,00,00,00,00,00,00,00,00,00,00,00,00,01,00,00,00,0000,00,00,0000,00,00,00,00,0008,0008,00,00,00,0008,0008,08,F0,BB,02,E8,B0
2366,00,00,00,00,01,B0,00,0008,00,00,00,00,00,00,00,00,00,00,00,00,00,01,00,00,00,0000,00,00,0000,00,00,00,00,0008,0008,00,00,00,0008,0008,08,F0,BB,02,E9,B0
2367,00,00,00,00,01,B0,00,0008,00,00,00,00,00,00,00,00,00,00,00,00,00,01,00,00,00,0000,00,00,0000,00,00,00,00,0008,0008,00,00,00,0008,0008,08,F0,BB,02,EA,B0
2368,00,00,00,00,01,B0,00,0008,00,00,00,00,00,00,00,00,00,00,00,00,00,01,00,00,00,0000,00,00,0000,00,00,00,00,0008,0008,00,00,00,0008,0008,08,F0,BB,02,EB,B0
2369,00,00,00,00,01,B0,00,0008,00,00,00,00,00,00,00,00,00,00,00,00,00,01,00,00,00,0000,00,00,0000,00,00,00,00,0008,0008,00,00,00,0008,0008,08,F0,BB,02,EC,B0
2370,00,00,00,00,01,B0,00,0008,00,00,00,00,00,00,00,00,00,00,00,00,00,01,00,00,00,0000,00,00,0000,00,00,00,00,0008,0008,00,00,00,0008,0008,08,F0,BB,02,ED,B0
2371,00,00,00,00,01,B0,00,0008,00,00,00,00,00,00,00,00,00,00,00,00,00,01,00,00,00,0000,00,00,0000,00,00,00,00,0008,0008,00,00,00,0008,0008,08,F0,BB,02,EE,B0
2372,00,00,00,00,01,B0,00,0008,00,00,00,00,00,00,00,00,00,00,00,00,00,01,00,00,00,0000,00,00,0000,00,00,00,00,0008,0008,00,00,00,0008,0008,08,F0,BB,02,EF,B0
2373,00,00,00,00,01,B0,00,0008,00,00,00,00,00,00,00,00,00,00,00,00,00,01,00,00,00,0000,00,00,0000,00,00,00,00,0008,0008,00,00,00,0008,0008,08,F0,BB,02,F0,B0
2374,00,00,00,00,01,B0,00,0008,00,00,00,00,00,00,00,00,00,00,00,00,00,01,00,00,00,0000,00,00,0000,00,00,00,00,0008,0008,00,00,00,0008,0008,08,F0,BB,02,F1,B0
2375,00,00,00,00,01,B0,00,0008,00,00,00,00,00,00,00,00,00,00,00,00,00,01,00,00,00,0000,00,00,0000,00,00,00,00,0008,0008,00,00,00,0008,0008,08,F0,BB,02,F2,B0
2376,00,00,00,00,01,B0,00,0008,00,00,00,00,00,00,00,00,00,00,00,00,00,01,00,00,00,0000,00,00,0000,00,00,00,00,0008,0008,00,00,00,0008,0008,08,F0,BB,02,F3,B0
2377,00,00,00,00,01,B0,00,0008,00,00,00,00,00,00,00,00,00,00,00,00,00,01,00,00,00,0000,00,00,0000,00,00,00,00,0008,0008,00,00,00,0008,0008,08,F0,BB,02,F4,B0
2378,00,00,00,00,01,B0,00,0008,00,00,00,00,00,00,00,00,00,00,00,00,00,01,00,00,00,0000,00,00,0000,00,00,00,00,0008,0008,00,00,00,0008,0008,08,F0,BB,02,F5,B0
2379,00,00,00,00,01,B0,00,0008,00,00,00,00,00,00,00,00,00,00,00,00,00,01,00,00,00,0000,00,00,0000,00,00,00,00,0008,0008,00,00,00,0008,0008,08,F0,BB,02,F6,B0
2380,00,00,00,00,01,B0,00,0008,00,00,00,00,00,00,00,00,00,00,00,00,00,01,00,00,00,0000,00,00,0000,00,00,00,00,0008,0008,00,00,00,0008,0008,08,F0,BB,02,F7,B0
2381,00,00,00,00,01,B0,00,0008,00,00,00,00,00,00,00,00,00,00,00,00,00,01,00,00,00,0000,00,00,0000,00,00,00,00,0008,0008,00,00,00,0008,0008,08,F0,BB,02,F8,B0
2382,00,00,00,00,01,B0,00,0008,00,00,00,00,00,00,00,00,00,00,00,00,00,01,00,00,00,0000,00,00,0000,00,00,00,00,0008,0008,00,00,00,0008,0008,08,F0,BB,02,F9,B0
2383,00,00,00,00,01,B0,00,0008,00,00,00,00,00,00,00,00,00,00,00,00,00,01,00,00,00,0000,00,00,0000,00,00,00,00,0008,0008,00,00,00,0008,0008,08,F0,BB,02,FA,B0
2384,00,00,00,00,01,B0,00,0008,00,00,00,00,00,00,00,00,00,00,00,00,00,01,00,00,00,0000,00,00,0000,00,00,00,00,0008,0008,00,00,00,0008,0008,08,F0,BB,02,FB,B0
2385,00,00,00,00,01,B0,00,0008,00,00,00,00,00,00,00,00,00,00,00,00,00,01,00,00,00,0000,00,00,0000,00,00,00,00,0008,0008,00,00,00,0008,0008,08,F0,BB,02,FC,B0
2386,00,00,00,00,01,B0,00,0008,00,00,00,00,00,00,00,00,00,00,00,00,00,01,00,00,00,0000,00,00,0000,00,00,00,00,0008,0008,00,00,00,0008,0008,08,F0,BB,02,FD,B0
2387,00,00,00,00,01,B0,00,0008,00,00,00,00,00,00,00,00,00,00,00,00,00,01,00,00,00,0000,00,00,0000,00,00,00,00,0008,0008,00,00,00,0008,0008,08,F0,BB,02,FE,B0
2388,00,00,00,00,01,B0,00,0008,00,00,00,00,00,00,00,00,00,00,00,00,00,01,00,00,00,0000,00,00,0000,00,00,00,00,0008,0008,00,00,00,0008,0008,08,F0,BB,02,FF,B0
2389,00,00,00,00,01,B0,00,0008,00,00,00,00,00,00,00,00,00,00,00,00,00,01,00,00,00,0000,00,00,0000,00,00,00,00,0008,0008,00,00,00,0008,0008,08,F0,BB,02,00,B0
2390,00,00,00,00,01,B0,00,0008,00,00,00,00,00,00,00,00,00,00,00,00,00,01,00,00,00,0000,00,00,0000,00,00,00,00,0008,0008,00,00,00,0008,0008,08,F0,BB,02,01,B0
2391,00,00,00,00,01,B0,00,0008,00,00,00,00,00,00,00,00,00,00,00,00,00,01,00,00,00,0000,00,00,0000,00,00,00,00,0008,0008,00,00,00,0008,0008,08,F0,BB,02,02,B0
2392,00,00,00,00,01,B0,00,0008,00,00,00,00,00,00,00,00,00,00,00,00,00,01,00,00,00,0000,00,00,0000,00,00,00,00,0008,0008,00,00,00,0008,0008,08,F0,BB,02,03,B0
2393,00,00,00,00,01,B0,00,0008,00,00,00,00,00,00,00,00,00,00,00,00,00,01,00,00,00,0000,00,00,0000,00,00,00,00,0008,0008,00,00,00,0008,0008,08,F0,BB,02,04,B0
2394,00,00,00,00,01,B0,00,0008,00,00,00,00,00,00,00,00,00,00,00,00,00,01,00,00,00,0000,00,00,0000,00,00,00,00,0008,0008,00,00,00,0008,0008,08,F0,BB,02,05,B0
2395,00,00,00,00,01,B0,00,0008,00,00,00,00,00,00,00,00,00,00,00,00,00,01,00,00,00,0000,00,00,0000,00,00,00,00,0008,0008,00,00,00,0008,0008,08,F0,BB,02,06,B0
2396,00,00,00,00,01,B0,00,0008,00,00,00,00,00,00,00,00,00,00,00,00,00,01,00,00,00,0000,00,00,0000,00,00,00,00,0008,0008,00,00,00,0008,0008,08,F0,BB,02,07,B0
2397,00,00,00,00,01,B0,00,0008,00,00,00,00,00,00,00,00,00,00,00,00,00,01,00,00,00,0000,00,00,0000,00,00,00,00,0008,0008,00,00,00,0008,0008,08,F0,BB,02,08,B0
2398,00,00,00,00,01,B0,00,0008,00,00,00,00,00,00,00,00,00,00,00,00,00,01,00,00,00,0000,00,00,0000,00,00,00,00,0008,0008,00,00,00,0008,0008,08,F0,BB,02,09,B0
2399,00,00,00,00,01,B0,00,0008,00,00,00,00,00,00,00,00,00,00,00,00,00,01,00,00,00,0000,00,00,0000,00,00,00,00,0008,0008,00,00,00,0008,0008,08,F0,BB,02,0A,B0
2400,00,00,00,00,01,B0,00,0008,00,00,00,00,00,00,00,00,00,00,00,00,00,01,00,00,00,0000,00,00,0000,00,00,00,00,0008,0008,00,00,00,0008,0008,08,F0,BB,02,0B,B0
2401,00,00,00,00,01,B0,00,0008,00,00,00,00,00,00,00,00,00,00,00,00,00,01,00,00,00,0000,00,00,0000,00,00,00,00,0008,0008,00,00,00,0008,0008,08,F0,BB,02,0C,B0
2402,00,00,00,00,01,B0,00,0008,00,00,00,00,00,00,00,00,00,00,00,00,00,01,00,00,00,0000,00,00,0000,00,00,00,00,0008,0008,00,00,00,0008,0008,08,F0,BB,02,0D,B0
2403,00,00,00,00,01,B0,00,0008,00,00,00,00,00,00,00,00,00,00,00,00,00,01,00,00,00,0000,00,00,0000,00,00,00,00,0008,0008,00,00,00,0008,0008,08,F0,BB,02,0E,B0
2404,00,00,00,00,01,B0,00,0008,00,00,00,00,00,00,00,00,00,00,00,00,00,01,00,00,00,0000,00,00,0000,00,00,00,00,0008,0008,00,00,00,0008,0008,08,F0,BB,02,0F,B0
2405,00,00,00,00,01,B0,00,0008,00,00,00,00,00,00,00,00,00,00,00,00,00,01,00,00,00,0000,00,00,0000,00,00,00,00,0008,0008,00,00,00,0008,0008,08,F0,BB,02,10,B0
2406,00,00,00,00,01,B0,00,0008,00,00,00,00,00,00,00,00,00,00,00,00,00,01,00,00,00,0000,00,00,0000,00,00,00,00,0008,0008,00,00,00,0008,0008,08,F0,BB,02,11,B0
2407,00,00,00,00,01,B0,00,0008,00,00,00,00,00,00,00,00,00,00,00,00,00,01,00,00,00,0000,00,00,0000,00,00,00,00,0008,0008,00,00,00,0008,0008,08,F0,BB,02,12,B0
2408,00,00,00,00,01,B0,00,0008,00,00,00,00,00,00,00,00,00,00,00,00,00,01,00,00,00,0000,00,00,0000,00,00,00,00,0008,0008,00,00,00,0008,0008,08,F0,BB,02,13,B0
2409,00,00,00,00,01,B0,00,0008,00,00,00,00,00,00,00,00,00,00,00,00,00,01,00,00,00,0000,00,00,0000,00,00,00,00,0008,0008,00,00,00,0008,0008,08,F0,BB,02,14,B0
2410,00,00,00,00,01,B0,00,0008,00,00,00,00,00,00,00,00,00,00,00,00,00,01,00,00,00,0000,00,00,0000,00,00,00,00,0008,0008,00,00,00,0008,0008,08,F0,BB,02,15,B0
2411,00,00,00,00,01,B0,00,0008,00,00,00,00,00,00,00,00,00,00,00,00,00,01,00,00,00,0000,00,00,0000,00,00,00,00,0008,0008,00,00,00,0008,0008,08,F0,BB,02,16,B0
2412,00,00,00,00,01,B0,00,0008,00,00,00,00,00,00,00,00,00,00,00,00,00,01,00,00,00,0000,00,00,0000,00,00,00,00,0008,0008,00,00,00,0008,0008,08,F0,BB,02,17,B0
2413,00,00,00,00,01,B0,00,0008,00,00,00,00,00,00,00,00,00,00,00,00,00,01,00,00,00,0000,00,00,0000,00,00,00,00,0008,0008,00,00,00,0008,0008,08,F0,BB,02,18,B0
2414,00,00,00,00,01,B0,00,0008,00,00,00,00,00,00,00,00,00,00,00,00,00,01,00,00,00,0000,00,00,0000,00,00,00,00,0008,0008,00,00,00,0008,0008,08,F0,BB,02,19,B0
2415,00,00,00,00,01,B0,00,0008,00,00,00,00,00,00,00,00,00,00,00,00,00,01,00,00,00,0000,00,00,0000,00,00,00,00,0008,0008,00,00,00,0008,0008,08,F0,BB,02,1A,B0
2416,00,00,00,00,01,B0,00,0008,00,00,00,00,00,00,00,00,00,00,00,00,00,01,00,00,00,0000,00,00,0000,00,00,00,00,0008,0008,00,00,00,0008,0008,08,F0,BB,02,1B,B0
2417,00,00,00,00,01,B0,00,0008,00,00,00,00,00,00,00,00,00,00,00,00,00,01,00,00,00,0000,00,00,0000,00,00,00,00,0008,0008,00,00,00,0008,0008,08,F0,BB,02,1C,B0
2418,00,00,00,00,01,B0,00,0008,00,00,00,00,00,00,00,00,00,00,00,00,00,01,00,00,00,0000,00,00,0000,00,00,00,00,0008,0008,00,00,00,0008,0008,08,F0,BB,02,1D,B0
2419,00,00,00,00,01,B0,00,0008,00,00,00,00,00,00,00,00,00,00,00,00,00,01,00,00,00,0000,00,00,0000,00,00,00,00,0008,0008,00,00,00,0008,0008,08,F0,BB,02,1E,B0
2420,00,00,00,00,01,B0,00,0008,00,00,00,00,00,00,00,00,00,00,00,00,00,01,00,00,00,0000,00,00,0000,00,00,00,00,0008,0008,00,00,00,0008,0008,08,F0,BB,02,1F,B0
2421,00,00,00,00,01,B0,00,0008,00,00,00,00,00,00,00,00,00,00,00,00,00,01,00,00,00,0000,00,00,0000,00,00,00,00,0008,0008,00,00,00,0008,0008,08,F0,BB,02,20,B0
2422,00,00,00,00,01,B0,00,0008,00,00,00,00,00,00,00,00,00,00,00,00,00,01,00,00,00,0000,00,00,0000,00,00,00,00,0008,0008,00,00,00,0008,0008,08,F0,BB,02,21,B0
2423,00,00,00,00,01,B0,00,0008,00,00,00,00,00,00,00,00,00,00,00,00,00,01,00,00,00,0000,00,00,0000,00,00,00,00,0008,0008,00,00,00,0008,0008,08,F0,BB,02,22,B0
2424,00,00,00,00,01,B0,00,0008,00,00,00,00,00,00,00,00,00,00,00,00,00,01,00,00,00,0000,00,00,0000,00,00,00,00,0008,0008,00,00,00,0008,0008,08,F0,BB,02,23,B0
2425,00,00,00,00,01,B0,00,0008,00,00,00,00,00,00,00,00,00,00,00,00,00,01,00,00,00,0000,00,00,0000,00,00,00,00,0008,0008,00,00,00,0008,0008,08,F0,BB,02,24,B0
2426,00,00,00,00,01,B0,00,0008,00,00,00,00,00,00,00,00,00,00,00,00,00,01,00,00,00,0000,00,00,0000,00,00,00,00,0008,0008,00,00,00,0008,0008,08,F0,BB,02,25,B0
2427,00,00,00,00,01,B0,00,0008,00,00,00,00,00,00,00,00,00,00,00,00,00,01,00,00,00,0000,00,00,0000,00,00,00,00,0008,0008,00,00,00,0008,0008,08,F0,BB,02,26,B0
2428,00,00,00,00,01,B0,00,0008,00,00,00,00,00,00,00,00,00,00,00,00,00,01,00,00,00,0000,00,00,0000,00,00,00,00,0008,0008,00,00,00,0008,0008,08,F0,BB,02,27,B0
2429,00,00,00,00,01,B0,00,0008,00,00,00,00,00,00,00,00,00,00,00,00,00,01,00,00,00,0000,00,00,0000,00,00,00,00,0008,0008,00,00,00,0008,0008,08,F0,BB,02,28,B0
2430,00,00,00,00,01,B0,00,0008,00,00,00,00,00,00,00,00,00,00,00,00,00,01,00,00,00,0000,00,00,0000,00,00,00,00,0008,0008,00,00,00,0008,0008,08,F0,BB,02,29,B0
2431,00,00,00,00,01,B0,00,0008,00,00,00,00,00,00,00,00,00,00,00,00,00,01,00,00,00,0000,00,00,0000,00,00,00,00,0008,0008,00,00,00,0008,0008,08,F0,BB,02,2A,B0
2432,00,00,00,00,01,B0,00,0008,00,00,00,00,00,00,00,00,00,00,00,00,00,01,00,00,00,0000,00,00,0000,00,00,00,00,0008,0008,00,00,00,0008,0008,08,F0,BB,02,2B,B0
2433,00,00,00,00,01,B0,00,0008,00,00,00,00,00,00,00,00,00,00,00,00,00,01,00,00,00,0000,00,00,0000,00,00,00,00,0008,0008,00,00,00,0008,0008,08,F0,BB,02,2C,B0
2434,00,00,00,00,01,B0,00,0008,00,00,00,00,00,00,00,00,00,00,00,00,00,01,00,00,00,0000,00,00,0000,00,00,00,00,0008,0008,00,00,00,0008,0008,08,F0,BB,02,2D,B0
2435,00,00,00,00,01,B0,00,0008,00,00,00,00,00,00,00,00,00,00,00,00,00,01,00,00,00,0000,00,00,0000,00,00,00,00,0008,0008,00,00,00,0008,0008,08,F0,BB,02,2E,B0
2436,00,00,00,00,01,B0,00,0008,00,00,00,00,00,00,00,00,00,00,00,00,00,01,00,00,00,0000,00,00,0000,00,00,00,00,0008,0008,00,00,00,0008,0008,08,F0,BB,02,2F,B0
2437,00,00,00,00,01,B0,00,0008,00,00,00,00,00,00,00,00,00,00,00,00,00,01,00,00,00,0000,00,00,0000,00,00,00,00,0008,0008,00,00,00,0008,0008,08,F0,BB,02,30,B0
2438,00,00,00,00,01,B0,00,0008,00,00,00,00,00,00,00,00,00,00,00,00,00,01,00,00,00,0000,00,00,0000,00,00,00,00,0008,0008,00,00,00,0008,0008,08,F0,BB,02,31,B0
2439,00,00,00,00,01,B0,00,0008,00,00,00,00,00,00,00,00,00,00,00,00,00,01,00,00,00,0000,00,00,0000,00,00,00,00,0008,0008,00,00,00,0008,0008,08,F0,BB,02,32,B0
2440,00,00,00,00,01,B0,00,0008,00,00,00,00,00,00,00,00,00,00,00,00,00,01,00,00,00,0000,00,00,0000,00,00,00,00,0008,0008,00,00,00,0008,0008,08,F0,BB,02,33,B0
2441,00,00,00,00,01,B0,00,0008,00,00,00,00,00,00,00,00,00,00,00,00,00,01,00,00,00,0000,00,00,0000,00,00,00,00,0008,0008,00,00,00,0008,0008,08,F0,BB,02,34,B0
2442,00,00,00,00,01,B0,00,0008,00,00,00,00,00,00,00,00,00,00,00,00,00,01,00,00,00,0000,00,00,0000,00,00,00,00,0008,0008,00,00,00,0008,0008,08,F0,BB,02,35,B0
2443,00,00,00,00,01,B0,00,0008,00,00,00,00,00,00,00,00,00,00,00,00,00,01,00,00,00,0000,00,00,0000,00,00,00,00,0008,0008,00,00,00,0008,0008,08,F0,BB,02,36,B0
2444,00,00,00,00,01,B0,00,0008,00,00,00,00,00,00,00,00,00,00,00,00,00,01,00,00,00,0000,00,00,0000,00,00,00,00,0008,0008,00,00,00,0008,0008,08,F0,BB,02,37,B0
2445,00,00,00,00,01,B0,00,0008,00,00,00,00,00,00,00,00,00,00,00,00,00,01,00,00,00,0000,00,00,0000,00,00,00,00,0008,0008,00,00,00,0008,0008,08,F0,BB,02,38,B0
2446,00,00,00,00,01,B0,00,0008,00,00,00,00,00,00,00,00,00,00,00,00,00,01,00,00,00,0000,00,00,0000,00,00,00,00,0008,0008,00,00,00,0008,0008,08,F0,BB,02,39,B0
2447,00,00,00,00,01,B0,00,0008,00,00,00,00,00,00,00,00,00,00,00,00,00,01,00,00,00,0000,00,00,0000,00,00,00,00,0008,0008,00,00,00,0008,0008,08,F0,BB,02,3A,B0
2448,00,00,00,00,01,B0,00,0008,00,00,00,00,00,00,00,00,00,00,00,00,00,01,00,00,00,0000,00,00,0000,00,00,00,00,0008,0008,00,00,00,0008,0008,08,F0,BB,02,3B,B0
2449,00,00,00,00,01,B0,00,0008,00,00,00,00,00,00,00,00,00,00,00,00,00,01,00,00,00,0000,00,00,0000,00,00,00,00,0008,0008,00,00,00,0008,0008,08,F0,BB,02,3C,B0
2450,00,00,00,00,01,B0,00,0008,00,00,00,00,00,00,00,00,00,00,00,00,00,01,00,00,00,0000,00,00,0000,00,00,00,00,0008,0008,00,00,00,0008,0008,08,F0,BB,02,3D,B0
2451,00,00,00,00,01,B0,00,0008,00,00,00,00,00,00,00,00,00,00,00,00,00,01,00,00,00,0000,00,00,0000,00,00,00,00,0008,0008,00,00,00,0008,0008,08,F0,BB,02,3E,B0
2452,00,00,00,00,01,B0,00,0008,00,00,00,00,00,00,00,00,00,00,00,00,00,01,00,00,00,0000,00,00,0000,00,00,00,00,0008,0008,00,00,00,0008,0008,08,F0,BB,02,3F,B0
2453,00,00,00,00,01,B0,00,0008,00,00,00,00,00,00,00,00,00,00,00,00,00,01,00,00,00,0000,00,00,0000,00,00,00,00,0008,0008,00,00,00,0008,0008,08,F0,BB,02,40,B0
2454,00,00,00,00,01,B0,00,0008,00,00,00,00,00,00,00,00,00,00,00,00,00,01,00,00,00,0000,00,00,0000,00,00,00,00,0008,0008,00,00,00,0008,0008,08,F0,BB,02,41,B0
2455,00,00,00,00,01,B0,00,0008,00,00,00,00,00,00,00,00,00,00,00,00,00,01,00,00,00,0000,00,00,0000,00,00,00,00,0008,0008,00,00,00,0008,0008,08,F0,BB,02,42,B0
2456,00,00,00,00,01,B0,00,0008,00,00,00,00,00,00,00,00,00,00,00,00,00,01,00,00,00,0000,00,00,0000,00,00,00,00,0008,0008,00,00,00,0008,0008,08,F0,BB,02,43,B0
2457,00,00,00,00,01,B0,00,0008,00,00,00,00,00,00,00,00,00,00,00,00,00,01,00,00,00,0000,00,00,0000,00,00,00,00,0008,0008,00,00,00,0008,0008,08,F0,BB,02,44,B0
2458,00,00,00,00,01,B0,00,0008,00,00,00,00,00,00,00,00,00,00,00,00,00,01,00,00,00,0000,00,00,0000,00,00,00,00,0008,0008,00,00,00,0008,0008,08,F0,BB,02,45,B0
2459,00,00,00,00,01,B0,00,0008,00,00,00,00,00,00,00,00,00,00,00,00,00,01,00,00,00,0000,00,00,0000,00,00,00,00,0008,0008,00,00,00,0008,0008,08,F0,BB,02,46,B0
2460,00,00,00,00,01,B0,00,0008,00,00,00,00,00,00,00,00,00,00,00,00,00,01,00,00,00,0000,00,00,0000,00,00,00,00,0008,0008,00,00,00,0008,0008,08,F0,BB,02,47,B0
2461,00,00,00,00,01,B0,00,0008,00,00,00,00,00,00,00,00,00,00,00,00,00,01,00,00,00,0000,00,00,0000,00,00,00,00,0008,0008,00,00,00,0008,0008,08,F0,BB,02,48,B0
2462,00,00,00,00,01,B0,00,0008,00,00,00,00,00,00,00,00,00,00,00,00,00,01,00,00,00,0000,00,00,0000,00,00,00,00,0008,0008,00,00,00,0008,0008,08,F0,BB,02,49,B0
2463,00,00,00,00,01,B0,00,0008,00,00,00,00,00,00,00,00,00,00,00,00,00,01,00,00,00,0000,00,00,0000,00,00,00,00,0008,0008,00,00,00,0008,0008,08,F0,BB,02,4A,B0
2464,00,00,00,00,01,B0,00,0008,00,00,00,00,00,00,00,00,00,00,00,00,00,01,00,00,00,0000,00,00,0000,00,00,00,00,0008,0008,00,00,00,0008,0008,08,F0,BB,02,4B,B0
2465,00,00,00,00,01,B0,00,0008,00,00,00,00,00,00,00,00,00,00,00,00,00,01,00,00,00,0000,00,00,0000,00,00,00,00,0008,0008,00,00,00,0008,0008,08,F0,BB,02,4C,B0
2466,00,00,00,00,01,B0,00,0008,00,00,00,00,00,00,00,00,00,00,00,00,00,01,00,00,00,0000,00,00,0000,00,00,00,00,0008,0008,00,00,00,0008,0008,08,F0,BB,02,4D,B0
2467,00,00,00,00,01,B0,00,0008,00,00,00,00,00,00,00,00,00,00,00,00,00,01,00,00,00,0000,00,00,0000,00,00,00,00,0008,0008,00,00,00,0008,0008,08,F0,BB,02,4E,B0
2468,00,00,01,00,01,B0,00,0008,00,00,00,00,00,00,00,00,00,00,00,00,00,01,00,00,00,0000,00,00,0000,00,00,00,00,0008,0008,00,00,00,0008,0008,08,F0,BB,02,4F,B0
2469,00,00,01,00,01,B0,00,0008,00,00,00,00,00,00,00,00,00,00,01,07,00,01,00,00,00,0000,00,00,0000,00,00,00,00,0008,0008,00,00,00,0008,0008,08,F0,BB,02,50,B0
2470,00,00,01,00,01,B0,00,0008,00,00,00,00,00,00,00,00,00,00,01,06,00,01,00,00,00,0000,00,00,0000,00,00,00,00,0008,0008,00,00,00,0008,0008,08,F0,BB,02,51,B0
2471,00,00,01,00,01,B0,00,0008,00,00,00,00,00,00,00,00,00,00,01,05,00,01,00,00,00,0000,00,00,0000,00,00,00,00,0008,0008,00,00,00,0008,0008,08,F0,BB,02,52,B0
2472,00,00,01,00,01,B0,00,0008,00,00,00,00,00,00,00,00,00,00,01,04,00,01,00,00,00,0000,00,00,0000,00,00,00,00,0008,0008,00,00,00,0008,0008,08,F0,BB,02,53,B0
2473,00,00,01,00,01,B0,00,0008,00,00,00,00,00,00,00,00,00,00,01,03,00,01,00,00,00,0000,00,00,0000,00,00,00,00,0008,0008,00,00,00,0008,0008,08,F0,BB,02,54,B0
2474,00,00,01,00,01,B0,00,0008,00,00,00,00,00,00,00,00,00,00,01,02,00,01,00,00,00,0000,00,00,0000,00,00,00,00,0008,0008,00,00,00,0008,0008,08,F0,BB,02,55,B0
2475,00,00,01,00,01,B0,00,0008,00,00,00,00,00,00,00,00,00,00,01,01,00,01,00,00,00,0000,00,00,0000,00,00,00,00,0008,0008,00,00,00,0008,0008,08,F0,BB,02,56,B0
2476,00,00,01,00,01,B0,00,0008,00,00,00,00,00,00,00,00,00,00,01,00,00,01,00,00,00,0000,00,00,0000,00,00,00,00,0008,0008,00,00,00,0008,0008,08,F0,BB,02,57,B0
2477,00,00,01,00,01,B0,00,0008,00,00,00,00,00,00,00,00,00,00,02,07,00,01,00,00,00,0000,00,00,0000,00,00,00,00,0008,0008,00,00,00,0008,0008,08,F0,BB,02,58,B0
2478,00,00,01,00,01,B0,00,0008,00,00,00,00,00,00,00,00,00,00,02,06,00,01,00,00,00,0000,00,00,0000,00,00,00,00,0008,0008,00,00,00,0008,0008,08,F0,BB,02,59,B0
2479,00,00,01,00,01,B0,00,0008,00,00,00,00,00,00,00,00,00,00,02,05,00,01,00,00,00,0000,00,00,0000,00,00,00,00,0008,0008,00,00,00,0008,0008,08,F0,BB,02,5A,B0
2480,00,00,01,00,01,B0,00,0008,00,00,00,00,00,00,00,00,00,00,02,04,00,01,00,00,00,0000,00,00,0000,00,00,00,00,0008,0008,00,00,00,0008,0008,08,F0,BB,02,5B,B0
2481,00,00,01,00,01,B0,00,0008,00,00,00,00,00,00,00,00,00,00,02,03,00,01,00,00,00,0000,00,00,0000,00,00,00,00,0008,0008,00,00,00,0008,0008,08,F0,BB,02,5C,B0
2482,00,00,01,00,01,B0,00,0008,00,00,00,00,00,00,00,00,00,00,02,02,00,01,00,00,00,0000,00,00,0000,00,00,00,00,0008,0008,00,00,00,0008,0008,08,F0,BB,02,5D,B0
2483,00,00,01,00,01,B0,00,0008,00,00,00,00,00,00,00,00,00,00,02,01,00,01,00,00,00,0000,00,00,0000,00,00,00,00,0008,0008,00,00,00,0008,0008,08,F0,BB,02,5E,B0
2484,00,00,01,00,01,B0,00,0008,00,00,00,00,00,00,00,00,00,00,02,00,00,01,00,00,00,0000,00,00,0000,00,00,00,00,0008,0008,00,00,00,0008,0008,08,F0,BB,02,5F,B0
2485,00,00,01,00,01,B0,00,0008,00,00,00,00,00,00,00,00,00,00,03,05,00,01,00,00,00,0000,00,00,0000,00,00,00,00,0008,0008,00,00,00,0008,0008,08,F0,BB,02,60,B0
2486,00,00,01,00,01,B0,00,0008,00,00,00,00,00,00,00,00,00,00,03,04,00,01,00,00,00,0000,00,00,0000,00,00,00,00,0008,0008,00,00,00,0008,0008,08,F0,BB,02,61,B0
2487,00,00,01,00,01,B0,00,0008,00,00,00,00,00,00,00,00,00,00,03,03,00,01,00,00,00,0000,00,00,0000,00,00,00,00,0008,0008,00,00,00,0008,0008,08,F0,BB,02,62,B0
2488,00,00,01,00,01,B0,00,0008,00,00,00,00,00,00,00,00,00,00,03,02,00,01,00,00,00,0000,00,00,0000,00,00,00,00,0008,0008,00,00,00,0008,0008,08,F0,BB,02,63,B0
2489,00,00,01,00,01,B0,00,0008,00,00,00,00,00,00,00,00,00,00,03,01,00,01,00,00,00,0000,00,00,0000,00,00,00,00,0008,0008,00,00,00,0008,0008,08,F0,BB,02,64,B0
2490,00,00,01,00,01,B0,00,0008,00,00,00,00,00,00,00,00,00,00,03,00,00,01,00,00,00,0000,00,00,0000,00,00,00,00,0008,0008,00,00,00,0008,0008,08,F0,BB,02,65,B0
2491,00,00,01,00,01,B0,00,0008,00,00,00,00,00,00,00,00,00,00,04,04,00,01,00,00,00,0000,00,00,0000,00,00,00,00,0008,0008,00,00,00,0008,0008,08,F0,BB,02,66,B0
2492,00,00,01,00,01,B0,00,0008,00,00,00,00,00,00,00,00,00,00,04,03,00,01,00,00,00,0000,00,00,0000,00,00,00,00,0008,0008,00,00,00,0008,0008,08,F0,BB,02,67,B0
2493,00,00,01,00,01,B0,00,0008,00,00,00,00,00,00,00,00,00,00,04,02,00,01,00,00,00,0000,00,00,0000,00,00,00,00,0008,0008,00,00,00,0008,0008,08,F0,BB,02,68,B0
2494,00,00,01,00,01,B0,00,0008,00,00,00,00,00,00,00,00,00,00,04,01,00,01,00,00,00,0000,00,00,0000,00,00,00,00,0008,0008,00,00,00,0008,0008,08,F0,BB,02,69,B0
2495,00,00,01,00,01,B0,00,0008,00,00,00,00,00,00,00,00,00,00,04,00,00,01,00,00,00,0000,00,00,0000,00,00,00,00,0008,0008,00,00,00,0008,0008,08,F0,BB,02,6A,B0
2496,00,00,01,00,01,B0,00,0008,00,00,00,00,00,00,00,00,00,00,05,03,00,01,00,00,00,0000,00,00,0000,00,00,00,00,0008,0008,00,00,00,0008,0008,08,F0,BB,02,6B,B0
2497,00,00,01,00,01,B0,00,0008,00,00,00,00,00,00,00,00,00,00,05,02,00,01,00,00,00,0000,00,00,0000,00,00,00,00,0008,0008,00,00,00,0008,0008,08,F0,BB,02,6C,B0
2498,00,00,01,00,01,B0,00,0008,00,00,00,00,00,00,00,00,00,00,05,01,00,01,00,00,00,0000,00,00,0000,00,00,00,00,0008,0008,00,00,00,0008,0008,08,F0,BB,02,6D,B0
2499,00,00,01,00,01,B0,00,0008,00,00,00,00,00,00,00,00,00,00,05,00,00,01,00,00,00,0000,00,00,0000,00,00,00,00,0008,0008,00,00,00,0008,0008,08,F0,BB,02,6E,B0
2500,00,00,01,00,01,B0,00,0008,00,00,00,00,00,00,00,00,00,00,06,02,00,01,00,00,00,0000,00,00,0000,00,00,00,00,0008,0008,00,00,00,0008,0008,08,F0,BB,02,6F,B0
2501,00,00,01,00,01,B0,00,0008,00,00,00,00,00,00,00,00,00,00,06,01,00,01,00,00,00,0000,00,00,0000,00,00,00,00,0008,0008,00,00,00,0008,0008,08,F0,BB,02,70,B0
2502,00,00,01,00,01,B0,00,0008,00,00,00,00,00,00,00,00,00,00,06,00,00,01,00,00,00,0000,00,00,0000,00,00,00,00,0008,0008,00,00,00,0008,0008,08,F0,BB,02,71,B0
2503,00,00,01,00,01,B0,00,0008,00,00,00,00,00,00,00,00,00,00,07,01,00,01,00,00,00,0000,00,00,0000,00,00,00,00,0008,0008,00,00,00,0008,0008,08,F0,BB,02,72,B0
2504,00,00,01,00,01,B0,00,0008,00,00,00,00,00,00,00,00,00,00,07,00,00,01,00,00,00,0000,00,00,0000,00,00,00,00,0008,0008,00,00,00,0008,0008,08,F0,BB,02,73,B0
2505,00,00,01,00,01,B0,00,0008,00,00,00,00,00,00,00,00,00,00,08,01,00,01,00,00,00,0000,00,00,0000,00,00,00,00,0008,0008,00,00,00,0008,0008,08,F0,BB,02,74,B0
2506,00,00,01,00,01,B0,00,0008,00,00,00,00,00,00,00,00,00,00,08,00,00,01,00,00,00,0000,00,00,0000,00,00,00,00,0008,0008,00,00,00,0008,0008,08,F0,BB,02,75,B0
2507,00,00,01,00,01,B0,00,0008,00,00,00,00,00,00,00,00,00,00,09,01,00,01,00,00,00,0000,00,00,0000,00,00,00,00,0008,0008,00,00,00,0008,0008,08,F0,BB,02,76,B0
2508,00,00,01,00,01,B0,00,0008,00,00,00,00,00,00,00,00,00,00,09,00,00,01,00,00,00,0000,00,00,0000,00,00,00,00,0008,0008,00,00,00,0008,0008,08,F0,BB,02,77,B0
2509,00,00,01,00,01,B0,00,0008,00,00,00,00,00,00,00,00,00,00,0A,BF,00,01,00,00,00,0000,00,00,0000,00,00,00,00,0008,0008,00,00,00,0008,0008,08,F0,BB,02,78,B0
2510,00,00,01,00,01,B0,00,0008,00,00,00,00,00,00,00,00,00,00,0A,BE,00,01,00,00,00,0000,00,00,0000,00,00,00,00,0008,0008,00,00,00,0008,0008,08,F0,BB,02,79,B0
2511,00,00,01,00,01,B0,00,0008,00,00,00,00,00,00,00,00,00,00,0A,BD,00,01,00,00,00,0000,00,00,0000,00,00,00,00,0008,0008,00,00,00,0008,0008,08,F0,BB,02,7A,B0
2512,00,00,01,00,01,B0,00,0008,00,00,00,00,00,00,00,00,00,00,0A,BC,00,01,00,00,00,0000,00,00,0000,00,00,00,00,0008,0008,00,00,00,0008,0008,08,F0,BB,02,7B,B0
2513,00,00,01,00,01,B0,00,0008,00,00,00,00,00,00,00,00,00,00,0A,BB,00,01,00,00,00,0000,00,00,0000,00,00,00,00,0008,0008,00,00,00,0008,0008,08,F0,BB,02,7C,B0
2514,00,00,01,00,01,B0,00,0008,00,00,00,00,00,00,00,00,00,00,0A,BA,00,01,00,00,00,0000,00,00,0000,00,00,00,00,0008,0008,00,00,00,0008,0008,08,F0,BB,02,7D,B0
2515,00,00,01,00,01,B0,00,0008,00,00,00,00,00,00,00,00,00,00,0A,B9,00,01,00,00,00,0000,00,00,0000,00,00,00,00,0008,0008,00,00,00,0008,0008,08,F0,BB,02,7E,B0
2516,00,00,01,00,01,B0,00,0008,00,00,00,00,00,00,00,00,00,00,0A,B8,00,01,00,00,00,0000,00,00,0000,00,00,00,00,0008,0008,00,00,00,0008,0008,08,F0,BB,02,7F,B0
2517,00,00,01,00,01,B0,00,0008,00,00,00,00,00,00,00,00,00,00,0A,B7,00,01,00,00,00,0000,00,00,0000,00,00,00,00,0008,0008,00,00,00,0008,0008,08,F0,BB,02,80,B0
2518,00,00,01,00,01,B0,00,0008,00,00,00,00,00,00,00,00,00,00,0A,B6,00,01,00,00,00,0000,00,00,0000,00,00,00,00,0008,0008,00,00,00,0008,0008,08,F0,BB,02,81,B0
2519,00,00,01,00,01,B0,00,0008,00,00,00,00,00,00,00,00,00,00,0A,B5,00,01,00,00,00,0000,00,00,0000,00,00,00,00,0008,0008,00,00,00,0008,0008,08,F0,BB,02,82,B0
2520,00,00,01,00,01,B0,00,0008,00,00,00,00,00,00,00,00,00,00,0A,B4,00,01,00,00,00,0000,00,00,0000,00,00,00,00,0008,0008,00,00,00,0008,0008,08,F0,BB,02,83,B0
2521,00,00,01,00,01,B0,00,0008,00,00,00,00,00,00,00,00,00,00,0A,B3,00,01,00,00,00,0000,00,00,0000,00,00,00,00,0008,0008,00,00,00,0008,0008,08,F0,BB,02,84,B0
2522,00,00,01,00,01,B0,00,0008,00,00,00,00,00,00,00,00,00,00,0A,B2,00,01,00,00,00,0000,00,00,0000,00,00,00,00,0008,0008,00,00,00,0008,0008,08,F0,BB,02,85,B0
2523,00,00,01,00,01,B0,00,0008,00,00,00,00,00,00,00,00,00,00,0A,B1,00,01,00,00,00,0000,00,00,0000,00,00,00,00,0008,0008,00,00,00,0008,0008,08,F0,BB,02,86,B0
2524,00,00,01,00,01,B0,00,0008,00,00,00,00,00,00,00,00,00,00,0A,B0,00,01,00,00,00,0000,00,00,0000,00,00,00,00,0008,0008,00,00,00,0008,0008,08,F0,BB,02,87,B0
2525,00,00,01,00,01,B0,00,0008,00,00,00,00,00,00,00,00,00,00,0A,AF,00,01,00,00,00,0000,00,00,0000,00,00,00,00,0008,0008,00,00,00,0008,0008,08,F0,BB,02,88,B0
2526,00,00,01,00,01,B0,00,0008,00,00,00,00,00,00,00,00,00,00,0A,AE,00,01,00,00,00,0000,00,00,0000,00,00,00,00,0008,0008,00,00,00,0008,0008,08,F0,BB,02,89,B0
2527,00,00,01,00,01,B0,00,0008,00,00,00,00,00,00,00,00,00,00,0A,AD,00,01,00,00,00,0000,00,00,0000,00,00,00,00,0008,0008,00,00,00,0008,0008,08,F0,BB,02,8A,B0
2528,00,00,01,00,01,B0,00,0008,00,00,00,00,00,00,00,00,00,00,0A,AC,00,01,00,00,00,0000,00,00,0000,00,00,00,00,0008,0008,00,00,00,0008,0008,08,F0,BB,02,8B,B0
2529,00,00,01,00,01,B0,00,0008,00,00,00,00,00,00,00,00,00,00,0A,AB,00,01,00,00,00,0000,00,00,0000,00,00,00,00,0008,0008,00,00,00,0008,0008,08,F0,BB,02,8C,B0
2530,00,00,01,00,01,B0,00,0008,00,00,00,00,00,00,00,00,00,00,0A,AA,00,01,00,00,00,0000,00,00,0000,00,00,00,00,0008,0008,00,00,00,0008,0008,08,F0,BB,02,8D,B0
2531,00,00,01,00,01,B0,00,0008,00,00,00,00,00,00,00,00,00,00,0A,A9,00,01,00,00,00,0000,00,00,0000,00,00,00,00,0008,0008,00,00,00,0008,0008,08,F0,BB,02,8E,B0
2532,00,00,01,00,01,B0,00,0008,00,00,00,00,00,00,00,00,00,00,0A,A8,00,01,00,00,00,0000,00,00,0000,00,00,00,00,0008,0008,00,00,00,0008,0008,08,F0,BB,02,8F,B0
2533,00,00,01,00,01,B0,00,0008,00,00,00,00,00,00,00,00,00,00,0A,A7,00,01,00,00,00,0000,00,00,0000,00,00,00,00,0008,0008,00,00,00,0008,0008,08,F0,BB,02,90,B0
2534,00,00,01,00,01,B0,00,0008,00,00,00,00,00,00,00,00,00,00,0A,A6,00,01,00,00,00,0000,00,00,0000,00,00,00,00,0008,0008,00,00,00,0008,0008,08,F0,BB,02,91,B0
2535,00,00,01,00,01,B0,00,0008,00,00,00,00,00,00,00,00,00,00,0A,A5,00,01,00,00,00,0000,00,00,0000,00,00,00,00,0008,0008,00,00,00,0008,0008,08,F0,BB,02,92,B0
2536,00,00,01,00,01,B0,00,0008,00,00,00,00,00,00,00,00,00,00,0A,A4,00,01,00,00,00,0000,00,00,0000,00,00,00,00,0008,0008,00,00,00,0008,0008,08,F0,BB,02,93,B0
2537,00,00,01,00,01,B0,00,0008,00,00,00,00,00,00,00,00,00,00,0A,A3,00,01,00,00,00,0000,00,00,0000,00,00,00,00,0008,0008,00,00,00,0008,0008,08,F0,BB,02,94,B0
2538,00,00,01,00,01,B0,00,0008,00,00,00,00,00,00,00,00,00,00,0A,A2,00,01,00,00,00,0000,00,00,0000,00,00,00,00,0008,0008,00,00,00,0008,0008,08,F0,BB,02,95,B0
2539,00,00,01,00,01,B0,00,0008,00,00,00,00,00,00,00,00,00,00,0A,A1,00,01,00,00,00,0000,00,00,0000,00,00,00,00,0008,0008,00,00,00,0008,0008,08,F0,BB,02,96,B0
2540,00,00,01,00,01,B0,00,0008,00,00,00,00,00,00,00,00,00,00,0A,A0,00,01,00,00,00,0000,00,00,0000,00,00,00,00,0008,0008,00,00,00,0008,0008,08,F0,BB,02,97,B0
2541,00,00,01,00,01,B0,00,0008,00,00,00,00,00,00,00,00,00,00,0A,9F,00,01,00,00,00,0000,00,00,0000,00,00,00,00,0008,0008,00,00,00,0008,0008,08,F0,BB,02,98,B0
2542,00,00,01,00,01,B0,00,0008,00,00,00,00,00,00,00,00,00,00,0A,9E,00,01,00,00,00,0000,00,00,0000,00,00,00,00,0008,0008,00,00,00,0008,0008,08,F0,BB,02,99,B0
2543,00,00,01,00,01,B0,00,0008,00,00,00,00,00,00,00,00,00,00,0A,9D,00,01,00,00,00,0000,00,00,0000,00,00,00,00,0008,0008,00,00,00,0008,0008,08,F0,BB,02,9A,B0
2544,00,00,01,00,01,B0,00,0008,00,00,00,00,00,00,00,00,00,00,0A,9C,00,01,00,00,00,0000,00,00,0000,00,00,00,00,0008,0008,00,00,00,0008,0008,08,F0,BB,02,9B,B0
2545,00,00,01,00,01,B0,00,0008,00,00,00,00,00,00,00,00,00,00,0A,9B,00,01,00,00,00,0000,00,00,0000,00,00,00,00,0008,0008,00,00,00,0008,0008,08,F0,BB,02,9C,B0
2546,00,00,01,00,01,B0,00,0008,00,00,00,00,00,00,00,00,00,00,0A,9A,00,01,00,00,00,0000,00,00,0000,00,00,00,00,0008,0008,00,00,00,0008,0008,08,F0,BB,02,9D,B0
2547,00,00,01,00,01,B0,00,0008,00,00,00,00,00,00,00,00,00,00,0A,99,00,01,00,00,00,0000,00,00,0000,00,00,00,00,0008,0008,00,00,00,0008,0008,08,F0,BB,02,9E,B0
2548,00,00,01,00,01,B0,00,0008,00,00,00,00,00,00,00,00,00,00,0A,98,00,01,00,00,00,0000,00,00,0000,00,00,00,00,0008,0008,00,00,00,0008,0008,08,F0,BB,02,9F,B0
2549,00,00,01,00,01,B0,00,0008,00,00,00,00,00,00,00,00,00,00,0A,97,00,01,00,00,00,0000,00,00,0000,00,00,00,00,0008,0008,00,00,00,0008,0008,08,F0,BB,02,A0,B0
2550,00,00,01,00,01,B0,00,0008,00,00,00,00,00,00,00,00,00,00,0A,96,00,01,00,00,00,0000,00,00,0000,00,00,00,00,0008,0008,00,00,00,0008,0008,08,F0,BB,02,A1,B0
2551,00,00,01,00,01,B0,00,0008,00,00,00,00,00,00,00,00,00,00,0A,95,00,01,00,00,00,0000,00,00,0000,00,00,00,00,0008,0008,00,00,00,0008,0008,08,F0,BB,02,A2,B0
2552,00,00,01,00,01,B0,00,0008,00,00,00,00,00,00,00,00,00,00,0A,94,00,01,00,00,00,0000,00,00,0000,00,00,00,00,0008,0008,00,00,00,0008,0008,08,F0,BB,02,A3,B0
2553,00,00,01,00,01,B0,00,0008,00,00,00,00,00,00,00,00,00,00,0A,93,00,01,00,00,00,0000,00,00,0000,00,00,00,00,0008,0008,00,00,00,0008,0008,08,F0,BB,02,A4,B0
2554,00,00,01,00,01,B0,00,0008,00,00,00,00,00,00,00,00,00,00,0A,92,00,01,00,00,00,0000,00,00,0000,00,00,00,00,0008,0008,00,00,00,0008,0008,08,F0,BB,02,A5,B0
2555,00,00,01,00,01,B0,00,0008,00,00,00,00,00,00,00,00,00,00,0A,91,00,01,00,00,00,0000,00,00,0000,00,00,00,00,0008,0008,00,00,00,0008,0008,08,F0,BB,02,A6,B0
2556,00,00,01,00,01,B0,00,0008,00,00,00,00,00,00,00,00,00,00,0A,90,00,01,00,00,00,0000,00,00,0000,00,00,00,00,0008,0008,00,00,00,0008,0008,08,F0,BB,02,A7,B0
2557,00,00,01,00,01,B0,00,0008,00,00,00,00,00,00,00,00,00,00,0A,8F,00,01,00,00,00,0000,00,00,0000,00,00,00,00,0008,0008,00,00,00,0008,0008,08,F0,BB,02,A8,B0
2558,00,00,01,00,01,B0,00,0008,00,00,00,00,00,00,00,00,00,00,0A,8E,00,01,00,00,00,0000,00,00,0000,00,00,00,00,0008,0008,00,00,00,0008,0008,08,F0,BB,02,A9,B0
2559,00,00,01,00,01,B0,00,0008,00,00,00,00,00,00,00,00,00,00,0A,8D,00,01,00,00,00,0000,00,00,0000,00,00,00,00,0008,0008,00,00,00,0008,0008,08,F0,BB,02,AA,B0
2560,00,00,01,00,01,B0,00,0008,00,00,00,00,00,00,00,00,00,00,0A,8C,00,01,00,00,00,0000,00,00,0000,00,00,00,00,0008,0008,00,00,00,0008,0008,08,F0,BB,02,AB,B0
2561,00,00,01,00,01,B0,00,0008,00,00,00,00,00,00,00,00,00,00,0A,8B,00,01,00,00,00,0000,00,00,0000,00,00,00,00,0008,0008,00,00,00,0008,0008,08,F0,BB,02,AC,B0
2562,00,00,01,00,01,B0,00,0008,00,00,00,00,00,00,00,00,00,00,0A,8A,00,01,00,00,00,0000,00,00,0000,00,00,00,00,0008,0008,00,00,00,0008,0008,08,F0,BB,02,AD,B0
2563,00,00,01,00,01,B0,00,0008,00,00,00,00,00,00,00,00,00,00,0A,89,00,01,00,00,00,0000,00,00,0000,00,00,00,00,0008,0008,00,00,00,0008,0008,08,F0,BB,02,AE,B0
2564,00,00,01,00,01,B0,00,0008,00,00,00,00,00,00,00,00,00,00,0A,88,00,01,00,00,00,0000,00,00,0000,00,00,00,00,0008,0008,00,00,00,0008,0008,08,F0,BB,02,AF,B0
2565,00,00,01,00,01,B0,00,0008,00,00,00,00,00,00,00,00,00,00,0A,87,00,01,00,00,00,0000,00,00,0000,00,00,00,00,0008,0008,00,00,00,0008,0008,08,F0,BB,02,B0,B0
2566,00,00,01,00,01,B0,00,0008,00,00,00,00,00,00,00,00,00,00,0A,86,00,01,00,00,00,0000,00,00,0000,00,00,00,00,0008,0008,00,00,00,0008,0008,08,F0,BB,02,B1,B0
2567,00,00,01,00,01,B0,00,0008,00,00,00,00,00,00,00,00,00,00,0A,85,00,01,00,00,00,0000,00,00,0000,00,00,00,00,0008,0008,00,00,00,0008,0008,08,F0,BB,02,B2,B0
2568,00,00,01,00,01,B0,00,0008,00,00,00,00,00,00,00,00,00,00,0A,84,00,01,00,00,00,0000,00,00,0000,00,00,00,00,0008,0008,00,00,00,0008,0008,08,F0,BB,02,B3,B0
2569,00,00,01,00,01,B0,00,0008,00,00,00,00,00,00,00,00,00,00,0A,83,00,01,00,00,00,0000,00,00,0000,00,00,00,00,0008,0008,00,00,00,0008,0008,08,F0,BB,02,B4,B0
2570,00,00,01,00,01,B0,00,0008,00,00,00,00,00,00,00,00,00,00,0A,82,00,01,00,00,00,0000,00,00,0000,00,00,00,00,0008,0008,00,00,00,0008,0008,08,F0,BB,02,B5,B0
2571,00,00,01,00,01,B0,00,0008,00,00,00,00,00,00,00,00,00,00,0A,81,00,01,00,00,00,0000,00,00,0000,00,00,00,00,0008,0008,00,00,00,0008,0008,08,F0,BB,02,B6,B0
2572,00,00,01,00,01,B0,00,0008,00,00,00,00,00,00,00,00,00,00,0A,80,00,01,00,00,00,0000,00,00,0000,00,00,00,00,0008,0008,00,00,00,0008,0008,08,F0,BB,02,B7,B0
2573,00,00,01,00,01,B0,00,0008,00,00,00,00,00,00,00,00,00,00,0A,7F,00,01,00,00,00,0000,00,00,0000,00,00,00,00,0008,0008,00,00,00,0008,0008,08,F0,BB,02,B8,B0
2574,00,00,01,00,01,B0,00,0008,00,00,00,00,00,00,00,00,00,00,0A,7E,00,01,00,00,00,0000,00,00,0000,00,00,00,00,0008,0008,00,00,00,0008,0008,08,F0,BB,02,B9,B0
2575,00,00,01,00,01,B0,00,0008,00,00,00,00,00,00,00,00,00,00,0A,7D,00,01,00,00,00,0000,00,00,0000,00,00,00,00,0008,0008,00,00,00,0008,0008,08,F0,BB,02,BA,B0
2576,00,00,01,00,01,B0,00,0008,00,00,00,00,00,00,00,00,00,00,0A,7C,00,01,00,00,00,0000,00,00,0000,00,00,00,00,0008,0008,00,00,00,0008,0008,08,F0,BB,02,BB,B0
2577,00,00,01,00,01,B0,00,0008,00,00,00,00,00,00,00,00,00,00,0A,7B,00,01,00,00,00,0000,00,00,0000,00,00,00,00,0008,0008,00,00,00,0008,0008,08,F0,BB,02,BC,B0
2578,00,00,01,00,01,B0,00,0008,00,00,00,00,00,00,00,00,00,00,0A,7A,00,01,00,00,00,0000,00,00,0000,00,00,00,00,0008,0008,00,00,00,0008,0008,08,F0,BB,02,BD,B0
2579,00,00,01,00,01,B0,00,0008,00,00,00,00,00,00,00,00,00,00,0A,79,00,01,00,00,00,0000,00,00,0000,00,00,00,00,0008,0008,00,00,00,0008,0008,08,F0,BB,02,BE,B0
2580,00,00,01,00,01,B0,00,0008,00,00,00,00,00,00,00,00,00,00,0A,78,00,01,00,00,00,0000,00,00,0000,00,00,00,00,0008,0008,00,00,00,0008,0008,08,F0,BB,02,BF,B0
2581,00,00,01,00,01,B0,00,0008,00,00,00,00,00,00,00,00,00,00,0A,77,00,01,00,00,00,0000,00,00,0000,00,00,00,00,0008,0008,00,00,00,0008,0008,08,F0,BB,02,C0,B0
2582,00,00,01,00,01,B0,00,0008,00,00,00,00,00,00,00,00,00,00,0A,76,00,01,00,00,00,0000,00,00,0000,00,00,00,00,0008,0008,00,00,00,0008,0008,08,F0,BB,02,C1,B0
2583,00,00,01,00,01,B0,00,0008,00,00,00,00,00,00,00,00,00,00,0A,75,00,01,00,00,00,0000,00,00,0000,00,00,00,00,0008,0008,00,00,00,0008,0008,08,F0,BB,02,C2,B0
2584,00,00,01,00,01,B0,00,0008,00,00,00,00,00,00,00,00,00,00,0A,74,00,01,00,00,00,0000,00,00,0000,00,00,00,00,0008,0008,00,00,00,0008,0008,08,F0,BB,02,C3,B0
2585,00,00,01,00,01,B0,00,0008,00,00,00,00,00,00,00,00,00,00,0A,73,00,01,00,00,00,0000,00,00,0000,00,00,00,00,0008,0008,00,00,00,0008,0008,08,F0,BB,02,C4,B0
2586,00,00,01,00,01,B0,00,0008,00,00,00,00,00,00,00,00,00,00,0A,72,00,01,00,00,00,0000,00,00,0000,00,00,00,00,0008,0008,00,00,00,0008,0008,08,F0,BB,02,C5,B0
2587,00,00,01,00,01,B0,00,0008,00,00,00,00,00,00,00,00,00,00,0A,71,00,01,00,00,00,0000,00,00,0000,00,00,00,00,0008,0008,00,00,00,0008,0008,08,F0,BB,02,C6,B0
2588,00,00,01,00,01,B0,00,0008,00,00,00,00,00,00,00,00,00,00,0A,70,00,01,00,00,00,0000,00,00,0000,00,00,00,00,0008,0008,00,00,00,0008,0008,08,F0,BB,02,C7,B0
2589,00,00,01,00,01,B0,00,0008,00,00,00,00,00,00,00,00,00,00,0A,6F,00,01,00,00,00,0000,00,00,0000,00,00,00,00,0008,0008,00,00,00,0008,0008,08,F0,BB,02,C8,B0
2590,00,00,01,00,01,B0,00,0008,00,00,00,00,00,00,00,00,00,00,0A,6E,00,01,00,00,00,0000,00,00,0000,00,00,00,00,0008,0008,00,00,00,0008,0008,08,F0,BB,02,C9,B0
2591,00,00,01,00,01,B0,00,0008,00,00,00,00,00,00,00,00,00,00,0A,6D,00,01,00,00,00,0000,00,00,0000,00,00,00,00,0008,0008,00,00,00,0008,0008,08,F0,BB,02,CA,B0
2592,00,00,01,00,01,B0,00,0008,00,00,00,00,00,00,00,00,00,00,0A,6C,00,01,00,00,00,0000,00,00,0000,00,00,00,00,0008,0008,00,00,00,0008,0008,08,F0,BB,02,CB,B0
2593,00,00,01,00,01,B0,00,0008,00,00,00,00,00,00,00,00,00,00,0A,6B,00,01,00,00,00,0000,00,00,0000,00,00,00,00,0008,0008,00,00,00,0008,0008,08,F0,BB,02,CC,B0
2594,00,00,01,00,01,B0,00,0008,00,00,00,00,00,00,00,00,00,00,0A,6A,00,01,00,00,00,0000,00,00,0000,00,00,00,00,0008,0008,00,00,00,0008,0008,08,F0,BB,02,CD,B0
2595,00,00,01,00,01,B0,00,0008,00,00,00,00,00,00,00,00,00,00,0A,69,00,01,00,00,00,0000,00,00,0000,00,00,00,00,0008,0008,00,00,00,0008,0008,08,F0,BB,02,CE,B0
2596,00,00,01,00,01,B0,00,0008,00,00,00,00,00,00,00,00,00,00,0A,68,00,01,00,00,00,0000,00,00,0000,00,00,00,00,0008,0008,00,00,00,0008,0008,08,F0,BB,02,CF,B0
2597,00,00,01,00,01,B0,00,0008,00,00,00,00,00,00,00,00,00,00,0A,67,00,01,00,00,00,0000,00,00,0000,00,00,00,00,0008,0008,00,00,00,0008,0008,08,F0,BB,02,D0,B0
2598,00,00,01,00,01,B0,00,0008,00,00,00,00,00,00,00,00,00,00,0A,66,00,01,00,00,00,0000,00,00,0000,00,00,00,00,0008,0008,00,00,00,0008,0008,08,F0,BB,02,D1,B0
2599,00,00,01,00,01,B0,00,0008,00,00,00,00,00,00,00,00,00,00,0A,65,00,01,00,00,00,0000,00,00,0000,00,00,00,00,0008,0008,00,00,00,0008,0008,08,F0,BB,02,D2,B0
2600,00,00,01,00,01,B0,00,0008,00,00,00,00,00,00,00,00,00,00,0A,64,00,01,00,00,00,0000,00,00,0000,00,00,00,00,0008,0008,00,00,00,0008,0008,08,F0,BB,02,D3,B0
2601,00,00,01,00,01,B0,00,0008,00,00,00,00,00,00,00,00,00,00,0A,63,00,01,00,00,00,0000,00,00,0000,00,00,00,00,0008,0008,00,00,00,0008,0008,08,F0,BB,02,D4,B0
2602,00,00,01,00,01,B0,00,0008,00,00,00,00,00,00,00,00,00,00,0A,62,00,01,00,00,00,0000,00,00,0000,00,00,00,00,0008,0008,00,00,00,0008,0008,08,F0,BB,02,D5,B0
2603,00,00,01,00,01,B0,00,0008,00,00,00,00,00,00,00,00,00,00,0A,61,00,01,00,00,00,0000,00,00,0000,00,00,00,00,0008,0008,00,00,00,0008,0008,08,F0,BB,02,D6,B0
2604,00,00,01,00,01,B0,00,0008,00,00,00,00,00,00,00,00,00,00,0A,60,00,01,00,00,00,0000,00,00,0000,00,00,00,00,0008,0008,00,00,00,0008,0008,08,F0,BB,02,D7,B0
2605,00,00,01,00,01,B0,00,0008,00,00,00,00,00,00,00,00,00,00,0A,5F,00,01,00,00,00,0000,00,00,0000,00,00,00,00,0008,0008,00,00,00,0008,0008,08,F0,BB,02,D8,B0
2606,00,00,01,00,01,B0,00,0008,00,00,00,00,00,00,00,00,00,00,0A,5E,00,01,00,00,00,0000,00,00,0000,00,00,00,00,0008,0008,00,00,00,0008,0008,08,F0,BB,02,D9,B0
2607,00,00,01,00,01,B0,00,0008,00,00,00,00,00,00,00,00,00,00,0A,5D,00,01,00,00,00,0000,00,00,0000,00,00,00,00,0008,0008,00,00,00,0008,0008,08,F0,BB,02,DA,B0
2608,00,00,01,00,01,B0,00,0008,00,00,00,00,00,00,00,00,00,00,0A,5C,00,01,00,00,00,0000,00,00,0000,00,00,00,00,0008,0008,00,00,00,0008,0008,08,F0,BB,02,DB,B0
2609,00,00,01,00,01,B0,00,0008,00,00,00,00,00,00,00,00,00,00,0A,5B,00,01,00,00,00,0000,00,00,0000,00,00,00,00,0008,0008,00,00,00,0008,0008,08,F0,BB,02,DC,B0
2610,00,00,01,00,01,B0,00,0008,00,00,00,00,00,00,00,00,00,00,0A,5A,00,01,00,00,00,0000,00,00,0000,00,00,00,00,0008,0008,00,00,00,0008,0008,08,F0,BB,02,DD,B0
2611,00,00,01,00,01,B0,00,0008,00,00,00,00,00,00,00,00,00,00,0A,59,00,01,00,00,00,0000,00,00,0000,00,00,00,00,0008,0008,00,00,00,0008,0008,08,F0,BB,02,DE,B0
2612,00,00,01,00,01,B0,00,0008,00,00,00,00,00,00,00,00,00,00,0A,58,00,01,00,00,00,0000,00,00,0000,00,00,00,00,0008,0008,00,00,00,0008,0008,08,F0,BB,02,DF,B0
2613,00,00,01,00,01,B0,00,0008,00,00,00,00,00,00,00,00,00,00,0A,57,00,01,00,00,00,0000,00,00,0000,00,00,00,00,0008,0008,00,00,00,0008,0008,08,F0,BB,02,E0,B0
2614,00,00,01,00,01,B0,00,0008,00,00,00,00,00,00,00,00,00,00,0A,56,00,01,00,00,00,0000,00,00,0000,00,00,00,00,0008,0008,00,00,00,0008,0008,08,F0,BB,02,E1,B0
2615,00,00,01,00,01,B0,00,0008,00,00,00,00,00,00,00,00,00,00,0A,55,00,01,00,00,00,0000,00,00,0000,00,00,00,00,0008,0008,00,00,00,0008,0008,08,F0,BB,02,E2,B0
2616,00,00,01,00,01,B0,00,0008,00,00,00,00,00,00,00,00,00,00,0A,54,00,01,00,00,00,0000,00,00,0000,00,00,00,00,0008,0008,00,00,00,0008,0008,08,F0,BB,02,E3,B0
2617,00,00,01,00,01,B0,00,0008,00,00,00,00,00,00,00,00,00,00,0A,53,00,01,00,00,00,0000,00,00,0000,00,00,00,00,0008,0008,00,00,00,0008,0008,08,F0,BB,02,E4,B0
2618,00,00,01,00,01,B0,00,0008,00,00,00,00,00,00,00,00,00,00,0A,52,00,01,00,00,00,0000,00,00,0000,00,00,00,00,0008,0008,00,00,00,0008,0008,08,F0,BB,02,E5,B0
2619,00,00,01,00,01,B0,00,0008,00,00,00,00,00,00,00,00,00,00,0A,51,00,01,00,00,00,0000,00,00,0000,00,00,00,00,0008,0008,00,00,00,0008,0008,08,F0,BB,02,E6,B0
2620,00,00,01,00,01,B0,00,0008,00,00,00,00,00,00,00,00,00,00,0A,50,00,01,00,00,00,0000,00,00,0000,00,00,00,00,0008,0008,00,00,00,0008,0008,08,F0,BB,02,E7,B0
2621,00,00,01,00,01,B0,00,0008,00,00,00,00,00,00,00,00,00,00,0A,4F,00,01,00,00,00,0000,00,00,0000,00,00,00,00,0008,0008,00,00,00,0008,0008,08,F0,BB,02,E8,B0
2622,00,00,01,00,01,B0,00,0008,00,00,00,00,00,00,00,00,00,00,0A,4E,00,01,00,00,00,0000,00,00,0000,00,00,00,00,0008,0008,00,00,00,0008,0008,08,F0,BB,02,E9,B0
2623,00,00,01,00,01,B0,00,0008,00,00,00,00,00,00,00,00,00,00,0A,4D,00,01,00,00,00,0000,00,00,0000,00,00,00,00,0008,0008,00,00,00,0008,0008,08,F0,BB,02,EA,B0
2624,00,00,01,00,01,B0,00,0008,00,00,00,00,00,00,00,00,00,00,0A,4C,00,01,00,00,00,0000,00,00,0000,00,00,00,00,0008,0008,00,00,00,0008,0008,08,F0,BB,02,EB,B0
2625,00,00,01,00,01,B0,00,0008,00,00,00,00,00,00,00,00,00,00,0A,4B,00,01,00,00,00,0000,00,00,0000,00,00,00,00,0008,0008,00,00,00,0008,0008,08,F0,BB,02,EC,B0
2626,00,00,01,00,01,B0,00,0008,00,00,00,00,00,00,00,00,00,00,0A,4A,00,01,00,00,00,0000,00,00,0000,00,00,00,00,0008,0008,00,00,00,0008,0008,08,F0,BB,02,ED,B0
2627,00,00,01,00,01,B0,00,0008,00,00,00,00,00,00,00,00,00,00,0A,49,00,01,00,00,00,0000,00,00,0000,00,00,00,00,0008,0008,00,00,00,0008,0008,08,F0,BB,02,EE,B0
2628,00,00,01,00,01,B0,00,0008,00,00,00,00,00,00,00,00,00,00,0A,48,00,01,00,00,00,0000,00,00,0000,00,00,00,00,0008,0008,00,00,00,0008,0008,08,F0,BB,02,EF,B0
2629,00,00,01,00,01,B0,00,0008,00,00,00,00,00,00,00,00,00,00,0A,47,00,01,00,00,00,0000,00,00,0000,00,00,00,00,0008,0008,00,00,00,0008,0008,08,F0,BB,02,F0,B0
2630,00,00,01,00,01,B0,00,0008,00,00,00,00,00,00,00,00,00,00,0A,46,00,01,00,00,00,0000,00,00,0000,00,00,00,00,0008,0008,00,00,00,0008,0008,08,F0,BB,02,F1,B0
2631,00,00,01,00,01,B0,00,0008,00,00,00,00,00,00,00,00,00,00,0A,45,00,01,00,00,00,0000,00,00,0000,00,00,00,00,0008,0008,00,00,00,0008,0008,08,F0,BB,02,F2,B0
2632,00,00,01,00,01,B0,00,0008,00,00,00,00,00,00,00,00,00,00,0A,44,00,01,00,00,00,0000,00,00,0000,00,00,00,00,0008,0008,00,00,00,0008,0008,08,F0,BB,02,F3,B0
2633,00,00,01,00,01,B0,00,0008,00,00,00,00,00,00,00,00,00,00,0A,43,00,01,00,00,00,0000,00,00,0000,00,00,00,00,0008,0008,00,00,00,0008,0008,08,F0,BB,02,F4,B0
2634,00,00,01,00,01,B0,00,0008,00,00,00,00,00,00,00,00,00,00,0A,42,00,01,00,00,00,0000,00,00,0000,00,00,00,00,0008,0008,00,00,00,0008,0008,08,F0,BB,02,F5,B0
2635,00,00,01,00,01,B0,00,0008,00,00,00,00,00,00,00,00,00,00,0A,41,00,01,00,00,00,0000,00,00,0000,00,00,00,00,0008,0008,00,00,00,0008,0008,08,F0,BB,02,F6,B0
2636,00,00,01,00,01,B0,00,0008,00,00,00,00,00,00,00,00,00,00,0A,40,00,01,00,00,00,0000,00,00,0000,00,00,00,00,0008,0008,00,00,00,0008,0008,08,F0,BB,02,F7,B0
2637,00,00,01,00,01,B0,00,0008,00,00,00,00,00,00,00,00,00,00,0A,3F,00,01,00,00,00,0000,00,00,0000,00,00,00,00,0008,0008,00,00,00,0008,0008,08,F0,BB,02,F8,B0
2638,00,00,01,00,01,B0,00,0008,00,00,00,00,00,00,00,00,00,00,0A,3E,00,01,00,00,00,0000,00,00,0000,00,00,00,00,0008,0008,00,00,00,0008,0008,08,F0,BB,02,F9,B0
2639,00,00,01,00,01,B0,00,0008,00,00,00,00,00,00,00,00,00,00,0A,3D,00,01,00,00,00,0000,00,00,0000,00,00,00,00,0008,0008,00,00,00,0008,0008,08,F0,BB,02,FA,B0
2640,00,00,01,00,01,B0,00,0008,00,00,00,00,00,00,00,00,00,00,0A,3C,00,01,00,00,00,0000,00,00,0000,00,00,00,00,0008,0008,00,00,00,0008,0008,08,F0,BB,02,FB,B0
2641,00,00,01,00,01,B0,00,0008,00,00,00,00,00,00,00,00,00,00,0A,3B,00,01,00,00,00,0000,00,00,0000,00,00,00,00,0008,0008,00,00,00,0008,0008,08,F0,BB,02,FC,B0
2642,00,00,01,00,01,B0,00,0008,00,00,00,00,00,00,00,00,00,00,0A,3A,00,01,00,00,00,0000,00,00,0000,00,00,00,00,0008,0008,00,00,00,0008,0008,08,F0,BB,02,FD,B0
2643,00,00,01,00,01,B0,00,0008,00,00,00,00,00,00,00,00,00,00,0A,39,00,01,00,00,00,0000,00,00,0000,00,00,00,00,0008,0008,00,00,00,0008,0008,08,F0,BB,02,FE,B0
2644,00,00,01,00,01,B0,00,0008,00,00,00,00,00,00,00,00,00,00,0A,38,00,01,00,00,00,0000,00,00,0000,00,00,00,00,0008,0008,00,00,00,0008,0008,08,F0,BB,02,FF,B0
2645,00,00,01,00,01,B0,00,0008,00,00,00,00,00,00,00,00,00,00,0A,37,00,01,00,00,00,0000,00,00,0000,00,00,00,00,0008,0008,00,00,00,0008,0008,08,F0,BB,02,00,B0
2646,00,00,01,00,01,B0,00,0008,00,00,00,00,00,00,00,00,00,00,0A,36,00,01,00,00,00,0000,00,00,0000,00,00,00,00,0008,0008,00,00,00,0008,0008,08,F0,BB,02,01,B0
2647,00,00,01,00,01,B0,00,0008,00,00,00,00,00,00,00,00,00,00,0A,35,00,01,00,00,00,0000,00,00,0000,00,00,00,00,0008,0008,00,00,00,0008,0008,08,F0,BB,02,02,B0
2648,00,00,01,00,01,B0,00,0008,00,00,00,00,00,00,00,00,00,00,0A,34,00,01,00,00,00,0000,00,00,0000,00,00,00,00,0008,0008,00,00,00,0008,0008,08,F0,BB,02,03,B0
2649,00,00,01,00,01,B0,00,0008,00,00,00,00,00,00,00,00,00,00,0A,33,00,01,00,00,00,0000,00,00,0000,00,00,00,00,0008,0008,00,00,00,0008,0008,08,F0,BB,02,04,B0
2650,00,00,01,00,01,B0,00,0008,00,00,00,00,00,00,00,00,00,00,0A,32,00,01,00,00,00,0000,00,00,0000,00,00,00,00,0008,0008,00,00,00,0008,0008,08,F0,BB,02,05,B0
2651,00,00,01,00,01,B0,00,0008,00,00,00,00,00,00,00,00,00,00,0A,31,00,01,00,00,00,0000,00,00,0000,00,00,00,00,0008,0008,00,00,00,0008,0008,08,F0,BB,02,06,B0
2652,00,00,01,00,01,B0,00,0008,00,00,00,00,00,00,00,00,00,00,0A,30,00,01,00,00,00,0000,00,00,0000,00,00,00,00,0008,0008,00,00,00,0008,0008,08,F0,BB,02,07,B0
2653,00,00,01,00,01,B0,00,0008,00,00,00,00,00,00,00,00,00,00,0A,2F,00,01,00,00,00,0000,00,00,0000,00,00,00,00,0008,0008,00,00,00,0008,0008,08,F0,BB,02,08,B0
2654,00,00,01,00,01,B0,00,0008,00,00,00,00,00,00,00,00,00,00,0A,2E,00,01,00,00,00,0000,00,00,0000,00,00,00,00,0008,0008,00,00,00,0008,0008,08,F0,BB,02,09,B0
2655,00,00,01,00,01,B0,00,0008,00,00,00,00,00,00,00,00,00,00,0A,2D,00,01,00,00,00,0000,00,00,0000,00,00,00,00,0008,0008,00,00,00,0008,0008,08,F0,BB,02,0A,B0
2656,00,00,01,00,01,B0,00,0008,00,00,00,00,00,00,00,00,00,00,0A,2C,00,01,00,00,00,0000,00,00,0000,00,00,00,00,0008,0008,00,00,00,0008,0008,08,F0,BB,02,0B,B0
2657,00,00,01,00,01,B0,00,0008,00,00,00,00,00,00,00,00,00,00,0A,2B,00,01,00,00,00,0000,00,00,0000,00,00,00,00,0008,0008,00,00,00,0008,0008,08,F0,BB,02,0C,B0
2658,00,00,01,00,01,B0,00,0008,00,00,00,00,00,00,00,00,00,00,0A,2A,00,01,00,00,00,0000,00,00,0000,00,00,00,00,0008,0008,00,00,00,0008,0008,08,F0,BB,02,0D,B0
2659,00,00,01,00,01,B0,00,0008,00,00,00,00,00,00,00,00,00,00,0A,29,00,01,00,00,00,0000,00,00,0000,00,00,00,00,0008,0008,00,00,00,0008,0008,08,F0,BB,02,0E,B0
2660,00,00,01,00,01,B0,00,0008,00,00,00,00,00,00,00,00,00,00,0A,28,00,01,00,00,00,0000,00,00,0000,00,00,00,00,0008,0008,00,00,00,0008,0008,08,F0,BB,02,0F,B0
2661,00,00,01,00,01,B0,00,0008,00,00,00,00,00,00,00,00,00,00,0A,27,00,01,00,00,00,0000,00,00,0000,00,00,00,00,0008,0008,00,00,00,0008,0008,08,F0,BB,02,10,B0
2662,00,00,01,00,01,B0,00,0008,00,00,00,00,00,00,00,00,00,00,0A,26,00,01,00,00,00,0000,00,00,0000,00,00,00,00,0008,0008,00,00,00,0008,0008,08,F0,BB,02,11,B0
2663,00,00,01,00,01,B0,00,0008,00,00,00,00,00,00,00,00,00,00,0A,25,00,01,00,00,00,0000,00,00,0000,00,00,00,00,0008,0008,00,00,00,0008,0008,08,F0,BB,02,12,B0
2664,00,00,01,00,01,B0,00,0008,00,00,00,00,00,00,00,00,00,00,0A,24,00,01,00,00,00,0000,00,00,0000,00,00,00,00,0008,0008,00,00,00,0008,0008,08,F0,BB,02,13,B0
2665,00,00,01,00,01,B0,00,0008,00,00,00,00,00,00,00,00,00,00,0A,23,00,01,00,00,00,0000,00,00,0000,00,00,00,00,0008,0008,00,00,00,0008,0008,08,F0,BB,02,14,B0
2666,00,00,01,00,01,B0,00,0008,00,00,00,00,00,00,00,00,00,00,0A,22,00,01,00,00,00,0000,00,00,0000,00,00,00,00,0008,0008,00,00,00,0008,0008,08,F0,BB,02,15,B0
2667,00,00,01,00,01,B0,00,0008,00,00,00,00,00,00,00,00,00,00,0A,21,00,01,00,00,00,0000,00,00,0000,00,00,00,00,0008,0008,00,00,00,0008,0008,08,F0,BB,02,16,B0
2668,00,00,01,00,01,B0,00,0008,00,00,00,00,00,00,00,00,00,00,0A,20,00,01,00,00,00,0000,00,00,0000,00,00,00,00,0008,0008,00,00,00,0008,0008,08,F0,BB,02,17,B0
2669,00,00,01,00,01,B0,00,0008,00,00,00,00,00,00,00,00,00,00,0A,1F,00,01,00,00,00,0000,00,00,0000,00,00,00,00,0008,0008,00,00,00,0008,0008,08,F0,BB,02,18,B0
2670,00,00,01,00,01,B0,00,0008,00,00,00,00,00,00,00,00,00,00,0A,1E,00,01,00,00,00,0000,00,00,0000,00,00,00,00,0008,0008,00,00,00,0008,0008,08,F0,BB,02,19,B0
2671,00,00,01,00,01,B0,00,0008,00,00,00,00,00,00,00,00,00,00,0A,1D,00,01,00,00,00,0000,00,00,0000,00,00,00,00,0008,0008,00,00,00,0008,0008,08,F0,BB,02,1A,B0
2672,00,00,01,00,01,B0,00,0008,00,00,00,00,00,00,00,00,00,00,0A,1C,00,01,00,00,00,0000,00,00,0000,00,00,00,00,0008,0008,00,00,00,0008,0008,08,F0,BB,02,1B,B0
2673,00,00,01,00,01,B0,00,0008,00,00,00,00,00,00,00,00,00,00,0A,1B,00,01,00,00,00,0000,00,00,0000,00,00,00,00,0008,0008,00,00,00,0008,0008,08,F0,BB,02,1C,B0
2674,00,00,01,00,01,B0,00,0008,00,00,00,00,00,00,00,00,00,00,0A,1A,00,01,00,00,00,0000,00,00,0000,00,00,00,00,0008,0008,00,00,00,0008,0008,08,F0,BB,02,1D,B0
2675,00,00,01,00,01,B0,00,0008,00,00,00,00,00,00,00,00,00,00,0A,19,00,01,00,00,00,0000,00,00,0000,00,00,00,00,0008,0008,00,00,00,0008,0008,08,F0,BB,02,1E,B0
2676,00,00,01,00,01,B0,00,0008,00,00,00,00,00,00,00,00,00,00,0A,18,00,01,00,00,00,0000,00,00,0000,00,00,00,00,0008,0008,00,00,00,0008,0008,08,F0,BB,02,1F,B0
2677,00,00,01,00,01,B0,00,0008,00,00,00,00,00,00,00,00,00,00,0A,17,00,01,00,00,00,0000,00,00,0000,00,00,00,00,0008,0008,00,00,00,0008,0008,08,F0,BB,02,20,B0
2678,00,00,01,00,01,B0,00,0008,00,00,00,00,00,00,00,00,00,00,0A,16,00,01,00,00,00,0000,00,00,0000,00,00,00,00,0008,0008,00,00,00,0008,0008,08,F0,BB,02,21,B0
2679,00,00,01,00,01,B0,00,0008,00,00,00,00,00,00,00,00,00,00,0A,15,00,01,00,00,00,0000,00,00,0000,00,00,00,00,0008,0008,00,00,00,0008,0008,08,F0,BB,02,22,B0
2680,00,00,01,00,01,B0,00,0008,00,00,00,00,00,00,00,00,00,00,0A,14,00,01,00,00,00,0000,00,00,0000,00,00,00,00,0008,0008,00,00,00,0008,0008,08,F0,BB,02,23,B0
2681,00,00,01,00,01,B0,00,0008,00,00,00,00,00,00,00,00,00,00,0A,13,00,01,00,00,00,0000,00,00,0000,00,00,00,00,0008,0008,00,00,00,0008,0008,08,F0,BB,02,24,B0
2682,00,00,01,00,01,B0,00,0008,00,00,00,00,00,00,00,00,00,00,0A,12,00,01,00,00,00,0000,00,00,0000,00,00,00,00,0008,0008,00,00,00,0008,0008,08,F0,BB,02,25,B0
2683,00,00,01,00,01,B0,00,0008,00,00,00,00,00,00,00,00,00,00,0A,11,00,01,00,00,00,0000,00,00,0000,00,00,00,00,0008,0008,00,00,00,0008,0008,08,F0,BB,02,26,B0
2684,00,00,01,00,01,B0,00,0008,00,00,00,00,00,00,00,00,00,00,0A,10,00,01,00,00,00,0000,00,00,0000,00,00,00,00,0008,0008,00,00,00,0008,0008,08,F0,BB,02,27,B0
2685,00,00,01,00,01,B0,00,0008,00,00,00,00,00,00,00,00,00,00,0A,0F,00,01,00,00,00,0000,00,00,0000,00,00,00,00,0008,0008,00,00,00,0008,0008,08,F0,BB,02,28,B0
2686,00,00,01,00,01,B0,00,0008,00,00,00,00,00,00,00,00,00,00,0A,0E,00,01,00,00,00,0000,00,00,0000,00,00,00,00,0008,0008,00,00,00,0008,0008,08,F0,BB,02,29,B0
2687,00,00,01,00,01,B0,00,0008,00,00,00,00,00,00,00,00,00,00,0A,0D,00,01,00,00,00,0000,00,00,0000,00,00,00,00,0008,0008,00,00,00,0008,0008,08,F0,BB,02,2A,B0
2688,00,00,01,00,01,B0,00,0008,00,00,00,00,00,00,00,00,00,00,0A,0C,00,01,00,00,00,0000,00,00,0000,00,00,00,00,0008,0008,00,00,00,0008,0008,08,F0,BB,02,2B,B0
2689,00,00,01,00,01,B0,00,0008,00,00,00,00,00,00,00,00,00,00,0A,0B,00,01,00,00,00,0000,00,00,0000,00,00,00,00,0008,0008,00,00,00,0008,0008,08,F0,BB,02,2C,B0
2690,00,00,01,00,01,B0,00,0008,00,00,00,00,00,00,00,00,00,00,0A,0A,00,01,00,00,00,0000,00,00,0000,00,00,00,00,0008,0008,00,00,00,0008,0008,08,F0,BB,02,2D,B0
2691,00,00,01,00,01,B0,00,0008,00,00,00,00,00,00,00,00,00,00,0A,09,00,01,00,00,00,0000,00,00,0000,00,00,00,00,0008,0008,00,00,00,0008,0008,08,F0,BB,02,2E,B0
2692,00,00,01,00,01,B0,00,0008,00,00,00,00,00,00,00,00,00,00,0A,08,00,01,00,00,00,0000,00,00,0000,00,00,00,00,0008,0008,00,00,00,0008,0008,08,F0,BB,02,2F,B0
2693,00,00,01,00,01,B0,00,0008,00,00,00,00,00,00,00,00,00,00,0A,07,00,01,00,00,00,0000,00,00,0000,00,00,00,00,0008,0008,00,00,00,0008,0008,08,F0,BB,02,30,B0
2694,00,00,01,00,01,B0,00,0008,00,00,00,00,00,00,00,00,00,00,0A,06,00,01,00,00,00,0000,00,00,0000,00,00,00,00,0008,0008,00,00,00,0008,0008,08,F0,BB,02,31,B0
2695,00,00,01,00,01,B0,00,0008,00,00,00,00,00,00,00,00,00,00,0A,05,00,01,00,00,00,0000,00,00,0000,00,00,00,00,0008,0008,00,00,00,0008,0008,08,F0,BB,02,32,B0
2696,00,00,01,00,01,B0,00,0008,00,00,00,00,00,00,00,00,00,00,0A,04,00,01,00,00,00,0000,00,00,0000,00,00,00,00,0008,0008,00,00,00,0008,0008,08,F0,BB,02,33,B0
2697,00,00,01,00,01,B0,00,0008,00,00,00,00,00,00,00,00,00,00,0A,03,00,01,00,00,00,0000,00,00,0000,00,00,00,00,0008,0008,00,00,00,0008,0008,08,F0,BB,02,34,B0
2698,00,00,01,00,01,B0,00,0008,00,00,00,00,00,00,00,00,00,00,0A,02,00,01,00,00,00,0000,00,00,0000,00,00,00,00,0008,0008,00,00,00,0008,0008,08,F0,BB,02,35,B0
2699,00,00,01,00,01,B0,00,0008,00,00,00,00,00,00,00,00,00,00,0A,01,00,01,00,00,00,0000,00,00,0000,00,00,00,00,0008,0008,00,00,00,0008,0008,08,F0,BB,02,36,B0
2700,00,00,01,00,01,B0,00,0008,00,00,00,00,00,00,00,00,00,00,0A,00,00,01,00,00,00,0000,00,00,0000,00,00,00,00,0008,0008,00,00,00,0008,0008,08,F0,BB,02,37,B0
2701,00,00,01,00,01,B0,00,0008,00,00,00,00,00,00,00,00,00,00,0B,05,00,01,00,00,00,0000,00,00,0000,00,00,00,00,0008,0008,00,00,00,0008,0008,08,F0,BB,02,38,B0
2702,00,00,01,00,01,B0,00,0008,00,00,00,00,00,00,00,00,00,00,0B,04,00,01,00,00,00,0000,00,00,0000,00,00,00,00,0008,0008,00,00,00,0008,0008,08,F0,BB,02,39,B0
2703,00,00,01,00,01,B0,00,0008,00,00,00,00,00,00,00,00,00,00,0B,03,00,01,00,00,00,0000,00,00,0000,00,00,00,00,0008,0008,00,00,00,0008,0008,08,F0,BB,02,3A,B0
2704,00,00,01,00,01,B0,00,0008,00,00,00,00,00,00,00,00,00,00,0B,02,00,01,00,00,00,0000,00,00,0000,00,00,00,00,0008,0008,00,00,00,0008,0008,08,F0,BB,02,3B,B0
2705,00,00,01,00,01,B0,00,0008,00,00,00,00,00,00,00,00,00,00,0B,01,00,01,00,00,00,0000,00,00,0000,00,00,00,00,0008,0008,00,00,00,0008,0008,08,F0,BB,02,3C,B0
2706,00,00,01,00,01,B0,00,0008,00,00,00,00,00,00,00,00,00,00,0B,00,00,01,00,00,00,0000,00,00,0000,00,00,00,00,0008,0008,00,00,00,0008,0008,08,F0,BB,02,3D,B0
2707,00,00,01,00,01,B0,00,0008,00,00,00,00,00,00,00,00,00,00,0C,03,00,01,00,00,00,0000,00,00,0000,00,00,00,00,0008,0008,00,00,00,0008,0008,08,F0,BB,02,3E,B0
2708,00,00,01,00,01,B0,00,0008,00,00,00,00,00,00,00,00,00,00,0C,02,00,01,00,00,00,0000,00,00,0000,00,00,00,00,0008,0008,00,00,00,0008,0008,08,F0,BB,02,3F,B0
2709,00,00,01,00,01,B0,00,0008,00,00,00,00,00,00,00,00,00,00,0C,01,00,01,00,00,00,0000,00,00,0000,00,00,00,00,0008,0008,00,00,00,0008,0008,08,F0,BB,02,40,B0
2710,00,00,01,00,01,B0,00,0008,00,00,00,00,00,00,00,00,00,00,0C,00,00,01,00,00,00,0000,00,00,0000,00,00,00,00,0008,0008,00,00,00,0008,0008,08,F0,BB,02,41,B0
2711,00,00,01,00,01,B0,00,0008,00,00,00,00,00,00,00,00,00,00,0D,BF,00,01,00,00,00,0000,00,00,0000,00,00,00,00,0008,0008,00,00,00,0008,0008,08,F0,BB,02,42,B0
2712,00,00,01,00,01,B0,00,0008,00,00,00,00,00,00,00,00,00,00,0D,BE,00,01,00,00,00,0000,00,00,0000,00,00,00,00,0008,0008,00,00,00,0008,0008,08,F0,BB,02,43,B0
2713,00,00,01,00,01,B0,00,0008,00,00,00,00,00,00,00,00,00,00,0D,BD,00,01,00,00,00,0000,00,00,0000,00,00,00,00,0008,0008,00,00,00,0008,0008,08,F0,BB,02,44,B0
2714,00,00,01,00,01,B0,00,0008,00,00,00,00,00,00,00,00,00,00,0D,BC,00,01,00,00,00,0000,00,00,0000,00,00,00,00,0008,0008,00,00,00,0008,0008,08,F0,BB,02,45,B0
2715,00,00,01,00,01,B0,00,0008,00,00,00,00,00,00,00,00,00,00,0D,BB,00,01,00,00,00,0000,00,00,0000,00,00,00,00,0008,0008,00,00,00,0008,0008,08,F0,BB,02,46,B0
2716,00,00,01,00,01,B0,00,0008,00,00,00,00,00,00,00,00,00,00,0D,BA,00,01,00,00,00,0000,00,00,0000,00,00,00,00,0008,0008,00,00,00,0008,0008,08,F0,BB,02,47,B0
2717,00,00,01,00,01,B0,00,0008,00,00,00,00,00,00,00,00,00,00,0D,B9,00,01,00,00,00,0000,00,00,0000,00,00,00,00,0008,0008,00,00,00,0008,0008,08,F0,BB,02,48,B0
2718,00,00,01,00,01,B0,00,0008,00,00,00,00,00,00,00,00,00,00,0D,B8,00,01,00,00,00,0000,00,00,0000,00,00,00,00,0008,0008,00,00,00,0008,0008,08,F0,BB,02,49,B0
2719,00,00,01,00,01,B0,00,0008,00,00,00,00,00,00,00,00,00,00,0D,B7,00,01,00,00,00,0000,00,00,0000,00,00,00,00,0008,0008,00,00,00,0008,0008,08,F0,BB,02,4A,B0
2720,00,00,01,00,01,B0,00,0008,00,00,00,00,00,00,00,00,00,00,0D,B6,00,01,00,00,00,0000,00,00,0000,00,00,00,00,0008,0008,00,00,00,0008,0008,08,F0,BB,02,4B,B0
2721,00,00,01,00,01,B0,00,0008,00,00,00,00,00,00,00,00,00,00,0D,B5,00,01,00,00,00,0000,00,00,0000,00,00,00,00,0008,0008,00,00,00,0008,0008,08,F0,BB,02,4C,B0
2722,00,00,01,00,01,B0,00,0008,00,00,00,00,00,00,00,00,00,00,0D,B4,00,01,00,00,00,0000,00,00,0000,00,00,00,00,0008,0008,00,00,00,0008,0008,08,F0,BB,02,4D,B0
2723,00,00,01,00,01,B0,00,0008,00,00,00,00,00,00,00,00,00,00,0D,B3,00,01,00,00,00,0000,00,00,0000,00,00,00,00,0008,0008,00,00,00,0008,0008,08,F0,BB,02,4E,B0
2724,00,00,01,00,01,B0,00,0008,00,00,00,00,00,00,00,00,00,00,0D,B2,00,01,00,00,00,0000,00,00,0000,00,00,00,00,0008,0008,00,00,00,0008,0008,08,F0,BB,02,4F,B0
2725,00,00,01,00,01,B0,00,0008,00,00,00,00,00,00,00,00,00,00,0D,B1,00,01,00,00,00,0000,00,00,0000,00,00,00,00,0008,0008,00,00,00,0008,0008,08,F0,BB,02,50,B0
2726,00,00,01,00,01,B0,00,0008,00,00,00,00,00,00,00,00,00,00,0D,B0,00,01,00,00,00,0000,00,00,0000,00,00,00,00,0008,0008,00,00,00,0008,0008,08,F0,BB,02,51,B0
2727,00,00,01,00,01,B0,00,0008,00,00,00,00,00,00,00,00,00,00,0D,AF,00,01,00,00,00,0000,00,00,0000,00,00,00,00,0008,0008,00,00,00,0008,0008,08,F0,BB,02,52,B0
2728,00,00,01,00,01,B0,00,0008,00,00,00,00,00,00,00,00,00,00,0D,AE,00,01,00,00,00,0000,00,00,0000,00,00,00,00,0008,0008,00,00,00,0008,0008,08,F0,BB,02,53,B0
2729,00,00,01,00,01,B0,00,0008,00,00,00,00,00,00,00,00,00,00,0D,AD,00,01,00,00,00,0000,00,00,0000,00,00,00,00,0008,0008,00,00,00,0008,0008,08,F0,BB,02,54,B0
2730,00,00,01,00,01,B0,00,0008,00,00,00,00,00,00,00,00,00,00,0D,AC,00,01,00,00,00,0000,00,00,0000,00,00,00,00,0008,0008,00,00,00,0008,0008,08,F0,BB,02,55,B0
2731,00,00,01,00,01,B0,00,0008,00,00,00,00,00,00,00,00,00,00,0D,AB,00,01,00,00,00,0000,00,00,0000,00,00,00,00,0008,0008,00,00,00,0008,0008,08,F0,BB,02,56,B0
2732,00,00,01,00,01,B0,00,0008,00,00,00,00,00,00,00,00,00,00,0D,AA,00,01,00,00,00,0000,00,00,0000,00,00,00,00,0008,0008,00,00,00,0008,0008,08,F0,BB,02,57,B0
2733,00,00,01,00,01,B0,00,0008,00,00,00,00,00,00,00,00,00,00,0D,A9,00,01,00,00,00,0000,00,00,0000,00,00,00,00,0008,0008,00,00,00,0008,0008,08,F0,BB,02,58,B0
2734,00,00,01,00,01,B0,00,0008,00,00,00,00,00,00,00,00,00,00,0D,A8,00,01,00,00,00,0000,00,00,0000,00,00,00,00,0008,0008,00,00,00,0008,0008,08,F0,BB,02,59,B0
2735,00,00,01,00,01,B0,00,0008,00,00,00,00,00,00,00,00,00,00,0D,A7,00,01,00,00,00,0000,00,00,0000,00,00,00,00,0008,0008,00,00,00,0008,0008,08,F0,BB,02,5A,B0
2736,00,00,01,00,01,B0,00,0008,00,00,00,00,00,00,00,00,00,00,0D,A6,00,01,00,00,00,0000,00,00,0000,00,00,00,00,0008,0008,00,00,00,0008,0008,08,F0,BB,02,5B,B0
2737,00,00,01,00,01,B0,00,0008,00,00,00,00,00,00,00,00,00,00,0D,A5,00,01,00,00,00,0000,00,00,0000,00,00,00,00,0008,0008,00,00,00,0008,0008,08,F0,BB,02,5C,B0
2738,00,00,01,00,01,B0,00,0008,00,00,00,00,00,00,00,00,00,00,0D,A4,00,01,00,00,00,0000,00,00,0000,00,00,00,00,0008,0008,00,00,00,0008,0008,08,F0,BB,02,5D,B0
2739,00,00,01,00,01,B0,00,0008,00,00,00,00,00,00,00,00,00,00,0D,A3,00,01,00,00,00,0000,00,00,0000,00,00,00,00,0008,0008,00,00,00,0008,0008,08,F0,BB,02,5E,B0
2740,00,00,01,00,01,B0,00,0008,00,00,00,00,00,00,00,00,00,00,0D,A2,00,01,00,00,00,0000,00,00,0000,00,00,00,00,0008,0008,00,00,00,0008,0008,08,F0,BB,02,5F,B0
2741,00,00,01,00,01,B0,00,0008,00,00,00,00,00,00,00,00,00,00,0D,A1,00,01,00,00,00,0000,00,00,0000,00,00,00,00,0008,0008,00,00,00,0008,0008,08,F0,BB,02,60,B0
2742,00,00,01,00,01,B0,00,0008,00,00,00,00,00,00,00,00,00,00,0D,A0,00,01,00,00,00,0000,00,00,0000,00,00,00,00,0008,0008,00,00,00,0008,0008,08,F0,BB,02,61,B0
2743,00,00,01,00,01,B0,00,0008,00,00,00,00,00,00,00,00,00,00,0D,9F,00,01,00,00,00,0000,00,00,0000,00,00,00,00,0008,0008,00,00,00,0008,0008,08,F0,BB,02,62,B0
2744,00,00,01,00,01,B0,00,0008,00,00,00,00,00,00,00,00,00,00,0D,9E,00,01,00,00,00,0000,00,00,0000,00,00,00,00,0008,0008,00,00,00,0008,0008,08,F0,BB,02,63,B0
2745,00,00,01,00,01,B0,00,0008,00,00,00,00,00,00,00,00,00,00,0D,9D,00,01,00,00,00,0000,00,00,0000,00,00,00,00,0008,0008,00,00,00,0008,0008,08,F0,BB,02,64,B0
2746,00,00,01,00,01,B0,00,0008,00,00,00,00,00,00,00,00,00,00,0D,9C,00,01,00,00,00,0000,00,00,0000,00,00,00,00,0008,0008,00,00,00,0008,0008,08,F0,BB,02,65,B0
2747,00,00,01,00,01,B0,00,0008,00,00,00,00,00,00,00,00,00,00,0D,9B,00,01,00,00,00,0000,00,00,0000,00,00,00,00,0008,0008,00,00,00,0008,0008,08,F0,BB,02,66,B0
2748,00,00,01,00,01,B0,00,0008,00,00,00,00,00,00,00,00,00,00,0D,9A,00,01,00,00,00,0000,00,00,0000,00,00,00,00,0008,0008,00,00,00,0008,0008,08,F0,BB,02,67,B0
2749,00,00,01,00,01,B0,00,0008,00,00,00,00,00,00,00,00,00,00,0D,99,00,01,00,00,00,0000,00,00,0000,00,00,00,00,0008,0008,00,00,00,0008,0008,08,F0,BB,02,68,B0
2750,00,00,01,00,01,B0,00,0008,00,00,00,00,00,00,00,00,00,00,0D,98,00,01,00,00,00,0000,00,00,0000,00,00,00,00,0008,0008,00,00,00,0008,0008,08,F0,BB,02,69,B0
2751,00,00,01,00,01,B0,00,0008,00,00,00,00,00,00,00,00,00,00,0D,97,00,01,00,00,00,0000,00,00,0000,00,00,00,00,0008,0008,00,00,00,0008,0008,08,F0,BB,02,6A,B0
2752,00,00,01,00,01,B0,00,0008,00,00,00,00,00,00,00,00,00,00,0D,96,00,01,00,00,00,0000,00,00,0000,00,00,00,00,0008,0008,00,00,00,0008,0008,08,F0,BB,02,6B,B0
2753,00,00,01,00,01,B0,00,0008,00,00,00,00,00,00,00,00,00,00,0D,95,00,01,00,00,00,0000,00,00,0000,00,00,00,00,0008,0008,00,00,00,0008,0008,08,F0,BB,02,6C,B0
2754,00,00,01,00,01,B0,00,0008,00,00,00,00,00,00,00,00,00,00,0D,94,00,01,00,00,00,0000,00,00,0000,00,00,00,00,0008,0008,00,00,00,0008,0008,08,F0,BB,02,6D,B0
2755,00,00,01,00,01,B0,00,0008,00,00,00,00,00,00,00,00,00,00,0D,93,00,01,00,00,00,0000,00,00,0000,00,00,00,00,0008,0008,00,00,00,0008,0008,08,F0,BB,02,6E,B0
2756,00,00,01,00,01,B0,00,0008,00,00,00,00,00,00,00,00,00,00,0D,92,00,01,00,00,00,0000,00,00,0000,00,00,00,00,0008,0008,00,00,00,0008,0008,08,F0,BB,02,6F,B0
2757,00,00,01,00,01,B0,00,0008,00,00,00,00,00,00,00,00,00,00,0D,91,00,01,00,00,00,0000,00,00,0000,00,00,00,00,0008,0008,00,00,00,0008,0008,08,F0,BB,02,70,B0
2758,00,00,01,00,01,B0,00,0008,00,00,00,00,00,00,00,00,00,00,0D,90,00,01,00,00,00,0000,00,00,0000,00,00,00,00,0008,0008,00,00,00,0008,0008,08,F0,BB,02,71,B0
2759,00,00,01,00,01,B0,00,0008,00,00,00,00,00,00,00,00,00,00,0D,8F,00,01,00,00,00,0000,00,00,0000,00,00,00,00,0008,0008,00,00,00,0008,0008,08,F0,BB,02,72,B0
2760,00,00,01,00,01,B0,00,0008,00,00,00,00,00,00,00,00,00,00,0D,8E,00,01,00,00,00,0000,00,00,0000,00,00,00,00,0008,0008,00,00,00,0008,0008,08,F0,BB,02,73,B0
2761,00,00,01,00,01,B0,00,0008,00,00,00,00,00,00,00,00,00,00,0D,8D,00,01,00,00,00,0000,00,00,0000,00,00,00,00,0008,0008,00,00,00,0008,0008,08,F0,BB,02,74,B0
2762,00,00,01,00,01,B0,00,0008,00,00,00,00,00,00,00,00,00,00,0D,8C,00,01,00,00,00,0000,00,00,0000,00,00,00,00,0008,0008,00,00,00,0008,0008,08,F0,BB,02,75,B0
2763,00,00,01,00,01,B0,00,0008,00,00,00,00,00,00,00,00,00,00,0D,8B,00,01,00,00,00,0000,00,00,0000,00,00,00,00,0008,0008,00,00,00,0008,0008,08,F0,BB,02,76,B0
2764,00,00,01,00,01,B0,00,0008,00,00,00,00,00,00,00,00,00,00,0D,8A,00,01,00,00,00,0000,00,00,0000,00,00,00,00,0008,0008,00,00,00,0008,0008,08,F0,BB,02,77,B0
2765,00,00,01,00,01,B0,00,0008,00,00,00,00,00,00,00,00,00,00,0D,89,00,01,00,00,00,0000,00,00,0000,00,00,00,00,0008,0008,00,00,00,0008,0008,08,F0,BB,02,78,B0
2766,00,00,01,00,01,B0,00,0008,00,00,00,00,00,00,00,00,00,00,0D,88,00,01,00,00,00,0000,00,00,0000,00,00,00,00,0008,0008,00,00,00,0008,0008,08,F0,BB,02,79,B0
2767,00,00,01,00,01,B0,00,0008,00,00,00,00,00,00,00,00,00,00,0D,87,00,01,00,00,00,0000,00,00,0000,00,00,00,00,0008,0008,00,00,00,0008,0008,08,F0,BB,02,7A,B0
2768,00,00,01,00,01,B0,00,0008,00,00,00,00,00,00,00,00,00,00,0D,86,00,01,00,00,00,0000,00,00,0000,00,00,00,00,0008,0008,00,00,00,0008,0008,08,F0,BB,02,7B,B0
2769,00,00,01,00,01,B0,00,0008,00,00,00,00,00,00,00,00,00,00,0D,85,00,01,00,00,00,0000,00,00,0000,00,00,00,00,0008,0008,00,00,00,0008,0008,08,F0,BB,02,7C,B0
2770,00,00,01,00,01,B0,00,0008,00,00,00,00,00,00,00,00,00,00,0D,84,00,01,00,00,00,0000,00,00,0000,00,00,00,00,0008,0008,00,00,00,0008,0008,08,F0,BB,02,7D,B0
2771,00,00,01,00,01,B0,00,0008,00,00,00,00,00,00,00,00,00,00,0D,83,00,01,00,00,00,0000,00,00,0000,00,00,00,00,0008,0008,00,00,00,0008,0008,08,F0,BB,02,7E,B0
2772,00,00,01,00,01,B0,00,0008,00,00,00,00,00,00,00,00,00,00,0D,82,00,01,00,00,00,0000,00,00,0000,00,00,00,00,0008,0008,00,00,00,0008,0008,08,F0,BB,02,7F,B0
2773,00,00,01,00,01,B0,00,0008,00,00,00,00,00,00,00,00,00,00,0D,81,00,01,00,00,00,0000,00,00,0000,00,00,00,00,0008,0008,00,00,00,0008,0008,08,F0,BB,02,80,B0
2774,00,00,01,00,01,B0,00,0008,00,00,00,00,00,00,00,00,00,00,0D,80,00,01,00,00,00,0000,00,00,0000,00,00,00,00,0008,0008,00,00,00,0008,0008,08,F0,BB,02,81,B0
2775,00,00,01,00,01,B0,00,0008,00,00,00,00,00,00,00,00,00,00,0D,7F,00,01,00,00,00,0000,00,00,0000,00,00,00,00,0008,0008,00,00,00,0008,0008,08,F0,BB,02,82,B0
2776,00,00,01,00,01,B0,00,0008,00,00,00,00,00,00,00,00,00,00,0D,7E,00,01,00,00,00,0000,00,00,0000,00,00,00,00,0008,0008,00,00,00,0008,0008,08,F0,BB,02,83,B0
2777,00,00,01,00,01,B0,00,0008,00,00,00,00,00,00,00,00,00,00,0D,7D,00,01,00,00,00,0000,00,00,0000,00,00,00,00,0008,0008,00,00,00,0008,0008,08,F0,BB,02,84,B0
2778,00,00,01,00,01,B0,00,0008,00,00,00,00,00,00,00,00,00,00,0D,7C,00,01,00,00,00,0000,00,00,0000,00,00,00,00,0008,0008,00,00,00,0008,0008,08,F0,BB,02,85,B0
2779,00,00,01,00,01,B0,00,0008,00,00,00,00,00,00,00,00,00,00,0D,7B,00,01,00,00,00,0000,00,00,0000,00,00,00,00,0008,0008,00,00,00,0008,0008,08,F0,BB,02,86,B0
2780,00,00,01,00,01,B0,00,0008,00,00,00,00,00,00,00,00,00,00,0D,7A,00,01,00,00,00,0000,00,00,0000,00,00,00,00,0008,0008,00,00,00,0008,0008,08,F0,BB,02,87,B0
2781,00,00,01,00,01,B0,00,0008,00,00,00,00,00,00,00,00,00,00,0D,79,00,01,00,00,00,0000,00,00,0000,00,00,00,00,0008,0008,00,00,00,0008,0008,08,F0,BB,02,88,B0
2782,00,00,01,00,01,B0,00,0008,00,00,00,00,00,00,00,00,00,00,0D,78,00,01,00,00,00,0000,00,00,0000,00,00,00,00,0008,0008,00,00,00,0008,0008,08,F0,BB,02,89,B0
2783,00,00,01,00,01,B0,00,0008,00,00,00,00,00,00,00,00,00,00,0D,77,00,01,00,00,00,0000,00,00,0000,00,00,00,00,0008,0008,00,00,00,0008,0008,08,F0,BB,02,8A,B0
2784,00,00,01,00,01,B0,00,0008,00,00,00,00,00,00,00,00,00,00,0D,76,00,01,00,00,00,0000,00,00,0000,00,00,00,00,0008,0008,00,00,00,0008,0008,08,F0,BB,02,8B,B0
2785,00,00,01,00,01,B0,00,0008,00,00,00,00,00,00,00,00,00,00,0D,75,00,01,00,00,00,0000,00,00,0000,00,00,00,00,0008,0008,00,00,00,0008,0008,08,F0,BB,02,8C,B0
2786,00,00,01,00,01,B0,00,0008,00,00,00,00,00,00,00,00,00,00,0D,74,00,01,00,00,00,0000,00,00,0000,00,00,00,00,0008,0008,00,00,00,0008,0008,08,F0,BB,02,8D,B0
2787,00,00,01,00,01,B0,00,0008,00,00,00,00,00,00,00,00,00,00,0D,73,00,01,00,00,00,0000,00,00,0000,00,00,00,00,0008,0008,00,00,00,0008,0008,08,F0,BB,02,8E,B0
2788,00,00,01,00,01,B0,00,0008,00,00,00,00,00,00,00,00,00,00,0D,72,00,01,00,00,00,0000,00,00,0000,00,00,00,00,0008,0008,00,00,00,0008,0008,08,F0,BB,02,8F,B0
2789,00,00,01,00,01,B0,00,0008,00,00,00,00,00,00,00,00,00,00,0D,71,00,01,00,00,00,0000,00,00,0000,00,00,00,00,0008,0008,00,00,00,0008,0008,08,F0,BB,02,90,B0
2790,00,00,01,00,01,B0,00,0008,00,00,00,00,00,00,00,00,00,00,0D,70,00,01,00,00,00,0000,00,00,0000,00,00,00,00,0008,0008,00,00,00,0008,0008,08,F0,BB,02,91,B0
2791,00,00,01,00,01,B0,00,0008,00,00,00,00,00,00,00,00,00,00,0D,6F,00,01,00,00,00,0000,00,00,0000,00,00,00,00,0008,0008,00,00,00,0008,0008,08,F0,BB,02,92,B0
2792,00,00,01,00,01,B0,00,0008,00,00,00,00,00,00,00,00,00,00,0D,6E,00,01,00,00,00,0000,00,00,0000,00,00,00,00,0008,0008,00,00,00,0008,0008,08,F0,BB,02,93,B0
2793,00,00,01,00,01,B0,00,0008,00,00,00,00,00,00,00,00,00,00,0D,6D,00,01,00,00,00,0000,00,00,0000,00,00,00,00,0008,0008,00,00,00,0008,0008,08,F0,BB,02,94,B0
2794,00,00,01,00,01,B0,00,0008,00,00,00,00,00,00,00,00,00,00,0D,6C,00,01,00,00,00,0000,00,00,0000,00,00,00,00,0008,0008,00,00,00,0008,0008,08,F0,BB,02,95,B0
2795,00,00,01,00,01,B0,00,0008,00,00,00,00,00,00,00,00,00,00,0D,6B,00,01,00,00,00,0000,00,00,0000,00,00,00,00,0008,0008,00,00,00,0008,0008,08,F0,BB,02,96,B0
2796,00,00,01,00,01,B0,00,0008,00,00,00,00,00,00,00,00,00,00,0D,6A,00,01,00,00,00,0000,00,00,0000,00,00,00,00,0008,0008,00,00,00,0008,0008,08,F0,BB,02,97,B0
2797,00,00,01,00,01,B0,00,0008,00,00,00,00,00,00,00,00,00,00,0D,69,00,01,00,00,00,0000,00,00,0000,00,00,00,00,0008,0008,00,00,00,0008,0008,08,F0,BB,02,98,B0
2798,00,00,01,00,01,B0,00,0008,00,00,00,00,00,00,00,00,00,00,0D,68,00,01,00,00,00,0000,00,00,0000,00,00,00,00,0008,0008,00,00,00,0008,0008,08,F0,BB,02,99,B0
2799,00,00,01,00,01,B0,00,0008,00,00,00,00,00,00,00,00,00,00,0D,67,00,01,00,00,00,0000,00,00,0000,00,00,00,00,0008,0008,00,00,00,0008,0008,08,F0,BB,02,9A,B0
2800,00,00,01,00,01,B0,00,0008,00,00,00,00,00,00,00,00,00,00,0D,66,00,01,00,00,00,0000,00,00,0000,00,00,00,00,0008,0008,00,00,00,0008,0008,08,F0,BB,02,9B,B0
2801,00,00,01,00,01,B0,00,0008,00,00,00,00,00,00,00,00,00,00,0D,65,00,01,00,00,00,0000,00,00,0000,00,00,00,00,0008,0008,00,00,00,0008,0008,08,F0,BB,02,9C,B0
2802,00,00,01,00,01,B0,00,0008,00,00,00,00,00,00,00,00,00,00,0D,64,00,01,00,00,00,0000,00,00,0000,00,00,00,00,0008,0008,00,00,00,0008,0008,08,F0,BB,02,9D,B0
2803,00,00,01,00,01,B0,00,0008,00,00,00,00,00,00,00,00,00,00,0D,63,00,01,00,00,00,0000,00,00,0000,00,00,00,00,0008,0008,00,00,00,0008,0008,08,F0,BB,02,9E,B0
2804,00,00,01,00,01,B0,00,0008,00,00,00,00,00,00,00,00,00,00,0D,62,00,01,00,00,00,0000,00,00,0000,00,00,00,00,0008,0008,00,00,00,0008,0008,08,F0,BB,02,9F,B0
2805,00,00,01,00,01,B0,00,0008,00,00,00,00,00,00,00,00,00,00,0D,61,00,01,00,00,00,0000,00,00,0000,00,00,00,00,0008,0008,00,00,00,0008,0008,08,F0,BB,02,A0,B0
2806,00,00,01,00,01,B0,00,0008,00,00,00,00,00,00,00,00,00,00,0D,60,00,01,00,00,00,0000,00,00,0000,00,00,00,00,0008,0008,00,00,00,0008,0008,08,F0,BB,02,A1,B0
2807,00,00,01,00,01,B0,00,0008,00,00,00,00,00,00,00,00,00,00,0D,5F,00,01,00,00,00,0000,00,00,0000,00,00,00,00,0008,0008,00,00,00,0008,0008,08,F0,BB,02,A2,B0
2808,00,00,01,00,01,B0,00,0008,00,00,00,00,00,00,00,00,00,00,0D,5E,00,01,00,00,00,0000,00,00,0000,00,00,00,00,0008,0008,00,00,00,0008,0008,08,F0,BB,02,A3,B0
2809,00,00,01,00,01,B0,00,0008,00,00,00,00,00,00,00,00,00,00,0D,5D,00,01,00,00,00,0000,00,00,0000,00,00,00,00,0008,0008,00,00,00,0008,0008,08,F0,BB,02,A4,B0
2810,00,00,01,00,01,B0,00,0008,00,00,00,00,00,00,00,00,00,00,0D,5C,00,01,00,00,00,0000,00,00,0000,00,00,00,00,0008,0008,00,00,00,0008,0008,08,F0,BB,02,A5,B0
2811,00,00,01,00,01,B0,00,0008,00,00,00,00,00,00,00,00,00,00,0D,5B,00,01,00,00,00,0000,00,00,0000,00,00,00,00,0008,0008,00,00,00,0008,0008,08,F0,BB,02,A6,B0
2812,00,00,01,00,01,B0,00,0008,00,00,00,00,00,00,00,00,00,00,0D,5A,00,01,00,00,00,0000,00,00,0000,00,00,00,00,0008,0008,00,00,00,0008,0008,08,F0,BB,02,A7,B0
2813,00,00,01,00,01,B0,00,0008,00,00,00,00,00,00,00,00,00,00,0D,59,00,01,00,00,00,0000,00,00,0000,00,00,00,00,0008,0008,00,00,00,0008,0008,08,F0,BB,02,A8,B0
2814,00,00,01,00,01,B0,00,0008,00,00,00,00,00,00,00,00,00,00,0D,58,00,01,00,00,00,0000,00,00,0000,00,00,00,00,0008,0008,00,00,00,0008,0008,08,F0,BB,02,A9,B0
2815,00,00,01,00,01,B0,00,0008,00,00,00,00,00,00,00,00,00,00,0D,57,00,01,00,00,00,0000,00,00,0000,00,00,00,00,0008,0008,00,00,00,0008,0008,08,F0,BB,02,AA,B0
2816,00,00,01,00,01,B0,00,0008,00,00,00,00,00,00,00,00,00,00,0D,56,00,01,00,00,00,0000,00,00,0000,00,00,00,00,0008,0008,00,00,00,0008,0008,08,F0,BB,02,AB,B0
2817,00,00,01,00,01,B0,00,0008,00,00,00,00,00,00,00,00,00,00,0D,55,00,01,00,00,00,0000,00,00,0000,00,00,00,00,0008,0008,00,00,00,0008,0008,08,F0,BB,02,AC,B0
2818,00,00,01,00,01,B0,00,0008,00,00,00,00,00,00,00,00,00,00,0D,54,00,01,00,00,00,0000,00,00,0000,00,00,00,00,0008,0008,00,00,00,0008,0008,08,F0,BB,02,AD,B0
2819,00,00,01,00,01,B0,00,0008,00,00,00,00,00,00,00,00,00,00,0D,53,00,01,00,00,00,0000,00,00,0000,00,00,00,00,0008,0008,00,00,00,0008,0008,08,F0,BB,02,AE,B0
2820,00,00,01,00,01,B0,00,0008,00,00,00,00,00,00,00,00,00,00,0D,52,00,01,00,00,00,0000,00,00,0000,00,00,00,00,0008,0008,00,00,00,0008,0008,08,F0,BB,02,AF,B0
2821,00,00,01,00,01,B0,00,0008,00,00,00,00,00,00,00,00,00,00,0D,51,00,01,00,00,00,0000,00,00,0000,00,00,00,00,0008,0008,00,00,00,0008,0008,08,F0,BB,02,B0,B0
2822,00,00,01,00,01,B0,00,0008,00,00,00,00,00,00,00,00,00,00,0D,50,00,01,00,00,00,0000,00,00,0000,00,00,00,00,0008,0008,00,00,00,0008,0008,08,F0,BB,02,B1,B0
2823,00,00,01,00,01,B0,00,0008,00,00,00,00,00,00,00,00,00,00,0D,4F,00,01,00,00,00,0000,00,00,0000,00,00,00,00,0008,0008,00,00,00,0008,0008,08,F0,BB,02,B2,B0
2824,00,00,01,00,01,B0,00,0008,00,00,00,00,00,00,00,00,00,00,0D,4E,00,01,00,00,00,0000,00,00,0000,00,00,00,00,0008,0008,00,00,00,0008,0008,08,F0,BB,02,B3,B0
2825,00,00,01,00,01,B0,00,0008,00,00,00,00,00,00,00,00,00,00,0D,4D,00,01,00,00,00,0000,00,00,0000,00,00,00,00,0008,0008,00,00,00,0008,0008,08,F0,BB,02,B4,B0
2826,00,00,01,00,01,B0,00,0008,00,00,00,00,00,00,00,00,00,00,0D,4C,00,01,00,00,00,0000,00,00,0000,00,00,00,00,0008,0008,00,00,00,0008,0008,08,F0,BB,02,B5,B0
2827,00,00,01,00,01,B0,00,0008,00,00,00,00,00,00,00,00,00,00,0D,4B,00,01,00,00,00,0000,00,00,0000,00,00,00,00,0008,0008,00,00,00,0008,0008,08,F0,BB,02,B6,B0
2828,00,00,01,00,01,B0,00,0008,00,00,00,00,00,00,00,00,00,00,0D,4A,00,01,00,00,00,0000,00,00,0000,00,00,00,00,0008,0008,00,00,00,0008,0008,08,F0,BB,02,B7,B0
2829,00,00,01,00,01,B0,00,0008,00,00,00,00,00,00,00,00,00,00,0D,49,00,01,00,00,00,0000,00,00,0000,00,00,00,00,0008,0008,00,00,00,0008,0008,08,F0,BB,02,B8,B0
2830,00,00,01,00,01,B0,00,0008,00,00,00,00,00,00,00,00,00,00,0D,48,00,01,00,00,00,0000,00,00,0000,00,00,00,00,0008,0008,00,00,00,0008,0008,08,F0,BB,02,B9,B0
2831,00,00,01,00,01,B0,00,0008,00,00,00,00,00,00,00,00,00,00,0D,47,00,01,00,00,00,0000,00,00,0000,00,00,00,00,0008,0008,00,00,00,0008,0008,08,F0,BB,02,BA,B0
2832,00,00,01,00,01,B0,00,0008,00,00,00,00,00,00,00,00,00,00,0D,46,00,01,00,00,00,0000,00,00,0000,00,00,00,00,0008,0008,00,00,00,0008,0008,08,F0,BB,02,BB,B0
2833,00,00,01,00,01,B0,00,0008,00,00,00,00,00,00,00,00,00,00,0D,45,00,01,00,00,00,0000,00,00,0000,00,00,00,00,0008,0008,00,00,00,0008,0008,08,F0,BB,02,BC,B0
2834,00,00,01,00,01,B0,00,0008,00,00,00,00,00,00,00,00,00,00,0D,44,00,01,00,00,00,0000,00,00,0000,00,00,00,00,0008,0008,00,00,00,0008,0008,08,F0,BB,02,BD,B0
2835,00,00,01,00,01,B0,00,0008,00,00,00,00,00,00,00,00,00,00,0D,43,00,01,00,00,00,0000,00,00,0000,00,00,00,00,0008,0008,00,00,00,0008,0008,08,F0,BB,02,BE,B0
2836,00,00,01,00,01,B0,00,0008,00,00,00,00,00,00,00,00,00,00,0D,42,00,01,00,00,00,0000,00,00,0000,00,00,00,00,0008,0008,00,00,00,0008,0008,08,F0,BB,02,BF,B0
2837,00,00,01,00,01,B0,00,0008,00,00,00,00,00,00,00,00,00,00,0D,41,00,01,00,00,00,0000,00,00,0000,00,00,00,00,0008,0008,00,00,00,0008,0008,08,F0,BB,02,C0,B0
2838,00,00,01,00,01,B0,00,0008,00,00,00,00,00,00,00,00,00,00,0D,40,00,01,00,00,00,0000,00,00,0000,00,00,00,00,0008,0008,00,00,00,0008,0008,08,F0,BB,02,C1,B0
2839,00,00,01,00,01,B0,00,0008,00,00,00,00,00,00,00,00,00,00,0D,3F,00,01,00,00,00,0000,00,00,0000,00,00,00,00,0008,0008,00,00,00,0008,0008,08,F0,BB,02,C2,B0
2840,00,00,01,00,01,B0,00,0008,00,00,00,00,00,00,00,00,00,00,0D,3E,00,01,00,00,00,0000,00,00,0000,00,00,00,00,0008,0008,00,00,00,0008,0008,08,F0,BB,02,C3,B0
2841,00,00,01,00,01,B0,00,0008,00,00,00,00,00,00,00,00,00,00,0D,3D,00,01,00,00,00,0000,00,00,0000,00,00,00,00,0008,0008,00,00,00,0008,0008,08,F0,BB,02,C4,B0
2842,00,00,01,00,01,B0,00,0008,00,00,00,00,00,00,00,00,00,00,0D,3C,00,01,00,00,00,0000,00,00,0000,00,00,00,00,0008,0008,00,00,00,0008,0008,08,F0,BB,02,C5,B0
2843,00,00,01,00,01,B0,00,0008,00,00,00,00,00,00,00,00,00,00,0D,3B,00,01,00,00,00,0000,00,00,0000,00,00,00,00,0008,0008,00,00,00,0008,0008,08,F0,BB,02,C6,B0
2844,00,00,01,00,01,B0,00,0008,00,00,00,00,00,00,00,00,00,00,0D,3A,00,01,00,00,00,0000,00,00,0000,00,00,00,00,0008,0008,00,00,00,0008,0008,08,F0,BB,02,C7,B0
2845,00,00,01,00,01,B0,00,0008,00,00,00,00,00,00,00,00,00,00,0D,39,00,01,00,00,00,0000,00,00,0000,00,00,00,00,0008,0008,00,00,00,0008,0008,08,F0,BB,02,C8,B0
2846,00,00,01,00,01,B0,00,0008,00,00,00,00,00,00,00,00,00,00,0D,38,00,01,00,00,00,0000,00,00,0000,00,00,00,00,0008,0008,00,00,00,0008,0008,08,F0,BB,02,C9,B0
2847,00,00,01,00,01,B0,00,0008,00,00,00,00,00,00,00,00,00,00,0D,37,00,01,00,00,00,0000,00,00,0000,00,00,00,00,0008,0008,00,00,00,0008,0008,08,F0,BB,02,CA,B0
2848,00,00,01,00,01,B0,00,0008,00,00,00,00,00,00,00,00,00,00,0D,36,00,01,00,00,00,0000,00,00,0000,00,00,00,00,0008,0008,00,00,00,0008,0008,08,F0,BB,02,CB,B0
2849,00,00,01,00,01,B0,00,0008,00,00,00,00,00,00,00,00,00,00,0D,35,00,01,00,00,00,0000,00,00,0000,00,00,00,00,0008,0008,00,00,00,0008,0008,08,F0,BB,02,CC,B0
2850,00,00,01,00,01,B0,00,0008,00,00,00,00,00,00,00,00,00,00,0D,34,00,01,00,00,00,0000,00,00,0000,00,00,00,00,0008,0008,00,00,00,0008,0008,08,F0,BB,02,CD,B0
2851,00,00,01,00,01,B0,00,0008,00,00,00,00,00,00,00,00,00,00,0D,33,00,01,00,00,00,0000,00,00,0000,00,00,00,00,0008,0008,00,00,00,0008,0008,08,F0,BB,02,CE,B0
2852,00,00,01,00,01,B0,00,0008,00,00,00,00,00,00,00,00,00,00,0D,32,00,01,00,00,00,0000,00,00,0000,00,00,00,00,0008,0008,00,00,00,0008,0008,08,F0,BB,02,CF,B0
2853,00,00,01,00,01,B0,00,0008,00,00,00,00,00,00,00,00,00,00,0D,31,00,01,00,00,00,0000,00,00,0000,00,00,00,00,0008,0008,00,00,00,0008,0008,08,F0,BB,02,D0,B0
2854,00,00,01,00,01,B0,00,0008,00,00,00,00,00,00,00,00,00,00,0D,30,00,01,00,00,00,0000,00,00,0000,00,00,00,00,0008,0008,00,00,00,0008,0008,08,F0,BB,02,D1,B0
2855,00,00,01,00,01,B0,00,0008,00,00,00,00,00,00,00,00,00,00,0D,2F,00,01,00,00,00,0000,00,00,0000,00,00,00,00,0008,0008,00,00,00,0008,0008,08,F0,BB,02,D2,B0
2856,00,00,01,00,01,B0,00,0008,00,00,00,00,00,00,00,00,00,00,0D,2E,00,01,00,00,00,0000,00,00,0000,00,00,00,00,0008,0008,00,00,00,0008,0008,08,F0,BB,02,D3,B0
2857,00,00,01,00,01,B0,00,0008,00,00,00,00,00,00,00,00,00,00,0D,2D,00,01,00,00,00,0000,00,00,0000,00,00,00,00,0008,0008,00,00,00,0008,0008,08,F0,BB,02,D4,B0
2858,00,00,01,00,01,B0,00,0008,00,00,00,00,00,00,00,00,00,00,0D,2C,00,01,00,00,00,0000,00,00,0000,00,00,00,00,0008,0008,00,00,00,0008,0008,08,F0,BB,02,D5,B0
2859,00,00,01,00,01,B0,00,0008,00,00,00,00,00,00,00,00,00,00,0D,2B,00,01,00,00,00,0000,00,00,0000,00,00,00,00,0008,0008,00,00,00,0008,0008,08,F0,BB,02,D6,B0
2860,00,00,01,00,01,B0,00,0008,00,00,00,00,00,00,00,00,00,00,0D,2A,00,01,00,00,00,0000,00,00,0000,00,00,00,00,0008,0008,00,00,00,0008,0008,08,F0,BB,02,D7,B0
2861,00,00,01,00,01,B0,00,0008,00,00,00,00,00,00,00,00,00,00,0D,29,00,01,00,00,00,0000,00,00,0000,00,00,00,00,0008,0008,00,00,00,0008,0008,08,F0,BB,02,D8,B0
2862,00,00,01,00,01,B0,00,0008,00,00,00,00,00,00,00,00,00,00,0D,28,00,01,00,00,00,0000,00,00,0000,00,00,00,00,0008,0008,00,00,00,0008,0008,08,F0,BB,02,D9,B0
2863,00,00,01,00,01,B0,00,0008,00,00,00,00,00,00,00,00,00,00,0D,27,00,01,00,00,00,0000,00,00,0000,00,00,00,00,0008,0008,00,00,00,0008,0008,08,F0,BB,02,DA,B0
2864,00,00,01,00,01,B0,00,0008,00,00,00,00,00,00,00,00,00,00,0D,26,00,01,00,00,00,0000,00,00,0000,00,00,00,00,0008,0008,00,00,00,0008,0008,08,F0,BB,02,DB,B0
2865,00,00,01,00,01,B0,00,0008,00,00,00,00,00,00,00,00,00,00,0D,25,00,01,00,00,00,0000,00,00,0000,00,00,00,00,0008,0008,00,00,00,0008,0008,08,F0,BB,02,DC,B0
2866,00,00,01,00,01,B0,00,0008,00,00,00,00,00,00,00,00,00,00,0D,24,00,01,00,00,00,0000,00,00,0000,00,00,00,00,0008,0008,00,00,00,0008,0008,08,F0,BB,02,DD,B0
2867,00,00,01,00,01,B0,00,0008,00,00,00,00,00,00,00,00,00,00,0D,23,00,01,00,00,00,0000,00,00,0000,00,00,00,00,0008,0008,00,00,00,0008,0008,08,F0,BB,02,DE,B0
2868,00,00,01,00,01,B0,00,0008,00,00,00,00,00,00,00,00,00,00,0D,22,00,01,00,00,00,0000,00,00,0000,00,00,00,00,0008,0008,00,00,00,0008,0008,08,F0,BB,02,DF,B0
2869,00,00,01,00,01,B0,00,0008,00,00,00,00,00,00,00,00,00,00,0D,21,00,01,00,00,00,0000,00,00,0000,00,00,00,00,0008,0008,00,00,00,0008,0008,08,F0,BB,02,E0,B0
2870,00,00,01,00,01,B0,00,0008,00,00,00,00,00,00,00,00,00,00,0D,20,00,01,00,00,00,0000,00,00,0000,00,00,00,00,0008,0008,00,00,00,0008,0008,08,F0,BB,02,E1,B0
2871,00,00,01,00,01,B0,00,0008,00,00,00,00,00,00,00,00,00,00,0D,1F,00,01,00,00,00,0000,00,00,0000,00,00,00,00,0008,0008,00,00,00,0008,0008,08,F0,BB,02,E2,B0
2872,00,00,01,00,01,B0,00,0008,00,00,00,00,00,00,00,00,00,00,0D,1E,00,01,00,00,00,0000,00,00,0000,00,00,00,00,0008,0008,00,00,00,0008,0008,08,F0,BB,02,E3,B0
2873,00,00,01,00,01,B0,00,0008,00,00,00,00,00,00,00,00,00,00,0D,1D,00,01,00,00,00,0000,00,00,0000,00,00,00,00,0008,0008,00,00,00,0008,0008,08,F0,BB,02,E4,B0
2874,00,00,01,00,01,B0,00,0008,00,00,00,00,00,00,00,00,00,00,0D,1C,00,01,00,00,00,0000,00,00,0000,00,00,00,00,0008,0008,00,00,00,0008,0008,08,F0,BB,02,E5,B0
2875,00,00,01,00,01,B0,00,0008,00,00,00,00,00,00,00,00,00,00,0D,1B,00,01,00,00,00,0000,00,00,0000,00,00,00,00,0008,0008,00,00,00,0008,0008,08,F0,BB,02,E6,B0
2876,00,00,01,00,01,B0,00,0008,00,00,00,00,00,00,00,00,00,00,0D,1A,00,01,00,00,00,0000,00,00,0000,00,00,00,00,0008,0008,00,00,00,0008,0008,08,F0,BB,02,E7,B0
2877,00,00,01,00,01,B0,00,0008,00,00,00,00,00,00,00,00,00,00,0D,19,00,01,00,00,00,0000,00,00,0000,00,00,00,00,0008,0008,00,00,00,0008,0008,08,F0,BB,02,E8,B0
2878,00,00,01,00,01,B0,00,0008,00,00,00,00,00,00,00,00,00,00,0D,18,00,01,00,00,00,0000,00,00,0000,00,00,00,00,0008,0008,00,00,00,0008,0008,08,F0,BB,02,E9,B0
2879,00,00,01,00,01,B0,00,0008,00,00,00,00,00,00,00,00,00,00,0D,17,00,01,00,00,00,0000,00,00,0000,00,00,00,00,0008,0008,00,00,00,0008,0008,08,F0,BB,02,EA,B0
2880,00,00,01,00,01,B0,00,0008,00,00,00,00,00,00,00,00,00,00,0D,16,00,01,00,00,00,0000,00,00,0000,00,00,00,00,0008,0008,00,00,00,0008,0008,08,F0,BB,02,EB,B0
2881,00,00,01,00,01,B0,00,0008,00,00,00,00,00,00,00,00,00,00,0D,15,00,01,00,00,00,0000,00,00,0000,00,00,00,00,0008,0008,00,00,00,0008,0008,08,F0,BB,02,EC,B0
2882,00,00,01,00,01,B0,00,0008,00,00,00,00,00,00,00,00,00,00,0D,14,00,01,00,00,00,0000,00,00,0000,00,00,00,00,0008,0008,00,00,00,0008,0008,08,F0,BB,02,ED,B0
2883,00,00,01,00,01,B0,00,0008,00,00,00,00,00,00,00,00,00,00,0D,13,00,01,00,00,00,0000,00,00,0000,00,00,00,00,0008,0008,00,00,00,0008,0008,08,F0,BB,02,EE,B0
2884,00,00,01,00,01,B0,00,0008,00,00,00,00,00,00,00,00,00,00,0D,12,00,01,00,00,00,0000,00,00,0000,00,00,00,00,0008,0008,00,00,00,0008,0008,08,F0,BB,02,EF,B0
2885,00,00,01,00,01,B0,00,0008,00,00,00,00,00,00,00,00,00,00,0D,11,00,01,00,00,00,0000,00,00,0000,00,00,00,00,0008,0008,00,00,00,0008,0008,08,F0,BB,02,F0,B0
2886,00,00,01,00,01,B0,00,0008,00,00,00,00,00,00,00,00,00,00,0D,10,00,01,00,00,00,0000,00,00,0000,00,00,00,00,0008,0008,00,00,00,0008,0008,08,F0,BB,02,F1,B0
2887,00,00,01,00,01,B0,00,0008,00,00,00,00,00,00,00,00,00,00,0D,0F,00,01,00,00,00,0000,00,00,0000,00,00,00,00,0008,0008,00,00,00,0008,0008,08,F0,BB,02,F2,B0
2888,00,00,01,00,01,B0,00,0008,00,00,00,00,00,00,00,00,00,00,0D,0E,00,01,00,00,00,0000,00,00,0000,00,00,00,00,0008,0008,00,00,00,0008,0008,08,F0,BB,02,F3,B0
2889,00,00,01,00,01,B0,00,0008,00,00,00,00,00,00,00,00,00,00,0D,0D,00,01,00,00,00,0000,00,00,0000,00,00,00,00,0008,0008,00,00,00,0008,0008,08,F0,BB,02,F4,B0
2890,00,00,01,00,01,B0,00,0008,00,00,00,00,00,00,00,00,00,00,0D,0C,00,01,00,00,00,0000,00,00,0000,00,00,00,00,0008,0008,00,00,00,0008,0008,08,F0,BB,02,F5,B0
2891,00,00,01,00,01,B0,00,0008,00,00,00,00,00,00,00,00,00,00,0D,0B,00,01,00,00,00,0000,00,00,0000,00,00,00,00,0008,0008,00,00,00,0008,0008,08,F0,BB,02,F6,B0
2892,00,00,01,00,01,B0,00,0008,00,00,00,00,00,00,00,00,00,00,0D,0A,00,01,00,00,00,0000,00,00,0000,00,00,00,00,0008,0008,00,00,00,0008,0008,08,F0,BB,02,F7,B0
2893,00,00,01,00,01,B0,00,0008,00,00,00,00,00,00,00,00,00,00,0D,09,00,01,00,00,00,0000,00,00,0000,00,00,00,00,0008,0008,00,00,00,0008,0008,08,F0,BB,02,F8,B0
2894,00,00,01,00,01,B0,00,0008,00,00,00,00,00,00,00,00,00,00,0D,08,00,01,00,00,00,0000,00,00,0000,00,00,00,00,0008,0008,00,00,00,0008,0008,08,F0,BB,02,F9,B0
2895,00,00,01,00,01,B0,00,0008,00,00,00,00,00,00,00,00,00,00,0D,07,00,01,00,00,00,0000,00,00,0000,00,00,00,00,0008,0008,00,00,00,0008,0008,08,F0,BB,02,FA,B0
2896,00,00,01,00,01,B0,00,0008,00,00,00,00,00,00,00,00,00,00,0D,06,00,01,00,00,00,0000,00,00,0000,00,00,00,00,0008,0008,00,00,00,0008,0008,08,F0,BB,02,FB,B0
2897,00,00,01,00,01,B0,00,0008,00,00,00,00,00,00,00,00,00,00,0D,05,00,01,00,00,00,0000,00,00,0000,00,00,00,00,0008,0008,00,00,00,0008,0008,08,F0,BB,02,FC,B0
2898,00,00,01,00,01,B0,00,0008,00,00,00,00,00,00,00,00,00,00,0D,04,00,01,00,00,00,0000,00,00,0000,00,00,00,00,0008,0008,00,00,00,0008,0008,08,F0,BB,02,FD,B0
2899,00,00,01,00,01,B0,00,0008,00,00,00,00,00,00,00,00,00,00,0D,03,00,01,00,00,00,0000,00,00,0000,00,00,00,00,0008,0008,00,00,00,0008,0008,08,F0,BB,02,FE,B0
2900,00,00,01,00,01,B0,00,0008,00,00,00,00,00,00,00,00,00,00,0D,02,00,01,00,00,00,0000,00,00,0000,00,00,00,00,0008,0008,00,00,00,0008,0008,08,F0,BB,02,FF,B0
2901,00,00,01,00,01,B0,00,0008,00,00,00,00,00,00,00,00,00,00,0D,01,00,01,00,00,00,0000,00,00,0000,00,00,00,00,0008,0008,00,00,00,0008,0008,08,F0,BB,02,00,B0
2902,00,00,01,00,01,B0,00,0008,00,00,00,00,00,00,00,00,00,00,0D,00,00,01,00,00,00,0000,00,00,0000,00,00,00,00,0008,0008,00,00,00,0008,0008,08,F0,BB,02,01,B0
2903,00,01,00,00,01,B0,00,0008,00,00,00,00,00,00,00,00,00,00,0E,02,00,00,00,00,00,0000,00,00,0000,00,00,00,00,0008,0008,00,00,00,0008,0008,08,F0,BB,02,02,B0
2904,00,01,00,00,01,30,00,0008,00,00,00,00,00,00,00,00,00,00,0E,02,00,00,00,00,00,0000,00,00,0000,00,00,40,00,0008,0008,00,00,00,0008,0008,02,F0,BB,00,03,30
2905,00,01,00,00,01,30,00,0008,00,00,00,00,00,00,00,00,00,00,0E,02,00,00,00,00,00,0000,00,00,0000,00,00,40,00,0008,0008,00,00,00,0008,0008,05,F0,BB,00,03,30
2906,00,01,00,00,01,30,00,0008,00,00,00,00,00,00,00,00,00,00,0E,02,00,00,00,00,00,0000,00,00,0000,00,00,40,00,0008,0008,00,00,00,0008,0008,05,F0,BB,00,03,30
2907,00,01,00,00,01,B0,00,0001,00,00,00,00,00,00,00,00,00,00,0E,02,00,00,00,00,00,0000,00,00,0000,00,00,00,00,0008,0008,00,00,00,0008,0008,08,F1,BB,00,03,B0
2908,00,01,00,00,01,B0,00,0008,00,00,00,00,00,00,00,00,00,00,0E,02,00,00,00,00,00,0000,00,00,0000,00,00,00,00,0008,0008,00,00,00,0008,0008,08,F2,BB,00,04,B0
2909,00,01,00,00,01,B0,00,0008,00,00,00,00,00,00,00,00,00,00,0E,02,00,00,00,00,00,0000,00,00,0000,00,00,00,00,0008,0008,00,00,00,0008,0008,08,F3,BB,00,05,B0
2910,00,01,00,00,01,B0,00,0008,00,00,00,00,00,00,00,00,00,00,0E,02,00,00,00,00,00,0000,00,00,0000,00,00,00,00,0008,0008,00,00,00,0008,0008,08,F4,BB,00,06,B0
2911,00,01,00,00,01,B0,00,0008,00,00,00,00,00,00,00,00,00,00,0E,02,00,00,00,00,00,0000,00,00,0000,00,00,00,00,0008,0008,00,00,00,0008,0008,08,F5,BB,00,07,B0
2912,00,01,00,00,01,B0,00,0008,00,00,00,00,00,00,00,00,00,00,0E,02,00,00,00,00,00,0000,00,00,0000,00,00,00,00,0008,0008,00,00,00,0008,0008,08,F6,BB,00,08,B0
2913,00,01,00,00,01,B0,00,0008,00,00,00,00,00,00,00,00,00,00,0E,02,00,00,00,00,00,0000,00,00,0000,00,00,00,00,0008,0008,00,00,00,0008,0008,08,F7,BB,00,09,B0
2914,00,01,00,00,01,B0,00,0008,00,00,00,00,00,00,00,00,00,00,0E,02,00,00,00,00,00,0000,00,00,0000,00,00,00,00,0008,0008,00,00,00,0008,0008,08,F8,BB,00,0A,B0
2915,00,01,00,00,01,B0,00,0008,00,00,00,00,00,00,00,00,00,00,0E,02,00,00,00,00,00,0000,00,00,0000,00,00,00,00,0008,0008,00,00,00,0008,0008,08,F9,BB,00,0B,B0
2916,00,01,00,00,01,B0,00,0008,00,00,00,00,00,00,00,00,00,00,0E,02,00,00,00,00,00,0000,00,00,0000,00,00,00,00,0008,0008,00,00,00,0008,0008,08,FA,BB,00,0C,B0
2917,00,01,00,00,01,B0,00,0008,00,00,00,00,00,00,00,00,00,00,0E,02,00,00,00,00,00,0000,00,00,0000,00,00,00,00,0008,0008,00,00,00,0008,0008,08,FB,BB,00,0D,B0
2918,00,01,00,00,01,B0,00,0008,00,00,00,00,00,00,00,00,00,00,0E,02,00,00,00,00,00,0000,00,00,0000,00,00,00,00,0008,0008,00,00,00,0008,0008,08,FC,BB,00,0E,B0
2919,00,01,00,00,01,B0,00,0008,00,00,00,00,00,00,00,00,00,00,0E,02,00,00,00,00,00,0000,00,00,0000,00,00,00,00,0008,0008,00,00,00,0008,0008,08,FD,BB,00,0F,B0
2920,00,01,00,00,01,B0,00,0008,00,00,00,00,00,00,00,00,00,00,0E,02,00,00,00,00,00,0000,00,00,0000,00,00,00,00,0008,0008,00,00,00,0008,0008,08,FE,BB,00,10,B0
2921,00,01,00,00,01,B0,00,0008,00,00,00,00,00,00,00,00,00,00,0E,02,00,00,00,00,00,0000,00,00,0000,00,00,00,00,0008,0008,00,00,00,0008,0008,08,FF,BB,00,11,B0
2922,00,01,00,00,01,B0,00,0008,00,00,00,00,00,00,00,00,00,00,0E,02,00,00,00,00,00,0000,00,00,0000,00,00,00,00,0008,0008,00,00,00,0008,0008,08,00,BB,00,12,B0
2923,00,01,00,00,01,B0,00,0008,00,00,00,00,00,00,00,00,00,00,0E,02,00,00,00,00,00,0000,00,00,0000,00,00,00,00,0008,0008,00,00,00,0008,0008,08,01,BB,00,13,B0
2924,00,01,00,00,01,B0,00,0008,00,00,00,00,00,00,00,00,00,00,0E,02,00,00,00,00,00,0000,00,00,0000,00,00,00,00,0008,0008,00,00,00,0008,0008,08,02,BB,00,14,B0
2925,00,01,00,00,01,B0,00,0008,00,00,00,00,00,00,00,00,00,00,0E,02,00,00,00,00,00,0000,00,00,0000,00,00,00,00,0008,0008,00,00,00,0008,0008,08,03,BB,00,15,B0
2926,00,01,00,00,01,B0,00,0008,00,00,00,00,00,00,00,00,00,00,0E,02,00,00,00,00,00,0000,00,00,0000,00,00,00,00,0008,0008,00,00,00,0008,0008,08,04,BB,00,16,B0
2927,00,01,00,00,01,B0,00,0008,00,00,00,00,00,00,00,00,00,00,0E,02,00,00,00,00,00,0000,00,00,0000,00,00,00,00,0008,0008,00,00,00,0008,0008,08,05,BB,00,17,B0
2928,00,01,00,00,01,B0,00,0008,00,00,00,00,00,00,00,00,00,00,0E,02,00,00,00,00,00,0000,00,00,0000,00,00,00,00,0008,0008,00,00,00,0008,0008,08,06,BB,00,18,B0
2929,00,01,00,00,01,B0,00,0008,00,00,00,00,00,00,00,00,00,00,0E,02,00,00,00,00,00,0000,00,00,0000,00,00,00,00,0008,0008,00,00,00,0008,0008,08,07,BB,00,19,B0
2930,00,01,00,00,01,B0,00,0008,00,00,00,00,00,00,00,00,00,00,0E,02,00,00,00,00,00,0000,00,00,0000,00,00,00,00,0008,0008,00,00,00,0008,0008,08,08,BB,00,1A,B0
2931,00,01,00,00,01,B0,00,0008,00,00,00,00,00,00,00,00,00,00,0E,02,00,00,00,00,00,0000,00,00,0000,00,00,00,00,0008,0008,00,00,00,0008,0008,08,09,BB,00,1B,B0
2932,00,01,00,00,01,B0,00,0008,00,00,00,00,00,00,00,00,00,00,0E,02,00,00,00,00,00,0000,00,00,0000,00,00,00,00,0008,0008,00,00,00,0008,0008,08,0A,BB,00,1C,B0
2933,00,01,00,00,01,B0,00,0008,00,00,00,00,00,00,00,00,00,00,0E,02,00,00,00,00,00,0000,00,00,0000,00,00,00,00,0008,0008,00,00,00,0008,0008,08,0B,BB,00,1D,B0
2934,00,01,00,00,01,B0,00,0008,00,00,00,00,00,00,00,00,00,00,0E,02,00,00,00,00,00,0000,00,00,0000,00,00,00,00,0008,0008,00,00,00,0008,0008,08,0C,BB,00,1E,B0
2935,00,01,00,00,01,B0,00,0008,00,00,00,00,00,00,00,00,00,00,0E,02,00,00,00,00,00,0000,00,00,0000,00,00,00,00,0008,0008,00,00,00,0008,0008,08,0D,BB,00,1F,B0
2936,00,01,00,00,01,B0,00,0008,00,00,00,00,00,00,00,00,00,00,0E,02,00,00,00,00,00,0000,00,00,0000,00,00,00,00,0008,0008,00,00,00,0008,0008,08,0E,BB,00,20,B0
2937,00,01,00,00,01,B0,00,0008,00,00,00,00,00,00,00,00,00,00,0E,02,00,00,00,00,00,0000,00,00,0000,00,00,00,00,0008,0008,00,00,00,0008,0008,08,0F,BB,00,21,B0
2938,00,01,00,00,01,B0,00,0008,00,00,00,00,00,00,00,00,00,00,0E,02,00,00,00,00,00,0000,00,00,0000,00,00,00,00,0008,0008,00,00,00,0008,0008,08,10,BB,00,22,B0
2939,00,01,00,00,01,B0,00,0008,00,00,00,00,00,00,00,00,00,00,0E,02,00,00,00,00,00,0000,00,00,0000,00,00,00,00,0008,0008,00,00,00,0008,0008,08,11,BB,00,23,B0
2940,00,01,00,00,01,B0,00,0008,00,00,00,00,00,00,00,00,00,00,0E,02,00,00,00,00,00,0000,00,00,0000,00,00,00,00,0008,0008,00,00,00,0008,0008,08,12,BB,00,24,B0
2941,00,01,00,00,01,B0,00,0008,00,00,00,00,00,00,00,00,00,00,0E,02,00,00,00,00,00,0000,00,00,0000,00,00,00,00,0008,0008,00,00,00,0008,0008,08,13,BB,00,25,B0
2942,00,01,00,00,01,B0,00,0008,00,00,00,00,00,00,00,00,00,00,0E,02,00,00,00,00,00,0000,00,00,0000,00,00,00,00,0008,0008,00,00,00,0008,0008,08,14,BB,00,26,B0
2943,00,01,00,00,01,B0,00,0008,00,00,00,00,00,00,00,00,00,00,0E,02,00,00,00,00,00,0000,00,00,0000,00,00,00,00,0008,0008,00,00,00,0008,0008,08,15,BB,00,27,B0
2944,00,01,00,00,01,B0,00,0008,00,00,00,00,00,00,00,00,00,00,0E,02,00,00,00,00,00,0000,00,00,0000,00,00,00,00,0008,0008,00,00,00,0008,0008,08,16,BB,00,28,B0
2945,00,01,00,00,01,B0,00,0008,00,00,00,00,00,00,00,00,00,00,0E,02,00,00,00,00,00,0000,00,00,0000,00,00,00,00,0008,0008,00,00,00,0008,0008,08,17,BB,00,29,B0
2946,00,01,00,00,01,B0,00,0008,00,00,00,00,00,00,00,00,00,00,0E,02,00,00,00,00,00,0000,00,00,0000,00,00,00,00,0008,0008,00,00,00,0008,0008,08,18,BB,00,2A,B0
2947,00,01,00,00,01,B0,00,0008,00,00,00,00,00,00,00,00,00,00,0E,02,00,00,00,00,00,0000,00,00,0000,00,00,00,00,0008,0008,00,00,00,0008,0008,08,19,BB,00,2B,B0
2948,00,01,00,00,01,B0,00,0008,00,00,00,00,00,00,00,00,00,00,0E,02,00,00,00,00,00,0000,00,00,0000,00,00,00,00,0008,0008,00,00,00,0008,0008,08,1A,BB,00,2C,B0
2949,00,01,00,00,01,B0,00,0008,00,00,00,00,00,00,00,00,00,00,0E,02,00,00,00,00,00,0000,00,00,0000,00,00,00,00,0008,0008,00,00,00,0008,0008,08,1B,BB,00,2D,B0
2950,00,01,00,00,01,B0,00,0008,00,00,00,00,00,00,00,00,00,00,0E,02,00,00,00,00,00,0000,00,00,0000,00,00,00,00,0008,0008,00,00,00,0008,0008,08,1C,BB,00,2E,B0
2951,00,01,00,00,01,B0,00,0008,00,00,00,00,00,00,00,00,00,00,0E,02,00,00,00,00,00,0000,00,00,0000,00,00,00,00,0008,0008,00,00,00,0008,0008,08,1D,BB,00,2F,B0
2952,00,01,00,00,01,B0,00,0008,00,00,00,00,00,00,00,00,00,00,0E,02,00,00,00,00,00,0000,00,00,0000,00,00,00,00,0008,0008,00,00,00,0008,0008,08,1E,BB,00,30,B0
2953,00,01,00,00,01,B0,00,0008,00,00,00,00,00,00,00,00,00,00,0E,02,00,00,00,00,00,0000,00,00,0000,00,00,00,00,0008,0008,00,00,00,0008,0008,08,1F,BB,00,31,B0
2954,00,01,00,00,01,B0,00,0008,00,00,00,00,00,00,00,00,00,00,0E,02,00,00,00,00,00,0000,00,00,0000,00,00,00,00,0008,0008,00,00,00,0008,0008,08,20,BB,00,32,B0
2955,00,01,00,00,01,B0,00,0008,00,00,00,00,00,00,00,00,00,00,0E,02,00,00,00,00,00,0000,00,00,0000,00,00,00,00,0008,0008,00,00,00,0008,0008,08,21,BB,00,33,B0
2956,00,01,00,00,01,B0,00,0008,00,00,00,00,00,00,00,00,00,00,0E,02,00,00,00,00,00,0000,00,00,0000,00,00,00,00,0008,0008,00,00,00,0008,0008,08,22,BB,00,34,B0
2957,00,01,00,00,01,B0,00,0008,00,00,00,00,00,00,00,00,00,00,0E,02,00,00,00,00,00,0000,00,00,0000,00,00,00,00,0008,0008,00,00,00,0008,0008,08,23,BB,00,35,B0
2958,00,01,00,00,01,B0,00,0008,00,00,00,00,00,00,00,00,00,00,0E,02,00,00,00,00,00,0000,00,00,0000,00,00,00,00,0008,0008,00,00,00,0008,0008,08,24,BB,00,36,B0
2959,00,01,00,00,01,B0,00,0008,00,00,00,00,00,00,00,00,00,00,0E,02,00,00,00,00,00,0000,00,00,0000,00,00,00,00,0008,0008,00,00,00,0008,0008,08,25,BB,00,37,B0
2960,00,01,00,00,01,B0,00,0008,00,00,00,00,00,00,00,00,00,00,0E,02,00,00,00,00,00,0000,00,00,0000,00,00,00,00,0008,0008,00,00,00,0008,0008,08,26,BB,00,38,B0
2961,00,01,00,00,01,B0,00,0008,00,00,00,00,00,00,00,00,00,00,0E,02,00,00,00,00,00,0000,00,00,0000,00,00,00,00,0008,0008,00,00,00,0008,0008,08,27,BB,00,39,B0
2962,00,01,00,00,01,B0,00,0008,00,00,00,00,00,00,00,00,00,00,0E,02,00,00,00,00,00,0000,00,00,0000,00,00,00,00,0008,0008,00,00,00,0008,0008,08,28,BB,00,3A,B0
2963,00,01,00,00,01,B0,00,0008,00,00,00,00,00,00,00,00,00,00,0E,02,00,00,00,00,00,0000,00,00,0000,00,00,00,00,0008,0008,00,00,00,0008,0008,08,29,BB,00,3B,B0
2964,00,01,00,00,01,B0,00,0008,00,00,00,00,00,00,00,00,00,00,0E,02,00,00,00,00,00,0000,00,00,0000,00,00,00,00,0008,0008,00,00,00,0008,0008,08,2A,BB,00,3C,B0
2965,00,01,00,00,01,B0,00,0008,00,00,00,00,00,00,00,00,00,00,0E,02,00,00,00,00,00,0000,00,00,0000,00,00,00,00,0008,0008,00,00,00,0008,0008,08,2B,BB,00,3D,B0
2966,00,01,00,00,01,B0,00,0008,00,00,00,00,00,00,00,00,00,00,0E,02,00,00,00,00,00,0000,00,00,0000,00,00,00,00,0008,0008,00,00,00,0008,0008,08,2C,BB,00,3E,B0
2967,00,01,00,00,01,B0,00,0008,00,00,00,00,00,00,00,00,00,00,0E,02,00,00,00,00,00,0000,00,00,0000,00,00,00,00,0008,0008,00,00,00,0008,0008,08,2D,BB,00,3F,B0
2968,00,01,00,00,01,B0,00,0008,00,00,00,00,00,00,00,00,00,00,0E,02,00,00,00,00,00,0000,00,00,0000,00,00,00,00,0008,0008,00,00,00,0008,0008,08,2E,BB,00,40,B0
2969,00,01,00,00,01,B0,00,0008,00,00,00,00,00,00,00,00,00,00,0E,02,00,00,00,00,00,0000,00,00,0000,00,00,00,00,0008,0008,00,00,00,0008,0008,08,2F,BB,00,41,B0
2970,00,01,00,00,01,B0,00,0008,00,00,00,00,00,00,00,00,00,00,0E,02,00,00,00,00,00,0000,00,00,0000,00,00,00,00,0008,0008,00,00,00,0008,0008,08,30,BB,00,42,B0
2971,00,01,00,00,01,B0,00,0008,00,00,00,00,00,00,00,00,00,00,0E,02,00,00,00,00,00,0000,00,00,0000,00,00,00,00,0008,0008,00,00,00,0008,0008,08,31,BB,00,43,B0
2972,00,01,00,00,01,B0,00,0008,00,00,00,00,00,00,00,00,00,00,0E,02,00,00,00,00,00,0000,00,00,0000,00,00,00,00,0008,0008,00,00,00,0008,0008,08,32,BB,00,44,B0
2973,00,01,00,00,01,B0,00,0008,00,00,00,00,00,00,00,00,00,00,0E,02,00,00,00,00,00,0000,00,00,0000,00,00,00,00,0008,0008,00,00,00,0008,0008,08,33,BB,00,45,B0
2974,00,01,00,00,01,B0,00,0008,00,00,00,00,00,00,00,00,00,00,0E,02,00,00,00,00,00,0000,00,00,0000,00,00,00,00,0008,0008,00,00,00,0008,0008,08,34,BB,00,46,B0
2975,00,01,00,00,01,B0,00,0008,00,00,00,00,00,00,00,00,00,00,0E,02,00,00,00,00,00,0000,00,00,0000,00,00,00,00,0008,0008,00,00,00,0008,0008,08,35,BB,00,47,B0
2976,00,01,00,00,01,B0,00,0008,00,00,00,00,00,00,00,00,00,00,0E,02,00,00,00,00,00,0000,00,00,0000,00,00,00,00,0008,0008,00,00,00,0008,0008,08,36,BB,00,48,B0
2977,00,01,00,00,01,B0,00,0008,00,00,00,00,00,00,00,00,00,00,0E,02,00,00,00,00,00,0000,00,00,0000,00,00,00,00,0008,0008,00,00,00,0008,0008,08,37,BB,00,49,B0
2978,00,01,00,00,01,B0,00,0008,00,00,00,00,00,00,00,00,00,00,0E,02,00,00,00,00,00,0000,00,00,0000,00,00,00,00,0008,0008,00,00,00,0008,0008,08,38,BB,00,4A,B0
2979,00,01,00,00,01,B0,00,0008,00,00,00,00,00,00,00,00,00,00,0E,02,00,00,00,00,00,0000,00,00,0000,00,00,00,00,0008,0008,00,00,00,0008,0008,08,39,BB,00,4B,B0
2980,00,01,00,00,01,B0,00,0008,00,00,00,00,00,00,00,00,00,00,0E,02,00,00,00,00,00,0000,00,00,0000,00,00,00,00,0008,0008,00,00,00,0008,0008,08,3A,BB,00,4C,B0
2981,00,01,00,00,01,B0,00,0008,00,00,00,00,00,00,00,00,00,00,0E,02,00,00,00,00,00,0000,00,00,0000,00,00,00,00,0008,0008,00,00,00,0008,0008,08,3B,BB,00,4D,B0
2982,00,01,00,00,01,B0,00,0008,00,00,00,00,00,00,00,00,00,00,0E,02,00,00,00,00,00,0000,00,00,0000,00,00,00,00,0008,0008,00,00,00,0008,0008,08,3C,BB,00,4E,B0
2983,00,01,00,00,01,B0,00,0008,00,00,00,00,00,00,00,00,00,00,0E,02,00,00,00,00,00,0000,00,00,0000,00,00,00,00,0008,0008,00,00,00,0008,0008,08,3D,BB,00,4F,B0
2984,00,01,00,00,01,B0,00,0008,00,00,00,00,00,00,00,00,00,00,0E,02,00,00,00,00,00,0000,00,00,0000,00,00,00,00,0008,0008,00,00,00,0008,0008,08,3E,BB,00,50,B0
2985,00,01,00,00,01,B0,00,0008,00,00,00,00,00,00,00,00,00,00,0E,02,00,00,00,00,00,0000,00,00,0000,00,00,00,00,0008,0008,00,00,00,0008,0008,08,3F,BB,00,51,B0
2986,00,01,00,00,01,B0,00,0008,00,00,00,00,00,00,00,00,00,00,0E,02,00,00,00,00,00,0000,00,00,0000,00,00,00,00,0008,0008,00,00,00,0008,0008,08,40,BB,00,52,B0
2987,00,01,00,00,01,B0,00,0008,00,00,00,00,00,00,00,00,00,00,0E,02,00,00,00,00,00,0000,00,00,0000,00,00,00,00,0008,0008,00,00,00,0008,0008,08,41,BB,00,53,B0
2988,00,01,00,00,01,B0,00,0008,00,00,00,00,00,00,00,00,00,00,0E,02,00,00,00,00,00,0000,00,00,0000,00,00,00,00,0008,0008,00,00,00,0008,0008,08,42,BB,00,54,B0
2989,00,01,00,00,01,B0,00,0008,00,00,00,00,00,00,00,00,00,00,0E,02,00,00,00,00,00,0000,00,00,0000,00,00,00,00,0008,0008,00,00,00,0008,0008,08,43,BB,00,55,B0
2990,00,01,00,00,01,B0,00,0008,00,00,00,00,00,00,00,00,00,00,0E,02,00,00,00,00,00,0000,00,00,0000,00,00,00,00,0008,0008,00,00,00,0008,0008,08,44,BB,00,56,B0
2991,00,01,00,00,01,B0,00,0008,00,00,00,00,00,00,00,00,00,00,0E,02,00,00,00,00,00,0000,00,00,0000,00,00,00,00,0008,0008,00,00,00,0008,0008,08,45,BB,00,57,B0
2992,00,01,00,00,01,B0,00,0008,00,00,00,00,00,00,00,00,00,00,0E,02,00,00,00,00,00,0000,00,00,0000,00,00,00,00,0008,0008,00,00,00,0008,0008,08,46,BB,00,58,B0
2993,00,01,00,00,01,B0,00,0008,00,00,00,00,00,00,00,00,00,00,0E,02,00,00,00,00,00,0000,00,00,0000,00,00,00,00,0008,0008,00,00,00,0008,0008,08,47,BB,00,59,B0
2994,00,01,00,00,01,B0,00,0008,00,00,00,00,00,00,00,00,00,00,0E,02,00,00,00,00,00,0000,00,00,0000,00,00,00,00,0008,0008,00,00,00,0008,0008,08,48,BB,00,5A,B0
2995,00,01,00,00,01,B0,00,0008,00,00,00,00,00,00,00,00,00,00,0E,02,00,00,00,00,00,0000,00,00,0000,00,00,00,00,0008,0008,00,00,00,0008,0008,08,49,BB,00,5B,B0
2996,00,01,00,00,01,B0,00,0008,00,00,00,00,00,00,00,00,00,00,0E,02,00,00,00,00,00,0000,00,00,0000,00,00,00,00,0008,0008,00,00,00,0008,0008,08,4A,BB,00,5C,B0
2997,00,01,00,00,01,B0,00,0008,00,00,00,00,00,00,00,00,00,00,0E,02,00,00,00,00,00,0000,00,00,0000,00,00,00,00,0008,0008,00,00,00,0008,0008,08,4B,BB,00,5D,B0
2998,00,01,00,00,01,B0,00,0008,00,00,00,00,00,00,00,00,00,00,0E,02,00,00,00,00,00,0000,00,00,0000,00,00,00,00,0008,0008,00,00,00,0008,0008,08,4C,BB,00,5E,B0
2999,00,01,00,00,01,B0,00,0008,00,00,00,00,00,00,00,00,00,00,0E,02,00,00,00,00,00,0000,00,00,0000,00,00,00,00,0008,0008,00,00,00,0008,0008,08,4D,BB,00,5F,B0
3000,00,01,00,00,01,B0,00,0008,00,00,00,00,00,00,00,00,00,00,0E,02,00,00,00,00,00,0000,00,00,0000,00,00,00,00,0008,0008,00,00,00,0008,0008,08,4E,BB,00,60,B0
