# label=gen system=GEN start=850 end=1500
# frame,gameMode,phase,subphase,curVScroll,curHScroll,ppuCtrl,switchReq,vsram0,ppuScrlX,ppuScrlY,demoLineTextIndex,demoNTWraps,lineCounter,lineAttrIndex,lineDstLo,lineDstHi,attrDstLo,attrDstHi,phase0Cycle,phase0Timer,transferBufSel,demoBusy,vsAddrHi58,vsAddrLoE2,sprite0Act,vsram40,hintQCount,hintQ0Ctr,hintQ0Vsram,hintPendSplit,introScrollMode,stagedMode,stagedHintCtr,stagedBase,stagedEvent,activeHintCtr,stagedSegment,activeSegment,activeBase,activeEvent,enterStep,updateCount,handoffMark,substage,nmiProbe,ppuCtrlGate
850,00,00,01,00,01,B0,00,0008,00,00,00,00,00,00,00,00,00,00,0D,AF,00,01,00,00,00,0000,00,00,0000,00,00,00,00,0008,0008,00,00,00,0008,0008,00,00,00,00,08,B0
851,00,00,01,00,01,B0,00,0008,00,00,00,00,00,00,00,00,00,00,0D,AE,00,01,00,00,00,0000,00,00,0000,00,00,00,00,0008,0008,00,00,00,0008,0008,00,00,00,00,09,B0
852,00,00,01,00,01,B0,00,0008,00,00,00,00,00,00,00,00,00,00,0D,AD,00,01,00,00,00,0000,00,00,0000,00,00,00,00,0008,0008,00,00,00,0008,0008,00,00,00,00,0A,B0
853,00,00,01,00,01,B0,00,0008,00,00,00,00,00,00,00,00,00,00,0D,AC,00,01,00,00,00,0000,00,00,0000,00,00,00,00,0008,0008,00,00,00,0008,0008,00,00,00,00,0B,B0
854,00,00,01,00,01,B0,00,0008,00,00,00,00,00,00,00,00,00,00,0D,AB,00,01,00,00,00,0000,00,00,0000,00,00,00,00,0008,0008,00,00,00,0008,0008,00,00,00,00,0C,B0
855,00,00,01,00,01,B0,00,0008,00,00,00,00,00,00,00,00,00,00,0D,AA,00,01,00,00,00,0000,00,00,0000,00,00,00,00,0008,0008,00,00,00,0008,0008,00,00,00,00,0D,B0
856,00,00,01,00,01,B0,00,0008,00,00,00,00,00,00,00,00,00,00,0D,A9,00,01,00,00,00,0000,00,00,0000,00,00,00,00,0008,0008,00,00,00,0008,0008,00,00,00,00,0E,B0
857,00,00,01,00,01,B0,00,0008,00,00,00,00,00,00,00,00,00,00,0D,A8,00,01,00,00,00,0000,00,00,0000,00,00,00,00,0008,0008,00,00,00,0008,0008,00,00,00,00,0F,B0
858,00,00,01,00,01,B0,00,0008,00,00,00,00,00,00,00,00,00,00,0D,A7,00,01,00,00,00,0000,00,00,0000,00,00,00,00,0008,0008,00,00,00,0008,0008,00,00,00,00,10,B0
859,00,00,01,00,01,B0,00,0008,00,00,00,00,00,00,00,00,00,00,0D,A6,00,01,00,00,00,0000,00,00,0000,00,00,00,00,0008,0008,00,00,00,0008,0008,00,00,00,00,11,B0
860,00,00,01,00,01,B0,00,0008,00,00,00,00,00,00,00,00,00,00,0D,A5,00,01,00,00,00,0000,00,00,0000,00,00,00,00,0008,0008,00,00,00,0008,0008,00,00,00,00,12,B0
861,00,00,01,00,01,B0,00,0008,00,00,00,00,00,00,00,00,00,00,0D,A4,00,01,00,00,00,0000,00,00,0000,00,00,00,00,0008,0008,00,00,00,0008,0008,00,00,00,00,13,B0
862,00,00,01,00,01,B0,00,0008,00,00,00,00,00,00,00,00,00,00,0D,A3,00,01,00,00,00,0000,00,00,0000,00,00,00,00,0008,0008,00,00,00,0008,0008,00,00,00,00,14,B0
863,00,00,01,00,01,B0,00,0008,00,00,00,00,00,00,00,00,00,00,0D,A2,00,01,00,00,00,0000,00,00,0000,00,00,00,00,0008,0008,00,00,00,0008,0008,00,00,00,00,15,B0
864,00,00,01,00,01,B0,00,0008,00,00,00,00,00,00,00,00,00,00,0D,A1,00,01,00,00,00,0000,00,00,0000,00,00,00,00,0008,0008,00,00,00,0008,0008,00,00,00,00,16,B0
865,00,00,01,00,01,B0,00,0008,00,00,00,00,00,00,00,00,00,00,0D,A0,00,01,00,00,00,0000,00,00,0000,00,00,00,00,0008,0008,00,00,00,0008,0008,00,00,00,00,17,B0
866,00,00,01,00,01,B0,00,0008,00,00,00,00,00,00,00,00,00,00,0D,9F,00,01,00,00,00,0000,00,00,0000,00,00,00,00,0008,0008,00,00,00,0008,0008,00,00,00,00,18,B0
867,00,00,01,00,01,B0,00,0008,00,00,00,00,00,00,00,00,00,00,0D,9E,00,01,00,00,00,0000,00,00,0000,00,00,00,00,0008,0008,00,00,00,0008,0008,00,00,00,00,19,B0
868,00,00,01,00,01,B0,00,0008,00,00,00,00,00,00,00,00,00,00,0D,9D,00,01,00,00,00,0000,00,00,0000,00,00,00,00,0008,0008,00,00,00,0008,0008,00,00,00,00,1A,B0
869,00,00,01,00,01,B0,00,0008,00,00,00,00,00,00,00,00,00,00,0D,9C,00,01,00,00,00,0000,00,00,0000,00,00,00,00,0008,0008,00,00,00,0008,0008,00,00,00,00,1B,B0
870,00,00,01,00,01,B0,00,0008,00,00,00,00,00,00,00,00,00,00,0D,9B,00,01,00,00,00,0000,00,00,0000,00,00,00,00,0008,0008,00,00,00,0008,0008,00,00,00,00,1C,B0
871,00,00,01,00,01,B0,00,0008,00,00,00,00,00,00,00,00,00,00,0D,9A,00,01,00,00,00,0000,00,00,0000,00,00,00,00,0008,0008,00,00,00,0008,0008,00,00,00,00,1D,B0
872,00,00,01,00,01,B0,00,0008,00,00,00,00,00,00,00,00,00,00,0D,99,00,01,00,00,00,0000,00,00,0000,00,00,00,00,0008,0008,00,00,00,0008,0008,00,00,00,00,1E,B0
873,00,00,01,00,01,B0,00,0008,00,00,00,00,00,00,00,00,00,00,0D,98,00,01,00,00,00,0000,00,00,0000,00,00,00,00,0008,0008,00,00,00,0008,0008,00,00,00,00,1F,B0
874,00,00,01,00,01,B0,00,0008,00,00,00,00,00,00,00,00,00,00,0D,97,00,01,00,00,00,0000,00,00,0000,00,00,00,00,0008,0008,00,00,00,0008,0008,00,00,00,00,20,B0
875,00,00,01,00,01,B0,00,0008,00,00,00,00,00,00,00,00,00,00,0D,96,00,01,00,00,00,0000,00,00,0000,00,00,00,00,0008,0008,00,00,00,0008,0008,00,00,00,00,21,B0
876,00,00,01,00,01,B0,00,0008,00,00,00,00,00,00,00,00,00,00,0D,95,00,01,00,00,00,0000,00,00,0000,00,00,00,00,0008,0008,00,00,00,0008,0008,00,00,00,00,22,B0
877,00,00,01,00,01,B0,00,0008,00,00,00,00,00,00,00,00,00,00,0D,94,00,01,00,00,00,0000,00,00,0000,00,00,00,00,0008,0008,00,00,00,0008,0008,00,00,00,00,23,B0
878,00,00,01,00,01,B0,00,0008,00,00,00,00,00,00,00,00,00,00,0D,93,00,01,00,00,00,0000,00,00,0000,00,00,00,00,0008,0008,00,00,00,0008,0008,00,00,00,00,24,B0
879,00,00,01,00,01,B0,00,0008,00,00,00,00,00,00,00,00,00,00,0D,92,00,01,00,00,00,0000,00,00,0000,00,00,00,00,0008,0008,00,00,00,0008,0008,00,00,00,00,25,B0
880,00,00,01,00,01,B0,00,0008,00,00,00,00,00,00,00,00,00,00,0D,91,00,01,00,00,00,0000,00,00,0000,00,00,00,00,0008,0008,00,00,00,0008,0008,00,00,00,00,26,B0
881,00,00,01,00,01,B0,00,0008,00,00,00,00,00,00,00,00,00,00,0D,90,00,01,00,00,00,0000,00,00,0000,00,00,00,00,0008,0008,00,00,00,0008,0008,00,00,00,00,27,B0
882,00,00,01,00,01,B0,00,0008,00,00,00,00,00,00,00,00,00,00,0D,8F,00,01,00,00,00,0000,00,00,0000,00,00,00,00,0008,0008,00,00,00,0008,0008,00,00,00,00,28,B0
883,00,00,01,00,01,B0,00,0008,00,00,00,00,00,00,00,00,00,00,0D,8E,00,01,00,00,00,0000,00,00,0000,00,00,00,00,0008,0008,00,00,00,0008,0008,00,00,00,00,29,B0
884,00,00,01,00,01,B0,00,0008,00,00,00,00,00,00,00,00,00,00,0D,8D,00,01,00,00,00,0000,00,00,0000,00,00,00,00,0008,0008,00,00,00,0008,0008,00,00,00,00,2A,B0
885,00,00,01,00,01,B0,00,0008,00,00,00,00,00,00,00,00,00,00,0D,8C,00,01,00,00,00,0000,00,00,0000,00,00,00,00,0008,0008,00,00,00,0008,0008,00,00,00,00,2B,B0
886,00,00,01,00,01,B0,00,0008,00,00,00,00,00,00,00,00,00,00,0D,8B,00,01,00,00,00,0000,00,00,0000,00,00,00,00,0008,0008,00,00,00,0008,0008,00,00,00,00,2C,B0
887,00,00,01,00,01,B0,00,0008,00,00,00,00,00,00,00,00,00,00,0D,8A,00,01,00,00,00,0000,00,00,0000,00,00,00,00,0008,0008,00,00,00,0008,0008,00,00,00,00,2D,B0
888,00,00,01,00,01,B0,00,0008,00,00,00,00,00,00,00,00,00,00,0D,89,00,01,00,00,00,0000,00,00,0000,00,00,00,00,0008,0008,00,00,00,0008,0008,00,00,00,00,2E,B0
889,00,00,01,00,01,B0,00,0008,00,00,00,00,00,00,00,00,00,00,0D,88,00,01,00,00,00,0000,00,00,0000,00,00,00,00,0008,0008,00,00,00,0008,0008,00,00,00,00,2F,B0
890,00,00,01,00,01,B0,00,0008,00,00,00,00,00,00,00,00,00,00,0D,87,00,01,00,00,00,0000,00,00,0000,00,00,00,00,0008,0008,00,00,00,0008,0008,00,00,00,00,30,B0
891,00,00,01,00,01,B0,00,0008,00,00,00,00,00,00,00,00,00,00,0D,86,00,01,00,00,00,0000,00,00,0000,00,00,00,00,0008,0008,00,00,00,0008,0008,00,00,00,00,31,B0
892,00,00,01,00,01,B0,00,0008,00,00,00,00,00,00,00,00,00,00,0D,85,00,01,00,00,00,0000,00,00,0000,00,00,00,00,0008,0008,00,00,00,0008,0008,00,00,00,00,32,B0
893,00,00,01,00,01,B0,00,0008,00,00,00,00,00,00,00,00,00,00,0D,84,00,01,00,00,00,0000,00,00,0000,00,00,00,00,0008,0008,00,00,00,0008,0008,00,00,00,00,33,B0
894,00,00,01,00,01,B0,00,0008,00,00,00,00,00,00,00,00,00,00,0D,83,00,01,00,00,00,0000,00,00,0000,00,00,00,00,0008,0008,00,00,00,0008,0008,00,00,00,00,34,B0
895,00,00,01,00,01,B0,00,0008,00,00,00,00,00,00,00,00,00,00,0D,82,00,01,00,00,00,0000,00,00,0000,00,00,00,00,0008,0008,00,00,00,0008,0008,00,00,00,00,35,B0
896,00,00,01,00,01,B0,00,0008,00,00,00,00,00,00,00,00,00,00,0D,81,00,01,00,00,00,0000,00,00,0000,00,00,00,00,0008,0008,00,00,00,0008,0008,00,00,00,00,36,B0
897,00,00,01,00,01,B0,00,0008,00,00,00,00,00,00,00,00,00,00,0D,80,00,01,00,00,00,0000,00,00,0000,00,00,00,00,0008,0008,00,00,00,0008,0008,00,00,00,00,37,B0
898,00,00,01,00,01,B0,00,0008,00,00,00,00,00,00,00,00,00,00,0D,7F,00,01,00,00,00,0000,00,00,0000,00,00,00,00,0008,0008,00,00,00,0008,0008,00,00,00,00,38,B0
899,00,00,01,00,01,B0,00,0008,00,00,00,00,00,00,00,00,00,00,0D,7E,00,01,00,00,00,0000,00,00,0000,00,00,00,00,0008,0008,00,00,00,0008,0008,00,00,00,00,39,B0
900,00,00,01,00,01,B0,00,0008,00,00,00,00,00,00,00,00,00,00,0D,7D,00,01,00,00,00,0000,00,00,0000,00,00,00,00,0008,0008,00,00,00,0008,0008,00,00,00,00,3A,B0
901,00,00,01,00,01,B0,00,0008,00,00,00,00,00,00,00,00,00,00,0D,7C,00,01,00,00,00,0000,00,00,0000,00,00,00,00,0008,0008,00,00,00,0008,0008,00,00,00,00,3B,B0
902,00,00,01,00,01,B0,00,0008,00,00,00,00,00,00,00,00,00,00,0D,7B,00,01,00,00,00,0000,00,00,0000,00,00,00,00,0008,0008,00,00,00,0008,0008,00,00,00,00,3C,B0
903,00,00,01,00,01,B0,00,0008,00,00,00,00,00,00,00,00,00,00,0D,7A,00,01,00,00,00,0000,00,00,0000,00,00,00,00,0008,0008,00,00,00,0008,0008,00,00,00,00,3D,B0
904,00,00,01,00,01,B0,00,0008,00,00,00,00,00,00,00,00,00,00,0D,79,00,01,00,00,00,0000,00,00,0000,00,00,00,00,0008,0008,00,00,00,0008,0008,00,00,00,00,3E,B0
905,00,00,01,00,01,B0,00,0008,00,00,00,00,00,00,00,00,00,00,0D,78,00,01,00,00,00,0000,00,00,0000,00,00,00,00,0008,0008,00,00,00,0008,0008,00,00,00,00,3F,B0
906,00,00,01,00,01,B0,00,0008,00,00,00,00,00,00,00,00,00,00,0D,77,00,01,00,00,00,0000,00,00,0000,00,00,00,00,0008,0008,00,00,00,0008,0008,00,00,00,00,40,B0
907,00,00,01,00,01,B0,00,0008,00,00,00,00,00,00,00,00,00,00,0D,76,00,01,00,00,00,0000,00,00,0000,00,00,00,00,0008,0008,00,00,00,0008,0008,00,00,00,00,41,B0
908,00,00,01,00,01,B0,00,0008,00,00,00,00,00,00,00,00,00,00,0D,75,00,01,00,00,00,0000,00,00,0000,00,00,00,00,0008,0008,00,00,00,0008,0008,00,00,00,00,42,B0
909,00,00,01,00,01,B0,00,0008,00,00,00,00,00,00,00,00,00,00,0D,74,00,01,00,00,00,0000,00,00,0000,00,00,00,00,0008,0008,00,00,00,0008,0008,00,00,00,00,43,B0
910,00,00,01,00,01,B0,00,0008,00,00,00,00,00,00,00,00,00,00,0D,73,00,01,00,00,00,0000,00,00,0000,00,00,00,00,0008,0008,00,00,00,0008,0008,00,00,00,00,44,B0
911,00,00,01,00,01,B0,00,0008,00,00,00,00,00,00,00,00,00,00,0D,72,00,01,00,00,00,0000,00,00,0000,00,00,00,00,0008,0008,00,00,00,0008,0008,00,00,00,00,45,B0
912,00,00,01,00,01,B0,00,0008,00,00,00,00,00,00,00,00,00,00,0D,71,00,01,00,00,00,0000,00,00,0000,00,00,00,00,0008,0008,00,00,00,0008,0008,00,00,00,00,46,B0
913,00,00,01,00,01,B0,00,0008,00,00,00,00,00,00,00,00,00,00,0D,70,00,01,00,00,00,0000,00,00,0000,00,00,00,00,0008,0008,00,00,00,0008,0008,00,00,00,00,47,B0
914,00,00,01,00,01,B0,00,0008,00,00,00,00,00,00,00,00,00,00,0D,6F,00,01,00,00,00,0000,00,00,0000,00,00,00,00,0008,0008,00,00,00,0008,0008,00,00,00,00,48,B0
915,00,00,01,00,01,B0,00,0008,00,00,00,00,00,00,00,00,00,00,0D,6E,00,01,00,00,00,0000,00,00,0000,00,00,00,00,0008,0008,00,00,00,0008,0008,00,00,00,00,49,B0
916,00,00,01,00,01,B0,00,0008,00,00,00,00,00,00,00,00,00,00,0D,6D,00,01,00,00,00,0000,00,00,0000,00,00,00,00,0008,0008,00,00,00,0008,0008,00,00,00,00,4A,B0
917,00,00,01,00,01,B0,00,0008,00,00,00,00,00,00,00,00,00,00,0D,6C,00,01,00,00,00,0000,00,00,0000,00,00,00,00,0008,0008,00,00,00,0008,0008,00,00,00,00,4B,B0
918,00,00,01,00,01,B0,00,0008,00,00,00,00,00,00,00,00,00,00,0D,6B,00,01,00,00,00,0000,00,00,0000,00,00,00,00,0008,0008,00,00,00,0008,0008,00,00,00,00,4C,B0
919,00,00,01,00,01,B0,00,0008,00,00,00,00,00,00,00,00,00,00,0D,6A,00,01,00,00,00,0000,00,00,0000,00,00,00,00,0008,0008,00,00,00,0008,0008,00,00,00,00,4D,B0
920,00,00,01,00,01,B0,00,0008,00,00,00,00,00,00,00,00,00,00,0D,69,00,01,00,00,00,0000,00,00,0000,00,00,00,00,0008,0008,00,00,00,0008,0008,00,00,00,00,4E,B0
921,00,00,01,00,01,B0,00,0008,00,00,00,00,00,00,00,00,00,00,0D,68,00,01,00,00,00,0000,00,00,0000,00,00,00,00,0008,0008,00,00,00,0008,0008,00,00,00,00,4F,B0
922,00,00,01,00,01,B0,00,0008,00,00,00,00,00,00,00,00,00,00,0D,67,00,01,00,00,00,0000,00,00,0000,00,00,00,00,0008,0008,00,00,00,0008,0008,00,00,00,00,50,B0
923,00,00,01,00,01,B0,00,0008,00,00,00,00,00,00,00,00,00,00,0D,66,00,01,00,00,00,0000,00,00,0000,00,00,00,00,0008,0008,00,00,00,0008,0008,00,00,00,00,51,B0
924,00,00,01,00,01,B0,00,0008,00,00,00,00,00,00,00,00,00,00,0D,65,00,01,00,00,00,0000,00,00,0000,00,00,00,00,0008,0008,00,00,00,0008,0008,00,00,00,00,52,B0
925,00,00,01,00,01,B0,00,0008,00,00,00,00,00,00,00,00,00,00,0D,64,00,01,00,00,00,0000,00,00,0000,00,00,00,00,0008,0008,00,00,00,0008,0008,00,00,00,00,53,B0
926,00,00,01,00,01,B0,00,0008,00,00,00,00,00,00,00,00,00,00,0D,63,00,01,00,00,00,0000,00,00,0000,00,00,00,00,0008,0008,00,00,00,0008,0008,00,00,00,00,54,B0
927,00,00,01,00,01,B0,00,0008,00,00,00,00,00,00,00,00,00,00,0D,62,00,01,00,00,00,0000,00,00,0000,00,00,00,00,0008,0008,00,00,00,0008,0008,00,00,00,00,55,B0
928,00,00,01,00,01,B0,00,0008,00,00,00,00,00,00,00,00,00,00,0D,61,00,01,00,00,00,0000,00,00,0000,00,00,00,00,0008,0008,00,00,00,0008,0008,00,00,00,00,56,B0
929,00,00,01,00,01,B0,00,0008,00,00,00,00,00,00,00,00,00,00,0D,60,00,01,00,00,00,0000,00,00,0000,00,00,00,00,0008,0008,00,00,00,0008,0008,00,00,00,00,57,B0
930,00,00,01,00,01,B0,00,0008,00,00,00,00,00,00,00,00,00,00,0D,5F,00,01,00,00,00,0000,00,00,0000,00,00,00,00,0008,0008,00,00,00,0008,0008,00,00,00,00,58,B0
931,00,00,01,00,01,B0,00,0008,00,00,00,00,00,00,00,00,00,00,0D,5E,00,01,00,00,00,0000,00,00,0000,00,00,00,00,0008,0008,00,00,00,0008,0008,00,00,00,00,59,B0
932,00,00,01,00,01,B0,00,0008,00,00,00,00,00,00,00,00,00,00,0D,5D,00,01,00,00,00,0000,00,00,0000,00,00,00,00,0008,0008,00,00,00,0008,0008,00,00,00,00,5A,B0
933,00,00,01,00,01,B0,00,0008,00,00,00,00,00,00,00,00,00,00,0D,5C,00,01,00,00,00,0000,00,00,0000,00,00,00,00,0008,0008,00,00,00,0008,0008,00,00,00,00,5B,B0
934,00,00,01,00,01,B0,00,0008,00,00,00,00,00,00,00,00,00,00,0D,5B,00,01,00,00,00,0000,00,00,0000,00,00,00,00,0008,0008,00,00,00,0008,0008,00,00,00,00,5C,B0
935,00,00,01,00,01,B0,00,0008,00,00,00,00,00,00,00,00,00,00,0D,5A,00,01,00,00,00,0000,00,00,0000,00,00,00,00,0008,0008,00,00,00,0008,0008,00,00,00,00,5D,B0
936,00,00,01,00,01,B0,00,0008,00,00,00,00,00,00,00,00,00,00,0D,59,00,01,00,00,00,0000,00,00,0000,00,00,00,00,0008,0008,00,00,00,0008,0008,00,00,00,00,5E,B0
937,00,00,01,00,01,B0,00,0008,00,00,00,00,00,00,00,00,00,00,0D,58,00,01,00,00,00,0000,00,00,0000,00,00,00,00,0008,0008,00,00,00,0008,0008,00,00,00,00,5F,B0
938,00,00,01,00,01,B0,00,0008,00,00,00,00,00,00,00,00,00,00,0D,57,00,01,00,00,00,0000,00,00,0000,00,00,00,00,0008,0008,00,00,00,0008,0008,00,00,00,00,60,B0
939,00,00,01,00,01,B0,00,0008,00,00,00,00,00,00,00,00,00,00,0D,56,00,01,00,00,00,0000,00,00,0000,00,00,00,00,0008,0008,00,00,00,0008,0008,00,00,00,00,61,B0
940,00,00,01,00,01,B0,00,0008,00,00,00,00,00,00,00,00,00,00,0D,55,00,01,00,00,00,0000,00,00,0000,00,00,00,00,0008,0008,00,00,00,0008,0008,00,00,00,00,62,B0
941,00,00,01,00,01,B0,00,0008,00,00,00,00,00,00,00,00,00,00,0D,54,00,01,00,00,00,0000,00,00,0000,00,00,00,00,0008,0008,00,00,00,0008,0008,00,00,00,00,63,B0
942,00,00,01,00,01,B0,00,0008,00,00,00,00,00,00,00,00,00,00,0D,53,00,01,00,00,00,0000,00,00,0000,00,00,00,00,0008,0008,00,00,00,0008,0008,00,00,00,00,64,B0
943,00,00,01,00,01,B0,00,0008,00,00,00,00,00,00,00,00,00,00,0D,52,00,01,00,00,00,0000,00,00,0000,00,00,00,00,0008,0008,00,00,00,0008,0008,00,00,00,00,65,B0
944,00,00,01,00,01,B0,00,0008,00,00,00,00,00,00,00,00,00,00,0D,51,00,01,00,00,00,0000,00,00,0000,00,00,00,00,0008,0008,00,00,00,0008,0008,00,00,00,00,66,B0
945,00,00,01,00,01,B0,00,0008,00,00,00,00,00,00,00,00,00,00,0D,50,00,01,00,00,00,0000,00,00,0000,00,00,00,00,0008,0008,00,00,00,0008,0008,00,00,00,00,67,B0
946,00,00,01,00,01,B0,00,0008,00,00,00,00,00,00,00,00,00,00,0D,4F,00,01,00,00,00,0000,00,00,0000,00,00,00,00,0008,0008,00,00,00,0008,0008,00,00,00,00,68,B0
947,00,00,01,00,01,B0,00,0008,00,00,00,00,00,00,00,00,00,00,0D,4E,00,01,00,00,00,0000,00,00,0000,00,00,00,00,0008,0008,00,00,00,0008,0008,00,00,00,00,69,B0
948,00,00,01,00,01,B0,00,0008,00,00,00,00,00,00,00,00,00,00,0D,4D,00,01,00,00,00,0000,00,00,0000,00,00,00,00,0008,0008,00,00,00,0008,0008,00,00,00,00,6A,B0
949,00,00,01,00,01,B0,00,0008,00,00,00,00,00,00,00,00,00,00,0D,4C,00,01,00,00,00,0000,00,00,0000,00,00,00,00,0008,0008,00,00,00,0008,0008,00,00,00,00,6B,B0
950,00,00,01,00,01,B0,00,0008,00,00,00,00,00,00,00,00,00,00,0D,4B,00,01,00,00,00,0000,00,00,0000,00,00,00,00,0008,0008,00,00,00,0008,0008,00,00,00,00,6C,B0
951,00,00,01,00,01,B0,00,0008,00,00,00,00,00,00,00,00,00,00,0D,4A,00,01,00,00,00,0000,00,00,0000,00,00,00,00,0008,0008,00,00,00,0008,0008,00,00,00,00,6D,B0
952,00,00,01,00,01,B0,00,0008,00,00,00,00,00,00,00,00,00,00,0D,49,00,01,00,00,00,0000,00,00,0000,00,00,00,00,0008,0008,00,00,00,0008,0008,00,00,00,00,6E,B0
953,00,00,01,00,01,B0,00,0008,00,00,00,00,00,00,00,00,00,00,0D,48,00,01,00,00,00,0000,00,00,0000,00,00,00,00,0008,0008,00,00,00,0008,0008,00,00,00,00,6F,B0
954,00,00,01,00,01,B0,00,0008,00,00,00,00,00,00,00,00,00,00,0D,47,00,01,00,00,00,0000,00,00,0000,00,00,00,00,0008,0008,00,00,00,0008,0008,00,00,00,00,70,B0
955,00,00,01,00,01,B0,00,0008,00,00,00,00,00,00,00,00,00,00,0D,46,00,01,00,00,00,0000,00,00,0000,00,00,00,00,0008,0008,00,00,00,0008,0008,00,00,00,00,71,B0
956,00,00,01,00,01,B0,00,0008,00,00,00,00,00,00,00,00,00,00,0D,45,00,01,00,00,00,0000,00,00,0000,00,00,00,00,0008,0008,00,00,00,0008,0008,00,00,00,00,72,B0
957,00,00,01,00,01,B0,00,0008,00,00,00,00,00,00,00,00,00,00,0D,44,00,01,00,00,00,0000,00,00,0000,00,00,00,00,0008,0008,00,00,00,0008,0008,00,00,00,00,73,B0
958,00,00,01,00,01,B0,00,0008,00,00,00,00,00,00,00,00,00,00,0D,43,00,01,00,00,00,0000,00,00,0000,00,00,00,00,0008,0008,00,00,00,0008,0008,00,00,00,00,74,B0
959,00,00,01,00,01,B0,00,0008,00,00,00,00,00,00,00,00,00,00,0D,42,00,01,00,00,00,0000,00,00,0000,00,00,00,00,0008,0008,00,00,00,0008,0008,00,00,00,00,75,B0
960,00,00,01,00,01,B0,00,0008,00,00,00,00,00,00,00,00,00,00,0D,41,00,01,00,00,00,0000,00,00,0000,00,00,00,00,0008,0008,00,00,00,0008,0008,00,00,00,00,76,B0
961,00,00,01,00,01,B0,00,0008,00,00,00,00,00,00,00,00,00,00,0D,40,00,01,00,00,00,0000,00,00,0000,00,00,00,00,0008,0008,00,00,00,0008,0008,00,00,00,00,77,B0
962,00,00,01,00,01,B0,00,0008,00,00,00,00,00,00,00,00,00,00,0D,3F,00,01,00,00,00,0000,00,00,0000,00,00,00,00,0008,0008,00,00,00,0008,0008,00,00,00,00,78,B0
963,00,00,01,00,01,B0,00,0008,00,00,00,00,00,00,00,00,00,00,0D,3E,00,01,00,00,00,0000,00,00,0000,00,00,00,00,0008,0008,00,00,00,0008,0008,00,00,00,00,79,B0
964,00,00,01,00,01,B0,00,0008,00,00,00,00,00,00,00,00,00,00,0D,3D,00,01,00,00,00,0000,00,00,0000,00,00,00,00,0008,0008,00,00,00,0008,0008,00,00,00,00,7A,B0
965,00,00,01,00,01,B0,00,0008,00,00,00,00,00,00,00,00,00,00,0D,3C,00,01,00,00,00,0000,00,00,0000,00,00,00,00,0008,0008,00,00,00,0008,0008,00,00,00,00,7B,B0
966,00,00,01,00,01,B0,00,0008,00,00,00,00,00,00,00,00,00,00,0D,3B,00,01,00,00,00,0000,00,00,0000,00,00,00,00,0008,0008,00,00,00,0008,0008,00,00,00,00,7C,B0
967,00,00,01,00,01,B0,00,0008,00,00,00,00,00,00,00,00,00,00,0D,3A,00,01,00,00,00,0000,00,00,0000,00,00,00,00,0008,0008,00,00,00,0008,0008,00,00,00,00,7D,B0
968,00,00,01,00,01,B0,00,0008,00,00,00,00,00,00,00,00,00,00,0D,39,00,01,00,00,00,0000,00,00,0000,00,00,00,00,0008,0008,00,00,00,0008,0008,00,00,00,00,7E,B0
969,00,00,01,00,01,B0,00,0008,00,00,00,00,00,00,00,00,00,00,0D,38,00,01,00,00,00,0000,00,00,0000,00,00,00,00,0008,0008,00,00,00,0008,0008,00,00,00,00,7F,B0
970,00,00,01,00,01,B0,00,0008,00,00,00,00,00,00,00,00,00,00,0D,37,00,01,00,00,00,0000,00,00,0000,00,00,00,00,0008,0008,00,00,00,0008,0008,00,00,00,00,80,B0
971,00,00,01,00,01,B0,00,0008,00,00,00,00,00,00,00,00,00,00,0D,36,00,01,00,00,00,0000,00,00,0000,00,00,00,00,0008,0008,00,00,00,0008,0008,00,00,00,00,81,B0
972,00,00,01,00,01,B0,00,0008,00,00,00,00,00,00,00,00,00,00,0D,35,00,01,00,00,00,0000,00,00,0000,00,00,00,00,0008,0008,00,00,00,0008,0008,00,00,00,00,82,B0
973,00,00,01,00,01,B0,00,0008,00,00,00,00,00,00,00,00,00,00,0D,34,00,01,00,00,00,0000,00,00,0000,00,00,00,00,0008,0008,00,00,00,0008,0008,00,00,00,00,83,B0
974,00,00,01,00,01,B0,00,0008,00,00,00,00,00,00,00,00,00,00,0D,33,00,01,00,00,00,0000,00,00,0000,00,00,00,00,0008,0008,00,00,00,0008,0008,00,00,00,00,84,B0
975,00,00,01,00,01,B0,00,0008,00,00,00,00,00,00,00,00,00,00,0D,32,00,01,00,00,00,0000,00,00,0000,00,00,00,00,0008,0008,00,00,00,0008,0008,00,00,00,00,85,B0
976,00,00,01,00,01,B0,00,0008,00,00,00,00,00,00,00,00,00,00,0D,31,00,01,00,00,00,0000,00,00,0000,00,00,00,00,0008,0008,00,00,00,0008,0008,00,00,00,00,86,B0
977,00,00,01,00,01,B0,00,0008,00,00,00,00,00,00,00,00,00,00,0D,30,00,01,00,00,00,0000,00,00,0000,00,00,00,00,0008,0008,00,00,00,0008,0008,00,00,00,00,87,B0
978,00,00,01,00,01,B0,00,0008,00,00,00,00,00,00,00,00,00,00,0D,2F,00,01,00,00,00,0000,00,00,0000,00,00,00,00,0008,0008,00,00,00,0008,0008,00,00,00,00,88,B0
979,00,00,01,00,01,B0,00,0008,00,00,00,00,00,00,00,00,00,00,0D,2E,00,01,00,00,00,0000,00,00,0000,00,00,00,00,0008,0008,00,00,00,0008,0008,00,00,00,00,89,B0
980,00,00,01,00,01,B0,00,0008,00,00,00,00,00,00,00,00,00,00,0D,2D,00,01,00,00,00,0000,00,00,0000,00,00,00,00,0008,0008,00,00,00,0008,0008,00,00,00,00,8A,B0
981,00,00,01,00,01,B0,00,0008,00,00,00,00,00,00,00,00,00,00,0D,2C,00,01,00,00,00,0000,00,00,0000,00,00,00,00,0008,0008,00,00,00,0008,0008,00,00,00,00,8B,B0
982,00,00,01,00,01,B0,00,0008,00,00,00,00,00,00,00,00,00,00,0D,2B,00,01,00,00,00,0000,00,00,0000,00,00,00,00,0008,0008,00,00,00,0008,0008,00,00,00,00,8C,B0
983,00,00,01,00,01,B0,00,0008,00,00,00,00,00,00,00,00,00,00,0D,2A,00,01,00,00,00,0000,00,00,0000,00,00,00,00,0008,0008,00,00,00,0008,0008,00,00,00,00,8D,B0
984,00,00,01,00,01,B0,00,0008,00,00,00,00,00,00,00,00,00,00,0D,29,00,01,00,00,00,0000,00,00,0000,00,00,00,00,0008,0008,00,00,00,0008,0008,00,00,00,00,8E,B0
985,00,00,01,00,01,B0,00,0008,00,00,00,00,00,00,00,00,00,00,0D,28,00,01,00,00,00,0000,00,00,0000,00,00,00,00,0008,0008,00,00,00,0008,0008,00,00,00,00,8F,B0
986,00,00,01,00,01,B0,00,0008,00,00,00,00,00,00,00,00,00,00,0D,27,00,01,00,00,00,0000,00,00,0000,00,00,00,00,0008,0008,00,00,00,0008,0008,00,00,00,00,90,B0
987,00,00,01,00,01,B0,00,0008,00,00,00,00,00,00,00,00,00,00,0D,26,00,01,00,00,00,0000,00,00,0000,00,00,00,00,0008,0008,00,00,00,0008,0008,00,00,00,00,91,B0
988,00,00,01,00,01,B0,00,0008,00,00,00,00,00,00,00,00,00,00,0D,25,00,01,00,00,00,0000,00,00,0000,00,00,00,00,0008,0008,00,00,00,0008,0008,00,00,00,00,92,B0
989,00,00,01,00,01,B0,00,0008,00,00,00,00,00,00,00,00,00,00,0D,24,00,01,00,00,00,0000,00,00,0000,00,00,00,00,0008,0008,00,00,00,0008,0008,00,00,00,00,93,B0
990,00,00,01,00,01,B0,00,0008,00,00,00,00,00,00,00,00,00,00,0D,23,00,01,00,00,00,0000,00,00,0000,00,00,00,00,0008,0008,00,00,00,0008,0008,00,00,00,00,94,B0
991,00,00,01,00,01,B0,00,0008,00,00,00,00,00,00,00,00,00,00,0D,22,00,01,00,00,00,0000,00,00,0000,00,00,00,00,0008,0008,00,00,00,0008,0008,00,00,00,00,95,B0
992,00,00,01,00,01,B0,00,0008,00,00,00,00,00,00,00,00,00,00,0D,21,00,01,00,00,00,0000,00,00,0000,00,00,00,00,0008,0008,00,00,00,0008,0008,00,00,00,00,96,B0
993,00,00,01,00,01,B0,00,0008,00,00,00,00,00,00,00,00,00,00,0D,20,00,01,00,00,00,0000,00,00,0000,00,00,00,00,0008,0008,00,00,00,0008,0008,00,00,00,00,97,B0
994,00,00,01,00,01,B0,00,0008,00,00,00,00,00,00,00,00,00,00,0D,1F,00,01,00,00,00,0000,00,00,0000,00,00,00,00,0008,0008,00,00,00,0008,0008,00,00,00,00,98,B0
995,00,00,01,00,01,B0,00,0008,00,00,00,00,00,00,00,00,00,00,0D,1E,00,01,00,00,00,0000,00,00,0000,00,00,00,00,0008,0008,00,00,00,0008,0008,00,00,00,00,99,B0
996,00,00,01,00,01,B0,00,0008,00,00,00,00,00,00,00,00,00,00,0D,1D,00,01,00,00,00,0000,00,00,0000,00,00,00,00,0008,0008,00,00,00,0008,0008,00,00,00,00,9A,B0
997,00,00,01,00,01,B0,00,0008,00,00,00,00,00,00,00,00,00,00,0D,1C,00,01,00,00,00,0000,00,00,0000,00,00,00,00,0008,0008,00,00,00,0008,0008,00,00,00,00,9B,B0
998,00,00,01,00,01,B0,00,0008,00,00,00,00,00,00,00,00,00,00,0D,1B,00,01,00,00,00,0000,00,00,0000,00,00,00,00,0008,0008,00,00,00,0008,0008,00,00,00,00,9C,B0
999,00,00,01,00,01,B0,00,0008,00,00,00,00,00,00,00,00,00,00,0D,1A,00,01,00,00,00,0000,00,00,0000,00,00,00,00,0008,0008,00,00,00,0008,0008,00,00,00,00,9D,B0
1000,00,00,01,00,01,B0,00,0008,00,00,00,00,00,00,00,00,00,00,0D,19,00,01,00,00,00,0000,00,00,0000,00,00,00,00,0008,0008,00,00,00,0008,0008,00,00,00,00,9E,B0
1001,00,00,01,00,01,B0,00,0008,00,00,00,00,00,00,00,00,00,00,0D,18,00,01,00,00,00,0000,00,00,0000,00,00,00,00,0008,0008,00,00,00,0008,0008,00,00,00,00,9F,B0
1002,00,00,01,00,01,B0,00,0008,00,00,00,00,00,00,00,00,00,00,0D,17,00,01,00,00,00,0000,00,00,0000,00,00,00,00,0008,0008,00,00,00,0008,0008,00,00,00,00,A0,B0
1003,00,00,01,00,01,B0,00,0008,00,00,00,00,00,00,00,00,00,00,0D,16,00,01,00,00,00,0000,00,00,0000,00,00,00,00,0008,0008,00,00,00,0008,0008,00,00,00,00,A1,B0
1004,00,00,01,00,01,B0,00,0008,00,00,00,00,00,00,00,00,00,00,0D,15,00,01,00,00,00,0000,00,00,0000,00,00,00,00,0008,0008,00,00,00,0008,0008,00,00,00,00,A2,B0
1005,00,00,01,00,01,B0,00,0008,00,00,00,00,00,00,00,00,00,00,0D,14,00,01,00,00,00,0000,00,00,0000,00,00,00,00,0008,0008,00,00,00,0008,0008,00,00,00,00,A3,B0
1006,00,00,01,00,01,B0,00,0008,00,00,00,00,00,00,00,00,00,00,0D,13,00,01,00,00,00,0000,00,00,0000,00,00,00,00,0008,0008,00,00,00,0008,0008,00,00,00,00,A4,B0
1007,00,00,01,00,01,B0,00,0008,00,00,00,00,00,00,00,00,00,00,0D,12,00,01,00,00,00,0000,00,00,0000,00,00,00,00,0008,0008,00,00,00,0008,0008,00,00,00,00,A5,B0
1008,00,00,01,00,01,B0,00,0008,00,00,00,00,00,00,00,00,00,00,0D,11,00,01,00,00,00,0000,00,00,0000,00,00,00,00,0008,0008,00,00,00,0008,0008,00,00,00,00,A6,B0
1009,00,00,01,00,01,B0,00,0008,00,00,00,00,00,00,00,00,00,00,0D,10,00,01,00,00,00,0000,00,00,0000,00,00,00,00,0008,0008,00,00,00,0008,0008,00,00,00,00,A7,B0
1010,00,00,01,00,01,B0,00,0008,00,00,00,00,00,00,00,00,00,00,0D,0F,00,01,00,00,00,0000,00,00,0000,00,00,00,00,0008,0008,00,00,00,0008,0008,00,00,00,00,A8,B0
1011,00,00,01,00,01,B0,00,0008,00,00,00,00,00,00,00,00,00,00,0D,0E,00,01,00,00,00,0000,00,00,0000,00,00,00,00,0008,0008,00,00,00,0008,0008,00,00,00,00,A9,B0
1012,00,00,01,00,01,B0,00,0008,00,00,00,00,00,00,00,00,00,00,0D,0D,00,01,00,00,00,0000,00,00,0000,00,00,00,00,0008,0008,00,00,00,0008,0008,00,00,00,00,AA,B0
1013,00,00,01,00,01,B0,00,0008,00,00,00,00,00,00,00,00,00,00,0D,0C,00,01,00,00,00,0000,00,00,0000,00,00,00,00,0008,0008,00,00,00,0008,0008,00,00,00,00,AB,B0
1014,00,00,01,00,01,B0,00,0008,00,00,00,00,00,00,00,00,00,00,0D,0B,00,01,00,00,00,0000,00,00,0000,00,00,00,00,0008,0008,00,00,00,0008,0008,00,00,00,00,AC,B0
1015,00,00,01,00,01,B0,00,0008,00,00,00,00,00,00,00,00,00,00,0D,0A,00,01,00,00,00,0000,00,00,0000,00,00,00,00,0008,0008,00,00,00,0008,0008,00,00,00,00,AD,B0
1016,00,00,01,00,01,B0,00,0008,00,00,00,00,00,00,00,00,00,00,0D,09,00,01,00,00,00,0000,00,00,0000,00,00,00,00,0008,0008,00,00,00,0008,0008,00,00,00,00,AE,B0
1017,00,00,01,00,01,B0,00,0008,00,00,00,00,00,00,00,00,00,00,0D,08,00,01,00,00,00,0000,00,00,0000,00,00,00,00,0008,0008,00,00,00,0008,0008,00,00,00,00,AF,B0
1018,00,00,01,00,01,B0,00,0008,00,00,00,00,00,00,00,00,00,00,0D,07,00,01,00,00,00,0000,00,00,0000,00,00,00,00,0008,0008,00,00,00,0008,0008,00,00,00,00,B0,B0
1019,00,00,01,00,01,B0,00,0008,00,00,00,00,00,00,00,00,00,00,0D,06,00,01,00,00,00,0000,00,00,0000,00,00,00,00,0008,0008,00,00,00,0008,0008,00,00,00,00,B1,B0
1020,00,00,01,00,01,B0,00,0008,00,00,00,00,00,00,00,00,00,00,0D,05,00,01,00,00,00,0000,00,00,0000,00,00,00,00,0008,0008,00,00,00,0008,0008,00,00,00,00,B2,B0
1021,00,00,01,00,01,B0,00,0008,00,00,00,00,00,00,00,00,00,00,0D,04,00,01,00,00,00,0000,00,00,0000,00,00,00,00,0008,0008,00,00,00,0008,0008,00,00,00,00,B3,B0
1022,00,00,01,00,01,B0,00,0008,00,00,00,00,00,00,00,00,00,00,0D,03,00,01,00,00,00,0000,00,00,0000,00,00,00,00,0008,0008,00,00,00,0008,0008,00,00,00,00,B4,B0
1023,00,00,01,00,01,B0,00,0008,00,00,00,00,00,00,00,00,00,00,0D,02,00,01,00,00,00,0000,00,00,0000,00,00,00,00,0008,0008,00,00,00,0008,0008,00,00,00,00,B5,B0
1024,00,00,01,00,01,B0,00,0008,00,00,00,00,00,00,00,00,00,00,0D,01,00,01,00,00,00,0000,00,00,0000,00,00,00,00,0008,0008,00,00,00,0008,0008,00,00,00,00,B6,B0
1025,00,00,01,00,01,B0,00,0008,00,00,00,00,00,00,00,00,00,00,0D,00,00,01,00,00,00,0000,00,00,0000,00,00,00,00,0008,0008,00,00,00,0008,0008,00,00,00,00,B7,B0
1026,00,01,00,00,01,B0,00,0008,00,00,00,00,00,00,00,00,00,00,0E,02,00,00,00,00,00,0000,00,00,0000,00,00,00,00,0008,0008,00,00,00,0008,0008,00,00,00,00,B8,B0
1027,00,01,00,00,01,30,00,0008,00,00,00,00,00,00,00,00,00,00,0E,02,00,00,00,00,00,0000,00,00,0000,00,00,40,00,0008,0008,00,00,00,0008,0008,02,00,00,00,B9,30
1028,00,01,00,00,01,30,00,0008,00,00,00,00,00,00,00,00,00,00,0E,02,00,00,00,00,00,0000,00,00,0000,00,00,40,00,0008,0008,00,00,00,0008,0008,05,00,00,00,B9,30
1029,00,01,00,00,01,30,00,0008,00,00,00,00,00,00,00,00,00,00,0E,02,00,00,00,00,00,0000,00,00,0000,00,00,40,00,0008,0008,00,00,00,0008,0008,05,00,00,00,B9,30
1030,00,01,00,00,01,B0,00,0001,00,00,00,00,00,00,00,00,00,00,0E,02,00,00,00,00,00,0000,00,00,0000,00,00,00,00,0008,0008,00,00,00,0008,0008,08,01,00,00,B9,B0
1031,00,01,00,00,01,B0,00,0001,00,00,00,00,00,00,00,00,00,00,0E,02,00,00,00,00,00,0000,00,00,0000,00,00,00,00,0008,0008,00,00,00,0008,0008,08,01,00,00,B9,B0
1032,00,01,00,00,01,B0,00,0001,00,00,00,00,00,00,00,00,00,00,0E,02,00,00,00,00,00,0000,00,00,0000,00,00,00,00,0008,0008,00,00,00,0008,0008,08,01,00,00,B9,B0
1033,00,01,00,00,01,B0,00,0001,00,00,00,00,00,00,00,00,00,00,0E,02,00,00,00,00,00,0000,00,00,0000,00,00,00,00,0008,0008,00,00,00,0008,0008,08,01,00,00,B9,B0
1034,00,01,00,00,01,B0,00,0001,00,00,00,00,00,00,00,00,00,00,0E,02,00,00,00,00,00,0000,00,00,0000,00,00,00,00,0008,0008,00,00,00,0008,0008,08,01,00,00,B9,B0
1035,00,01,00,00,01,B0,00,0001,00,00,00,00,00,00,00,00,00,00,0E,02,00,00,00,00,00,0000,00,00,0000,00,00,00,00,0008,0008,00,00,00,0008,0008,08,01,00,00,B9,B0
1036,00,01,00,00,01,B0,00,0001,00,00,00,00,00,00,00,00,00,00,0E,02,00,00,00,00,00,0000,00,00,0000,00,00,00,00,0008,0008,00,00,00,0008,0008,08,01,00,00,B9,B0
1037,00,01,00,00,01,B0,00,0001,00,00,00,00,00,00,00,00,00,00,0E,02,00,00,00,00,00,0000,00,00,0000,00,00,00,00,0008,0008,00,00,00,0008,0008,08,01,00,00,B9,B0
1038,00,01,00,00,01,B0,00,0001,00,00,00,00,00,00,00,00,00,00,0E,02,00,00,00,00,00,0000,00,00,0000,00,00,00,00,0008,0008,00,00,00,0008,0008,08,01,00,00,B9,B0
1039,00,01,00,00,01,B0,00,0001,00,00,00,00,00,00,00,00,00,00,0E,02,00,00,00,00,00,0000,00,00,0000,00,00,00,00,0008,0008,00,00,00,0008,0008,08,01,00,00,B9,B0
1040,00,01,00,00,01,B0,00,0001,00,00,00,00,00,00,00,00,00,00,0E,02,00,00,00,00,00,0000,00,00,0000,00,00,00,00,0008,0008,00,00,00,0008,0008,08,01,00,00,B9,B0
1041,00,01,00,00,01,B0,00,0001,00,00,00,00,00,00,00,00,00,00,0E,02,00,00,00,00,00,0000,00,00,0000,00,00,00,00,0008,0008,00,00,00,0008,0008,08,01,00,00,B9,B0
1042,00,01,00,00,01,B0,00,0001,00,00,00,00,00,00,00,00,00,00,0E,02,00,00,00,00,00,0000,00,00,0000,00,00,00,00,0008,0008,00,00,00,0008,0008,08,01,00,00,B9,B0
1043,00,01,00,00,01,B0,00,0001,00,00,00,00,00,00,00,00,00,00,0E,02,00,00,00,00,00,0000,00,00,0000,00,00,00,00,0008,0008,00,00,00,0008,0008,08,01,00,00,B9,B0
1044,00,01,00,00,01,B0,00,0001,00,00,00,00,00,00,00,00,00,00,0E,02,00,00,00,00,00,0000,00,00,0000,00,00,00,00,0008,0008,00,00,00,0008,0008,08,01,00,00,B9,B0
1045,00,01,00,00,01,B0,00,0001,00,00,00,00,00,00,00,00,00,00,0E,02,00,00,00,00,00,0000,00,00,0000,00,00,00,00,0008,0008,00,00,00,0008,0008,08,01,00,00,B9,B0
1046,00,01,00,00,01,B0,00,0001,00,00,00,00,00,00,00,00,00,00,0E,02,00,00,00,00,00,0000,00,00,0000,00,00,00,00,0008,0008,00,00,00,0008,0008,08,01,00,00,B9,B0
1047,00,01,00,00,01,B0,00,0001,00,00,00,00,00,00,00,00,00,00,0E,02,00,00,00,00,00,0000,00,00,0000,00,00,00,00,0008,0008,00,00,00,0008,0008,08,01,00,00,B9,B0
1048,00,01,00,00,01,B0,00,0001,00,00,00,00,00,00,00,00,00,00,0E,02,00,00,00,00,00,0000,00,00,0000,00,00,00,00,0008,0008,00,00,00,0008,0008,08,01,00,00,B9,B0
1049,00,01,00,00,01,B0,00,0001,00,00,00,00,00,00,00,00,00,00,0E,02,00,00,00,00,00,0000,00,00,0000,00,00,00,00,0008,0008,00,00,00,0008,0008,08,01,00,00,B9,B0
1050,00,01,00,00,01,B0,00,0001,00,00,00,00,00,00,00,00,00,00,0E,02,00,00,00,00,00,0000,00,00,0000,00,00,00,00,0008,0008,00,00,00,0008,0008,08,01,00,00,B9,B0
1051,00,01,00,00,01,B0,00,0001,00,00,00,00,00,00,00,00,00,00,0E,02,00,00,00,00,00,0000,00,00,0000,00,00,00,00,0008,0008,00,00,00,0008,0008,08,01,00,00,B9,B0
1052,00,01,00,00,01,B0,00,0001,00,00,00,00,00,00,00,00,00,00,0E,02,00,00,00,00,00,0000,00,00,0000,00,00,00,00,0008,0008,00,00,00,0008,0008,08,01,00,00,B9,B0
1053,00,01,00,00,01,B0,00,0001,00,00,00,00,00,00,00,00,00,00,0E,02,00,00,00,00,00,0000,00,00,0000,00,00,00,00,0008,0008,00,00,00,0008,0008,08,01,00,00,B9,B0
1054,00,01,00,00,01,B0,00,0001,00,00,00,00,00,00,00,00,00,00,0E,02,00,00,00,00,00,0000,00,00,0000,00,00,00,00,0008,0008,00,00,00,0008,0008,08,01,00,00,B9,B0
1055,00,01,00,00,01,B0,00,0001,00,00,00,00,00,00,00,00,00,00,0E,02,00,00,00,00,00,0000,00,00,0000,00,00,00,00,0008,0008,00,00,00,0008,0008,08,01,00,00,B9,B0
1056,00,01,00,00,01,B0,00,0001,00,00,00,00,00,00,00,00,00,00,0E,02,00,00,00,00,00,0000,00,00,0000,00,00,00,00,0008,0008,00,00,00,0008,0008,08,01,00,00,B9,B0
1057,00,01,00,00,01,B0,00,0001,00,00,00,00,00,00,00,00,00,00,0E,02,00,00,00,00,00,0000,00,00,0000,00,00,00,00,0008,0008,00,00,00,0008,0008,08,01,00,00,B9,B0
1058,00,01,00,00,01,B0,00,0001,00,00,00,00,00,00,00,00,00,00,0E,02,00,00,00,00,00,0000,00,00,0000,00,00,00,00,0008,0008,00,00,00,0008,0008,08,01,00,00,B9,B0
1059,00,01,00,00,01,B0,00,0001,00,00,00,00,00,00,00,00,00,00,0E,02,00,00,00,00,00,0000,00,00,0000,00,00,00,00,0008,0008,00,00,00,0008,0008,08,01,00,00,B9,B0
1060,00,01,00,00,01,B0,00,0001,00,00,00,00,00,00,00,00,00,00,0E,02,00,00,00,00,00,0000,00,00,0000,00,00,00,00,0008,0008,00,00,00,0008,0008,08,01,00,00,B9,B0
1061,00,01,00,00,01,B0,00,0001,00,00,00,00,00,00,00,00,00,00,0E,02,00,00,00,00,00,0000,00,00,0000,00,00,00,00,0008,0008,00,00,00,0008,0008,08,01,00,00,B9,B0
1062,00,01,00,00,01,B0,00,0001,00,00,00,00,00,00,00,00,00,00,0E,02,00,00,00,00,00,0000,00,00,0000,00,00,00,00,0008,0008,00,00,00,0008,0008,08,01,00,00,B9,B0
1063,00,01,00,00,01,B0,00,0001,00,00,00,00,00,00,00,00,00,00,0E,02,00,00,00,00,00,0000,00,00,0000,00,00,00,00,0008,0008,00,00,00,0008,0008,08,01,00,00,B9,B0
1064,00,01,00,00,01,B0,00,0001,00,00,00,00,00,00,00,00,00,00,0E,02,00,00,00,00,00,0000,00,00,0000,00,00,00,00,0008,0008,00,00,00,0008,0008,08,01,00,00,B9,B0
1065,00,01,00,00,01,B0,00,0001,00,00,00,00,00,00,00,00,00,00,0E,02,00,00,00,00,00,0000,00,00,0000,00,00,00,00,0008,0008,00,00,00,0008,0008,08,01,00,00,B9,B0
1066,00,01,00,00,01,B0,00,0001,00,00,00,00,00,00,00,00,00,00,0E,02,00,00,00,00,00,0000,00,00,0000,00,00,00,00,0008,0008,00,00,00,0008,0008,08,01,00,00,B9,B0
1067,00,01,00,00,01,B0,00,0001,00,00,00,00,00,00,00,00,00,00,0E,02,00,00,00,00,00,0000,00,00,0000,00,00,00,00,0008,0008,00,00,00,0008,0008,08,01,00,00,B9,B0
1068,00,01,00,00,01,B0,00,0001,00,00,00,00,00,00,00,00,00,00,0E,02,00,00,00,00,00,0000,00,00,0000,00,00,00,00,0008,0008,00,00,00,0008,0008,08,01,00,00,B9,B0
1069,00,01,00,00,01,B0,00,0001,00,00,00,00,00,00,00,00,00,00,0E,02,00,00,00,00,00,0000,00,00,0000,00,00,00,00,0008,0008,00,00,00,0008,0008,08,01,00,00,B9,B0
1070,00,01,00,00,01,B0,00,0001,00,00,00,00,00,00,00,00,00,00,0E,02,00,00,00,00,00,0000,00,00,0000,00,00,00,00,0008,0008,00,00,00,0008,0008,08,01,00,00,B9,B0
1071,00,01,00,00,01,B0,00,0001,00,00,00,00,00,00,00,00,00,00,0E,02,00,00,00,00,00,0000,00,00,0000,00,00,00,00,0008,0008,00,00,00,0008,0008,08,01,00,00,B9,B0
1072,00,01,00,00,01,B0,00,0001,00,00,00,00,00,00,00,00,00,00,0E,02,00,00,00,00,00,0000,00,00,0000,00,00,00,00,0008,0008,00,00,00,0008,0008,08,01,00,00,B9,B0
1073,00,01,00,00,01,B0,00,0001,00,00,00,00,00,00,00,00,00,00,0E,02,00,00,00,00,00,0000,00,00,0000,00,00,00,00,0008,0008,00,00,00,0008,0008,08,01,00,00,B9,B0
1074,00,01,00,00,01,B0,00,0001,00,00,00,00,00,00,00,00,00,00,0E,02,00,00,00,00,00,0000,00,00,0000,00,00,00,00,0008,0008,00,00,00,0008,0008,08,01,00,00,B9,B0
1075,00,01,00,00,01,B0,00,0001,00,00,00,00,00,00,00,00,00,00,0E,02,00,00,00,00,00,0000,00,00,0000,00,00,00,00,0008,0008,00,00,00,0008,0008,08,01,00,00,B9,B0
1076,00,01,00,00,01,B0,00,0001,00,00,00,00,00,00,00,00,00,00,0E,02,00,00,00,00,00,0000,00,00,0000,00,00,00,00,0008,0008,00,00,00,0008,0008,08,01,00,00,B9,B0
1077,00,01,00,00,01,B0,00,0001,00,00,00,00,00,00,00,00,00,00,0E,02,00,00,00,00,00,0000,00,00,0000,00,00,00,00,0008,0008,00,00,00,0008,0008,08,01,00,00,B9,B0
1078,00,01,00,00,01,B0,00,0001,00,00,00,00,00,00,00,00,00,00,0E,02,00,00,00,00,00,0000,00,00,0000,00,00,00,00,0008,0008,00,00,00,0008,0008,08,01,00,00,B9,B0
1079,00,01,00,00,01,B0,00,0001,00,00,00,00,00,00,00,00,00,00,0E,02,00,00,00,00,00,0000,00,00,0000,00,00,00,00,0008,0008,00,00,00,0008,0008,08,01,00,00,B9,B0
1080,00,01,00,00,01,B0,00,0001,00,00,00,00,00,00,00,00,00,00,0E,02,00,00,00,00,00,0000,00,00,0000,00,00,00,00,0008,0008,00,00,00,0008,0008,08,01,00,00,B9,B0
1081,00,01,00,00,01,B0,00,0001,00,00,00,00,00,00,00,00,00,00,0E,02,00,00,00,00,00,0000,00,00,0000,00,00,00,00,0008,0008,00,00,00,0008,0008,08,01,00,00,B9,B0
1082,00,01,00,00,01,B0,00,0001,00,00,00,00,00,00,00,00,00,00,0E,02,00,00,00,00,00,0000,00,00,0000,00,00,00,00,0008,0008,00,00,00,0008,0008,08,01,00,00,B9,B0
1083,00,01,00,00,01,B0,00,0001,00,00,00,00,00,00,00,00,00,00,0E,02,00,00,00,00,00,0000,00,00,0000,00,00,00,00,0008,0008,00,00,00,0008,0008,08,01,00,00,B9,B0
1084,00,01,00,00,01,B0,00,0001,00,00,00,00,00,00,00,00,00,00,0E,02,00,00,00,00,00,0000,00,00,0000,00,00,00,00,0008,0008,00,00,00,0008,0008,08,01,00,00,B9,B0
1085,00,01,00,00,01,B0,00,0001,00,00,00,00,00,00,00,00,00,00,0E,02,00,00,00,00,00,0000,00,00,0000,00,00,00,00,0008,0008,00,00,00,0008,0008,08,01,00,00,B9,B0
1086,00,01,00,00,01,B0,00,0001,00,00,00,00,00,00,00,00,00,00,0E,02,00,00,00,00,00,0000,00,00,0000,00,00,00,00,0008,0008,00,00,00,0008,0008,08,01,00,00,B9,B0
1087,00,01,00,00,01,B0,00,0001,00,00,00,00,00,00,00,00,00,00,0E,02,00,00,00,00,00,0000,00,00,0000,00,00,00,00,0008,0008,00,00,00,0008,0008,08,01,00,00,B9,B0
1088,00,01,00,00,01,B0,00,0001,00,00,00,00,00,00,00,00,00,00,0E,02,00,00,00,00,00,0000,00,00,0000,00,00,00,00,0008,0008,00,00,00,0008,0008,08,01,00,00,B9,B0
1089,00,01,00,00,01,B0,00,0001,00,00,00,00,00,00,00,00,00,00,0E,02,00,00,00,00,00,0000,00,00,0000,00,00,00,00,0008,0008,00,00,00,0008,0008,08,01,00,00,B9,B0
1090,00,01,00,00,01,B0,00,0001,00,00,00,00,00,00,00,00,00,00,0E,02,00,00,00,00,00,0000,00,00,0000,00,00,00,00,0008,0008,00,00,00,0008,0008,08,01,00,00,B9,B0
1091,00,01,00,00,01,B0,00,0001,00,00,00,00,00,00,00,00,00,00,0E,02,00,00,00,00,00,0000,00,00,0000,00,00,00,00,0008,0008,00,00,00,0008,0008,08,01,00,00,B9,B0
1092,00,01,00,00,01,B0,00,0001,00,00,00,00,00,00,00,00,00,00,0E,02,00,00,00,00,00,0000,00,00,0000,00,00,00,00,0008,0008,00,00,00,0008,0008,08,01,00,00,B9,B0
1093,00,01,00,00,01,B0,00,0001,00,00,00,00,00,00,00,00,00,00,0E,02,00,00,00,00,00,0000,00,00,0000,00,00,00,00,0008,0008,00,00,00,0008,0008,08,01,00,00,B9,B0
1094,00,01,00,00,01,B0,00,0001,00,00,00,00,00,00,00,00,00,00,0E,02,00,00,00,00,00,0000,00,00,0000,00,00,00,00,0008,0008,00,00,00,0008,0008,08,01,00,00,B9,B0
1095,00,01,00,00,01,B0,00,0001,00,00,00,00,00,00,00,00,00,00,0E,02,00,00,00,00,00,0000,00,00,0000,00,00,00,00,0008,0008,00,00,00,0008,0008,08,01,00,00,B9,B0
1096,00,01,00,00,01,B0,00,0001,00,00,00,00,00,00,00,00,00,00,0E,02,00,00,00,00,00,0000,00,00,0000,00,00,00,00,0008,0008,00,00,00,0008,0008,08,01,00,00,B9,B0
1097,00,01,00,00,01,B0,00,0001,00,00,00,00,00,00,00,00,00,00,0E,02,00,00,00,00,00,0000,00,00,0000,00,00,00,00,0008,0008,00,00,00,0008,0008,08,01,00,00,B9,B0
1098,00,01,00,00,01,B0,00,0001,00,00,00,00,00,00,00,00,00,00,0E,02,00,00,00,00,00,0000,00,00,0000,00,00,00,00,0008,0008,00,00,00,0008,0008,08,01,00,00,B9,B0
1099,00,01,00,00,01,B0,00,0001,00,00,00,00,00,00,00,00,00,00,0E,02,00,00,00,00,00,0000,00,00,0000,00,00,00,00,0008,0008,00,00,00,0008,0008,08,01,00,00,B9,B0
1100,00,01,00,00,01,B0,00,0001,00,00,00,00,00,00,00,00,00,00,0E,02,00,00,00,00,00,0000,00,00,0000,00,00,00,00,0008,0008,00,00,00,0008,0008,08,01,00,00,B9,B0
1101,00,01,00,00,01,B0,00,0001,00,00,00,00,00,00,00,00,00,00,0E,02,00,00,00,00,00,0000,00,00,0000,00,00,00,00,0008,0008,00,00,00,0008,0008,08,01,00,00,B9,B0
1102,00,01,00,00,01,B0,00,0001,00,00,00,00,00,00,00,00,00,00,0E,02,00,00,00,00,00,0000,00,00,0000,00,00,00,00,0008,0008,00,00,00,0008,0008,08,01,00,00,B9,B0
1103,00,01,00,00,01,B0,00,0001,00,00,00,00,00,00,00,00,00,00,0E,02,00,00,00,00,00,0000,00,00,0000,00,00,00,00,0008,0008,00,00,00,0008,0008,08,01,00,00,B9,B0
1104,00,01,00,00,01,B0,00,0001,00,00,00,00,00,00,00,00,00,00,0E,02,00,00,00,00,00,0000,00,00,0000,00,00,00,00,0008,0008,00,00,00,0008,0008,08,01,00,00,B9,B0
1105,00,01,00,00,01,B0,00,0001,00,00,00,00,00,00,00,00,00,00,0E,02,00,00,00,00,00,0000,00,00,0000,00,00,00,00,0008,0008,00,00,00,0008,0008,08,01,00,00,B9,B0
1106,00,01,00,00,01,B0,00,0001,00,00,00,00,00,00,00,00,00,00,0E,02,00,00,00,00,00,0000,00,00,0000,00,00,00,00,0008,0008,00,00,00,0008,0008,08,01,00,00,B9,B0
1107,00,01,00,00,01,B0,00,0001,00,00,00,00,00,00,00,00,00,00,0E,02,00,00,00,00,00,0000,00,00,0000,00,00,00,00,0008,0008,00,00,00,0008,0008,08,01,00,00,B9,B0
1108,00,01,00,00,01,B0,00,0001,00,00,00,00,00,00,00,00,00,00,0E,02,00,00,00,00,00,0000,00,00,0000,00,00,00,00,0008,0008,00,00,00,0008,0008,08,01,00,00,B9,B0
1109,00,01,00,00,01,B0,00,0001,00,00,00,00,00,00,00,00,00,00,0E,02,00,00,00,00,00,0000,00,00,0000,00,00,00,00,0008,0008,00,00,00,0008,0008,08,01,00,00,B9,B0
1110,00,01,00,00,01,B0,00,0001,00,00,00,00,00,00,00,00,00,00,0E,02,00,00,00,00,00,0000,00,00,0000,00,00,00,00,0008,0008,00,00,00,0008,0008,08,01,00,00,B9,B0
1111,00,01,00,00,01,B0,00,0001,00,00,00,00,00,00,00,00,00,00,0E,02,00,00,00,00,00,0000,00,00,0000,00,00,00,00,0008,0008,00,00,00,0008,0008,08,01,00,00,B9,B0
1112,00,01,00,00,01,B0,00,0001,00,00,00,00,00,00,00,00,00,00,0E,02,00,00,00,00,00,0000,00,00,0000,00,00,00,00,0008,0008,00,00,00,0008,0008,08,01,00,00,B9,B0
1113,00,01,00,00,01,B0,00,0001,00,00,00,00,00,00,00,00,00,00,0E,02,00,00,00,00,00,0000,00,00,0000,00,00,00,00,0008,0008,00,00,00,0008,0008,08,01,00,00,B9,B0
1114,00,01,00,00,01,B0,00,0001,00,00,00,00,00,00,00,00,00,00,0E,02,00,00,00,00,00,0000,00,00,0000,00,00,00,00,0008,0008,00,00,00,0008,0008,08,01,00,00,B9,B0
1115,00,01,00,00,01,B0,00,0001,00,00,00,00,00,00,00,00,00,00,0E,02,00,00,00,00,00,0000,00,00,0000,00,00,00,00,0008,0008,00,00,00,0008,0008,08,01,00,00,B9,B0
1116,00,01,00,00,01,B0,00,0001,00,00,00,00,00,00,00,00,00,00,0E,02,00,00,00,00,00,0000,00,00,0000,00,00,00,00,0008,0008,00,00,00,0008,0008,08,01,00,00,B9,B0
1117,00,01,00,00,01,B0,00,0001,00,00,00,00,00,00,00,00,00,00,0E,02,00,00,00,00,00,0000,00,00,0000,00,00,00,00,0008,0008,00,00,00,0008,0008,08,01,00,00,B9,B0
1118,00,01,00,00,01,B0,00,0001,00,00,00,00,00,00,00,00,00,00,0E,02,00,00,00,00,00,0000,00,00,0000,00,00,00,00,0008,0008,00,00,00,0008,0008,08,01,00,00,B9,B0
1119,00,01,00,00,01,B0,00,0001,00,00,00,00,00,00,00,00,00,00,0E,02,00,00,00,00,00,0000,00,00,0000,00,00,00,00,0008,0008,00,00,00,0008,0008,08,01,00,00,B9,B0
1120,00,01,00,00,01,B0,00,0001,00,00,00,00,00,00,00,00,00,00,0E,02,00,00,00,00,00,0000,00,00,0000,00,00,00,00,0008,0008,00,00,00,0008,0008,08,01,00,00,B9,B0
1121,00,01,00,00,01,B0,00,0001,00,00,00,00,00,00,00,00,00,00,0E,02,00,00,00,00,00,0000,00,00,0000,00,00,00,00,0008,0008,00,00,00,0008,0008,08,01,00,00,B9,B0
1122,00,01,00,00,01,B0,00,0001,00,00,00,00,00,00,00,00,00,00,0E,02,00,00,00,00,00,0000,00,00,0000,00,00,00,00,0008,0008,00,00,00,0008,0008,08,01,00,00,B9,B0
1123,00,01,00,00,01,B0,00,0001,00,00,00,00,00,00,00,00,00,00,0E,02,00,00,00,00,00,0000,00,00,0000,00,00,00,00,0008,0008,00,00,00,0008,0008,08,01,00,00,B9,B0
1124,00,01,00,00,01,B0,00,0001,00,00,00,00,00,00,00,00,00,00,0E,02,00,00,00,00,00,0000,00,00,0000,00,00,00,00,0008,0008,00,00,00,0008,0008,08,01,00,00,B9,B0
1125,00,01,00,00,01,B0,00,0001,00,00,00,00,00,00,00,00,00,00,0E,02,00,00,00,00,00,0000,00,00,0000,00,00,00,00,0008,0008,00,00,00,0008,0008,08,01,00,00,B9,B0
1126,00,01,00,00,01,B0,00,0001,00,00,00,00,00,00,00,00,00,00,0E,02,00,00,00,00,00,0000,00,00,0000,00,00,00,00,0008,0008,00,00,00,0008,0008,08,01,00,00,B9,B0
1127,00,01,00,00,01,B0,00,0001,00,00,00,00,00,00,00,00,00,00,0E,02,00,00,00,00,00,0000,00,00,0000,00,00,00,00,0008,0008,00,00,00,0008,0008,08,01,00,00,B9,B0
1128,00,01,00,00,01,B0,00,0001,00,00,00,00,00,00,00,00,00,00,0E,02,00,00,00,00,00,0000,00,00,0000,00,00,00,00,0008,0008,00,00,00,0008,0008,08,01,00,00,B9,B0
1129,00,01,00,00,01,B0,00,0001,00,00,00,00,00,00,00,00,00,00,0E,02,00,00,00,00,00,0000,00,00,0000,00,00,00,00,0008,0008,00,00,00,0008,0008,08,01,00,00,B9,B0
1130,00,01,00,00,01,B0,00,0001,00,00,00,00,00,00,00,00,00,00,0E,02,00,00,00,00,00,0000,00,00,0000,00,00,00,00,0008,0008,00,00,00,0008,0008,08,01,00,00,B9,B0
1131,00,01,00,00,01,B0,00,0001,00,00,00,00,00,00,00,00,00,00,0E,02,00,00,00,00,00,0000,00,00,0000,00,00,00,00,0008,0008,00,00,00,0008,0008,08,01,00,00,B9,B0
1132,00,01,00,00,01,B0,00,0001,00,00,00,00,00,00,00,00,00,00,0E,02,00,00,00,00,00,0000,00,00,0000,00,00,00,00,0008,0008,00,00,00,0008,0008,08,01,00,00,B9,B0
1133,00,01,00,00,01,B0,00,0001,00,00,00,00,00,00,00,00,00,00,0E,02,00,00,00,00,00,0000,00,00,0000,00,00,00,00,0008,0008,00,00,00,0008,0008,08,01,00,00,B9,B0
1134,00,01,00,00,01,B0,00,0001,00,00,00,00,00,00,00,00,00,00,0E,02,00,00,00,00,00,0000,00,00,0000,00,00,00,00,0008,0008,00,00,00,0008,0008,08,01,00,00,B9,B0
1135,00,01,00,00,01,B0,00,0001,00,00,00,00,00,00,00,00,00,00,0E,02,00,00,00,00,00,0000,00,00,0000,00,00,00,00,0008,0008,00,00,00,0008,0008,08,01,00,00,B9,B0
1136,00,01,00,00,01,B0,00,0001,00,00,00,00,00,00,00,00,00,00,0E,02,00,00,00,00,00,0000,00,00,0000,00,00,00,00,0008,0008,00,00,00,0008,0008,08,01,00,00,B9,B0
1137,00,01,00,00,01,B0,00,0001,00,00,00,00,00,00,00,00,00,00,0E,02,00,00,00,00,00,0000,00,00,0000,00,00,00,00,0008,0008,00,00,00,0008,0008,08,01,00,00,B9,B0
1138,00,01,00,00,01,B0,00,0001,00,00,00,00,00,00,00,00,00,00,0E,02,00,00,00,00,00,0000,00,00,0000,00,00,00,00,0008,0008,00,00,00,0008,0008,08,01,00,00,B9,B0
1139,00,01,00,00,01,B0,00,0001,00,00,00,00,00,00,00,00,00,00,0E,02,00,00,00,00,00,0000,00,00,0000,00,00,00,00,0008,0008,00,00,00,0008,0008,08,01,00,00,B9,B0
1140,00,01,00,00,01,B0,00,0001,00,00,00,00,00,00,00,00,00,00,0E,02,00,00,00,00,00,0000,00,00,0000,00,00,00,00,0008,0008,00,00,00,0008,0008,08,01,00,00,B9,B0
1141,00,01,00,00,01,B0,00,0001,00,00,00,00,00,00,00,00,00,00,0E,02,00,00,00,00,00,0000,00,00,0000,00,00,00,00,0008,0008,00,00,00,0008,0008,08,01,00,00,B9,B0
1142,00,01,00,00,01,B0,00,0001,00,00,00,00,00,00,00,00,00,00,0E,02,00,00,00,00,00,0000,00,00,0000,00,00,00,00,0008,0008,00,00,00,0008,0008,08,01,00,00,B9,B0
1143,00,01,00,00,01,B0,00,0001,00,00,00,00,00,00,00,00,00,00,0E,02,00,00,00,00,00,0000,00,00,0000,00,00,00,00,0008,0008,00,00,00,0008,0008,08,01,00,00,B9,B0
1144,00,01,00,00,01,B0,00,0001,00,00,00,00,00,00,00,00,00,00,0E,02,00,00,00,00,00,0000,00,00,0000,00,00,00,00,0008,0008,00,00,00,0008,0008,08,01,00,00,B9,B0
1145,00,01,00,00,01,B0,00,0001,00,00,00,00,00,00,00,00,00,00,0E,02,00,00,00,00,00,0000,00,00,0000,00,00,00,00,0008,0008,00,00,00,0008,0008,08,01,00,00,B9,B0
1146,00,01,00,00,01,B0,00,0001,00,00,00,00,00,00,00,00,00,00,0E,02,00,00,00,00,00,0000,00,00,0000,00,00,00,00,0008,0008,00,00,00,0008,0008,08,01,00,00,B9,B0
1147,00,01,00,00,01,B0,00,0001,00,00,00,00,00,00,00,00,00,00,0E,02,00,00,00,00,00,0000,00,00,0000,00,00,00,00,0008,0008,00,00,00,0008,0008,08,01,00,00,B9,B0
1148,00,01,00,00,01,B0,00,0001,00,00,00,00,00,00,00,00,00,00,0E,02,00,00,00,00,00,0000,00,00,0000,00,00,00,00,0008,0008,00,00,00,0008,0008,08,01,00,00,B9,B0
1149,00,01,00,00,01,B0,00,0001,00,00,00,00,00,00,00,00,00,00,0E,02,00,00,00,00,00,0000,00,00,0000,00,00,00,00,0008,0008,00,00,00,0008,0008,08,01,00,00,B9,B0
1150,00,01,00,00,01,B0,00,0001,00,00,00,00,00,00,00,00,00,00,0E,02,00,00,00,00,00,0000,00,00,0000,00,00,00,00,0008,0008,00,00,00,0008,0008,08,01,00,00,B9,B0
1151,00,01,00,00,01,B0,00,0001,00,00,00,00,00,00,00,00,00,00,0E,02,00,00,00,00,00,0000,00,00,0000,00,00,00,00,0008,0008,00,00,00,0008,0008,08,01,00,00,B9,B0
1152,00,01,00,00,01,B0,00,0001,00,00,00,00,00,00,00,00,00,00,0E,02,00,00,00,00,00,0000,00,00,0000,00,00,00,00,0008,0008,00,00,00,0008,0008,08,01,00,00,B9,B0
1153,00,01,00,00,01,B0,00,0001,00,00,00,00,00,00,00,00,00,00,0E,02,00,00,00,00,00,0000,00,00,0000,00,00,00,00,0008,0008,00,00,00,0008,0008,08,01,00,00,B9,B0
1154,00,01,00,00,01,B0,00,0001,00,00,00,00,00,00,00,00,00,00,0E,02,00,00,00,00,00,0000,00,00,0000,00,00,00,00,0008,0008,00,00,00,0008,0008,08,01,00,00,B9,B0
1155,00,01,00,00,01,B0,00,0001,00,00,00,00,00,00,00,00,00,00,0E,02,00,00,00,00,00,0000,00,00,0000,00,00,00,00,0008,0008,00,00,00,0008,0008,08,01,00,00,B9,B0
1156,00,01,00,00,01,B0,00,0001,00,00,00,00,00,00,00,00,00,00,0E,02,00,00,00,00,00,0000,00,00,0000,00,00,00,00,0008,0008,00,00,00,0008,0008,08,01,00,00,B9,B0
1157,00,01,00,00,01,B0,00,0001,00,00,00,00,00,00,00,00,00,00,0E,02,00,00,00,00,00,0000,00,00,0000,00,00,00,00,0008,0008,00,00,00,0008,0008,08,01,00,00,B9,B0
1158,00,01,00,00,01,B0,00,0001,00,00,00,00,00,00,00,00,00,00,0E,02,00,00,00,00,00,0000,00,00,0000,00,00,00,00,0008,0008,00,00,00,0008,0008,08,01,00,00,B9,B0
1159,00,01,00,00,01,B0,00,0001,00,00,00,00,00,00,00,00,00,00,0E,02,00,00,00,00,00,0000,00,00,0000,00,00,00,00,0008,0008,00,00,00,0008,0008,08,01,00,00,B9,B0
1160,00,01,00,00,01,B0,00,0001,00,00,00,00,00,00,00,00,00,00,0E,02,00,00,00,00,00,0000,00,00,0000,00,00,00,00,0008,0008,00,00,00,0008,0008,08,01,00,00,B9,B0
1161,00,01,00,00,01,B0,00,0001,00,00,00,00,00,00,00,00,00,00,0E,02,00,00,00,00,00,0000,00,00,0000,00,00,00,00,0008,0008,00,00,00,0008,0008,08,01,00,00,B9,B0
1162,00,01,00,00,01,B0,00,0001,00,00,00,00,00,00,00,00,00,00,0E,02,00,00,00,00,00,0000,00,00,0000,00,00,00,00,0008,0008,00,00,00,0008,0008,08,01,00,00,B9,B0
1163,00,01,00,00,01,B0,00,0001,00,00,00,00,00,00,00,00,00,00,0E,02,00,00,00,00,00,0000,00,00,0000,00,00,00,00,0008,0008,00,00,00,0008,0008,08,01,00,00,B9,B0
1164,00,01,00,00,01,B0,00,0001,00,00,00,00,00,00,00,00,00,00,0E,02,00,00,00,00,00,0000,00,00,0000,00,00,00,00,0008,0008,00,00,00,0008,0008,08,01,00,00,B9,B0
1165,00,01,00,00,01,B0,00,0001,00,00,00,00,00,00,00,00,00,00,0E,02,00,00,00,00,00,0000,00,00,0000,00,00,00,00,0008,0008,00,00,00,0008,0008,08,01,00,00,B9,B0
1166,00,01,00,00,01,B0,00,0001,00,00,00,00,00,00,00,00,00,00,0E,02,00,00,00,00,00,0000,00,00,0000,00,00,00,00,0008,0008,00,00,00,0008,0008,08,01,00,00,B9,B0
1167,00,01,00,00,01,B0,00,0001,00,00,00,00,00,00,00,00,00,00,0E,02,00,00,00,00,00,0000,00,00,0000,00,00,00,00,0008,0008,00,00,00,0008,0008,08,01,00,00,B9,B0
1168,00,01,00,00,01,B0,00,0001,00,00,00,00,00,00,00,00,00,00,0E,02,00,00,00,00,00,0000,00,00,0000,00,00,00,00,0008,0008,00,00,00,0008,0008,08,01,00,00,B9,B0
1169,00,01,00,00,01,B0,00,0001,00,00,00,00,00,00,00,00,00,00,0E,02,00,00,00,00,00,0000,00,00,0000,00,00,00,00,0008,0008,00,00,00,0008,0008,08,01,00,00,B9,B0
1170,00,01,00,00,01,B0,00,0001,00,00,00,00,00,00,00,00,00,00,0E,02,00,00,00,00,00,0000,00,00,0000,00,00,00,00,0008,0008,00,00,00,0008,0008,08,01,00,00,B9,B0
1171,00,01,00,00,01,B0,00,0001,00,00,00,00,00,00,00,00,00,00,0E,02,00,00,00,00,00,0000,00,00,0000,00,00,00,00,0008,0008,00,00,00,0008,0008,08,01,00,00,B9,B0
1172,00,01,00,00,01,B0,00,0001,00,00,00,00,00,00,00,00,00,00,0E,02,00,00,00,00,00,0000,00,00,0000,00,00,00,00,0008,0008,00,00,00,0008,0008,08,01,00,00,B9,B0
1173,00,01,00,00,01,B0,00,0001,00,00,00,00,00,00,00,00,00,00,0E,02,00,00,00,00,00,0000,00,00,0000,00,00,00,00,0008,0008,00,00,00,0008,0008,08,01,00,00,B9,B0
1174,00,01,00,00,01,B0,00,0001,00,00,00,00,00,00,00,00,00,00,0E,02,00,00,00,00,00,0000,00,00,0000,00,00,00,00,0008,0008,00,00,00,0008,0008,08,01,00,00,B9,B0
1175,00,01,00,00,01,B0,00,0001,00,00,00,00,00,00,00,00,00,00,0E,02,00,00,00,00,00,0000,00,00,0000,00,00,00,00,0008,0008,00,00,00,0008,0008,08,01,00,00,B9,B0
1176,00,01,00,00,01,B0,00,0001,00,00,00,00,00,00,00,00,00,00,0E,02,00,00,00,00,00,0000,00,00,0000,00,00,00,00,0008,0008,00,00,00,0008,0008,08,01,00,00,B9,B0
1177,00,01,00,00,01,B0,00,0001,00,00,00,00,00,00,00,00,00,00,0E,02,00,00,00,00,00,0000,00,00,0000,00,00,00,00,0008,0008,00,00,00,0008,0008,08,01,00,00,B9,B0
1178,00,01,00,00,01,B0,00,0001,00,00,00,00,00,00,00,00,00,00,0E,02,00,00,00,00,00,0000,00,00,0000,00,00,00,00,0008,0008,00,00,00,0008,0008,08,01,00,00,B9,B0
1179,00,01,00,00,01,B0,00,0001,00,00,00,00,00,00,00,00,00,00,0E,02,00,00,00,00,00,0000,00,00,0000,00,00,00,00,0008,0008,00,00,00,0008,0008,08,01,00,00,B9,B0
1180,00,01,00,00,01,B0,00,0001,00,00,00,00,00,00,00,00,00,00,0E,02,00,00,00,00,00,0000,00,00,0000,00,00,00,00,0008,0008,00,00,00,0008,0008,08,01,00,00,B9,B0
1181,00,01,00,00,01,B0,00,0001,00,00,00,00,00,00,00,00,00,00,0E,02,00,00,00,00,00,0000,00,00,0000,00,00,00,00,0008,0008,00,00,00,0008,0008,08,01,00,00,B9,B0
1182,00,01,00,00,01,B0,00,0001,00,00,00,00,00,00,00,00,00,00,0E,02,00,00,00,00,00,0000,00,00,0000,00,00,00,00,0008,0008,00,00,00,0008,0008,08,01,00,00,B9,B0
1183,00,01,00,00,01,B0,00,0001,00,00,00,00,00,00,00,00,00,00,0E,02,00,00,00,00,00,0000,00,00,0000,00,00,00,00,0008,0008,00,00,00,0008,0008,08,01,00,00,B9,B0
1184,00,01,00,00,01,B0,00,0001,00,00,00,00,00,00,00,00,00,00,0E,02,00,00,00,00,00,0000,00,00,0000,00,00,00,00,0008,0008,00,00,00,0008,0008,08,01,00,00,B9,B0
1185,00,01,00,00,01,B0,00,0001,00,00,00,00,00,00,00,00,00,00,0E,02,00,00,00,00,00,0000,00,00,0000,00,00,00,00,0008,0008,00,00,00,0008,0008,08,01,00,00,B9,B0
1186,00,01,00,00,01,B0,00,0001,00,00,00,00,00,00,00,00,00,00,0E,02,00,00,00,00,00,0000,00,00,0000,00,00,00,00,0008,0008,00,00,00,0008,0008,08,01,00,00,B9,B0
1187,00,01,00,00,01,B0,00,0001,00,00,00,00,00,00,00,00,00,00,0E,02,00,00,00,00,00,0000,00,00,0000,00,00,00,00,0008,0008,00,00,00,0008,0008,08,01,00,00,B9,B0
1188,00,01,00,00,01,B0,00,0001,00,00,00,00,00,00,00,00,00,00,0E,02,00,00,00,00,00,0000,00,00,0000,00,00,00,00,0008,0008,00,00,00,0008,0008,08,01,00,00,B9,B0
1189,00,01,00,00,01,B0,00,0001,00,00,00,00,00,00,00,00,00,00,0E,02,00,00,00,00,00,0000,00,00,0000,00,00,00,00,0008,0008,00,00,00,0008,0008,08,01,00,00,B9,B0
1190,00,01,00,00,01,B0,00,0001,00,00,00,00,00,00,00,00,00,00,0E,02,00,00,00,00,00,0000,00,00,0000,00,00,00,00,0008,0008,00,00,00,0008,0008,08,01,00,00,B9,B0
1191,00,01,00,00,01,B0,00,0001,00,00,00,00,00,00,00,00,00,00,0E,02,00,00,00,00,00,0000,00,00,0000,00,00,00,00,0008,0008,00,00,00,0008,0008,08,01,00,00,B9,B0
1192,00,01,00,00,01,B0,00,0001,00,00,00,00,00,00,00,00,00,00,0E,02,00,00,00,00,00,0000,00,00,0000,00,00,00,00,0008,0008,00,00,00,0008,0008,08,01,00,00,B9,B0
1193,00,01,00,00,01,B0,00,0001,00,00,00,00,00,00,00,00,00,00,0E,02,00,00,00,00,00,0000,00,00,0000,00,00,00,00,0008,0008,00,00,00,0008,0008,08,01,00,00,B9,B0
1194,00,01,00,00,01,B0,00,0001,00,00,00,00,00,00,00,00,00,00,0E,02,00,00,00,00,00,0000,00,00,0000,00,00,00,00,0008,0008,00,00,00,0008,0008,08,01,00,00,B9,B0
1195,00,01,00,00,01,B0,00,0001,00,00,00,00,00,00,00,00,00,00,0E,02,00,00,00,00,00,0000,00,00,0000,00,00,00,00,0008,0008,00,00,00,0008,0008,08,01,00,00,B9,B0
1196,00,01,00,00,01,B0,00,0001,00,00,00,00,00,00,00,00,00,00,0E,02,00,00,00,00,00,0000,00,00,0000,00,00,00,00,0008,0008,00,00,00,0008,0008,08,01,00,00,B9,B0
1197,00,01,00,00,01,B0,00,0001,00,00,00,00,00,00,00,00,00,00,0E,02,00,00,00,00,00,0000,00,00,0000,00,00,00,00,0008,0008,00,00,00,0008,0008,08,01,00,00,B9,B0
1198,00,01,00,00,01,B0,00,0001,00,00,00,00,00,00,00,00,00,00,0E,02,00,00,00,00,00,0000,00,00,0000,00,00,00,00,0008,0008,00,00,00,0008,0008,08,01,00,00,B9,B0
1199,00,01,00,00,01,B0,00,0001,00,00,00,00,00,00,00,00,00,00,0E,02,00,00,00,00,00,0000,00,00,0000,00,00,00,00,0008,0008,00,00,00,0008,0008,08,01,00,00,B9,B0
1200,00,01,00,00,01,B0,00,0001,00,00,00,00,00,00,00,00,00,00,0E,02,00,00,00,00,00,0000,00,00,0000,00,00,00,00,0008,0008,00,00,00,0008,0008,08,01,00,00,B9,B0
1201,00,01,00,00,01,B0,00,0001,00,00,00,00,00,00,00,00,00,00,0E,02,00,00,00,00,00,0000,00,00,0000,00,00,00,00,0008,0008,00,00,00,0008,0008,08,01,00,00,B9,B0
1202,00,01,00,00,01,B0,00,0001,00,00,00,00,00,00,00,00,00,00,0E,02,00,00,00,00,00,0000,00,00,0000,00,00,00,00,0008,0008,00,00,00,0008,0008,08,01,00,00,B9,B0
1203,00,01,00,00,01,B0,00,0001,00,00,00,00,00,00,00,00,00,00,0E,02,00,00,00,00,00,0000,00,00,0000,00,00,00,00,0008,0008,00,00,00,0008,0008,08,01,00,00,B9,B0
1204,00,01,00,00,01,B0,00,0001,00,00,00,00,00,00,00,00,00,00,0E,02,00,00,00,00,00,0000,00,00,0000,00,00,00,00,0008,0008,00,00,00,0008,0008,08,01,00,00,B9,B0
1205,00,01,00,00,01,B0,00,0001,00,00,00,00,00,00,00,00,00,00,0E,02,00,00,00,00,00,0000,00,00,0000,00,00,00,00,0008,0008,00,00,00,0008,0008,08,01,00,00,B9,B0
1206,00,01,00,00,01,B0,00,0001,00,00,00,00,00,00,00,00,00,00,0E,02,00,00,00,00,00,0000,00,00,0000,00,00,00,00,0008,0008,00,00,00,0008,0008,08,01,00,00,B9,B0
1207,00,01,00,00,01,B0,00,0001,00,00,00,00,00,00,00,00,00,00,0E,02,00,00,00,00,00,0000,00,00,0000,00,00,00,00,0008,0008,00,00,00,0008,0008,08,01,00,00,B9,B0
1208,00,01,00,00,01,B0,00,0001,00,00,00,00,00,00,00,00,00,00,0E,02,00,00,00,00,00,0000,00,00,0000,00,00,00,00,0008,0008,00,00,00,0008,0008,08,01,00,00,B9,B0
1209,00,01,00,00,01,B0,00,0001,00,00,00,00,00,00,00,00,00,00,0E,02,00,00,00,00,00,0000,00,00,0000,00,00,00,00,0008,0008,00,00,00,0008,0008,08,01,00,00,B9,B0
1210,00,01,00,00,01,B0,00,0001,00,00,00,00,00,00,00,00,00,00,0E,02,00,00,00,00,00,0000,00,00,0000,00,00,00,00,0008,0008,00,00,00,0008,0008,08,01,00,00,B9,B0
1211,00,01,00,00,01,B0,00,0001,00,00,00,00,00,00,00,00,00,00,0E,02,00,00,00,00,00,0000,00,00,0000,00,00,00,00,0008,0008,00,00,00,0008,0008,08,01,00,00,B9,B0
1212,00,01,00,00,01,B0,00,0001,00,00,00,00,00,00,00,00,00,00,0E,02,00,00,00,00,00,0000,00,00,0000,00,00,00,00,0008,0008,00,00,00,0008,0008,08,01,00,00,B9,B0
1213,00,01,00,00,01,B0,00,0001,00,00,00,00,00,00,00,00,00,00,0E,02,00,00,00,00,00,0000,00,00,0000,00,00,00,00,0008,0008,00,00,00,0008,0008,08,01,00,00,B9,B0
1214,00,01,00,00,01,B0,00,0001,00,00,00,00,00,00,00,00,00,00,0E,02,00,00,00,00,00,0000,00,00,0000,00,00,00,00,0008,0008,00,00,00,0008,0008,08,01,00,00,B9,B0
1215,00,01,00,00,01,B0,00,0001,00,00,00,00,00,00,00,00,00,00,0E,02,00,00,00,00,00,0000,00,00,0000,00,00,00,00,0008,0008,00,00,00,0008,0008,08,01,00,00,B9,B0
1216,00,01,00,00,01,B0,00,0001,00,00,00,00,00,00,00,00,00,00,0E,02,00,00,00,00,00,0000,00,00,0000,00,00,00,00,0008,0008,00,00,00,0008,0008,08,01,00,00,B9,B0
1217,00,01,00,00,01,B0,00,0001,00,00,00,00,00,00,00,00,00,00,0E,02,00,00,00,00,00,0000,00,00,0000,00,00,00,00,0008,0008,00,00,00,0008,0008,08,01,00,00,B9,B0
1218,00,01,00,00,01,B0,00,0001,00,00,00,00,00,00,00,00,00,00,0E,02,00,00,00,00,00,0000,00,00,0000,00,00,00,00,0008,0008,00,00,00,0008,0008,08,01,00,00,B9,B0
1219,00,01,00,00,01,B0,00,0001,00,00,00,00,00,00,00,00,00,00,0E,02,00,00,00,00,00,0000,00,00,0000,00,00,00,00,0008,0008,00,00,00,0008,0008,08,01,00,00,B9,B0
1220,00,01,00,00,01,B0,00,0001,00,00,00,00,00,00,00,00,00,00,0E,02,00,00,00,00,00,0000,00,00,0000,00,00,00,00,0008,0008,00,00,00,0008,0008,08,01,00,00,B9,B0
1221,00,01,00,00,01,B0,00,0001,00,00,00,00,00,00,00,00,00,00,0E,02,00,00,00,00,00,0000,00,00,0000,00,00,00,00,0008,0008,00,00,00,0008,0008,08,01,00,00,B9,B0
1222,00,01,00,00,01,B0,00,0001,00,00,00,00,00,00,00,00,00,00,0E,02,00,00,00,00,00,0000,00,00,0000,00,00,00,00,0008,0008,00,00,00,0008,0008,08,01,00,00,B9,B0
1223,00,01,00,00,01,B0,00,0001,00,00,00,00,00,00,00,00,00,00,0E,02,00,00,00,00,00,0000,00,00,0000,00,00,00,00,0008,0008,00,00,00,0008,0008,08,01,00,00,B9,B0
1224,00,01,00,00,01,B0,00,0001,00,00,00,00,00,00,00,00,00,00,0E,02,00,00,00,00,00,0000,00,00,0000,00,00,00,00,0008,0008,00,00,00,0008,0008,08,01,00,00,B9,B0
1225,00,01,00,00,01,B0,00,0001,00,00,00,00,00,00,00,00,00,00,0E,02,00,00,00,00,00,0000,00,00,0000,00,00,00,00,0008,0008,00,00,00,0008,0008,08,01,00,00,B9,B0
1226,00,01,00,00,01,B0,00,0001,00,00,00,00,00,00,00,00,00,00,0E,02,00,00,00,00,00,0000,00,00,0000,00,00,00,00,0008,0008,00,00,00,0008,0008,08,01,00,00,B9,B0
1227,00,01,00,00,01,B0,00,0001,00,00,00,00,00,00,00,00,00,00,0E,02,00,00,00,00,00,0000,00,00,0000,00,00,00,00,0008,0008,00,00,00,0008,0008,08,01,00,00,B9,B0
1228,00,01,00,00,01,B0,00,0001,00,00,00,00,00,00,00,00,00,00,0E,02,00,00,00,00,00,0000,00,00,0000,00,00,00,00,0008,0008,00,00,00,0008,0008,08,01,00,00,B9,B0
1229,00,01,00,00,01,B0,00,0001,00,00,00,00,00,00,00,00,00,00,0E,02,00,00,00,00,00,0000,00,00,0000,00,00,00,00,0008,0008,00,00,00,0008,0008,08,01,00,00,B9,B0
1230,00,01,00,00,01,B0,00,0001,00,00,00,00,00,00,00,00,00,00,0E,02,00,00,00,00,00,0000,00,00,0000,00,00,00,00,0008,0008,00,00,00,0008,0008,08,01,00,00,B9,B0
1231,00,01,00,00,01,B0,00,0001,00,00,00,00,00,00,00,00,00,00,0E,02,00,00,00,00,00,0000,00,00,0000,00,00,00,00,0008,0008,00,00,00,0008,0008,08,01,00,00,B9,B0
1232,00,01,00,00,01,B0,00,0001,00,00,00,00,00,00,00,00,00,00,0E,02,00,00,00,00,00,0000,00,00,0000,00,00,00,00,0008,0008,00,00,00,0008,0008,08,01,00,00,B9,B0
1233,00,01,00,00,01,B0,00,0001,00,00,00,00,00,00,00,00,00,00,0E,02,00,00,00,00,00,0000,00,00,0000,00,00,00,00,0008,0008,00,00,00,0008,0008,08,01,00,00,B9,B0
1234,00,01,00,00,01,B0,00,0001,00,00,00,00,00,00,00,00,00,00,0E,02,00,00,00,00,00,0000,00,00,0000,00,00,00,00,0008,0008,00,00,00,0008,0008,08,01,00,00,B9,B0
1235,00,01,00,00,01,B0,00,0001,00,00,00,00,00,00,00,00,00,00,0E,02,00,00,00,00,00,0000,00,00,0000,00,00,00,00,0008,0008,00,00,00,0008,0008,08,01,00,00,B9,B0
1236,00,01,00,00,01,B0,00,0001,00,00,00,00,00,00,00,00,00,00,0E,02,00,00,00,00,00,0000,00,00,0000,00,00,00,00,0008,0008,00,00,00,0008,0008,08,01,00,00,B9,B0
1237,00,01,00,00,01,B0,00,0001,00,00,00,00,00,00,00,00,00,00,0E,02,00,00,00,00,00,0000,00,00,0000,00,00,00,00,0008,0008,00,00,00,0008,0008,08,01,00,00,B9,B0
1238,00,01,00,00,01,B0,00,0001,00,00,00,00,00,00,00,00,00,00,0E,02,00,00,00,00,00,0000,00,00,0000,00,00,00,00,0008,0008,00,00,00,0008,0008,08,01,00,00,B9,B0
1239,00,01,00,00,01,B0,00,0001,00,00,00,00,00,00,00,00,00,00,0E,02,00,00,00,00,00,0000,00,00,0000,00,00,00,00,0008,0008,00,00,00,0008,0008,08,01,00,00,B9,B0
1240,00,01,00,00,01,B0,00,0001,00,00,00,00,00,00,00,00,00,00,0E,02,00,00,00,00,00,0000,00,00,0000,00,00,00,00,0008,0008,00,00,00,0008,0008,08,01,00,00,B9,B0
1241,00,01,00,00,01,B0,00,0001,00,00,00,00,00,00,00,00,00,00,0E,02,00,00,00,00,00,0000,00,00,0000,00,00,00,00,0008,0008,00,00,00,0008,0008,08,01,00,00,B9,B0
1242,00,01,00,00,01,B0,00,0001,00,00,00,00,00,00,00,00,00,00,0E,02,00,00,00,00,00,0000,00,00,0000,00,00,00,00,0008,0008,00,00,00,0008,0008,08,01,00,00,B9,B0
1243,00,01,00,00,01,B0,00,0001,00,00,00,00,00,00,00,00,00,00,0E,02,00,00,00,00,00,0000,00,00,0000,00,00,00,00,0008,0008,00,00,00,0008,0008,08,01,00,00,B9,B0
1244,00,01,00,00,01,B0,00,0001,00,00,00,00,00,00,00,00,00,00,0E,02,00,00,00,00,00,0000,00,00,0000,00,00,00,00,0008,0008,00,00,00,0008,0008,08,01,00,00,B9,B0
1245,00,01,00,00,01,B0,00,0001,00,00,00,00,00,00,00,00,00,00,0E,02,00,00,00,00,00,0000,00,00,0000,00,00,00,00,0008,0008,00,00,00,0008,0008,08,01,00,00,B9,B0
1246,00,01,00,00,01,B0,00,0001,00,00,00,00,00,00,00,00,00,00,0E,02,00,00,00,00,00,0000,00,00,0000,00,00,00,00,0008,0008,00,00,00,0008,0008,08,01,00,00,B9,B0
1247,00,01,00,00,01,B0,00,0001,00,00,00,00,00,00,00,00,00,00,0E,02,00,00,00,00,00,0000,00,00,0000,00,00,00,00,0008,0008,00,00,00,0008,0008,08,01,00,00,B9,B0
1248,00,01,00,00,01,B0,00,0001,00,00,00,00,00,00,00,00,00,00,0E,02,00,00,00,00,00,0000,00,00,0000,00,00,00,00,0008,0008,00,00,00,0008,0008,08,01,00,00,B9,B0
1249,00,01,00,00,01,B0,00,0001,00,00,00,00,00,00,00,00,00,00,0E,02,00,00,00,00,00,0000,00,00,0000,00,00,00,00,0008,0008,00,00,00,0008,0008,08,01,00,00,B9,B0
1250,00,01,00,00,01,B0,00,0001,00,00,00,00,00,00,00,00,00,00,0E,02,00,00,00,00,00,0000,00,00,0000,00,00,00,00,0008,0008,00,00,00,0008,0008,08,01,00,00,B9,B0
1251,00,01,00,00,01,B0,00,0001,00,00,00,00,00,00,00,00,00,00,0E,02,00,00,00,00,00,0000,00,00,0000,00,00,00,00,0008,0008,00,00,00,0008,0008,08,01,00,00,B9,B0
1252,00,01,00,00,01,B0,00,0001,00,00,00,00,00,00,00,00,00,00,0E,02,00,00,00,00,00,0000,00,00,0000,00,00,00,00,0008,0008,00,00,00,0008,0008,08,01,00,00,B9,B0
1253,00,01,00,00,01,B0,00,0001,00,00,00,00,00,00,00,00,00,00,0E,02,00,00,00,00,00,0000,00,00,0000,00,00,00,00,0008,0008,00,00,00,0008,0008,08,01,00,00,B9,B0
1254,00,01,00,00,01,B0,00,0001,00,00,00,00,00,00,00,00,00,00,0E,02,00,00,00,00,00,0000,00,00,0000,00,00,00,00,0008,0008,00,00,00,0008,0008,08,01,00,00,B9,B0
1255,00,01,00,00,01,B0,00,0001,00,00,00,00,00,00,00,00,00,00,0E,02,00,00,00,00,00,0000,00,00,0000,00,00,00,00,0008,0008,00,00,00,0008,0008,08,01,00,00,B9,B0
1256,00,01,00,00,01,B0,00,0001,00,00,00,00,00,00,00,00,00,00,0E,02,00,00,00,00,00,0000,00,00,0000,00,00,00,00,0008,0008,00,00,00,0008,0008,08,01,00,00,B9,B0
1257,00,01,00,00,01,B0,00,0001,00,00,00,00,00,00,00,00,00,00,0E,02,00,00,00,00,00,0000,00,00,0000,00,00,00,00,0008,0008,00,00,00,0008,0008,08,01,00,00,B9,B0
1258,00,01,00,00,01,B0,00,0001,00,00,00,00,00,00,00,00,00,00,0E,02,00,00,00,00,00,0000,00,00,0000,00,00,00,00,0008,0008,00,00,00,0008,0008,08,01,00,00,B9,B0
1259,00,01,00,00,01,B0,00,0001,00,00,00,00,00,00,00,00,00,00,0E,02,00,00,00,00,00,0000,00,00,0000,00,00,00,00,0008,0008,00,00,00,0008,0008,08,01,00,00,B9,B0
1260,00,01,00,00,01,B0,00,0001,00,00,00,00,00,00,00,00,00,00,0E,02,00,00,00,00,00,0000,00,00,0000,00,00,00,00,0008,0008,00,00,00,0008,0008,08,01,00,00,B9,B0
1261,00,01,00,00,01,B0,00,0001,00,00,00,00,00,00,00,00,00,00,0E,02,00,00,00,00,00,0000,00,00,0000,00,00,00,00,0008,0008,00,00,00,0008,0008,08,01,00,00,B9,B0
1262,00,01,00,00,01,B0,00,0001,00,00,00,00,00,00,00,00,00,00,0E,02,00,00,00,00,00,0000,00,00,0000,00,00,00,00,0008,0008,00,00,00,0008,0008,08,01,00,00,B9,B0
1263,00,01,00,00,01,B0,00,0001,00,00,00,00,00,00,00,00,00,00,0E,02,00,00,00,00,00,0000,00,00,0000,00,00,00,00,0008,0008,00,00,00,0008,0008,08,01,00,00,B9,B0
1264,00,01,00,00,01,B0,00,0001,00,00,00,00,00,00,00,00,00,00,0E,02,00,00,00,00,00,0000,00,00,0000,00,00,00,00,0008,0008,00,00,00,0008,0008,08,01,00,00,B9,B0
1265,00,01,00,00,01,B0,00,0001,00,00,00,00,00,00,00,00,00,00,0E,02,00,00,00,00,00,0000,00,00,0000,00,00,00,00,0008,0008,00,00,00,0008,0008,08,01,00,00,B9,B0
1266,00,01,00,00,01,B0,00,0001,00,00,00,00,00,00,00,00,00,00,0E,02,00,00,00,00,00,0000,00,00,0000,00,00,00,00,0008,0008,00,00,00,0008,0008,08,01,00,00,B9,B0
1267,00,01,00,00,01,B0,00,0001,00,00,00,00,00,00,00,00,00,00,0E,02,00,00,00,00,00,0000,00,00,0000,00,00,00,00,0008,0008,00,00,00,0008,0008,08,01,00,00,B9,B0
1268,00,01,00,00,01,B0,00,0001,00,00,00,00,00,00,00,00,00,00,0E,02,00,00,00,00,00,0000,00,00,0000,00,00,00,00,0008,0008,00,00,00,0008,0008,08,01,00,00,B9,B0
1269,00,01,00,00,01,B0,00,0001,00,00,00,00,00,00,00,00,00,00,0E,02,00,00,00,00,00,0000,00,00,0000,00,00,00,00,0008,0008,00,00,00,0008,0008,08,01,00,00,B9,B0
1270,00,01,00,00,01,B0,00,0001,00,00,00,00,00,00,00,00,00,00,0E,02,00,00,00,00,00,0000,00,00,0000,00,00,00,00,0008,0008,00,00,00,0008,0008,08,01,00,00,B9,B0
1271,00,01,00,00,01,B0,00,0001,00,00,00,00,00,00,00,00,00,00,0E,02,00,00,00,00,00,0000,00,00,0000,00,00,00,00,0008,0008,00,00,00,0008,0008,08,01,00,00,B9,B0
1272,00,01,00,00,01,B0,00,0001,00,00,00,00,00,00,00,00,00,00,0E,02,00,00,00,00,00,0000,00,00,0000,00,00,00,00,0008,0008,00,00,00,0008,0008,08,01,00,00,B9,B0
1273,00,01,00,00,01,B0,00,0001,00,00,00,00,00,00,00,00,00,00,0E,02,00,00,00,00,00,0000,00,00,0000,00,00,00,00,0008,0008,00,00,00,0008,0008,08,01,00,00,B9,B0
1274,00,01,00,00,01,B0,00,0001,00,00,00,00,00,00,00,00,00,00,0E,02,00,00,00,00,00,0000,00,00,0000,00,00,00,00,0008,0008,00,00,00,0008,0008,08,01,00,00,B9,B0
1275,00,01,00,00,01,B0,00,0001,00,00,00,00,00,00,00,00,00,00,0E,02,00,00,00,00,00,0000,00,00,0000,00,00,00,00,0008,0008,00,00,00,0008,0008,08,01,00,00,B9,B0
1276,00,01,00,00,01,B0,00,0001,00,00,00,00,00,00,00,00,00,00,0E,02,00,00,00,00,00,0000,00,00,0000,00,00,00,00,0008,0008,00,00,00,0008,0008,08,01,00,00,B9,B0
1277,00,01,00,00,01,B0,00,0001,00,00,00,00,00,00,00,00,00,00,0E,02,00,00,00,00,00,0000,00,00,0000,00,00,00,00,0008,0008,00,00,00,0008,0008,08,01,00,00,B9,B0
1278,00,01,00,00,01,B0,00,0001,00,00,00,00,00,00,00,00,00,00,0E,02,00,00,00,00,00,0000,00,00,0000,00,00,00,00,0008,0008,00,00,00,0008,0008,08,01,00,00,B9,B0
1279,00,01,00,00,01,B0,00,0001,00,00,00,00,00,00,00,00,00,00,0E,02,00,00,00,00,00,0000,00,00,0000,00,00,00,00,0008,0008,00,00,00,0008,0008,08,01,00,00,B9,B0
1280,00,01,00,00,01,B0,00,0001,00,00,00,00,00,00,00,00,00,00,0E,02,00,00,00,00,00,0000,00,00,0000,00,00,00,00,0008,0008,00,00,00,0008,0008,08,01,00,00,B9,B0
1281,00,01,00,00,01,B0,00,0001,00,00,00,00,00,00,00,00,00,00,0E,02,00,00,00,00,00,0000,00,00,0000,00,00,00,00,0008,0008,00,00,00,0008,0008,08,01,00,00,B9,B0
1282,00,01,00,00,01,B0,00,0001,00,00,00,00,00,00,00,00,00,00,0E,02,00,00,00,00,00,0000,00,00,0000,00,00,00,00,0008,0008,00,00,00,0008,0008,08,01,00,00,B9,B0
1283,00,01,00,00,01,B0,00,0001,00,00,00,00,00,00,00,00,00,00,0E,02,00,00,00,00,00,0000,00,00,0000,00,00,00,00,0008,0008,00,00,00,0008,0008,08,01,00,00,B9,B0
1284,00,01,00,00,01,B0,00,0001,00,00,00,00,00,00,00,00,00,00,0E,02,00,00,00,00,00,0000,00,00,0000,00,00,00,00,0008,0008,00,00,00,0008,0008,08,01,00,00,B9,B0
1285,00,01,00,00,01,B0,00,0001,00,00,00,00,00,00,00,00,00,00,0E,02,00,00,00,00,00,0000,00,00,0000,00,00,00,00,0008,0008,00,00,00,0008,0008,08,01,00,00,B9,B0
1286,00,01,00,00,01,B0,00,0001,00,00,00,00,00,00,00,00,00,00,0E,02,00,00,00,00,00,0000,00,00,0000,00,00,00,00,0008,0008,00,00,00,0008,0008,08,01,00,00,B9,B0
1287,00,01,00,00,01,B0,00,0001,00,00,00,00,00,00,00,00,00,00,0E,02,00,00,00,00,00,0000,00,00,0000,00,00,00,00,0008,0008,00,00,00,0008,0008,08,01,00,00,B9,B0
1288,00,01,00,00,01,B0,00,0001,00,00,00,00,00,00,00,00,00,00,0E,02,00,00,00,00,00,0000,00,00,0000,00,00,00,00,0008,0008,00,00,00,0008,0008,08,01,00,00,B9,B0
1289,00,01,00,00,01,B0,00,0001,00,00,00,00,00,00,00,00,00,00,0E,02,00,00,00,00,00,0000,00,00,0000,00,00,00,00,0008,0008,00,00,00,0008,0008,08,01,00,00,B9,B0
1290,00,01,00,00,01,B0,00,0001,00,00,00,00,00,00,00,00,00,00,0E,02,00,00,00,00,00,0000,00,00,0000,00,00,00,00,0008,0008,00,00,00,0008,0008,08,01,00,00,B9,B0
1291,00,01,00,00,01,B0,00,0001,00,00,00,00,00,00,00,00,00,00,0E,02,00,00,00,00,00,0000,00,00,0000,00,00,00,00,0008,0008,00,00,00,0008,0008,08,01,00,00,B9,B0
1292,00,01,00,00,01,B0,00,0001,00,00,00,00,00,00,00,00,00,00,0E,02,00,00,00,00,00,0000,00,00,0000,00,00,00,00,0008,0008,00,00,00,0008,0008,08,01,00,00,B9,B0
1293,00,01,00,00,01,B0,00,0001,00,00,00,00,00,00,00,00,00,00,0E,02,00,00,00,00,00,0000,00,00,0000,00,00,00,00,0008,0008,00,00,00,0008,0008,08,01,00,00,B9,B0
1294,00,01,00,00,01,B0,00,0001,00,00,00,00,00,00,00,00,00,00,0E,02,00,00,00,00,00,0000,00,00,0000,00,00,00,00,0008,0008,00,00,00,0008,0008,08,01,00,00,B9,B0
1295,00,01,00,00,01,B0,00,0001,00,00,00,00,00,00,00,00,00,00,0E,02,00,00,00,00,00,0000,00,00,0000,00,00,00,00,0008,0008,00,00,00,0008,0008,08,01,00,00,B9,B0
1296,00,01,00,00,01,B0,00,0001,00,00,00,00,00,00,00,00,00,00,0E,02,00,00,00,00,00,0000,00,00,0000,00,00,00,00,0008,0008,00,00,00,0008,0008,08,01,00,00,B9,B0
1297,00,01,00,00,01,B0,00,0001,00,00,00,00,00,00,00,00,00,00,0E,02,00,00,00,00,00,0000,00,00,0000,00,00,00,00,0008,0008,00,00,00,0008,0008,08,01,00,00,B9,B0
1298,00,01,00,00,01,B0,00,0001,00,00,00,00,00,00,00,00,00,00,0E,02,00,00,00,00,00,0000,00,00,0000,00,00,00,00,0008,0008,00,00,00,0008,0008,08,01,00,00,B9,B0
1299,00,01,00,00,01,B0,00,0001,00,00,00,00,00,00,00,00,00,00,0E,02,00,00,00,00,00,0000,00,00,0000,00,00,00,00,0008,0008,00,00,00,0008,0008,08,01,00,00,B9,B0
1300,00,01,00,00,01,B0,00,0001,00,00,00,00,00,00,00,00,00,00,0E,02,00,00,00,00,00,0000,00,00,0000,00,00,00,00,0008,0008,00,00,00,0008,0008,08,01,00,00,B9,B0
1301,00,01,00,00,01,B0,00,0001,00,00,00,00,00,00,00,00,00,00,0E,02,00,00,00,00,00,0000,00,00,0000,00,00,00,00,0008,0008,00,00,00,0008,0008,08,01,00,00,B9,B0
1302,00,01,00,00,01,B0,00,0001,00,00,00,00,00,00,00,00,00,00,0E,02,00,00,00,00,00,0000,00,00,0000,00,00,00,00,0008,0008,00,00,00,0008,0008,08,01,00,00,B9,B0
1303,00,01,00,00,01,B0,00,0001,00,00,00,00,00,00,00,00,00,00,0E,02,00,00,00,00,00,0000,00,00,0000,00,00,00,00,0008,0008,00,00,00,0008,0008,08,01,00,00,B9,B0
1304,00,01,00,00,01,B0,00,0001,00,00,00,00,00,00,00,00,00,00,0E,02,00,00,00,00,00,0000,00,00,0000,00,00,00,00,0008,0008,00,00,00,0008,0008,08,01,00,00,B9,B0
1305,00,01,00,00,01,B0,00,0001,00,00,00,00,00,00,00,00,00,00,0E,02,00,00,00,00,00,0000,00,00,0000,00,00,00,00,0008,0008,00,00,00,0008,0008,08,01,00,00,B9,B0
1306,00,01,00,00,01,B0,00,0001,00,00,00,00,00,00,00,00,00,00,0E,02,00,00,00,00,00,0000,00,00,0000,00,00,00,00,0008,0008,00,00,00,0008,0008,08,01,00,00,B9,B0
1307,00,01,00,00,01,B0,00,0001,00,00,00,00,00,00,00,00,00,00,0E,02,00,00,00,00,00,0000,00,00,0000,00,00,00,00,0008,0008,00,00,00,0008,0008,08,01,00,00,B9,B0
1308,00,01,00,00,01,B0,00,0001,00,00,00,00,00,00,00,00,00,00,0E,02,00,00,00,00,00,0000,00,00,0000,00,00,00,00,0008,0008,00,00,00,0008,0008,08,01,00,00,B9,B0
1309,00,01,00,00,01,B0,00,0001,00,00,00,00,00,00,00,00,00,00,0E,02,00,00,00,00,00,0000,00,00,0000,00,00,00,00,0008,0008,00,00,00,0008,0008,08,01,00,00,B9,B0
1310,00,01,00,00,01,B0,00,0001,00,00,00,00,00,00,00,00,00,00,0E,02,00,00,00,00,00,0000,00,00,0000,00,00,00,00,0008,0008,00,00,00,0008,0008,08,01,00,00,B9,B0
1311,00,01,00,00,01,B0,00,0001,00,00,00,00,00,00,00,00,00,00,0E,02,00,00,00,00,00,0000,00,00,0000,00,00,00,00,0008,0008,00,00,00,0008,0008,08,01,00,00,B9,B0
1312,00,01,00,00,01,B0,00,0001,00,00,00,00,00,00,00,00,00,00,0E,02,00,00,00,00,00,0000,00,00,0000,00,00,00,00,0008,0008,00,00,00,0008,0008,08,01,00,00,B9,B0
1313,00,01,00,00,01,B0,00,0001,00,00,00,00,00,00,00,00,00,00,0E,02,00,00,00,00,00,0000,00,00,0000,00,00,00,00,0008,0008,00,00,00,0008,0008,08,01,00,00,B9,B0
1314,00,01,00,00,01,B0,00,0001,00,00,00,00,00,00,00,00,00,00,0E,02,00,00,00,00,00,0000,00,00,0000,00,00,00,00,0008,0008,00,00,00,0008,0008,08,01,00,00,B9,B0
1315,00,01,00,00,01,B0,00,0001,00,00,00,00,00,00,00,00,00,00,0E,02,00,00,00,00,00,0000,00,00,0000,00,00,00,00,0008,0008,00,00,00,0008,0008,08,01,00,00,B9,B0
1316,00,01,00,00,01,B0,00,0001,00,00,00,00,00,00,00,00,00,00,0E,02,00,00,00,00,00,0000,00,00,0000,00,00,00,00,0008,0008,00,00,00,0008,0008,08,01,00,00,B9,B0
1317,00,01,00,00,01,B0,00,0001,00,00,00,00,00,00,00,00,00,00,0E,02,00,00,00,00,00,0000,00,00,0000,00,00,00,00,0008,0008,00,00,00,0008,0008,08,01,00,00,B9,B0
1318,00,01,00,00,01,B0,00,0001,00,00,00,00,00,00,00,00,00,00,0E,02,00,00,00,00,00,0000,00,00,0000,00,00,00,00,0008,0008,00,00,00,0008,0008,08,01,00,00,B9,B0
1319,00,01,00,00,01,B0,00,0001,00,00,00,00,00,00,00,00,00,00,0E,02,00,00,00,00,00,0000,00,00,0000,00,00,00,00,0008,0008,00,00,00,0008,0008,08,01,00,00,B9,B0
1320,00,01,00,00,01,B0,00,0001,00,00,00,00,00,00,00,00,00,00,0E,02,00,00,00,00,00,0000,00,00,0000,00,00,00,00,0008,0008,00,00,00,0008,0008,08,01,00,00,B9,B0
1321,00,01,00,00,01,B0,00,0001,00,00,00,00,00,00,00,00,00,00,0E,02,00,00,00,00,00,0000,00,00,0000,00,00,00,00,0008,0008,00,00,00,0008,0008,08,01,00,00,B9,B0
1322,00,01,00,00,01,B0,00,0001,00,00,00,00,00,00,00,00,00,00,0E,02,00,00,00,00,00,0000,00,00,0000,00,00,00,00,0008,0008,00,00,00,0008,0008,08,01,00,00,B9,B0
1323,00,01,00,00,01,B0,00,0001,00,00,00,00,00,00,00,00,00,00,0E,02,00,00,00,00,00,0000,00,00,0000,00,00,00,00,0008,0008,00,00,00,0008,0008,08,01,00,00,B9,B0
1324,00,01,00,00,01,B0,00,0001,00,00,00,00,00,00,00,00,00,00,0E,02,00,00,00,00,00,0000,00,00,0000,00,00,00,00,0008,0008,00,00,00,0008,0008,08,01,00,00,B9,B0
1325,00,01,00,00,01,B0,00,0001,00,00,00,00,00,00,00,00,00,00,0E,02,00,00,00,00,00,0000,00,00,0000,00,00,00,00,0008,0008,00,00,00,0008,0008,08,01,00,00,B9,B0
1326,00,01,00,00,01,B0,00,0001,00,00,00,00,00,00,00,00,00,00,0E,02,00,00,00,00,00,0000,00,00,0000,00,00,00,00,0008,0008,00,00,00,0008,0008,08,01,00,00,B9,B0
1327,00,01,00,00,01,B0,00,0001,00,00,00,00,00,00,00,00,00,00,0E,02,00,00,00,00,00,0000,00,00,0000,00,00,00,00,0008,0008,00,00,00,0008,0008,08,01,00,00,B9,B0
1328,00,01,00,00,01,B0,00,0001,00,00,00,00,00,00,00,00,00,00,0E,02,00,00,00,00,00,0000,00,00,0000,00,00,00,00,0008,0008,00,00,00,0008,0008,08,01,00,00,B9,B0
1329,00,01,00,00,01,B0,00,0001,00,00,00,00,00,00,00,00,00,00,0E,02,00,00,00,00,00,0000,00,00,0000,00,00,00,00,0008,0008,00,00,00,0008,0008,08,01,00,00,B9,B0
1330,00,01,00,00,01,B0,00,0001,00,00,00,00,00,00,00,00,00,00,0E,02,00,00,00,00,00,0000,00,00,0000,00,00,00,00,0008,0008,00,00,00,0008,0008,08,01,00,00,B9,B0
1331,00,01,00,00,01,B0,00,0001,00,00,00,00,00,00,00,00,00,00,0E,02,00,00,00,00,00,0000,00,00,0000,00,00,00,00,0008,0008,00,00,00,0008,0008,08,01,00,00,B9,B0
1332,00,01,00,00,01,B0,00,0001,00,00,00,00,00,00,00,00,00,00,0E,02,00,00,00,00,00,0000,00,00,0000,00,00,00,00,0008,0008,00,00,00,0008,0008,08,01,00,00,B9,B0
1333,00,01,00,00,01,B0,00,0001,00,00,00,00,00,00,00,00,00,00,0E,02,00,00,00,00,00,0000,00,00,0000,00,00,00,00,0008,0008,00,00,00,0008,0008,08,01,00,00,B9,B0
1334,00,01,00,00,01,B0,00,0001,00,00,00,00,00,00,00,00,00,00,0E,02,00,00,00,00,00,0000,00,00,0000,00,00,00,00,0008,0008,00,00,00,0008,0008,08,01,00,00,B9,B0
1335,00,01,00,00,01,B0,00,0001,00,00,00,00,00,00,00,00,00,00,0E,02,00,00,00,00,00,0000,00,00,0000,00,00,00,00,0008,0008,00,00,00,0008,0008,08,01,00,00,B9,B0
1336,00,01,00,00,01,B0,00,0001,00,00,00,00,00,00,00,00,00,00,0E,02,00,00,00,00,00,0000,00,00,0000,00,00,00,00,0008,0008,00,00,00,0008,0008,08,01,00,00,B9,B0
1337,00,01,00,00,01,B0,00,0001,00,00,00,00,00,00,00,00,00,00,0E,02,00,00,00,00,00,0000,00,00,0000,00,00,00,00,0008,0008,00,00,00,0008,0008,08,01,00,00,B9,B0
1338,00,01,00,00,01,B0,00,0001,00,00,00,00,00,00,00,00,00,00,0E,02,00,00,00,00,00,0000,00,00,0000,00,00,00,00,0008,0008,00,00,00,0008,0008,08,01,00,00,B9,B0
1339,00,01,00,00,01,B0,00,0001,00,00,00,00,00,00,00,00,00,00,0E,02,00,00,00,00,00,0000,00,00,0000,00,00,00,00,0008,0008,00,00,00,0008,0008,08,01,00,00,B9,B0
1340,00,01,00,00,01,B0,00,0001,00,00,00,00,00,00,00,00,00,00,0E,02,00,00,00,00,00,0000,00,00,0000,00,00,00,00,0008,0008,00,00,00,0008,0008,08,01,00,00,B9,B0
1341,00,01,00,00,01,B0,00,0001,00,00,00,00,00,00,00,00,00,00,0E,02,00,00,00,00,00,0000,00,00,0000,00,00,00,00,0008,0008,00,00,00,0008,0008,08,01,00,00,B9,B0
1342,00,01,00,00,01,B0,00,0001,00,00,00,00,00,00,00,00,00,00,0E,02,00,00,00,00,00,0000,00,00,0000,00,00,00,00,0008,0008,00,00,00,0008,0008,08,01,00,00,B9,B0
1343,00,01,00,00,01,B0,00,0001,00,00,00,00,00,00,00,00,00,00,0E,02,00,00,00,00,00,0000,00,00,0000,00,00,00,00,0008,0008,00,00,00,0008,0008,08,01,00,00,B9,B0
1344,00,01,00,00,01,B0,00,0001,00,00,00,00,00,00,00,00,00,00,0E,02,00,00,00,00,00,0000,00,00,0000,00,00,00,00,0008,0008,00,00,00,0008,0008,08,01,00,00,B9,B0
1345,00,01,00,00,01,B0,00,0001,00,00,00,00,00,00,00,00,00,00,0E,02,00,00,00,00,00,0000,00,00,0000,00,00,00,00,0008,0008,00,00,00,0008,0008,08,01,00,00,B9,B0
1346,00,01,00,00,01,B0,00,0001,00,00,00,00,00,00,00,00,00,00,0E,02,00,00,00,00,00,0000,00,00,0000,00,00,00,00,0008,0008,00,00,00,0008,0008,08,01,00,00,B9,B0
1347,00,01,00,00,01,B0,00,0001,00,00,00,00,00,00,00,00,00,00,0E,02,00,00,00,00,00,0000,00,00,0000,00,00,00,00,0008,0008,00,00,00,0008,0008,08,01,00,00,B9,B0
1348,00,01,00,00,01,B0,00,0001,00,00,00,00,00,00,00,00,00,00,0E,02,00,00,00,00,00,0000,00,00,0000,00,00,00,00,0008,0008,00,00,00,0008,0008,08,01,00,00,B9,B0
1349,00,01,00,00,01,B0,00,0001,00,00,00,00,00,00,00,00,00,00,0E,02,00,00,00,00,00,0000,00,00,0000,00,00,00,00,0008,0008,00,00,00,0008,0008,08,01,00,00,B9,B0
1350,00,01,00,00,01,B0,00,0001,00,00,00,00,00,00,00,00,00,00,0E,02,00,00,00,00,00,0000,00,00,0000,00,00,00,00,0008,0008,00,00,00,0008,0008,08,01,00,00,B9,B0
1351,00,01,00,00,01,B0,00,0001,00,00,00,00,00,00,00,00,00,00,0E,02,00,00,00,00,00,0000,00,00,0000,00,00,00,00,0008,0008,00,00,00,0008,0008,08,01,00,00,B9,B0
1352,00,01,00,00,01,B0,00,0001,00,00,00,00,00,00,00,00,00,00,0E,02,00,00,00,00,00,0000,00,00,0000,00,00,00,00,0008,0008,00,00,00,0008,0008,08,01,00,00,B9,B0
1353,00,01,00,00,01,B0,00,0001,00,00,00,00,00,00,00,00,00,00,0E,02,00,00,00,00,00,0000,00,00,0000,00,00,00,00,0008,0008,00,00,00,0008,0008,08,01,00,00,B9,B0
1354,00,01,00,00,01,B0,00,0001,00,00,00,00,00,00,00,00,00,00,0E,02,00,00,00,00,00,0000,00,00,0000,00,00,00,00,0008,0008,00,00,00,0008,0008,08,01,00,00,B9,B0
1355,00,01,00,00,01,B0,00,0001,00,00,00,00,00,00,00,00,00,00,0E,02,00,00,00,00,00,0000,00,00,0000,00,00,00,00,0008,0008,00,00,00,0008,0008,08,01,00,00,B9,B0
1356,00,01,00,00,01,B0,00,0001,00,00,00,00,00,00,00,00,00,00,0E,02,00,00,00,00,00,0000,00,00,0000,00,00,00,00,0008,0008,00,00,00,0008,0008,08,01,00,00,B9,B0
1357,00,01,00,00,01,B0,00,0001,00,00,00,00,00,00,00,00,00,00,0E,02,00,00,00,00,00,0000,00,00,0000,00,00,00,00,0008,0008,00,00,00,0008,0008,08,01,00,00,B9,B0
1358,00,01,00,00,01,B0,00,0001,00,00,00,00,00,00,00,00,00,00,0E,02,00,00,00,00,00,0000,00,00,0000,00,00,00,00,0008,0008,00,00,00,0008,0008,08,01,00,00,B9,B0
1359,00,01,00,00,01,B0,00,0001,00,00,00,00,00,00,00,00,00,00,0E,02,00,00,00,00,00,0000,00,00,0000,00,00,00,00,0008,0008,00,00,00,0008,0008,08,01,00,00,B9,B0
1360,00,01,00,00,01,B0,00,0001,00,00,00,00,00,00,00,00,00,00,0E,02,00,00,00,00,00,0000,00,00,0000,00,00,00,00,0008,0008,00,00,00,0008,0008,08,01,00,00,B9,B0
1361,00,01,00,00,01,B0,00,0001,00,00,00,00,00,00,00,00,00,00,0E,02,00,00,00,00,00,0000,00,00,0000,00,00,00,00,0008,0008,00,00,00,0008,0008,08,01,00,00,B9,B0
1362,00,01,00,00,01,B0,00,0001,00,00,00,00,00,00,00,00,00,00,0E,02,00,00,00,00,00,0000,00,00,0000,00,00,00,00,0008,0008,00,00,00,0008,0008,08,01,00,00,B9,B0
1363,00,01,00,00,01,B0,00,0001,00,00,00,00,00,00,00,00,00,00,0E,02,00,00,00,00,00,0000,00,00,0000,00,00,00,00,0008,0008,00,00,00,0008,0008,08,01,00,00,B9,B0
1364,00,01,00,00,01,B0,00,0001,00,00,00,00,00,00,00,00,00,00,0E,02,00,00,00,00,00,0000,00,00,0000,00,00,00,00,0008,0008,00,00,00,0008,0008,08,01,00,00,B9,B0
1365,00,01,00,00,01,B0,00,0001,00,00,00,00,00,00,00,00,00,00,0E,02,00,00,00,00,00,0000,00,00,0000,00,00,00,00,0008,0008,00,00,00,0008,0008,08,01,00,00,B9,B0
1366,00,01,00,00,01,B0,00,0001,00,00,00,00,00,00,00,00,00,00,0E,02,00,00,00,00,00,0000,00,00,0000,00,00,00,00,0008,0008,00,00,00,0008,0008,08,01,00,00,B9,B0
1367,00,01,00,00,01,B0,00,0001,00,00,00,00,00,00,00,00,00,00,0E,02,00,00,00,00,00,0000,00,00,0000,00,00,00,00,0008,0008,00,00,00,0008,0008,08,01,00,00,B9,B0
1368,00,01,00,00,01,B0,00,0001,00,00,00,00,00,00,00,00,00,00,0E,02,00,00,00,00,00,0000,00,00,0000,00,00,00,00,0008,0008,00,00,00,0008,0008,08,01,00,00,B9,B0
1369,00,01,00,00,01,B0,00,0001,00,00,00,00,00,00,00,00,00,00,0E,02,00,00,00,00,00,0000,00,00,0000,00,00,00,00,0008,0008,00,00,00,0008,0008,08,01,00,00,B9,B0
1370,00,01,00,00,01,B0,00,0001,00,00,00,00,00,00,00,00,00,00,0E,02,00,00,00,00,00,0000,00,00,0000,00,00,00,00,0008,0008,00,00,00,0008,0008,08,01,00,00,B9,B0
1371,00,01,00,00,01,B0,00,0001,00,00,00,00,00,00,00,00,00,00,0E,02,00,00,00,00,00,0000,00,00,0000,00,00,00,00,0008,0008,00,00,00,0008,0008,08,01,00,00,B9,B0
1372,00,01,00,00,01,B0,00,0001,00,00,00,00,00,00,00,00,00,00,0E,02,00,00,00,00,00,0000,00,00,0000,00,00,00,00,0008,0008,00,00,00,0008,0008,08,01,00,00,B9,B0
1373,00,01,00,00,01,B0,00,0001,00,00,00,00,00,00,00,00,00,00,0E,02,00,00,00,00,00,0000,00,00,0000,00,00,00,00,0008,0008,00,00,00,0008,0008,08,01,00,00,B9,B0
1374,00,01,00,00,01,B0,00,0001,00,00,00,00,00,00,00,00,00,00,0E,02,00,00,00,00,00,0000,00,00,0000,00,00,00,00,0008,0008,00,00,00,0008,0008,08,01,00,00,B9,B0
1375,00,01,00,00,01,B0,00,0001,00,00,00,00,00,00,00,00,00,00,0E,02,00,00,00,00,00,0000,00,00,0000,00,00,00,00,0008,0008,00,00,00,0008,0008,08,01,00,00,B9,B0
1376,00,01,00,00,01,B0,00,0001,00,00,00,00,00,00,00,00,00,00,0E,02,00,00,00,00,00,0000,00,00,0000,00,00,00,00,0008,0008,00,00,00,0008,0008,08,01,00,00,B9,B0
1377,00,01,00,00,01,B0,00,0001,00,00,00,00,00,00,00,00,00,00,0E,02,00,00,00,00,00,0000,00,00,0000,00,00,00,00,0008,0008,00,00,00,0008,0008,08,01,00,00,B9,B0
1378,00,01,00,00,01,B0,00,0001,00,00,00,00,00,00,00,00,00,00,0E,02,00,00,00,00,00,0000,00,00,0000,00,00,00,00,0008,0008,00,00,00,0008,0008,08,01,00,00,B9,B0
1379,00,01,00,00,01,B0,00,0001,00,00,00,00,00,00,00,00,00,00,0E,02,00,00,00,00,00,0000,00,00,0000,00,00,00,00,0008,0008,00,00,00,0008,0008,08,01,00,00,B9,B0
1380,00,01,00,00,01,B0,00,0001,00,00,00,00,00,00,00,00,00,00,0E,02,00,00,00,00,00,0000,00,00,0000,00,00,00,00,0008,0008,00,00,00,0008,0008,08,01,00,00,B9,B0
1381,00,01,00,00,01,B0,00,0001,00,00,00,00,00,00,00,00,00,00,0E,02,00,00,00,00,00,0000,00,00,0000,00,00,00,00,0008,0008,00,00,00,0008,0008,08,01,00,00,B9,B0
1382,00,01,00,00,01,B0,00,0001,00,00,00,00,00,00,00,00,00,00,0E,02,00,00,00,00,00,0000,00,00,0000,00,00,00,00,0008,0008,00,00,00,0008,0008,08,01,00,00,B9,B0
1383,00,01,00,00,01,B0,00,0001,00,00,00,00,00,00,00,00,00,00,0E,02,00,00,00,00,00,0000,00,00,0000,00,00,00,00,0008,0008,00,00,00,0008,0008,08,01,00,00,B9,B0
1384,00,01,00,00,01,B0,00,0001,00,00,00,00,00,00,00,00,00,00,0E,02,00,00,00,00,00,0000,00,00,0000,00,00,00,00,0008,0008,00,00,00,0008,0008,08,01,00,00,B9,B0
1385,00,01,00,00,01,B0,00,0001,00,00,00,00,00,00,00,00,00,00,0E,02,00,00,00,00,00,0000,00,00,0000,00,00,00,00,0008,0008,00,00,00,0008,0008,08,01,00,00,B9,B0
1386,00,01,00,00,01,B0,00,0001,00,00,00,00,00,00,00,00,00,00,0E,02,00,00,00,00,00,0000,00,00,0000,00,00,00,00,0008,0008,00,00,00,0008,0008,08,01,00,00,B9,B0
1387,00,01,00,00,01,B0,00,0001,00,00,00,00,00,00,00,00,00,00,0E,02,00,00,00,00,00,0000,00,00,0000,00,00,00,00,0008,0008,00,00,00,0008,0008,08,01,00,00,B9,B0
1388,00,01,00,00,01,B0,00,0001,00,00,00,00,00,00,00,00,00,00,0E,02,00,00,00,00,00,0000,00,00,0000,00,00,00,00,0008,0008,00,00,00,0008,0008,08,01,00,00,B9,B0
1389,00,01,00,00,01,B0,00,0001,00,00,00,00,00,00,00,00,00,00,0E,02,00,00,00,00,00,0000,00,00,0000,00,00,00,00,0008,0008,00,00,00,0008,0008,08,01,00,00,B9,B0
1390,00,01,00,00,01,B0,00,0001,00,00,00,00,00,00,00,00,00,00,0E,02,00,00,00,00,00,0000,00,00,0000,00,00,00,00,0008,0008,00,00,00,0008,0008,08,01,00,00,B9,B0
1391,00,01,00,00,01,B0,00,0001,00,00,00,00,00,00,00,00,00,00,0E,02,00,00,00,00,00,0000,00,00,0000,00,00,00,00,0008,0008,00,00,00,0008,0008,08,01,00,00,B9,B0
1392,00,01,00,00,01,B0,00,0001,00,00,00,00,00,00,00,00,00,00,0E,02,00,00,00,00,00,0000,00,00,0000,00,00,00,00,0008,0008,00,00,00,0008,0008,08,01,00,00,B9,B0
1393,00,01,00,00,01,B0,00,0001,00,00,00,00,00,00,00,00,00,00,0E,02,00,00,00,00,00,0000,00,00,0000,00,00,00,00,0008,0008,00,00,00,0008,0008,08,01,00,00,B9,B0
1394,00,01,00,00,01,B0,00,0001,00,00,00,00,00,00,00,00,00,00,0E,02,00,00,00,00,00,0000,00,00,0000,00,00,00,00,0008,0008,00,00,00,0008,0008,08,01,00,00,B9,B0
1395,00,01,00,00,01,B0,00,0001,00,00,00,00,00,00,00,00,00,00,0E,02,00,00,00,00,00,0000,00,00,0000,00,00,00,00,0008,0008,00,00,00,0008,0008,08,01,00,00,B9,B0
1396,00,01,00,00,01,B0,00,0001,00,00,00,00,00,00,00,00,00,00,0E,02,00,00,00,00,00,0000,00,00,0000,00,00,00,00,0008,0008,00,00,00,0008,0008,08,01,00,00,B9,B0
1397,00,01,00,00,01,B0,00,0001,00,00,00,00,00,00,00,00,00,00,0E,02,00,00,00,00,00,0000,00,00,0000,00,00,00,00,0008,0008,00,00,00,0008,0008,08,01,00,00,B9,B0
1398,00,01,00,00,01,B0,00,0001,00,00,00,00,00,00,00,00,00,00,0E,02,00,00,00,00,00,0000,00,00,0000,00,00,00,00,0008,0008,00,00,00,0008,0008,08,01,00,00,B9,B0
1399,00,01,00,00,01,B0,00,0001,00,00,00,00,00,00,00,00,00,00,0E,02,00,00,00,00,00,0000,00,00,0000,00,00,00,00,0008,0008,00,00,00,0008,0008,08,01,00,00,B9,B0
1400,00,01,00,00,01,B0,00,0001,00,00,00,00,00,00,00,00,00,00,0E,02,00,00,00,00,00,0000,00,00,0000,00,00,00,00,0008,0008,00,00,00,0008,0008,08,01,00,00,B9,B0
1401,00,01,00,00,01,B0,00,0001,00,00,00,00,00,00,00,00,00,00,0E,02,00,00,00,00,00,0000,00,00,0000,00,00,00,00,0008,0008,00,00,00,0008,0008,08,01,00,00,B9,B0
1402,00,01,00,00,01,B0,00,0001,00,00,00,00,00,00,00,00,00,00,0E,02,00,00,00,00,00,0000,00,00,0000,00,00,00,00,0008,0008,00,00,00,0008,0008,08,01,00,00,B9,B0
1403,00,01,00,00,01,B0,00,0001,00,00,00,00,00,00,00,00,00,00,0E,02,00,00,00,00,00,0000,00,00,0000,00,00,00,00,0008,0008,00,00,00,0008,0008,08,01,00,00,B9,B0
1404,00,01,00,00,01,B0,00,0001,00,00,00,00,00,00,00,00,00,00,0E,02,00,00,00,00,00,0000,00,00,0000,00,00,00,00,0008,0008,00,00,00,0008,0008,08,01,00,00,B9,B0
1405,00,01,00,00,01,B0,00,0001,00,00,00,00,00,00,00,00,00,00,0E,02,00,00,00,00,00,0000,00,00,0000,00,00,00,00,0008,0008,00,00,00,0008,0008,08,01,00,00,B9,B0
1406,00,01,00,00,01,B0,00,0001,00,00,00,00,00,00,00,00,00,00,0E,02,00,00,00,00,00,0000,00,00,0000,00,00,00,00,0008,0008,00,00,00,0008,0008,08,01,00,00,B9,B0
1407,00,01,00,00,01,B0,00,0001,00,00,00,00,00,00,00,00,00,00,0E,02,00,00,00,00,00,0000,00,00,0000,00,00,00,00,0008,0008,00,00,00,0008,0008,08,01,00,00,B9,B0
1408,00,01,00,00,01,B0,00,0001,00,00,00,00,00,00,00,00,00,00,0E,02,00,00,00,00,00,0000,00,00,0000,00,00,00,00,0008,0008,00,00,00,0008,0008,08,01,00,00,B9,B0
1409,00,01,00,00,01,B0,00,0001,00,00,00,00,00,00,00,00,00,00,0E,02,00,00,00,00,00,0000,00,00,0000,00,00,00,00,0008,0008,00,00,00,0008,0008,08,01,00,00,B9,B0
1410,00,01,00,00,01,B0,00,0001,00,00,00,00,00,00,00,00,00,00,0E,02,00,00,00,00,00,0000,00,00,0000,00,00,00,00,0008,0008,00,00,00,0008,0008,08,01,00,00,B9,B0
1411,00,01,00,00,01,B0,00,0001,00,00,00,00,00,00,00,00,00,00,0E,02,00,00,00,00,00,0000,00,00,0000,00,00,00,00,0008,0008,00,00,00,0008,0008,08,01,00,00,B9,B0
1412,00,01,00,00,01,B0,00,0001,00,00,00,00,00,00,00,00,00,00,0E,02,00,00,00,00,00,0000,00,00,0000,00,00,00,00,0008,0008,00,00,00,0008,0008,08,01,00,00,B9,B0
1413,00,01,00,00,01,B0,00,0001,00,00,00,00,00,00,00,00,00,00,0E,02,00,00,00,00,00,0000,00,00,0000,00,00,00,00,0008,0008,00,00,00,0008,0008,08,01,00,00,B9,B0
1414,00,01,00,00,01,B0,00,0001,00,00,00,00,00,00,00,00,00,00,0E,02,00,00,00,00,00,0000,00,00,0000,00,00,00,00,0008,0008,00,00,00,0008,0008,08,01,00,00,B9,B0
1415,00,01,00,00,01,B0,00,0001,00,00,00,00,00,00,00,00,00,00,0E,02,00,00,00,00,00,0000,00,00,0000,00,00,00,00,0008,0008,00,00,00,0008,0008,08,01,00,00,B9,B0
1416,00,01,00,00,01,B0,00,0001,00,00,00,00,00,00,00,00,00,00,0E,02,00,00,00,00,00,0000,00,00,0000,00,00,00,00,0008,0008,00,00,00,0008,0008,08,01,00,00,B9,B0
1417,00,01,00,00,01,B0,00,0001,00,00,00,00,00,00,00,00,00,00,0E,02,00,00,00,00,00,0000,00,00,0000,00,00,00,00,0008,0008,00,00,00,0008,0008,08,01,00,00,B9,B0
1418,00,01,00,00,01,B0,00,0001,00,00,00,00,00,00,00,00,00,00,0E,02,00,00,00,00,00,0000,00,00,0000,00,00,00,00,0008,0008,00,00,00,0008,0008,08,01,00,00,B9,B0
1419,00,01,00,00,01,B0,00,0001,00,00,00,00,00,00,00,00,00,00,0E,02,00,00,00,00,00,0000,00,00,0000,00,00,00,00,0008,0008,00,00,00,0008,0008,08,01,00,00,B9,B0
1420,00,01,00,00,01,B0,00,0001,00,00,00,00,00,00,00,00,00,00,0E,02,00,00,00,00,00,0000,00,00,0000,00,00,00,00,0008,0008,00,00,00,0008,0008,08,01,00,00,B9,B0
1421,00,01,00,00,01,B0,00,0001,00,00,00,00,00,00,00,00,00,00,0E,02,00,00,00,00,00,0000,00,00,0000,00,00,00,00,0008,0008,00,00,00,0008,0008,08,01,00,00,B9,B0
1422,00,01,00,00,01,B0,00,0001,00,00,00,00,00,00,00,00,00,00,0E,02,00,00,00,00,00,0000,00,00,0000,00,00,00,00,0008,0008,00,00,00,0008,0008,08,01,00,00,B9,B0
1423,00,01,00,00,01,B0,00,0001,00,00,00,00,00,00,00,00,00,00,0E,02,00,00,00,00,00,0000,00,00,0000,00,00,00,00,0008,0008,00,00,00,0008,0008,08,01,00,00,B9,B0
1424,00,01,00,00,01,B0,00,0001,00,00,00,00,00,00,00,00,00,00,0E,02,00,00,00,00,00,0000,00,00,0000,00,00,00,00,0008,0008,00,00,00,0008,0008,08,01,00,00,B9,B0
1425,00,01,00,00,01,B0,00,0001,00,00,00,00,00,00,00,00,00,00,0E,02,00,00,00,00,00,0000,00,00,0000,00,00,00,00,0008,0008,00,00,00,0008,0008,08,01,00,00,B9,B0
1426,00,01,00,00,01,B0,00,0001,00,00,00,00,00,00,00,00,00,00,0E,02,00,00,00,00,00,0000,00,00,0000,00,00,00,00,0008,0008,00,00,00,0008,0008,08,01,00,00,B9,B0
1427,00,01,00,00,01,B0,00,0001,00,00,00,00,00,00,00,00,00,00,0E,02,00,00,00,00,00,0000,00,00,0000,00,00,00,00,0008,0008,00,00,00,0008,0008,08,01,00,00,B9,B0
1428,00,01,00,00,01,B0,00,0001,00,00,00,00,00,00,00,00,00,00,0E,02,00,00,00,00,00,0000,00,00,0000,00,00,00,00,0008,0008,00,00,00,0008,0008,08,01,00,00,B9,B0
1429,00,01,00,00,01,B0,00,0001,00,00,00,00,00,00,00,00,00,00,0E,02,00,00,00,00,00,0000,00,00,0000,00,00,00,00,0008,0008,00,00,00,0008,0008,08,01,00,00,B9,B0
1430,00,01,00,00,01,B0,00,0001,00,00,00,00,00,00,00,00,00,00,0E,02,00,00,00,00,00,0000,00,00,0000,00,00,00,00,0008,0008,00,00,00,0008,0008,08,01,00,00,B9,B0
1431,00,01,00,00,01,B0,00,0001,00,00,00,00,00,00,00,00,00,00,0E,02,00,00,00,00,00,0000,00,00,0000,00,00,00,00,0008,0008,00,00,00,0008,0008,08,01,00,00,B9,B0
1432,00,01,00,00,01,B0,00,0001,00,00,00,00,00,00,00,00,00,00,0E,02,00,00,00,00,00,0000,00,00,0000,00,00,00,00,0008,0008,00,00,00,0008,0008,08,01,00,00,B9,B0
1433,00,01,00,00,01,B0,00,0001,00,00,00,00,00,00,00,00,00,00,0E,02,00,00,00,00,00,0000,00,00,0000,00,00,00,00,0008,0008,00,00,00,0008,0008,08,01,00,00,B9,B0
1434,00,01,00,00,01,B0,00,0001,00,00,00,00,00,00,00,00,00,00,0E,02,00,00,00,00,00,0000,00,00,0000,00,00,00,00,0008,0008,00,00,00,0008,0008,08,01,00,00,B9,B0
1435,00,01,00,00,01,B0,00,0001,00,00,00,00,00,00,00,00,00,00,0E,02,00,00,00,00,00,0000,00,00,0000,00,00,00,00,0008,0008,00,00,00,0008,0008,08,01,00,00,B9,B0
1436,00,01,00,00,01,B0,00,0001,00,00,00,00,00,00,00,00,00,00,0E,02,00,00,00,00,00,0000,00,00,0000,00,00,00,00,0008,0008,00,00,00,0008,0008,08,01,00,00,B9,B0
1437,00,01,00,00,01,B0,00,0001,00,00,00,00,00,00,00,00,00,00,0E,02,00,00,00,00,00,0000,00,00,0000,00,00,00,00,0008,0008,00,00,00,0008,0008,08,01,00,00,B9,B0
1438,00,01,00,00,01,B0,00,0001,00,00,00,00,00,00,00,00,00,00,0E,02,00,00,00,00,00,0000,00,00,0000,00,00,00,00,0008,0008,00,00,00,0008,0008,08,01,00,00,B9,B0
1439,00,01,00,00,01,B0,00,0001,00,00,00,00,00,00,00,00,00,00,0E,02,00,00,00,00,00,0000,00,00,0000,00,00,00,00,0008,0008,00,00,00,0008,0008,08,01,00,00,B9,B0
1440,00,01,00,00,01,B0,00,0001,00,00,00,00,00,00,00,00,00,00,0E,02,00,00,00,00,00,0000,00,00,0000,00,00,00,00,0008,0008,00,00,00,0008,0008,08,01,00,00,B9,B0
1441,00,01,00,00,01,B0,00,0001,00,00,00,00,00,00,00,00,00,00,0E,02,00,00,00,00,00,0000,00,00,0000,00,00,00,00,0008,0008,00,00,00,0008,0008,08,01,00,00,B9,B0
1442,00,01,00,00,01,B0,00,0001,00,00,00,00,00,00,00,00,00,00,0E,02,00,00,00,00,00,0000,00,00,0000,00,00,00,00,0008,0008,00,00,00,0008,0008,08,01,00,00,B9,B0
1443,00,01,00,00,01,B0,00,0001,00,00,00,00,00,00,00,00,00,00,0E,02,00,00,00,00,00,0000,00,00,0000,00,00,00,00,0008,0008,00,00,00,0008,0008,08,01,00,00,B9,B0
1444,00,01,00,00,01,B0,00,0001,00,00,00,00,00,00,00,00,00,00,0E,02,00,00,00,00,00,0000,00,00,0000,00,00,00,00,0008,0008,00,00,00,0008,0008,08,01,00,00,B9,B0
1445,00,01,00,00,01,B0,00,0001,00,00,00,00,00,00,00,00,00,00,0E,02,00,00,00,00,00,0000,00,00,0000,00,00,00,00,0008,0008,00,00,00,0008,0008,08,01,00,00,B9,B0
1446,00,01,00,00,01,B0,00,0001,00,00,00,00,00,00,00,00,00,00,0E,02,00,00,00,00,00,0000,00,00,0000,00,00,00,00,0008,0008,00,00,00,0008,0008,08,01,00,00,B9,B0
1447,00,01,00,00,01,B0,00,0001,00,00,00,00,00,00,00,00,00,00,0E,02,00,00,00,00,00,0000,00,00,0000,00,00,00,00,0008,0008,00,00,00,0008,0008,08,01,00,00,B9,B0
1448,00,01,00,00,01,B0,00,0001,00,00,00,00,00,00,00,00,00,00,0E,02,00,00,00,00,00,0000,00,00,0000,00,00,00,00,0008,0008,00,00,00,0008,0008,08,01,00,00,B9,B0
1449,00,01,00,00,01,B0,00,0001,00,00,00,00,00,00,00,00,00,00,0E,02,00,00,00,00,00,0000,00,00,0000,00,00,00,00,0008,0008,00,00,00,0008,0008,08,01,00,00,B9,B0
1450,00,01,00,00,01,B0,00,0001,00,00,00,00,00,00,00,00,00,00,0E,02,00,00,00,00,00,0000,00,00,0000,00,00,00,00,0008,0008,00,00,00,0008,0008,08,01,00,00,B9,B0
1451,00,01,00,00,01,B0,00,0001,00,00,00,00,00,00,00,00,00,00,0E,02,00,00,00,00,00,0000,00,00,0000,00,00,00,00,0008,0008,00,00,00,0008,0008,08,01,00,00,B9,B0
1452,00,01,00,00,01,B0,00,0001,00,00,00,00,00,00,00,00,00,00,0E,02,00,00,00,00,00,0000,00,00,0000,00,00,00,00,0008,0008,00,00,00,0008,0008,08,01,00,00,B9,B0
1453,00,01,00,00,01,B0,00,0001,00,00,00,00,00,00,00,00,00,00,0E,02,00,00,00,00,00,0000,00,00,0000,00,00,00,00,0008,0008,00,00,00,0008,0008,08,01,00,00,B9,B0
1454,00,01,00,00,01,B0,00,0001,00,00,00,00,00,00,00,00,00,00,0E,02,00,00,00,00,00,0000,00,00,0000,00,00,00,00,0008,0008,00,00,00,0008,0008,08,01,00,00,B9,B0
1455,00,01,00,00,01,B0,00,0001,00,00,00,00,00,00,00,00,00,00,0E,02,00,00,00,00,00,0000,00,00,0000,00,00,00,00,0008,0008,00,00,00,0008,0008,08,01,00,00,B9,B0
1456,00,01,00,00,01,B0,00,0001,00,00,00,00,00,00,00,00,00,00,0E,02,00,00,00,00,00,0000,00,00,0000,00,00,00,00,0008,0008,00,00,00,0008,0008,08,01,00,00,B9,B0
1457,00,01,00,00,01,B0,00,0001,00,00,00,00,00,00,00,00,00,00,0E,02,00,00,00,00,00,0000,00,00,0000,00,00,00,00,0008,0008,00,00,00,0008,0008,08,01,00,00,B9,B0
1458,00,01,00,00,01,B0,00,0001,00,00,00,00,00,00,00,00,00,00,0E,02,00,00,00,00,00,0000,00,00,0000,00,00,00,00,0008,0008,00,00,00,0008,0008,08,01,00,00,B9,B0
1459,00,01,00,00,01,B0,00,0001,00,00,00,00,00,00,00,00,00,00,0E,02,00,00,00,00,00,0000,00,00,0000,00,00,00,00,0008,0008,00,00,00,0008,0008,08,01,00,00,B9,B0
1460,00,01,00,00,01,B0,00,0001,00,00,00,00,00,00,00,00,00,00,0E,02,00,00,00,00,00,0000,00,00,0000,00,00,00,00,0008,0008,00,00,00,0008,0008,08,01,00,00,B9,B0
1461,00,01,00,00,01,B0,00,0001,00,00,00,00,00,00,00,00,00,00,0E,02,00,00,00,00,00,0000,00,00,0000,00,00,00,00,0008,0008,00,00,00,0008,0008,08,01,00,00,B9,B0
1462,00,01,00,00,01,B0,00,0001,00,00,00,00,00,00,00,00,00,00,0E,02,00,00,00,00,00,0000,00,00,0000,00,00,00,00,0008,0008,00,00,00,0008,0008,08,01,00,00,B9,B0
1463,00,01,00,00,01,B0,00,0001,00,00,00,00,00,00,00,00,00,00,0E,02,00,00,00,00,00,0000,00,00,0000,00,00,00,00,0008,0008,00,00,00,0008,0008,08,01,00,00,B9,B0
1464,00,01,00,00,01,B0,00,0001,00,00,00,00,00,00,00,00,00,00,0E,02,00,00,00,00,00,0000,00,00,0000,00,00,00,00,0008,0008,00,00,00,0008,0008,08,01,00,00,B9,B0
1465,00,01,00,00,01,B0,00,0001,00,00,00,00,00,00,00,00,00,00,0E,02,00,00,00,00,00,0000,00,00,0000,00,00,00,00,0008,0008,00,00,00,0008,0008,08,01,00,00,B9,B0
1466,00,01,00,00,01,B0,00,0001,00,00,00,00,00,00,00,00,00,00,0E,02,00,00,00,00,00,0000,00,00,0000,00,00,00,00,0008,0008,00,00,00,0008,0008,08,01,00,00,B9,B0
1467,00,01,00,00,01,B0,00,0001,00,00,00,00,00,00,00,00,00,00,0E,02,00,00,00,00,00,0000,00,00,0000,00,00,00,00,0008,0008,00,00,00,0008,0008,08,01,00,00,B9,B0
1468,00,01,00,00,01,B0,00,0001,00,00,00,00,00,00,00,00,00,00,0E,02,00,00,00,00,00,0000,00,00,0000,00,00,00,00,0008,0008,00,00,00,0008,0008,08,01,00,00,B9,B0
1469,00,01,00,00,01,B0,00,0001,00,00,00,00,00,00,00,00,00,00,0E,02,00,00,00,00,00,0000,00,00,0000,00,00,00,00,0008,0008,00,00,00,0008,0008,08,01,00,00,B9,B0
1470,00,01,00,00,01,B0,00,0001,00,00,00,00,00,00,00,00,00,00,0E,02,00,00,00,00,00,0000,00,00,0000,00,00,00,00,0008,0008,00,00,00,0008,0008,08,01,00,00,B9,B0
1471,00,01,00,00,01,B0,00,0001,00,00,00,00,00,00,00,00,00,00,0E,02,00,00,00,00,00,0000,00,00,0000,00,00,00,00,0008,0008,00,00,00,0008,0008,08,01,00,00,B9,B0
1472,00,01,00,00,01,B0,00,0001,00,00,00,00,00,00,00,00,00,00,0E,02,00,00,00,00,00,0000,00,00,0000,00,00,00,00,0008,0008,00,00,00,0008,0008,08,01,00,00,B9,B0
1473,00,01,00,00,01,B0,00,0001,00,00,00,00,00,00,00,00,00,00,0E,02,00,00,00,00,00,0000,00,00,0000,00,00,00,00,0008,0008,00,00,00,0008,0008,08,01,00,00,B9,B0
1474,00,01,00,00,01,B0,00,0001,00,00,00,00,00,00,00,00,00,00,0E,02,00,00,00,00,00,0000,00,00,0000,00,00,00,00,0008,0008,00,00,00,0008,0008,08,01,00,00,B9,B0
1475,00,01,00,00,01,B0,00,0001,00,00,00,00,00,00,00,00,00,00,0E,02,00,00,00,00,00,0000,00,00,0000,00,00,00,00,0008,0008,00,00,00,0008,0008,08,01,00,00,B9,B0
1476,00,01,00,00,01,B0,00,0001,00,00,00,00,00,00,00,00,00,00,0E,02,00,00,00,00,00,0000,00,00,0000,00,00,00,00,0008,0008,00,00,00,0008,0008,08,01,00,00,B9,B0
1477,00,01,00,00,01,B0,00,0001,00,00,00,00,00,00,00,00,00,00,0E,02,00,00,00,00,00,0000,00,00,0000,00,00,00,00,0008,0008,00,00,00,0008,0008,08,01,00,00,B9,B0
1478,00,01,00,00,01,B0,00,0001,00,00,00,00,00,00,00,00,00,00,0E,02,00,00,00,00,00,0000,00,00,0000,00,00,00,00,0008,0008,00,00,00,0008,0008,08,01,00,00,B9,B0
1479,00,01,00,00,01,B0,00,0001,00,00,00,00,00,00,00,00,00,00,0E,02,00,00,00,00,00,0000,00,00,0000,00,00,00,00,0008,0008,00,00,00,0008,0008,08,01,00,00,B9,B0
1480,00,01,00,00,01,B0,00,0001,00,00,00,00,00,00,00,00,00,00,0E,02,00,00,00,00,00,0000,00,00,0000,00,00,00,00,0008,0008,00,00,00,0008,0008,08,01,00,00,B9,B0
1481,00,01,00,00,01,B0,00,0001,00,00,00,00,00,00,00,00,00,00,0E,02,00,00,00,00,00,0000,00,00,0000,00,00,00,00,0008,0008,00,00,00,0008,0008,08,01,00,00,B9,B0
1482,00,01,00,00,01,B0,00,0001,00,00,00,00,00,00,00,00,00,00,0E,02,00,00,00,00,00,0000,00,00,0000,00,00,00,00,0008,0008,00,00,00,0008,0008,08,01,00,00,B9,B0
1483,00,01,00,00,01,B0,00,0001,00,00,00,00,00,00,00,00,00,00,0E,02,00,00,00,00,00,0000,00,00,0000,00,00,00,00,0008,0008,00,00,00,0008,0008,08,01,00,00,B9,B0
1484,00,01,00,00,01,B0,00,0001,00,00,00,00,00,00,00,00,00,00,0E,02,00,00,00,00,00,0000,00,00,0000,00,00,00,00,0008,0008,00,00,00,0008,0008,08,01,00,00,B9,B0
1485,00,01,00,00,01,B0,00,0001,00,00,00,00,00,00,00,00,00,00,0E,02,00,00,00,00,00,0000,00,00,0000,00,00,00,00,0008,0008,00,00,00,0008,0008,08,01,00,00,B9,B0
1486,00,01,00,00,01,B0,00,0001,00,00,00,00,00,00,00,00,00,00,0E,02,00,00,00,00,00,0000,00,00,0000,00,00,00,00,0008,0008,00,00,00,0008,0008,08,01,00,00,B9,B0
1487,00,01,00,00,01,B0,00,0001,00,00,00,00,00,00,00,00,00,00,0E,02,00,00,00,00,00,0000,00,00,0000,00,00,00,00,0008,0008,00,00,00,0008,0008,08,01,00,00,B9,B0
1488,00,01,00,00,01,B0,00,0001,00,00,00,00,00,00,00,00,00,00,0E,02,00,00,00,00,00,0000,00,00,0000,00,00,00,00,0008,0008,00,00,00,0008,0008,08,01,00,00,B9,B0
1489,00,01,00,00,01,B0,00,0001,00,00,00,00,00,00,00,00,00,00,0E,02,00,00,00,00,00,0000,00,00,0000,00,00,00,00,0008,0008,00,00,00,0008,0008,08,01,00,00,B9,B0
1490,00,01,00,00,01,B0,00,0001,00,00,00,00,00,00,00,00,00,00,0E,02,00,00,00,00,00,0000,00,00,0000,00,00,00,00,0008,0008,00,00,00,0008,0008,08,01,00,00,B9,B0
1491,00,01,00,00,01,B0,00,0001,00,00,00,00,00,00,00,00,00,00,0E,02,00,00,00,00,00,0000,00,00,0000,00,00,00,00,0008,0008,00,00,00,0008,0008,08,01,00,00,B9,B0
1492,00,01,00,00,01,B0,00,0001,00,00,00,00,00,00,00,00,00,00,0E,02,00,00,00,00,00,0000,00,00,0000,00,00,00,00,0008,0008,00,00,00,0008,0008,08,01,00,00,B9,B0
1493,00,01,00,00,01,B0,00,0001,00,00,00,00,00,00,00,00,00,00,0E,02,00,00,00,00,00,0000,00,00,0000,00,00,00,00,0008,0008,00,00,00,0008,0008,08,01,00,00,B9,B0
1494,00,01,00,00,01,B0,00,0001,00,00,00,00,00,00,00,00,00,00,0E,02,00,00,00,00,00,0000,00,00,0000,00,00,00,00,0008,0008,00,00,00,0008,0008,08,01,00,00,B9,B0
1495,00,01,00,00,01,B0,00,0001,00,00,00,00,00,00,00,00,00,00,0E,02,00,00,00,00,00,0000,00,00,0000,00,00,00,00,0008,0008,00,00,00,0008,0008,08,01,00,00,B9,B0
1496,00,01,00,00,01,B0,00,0001,00,00,00,00,00,00,00,00,00,00,0E,02,00,00,00,00,00,0000,00,00,0000,00,00,00,00,0008,0008,00,00,00,0008,0008,08,01,00,00,B9,B0
1497,00,01,00,00,01,B0,00,0001,00,00,00,00,00,00,00,00,00,00,0E,02,00,00,00,00,00,0000,00,00,0000,00,00,00,00,0008,0008,00,00,00,0008,0008,08,01,00,00,B9,B0
1498,00,01,00,00,01,B0,00,0001,00,00,00,00,00,00,00,00,00,00,0E,02,00,00,00,00,00,0000,00,00,0000,00,00,00,00,0008,0008,00,00,00,0008,0008,08,01,00,00,B9,B0
1499,00,01,00,00,01,B0,00,0001,00,00,00,00,00,00,00,00,00,00,0E,02,00,00,00,00,00,0000,00,00,0000,00,00,00,00,0008,0008,00,00,00,0008,0008,08,01,00,00,B9,B0
1500,00,01,00,00,01,B0,00,0001,00,00,00,00,00,00,00,00,00,00,0E,02,00,00,00,00,00,0000,00,00,0000,00,00,00,00,0008,0008,00,00,00,0008,0008,08,01,00,00,B9,B0
