/* Auto-generated by RoomRom/tools/gen_bg_sparse.py. Do not edit. */
#include "bg_sparse_chr.h"

const unsigned char bg_sparse_chr_orig_ow[9280] __attribute__((aligned(4))) = {
    0x00, 0x01, 0x11, 0x00, 0x00, 0x03, 0x02, 0x00, 0x00, 0x03, 0x22, 0x00, 0x00, 0x03, 0x02, 0x00,
    0x00, 0x03, 0x22, 0x00, 0x00, 0x03, 0x02, 0x00, 0x00, 0x03, 0x22, 0x00, 0x00, 0x03, 0x02, 0x00,
    0x00, 0x09, 0x99, 0x00, 0x00, 0x0B, 0x0A, 0x00, 0x00, 0x0B, 0xAA, 0x00, 0x00, 0x0B, 0x0A, 0x00,
    0x00, 0x0B, 0xAA, 0x00, 0x00, 0x0B, 0x0A, 0x00, 0x00, 0x0B, 0xAA, 0x00, 0x00, 0x0B, 0x0A, 0x00,
    0x00, 0x0D, 0xDD, 0x00, 0x00, 0x0F, 0x0E, 0x00, 0x00, 0x0F, 0xEE, 0x00, 0x00, 0x0F, 0x0E, 0x00,
    0x00, 0x0F, 0xEE, 0x00, 0x00, 0x0F, 0x0E, 0x00, 0x00, 0x0F, 0xEE, 0x00, 0x00, 0x0F, 0x0E, 0x00,
    0x00, 0x00, 0x10, 0x00, 0x00, 0x11, 0x11, 0x00, 0x01, 0x11, 0x21, 0x00, 0x01, 0x12, 0x11, 0x10,
    0x00, 0x12, 0x21, 0x00, 0x00, 0x00, 0x00, 0x00, 0x00, 0x33, 0x33, 0x00, 0x00, 0x33, 0x33, 0x00,
    0x00, 0x00, 0x90, 0x00, 0x00, 0x99, 0x99, 0x00, 0x09, 0x99, 0xA9, 0x00, 0x09, 0x9A, 0x99, 0x90,
    0x00, 0x9A, 0xA9, 0x00, 0x00, 0x00, 0x00, 0x00, 0x00, 0xBB, 0xBB, 0x00, 0x00, 0xBB, 0xBB, 0x00,
    0x00, 0x00, 0xD0, 0x00, 0x00, 0xDD, 0xDD, 0x00, 0x0D, 0xDD, 0xED, 0x00, 0x0D, 0xDE, 0xDD, 0xD0,
    0x00, 0xDE, 0xED, 0x00, 0x00, 0x00, 0x00, 0x00, 0x00, 0xFF, 0xFF, 0x00, 0x00, 0xFF, 0xFF, 0x00,
    0x00, 0x00, 0x09, 0x99, 0x00, 0x00, 0x99, 0x99, 0x00, 0xA0, 0x9B, 0xBB, 0x00, 0xA0, 0xBB, 0xBB,
    0x00, 0xAA, 0xBA, 0x9A, 0x00, 0xAA, 0xBA, 0xBA, 0x00, 0x0A, 0xAA, 0xAA, 0x00, 0x09, 0x9A, 0xAB,
    0x0B, 0xBB, 0xBB, 0xAA, 0xBB, 0xAB, 0xBB, 0xB9, 0xBA, 0xAA, 0xBB, 0xAB, 0xBB, 0xAB, 0xBB, 0xA9,
    0xBB, 0xAB, 0xBB, 0xAB, 0xBB, 0xBB, 0xBB, 0xA9, 0x0A, 0xAA, 0xAA, 0xB0, 0x00, 0x00, 0xBB, 0xB0,
    0x00, 0x00, 0x09, 0x99, 0x00, 0x00, 0x99, 0x99, 0x00, 0xA0, 0x9B, 0xBB, 0x00, 0xA0, 0xBB, 0xBB,
    0x00, 0xAA, 0xBA, 0x9A, 0x00, 0xAA, 0xBA, 0xBA, 0x00, 0x0A, 0xAA, 0xAA, 0x00, 0x00, 0x9A, 0xAB,
    0x00, 0xBB, 0xBB, 0xBA, 0x0B, 0xBA, 0xBB, 0xBB, 0x0B, 0xAA, 0xAB, 0xBA, 0x0B, 0xBA, 0xBB, 0xBA,
    0x0B, 0xBA, 0xBB, 0xBA, 0x0B, 0xBB, 0xBB, 0xBA, 0x00, 0xAA, 0xAA, 0xA0, 0x00, 0x00, 0x00, 0x00,
    0x00, 0x00, 0x00, 0x00, 0x00, 0x0A, 0x09, 0x00, 0x00, 0x90, 0x90, 0x09, 0x00, 0x90, 0x90, 0x99,
    0x00, 0x00, 0x99, 0x99, 0x0A, 0x90, 0x99, 0xA9, 0x09, 0x99, 0x9A, 0x99, 0x09, 0x99, 0x9A, 0x9A,
    0x09, 0x99, 0xAA, 0x9A, 0x90, 0x9A, 0xAA, 0xAA, 0x99, 0x9A, 0x9A, 0xAB, 0x99, 0x9A, 0xAB, 0xAB,
    0x09, 0x99, 0xAA, 0xBB, 0x09, 0x99, 0xAA, 0xBB, 0x00, 0x99, 0x99, 0xAA, 0x00, 0x00, 0x09, 0x99,
    0x00, 0x00, 0x00, 0x00, 0x00, 0x00, 0x00, 0x00, 0x00, 0x06, 0x76, 0x00, 0x00, 0x75, 0x55, 0x70,
    0x06, 0x55, 0x55, 0x56, 0x07, 0x55, 0x55, 0x55, 0x06, 0x55, 0x55, 0x55, 0x07, 0x55, 0x55, 0x55,
    0x00, 0x00, 0x00, 0x00, 0x00, 0x00, 0x00, 0x00, 0x00, 0x0A, 0xBA, 0x00, 0x00, 0xB9, 0x99, 0xB0,
    0x0A, 0x99, 0x99, 0x9A, 0x0B, 0x99, 0x99, 0x99, 0x0A, 0x99, 0x99, 0x99, 0x0B, 0x99, 0x99, 0x99,
    0x00, 0x00, 0x00, 0x00, 0x00, 0x00, 0x00, 0x00, 0x00, 0x0E, 0xFE, 0x00, 0x00, 0xFD, 0xDD, 0xF0,
    0x0E, 0xDD, 0xDD, 0xDE, 0x0F, 0xDD, 0xDD, 0xDD, 0x0E, 0xDD, 0xDD, 0xDD, 0x0F, 0xDD, 0xDD, 0xDD,
    0x99, 0x99, 0x99, 0x99, 0x90, 0x00, 0x00, 0x00, 0x9A, 0xA0, 0x00, 0x00, 0x9A, 0xA9, 0x00, 0x00,
    0x9A, 0xA9, 0xAA, 0xA0, 0x9A, 0xA9, 0xAA, 0xA9, 0x9A, 0xA9, 0xAA, 0xA9, 0x9A, 0xA9, 0xAA, 0xA9,
    0x9A, 0xA9, 0xAA, 0xA9, 0x9A, 0xA9, 0xAA, 0xA9, 0x9A, 0xA9, 0xAA, 0xA9, 0x9A, 0xA9, 0xAA, 0xA9,
    0x9A, 0xA9, 0xAA, 0xA9, 0x9A, 0xA9, 0xAA, 0xA9, 0x9A, 0xA9, 0xAA, 0xA9, 0x99, 0x99, 0x99, 0x99,
    0x99, 0x99, 0x99, 0x99, 0x00, 0x00, 0x00, 0x09, 0x00, 0x00, 0x00, 0x09, 0x00, 0x00, 0x00, 0x09,
    0x00, 0x00, 0x00, 0x09, 0x00, 0x00, 0x00, 0x09, 0xAA, 0xA0, 0x00, 0x09, 0xAA, 0xA9, 0x00, 0x09,
    0xAA, 0xA9, 0xAA, 0xA9, 0xAA, 0xA9, 0xAA, 0xA9, 0xAA, 0xA9, 0xAA, 0xA9, 0xAA, 0xA9, 0xAA, 0xA9,
    0xAA, 0xA9, 0xAA, 0xA9, 0xAA, 0xA9, 0xAA, 0xA9, 0xAA, 0xA9, 0xAA, 0xA9, 0x99, 0x99, 0x99, 0x99,
    0x20, 0x01, 0x11, 0x11, 0x20, 0x33, 0x33, 0x33, 0x20, 0x33, 0x33, 0x33, 0x20, 0x33, 0x33, 0x33,
    0x20, 0x01, 0x11, 0x11, 0x20, 0x33, 0x33, 0x33, 0x20, 0x33, 0x33, 0x33, 0x20, 0x33, 0x33, 0x33,
    0xA0, 0x09, 0x99, 0x99, 0xA0, 0xBB, 0xBB, 0xBB, 0xA0, 0xBB, 0xBB, 0xBB, 0xA0, 0xBB, 0xBB, 0xBB,
    0xA0, 0x09, 0x99, 0x99, 0xA0, 0xBB, 0xBB, 0xBB, 0xA0, 0xBB, 0xBB, 0xBB, 0xA0, 0xBB, 0xBB, 0xBB,
    0xE0, 0x0D, 0xDD, 0xDD, 0xE0, 0xFF, 0xFF, 0xFF, 0xE0, 0xFF, 0xFF, 0xFF, 0xE0, 0xFF, 0xFF, 0xFF,
    0xE0, 0x0D, 0xDD, 0xDD, 0xE0, 0xFF, 0xFF, 0xFF, 0xE0, 0xFF, 0xFF, 0xFF, 0xE0, 0xFF, 0xFF, 0xFF,
    0x11, 0x11, 0x11, 0x20, 0x33, 0x33, 0x33, 0x20, 0x33, 0x33, 0x33, 0x20, 0x33, 0x33, 0x33, 0x20,
    0x11, 0x11, 0x11, 0x20, 0x33, 0x33, 0x33, 0x20, 0x33, 0x33, 0x33, 0x20, 0x33, 0x33, 0x33, 0x20,
    0x99, 0x99, 0x99, 0xA0, 0xBB, 0xBB, 0xBB, 0xA0, 0xBB, 0xBB, 0xBB, 0xA0, 0xBB, 0xBB, 0xBB, 0xA0,
    0x99, 0x99, 0x99, 0xA0, 0xBB, 0xBB, 0xBB, 0xA0, 0xBB, 0xBB, 0xBB, 0xA0, 0xBB, 0xBB, 0xBB, 0xA0,
    0xDD, 0xDD, 0xDD, 0xE0, 0xFF, 0xFF, 0xFF, 0xE0, 0xFF, 0xFF, 0xFF, 0xE0, 0xFF, 0xFF, 0xFF, 0xE0,
    0xDD, 0xDD, 0xDD, 0xE0, 0xFF, 0xFF, 0xFF, 0xE0, 0xFF, 0xFF, 0xFF, 0xE0, 0xFF, 0xFF, 0xFF, 0xE0,
    0x99, 0x99, 0x99, 0x9B, 0x90, 0x99, 0x90, 0x90, 0x99, 0x99, 0x99, 0x90, 0x99, 0x99, 0x99, 0x90,
    0x99, 0x99, 0x99, 0x90, 0x99, 0x99, 0x99, 0x90, 0x99, 0x99, 0x99, 0x90, 0x99, 0x99, 0x99, 0x90,
    0xDD, 0xDD, 0xDD, 0xDF, 0xD0, 0xDD, 0xD0, 0xD0, 0xDD, 0xDD, 0xDD, 0xD0, 0xDD, 0xDD, 0xDD, 0xD0,
    0xDD, 0xDD, 0xDD, 0xD0, 0xDD, 0xDD, 0xDD, 0xD0, 0xDD, 0xDD, 0xDD, 0xD0, 0xDD, 0xDD, 0xDD, 0xD0,
    0x99, 0x99, 0x99, 0x90, 0x99, 0x99, 0x99, 0x90, 0x99, 0x99, 0x99, 0x90, 0x99, 0x99, 0x99, 0x90,
    0x99, 0x99, 0x99, 0x90, 0x90, 0x99, 0x90, 0x90, 0x99, 0x99, 0x99, 0x90, 0xB0, 0x00, 0x00, 0x00,
    0xDD, 0xDD, 0xDD, 0xD0, 0xDD, 0xDD, 0xDD, 0xD0, 0xDD, 0xDD, 0xDD, 0xD0, 0xDD, 0xDD, 0xDD, 0xD0,
    0xDD, 0xDD, 0xDD, 0xD0, 0xD0, 0xDD, 0xD0, 0xD0, 0xDD, 0xDD, 0xDD, 0xD0, 0xF0, 0x00, 0x00, 0x00,
    0xBB, 0xB9, 0xBB, 0xBB, 0xBB, 0xBB, 0xBB, 0xAA, 0xBB, 0xBB, 0xBA, 0xAA, 0xB9, 0xBA, 0xAA, 0xAA,
    0xBB, 0xB0, 0xAA, 0xAA, 0xBB, 0xB0, 0x0A, 0xAA, 0xBB, 0xB0, 0xAA, 0xAA, 0x9B, 0xBA, 0xAA, 0xAA,
    0xFF, 0xFD, 0xFF, 0xFF, 0xFF, 0xFF, 0xFF, 0xEE, 0xFF, 0xFF, 0xFE, 0xEE, 0xFD, 0xFE, 0xEE, 0xEE,
    0xFF, 0xF0, 0xEE, 0xEE, 0xFF, 0xF0, 0x0E, 0xEE, 0xFF, 0xF0, 0xEE, 0xEE, 0xDF, 0xFE, 0xEE, 0xEE,
    0xBA, 0xAA, 0xAA, 0xAA, 0xBA, 0xAA, 0xAA, 0xAA, 0xBA, 0xAA, 0xAA, 0xAA, 0xAA, 0xAA, 0xAA, 0xAA,
    0xAA, 0xAA, 0xAA, 0xAA, 0xAA, 0xAA, 0xAA, 0xAA, 0xAA, 0xAA, 0xAA, 0xAA, 0xAA, 0xAA, 0xAA, 0xAA,
    0xFE, 0xEE, 0xEE, 0xEE, 0xFE, 0xEE, 0xEE, 0xEE, 0xFE, 0xEE, 0xEE, 0xEE, 0xEE, 0xEE, 0xEE, 0xEE,
    0xEE, 0xEE, 0xEE, 0xEE, 0xEE, 0xEE, 0xEE, 0xEE, 0xEE, 0xEE, 0xEE, 0xEE, 0xEE, 0xEE, 0xEE, 0xEE,
    0xAA, 0xAA, 0xAA, 0xAA, 0xAA, 0xAA, 0xAA, 0xAA, 0xAA, 0xAA, 0xAA, 0xAA, 0xAA, 0xAA, 0xAA, 0xAA,
    0xAA, 0xAA, 0xAA, 0xAA, 0xAA, 0xAA, 0xAA, 0xAA, 0xAA, 0xAA, 0xAA, 0xAA, 0xAA, 0xAA, 0xAA, 0xAA,
    0xEE, 0xEE, 0xEE, 0xEE, 0xEE, 0xEE, 0xEE, 0xEE, 0xEE, 0xEE, 0xEE, 0xEE, 0xEE, 0xEE, 0xEE, 0xEE,
    0xEE, 0xEE, 0xEE, 0xEE, 0xEE, 0xEE, 0xEE, 0xEE, 0xEE, 0xEE, 0xEE, 0xEE, 0xEE, 0xEE, 0xEE, 0xEE,
    0xAA, 0xAA, 0xAA, 0xAA, 0xAA, 0xAA, 0xAA, 0xAA, 0xAA, 0xAA, 0xAA, 0xAA, 0xAA, 0xAA, 0xAA, 0xAA,
    0xAA, 0xAA, 0xAA, 0xAA, 0xAA, 0xAA, 0xAA, 0xAA, 0xAA, 0xAA, 0xAA, 0xAA, 0xAA, 0xAA, 0xAA, 0xAA,
    0xEE, 0xEE, 0xEE, 0xEE, 0xEE, 0xEE, 0xEE, 0xEE, 0xEE, 0xEE, 0xEE, 0xEE, 0xEE, 0xEE, 0xEE, 0xEE,
    0xEE, 0xEE, 0xEE, 0xEE, 0xEE, 0xEE, 0xEE, 0xEE, 0xEE, 0xEE, 0xEE, 0xEE, 0xEE, 0xEE, 0xEE, 0xEE,
    0xBB, 0xBB, 0xB9, 0xBB, 0xAB, 0xAA, 0xBB, 0xBB, 0xAA, 0xAA, 0xBB, 0xBB, 0xAA, 0xAA, 0xAA, 0xBB,
    0xAA, 0xAA, 0xAA, 0xB9, 0xAA, 0xAA, 0xAA, 0xBB, 0xAA, 0xAA, 0xAA, 0xBB, 0xAA, 0xAA, 0xAA, 0xAB,
    0xFF, 0xFF, 0xFD, 0xFF, 0xEF, 0xEE, 0xFF, 0xFF, 0xEE, 0xEE, 0xFF, 0xFF, 0xEE, 0xEE, 0xEE, 0xFF,
    0xEE, 0xEE, 0xEE, 0xFD, 0xEE, 0xEE, 0xEE, 0xFF, 0xEE, 0xEE, 0xEE, 0xFF, 0xEE, 0xEE, 0xEE, 0xEF,
    0xAA, 0xAA, 0xAA, 0x0B, 0xAA, 0xAA, 0xA0, 0x0B, 0xAA, 0xAA, 0xAA, 0xAA, 0xAA, 0xAA, 0xAA, 0xAA,
    0xAA, 0xAA, 0xAA, 0xAA, 0xAA, 0xAA, 0xAA, 0xAA, 0xAA, 0xAA, 0xAA, 0xAA, 0xAA, 0xAA, 0xAA, 0xAA,
    0xEE, 0xEE, 0xEE, 0x0F, 0xEE, 0xEE, 0xE0, 0x0F, 0xEE, 0xEE, 0xEE, 0xEE, 0xEE, 0xEE, 0xEE, 0xEE,
    0xEE, 0xEE, 0xEE, 0xEE, 0xEE, 0xEE, 0xEE, 0xEE, 0xEE, 0xEE, 0xEE, 0xEE, 0xEE, 0xEE, 0xEE, 0xEE,
    0xAA, 0xAA, 0xAA, 0xAA, 0xAA, 0xAA, 0xAA, 0xAA, 0xAA, 0xAA, 0xAA, 0xAA, 0xAA, 0xAA, 0xAA, 0xAA,
    0x0A, 0xAA, 0xAA, 0xAA, 0x0A, 0xAA, 0xAA, 0xAA, 0x0A, 0xAA, 0xAA, 0xAA, 0xB0, 0xAA, 0xAA, 0xAA,
    0xEE, 0xEE, 0xEE, 0xEE, 0xEE, 0xEE, 0xEE, 0xEE, 0xEE, 0xEE, 0xEE, 0xEE, 0xEE, 0xEE, 0xEE, 0xEE,
    0x0E, 0xEE, 0xEE, 0xEE, 0x0E, 0xEE, 0xEE, 0xEE, 0x0E, 0xEE, 0xEE, 0xEE, 0xF0, 0xEE, 0xEE, 0xEE,
    0xB0, 0xAA, 0xAA, 0xAA, 0xB0, 0xAA, 0xAA, 0xAA, 0xB0, 0xAA, 0xAA, 0xAA, 0x9B, 0x00, 0xAA, 0xAA,
    0xBB, 0xB0, 0xAA, 0xAA, 0xBB, 0xB0, 0x00, 0xAA, 0xB9, 0xB0, 0x00, 0x0A, 0xBB, 0xBB, 0xBB, 0x00,
    0xF0, 0xEE, 0xEE, 0xEE, 0xF0, 0xEE, 0xEE, 0xEE, 0xF0, 0xEE, 0xEE, 0xEE, 0xDF, 0x00, 0xEE, 0xEE,
    0xFF, 0xF0, 0xEE, 0xEE, 0xFF, 0xF0, 0x00, 0xEE, 0xFD, 0xF0, 0x00, 0x0E, 0xFF, 0xFF, 0xFF, 0x00,
    0xAA, 0xAA, 0xAA, 0xAA, 0xAA, 0xAA, 0xAA, 0xAA, 0xAA, 0xAA, 0xAA, 0xAA, 0xAA, 0xAA, 0xAA, 0xAA,
    0xAA, 0xAA, 0xAA, 0xAA, 0xAA, 0xAA, 0xAA, 0xAA, 0xAA, 0xAA, 0xAA, 0xAA, 0xAA, 0xAA, 0xAA, 0xAA,
    0xEE, 0xEE, 0xEE, 0xEE, 0xEE, 0xEE, 0xEE, 0xEE, 0xEE, 0xEE, 0xEE, 0xEE, 0xEE, 0xEE, 0xEE, 0xEE,
    0xEE, 0xEE, 0xEE, 0xEE, 0xEE, 0xEE, 0xEE, 0xEE, 0xEE, 0xEE, 0xEE, 0xEE, 0xEE, 0xEE, 0xEE, 0xEE,
    0xAA, 0xAA, 0xAA, 0xAA, 0xAA, 0xAA, 0xAA, 0xAA, 0xAA, 0xAA, 0xAA, 0xAA, 0xAA, 0xAA, 0xAA, 0xAA,
    0xAA, 0xAA, 0xAA, 0xAA, 0xAA, 0xAA, 0xAA, 0xAA, 0xAA, 0xAA, 0xAA, 0xAA, 0xAA, 0xAA, 0xAA, 0xAA,
    0xEE, 0xEE, 0xEE, 0xEE, 0xEE, 0xEE, 0xEE, 0xEE, 0xEE, 0xEE, 0xEE, 0xEE, 0xEE, 0xEE, 0xEE, 0xEE,
    0xEE, 0xEE, 0xEE, 0xEE, 0xEE, 0xEE, 0xEE, 0xEE, 0xEE, 0xEE, 0xEE, 0xEE, 0xEE, 0xEE, 0xEE, 0xEE,
    0xAA, 0xAA, 0xAA, 0xAA, 0xAA, 0xAA, 0xAA, 0xAA, 0xAA, 0xAA, 0xAA, 0xAA, 0xAA, 0xAA, 0xAA, 0xAA,
    0xAA, 0xAA, 0xAA, 0xAA, 0xAA, 0xAA, 0xAA, 0xAA, 0xAA, 0xAA, 0xAA, 0xA0, 0xAA, 0xAA, 0xAA, 0x0B,
    0xEE, 0xEE, 0xEE, 0xEE, 0xEE, 0xEE, 0xEE, 0xEE, 0xEE, 0xEE, 0xEE, 0xEE, 0xEE, 0xEE, 0xEE, 0xEE,
    0xEE, 0xEE, 0xEE, 0xEE, 0xEE, 0xEE, 0xEE, 0xEE, 0xEE, 0xEE, 0xEE, 0xE0, 0xEE, 0xEE, 0xEE, 0x0F,
    0xAA, 0xAA, 0xAA, 0xAB, 0xAA, 0xAA, 0xAA, 0x0B, 0xAA, 0xAA, 0xA0, 0xBB, 0xAA, 0xAA, 0xA0, 0xB9,
    0xAA, 0xAA, 0xA0, 0xBB, 0xAA, 0x00, 0x0B, 0xBB, 0xAA, 0xA0, 0x0B, 0xBB, 0x00, 0x0B, 0xBB, 0xB9,
    0xEE, 0xEE, 0xEE, 0xEF, 0xEE, 0xEE, 0xEE, 0x0F, 0xEE, 0xEE, 0xE0, 0xFF, 0xEE, 0xEE, 0xE0, 0xFD,
    0xEE, 0xEE, 0xE0, 0xFF, 0xEE, 0x00, 0x0F, 0xFF, 0xEE, 0xE0, 0x0F, 0xFF, 0x00, 0x0F, 0xFF, 0xFD,
    0xAA, 0xAA, 0xAA, 0xAA, 0xAA, 0xAA, 0xAA, 0xAA, 0xAA, 0x9A, 0xAA, 0xAA, 0xAA, 0xAA, 0xAA, 0x9A,
    0xAA, 0xAA, 0xAA, 0xAA, 0xA9, 0xAA, 0xAA, 0xAA, 0xAA, 0xAA, 0xAA, 0xAA, 0xAA, 0xAA, 0x9A, 0xAA,
    0xEE, 0xEE, 0xEE, 0xEE, 0xEE, 0xEE, 0xEE, 0xEE, 0xEE, 0xDE, 0xEE, 0xEE, 0xEE, 0xEE, 0xEE, 0xDE,
    0xEE, 0xEE, 0xEE, 0xEE, 0xED, 0xEE, 0xEE, 0xEE, 0xEE, 0xEE, 0xEE, 0xEE, 0xEE, 0xEE, 0xDE, 0xEE,
    0xAA, 0xAA, 0xAA, 0xAA, 0xAA, 0xAA, 0xAA, 0xA9, 0xAA, 0x9A, 0xAA, 0xAA, 0xAA, 0xAA, 0xAA, 0xAA,
    0xAA, 0xAA, 0xAA, 0xAA, 0x9A, 0xAA, 0xAA, 0x9A, 0xAA, 0xAA, 0xAA, 0xAA, 0xAA, 0xA9, 0xAA, 0xAA,
    0xEE, 0xEE, 0xEE, 0xEE, 0xEE, 0xEE, 0xEE, 0xED, 0xEE, 0xDE, 0xEE, 0xEE, 0xEE, 0xEE, 0xEE, 0xEE,
    0xEE, 0xEE, 0xEE, 0xEE, 0xDE, 0xEE, 0xEE, 0xDE, 0xEE, 0xEE, 0xEE, 0xEE, 0xEE, 0xED, 0xEE, 0xEE,
    0xAA, 0xAA, 0xAA, 0xA9, 0xAA, 0xAA, 0x9A, 0xAA, 0xAA, 0xAA, 0xAA, 0xAA, 0xAA, 0xAA, 0xAA, 0xAA,
    0xA9, 0xAA, 0xAA, 0xAA, 0xAA, 0xAA, 0xA9, 0xAA, 0xAA, 0xAA, 0xAA, 0xAA, 0xAA, 0xAA, 0xAA, 0xAA,
    0xEE, 0xEE, 0xEE, 0xED, 0xEE, 0xEE, 0xDE, 0xEE, 0xEE, 0xEE, 0xEE, 0xEE, 0xEE, 0xEE, 0xEE, 0xEE,
    0xED, 0xEE, 0xEE, 0xEE, 0xEE, 0xEE, 0xED, 0xEE, 0xEE, 0xEE, 0xEE, 0xEE, 0xEE, 0xEE, 0xEE, 0xEE,
    0xEE, 0xED, 0xEE, 0xEE, 0xEE, 0xEE, 0xEE, 0xEE, 0xEE, 0xEE, 0xEE, 0xEE, 0xEE, 0xEE, 0xEE, 0xDE,
    0xEE, 0xED, 0xEE, 0xEE, 0xEE, 0xEE, 0xEE, 0xEE, 0xEE, 0xEE, 0xEE, 0xEE, 0xED, 0xEE, 0xEE, 0xEE,
    0xFF, 0xFF, 0xFF, 0xFD, 0xFF, 0xFF, 0xFF, 0xFF, 0xDF, 0xFF, 0xFF, 0xFF, 0xFF, 0xFF, 0xFF, 0xFF,
    0xFF, 0xFF, 0xFF, 0xFF, 0xFF, 0xFF, 0xFF, 0xFF, 0xDF, 0xFD, 0xFE, 0xFF, 0xFF, 0xEF, 0xEE, 0xEE,
    0xFE, 0xFF, 0xFF, 0xFF, 0xFE, 0xFF, 0xF0, 0xFF, 0xEE, 0xFF, 0xE0, 0xFF, 0xDD, 0xFF, 0xEF, 0xEF,
    0xED, 0xEF, 0xDE, 0xEF, 0xED, 0xEE, 0xEE, 0xDE, 0xEE, 0xEF, 0xEE, 0xEE, 0xEF, 0xEF, 0xEE, 0xFE,
    0xFF, 0xEF, 0xFE, 0xFE, 0xFF, 0xFF, 0xFF, 0xFE, 0xFF, 0xF0, 0xFE, 0xFF, 0xFF, 0xF0, 0xFE, 0xFF,
    0xFF, 0xEF, 0xFE, 0xFF, 0xFF, 0xFF, 0xFF, 0xFF, 0xFF, 0xFF, 0xFF, 0xFF, 0xFF, 0xFF, 0xFF, 0xFF,
    0xDF, 0xF0, 0xFF, 0xFF, 0xDF, 0xF0, 0xFD, 0xFF, 0xDD, 0xFF, 0xFD, 0xFE, 0xDE, 0xFD, 0xFE, 0xEE,
    0xED, 0xFE, 0xFF, 0xED, 0xED, 0xEE, 0xFE, 0xED, 0xEF, 0xEE, 0xFF, 0xFE, 0xFF, 0xEF, 0xFE, 0xFE,
    0xF0, 0xF0, 0xFE, 0xFE, 0xF0, 0xFF, 0xFE, 0xFF, 0xF0, 0xFF, 0xFF, 0xFF, 0xFF, 0xFF, 0xFF, 0xFF,
    0xFF, 0xFF, 0xFF, 0xFF, 0xEF, 0xFF, 0xFF, 0xFE, 0xFF, 0xFF, 0xFF, 0xFF, 0xFF, 0xFF, 0xFF, 0xFF,
    0xAA, 0xAA, 0xAA, 0xAA, 0xAA, 0xAA, 0xAA, 0xA0, 0xAA, 0xAA, 0xA0, 0x00, 0xAA, 0xA0, 0x00, 0x0B,
    0xAA, 0xAA, 0x0B, 0xB9, 0xAA, 0xA0, 0x0B, 0xBB, 0xAA, 0x00, 0xBB, 0xBB, 0xAA, 0x0B, 0xBB, 0xBB,
    0xEE, 0xEE, 0xEE, 0xEE, 0xEE, 0xEE, 0xEE, 0xE0, 0xEE, 0xEE, 0xE0, 0x00, 0xEE, 0xE0, 0x00, 0x0F,
    0xEE, 0xEE, 0x0F, 0xFD, 0xEE, 0xE0, 0x0F, 0xFF, 0xEE, 0x00, 0xFF, 0xFF, 0xEE, 0x0F, 0xFF, 0xFF,
    0xAA, 0x0B, 0xB9, 0xBB, 0xA0, 0x0B, 0xBB, 0xBB, 0xA0, 0xBB, 0xBB, 0xBB, 0xAB, 0xB9, 0xBB, 0xBB,
    0xAB, 0xBB, 0xBB, 0xBB, 0xAB, 0xBB, 0xBB, 0x9B, 0xAB, 0x9B, 0xBB, 0xBB, 0xAB, 0xBB, 0xBB, 0xBB,
    0xEE, 0x0F, 0xFD, 0xFF, 0xE0, 0x0F, 0xFF, 0xFF, 0xE0, 0xFF, 0xFF, 0xFF, 0xEF, 0xFD, 0xFF, 0xFF,
    0xEF, 0xFF, 0xFF, 0xFF, 0xEF, 0xFF, 0xFF, 0xDF, 0xEF, 0xDF, 0xFF, 0xFF, 0xEF, 0xFF, 0xFF, 0xFF,
    0xA0, 0x0A, 0xA0, 0x00, 0x00, 0x00, 0x00, 0x00, 0x0B, 0xB0, 0x00, 0xBB, 0xBB, 0xBB, 0xBB, 0xB9,
    0xBB, 0xBB, 0xBB, 0xBB, 0xBB, 0xBB, 0x9B, 0xBB, 0xBB, 0xBB, 0xBB, 0xBB, 0xBB, 0xBB, 0xBB, 0xBB,
    0xE0, 0x0E, 0xE0, 0x00, 0x00, 0x00, 0x00, 0x00, 0x0F, 0xF0, 0x00, 0xFF, 0xFF, 0xFF, 0xFF, 0xFD,
    0xFF, 0xFF, 0xFF, 0xFF, 0xFF, 0xFF, 0xDF, 0xFF, 0xFF, 0xFF, 0xFF, 0xFF, 0xFF, 0xFF, 0xFF, 0xFF,
    0xBB, 0xBB, 0xBB, 0xBB, 0xBB, 0xBB, 0xBB, 0xBB, 0xBB, 0x9B, 0xBB, 0xBB, 0xBB, 0xBB, 0xBB, 0xBB,
    0xBB, 0xBB, 0xBB, 0xBB, 0xBB, 0xBB, 0xBB, 0xBB, 0x9B, 0xBB, 0xBB, 0xBB, 0xBB, 0xBB, 0xBB, 0xBB,
    0xFF, 0xFF, 0xFF, 0xFF, 0xFF, 0xFF, 0xFF, 0xFF, 0xFF, 0xDF, 0xFF, 0xFF, 0xFF, 0xFF, 0xFF, 0xFF,
    0xFF, 0xFF, 0xFF, 0xFF, 0xFF, 0xFF, 0xFF, 0xFF, 0xDF, 0xFF, 0xFF, 0xFF, 0xFF, 0xFF, 0xFF, 0xFF,
    0x0A, 0xAA, 0xAA, 0xAA, 0x00, 0x0A, 0xAA, 0xAA, 0xB0, 0x00, 0x00, 0xAA, 0xBB, 0xBB, 0x0A, 0xAA,
    0xBB, 0xBB, 0xAA, 0xAA, 0xBB, 0x9B, 0xAA, 0xAA, 0xBB, 0xBB, 0x00, 0xAA, 0xBB, 0xBB, 0xBB, 0x0A,
    0x0E, 0xEE, 0xEE, 0xEE, 0x00, 0x0E, 0xEE, 0xEE, 0xF0, 0x00, 0x00, 0xEE, 0xFF, 0xFF, 0x0E, 0xEE,
    0xFF, 0xFF, 0xEE, 0xEE, 0xFF, 0xDF, 0xEE, 0xEE, 0xFF, 0xFF, 0x00, 0xEE, 0xFF, 0xFF, 0xFF, 0x0E,
    0x9B, 0xBB, 0xBB, 0xB0, 0xBB, 0xBB, 0x9B, 0xB0, 0xBB, 0xBB, 0xBB, 0xB0, 0xBB, 0xBB, 0xBB, 0xBA,
    0xBB, 0xB9, 0xBB, 0xBA, 0xBB, 0xBB, 0xBB, 0xAA, 0xBB, 0xBB, 0xBB, 0xAA, 0xBB, 0xBB, 0xBB, 0xAA,
    0xDF, 0xFF, 0xFF, 0xF0, 0xFF, 0xFF, 0xDF, 0xF0, 0xFF, 0xFF, 0xFF, 0xF0, 0xFF, 0xFF, 0xFF, 0xFE,
    0xFF, 0xFD, 0xFF, 0xFE, 0xFF, 0xFF, 0xFF, 0xEE, 0xFF, 0xFF, 0xFF, 0xEE, 0xFF, 0xFF, 0xFF, 0xEE,
    0xBB, 0xBB, 0xBB, 0xB9, 0xB9, 0xBB, 0xBB, 0xBB, 0xBB, 0xBB, 0xBB, 0xBB, 0xBB, 0xBB, 0xBB, 0xBB,
    0xAB, 0xB9, 0xBB, 0xBB, 0xAB, 0xBB, 0xBB, 0xBB, 0xAB, 0xBB, 0xBB, 0xBB, 0xAB, 0xBB, 0xBB, 0xBB,
    0xFF, 0xFF, 0xFF, 0xFD, 0xFD, 0xFF, 0xFF, 0xFF, 0xFF, 0xFF, 0xFF, 0xFF, 0xFF, 0xFF, 0xFF, 0xFF,
    0xEF, 0xFD, 0xFF, 0xFF, 0xEF, 0xFF, 0xFF, 0xFF, 0xEF, 0xFF, 0xFF, 0xFF, 0xEF, 0xFF, 0xFF, 0xFF,
    0xAB, 0xB9, 0xBB, 0xBB, 0xAA, 0xBB, 0xBB, 0xBB, 0xAA, 0xAA, 0xBB, 0xBB, 0xAA, 0xAA, 0xAB, 0xBB,
    0xAA, 0xAA, 0x0B, 0xBB, 0xAA, 0xA0, 0x0B, 0xBB, 0xAA, 0xAA, 0xAA, 0xBB, 0xAA, 0xAA, 0xAA, 0xAA,
    0xEF, 0xFD, 0xFF, 0xFF, 0xEE, 0xFF, 0xFF, 0xFF, 0xEE, 0xEE, 0xFF, 0xFF, 0xEE, 0xEE, 0xEF, 0xFF,
    0xEE, 0xEE, 0x0F, 0xFF, 0xEE, 0xE0, 0x0F, 0xFF, 0xEE, 0xEE, 0xEE, 0xFF, 0xEE, 0xEE, 0xEE, 0xEE,
    0xBB, 0xBB, 0xBB, 0xBB, 0xBB, 0xBB, 0x9B, 0xBB, 0xBB, 0xBB, 0xBB, 0xBB, 0xBB, 0xBB, 0xBB, 0xBB,
    0xBB, 0xBB, 0xBB, 0xBB, 0xBB, 0xB9, 0xBB, 0xBB, 0xBB, 0xBB, 0xBB, 0xBB, 0xBB, 0xBB, 0xBB, 0xBB,
    0xFF, 0xFF, 0xFF, 0xFF, 0xFF, 0xFF, 0xDF, 0xFF, 0xFF, 0xFF, 0xFF, 0xFF, 0xFF, 0xFF, 0xFF, 0xFF,
    0xFF, 0xFF, 0xFF, 0xFF, 0xFF, 0xFD, 0xFF, 0xFF, 0xFF, 0xFF, 0xFF, 0xFF, 0xFF, 0xFF, 0xFF, 0xFF,
    0xBB, 0xBB, 0xBB, 0xB9, 0xBB, 0xBB, 0xBB, 0xBB, 0x9B, 0xBB, 0xBB, 0xBB, 0xBB, 0xBB, 0xBB, 0xBB,
    0xBB, 0xBB, 0xBB, 0xBB, 0xBB, 0xBB, 0xBB, 0xBB, 0x9B, 0xB9, 0xBA, 0xBB, 0xBB, 0xAB, 0xAA, 0xAA,
    0xFF, 0xFF, 0xFF, 0xFD, 0xFF, 0xFF, 0xFF, 0xFF, 0xDF, 0xFF, 0xFF, 0xFF, 0xFF, 0xFF, 0xFF, 0xFF,
    0xFF, 0xFF, 0xFF, 0xFF, 0xFF, 0xFF, 0xFF, 0xFF, 0xDF, 0xFD, 0xFE, 0xFF, 0xFF, 0xEF, 0xEE, 0xEE,
    0xBB, 0xBB, 0x9B, 0x0A, 0xBB, 0xBB, 0xBB, 0x0A, 0xBB, 0xBB, 0xBB, 0x0A, 0xBB, 0xBB, 0xBB, 0x0A,
    0xBB, 0xBB, 0xBB, 0x0A, 0xBB, 0xB9, 0xBB, 0x0A, 0xBB, 0xBB, 0xBB, 0x00, 0xBB, 0xBB, 0xBB, 0xB0,
    0xFF, 0xFF, 0xDF, 0x0E, 0xFF, 0xFF, 0xFF, 0x0E, 0xFF, 0xFF, 0xFF, 0x0E, 0xFF, 0xFF, 0xFF, 0x0E,
    0xFF, 0xFF, 0xFF, 0x0E, 0xFF, 0xFD, 0xFF, 0x0E, 0xFF, 0xFF, 0xFF, 0x00, 0xFF, 0xFF, 0xFF, 0xF0,
    0xBB, 0xBB, 0xBB, 0xBA, 0xB9, 0xBB, 0xB9, 0xBA, 0xBB, 0xBB, 0xBB, 0xAA, 0xBB, 0xBB, 0xAA, 0xAA,
    0xBB, 0xBB, 0x0A, 0xAA, 0x9B, 0xBB, 0x00, 0xAA, 0xBB, 0xBA, 0xAA, 0xAA, 0xAA, 0xAA, 0xAA, 0xAA,
    0xFF, 0xFF, 0xFF, 0xFE, 0xFD, 0xFF, 0xFD, 0xFE, 0xFF, 0xFF, 0xFF, 0xEE, 0xFF, 0xFF, 0xEE, 0xEE,
    0xFF, 0xFF, 0x0E, 0xEE, 0xDF, 0xFF, 0x00, 0xEE, 0xFF, 0xFE, 0xEE, 0xEE, 0xEE, 0xEE, 0xEE, 0xEE,
    0x00, 0x0A, 0xAA, 0xAA, 0x00, 0x00, 0x00, 0x00, 0xBB, 0xB0, 0x00, 0x00, 0xBB, 0xBB, 0xBB, 0xBB,
    0xBB, 0x9B, 0xBB, 0x9B, 0xBB, 0xBB, 0xBB, 0xBB, 0xBB, 0xBB, 0xBB, 0xBB, 0xBB, 0xBB, 0xBB, 0xB9,
    0x22, 0x22, 0x22, 0x22, 0x33, 0x22, 0x22, 0x22, 0x10, 0x02, 0x22, 0x22, 0x11, 0x02, 0x22, 0x22,
    0x11, 0x00, 0x02, 0x22, 0x11, 0x11, 0x00, 0x22, 0x01, 0x10, 0x30, 0x22, 0x01, 0x10, 0x30, 0x22,
    0xAA, 0xAA, 0xAA, 0xAA, 0xBB, 0xAA, 0xAA, 0xAA, 0x90, 0x0A, 0xAA, 0xAA, 0x99, 0x0A, 0xAA, 0xAA,
    0x99, 0x00, 0x0A, 0xAA, 0x99, 0x99, 0x00, 0xAA, 0x09, 0x90, 0xB0, 0xAA, 0x09, 0x90, 0xB0, 0xAA,
    0xEE, 0xEE, 0xEE, 0xEE, 0xFF, 0xEE, 0xEE, 0xEE, 0xD0, 0x0E, 0xEE, 0xEE, 0xDD, 0x0E, 0xEE, 0xEE,
    0xDD, 0x00, 0x0E, 0xEE, 0xDD, 0xDD, 0x00, 0xEE, 0x0D, 0xD0, 0xF0, 0xEE, 0x0D, 0xD0, 0xF0, 0xEE,
    0x01, 0x10, 0x30, 0x22, 0x01, 0x10, 0x30, 0x22, 0x11, 0x10, 0x30, 0x22, 0x11, 0x10, 0x30, 0x22,
    0x11, 0x11, 0x10, 0x22, 0x11, 0x33, 0x00, 0x22, 0x13, 0x11, 0x10, 0x02, 0x23, 0x11, 0x10, 0x00,
    0x09, 0x90, 0xB0, 0xAA, 0x09, 0x90, 0xB0, 0xAA, 0x99, 0x90, 0xB0, 0xAA, 0x99, 0x90, 0xB0, 0xAA,
    0x99, 0x99, 0x90, 0xAA, 0x99, 0xBB, 0x00, 0xAA, 0x9B, 0x99, 0x90, 0x0A, 0xAB, 0x99, 0x90, 0x00,
    0x0D, 0xD0, 0xF0, 0xEE, 0x0D, 0xD0, 0xF0, 0xEE, 0xDD, 0xD0, 0xF0, 0xEE, 0xDD, 0xD0, 0xF0, 0xEE,
    0xDD, 0xDD, 0xD0, 0xEE, 0xDD, 0xFF, 0x00, 0xEE, 0xDF, 0xDD, 0xD0, 0x0E, 0xEF, 0xDD, 0xD0, 0x00,
    0x22, 0x22, 0x22, 0x22, 0x22, 0x22, 0x22, 0x22, 0x22, 0x22, 0x22, 0x22, 0x22, 0x22, 0x22, 0x22,
    0x22, 0x22, 0x22, 0x22, 0x22, 0x22, 0x22, 0x22, 0x22, 0x22, 0x22, 0x22, 0x22, 0x22, 0x22, 0x22,
    0xAA, 0xAA, 0xAA, 0xAA, 0xAA, 0xAA, 0xAA, 0xAA, 0xAA, 0xAA, 0xAA, 0xAA, 0xAA, 0xAA, 0xAA, 0xAA,
    0xAA, 0xAA, 0xAA, 0xAA, 0xAA, 0xAA, 0xAA, 0xAA, 0xAA, 0xAA, 0xAA, 0xAA, 0xAA, 0xAA, 0xAA, 0xAA,
    0xEE, 0xEE, 0xEE, 0xEE, 0xEE, 0xEE, 0xEE, 0xEE, 0xEE, 0xEE, 0xEE, 0xEE, 0xEE, 0xEE, 0xEE, 0xEE,
    0xEE, 0xEE, 0xEE, 0xEE, 0xEE, 0xEE, 0xEE, 0xEE, 0xEE, 0xEE, 0xEE, 0xEE, 0xEE, 0xEE, 0xEE, 0xEE,
    0x22, 0x11, 0x11, 0x22, 0x21, 0x11, 0x11, 0x12, 0x11, 0x11, 0x11, 0x20, 0x11, 0x11, 0x11, 0x20,
    0x11, 0x11, 0x11, 0x20, 0x11, 0x11, 0x12, 0x00, 0x21, 0x22, 0x20, 0x02, 0x22, 0x00, 0x00, 0x22,
    0xAA, 0x99, 0x99, 0xAA, 0xA9, 0x99, 0x99, 0x9A, 0x99, 0x99, 0x99, 0xA0, 0x99, 0x99, 0x99, 0xA0,
    0x99, 0x99, 0x99, 0xA0, 0x99, 0x99, 0x9A, 0x00, 0xA9, 0xAA, 0xA0, 0x0A, 0xAA, 0x00, 0x00, 0xAA,
    0xEE, 0xDD, 0xDD, 0xEE, 0xED, 0xDD, 0xDD, 0xDE, 0xDD, 0xDD, 0xDD, 0xE0, 0xDD, 0xDD, 0xDD, 0xE0,
    0xDD, 0xDD, 0xDD, 0xE0, 0xDD, 0xDD, 0xDE, 0x00, 0xED, 0xEE, 0xE0, 0x0E, 0xEE, 0x00, 0x00, 0xEE,
    0x22, 0x22, 0x22, 0x22, 0x22, 0x22, 0x22, 0x33, 0x22, 0x22, 0x23, 0x11, 0x22, 0x22, 0x23, 0x11,
    0x22, 0x23, 0x31, 0x11, 0x22, 0x31, 0x11, 0x11, 0x22, 0x30, 0x31, 0x13, 0x22, 0x30, 0x31, 0x13,
    0xAA, 0xAA, 0xAA, 0xAA, 0xAA, 0xAA, 0xAA, 0xBB, 0xAA, 0xAA, 0xAB, 0x99, 0xAA, 0xAA, 0xAB, 0x99,
    0xAA, 0xAB, 0xB9, 0x99, 0xAA, 0xB9, 0x99, 0x99, 0xAA, 0xB0, 0xB9, 0x9B, 0xAA, 0xB0, 0xB9, 0x9B,
    0xEE, 0xEE, 0xEE, 0xEE, 0xEE, 0xEE, 0xEE, 0xFF, 0xEE, 0xEE, 0xEF, 0xDD, 0xEE, 0xEE, 0xEF, 0xDD,
    0xEE, 0xEF, 0xFD, 0xDD, 0xEE, 0xFD, 0xDD, 0xDD, 0xEE, 0xF0, 0xFD, 0xDF, 0xEE, 0xF0, 0xFD, 0xDF,
    0x22, 0x30, 0x31, 0x13, 0x22, 0x30, 0x31, 0x13, 0x22, 0x30, 0x31, 0x11, 0x22, 0x30, 0x31, 0x11,
    0x22, 0x31, 0x11, 0x11, 0x22, 0x31, 0x11, 0x11, 0x23, 0x11, 0x11, 0x11, 0x31, 0x11, 0x11, 0x12,
    0xAA, 0xB0, 0xB9, 0x9B, 0xAA, 0xB0, 0xB9, 0x9B, 0xAA, 0xB0, 0xB9, 0x99, 0xAA, 0xB0, 0xB9, 0x99,
    0xAA, 0xB9, 0x99, 0x99, 0xAA, 0xB9, 0x99, 0x99, 0xAB, 0x99, 0x99, 0x99, 0xB9, 0x99, 0x99, 0x9A,
    0xEE, 0xF0, 0xFD, 0xDF, 0xEE, 0xF0, 0xFD, 0xDF, 0xEE, 0xF0, 0xFD, 0xDD, 0xEE, 0xF0, 0xFD, 0xDD,
    0xEE, 0xFD, 0xDD, 0xDD, 0xEE, 0xFD, 0xDD, 0xDD, 0xEF, 0xDD, 0xDD, 0xDD, 0xFD, 0xDD, 0xDD, 0xDE,
    0x31, 0x31, 0x01, 0x10, 0x31, 0x31, 0x01, 0x10, 0x31, 0x31, 0x00, 0x10, 0x00, 0x00, 0x03, 0x10,
    0x33, 0x33, 0x31, 0x10, 0x31, 0x11, 0x10, 0x10, 0x31, 0x11, 0x10, 0x10, 0x00, 0x00, 0x03, 0x10,
    0xB9, 0xB9, 0x09, 0x90, 0xB9, 0xB9, 0x09, 0x90, 0xB9, 0xB9, 0x00, 0x90, 0x00, 0x00, 0x0B, 0x90,
    0xBB, 0xBB, 0xB9, 0x90, 0xB9, 0x99, 0x90, 0x90, 0xB9, 0x99, 0x90, 0x90, 0x00, 0x00, 0x0B, 0x90,
    0xFD, 0xFD, 0x0D, 0xD0, 0xFD, 0xFD, 0x0D, 0xD0, 0xFD, 0xFD, 0x00, 0xD0, 0x00, 0x00, 0x0F, 0xD0,
    0xFF, 0xFF, 0xFD, 0xD0, 0xFD, 0xDD, 0xD0, 0xD0, 0xFD, 0xDD, 0xD0, 0xD0, 0x00, 0x00, 0x0F, 0xD0,
    0x33, 0x33, 0x31, 0x10, 0x31, 0x11, 0x10, 0x10, 0x31, 0x11, 0x10, 0x10, 0x00, 0x00, 0x03, 0x10,
    0x33, 0x33, 0x31, 0x10, 0x31, 0x11, 0x11, 0x10, 0x31, 0x11, 0x11, 0x10, 0x00, 0x00, 0x00, 0x00,
    0xBB, 0xBB, 0xB9, 0x90, 0xB9, 0x99, 0x90, 0x90, 0xB9, 0x99, 0x90, 0x90, 0x00, 0x00, 0x0B, 0x90,
    0xBB, 0xBB, 0xB9, 0x90, 0xB9, 0x99, 0x99, 0x90, 0xB9, 0x99, 0x99, 0x90, 0x00, 0x00, 0x00, 0x00,
    0xFF, 0xFF, 0xFD, 0xD0, 0xFD, 0xDD, 0xD0, 0xD0, 0xFD, 0xDD, 0xD0, 0xD0, 0x00, 0x00, 0x0F, 0xD0,
    0xFF, 0xFF, 0xFD, 0xD0, 0xFD, 0xDD, 0xDD, 0xD0, 0xFD, 0xDD, 0xDD, 0xD0, 0x00, 0x00, 0x00, 0x00,
    0x11, 0x11, 0x11, 0x11, 0x00, 0x00, 0x00, 0x00, 0x21, 0x11, 0x11, 0x02, 0x21, 0x11, 0x11, 0x02,
    0x22, 0x11, 0x10, 0x22, 0x22, 0x21, 0x02, 0x22, 0x22, 0x21, 0x02, 0x22, 0x21, 0x11, 0x10, 0x02,
    0x99, 0x99, 0x99, 0x99, 0x00, 0x00, 0x00, 0x00, 0xA9, 0x99, 0x99, 0x0A, 0xA9, 0x99, 0x99, 0x0A,
    0xAA, 0x99, 0x90, 0xAA, 0xAA, 0xA9, 0x0A, 0xAA, 0xAA, 0xA9, 0x0A, 0xAA, 0xA9, 0x99, 0x90, 0x0A,
    0xDD, 0xDD, 0xDD, 0xDD, 0x00, 0x00, 0x00, 0x00, 0xED, 0xDD, 0xDD, 0x0E, 0xED, 0xDD, 0xDD, 0x0E,
    0xEE, 0xDD, 0xD0, 0xEE, 0xEE, 0xED, 0x0E, 0xEE, 0xEE, 0xED, 0x0E, 0xEE, 0xED, 0xDD, 0xD0, 0x0E,
    0x23, 0x33, 0x33, 0x32, 0x31, 0x11, 0x11, 0x10, 0x31, 0x11, 0x11, 0x10, 0x31, 0x11, 0x11, 0x10,
    0x31, 0x11, 0x11, 0x10, 0x31, 0x11, 0x11, 0x10, 0x31, 0x11, 0x11, 0x10, 0x00, 0x00, 0x00, 0x00,
    0xAB, 0xBB, 0xBB, 0xBA, 0xB9, 0x99, 0x99, 0x90, 0xB9, 0x99, 0x99, 0x90, 0xB9, 0x99, 0x99, 0x90,
    0xB9, 0x99, 0x99, 0x90, 0xB9, 0x99, 0x99, 0x90, 0xB9, 0x99, 0x99, 0x90, 0x00, 0x00, 0x00, 0x00,
    0xEF, 0xFF, 0xFF, 0xFE, 0xFD, 0xDD, 0xDD, 0xD0, 0xFD, 0xDD, 0xDD, 0xD0, 0xFD, 0xDD, 0xDD, 0xD0,
    0xFD, 0xDD, 0xDD, 0xD0, 0xFD, 0xDD, 0xDD, 0xD0, 0xFD, 0xDD, 0xDD, 0xD0, 0x00, 0x00, 0x00, 0x00,
    0x31, 0x11, 0x11, 0x12, 0x31, 0x11, 0x11, 0x12, 0x30, 0x11, 0x11, 0x12, 0x33, 0x00, 0x00, 0x02,
    0x31, 0x33, 0x33, 0x32, 0x30, 0x11, 0x11, 0x12, 0x30, 0x11, 0x11, 0x12, 0x33, 0x00, 0x00, 0x02,
    0xB9, 0x99, 0x99, 0x9A, 0xB9, 0x99, 0x99, 0x9A, 0xB0, 0x99, 0x99, 0x9A, 0xBB, 0x00, 0x00, 0x0A,
    0xB9, 0xBB, 0xBB, 0xBA, 0xB0, 0x99, 0x99, 0x9A, 0xB0, 0x99, 0x99, 0x9A, 0xBB, 0x00, 0x00, 0x0A,
    0xFD, 0xDD, 0xDD, 0xDE, 0xFD, 0xDD, 0xDD, 0xDE, 0xF0, 0xDD, 0xDD, 0xDE, 0xFF, 0x00, 0x00, 0x0E,
    0xFD, 0xFF, 0xFF, 0xFE, 0xF0, 0xDD, 0xDD, 0xDE, 0xF0, 0xDD, 0xDD, 0xDE, 0xFF, 0x00, 0x00, 0x0E,
    0x30, 0x33, 0x33, 0x32, 0x30, 0x11, 0x11, 0x12, 0x30, 0x11, 0x11, 0x12, 0x33, 0x00, 0x00, 0x02,
    0x31, 0x33, 0x33, 0x32, 0x31, 0x11, 0x11, 0x12, 0x01, 0x11, 0x11, 0x12, 0x00, 0x00, 0x00, 0x00,
    0xB0, 0xBB, 0xBB, 0xBA, 0xB0, 0x99, 0x99, 0x9A, 0xB0, 0x99, 0x99, 0x9A, 0xBB, 0x00, 0x00, 0x0A,
    0xB9, 0xBB, 0xBB, 0xBA, 0xB9, 0x99, 0x99, 0x9A, 0x09, 0x99, 0x99, 0x9A, 0x00, 0x00, 0x00, 0x00,
    0xF0, 0xFF, 0xFF, 0xFE, 0xF0, 0xDD, 0xDD, 0xDE, 0xF0, 0xDD, 0xDD, 0xDE, 0xFF, 0x00, 0x00, 0x0E,
    0xFD, 0xFF, 0xFF, 0xFE, 0xFD, 0xDD, 0xDD, 0xDE, 0x0D, 0xDD, 0xDD, 0xDE, 0x00, 0x00, 0x00, 0x00,
    0x22, 0x22, 0x23, 0x33, 0x33, 0x33, 0x33, 0x11, 0x11, 0x11, 0x10, 0x11, 0x11, 0x11, 0x11, 0x00,
    0x13, 0x33, 0x33, 0x11, 0x31, 0x11, 0x11, 0x01, 0x11, 0x11, 0x11, 0x01, 0x00, 0x00, 0x00, 0x01,
    0xAA, 0xAA, 0xAB, 0xBB, 0xBB, 0xBB, 0xBB, 0x99, 0x99, 0x99, 0x90, 0x99, 0x99, 0x99, 0x99, 0x00,
    0x9B, 0xBB, 0xBB, 0x99, 0xB9, 0x99, 0x99, 0x09, 0x99, 0x99, 0x99, 0x09, 0x00, 0x00, 0x00, 0x09,
    0xEE, 0xEE, 0xEF, 0xFF, 0xFF, 0xFF, 0xFF, 0xDD, 0xDD, 0xDD, 0xD0, 0xDD, 0xDD, 0xDD, 0xDD, 0x00,
    0xDF, 0xFF, 0xFF, 0xDD, 0xFD, 0xDD, 0xDD, 0x0D, 0xDD, 0xDD, 0xDD, 0x0D, 0x00, 0x00, 0x00, 0x0D,
    0x11, 0x00, 0x01, 0x10, 0x11, 0x11, 0x11, 0x10, 0x00, 0x00, 0x00, 0x01, 0x11, 0x22, 0x22, 0x22,
    0x12, 0x11, 0x00, 0x00, 0x20, 0x11, 0x00, 0x00, 0x20, 0x01, 0x00, 0x00, 0x00, 0x01, 0x00, 0x00,
    0x99, 0x00, 0x09, 0x90, 0x99, 0x99, 0x99, 0x90, 0x00, 0x00, 0x00, 0x09, 0x99, 0xAA, 0xAA, 0xAA,
    0x9A, 0x99, 0x00, 0x00, 0xA0, 0x99, 0x00, 0x00, 0xA0, 0x09, 0x00, 0x00, 0x00, 0x09, 0x00, 0x00,
    0xDD, 0x00, 0x0D, 0xD0, 0xDD, 0xDD, 0xDD, 0xD0, 0x00, 0x00, 0x00, 0x0D, 0xDD, 0xEE, 0xEE, 0xEE,
    0xDE, 0xDD, 0x00, 0x00, 0xE0, 0xDD, 0x00, 0x00, 0xE0, 0x0D, 0x00, 0x00, 0x00, 0x0D, 0x00, 0x00,
    0x33, 0x32, 0x22, 0x22, 0x11, 0x13, 0x33, 0x33, 0x11, 0x10, 0x11, 0x11, 0x00, 0x00, 0x11, 0x11,
    0x11, 0x33, 0x33, 0x31, 0x13, 0x11, 0x11, 0x10, 0x13, 0x11, 0x11, 0x11, 0x13, 0x00, 0x00, 0x00,
    0xBB, 0xBA, 0xAA, 0xAA, 0x99, 0x9B, 0xBB, 0xBB, 0x99, 0x90, 0x99, 0x99, 0x00, 0x00, 0x99, 0x99,
    0x99, 0xBB, 0xBB, 0xB9, 0x9B, 0x99, 0x99, 0x90, 0x9B, 0x99, 0x99, 0x99, 0x9B, 0x00, 0x00, 0x00,
    0xFF, 0xFE, 0xEE, 0xEE, 0xDD, 0xDF, 0xFF, 0xFF, 0xDD, 0xD0, 0xDD, 0xDD, 0x00, 0x00, 0xDD, 0xDD,
    0xDD, 0xFF, 0xFF, 0xFD, 0xDF, 0xDD, 0xDD, 0xD0, 0xDF, 0xDD, 0xDD, 0xDD, 0xDF, 0x00, 0x00, 0x00,
    0x13, 0x10, 0x00, 0x11, 0x13, 0x11, 0x11, 0x11, 0x11, 0x00, 0x00, 0x00, 0x22, 0x22, 0x22, 0x11,
    0x00, 0x00, 0x11, 0x21, 0x00, 0x00, 0x11, 0x02, 0x00, 0x00, 0x10, 0x02, 0x00, 0x00, 0x10, 0x00,
    0x9B, 0x90, 0x00, 0x99, 0x9B, 0x99, 0x99, 0x99, 0x99, 0x00, 0x00, 0x00, 0xAA, 0xAA, 0xAA, 0x99,
    0x00, 0x00, 0x99, 0xA9, 0x00, 0x00, 0x99, 0x0A, 0x00, 0x00, 0x90, 0x0A, 0x00, 0x00, 0x90, 0x00,
    0xDF, 0xD0, 0x00, 0xDD, 0xDF, 0xDD, 0xDD, 0xDD, 0xDD, 0x00, 0x00, 0x00, 0xEE, 0xEE, 0xEE, 0xDD,
    0x00, 0x00, 0xDD, 0xED, 0x00, 0x00, 0xDD, 0x0E, 0x00, 0x00, 0xD0, 0x0E, 0x00, 0x00, 0xD0, 0x00,
    0xAA, 0xAA, 0xAA, 0x0A, 0xAA, 0xAA, 0xA0, 0x0A, 0x00, 0xAA, 0x00, 0x0A, 0x00, 0x00, 0x00, 0x00,
    0x00, 0x00, 0x00, 0x00, 0x00, 0x00, 0x09, 0x00, 0x99, 0x00, 0x90, 0x00, 0x99, 0x09, 0x90, 0x00,
    0xEE, 0xEE, 0xEE, 0x0E, 0xEE, 0xEE, 0xE0, 0x0E, 0x00, 0xEE, 0x00, 0x0E, 0x00, 0x00, 0x00, 0x00,
    0x00, 0x00, 0x00, 0x00, 0x00, 0x00, 0x0D, 0x00, 0xDD, 0x00, 0xD0, 0x00, 0xDD, 0x0D, 0xD0, 0x00,
    0x09, 0x99, 0x90, 0x00, 0x09, 0x99, 0x00, 0x00, 0x99, 0x99, 0x00, 0x00, 0x99, 0x99, 0x00, 0x09,
    0x90, 0x99, 0x90, 0x09, 0x90, 0x90, 0x90, 0x09, 0x90, 0x90, 0x90, 0x09, 0x90, 0x99, 0x00, 0x09,
    0x0D, 0xDD, 0xD0, 0x00, 0x0D, 0xDD, 0x00, 0x00, 0xDD, 0xDD, 0x00, 0x00, 0xDD, 0xDD, 0x00, 0x0D,
    0xD0, 0xDD, 0xD0, 0x0D, 0xD0, 0xD0, 0xD0, 0x0D, 0xD0, 0xD0, 0xD0, 0x0D, 0xD0, 0xDD, 0x00, 0x0D,
    0xAA, 0xAA, 0xAA, 0xAA, 0xAA, 0xAA, 0xAA, 0xAA, 0xAA, 0xAA, 0xAA, 0xAA, 0xAA, 0xAA, 0xAA, 0xAA,
    0xAA, 0xAA, 0xAA, 0xAA, 0xAA, 0xAA, 0xAA, 0xAA, 0xAA, 0xAA, 0xAA, 0xAA, 0xAA, 0xAA, 0xAA, 0xAA,
    0xEE, 0xEE, 0xEE, 0xEE, 0xEE, 0xEE, 0xEE, 0xEE, 0xEE, 0xEE, 0xEE, 0xEE, 0xEE, 0xEE, 0xEE, 0xEE,
    0xEE, 0xEE, 0xEE, 0xEE, 0xEE, 0xEE, 0xEE, 0xEE, 0xEE, 0xEE, 0xEE, 0xEE, 0xEE, 0xEE, 0xEE, 0xEE,
    0xAA, 0xAA, 0xAA, 0xAA, 0xAA, 0xAA, 0xAA, 0xAA, 0xAA, 0xAA, 0xAA, 0xAA, 0xAA, 0xAA, 0xAA, 0xAA,
    0xAA, 0xAA, 0xAA, 0xAA, 0xAA, 0xAA, 0xAA, 0xAA, 0xAA, 0xAA, 0xAA, 0xAA, 0xAA, 0xAA, 0xAA, 0xAA,
    0xEE, 0xEE, 0xEE, 0xEE, 0xEE, 0xEE, 0xEE, 0xEE, 0xEE, 0xEE, 0xEE, 0xEE, 0xEE, 0xEE, 0xEE, 0xEE,
    0xEE, 0xEE, 0xEE, 0xEE, 0xEE, 0xEE, 0xEE, 0xEE, 0xEE, 0xEE, 0xEE, 0xEE, 0xEE, 0xEE, 0xEE, 0xEE,
    0xAA, 0x00, 0x99, 0x09, 0xAA, 0x00, 0x99, 0x09, 0xAA, 0x00, 0x99, 0x09, 0xAA, 0x90, 0x99, 0x09,
    0xAA, 0x90, 0x99, 0x09, 0xAA, 0x90, 0x99, 0x09, 0xAA, 0x90, 0x99, 0x09, 0xAA, 0x90, 0x99, 0x09,
    0xEE, 0x00, 0xDD, 0x0D, 0xEE, 0x00, 0xDD, 0x0D, 0xEE, 0x00, 0xDD, 0x0D, 0xEE, 0xD0, 0xDD, 0x0D,
    0xEE, 0xD0, 0xDD, 0x0D, 0xEE, 0xD0, 0xDD, 0x0D, 0xEE, 0xD0, 0xDD, 0x0D, 0xEE, 0xD0, 0xDD, 0x0D,
    0xA9, 0x90, 0x90, 0x09, 0xA9, 0x00, 0x90, 0x99, 0xA9, 0x09, 0x90, 0x99, 0xA9, 0x09, 0x90, 0x99,
    0xA9, 0x09, 0x99, 0x99, 0x99, 0x09, 0x09, 0x99, 0x99, 0x99, 0x09, 0x99, 0x99, 0xAA, 0x99, 0xA9,
    0xED, 0xD0, 0xD0, 0x0D, 0xED, 0x00, 0xD0, 0xDD, 0xED, 0x0D, 0xD0, 0xDD, 0xED, 0x0D, 0xD0, 0xDD,
    0xED, 0x0D, 0xDD, 0xDD, 0xDD, 0x0D, 0x0D, 0xDD, 0xDD, 0xDD, 0x0D, 0xDD, 0xDD, 0xEE, 0xDD, 0xED,
    0xA9, 0xAA, 0xAB, 0xBA, 0xA9, 0x99, 0xBB, 0xBB, 0xA9, 0x99, 0x9A, 0xAA, 0xA0, 0x99, 0x9A, 0xAA,
    0xAB, 0xBB, 0x99, 0x9A, 0xBB, 0xBB, 0xB9, 0x99, 0xAA, 0xBB, 0x09, 0x99, 0xAA, 0xAA, 0x00, 0x99,
    0xED, 0xEE, 0xEF, 0xFE, 0xED, 0xDD, 0xFF, 0xFF, 0xED, 0xDD, 0xDE, 0xEE, 0xE0, 0xDD, 0xDE, 0xEE,
    0xEF, 0xFF, 0xDD, 0xDE, 0xFF, 0xFF, 0xFD, 0xDD, 0xEE, 0xFF, 0x0D, 0xDD, 0xEE, 0xEE, 0x00, 0xDD,
    0xAA, 0xAA, 0xA0, 0x09, 0xAA, 0xAA, 0xAA, 0x09, 0xAA, 0xAA, 0xAA, 0x00, 0xAA, 0xAA, 0xAA, 0xA0,
    0xAA, 0xAA, 0xAA, 0xA0, 0xAA, 0xAA, 0xAB, 0xBB, 0xAA, 0xAA, 0xBB, 0xBB, 0xAA, 0xAA, 0xAA, 0xBB,
    0xEE, 0xEE, 0xE0, 0x0D, 0xEE, 0xEE, 0xEE, 0x0D, 0xEE, 0xEE, 0xEE, 0x00, 0xEE, 0xEE, 0xEE, 0xE0,
    0xEE, 0xEE, 0xEE, 0xE0, 0xEE, 0xEE, 0xEF, 0xFF, 0xEE, 0xEE, 0xFF, 0xFF, 0xEE, 0xEE, 0xEE, 0xFF,
    0xAA, 0xA9, 0xAA, 0xAA, 0xAA, 0xA9, 0x90, 0x00, 0xAA, 0xA9, 0x99, 0x90, 0xAA, 0xA9, 0x09, 0x99,
    0xAA, 0xA0, 0x09, 0x99, 0xAA, 0xA0, 0x99, 0x99, 0x99, 0xA0, 0x90, 0x99, 0x99, 0x90, 0x90, 0x99,
    0xEE, 0xED, 0xEE, 0xEE, 0xEE, 0xED, 0xD0, 0x00, 0xEE, 0xED, 0xDD, 0xD0, 0xEE, 0xED, 0x0D, 0xDD,
    0xEE, 0xE0, 0x0D, 0xDD, 0xEE, 0xE0, 0xDD, 0xDD, 0xDD, 0xE0, 0xD0, 0xDD, 0xDD, 0xD0, 0xD0, 0xDD,
    0x99, 0x99, 0x90, 0x99, 0x90, 0x99, 0x09, 0x99, 0x90, 0x99, 0x90, 0x99, 0x00, 0x09, 0x90, 0x99,
    0x00, 0x00, 0x90, 0x99, 0xBB, 0x00, 0x00, 0x99, 0xBB, 0x00, 0x09, 0x99, 0xB0, 0x00, 0x09, 0x99,
    0xDD, 0xDD, 0xD0, 0xDD, 0xD0, 0xDD, 0x0D, 0xDD, 0xD0, 0xDD, 0xD0, 0xDD, 0x00, 0x0D, 0xD0, 0xDD,
    0x00, 0x00, 0xD0, 0xDD, 0xFF, 0x00, 0x00, 0xDD, 0xFF, 0x00, 0x0D, 0xDD, 0xF0, 0x00, 0x0D, 0xDD,
    0xA0, 0x00, 0x0A, 0xAA, 0x00, 0x00, 0x00, 0xAA, 0x00, 0x00, 0x90, 0x00, 0x90, 0x00, 0x90, 0x00,
    0x99, 0x99, 0x99, 0x00, 0x99, 0x99, 0x99, 0x90, 0x99, 0x99, 0x09, 0x99, 0x99, 0x99, 0x09, 0x99,
    0xE0, 0x00, 0x0E, 0xEE, 0x00, 0x00, 0x00, 0xEE, 0x00, 0x00, 0xD0, 0x00, 0xD0, 0x00, 0xD0, 0x00,
    0xDD, 0xDD, 0xDD, 0x00, 0xDD, 0xDD, 0xDD, 0xD0, 0xDD, 0xDD, 0x0D, 0xDD, 0xDD, 0xDD, 0x0D, 0xDD,
    0x99, 0x90, 0x00, 0x99, 0x99, 0x90, 0xA0, 0x99, 0x99, 0x90, 0xA0, 0x99, 0x99, 0x99, 0x09, 0x99,
    0x99, 0x99, 0x99, 0x99, 0x99, 0x90, 0x09, 0x00, 0x90, 0x00, 0x09, 0x00, 0x90, 0x00, 0x00, 0x00,
    0xDD, 0xD0, 0x00, 0xDD, 0xDD, 0xD0, 0xE0, 0xDD, 0xDD, 0xD0, 0xE0, 0xDD, 0xDD, 0xDD, 0x0D, 0xDD,
    0xDD, 0xDD, 0xDD, 0xDD, 0xDD, 0xD0, 0x0D, 0x00, 0xD0, 0x00, 0x0D, 0x00, 0xD0, 0x00, 0x00, 0x00,
    0xA0, 0x00, 0x00, 0x0A, 0x00, 0x00, 0x00, 0x00, 0x00, 0x00, 0x00, 0x00, 0x00, 0x00, 0x00, 0x00,
    0x00, 0x00, 0x09, 0x99, 0x00, 0x09, 0x99, 0x99, 0x00, 0x90, 0x99, 0x99, 0x99, 0x90, 0x99, 0x90,
    0xE0, 0x00, 0x00, 0x0E, 0x00, 0x00, 0x00, 0x00, 0x00, 0x00, 0x00, 0x00, 0x00, 0x00, 0x00, 0x00,
    0x00, 0x00, 0x0D, 0xDD, 0x00, 0x0D, 0xDD, 0xDD, 0x00, 0xD0, 0xDD, 0xDD, 0xDD, 0xD0, 0xDD, 0xD0,
    0x99, 0x00, 0x09, 0x90, 0x99, 0x0A, 0x09, 0x90, 0x99, 0x0A, 0x09, 0x90, 0x99, 0x90, 0x99, 0x90,
    0x99, 0x99, 0x99, 0x90, 0x00, 0x99, 0x99, 0x90, 0x00, 0x00, 0x90, 0x99, 0x00, 0x00, 0x00, 0x90,
    0xDD, 0x00, 0x0D, 0xD0, 0xDD, 0x0E, 0x0D, 0xD0, 0xDD, 0x0E, 0x0D, 0xD0, 0xDD, 0xD0, 0xDD, 0xD0,
    0xDD, 0xDD, 0xDD, 0xD0, 0x00, 0xDD, 0xDD, 0xD0, 0x00, 0x00, 0xD0, 0xDD, 0x00, 0x00, 0x00, 0xD0,
    0x90, 0x99, 0x00, 0x90, 0x90, 0x99, 0x00, 0x90, 0x90, 0x09, 0x00, 0x90, 0x90, 0x09, 0x00, 0x90,
    0x90, 0x09, 0x90, 0x00, 0x90, 0x09, 0x99, 0x00, 0x90, 0x09, 0x09, 0x09, 0x90, 0x09, 0x09, 0x09,
    0xD0, 0xDD, 0x00, 0xD0, 0xD0, 0xDD, 0x00, 0xD0, 0xD0, 0x0D, 0x00, 0xD0, 0xD0, 0x0D, 0x00, 0xD0,
    0xD0, 0x0D, 0xD0, 0x00, 0xD0, 0x0D, 0xDD, 0x00, 0xD0, 0x0D, 0x0D, 0x0D, 0xD0, 0x0D, 0x0D, 0x0D,
    0x90, 0x99, 0x09, 0x09, 0x90, 0x90, 0x09, 0x00, 0x90, 0x90, 0x99, 0x00, 0x99, 0x90, 0x90, 0x00,
    0x99, 0x99, 0x99, 0x00, 0x90, 0x99, 0x90, 0x09, 0x99, 0x00, 0x00, 0x09, 0x99, 0x99, 0x90, 0x09,
    0xD0, 0xDD, 0x0D, 0x0D, 0xD0, 0xD0, 0x0D, 0x00, 0xD0, 0xD0, 0xDD, 0x00, 0xDD, 0xD0, 0xD0, 0x00,
    0xDD, 0xDD, 0xDD, 0x00, 0xD0, 0xDD, 0xD0, 0x0D, 0xDD, 0x00, 0x00, 0x0D, 0xDD, 0xDD, 0xD0, 0x0D,
    0xAA, 0xAA, 0xAA, 0x90, 0xAA, 0xAA, 0xA9, 0x00, 0xAA, 0xA9, 0x99, 0x0A, 0xAA, 0x90, 0x90, 0xBB,
    0xA9, 0x09, 0x0B, 0xBA, 0x99, 0x00, 0x0A, 0xAA, 0x90, 0x90, 0xAA, 0xAA, 0x00, 0x90, 0xAA, 0xAA,
    0xEE, 0xEE, 0xEE, 0xD0, 0xEE, 0xEE, 0xED, 0x00, 0xEE, 0xED, 0xDD, 0x0E, 0xEE, 0xD0, 0xD0, 0xFF,
    0xED, 0x0D, 0x0F, 0xFE, 0xDD, 0x00, 0x0E, 0xEE, 0xD0, 0xD0, 0xEE, 0xEE, 0x00, 0xD0, 0xEE, 0xEE,
    0x09, 0x0A, 0xAA, 0xAA, 0x00, 0x0A, 0xAA, 0xAA, 0x90, 0xAA, 0xAA, 0xAA, 0x90, 0xAA, 0xAA, 0xAA,
    0x00, 0xAA, 0xAA, 0xAA, 0x00, 0x0A, 0xAA, 0xAA, 0x00, 0x0A, 0xAA, 0xAA, 0x09, 0x00, 0xAA, 0xAA,
    0x0D, 0x0E, 0xEE, 0xEE, 0x00, 0x0E, 0xEE, 0xEE, 0xD0, 0xEE, 0xEE, 0xEE, 0xD0, 0xEE, 0xEE, 0xEE,
    0x00, 0xEE, 0xEE, 0xEE, 0x00, 0x0E, 0xEE, 0xEE, 0x00, 0x0E, 0xEE, 0xEE, 0x0D, 0x00, 0xEE, 0xEE,
    0x22, 0x22, 0x22, 0x11, 0x22, 0x22, 0x21, 0x11, 0x22, 0x22, 0x11, 0x11, 0x22, 0x21, 0x11, 0x33,
    0x22, 0x11, 0x11, 0x33, 0x22, 0x11, 0x33, 0x33, 0x22, 0x11, 0x33, 0x33, 0x22, 0x11, 0x00, 0x33,
    0xAA, 0xAA, 0xAA, 0x99, 0xAA, 0xAA, 0xA9, 0x99, 0xAA, 0xAA, 0x99, 0x99, 0xAA, 0xA9, 0x99, 0xBB,
    0xAA, 0x99, 0x99, 0xBB, 0xAA, 0x99, 0xBB, 0xBB, 0xAA, 0x99, 0xBB, 0xBB, 0xAA, 0x99, 0x00, 0xBB,
    0x33, 0x11, 0x11, 0x33, 0x30, 0x11, 0x11, 0x33, 0x30, 0x11, 0x11, 0x10, 0x30, 0x11, 0x11, 0x11,
    0x33, 0x33, 0x33, 0x33, 0x11, 0x11, 0x11, 0x11, 0x11, 0x11, 0x11, 0x11, 0x00, 0x00, 0x00, 0x00,
    0xBB, 0x99, 0x99, 0xBB, 0xB0, 0x99, 0x99, 0xBB, 0xB0, 0x99, 0x99, 0x90, 0xB0, 0x99, 0x99, 0x99,
    0xBB, 0xBB, 0xBB, 0xBB, 0x99, 0x99, 0x99, 0x99, 0x99, 0x99, 0x99, 0x99, 0x00, 0x00, 0x00, 0x00,
    0x12, 0x22, 0x22, 0x22, 0x13, 0x22, 0x22, 0x22, 0x11, 0x32, 0x22, 0x22, 0x01, 0x13, 0x22, 0x22,
    0x01, 0x11, 0x32, 0x22, 0x33, 0x01, 0x32, 0x22, 0x33, 0x01, 0x32, 0x22, 0x00, 0x01, 0x32, 0x22,
    0x01, 0x11, 0x33, 0x32, 0x01, 0x11, 0x30, 0x30, 0x01, 0x11, 0x30, 0x30, 0x11, 0x11, 0x30, 0x30,
    0x33, 0x33, 0x33, 0x30, 0x11, 0x11, 0x11, 0x10, 0x11, 0x11, 0x11, 0x10, 0x00, 0x00, 0x00, 0x00,
    0x22, 0x10, 0x21, 0x11, 0x22, 0x00, 0x11, 0x00, 0x22, 0x21, 0x13, 0x00, 0x22, 0x21, 0x13, 0x33,
    0x11, 0x11, 0x11, 0x01, 0x10, 0x11, 0x01, 0x00, 0x11, 0x11, 0x11, 0x01, 0x11, 0x11, 0x11, 0x01,
    0xAA, 0x90, 0xA9, 0x99, 0xAA, 0x00, 0x99, 0x00, 0xAA, 0xA9, 0x9B, 0x00, 0xAA, 0xA9, 0x9B, 0xBB,
    0x99, 0x99, 0x99, 0x09, 0x90, 0x99, 0x09, 0x00, 0x99, 0x99, 0x99, 0x09, 0x99, 0x99, 0x99, 0x09,
    0xEE, 0xD0, 0xED, 0xDD, 0xEE, 0x00, 0xDD, 0x00, 0xEE, 0xED, 0xDF, 0x00, 0xEE, 0xED, 0xDF, 0xFF,
    0xDD, 0xDD, 0xDD, 0x0D, 0xD0, 0xDD, 0x0D, 0x00, 0xDD, 0xDD, 0xDD, 0x0D, 0xDD, 0xDD, 0xDD, 0x0D,
    0x11, 0x11, 0x11, 0x01, 0x11, 0x11, 0x11, 0x03, 0x11, 0x11, 0x11, 0x01, 0x11, 0x11, 0x11, 0x03,
    0x10, 0x11, 0x01, 0x01, 0x11, 0x11, 0x11, 0x02, 0x20, 0x00, 0x00, 0x00, 0x00, 0x00, 0x00, 0x00,
    0x99, 0x99, 0x99, 0x09, 0x99, 0x99, 0x99, 0x0B, 0x99, 0x99, 0x99, 0x09, 0x99, 0x99, 0x99, 0x0B,
    0x90, 0x99, 0x09, 0x09, 0x99, 0x99, 0x99, 0x0A, 0xA0, 0x00, 0x00, 0x00, 0x00, 0x00, 0x00, 0x00,
    0xDD, 0xDD, 0xDD, 0x0D, 0xDD, 0xDD, 0xDD, 0x0F, 0xDD, 0xDD, 0xDD, 0x0D, 0xDD, 0xDD, 0xDD, 0x0F,
    0xD0, 0xDD, 0x0D, 0x0D, 0xDD, 0xDD, 0xDD, 0x0E, 0xE0, 0x00, 0x00, 0x00, 0x00, 0x00, 0x00, 0x00,
    0x12, 0x10, 0x23, 0x22, 0x11, 0x00, 0x23, 0x22, 0x31, 0x12, 0x23, 0x22, 0x31, 0x12, 0x23, 0x22,
    0x11, 0x10, 0x23, 0x22, 0x00, 0x01, 0x03, 0x22, 0x11, 0x11, 0x13, 0x02, 0x11, 0x10, 0x11, 0x02,
    0x9A, 0x90, 0xAB, 0xAA, 0x99, 0x00, 0xAB, 0xAA, 0xB9, 0x9A, 0xAB, 0xAA, 0xB9, 0x9A, 0xAB, 0xAA,
    0x99, 0x90, 0xAB, 0xAA, 0x00, 0x09, 0x0B, 0xAA, 0x99, 0x99, 0x9B, 0x0A, 0x99, 0x90, 0x99, 0x0A,
    0xDE, 0xD0, 0xEF, 0xEE, 0xDD, 0x00, 0xEF, 0xEE, 0xFD, 0xDE, 0xEF, 0xEE, 0xFD, 0xDE, 0xEF, 0xEE,
    0xDD, 0xD0, 0xEF, 0xEE, 0x00, 0x0D, 0x0F, 0xEE, 0xDD, 0xDD, 0xDF, 0x0E, 0xDD, 0xD0, 0xDD, 0x0E,
    0x11, 0x10, 0x11, 0x02, 0x31, 0x10, 0x11, 0x02, 0x33, 0x33, 0x03, 0x02, 0x31, 0x11, 0x03, 0x02,
    0x11, 0x00, 0x03, 0x02, 0x20, 0x11, 0x13, 0x22, 0x01, 0x11, 0x13, 0x02, 0x00, 0x00, 0x00, 0x00,
    0x99, 0x90, 0x99, 0x0A, 0xB9, 0x90, 0x99, 0x0A, 0xBB, 0xBB, 0x0B, 0x0A, 0xB9, 0x99, 0x0B, 0x0A,
    0x99, 0x00, 0x0B, 0x0A, 0xA0, 0x99, 0x9B, 0xAA, 0x09, 0x99, 0x9B, 0x0A, 0x00, 0x00, 0x00, 0x00,
    0xDD, 0xD0, 0xDD, 0x0E, 0xFD, 0xD0, 0xDD, 0x0E, 0xFF, 0xFF, 0x0F, 0x0E, 0xFD, 0xDD, 0x0F, 0x0E,
    0xDD, 0x00, 0x0F, 0x0E, 0xE0, 0xDD, 0xDF, 0xEE, 0x0D, 0xDD, 0xDF, 0x0E, 0x00, 0x00, 0x00, 0x00,
    0x22, 0x22, 0x22, 0x22, 0x22, 0x22, 0x12, 0x10, 0x22, 0x12, 0x11, 0x11, 0x22, 0x11, 0x01, 0x11,
    0x21, 0x11, 0x11, 0x11, 0x21, 0x11, 0x11, 0x01, 0x11, 0x11, 0x11, 0x11, 0x11, 0x01, 0x11, 0x11,
    0xAA, 0xAA, 0xAA, 0xAA, 0xAA, 0xAA, 0x9A, 0x90, 0xAA, 0x9A, 0x99, 0x99, 0xAA, 0x99, 0x09, 0x99,
    0xA9, 0x99, 0x99, 0x99, 0xA9, 0x99, 0x99, 0x09, 0x99, 0x99, 0x99, 0x99, 0x99, 0x09, 0x99, 0x99,
    0xEE, 0xEE, 0xEE, 0xEE, 0xEE, 0xEE, 0xDE, 0xD0, 0xEE, 0xDE, 0xDD, 0xDD, 0xEE, 0xDD, 0x0D, 0xDD,
    0xED, 0xDD, 0xDD, 0xDD, 0xED, 0xDD, 0xDD, 0x0D, 0xDD, 0xDD, 0xDD, 0xDD, 0xDD, 0x0D, 0xDD, 0xDD,
    0x21, 0x11, 0x11, 0x11, 0x11, 0x11, 0x01, 0x11, 0x11, 0x11, 0x11, 0x11, 0x11, 0x01, 0x11, 0x11,
    0x21, 0x11, 0x11, 0x10, 0x22, 0x21, 0x13, 0x13, 0x22, 0x22, 0x03, 0x33, 0x22, 0x20, 0x00, 0x00,
    0xA9, 0x99, 0x99, 0x99, 0x99, 0x99, 0x09, 0x99, 0x99, 0x99, 0x99, 0x99, 0x99, 0x09, 0x99, 0x99,
    0xA9, 0x99, 0x99, 0x90, 0xAA, 0xA9, 0x9B, 0x9B, 0xAA, 0xAA, 0x0B, 0xBB, 0xAA, 0xA0, 0x00, 0x00,
    0xED, 0xDD, 0xDD, 0xDD, 0xDD, 0xDD, 0x0D, 0xDD, 0xDD, 0xDD, 0xDD, 0xDD, 0xDD, 0x0D, 0xDD, 0xDD,
    0xED, 0xDD, 0xDD, 0xD0, 0xEE, 0xED, 0xDF, 0xDF, 0xEE, 0xEE, 0x0F, 0xFF, 0xEE, 0xE0, 0x00, 0x00,
    0x22, 0x22, 0x22, 0x22, 0x00, 0x22, 0x22, 0x22, 0x10, 0x00, 0x02, 0x22, 0x11, 0x00, 0x10, 0x22,
    0x11, 0x10, 0x00, 0x22, 0x11, 0x01, 0x00, 0x02, 0x11, 0x00, 0x00, 0x22, 0x11, 0x10, 0x00, 0x02,
    0xAA, 0xAA, 0xAA, 0xAA, 0x00, 0xAA, 0xAA, 0xAA, 0x90, 0x00, 0x0A, 0xAA, 0x99, 0x00, 0x90, 0xAA,
    0x99, 0x90, 0x00, 0xAA, 0x99, 0x09, 0x00, 0x0A, 0x99, 0x00, 0x00, 0xAA, 0x99, 0x90, 0x00, 0x0A,
    0xEE, 0xEE, 0xEE, 0xEE, 0x00, 0xEE, 0xEE, 0xEE, 0xD0, 0x00, 0x0E, 0xEE, 0xDD, 0x00, 0xD0, 0xEE,
    0xDD, 0xD0, 0x00, 0xEE, 0xDD, 0x0D, 0x00, 0x0E, 0xDD, 0x00, 0x00, 0xEE, 0xDD, 0xD0, 0x00, 0x0E,
    0x01, 0x10, 0x01, 0x02, 0x11, 0x10, 0x00, 0x02, 0x10, 0x00, 0x00, 0x22, 0x11, 0x01, 0x00, 0x22,
    0x00, 0x00, 0x02, 0x22, 0x00, 0x12, 0x22, 0x22, 0x33, 0x00, 0x00, 0x00, 0x00, 0x00, 0x00, 0x22,
    0x09, 0x90, 0x09, 0x0A, 0x99, 0x90, 0x00, 0x0A, 0x90, 0x00, 0x00, 0xAA, 0x99, 0x09, 0x00, 0xAA,
    0x00, 0x00, 0x0A, 0xAA, 0x00, 0x9A, 0xAA, 0xAA, 0xBB, 0x00, 0x00, 0x00, 0x00, 0x00, 0x00, 0xAA,
    0x0D, 0xD0, 0x0D, 0x0E, 0xDD, 0xD0, 0x00, 0x0E, 0xD0, 0x00, 0x00, 0xEE, 0xDD, 0x0D, 0x00, 0xEE,
    0x00, 0x00, 0x0E, 0xEE, 0x00, 0xDE, 0xEE, 0xEE, 0xFF, 0x00, 0x00, 0x00, 0x00, 0x00, 0x00, 0xEE,
    0xAA, 0x99, 0x0A, 0xAA, 0xA9, 0x99, 0x90, 0xAA, 0xA9, 0xA9, 0x90, 0x09, 0x9A, 0x99, 0x90, 0xA9,
    0x9A, 0x99, 0x90, 0xA9, 0x9A, 0x99, 0x0A, 0x99, 0x99, 0x99, 0x0A, 0x99, 0x99, 0x99, 0x0A, 0x99,
    0xEE, 0xDD, 0x0E, 0xEE, 0xED, 0xDD, 0xD0, 0xEE, 0xED, 0xED, 0xD0, 0x0D, 0xDE, 0xDD, 0xD0, 0xED,
    0xDE, 0xDD, 0xD0, 0xED, 0xDE, 0xDD, 0x0E, 0xDD, 0xDD, 0xDD, 0x0E, 0xDD, 0xDD, 0xDD, 0x0E, 0xDD,
    0xA9, 0x99, 0x0A, 0x99, 0xA9, 0x99, 0x0A, 0x99, 0xA9, 0x99, 0x0A, 0x99, 0x99, 0x99, 0x09, 0x99,
    0x99, 0x99, 0x09, 0x99, 0x99, 0x99, 0x99, 0x99, 0xA9, 0x99, 0x99, 0x09, 0x00, 0x00, 0x00, 0x00,
    0xED, 0xDD, 0x0E, 0xDD, 0xED, 0xDD, 0x0E, 0xDD, 0xED, 0xDD, 0x0E, 0xDD, 0xDD, 0xDD, 0x0D, 0xDD,
    0xDD, 0xDD, 0x0D, 0xDD, 0xDD, 0xDD, 0xDD, 0xDD, 0xED, 0xDD, 0xDD, 0x0D, 0x00, 0x00, 0x00, 0x00,
    0xAA, 0xAA, 0xAA, 0xAA, 0xAA, 0xAA, 0xAA, 0xAA, 0x99, 0x00, 0xAA, 0xAA, 0x99, 0x99, 0x0A, 0xAA,
    0x99, 0x99, 0x00, 0xAA, 0x99, 0x99, 0x90, 0xAA, 0x09, 0x99, 0x90, 0x0A, 0x09, 0x90, 0x00, 0x0A,
    0xEE, 0xEE, 0xEE, 0xEE, 0xEE, 0xEE, 0xEE, 0xEE, 0xDD, 0x00, 0xEE, 0xEE, 0xDD, 0xDD, 0x0E, 0xEE,
    0xDD, 0xDD, 0x00, 0xEE, 0xDD, 0xDD, 0xD0, 0xEE, 0x0D, 0xDD, 0xD0, 0x0E, 0x0D, 0xD0, 0x00, 0x0E,
    0x09, 0x90, 0x90, 0x0A, 0x00, 0x90, 0x90, 0x0A, 0x00, 0x90, 0x90, 0x0A, 0x90, 0x90, 0x00, 0x0A,
    0x99, 0x90, 0x09, 0x0A, 0x90, 0x00, 0x99, 0xAA, 0x99, 0x00, 0x00, 0x00, 0x00, 0x00, 0x00, 0xAA,
    0x0D, 0xD0, 0xD0, 0x0E, 0x00, 0xD0, 0xD0, 0x0E, 0x00, 0xD0, 0xD0, 0x0E, 0xD0, 0xD0, 0x00, 0x0E,
    0xDD, 0xD0, 0x0D, 0x0E, 0xD0, 0x00, 0xDD, 0xEE, 0xDD, 0x00, 0x00, 0x00, 0x00, 0x00, 0x00, 0xEE,
    0x22, 0x22, 0x22, 0x22, 0x22, 0x22, 0x22, 0x22, 0x22, 0x22, 0x22, 0x22, 0x22, 0x22, 0x22, 0x22,
    0x22, 0x22, 0x22, 0x00, 0x22, 0x22, 0x22, 0x10, 0x22, 0x22, 0x21, 0x10, 0x22, 0x22, 0x21, 0x10,
    0xAA, 0xAA, 0xAA, 0xAA, 0xAA, 0xAA, 0xAA, 0xAA, 0xAA, 0xAA, 0xAA, 0xAA, 0xAA, 0xAA, 0xAA, 0xAA,
    0xAA, 0xAA, 0xAA, 0x00, 0xAA, 0xAA, 0xAA, 0x90, 0xAA, 0xAA, 0xA9, 0x90, 0xAA, 0xAA, 0xA9, 0x90,
    0xEE, 0xEE, 0xEE, 0xEE, 0xEE, 0xEE, 0xEE, 0xEE, 0xEE, 0xEE, 0xEE, 0xEE, 0xEE, 0xEE, 0xEE, 0xEE,
    0xEE, 0xEE, 0xEE, 0x00, 0xEE, 0xEE, 0xEE, 0xD0, 0xEE, 0xEE, 0xED, 0xD0, 0xEE, 0xEE, 0xED, 0xD0,
    0x22, 0x20, 0x01, 0x10, 0x22, 0x11, 0x01, 0x10, 0x21, 0x11, 0x11, 0x10, 0x21, 0x11, 0x01, 0x10,
    0x21, 0x11, 0x01, 0x00, 0x21, 0x11, 0x01, 0x00, 0x11, 0x11, 0x11, 0x00, 0x11, 0x11, 0x11, 0x00,
    0xAA, 0xA0, 0x09, 0x90, 0xAA, 0x99, 0x09, 0x90, 0xA9, 0x99, 0x99, 0x90, 0xA9, 0x99, 0x09, 0x90,
    0xA9, 0x99, 0x09, 0x00, 0xA9, 0x99, 0x09, 0x00, 0x99, 0x99, 0x99, 0x00, 0x99, 0x99, 0x99, 0x00,
    0xEE, 0xE0, 0x0D, 0xD0, 0xEE, 0xDD, 0x0D, 0xD0, 0xED, 0xDD, 0xDD, 0xD0, 0xED, 0xDD, 0x0D, 0xD0,
    0xED, 0xDD, 0x0D, 0x00, 0xED, 0xDD, 0x0D, 0x00, 0xDD, 0xDD, 0xDD, 0x00, 0xDD, 0xDD, 0xDD, 0x00,
    0x22, 0x11, 0x00, 0x22, 0x21, 0x11, 0x10, 0x02, 0x11, 0x11, 0x11, 0x02, 0x21, 0x11, 0x11, 0x00,
    0x21, 0x11, 0x11, 0x00, 0x21, 0x11, 0x10, 0x00, 0x21, 0x11, 0x11, 0x00, 0x01, 0x11, 0x11, 0x02,
    0xAA, 0x99, 0x00, 0xAA, 0xA9, 0x99, 0x90, 0x0A, 0x99, 0x99, 0x99, 0x0A, 0xA9, 0x99, 0x99, 0x00,
    0xA9, 0x99, 0x99, 0x00, 0xA9, 0x99, 0x90, 0x00, 0xA9, 0x99, 0x99, 0x00, 0x09, 0x99, 0x99, 0x0A,
    0xEE, 0xDD, 0x00, 0xEE, 0xED, 0xDD, 0xD0, 0x0E, 0xDD, 0xDD, 0xDD, 0x0E, 0xED, 0xDD, 0xDD, 0x00,
    0xED, 0xDD, 0xDD, 0x00, 0xED, 0xDD, 0xD0, 0x00, 0xED, 0xDD, 0xDD, 0x00, 0x0D, 0xDD, 0xDD, 0x0E,
    0x11, 0x11, 0x11, 0x12, 0x11, 0x11, 0x11, 0x12, 0x11, 0x11, 0x11, 0x02, 0x21, 0x11, 0x11, 0x00,
    0x01, 0x11, 0x11, 0x00, 0x11, 0x11, 0x11, 0x00, 0x01, 0x11, 0x10, 0x02, 0x01, 0x00, 0x11, 0x02,
    0x99, 0x99, 0x99, 0x9A, 0x99, 0x99, 0x99, 0x9A, 0x99, 0x99, 0x99, 0x0A, 0xA9, 0x99, 0x99, 0x00,
    0x09, 0x99, 0x99, 0x00, 0x99, 0x99, 0x99, 0x00, 0x09, 0x99, 0x90, 0x0A, 0x09, 0x00, 0x99, 0x0A,
    0xDD, 0xDD, 0xDD, 0xDE, 0xDD, 0xDD, 0xDD, 0xDE, 0xDD, 0xDD, 0xDD, 0x0E, 0xED, 0xDD, 0xDD, 0x00,
    0x0D, 0xDD, 0xDD, 0x00, 0xDD, 0xDD, 0xDD, 0x00, 0x0D, 0xDD, 0xD0, 0x0E, 0x0D, 0x00, 0xDD, 0x0E,
    0x22, 0x22, 0x22, 0x22, 0x22, 0x21, 0x02, 0x22, 0x22, 0x11, 0x10, 0x22, 0x21, 0x11, 0x11, 0x02,
    0x01, 0x11, 0x11, 0x02, 0x21, 0x11, 0x11, 0x10, 0x21, 0x11, 0x11, 0x10, 0x21, 0x11, 0x11, 0x00,
    0xAA, 0xAA, 0xAA, 0xAA, 0xAA, 0xA9, 0x0A, 0xAA, 0xAA, 0x99, 0x90, 0xAA, 0xA9, 0x99, 0x99, 0x0A,
    0x09, 0x99, 0x99, 0x0A, 0xA9, 0x99, 0x99, 0x90, 0xA9, 0x99, 0x99, 0x90, 0xA9, 0x99, 0x99, 0x00,
    0xEE, 0xEE, 0xEE, 0xEE, 0xEE, 0xED, 0x0E, 0xEE, 0xEE, 0xDD, 0xD0, 0xEE, 0xED, 0xDD, 0xDD, 0x0E,
    0x0D, 0xDD, 0xDD, 0x0E, 0xED, 0xDD, 0xDD, 0xD0, 0xED, 0xDD, 0xDD, 0xD0, 0xED, 0xDD, 0xDD, 0x00,
    0x11, 0x11, 0x11, 0x02, 0x11, 0x11, 0x10, 0x02, 0x11, 0x11, 0x10, 0x02, 0x21, 0x11, 0x11, 0x00,
    0x01, 0x11, 0x11, 0x10, 0x22, 0x00, 0x11, 0x10, 0x11, 0x11, 0x01, 0x00, 0x11, 0x10, 0x01, 0x10,
    0x99, 0x99, 0x99, 0x0A, 0x99, 0x99, 0x90, 0x0A, 0x99, 0x99, 0x90, 0x0A, 0xA9, 0x99, 0x99, 0x00,
    0x09, 0x99, 0x99, 0x90, 0xAA, 0x00, 0x99, 0x90, 0x99, 0x99, 0x09, 0x00, 0x99, 0x90, 0x09, 0x90,
    0xDD, 0xDD, 0xDD, 0x0E, 0xDD, 0xDD, 0xD0, 0x0E, 0xDD, 0xDD, 0xD0, 0x0E, 0xED, 0xDD, 0xDD, 0x00,
    0x0D, 0xDD, 0xDD, 0xD0, 0xEE, 0x00, 0xDD, 0xD0, 0xDD, 0xDD, 0x0D, 0x00, 0xDD, 0xD0, 0x0D, 0xD0,
    0x22, 0x22, 0x22, 0x22, 0x22, 0x22, 0x22, 0x22, 0x22, 0x22, 0x22, 0x22, 0x22, 0x22, 0x22, 0x22,
    0x22, 0x22, 0x22, 0x22, 0x22, 0x22, 0x22, 0x22, 0x12, 0x22, 0x22, 0x22, 0x11, 0x00, 0x02, 0x22,
    0xAA, 0xAA, 0xAA, 0xAA, 0xAA, 0xAA, 0xAA, 0xAA, 0xAA, 0xAA, 0xAA, 0xAA, 0xAA, 0xAA, 0xAA, 0xAA,
    0xAA, 0xAA, 0xAA, 0xAA, 0xAA, 0xAA, 0xAA, 0xAA, 0x9A, 0xAA, 0xAA, 0xAA, 0x99, 0x00, 0x0A, 0xAA,
    0xEE, 0xEE, 0xEE, 0xEE, 0xEE, 0xEE, 0xEE, 0xEE, 0xEE, 0xEE, 0xEE, 0xEE, 0xEE, 0xEE, 0xEE, 0xEE,
    0xEE, 0xEE, 0xEE, 0xEE, 0xEE, 0xEE, 0xEE, 0xEE, 0xDE, 0xEE, 0xEE, 0xEE, 0xDD, 0x00, 0x0E, 0xEE,
    0x10, 0x11, 0x10, 0x22, 0x11, 0x11, 0x10, 0x22, 0x11, 0x11, 0x11, 0x02, 0x21, 0x11, 0x11, 0x02,
    0x21, 0x11, 0x11, 0x02, 0x21, 0x11, 0x10, 0x02, 0x20, 0x01, 0x10, 0x02, 0x20, 0x00, 0x10, 0x22,
    0x90, 0x99, 0x90, 0xAA, 0x99, 0x99, 0x90, 0xAA, 0x99, 0x99, 0x99, 0x0A, 0xA9, 0x99, 0x99, 0x0A,
    0xA9, 0x99, 0x99, 0x0A, 0xA9, 0x99, 0x90, 0x0A, 0xA0, 0x09, 0x90, 0x0A, 0xA0, 0x00, 0x90, 0xAA,
    0xD0, 0xDD, 0xD0, 0xEE, 0xDD, 0xDD, 0xD0, 0xEE, 0xDD, 0xDD, 0xDD, 0x0E, 0xED, 0xDD, 0xDD, 0x0E,
    0xED, 0xDD, 0xDD, 0x0E, 0xED, 0xDD, 0xD0, 0x0E, 0xE0, 0x0D, 0xD0, 0x0E, 0xE0, 0x00, 0xD0, 0xEE,
    0x11, 0x11, 0x21, 0x11, 0x11, 0x11, 0x21, 0x11, 0x11, 0x10, 0x21, 0x11, 0x11, 0x10, 0x21, 0x11,
    0x11, 0x10, 0x21, 0x11, 0x11, 0x10, 0x21, 0x11, 0x01, 0x00, 0x21, 0x11, 0x20, 0x00, 0x21, 0x11,
    0x99, 0x99, 0xA9, 0x99, 0x99, 0x99, 0xA9, 0x99, 0x99, 0x90, 0xA9, 0x99, 0x99, 0x90, 0xA9, 0x99,
    0x99, 0x90, 0xA9, 0x99, 0x99, 0x90, 0xA9, 0x99, 0x09, 0x00, 0xA9, 0x99, 0xA0, 0x00, 0xA9, 0x99,
    0xDD, 0xDD, 0xED, 0xDD, 0xDD, 0xDD, 0xED, 0xDD, 0xDD, 0xD0, 0xED, 0xDD, 0xDD, 0xD0, 0xED, 0xDD,
    0xDD, 0xD0, 0xED, 0xDD, 0xDD, 0xD0, 0xED, 0xDD, 0x0D, 0x00, 0xED, 0xDD, 0xE0, 0x00, 0xED, 0xDD,
    0x22, 0x20, 0x01, 0x11, 0x22, 0x22, 0x01, 0x01, 0x22, 0x22, 0x20, 0x00, 0x22, 0x22, 0x22, 0x22,
    0x22, 0x22, 0x22, 0x22, 0x22, 0x22, 0x22, 0x22, 0x22, 0x22, 0x22, 0x22, 0x22, 0x22, 0x22, 0x22,
    0xAA, 0xA0, 0x09, 0x99, 0xAA, 0xAA, 0x09, 0x09, 0xAA, 0xAA, 0xA0, 0x00, 0xAA, 0xAA, 0xAA, 0xAA,
    0xAA, 0xAA, 0xAA, 0xAA, 0xAA, 0xAA, 0xAA, 0xAA, 0xAA, 0xAA, 0xAA, 0xAA, 0xAA, 0xAA, 0xAA, 0xAA,
    0xEE, 0xE0, 0x0D, 0xDD, 0xEE, 0xEE, 0x0D, 0x0D, 0xEE, 0xEE, 0xE0, 0x00, 0xEE, 0xEE, 0xEE, 0xEE,
    0xEE, 0xEE, 0xEE, 0xEE, 0xEE, 0xEE, 0xEE, 0xEE, 0xEE, 0xEE, 0xEE, 0xEE, 0xEE, 0xEE, 0xEE, 0xEE,
    0x00, 0x02, 0x11, 0x00, 0x11, 0x02, 0x11, 0x10, 0x11, 0x02, 0x11, 0x10, 0x11, 0x02, 0x11, 0x11,
    0x11, 0x02, 0x11, 0x11, 0x11, 0x02, 0x11, 0x11, 0x11, 0x00, 0x21, 0x11, 0x11, 0x00, 0x02, 0x11,
    0x00, 0x0A, 0x99, 0x00, 0x99, 0x0A, 0x99, 0x90, 0x99, 0x0A, 0x99, 0x90, 0x99, 0x0A, 0x99, 0x99,
    0x99, 0x0A, 0x99, 0x99, 0x99, 0x0A, 0x99, 0x99, 0x99, 0x00, 0xA9, 0x99, 0x99, 0x00, 0x0A, 0x99,
    0x00, 0x0E, 0xDD, 0x00, 0xDD, 0x0E, 0xDD, 0xD0, 0xDD, 0x0E, 0xDD, 0xD0, 0xDD, 0x0E, 0xDD, 0xDD,
    0xDD, 0x0E, 0xDD, 0xDD, 0xDD, 0x0E, 0xDD, 0xDD, 0xDD, 0x00, 0xED, 0xDD, 0xDD, 0x00, 0x0E, 0xDD,
    0x11, 0x00, 0x02, 0x11, 0x10, 0x00, 0x02, 0x11, 0x00, 0x00, 0x02, 0x11, 0x00, 0x00, 0x02, 0x11,
    0x22, 0x22, 0x02, 0x11, 0x22, 0x22, 0x20, 0x11, 0x22, 0x22, 0x20, 0x11, 0x22, 0x22, 0x22, 0x00,
    0x99, 0x00, 0x0A, 0x99, 0x90, 0x00, 0x0A, 0x99, 0x00, 0x00, 0x0A, 0x99, 0x00, 0x00, 0x0A, 0x99,
    0xAA, 0xAA, 0x0A, 0x99, 0xAA, 0xAA, 0xA0, 0x99, 0xAA, 0xAA, 0xA0, 0x99, 0xAA, 0xAA, 0xAA, 0x00,
    0xDD, 0x00, 0x0E, 0xDD, 0xD0, 0x00, 0x0E, 0xDD, 0x00, 0x00, 0x0E, 0xDD, 0x00, 0x00, 0x0E, 0xDD,
    0xEE, 0xEE, 0x0E, 0xDD, 0xEE, 0xEE, 0xE0, 0xDD, 0xEE, 0xEE, 0xE0, 0xDD, 0xEE, 0xEE, 0xEE, 0x00,
    0x11, 0x10, 0x20, 0x02, 0x11, 0x11, 0x00, 0x21, 0x11, 0x11, 0x00, 0x21, 0x21, 0x11, 0x00, 0x21,
    0x21, 0x11, 0x02, 0x11, 0x11, 0x11, 0x02, 0x11, 0x11, 0x11, 0x02, 0x11, 0x11, 0x11, 0x02, 0x11,
    0x99, 0x90, 0xA0, 0x0A, 0x99, 0x99, 0x00, 0xA9, 0x99, 0x99, 0x00, 0xA9, 0xA9, 0x99, 0x00, 0xA9,
    0xA9, 0x99, 0x0A, 0x99, 0x99, 0x99, 0x0A, 0x99, 0x99, 0x99, 0x0A, 0x99, 0x99, 0x99, 0x0A, 0x99,
    0xDD, 0xD0, 0xE0, 0x0E, 0xDD, 0xDD, 0x00, 0xED, 0xDD, 0xDD, 0x00, 0xED, 0xED, 0xDD, 0x00, 0xED,
    0xED, 0xDD, 0x0E, 0xDD, 0xDD, 0xDD, 0x0E, 0xDD, 0xDD, 0xDD, 0x0E, 0xDD, 0xDD, 0xDD, 0x0E, 0xDD,
    0x11, 0x10, 0x02, 0x11, 0x11, 0x10, 0x02, 0x11, 0x21, 0x00, 0x02, 0x01, 0x21, 0x02, 0x22, 0x00,
    0x10, 0x21, 0x11, 0x11, 0x10, 0x21, 0x11, 0x10, 0x12, 0x11, 0x11, 0x11, 0x02, 0x12, 0x11, 0x20,
    0x99, 0x90, 0x0A, 0x99, 0x99, 0x90, 0x0A, 0x99, 0xA9, 0x00, 0x0A, 0x09, 0xA9, 0x0A, 0xAA, 0x00,
    0x90, 0xA9, 0x99, 0x99, 0x90, 0xA9, 0x99, 0x90, 0x9A, 0x99, 0x99, 0x99, 0x0A, 0x9A, 0x99, 0xA0,
    0xDD, 0xD0, 0x0E, 0xDD, 0xDD, 0xD0, 0x0E, 0xDD, 0xED, 0x00, 0x0E, 0x0D, 0xED, 0x0E, 0xEE, 0x00,
    0xD0, 0xED, 0xDD, 0xDD, 0xD0, 0xED, 0xDD, 0xD0, 0xDE, 0xDD, 0xDD, 0xDD, 0x0E, 0xDE, 0xDD, 0xE0,
    0x11, 0x00, 0x20, 0x11, 0x11, 0x11, 0x00, 0x02, 0x11, 0x11, 0x00, 0x10, 0x11, 0x11, 0x10, 0x10,
    0x11, 0x11, 0x10, 0x10, 0x11, 0x11, 0x11, 0x10, 0x11, 0x12, 0x20, 0x02, 0x11, 0x21, 0x11, 0x02,
    0x99, 0x00, 0xA0, 0x99, 0x99, 0x99, 0x00, 0x0A, 0x99, 0x99, 0x00, 0x90, 0x99, 0x99, 0x90, 0x90,
    0x99, 0x99, 0x90, 0x90, 0x99, 0x99, 0x99, 0x90, 0x99, 0x9A, 0xA0, 0x0A, 0x99, 0xA9, 0x99, 0x0A,
    0xDD, 0x00, 0xE0, 0xDD, 0xDD, 0xDD, 0x00, 0x0E, 0xDD, 0xDD, 0x00, 0xD0, 0xDD, 0xDD, 0xD0, 0xD0,
    0xDD, 0xDD, 0xD0, 0xD0, 0xDD, 0xDD, 0xDD, 0xD0, 0xDD, 0xDE, 0xE0, 0x0E, 0xDD, 0xED, 0xDD, 0x0E,
    0x11, 0x21, 0x11, 0x10, 0x11, 0x21, 0x11, 0x10, 0x10, 0x21, 0x11, 0x00, 0x10, 0x21, 0x11, 0x02,
    0x00, 0x21, 0x11, 0x02, 0x00, 0x21, 0x11, 0x02, 0x00, 0x01, 0x10, 0x00, 0x20, 0x02, 0x20, 0x02,
    0x99, 0xA9, 0x99, 0x90, 0x99, 0xA9, 0x99, 0x90, 0x90, 0xA9, 0x99, 0x00, 0x90, 0xA9, 0x99, 0x0A,
    0x00, 0xA9, 0x99, 0x0A, 0x00, 0xA9, 0x99, 0x0A, 0x00, 0x09, 0x90, 0x00, 0xA0, 0x0A, 0xA0, 0x0A,
    0xDD, 0xED, 0xDD, 0xD0, 0xDD, 0xED, 0xDD, 0xD0, 0xD0, 0xED, 0xDD, 0x00, 0xD0, 0xED, 0xDD, 0x0E,
    0x00, 0xED, 0xDD, 0x0E, 0x00, 0xED, 0xDD, 0x0E, 0x00, 0x0D, 0xD0, 0x00, 0xE0, 0x0E, 0xE0, 0x0E,
    0x21, 0x11, 0x11, 0x10, 0x21, 0x11, 0x11, 0x11, 0x21, 0x00, 0x11, 0x11, 0x22, 0x11, 0x01, 0x11,
    0x21, 0x11, 0x01, 0x11, 0x21, 0x11, 0x01, 0x11, 0x21, 0x11, 0x01, 0x11, 0x21, 0x11, 0x01, 0x11,
    0xA9, 0x99, 0x99, 0x90, 0xA9, 0x99, 0x99, 0x99, 0xA9, 0x00, 0x99, 0x99, 0xAA, 0x99, 0x09, 0x99,
    0xA9, 0x99, 0x09, 0x99, 0xA9, 0x99, 0x09, 0x99, 0xA9, 0x99, 0x09, 0x99, 0xA9, 0x99, 0x09, 0x99,
    0xED, 0xDD, 0xDD, 0xD0, 0xED, 0xDD, 0xDD, 0xDD, 0xED, 0x00, 0xDD, 0xDD, 0xEE, 0xDD, 0x0D, 0xDD,
    0xED, 0xDD, 0x0D, 0xDD, 0xED, 0xDD, 0x0D, 0xDD, 0xED, 0xDD, 0x0D, 0xDD, 0xED, 0xDD, 0x0D, 0xDD,
    0x21, 0x11, 0x01, 0x10, 0x21, 0x11, 0x01, 0x10, 0x02, 0x11, 0x01, 0x10, 0x02, 0x11, 0x01, 0x10,
    0x02, 0x11, 0x01, 0x00, 0x02, 0x10, 0x00, 0x02, 0x00, 0x22, 0x22, 0x22, 0x22, 0x22, 0x22, 0x22,
    0xA9, 0x99, 0x09, 0x90, 0xA9, 0x99, 0x09, 0x90, 0x0A, 0x99, 0x09, 0x90, 0x0A, 0x99, 0x09, 0x90,
    0x0A, 0x99, 0x09, 0x00, 0x0A, 0x90, 0x00, 0x0A, 0x00, 0xAA, 0xAA, 0xAA, 0xAA, 0xAA, 0xAA, 0xAA,
    0xED, 0xDD, 0x0D, 0xD0, 0xED, 0xDD, 0x0D, 0xD0, 0x0E, 0xDD, 0x0D, 0xD0, 0x0E, 0xDD, 0x0D, 0xD0,
    0x0E, 0xDD, 0x0D, 0x00, 0x0E, 0xD0, 0x00, 0x0E, 0x00, 0xEE, 0xEE, 0xEE, 0xEE, 0xEE, 0xEE, 0xEE,
    0x00, 0x21, 0x10, 0x00, 0x00, 0x21, 0x11, 0x00, 0x00, 0x21, 0x11, 0x00, 0x00, 0x21, 0x11, 0x02,
    0x00, 0x21, 0x11, 0x02, 0x00, 0x21, 0x00, 0x22, 0x00, 0x00, 0x22, 0x22, 0x00, 0x22, 0x22, 0x22,
    0x00, 0xA9, 0x90, 0x00, 0x00, 0xA9, 0x99, 0x00, 0x00, 0xA9, 0x99, 0x00, 0x00, 0xA9, 0x99, 0x0A,
    0x00, 0xA9, 0x99, 0x0A, 0x00, 0xA9, 0x00, 0xAA, 0x00, 0x00, 0xAA, 0xAA, 0x00, 0xAA, 0xAA, 0xAA,
    0x00, 0xED, 0xD0, 0x00, 0x00, 0xED, 0xDD, 0x00, 0x00, 0xED, 0xDD, 0x00, 0x00, 0xED, 0xDD, 0x0E,
    0x00, 0xED, 0xDD, 0x0E, 0x00, 0xED, 0x00, 0xEE, 0x00, 0x00, 0xEE, 0xEE, 0x00, 0xEE, 0xEE, 0xEE,
    0x02, 0x22, 0x22, 0x22, 0x02, 0x22, 0x22, 0x22, 0x02, 0x22, 0x22, 0x22, 0x02, 0x22, 0x22, 0x22,
    0x22, 0x22, 0x22, 0x22, 0x22, 0x22, 0x22, 0x22, 0x22, 0x22, 0x22, 0x22, 0x22, 0x22, 0x22, 0x22,
    0x0A, 0xAA, 0xAA, 0xAA, 0x0A, 0xAA, 0xAA, 0xAA, 0x0A, 0xAA, 0xAA, 0xAA, 0x0A, 0xAA, 0xAA, 0xAA,
    0xAA, 0xAA, 0xAA, 0xAA, 0xAA, 0xAA, 0xAA, 0xAA, 0xAA, 0xAA, 0xAA, 0xAA, 0xAA, 0xAA, 0xAA, 0xAA,
    0x0E, 0xEE, 0xEE, 0xEE, 0x0E, 0xEE, 0xEE, 0xEE, 0x0E, 0xEE, 0xEE, 0xEE, 0x0E, 0xEE, 0xEE, 0xEE,
    0xEE, 0xEE, 0xEE, 0xEE, 0xEE, 0xEE, 0xEE, 0xEE, 0xEE, 0xEE, 0xEE, 0xEE, 0xEE, 0xEE, 0xEE, 0xEE,
    0x22, 0x22, 0x22, 0x22, 0x22, 0x22, 0x23, 0x33, 0x02, 0x23, 0x31, 0x11, 0x02, 0x31, 0x11, 0x11,
    0x02, 0x31, 0x13, 0x33, 0x13, 0x11, 0x31, 0x00, 0x11, 0x13, 0x11, 0x00, 0x11, 0x13, 0x11, 0x11,
    0xAA, 0xAA, 0xAA, 0xAA, 0xAA, 0xAA, 0xAB, 0xBB, 0x0A, 0xAB, 0xB9, 0x99, 0x0A, 0xB9, 0x99, 0x99,
    0x0A, 0xB9, 0x9B, 0xBB, 0x9B, 0x99, 0xB9, 0x00, 0x99, 0x9B, 0x99, 0x00, 0x99, 0x9B, 0x99, 0x99,
    0xEE, 0xEE, 0xEE, 0xEE, 0xEE, 0xEE, 0xEF, 0xFF, 0x0E, 0xEF, 0xFD, 0xDD, 0x0E, 0xFD, 0xDD, 0xDD,
    0x0E, 0xFD, 0xDF, 0xFF, 0xDF, 0xDD, 0xFD, 0x00, 0xDD, 0xDF, 0xDD, 0x00, 0xDD, 0xDF, 0xDD, 0xDD,
    0x11, 0x13, 0x11, 0x33, 0x11, 0x11, 0x03, 0x01, 0x11, 0x11, 0x31, 0x01, 0x11, 0x22, 0x22, 0x21,
    0x12, 0x11, 0x01, 0x12, 0x20, 0x11, 0x00, 0x10, 0x20, 0x01, 0x00, 0x00, 0x00, 0x01, 0x00, 0x00,
    0x99, 0x9B, 0x99, 0xBB, 0x99, 0x99, 0x0B, 0x09, 0x99, 0x99, 0xB9, 0x09, 0x99, 0xAA, 0xAA, 0xA9,
    0x9A, 0x99, 0x09, 0x9A, 0xA0, 0x99, 0x00, 0x90, 0xA0, 0x09, 0x00, 0x00, 0x00, 0x09, 0x00, 0x00,
    0xDD, 0xDF, 0xDD, 0xFF, 0xDD, 0xDD, 0x0F, 0x0D, 0xDD, 0xDD, 0xFD, 0x0D, 0xDD, 0xEE, 0xEE, 0xED,
    0xDE, 0xDD, 0x0D, 0xDE, 0xE0, 0xDD, 0x00, 0xD0, 0xE0, 0x0D, 0x00, 0x00, 0x00, 0x0D, 0x00, 0x00,
    0x22, 0x22, 0x22, 0x22, 0x33, 0x32, 0x22, 0x23, 0x11, 0x10, 0x02, 0x23, 0x11, 0x11, 0x10, 0x23,
    0x33, 0x31, 0x10, 0x23, 0x00, 0x10, 0x11, 0x01, 0x00, 0x11, 0x01, 0x11, 0x11, 0x11, 0x01, 0x11,
    0xAA, 0xAA, 0xAA, 0xAA, 0xBB, 0xBA, 0xAA, 0xAB, 0x99, 0x90, 0x0A, 0xAB, 0x99, 0x99, 0x90, 0xAB,
    0xBB, 0xB9, 0x90, 0xAB, 0x00, 0x90, 0x99, 0x09, 0x00, 0x99, 0x09, 0x99, 0x99, 0x99, 0x09, 0x99,
    0xEE, 0xEE, 0xEE, 0xEE, 0xFF, 0xFE, 0xEE, 0xEF, 0xDD, 0xD0, 0x0E, 0xEF, 0xDD, 0xDD, 0xD0, 0xEF,
    0xFF, 0xFD, 0xD0, 0xEF, 0x00, 0xD0, 0xDD, 0x0D, 0x00, 0xDD, 0x0D, 0xDD, 0xDD, 0xDD, 0x0D, 0xDD,
    0x33, 0x11, 0x01, 0x11, 0x10, 0x30, 0x11, 0x11, 0x10, 0x13, 0x11, 0x11, 0x12, 0x22, 0x22, 0x11,
    0x21, 0x10, 0x11, 0x21, 0x01, 0x00, 0x11, 0x02, 0x00, 0x00, 0x10, 0x02, 0x00, 0x00, 0x10, 0x00,
    0xBB, 0x99, 0x09, 0x99, 0x90, 0xB0, 0x99, 0x99, 0x90, 0x9B, 0x99, 0x99, 0x9A, 0xAA, 0xAA, 0x99,
    0xA9, 0x90, 0x99, 0xA9, 0x09, 0x00, 0x99, 0x0A, 0x00, 0x00, 0x90, 0x0A, 0x00, 0x00, 0x90, 0x00,
    0xFF, 0xDD, 0x0D, 0xDD, 0xD0, 0xF0, 0xDD, 0xDD, 0xD0, 0xDF, 0xDD, 0xDD, 0xDE, 0xEE, 0xEE, 0xDD,
    0xED, 0xD0, 0xDD, 0xED, 0x0D, 0x00, 0xDD, 0x0E, 0x00, 0x00, 0xD0, 0x0E, 0x00, 0x00, 0xD0, 0x00,
    0x00, 0x00, 0x00, 0x00, 0x00, 0x00, 0x00, 0x00, 0x00, 0x00, 0x00, 0x00, 0x00, 0x00, 0x00, 0x00,
    0x00, 0x00, 0x00, 0x00, 0x00, 0x00, 0x00, 0x00, 0x00, 0x00, 0x00, 0x00, 0x00, 0x00, 0x00, 0x00,
    0x00, 0x00, 0x00, 0x00, 0x00, 0x00, 0x00, 0x00, 0x00, 0x00, 0x00, 0x00, 0x00, 0x00, 0x00, 0x00,
    0x00, 0x00, 0x00, 0x00, 0x00, 0x00, 0x00, 0x00, 0x00, 0x00, 0x00, 0x00, 0x00, 0x00, 0x00, 0x00,
    0x00, 0x00, 0x00, 0x00, 0x00, 0x00, 0x00, 0x00, 0x00, 0x00, 0x00, 0x00, 0x00, 0x00, 0x00, 0x00,
    0x00, 0x00, 0x00, 0x00, 0x00, 0x00, 0x00, 0x00, 0x00, 0x00, 0x00, 0x00, 0x00, 0x00, 0x00, 0x00,
    0xDD, 0xDD, 0xDD, 0xDD, 0xDD, 0xDD, 0xDD, 0xDD, 0xDD, 0xDD, 0xDD, 0xDD, 0xDD, 0xDD, 0xDD, 0xDD,
    0xDD, 0xDD, 0xDD, 0xDD, 0xDD, 0xDD, 0xDD, 0xDD, 0xDD, 0xDD, 0xDD, 0xDD, 0xDD, 0xDD, 0xDD, 0xDD,
    0xAA, 0xAA, 0xAA, 0xAA, 0xAA, 0xAA, 0xAA, 0xAA, 0xAA, 0xAA, 0xAA, 0xAA, 0xAA, 0xAA, 0xAA, 0xAA,
    0xAA, 0xAA, 0xAA, 0xAA, 0xAA, 0xAA, 0xAA, 0xAA, 0xAA, 0xAA, 0xAA, 0xAA, 0xAA, 0xAA, 0xAA, 0xAA,
    0xA9, 0xBA, 0xAA, 0xAA, 0xA9, 0xAA, 0xAA, 0xAA, 0xA9, 0xAA, 0xAA, 0xAA, 0x99, 0x99, 0x99, 0x99,
    0xAA, 0xAA, 0xA9, 0xBA, 0xAA, 0xAA, 0xA9, 0xAA, 0xAA, 0xAA, 0xA9, 0xAA, 0x99, 0x99, 0x99, 0x99
};

const unsigned char bg_sparse_chr_orig_uw[9280] __attribute__((aligned(4))) = {
    0x00, 0x01, 0x11, 0x00, 0x00, 0x03, 0x02, 0x00, 0x00, 0x03, 0x22, 0x00, 0x00, 0x03, 0x02, 0x00,
    0x00, 0x03, 0x22, 0x00, 0x00, 0x03, 0x02, 0x00, 0x00, 0x03, 0x22, 0x00, 0x00, 0x03, 0x02, 0x00,
    0x00, 0x09, 0x99, 0x00, 0x00, 0x0B, 0x0A, 0x00, 0x00, 0x0B, 0xAA, 0x00, 0x00, 0x0B, 0x0A, 0x00,
    0x00, 0x0B, 0xAA, 0x00, 0x00, 0x0B, 0x0A, 0x00, 0x00, 0x0B, 0xAA, 0x00, 0x00, 0x0B, 0x0A, 0x00,
    0x00, 0x0D, 0xDD, 0x00, 0x00, 0x0F, 0x0E, 0x00, 0x00, 0x0F, 0xEE, 0x00, 0x00, 0x0F, 0x0E, 0x00,
    0x00, 0x0F, 0xEE, 0x00, 0x00, 0x0F, 0x0E, 0x00, 0x00, 0x0F, 0xEE, 0x00, 0x00, 0x0F, 0x0E, 0x00,
    0x00, 0x00, 0x10, 0x00, 0x00, 0x11, 0x11, 0x00, 0x01, 0x11, 0x21, 0x00, 0x01, 0x12, 0x11, 0x10,
    0x00, 0x12, 0x21, 0x00, 0x00, 0x00, 0x00, 0x00, 0x00, 0x33, 0x33, 0x00, 0x00, 0x33, 0x33, 0x00,
    0x00, 0x00, 0x90, 0x00, 0x00, 0x99, 0x99, 0x00, 0x09, 0x99, 0xA9, 0x00, 0x09, 0x9A, 0x99, 0x90,
    0x00, 0x9A, 0xA9, 0x00, 0x00, 0x00, 0x00, 0x00, 0x00, 0xBB, 0xBB, 0x00, 0x00, 0xBB, 0xBB, 0x00,
    0x00, 0x00, 0xD0, 0x00, 0x00, 0xDD, 0xDD, 0x00, 0x0D, 0xDD, 0xED, 0x00, 0x0D, 0xDE, 0xDD, 0xD0,
    0x00, 0xDE, 0xED, 0x00, 0x00, 0x00, 0x00, 0x00, 0x00, 0xFF, 0xFF, 0x00, 0x00, 0xFF, 0xFF, 0x00,
    0x00, 0x00, 0x09, 0x99, 0x00, 0x00, 0x99, 0x99, 0x00, 0xA0, 0x9B, 0xBB, 0x00, 0xA0, 0xBB, 0xBB,
    0x00, 0xAA, 0xBA, 0x9A, 0x00, 0xAA, 0xBA, 0xBA, 0x00, 0x0A, 0xAA, 0xAA, 0x00, 0x09, 0x9A, 0xAB,
    0x0B, 0xBB, 0xBB, 0xAA, 0xBB, 0xAB, 0xBB, 0xB9, 0xBA, 0xAA, 0xBB, 0xAB, 0xBB, 0xAB, 0xBB, 0xA9,
    0xBB, 0xAB, 0xBB, 0xAB, 0xBB, 0xBB, 0xBB, 0xA9, 0x0A, 0xAA, 0xAA, 0xB0, 0x00, 0x00, 0xBB, 0xB0,
    0x00, 0x00, 0x09, 0x99, 0x00, 0x00, 0x99, 0x99, 0x00, 0xA0, 0x9B, 0xBB, 0x00, 0xA0, 0xBB, 0xBB,
    0x00, 0xAA, 0xBA, 0x9A, 0x00, 0xAA, 0xBA, 0xBA, 0x00, 0x0A, 0xAA, 0xAA, 0x00, 0x00, 0x9A, 0xAB,
    0x00, 0xBB, 0xBB, 0xBA, 0x0B, 0xBA, 0xBB, 0xBB, 0x0B, 0xAA, 0xAB, 0xBA, 0x0B, 0xBA, 0xBB, 0xBA,
    0x0B, 0xBA, 0xBB, 0xBA, 0x0B, 0xBB, 0xBB, 0xBA, 0x00, 0xAA, 0xAA, 0xA0, 0x00, 0x00, 0x00, 0x00,
    0x00, 0x00, 0x00, 0x00, 0x00, 0x0A, 0x09, 0x00, 0x00, 0x90, 0x90, 0x09, 0x00, 0x90, 0x90, 0x99,
    0x00, 0x00, 0x99, 0x99, 0x0A, 0x90, 0x99, 0xA9, 0x09, 0x99, 0x9A, 0x99, 0x09, 0x99, 0x9A, 0x9A,
    0x09, 0x99, 0xAA, 0x9A, 0x90, 0x9A, 0xAA, 0xAA, 0x99, 0x9A, 0x9A, 0xAB, 0x99, 0x9A, 0xAB, 0xAB,
    0x09, 0x99, 0xAA, 0xBB, 0x09, 0x99, 0xAA, 0xBB, 0x00, 0x99, 0x99, 0xAA, 0x00, 0x00, 0x09, 0x99,
    0x00, 0x00, 0x00, 0x00, 0x00, 0x00, 0x00, 0x00, 0x00, 0x06, 0x76, 0x00, 0x00, 0x75, 0x55, 0x70,
    0x06, 0x55, 0x55, 0x56, 0x07, 0x55, 0x55, 0x55, 0x06, 0x55, 0x55, 0x55, 0x07, 0x55, 0x55, 0x55,
    0x00, 0x00, 0x00, 0x00, 0x00, 0x00, 0x00, 0x00, 0x00, 0x0A, 0xBA, 0x00, 0x00, 0xB9, 0x99, 0xB0,
    0x0A, 0x99, 0x99, 0x9A, 0x0B, 0x99, 0x99, 0x99, 0x0A, 0x99, 0x99, 0x99, 0x0B, 0x99, 0x99, 0x99,
    0x00, 0x00, 0x00, 0x00, 0x00, 0x00, 0x00, 0x00, 0x00, 0x0E, 0xFE, 0x00, 0x00, 0xFD, 0xDD, 0xF0,
    0x0E, 0xDD, 0xDD, 0xDE, 0x0F, 0xDD, 0xDD, 0xDD, 0x0E, 0xDD, 0xDD, 0xDD, 0x0F, 0xDD, 0xDD, 0xDD,
    0xBB, 0xBB, 0xBB, 0xBB, 0xB0, 0x00, 0x00, 0x00, 0xBA, 0xA0, 0x00, 0x00, 0xBA, 0xA9, 0x00, 0x00,
    0xBA, 0xA9, 0xAA, 0xA0, 0xBA, 0xA9, 0xAA, 0xA9, 0xBA, 0xA9, 0xAA, 0xA9, 0xBA, 0xA9, 0xAA, 0xA9,
    0xBA, 0xA9, 0xAA, 0xA9, 0xBA, 0xA9, 0xAA, 0xA9, 0xBA, 0xA9, 0xAA, 0xA9, 0xBA, 0xA9, 0xAA, 0xA9,
    0xBA, 0xA9, 0xAA, 0xA9, 0xBA, 0xA9, 0xAA, 0xA9, 0xBA, 0xA9, 0xAA, 0xA9, 0xBB, 0xBB, 0xBB, 0xBB,
    0xBB, 0xBB, 0xBB, 0xBB, 0x00, 0x00, 0x00, 0x0B, 0x00, 0x00, 0x00, 0x0B, 0x00, 0x00, 0x00, 0x0B,
    0x00, 0x00, 0x00, 0x0B, 0x00, 0x00, 0x00, 0x0B, 0xAA, 0xA0, 0x00, 0x0B, 0xAA, 0xA9, 0x00, 0x0B,
    0xAA, 0xA9, 0xAA, 0xAB, 0xAA, 0xA9, 0xAA, 0xAB, 0xAA, 0xA9, 0xAA, 0xAB, 0xAA, 0xA9, 0xAA, 0xAB,
    0xAA, 0xA9, 0xAA, 0xAB, 0xAA, 0xA9, 0xAA, 0xAB, 0xAA, 0xA9, 0xAA, 0xAB, 0xBB, 0xBB, 0xBB, 0xBB,
    0x23, 0x33, 0x33, 0x33, 0x32, 0x22, 0x22, 0x22, 0x32, 0x22, 0x22, 0x22, 0x32, 0x22, 0x22, 0x22,
    0x32, 0x22, 0x22, 0x22, 0x32, 0x22, 0x22, 0x22, 0x32, 0x22, 0x22, 0x22, 0x32, 0x22, 0x22, 0x22,
    0xAB, 0xBB, 0xBB, 0xBB, 0xBA, 0xAA, 0xAA, 0xAA, 0xBA, 0xAA, 0xAA, 0xAA, 0xBA, 0xAA, 0xAA, 0xAA,
    0xBA, 0xAA, 0xAA, 0xAA, 0xBA, 0xAA, 0xAA, 0xAA, 0xBA, 0xAA, 0xAA, 0xAA, 0xBA, 0xAA, 0xAA, 0xAA,
    0xEF, 0xFF, 0xFF, 0xFF, 0xFE, 0xEE, 0xEE, 0xEE, 0xFE, 0xEE, 0xEE, 0xEE, 0xFE, 0xEE, 0xEE, 0xEE,
    0xFE, 0xEE, 0xEE, 0xEE, 0xFE, 0xEE, 0xEE, 0xEE, 0xFE, 0xEE, 0xEE, 0xEE, 0xFE, 0xEE, 0xEE, 0xEE,
    0x32, 0x22, 0x22, 0x22, 0x32, 0x22, 0x22, 0x22, 0x32, 0x22, 0x22, 0x22, 0x32, 0x22, 0x22, 0x22,
    0x32, 0x22, 0x22, 0x22, 0x32, 0x22, 0x22, 0x22, 0x32, 0x22, 0x22, 0x22, 0x20, 0x00, 0x00, 0x00,
    0xBA, 0xAA, 0xAA, 0xAA, 0xBA, 0xAA, 0xAA, 0xAA, 0xBA, 0xAA, 0xAA, 0xAA, 0xBA, 0xAA, 0xAA, 0xAA,
    0xBA, 0xAA, 0xAA, 0xAA, 0xBA, 0xAA, 0xAA, 0xAA, 0xBA, 0xAA, 0xAA, 0xAA, 0xA0, 0x00, 0x00, 0x00,
    0xFE, 0xEE, 0xEE, 0xEE, 0xFE, 0xEE, 0xEE, 0xEE, 0xFE, 0xEE, 0xEE, 0xEE, 0xFE, 0xEE, 0xEE, 0xEE,
    0xFE, 0xEE, 0xEE, 0xEE, 0xFE, 0xEE, 0xEE, 0xEE, 0xFE, 0xEE, 0xEE, 0xEE, 0xE0, 0x00, 0x00, 0x00,
    0xBB, 0xBB, 0xBB, 0xBA, 0xAA, 0xAA, 0xAA, 0xA0, 0xAA, 0xAA, 0xAA, 0xA0, 0xAA, 0xAA, 0xAA, 0xA0,
    0xAA, 0xAA, 0xAA, 0xA0, 0xAA, 0xAA, 0xAA, 0xA0, 0xAA, 0xAA, 0xAA, 0xA0, 0xAA, 0xAA, 0xAA, 0xA0,
    0xFF, 0xFF, 0xFF, 0xFE, 0xEE, 0xEE, 0xEE, 0xE0, 0xEE, 0xEE, 0xEE, 0xE0, 0xEE, 0xEE, 0xEE, 0xE0,
    0xEE, 0xEE, 0xEE, 0xE0, 0xEE, 0xEE, 0xEE, 0xE0, 0xEE, 0xEE, 0xEE, 0xE0, 0xEE, 0xEE, 0xEE, 0xE0,
    0xAA, 0xAA, 0xAA, 0xA0, 0xAA, 0xAA, 0xAA, 0xA0, 0xAA, 0xAA, 0xAA, 0xA0, 0xAA, 0xAA, 0xAA, 0xA0,
    0xAA, 0xAA, 0xAA, 0xA0, 0xAA, 0xAA, 0xAA, 0xA0, 0xAA, 0xAA, 0xAA, 0xA0, 0x00, 0x00, 0x00, 0x0A,
    0xEE, 0xEE, 0xEE, 0xE0, 0xEE, 0xEE, 0xEE, 0xE0, 0xEE, 0xEE, 0xEE, 0xE0, 0xEE, 0xEE, 0xEE, 0xE0,
    0xEE, 0xEE, 0xEE, 0xE0, 0xEE, 0xEE, 0xEE, 0xE0, 0xEE, 0xEE, 0xEE, 0xE0, 0x00, 0x00, 0x00, 0x0E,
    0xAA, 0xAA, 0xAA, 0xAA, 0xAA, 0xAA, 0xAA, 0xAA, 0xAA, 0xAA, 0xAA, 0xAA, 0xAA, 0xAA, 0xAA, 0xAA,
    0x99, 0x99, 0x99, 0x99, 0xBB, 0xBB, 0xBB, 0xBB, 0xAA, 0xAA, 0xAA, 0xAA, 0xAA, 0xAA, 0xAA, 0xAA,
    0xEE, 0xEE, 0xEE, 0xEE, 0xEE, 0xEE, 0xEE, 0xEE, 0xEE, 0xEE, 0xEE, 0xEE, 0xEE, 0xEE, 0xEE, 0xEE,
    0xDD, 0xDD, 0xDD, 0xDD, 0xFF, 0xFF, 0xFF, 0xFF, 0xEE, 0xEE, 0xEE, 0xEE, 0xEE, 0xEE, 0xEE, 0xEE,
    0xBA, 0xA0, 0x00, 0x00, 0xBA, 0xA9, 0x99, 0x99, 0xBA, 0xA9, 0x99, 0x99, 0xBA, 0xAA, 0x99, 0x99,
    0x9B, 0xAA, 0x99, 0x99, 0xAB, 0xAA, 0x99, 0x99, 0xAB, 0xAA, 0xA9, 0x99, 0xAA, 0xBA, 0xA9, 0x99,
    0xFE, 0xE0, 0x00, 0x00, 0xFE, 0xED, 0xDD, 0xDD, 0xFE, 0xED, 0xDD, 0xDD, 0xFE, 0xEE, 0xDD, 0xDD,
    0xDF, 0xEE, 0xDD, 0xDD, 0xEF, 0xEE, 0xDD, 0xDD, 0xEF, 0xEE, 0xED, 0xDD, 0xEE, 0xFE, 0xED, 0xDD,
    0xAA, 0xBA, 0xA9, 0x99, 0xAA, 0xBA, 0xAA, 0x99, 0xAA, 0xAB, 0xAA, 0x99, 0x99, 0x9B, 0xAA, 0x99,
    0xBB, 0x9B, 0xAA, 0xA9, 0xAA, 0xAA, 0xBA, 0xA9, 0xAA, 0xAA, 0xBA, 0xA9, 0xAA, 0xA0, 0xBA, 0xA0,
    0xEE, 0xFE, 0xED, 0xDD, 0xEE, 0xFE, 0xEE, 0xDD, 0xEE, 0xEF, 0xEE, 0xDD, 0xDD, 0xDF, 0xEE, 0xDD,
    0xFF, 0xDF, 0xEE, 0xED, 0xEE, 0xEE, 0xFE, 0xED, 0xEE, 0xEE, 0xFE, 0xED, 0xEE, 0xE0, 0xFE, 0xE0,
    0x00, 0x00, 0x0A, 0xA9, 0x99, 0x99, 0x9A, 0xA9, 0x99, 0x99, 0x9A, 0xA9, 0x99, 0x99, 0xAA, 0xA9,
    0x99, 0x99, 0xAA, 0x9B, 0x99, 0x99, 0xAA, 0x9A, 0x99, 0x9A, 0xAA, 0x9A, 0x99, 0x9A, 0xA9, 0xAA,
    0x00, 0x00, 0x0E, 0xED, 0xDD, 0xDD, 0xDE, 0xED, 0xDD, 0xDD, 0xDE, 0xED, 0xDD, 0xDD, 0xEE, 0xED,
    0xDD, 0xDD, 0xEE, 0xDF, 0xDD, 0xDD, 0xEE, 0xDE, 0xDD, 0xDE, 0xEE, 0xDE, 0xDD, 0xDE, 0xED, 0xEE,
    0x99, 0x9A, 0xA9, 0xAA, 0x99, 0xAA, 0xA9, 0xAA, 0x99, 0xAA, 0x9A, 0xAA, 0x99, 0xAA, 0x99, 0x99,
    0x9A, 0xAA, 0x9B, 0xBB, 0x9A, 0xA9, 0xAA, 0xAA, 0x9A, 0xA9, 0xAA, 0xAA, 0x0A, 0xA9, 0x0A, 0xAA,
    0xDD, 0xDE, 0xED, 0xEE, 0xDD, 0xEE, 0xED, 0xEE, 0xDD, 0xEE, 0xDE, 0xEE, 0xDD, 0xEE, 0xDD, 0xDD,
    0xDE, 0xEE, 0xDF, 0xFF, 0xDE, 0xED, 0xEE, 0xEE, 0xDE, 0xED, 0xEE, 0xEE, 0x0E, 0xED, 0x0E, 0xEE,
    0xAA, 0xAA, 0xAA, 0xAA, 0xAA, 0xAA, 0xAA, 0xAA, 0xBB, 0xBB, 0xBB, 0xBB, 0x99, 0x99, 0x99, 0x99,
    0xAA, 0xAA, 0xAA, 0xAA, 0xAA, 0xAA, 0xAA, 0xAA, 0xAA, 0xAA, 0xAA, 0xAA, 0xAA, 0xAA, 0xAA, 0xAA,
    0xEE, 0xEE, 0xEE, 0xEE, 0xEE, 0xEE, 0xEE, 0xEE, 0xFF, 0xFF, 0xFF, 0xFF, 0xDD, 0xDD, 0xDD, 0xDD,
    0xEE, 0xEE, 0xEE, 0xEE, 0xEE, 0xEE, 0xEE, 0xEE, 0xEE, 0xEE, 0xEE, 0xEE, 0xEE, 0xEE, 0xEE, 0xEE,
    0xAA, 0xA0, 0xBA, 0xA0, 0xAA, 0xAA, 0xBA, 0xA9, 0xAA, 0xAA, 0xBA, 0xA9, 0xBB, 0x9B, 0xAA, 0xA9,
    0x99, 0x9B, 0xAA, 0x99, 0xAA, 0xAB, 0xAA, 0x99, 0xAA, 0xBA, 0xAA, 0x99, 0xAA, 0xBA, 0xA9, 0x99,
    0xEE, 0xE0, 0xFE, 0xE0, 0xEE, 0xEE, 0xFE, 0xED, 0xEE, 0xEE, 0xFE, 0xED, 0xFF, 0xDF, 0xEE, 0xED,
    0xDD, 0xDF, 0xEE, 0xDD, 0xEE, 0xEF, 0xEE, 0xDD, 0xEE, 0xFE, 0xEE, 0xDD, 0xEE, 0xFE, 0xED, 0xDD,
    0xAA, 0xBA, 0xA9, 0x99, 0xAB, 0xAA, 0xA9, 0x99, 0xAB, 0xAA, 0x99, 0x99, 0x9B, 0xAA, 0x99, 0x99,
    0xBA, 0xAA, 0x99, 0x99, 0xBA, 0xA9, 0x99, 0x99, 0xBA, 0xA9, 0x99, 0x99, 0xBA, 0xA0, 0x00, 0x00,
    0xEE, 0xFE, 0xED, 0xDD, 0xEF, 0xEE, 0xED, 0xDD, 0xEF, 0xEE, 0xDD, 0xDD, 0xDF, 0xEE, 0xDD, 0xDD,
    0xFE, 0xEE, 0xDD, 0xDD, 0xFE, 0xED, 0xDD, 0xDD, 0xFE, 0xED, 0xDD, 0xDD, 0xFE, 0xE0, 0x00, 0x00,
    0x0A, 0xA9, 0x0A, 0xAA, 0x9A, 0xA9, 0xAA, 0xAA, 0x9A, 0xA9, 0xAA, 0xAA, 0x9A, 0xAA, 0x9B, 0xBB,
    0x99, 0xAA, 0x99, 0x99, 0x99, 0xAA, 0x9A, 0xAA, 0x99, 0xAA, 0xA9, 0xAA, 0x99, 0x9A, 0xA9, 0xAA,
    0x0E, 0xED, 0x0E, 0xEE, 0xDE, 0xED, 0xEE, 0xEE, 0xDE, 0xED, 0xEE, 0xEE, 0xDE, 0xEE, 0xDF, 0xFF,
    0xDD, 0xEE, 0xDD, 0xDD, 0xDD, 0xEE, 0xDE, 0xEE, 0xDD, 0xEE, 0xED, 0xEE, 0xDD, 0xDE, 0xED, 0xEE,
    0x99, 0x9A, 0xA9, 0xAA, 0x99, 0x9A, 0xAA, 0x9A, 0x99, 0x99, 0xAA, 0x9A, 0x99, 0x99, 0xAA, 0x9B,
    0x99, 0x99, 0xAA, 0xA9, 0x99, 0x99, 0x9A, 0xA9, 0x99, 0x99, 0x9A, 0xA9, 0x00, 0x00, 0x0A, 0xA9,
    0xDD, 0xDE, 0xED, 0xEE, 0xDD, 0xDE, 0xEE, 0xDE, 0xDD, 0xDD, 0xEE, 0xDE, 0xDD, 0xDD, 0xEE, 0xDF,
    0xDD, 0xDD, 0xEE, 0xED, 0xDD, 0xDD, 0xDE, 0xED, 0xDD, 0xDD, 0xDE, 0xED, 0x00, 0x00, 0x0E, 0xED,
    0xAA, 0xAA, 0x9B, 0xAA, 0xAA, 0xAA, 0x9B, 0xAA, 0xAA, 0xAA, 0x9B, 0xAA, 0xAA, 0xAA, 0x9B, 0xAA,
    0xAA, 0xAA, 0x9B, 0xAA, 0xAA, 0xAA, 0x9B, 0xAA, 0xAA, 0xAA, 0x9B, 0xAA, 0xAA, 0xAA, 0x9B, 0xAA,
    0xEE, 0xEE, 0xDF, 0xEE, 0xEE, 0xEE, 0xDF, 0xEE, 0xEE, 0xEE, 0xDF, 0xEE, 0xEE, 0xEE, 0xDF, 0xEE,
    0xEE, 0xEE, 0xDF, 0xEE, 0xEE, 0xEE, 0xDF, 0xEE, 0xEE, 0xEE, 0xDF, 0xEE, 0xEE, 0xEE, 0xDF, 0xEE,
    0xBB, 0xBB, 0x9A, 0xAA, 0xAA, 0xAA, 0xBB, 0xBA, 0xAA, 0xAA, 0xAA, 0xAB, 0x09, 0x9A, 0xAA, 0xAA,
    0x09, 0x99, 0x99, 0xAA, 0x09, 0x99, 0x99, 0x99, 0x09, 0x99, 0x99, 0x99, 0x09, 0x99, 0x99, 0x99,
    0xFF, 0xFF, 0xDE, 0xEE, 0xEE, 0xEE, 0xFF, 0xFE, 0xEE, 0xEE, 0xEE, 0xEF, 0x0D, 0xDE, 0xEE, 0xEE,
    0x0D, 0xDD, 0xDD, 0xEE, 0x0D, 0xDD, 0xDD, 0xDD, 0x0D, 0xDD, 0xDD, 0xDD, 0x0D, 0xDD, 0xDD, 0xDD,
    0x09, 0x99, 0x99, 0x99, 0x09, 0x99, 0x99, 0x99, 0x09, 0x99, 0x99, 0x99, 0x09, 0x99, 0x99, 0xAA,
    0x09, 0x9A, 0xAA, 0xAA, 0xAA, 0xAA, 0xAA, 0xA9, 0xAA, 0xAA, 0x99, 0x9A, 0x99, 0x99, 0xBA, 0xAA,
    0x0D, 0xDD, 0xDD, 0xDD, 0x0D, 0xDD, 0xDD, 0xDD, 0x0D, 0xDD, 0xDD, 0xDD, 0x0D, 0xDD, 0xDD, 0xEE,
    0x0D, 0xDE, 0xEE, 0xEE, 0xEE, 0xEE, 0xEE, 0xED, 0xEE, 0xEE, 0xDD, 0xDE, 0xDD, 0xDD, 0xFE, 0xEE,
    0xAA, 0xA9, 0xBA, 0xAA, 0xAA, 0xA9, 0xBA, 0xAA, 0xBB, 0xA9, 0x9A, 0xAA, 0xAA, 0xBB, 0xBA, 0xA0,
    0xAA, 0xAA, 0xAB, 0xBB, 0x9A, 0xAA, 0xAA, 0xAA, 0x99, 0x99, 0xAA, 0xAA, 0x99, 0x99, 0x99, 0x90,
    0xEE, 0xED, 0xFE, 0xEE, 0xEE, 0xED, 0xFE, 0xEE, 0xFF, 0xED, 0xDE, 0xEE, 0xEE, 0xFF, 0xFE, 0xE0,
    0xEE, 0xEE, 0xEF, 0xFF, 0xDE, 0xEE, 0xEE, 0xEE, 0xDD, 0xDD, 0xEE, 0xEE, 0xDD, 0xDD, 0xDD, 0xD0,
    0x99, 0x99, 0x99, 0x90, 0x99, 0x99, 0xAA, 0xAA, 0x9A, 0xAA, 0xAA, 0xAA, 0xAA, 0xAA, 0xA9, 0x99,
    0xAA, 0x99, 0x9A, 0xA0, 0x99, 0xA9, 0xBA, 0xAA, 0xAA, 0xA9, 0xBA, 0xAA, 0xAA, 0xA9, 0xBA, 0xAA,
    0xDD, 0xDD, 0xDD, 0xD0, 0xDD, 0xDD, 0xEE, 0xEE, 0xDE, 0xEE, 0xEE, 0xEE, 0xEE, 0xEE, 0xED, 0xDD,
    0xEE, 0xDD, 0xDE, 0xE0, 0xDD, 0xED, 0xFE, 0xEE, 0xEE, 0xED, 0xFE, 0xEE, 0xEE, 0xED, 0xFE, 0xEE,
    0xEE, 0xFD, 0xEE, 0xEE, 0xEE, 0xFD, 0xEE, 0xEE, 0xEE, 0xFD, 0xEE, 0xEE, 0xEE, 0xFD, 0xEE, 0xEE,
    0xEE, 0xFD, 0xEE, 0xEE, 0xEE, 0xFD, 0xEE, 0xEE, 0xEE, 0xFD, 0xEE, 0xEE, 0xEE, 0xFD, 0xEE, 0xEE,
    0xEE, 0xEF, 0xDE, 0xEE, 0xEE, 0xEF, 0xDE, 0xEE, 0xEE, 0xED, 0xDE, 0xFF, 0x0E, 0xEF, 0xFF, 0xEE,
    0xFF, 0xFE, 0xEE, 0xEE, 0xEE, 0xEE, 0xEE, 0xED, 0xEE, 0xEE, 0xDD, 0xDD, 0x0D, 0xDD, 0xDD, 0xDD,
    0x0D, 0xDD, 0xDD, 0xDD, 0xEE, 0xEE, 0xDD, 0xDD, 0xEE, 0xEE, 0xEE, 0xED, 0xDD, 0xDE, 0xEE, 0xEE,
    0x0E, 0xED, 0xDD, 0xEE, 0xEE, 0xEF, 0xDE, 0xDD, 0xEE, 0xEF, 0xDE, 0xEE, 0xEE, 0xEF, 0xDE, 0xEE,
    0xEE, 0xED, 0xFF, 0xFF, 0xEF, 0xFF, 0xEE, 0xEE, 0xFE, 0xEE, 0xEE, 0xEE, 0xEE, 0xEE, 0xED, 0xD0,
    0xEE, 0xDD, 0xDD, 0xD0, 0xDD, 0xDD, 0xDD, 0xD0, 0xDD, 0xDD, 0xDD, 0xD0, 0xDD, 0xDD, 0xDD, 0xD0,
    0xDD, 0xDD, 0xDD, 0xD0, 0xDD, 0xDD, 0xDD, 0xD0, 0xDD, 0xDD, 0xDD, 0xD0, 0xEE, 0xDD, 0xDD, 0xD0,
    0xEE, 0xEE, 0xED, 0xD0, 0xDE, 0xEE, 0xEE, 0xEE, 0xED, 0xDD, 0xEE, 0xEE, 0xEE, 0xEF, 0xDD, 0xDD,
    0xE0, 0xE0, 0xEE, 0xEE, 0xEE, 0x0E, 0xEE, 0x0E, 0x0E, 0xE0, 0xEE, 0xE0, 0x0E, 0xE0, 0xE0, 0x00,
    0xE0, 0xE0, 0x00, 0x00, 0xEE, 0x00, 0x00, 0x00, 0xE0, 0x00, 0x00, 0x00, 0xE0, 0x00, 0x00, 0x00,
    0xA0, 0xAA, 0xAA, 0xAA, 0x0A, 0xAA, 0x0A, 0xA0, 0x0A, 0xA0, 0xAA, 0xA0, 0x00, 0x0A, 0xAA, 0xA0,
    0x00, 0x00, 0x0A, 0x0A, 0x00, 0x00, 0x00, 0xAA, 0x00, 0x00, 0x00, 0x0A, 0x00, 0x00, 0x00, 0x0A,
    0xE0, 0xEE, 0xEE, 0xEE, 0x0E, 0xEE, 0x0E, 0xE0, 0x0E, 0xE0, 0xEE, 0xE0, 0x00, 0x0E, 0xEE, 0xE0,
    0x00, 0x00, 0x0E, 0x0E, 0x00, 0x00, 0x00, 0xEE, 0x00, 0x00, 0x00, 0x0E, 0x00, 0x00, 0x00, 0x0E,
    0xA0, 0x00, 0x00, 0x00, 0xA0, 0x00, 0x00, 0x00, 0xAA, 0x00, 0x00, 0x00, 0xA0, 0xA0, 0x00, 0x00,
    0x0A, 0xAA, 0xA0, 0x00, 0x0A, 0xAA, 0x0A, 0xA0, 0x0A, 0xA0, 0xAA, 0xA0, 0xAA, 0xAA, 0xAA, 0x0A,
    0xE0, 0x00, 0x00, 0x00, 0xE0, 0x00, 0x00, 0x00, 0xEE, 0x00, 0x00, 0x00, 0xE0, 0xE0, 0x00, 0x00,
    0x0E, 0xEE, 0xE0, 0x00, 0x0E, 0xEE, 0x0E, 0xE0, 0x0E, 0xE0, 0xEE, 0xE0, 0xEE, 0xEE, 0xEE, 0x0E,
    0x00, 0x00, 0x00, 0x0A, 0x00, 0x00, 0x00, 0x0A, 0x00, 0x00, 0x00, 0xAA, 0x00, 0x00, 0x0A, 0x0A,
    0x00, 0x0A, 0x0A, 0xA0, 0x0A, 0xAA, 0x0A, 0xA0, 0xA0, 0xAA, 0xA0, 0xAA, 0xAA, 0xAA, 0x0A, 0x0A,
    0x00, 0x00, 0x00, 0x0E, 0x00, 0x00, 0x00, 0x0E, 0x00, 0x00, 0x00, 0xEE, 0x00, 0x00, 0x0E, 0x0E,
    0x00, 0x0E, 0x0E, 0xE0, 0x0E, 0xEE, 0x0E, 0xE0, 0xE0, 0xEE, 0xE0, 0xEE, 0xEE, 0xEE, 0x0E, 0x0E,
    0xAA, 0x0A, 0xA0, 0xAA, 0xAA, 0xA0, 0xAA, 0x00, 0xAA, 0xA0, 0xA0, 0x00, 0xAA, 0xAA, 0x00, 0x00,
    0xAA, 0xAA, 0x00, 0x00, 0x0A, 0xA0, 0x00, 0x00, 0xA0, 0xA0, 0x00, 0x00, 0xA0, 0x00, 0x00, 0x00,
    0xEE, 0x0E, 0xE0, 0xEE, 0xEE, 0xE0, 0xEE, 0x00, 0xEE, 0xE0, 0xE0, 0x00, 0xEE, 0xEE, 0x00, 0x00,
    0xEE, 0xEE, 0x00, 0x00, 0x0E, 0xE0, 0x00, 0x00, 0xE0, 0xE0, 0x00, 0x00, 0xE0, 0x00, 0x00, 0x00,
    0xAA, 0x00, 0x00, 0x00, 0xA0, 0xA0, 0x00, 0x00, 0xAA, 0xA0, 0x00, 0x00, 0xAA, 0xAA, 0x00, 0x00,
    0xAA, 0xAA, 0x00, 0x00, 0xAA, 0xA0, 0xA0, 0x00, 0xAA, 0x0A, 0xAA, 0x00, 0xA0, 0xAA, 0xAA, 0xAA,
    0xEE, 0x00, 0x00, 0x00, 0xE0, 0xE0, 0x00, 0x00, 0xEE, 0xE0, 0x00, 0x00, 0xEE, 0xEE, 0x00, 0x00,
    0xEE, 0xEE, 0x00, 0x00, 0xEE, 0xE0, 0xE0, 0x00, 0xEE, 0x0E, 0xEE, 0x00, 0xE0, 0xEE, 0xEE, 0xEE,
    0xAA, 0x0A, 0xA0, 0xAA, 0x00, 0xAA, 0x0A, 0xAA, 0x00, 0x0A, 0x0A, 0xAA, 0x00, 0x00, 0xAA, 0xAA,
    0x00, 0x00, 0xAA, 0xAA, 0x00, 0x00, 0x0A, 0xA0, 0x00, 0x00, 0x0A, 0x0A, 0x00, 0x00, 0x00, 0x0A,
    0xEE, 0x0E, 0xE0, 0xEE, 0x00, 0xEE, 0x0E, 0xEE, 0x00, 0x0E, 0x0E, 0xEE, 0x00, 0x00, 0xEE, 0xEE,
    0x00, 0x00, 0xEE, 0xEE, 0x00, 0x00, 0x0E, 0xE0, 0x00, 0x00, 0x0E, 0x0E, 0x00, 0x00, 0x00, 0x0E,
    0x00, 0x00, 0x00, 0xAA, 0x00, 0x00, 0x0A, 0x0A, 0x00, 0x00, 0x0A, 0xAA, 0x00, 0x00, 0xAA, 0xAA,
    0x00, 0x00, 0xAA, 0xAA, 0x00, 0x0A, 0x0A, 0xAA, 0x00, 0xAA, 0xA0, 0xAA, 0xAA, 0xAA, 0xAA, 0x0A,
    0x00, 0x00, 0x00, 0xEE, 0x00, 0x00, 0x0E, 0x0E, 0x00, 0x00, 0x0E, 0xEE, 0x00, 0x00, 0xEE, 0xEE,
    0x00, 0x00, 0xEE, 0xEE, 0x00, 0x0E, 0x0E, 0xEE, 0x00, 0xEE, 0xE0, 0xEE, 0xEE, 0xEE, 0xEE, 0x0E,
    0xA0, 0x0A, 0xAA, 0xAB, 0x09, 0x90, 0xAB, 0x9B, 0x09, 0x99, 0x0B, 0xB9, 0x09, 0x90, 0x90, 0x09,
    0x09, 0x9A, 0x09, 0x09, 0xA0, 0x9A, 0x00, 0x90, 0xA0, 0x99, 0xA0, 0x90, 0xA0, 0x09, 0xAA, 0x90,
    0xE0, 0x0E, 0xEE, 0xEF, 0x0D, 0xD0, 0xEF, 0xDF, 0x0D, 0xDD, 0x0F, 0xFD, 0x0D, 0xD0, 0xD0, 0x0D,
    0x0D, 0xDE, 0x0D, 0x0D, 0xE0, 0xDE, 0x00, 0xD0, 0xE0, 0xDD, 0xE0, 0xD0, 0xE0, 0x0D, 0xEE, 0xD0,
    0x00, 0x09, 0x99, 0x99, 0x09, 0x00, 0xB9, 0xB9, 0x09, 0x09, 0xBB, 0xB0, 0x09, 0x09, 0x9B, 0xB0,
    0x09, 0x09, 0xBB, 0xB0, 0xA0, 0x90, 0x9B, 0xB0, 0xAA, 0x09, 0x99, 0x9B, 0xAA, 0x09, 0x99, 0x99,
    0x00, 0x0D, 0xDD, 0xDD, 0x0D, 0x00, 0xFD, 0xFD, 0x0D, 0x0D, 0xFF, 0xF0, 0x0D, 0x0D, 0xDF, 0xF0,
    0x0D, 0x0D, 0xFF, 0xF0, 0xE0, 0xD0, 0xDF, 0xF0, 0xEE, 0x0D, 0xDD, 0xDF, 0xEE, 0x0D, 0xDD, 0xDD,
    0xB9, 0xBB, 0x9B, 0xB0, 0xB9, 0xB9, 0xBB, 0x0A, 0xB9, 0xB9, 0xB0, 0xAA, 0x90, 0x09, 0x90, 0x0A,
    0x0B, 0xB0, 0x99, 0x90, 0xBB, 0x0B, 0x99, 0x90, 0xBB, 0x00, 0x99, 0x0A, 0xBB, 0x99, 0x9B, 0x0A,
    0xFD, 0xFF, 0xDF, 0xF0, 0xFD, 0xFD, 0xFF, 0x0E, 0xFD, 0xFD, 0xF0, 0xEE, 0xD0, 0x0D, 0xD0, 0x0E,
    0x0F, 0xF0, 0xDD, 0xD0, 0xFF, 0x0F, 0xDD, 0xD0, 0xFF, 0x00, 0xDD, 0x0E, 0xFF, 0xDD, 0xDF, 0x0E,
    0x00, 0x90, 0x0B, 0xAA, 0x09, 0x00, 0x00, 0xAA, 0x99, 0x00, 0x0A, 0xAA, 0x90, 0x00, 0x00, 0xAA,
    0x90, 0x00, 0x99, 0x0A, 0x90, 0x09, 0x99, 0x90, 0x09, 0x9A, 0xAA, 0xA0, 0x9A, 0xA9, 0x99, 0x0A,
    0x00, 0xD0, 0x0F, 0xEE, 0x0D, 0x00, 0x00, 0xEE, 0xDD, 0x00, 0x0E, 0xEE, 0xD0, 0x00, 0x00, 0xEE,
    0xD0, 0x00, 0xDD, 0x0E, 0xD0, 0x0D, 0xDD, 0xD0, 0x0D, 0xDE, 0xEE, 0xE0, 0xDE, 0xED, 0xDD, 0x0E,
    0x00, 0x00, 0x00, 0x00, 0x99, 0x99, 0x99, 0x99, 0x99, 0x99, 0x99, 0x99, 0xBB, 0xBB, 0xBB, 0xBB,
    0xB9, 0x99, 0x99, 0x99, 0xB9, 0x99, 0x99, 0x99, 0xB9, 0x99, 0x99, 0x90, 0x9B, 0x99, 0x99, 0x00,
    0x00, 0x00, 0x00, 0x00, 0xDD, 0xDD, 0xDD, 0xDD, 0xDD, 0xDD, 0xDD, 0xDD, 0xFF, 0xFF, 0xFF, 0xFF,
    0xFD, 0xDD, 0xDD, 0xDD, 0xFD, 0xDD, 0xDD, 0xDD, 0xFD, 0xDD, 0xDD, 0xD0, 0xDF, 0xDD, 0xDD, 0x00,
    0x9B, 0x99, 0x99, 0x00, 0x9B, 0x99, 0x99, 0x90, 0x9B, 0x99, 0x99, 0x90, 0x99, 0xB9, 0x99, 0x90,
    0x99, 0xB9, 0x99, 0x90, 0x99, 0xB9, 0x99, 0x99, 0x99, 0xB9, 0x99, 0x99, 0x00, 0x00, 0x00, 0x00,
    0x00, 0x00, 0x00, 0x00, 0x11, 0x11, 0x11, 0x11, 0x11, 0x11, 0x11, 0x11, 0x33, 0x33, 0x33, 0x33,
    0x11, 0x11, 0x11, 0x13, 0x11, 0x11, 0x11, 0x13, 0x01, 0x11, 0x11, 0x13, 0x00, 0x11, 0x11, 0x31,
    0x00, 0x00, 0x00, 0x00, 0x99, 0x99, 0x99, 0x99, 0x99, 0x99, 0x99, 0x99, 0xBB, 0xBB, 0xBB, 0xBB,
    0x99, 0x99, 0x99, 0x9B, 0x99, 0x99, 0x99, 0x9B, 0x09, 0x99, 0x99, 0x9B, 0x00, 0x99, 0x99, 0xB9,
    0x00, 0x00, 0x00, 0x00, 0xDD, 0xDD, 0xDD, 0xDD, 0xDD, 0xDD, 0xDD, 0xDD, 0xFF, 0xFF, 0xFF, 0xFF,
    0xDD, 0xDD, 0xDD, 0xDF, 0xDD, 0xDD, 0xDD, 0xDF, 0x0D, 0xDD, 0xDD, 0xDF, 0x00, 0xDD, 0xDD, 0xFD,
    0x00, 0x11, 0x11, 0x31, 0x01, 0x11, 0x11, 0x31, 0x01, 0x11, 0x11, 0x31, 0x01, 0x11, 0x13, 0x11,
    0x01, 0x11, 0x13, 0x11, 0x11, 0x11, 0x13, 0x11, 0x11, 0x11, 0x13, 0x11, 0x00, 0x00, 0x00, 0x00,
    0x00, 0x99, 0x99, 0xB9, 0x09, 0x99, 0x99, 0xB9, 0x09, 0x99, 0x99, 0xB9, 0x09, 0x99, 0x9B, 0x99,
    0x09, 0x99, 0x9B, 0x99, 0x99, 0x99, 0x9B, 0x99, 0x99, 0x99, 0x9B, 0x99, 0x00, 0x00, 0x00, 0x00,
    0x00, 0xDD, 0xDD, 0xFD, 0x0D, 0xDD, 0xDD, 0xFD, 0x0D, 0xDD, 0xDD, 0xFD, 0x0D, 0xDD, 0xDF, 0xDD,
    0x0D, 0xDD, 0xDF, 0xDD, 0xDD, 0xDD, 0xDF, 0xDD, 0xDD, 0xDD, 0xDF, 0xDD, 0x00, 0x00, 0x00, 0x00,
    0x00, 0x00, 0x00, 0x00, 0x11, 0x31, 0x11, 0x11, 0x11, 0x31, 0x11, 0x11, 0x11, 0x31, 0x11, 0x10,
    0x11, 0x31, 0x11, 0x10, 0x13, 0x11, 0x11, 0x10, 0x13, 0x11, 0x11, 0x10, 0x13, 0x11, 0x11, 0x00,
    0x00, 0x00, 0x00, 0x00, 0x99, 0xB9, 0x99, 0x99, 0x99, 0xB9, 0x99, 0x99, 0x99, 0xB9, 0x99, 0x90,
    0x99, 0xB9, 0x99, 0x90, 0x9B, 0x99, 0x99, 0x90, 0x9B, 0x99, 0x99, 0x90, 0x9B, 0x99, 0x99, 0x00,
    0x00, 0x00, 0x00, 0x00, 0xDD, 0xFD, 0xDD, 0xDD, 0xDD, 0xFD, 0xDD, 0xDD, 0xDD, 0xFD, 0xDD, 0xD0,
    0xDD, 0xFD, 0xDD, 0xD0, 0xDF, 0xDD, 0xDD, 0xD0, 0xDF, 0xDD, 0xDD, 0xD0, 0xDF, 0xDD, 0xDD, 0x00,
    0x13, 0x11, 0x11, 0x00, 0x31, 0x11, 0x11, 0x10, 0x31, 0x11, 0x11, 0x11, 0x31, 0x11, 0x11, 0x11,
    0x33, 0x33, 0x33, 0x33, 0x11, 0x11, 0x11, 0x11, 0x11, 0x11, 0x11, 0x11, 0x00, 0x00, 0x00, 0x00,
    0x9B, 0x99, 0x99, 0x00, 0xB9, 0x99, 0x99, 0x90, 0xB9, 0x99, 0x99, 0x99, 0xB9, 0x99, 0x99, 0x99,
    0xBB, 0xBB, 0xBB, 0xBB, 0x99, 0x99, 0x99, 0x99, 0x99, 0x99, 0x99, 0x99, 0x00, 0x00, 0x00, 0x00,
    0xDF, 0xDD, 0xDD, 0x00, 0xFD, 0xDD, 0xDD, 0xD0, 0xFD, 0xDD, 0xDD, 0xDD, 0xFD, 0xDD, 0xDD, 0xDD,
    0xFF, 0xFF, 0xFF, 0xFF, 0xDD, 0xDD, 0xDD, 0xDD, 0xDD, 0xDD, 0xDD, 0xDD, 0x00, 0x00, 0x00, 0x00,
    0x00, 0x00, 0x00, 0x00, 0x11, 0x11, 0x13, 0x11, 0x11, 0x11, 0x13, 0x11, 0x01, 0x11, 0x13, 0x11,
    0x01, 0x11, 0x13, 0x11, 0x01, 0x11, 0x11, 0x31, 0x01, 0x11, 0x11, 0x31, 0x00, 0x11, 0x11, 0x31,
    0x00, 0x00, 0x00, 0x00, 0x99, 0x99, 0x9B, 0x99, 0x99, 0x99, 0x9B, 0x99, 0x09, 0x99, 0x9B, 0x99,
    0x09, 0x99, 0x9B, 0x99, 0x09, 0x99, 0x99, 0xB9, 0x09, 0x99, 0x99, 0xB9, 0x00, 0x99, 0x99, 0xB9,
    0x00, 0x00, 0x00, 0x00, 0xDD, 0xDD, 0xDF, 0xDD, 0xDD, 0xDD, 0xDF, 0xDD, 0x0D, 0xDD, 0xDF, 0xDD,
    0x0D, 0xDD, 0xDF, 0xDD, 0x0D, 0xDD, 0xDD, 0xFD, 0x0D, 0xDD, 0xDD, 0xFD, 0x00, 0xDD, 0xDD, 0xFD,
    0x00, 0x11, 0x11, 0x31, 0x01, 0x11, 0x11, 0x13, 0x11, 0x11, 0x11, 0x13, 0x11, 0x11, 0x11, 0x13,
    0x33, 0x33, 0x33, 0x33, 0x11, 0x11, 0x11, 0x11, 0x11, 0x11, 0x11, 0x11, 0x00, 0x00, 0x00, 0x00,
    0x00, 0x99, 0x99, 0xB9, 0x09, 0x99, 0x99, 0x9B, 0x99, 0x99, 0x99, 0x9B, 0x99, 0x99, 0x99, 0x9B,
    0xBB, 0xBB, 0xBB, 0xBB, 0x99, 0x99, 0x99, 0x99, 0x99, 0x99, 0x99, 0x99, 0x00, 0x00, 0x00, 0x00,
    0x00, 0xDD, 0xDD, 0xFD, 0x0D, 0xDD, 0xDD, 0xDF, 0xDD, 0xDD, 0xDD, 0xDF, 0xDD, 0xDD, 0xDD, 0xDF,
    0xFF, 0xFF, 0xFF, 0xFF, 0xDD, 0xDD, 0xDD, 0xDD, 0xDD, 0xDD, 0xDD, 0xDD, 0x00, 0x00, 0x00, 0x00,
    0x01, 0x13, 0x33, 0x31, 0x01, 0x13, 0x11, 0x13, 0x01, 0x13, 0x11, 0x11, 0x01, 0x13, 0x11, 0x11,
    0x01, 0x13, 0x11, 0x11, 0x01, 0x13, 0x11, 0x11, 0x01, 0x13, 0x11, 0x10, 0x01, 0x13, 0x11, 0x00,
    0x09, 0x9B, 0xBB, 0xB9, 0x09, 0x9B, 0x99, 0x9B, 0x09, 0x9B, 0x99, 0x99, 0x09, 0x9B, 0x99, 0x99,
    0x09, 0x9B, 0x99, 0x99, 0x09, 0x9B, 0x99, 0x99, 0x09, 0x9B, 0x99, 0x90, 0x09, 0x9B, 0x99, 0x00,
    0x0D, 0xDF, 0xFF, 0xFD, 0x0D, 0xDF, 0xDD, 0xDF, 0x0D, 0xDF, 0xDD, 0xDD, 0x0D, 0xDF, 0xDD, 0xDD,
    0x0D, 0xDF, 0xDD, 0xDD, 0x0D, 0xDF, 0xDD, 0xDD, 0x0D, 0xDF, 0xDD, 0xD0, 0x0D, 0xDF, 0xDD, 0x00,
    0x01, 0x13, 0x11, 0x00, 0x01, 0x13, 0x11, 0x10, 0x01, 0x13, 0x11, 0x11, 0x01, 0x13, 0x11, 0x11,
    0x01, 0x13, 0x11, 0x11, 0x01, 0x13, 0x11, 0x11, 0x01, 0x13, 0x11, 0x13, 0x01, 0x13, 0x33, 0x31,
    0x09, 0x9B, 0x99, 0x00, 0x09, 0x9B, 0x99, 0x90, 0x09, 0x9B, 0x99, 0x99, 0x09, 0x9B, 0x99, 0x99,
    0x09, 0x9B, 0x99, 0x99, 0x09, 0x9B, 0x99, 0x99, 0x09, 0x9B, 0x99, 0x9B, 0x09, 0x9B, 0xBB, 0xB9,
    0x0D, 0xDF, 0xDD, 0x00, 0x0D, 0xDF, 0xDD, 0xD0, 0x0D, 0xDF, 0xDD, 0xDD, 0x0D, 0xDF, 0xDD, 0xDD,
    0x0D, 0xDF, 0xDD, 0xDD, 0x0D, 0xDF, 0xDD, 0xDD, 0x0D, 0xDF, 0xDD, 0xDF, 0x0D, 0xDF, 0xFF, 0xFD,
    0x11, 0x11, 0x11, 0x10, 0x33, 0x31, 0x11, 0x10, 0x11, 0x13, 0x33, 0x30, 0x11, 0x11, 0x11, 0x10,
    0x11, 0x11, 0x11, 0x10, 0x11, 0x11, 0x11, 0x10, 0x01, 0x11, 0x11, 0x10, 0x00, 0x00, 0x01, 0x10,
    0x99, 0x99, 0x99, 0x90, 0xBB, 0xB9, 0x99, 0x90, 0x99, 0x9B, 0xBB, 0xB0, 0x99, 0x99, 0x99, 0x90,
    0x99, 0x99, 0x99, 0x90, 0x99, 0x99, 0x99, 0x90, 0x09, 0x99, 0x99, 0x90, 0x00, 0x00, 0x09, 0x90,
    0xDD, 0xDD, 0xDD, 0xD0, 0xFF, 0xFD, 0xDD, 0xD0, 0xDD, 0xDF, 0xFF, 0xF0, 0xDD, 0xDD, 0xDD, 0xD0,
    0xDD, 0xDD, 0xDD, 0xD0, 0xDD, 0xDD, 0xDD, 0xD0, 0x0D, 0xDD, 0xDD, 0xD0, 0x00, 0x00, 0x0D, 0xD0,
    0x00, 0x00, 0x01, 0x10, 0x01, 0x11, 0x11, 0x10, 0x11, 0x11, 0x11, 0x10, 0x11, 0x11, 0x11, 0x10,
    0x11, 0x11, 0x11, 0x10, 0x11, 0x13, 0x33, 0x30, 0x33, 0x31, 0x11, 0x10, 0x11, 0x11, 0x11, 0x10,
    0x00, 0x00, 0x09, 0x90, 0x09, 0x99, 0x99, 0x90, 0x99, 0x99, 0x99, 0x90, 0x99, 0x99, 0x99, 0x90,
    0x99, 0x99, 0x99, 0x90, 0x99, 0x9B, 0xBB, 0xB0, 0xBB, 0xB9, 0x99, 0x90, 0x99, 0x99, 0x99, 0x90,
    0x00, 0x00, 0x0D, 0xD0, 0x0D, 0xDD, 0xDD, 0xD0, 0xDD, 0xDD, 0xDD, 0xD0, 0xDD, 0xDD, 0xDD, 0xD0,
    0xDD, 0xDD, 0xDD, 0xD0, 0xDD, 0xDF, 0xFF, 0xF0, 0xFF, 0xFD, 0xDD, 0xD0, 0xDD, 0xDD, 0xDD, 0xD0,
    0x01, 0x11, 0x11, 0x11, 0x01, 0x11, 0x13, 0x33, 0x03, 0x33, 0x31, 0x11, 0x01, 0x11, 0x11, 0x11,
    0x01, 0x11, 0x11, 0x11, 0x01, 0x11, 0x11, 0x11, 0x01, 0x11, 0x11, 0x10, 0x01, 0x10, 0x00, 0x00,
    0x09, 0x99, 0x99, 0x99, 0x09, 0x99, 0x9B, 0xBB, 0x0B, 0xBB, 0xB9, 0x99, 0x09, 0x99, 0x99, 0x99,
    0x09, 0x99, 0x99, 0x99, 0x09, 0x99, 0x99, 0x99, 0x09, 0x99, 0x99, 0x90, 0x09, 0x90, 0x00, 0x00,
    0x0D, 0xDD, 0xDD, 0xDD, 0x0D, 0xDD, 0xDF, 0xFF, 0x0F, 0xFF, 0xFD, 0xDD, 0x0D, 0xDD, 0xDD, 0xDD,
    0x0D, 0xDD, 0xDD, 0xDD, 0x0D, 0xDD, 0xDD, 0xDD, 0x0D, 0xDD, 0xDD, 0xD0, 0x0D, 0xD0, 0x00, 0x00,
    0x01, 0x10, 0x00, 0x00, 0x01, 0x11, 0x11, 0x10, 0x01, 0x11, 0x11, 0x11, 0x01, 0x11, 0x11, 0x11,
    0x01, 0x11, 0x11, 0x11, 0x03, 0x33, 0x31, 0x11, 0x01, 0x11, 0x13, 0x33, 0x01, 0x11, 0x11, 0x11,
    0x09, 0x90, 0x00, 0x00, 0x09, 0x99, 0x99, 0x90, 0x09, 0x99, 0x99, 0x99, 0x09, 0x99, 0x99, 0x99,
    0x09, 0x99, 0x99, 0x99, 0x0B, 0xBB, 0xB9, 0x99, 0x09, 0x99, 0x9B, 0xBB, 0x09, 0x99, 0x99, 0x99,
    0x0D, 0xD0, 0x00, 0x00, 0x0D, 0xDD, 0xDD, 0xD0, 0x0D, 0xDD, 0xDD, 0xDD, 0x0D, 0xDD, 0xDD, 0xDD,
    0x0D, 0xDD, 0xDD, 0xDD, 0x0F, 0xFF, 0xFD, 0xDD, 0x0D, 0xDD, 0xDF, 0xFF, 0x0D, 0xDD, 0xDD, 0xDD,
    0x13, 0x33, 0x31, 0x10, 0x31, 0x11, 0x31, 0x10, 0x11, 0x11, 0x31, 0x10, 0x11, 0x11, 0x31, 0x10,
    0x11, 0x11, 0x31, 0x10, 0x11, 0x11, 0x31, 0x10, 0x01, 0x11, 0x31, 0x10, 0x00, 0x11, 0x31, 0x10,
    0x9B, 0xBB, 0xB9, 0x90, 0xB9, 0x99, 0xB9, 0x90, 0x99, 0x99, 0xB9, 0x90, 0x99, 0x99, 0xB9, 0x90,
    0x99, 0x99, 0xB9, 0x90, 0x99, 0x99, 0xB9, 0x90, 0x09, 0x99, 0xB9, 0x90, 0x00, 0x99, 0xB9, 0x90,
    0xDF, 0xFF, 0xFD, 0xD0, 0xFD, 0xDD, 0xFD, 0xD0, 0xDD, 0xDD, 0xFD, 0xD0, 0xDD, 0xDD, 0xFD, 0xD0,
    0xDD, 0xDD, 0xFD, 0xD0, 0xDD, 0xDD, 0xFD, 0xD0, 0x0D, 0xDD, 0xFD, 0xD0, 0x00, 0xDD, 0xFD, 0xD0,
    0x00, 0x11, 0x31, 0x10, 0x01, 0x11, 0x31, 0x10, 0x11, 0x11, 0x31, 0x10, 0x11, 0x11, 0x31, 0x10,
    0x11, 0x11, 0x31, 0x10, 0x11, 0x11, 0x31, 0x10, 0x31, 0x11, 0x31, 0x10, 0x13, 0x33, 0x31, 0x10,
    0x00, 0x99, 0xB9, 0x90, 0x09, 0x99, 0xB9, 0x90, 0x99, 0x99, 0xB9, 0x90, 0x99, 0x99, 0xB9, 0x90,
    0x99, 0x99, 0xB9, 0x90, 0x99, 0x99, 0xB9, 0x90, 0xB9, 0x99, 0xB9, 0x90, 0x9B, 0xBB, 0xB9, 0x90,
    0x00, 0xDD, 0xFD, 0xD0, 0x0D, 0xDD, 0xFD, 0xD0, 0xDD, 0xDD, 0xFD, 0xD0, 0xDD, 0xDD, 0xFD, 0xD0,
    0xDD, 0xDD, 0xFD, 0xD0, 0xDD, 0xDD, 0xFD, 0xD0, 0xFD, 0xDD, 0xFD, 0xD0, 0xDF, 0xFF, 0xFD, 0xD0,
    0x00, 0x00, 0x00, 0x00, 0x11, 0x11, 0x11, 0x11, 0x11, 0x11, 0x11, 0x10, 0x11, 0x11, 0x11, 0x30,
    0x11, 0x11, 0x13, 0x11, 0x11, 0x11, 0x31, 0x11, 0x11, 0x13, 0x11, 0x10, 0x11, 0x31, 0x11, 0x10,
    0x00, 0x00, 0x00, 0x00, 0x99, 0x99, 0x99, 0x99, 0x99, 0x99, 0x99, 0x90, 0x99, 0x99, 0x99, 0xB0,
    0x99, 0x99, 0x9B, 0x99, 0x99, 0x99, 0xB9, 0x99, 0x99, 0x9B, 0x99, 0x90, 0x99, 0xB9, 0x99, 0x90,
    0x00, 0x00, 0x00, 0x00, 0xDD, 0xDD, 0xDD, 0xDD, 0xDD, 0xDD, 0xDD, 0xD0, 0xDD, 0xDD, 0xDD, 0xF0,
    0xDD, 0xDD, 0xDF, 0xDD, 0xDD, 0xDD, 0xFD, 0xDD, 0xDD, 0xDF, 0xDD, 0xD0, 0xDD, 0xFD, 0xDD, 0xD0,
    0x11, 0x31, 0x11, 0x11, 0x11, 0x13, 0x11, 0x11, 0x11, 0x11, 0x31, 0x10, 0x11, 0x11, 0x13, 0x10,
    0x11, 0x11, 0x11, 0x33, 0x11, 0x11, 0x11, 0x11, 0x11, 0x11, 0x11, 0x10, 0x00, 0x00, 0x00, 0x00,
    0x99, 0xB9, 0x99, 0x99, 0x99, 0x9B, 0x99, 0x99, 0x99, 0x99, 0xB9, 0x90, 0x99, 0x99, 0x9B, 0x90,
    0x99, 0x99, 0x99, 0xBB, 0x99, 0x99, 0x99, 0x99, 0x99, 0x99, 0x99, 0x90, 0x00, 0x00, 0x00, 0x00,
    0xDD, 0xFD, 0xDD, 0xDD, 0xDD, 0xDF, 0xDD, 0xDD, 0xDD, 0xDD, 0xFD, 0xD0, 0xDD, 0xDD, 0xDF, 0xD0,
    0xDD, 0xDD, 0xDD, 0xFF, 0xDD, 0xDD, 0xDD, 0xDD, 0xDD, 0xDD, 0xDD, 0xD0, 0x00, 0x00, 0x00, 0x00,
    0x00, 0x00, 0x00, 0x00, 0x09, 0x99, 0x99, 0x99, 0x99, 0x99, 0x99, 0x99, 0xBB, 0x99, 0x99, 0x99,
    0x09, 0xB9, 0x99, 0x99, 0x09, 0x9B, 0x99, 0x99, 0x99, 0x99, 0xB9, 0x99, 0x99, 0x99, 0x9B, 0x99,
    0x00, 0x00, 0x00, 0x00, 0x0D, 0xDD, 0xDD, 0xDD, 0xDD, 0xDD, 0xDD, 0xDD, 0xFF, 0xDD, 0xDD, 0xDD,
    0x0D, 0xFD, 0xDD, 0xDD, 0x0D, 0xDF, 0xDD, 0xDD, 0xDD, 0xDD, 0xFD, 0xDD, 0xDD, 0xDD, 0xDF, 0xDD,
    0x09, 0x99, 0x9B, 0x99, 0x09, 0x99, 0xB9, 0x99, 0x99, 0x9B, 0x99, 0x99, 0x99, 0xB9, 0x99, 0x99,
    0x0B, 0x99, 0x99, 0x99, 0x09, 0x99, 0x99, 0x99, 0x99, 0x99, 0x99, 0x99, 0x00, 0x00, 0x00, 0x00,
    0x0D, 0xDD, 0xDF, 0xDD, 0x0D, 0xDD, 0xFD, 0xDD, 0xDD, 0xDF, 0xDD, 0xDD, 0xDD, 0xFD, 0xDD, 0xDD,
    0x0F, 0xDD, 0xDD, 0xDD, 0x0D, 0xDD, 0xDD, 0xDD, 0xDD, 0xDD, 0xDD, 0xDD, 0x00, 0x00, 0x00, 0x00,
    0x09, 0x99, 0x99, 0x99, 0x09, 0x99, 0x99, 0x99, 0x09, 0x99, 0x99, 0x9B, 0x09, 0x99, 0x99, 0xB9,
    0x09, 0x99, 0x9B, 0x99, 0x09, 0x99, 0xB9, 0x99, 0x09, 0x9B, 0x99, 0x99, 0x00, 0x9B, 0x00, 0x99,
    0x0D, 0xDD, 0xDD, 0xDD, 0x0D, 0xDD, 0xDD, 0xDD, 0x0D, 0xDD, 0xDD, 0xDF, 0x0D, 0xDD, 0xDD, 0xFD,
    0x0D, 0xDD, 0xDF, 0xDD, 0x0D, 0xDD, 0xFD, 0xDD, 0x0D, 0xDF, 0xDD, 0xDD, 0x00, 0xDF, 0x00, 0xDD,
    0x09, 0x00, 0x99, 0x00, 0x09, 0x9B, 0x99, 0x99, 0x09, 0x99, 0xB9, 0x99, 0x09, 0x99, 0x9B, 0x99,
    0x09, 0x99, 0x99, 0xB9, 0x09, 0x99, 0x99, 0x9B, 0x09, 0x99, 0x99, 0x99, 0x09, 0x99, 0x99, 0x99,
    0x0D, 0x00, 0xDD, 0x00, 0x0D, 0xDF, 0xDD, 0xDD, 0x0D, 0xDD, 0xFD, 0xDD, 0x0D, 0xDD, 0xDF, 0xDD,
    0x0D, 0xDD, 0xDD, 0xFD, 0x0D, 0xDD, 0xDD, 0xDF, 0x0D, 0xDD, 0xDD, 0xDD, 0x0D, 0xDD, 0xDD, 0xDD,
    0x99, 0x99, 0x99, 0x90, 0x99, 0x99, 0x99, 0x90, 0xB9, 0x99, 0x99, 0x90, 0x9B, 0x99, 0x99, 0x90,
    0x99, 0xB9, 0x99, 0x90, 0x99, 0x9B, 0x99, 0x90, 0x99, 0x99, 0xB9, 0x90, 0x00, 0x99, 0x00, 0x90,
    0xDD, 0xDD, 0xDD, 0xD0, 0xDD, 0xDD, 0xDD, 0xD0, 0xFD, 0xDD, 0xDD, 0xD0, 0xDF, 0xDD, 0xDD, 0xD0,
    0xDD, 0xFD, 0xDD, 0xD0, 0xDD, 0xDF, 0xDD, 0xD0, 0xDD, 0xDD, 0xFD, 0xD0, 0x00, 0xDD, 0x00, 0xD0,
    0x99, 0x00, 0xB9, 0x00, 0x99, 0x99, 0xB9, 0x90, 0x99, 0x9B, 0x99, 0x90, 0x99, 0xB9, 0x99, 0x90,
    0x9B, 0x99, 0x99, 0x90, 0xB9, 0x99, 0x99, 0x90, 0x99, 0x99, 0x99, 0x90, 0x99, 0x99, 0x99, 0x90,
    0xDD, 0x00, 0xFD, 0x00, 0xDD, 0xDD, 0xFD, 0xD0, 0xDD, 0xDF, 0xDD, 0xD0, 0xDD, 0xFD, 0xDD, 0xD0,
    0xDF, 0xDD, 0xDD, 0xD0, 0xFD, 0xDD, 0xDD, 0xD0, 0xDD, 0xDD, 0xDD, 0xD0, 0xDD, 0xDD, 0xDD, 0xD0,
    0xAB, 0xBB, 0xBB, 0xBB, 0xBA, 0xBB, 0xBB, 0xBB, 0xBB, 0xAB, 0xBB, 0xBB, 0xBB, 0xBA, 0xBB, 0xBB,
    0xBB, 0xBB, 0xAB, 0xBB, 0xBB, 0xBB, 0xBA, 0xAA, 0xBB, 0xBB, 0xBA, 0xAA, 0xBB, 0xBB, 0xBA, 0xAA,
    0xEF, 0xFF, 0xFF, 0xFF, 0xFE, 0xFF, 0xFF, 0xFF, 0xFF, 0xEF, 0xFF, 0xFF, 0xFF, 0xFE, 0xFF, 0xFF,
    0xFF, 0xFF, 0xEF, 0xFF, 0xFF, 0xFF, 0xFE, 0xEE, 0xFF, 0xFF, 0xFE, 0xEE, 0xFF, 0xFF, 0xFE, 0xEE,
    0xBB, 0xBB, 0xBA, 0xAA, 0xBB, 0xBB, 0xBA, 0xAA, 0xBB, 0xBB, 0xBA, 0xAA, 0xBB, 0xBB, 0xB9, 0x99,
    0xBB, 0xBB, 0x99, 0x99, 0xBB, 0xB9, 0x99, 0x99, 0xBB, 0x99, 0x99, 0x99, 0xB9, 0x99, 0x99, 0x99,
    0xFF, 0xFF, 0xFE, 0xEE, 0xFF, 0xFF, 0xFE, 0xEE, 0xFF, 0xFF, 0xFE, 0xEE, 0xFF, 0xFF, 0xFD, 0xDD,
    0xFF, 0xFF, 0xDD, 0xDD, 0xFF, 0xFD, 0xDD, 0xDD, 0xFF, 0xDD, 0xDD, 0xDD, 0xFD, 0xDD, 0xDD, 0xDD,
    0xBB, 0xBB, 0xBB, 0xB9, 0xBB, 0xBB, 0xBB, 0x99, 0xBB, 0xBB, 0xB9, 0x99, 0xBB, 0xBB, 0x99, 0x99,
    0xBB, 0xB9, 0x99, 0x99, 0xAA, 0xA9, 0x99, 0x99, 0xAA, 0xA9, 0x99, 0x99, 0xAA, 0xA9, 0x99, 0x99,
    0xFF, 0xFF, 0xFF, 0xFD, 0xFF, 0xFF, 0xFF, 0xDD, 0xFF, 0xFF, 0xFD, 0xDD, 0xFF, 0xFF, 0xDD, 0xDD,
    0xFF, 0xFD, 0xDD, 0xDD, 0xEE, 0xED, 0xDD, 0xDD, 0xEE, 0xED, 0xDD, 0xDD, 0xEE, 0xED, 0xDD, 0xDD,
    0xAA, 0xA9, 0x99, 0x99, 0xAA, 0xA9, 0x99, 0x99, 0xAA, 0xA9, 0x99, 0x99, 0x99, 0x9A, 0x99, 0x99,
    0x99, 0x99, 0xA9, 0x99, 0x99, 0x99, 0x9A, 0x99, 0x99, 0x99, 0x99, 0xA9, 0x99, 0x99, 0x99, 0x9A,
    0xEE, 0xED, 0xDD, 0xDD, 0xEE, 0xED, 0xDD, 0xDD, 0xEE, 0xED, 0xDD, 0xDD, 0xDD, 0xDE, 0xDD, 0xDD,
    0xDD, 0xDD, 0xED, 0xDD, 0xDD, 0xDD, 0xDE, 0xDD, 0xDD, 0xDD, 0xDD, 0xED, 0xDD, 0xDD, 0xDD, 0xDE,
    0xA0, 0x00, 0xAA, 0x00, 0x0A, 0xA9, 0x00, 0x99, 0x0A, 0xAA, 0x99, 0xBB, 0x0B, 0xAA, 0xA9, 0x0B,
    0x0B, 0x0A, 0xA9, 0x9B, 0xA0, 0x00, 0xAA, 0x90, 0xAA, 0x00, 0x00, 0xA0, 0xAA, 0x00, 0xAA, 0xAA,
    0xE0, 0x00, 0xEE, 0x00, 0x0E, 0xED, 0x00, 0xDD, 0x0E, 0xEE, 0xDD, 0xFF, 0x0F, 0xEE, 0xED, 0x0F,
    0x0F, 0x0E, 0xED, 0xDF, 0xE0, 0x00, 0xEE, 0xD0, 0xEE, 0x00, 0x00, 0xE0, 0xEE, 0x00, 0xEE, 0xEE,
    0xA0, 0xAA, 0xA9, 0x99, 0x0A, 0xA9, 0x99, 0x90, 0x00, 0x00, 0x00, 0x09, 0xAA, 0x0B, 0xBB, 0x99,
    0xA0, 0x00, 0x09, 0x99, 0x0B, 0xBB, 0x99, 0x99, 0x00, 0x00, 0x99, 0x99, 0x0B, 0xBB, 0x99, 0x90,
    0xE0, 0xEE, 0xED, 0xDD, 0x0E, 0xED, 0xDD, 0xD0, 0x00, 0x00, 0x00, 0x0D, 0xEE, 0x0F, 0xFF, 0xDD,
    0xE0, 0x00, 0x0D, 0xDD, 0x0F, 0xFF, 0xDD, 0xDD, 0x00, 0x00, 0xDD, 0xDD, 0x0F, 0xFF, 0xDD, 0xD0,
    0x0A, 0xAA, 0x00, 0x00, 0x90, 0xA0, 0x99, 0x90, 0x09, 0x09, 0x99, 0x90, 0xB0, 0x99, 0x99, 0x0A,
    0xB0, 0x99, 0xBB, 0xBB, 0x00, 0x9B, 0xBB, 0xB0, 0x99, 0x0B, 0xB0, 0x0A, 0x99, 0x0B, 0xBB, 0x90,
    0x0E, 0xEE, 0x00, 0x00, 0xD0, 0xE0, 0xDD, 0xD0, 0x0D, 0x0D, 0xDD, 0xD0, 0xF0, 0xDD, 0xDD, 0x0E,
    0xF0, 0xDD, 0xFF, 0xFF, 0x00, 0xDF, 0xFF, 0xF0, 0xDD, 0x0F, 0xF0, 0x0E, 0xDD, 0x0F, 0xFF, 0xD0,
    0x90, 0x09, 0x99, 0x90, 0x99, 0x99, 0x99, 0x90, 0x90, 0x99, 0x99, 0x90, 0x09, 0x99, 0x00, 0x90,
    0x90, 0x90, 0x99, 0x0A, 0x90, 0x90, 0x99, 0x0A, 0x99, 0x09, 0x09, 0x90, 0x00, 0x00, 0x99, 0x90,
    0xD0, 0x0D, 0xDD, 0xD0, 0xDD, 0xDD, 0xDD, 0xD0, 0xD0, 0xDD, 0xDD, 0xD0, 0x0D, 0xDD, 0x00, 0xD0,
    0xD0, 0xD0, 0xDD, 0x0E, 0xD0, 0xD0, 0xDD, 0x0E, 0xDD, 0x0D, 0x0D, 0xD0, 0x00, 0x00, 0xDD, 0xD0,
    0x99, 0x9A, 0xAA, 0xAA, 0xBB, 0xB9, 0x9A, 0xAA, 0xAA, 0xAB, 0xB9, 0x9A, 0xAA, 0xAA, 0xAB, 0xB9,
    0xAA, 0xAA, 0xAA, 0xAB, 0xAA, 0xAA, 0xAA, 0xAA, 0xAA, 0xAA, 0xAA, 0xAA, 0xAA, 0xAA, 0xAA, 0xAA,
    0xDD, 0xDE, 0xEE, 0xEE, 0xFF, 0xFD, 0xDE, 0xEE, 0xEE, 0xEF, 0xFD, 0xDE, 0xEE, 0xEE, 0xEF, 0xFD,
    0xEE, 0xEE, 0xEE, 0xEF, 0xEE, 0xEE, 0xEE, 0xEE, 0xEE, 0xEE, 0xEE, 0xEE, 0xEE, 0xEE, 0xEE, 0xEE,
    0xAA, 0xAA, 0xAA, 0xAA, 0xAA, 0xAA, 0xAA, 0xAA, 0xAA, 0xAA, 0xAA, 0xAA, 0xAA, 0xAA, 0xAA, 0xA9,
    0xAA, 0xAA, 0xA9, 0x9B, 0xAA, 0xA9, 0x9B, 0xBA, 0x99, 0x9B, 0xBA, 0xAA, 0xBB, 0xBA, 0xAA, 0xAA,
    0xEE, 0xEE, 0xEE, 0xEE, 0xEE, 0xEE, 0xEE, 0xEE, 0xEE, 0xEE, 0xEE, 0xEE, 0xEE, 0xEE, 0xEE, 0xED,
    0xEE, 0xEE, 0xED, 0xDF, 0xEE, 0xED, 0xDF, 0xFE, 0xDD, 0xDF, 0xFE, 0xEE, 0xFF, 0xFE, 0xEE, 0xEE,
    0xAA, 0xAA, 0xAA, 0xAA, 0xAA, 0xAA, 0xAA, 0xAA, 0xAA, 0xAA, 0xAA, 0xAA, 0x9A, 0xAA, 0xAA, 0xAA,
    0xB9, 0x9A, 0xAA, 0xAA, 0xAB, 0xB9, 0x9A, 0xAA, 0xAA, 0xAB, 0xB9, 0x99, 0xAA, 0xAA, 0xAB, 0xBB,
    0xEE, 0xEE, 0xEE, 0xEE, 0xEE, 0xEE, 0xEE, 0xEE, 0xEE, 0xEE, 0xEE, 0xEE, 0xDE, 0xEE, 0xEE, 0xEE,
    0xFD, 0xDE, 0xEE, 0xEE, 0xEF, 0xFD, 0xDE, 0xEE, 0xEE, 0xEF, 0xFD, 0xDD, 0xEE, 0xEE, 0xEF, 0xFF,
    0xAA, 0xAA, 0xA9, 0x99, 0xAA, 0xA9, 0x9B, 0xBB, 0xA9, 0x9B, 0xBA, 0xAA, 0x9B, 0xBA, 0xAA, 0xAA,
    0xBA, 0xAA, 0xAA, 0xAA, 0xAA, 0xAA, 0xAA, 0xAA, 0xAA, 0xAA, 0xAA, 0xAA, 0xAA, 0xAA, 0xAA, 0xAA,
    0xEE, 0xEE, 0xED, 0xDD, 0xEE, 0xED, 0xDF, 0xFF, 0xED, 0xDF, 0xFE, 0xEE, 0xDF, 0xFE, 0xEE, 0xEE,
    0xFE, 0xEE, 0xEE, 0xEE, 0xEE, 0xEE, 0xEE, 0xEE, 0xEE, 0xEE, 0xEE, 0xEE, 0xEE, 0xEE, 0xEE, 0xEE,
    0x22, 0x21, 0x32, 0x22, 0x22, 0x21, 0x32, 0x22, 0x22, 0x21, 0x11, 0x12, 0x22, 0x21, 0x33, 0x31,
    0x22, 0x21, 0x32, 0x23, 0x22, 0x21, 0x32, 0x22, 0x22, 0x21, 0x32, 0x22, 0x22, 0x21, 0x32, 0x22,
    0xAA, 0xA9, 0xBA, 0xAA, 0xAA, 0xA9, 0xBA, 0xAA, 0xAA, 0xA9, 0x99, 0x9A, 0xAA, 0xA9, 0xBB, 0xB9,
    0xAA, 0xA9, 0xBA, 0xAB, 0xAA, 0xA9, 0xBA, 0xAA, 0xAA, 0xA9, 0xBA, 0xAA, 0xAA, 0xA9, 0xBA, 0xAA,
    0x22, 0x21, 0x32, 0x22, 0x22, 0x21, 0x32, 0x22, 0x22, 0x21, 0x32, 0x22, 0x22, 0x21, 0x32, 0x21,
    0x22, 0x21, 0x11, 0x13, 0x22, 0x21, 0x33, 0x32, 0x22, 0x21, 0x32, 0x22, 0x22, 0x21, 0x32, 0x22,
    0xAA, 0xA9, 0xBA, 0xAA, 0xAA, 0xA9, 0xBA, 0xAA, 0xAA, 0xA9, 0xBA, 0xAA, 0xAA, 0xA9, 0xBA, 0xA9,
    0xAA, 0xA9, 0x99, 0x9B, 0xAA, 0xA9, 0xBB, 0xBA, 0xAA, 0xA9, 0xBA, 0xAA, 0xAA, 0xA9, 0xBA, 0xAA,
    0x22, 0x23, 0x12, 0x22, 0x22, 0x23, 0x12, 0x22, 0x22, 0x23, 0x12, 0x22, 0x12, 0x23, 0x12, 0x22,
    0x31, 0x11, 0x12, 0x22, 0x23, 0x33, 0x12, 0x22, 0x22, 0x23, 0x12, 0x22, 0x22, 0x23, 0x12, 0x22,
    0x22, 0x23, 0x12, 0x22, 0x22, 0x23, 0x12, 0x22, 0x21, 0x11, 0x12, 0x22, 0x13, 0x33, 0x12, 0x22,
    0x32, 0x23, 0x12, 0x22, 0x22, 0x23, 0x12, 0x22, 0x22, 0x23, 0x12, 0x22, 0x22, 0x23, 0x12, 0x22,
    0x13, 0x22, 0x22, 0x22, 0x13, 0x22, 0x22, 0x22, 0x13, 0x22, 0x22, 0x22, 0x21, 0x32, 0x22, 0x22,
    0x21, 0x32, 0x22, 0x22, 0x22, 0x13, 0x22, 0x22, 0x22, 0x13, 0x22, 0x22, 0x22, 0x21, 0x32, 0x22,
    0x9B, 0xAA, 0xAA, 0xAA, 0x9B, 0xAA, 0xAA, 0xAA, 0x9B, 0xAA, 0xAA, 0xAA, 0xA9, 0xBA, 0xAA, 0xAA,
    0xA9, 0xBA, 0xAA, 0xAA, 0xAA, 0x9B, 0xAA, 0xAA, 0xAA, 0x9B, 0xAA, 0xAA, 0xAA, 0xA9, 0xBA, 0xAA,
    0xDF, 0xEE, 0xEE, 0xEE, 0xDF, 0xEE, 0xEE, 0xEE, 0xDF, 0xEE, 0xEE, 0xEE, 0xED, 0xFE, 0xEE, 0xEE,
    0xED, 0xFE, 0xEE, 0xEE, 0xEE, 0xDF, 0xEE, 0xEE, 0xEE, 0xDF, 0xEE, 0xEE, 0xEE, 0xED, 0xFE, 0xEE,
    0x22, 0x21, 0x32, 0x22, 0x22, 0x13, 0x22, 0x22, 0x22, 0x13, 0x22, 0x22, 0x21, 0x32, 0x22, 0x22,
    0x21, 0x32, 0x22, 0x22, 0x13, 0x22, 0x22, 0x22, 0x13, 0x22, 0x22, 0x22, 0x13, 0x22, 0x22, 0x22,
    0xAA, 0xA9, 0xBA, 0xAA, 0xAA, 0x9B, 0xAA, 0xAA, 0xAA, 0x9B, 0xAA, 0xAA, 0xA9, 0xBA, 0xAA, 0xAA,
    0xA9, 0xBA, 0xAA, 0xAA, 0x9B, 0xAA, 0xAA, 0xAA, 0x9B, 0xAA, 0xAA, 0xAA, 0x9B, 0xAA, 0xAA, 0xAA,
    0xEE, 0xED, 0xFE, 0xEE, 0xEE, 0xDF, 0xEE, 0xEE, 0xEE, 0xDF, 0xEE, 0xEE, 0xED, 0xFE, 0xEE, 0xEE,
    0xED, 0xFE, 0xEE, 0xEE, 0xDF, 0xEE, 0xEE, 0xEE, 0xDF, 0xEE, 0xEE, 0xEE, 0xDF, 0xEE, 0xEE, 0xEE,
    0x22, 0x21, 0x32, 0x22, 0x22, 0x22, 0x13, 0x22, 0x22, 0x22, 0x13, 0x22, 0x22, 0x22, 0x21, 0x32,
    0x22, 0x22, 0x21, 0x32, 0x22, 0x22, 0x22, 0x13, 0x22, 0x22, 0x22, 0x13, 0x22, 0x22, 0x22, 0x13,
    0xAA, 0xA9, 0xBA, 0xAA, 0xAA, 0xAA, 0x9B, 0xAA, 0xAA, 0xAA, 0x9B, 0xAA, 0xAA, 0xAA, 0xA9, 0xBA,
    0xAA, 0xAA, 0xA9, 0xBA, 0xAA, 0xAA, 0xAA, 0x9B, 0xAA, 0xAA, 0xAA, 0x9B, 0xAA, 0xAA, 0xAA, 0x9B,
    0xEE, 0xED, 0xFE, 0xEE, 0xEE, 0xEE, 0xDF, 0xEE, 0xEE, 0xEE, 0xDF, 0xEE, 0xEE, 0xEE, 0xED, 0xFE,
    0xEE, 0xEE, 0xED, 0xFE, 0xEE, 0xEE, 0xEE, 0xDF, 0xEE, 0xEE, 0xEE, 0xDF, 0xEE, 0xEE, 0xEE, 0xDF,
    0x22, 0x22, 0x22, 0x13, 0x22, 0x22, 0x22, 0x13, 0x22, 0x22, 0x22, 0x13, 0x22, 0x22, 0x21, 0x32,
    0x22, 0x22, 0x21, 0x32, 0x22, 0x22, 0x13, 0x22, 0x22, 0x22, 0x13, 0x22, 0x22, 0x21, 0x32, 0x22,
    0xAA, 0xAA, 0xAA, 0x9B, 0xAA, 0xAA, 0xAA, 0x9B, 0xAA, 0xAA, 0xAA, 0x9B, 0xAA, 0xAA, 0xA9, 0xBA,
    0xAA, 0xAA, 0xA9, 0xBA, 0xAA, 0xAA, 0x9B, 0xAA, 0xAA, 0xAA, 0x9B, 0xAA, 0xAA, 0xA9, 0xBA, 0xAA,
    0xEE, 0xEE, 0xEE, 0xDF, 0xEE, 0xEE, 0xEE, 0xDF, 0xEE, 0xEE, 0xEE, 0xDF, 0xEE, 0xEE, 0xED, 0xFE,
    0xEE, 0xEE, 0xED, 0xFE, 0xEE, 0xEE, 0xDF, 0xEE, 0xEE, 0xEE, 0xDF, 0xEE, 0xEE, 0xED, 0xFE, 0xEE,
    0x12, 0x22, 0x22, 0x22, 0x21, 0x22, 0x22, 0x22, 0x22, 0x12, 0x22, 0x22, 0x22, 0x21, 0x11, 0x11,
    0x22, 0x21, 0x13, 0x33, 0x22, 0x21, 0x31, 0x22, 0x22, 0x21, 0x32, 0x12, 0x22, 0x21, 0x32, 0x21,
    0x9A, 0xAA, 0xAA, 0xAA, 0xA9, 0xAA, 0xAA, 0xAA, 0xAA, 0x9A, 0xAA, 0xAA, 0xAA, 0xA9, 0x99, 0x99,
    0xAA, 0xA9, 0x9B, 0xBB, 0xAA, 0xA9, 0xB9, 0xAA, 0xAA, 0xA9, 0xBA, 0x9A, 0xAA, 0xA9, 0xBA, 0xA9,
    0xDE, 0xEE, 0xEE, 0xEE, 0xED, 0xEE, 0xEE, 0xEE, 0xEE, 0xDE, 0xEE, 0xEE, 0xEE, 0xED, 0xDD, 0xDD,
    0xEE, 0xED, 0xDF, 0xFF, 0xEE, 0xED, 0xFD, 0xEE, 0xEE, 0xED, 0xFE, 0xDE, 0xEE, 0xED, 0xFE, 0xED,
    0x22, 0x21, 0x32, 0x21, 0x22, 0x21, 0x32, 0x12, 0x22, 0x21, 0x31, 0x22, 0x22, 0x21, 0x13, 0x33,
    0x22, 0x21, 0x11, 0x11, 0x22, 0x12, 0x22, 0x22, 0x21, 0x22, 0x22, 0x22, 0x12, 0x22, 0x22, 0x22,
    0xAA, 0xA9, 0xBA, 0xA9, 0xAA, 0xA9, 0xBA, 0x9A, 0xAA, 0xA9, 0xB9, 0xAA, 0xAA, 0xA9, 0x9B, 0xBB,
    0xAA, 0xA9, 0x99, 0x99, 0xAA, 0x9A, 0xAA, 0xAA, 0xA9, 0xAA, 0xAA, 0xAA, 0x9A, 0xAA, 0xAA, 0xAA,
    0xEE, 0xED, 0xFE, 0xED, 0xEE, 0xED, 0xFE, 0xDE, 0xEE, 0xED, 0xFD, 0xEE, 0xEE, 0xED, 0xDF, 0xFF,
    0xEE, 0xED, 0xDD, 0xDD, 0xEE, 0xDE, 0xEE, 0xEE, 0xED, 0xEE, 0xEE, 0xEE, 0xDE, 0xEE, 0xEE, 0xEE,
    0x12, 0x23, 0x12, 0x22, 0x21, 0x23, 0x12, 0x22, 0x22, 0x13, 0x12, 0x22, 0x33, 0x31, 0x12, 0x22,
    0x11, 0x11, 0x12, 0x22, 0x22, 0x22, 0x21, 0x22, 0x22, 0x22, 0x22, 0x12, 0x22, 0x22, 0x22, 0x21,
    0x9A, 0xAB, 0x9A, 0xAA, 0xA9, 0xAB, 0x9A, 0xAA, 0xAA, 0x9B, 0x9A, 0xAA, 0xBB, 0xB9, 0x9A, 0xAA,
    0x99, 0x99, 0x9A, 0xAA, 0xAA, 0xAA, 0xA9, 0xAA, 0xAA, 0xAA, 0xAA, 0x9A, 0xAA, 0xAA, 0xAA, 0xA9,
    0xDE, 0xEF, 0xDE, 0xEE, 0xED, 0xEF, 0xDE, 0xEE, 0xEE, 0xDF, 0xDE, 0xEE, 0xFF, 0xFD, 0xDE, 0xEE,
    0xDD, 0xDD, 0xDE, 0xEE, 0xEE, 0xEE, 0xED, 0xEE, 0xEE, 0xEE, 0xEE, 0xDE, 0xEE, 0xEE, 0xEE, 0xED,
    0x22, 0x22, 0x22, 0x21, 0x22, 0x22, 0x22, 0x12, 0x22, 0x22, 0x21, 0x22, 0x11, 0x11, 0x12, 0x22,
    0x33, 0x31, 0x12, 0x22, 0x22, 0x13, 0x12, 0x22, 0x21, 0x23, 0x12, 0x22, 0x12, 0x23, 0x12, 0x22,
    0xAA, 0xAA, 0xAA, 0xA9, 0xAA, 0xAA, 0xAA, 0x9A, 0xAA, 0xAA, 0xA9, 0xAA, 0x99, 0x99, 0x9A, 0xAA,
    0xBB, 0xB9, 0x9A, 0xAA, 0xAA, 0x9B, 0x9A, 0xAA, 0xA9, 0xAB, 0x9A, 0xAA, 0x9A, 0xAB, 0x9A, 0xAA,
    0xEE, 0xEE, 0xEE, 0xED, 0xEE, 0xEE, 0xEE, 0xDE, 0xEE, 0xEE, 0xED, 0xEE, 0xDD, 0xDD, 0xDE, 0xEE,
    0xFF, 0xFD, 0xDE, 0xEE, 0xEE, 0xDF, 0xDE, 0xEE, 0xED, 0xEF, 0xDE, 0xEE, 0xDE, 0xEF, 0xDE, 0xEE,
    0xAA, 0xA9, 0xBA, 0xAA, 0xAA, 0xA9, 0xBA, 0xAA, 0xAA, 0xA9, 0xBA, 0xAA, 0x9A, 0xA9, 0xBA, 0xAA,
    0xB9, 0x99, 0xBA, 0xAA, 0xAB, 0xB9, 0xBA, 0xAA, 0xAA, 0xA9, 0xBA, 0xAA, 0xAA, 0xA9, 0xBA, 0xAA,
    0xEE, 0xED, 0xFE, 0xEE, 0xEE, 0xED, 0xFE, 0xEE, 0xEE, 0xED, 0xFE, 0xEE, 0xDE, 0xED, 0xFE, 0xEE,
    0xFD, 0xDD, 0xFE, 0xEE, 0xEF, 0xFD, 0xFE, 0xEE, 0xEE, 0xED, 0xFE, 0xEE, 0xEE, 0xED, 0xFE, 0xEE,
    0xAA, 0xA9, 0xBA, 0xAA, 0xAA, 0xA9, 0xBA, 0xAA, 0xA9, 0x99, 0xBA, 0xAA, 0x9B, 0xB9, 0xBA, 0xAA,
    0xBA, 0xA9, 0xBA, 0xAA, 0xAA, 0xA9, 0xBA, 0xAA, 0xAA, 0xA9, 0xBA, 0xAA, 0xAA, 0xA9, 0xBA, 0xAA,
    0xEE, 0xED, 0xFE, 0xEE, 0xEE, 0xED, 0xFE, 0xEE, 0xED, 0xDD, 0xFE, 0xEE, 0xDF, 0xFD, 0xFE, 0xEE,
    0xFE, 0xED, 0xFE, 0xEE, 0xEE, 0xED, 0xFE, 0xEE, 0xEE, 0xED, 0xFE, 0xEE, 0xEE, 0xED, 0xFE, 0xEE,
    0xAA, 0xAB, 0x9A, 0xAA, 0xAA, 0xAB, 0x9A, 0xAA, 0xAA, 0xAB, 0x99, 0x9A, 0xAA, 0xAB, 0x9B, 0xB9,
    0xAA, 0xAB, 0x9A, 0xAB, 0xAA, 0xAB, 0x9A, 0xAA, 0xAA, 0xAB, 0x9A, 0xAA, 0xAA, 0xAB, 0x9A, 0xAA,
    0xEE, 0xEF, 0xDE, 0xEE, 0xEE, 0xEF, 0xDE, 0xEE, 0xEE, 0xEF, 0xDD, 0xDE, 0xEE, 0xEF, 0xDF, 0xFD,
    0xEE, 0xEF, 0xDE, 0xEF, 0xEE, 0xEF, 0xDE, 0xEE, 0xEE, 0xEF, 0xDE, 0xEE, 0xEE, 0xEF, 0xDE, 0xEE,
    0xAA, 0xAB, 0x9A, 0xAA, 0xAA, 0xAB, 0x9A, 0xAA, 0xAA, 0xAB, 0x9A, 0xAA, 0xAA, 0xAB, 0x9A, 0xA9,
    0xAA, 0xAB, 0x99, 0x9B, 0xAA, 0xAB, 0x9B, 0xBA, 0xAA, 0xAB, 0x9A, 0xAA, 0xAA, 0xAB, 0x9A, 0xAA,
    0xEE, 0xEF, 0xDE, 0xEE, 0xEE, 0xEF, 0xDE, 0xEE, 0xEE, 0xEF, 0xDE, 0xEE, 0xEE, 0xEF, 0xDE, 0xED,
    0xEE, 0xEF, 0xDD, 0xDF, 0xEE, 0xEF, 0xDF, 0xFE, 0xEE, 0xEF, 0xDE, 0xEE, 0xEE, 0xEF, 0xDE, 0xEE,
    0x22, 0x22, 0x22, 0x22, 0x22, 0x22, 0x22, 0x22, 0x22, 0x22, 0x22, 0x22, 0x11, 0x11, 0x11, 0x11,
    0x33, 0x13, 0x33, 0x33, 0x22, 0x13, 0x22, 0x22, 0x22, 0x13, 0x22, 0x22, 0x22, 0x21, 0x32, 0x22,
    0xAA, 0xAA, 0xAA, 0xAA, 0xAA, 0xAA, 0xAA, 0xAA, 0xAA, 0xAA, 0xAA, 0xAA, 0x99, 0x99, 0x99, 0x99,
    0xBB, 0x9B, 0xBB, 0xBB, 0xAA, 0x9B, 0xAA, 0xAA, 0xAA, 0x9B, 0xAA, 0xAA, 0xAA, 0xA9, 0xBA, 0xAA,
    0xEE, 0xEE, 0xEE, 0xEE, 0xEE, 0xEE, 0xEE, 0xEE, 0xEE, 0xEE, 0xEE, 0xEE, 0xDD, 0xDD, 0xDD, 0xDD,
    0xFF, 0xDF, 0xFF, 0xFF, 0xEE, 0xDF, 0xEE, 0xEE, 0xEE, 0xDF, 0xEE, 0xEE, 0xEE, 0xED, 0xFE, 0xEE,
    0x22, 0x21, 0x32, 0x22, 0x22, 0x13, 0x22, 0x22, 0x22, 0x13, 0x22, 0x22, 0x33, 0x13, 0x33, 0x33,
    0x11, 0x11, 0x11, 0x11, 0x22, 0x22, 0x22, 0x22, 0x22, 0x22, 0x22, 0x22, 0x22, 0x22, 0x22, 0x22,
    0xAA, 0xA9, 0xBA, 0xAA, 0xAA, 0x9B, 0xAA, 0xAA, 0xAA, 0x9B, 0xAA, 0xAA, 0xBB, 0x9B, 0xBB, 0xBB,
    0x99, 0x99, 0x99, 0x99, 0xAA, 0xAA, 0xAA, 0xAA, 0xAA, 0xAA, 0xAA, 0xAA, 0xAA, 0xAA, 0xAA, 0xAA,
    0xEE, 0xED, 0xFE, 0xEE, 0xEE, 0xDF, 0xEE, 0xEE, 0xEE, 0xDF, 0xEE, 0xEE, 0xFF, 0xDF, 0xFF, 0xFF,
    0xDD, 0xDD, 0xDD, 0xDD, 0xEE, 0xEE, 0xEE, 0xEE, 0xEE, 0xEE, 0xEE, 0xEE, 0xEE, 0xEE, 0xEE, 0xEE,
    0x22, 0x21, 0x32, 0x22, 0x22, 0x22, 0x13, 0x22, 0x22, 0x22, 0x13, 0x22, 0x33, 0x33, 0x13, 0x33,
    0x11, 0x11, 0x11, 0x11, 0x22, 0x22, 0x22, 0x22, 0x22, 0x22, 0x22, 0x22, 0x22, 0x22, 0x22, 0x22,
    0xAA, 0xA9, 0xBA, 0xAA, 0xAA, 0xAA, 0x9B, 0xAA, 0xAA, 0xAA, 0x9B, 0xAA, 0xBB, 0xBB, 0x9B, 0xBB,
    0x99, 0x99, 0x99, 0x99, 0xAA, 0xAA, 0xAA, 0xAA, 0xAA, 0xAA, 0xAA, 0xAA, 0xAA, 0xAA, 0xAA, 0xAA,
    0xEE, 0xED, 0xFE, 0xEE, 0xEE, 0xEE, 0xDF, 0xEE, 0xEE, 0xEE, 0xDF, 0xEE, 0xFF, 0xFF, 0xDF, 0xFF,
    0xDD, 0xDD, 0xDD, 0xDD, 0xEE, 0xEE, 0xEE, 0xEE, 0xEE, 0xEE, 0xEE, 0xEE, 0xEE, 0xEE, 0xEE, 0xEE,
    0x22, 0x22, 0x22, 0x22, 0x22, 0x22, 0x22, 0x22, 0x22, 0x22, 0x22, 0x22, 0x11, 0x11, 0x11, 0x11,
    0x33, 0x33, 0x13, 0x33, 0x22, 0x22, 0x13, 0x22, 0x22, 0x22, 0x13, 0x22, 0x22, 0x21, 0x32, 0x22,
    0xAA, 0xAA, 0xAA, 0xAA, 0xAA, 0xAA, 0xAA, 0xAA, 0xAA, 0xAA, 0xAA, 0xAA, 0x99, 0x99, 0x99, 0x99,
    0xBB, 0xBB, 0x9B, 0xBB, 0xAA, 0xAA, 0x9B, 0xAA, 0xAA, 0xAA, 0x9B, 0xAA, 0xAA, 0xA9, 0xBA, 0xAA,
    0xEE, 0xEE, 0xEE, 0xEE, 0xEE, 0xEE, 0xEE, 0xEE, 0xEE, 0xEE, 0xEE, 0xEE, 0xDD, 0xDD, 0xDD, 0xDD,
    0xFF, 0xFF, 0xDF, 0xFF, 0xEE, 0xEE, 0xDF, 0xEE, 0xEE, 0xEE, 0xDF, 0xEE, 0xEE, 0xED, 0xFE, 0xEE,
    0x22, 0x21, 0x32, 0x22, 0x22, 0x22, 0x13, 0x22, 0x22, 0x22, 0x13, 0x22, 0x11, 0x11, 0x11, 0x11,
    0x33, 0x33, 0x33, 0x33, 0x22, 0x22, 0x22, 0x22, 0x22, 0x22, 0x22, 0x22, 0x22, 0x22, 0x22, 0x22,
    0xAA, 0xA9, 0xBA, 0xAA, 0xAA, 0xAA, 0x9B, 0xAA, 0xAA, 0xAA, 0x9B, 0xAA, 0x99, 0x99, 0x99, 0x99,
    0xBB, 0xBB, 0xBB, 0xBB, 0xAA, 0xAA, 0xAA, 0xAA, 0xAA, 0xAA, 0xAA, 0xAA, 0xAA, 0xAA, 0xAA, 0xAA,
    0xEE, 0xED, 0xFE, 0xEE, 0xEE, 0xEE, 0xDF, 0xEE, 0xEE, 0xEE, 0xDF, 0xEE, 0xDD, 0xDD, 0xDD, 0xDD,
    0xFF, 0xFF, 0xFF, 0xFF, 0xEE, 0xEE, 0xEE, 0xEE, 0xEE, 0xEE, 0xEE, 0xEE, 0xEE, 0xEE, 0xEE, 0xEE,
    0x22, 0x22, 0x22, 0x22, 0x22, 0x22, 0x22, 0x22, 0x22, 0x22, 0x22, 0x22, 0x33, 0x33, 0x33, 0x33,
    0x11, 0x11, 0x11, 0x11, 0x22, 0x22, 0x13, 0x22, 0x22, 0x22, 0x13, 0x22, 0x22, 0x21, 0x32, 0x22,
    0xAA, 0xAA, 0xAA, 0xAA, 0xAA, 0xAA, 0xAA, 0xAA, 0xAA, 0xAA, 0xAA, 0xAA, 0xBB, 0xBB, 0xBB, 0xBB,
    0x99, 0x99, 0x99, 0x99, 0xAA, 0xAA, 0x9B, 0xAA, 0xAA, 0xAA, 0x9B, 0xAA, 0xAA, 0xA9, 0xBA, 0xAA,
    0xEE, 0xEE, 0xEE, 0xEE, 0xEE, 0xEE, 0xEE, 0xEE, 0xEE, 0xEE, 0xEE, 0xEE, 0xFF, 0xFF, 0xFF, 0xFF,
    0xDD, 0xDD, 0xDD, 0xDD, 0xEE, 0xEE, 0xDF, 0xEE, 0xEE, 0xEE, 0xDF, 0xEE, 0xEE, 0xED, 0xFE, 0xEE,
    0x22, 0x22, 0x22, 0x22, 0x22, 0x22, 0x22, 0x22, 0x22, 0x22, 0x22, 0x22, 0x33, 0x33, 0x33, 0x33,
    0x11, 0x11, 0x11, 0x11, 0x22, 0x13, 0x22, 0x22, 0x22, 0x13, 0x22, 0x22, 0x22, 0x21, 0x32, 0x22,
    0xAA, 0xAA, 0xAA, 0xAA, 0xAA, 0xAA, 0xAA, 0xAA, 0xAA, 0xAA, 0xAA, 0xAA, 0xBB, 0xBB, 0xBB, 0xBB,
    0x99, 0x99, 0x99, 0x99, 0xAA, 0x9B, 0xAA, 0xAA, 0xAA, 0x9B, 0xAA, 0xAA, 0xAA, 0xA9, 0xBA, 0xAA,
    0xEE, 0xEE, 0xEE, 0xEE, 0xEE, 0xEE, 0xEE, 0xEE, 0xEE, 0xEE, 0xEE, 0xEE, 0xFF, 0xFF, 0xFF, 0xFF,
    0xDD, 0xDD, 0xDD, 0xDD, 0xEE, 0xDF, 0xEE, 0xEE, 0xEE, 0xDF, 0xEE, 0xEE, 0xEE, 0xED, 0xFE, 0xEE,
    0x22, 0x21, 0x32, 0x22, 0x22, 0x13, 0x22, 0x22, 0x22, 0x13, 0x22, 0x22, 0x11, 0x11, 0x11, 0x11,
    0x33, 0x33, 0x33, 0x33, 0x22, 0x22, 0x22, 0x22, 0x22, 0x22, 0x22, 0x22, 0x22, 0x22, 0x22, 0x22,
    0xAA, 0xA9, 0xBA, 0xAA, 0xAA, 0x9B, 0xAA, 0xAA, 0xAA, 0x9B, 0xAA, 0xAA, 0x99, 0x99, 0x99, 0x99,
    0xBB, 0xBB, 0xBB, 0xBB, 0xAA, 0xAA, 0xAA, 0xAA, 0xAA, 0xAA, 0xAA, 0xAA, 0xAA, 0xAA, 0xAA, 0xAA,
    0xEE, 0xED, 0xFE, 0xEE, 0xEE, 0xDF, 0xEE, 0xEE, 0xEE, 0xDF, 0xEE, 0xEE, 0xDD, 0xDD, 0xDD, 0xDD,
    0xFF, 0xFF, 0xFF, 0xFF, 0xEE, 0xEE, 0xEE, 0xEE, 0xEE, 0xEE, 0xEE, 0xEE, 0xEE, 0xEE, 0xEE, 0xEE,
    0x22, 0x22, 0x33, 0x02, 0x22, 0x23, 0x33, 0x02, 0x22, 0x33, 0x33, 0x02, 0x22, 0x33, 0x33, 0x00,
    0x22, 0x33, 0x11, 0x00, 0x22, 0x11, 0x11, 0x10, 0x22, 0x21, 0x11, 0x10, 0x22, 0x22, 0x11, 0x11,
    0xAA, 0xAA, 0xBB, 0x0A, 0xAA, 0xAB, 0xBB, 0x0A, 0xAA, 0xBB, 0xBB, 0x0A, 0xAA, 0xBB, 0xBB, 0x00,
    0xAA, 0xBB, 0x99, 0x00, 0xAA, 0x99, 0x99, 0x90, 0xAA, 0xA9, 0x99, 0x90, 0xAA, 0xAA, 0x99, 0x99,
    0xEE, 0xEE, 0xFF, 0x0E, 0xEE, 0xEF, 0xFF, 0x0E, 0xEE, 0xFF, 0xFF, 0x0E, 0xEE, 0xFF, 0xFF, 0x00,
    0xEE, 0xFF, 0xDD, 0x00, 0xEE, 0xDD, 0xDD, 0xD0, 0xEE, 0xED, 0xDD, 0xD0, 0xEE, 0xEE, 0xDD, 0xDD,
    0x22, 0x22, 0x11, 0x11, 0x22, 0x22, 0x33, 0x30, 0x22, 0x33, 0x33, 0x30, 0x22, 0x11, 0x33, 0x00,
    0x22, 0x33, 0x11, 0x00, 0x22, 0x33, 0x33, 0x02, 0x22, 0x23, 0x33, 0x02, 0x22, 0x22, 0x33, 0x02,
    0xAA, 0xAA, 0x99, 0x99, 0xAA, 0xAA, 0xBB, 0xB0, 0xAA, 0xBB, 0xBB, 0xB0, 0xAA, 0x99, 0xBB, 0x00,
    0xAA, 0xBB, 0x99, 0x00, 0xAA, 0xBB, 0xBB, 0x0A, 0xAA, 0xAB, 0xBB, 0x0A, 0xAA, 0xAA, 0xBB, 0x0A,
    0xEE, 0xEE, 0xDD, 0xDD, 0xEE, 0xEE, 0xFF, 0xF0, 0xEE, 0xFF, 0xFF, 0xF0, 0xEE, 0xDD, 0xFF, 0x00,
    0xEE, 0xFF, 0xDD, 0x00, 0xEE, 0xFF, 0xFF, 0x0E, 0xEE, 0xEF, 0xFF, 0x0E, 0xEE, 0xEE, 0xFF, 0x0E,
    0x11, 0x11, 0x22, 0x22, 0x03, 0x33, 0x32, 0x22, 0x03, 0x33, 0x33, 0x22, 0x00, 0x33, 0x11, 0x22,
    0x00, 0x11, 0x33, 0x22, 0x20, 0x33, 0x33, 0x22, 0x20, 0x33, 0x32, 0x22, 0x20, 0x33, 0x22, 0x22,
    0x99, 0x99, 0xAA, 0xAA, 0x0B, 0xBB, 0xBA, 0xAA, 0x0B, 0xBB, 0xBB, 0xAA, 0x00, 0xBB, 0x99, 0xAA,
    0x00, 0x99, 0xBB, 0xAA, 0xA0, 0xBB, 0xBB, 0xAA, 0xA0, 0xBB, 0xBA, 0xAA, 0xA0, 0xBB, 0xAA, 0xAA,
    0xDD, 0xDD, 0xEE, 0xEE, 0x0F, 0xFF, 0xFE, 0xEE, 0x0F, 0xFF, 0xFF, 0xEE, 0x00, 0xFF, 0xDD, 0xEE,
    0x00, 0xDD, 0xFF, 0xEE, 0xE0, 0xFF, 0xFF, 0xEE, 0xE0, 0xFF, 0xFE, 0xEE, 0xE0, 0xFF, 0xEE, 0xEE,
    0x20, 0x33, 0x22, 0x22, 0x20, 0x33, 0x32, 0x22, 0x20, 0x33, 0x33, 0x22, 0x00, 0x33, 0x33, 0x22,
    0x00, 0x11, 0x33, 0x22, 0x01, 0x11, 0x11, 0x22, 0x01, 0x11, 0x12, 0x22, 0x11, 0x11, 0x22, 0x22,
    0xA0, 0xBB, 0xAA, 0xAA, 0xA0, 0xBB, 0xBA, 0xAA, 0xA0, 0xBB, 0xBB, 0xAA, 0x00, 0xBB, 0xBB, 0xAA,
    0x00, 0x99, 0xBB, 0xAA, 0x09, 0x99, 0x99, 0xAA, 0x09, 0x99, 0x9A, 0xAA, 0x99, 0x99, 0xAA, 0xAA,
    0xE0, 0xFF, 0xEE, 0xEE, 0xE0, 0xFF, 0xFE, 0xEE, 0xE0, 0xFF, 0xFF, 0xEE, 0x00, 0xFF, 0xFF, 0xEE,
    0x00, 0xDD, 0xFF, 0xEE, 0x0D, 0xDD, 0xDD, 0xEE, 0x0D, 0xDD, 0xDE, 0xEE, 0xDD, 0xDD, 0xEE, 0xEE,
    0x22, 0x22, 0x22, 0x22, 0x22, 0x22, 0x22, 0x22, 0x22, 0x33, 0x31, 0x22, 0x23, 0x33, 0x31, 0x12,
    0x33, 0x33, 0x11, 0x11, 0x33, 0x33, 0x11, 0x11, 0x00, 0x00, 0x01, 0x11, 0x22, 0x20, 0x00, 0x01,
    0xAA, 0xAA, 0xAA, 0xAA, 0xAA, 0xAA, 0xAA, 0xAA, 0xAA, 0xBB, 0xB9, 0xAA, 0xAB, 0xBB, 0xB9, 0x9A,
    0xBB, 0xBB, 0x99, 0x99, 0xBB, 0xBB, 0x99, 0x99, 0x00, 0x00, 0x09, 0x99, 0xAA, 0xA0, 0x00, 0x09,
    0xEE, 0xEE, 0xEE, 0xEE, 0xEE, 0xEE, 0xEE, 0xEE, 0xEE, 0xFF, 0xFD, 0xEE, 0xEF, 0xFF, 0xFD, 0xDE,
    0xFF, 0xFF, 0xDD, 0xDD, 0xFF, 0xFF, 0xDD, 0xDD, 0x00, 0x00, 0x0D, 0xDD, 0xEE, 0xE0, 0x00, 0x0D,
    0x22, 0x20, 0x00, 0x01, 0x00, 0x00, 0x01, 0x11, 0x33, 0x33, 0x11, 0x11, 0x33, 0x33, 0x11, 0x11,
    0x23, 0x33, 0x31, 0x12, 0x22, 0x33, 0x31, 0x22, 0x22, 0x22, 0x22, 0x22, 0x22, 0x22, 0x22, 0x22,
    0xAA, 0xA0, 0x00, 0x09, 0x00, 0x00, 0x09, 0x99, 0xBB, 0xBB, 0x99, 0x99, 0xBB, 0xBB, 0x99, 0x99,
    0xAB, 0xBB, 0xB9, 0x9A, 0xAA, 0xBB, 0xB9, 0xAA, 0xAA, 0xAA, 0xAA, 0xAA, 0xAA, 0xAA, 0xAA, 0xAA,
    0xEE, 0xE0, 0x00, 0x0D, 0x00, 0x00, 0x0D, 0xDD, 0xFF, 0xFF, 0xDD, 0xDD, 0xFF, 0xFF, 0xDD, 0xDD,
    0xEF, 0xFF, 0xFD, 0xDE, 0xEE, 0xFF, 0xFD, 0xEE, 0xEE, 0xEE, 0xEE, 0xEE, 0xEE, 0xEE, 0xEE, 0xEE,
    0x13, 0x00, 0x02, 0x22, 0x13, 0x30, 0x00, 0x00, 0x13, 0x33, 0x13, 0x33, 0x13, 0x33, 0x13, 0x33,
    0x22, 0x31, 0x33, 0x32, 0x22, 0x31, 0x33, 0x22, 0x22, 0x22, 0x22, 0x22, 0x22, 0x22, 0x22, 0x22,
    0x9B, 0x00, 0x0A, 0xAA, 0x9B, 0xB0, 0x00, 0x00, 0x9B, 0xBB, 0x9B, 0xBB, 0x9B, 0xBB, 0x9B, 0xBB,
    0xAA, 0xB9, 0xBB, 0xBA, 0xAA, 0xB9, 0xBB, 0xAA, 0xAA, 0xAA, 0xAA, 0xAA, 0xAA, 0xAA, 0xAA, 0xAA,
    0xDF, 0x00, 0x0E, 0xEE, 0xDF, 0xF0, 0x00, 0x00, 0xDF, 0xFF, 0xDF, 0xFF, 0xDF, 0xFF, 0xDF, 0xFF,
    0xEE, 0xFD, 0xFF, 0xFE, 0xEE, 0xFD, 0xFF, 0xEE, 0xEE, 0xEE, 0xEE, 0xEE, 0xEE, 0xEE, 0xEE, 0xEE,
    0x22, 0x22, 0x22, 0x22, 0x22, 0x22, 0x22, 0x22, 0x22, 0x31, 0x33, 0x22, 0x22, 0x31, 0x33, 0x32,
    0x13, 0x33, 0x13, 0x33, 0x13, 0x33, 0x13, 0x33, 0x13, 0x30, 0x00, 0x00, 0x13, 0x00, 0x02, 0x22,
    0xAA, 0xAA, 0xAA, 0xAA, 0xAA, 0xAA, 0xAA, 0xAA, 0xAA, 0xB9, 0xBB, 0xAA, 0xAA, 0xB9, 0xBB, 0xBA,
    0x9B, 0xBB, 0x9B, 0xBB, 0x9B, 0xBB, 0x9B, 0xBB, 0x9B, 0xB0, 0x00, 0x00, 0x9B, 0x00, 0x0A, 0xAA,
    0xEE, 0xEE, 0xEE, 0xEE, 0xEE, 0xEE, 0xEE, 0xEE, 0xEE, 0xFD, 0xFF, 0xEE, 0xEE, 0xFD, 0xFF, 0xFE,
    0xDF, 0xFF, 0xDF, 0xFF, 0xDF, 0xFF, 0xDF, 0xFF, 0xDF, 0xF0, 0x00, 0x00, 0xDF, 0x00, 0x0E, 0xEE,
    0x22, 0x22, 0x22, 0x22, 0x22, 0x22, 0x22, 0x22, 0x22, 0x22, 0x22, 0x22, 0x11, 0x11, 0x11, 0x11,
    0x33, 0x33, 0x33, 0x33, 0x22, 0x22, 0x22, 0x22, 0x22, 0x22, 0x22, 0x22, 0x22, 0x22, 0x22, 0x22,
    0xAA, 0xAA, 0xAA, 0xAA, 0xAA, 0xAA, 0xAA, 0xAA, 0xAA, 0xAA, 0xAA, 0xAA, 0x99, 0x99, 0x99, 0x99,
    0xBB, 0xBB, 0xBB, 0xBB, 0xAA, 0xAA, 0xAA, 0xAA, 0xAA, 0xAA, 0xAA, 0xAA, 0xAA, 0xAA, 0xAA, 0xAA,
    0xEE, 0xEE, 0xEE, 0xEE, 0xEE, 0xEE, 0xEE, 0xEE, 0xEE, 0xEE, 0xEE, 0xEE, 0xDD, 0xDD, 0xDD, 0xDD,
    0xFF, 0xFF, 0xFF, 0xFF, 0xEE, 0xEE, 0xEE, 0xEE, 0xEE, 0xEE, 0xEE, 0xEE, 0xEE, 0xEE, 0xEE, 0xEE,
    0x22, 0x22, 0x22, 0x22, 0x22, 0x22, 0x22, 0x22, 0x22, 0x22, 0x22, 0x22, 0x33, 0x33, 0x33, 0x33,
    0x11, 0x11, 0x11, 0x11, 0x22, 0x22, 0x22, 0x22, 0x22, 0x22, 0x22, 0x22, 0x22, 0x22, 0x22, 0x22,
    0xAA, 0xAA, 0xAA, 0xAA, 0xAA, 0xAA, 0xAA, 0xAA, 0xAA, 0xAA, 0xAA, 0xAA, 0xBB, 0xBB, 0xBB, 0xBB,
    0x99, 0x99, 0x99, 0x99, 0xAA, 0xAA, 0xAA, 0xAA, 0xAA, 0xAA, 0xAA, 0xAA, 0xAA, 0xAA, 0xAA, 0xAA,
    0xEE, 0xEE, 0xEE, 0xEE, 0xEE, 0xEE, 0xEE, 0xEE, 0xEE, 0xEE, 0xEE, 0xEE, 0xFF, 0xFF, 0xFF, 0xFF,
    0xDD, 0xDD, 0xDD, 0xDD, 0xEE, 0xEE, 0xEE, 0xEE, 0xEE, 0xEE, 0xEE, 0xEE, 0xEE, 0xEE, 0xEE, 0xEE,
    0x22, 0x21, 0x32, 0x22, 0x22, 0x21, 0x32, 0x22, 0x22, 0x21, 0x32, 0x22, 0x22, 0x21, 0x32, 0x22,
    0x22, 0x21, 0x32, 0x22, 0x22, 0x21, 0x32, 0x22, 0x22, 0x21, 0x32, 0x22, 0x22, 0x21, 0x32, 0x22,
    0xAA, 0xA9, 0xBA, 0xAA, 0xAA, 0xA9, 0xBA, 0xAA, 0xAA, 0xA9, 0xBA, 0xAA, 0xAA, 0xA9, 0xBA, 0xAA,
    0xAA, 0xA9, 0xBA, 0xAA, 0xAA, 0xA9, 0xBA, 0xAA, 0xAA, 0xA9, 0xBA, 0xAA, 0xAA, 0xA9, 0xBA, 0xAA,
    0xEE, 0xED, 0xFE, 0xEE, 0xEE, 0xED, 0xFE, 0xEE, 0xEE, 0xED, 0xFE, 0xEE, 0xEE, 0xED, 0xFE, 0xEE,
    0xEE, 0xED, 0xFE, 0xEE, 0xEE, 0xED, 0xFE, 0xEE, 0xEE, 0xED, 0xFE, 0xEE, 0xEE, 0xED, 0xFE, 0xEE,
    0x22, 0x23, 0x12, 0x22, 0x22, 0x23, 0x12, 0x22, 0x22, 0x23, 0x12, 0x22, 0x22, 0x23, 0x12, 0x22,
    0x22, 0x23, 0x12, 0x22, 0x22, 0x23, 0x12, 0x22, 0x22, 0x23, 0x12, 0x22, 0x22, 0x23, 0x12, 0x22,
    0xAA, 0xAB, 0x9A, 0xAA, 0xAA, 0xAB, 0x9A, 0xAA, 0xAA, 0xAB, 0x9A, 0xAA, 0xAA, 0xAB, 0x9A, 0xAA,
    0xAA, 0xAB, 0x9A, 0xAA, 0xAA, 0xAB, 0x9A, 0xAA, 0xAA, 0xAB, 0x9A, 0xAA, 0xAA, 0xAB, 0x9A, 0xAA,
    0xEE, 0xEF, 0xDE, 0xEE, 0xEE, 0xEF, 0xDE, 0xEE, 0xEE, 0xEF, 0xDE, 0xEE, 0xEE, 0xEF, 0xDE, 0xEE,
    0xEE, 0xEF, 0xDE, 0xEE, 0xEE, 0xEF, 0xDE, 0xEE, 0xEE, 0xEF, 0xDE, 0xEE, 0xEE, 0xEF, 0xDE, 0xEE,
    0x12, 0x22, 0x22, 0x22, 0x21, 0x22, 0x22, 0x22, 0x22, 0x12, 0x22, 0x22, 0x22, 0x21, 0x22, 0x22,
    0x22, 0x22, 0x12, 0x22, 0x22, 0x22, 0x21, 0x22, 0x22, 0x22, 0x22, 0x12, 0x22, 0x22, 0x22, 0x21,
    0x9A, 0xAA, 0xAA, 0xAA, 0xA9, 0xAA, 0xAA, 0xAA, 0xAA, 0x9A, 0xAA, 0xAA, 0xAA, 0xA9, 0xAA, 0xAA,
    0xAA, 0xAA, 0x9A, 0xAA, 0xAA, 0xAA, 0xA9, 0xAA, 0xAA, 0xAA, 0xAA, 0x9A, 0xAA, 0xAA, 0xAA, 0xA9,
    0xDE, 0xEE, 0xEE, 0xEE, 0xED, 0xEE, 0xEE, 0xEE, 0xEE, 0xDE, 0xEE, 0xEE, 0xEE, 0xED, 0xEE, 0xEE,
    0xEE, 0xEE, 0xDE, 0xEE, 0xEE, 0xEE, 0xED, 0xEE, 0xEE, 0xEE, 0xEE, 0xDE, 0xEE, 0xEE, 0xEE, 0xED,
    0x22, 0x22, 0x22, 0x21, 0x22, 0x22, 0x22, 0x12, 0x22, 0x22, 0x21, 0x22, 0x22, 0x22, 0x12, 0x22,
    0x22, 0x21, 0x22, 0x22, 0x22, 0x12, 0x22, 0x22, 0x21, 0x22, 0x22, 0x22, 0x12, 0x22, 0x22, 0x22,
    0xAA, 0xAA, 0xAA, 0xA9, 0xAA, 0xAA, 0xAA, 0x9A, 0xAA, 0xAA, 0xA9, 0xAA, 0xAA, 0xAA, 0x9A, 0xAA,
    0xAA, 0xA9, 0xAA, 0xAA, 0xAA, 0x9A, 0xAA, 0xAA, 0xA9, 0xAA, 0xAA, 0xAA, 0x9A, 0xAA, 0xAA, 0xAA,
    0xEE, 0xEE, 0xEE, 0xED, 0xEE, 0xEE, 0xEE, 0xDE, 0xEE, 0xEE, 0xED, 0xEE, 0xEE, 0xEE, 0xDE, 0xEE,
    0xEE, 0xED, 0xEE, 0xEE, 0xEE, 0xDE, 0xEE, 0xEE, 0xED, 0xEE, 0xEE, 0xEE, 0xDE, 0xEE, 0xEE, 0xEE,
    0x22, 0x22, 0x22, 0x22, 0x20, 0x00, 0x00, 0x02, 0x20, 0x00, 0x00, 0x02, 0x20, 0x00, 0x00, 0x02,
    0x20, 0x00, 0x00, 0x02, 0x20, 0x00, 0x00, 0x02, 0x20, 0x00, 0x00, 0x02, 0x22, 0x22, 0x22, 0x22,
    0xAA, 0xAA, 0xAA, 0xAA, 0xA0, 0x00, 0x00, 0x0A, 0xA0, 0x00, 0x00, 0x0A, 0xA0, 0x00, 0x00, 0x0A,
    0xA0, 0x00, 0x00, 0x0A, 0xA0, 0x00, 0x00, 0x0A, 0xA0, 0x00, 0x00, 0x0A, 0xAA, 0xAA, 0xAA, 0xAA,
    0xEE, 0xEE, 0xEE, 0xEE, 0xE0, 0x00, 0x00, 0x0E, 0xE0, 0x00, 0x00, 0x0E, 0xE0, 0x00, 0x00, 0x0E,
    0xE0, 0x00, 0x00, 0x0E, 0xE0, 0x00, 0x00, 0x0E, 0xE0, 0x00, 0x00, 0x0E, 0xEE, 0xEE, 0xEE, 0xEE,
    0x22, 0x22, 0x22, 0x22, 0x20, 0x00, 0x00, 0x02, 0x20, 0x00, 0x00, 0x02, 0x20, 0x00, 0x00, 0x00,
    0x20, 0x00, 0x00, 0x00, 0x20, 0x00, 0x00, 0x02, 0x20, 0x00, 0x00, 0x02, 0x22, 0x22, 0x22, 0x22,
    0xAA, 0xAA, 0xAA, 0xAA, 0xA0, 0x00, 0x00, 0x0A, 0xA0, 0x00, 0x00, 0x0A, 0xA0, 0x00, 0x00, 0x00,
    0xA0, 0x00, 0x00, 0x00, 0xA0, 0x00, 0x00, 0x0A, 0xA0, 0x00, 0x00, 0x0A, 0xAA, 0xAA, 0xAA, 0xAA,
    0xEE, 0xEE, 0xEE, 0xEE, 0xE0, 0x00, 0x00, 0x0E, 0xE0, 0x00, 0x00, 0x0E, 0xE0, 0x00, 0x00, 0x00,
    0xE0, 0x00, 0x00, 0x00, 0xE0, 0x00, 0x00, 0x0E, 0xE0, 0x00, 0x00, 0x0E, 0xEE, 0xEE, 0xEE, 0xEE,
    0x00, 0x00, 0x00, 0x00, 0x00, 0x00, 0x00, 0x00, 0x00, 0x00, 0x00, 0x00, 0x00, 0x00, 0x00, 0x00,
    0x00, 0x00, 0x00, 0x00, 0x00, 0x00, 0x00, 0x00, 0x00, 0x00, 0x00, 0x00, 0x00, 0x00, 0x00, 0x00,
    0x00, 0x00, 0x00, 0x00, 0x00, 0x00, 0x00, 0x00, 0x00, 0x00, 0x00, 0x00, 0x00, 0x00, 0x00, 0x00,
    0x00, 0x00, 0x00, 0x00, 0x00, 0x00, 0x00, 0x00, 0x00, 0x00, 0x00, 0x00, 0x00, 0x00, 0x00, 0x00,
    0x00, 0x00, 0x00, 0x00, 0x00, 0x00, 0x00, 0x00, 0x00, 0x00, 0x00, 0x00, 0x00, 0x00, 0x00, 0x00,
    0x00, 0x00, 0x00, 0x00, 0x00, 0x00, 0x00, 0x00, 0x00, 0x00, 0x00, 0x00, 0x00, 0x00, 0x00, 0x00,
    0xDD, 0xDD, 0xDD, 0xDD, 0xDD, 0xDD, 0xDD, 0xDD, 0xDD, 0xDD, 0xDD, 0xDD, 0xDD, 0xDD, 0xDD, 0xDD,
    0xDD, 0xDD, 0xDD, 0xDD, 0xDD, 0xDD, 0xDD, 0xDD, 0xDD, 0xDD, 0xDD, 0xDD, 0xDD, 0xDD, 0xDD, 0xDD,
    0xAA, 0xAA, 0xAA, 0xAA, 0xAA, 0xAA, 0xAA, 0xAA, 0xAA, 0xAA, 0xAA, 0xAA, 0xAA, 0xAA, 0xAA, 0xAA,
    0xAA, 0xAA, 0xAA, 0xAA, 0xAA, 0xAA, 0xAA, 0xAA, 0xAA, 0xAA, 0xAA, 0xAA, 0xAA, 0xAA, 0xAA, 0xAA,
    0xA9, 0xBA, 0xAA, 0xAA, 0xA9, 0xAA, 0xAA, 0xAA, 0xA9, 0xAA, 0xAA, 0xAA, 0x99, 0x99, 0x99, 0x99,
    0xAA, 0xAA, 0xA9, 0xBA, 0xAA, 0xAA, 0xA9, 0xAA, 0xAA, 0xAA, 0xA9, 0xAA, 0x99, 0x99, 0x99, 0x99
};

const unsigned char bg_sparse_chr_redux_ow[9280] __attribute__((aligned(4))) = {
    0x00, 0x01, 0x11, 0x00, 0x00, 0x03, 0x02, 0x00, 0x00, 0x03, 0x22, 0x00, 0x00, 0x03, 0x02, 0x00,
    0x00, 0x03, 0x22, 0x00, 0x00, 0x03, 0x02, 0x00, 0x00, 0x03, 0x22, 0x00, 0x00, 0x03, 0x02, 0x00,
    0x00, 0x09, 0x99, 0x00, 0x00, 0x0B, 0x0A, 0x00, 0x00, 0x0B, 0xAA, 0x00, 0x00, 0x0B, 0x0A, 0x00,
    0x00, 0x0B, 0xAA, 0x00, 0x00, 0x0B, 0x0A, 0x00, 0x00, 0x0B, 0xAA, 0x00, 0x00, 0x0B, 0x0A, 0x00,
    0x00, 0x0D, 0xDD, 0x00, 0x00, 0x0F, 0x0E, 0x00, 0x00, 0x0F, 0xEE, 0x00, 0x00, 0x0F, 0x0E, 0x00,
    0x00, 0x0F, 0xEE, 0x00, 0x00, 0x0F, 0x0E, 0x00, 0x00, 0x0F, 0xEE, 0x00, 0x00, 0x0F, 0x0E, 0x00,
    0x00, 0x00, 0x10, 0x00, 0x00, 0x11, 0x11, 0x00, 0x01, 0x11, 0x21, 0x00, 0x01, 0x12, 0x11, 0x10,
    0x00, 0x12, 0x21, 0x00, 0x00, 0x00, 0x00, 0x00, 0x00, 0x33, 0x33, 0x00, 0x00, 0x33, 0x33, 0x00,
    0x00, 0x00, 0x90, 0x00, 0x00, 0x99, 0x99, 0x00, 0x09, 0x99, 0xA9, 0x00, 0x09, 0x9A, 0x99, 0x90,
    0x00, 0x9A, 0xA9, 0x00, 0x00, 0x00, 0x00, 0x00, 0x00, 0xBB, 0xBB, 0x00, 0x00, 0xBB, 0xBB, 0x00,
    0x00, 0x00, 0xD0, 0x00, 0x00, 0xDD, 0xDD, 0x00, 0x0D, 0xDD, 0xED, 0x00, 0x0D, 0xDE, 0xDD, 0xD0,
    0x00, 0xDE, 0xED, 0x00, 0x00, 0x00, 0x00, 0x00, 0x00, 0xFF, 0xFF, 0x00, 0x00, 0xFF, 0xFF, 0x00,
    0x00, 0x00, 0x09, 0x99, 0x00, 0x00, 0x99, 0x99, 0x00, 0xA0, 0x9B, 0xBB, 0x00, 0xA0, 0xBB, 0xBB,
    0x00, 0xAA, 0xBA, 0x9A, 0x00, 0xAA, 0xBA, 0xBA, 0x00, 0x0A, 0xAA, 0xAA, 0x00, 0x09, 0x9A, 0xAB,
    0x0B, 0xBB, 0xBB, 0xAA, 0xBB, 0xAB, 0xBB, 0xB9, 0xBA, 0xAA, 0xBB, 0xAB, 0xBB, 0xAB, 0xBB, 0xA9,
    0xBB, 0xAB, 0xBB, 0xAB, 0xBB, 0xBB, 0xBB, 0xA9, 0x0A, 0xAA, 0xAA, 0xB0, 0x00, 0x00, 0xBB, 0xB0,
    0x00, 0x00, 0x09, 0x99, 0x00, 0x00, 0x99, 0x99, 0x00, 0xA0, 0x9B, 0xBB, 0x00, 0xA0, 0xBB, 0xBB,
    0x00, 0xAA, 0xBA, 0x9A, 0x00, 0xAA, 0xBA, 0xBA, 0x00, 0x0A, 0xAA, 0xAA, 0x00, 0x00, 0x9A, 0xAB,
    0x00, 0xBB, 0xBB, 0xBA, 0x0B, 0xBA, 0xBB, 0xBB, 0x0B, 0xAA, 0xAB, 0xBA, 0x0B, 0xBA, 0xBB, 0xBA,
    0x0B, 0xBA, 0xBB, 0xBA, 0x0B, 0xBB, 0xBB, 0xBA, 0x00, 0xAA, 0xAA, 0xA0, 0x00, 0x00, 0x00, 0x00,
    0x00, 0x00, 0x00, 0x00, 0x00, 0x0A, 0x09, 0x00, 0x00, 0x90, 0x90, 0x09, 0x00, 0x90, 0x90, 0x99,
    0x00, 0x00, 0x99, 0x99, 0x0A, 0x90, 0x99, 0xA9, 0x09, 0x99, 0x9A, 0x99, 0x09, 0x99, 0x9A, 0x9A,
    0x09, 0x99, 0xAA, 0x9A, 0x90, 0x9A, 0xAA, 0xAA, 0x99, 0x9A, 0x9A, 0xAB, 0x99, 0x9A, 0xAB, 0xAB,
    0x09, 0x99, 0xAA, 0xBB, 0x09, 0x99, 0xAA, 0xBB, 0x00, 0x99, 0x99, 0xAA, 0x00, 0x00, 0x09, 0x99,
    0x00, 0x00, 0x00, 0x00, 0x00, 0x00, 0x00, 0x00, 0x00, 0x06, 0x76, 0x00, 0x00, 0x75, 0x55, 0x70,
    0x06, 0x55, 0x55, 0x56, 0x07, 0x55, 0x55, 0x55, 0x06, 0x55, 0x55, 0x55, 0x07, 0x55, 0x55, 0x55,
    0x00, 0x00, 0x00, 0x00, 0x00, 0x00, 0x00, 0x00, 0x00, 0x0A, 0xBA, 0x00, 0x00, 0xB9, 0x99, 0xB0,
    0x0A, 0x99, 0x99, 0x9A, 0x0B, 0x99, 0x99, 0x99, 0x0A, 0x99, 0x99, 0x99, 0x0B, 0x99, 0x99, 0x99,
    0x00, 0x00, 0x00, 0x00, 0x00, 0x00, 0x00, 0x00, 0x00, 0x0E, 0xFE, 0x00, 0x00, 0xFD, 0xDD, 0xF0,
    0x0E, 0xDD, 0xDD, 0xDE, 0x0F, 0xDD, 0xDD, 0xDD, 0x0E, 0xDD, 0xDD, 0xDD, 0x0F, 0xDD, 0xDD, 0xDD,
    0x99, 0x99, 0x99, 0x99, 0x90, 0x00, 0x00, 0x00, 0x9A, 0xA0, 0x00, 0x00, 0x9A, 0xA9, 0x00, 0x00,
    0x9A, 0xA9, 0xAA, 0xA0, 0x9A, 0xA9, 0xAA, 0xA9, 0x9A, 0xA9, 0xAA, 0xA9, 0x9A, 0xA9, 0xAA, 0xA9,
    0x9A, 0xA9, 0xAA, 0xA9, 0x9A, 0xA9, 0xAA, 0xA9, 0x9A, 0xA9, 0xAA, 0xA9, 0x9A, 0xA9, 0xAA, 0xA9,
    0x9A, 0xA9, 0xAA, 0xA9, 0x9A, 0xA9, 0xAA, 0xA9, 0x9A, 0xA9, 0xAA, 0xA9, 0x99, 0x99, 0x99, 0x99,
    0x99, 0x99, 0x99, 0x99, 0x00, 0x00, 0x00, 0x09, 0x00, 0x00, 0x00, 0x09, 0x00, 0x00, 0x00, 0x09,
    0x00, 0x00, 0x00, 0x09, 0x00, 0x00, 0x00, 0x09, 0xAA, 0xA0, 0x00, 0x09, 0xAA, 0xA9, 0x00, 0x09,
    0xAA, 0xA9, 0xAA, 0xA9, 0xAA, 0xA9, 0xAA, 0xA9, 0xAA, 0xA9, 0xAA, 0xA9, 0xAA, 0xA9, 0xAA, 0xA9,
    0xAA, 0xA9, 0xAA, 0xA9, 0xAA, 0xA9, 0xAA, 0xA9, 0xAA, 0xA9, 0xAA, 0xA9, 0x99, 0x99, 0x99, 0x99,
    0x20, 0x01, 0x11, 0x11, 0x20, 0x33, 0x33, 0x33, 0x20, 0x33, 0x33, 0x33, 0x20, 0x33, 0x33, 0x33,
    0x20, 0x01, 0x11, 0x11, 0x20, 0x33, 0x33, 0x33, 0x20, 0x33, 0x33, 0x33, 0x20, 0x33, 0x33, 0x33,
    0xA0, 0x09, 0x99, 0x99, 0xA0, 0xBB, 0xBB, 0xBB, 0xA0, 0xBB, 0xBB, 0xBB, 0xA0, 0xBB, 0xBB, 0xBB,
    0xA0, 0x09, 0x99, 0x99, 0xA0, 0xBB, 0xBB, 0xBB, 0xA0, 0xBB, 0xBB, 0xBB, 0xA0, 0xBB, 0xBB, 0xBB,
    0xE0, 0x0D, 0xDD, 0xDD, 0xE0, 0xFF, 0xFF, 0xFF, 0xE0, 0xFF, 0xFF, 0xFF, 0xE0, 0xFF, 0xFF, 0xFF,
    0xE0, 0x0D, 0xDD, 0xDD, 0xE0, 0xFF, 0xFF, 0xFF, 0xE0, 0xFF, 0xFF, 0xFF, 0xE0, 0xFF, 0xFF, 0xFF,
    0x11, 0x11, 0x11, 0x20, 0x33, 0x33, 0x33, 0x20, 0x33, 0x33, 0x33, 0x20, 0x33, 0x33, 0x33, 0x20,
    0x11, 0x11, 0x11, 0x20, 0x33, 0x33, 0x33, 0x20, 0x33, 0x33, 0x33, 0x20, 0x33, 0x33, 0x33, 0x20,
    0x99, 0x99, 0x99, 0xA0, 0xBB, 0xBB, 0xBB, 0xA0, 0xBB, 0xBB, 0xBB, 0xA0, 0xBB, 0xBB, 0xBB, 0xA0,
    0x99, 0x99, 0x99, 0xA0, 0xBB, 0xBB, 0xBB, 0xA0, 0xBB, 0xBB, 0xBB, 0xA0, 0xBB, 0xBB, 0xBB, 0xA0,
    0xDD, 0xDD, 0xDD, 0xE0, 0xFF, 0xFF, 0xFF, 0xE0, 0xFF, 0xFF, 0xFF, 0xE0, 0xFF, 0xFF, 0xFF, 0xE0,
    0xDD, 0xDD, 0xDD, 0xE0, 0xFF, 0xFF, 0xFF, 0xE0, 0xFF, 0xFF, 0xFF, 0xE0, 0xFF, 0xFF, 0xFF, 0xE0,
    0x99, 0x99, 0x99, 0x9B, 0x90, 0x99, 0x90, 0x90, 0x99, 0x99, 0x99, 0x90, 0x99, 0x99, 0x99, 0x90,
    0x99, 0x99, 0x99, 0x90, 0x99, 0x99, 0x99, 0x90, 0x99, 0x99, 0x99, 0x90, 0x99, 0x99, 0x99, 0x90,
    0xDD, 0xDD, 0xDD, 0xDF, 0xD0, 0xDD, 0xD0, 0xD0, 0xDD, 0xDD, 0xDD, 0xD0, 0xDD, 0xDD, 0xDD, 0xD0,
    0xDD, 0xDD, 0xDD, 0xD0, 0xDD, 0xDD, 0xDD, 0xD0, 0xDD, 0xDD, 0xDD, 0xD0, 0xDD, 0xDD, 0xDD, 0xD0,
    0x99, 0x99, 0x99, 0x90, 0x99, 0x99, 0x99, 0x90, 0x99, 0x99, 0x99, 0x90, 0x99, 0x99, 0x99, 0x90,
    0x99, 0x99, 0x99, 0x90, 0x90, 0x99, 0x90, 0x90, 0x99, 0x99, 0x99, 0x90, 0xB0, 0x00, 0x00, 0x00,
    0xDD, 0xDD, 0xDD, 0xD0, 0xDD, 0xDD, 0xDD, 0xD0, 0xDD, 0xDD, 0xDD, 0xD0, 0xDD, 0xDD, 0xDD, 0xD0,
    0xDD, 0xDD, 0xDD, 0xD0, 0xD0, 0xDD, 0xD0, 0xD0, 0xDD, 0xDD, 0xDD, 0xD0, 0xF0, 0x00, 0x00, 0x00,
    0xBB, 0xB0, 0xBB, 0xBB, 0xBB, 0xBB, 0xBB, 0xAA, 0xBB, 0xBB, 0xBA, 0xAA, 0xB0, 0xBA, 0xAA, 0xAA,
    0xBB, 0xB0, 0xAA, 0xAA, 0xBB, 0xB0, 0x0A, 0xAA, 0xBB, 0xB0, 0xAA, 0xAA, 0x0B, 0xBA, 0xAA, 0xAA,
    0xFF, 0xF0, 0xFF, 0xFF, 0xFF, 0xFF, 0xFF, 0xEE, 0xFF, 0xFF, 0xFE, 0xEE, 0xF0, 0xFE, 0xEE, 0xEE,
    0xFF, 0xF0, 0xEE, 0xEE, 0xFF, 0xF0, 0x0E, 0xEE, 0xFF, 0xF0, 0xEE, 0xEE, 0x0F, 0xFE, 0xEE, 0xEE,
    0xBA, 0xAA, 0xAA, 0xAA, 0xBA, 0xAA, 0xAA, 0xAA, 0xBA, 0xAA, 0xAA, 0xAA, 0xAA, 0xAA, 0xAA, 0xAA,
    0xAA, 0xAA, 0xAA, 0xAA, 0xAA, 0xAA, 0xAA, 0xAA, 0xAA, 0xAA, 0xAA, 0xAA, 0xAA, 0xAA, 0xAA, 0xAA,
    0xFE, 0xEE, 0xEE, 0xEE, 0xFE, 0xEE, 0xEE, 0xEE, 0xFE, 0xEE, 0xEE, 0xEE, 0xEE, 0xEE, 0xEE, 0xEE,
    0xEE, 0xEE, 0xEE, 0xEE, 0xEE, 0xEE, 0xEE, 0xEE, 0xEE, 0xEE, 0xEE, 0xEE, 0xEE, 0xEE, 0xEE, 0xEE,
    0xAA, 0xAA, 0xAA, 0xAA, 0xAA, 0xAA, 0xAA, 0xAA, 0xAA, 0xAA, 0xAA, 0xAA, 0xAA, 0xAA, 0xAA, 0xAA,
    0xAA, 0xAA, 0xAA, 0xAA, 0xAA, 0xAA, 0xAA, 0xAA, 0xAA, 0xAA, 0xAA, 0xAA, 0xAA, 0xAA, 0xAA, 0xAA,
    0xEE, 0xEE, 0xEE, 0xEE, 0xEE, 0xEE, 0xEE, 0xEE, 0xEE, 0xEE, 0xEE, 0xEE, 0xEE, 0xEE, 0xEE, 0xEE,
    0xEE, 0xEE, 0xEE, 0xEE, 0xEE, 0xEE, 0xEE, 0xEE, 0xEE, 0xEE, 0xEE, 0xEE, 0xEE, 0xEE, 0xEE, 0xEE,
    0xAA, 0xAA, 0xAA, 0xAA, 0xAA, 0xAA, 0xAA, 0xAA, 0xAA, 0xAA, 0xAA, 0xAA, 0xAA, 0xAA, 0xAA, 0xAA,
    0xAA, 0xAA, 0xAA, 0xAA, 0xAA, 0xAA, 0xAA, 0xAA, 0xAA, 0xAA, 0xAA, 0xAA, 0xAA, 0xAA, 0xAA, 0xAA,
    0xEE, 0xEE, 0xEE, 0xEE, 0xEE, 0xEE, 0xEE, 0xEE, 0xEE, 0xEE, 0xEE, 0xEE, 0xEE, 0xEE, 0xEE, 0xEE,
    0xEE, 0xEE, 0xEE, 0xEE, 0xEE, 0xEE, 0xEE, 0xEE, 0xEE, 0xEE, 0xEE, 0xEE, 0xEE, 0xEE, 0xEE, 0xEE,
    0xBB, 0xBB, 0xB0, 0xBB, 0xAB, 0xAA, 0xBB, 0xBB, 0xAA, 0xAA, 0xBB, 0xBB, 0xAA, 0xAA, 0xAA, 0xBB,
    0xAA, 0xAA, 0xAA, 0xB0, 0xAA, 0xAA, 0xAA, 0xBB, 0xAA, 0xAA, 0xAA, 0xBB, 0xAA, 0xAA, 0xAA, 0xAB,
    0xFF, 0xFF, 0xF0, 0xFF, 0xEF, 0xEE, 0xFF, 0xFF, 0xEE, 0xEE, 0xFF, 0xFF, 0xEE, 0xEE, 0xEE, 0xFF,
    0xEE, 0xEE, 0xEE, 0xF0, 0xEE, 0xEE, 0xEE, 0xFF, 0xEE, 0xEE, 0xEE, 0xFF, 0xEE, 0xEE, 0xEE, 0xEF,
    0xAA, 0xAA, 0xAA, 0x0B, 0xAA, 0xAA, 0xA0, 0x0B, 0xAA, 0xAA, 0xAA, 0xAB, 0xAA, 0xAA, 0xAA, 0xAA,
    0xAA, 0xAA, 0xAA, 0xAA, 0xAA, 0xAA, 0xAA, 0xAA, 0xAA, 0xAA, 0xAA, 0xAA, 0xAA, 0xAA, 0xAA, 0xAA,
    0xEE, 0xEE, 0xEE, 0x0F, 0xEE, 0xEE, 0xE0, 0x0F, 0xEE, 0xEE, 0xEE, 0xEF, 0xEE, 0xEE, 0xEE, 0xEE,
    0xEE, 0xEE, 0xEE, 0xEE, 0xEE, 0xEE, 0xEE, 0xEE, 0xEE, 0xEE, 0xEE, 0xEE, 0xEE, 0xEE, 0xEE, 0xEE,
    0xAA, 0xAA, 0xAA, 0xAA, 0xAA, 0xAA, 0xAA, 0xAA, 0xAA, 0xAA, 0xAA, 0xAA, 0x0A, 0xAA, 0xAA, 0xAA,
    0x0A, 0xAA, 0xAA, 0xAA, 0x0A, 0xAA, 0xAA, 0xAA, 0xB0, 0xAA, 0xAA, 0xAA, 0xB0, 0xAA, 0xAA, 0xAA,
    0xEE, 0xEE, 0xEE, 0xEE, 0xEE, 0xEE, 0xEE, 0xEE, 0xEE, 0xEE, 0xEE, 0xEE, 0x0E, 0xEE, 0xEE, 0xEE,
    0x0E, 0xEE, 0xEE, 0xEE, 0x0E, 0xEE, 0xEE, 0xEE, 0xF0, 0xEE, 0xEE, 0xEE, 0xF0, 0xEE, 0xEE, 0xEE,
    0xB0, 0xAA, 0xAA, 0xAA, 0xB0, 0xAA, 0xAA, 0xAA, 0x0B, 0x00, 0xAA, 0xAA, 0xBB, 0xB0, 0xAA, 0xAA,
    0xBB, 0xB0, 0x00, 0xAA, 0xB0, 0xBB, 0x00, 0x0A, 0xBB, 0xBB, 0xBB, 0x00, 0xBB, 0xBB, 0xBB, 0xBB,
    0xF0, 0xEE, 0xEE, 0xEE, 0xF0, 0xEE, 0xEE, 0xEE, 0x0F, 0x00, 0xEE, 0xEE, 0xFF, 0xF0, 0xEE, 0xEE,
    0xFF, 0xF0, 0x00, 0xEE, 0xF0, 0xFF, 0x00, 0x0E, 0xFF, 0xFF, 0xFF, 0x00, 0xFF, 0xFF, 0xFF, 0xFF,
    0xAA, 0xAA, 0xAA, 0xAA, 0xAA, 0xAA, 0xAA, 0xAA, 0xAA, 0xAA, 0xAA, 0xAA, 0xAA, 0xAA, 0xAA, 0xAA,
    0xAA, 0xAA, 0xAA, 0xAA, 0xAA, 0xAA, 0xAA, 0xAA, 0xAA, 0xAA, 0xAA, 0xAA, 0xAA, 0xAA, 0xAA, 0xAA,
    0xEE, 0xEE, 0xEE, 0xEE, 0xEE, 0xEE, 0xEE, 0xEE, 0xEE, 0xEE, 0xEE, 0xEE, 0xEE, 0xEE, 0xEE, 0xEE,
    0xEE, 0xEE, 0xEE, 0xEE, 0xEE, 0xEE, 0xEE, 0xEE, 0xEE, 0xEE, 0xEE, 0xEE, 0xEE, 0xEE, 0xEE, 0xEE,
    0xAA, 0xAA, 0xAA, 0xAA, 0xAA, 0xAA, 0xAA, 0xAA, 0xAA, 0xAA, 0xAA, 0xAA, 0xAA, 0xAA, 0xAA, 0xAA,
    0xAA, 0xAA, 0xAA, 0xAA, 0xAA, 0xAA, 0xAA, 0xAA, 0xAA, 0xAA, 0xAA, 0xAA, 0x00, 0x0A, 0xA0, 0x00,
    0xEE, 0xEE, 0xEE, 0xEE, 0xEE, 0xEE, 0xEE, 0xEE, 0xEE, 0xEE, 0xEE, 0xEE, 0xEE, 0xEE, 0xEE, 0xEE,
    0xEE, 0xEE, 0xEE, 0xEE, 0xEE, 0xEE, 0xEE, 0xEE, 0xEE, 0xEE, 0xEE, 0xEE, 0x00, 0x0E, 0xE0, 0x00,
    0xAA, 0xAA, 0xAA, 0xAA, 0xAA, 0xAA, 0xAA, 0xAA, 0xAA, 0xAA, 0xAA, 0xAA, 0xAA, 0xAA, 0xAA, 0xAA,
    0xAA, 0xAA, 0xAA, 0xAA, 0xAA, 0xAA, 0xAA, 0xAA, 0xAA, 0xAA, 0xAA, 0xA0, 0xAA, 0xAA, 0xAA, 0x0B,
    0xEE, 0xEE, 0xEE, 0xEE, 0xEE, 0xEE, 0xEE, 0xEE, 0xEE, 0xEE, 0xEE, 0xEE, 0xEE, 0xEE, 0xEE, 0xEE,
    0xEE, 0xEE, 0xEE, 0xEE, 0xEE, 0xEE, 0xEE, 0xEE, 0xEE, 0xEE, 0xEE, 0xE0, 0xEE, 0xEE, 0xEE, 0x0F,
    0xAA, 0xAA, 0xAA, 0x0B, 0xAA, 0xAA, 0xA0, 0xBB, 0xAA, 0xAA, 0xA0, 0xBB, 0xAA, 0xAA, 0xA0, 0xBB,
    0xAA, 0xAA, 0x00, 0xBB, 0xA0, 0x00, 0x0B, 0xBB, 0xAA, 0x00, 0xBB, 0xBB, 0x00, 0xBB, 0x0B, 0xBB,
    0xEE, 0xEE, 0xEE, 0x0F, 0xEE, 0xEE, 0xE0, 0xFF, 0xEE, 0xEE, 0xE0, 0xFF, 0xEE, 0xEE, 0xE0, 0xFF,
    0xEE, 0xEE, 0x00, 0xFF, 0xE0, 0x00, 0x0F, 0xFF, 0xEE, 0x00, 0xFF, 0xFF, 0x00, 0xFF, 0x0F, 0xFF,
    0xAA, 0xAA, 0xAA, 0xAA, 0xAA, 0xAA, 0xAA, 0xAA, 0xAA, 0x9A, 0xAA, 0xAA, 0xAA, 0xAA, 0xAA, 0x9A,
    0xAA, 0xAA, 0xAA, 0xAA, 0xA9, 0xAA, 0xAA, 0xAA, 0xAA, 0xAA, 0xAA, 0xAA, 0xAA, 0xAA, 0x9A, 0xAA,
    0xEE, 0xEE, 0xEE, 0xEE, 0xEE, 0xEE, 0xEE, 0xEE, 0xEE, 0xDE, 0xEE, 0xEE, 0xEE, 0xEE, 0xEE, 0xDE,
    0xEE, 0xEE, 0xEE, 0xEE, 0xED, 0xEE, 0xEE, 0xEE, 0xEE, 0xEE, 0xEE, 0xEE, 0xEE, 0xEE, 0xDE, 0xEE,
    0xAA, 0xAA, 0xAA, 0xAA, 0xAA, 0xAA, 0xAA, 0xA9, 0xAA, 0x9A, 0xAA, 0xAA, 0xAA, 0xAA, 0xAA, 0xAA,
    0xAA, 0xAA, 0xAA, 0xAA, 0x9A, 0xAA, 0xAA, 0x9A, 0xAA, 0xAA, 0xAA, 0xAA, 0xAA, 0xA9, 0xAA, 0xAA,
    0xEE, 0xEE, 0xEE, 0xEE, 0xEE, 0xEE, 0xEE, 0xED, 0xEE, 0xDE, 0xEE, 0xEE, 0xEE, 0xEE, 0xEE, 0xEE,
    0xEE, 0xEE, 0xEE, 0xEE, 0xDE, 0xEE, 0xEE, 0xDE, 0xEE, 0xEE, 0xEE, 0xEE, 0xEE, 0xED, 0xEE, 0xEE,
    0xAA, 0xAA, 0xAA, 0xA9, 0xAA, 0xAA, 0x9A, 0xAA, 0xAA, 0xAA, 0xAA, 0xAA, 0xAA, 0xAA, 0xAA, 0xAA,
    0xA9, 0xAA, 0xAA, 0xAA, 0xAA, 0xAA, 0xA9, 0xAA, 0xAA, 0xAA, 0xAA, 0xAA, 0xAA, 0xAA, 0xAA, 0xAA,
    0xEE, 0xEE, 0xEE, 0xED, 0xEE, 0xEE, 0xDE, 0xEE, 0xEE, 0xEE, 0xEE, 0xEE, 0xEE, 0xEE, 0xEE, 0xEE,
    0xED, 0xEE, 0xEE, 0xEE, 0xEE, 0xEE, 0xED, 0xEE, 0xEE, 0xEE, 0xEE, 0xEE, 0xEE, 0xEE, 0xEE, 0xEE,
    0xEE, 0xED, 0xEE, 0xEE, 0xEE, 0xEE, 0xEE, 0xEE, 0xEE, 0xEE, 0xEE, 0xEE, 0xEE, 0xEE, 0xEE, 0xDE,
    0xEE, 0xED, 0xEE, 0xEE, 0xEE, 0xEE, 0xEE, 0xEE, 0xEE, 0xEE, 0xEE, 0xEE, 0xED, 0xEE, 0xEE, 0xEE,
    0xEF, 0xFF, 0xFF, 0xFE, 0xFF, 0xEF, 0xFE, 0xFF, 0xFF, 0xFF, 0xFF, 0xFF, 0xFF, 0xFF, 0xFF, 0xFF,
    0xEE, 0xFF, 0xFF, 0xEE, 0xFF, 0xEE, 0xEE, 0xFF, 0xDF, 0xFF, 0xFF, 0xFD, 0xED, 0xFD, 0xFF, 0xDE,
    0xFE, 0xFF, 0xFF, 0xFF, 0xFE, 0xFF, 0xF0, 0xFF, 0x0E, 0xFF, 0xE0, 0xFF, 0x0E, 0xFF, 0xEF, 0xEF,
    0xE0, 0xEF, 0x0E, 0xEF, 0xE0, 0xEE, 0xEE, 0x0E, 0xEE, 0xEF, 0xEE, 0xEE, 0xEF, 0xEF, 0xEE, 0xFE,
    0xFF, 0xEF, 0xFE, 0xFE, 0xFF, 0xFF, 0xFF, 0xFE, 0xFF, 0xF0, 0xFE, 0xFF, 0xFF, 0xF0, 0xFE, 0xFF,
    0xFF, 0xEF, 0xFE, 0xFF, 0xFF, 0xFF, 0xFF, 0xFF, 0xFF, 0xFF, 0xFF, 0xFF, 0xFF, 0xFF, 0xFF, 0xFF,
    0x0F, 0xF0, 0xFF, 0xFF, 0x0F, 0xF0, 0xF0, 0xFF, 0x0E, 0xFF, 0xF0, 0xFE, 0x0E, 0xF0, 0xFE, 0xEE,
    0xE0, 0xFE, 0xFF, 0xE0, 0xE0, 0xEE, 0xFE, 0xE0, 0xEF, 0xEE, 0xFF, 0xFE, 0xFF, 0xEF, 0xFE, 0xFE,
    0xF0, 0xF0, 0xFE, 0xFE, 0xF0, 0xFF, 0xFE, 0xFF, 0xF0, 0xFF, 0xFF, 0xFF, 0xFF, 0xFF, 0xFF, 0xFF,
    0xFF, 0xFF, 0xFF, 0xFF, 0xEF, 0xFF, 0xFF, 0xFE, 0xFF, 0xFF, 0xFF, 0xFF, 0xFF, 0xFF, 0xFF, 0xFF,
    0xAA, 0xAA, 0xAA, 0xAA, 0xAA, 0xAA, 0xAA, 0xA0, 0xAA, 0xAA, 0xA0, 0x00, 0xAA, 0xA0, 0x00, 0x0B,
    0xAA, 0xAA, 0x0B, 0xBB, 0xAA, 0xA0, 0x0B, 0xBB, 0xAA, 0x00, 0xBB, 0xBB, 0xAA, 0x0B, 0xBB, 0xBB,
    0xEE, 0xEE, 0xEE, 0xEE, 0xEE, 0xEE, 0xEE, 0xE0, 0xEE, 0xEE, 0xE0, 0x00, 0xEE, 0xE0, 0x00, 0x0F,
    0xEE, 0xEE, 0x0F, 0xFF, 0xEE, 0xE0, 0x0F, 0xFF, 0xEE, 0x00, 0xFF, 0xFF, 0xEE, 0x0F, 0xFF, 0xFF,
    0xAA, 0x0B, 0x0B, 0xBB, 0xA0, 0x0B, 0xBB, 0xBB, 0xA0, 0xBB, 0xBB, 0xBB, 0xAB, 0xBB, 0xBB, 0xBB,
    0xAB, 0xBB, 0xB0, 0xBB, 0xAB, 0xBB, 0xBB, 0xBB, 0xAB, 0x0B, 0xBB, 0xBB, 0xAB, 0xBB, 0xBB, 0xBB,
    0xEE, 0x0F, 0x0F, 0xFF, 0xE0, 0x0F, 0xFF, 0xFF, 0xE0, 0xFF, 0xFF, 0xFF, 0xEF, 0xFF, 0xFF, 0xFF,
    0xEF, 0xFF, 0xF0, 0xFF, 0xEF, 0xFF, 0xFF, 0xFF, 0xEF, 0x0F, 0xFF, 0xFF, 0xEF, 0xFF, 0xFF, 0xFF,
    0xA0, 0x0A, 0xA0, 0x00, 0x00, 0x00, 0x00, 0x00, 0x0B, 0xB0, 0x00, 0xBB, 0xBB, 0xBB, 0xBB, 0xBB,
    0xBB, 0xBB, 0xB0, 0xBB, 0xBB, 0xBB, 0xBB, 0xBB, 0xBB, 0xBB, 0xBB, 0xBB, 0xB0, 0xBB, 0xBB, 0xBB,
    0xE0, 0x0E, 0xE0, 0x00, 0x00, 0x00, 0x00, 0x00, 0x0F, 0xF0, 0x00, 0xFF, 0xFF, 0xFF, 0xFF, 0xFF,
    0xFF, 0xFF, 0xF0, 0xFF, 0xFF, 0xFF, 0xFF, 0xFF, 0xFF, 0xFF, 0xFF, 0xFF, 0xF0, 0xFF, 0xFF, 0xFF,
    0xBB, 0xBB, 0xBB, 0xBB, 0xBB, 0xBB, 0xBB, 0xBB, 0xBB, 0x0B, 0xBB, 0xBB, 0xBB, 0xBB, 0xBB, 0xBB,
    0xBB, 0xBB, 0xBB, 0xBB, 0xBB, 0xBB, 0xBB, 0xBB, 0x0B, 0xBB, 0xBB, 0xBB, 0xBB, 0xBB, 0xBB, 0xBB,
    0xFF, 0xFF, 0xFF, 0xFF, 0xFF, 0xFF, 0xFF, 0xFF, 0xFF, 0x0F, 0xFF, 0xFF, 0xFF, 0xFF, 0xFF, 0xFF,
    0xFF, 0xFF, 0xFF, 0xFF, 0xFF, 0xFF, 0xFF, 0xFF, 0x0F, 0xFF, 0xFF, 0xFF, 0xFF, 0xFF, 0xFF, 0xFF,
    0x0A, 0xAA, 0xAA, 0xAA, 0x00, 0x0A, 0xAA, 0xAA, 0xB0, 0x00, 0x00, 0xAA, 0xBB, 0xBB, 0x0A, 0xAA,
    0xBB, 0xBB, 0xAA, 0xAA, 0xBB, 0x0B, 0xAA, 0xAA, 0xBB, 0xBB, 0x00, 0xAA, 0xBB, 0xBB, 0xBB, 0x0A,
    0x0E, 0xEE, 0xEE, 0xEE, 0x00, 0x0E, 0xEE, 0xEE, 0xF0, 0x00, 0x00, 0xEE, 0xFF, 0xFF, 0x0E, 0xEE,
    0xFF, 0xFF, 0xEE, 0xEE, 0xFF, 0x0F, 0xEE, 0xEE, 0xFF, 0xFF, 0x00, 0xEE, 0xFF, 0xFF, 0xFF, 0x0E,
    0x0B, 0xBB, 0xBB, 0xB0, 0xBB, 0xBB, 0x0B, 0xB0, 0xBB, 0xBB, 0xBB, 0xB0, 0xBB, 0xBB, 0xBB, 0xBA,
    0xBB, 0xBB, 0xBB, 0xBA, 0xB0, 0xBB, 0xBB, 0xAA, 0xBB, 0xBB, 0xBB, 0xAA, 0xBB, 0xBB, 0xBB, 0xAA,
    0x0F, 0xFF, 0xFF, 0xF0, 0xFF, 0xFF, 0x0F, 0xF0, 0xFF, 0xFF, 0xFF, 0xF0, 0xFF, 0xFF, 0xFF, 0xFE,
    0xFF, 0xFF, 0xFF, 0xFE, 0xF0, 0xFF, 0xFF, 0xEE, 0xFF, 0xFF, 0xFF, 0xEE, 0xFF, 0xFF, 0xFF, 0xEE,
    0xBB, 0xBB, 0xBB, 0xBB, 0xB0, 0xBB, 0xBB, 0xBB, 0xBB, 0xBB, 0xBB, 0xBB, 0xBB, 0xBB, 0xBB, 0xBB,
    0xAB, 0xB0, 0xBB, 0xBB, 0xAB, 0xBB, 0xBB, 0xBB, 0xAB, 0xBB, 0xBB, 0xBB, 0xAB, 0xBB, 0xBB, 0xBB,
    0xFF, 0xFF, 0xFF, 0xFF, 0xF0, 0xFF, 0xFF, 0xFF, 0xFF, 0xFF, 0xFF, 0xFF, 0xFF, 0xFF, 0xFF, 0xFF,
    0xEF, 0xF0, 0xFF, 0xFF, 0xEF, 0xFF, 0xFF, 0xFF, 0xEF, 0xFF, 0xFF, 0xFF, 0xEF, 0xFF, 0xFF, 0xFF,
    0xAB, 0xB0, 0xBB, 0xBB, 0xAA, 0xBB, 0xBB, 0xBB, 0xAA, 0xAA, 0xBB, 0xBB, 0xAA, 0xAA, 0xAB, 0xBB,
    0xAA, 0xAA, 0x0B, 0xBB, 0xAA, 0xA0, 0x0B, 0xBB, 0xAA, 0xAA, 0xAA, 0xBB, 0xAA, 0xAA, 0xAA, 0xAA,
    0xEF, 0xF0, 0xFF, 0xFF, 0xEE, 0xFF, 0xFF, 0xFF, 0xEE, 0xEE, 0xFF, 0xFF, 0xEE, 0xEE, 0xEF, 0xFF,
    0xEE, 0xEE, 0x0F, 0xFF, 0xEE, 0xE0, 0x0F, 0xFF, 0xEE, 0xEE, 0xEE, 0xFF, 0xEE, 0xEE, 0xEE, 0xEE,
    0xBB, 0xBB, 0xBB, 0xBB, 0xBB, 0xBB, 0x0B, 0xBB, 0xBB, 0xBB, 0xBB, 0xBB, 0xBB, 0xBB, 0xBB, 0xBB,
    0xBB, 0xBB, 0xBB, 0xBB, 0xBB, 0xB0, 0xBB, 0xBB, 0xBB, 0xBB, 0xBB, 0xBB, 0xBB, 0xBB, 0xBB, 0xBB,
    0xFF, 0xFF, 0xFF, 0xFF, 0xFF, 0xFF, 0x0F, 0xFF, 0xFF, 0xFF, 0xFF, 0xFF, 0xFF, 0xFF, 0xFF, 0xFF,
    0xFF, 0xFF, 0xFF, 0xFF, 0xFF, 0xF0, 0xFF, 0xFF, 0xFF, 0xFF, 0xFF, 0xFF, 0xFF, 0xFF, 0xFF, 0xFF,
    0xBB, 0xBB, 0xBB, 0xBB, 0xBB, 0xBB, 0x0B, 0xBB, 0xBB, 0xBB, 0xBB, 0xBB, 0xBB, 0xBB, 0xBB, 0xBB,
    0x0B, 0xBB, 0xBB, 0xBB, 0xBB, 0xBB, 0xBB, 0xBB, 0xBB, 0xB0, 0xBA, 0xBB, 0xBB, 0xAB, 0xAA, 0xAA,
    0xFF, 0xFF, 0xFF, 0xFF, 0xFF, 0xFF, 0x0F, 0xFF, 0xFF, 0xFF, 0xFF, 0xFF, 0xFF, 0xFF, 0xFF, 0xFF,
    0x0F, 0xFF, 0xFF, 0xFF, 0xFF, 0xFF, 0xFF, 0xFF, 0xFF, 0xF0, 0xFE, 0xFF, 0xFF, 0xEF, 0xEE, 0xEE,
    0xBB, 0xBB, 0x0B, 0x0A, 0xBB, 0xBB, 0xBB, 0x0A, 0xBB, 0xBB, 0xBB, 0x0A, 0xBB, 0xBB, 0xBB, 0x0A,
    0xBB, 0xBB, 0xBB, 0x0A, 0xBB, 0xB0, 0xBB, 0x0A, 0xBB, 0xBB, 0xBB, 0x00, 0xBB, 0xBB, 0xBB, 0xB0,
    0xFF, 0xFF, 0x0F, 0x0E, 0xFF, 0xFF, 0xFF, 0x0E, 0xFF, 0xFF, 0xFF, 0x0E, 0xFF, 0xFF, 0xFF, 0x0E,
    0xFF, 0xFF, 0xFF, 0x0E, 0xFF, 0xF0, 0xFF, 0x0E, 0xFF, 0xFF, 0xFF, 0x00, 0xFF, 0xFF, 0xFF, 0xF0,
    0xBB, 0xBB, 0xBB, 0xBA, 0xB0, 0xBB, 0xB0, 0xBA, 0xBB, 0xBB, 0xBB, 0xAA, 0xBB, 0xBB, 0xAA, 0xAA,
    0xBB, 0xBB, 0x0A, 0xAA, 0x0B, 0xBB, 0x00, 0xAA, 0xBB, 0xBA, 0xAA, 0xAA, 0xAA, 0xAA, 0xAA, 0xAA,
    0xFF, 0xFF, 0xFF, 0xFE, 0xF0, 0xFF, 0xF0, 0xFE, 0xFF, 0xFF, 0xFF, 0xEE, 0xFF, 0xFF, 0xEE, 0xEE,
    0xFF, 0xFF, 0x0E, 0xEE, 0x0F, 0xFF, 0x00, 0xEE, 0xFF, 0xFE, 0xEE, 0xEE, 0xEE, 0xEE, 0xEE, 0xEE,
    0x00, 0x0A, 0xAA, 0xAA, 0x00, 0x00, 0x00, 0x00, 0xBB, 0xB0, 0x00, 0x00, 0xBB, 0xBB, 0xBB, 0xBB,
    0xBB, 0x0B, 0xBB, 0x0B, 0xBB, 0xBB, 0xBB, 0xBB, 0xBB, 0xBB, 0xBB, 0xBB, 0xBB, 0xBB, 0xBB, 0xB0,
    0x22, 0x22, 0x22, 0x22, 0x33, 0x22, 0x22, 0x22, 0x10, 0x02, 0x22, 0x22, 0x11, 0x02, 0x22, 0x22,
    0x11, 0x00, 0x02, 0x22, 0x11, 0x11, 0x00, 0x22, 0x01, 0x10, 0x30, 0x22, 0x01, 0x10, 0x30, 0x22,
    0xAA, 0xAA, 0xAA, 0xAA, 0xBB, 0xAA, 0xAA, 0xAA, 0x90, 0x0A, 0xAA, 0xAA, 0x99, 0x0A, 0xAA, 0xAA,
    0x99, 0x00, 0x0A, 0xAA, 0x99, 0x99, 0x00, 0xAA, 0x09, 0x90, 0xB0, 0xAA, 0x09, 0x90, 0xB0, 0xAA,
    0xEE, 0xEE, 0xEE, 0xEE, 0xFF, 0xEE, 0xEE, 0xEE, 0xD0, 0x0E, 0xEE, 0xEE, 0xDD, 0x0E, 0xEE, 0xEE,
    0xDD, 0x00, 0x0E, 0xEE, 0xDD, 0xDD, 0x00, 0xEE, 0x0D, 0xD0, 0xF0, 0xEE, 0x0D, 0xD0, 0xF0, 0xEE,
    0x01, 0x10, 0x30, 0x22, 0x01, 0x10, 0x30, 0x22, 0x11, 0x10, 0x30, 0x22, 0x11, 0x10, 0x30, 0x22,
    0x11, 0x11, 0x10, 0x22, 0x11, 0x33, 0x00, 0x22, 0x13, 0x11, 0x10, 0x02, 0x31, 0x11, 0x10, 0x00,
    0x09, 0x90, 0xB0, 0xAA, 0x09, 0x90, 0xB0, 0xAA, 0x99, 0x90, 0xB0, 0xAA, 0x99, 0x90, 0xB0, 0xAA,
    0x99, 0x99, 0x90, 0xAA, 0x99, 0xBB, 0x00, 0xAA, 0x9B, 0x99, 0x90, 0x0A, 0xB9, 0x99, 0x90, 0x00,
    0x0D, 0xD0, 0xF0, 0xEE, 0x0D, 0xD0, 0xF0, 0xEE, 0xDD, 0xD0, 0xF0, 0xEE, 0xDD, 0xD0, 0xF0, 0xEE,
    0xDD, 0xDD, 0xD0, 0xEE, 0xDD, 0xFF, 0x00, 0xEE, 0xDF, 0xDD, 0xD0, 0x0E, 0xFD, 0xDD, 0xD0, 0x00,
    0x22, 0x22, 0x22, 0x22, 0x22, 0x22, 0x22, 0x22, 0x22, 0x22, 0x22, 0x22, 0x22, 0x22, 0x22, 0x22,
    0x22, 0x22, 0x22, 0x22, 0x22, 0x22, 0x22, 0x22, 0x22, 0x22, 0x22, 0x22, 0x22, 0x22, 0x22, 0x22,
    0xAA, 0xAA, 0xAA, 0xAA, 0xAA, 0xAA, 0xAA, 0xAA, 0xAA, 0xAA, 0xAA, 0xAA, 0xAA, 0xAA, 0xAA, 0xAA,
    0xAA, 0xAA, 0xAA, 0xAA, 0xAA, 0xAA, 0xAA, 0xAA, 0xAA, 0xAA, 0xAA, 0xAA, 0xAA, 0xAA, 0xAA, 0xAA,
    0xEE, 0xEE, 0xEE, 0xEE, 0xEE, 0xEE, 0xEE, 0xEE, 0xEE, 0xEE, 0xEE, 0xEE, 0xEE, 0xEE, 0xEE, 0xEE,
    0xEE, 0xEE, 0xEE, 0xEE, 0xEE, 0xEE, 0xEE, 0xEE, 0xEE, 0xEE, 0xEE, 0xEE, 0xEE, 0xEE, 0xEE, 0xEE,
    0x22, 0x11, 0x11, 0x22, 0x21, 0x11, 0x11, 0x12, 0x11, 0x11, 0x11, 0x30, 0x11, 0x11, 0x11, 0x30,
    0x11, 0x11, 0x11, 0x30, 0x11, 0x11, 0x13, 0x00, 0x21, 0x33, 0x30, 0x02, 0x22, 0x00, 0x00, 0x22,
    0xAA, 0x99, 0x99, 0xAA, 0xA9, 0x99, 0x99, 0x9A, 0x99, 0x99, 0x99, 0xB0, 0x99, 0x99, 0x99, 0xB0,
    0x99, 0x99, 0x99, 0xB0, 0x99, 0x99, 0x9B, 0x00, 0xA9, 0xBB, 0xB0, 0x0A, 0xAA, 0x00, 0x00, 0xAA,
    0xEE, 0xDD, 0xDD, 0xEE, 0xED, 0xDD, 0xDD, 0xDE, 0xDD, 0xDD, 0xDD, 0xF0, 0xDD, 0xDD, 0xDD, 0xF0,
    0xDD, 0xDD, 0xDD, 0xF0, 0xDD, 0xDD, 0xDF, 0x00, 0xED, 0xFF, 0xF0, 0x0E, 0xEE, 0x00, 0x00, 0xEE,
    0x22, 0x22, 0x22, 0x22, 0x22, 0x22, 0x22, 0x33, 0x22, 0x22, 0x23, 0x11, 0x22, 0x22, 0x23, 0x11,
    0x22, 0x23, 0x31, 0x11, 0x22, 0x31, 0x11, 0x11, 0x22, 0x30, 0x31, 0x13, 0x22, 0x30, 0x31, 0x13,
    0xAA, 0xAA, 0xAA, 0xAA, 0xAA, 0xAA, 0xAA, 0xBB, 0xAA, 0xAA, 0xAB, 0x99, 0xAA, 0xAA, 0xAB, 0x99,
    0xAA, 0xAB, 0xB9, 0x99, 0xAA, 0xB9, 0x99, 0x99, 0xAA, 0xB0, 0xB9, 0x9B, 0xAA, 0xB0, 0xB9, 0x9B,
    0xEE, 0xEE, 0xEE, 0xEE, 0xEE, 0xEE, 0xEE, 0xFF, 0xEE, 0xEE, 0xEF, 0xDD, 0xEE, 0xEE, 0xEF, 0xDD,
    0xEE, 0xEF, 0xFD, 0xDD, 0xEE, 0xFD, 0xDD, 0xDD, 0xEE, 0xF0, 0xFD, 0xDF, 0xEE, 0xF0, 0xFD, 0xDF,
    0x22, 0x30, 0x31, 0x13, 0x22, 0x30, 0x31, 0x13, 0x22, 0x30, 0x31, 0x11, 0x22, 0x30, 0x31, 0x11,
    0x22, 0x31, 0x11, 0x11, 0x22, 0x31, 0x11, 0x11, 0x23, 0x11, 0x11, 0x11, 0x31, 0x11, 0x11, 0x13,
    0xAA, 0xB0, 0xB9, 0x9B, 0xAA, 0xB0, 0xB9, 0x9B, 0xAA, 0xB0, 0xB9, 0x99, 0xAA, 0xB0, 0xB9, 0x99,
    0xAA, 0xB9, 0x99, 0x99, 0xAA, 0xB9, 0x99, 0x99, 0xAB, 0x99, 0x99, 0x99, 0xB9, 0x99, 0x99, 0x9B,
    0xEE, 0xF0, 0xFD, 0xDF, 0xEE, 0xF0, 0xFD, 0xDF, 0xEE, 0xF0, 0xFD, 0xDD, 0xEE, 0xF0, 0xFD, 0xDD,
    0xEE, 0xFD, 0xDD, 0xDD, 0xEE, 0xFD, 0xDD, 0xDD, 0xEF, 0xDD, 0xDD, 0xDD, 0xFD, 0xDD, 0xDD, 0xDF,
    0x31, 0x31, 0x01, 0x10, 0x31, 0x31, 0x01, 0x10, 0x31, 0x31, 0x00, 0x10, 0x00, 0x00, 0x03, 0x10,
    0x33, 0x33, 0x31, 0x10, 0x31, 0x11, 0x10, 0x10, 0x31, 0x11, 0x10, 0x10, 0x00, 0x00, 0x03, 0x10,
    0xB9, 0xB9, 0x09, 0x90, 0xB9, 0xB9, 0x09, 0x90, 0xB9, 0xB9, 0x00, 0x90, 0x00, 0x00, 0x0B, 0x90,
    0xBB, 0xBB, 0xB9, 0x90, 0xB9, 0x99, 0x90, 0x90, 0xB9, 0x99, 0x90, 0x90, 0x00, 0x00, 0x0B, 0x90,
    0xFD, 0xFD, 0x0D, 0xD0, 0xFD, 0xFD, 0x0D, 0xD0, 0xFD, 0xFD, 0x00, 0xD0, 0x00, 0x00, 0x0F, 0xD0,
    0xFF, 0xFF, 0xFD, 0xD0, 0xFD, 0xDD, 0xD0, 0xD0, 0xFD, 0xDD, 0xD0, 0xD0, 0x00, 0x00, 0x0F, 0xD0,
    0x33, 0x33, 0x31, 0x10, 0x31, 0x11, 0x10, 0x10, 0x31, 0x11, 0x10, 0x10, 0x00, 0x00, 0x03, 0x10,
    0x33, 0x33, 0x31, 0x10, 0x31, 0x11, 0x11, 0x10, 0x31, 0x11, 0x11, 0x10, 0x00, 0x00, 0x00, 0x00,
    0xBB, 0xBB, 0xB9, 0x90, 0xB9, 0x99, 0x90, 0x90, 0xB9, 0x99, 0x90, 0x90, 0x00, 0x00, 0x0B, 0x90,
    0xBB, 0xBB, 0xB9, 0x90, 0xB9, 0x99, 0x99, 0x90, 0xB9, 0x99, 0x99, 0x90, 0x00, 0x00, 0x00, 0x00,
    0xFF, 0xFF, 0xFD, 0xD0, 0xFD, 0xDD, 0xD0, 0xD0, 0xFD, 0xDD, 0xD0, 0xD0, 0x00, 0x00, 0x0F, 0xD0,
    0xFF, 0xFF, 0xFD, 0xD0, 0xFD, 0xDD, 0xDD, 0xD0, 0xFD, 0xDD, 0xDD, 0xD0, 0x00, 0x00, 0x00, 0x00,
    0x11, 0x11, 0x11, 0x11, 0x00, 0x00, 0x00, 0x00, 0x21, 0x11, 0x11, 0x02, 0x21, 0x11, 0x11, 0x02,
    0x22, 0x11, 0x10, 0x22, 0x22, 0x21, 0x02, 0x22, 0x22, 0x21, 0x02, 0x22, 0x21, 0x11, 0x10, 0x02,
    0x99, 0x99, 0x99, 0x99, 0x00, 0x00, 0x00, 0x00, 0xA9, 0x99, 0x99, 0x0A, 0xA9, 0x99, 0x99, 0x0A,
    0xAA, 0x99, 0x90, 0xAA, 0xAA, 0xA9, 0x0A, 0xAA, 0xAA, 0xA9, 0x0A, 0xAA, 0xA9, 0x99, 0x90, 0x0A,
    0xDD, 0xDD, 0xDD, 0xDD, 0x00, 0x00, 0x00, 0x00, 0xED, 0xDD, 0xDD, 0x0E, 0xED, 0xDD, 0xDD, 0x0E,
    0xEE, 0xDD, 0xD0, 0xEE, 0xEE, 0xED, 0x0E, 0xEE, 0xEE, 0xED, 0x0E, 0xEE, 0xED, 0xDD, 0xD0, 0x0E,
    0x23, 0x33, 0x33, 0x32, 0x31, 0x11, 0x11, 0x10, 0x31, 0x11, 0x11, 0x10, 0x31, 0x11, 0x11, 0x10,
    0x31, 0x11, 0x11, 0x10, 0x31, 0x11, 0x11, 0x10, 0x31, 0x11, 0x11, 0x10, 0x00, 0x00, 0x00, 0x00,
    0xAB, 0xBB, 0xBB, 0xBA, 0xB9, 0x99, 0x99, 0x90, 0xB9, 0x99, 0x99, 0x90, 0xB9, 0x99, 0x99, 0x90,
    0xB9, 0x99, 0x99, 0x90, 0xB9, 0x99, 0x99, 0x90, 0xB9, 0x99, 0x99, 0x90, 0x00, 0x00, 0x00, 0x00,
    0xEF, 0xFF, 0xFF, 0xFE, 0xFD, 0xDD, 0xDD, 0xD0, 0xFD, 0xDD, 0xDD, 0xD0, 0xFD, 0xDD, 0xDD, 0xD0,
    0xFD, 0xDD, 0xDD, 0xD0, 0xFD, 0xDD, 0xDD, 0xD0, 0xFD, 0xDD, 0xDD, 0xD0, 0x00, 0x00, 0x00, 0x00,
    0x31, 0x11, 0x11, 0x13, 0x31, 0x11, 0x11, 0x13, 0x30, 0x11, 0x11, 0x13, 0x33, 0x00, 0x00, 0x03,
    0x31, 0x33, 0x33, 0x33, 0x30, 0x11, 0x11, 0x13, 0x30, 0x11, 0x11, 0x13, 0x33, 0x00, 0x00, 0x03,
    0xB9, 0x99, 0x99, 0x9B, 0xB9, 0x99, 0x99, 0x9B, 0xB0, 0x99, 0x99, 0x9B, 0xBB, 0x00, 0x00, 0x0B,
    0xB9, 0xBB, 0xBB, 0xBB, 0xB0, 0x99, 0x99, 0x9B, 0xB0, 0x99, 0x99, 0x9B, 0xBB, 0x00, 0x00, 0x0B,
    0xFD, 0xDD, 0xDD, 0xDF, 0xFD, 0xDD, 0xDD, 0xDF, 0xF0, 0xDD, 0xDD, 0xDF, 0xFF, 0x00, 0x00, 0x0F,
    0xFD, 0xFF, 0xFF, 0xFF, 0xF0, 0xDD, 0xDD, 0xDF, 0xF0, 0xDD, 0xDD, 0xDF, 0xFF, 0x00, 0x00, 0x0F,
    0x30, 0x33, 0x33, 0x33, 0x30, 0x11, 0x11, 0x13, 0x30, 0x11, 0x11, 0x13, 0x33, 0x00, 0x00, 0x03,
    0x31, 0x33, 0x33, 0x33, 0x31, 0x11, 0x11, 0x13, 0x01, 0x11, 0x11, 0x13, 0x00, 0x00, 0x00, 0x00,
    0xB0, 0xBB, 0xBB, 0xBB, 0xB0, 0x99, 0x99, 0x9B, 0xB0, 0x99, 0x99, 0x9B, 0xBB, 0x00, 0x00, 0x0B,
    0xB9, 0xBB, 0xBB, 0xBB, 0xB9, 0x99, 0x99, 0x9B, 0x09, 0x99, 0x99, 0x9B, 0x00, 0x00, 0x00, 0x00,
    0xF0, 0xFF, 0xFF, 0xFF, 0xF0, 0xDD, 0xDD, 0xDF, 0xF0, 0xDD, 0xDD, 0xDF, 0xFF, 0x00, 0x00, 0x0F,
    0xFD, 0xFF, 0xFF, 0xFF, 0xFD, 0xDD, 0xDD, 0xDF, 0x0D, 0xDD, 0xDD, 0xDF, 0x00, 0x00, 0x00, 0x00,
    0x22, 0x22, 0x23, 0x33, 0x33, 0x33, 0x33, 0x11, 0x11, 0x11, 0x10, 0x11, 0x11, 0x11, 0x11, 0x00,
    0x13, 0x33, 0x33, 0x11, 0x31, 0x11, 0x11, 0x01, 0x11, 0x11, 0x11, 0x01, 0x00, 0x00, 0x00, 0x01,
    0xAA, 0xAA, 0xAB, 0xBB, 0xBB, 0xBB, 0xBB, 0x99, 0x99, 0x99, 0x90, 0x99, 0x99, 0x99, 0x99, 0x00,
    0x9B, 0xBB, 0xBB, 0x99, 0xB9, 0x99, 0x99, 0x09, 0x99, 0x99, 0x99, 0x09, 0x00, 0x00, 0x00, 0x09,
    0xEE, 0xEE, 0xEF, 0xFF, 0xFF, 0xFF, 0xFF, 0xDD, 0xDD, 0xDD, 0xD0, 0xDD, 0xDD, 0xDD, 0xDD, 0x00,
    0xDF, 0xFF, 0xFF, 0xDD, 0xFD, 0xDD, 0xDD, 0x0D, 0xDD, 0xDD, 0xDD, 0x0D, 0x00, 0x00, 0x00, 0x0D,
    0x11, 0x00, 0x01, 0x10, 0x11, 0x11, 0x11, 0x10, 0x00, 0x00, 0x00, 0x01, 0x11, 0x33, 0x33, 0x33,
    0x13, 0x11, 0x00, 0x00, 0x30, 0x11, 0x00, 0x00, 0x30, 0x01, 0x00, 0x00, 0x00, 0x01, 0x00, 0x00,
    0x99, 0x00, 0x09, 0x90, 0x99, 0x99, 0x99, 0x90, 0x00, 0x00, 0x00, 0x09, 0x99, 0xBB, 0xBB, 0xBB,
    0x9B, 0x99, 0x00, 0x00, 0xB0, 0x99, 0x00, 0x00, 0xB0, 0x09, 0x00, 0x00, 0x00, 0x09, 0x00, 0x00,
    0xDD, 0x00, 0x0D, 0xD0, 0xDD, 0xDD, 0xDD, 0xD0, 0x00, 0x00, 0x00, 0x0D, 0xDD, 0xFF, 0xFF, 0xFF,
    0xDF, 0xDD, 0x00, 0x00, 0xF0, 0xDD, 0x00, 0x00, 0xF0, 0x0D, 0x00, 0x00, 0x00, 0x0D, 0x00, 0x00,
    0x33, 0x32, 0x22, 0x22, 0x11, 0x13, 0x33, 0x33, 0x11, 0x10, 0x11, 0x11, 0x00, 0x00, 0x11, 0x11,
    0x11, 0x33, 0x33, 0x31, 0x13, 0x11, 0x11, 0x10, 0x13, 0x11, 0x11, 0x11, 0x13, 0x00, 0x00, 0x00,
    0xBB, 0xBA, 0xAA, 0xAA, 0x99, 0x9B, 0xBB, 0xBB, 0x99, 0x90, 0x99, 0x99, 0x00, 0x00, 0x99, 0x99,
    0x99, 0xBB, 0xBB, 0xB9, 0x9B, 0x99, 0x99, 0x90, 0x9B, 0x99, 0x99, 0x99, 0x9B, 0x00, 0x00, 0x00,
    0xFF, 0xFE, 0xEE, 0xEE, 0xDD, 0xDF, 0xFF, 0xFF, 0xDD, 0xD0, 0xDD, 0xDD, 0x00, 0x00, 0xDD, 0xDD,
    0xDD, 0xFF, 0xFF, 0xFD, 0xDF, 0xDD, 0xDD, 0xD0, 0xDF, 0xDD, 0xDD, 0xDD, 0xDF, 0x00, 0x00, 0x00,
    0x13, 0x10, 0x00, 0x11, 0x13, 0x11, 0x11, 0x11, 0x11, 0x00, 0x00, 0x00, 0x33, 0x33, 0x33, 0x11,
    0x00, 0x00, 0x11, 0x31, 0x00, 0x00, 0x11, 0x03, 0x00, 0x00, 0x10, 0x03, 0x00, 0x00, 0x10, 0x00,
    0x9B, 0x90, 0x00, 0x99, 0x9B, 0x99, 0x99, 0x99, 0x99, 0x00, 0x00, 0x00, 0xBB, 0xBB, 0xBB, 0x99,
    0x00, 0x00, 0x99, 0xB9, 0x00, 0x00, 0x99, 0x0B, 0x00, 0x00, 0x90, 0x0B, 0x00, 0x00, 0x90, 0x00,
    0xDF, 0xD0, 0x00, 0xDD, 0xDF, 0xDD, 0xDD, 0xDD, 0xDD, 0x00, 0x00, 0x00, 0xFF, 0xFF, 0xFF, 0xDD,
    0x00, 0x00, 0xDD, 0xFD, 0x00, 0x00, 0xDD, 0x0F, 0x00, 0x00, 0xD0, 0x0F, 0x00, 0x00, 0xD0, 0x00,
    0xAA, 0xAA, 0xAA, 0x0A, 0xAA, 0xAA, 0xA0, 0x0A, 0x00, 0xAA, 0x00, 0x0A, 0x00, 0x00, 0x00, 0x00,
    0x00, 0x00, 0x00, 0x00, 0x00, 0x00, 0x09, 0x00, 0x99, 0x00, 0x90, 0x00, 0x99, 0x09, 0x90, 0x00,
    0xEE, 0xEE, 0xEE, 0x0E, 0xEE, 0xEE, 0xE0, 0x0E, 0x00, 0xEE, 0x00, 0x0E, 0x00, 0x00, 0x00, 0x00,
    0x00, 0x00, 0x00, 0x00, 0x00, 0x00, 0x0D, 0x00, 0xDD, 0x00, 0xD0, 0x00, 0xDD, 0x0D, 0xD0, 0x00,
    0x09, 0x99, 0x90, 0x00, 0x09, 0x99, 0x00, 0x00, 0x99, 0x99, 0x00, 0x00, 0x99, 0x99, 0x00, 0x09,
    0x90, 0x99, 0x90, 0x09, 0x90, 0x90, 0x90, 0x09, 0x90, 0x90, 0x90, 0x09, 0x90, 0x99, 0x00, 0x09,
    0x0D, 0xDD, 0xD0, 0x00, 0x0D, 0xDD, 0x00, 0x00, 0xDD, 0xDD, 0x00, 0x00, 0xDD, 0xDD, 0x00, 0x0D,
    0xD0, 0xDD, 0xD0, 0x0D, 0xD0, 0xD0, 0xD0, 0x0D, 0xD0, 0xD0, 0xD0, 0x0D, 0xD0, 0xDD, 0x00, 0x0D,
    0xAA, 0xAA, 0xAA, 0xAA, 0xAA, 0xAA, 0xAA, 0xAA, 0xAA, 0xAA, 0xAA, 0xAA, 0xAA, 0xAA, 0xAA, 0xAA,
    0xAA, 0xAA, 0xAA, 0xAA, 0xAA, 0xAA, 0xAA, 0xAA, 0xAA, 0xAA, 0xAA, 0xAA, 0xAA, 0xAA, 0xAA, 0xAA,
    0xEE, 0xEE, 0xEE, 0xEE, 0xEE, 0xEE, 0xEE, 0xEE, 0xEE, 0xEE, 0xEE, 0xEE, 0xEE, 0xEE, 0xEE, 0xEE,
    0xEE, 0xEE, 0xEE, 0xEE, 0xEE, 0xEE, 0xEE, 0xEE, 0xEE, 0xEE, 0xEE, 0xEE, 0xEE, 0xEE, 0xEE, 0xEE,
    0xAA, 0xAA, 0xAA, 0xAA, 0xAA, 0xAA, 0xAA, 0xAA, 0xAA, 0xAA, 0xAA, 0xAA, 0xAA, 0xAA, 0xAA, 0xAA,
    0xAA, 0xAA, 0xAA, 0xAA, 0xAA, 0xAA, 0xAA, 0xAA, 0xAA, 0xAA, 0xAA, 0xAA, 0xAA, 0xAA, 0xAA, 0xAA,
    0xEE, 0xEE, 0xEE, 0xEE, 0xEE, 0xEE, 0xEE, 0xEE, 0xEE, 0xEE, 0xEE, 0xEE, 0xEE, 0xEE, 0xEE, 0xEE,
    0xEE, 0xEE, 0xEE, 0xEE, 0xEE, 0xEE, 0xEE, 0xEE, 0xEE, 0xEE, 0xEE, 0xEE, 0xEE, 0xEE, 0xEE, 0xEE,
    0xAA, 0x00, 0x99, 0x09, 0xAA, 0x00, 0x99, 0x09, 0xAA, 0x00, 0x99, 0x09, 0xAA, 0x90, 0x99, 0x09,
    0xAA, 0x90, 0x99, 0x09, 0xAA, 0x90, 0x99, 0x09, 0xAA, 0x90, 0x99, 0x09, 0xAA, 0x90, 0x99, 0x09,
    0xEE, 0x00, 0xDD, 0x0D, 0xEE, 0x00, 0xDD, 0x0D, 0xEE, 0x00, 0xDD, 0x0D, 0xEE, 0xD0, 0xDD, 0x0D,
    0xEE, 0xD0, 0xDD, 0x0D, 0xEE, 0xD0, 0xDD, 0x0D, 0xEE, 0xD0, 0xDD, 0x0D, 0xEE, 0xD0, 0xDD, 0x0D,
    0xA9, 0x90, 0x90, 0x09, 0xA9, 0x00, 0x90, 0x99, 0xA9, 0x09, 0x90, 0x99, 0xA9, 0x09, 0x90, 0x99,
    0xA9, 0x09, 0x99, 0x99, 0x99, 0x09, 0x09, 0x99, 0x99, 0x99, 0x09, 0x99, 0x99, 0xAA, 0x99, 0xA9,
    0xED, 0xD0, 0xD0, 0x0D, 0xED, 0x00, 0xD0, 0xDD, 0xED, 0x0D, 0xD0, 0xDD, 0xED, 0x0D, 0xD0, 0xDD,
    0xED, 0x0D, 0xDD, 0xDD, 0xDD, 0x0D, 0x0D, 0xDD, 0xDD, 0xDD, 0x0D, 0xDD, 0xDD, 0xEE, 0xDD, 0xED,
    0xA9, 0xAA, 0xAB, 0xBA, 0xA9, 0x99, 0xBB, 0xBB, 0xA9, 0x99, 0x9A, 0xAA, 0xA0, 0x99, 0x9A, 0xAA,
    0xAB, 0xBB, 0x99, 0x9A, 0xBB, 0xBB, 0xB9, 0x99, 0xAA, 0xBB, 0x09, 0x99, 0xAA, 0xAA, 0x00, 0x99,
    0xED, 0xEE, 0xEF, 0xFE, 0xED, 0xDD, 0xFF, 0xFF, 0xED, 0xDD, 0xDE, 0xEE, 0xE0, 0xDD, 0xDE, 0xEE,
    0xEF, 0xFF, 0xDD, 0xDE, 0xFF, 0xFF, 0xFD, 0xDD, 0xEE, 0xFF, 0x0D, 0xDD, 0xEE, 0xEE, 0x00, 0xDD,
    0xAA, 0xAA, 0xA0, 0x09, 0xAA, 0xAA, 0xAA, 0x09, 0xAA, 0xAA, 0xAA, 0x00, 0xAA, 0xAA, 0xAA, 0xA0,
    0xAA, 0xAA, 0xAA, 0xA0, 0xAA, 0xAA, 0xAB, 0xBB, 0xAA, 0xAA, 0xBB, 0xBB, 0xAA, 0xAA, 0xAA, 0xBB,
    0xEE, 0xEE, 0xE0, 0x0D, 0xEE, 0xEE, 0xEE, 0x0D, 0xEE, 0xEE, 0xEE, 0x00, 0xEE, 0xEE, 0xEE, 0xE0,
    0xEE, 0xEE, 0xEE, 0xE0, 0xEE, 0xEE, 0xEF, 0xFF, 0xEE, 0xEE, 0xFF, 0xFF, 0xEE, 0xEE, 0xEE, 0xFF,
    0xAA, 0xA9, 0xAA, 0xAA, 0xAA, 0xA9, 0x90, 0x00, 0xAA, 0xA9, 0x99, 0x90, 0xAA, 0xA9, 0x09, 0x99,
    0xAA, 0xA0, 0x09, 0x99, 0xAA, 0xA0, 0x99, 0x99, 0x99, 0xA0, 0x90, 0x99, 0x99, 0x90, 0x90, 0x99,
    0xEE, 0xED, 0xEE, 0xEE, 0xEE, 0xED, 0xD0, 0x00, 0xEE, 0xED, 0xDD, 0xD0, 0xEE, 0xED, 0x0D, 0xDD,
    0xEE, 0xE0, 0x0D, 0xDD, 0xEE, 0xE0, 0xDD, 0xDD, 0xDD, 0xE0, 0xD0, 0xDD, 0xDD, 0xD0, 0xD0, 0xDD,
    0x99, 0x99, 0x90, 0x99, 0x90, 0x99, 0x09, 0x99, 0x90, 0x99, 0x90, 0x99, 0x00, 0x09, 0x90, 0x99,
    0x00, 0x00, 0x90, 0x99, 0xBB, 0x00, 0x00, 0x99, 0xBB, 0x00, 0x09, 0x99, 0xB0, 0x00, 0x09, 0x99,
    0xDD, 0xDD, 0xD0, 0xDD, 0xD0, 0xDD, 0x0D, 0xDD, 0xD0, 0xDD, 0xD0, 0xDD, 0x00, 0x0D, 0xD0, 0xDD,
    0x00, 0x00, 0xD0, 0xDD, 0xFF, 0x00, 0x00, 0xDD, 0xFF, 0x00, 0x0D, 0xDD, 0xF0, 0x00, 0x0D, 0xDD,
    0xA0, 0x00, 0x0A, 0xAA, 0x00, 0x00, 0x00, 0xAA, 0x00, 0x00, 0x90, 0x00, 0x90, 0x00, 0x90, 0x00,
    0x99, 0x99, 0x99, 0x00, 0x99, 0x99, 0x99, 0x90, 0x99, 0x99, 0x09, 0x99, 0x99, 0x99, 0x09, 0x99,
    0xE0, 0x00, 0x0E, 0xEE, 0x00, 0x00, 0x00, 0xEE, 0x00, 0x00, 0xD0, 0x00, 0xD0, 0x00, 0xD0, 0x00,
    0xDD, 0xDD, 0xDD, 0x00, 0xDD, 0xDD, 0xDD, 0xD0, 0xDD, 0xDD, 0x0D, 0xDD, 0xDD, 0xDD, 0x0D, 0xDD,
    0x99, 0x90, 0x00, 0x99, 0x99, 0x90, 0xA0, 0x99, 0x99, 0x90, 0xA0, 0x99, 0x99, 0x99, 0x09, 0x99,
    0x99, 0x99, 0x99, 0x99, 0x99, 0x90, 0x09, 0x00, 0x90, 0x00, 0x09, 0x00, 0x90, 0x00, 0x00, 0x00,
    0xDD, 0xD0, 0x00, 0xDD, 0xDD, 0xD0, 0xE0, 0xDD, 0xDD, 0xD0, 0xE0, 0xDD, 0xDD, 0xDD, 0x0D, 0xDD,
    0xDD, 0xDD, 0xDD, 0xDD, 0xDD, 0xD0, 0x0D, 0x00, 0xD0, 0x00, 0x0D, 0x00, 0xD0, 0x00, 0x00, 0x00,
    0xA0, 0x00, 0x00, 0x0A, 0x00, 0x00, 0x00, 0x00, 0x00, 0x00, 0x00, 0x00, 0x00, 0x00, 0x00, 0x00,
    0x00, 0x00, 0x09, 0x99, 0x00, 0x09, 0x99, 0x99, 0x00, 0x90, 0x99, 0x99, 0x99, 0x90, 0x99, 0x90,
    0xE0, 0x00, 0x00, 0x0E, 0x00, 0x00, 0x00, 0x00, 0x00, 0x00, 0x00, 0x00, 0x00, 0x00, 0x00, 0x00,
    0x00, 0x00, 0x0D, 0xDD, 0x00, 0x0D, 0xDD, 0xDD, 0x00, 0xD0, 0xDD, 0xDD, 0xDD, 0xD0, 0xDD, 0xD0,
    0x99, 0x00, 0x09, 0x90, 0x99, 0x0A, 0x09, 0x90, 0x99, 0x0A, 0x09, 0x90, 0x99, 0x90, 0x99, 0x90,
    0x99, 0x99, 0x99, 0x90, 0x00, 0x99, 0x99, 0x90, 0x00, 0x00, 0x90, 0x99, 0x00, 0x00, 0x00, 0x90,
    0xDD, 0x00, 0x0D, 0xD0, 0xDD, 0x0E, 0x0D, 0xD0, 0xDD, 0x0E, 0x0D, 0xD0, 0xDD, 0xD0, 0xDD, 0xD0,
    0xDD, 0xDD, 0xDD, 0xD0, 0x00, 0xDD, 0xDD, 0xD0, 0x00, 0x00, 0xD0, 0xDD, 0x00, 0x00, 0x00, 0xD0,
    0x90, 0x99, 0x00, 0x90, 0x90, 0x99, 0x00, 0x90, 0x90, 0x09, 0x00, 0x90, 0x90, 0x09, 0x00, 0x90,
    0x90, 0x09, 0x90, 0x00, 0x90, 0x09, 0x99, 0x00, 0x90, 0x09, 0x09, 0x09, 0x90, 0x09, 0x09, 0x09,
    0xD0, 0xDD, 0x00, 0xD0, 0xD0, 0xDD, 0x00, 0xD0, 0xD0, 0x0D, 0x00, 0xD0, 0xD0, 0x0D, 0x00, 0xD0,
    0xD0, 0x0D, 0xD0, 0x00, 0xD0, 0x0D, 0xDD, 0x00, 0xD0, 0x0D, 0x0D, 0x0D, 0xD0, 0x0D, 0x0D, 0x0D,
    0x90, 0x99, 0x09, 0x09, 0x90, 0x90, 0x09, 0x00, 0x90, 0x90, 0x99, 0x00, 0x99, 0x90, 0x90, 0x00,
    0x99, 0x99, 0x99, 0x00, 0x90, 0x99, 0x90, 0x09, 0x99, 0x00, 0x00, 0x09, 0x99, 0x99, 0x90, 0x09,
    0xD0, 0xDD, 0x0D, 0x0D, 0xD0, 0xD0, 0x0D, 0x00, 0xD0, 0xD0, 0xDD, 0x00, 0xDD, 0xD0, 0xD0, 0x00,
    0xDD, 0xDD, 0xDD, 0x00, 0xD0, 0xDD, 0xD0, 0x0D, 0xDD, 0x00, 0x00, 0x0D, 0xDD, 0xDD, 0xD0, 0x0D,
    0xAA, 0xAA, 0xAA, 0x90, 0xAA, 0xAA, 0xA9, 0x00, 0xAA, 0xA9, 0x99, 0x0A, 0xAA, 0x90, 0x90, 0xBB,
    0xA9, 0x09, 0x0B, 0xBA, 0x99, 0x00, 0x0A, 0xAA, 0x90, 0x90, 0xAA, 0xAA, 0x00, 0x90, 0xAA, 0xAA,
    0xEE, 0xEE, 0xEE, 0xD0, 0xEE, 0xEE, 0xED, 0x00, 0xEE, 0xED, 0xDD, 0x0E, 0xEE, 0xD0, 0xD0, 0xFF,
    0xED, 0x0D, 0x0F, 0xFE, 0xDD, 0x00, 0x0E, 0xEE, 0xD0, 0xD0, 0xEE, 0xEE, 0x00, 0xD0, 0xEE, 0xEE,
    0x09, 0x0A, 0xAA, 0xAA, 0x00, 0x0A, 0xAA, 0xAA, 0x90, 0xAA, 0xAA, 0xAA, 0x90, 0xAA, 0xAA, 0xAA,
    0x00, 0xAA, 0xAA, 0xAA, 0x00, 0x0A, 0xAA, 0xAA, 0x00, 0x0A, 0xAA, 0xAA, 0x09, 0x00, 0xAA, 0xAA,
    0x0D, 0x0E, 0xEE, 0xEE, 0x00, 0x0E, 0xEE, 0xEE, 0xD0, 0xEE, 0xEE, 0xEE, 0xD0, 0xEE, 0xEE, 0xEE,
    0x00, 0xEE, 0xEE, 0xEE, 0x00, 0x0E, 0xEE, 0xEE, 0x00, 0x0E, 0xEE, 0xEE, 0x0D, 0x00, 0xEE, 0xEE,
    0x22, 0x22, 0x22, 0x11, 0x22, 0x22, 0x21, 0x11, 0x22, 0x22, 0x11, 0x33, 0x22, 0x21, 0x11, 0x33,
    0x22, 0x11, 0x33, 0x33, 0x22, 0x11, 0x33, 0x33, 0x22, 0x11, 0x00, 0x33, 0x22, 0x11, 0x11, 0x33,
    0xAA, 0xAA, 0xAA, 0x99, 0xAA, 0xAA, 0xA9, 0x99, 0xAA, 0xAA, 0x99, 0xBB, 0xAA, 0xA9, 0x99, 0xBB,
    0xAA, 0x99, 0xBB, 0xBB, 0xAA, 0x99, 0xBB, 0xBB, 0xAA, 0x99, 0x00, 0xBB, 0xAA, 0x99, 0x99, 0xBB,
    0x33, 0x11, 0x11, 0x33, 0x30, 0x11, 0x11, 0x33, 0x30, 0x11, 0x11, 0x00, 0x30, 0x11, 0x11, 0x11,
    0x33, 0x33, 0x33, 0x33, 0x11, 0x11, 0x11, 0x11, 0x11, 0x11, 0x11, 0x11, 0x00, 0x00, 0x00, 0x00,
    0xBB, 0x99, 0x99, 0xBB, 0xB0, 0x99, 0x99, 0xBB, 0xB0, 0x99, 0x99, 0x00, 0xB0, 0x99, 0x99, 0x99,
    0xBB, 0xBB, 0xBB, 0xBB, 0x99, 0x99, 0x99, 0x99, 0x99, 0x99, 0x99, 0x99, 0x00, 0x00, 0x00, 0x00,
    0x32, 0x22, 0x22, 0x22, 0x13, 0x22, 0x22, 0x22, 0x01, 0x32, 0x22, 0x22, 0x01, 0x13, 0x22, 0x22,
    0x33, 0x01, 0x32, 0x22, 0x33, 0x01, 0x32, 0x22, 0x00, 0x01, 0x32, 0x22, 0x01, 0x11, 0x32, 0x22,
    0x01, 0x11, 0x33, 0x32, 0x01, 0x11, 0x30, 0x30, 0x01, 0x11, 0x30, 0x30, 0x11, 0x11, 0x30, 0x30,
    0x33, 0x33, 0x33, 0x30, 0x11, 0x11, 0x11, 0x10, 0x11, 0x11, 0x11, 0x10, 0x00, 0x00, 0x00, 0x00,
    0x22, 0x30, 0x21, 0x11, 0x22, 0x33, 0x11, 0x11, 0x22, 0x21, 0x33, 0x00, 0x22, 0x21, 0x13, 0x33,
    0x11, 0x11, 0x11, 0x01, 0x10, 0x11, 0x01, 0x00, 0x11, 0x11, 0x11, 0x01, 0x11, 0x11, 0x11, 0x01,
    0xAA, 0xB0, 0xA9, 0x99, 0xAA, 0xBB, 0x99, 0x99, 0xAA, 0xA9, 0xBB, 0x00, 0xAA, 0xA9, 0x9B, 0xBB,
    0x99, 0x99, 0x99, 0x09, 0x90, 0x99, 0x09, 0x00, 0x99, 0x99, 0x99, 0x09, 0x99, 0x99, 0x99, 0x09,
    0xEE, 0xF0, 0xED, 0xDD, 0xEE, 0xFF, 0xDD, 0xDD, 0xEE, 0xED, 0xFF, 0x00, 0xEE, 0xED, 0xDF, 0xFF,
    0xDD, 0xDD, 0xDD, 0x0D, 0xD0, 0xDD, 0x0D, 0x00, 0xDD, 0xDD, 0xDD, 0x0D, 0xDD, 0xDD, 0xDD, 0x0D,
    0x11, 0x11, 0x11, 0x01, 0x11, 0x11, 0x11, 0x03, 0x11, 0x11, 0x11, 0x00, 0x11, 0x11, 0x11, 0x03,
    0x10, 0x11, 0x01, 0x01, 0x11, 0x11, 0x11, 0x02, 0x20, 0x00, 0x00, 0x00, 0x00, 0x00, 0x00, 0x00,
    0x99, 0x99, 0x99, 0x09, 0x99, 0x99, 0x99, 0x0B, 0x99, 0x99, 0x99, 0x00, 0x99, 0x99, 0x99, 0x0B,
    0x90, 0x99, 0x09, 0x09, 0x99, 0x99, 0x99, 0x0A, 0xA0, 0x00, 0x00, 0x00, 0x00, 0x00, 0x00, 0x00,
    0xDD, 0xDD, 0xDD, 0x0D, 0xDD, 0xDD, 0xDD, 0x0F, 0xDD, 0xDD, 0xDD, 0x00, 0xDD, 0xDD, 0xDD, 0x0F,
    0xD0, 0xDD, 0x0D, 0x0D, 0xDD, 0xDD, 0xDD, 0x0E, 0xE0, 0x00, 0x00, 0x00, 0x00, 0x00, 0x00, 0x00,
    0x12, 0x03, 0x23, 0x22, 0x11, 0x33, 0x23, 0x22, 0x33, 0x12, 0x33, 0x32, 0x31, 0x12, 0x23, 0x22,
    0x11, 0x10, 0x23, 0x22, 0x00, 0x00, 0x03, 0x22, 0x11, 0x00, 0x03, 0x02, 0x11, 0x00, 0x11, 0x02,
    0x9A, 0x0B, 0xAB, 0xAA, 0x99, 0xBB, 0xAB, 0xAA, 0xBB, 0x9A, 0xBB, 0xBA, 0xB9, 0x9A, 0xAB, 0xAA,
    0x99, 0x90, 0xAB, 0xAA, 0x00, 0x00, 0x0B, 0xAA, 0x99, 0x00, 0x0B, 0x0A, 0x99, 0x00, 0x99, 0x0A,
    0xDE, 0x0F, 0xEF, 0xEE, 0xDD, 0xFF, 0xEF, 0xEE, 0xFF, 0xDE, 0xFF, 0xFE, 0xFD, 0xDE, 0xEF, 0xEE,
    0xDD, 0xD0, 0xEF, 0xEE, 0x00, 0x00, 0x0F, 0xEE, 0xDD, 0x00, 0x0F, 0x0E, 0xDD, 0x00, 0xDD, 0x0E,
    0x11, 0x10, 0x11, 0x10, 0x31, 0x10, 0x01, 0x10, 0x33, 0x33, 0x03, 0x02, 0x31, 0x11, 0x03, 0x02,
    0x11, 0x00, 0x03, 0x02, 0x20, 0x11, 0x33, 0x32, 0x01, 0x11, 0x30, 0x32, 0x00, 0x00, 0x00, 0x00,
    0x99, 0x90, 0x99, 0x90, 0xB9, 0x90, 0x09, 0x90, 0xBB, 0xBB, 0x0B, 0x0A, 0xB9, 0x99, 0x0B, 0x0A,
    0x99, 0x00, 0x0B, 0x0A, 0xA0, 0x99, 0xBB, 0xBA, 0x09, 0x99, 0xB0, 0xBA, 0x00, 0x00, 0x00, 0x00,
    0xDD, 0xD0, 0xDD, 0xD0, 0xFD, 0xD0, 0x0D, 0xD0, 0xFF, 0xFF, 0x0F, 0x0E, 0xFD, 0xDD, 0x0F, 0x0E,
    0xDD, 0x00, 0x0F, 0x0E, 0xE0, 0xDD, 0xFF, 0xFE, 0x0D, 0xDD, 0xF0, 0xFE, 0x00, 0x00, 0x00, 0x00,
    0x22, 0x22, 0x22, 0x22, 0x22, 0x22, 0x12, 0x10, 0x22, 0x12, 0x11, 0x11, 0x22, 0x11, 0x01, 0x11,
    0x21, 0x11, 0x11, 0x11, 0x21, 0x11, 0x11, 0x01, 0x11, 0x11, 0x11, 0x11, 0x11, 0x01, 0x11, 0x11,
    0xAA, 0xAA, 0xAA, 0xAA, 0xAA, 0xAA, 0x9A, 0x90, 0xAA, 0x9A, 0x99, 0x99, 0xAA, 0x99, 0x09, 0x99,
    0xA9, 0x99, 0x99, 0x99, 0xA9, 0x99, 0x99, 0x09, 0x99, 0x99, 0x99, 0x99, 0x99, 0x09, 0x99, 0x99,
    0xEE, 0xEE, 0xEE, 0xEE, 0xEE, 0xEE, 0xDE, 0xD0, 0xEE, 0xDE, 0xDD, 0xDD, 0xEE, 0xDD, 0x0D, 0xDD,
    0xED, 0xDD, 0xDD, 0xDD, 0xED, 0xDD, 0xDD, 0x0D, 0xDD, 0xDD, 0xDD, 0xDD, 0xDD, 0x0D, 0xDD, 0xDD,
    0x21, 0x11, 0x11, 0x11, 0x11, 0x11, 0x01, 0x11, 0x11, 0x11, 0x11, 0x11, 0x21, 0x01, 0x11, 0x11,
    0x22, 0x21, 0x11, 0x11, 0x22, 0x22, 0x21, 0x33, 0x22, 0x22, 0x03, 0x33, 0x22, 0x20, 0x00, 0x00,
    0xA9, 0x99, 0x99, 0x99, 0x99, 0x99, 0x09, 0x99, 0x99, 0x99, 0x99, 0x99, 0xA9, 0x09, 0x99, 0x99,
    0xAA, 0xA9, 0x99, 0x99, 0xAA, 0xAA, 0xA9, 0xBB, 0xAA, 0xAA, 0x0B, 0xBB, 0xAA, 0xA0, 0x00, 0x00,
    0xED, 0xDD, 0xDD, 0xDD, 0xDD, 0xDD, 0x0D, 0xDD, 0xDD, 0xDD, 0xDD, 0xDD, 0xED, 0x0D, 0xDD, 0xDD,
    0xEE, 0xED, 0xDD, 0xDD, 0xEE, 0xEE, 0xED, 0xFF, 0xEE, 0xEE, 0x0F, 0xFF, 0xEE, 0xE0, 0x00, 0x00,
    0x22, 0x22, 0x22, 0x22, 0x00, 0x22, 0x22, 0x22, 0x10, 0x00, 0x02, 0x22, 0x11, 0x00, 0x10, 0x22,
    0x11, 0x10, 0x00, 0x22, 0x11, 0x00, 0x00, 0x02, 0x11, 0x10, 0x00, 0x22, 0x11, 0x11, 0x00, 0x02,
    0xAA, 0xAA, 0xAA, 0xAA, 0x00, 0xAA, 0xAA, 0xAA, 0x90, 0x00, 0x0A, 0xAA, 0x99, 0x00, 0x90, 0xAA,
    0x99, 0x90, 0x00, 0xAA, 0x99, 0x00, 0x00, 0x0A, 0x99, 0x90, 0x00, 0xAA, 0x99, 0x99, 0x00, 0x0A,
    0xEE, 0xEE, 0xEE, 0xEE, 0x00, 0xEE, 0xEE, 0xEE, 0xD0, 0x00, 0x0E, 0xEE, 0xDD, 0x00, 0xD0, 0xEE,
    0xDD, 0xD0, 0x00, 0xEE, 0xDD, 0x00, 0x00, 0x0E, 0xDD, 0xD0, 0x00, 0xEE, 0xDD, 0xDD, 0x00, 0x0E,
    0x01, 0x10, 0x01, 0x02, 0x11, 0x00, 0x00, 0x02, 0x10, 0x00, 0x00, 0x22, 0x11, 0x01, 0x02, 0x22,
    0x00, 0x00, 0x22, 0x22, 0x30, 0x22, 0x22, 0x22, 0x33, 0x00, 0x00, 0x00, 0x00, 0x00, 0x00, 0x22,
    0x09, 0x90, 0x09, 0x0A, 0x99, 0x00, 0x00, 0x0A, 0x90, 0x00, 0x00, 0xAA, 0x99, 0x09, 0x0A, 0xAA,
    0x00, 0x00, 0xAA, 0xAA, 0xB0, 0xAA, 0xAA, 0xAA, 0xBB, 0x00, 0x00, 0x00, 0x00, 0x00, 0x00, 0xAA,
    0x0D, 0xD0, 0x0D, 0x0E, 0xDD, 0x00, 0x00, 0x0E, 0xD0, 0x00, 0x00, 0xEE, 0xDD, 0x0D, 0x0E, 0xEE,
    0x00, 0x00, 0xEE, 0xEE, 0xF0, 0xEE, 0xEE, 0xEE, 0xFF, 0x00, 0x00, 0x00, 0x00, 0x00, 0x00, 0xEE,
    0xAA, 0x99, 0x0A, 0xAA, 0xA9, 0x99, 0x90, 0xAA, 0xA9, 0xA9, 0x90, 0x09, 0x9A, 0x99, 0x90, 0xA9,
    0x9A, 0x99, 0x90, 0xA9, 0x9A, 0x99, 0x0A, 0x99, 0x99, 0x99, 0x0A, 0x99, 0x99, 0x99, 0x0A, 0x99,
    0xEE, 0xDD, 0x0E, 0xEE, 0xED, 0xDD, 0xD0, 0xEE, 0xED, 0xED, 0xD0, 0x0D, 0xDE, 0xDD, 0xD0, 0xED,
    0xDE, 0xDD, 0xD0, 0xED, 0xDE, 0xDD, 0x0E, 0xDD, 0xDD, 0xDD, 0x0E, 0xDD, 0xDD, 0xDD, 0x0E, 0xDD,
    0xA9, 0x99, 0x0A, 0x99, 0xA9, 0x99, 0x0A, 0x99, 0xA9, 0x99, 0x0A, 0x99, 0x99, 0x99, 0x09, 0x99,
    0x99, 0x99, 0x09, 0x99, 0x99, 0x99, 0x99, 0x99, 0xA9, 0x99, 0x99, 0x09, 0x00, 0x00, 0x00, 0x00,
    0xED, 0xDD, 0x0E, 0xDD, 0xED, 0xDD, 0x0E, 0xDD, 0xED, 0xDD, 0x0E, 0xDD, 0xDD, 0xDD, 0x0D, 0xDD,
    0xDD, 0xDD, 0x0D, 0xDD, 0xDD, 0xDD, 0xDD, 0xDD, 0xED, 0xDD, 0xDD, 0x0D, 0x00, 0x00, 0x00, 0x00,
    0xAA, 0xAA, 0xAA, 0xAA, 0xAA, 0xAA, 0xAA, 0xAA, 0x99, 0x00, 0xAA, 0xAA, 0x99, 0x99, 0x0A, 0xAA,
    0x99, 0x99, 0x00, 0xAA, 0x99, 0x99, 0x90, 0xAA, 0x09, 0x99, 0x90, 0x0A, 0x09, 0x90, 0x00, 0x0A,
    0xEE, 0xEE, 0xEE, 0xEE, 0xEE, 0xEE, 0xEE, 0xEE, 0xDD, 0x00, 0xEE, 0xEE, 0xDD, 0xDD, 0x0E, 0xEE,
    0xDD, 0xDD, 0x00, 0xEE, 0xDD, 0xDD, 0xD0, 0xEE, 0x0D, 0xDD, 0xD0, 0x0E, 0x0D, 0xD0, 0x00, 0x0E,
    0x09, 0x90, 0x90, 0x0A, 0x00, 0x90, 0x90, 0x0A, 0x00, 0x90, 0x90, 0x0A, 0x90, 0x90, 0x00, 0x0A,
    0x99, 0x90, 0x09, 0x0A, 0x90, 0x00, 0x99, 0x0A, 0x99, 0x00, 0x00, 0x00, 0x00, 0x00, 0x00, 0xAA,
    0x0D, 0xD0, 0xD0, 0x0E, 0x00, 0xD0, 0xD0, 0x0E, 0x00, 0xD0, 0xD0, 0x0E, 0xD0, 0xD0, 0x00, 0x0E,
    0xDD, 0xD0, 0x0D, 0x0E, 0xD0, 0x00, 0xDD, 0x0E, 0xDD, 0x00, 0x00, 0x00, 0x00, 0x00, 0x00, 0xEE,
    0x22, 0x22, 0x22, 0x22, 0x22, 0x22, 0x22, 0x22, 0x22, 0x22, 0x22, 0x22, 0x22, 0x22, 0x22, 0x22,
    0x22, 0x22, 0x22, 0x22, 0x22, 0x22, 0x22, 0x12, 0x22, 0x22, 0x21, 0x10, 0x22, 0x22, 0x21, 0x10,
    0xAA, 0xAA, 0xAA, 0xAA, 0xAA, 0xAA, 0xAA, 0xAA, 0xAA, 0xAA, 0xAA, 0xAA, 0xAA, 0xAA, 0xAA, 0xAA,
    0xAA, 0xAA, 0xAA, 0xAA, 0xAA, 0xAA, 0xAA, 0x9A, 0xAA, 0xAA, 0xA9, 0x90, 0xAA, 0xAA, 0xA9, 0x90,
    0xEE, 0xEE, 0xEE, 0xEE, 0xEE, 0xEE, 0xEE, 0xEE, 0xEE, 0xEE, 0xEE, 0xEE, 0xEE, 0xEE, 0xEE, 0xEE,
    0xEE, 0xEE, 0xEE, 0xEE, 0xEE, 0xEE, 0xEE, 0xDE, 0xEE, 0xEE, 0xED, 0xD0, 0xEE, 0xEE, 0xED, 0xD0,
    0x22, 0x22, 0x21, 0x10, 0x22, 0x11, 0x01, 0x10, 0x21, 0x11, 0x11, 0x10, 0x21, 0x11, 0x01, 0x10,
    0x21, 0x11, 0x01, 0x00, 0x21, 0x11, 0x01, 0x00, 0x20, 0x11, 0x11, 0x00, 0x20, 0x11, 0x11, 0x00,
    0xAA, 0xAA, 0xA9, 0x90, 0xAA, 0x99, 0x09, 0x90, 0xA9, 0x99, 0x99, 0x90, 0xA9, 0x99, 0x09, 0x90,
    0xA9, 0x99, 0x09, 0x00, 0xA9, 0x99, 0x09, 0x00, 0xA0, 0x99, 0x99, 0x00, 0xA0, 0x99, 0x99, 0x00,
    0xEE, 0xEE, 0xED, 0xD0, 0xEE, 0xDD, 0x0D, 0xD0, 0xED, 0xDD, 0xDD, 0xD0, 0xED, 0xDD, 0x0D, 0xD0,
    0xED, 0xDD, 0x0D, 0x00, 0xED, 0xDD, 0x0D, 0x00, 0xE0, 0xDD, 0xDD, 0x00, 0xE0, 0xDD, 0xDD, 0x00,
    0x22, 0x11, 0x02, 0x22, 0x21, 0x11, 0x10, 0x22, 0x11, 0x11, 0x11, 0x02, 0x11, 0x11, 0x11, 0x00,
    0x11, 0x11, 0x11, 0x00, 0x21, 0x11, 0x10, 0x00, 0x21, 0x11, 0x11, 0x02, 0x11, 0x11, 0x11, 0x00,
    0xAA, 0x99, 0x0A, 0xAA, 0xA9, 0x99, 0x90, 0xAA, 0x99, 0x99, 0x99, 0x0A, 0x99, 0x99, 0x99, 0x00,
    0x99, 0x99, 0x99, 0x00, 0xA9, 0x99, 0x90, 0x00, 0xA9, 0x99, 0x99, 0x0A, 0x99, 0x99, 0x99, 0x00,
    0xEE, 0xDD, 0x0E, 0xEE, 0xED, 0xDD, 0xD0, 0xEE, 0xDD, 0xDD, 0xDD, 0x0E, 0xDD, 0xDD, 0xDD, 0x00,
    0xDD, 0xDD, 0xDD, 0x00, 0xED, 0xDD, 0xD0, 0x00, 0xED, 0xDD, 0xDD, 0x0E, 0xDD, 0xDD, 0xDD, 0x00,
    0x11, 0x11, 0x10, 0x00, 0x11, 0x11, 0x10, 0x02, 0x11, 0x11, 0x11, 0x02, 0x01, 0x11, 0x11, 0x00,
    0x01, 0x11, 0x11, 0x00, 0x11, 0x11, 0x11, 0x00, 0x01, 0x11, 0x10, 0x02, 0x00, 0x01, 0x11, 0x02,
    0x99, 0x99, 0x90, 0x00, 0x99, 0x99, 0x90, 0x0A, 0x99, 0x99, 0x99, 0x0A, 0x09, 0x99, 0x99, 0x00,
    0x09, 0x99, 0x99, 0x00, 0x99, 0x99, 0x99, 0x00, 0x09, 0x99, 0x90, 0x0A, 0x00, 0x09, 0x99, 0x0A,
    0xDD, 0xDD, 0xD0, 0x00, 0xDD, 0xDD, 0xD0, 0x0E, 0xDD, 0xDD, 0xDD, 0x0E, 0x0D, 0xDD, 0xDD, 0x00,
    0x0D, 0xDD, 0xDD, 0x00, 0xDD, 0xDD, 0xDD, 0x00, 0x0D, 0xDD, 0xD0, 0x0E, 0x00, 0x0D, 0xDD, 0x0E,
    0x22, 0x22, 0x22, 0x22, 0x22, 0x21, 0x02, 0x22, 0x22, 0x11, 0x10, 0x22, 0x21, 0x11, 0x11, 0x02,
    0x21, 0x11, 0x11, 0x02, 0x11, 0x11, 0x11, 0x10, 0x11, 0x11, 0x11, 0x10, 0x21, 0x11, 0x11, 0x00,
    0xAA, 0xAA, 0xAA, 0xAA, 0xAA, 0xA9, 0x0A, 0xAA, 0xAA, 0x99, 0x90, 0xAA, 0xA9, 0x99, 0x99, 0x0A,
    0xA9, 0x99, 0x99, 0x0A, 0x99, 0x99, 0x99, 0x90, 0x99, 0x99, 0x99, 0x90, 0xA9, 0x99, 0x99, 0x00,
    0xEE, 0xEE, 0xEE, 0xEE, 0xEE, 0xED, 0x0E, 0xEE, 0xEE, 0xDD, 0xD0, 0xEE, 0xED, 0xDD, 0xDD, 0x0E,
    0xED, 0xDD, 0xDD, 0x0E, 0xDD, 0xDD, 0xDD, 0xD0, 0xDD, 0xDD, 0xDD, 0xD0, 0xED, 0xDD, 0xDD, 0x00,
    0x11, 0x11, 0x11, 0x00, 0x11, 0x11, 0x10, 0x02, 0x11, 0x11, 0x10, 0x02, 0x11, 0x11, 0x11, 0x00,
    0x00, 0x11, 0x11, 0x10, 0x22, 0x00, 0x11, 0x10, 0x11, 0x11, 0x01, 0x10, 0x11, 0x10, 0x01, 0x10,
    0x99, 0x99, 0x99, 0x00, 0x99, 0x99, 0x90, 0x0A, 0x99, 0x99, 0x90, 0x0A, 0x99, 0x99, 0x99, 0x00,
    0x00, 0x99, 0x99, 0x90, 0xAA, 0x00, 0x99, 0x90, 0x99, 0x99, 0x09, 0x90, 0x99, 0x90, 0x09, 0x90,
    0xDD, 0xDD, 0xDD, 0x00, 0xDD, 0xDD, 0xD0, 0x0E, 0xDD, 0xDD, 0xD0, 0x0E, 0xDD, 0xDD, 0xDD, 0x00,
    0x00, 0xDD, 0xDD, 0xD0, 0xEE, 0x00, 0xDD, 0xD0, 0xDD, 0xDD, 0x0D, 0xD0, 0xDD, 0xD0, 0x0D, 0xD0,
    0x22, 0x22, 0x22, 0x22, 0x22, 0x22, 0x22, 0x22, 0x22, 0x22, 0x22, 0x22, 0x22, 0x22, 0x22, 0x22,
    0x22, 0x22, 0x22, 0x22, 0x22, 0x22, 0x22, 0x22, 0x22, 0x22, 0x22, 0x22, 0x22, 0x22, 0x22, 0x22,
    0xAA, 0xAA, 0xAA, 0xAA, 0xAA, 0xAA, 0xAA, 0xAA, 0xAA, 0xAA, 0xAA, 0xAA, 0xAA, 0xAA, 0xAA, 0xAA,
    0xAA, 0xAA, 0xAA, 0xAA, 0xAA, 0xAA, 0xAA, 0xAA, 0xAA, 0xAA, 0xAA, 0xAA, 0xAA, 0xAA, 0xAA, 0xAA,
    0xEE, 0xEE, 0xEE, 0xEE, 0xEE, 0xEE, 0xEE, 0xEE, 0xEE, 0xEE, 0xEE, 0xEE, 0xEE, 0xEE, 0xEE, 0xEE,
    0xEE, 0xEE, 0xEE, 0xEE, 0xEE, 0xEE, 0xEE, 0xEE, 0xEE, 0xEE, 0xEE, 0xEE, 0xEE, 0xEE, 0xEE, 0xEE,
    0x21, 0x11, 0x12, 0x22, 0x11, 0x11, 0x10, 0x22, 0x11, 0x11, 0x11, 0x02, 0x01, 0x11, 0x11, 0x02,
    0x01, 0x11, 0x11, 0x02, 0x21, 0x11, 0x10, 0x02, 0x20, 0x01, 0x10, 0x02, 0x00, 0x00, 0x11, 0x02,
    0xA9, 0x99, 0x9A, 0xAA, 0x99, 0x99, 0x90, 0xAA, 0x99, 0x99, 0x99, 0x0A, 0x09, 0x99, 0x99, 0x0A,
    0x09, 0x99, 0x99, 0x0A, 0xA9, 0x99, 0x90, 0x0A, 0xA0, 0x09, 0x90, 0x0A, 0x00, 0x00, 0x99, 0x0A,
    0xED, 0xDD, 0xDE, 0xEE, 0xDD, 0xDD, 0xD0, 0xEE, 0xDD, 0xDD, 0xDD, 0x0E, 0x0D, 0xDD, 0xDD, 0x0E,
    0x0D, 0xDD, 0xDD, 0x0E, 0xED, 0xDD, 0xD0, 0x0E, 0xE0, 0x0D, 0xD0, 0x0E, 0x00, 0x00, 0xDD, 0x0E,
    0x00, 0x20, 0x21, 0x11, 0x02, 0x10, 0x21, 0x11, 0x02, 0x10, 0x21, 0x11, 0x02, 0x10, 0x21, 0x11,
    0x20, 0x10, 0x21, 0x11, 0x20, 0x10, 0x21, 0x11, 0x22, 0x00, 0x21, 0x11, 0x22, 0x20, 0x21, 0x11,
    0x00, 0xA0, 0xA9, 0x99, 0x0A, 0x90, 0xA9, 0x99, 0x0A, 0x90, 0xA9, 0x99, 0x0A, 0x90, 0xA9, 0x99,
    0xA0, 0x90, 0xA9, 0x99, 0xA0, 0x90, 0xA9, 0x99, 0xAA, 0x00, 0xA9, 0x99, 0xAA, 0xA0, 0xA9, 0x99,
    0x00, 0xE0, 0xED, 0xDD, 0x0E, 0xD0, 0xED, 0xDD, 0x0E, 0xD0, 0xED, 0xDD, 0x0E, 0xD0, 0xED, 0xDD,
    0xE0, 0xD0, 0xED, 0xDD, 0xE0, 0xD0, 0xED, 0xDD, 0xEE, 0x00, 0xED, 0xDD, 0xEE, 0xE0, 0xED, 0xDD,
    0x22, 0x20, 0x01, 0x11, 0x22, 0x22, 0x01, 0x01, 0x22, 0x22, 0x20, 0x00, 0x22, 0x22, 0x22, 0x22,
    0x22, 0x22, 0x22, 0x22, 0x22, 0x22, 0x22, 0x22, 0x22, 0x22, 0x22, 0x22, 0x22, 0x22, 0x22, 0x22,
    0xAA, 0xA0, 0x09, 0x99, 0xAA, 0xAA, 0x09, 0x09, 0xAA, 0xAA, 0xA0, 0x00, 0xAA, 0xAA, 0xAA, 0xAA,
    0xAA, 0xAA, 0xAA, 0xAA, 0xAA, 0xAA, 0xAA, 0xAA, 0xAA, 0xAA, 0xAA, 0xAA, 0xAA, 0xAA, 0xAA, 0xAA,
    0xEE, 0xE0, 0x0D, 0xDD, 0xEE, 0xEE, 0x0D, 0x0D, 0xEE, 0xEE, 0xE0, 0x00, 0xEE, 0xEE, 0xEE, 0xEE,
    0xEE, 0xEE, 0xEE, 0xEE, 0xEE, 0xEE, 0xEE, 0xEE, 0xEE, 0xEE, 0xEE, 0xEE, 0xEE, 0xEE, 0xEE, 0xEE,
    0x00, 0x02, 0x11, 0x00, 0x10, 0x02, 0x11, 0x02, 0x11, 0x02, 0x11, 0x12, 0x11, 0x02, 0x11, 0x12,
    0x11, 0x02, 0x11, 0x10, 0x11, 0x02, 0x11, 0x10, 0x11, 0x00, 0x21, 0x12, 0x11, 0x00, 0x21, 0x12,
    0x00, 0x0A, 0x99, 0x00, 0x90, 0x0A, 0x99, 0x0A, 0x99, 0x0A, 0x99, 0x9A, 0x99, 0x0A, 0x99, 0x9A,
    0x99, 0x0A, 0x99, 0x90, 0x99, 0x0A, 0x99, 0x90, 0x99, 0x00, 0xA9, 0x9A, 0x99, 0x00, 0xA9, 0x9A,
    0x00, 0x0E, 0xDD, 0x00, 0xD0, 0x0E, 0xDD, 0x0E, 0xDD, 0x0E, 0xDD, 0xDE, 0xDD, 0x0E, 0xDD, 0xDE,
    0xDD, 0x0E, 0xDD, 0xD0, 0xDD, 0x0E, 0xDD, 0xD0, 0xDD, 0x00, 0xED, 0xDE, 0xDD, 0x00, 0xED, 0xDE,
    0x11, 0x00, 0x02, 0x10, 0x10, 0x00, 0x02, 0x10, 0x10, 0x00, 0x02, 0x10, 0x00, 0x00, 0x02, 0x10,
    0x22, 0x20, 0x02, 0x10, 0x22, 0x22, 0x00, 0x10, 0x22, 0x22, 0x20, 0x00, 0x22, 0x22, 0x22, 0x20,
    0x99, 0x00, 0x0A, 0x90, 0x90, 0x00, 0x0A, 0x90, 0x90, 0x00, 0x0A, 0x90, 0x00, 0x00, 0x0A, 0x90,
    0xAA, 0xA0, 0x0A, 0x90, 0xAA, 0xAA, 0x00, 0x90, 0xAA, 0xAA, 0xA0, 0x00, 0xAA, 0xAA, 0xAA, 0xA0,
    0xDD, 0x00, 0x0E, 0xD0, 0xD0, 0x00, 0x0E, 0xD0, 0xD0, 0x00, 0x0E, 0xD0, 0x00, 0x00, 0x0E, 0xD0,
    0xEE, 0xE0, 0x0E, 0xD0, 0xEE, 0xEE, 0x00, 0xD0, 0xEE, 0xEE, 0xE0, 0x00, 0xEE, 0xEE, 0xEE, 0xE0,
    0x22, 0x00, 0x10, 0x02, 0x11, 0x10, 0x00, 0x21, 0x11, 0x11, 0x00, 0x21, 0x11, 0x11, 0x00, 0x21,
    0x21, 0x11, 0x02, 0x11, 0x21, 0x11, 0x02, 0x11, 0x11, 0x11, 0x02, 0x11, 0x11, 0x11, 0x02, 0x11,
    0xAA, 0x00, 0x90, 0x0A, 0x99, 0x90, 0x00, 0xA9, 0x99, 0x99, 0x00, 0xA9, 0x99, 0x99, 0x00, 0xA9,
    0xA9, 0x99, 0x0A, 0x99, 0xA9, 0x99, 0x0A, 0x99, 0x99, 0x99, 0x0A, 0x99, 0x99, 0x99, 0x0A, 0x99,
    0xEE, 0x00, 0xD0, 0x0E, 0xDD, 0xD0, 0x00, 0xED, 0xDD, 0xDD, 0x00, 0xED, 0xDD, 0xDD, 0x00, 0xED,
    0xED, 0xDD, 0x0E, 0xDD, 0xED, 0xDD, 0x0E, 0xDD, 0xDD, 0xDD, 0x0E, 0xDD, 0xDD, 0xDD, 0x0E, 0xDD,
    0x21, 0x10, 0x02, 0x11, 0x21, 0x10, 0x02, 0x11, 0x21, 0x00, 0x00, 0x01, 0x11, 0x02, 0x22, 0x00,
    0x10, 0x21, 0x11, 0x11, 0x10, 0x21, 0x11, 0x10, 0x00, 0x21, 0x11, 0x11, 0x00, 0x01, 0x11, 0x10,
    0xA9, 0x90, 0x0A, 0x99, 0xA9, 0x90, 0x0A, 0x99, 0xA9, 0x00, 0x00, 0x09, 0x99, 0x0A, 0xAA, 0x00,
    0x90, 0xA9, 0x99, 0x99, 0x90, 0xA9, 0x99, 0x90, 0x00, 0xA9, 0x99, 0x99, 0x00, 0x09, 0x99, 0x90,
    0xED, 0xD0, 0x0E, 0xDD, 0xED, 0xD0, 0x0E, 0xDD, 0xED, 0x00, 0x00, 0x0D, 0xDD, 0x0E, 0xEE, 0x00,
    0xD0, 0xED, 0xDD, 0xDD, 0xD0, 0xED, 0xDD, 0xD0, 0x00, 0xED, 0xDD, 0xDD, 0x00, 0x0D, 0xDD, 0xD0,
    0x11, 0x00, 0x11, 0x00, 0x11, 0x10, 0x01, 0x02, 0x11, 0x11, 0x00, 0x02, 0x11, 0x11, 0x10, 0x02,
    0x11, 0x11, 0x11, 0x00, 0x11, 0x10, 0x00, 0x00, 0x11, 0x02, 0x20, 0x02, 0x10, 0x21, 0x11, 0x02,
    0x99, 0x00, 0x99, 0x00, 0x99, 0x90, 0x09, 0x0A, 0x99, 0x99, 0x00, 0x0A, 0x99, 0x99, 0x90, 0x0A,
    0x99, 0x99, 0x99, 0x00, 0x99, 0x90, 0x00, 0x00, 0x99, 0x0A, 0xA0, 0x0A, 0x90, 0xA9, 0x99, 0x0A,
    0xDD, 0x00, 0xDD, 0x00, 0xDD, 0xD0, 0x0D, 0x0E, 0xDD, 0xDD, 0x00, 0x0E, 0xDD, 0xDD, 0xD0, 0x0E,
    0xDD, 0xDD, 0xDD, 0x00, 0xDD, 0xD0, 0x00, 0x00, 0xDD, 0x0E, 0xE0, 0x0E, 0xD0, 0xED, 0xDD, 0x0E,
    0x10, 0x21, 0x11, 0x10, 0x10, 0x21, 0x11, 0x10, 0x10, 0x21, 0x11, 0x10, 0x10, 0x21, 0x11, 0x10,
    0x00, 0x21, 0x11, 0x10, 0x00, 0x21, 0x11, 0x00, 0x00, 0x02, 0x11, 0x00, 0x00, 0x02, 0x11, 0x00,
    0x90, 0xA9, 0x99, 0x90, 0x90, 0xA9, 0x99, 0x90, 0x90, 0xA9, 0x99, 0x90, 0x90, 0xA9, 0x99, 0x90,
    0x00, 0xA9, 0x99, 0x90, 0x00, 0xA9, 0x99, 0x00, 0x00, 0x0A, 0x99, 0x00, 0x00, 0x0A, 0x99, 0x00,
    0xD0, 0xED, 0xDD, 0xD0, 0xD0, 0xED, 0xDD, 0xD0, 0xD0, 0xED, 0xDD, 0xD0, 0xD0, 0xED, 0xDD, 0xD0,
    0x00, 0xED, 0xDD, 0xD0, 0x00, 0xED, 0xDD, 0x00, 0x00, 0x0E, 0xDD, 0x00, 0x00, 0x0E, 0xDD, 0x00,
    0x20, 0x02, 0x11, 0x11, 0x11, 0x02, 0x11, 0x11, 0x11, 0x00, 0x11, 0x11, 0x10, 0x20, 0x01, 0x11,
    0x02, 0x11, 0x01, 0x11, 0x21, 0x11, 0x01, 0x11, 0x11, 0x11, 0x01, 0x11, 0x11, 0x11, 0x01, 0x11,
    0xA0, 0x0A, 0x99, 0x99, 0x99, 0x0A, 0x99, 0x99, 0x99, 0x00, 0x99, 0x99, 0x90, 0xA0, 0x09, 0x99,
    0x0A, 0x99, 0x09, 0x99, 0xA9, 0x99, 0x09, 0x99, 0x99, 0x99, 0x09, 0x99, 0x99, 0x99, 0x09, 0x99,
    0xE0, 0x0E, 0xDD, 0xDD, 0xDD, 0x0E, 0xDD, 0xDD, 0xDD, 0x00, 0xDD, 0xDD, 0xD0, 0xE0, 0x0D, 0xDD,
    0x0E, 0xDD, 0x0D, 0xDD, 0xED, 0xDD, 0x0D, 0xDD, 0xDD, 0xDD, 0x0D, 0xDD, 0xDD, 0xDD, 0x0D, 0xDD,
    0x21, 0x11, 0x01, 0x10, 0x21, 0x11, 0x01, 0x10, 0x02, 0x11, 0x01, 0x10, 0x02, 0x11, 0x01, 0x10,
    0x02, 0x11, 0x01, 0x00, 0x02, 0x10, 0x00, 0x02, 0x00, 0x02, 0x22, 0x22, 0x02, 0x22, 0x22, 0x22,
    0xA9, 0x99, 0x09, 0x90, 0xA9, 0x99, 0x09, 0x90, 0x0A, 0x99, 0x09, 0x90, 0x0A, 0x99, 0x09, 0x90,
    0x0A, 0x99, 0x09, 0x00, 0x0A, 0x90, 0x00, 0x0A, 0x00, 0x0A, 0xAA, 0xAA, 0x0A, 0xAA, 0xAA, 0xAA,
    0xED, 0xDD, 0x0D, 0xD0, 0xED, 0xDD, 0x0D, 0xD0, 0x0E, 0xDD, 0x0D, 0xD0, 0x0E, 0xDD, 0x0D, 0xD0,
    0x0E, 0xDD, 0x0D, 0x00, 0x0E, 0xD0, 0x00, 0x0E, 0x00, 0x0E, 0xEE, 0xEE, 0x0E, 0xEE, 0xEE, 0xEE,
    0x00, 0x21, 0x11, 0x00, 0x00, 0x21, 0x11, 0x00, 0x00, 0x21, 0x11, 0x00, 0x00, 0x21, 0x11, 0x02,
    0x00, 0x21, 0x11, 0x02, 0x00, 0x21, 0x00, 0x22, 0x00, 0x00, 0x22, 0x22, 0x00, 0x02, 0x22, 0x22,
    0x00, 0xA9, 0x99, 0x00, 0x00, 0xA9, 0x99, 0x00, 0x00, 0xA9, 0x99, 0x00, 0x00, 0xA9, 0x99, 0x0A,
    0x00, 0xA9, 0x99, 0x0A, 0x00, 0xA9, 0x00, 0xAA, 0x00, 0x00, 0xAA, 0xAA, 0x00, 0x0A, 0xAA, 0xAA,
    0x00, 0xED, 0xDD, 0x00, 0x00, 0xED, 0xDD, 0x00, 0x00, 0xED, 0xDD, 0x00, 0x00, 0xED, 0xDD, 0x0E,
    0x00, 0xED, 0xDD, 0x0E, 0x00, 0xED, 0x00, 0xEE, 0x00, 0x00, 0xEE, 0xEE, 0x00, 0x0E, 0xEE, 0xEE,
    0x00, 0x22, 0x22, 0x22, 0x02, 0x22, 0x22, 0x22, 0x02, 0x22, 0x22, 0x22, 0x02, 0x22, 0x22, 0x22,
    0x22, 0x22, 0x22, 0x22, 0x22, 0x22, 0x22, 0x22, 0x22, 0x22, 0x22, 0x22, 0x22, 0x22, 0x22, 0x22,
    0x00, 0xAA, 0xAA, 0xAA, 0x0A, 0xAA, 0xAA, 0xAA, 0x0A, 0xAA, 0xAA, 0xAA, 0x0A, 0xAA, 0xAA, 0xAA,
    0xAA, 0xAA, 0xAA, 0xAA, 0xAA, 0xAA, 0xAA, 0xAA, 0xAA, 0xAA, 0xAA, 0xAA, 0xAA, 0xAA, 0xAA, 0xAA,
    0x00, 0xEE, 0xEE, 0xEE, 0x0E, 0xEE, 0xEE, 0xEE, 0x0E, 0xEE, 0xEE, 0xEE, 0x0E, 0xEE, 0xEE, 0xEE,
    0xEE, 0xEE, 0xEE, 0xEE, 0xEE, 0xEE, 0xEE, 0xEE, 0xEE, 0xEE, 0xEE, 0xEE, 0xEE, 0xEE, 0xEE, 0xEE,
    0x22, 0x22, 0x22, 0x22, 0x22, 0x22, 0x23, 0x33, 0x02, 0x23, 0x31, 0x11, 0x02, 0x31, 0x11, 0x11,
    0x02, 0x31, 0x13, 0x33, 0x13, 0x11, 0x31, 0x00, 0x11, 0x13, 0x11, 0x00, 0x11, 0x13, 0x11, 0x11,
    0xAA, 0xAA, 0xAA, 0xAA, 0xAA, 0xAA, 0xAB, 0xBB, 0x0A, 0xAB, 0xB9, 0x99, 0x0A, 0xB9, 0x99, 0x99,
    0x0A, 0xB9, 0x9B, 0xBB, 0x9B, 0x99, 0xB9, 0x00, 0x99, 0x9B, 0x99, 0x00, 0x99, 0x9B, 0x99, 0x99,
    0xEE, 0xEE, 0xEE, 0xEE, 0xEE, 0xEE, 0xEF, 0xFF, 0x0E, 0xEF, 0xFD, 0xDD, 0x0E, 0xFD, 0xDD, 0xDD,
    0x0E, 0xFD, 0xDF, 0xFF, 0xDF, 0xDD, 0xFD, 0x00, 0xDD, 0xDF, 0xDD, 0x00, 0xDD, 0xDF, 0xDD, 0xDD,
    0x11, 0x13, 0x11, 0x33, 0x11, 0x11, 0x03, 0x01, 0x11, 0x11, 0x31, 0x01, 0x11, 0x33, 0x33, 0x31,
    0x13, 0x11, 0x01, 0x13, 0x30, 0x11, 0x00, 0x10, 0x30, 0x01, 0x00, 0x00, 0x00, 0x01, 0x00, 0x00,
    0x99, 0x9B, 0x99, 0xBB, 0x99, 0x99, 0x0B, 0x09, 0x99, 0x99, 0xB9, 0x09, 0x99, 0xBB, 0xBB, 0xB9,
    0x9B, 0x99, 0x09, 0x9B, 0xB0, 0x99, 0x00, 0x90, 0xB0, 0x09, 0x00, 0x00, 0x00, 0x09, 0x00, 0x00,
    0xDD, 0xDF, 0xDD, 0xFF, 0xDD, 0xDD, 0x0F, 0x0D, 0xDD, 0xDD, 0xFD, 0x0D, 0xDD, 0xFF, 0xFF, 0xFD,
    0xDF, 0xDD, 0x0D, 0xDF, 0xF0, 0xDD, 0x00, 0xD0, 0xF0, 0x0D, 0x00, 0x00, 0x00, 0x0D, 0x00, 0x00,
    0x22, 0x22, 0x22, 0x22, 0x33, 0x32, 0x22, 0x23, 0x11, 0x10, 0x02, 0x23, 0x11, 0x11, 0x10, 0x23,
    0x33, 0x31, 0x10, 0x23, 0x00, 0x10, 0x11, 0x01, 0x00, 0x11, 0x01, 0x11, 0x11, 0x11, 0x01, 0x11,
    0xAA, 0xAA, 0xAA, 0xAA, 0xBB, 0xBA, 0xAA, 0xAB, 0x99, 0x90, 0x0A, 0xAB, 0x99, 0x99, 0x90, 0xAB,
    0xBB, 0xB9, 0x90, 0xAB, 0x00, 0x90, 0x99, 0x09, 0x00, 0x99, 0x09, 0x99, 0x99, 0x99, 0x09, 0x99,
    0xEE, 0xEE, 0xEE, 0xEE, 0xFF, 0xFE, 0xEE, 0xEF, 0xDD, 0xD0, 0x0E, 0xEF, 0xDD, 0xDD, 0xD0, 0xEF,
    0xFF, 0xFD, 0xD0, 0xEF, 0x00, 0xD0, 0xDD, 0x0D, 0x00, 0xDD, 0x0D, 0xDD, 0xDD, 0xDD, 0x0D, 0xDD,
    0x33, 0x11, 0x01, 0x11, 0x10, 0x30, 0x11, 0x11, 0x10, 0x13, 0x11, 0x11, 0x13, 0x33, 0x33, 0x11,
    0x31, 0x10, 0x11, 0x31, 0x01, 0x00, 0x11, 0x03, 0x00, 0x00, 0x10, 0x03, 0x00, 0x00, 0x10, 0x00,
    0xBB, 0x99, 0x09, 0x99, 0x90, 0xB0, 0x99, 0x99, 0x90, 0x9B, 0x99, 0x99, 0x9B, 0xBB, 0xBB, 0x99,
    0xB9, 0x90, 0x99, 0xB9, 0x09, 0x00, 0x99, 0x0B, 0x00, 0x00, 0x90, 0x0B, 0x00, 0x00, 0x90, 0x00,
    0xFF, 0xDD, 0x0D, 0xDD, 0xD0, 0xF0, 0xDD, 0xDD, 0xD0, 0xDF, 0xDD, 0xDD, 0xDF, 0xFF, 0xFF, 0xDD,
    0xFD, 0xD0, 0xDD, 0xFD, 0x0D, 0x00, 0xDD, 0x0F, 0x00, 0x00, 0xD0, 0x0F, 0x00, 0x00, 0xD0, 0x00,
    0x00, 0x00, 0x00, 0x00, 0x00, 0x00, 0x00, 0x00, 0x00, 0x00, 0x00, 0x00, 0x00, 0x00, 0x00, 0x00,
    0x00, 0x00, 0x00, 0x00, 0x00, 0x00, 0x00, 0x00, 0x00, 0x00, 0x00, 0x00, 0x00, 0x00, 0x00, 0x00,
    0x00, 0x00, 0x00, 0x00, 0x00, 0x00, 0x00, 0x00, 0x00, 0x00, 0x00, 0x00, 0x00, 0x00, 0x00, 0x00,
    0x00, 0x00, 0x00, 0x00, 0x00, 0x00, 0x00, 0x00, 0x00, 0x00, 0x00, 0x00, 0x00, 0x00, 0x00, 0x00,
    0x00, 0x00, 0x00, 0x00, 0x00, 0x00, 0x00, 0x00, 0x00, 0x00, 0x00, 0x00, 0x00, 0x00, 0x00, 0x00,
    0x00, 0x00, 0x00, 0x00, 0x00, 0x00, 0x00, 0x00, 0x00, 0x00, 0x00, 0x00, 0x00, 0x00, 0x00, 0x00,
    0xDD, 0xDD, 0xDD, 0xDD, 0xDD, 0xDD, 0xDD, 0xDD, 0xDD, 0xDD, 0xDD, 0xDD, 0xDD, 0xDD, 0xDD, 0xDD,
    0xDD, 0xDD, 0xDD, 0xDD, 0xDD, 0xDD, 0xDD, 0xDD, 0xDD, 0xDD, 0xDD, 0xDD, 0xDD, 0xDD, 0xDD, 0xDD,
    0xAA, 0xAA, 0xAA, 0xAA, 0xAA, 0xAA, 0xAA, 0xAA, 0xAA, 0xAA, 0xAA, 0xAA, 0xAA, 0xAA, 0xAA, 0xAA,
    0xAA, 0xAA, 0xAA, 0xAA, 0xAA, 0xAA, 0xAA, 0xAA, 0xAA, 0xAA, 0xAA, 0xAA, 0xAA, 0xAA, 0xAA, 0xAA,
    0xA9, 0xBA, 0xAA, 0xAA, 0xA9, 0xAA, 0xAA, 0xAA, 0xA9, 0xAA, 0xAA, 0xAA, 0x99, 0x99, 0x99, 0x99,
    0xAA, 0xAA, 0xA9, 0xBA, 0xAA, 0xAA, 0xA9, 0xAA, 0xAA, 0xAA, 0xA9, 0xAA, 0x99, 0x99, 0x99, 0x99
};

const unsigned short bg_sparse_tile_lut[256][4] __attribute__((aligned(2))) = {
    { 0xFFFF, 0xFFFF, 0xFFFF, 0xFFFF },  /* tile 0x00 */
    { 0xFFFF, 0xFFFF, 0xFFFF, 0xFFFF },  /* tile 0x01 */
    { 0xFFFF, 0xFFFF, 0xFFFF, 0xFFFF },  /* tile 0x02 */
    { 0xFFFF, 0xFFFF, 0xFFFF, 0xFFFF },  /* tile 0x03 */
    { 0xFFFF, 0xFFFF, 0xFFFF, 0xFFFF },  /* tile 0x04 */
    { 0xFFFF, 0xFFFF, 0xFFFF, 0xFFFF },  /* tile 0x05 */
    { 0xFFFF, 0xFFFF, 0xFFFF, 0xFFFF },  /* tile 0x06 */
    { 0xFFFF, 0xFFFF, 0xFFFF, 0xFFFF },  /* tile 0x07 */
    { 0xFFFF, 0xFFFF, 0xFFFF, 0xFFFF },  /* tile 0x08 */
    { 0xFFFF, 0xFFFF, 0xFFFF, 0xFFFF },  /* tile 0x09 */
    { 0xFFFF, 0xFFFF, 0xFFFF, 0xFFFF },  /* tile 0x0A */
    { 0xFFFF, 0xFFFF, 0xFFFF, 0xFFFF },  /* tile 0x0B */
    { 0xFFFF, 0xFFFF, 0xFFFF, 0xFFFF },  /* tile 0x0C */
    { 0xFFFF, 0xFFFF, 0xFFFF, 0xFFFF },  /* tile 0x0D */
    { 0xFFFF, 0xFFFF, 0xFFFF, 0xFFFF },  /* tile 0x0E */
    { 0xFFFF, 0xFFFF, 0xFFFF, 0xFFFF },  /* tile 0x0F */
    { 0xFFFF, 0xFFFF, 0xFFFF, 0xFFFF },  /* tile 0x10 */
    { 0xFFFF, 0xFFFF, 0xFFFF, 0xFFFF },  /* tile 0x11 */
    { 0xFFFF, 0xFFFF, 0xFFFF, 0xFFFF },  /* tile 0x12 */
    { 0xFFFF, 0xFFFF, 0xFFFF, 0xFFFF },  /* tile 0x13 */
    { 0xFFFF, 0xFFFF, 0xFFFF, 0xFFFF },  /* tile 0x14 */
    { 0xFFFF, 0xFFFF, 0xFFFF, 0xFFFF },  /* tile 0x15 */
    { 0xFFFF, 0xFFFF, 0xFFFF, 0xFFFF },  /* tile 0x16 */
    { 0xFFFF, 0xFFFF, 0xFFFF, 0xFFFF },  /* tile 0x17 */
    { 0xFFFF, 0xFFFF, 0xFFFF, 0xFFFF },  /* tile 0x18 */
    { 0xFFFF, 0xFFFF, 0xFFFF, 0xFFFF },  /* tile 0x19 */
    { 0xFFFF, 0xFFFF, 0xFFFF, 0xFFFF },  /* tile 0x1A */
    { 0xFFFF, 0xFFFF, 0xFFFF, 0xFFFF },  /* tile 0x1B */
    { 0xFFFF, 0xFFFF, 0xFFFF, 0xFFFF },  /* tile 0x1C */
    { 0xFFFF, 0xFFFF, 0xFFFF, 0xFFFF },  /* tile 0x1D */
    { 0xFFFF, 0xFFFF, 0xFFFF, 0xFFFF },  /* tile 0x1E */
    { 0xFFFF, 0xFFFF, 0xFFFF, 0xFFFF },  /* tile 0x1F */
    { 0xFFFF, 0xFFFF, 0xFFFF, 0xFFFF },  /* tile 0x20 */
    { 0xFFFF, 0xFFFF, 0xFFFF, 0xFFFF },  /* tile 0x21 */
    { 0xFFFF, 0xFFFF, 0xFFFF, 0xFFFF },  /* tile 0x22 */
    { 0xFFFF, 0xFFFF, 0xFFFF, 0xFFFF },  /* tile 0x23 */
    { 0x0000, 0xFFFF, 0x0001, 0x0002 },  /* tile 0x24 */
    { 0xFFFF, 0xFFFF, 0xFFFF, 0xFFFF },  /* tile 0x25 */
    { 0x0003, 0xFFFF, 0x0004, 0x0005 },  /* tile 0x26 */
    { 0xFFFF, 0xFFFF, 0xFFFF, 0xFFFF },  /* tile 0x27 */
    { 0xFFFF, 0xFFFF, 0xFFFF, 0xFFFF },  /* tile 0x28 */
    { 0xFFFF, 0xFFFF, 0xFFFF, 0xFFFF },  /* tile 0x29 */
    { 0xFFFF, 0xFFFF, 0xFFFF, 0xFFFF },  /* tile 0x2A */
    { 0xFFFF, 0xFFFF, 0xFFFF, 0xFFFF },  /* tile 0x2B */
    { 0xFFFF, 0xFFFF, 0xFFFF, 0xFFFF },  /* tile 0x2C */
    { 0xFFFF, 0xFFFF, 0xFFFF, 0xFFFF },  /* tile 0x2D */
    { 0xFFFF, 0xFFFF, 0xFFFF, 0xFFFF },  /* tile 0x2E */
    { 0xFFFF, 0xFFFF, 0xFFFF, 0xFFFF },  /* tile 0x2F */
    { 0xFFFF, 0xFFFF, 0xFFFF, 0xFFFF },  /* tile 0x30 */
    { 0xFFFF, 0xFFFF, 0xFFFF, 0xFFFF },  /* tile 0x31 */
    { 0xFFFF, 0xFFFF, 0xFFFF, 0xFFFF },  /* tile 0x32 */
    { 0xFFFF, 0xFFFF, 0xFFFF, 0xFFFF },  /* tile 0x33 */
    { 0xFFFF, 0xFFFF, 0xFFFF, 0xFFFF },  /* tile 0x34 */
    { 0xFFFF, 0xFFFF, 0xFFFF, 0xFFFF },  /* tile 0x35 */
    { 0xFFFF, 0xFFFF, 0xFFFF, 0xFFFF },  /* tile 0x36 */
    { 0xFFFF, 0xFFFF, 0xFFFF, 0xFFFF },  /* tile 0x37 */
    { 0xFFFF, 0xFFFF, 0xFFFF, 0xFFFF },  /* tile 0x38 */
    { 0xFFFF, 0xFFFF, 0xFFFF, 0xFFFF },  /* tile 0x39 */
    { 0xFFFF, 0xFFFF, 0xFFFF, 0xFFFF },  /* tile 0x3A */
    { 0xFFFF, 0xFFFF, 0xFFFF, 0xFFFF },  /* tile 0x3B */
    { 0xFFFF, 0xFFFF, 0xFFFF, 0xFFFF },  /* tile 0x3C */
    { 0xFFFF, 0xFFFF, 0xFFFF, 0xFFFF },  /* tile 0x3D */
    { 0xFFFF, 0xFFFF, 0xFFFF, 0xFFFF },  /* tile 0x3E */
    { 0xFFFF, 0xFFFF, 0xFFFF, 0xFFFF },  /* tile 0x3F */
    { 0xFFFF, 0xFFFF, 0xFFFF, 0xFFFF },  /* tile 0x40 */
    { 0xFFFF, 0xFFFF, 0xFFFF, 0xFFFF },  /* tile 0x41 */
    { 0xFFFF, 0xFFFF, 0xFFFF, 0xFFFF },  /* tile 0x42 */
    { 0xFFFF, 0xFFFF, 0xFFFF, 0xFFFF },  /* tile 0x43 */
    { 0xFFFF, 0xFFFF, 0xFFFF, 0xFFFF },  /* tile 0x44 */
    { 0xFFFF, 0xFFFF, 0xFFFF, 0xFFFF },  /* tile 0x45 */
    { 0xFFFF, 0xFFFF, 0xFFFF, 0xFFFF },  /* tile 0x46 */
    { 0xFFFF, 0xFFFF, 0xFFFF, 0xFFFF },  /* tile 0x47 */
    { 0xFFFF, 0xFFFF, 0xFFFF, 0xFFFF },  /* tile 0x48 */
    { 0xFFFF, 0xFFFF, 0xFFFF, 0xFFFF },  /* tile 0x49 */
    { 0xFFFF, 0xFFFF, 0xFFFF, 0xFFFF },  /* tile 0x4A */
    { 0xFFFF, 0xFFFF, 0xFFFF, 0xFFFF },  /* tile 0x4B */
    { 0xFFFF, 0xFFFF, 0xFFFF, 0xFFFF },  /* tile 0x4C */
    { 0xFFFF, 0xFFFF, 0xFFFF, 0xFFFF },  /* tile 0x4D */
    { 0xFFFF, 0xFFFF, 0xFFFF, 0xFFFF },  /* tile 0x4E */
    { 0xFFFF, 0xFFFF, 0xFFFF, 0xFFFF },  /* tile 0x4F */
    { 0xFFFF, 0xFFFF, 0xFFFF, 0xFFFF },  /* tile 0x50 */
    { 0xFFFF, 0xFFFF, 0xFFFF, 0xFFFF },  /* tile 0x51 */
    { 0xFFFF, 0xFFFF, 0xFFFF, 0xFFFF },  /* tile 0x52 */
    { 0xFFFF, 0xFFFF, 0xFFFF, 0xFFFF },  /* tile 0x53 */
    { 0xFFFF, 0xFFFF, 0xFFFF, 0xFFFF },  /* tile 0x54 */
    { 0xFFFF, 0xFFFF, 0xFFFF, 0xFFFF },  /* tile 0x55 */
    { 0xFFFF, 0xFFFF, 0xFFFF, 0xFFFF },  /* tile 0x56 */
    { 0xFFFF, 0xFFFF, 0xFFFF, 0xFFFF },  /* tile 0x57 */
    { 0xFFFF, 0xFFFF, 0x0006, 0xFFFF },  /* tile 0x58 */
    { 0xFFFF, 0xFFFF, 0x0007, 0xFFFF },  /* tile 0x59 */
    { 0xFFFF, 0xFFFF, 0x0008, 0xFFFF },  /* tile 0x5A */
    { 0xFFFF, 0xFFFF, 0x0009, 0xFFFF },  /* tile 0x5B */
    { 0xFFFF, 0xFFFF, 0x000A, 0xFFFF },  /* tile 0x5C */
    { 0xFFFF, 0xFFFF, 0x000B, 0xFFFF },  /* tile 0x5D */
    { 0xFFFF, 0xFFFF, 0xFFFF, 0xFFFF },  /* tile 0x5E */
    { 0xFFFF, 0xFFFF, 0xFFFF, 0xFFFF },  /* tile 0x5F */
    { 0xFFFF, 0xFFFF, 0xFFFF, 0xFFFF },  /* tile 0x60 */
    { 0xFFFF, 0xFFFF, 0xFFFF, 0xFFFF },  /* tile 0x61 */
    { 0xFFFF, 0xFFFF, 0xFFFF, 0xFFFF },  /* tile 0x62 */
    { 0xFFFF, 0xFFFF, 0xFFFF, 0xFFFF },  /* tile 0x63 */
    { 0xFFFF, 0xFFFF, 0xFFFF, 0xFFFF },  /* tile 0x64 */
    { 0xFFFF, 0xFFFF, 0xFFFF, 0xFFFF },  /* tile 0x65 */
    { 0xFFFF, 0xFFFF, 0xFFFF, 0xFFFF },  /* tile 0x66 */
    { 0xFFFF, 0xFFFF, 0xFFFF, 0xFFFF },  /* tile 0x67 */
    { 0xFFFF, 0x000C, 0x000D, 0x000E },  /* tile 0x68 */
    { 0xFFFF, 0xFFFF, 0xFFFF, 0xFFFF },  /* tile 0x69 */
    { 0xFFFF, 0xFFFF, 0xFFFF, 0xFFFF },  /* tile 0x6A */
    { 0xFFFF, 0xFFFF, 0xFFFF, 0xFFFF },  /* tile 0x6B */
    { 0xFFFF, 0xFFFF, 0xFFFF, 0xFFFF },  /* tile 0x6C */
    { 0xFFFF, 0xFFFF, 0xFFFF, 0xFFFF },  /* tile 0x6D */
    { 0xFFFF, 0xFFFF, 0xFFFF, 0xFFFF },  /* tile 0x6E */
    { 0xFFFF, 0xFFFF, 0xFFFF, 0xFFFF },  /* tile 0x6F */
    { 0xFFFF, 0xFFFF, 0x000F, 0xFFFF },  /* tile 0x70 */
    { 0xFFFF, 0xFFFF, 0x0010, 0xFFFF },  /* tile 0x71 */
    { 0xFFFF, 0xFFFF, 0x0011, 0xFFFF },  /* tile 0x72 */
    { 0xFFFF, 0xFFFF, 0x0012, 0xFFFF },  /* tile 0x73 */
    { 0x0013, 0xFFFF, 0x0014, 0x0015 },  /* tile 0x74 */
    { 0x0016, 0xFFFF, 0x0017, 0x0018 },  /* tile 0x75 */
    { 0xFFFF, 0xFFFF, 0x0019, 0x001A },  /* tile 0x76 */
    { 0xFFFF, 0xFFFF, 0x001B, 0x001C },  /* tile 0x77 */
    { 0xFFFF, 0xFFFF, 0x001D, 0x001E },  /* tile 0x78 */
    { 0xFFFF, 0xFFFF, 0x001F, 0x0020 },  /* tile 0x79 */
    { 0xFFFF, 0xFFFF, 0x0021, 0x0022 },  /* tile 0x7A */
    { 0xFFFF, 0xFFFF, 0x0023, 0x0024 },  /* tile 0x7B */
    { 0xFFFF, 0xFFFF, 0x0025, 0x0026 },  /* tile 0x7C */
    { 0xFFFF, 0xFFFF, 0x0027, 0x0028 },  /* tile 0x7D */
    { 0xFFFF, 0xFFFF, 0x0029, 0x002A },  /* tile 0x7E */
    { 0xFFFF, 0xFFFF, 0x002B, 0x002C },  /* tile 0x7F */
    { 0xFFFF, 0xFFFF, 0x002D, 0x002E },  /* tile 0x80 */
    { 0xFFFF, 0xFFFF, 0x002F, 0x0030 },  /* tile 0x81 */
    { 0xFFFF, 0xFFFF, 0x0031, 0x0032 },  /* tile 0x82 */
    { 0xFFFF, 0xFFFF, 0x0033, 0x0034 },  /* tile 0x83 */
    { 0xFFFF, 0xFFFF, 0x0035, 0x0036 },  /* tile 0x84 */
    { 0xFFFF, 0xFFFF, 0x0037, 0x0038 },  /* tile 0x85 */
    { 0xFFFF, 0xFFFF, 0x0039, 0x003A },  /* tile 0x86 */
    { 0xFFFF, 0xFFFF, 0xFFFF, 0x003B },  /* tile 0x87 */
    { 0xFFFF, 0xFFFF, 0xFFFF, 0x003C },  /* tile 0x88 */
    { 0xFFFF, 0xFFFF, 0xFFFF, 0x003D },  /* tile 0x89 */
    { 0xFFFF, 0xFFFF, 0xFFFF, 0x003E },  /* tile 0x8A */
    { 0xFFFF, 0xFFFF, 0xFFFF, 0x003F },  /* tile 0x8B */
    { 0xFFFF, 0xFFFF, 0xFFFF, 0x0040 },  /* tile 0x8C */
    { 0xFFFF, 0xFFFF, 0x0041, 0x0042 },  /* tile 0x8D */
    { 0xFFFF, 0xFFFF, 0x0043, 0x0044 },  /* tile 0x8E */
    { 0xFFFF, 0xFFFF, 0x0045, 0x0046 },  /* tile 0x8F */
    { 0xFFFF, 0xFFFF, 0x0047, 0x0048 },  /* tile 0x90 */
    { 0xFFFF, 0xFFFF, 0x0049, 0x004A },  /* tile 0x91 */
    { 0xFFFF, 0xFFFF, 0x004B, 0x004C },  /* tile 0x92 */
    { 0xFFFF, 0xFFFF, 0x004D, 0x004E },  /* tile 0x93 */
    { 0xFFFF, 0xFFFF, 0x004F, 0x0050 },  /* tile 0x94 */
    { 0xFFFF, 0xFFFF, 0x0051, 0x0052 },  /* tile 0x95 */
    { 0xFFFF, 0xFFFF, 0x0053, 0x0054 },  /* tile 0x96 */
    { 0xFFFF, 0xFFFF, 0x0055, 0x0056 },  /* tile 0x97 */
    { 0xFFFF, 0xFFFF, 0x0057, 0x0058 },  /* tile 0x98 */
    { 0xFFFF, 0xFFFF, 0x0059, 0xFFFF },  /* tile 0x99 */
    { 0x005A, 0xFFFF, 0x005B, 0x005C },  /* tile 0x9A */
    { 0x005D, 0xFFFF, 0x005E, 0x005F },  /* tile 0x9B */
    { 0x0060, 0xFFFF, 0x0061, 0x0062 },  /* tile 0x9C */
    { 0x0063, 0xFFFF, 0x0064, 0x0065 },  /* tile 0x9D */
    { 0x0066, 0xFFFF, 0x0067, 0x0068 },  /* tile 0x9E */
    { 0x0069, 0xFFFF, 0x006A, 0x006B },  /* tile 0x9F */
    { 0x006C, 0xFFFF, 0x006D, 0x006E },  /* tile 0xA0 */
    { 0x006F, 0xFFFF, 0x0070, 0x0071 },  /* tile 0xA1 */
    { 0x0072, 0xFFFF, 0x0073, 0x0074 },  /* tile 0xA2 */
    { 0x0075, 0xFFFF, 0x0076, 0x0077 },  /* tile 0xA3 */
    { 0x0078, 0xFFFF, 0x0079, 0x007A },  /* tile 0xA4 */
    { 0x007B, 0xFFFF, 0x007C, 0x007D },  /* tile 0xA5 */
    { 0x007E, 0xFFFF, 0x007F, 0x0080 },  /* tile 0xA6 */
    { 0x0081, 0xFFFF, 0x0082, 0x0083 },  /* tile 0xA7 */
    { 0x0084, 0xFFFF, 0x0085, 0x0086 },  /* tile 0xA8 */
    { 0x0087, 0xFFFF, 0x0088, 0x0089 },  /* tile 0xA9 */
    { 0xFFFF, 0xFFFF, 0x008A, 0x008B },  /* tile 0xAA */
    { 0xFFFF, 0xFFFF, 0x008C, 0x008D },  /* tile 0xAB */
    { 0xFFFF, 0xFFFF, 0x008E, 0x008F },  /* tile 0xAC */
    { 0xFFFF, 0xFFFF, 0x0090, 0x0091 },  /* tile 0xAD */
    { 0xFFFF, 0xFFFF, 0x0092, 0x0093 },  /* tile 0xAE */
    { 0xFFFF, 0xFFFF, 0x0094, 0x0095 },  /* tile 0xAF */
    { 0xFFFF, 0xFFFF, 0x0096, 0x0097 },  /* tile 0xB0 */
    { 0xFFFF, 0xFFFF, 0x0098, 0x0099 },  /* tile 0xB1 */
    { 0xFFFF, 0xFFFF, 0x009A, 0x009B },  /* tile 0xB2 */
    { 0xFFFF, 0xFFFF, 0x009C, 0x009D },  /* tile 0xB3 */
    { 0xFFFF, 0xFFFF, 0x009E, 0x009F },  /* tile 0xB4 */
    { 0xFFFF, 0xFFFF, 0x00A0, 0x00A1 },  /* tile 0xB5 */
    { 0xFFFF, 0xFFFF, 0x00A2, 0x00A3 },  /* tile 0xB6 */
    { 0xFFFF, 0xFFFF, 0x00A4, 0x00A5 },  /* tile 0xB7 */
    { 0xFFFF, 0xFFFF, 0x00A6, 0x00A7 },  /* tile 0xB8 */
    { 0xFFFF, 0xFFFF, 0x00A8, 0x00A9 },  /* tile 0xB9 */
    { 0xFFFF, 0xFFFF, 0x00AA, 0x00AB },  /* tile 0xBA */
    { 0xFFFF, 0xFFFF, 0x00AC, 0x00AD },  /* tile 0xBB */
    { 0x00AE, 0xFFFF, 0x00AF, 0xFFFF },  /* tile 0xBC */
    { 0x00B0, 0xFFFF, 0x00B1, 0xFFFF },  /* tile 0xBD */
    { 0x00B2, 0xFFFF, 0xFFFF, 0xFFFF },  /* tile 0xBE */
    { 0x00B3, 0xFFFF, 0xFFFF, 0xFFFF },  /* tile 0xBF */
    { 0x00B4, 0xFFFF, 0x00B5, 0x00B6 },  /* tile 0xC0 */
    { 0x00B7, 0xFFFF, 0x00B8, 0x00B9 },  /* tile 0xC1 */
    { 0x00BA, 0xFFFF, 0x00BB, 0x00BC },  /* tile 0xC2 */
    { 0x00BD, 0xFFFF, 0x00BE, 0x00BF },  /* tile 0xC3 */
    { 0x00C0, 0xFFFF, 0x00C1, 0x00C2 },  /* tile 0xC4 */
    { 0x00C3, 0xFFFF, 0x00C4, 0x00C5 },  /* tile 0xC5 */
    { 0x00C6, 0xFFFF, 0x00C7, 0x00C8 },  /* tile 0xC6 */
    { 0x00C9, 0xFFFF, 0x00CA, 0x00CB },  /* tile 0xC7 */
    { 0xFFFF, 0xFFFF, 0x00CC, 0x00CD },  /* tile 0xC8 */
    { 0xFFFF, 0xFFFF, 0x00CE, 0x00CF },  /* tile 0xC9 */
    { 0xFFFF, 0xFFFF, 0x00D0, 0x00D1 },  /* tile 0xCA */
    { 0xFFFF, 0xFFFF, 0x00D2, 0x00D3 },  /* tile 0xCB */
    { 0x00D4, 0xFFFF, 0x00D5, 0x00D6 },  /* tile 0xCC */
    { 0x00D7, 0xFFFF, 0x00D8, 0x00D9 },  /* tile 0xCD */
    { 0x00DA, 0xFFFF, 0x00DB, 0x00DC },  /* tile 0xCE */
    { 0x00DD, 0xFFFF, 0x00DE, 0x00DF },  /* tile 0xCF */
    { 0x00E0, 0xFFFF, 0x00E1, 0x00E2 },  /* tile 0xD0 */
    { 0x00E3, 0xFFFF, 0x00E4, 0x00E5 },  /* tile 0xD1 */
    { 0x00E6, 0xFFFF, 0x00E7, 0x00E8 },  /* tile 0xD2 */
    { 0x00E9, 0xFFFF, 0x00EA, 0x00EB },  /* tile 0xD3 */
    { 0x00EC, 0xFFFF, 0x00ED, 0x00EE },  /* tile 0xD4 */
    { 0x00EF, 0xFFFF, 0x00F0, 0x00F1 },  /* tile 0xD5 */
    { 0x00F2, 0xFFFF, 0x00F3, 0x00F4 },  /* tile 0xD6 */
    { 0x00F5, 0xFFFF, 0x00F6, 0x00F7 },  /* tile 0xD7 */
    { 0x00F8, 0xFFFF, 0x00F9, 0x00FA },  /* tile 0xD8 */
    { 0x00FB, 0xFFFF, 0x00FC, 0x00FD },  /* tile 0xD9 */
    { 0x00FE, 0xFFFF, 0x00FF, 0x0100 },  /* tile 0xDA */
    { 0x0101, 0xFFFF, 0x0102, 0x0103 },  /* tile 0xDB */
    { 0x0104, 0xFFFF, 0x0105, 0x0106 },  /* tile 0xDC */
    { 0x0107, 0xFFFF, 0x0108, 0x0109 },  /* tile 0xDD */
    { 0x010A, 0xFFFF, 0x010B, 0x010C },  /* tile 0xDE */
    { 0x010D, 0xFFFF, 0x010E, 0x010F },  /* tile 0xDF */
    { 0x0110, 0xFFFF, 0x0111, 0x0112 },  /* tile 0xE0 */
    { 0x0113, 0xFFFF, 0x0114, 0x0115 },  /* tile 0xE1 */
    { 0x0116, 0xFFFF, 0x0117, 0x0118 },  /* tile 0xE2 */
    { 0x0119, 0xFFFF, 0x011A, 0x011B },  /* tile 0xE3 */
    { 0xFFFF, 0xFFFF, 0xFFFF, 0xFFFF },  /* tile 0xE4 */
    { 0xFFFF, 0xFFFF, 0xFFFF, 0xFFFF },  /* tile 0xE5 */
    { 0xFFFF, 0xFFFF, 0xFFFF, 0xFFFF },  /* tile 0xE6 */
    { 0xFFFF, 0xFFFF, 0xFFFF, 0xFFFF },  /* tile 0xE7 */
    { 0xFFFF, 0xFFFF, 0xFFFF, 0xFFFF },  /* tile 0xE8 */
    { 0xFFFF, 0xFFFF, 0xFFFF, 0xFFFF },  /* tile 0xE9 */
    { 0xFFFF, 0xFFFF, 0xFFFF, 0xFFFF },  /* tile 0xEA */
    { 0xFFFF, 0xFFFF, 0xFFFF, 0xFFFF },  /* tile 0xEB */
    { 0xFFFF, 0xFFFF, 0xFFFF, 0xFFFF },  /* tile 0xEC */
    { 0xFFFF, 0xFFFF, 0xFFFF, 0xFFFF },  /* tile 0xED */
    { 0xFFFF, 0xFFFF, 0xFFFF, 0xFFFF },  /* tile 0xEE */
    { 0xFFFF, 0xFFFF, 0xFFFF, 0xFFFF },  /* tile 0xEF */
    { 0xFFFF, 0xFFFF, 0xFFFF, 0xFFFF },  /* tile 0xF0 */
    { 0xFFFF, 0xFFFF, 0xFFFF, 0xFFFF },  /* tile 0xF1 */
    { 0xFFFF, 0xFFFF, 0xFFFF, 0xFFFF },  /* tile 0xF2 */
    { 0x011C, 0xFFFF, 0x011D, 0x011E },  /* tile 0xF3 */
    { 0xFFFF, 0xFFFF, 0xFFFF, 0x011F },  /* tile 0xF4 */
    { 0xFFFF, 0xFFFF, 0x0120, 0xFFFF },  /* tile 0xF5 */
    { 0xFFFF, 0xFFFF, 0x0121, 0xFFFF },  /* tile 0xF6 */
    { 0xFFFF, 0xFFFF, 0xFFFF, 0xFFFF },  /* tile 0xF7 */
    { 0xFFFF, 0xFFFF, 0xFFFF, 0xFFFF },  /* tile 0xF8 */
    { 0xFFFF, 0xFFFF, 0xFFFF, 0xFFFF },  /* tile 0xF9 */
    { 0xFFFF, 0xFFFF, 0xFFFF, 0xFFFF },  /* tile 0xFA */
    { 0xFFFF, 0xFFFF, 0xFFFF, 0xFFFF },  /* tile 0xFB */
    { 0xFFFF, 0xFFFF, 0xFFFF, 0xFFFF },  /* tile 0xFC */
    { 0xFFFF, 0xFFFF, 0xFFFF, 0xFFFF },  /* tile 0xFD */
    { 0xFFFF, 0xFFFF, 0xFFFF, 0xFFFF },  /* tile 0xFE */
    { 0xFFFF, 0xFFFF, 0xFFFF, 0xFFFF }  /* tile 0xFF */
};

