/* Generated by RoomRom/tools/expand_bg_chr.py. Do not edit. */
#include "expanded_bg_chr.h"

const unsigned char common_chr_x4[30464] = {
    0x00, 0x00, 0x00, 0x00, 0x00, 0x00, 0x01, 0x11, 0x00, 0x01, 0x11, 0x11, 0x01, 0x11, 0x21, 0x13,
    0x11, 0x11, 0x22, 0x33, 0x10, 0x11, 0x22, 0x23, 0x00, 0x13, 0x32, 0x23, 0x00, 0x03, 0x33, 0x22,
    0x00, 0x00, 0x11, 0x11, 0x00, 0x13, 0x31, 0x12, 0x00, 0x33, 0x33, 0x32, 0x01, 0x33, 0x33, 0x32,
    0x01, 0x13, 0x33, 0x31, 0x33, 0x11, 0x11, 0x13, 0x33, 0x31, 0x11, 0x11, 0x03, 0x33, 0x00, 0x00,
    0x00, 0x00, 0x00, 0x00, 0x10, 0x00, 0x00, 0x00, 0x33, 0x33, 0x00, 0x00, 0x33, 0x33, 0x30, 0x00,
    0x33, 0x33, 0x00, 0x00, 0x22, 0x12, 0x00, 0x00, 0x22, 0x32, 0x22, 0x00, 0x22, 0x22, 0x03, 0x00,
    0x22, 0x22, 0x03, 0x00, 0x22, 0x33, 0x23, 0x00, 0x22, 0x13, 0x23, 0x00, 0x21, 0x13, 0x03, 0x00,
    0x11, 0x30, 0x03, 0x00, 0x33, 0x31, 0x03, 0x00, 0x11, 0x13, 0x30, 0x00, 0x03, 0x33, 0x00, 0x00,
    0x00, 0x00, 0x01, 0x11, 0x00, 0x01, 0x11, 0x11, 0x01, 0x11, 0x21, 0x13, 0x11, 0x11, 0x22, 0x33,
    0x10, 0x11, 0x22, 0x23, 0x00, 0x13, 0x32, 0x23, 0x00, 0x03, 0x33, 0x22, 0x00, 0x00, 0x11, 0x11,
    0x00, 0x31, 0x11, 0x11, 0x03, 0x33, 0x12, 0x22, 0x03, 0x33, 0x32, 0x22, 0x03, 0x33, 0x32, 0x21,
    0x00, 0x13, 0x31, 0x13, 0x01, 0x11, 0x11, 0x11, 0x00, 0x00, 0x33, 0x33, 0x00, 0x00, 0x33, 0x33,
    0x10, 0x00, 0x00, 0x00, 0x33, 0x33, 0x00, 0x00, 0x33, 0x33, 0x30, 0x00, 0x33, 0x33, 0x00, 0x00,
    0x22, 0x12, 0x00, 0x30, 0x22, 0x32, 0x22, 0x30, 0x22, 0x22, 0x00, 0x30, 0x22, 0x22, 0x00, 0x30,
    0x11, 0x33, 0x32, 0x30, 0x11, 0x13, 0x32, 0x30, 0x11, 0x13, 0x30, 0x30, 0x11, 0x30, 0x00, 0x30,
    0x33, 0x30, 0x00, 0x30, 0x11, 0x10, 0x00, 0x00, 0x00, 0x00, 0x00, 0x00, 0x30, 0x00, 0x00, 0x00,
    0x00, 0x00, 0x01, 0x11, 0x00, 0x00, 0x11, 0x11, 0x00, 0x20, 0x13, 0x33, 0x00, 0x20, 0x33, 0x33,
    0x00, 0x22, 0x32, 0x12, 0x00, 0x22, 0x32, 0x32, 0x00, 0x32, 0x22, 0x22, 0x00, 0x33, 0x12, 0x23,
    0x00, 0x21, 0x11, 0x22, 0x00, 0x21, 0x11, 0x11, 0x00, 0x03, 0x11, 0x33, 0x00, 0x01, 0x33, 0x31,
    0x00, 0x01, 0x11, 0x33, 0x00, 0x00, 0x31, 0x11, 0x00, 0x00, 0x33, 0x30, 0x00, 0x00, 0x33, 0x30,
    0x11, 0x10, 0x00, 0x00, 0x11, 0x11, 0x00, 0x00, 0x33, 0x31, 0x02, 0x00, 0x33, 0x33, 0x02, 0x00,
    0x21, 0x23, 0x22, 0x00, 0x23, 0x23, 0x22, 0x00, 0x22, 0x22, 0x23, 0x00, 0x32, 0x21, 0x13, 0x00,
    0x22, 0x11, 0x33, 0x30, 0x11, 0x11, 0x23, 0x30, 0x31, 0x12, 0x22, 0x30, 0x33, 0x33, 0x22, 0x20,
    0x31, 0x11, 0x12, 0x00, 0x11, 0x11, 0x00, 0x00, 0x03, 0x33, 0x00, 0x00, 0x00, 0x00, 0x00, 0x00,
    0x00, 0x00, 0x01, 0x11, 0x00, 0x00, 0x11, 0x11, 0x00, 0x20, 0x11, 0x11, 0x00, 0x21, 0x11, 0x11,
    0x00, 0x23, 0x11, 0x11, 0x00, 0x22, 0x33, 0x11, 0x00, 0x02, 0x33, 0x31, 0x00, 0x03, 0x13, 0x33,
    0x00, 0x33, 0x11, 0x11, 0x00, 0x33, 0x11, 0x11, 0x00, 0x03, 0x31, 0x11, 0x00, 0x01, 0x13, 0x33,
    0x00, 0x01, 0x11, 0x11, 0x00, 0x03, 0x33, 0x11, 0x00, 0x03, 0x33, 0x30, 0x00, 0x00, 0x33, 0x00,
    0x11, 0x10, 0x00, 0x00, 0x11, 0x11, 0x00, 0x00, 0x11, 0x11, 0x02, 0x00, 0x11, 0x11, 0x12, 0x00,
    0x11, 0x11, 0x32, 0x00, 0x11, 0x33, 0x22, 0x00, 0x13, 0x33, 0x20, 0x00, 0x33, 0x31, 0x30, 0x00,
    0x11, 0x13, 0x30, 0x00, 0x11, 0x13, 0x32, 0x00, 0x11, 0x13, 0x32, 0x00, 0x33, 0x31, 0x22, 0x00,
    0x11, 0x11, 0x10, 0x00, 0x11, 0x13, 0x00, 0x00, 0x03, 0x30, 0x00, 0x00, 0x00, 0x00, 0x00, 0x00,
    0x00, 0x00, 0x00, 0x00, 0x00, 0x00, 0x00, 0x11, 0x00, 0x00, 0x11, 0x11, 0x00, 0x01, 0x12, 0x11,
    0x00, 0x01, 0x12, 0x23, 0x00, 0x11, 0x12, 0x22, 0x01, 0x11, 0x33, 0x22, 0x01, 0x00, 0x33, 0x32,
    0x00, 0x00, 0x11, 0x11, 0x00, 0x01, 0x13, 0x33, 0x00, 0x01, 0x33, 0x33, 0x00, 0x11, 0x33, 0x33,
    0x01, 0x11, 0x13, 0x33, 0x33, 0x11, 0x11, 0x11, 0x33, 0x31, 0x11, 0x11, 0x03, 0x33, 0x00, 0x00,
    0x00, 0x00, 0x00, 0x00, 0x11, 0x00, 0x00, 0x00, 0x13, 0x33, 0x30, 0x00, 0x33, 0x33, 0x33, 0x00,
    0x33, 0x33, 0x30, 0x00, 0x32, 0x21, 0x20, 0x00, 0x32, 0x23, 0x22, 0x20, 0x22, 0x22, 0x20, 0x00,
    0x12, 0x22, 0x22, 0x00, 0x33, 0x32, 0x22, 0x00, 0x33, 0x32, 0x20, 0x00, 0x33, 0x31, 0x00, 0x00,
    0x11, 0x13, 0x30, 0x00, 0x33, 0x33, 0x30, 0x00, 0x11, 0x11, 0x33, 0x00, 0x00, 0x03, 0x33, 0x30,
    0x00, 0x03, 0x30, 0x11, 0x00, 0x32, 0x31, 0x11, 0x03, 0x32, 0x11, 0x33, 0x33, 0x22, 0x13, 0x33,
    0x33, 0x22, 0x32, 0x12, 0x23, 0x32, 0x32, 0x32, 0x02, 0x33, 0x12, 0x23, 0x00, 0x23, 0x11, 0x23,
    0x00, 0x02, 0x11, 0x12, 0x00, 0x00, 0x31, 0x11, 0x00, 0x00, 0x13, 0x13, 0x00, 0x00, 0x11, 0x33,
    0x00, 0x03, 0x31, 0x13, 0x00, 0x33, 0x30, 0x11, 0x00, 0x00, 0x00, 0x00, 0x00, 0x00, 0x00, 0x00,
    0x11, 0x10, 0x00, 0x00, 0x11, 0x11, 0x00, 0x00, 0x33, 0x11, 0x10, 0x00, 0x33, 0x31, 0x10, 0x20,
    0x21, 0x33, 0x12, 0x20, 0x23, 0x23, 0x12, 0x00, 0x32, 0x22, 0x20, 0x00, 0x32, 0x23, 0x30, 0x00,
    0x22, 0x33, 0x33, 0x00, 0x11, 0x33, 0x33, 0x00, 0x33, 0x33, 0x31, 0x00, 0x13, 0x33, 0x11, 0x00,
    0x32, 0x23, 0x11, 0x30, 0x22, 0x21, 0x13, 0x33, 0x22, 0x20, 0x33, 0x33, 0x00, 0x00, 0x00, 0x00,
    0x00, 0x03, 0x11, 0x11, 0x02, 0x01, 0x11, 0x11, 0x02, 0x31, 0x11, 0x11, 0x02, 0x21, 0x11, 0x11,
    0x03, 0x23, 0x11, 0x11, 0x03, 0x23, 0x31, 0x11, 0x03, 0x31, 0x33, 0x13, 0x03, 0x31, 0x13, 0x33,
    0x00, 0x31, 0x11, 0x11, 0x00, 0x31, 0x11, 0x11, 0x00, 0x13, 0x11, 0x11, 0x03, 0x11, 0x33, 0x33,
    0x33, 0x11, 0x11, 0x11, 0x33, 0x30, 0x00, 0x01, 0x00, 0x00, 0x00, 0x00, 0x00, 0x00, 0x00, 0x00,
    0x10, 0x00, 0x00, 0x00, 0x11, 0x00, 0x00, 0x00, 0x11, 0x10, 0x00, 0x00, 0x11, 0x10, 0x20, 0x00,
    0x11, 0x32, 0x20, 0x00, 0x33, 0x32, 0x00, 0x02, 0x33, 0x12, 0x00, 0x23, 0x31, 0x33, 0x32, 0x33,
    0x11, 0x33, 0x23, 0x33, 0x11, 0x32, 0x33, 0x33, 0x11, 0x23, 0x33, 0x30, 0x33, 0x32, 0x33, 0x00,
    0x11, 0x11, 0x20, 0x00, 0x11, 0x13, 0x30, 0x00, 0x00, 0x33, 0x33, 0x00, 0x00, 0x33, 0x33, 0x00,
    0x00, 0x00, 0x00, 0x00, 0x00, 0x00, 0x00, 0x00, 0x00, 0x00, 0x00, 0x00, 0x00, 0x00, 0x00, 0x00,
    0x00, 0x00, 0x00, 0x00, 0x00, 0x00, 0x00, 0x00, 0x00, 0x00, 0x00, 0x00, 0x00, 0x00, 0x00, 0x00,
    0x00, 0x00, 0x00, 0x00, 0x00, 0x00, 0x00, 0x00, 0x00, 0x00, 0x00, 0x00, 0x00, 0x00, 0x00, 0x00,
    0x00, 0x00, 0x00, 0x00, 0x00, 0x00, 0x00, 0x00, 0x00, 0x00, 0x00, 0x00, 0x00, 0x00, 0x00, 0x00,
    0x11, 0x10, 0x00, 0x00, 0x10, 0x00, 0x00, 0x00, 0x10, 0x00, 0x00, 0x00, 0x00, 0x00, 0x00, 0x00,
    0x00, 0x00, 0x00, 0x00, 0x00, 0x00, 0x00, 0x00, 0x00, 0x00, 0x00, 0x00, 0x00, 0x00, 0x00, 0x00,
    0x00, 0x00, 0x00, 0x00, 0x00, 0x00, 0x00, 0x00, 0x00, 0x00, 0x00, 0x00, 0x00, 0x00, 0x00, 0x00,
    0x00, 0x00, 0x00, 0x00, 0x10, 0x00, 0x00, 0x00, 0x10, 0x00, 0x00, 0x00, 0x11, 0x10, 0x00, 0x00,
    0x00, 0x03, 0x00, 0x00, 0x00, 0x33, 0x30, 0x00, 0x00, 0x33, 0x30, 0x00, 0x00, 0x33, 0x30, 0x00,
    0x00, 0x33, 0x30, 0x00, 0x00, 0x33, 0x30, 0x00, 0x00, 0x33, 0x30, 0x00, 0x00, 0x33, 0x30, 0x00,
    0x00, 0x33, 0x30, 0x00, 0x00, 0x33, 0x30, 0x00, 0x00, 0x33, 0x30, 0x00, 0x11, 0x11, 0x11, 0x10,
    0x10, 0x22, 0x20, 0x10, 0x00, 0x11, 0x10, 0x00, 0x00, 0x22, 0x20, 0x00, 0x00, 0x11, 0x10, 0x00,
    0x00, 0x30, 0x33, 0x00, 0x00, 0x03, 0x30, 0x00, 0x00, 0x03, 0x30, 0x00, 0x00, 0x13, 0x31, 0x00,
    0x01, 0x11, 0x11, 0x10, 0x12, 0x12, 0x12, 0x11, 0x21, 0x11, 0x11, 0x11, 0x11, 0x12, 0x11, 0x11,
    0x21, 0x21, 0x11, 0x11, 0x11, 0x11, 0x11, 0x21, 0x01, 0x21, 0x21, 0x10, 0x00, 0x11, 0x11, 0x00,
    0x00, 0x03, 0x30, 0x00, 0x00, 0x03, 0x30, 0x00, 0x00, 0x03, 0x30, 0x00, 0x00, 0x33, 0x03, 0x00,
    0x00, 0x01, 0x11, 0x00, 0x00, 0x03, 0x02, 0x00, 0x00, 0x03, 0x22, 0x00, 0x00, 0x03, 0x02, 0x00,
    0x00, 0x03, 0x22, 0x00, 0x00, 0x03, 0x02, 0x00, 0x00, 0x03, 0x22, 0x00, 0x00, 0x03, 0x02, 0x00,
    0x00, 0x03, 0x22, 0x00, 0x00, 0x03, 0x02, 0x00, 0x00, 0x03, 0x22, 0x00, 0x00, 0x03, 0x22, 0x00,
    0x00, 0x00, 0x20, 0x00, 0x00, 0x03, 0x22, 0x00, 0x00, 0x03, 0x02, 0x00, 0x00, 0x03, 0x22, 0x00,
    0x00, 0x00, 0x10, 0x00, 0x00, 0x11, 0x11, 0x00, 0x01, 0x11, 0x21, 0x00, 0x01, 0x12, 0x11, 0x10,
    0x00, 0x12, 0x21, 0x00, 0x00, 0x00, 0x00, 0x00, 0x00, 0x33, 0x33, 0x00, 0x00, 0x33, 0x33, 0x00,
    0x00, 0x33, 0x33, 0x00, 0x00, 0x33, 0x33, 0x02, 0x00, 0x33, 0x33, 0x02, 0x00, 0x33, 0x33, 0x02,
    0x00, 0x33, 0x33, 0x02, 0x00, 0x33, 0x33, 0x02, 0x22, 0x22, 0x22, 0x22, 0x02, 0x22, 0x22, 0x20,
    0x00, 0x00, 0x20, 0x00, 0x00, 0x00, 0x20, 0x00, 0x00, 0x02, 0x22, 0x00, 0x00, 0x02, 0x12, 0x00,
    0x00, 0x00, 0x10, 0x00, 0x00, 0x00, 0x10, 0x00, 0x00, 0x00, 0x10, 0x00, 0x00, 0x00, 0x10, 0x00,
    0x00, 0x00, 0x10, 0x00, 0x00, 0x00, 0x10, 0x00, 0x00, 0x03, 0x13, 0x00, 0x00, 0x30, 0x10, 0x30,
    0x00, 0x03, 0x13, 0x00, 0x00, 0x30, 0x10, 0x30, 0x00, 0x03, 0x13, 0x00, 0x00, 0x30, 0x10, 0x30,
    0x33, 0x30, 0x00, 0x00, 0x10, 0x03, 0x30, 0x00, 0x10, 0x00, 0x33, 0x00, 0x10, 0x00, 0x03, 0x30,
    0x10, 0x00, 0x03, 0x30, 0x10, 0x00, 0x00, 0x33, 0x10, 0x00, 0x00, 0x33, 0x10, 0x00, 0x00, 0x33,
    0x10, 0x00, 0x00, 0x33, 0x10, 0x00, 0x00, 0x33, 0x10, 0x00, 0x00, 0x33, 0x10, 0x00, 0x03, 0x30,
    0x10, 0x00, 0x03, 0x30, 0x10, 0x00, 0x33, 0x00, 0x10, 0x03, 0x30, 0x00, 0x33, 0x30, 0x00, 0x00,
    0x00, 0x00, 0x02, 0x00, 0x00, 0x02, 0x22, 0x11, 0x00, 0x20, 0x21, 0x10, 0x00, 0x20, 0x22, 0x21,
    0x12, 0x22, 0x22, 0x11, 0x22, 0x20, 0x21, 0x21, 0x00, 0x00, 0x22, 0x11, 0x02, 0x22, 0x21, 0x10,
    0x00, 0x00, 0x20, 0x00, 0x00, 0x00, 0x20, 0x00, 0x00, 0x00, 0x20, 0x00, 0x00, 0x00, 0x20, 0x00,
    0x02, 0x22, 0x20, 0x00, 0x00, 0x00, 0x20, 0x00, 0x02, 0x22, 0x20, 0x00, 0x00, 0x00, 0x20, 0x00,
    0x00, 0x22, 0x21, 0x00, 0x03, 0x22, 0x22, 0x10, 0x32, 0x10, 0x02, 0x21, 0x31, 0x00, 0x00, 0x21,
    0x31, 0x00, 0x00, 0x21, 0x22, 0x22, 0x22, 0x21, 0x32, 0x22, 0x21, 0x11, 0x00, 0x02, 0x10, 0x00,
    0x00, 0x02, 0x10, 0x00, 0x00, 0x02, 0x10, 0x00, 0x00, 0x02, 0x10, 0x00, 0x03, 0x22, 0x10, 0x00,
    0x02, 0x22, 0x10, 0x00, 0x00, 0x22, 0x10, 0x00, 0x02, 0x22, 0x10, 0x00, 0x00, 0x02, 0x10, 0x00,
    0x00, 0x00, 0x00, 0x00, 0x00, 0x00, 0x00, 0x00, 0x00, 0x00, 0x00, 0x00, 0x03, 0x33, 0x30, 0x00,
    0x33, 0x33, 0x33, 0x00, 0x33, 0x33, 0x33, 0x00, 0x33, 0x32, 0x23, 0x30, 0x33, 0x22, 0x22, 0x33,
    0x33, 0x21, 0x12, 0x33, 0x33, 0x22, 0x10, 0x00, 0x03, 0x32, 0x00, 0x00, 0x03, 0x33, 0x00, 0x00,
    0x00, 0x33, 0x00, 0x00, 0x00, 0x00, 0x00, 0x00, 0x00, 0x00, 0x00, 0x00, 0x00, 0x00, 0x00, 0x00,
    0x00, 0x03, 0x20, 0x00, 0x00, 0x33, 0x22, 0x00, 0x03, 0x33, 0x22, 0x20, 0x32, 0x32, 0x02, 0x02,
    0x33, 0x22, 0x20, 0x22, 0x33, 0x22, 0x20, 0x22, 0x33, 0x22, 0x20, 0x22, 0x33, 0x22, 0x20, 0x22,
    0x33, 0x22, 0x20, 0x22, 0x33, 0x22, 0x20, 0x22, 0x33, 0x22, 0x20, 0x22, 0x32, 0x32, 0x20, 0x22,
    0x22, 0x23, 0x02, 0x02, 0x02, 0x22, 0x22, 0x20, 0x00, 0x22, 0x22, 0x00, 0x00, 0x02, 0x20, 0x00,
    0x00, 0x00, 0x03, 0x00, 0x00, 0x00, 0x03, 0x00, 0x00, 0x00, 0x00, 0x30, 0x00, 0x00, 0x00, 0x03,
    0x00, 0x00, 0x00, 0x03, 0x00, 0x00, 0x00, 0x30, 0x00, 0x11, 0x11, 0x00, 0x01, 0x22, 0x11, 0x10,
    0x12, 0x32, 0x11, 0x11, 0x12, 0x21, 0x11, 0x11, 0x11, 0x11, 0x11, 0x11, 0x11, 0x11, 0x11, 0x11,
    0x01, 0x11, 0x11, 0x10, 0x00, 0x11, 0x11, 0x00, 0x00, 0x00, 0x00, 0x00, 0x00, 0x00, 0x00, 0x00,
    0x00, 0x00, 0x00, 0x00, 0x00, 0x00, 0x00, 0x00, 0x00, 0x00, 0x00, 0x00, 0x00, 0x00, 0x00, 0x00,
    0x00, 0x01, 0x23, 0x00, 0x00, 0x11, 0x30, 0x00, 0x02, 0x13, 0x00, 0x00, 0x02, 0x23, 0x00, 0x00,
    0x02, 0x23, 0x00, 0x00, 0x02, 0x23, 0x00, 0x00, 0x00, 0x22, 0x30, 0x00, 0x00, 0x02, 0x23, 0x00,
    0x00, 0x00, 0x00, 0x00, 0x00, 0x00, 0x00, 0x00, 0x00, 0x00, 0x00, 0x00, 0x00, 0x00, 0x00, 0x00,
    0x00, 0x00, 0x00, 0x00, 0x00, 0x00, 0x00, 0x00, 0x00, 0x00, 0x00, 0x00, 0x00, 0x00, 0x00, 0x00,
    0x23, 0x00, 0x00, 0x00, 0x23, 0x00, 0x00, 0x00, 0x21, 0x30, 0x00, 0x00, 0x11, 0x13, 0x00, 0x00,
    0x01, 0x22, 0x30, 0x00, 0x02, 0x22, 0x23, 0x00, 0x00, 0x22, 0x22, 0x33, 0x00, 0x00, 0x22, 0x22,
    0x00, 0x00, 0x00, 0x00, 0x00, 0x00, 0x00, 0x00, 0x00, 0x00, 0x00, 0x00, 0x00, 0x00, 0x00, 0x00,
    0x00, 0x00, 0x00, 0x00, 0x00, 0x00, 0x00, 0x00, 0x00, 0x00, 0x00, 0x00, 0x00, 0x00, 0x00, 0x00,
    0x00, 0x00, 0x00, 0x00, 0x00, 0x00, 0x00, 0x00, 0x30, 0x00, 0x00, 0x03, 0x23, 0x00, 0x00, 0x32,
    0x11, 0x33, 0x33, 0x22, 0x01, 0x12, 0x22, 0x20, 0x00, 0x22, 0x22, 0x00, 0x00, 0x00, 0x00, 0x00,
    0x00, 0x00, 0x00, 0x00, 0x00, 0x00, 0x00, 0x00, 0x00, 0x00, 0x00, 0x00, 0x00, 0x00, 0x00, 0x00,
    0x00, 0x00, 0x00, 0x00, 0x00, 0x00, 0x00, 0x00, 0x00, 0x00, 0x00, 0x00, 0x00, 0x00, 0x00, 0x00,
    0x03, 0x00, 0x03, 0x00, 0x00, 0x30, 0x33, 0x03, 0x30, 0x33, 0x33, 0x30, 0x03, 0x33, 0x33, 0x00,
    0x00, 0x33, 0x30, 0x00, 0x03, 0x33, 0x33, 0x00, 0x30, 0x03, 0x00, 0x00, 0x00, 0x00, 0x30, 0x00,
    0x00, 0x00, 0x00, 0x00, 0x00, 0x00, 0x00, 0x00, 0x00, 0x00, 0x00, 0x00, 0x00, 0x00, 0x00, 0x00,
    0x11, 0x10, 0x00, 0x00, 0x11, 0x10, 0x00, 0x00, 0x11, 0x10, 0x00, 0x00, 0x00, 0x00, 0x00, 0x00,
    0x00, 0x00, 0x00, 0x00, 0x00, 0x00, 0x00, 0x00, 0x00, 0x00, 0x00, 0x00, 0x00, 0x00, 0x00, 0x00,
    0x00, 0x00, 0x00, 0x00, 0x00, 0x00, 0x00, 0x00, 0x00, 0x00, 0x00, 0x00, 0x00, 0x00, 0x00, 0x00,
    0x00, 0x00, 0x00, 0x00, 0x00, 0x00, 0x00, 0x00, 0x00, 0x00, 0x00, 0x00, 0x00, 0x00, 0x00, 0x00,
    0x00, 0x22, 0x22, 0x00, 0x00, 0x01, 0x10, 0x00, 0x00, 0x33, 0x33, 0x00, 0x00, 0x31, 0x13, 0x00,
    0x00, 0x30, 0x03, 0x00, 0x00, 0x30, 0x03, 0x00, 0x03, 0x30, 0x03, 0x30, 0x30, 0x00, 0x00, 0x03,
    0x30, 0x00, 0x00, 0x03, 0x31, 0x11, 0x11, 0x13, 0x31, 0x11, 0x11, 0x23, 0x31, 0x21, 0x11, 0x13,
    0x31, 0x11, 0x21, 0x13, 0x33, 0x11, 0x11, 0x33, 0x33, 0x33, 0x33, 0x33, 0x03, 0x33, 0x33, 0x30,
    0x11, 0x11, 0x11, 0x10, 0x33, 0x33, 0x33, 0x11, 0x33, 0x33, 0x33, 0x31, 0x33, 0x33, 0x33, 0x11,
    0x31, 0x11, 0x11, 0x11, 0x31, 0x11, 0x11, 0x11, 0x31, 0x00, 0x00, 0x01, 0x31, 0x11, 0x11, 0x11,
    0x31, 0x01, 0x01, 0x01, 0x31, 0x11, 0x11, 0x11, 0x31, 0x11, 0x11, 0x11, 0x31, 0x11, 0x01, 0x11,
    0x31, 0x10, 0x00, 0x11, 0x11, 0x11, 0x01, 0x11, 0x01, 0x11, 0x11, 0x11, 0x01, 0x11, 0x11, 0x10,
    0x00, 0x00, 0x00, 0x00, 0x00, 0x00, 0x00, 0x00, 0x00, 0x00, 0x00, 0x00, 0x00, 0x11, 0x11, 0x00,
    0x01, 0x11, 0x11, 0x10, 0x01, 0x12, 0x21, 0x10, 0x11, 0x22, 0x22, 0x11, 0x11, 0x23, 0x32, 0x11,
    0x11, 0x23, 0x32, 0x11, 0x11, 0x22, 0x22, 0x11, 0x01, 0x12, 0x21, 0x10, 0x01, 0x11, 0x11, 0x10,
    0x00, 0x11, 0x11, 0x00, 0x00, 0x00, 0x00, 0x00, 0x00, 0x00, 0x00, 0x00, 0x00, 0x00, 0x00, 0x00,
    0x00, 0x00, 0x00, 0x00, 0x00, 0x00, 0x00, 0x00, 0x00, 0x00, 0x00, 0x00, 0x00, 0x01, 0x11, 0x00,
    0x00, 0x13, 0x11, 0x10, 0x01, 0x11, 0x11, 0x11, 0x02, 0x11, 0x11, 0x12, 0x00, 0x22, 0x22, 0x20,
    0x03, 0x20, 0x00, 0x01, 0x02, 0x00, 0x00, 0x02, 0x02, 0x20, 0x00, 0x20, 0x00, 0x22, 0x22, 0x00,
    0x00, 0x00, 0x00, 0x00, 0x00, 0x00, 0x00, 0x00, 0x00, 0x00, 0x00, 0x00, 0x00, 0x00, 0x00, 0x00,
    0x30, 0x00, 0x00, 0x00, 0x33, 0x00, 0x00, 0x00, 0x33, 0x30, 0x00, 0x00, 0x33, 0x30, 0x00, 0x00,
    0x03, 0x33, 0x00, 0x00, 0x03, 0x33, 0x00, 0x00, 0x00, 0x33, 0x01, 0x00, 0x00, 0x33, 0x30, 0x30,
    0x00, 0x03, 0x30, 0x10, 0x01, 0x03, 0x33, 0x11, 0x03, 0x00, 0x31, 0x10, 0x00, 0x10, 0x11, 0x20,
    0x00, 0x01, 0x12, 0x20, 0x00, 0x01, 0x02, 0x12, 0x00, 0x00, 0x00, 0x22, 0x00, 0x00, 0x00, 0x21,
    0x00, 0x01, 0x10, 0x00, 0x00, 0x13, 0x11, 0x00, 0x00, 0x11, 0x11, 0x00, 0x00, 0x31, 0x13, 0x00,
    0x00, 0x03, 0x30, 0x00, 0x00, 0x02, 0x20, 0x00, 0x00, 0x03, 0x30, 0x00, 0x00, 0x02, 0x20, 0x00,
    0x00, 0x02, 0x20, 0x00, 0x00, 0x02, 0x20, 0x00, 0x00, 0x02, 0x20, 0x00, 0x00, 0x02, 0x20, 0x00,
    0x00, 0x02, 0x20, 0x00, 0x00, 0x02, 0x20, 0x00, 0x00, 0x02, 0x20, 0x00, 0x00, 0x02, 0x20, 0x00,
    0x22, 0x02, 0x20, 0x22, 0x22, 0x22, 0x22, 0x22, 0x22, 0x22, 0x22, 0x22, 0x22, 0x11, 0x21, 0x23,
    0x02, 0x22, 0x22, 0x23, 0x22, 0x12, 0x12, 0x33, 0x22, 0x22, 0x23, 0x30, 0x21, 0x21, 0x33, 0x30,
    0x22, 0x23, 0x33, 0x30, 0x22, 0x33, 0x33, 0x00, 0x23, 0x33, 0x33, 0x00, 0x22, 0x23, 0x33, 0x00,
    0x21, 0x21, 0x30, 0x00, 0x02, 0x22, 0x30, 0x00, 0x22, 0x22, 0x30, 0x00, 0x22, 0x23, 0x00, 0x00,
    0x00, 0x00, 0x00, 0x00, 0x00, 0x01, 0x21, 0x00, 0x00, 0x11, 0x12, 0x10, 0x02, 0x22, 0x12, 0x11,
    0x01, 0x11, 0x20, 0x11, 0x11, 0x11, 0x00, 0x02, 0x22, 0x11, 0x00, 0x01, 0x33, 0x21, 0x00, 0x00,
    0x33, 0x21, 0x00, 0x00, 0x22, 0x11, 0x00, 0x00, 0x11, 0x11, 0x00, 0x01, 0x01, 0x11, 0x00, 0x02,
    0x01, 0x11, 0x20, 0x21, 0x00, 0x22, 0x11, 0x20, 0x00, 0x01, 0x12, 0x00, 0x00, 0x00, 0x00, 0x00,
    0x02, 0x11, 0x12, 0x00, 0x01, 0x21, 0x21, 0x00, 0x31, 0x11, 0x11, 0x13, 0x31, 0x22, 0x21, 0x13,
    0x31, 0x22, 0x21, 0x13, 0x03, 0x12, 0x11, 0x30, 0x01, 0x22, 0x21, 0x30, 0x02, 0x12, 0x12, 0x00,
    0x02, 0x31, 0x32, 0x00, 0x23, 0x11, 0x13, 0x20, 0x00, 0x21, 0x20, 0x30, 0x00, 0x22, 0x21, 0x00,
    0x00, 0x22, 0x00, 0x00, 0x00, 0x20, 0x00, 0x00, 0x00, 0x20, 0x00, 0x00, 0x00, 0x10, 0x00, 0x00,
    0x02, 0x11, 0x12, 0x00, 0x01, 0x21, 0x21, 0x00, 0x01, 0x11, 0x11, 0x10, 0x01, 0x22, 0x21, 0x10,
    0x03, 0x22, 0x21, 0x13, 0x31, 0x12, 0x11, 0x03, 0x31, 0x22, 0x21, 0x33, 0x32, 0x12, 0x13, 0x30,
    0x02, 0x01, 0x02, 0x30, 0x20, 0x11, 0x10, 0x23, 0x00, 0x21, 0x20, 0x00, 0x00, 0x22, 0x21, 0x00,
    0x00, 0x22, 0x00, 0x00, 0x00, 0x20, 0x00, 0x00, 0x00, 0x20, 0x00, 0x00, 0x00, 0x10, 0x00, 0x00,
    0x10, 0x00, 0x00, 0x00, 0x33, 0x33, 0x00, 0x00, 0x33, 0x33, 0x30, 0x00, 0x33, 0x33, 0x00, 0x33,
    0x22, 0x12, 0x00, 0x33, 0x22, 0x32, 0x22, 0x32, 0x22, 0x22, 0x00, 0x32, 0x22, 0x22, 0x00, 0x32,
    0x11, 0x33, 0x32, 0x32, 0x11, 0x13, 0x32, 0x32, 0x11, 0x13, 0x30, 0x32, 0x11, 0x30, 0x00, 0x32,
    0x33, 0x30, 0x00, 0x32, 0x11, 0x10, 0x00, 0x33, 0x00, 0x00, 0x00, 0x33, 0x30, 0x00, 0x00, 0x00,
    0x00, 0x00, 0x00, 0x00, 0x00, 0x00, 0x00, 0x00, 0x33, 0x33, 0x33, 0x33, 0x33, 0x33, 0x33, 0x33,
    0x33, 0x32, 0x23, 0x33, 0x33, 0x32, 0x23, 0x33, 0x32, 0x22, 0x22, 0x23, 0x32, 0x22, 0x22, 0x23,
    0x33, 0x32, 0x23, 0x33, 0x33, 0x32, 0x23, 0x33, 0x33, 0x32, 0x23, 0x33, 0x33, 0x32, 0x23, 0x33,
    0x03, 0x33, 0x33, 0x30, 0x00, 0x33, 0x33, 0x00, 0x00, 0x00, 0x00, 0x00, 0x00, 0x00, 0x00, 0x00,
    0x00, 0x00, 0x01, 0x11, 0x00, 0x00, 0x11, 0x11, 0x00, 0x20, 0x13, 0x33, 0x00, 0x20, 0x33, 0x33,
    0x00, 0x22, 0x32, 0x12, 0x00, 0x22, 0x32, 0x32, 0x00, 0x02, 0x22, 0x22, 0x00, 0x01, 0x12, 0x23,
    0x03, 0x33, 0x33, 0x22, 0x33, 0x23, 0x33, 0x31, 0x32, 0x22, 0x33, 0x23, 0x33, 0x23, 0x33, 0x21,
    0x33, 0x23, 0x33, 0x23, 0x33, 0x33, 0x33, 0x21, 0x02, 0x22, 0x22, 0x30, 0x00, 0x00, 0x33, 0x30,
    0x00, 0x00, 0x01, 0x11, 0x00, 0x00, 0x11, 0x11, 0x00, 0x20, 0x13, 0x33, 0x00, 0x20, 0x33, 0x33,
    0x00, 0x22, 0x32, 0x12, 0x00, 0x22, 0x32, 0x32, 0x00, 0x02, 0x22, 0x22, 0x00, 0x00, 0x12, 0x23,
    0x00, 0x33, 0x33, 0x32, 0x03, 0x32, 0x33, 0x33, 0x03, 0x22, 0x23, 0x32, 0x03, 0x32, 0x33, 0x32,
    0x03, 0x32, 0x33, 0x32, 0x03, 0x33, 0x33, 0x32, 0x00, 0x22, 0x22, 0x20, 0x00, 0x00, 0x00, 0x00,
    0x00, 0x00, 0x00, 0x00, 0x00, 0x02, 0x01, 0x00, 0x00, 0x10, 0x10, 0x01, 0x00, 0x10, 0x10, 0x11,
    0x00, 0x00, 0x11, 0x11, 0x02, 0x10, 0x11, 0x21, 0x01, 0x11, 0x12, 0x11, 0x01, 0x11, 0x12, 0x12,
    0x01, 0x11, 0x22, 0x12, 0x10, 0x12, 0x22, 0x22, 0x11, 0x12, 0x12, 0x23, 0x11, 0x12, 0x23, 0x23,
    0x01, 0x11, 0x22, 0x33, 0x01, 0x11, 0x22, 0x33, 0x00, 0x11, 0x11, 0x22, 0x00, 0x00, 0x01, 0x11,
    0x01, 0x00, 0x01, 0x00, 0x10, 0x00, 0x01, 0x00, 0x10, 0x10, 0x00, 0x00, 0x11, 0x10, 0x02, 0x00,
    0x11, 0x10, 0x10, 0x00, 0x11, 0x01, 0x10, 0x10, 0x11, 0x21, 0x11, 0x10, 0x11, 0x11, 0x11, 0x01,
    0x12, 0x11, 0x11, 0x01, 0x21, 0x21, 0x11, 0x11, 0x22, 0x22, 0x11, 0x11, 0x23, 0x22, 0x21, 0x10,
    0x33, 0x32, 0x21, 0x10, 0x33, 0x22, 0x11, 0x00, 0x22, 0x21, 0x11, 0x00, 0x11, 0x11, 0x00, 0x00,
    0x00, 0x00, 0x01, 0x11, 0x00, 0x00, 0x11, 0x11, 0x00, 0x20, 0x13, 0x33, 0x00, 0x20, 0x33, 0x33,
    0x00, 0x22, 0x32, 0x12, 0x00, 0x22, 0x32, 0x32, 0x33, 0x33, 0x33, 0x33, 0x33, 0x32, 0x23, 0x33,
    0x33, 0x32, 0x23, 0x33, 0x32, 0x22, 0x22, 0x23, 0x32, 0x22, 0x22, 0x23, 0x33, 0x32, 0x23, 0x33,
    0x33, 0x32, 0x23, 0x33, 0x33, 0x32, 0x23, 0x33, 0x03, 0x33, 0x33, 0x30, 0x00, 0x33, 0x33, 0x00,
    0x00, 0x00, 0x00, 0x00, 0x00, 0x00, 0x00, 0x00, 0x00, 0x00, 0x00, 0x00, 0x00, 0x03, 0x00, 0x00,
    0x00, 0x00, 0x00, 0x03, 0x00, 0x00, 0x03, 0x02, 0x00, 0x00, 0x00, 0x03, 0x00, 0x00, 0x32, 0x32,
    0x00, 0x00, 0x32, 0x32, 0x00, 0x00, 0x00, 0x03, 0x00, 0x00, 0x03, 0x02, 0x00, 0x00, 0x00, 0x03,
    0x00, 0x03, 0x00, 0x00, 0x00, 0x00, 0x00, 0x00, 0x00, 0x00, 0x00, 0x00, 0x00, 0x00, 0x00, 0x00,
    0x00, 0x00, 0x00, 0x03, 0x03, 0x00, 0x00, 0x00, 0x00, 0x20, 0x00, 0x03, 0x00, 0x03, 0x00, 0x03,
    0x00, 0x00, 0x30, 0x02, 0x00, 0x00, 0x03, 0x03, 0x00, 0x00, 0x00, 0x22, 0x30, 0x33, 0x23, 0x23,
    0x30, 0x33, 0x23, 0x23, 0x00, 0x00, 0x00, 0x22, 0x00, 0x00, 0x03, 0x03, 0x00, 0x00, 0x30, 0x02,
    0x00, 0x03, 0x00, 0x03, 0x00, 0x20, 0x00, 0x03, 0x03, 0x00, 0x00, 0x00, 0x00, 0x00, 0x00, 0x03,
    0x00, 0x00, 0x01, 0x11, 0x00, 0x00, 0x01, 0x11, 0x00, 0x00, 0x00, 0x03, 0x00, 0x00, 0x01, 0x11,
    0x00, 0x00, 0x11, 0x32, 0x00, 0x01, 0x13, 0x33, 0x00, 0x01, 0x33, 0x33, 0x00, 0x11, 0x31, 0x33,
    0x00, 0x13, 0x33, 0x13, 0x00, 0x12, 0x33, 0x31, 0x00, 0x13, 0x33, 0x33, 0x00, 0x11, 0x33, 0x33,
    0x00, 0x01, 0x33, 0x33, 0x00, 0x01, 0x13, 0x33, 0x00, 0x00, 0x11, 0x32, 0x00, 0x00, 0x01, 0x11,
    0x00, 0x00, 0x00, 0x00, 0x00, 0x00, 0x00, 0x00, 0x00, 0x02, 0x32, 0x00, 0x00, 0x31, 0x11, 0x30,
    0x02, 0x11, 0x11, 0x12, 0x03, 0x11, 0x11, 0x11, 0x02, 0x11, 0x11, 0x11, 0x03, 0x11, 0x11, 0x11,
    0x00, 0x21, 0x11, 0x11, 0x00, 0x31, 0x11, 0x11, 0x00, 0x02, 0x11, 0x11, 0x00, 0x00, 0x31, 0x11,
    0x00, 0x00, 0x02, 0x11, 0x00, 0x00, 0x00, 0x31, 0x00, 0x00, 0x00, 0x02, 0x00, 0x00, 0x00, 0x00,
    0x00, 0x00, 0x00, 0x00, 0x00, 0x00, 0x00, 0x00, 0x00, 0x00, 0x03, 0x33, 0x00, 0x00, 0x32, 0x21,
    0x00, 0x03, 0x22, 0x11, 0x00, 0x32, 0x21, 0x11, 0x00, 0x32, 0x23, 0x33, 0x00, 0x32, 0x20, 0x33,
    0x00, 0x13, 0x22, 0x03, 0x00, 0x11, 0x32, 0x20, 0x00, 0x11, 0x13, 0x33, 0x00, 0x01, 0x11, 0x11,
    0x00, 0x01, 0x11, 0x11, 0x00, 0x00, 0x01, 0x11, 0x00, 0x00, 0x00, 0x00, 0x00, 0x00, 0x00, 0x00,
    0x00, 0x33, 0x00, 0x03, 0x03, 0x33, 0x30, 0x33, 0x03, 0x33, 0x30, 0x33, 0x03, 0x33, 0x30, 0x33,
    0x03, 0x11, 0x11, 0x11, 0x01, 0x33, 0x30, 0x33, 0x03, 0x33, 0x30, 0x33, 0x03, 0x33, 0x31, 0x33,
    0x03, 0x33, 0x30, 0x33, 0x03, 0x33, 0x30, 0x33, 0x03, 0x11, 0x11, 0x11, 0x01, 0x33, 0x30, 0x33,
    0x03, 0x33, 0x30, 0x33, 0x03, 0x22, 0x31, 0x32, 0x02, 0x22, 0x20, 0x22, 0x00, 0x22, 0x00, 0x02,
    0x00, 0x00, 0x00, 0x00, 0x00, 0x00, 0x00, 0x00, 0x00, 0x00, 0x00, 0x00, 0x00, 0x00, 0x00, 0x00,
    0x00, 0x00, 0x00, 0x00, 0x00, 0x00, 0x00, 0x00, 0x00, 0x00, 0x00, 0x02, 0x00, 0x00, 0x00, 0x02,
    0x00, 0x00, 0x00, 0x22, 0x00, 0x00, 0x00, 0x22, 0x00, 0x00, 0x02, 0x22, 0x00, 0x00, 0x02, 0x22,
    0x00, 0x00, 0x22, 0x22, 0x00, 0x00, 0x22, 0x22, 0x00, 0x02, 0x22, 0x22, 0x00, 0x02, 0x22, 0x22,
    0x00, 0x11, 0x10, 0x00, 0x01, 0x00, 0x11, 0x00, 0x11, 0x00, 0x01, 0x10, 0x11, 0x00, 0x01, 0x10,
    0x11, 0x00, 0x01, 0x10, 0x01, 0x10, 0x01, 0x00, 0x00, 0x11, 0x10, 0x00, 0x00, 0x00, 0x00, 0x00,
    0x00, 0x01, 0x10, 0x00, 0x00, 0x11, 0x10, 0x00, 0x00, 0x01, 0x10, 0x00, 0x00, 0x01, 0x10, 0x00,
    0x00, 0x01, 0x10, 0x00, 0x00, 0x01, 0x10, 0x00, 0x01, 0x11, 0x11, 0x10, 0x00, 0x00, 0x00, 0x00,
    0x01, 0x11, 0x11, 0x00, 0x11, 0x00, 0x01, 0x10, 0x00, 0x00, 0x11, 0x10, 0x00, 0x11, 0x11, 0x00,
    0x01, 0x11, 0x10, 0x00, 0x11, 0x10, 0x00, 0x00, 0x11, 0x11, 0x11, 0x10, 0x00, 0x00, 0x00, 0x00,
    0x01, 0x11, 0x11, 0x10, 0x00, 0x00, 0x11, 0x00, 0x00, 0x01, 0x10, 0x00, 0x00, 0x11, 0x11, 0x00,
    0x00, 0x00, 0x01, 0x10, 0x11, 0x00, 0x01, 0x10, 0x01, 0x11, 0x11, 0x00, 0x00, 0x00, 0x00, 0x00,
    0x00, 0x01, 0x11, 0x00, 0x00, 0x11, 0x11, 0x00, 0x01, 0x10, 0x11, 0x00, 0x11, 0x00, 0x11, 0x00,
    0x11, 0x11, 0x11, 0x10, 0x00, 0x00, 0x11, 0x00, 0x00, 0x00, 0x11, 0x00, 0x00, 0x00, 0x00, 0x00,
    0x11, 0x11, 0x11, 0x00, 0x11, 0x00, 0x00, 0x00, 0x11, 0x11, 0x11, 0x00, 0x00, 0x00, 0x01, 0x10,
    0x00, 0x00, 0x01, 0x10, 0x11, 0x00, 0x01, 0x10, 0x01, 0x11, 0x11, 0x00, 0x00, 0x00, 0x00, 0x00,
    0x00, 0x11, 0x11, 0x00, 0x01, 0x10, 0x00, 0x00, 0x11, 0x00, 0x00, 0x00, 0x11, 0x11, 0x11, 0x00,
    0x11, 0x00, 0x01, 0x10, 0x11, 0x00, 0x01, 0x10, 0x01, 0x11, 0x11, 0x00, 0x00, 0x00, 0x00, 0x00,
    0x11, 0x11, 0x11, 0x10, 0x11, 0x00, 0x01, 0x10, 0x00, 0x00, 0x11, 0x00, 0x00, 0x01, 0x10, 0x00,
    0x00, 0x11, 0x00, 0x00, 0x00, 0x11, 0x00, 0x00, 0x00, 0x11, 0x00, 0x00, 0x00, 0x00, 0x00, 0x00,
    0x01, 0x11, 0x10, 0x00, 0x11, 0x00, 0x01, 0x00, 0x11, 0x10, 0x01, 0x00, 0x01, 0x11, 0x10, 0x00,
    0x10, 0x00, 0x01, 0x10, 0x10, 0x00, 0x01, 0x10, 0x01, 0x11, 0x11, 0x00, 0x00, 0x00, 0x00, 0x00,
    0x01, 0x11, 0x11, 0x00, 0x11, 0x00, 0x01, 0x10, 0x11, 0x00, 0x01, 0x10, 0x01, 0x11, 0x11, 0x10,
    0x00, 0x00, 0x01, 0x10, 0x00, 0x00, 0x11, 0x00, 0x01, 0x11, 0x10, 0x00, 0x00, 0x00, 0x00, 0x00,
    0x00, 0x11, 0x10, 0x00, 0x01, 0x10, 0x11, 0x00, 0x11, 0x00, 0x01, 0x10, 0x11, 0x00, 0x01, 0x10,
    0x11, 0x11, 0x11, 0x10, 0x11, 0x00, 0x01, 0x10, 0x11, 0x00, 0x01, 0x10, 0x00, 0x00, 0x00, 0x00,
    0x11, 0x11, 0x11, 0x00, 0x11, 0x00, 0x01, 0x10, 0x11, 0x00, 0x01, 0x10, 0x11, 0x11, 0x11, 0x00,
    0x11, 0x00, 0x01, 0x10, 0x11, 0x00, 0x01, 0x10, 0x11, 0x11, 0x11, 0x00, 0x00, 0x00, 0x00, 0x00,
    0x00, 0x11, 0x11, 0x00, 0x01, 0x10, 0x01, 0x10, 0x11, 0x00, 0x00, 0x00, 0x11, 0x00, 0x00, 0x00,
    0x11, 0x00, 0x00, 0x00, 0x01, 0x10, 0x01, 0x10, 0x00, 0x11, 0x11, 0x00, 0x00, 0x00, 0x00, 0x00,
    0x11, 0x11, 0x10, 0x00, 0x11, 0x00, 0x11, 0x00, 0x11, 0x00, 0x01, 0x10, 0x11, 0x00, 0x01, 0x10,
    0x11, 0x00, 0x01, 0x10, 0x11, 0x00, 0x11, 0x00, 0x11, 0x11, 0x10, 0x00, 0x00, 0x00, 0x00, 0x00,
    0x11, 0x11, 0x11, 0x10, 0x11, 0x00, 0x00, 0x00, 0x11, 0x00, 0x00, 0x00, 0x11, 0x11, 0x11, 0x00,
    0x11, 0x00, 0x00, 0x00, 0x11, 0x00, 0x00, 0x00, 0x11, 0x11, 0x11, 0x10, 0x00, 0x00, 0x00, 0x00,
    0x11, 0x11, 0x11, 0x10, 0x11, 0x00, 0x00, 0x00, 0x11, 0x00, 0x00, 0x00, 0x11, 0x11, 0x11, 0x00,
    0x11, 0x00, 0x00, 0x00, 0x11, 0x00, 0x00, 0x00, 0x11, 0x00, 0x00, 0x00, 0x00, 0x00, 0x00, 0x00,
    0x00, 0x11, 0x11, 0x10, 0x01, 0x10, 0x00, 0x00, 0x11, 0x00, 0x00, 0x00, 0x11, 0x00, 0x11, 0x10,
    0x11, 0x00, 0x01, 0x10, 0x01, 0x10, 0x01, 0x10, 0x00, 0x11, 0x11, 0x10, 0x00, 0x00, 0x00, 0x00,
    0x11, 0x00, 0x01, 0x10, 0x11, 0x00, 0x01, 0x10, 0x11, 0x00, 0x01, 0x10, 0x11, 0x11, 0x11, 0x10,
    0x11, 0x00, 0x01, 0x10, 0x11, 0x00, 0x01, 0x10, 0x11, 0x00, 0x01, 0x10, 0x00, 0x00, 0x00, 0x00,
    0x00, 0x11, 0x11, 0x00, 0x00, 0x01, 0x10, 0x00, 0x00, 0x01, 0x10, 0x00, 0x00, 0x01, 0x10, 0x00,
    0x00, 0x01, 0x10, 0x00, 0x00, 0x01, 0x10, 0x00, 0x00, 0x11, 0x11, 0x00, 0x00, 0x00, 0x00, 0x00,
    0x00, 0x01, 0x11, 0x10, 0x00, 0x00, 0x01, 0x10, 0x00, 0x00, 0x01, 0x10, 0x00, 0x00, 0x01, 0x10,
    0x11, 0x00, 0x01, 0x10, 0x11, 0x00, 0x01, 0x10, 0x01, 0x11, 0x11, 0x00, 0x00, 0x00, 0x00, 0x00,
    0x11, 0x00, 0x01, 0x10, 0x11, 0x00, 0x11, 0x00, 0x11, 0x01, 0x10, 0x00, 0x11, 0x11, 0x00, 0x00,
    0x11, 0x01, 0x10, 0x00, 0x11, 0x00, 0x11, 0x00, 0x11, 0x00, 0x01, 0x10, 0x00, 0x00, 0x00, 0x00,
    0x01, 0x10, 0x00, 0x00, 0x01, 0x10, 0x00, 0x00, 0x01, 0x10, 0x00, 0x00, 0x01, 0x10, 0x00, 0x00,
    0x01, 0x10, 0x00, 0x00, 0x01, 0x10, 0x00, 0x00, 0x01, 0x11, 0x11, 0x10, 0x00, 0x00, 0x00, 0x00,
    0x11, 0x00, 0x01, 0x10, 0x11, 0x10, 0x11, 0x10, 0x11, 0x11, 0x11, 0x10, 0x11, 0x11, 0x11, 0x10,
    0x11, 0x01, 0x01, 0x10, 0x11, 0x00, 0x01, 0x10, 0x11, 0x00, 0x01, 0x10, 0x00, 0x00, 0x00, 0x00,
    0x11, 0x00, 0x01, 0x10, 0x11, 0x10, 0x01, 0x10, 0x11, 0x11, 0x01, 0x10, 0x11, 0x11, 0x11, 0x10,
    0x11, 0x01, 0x11, 0x10, 0x11, 0x00, 0x11, 0x10, 0x11, 0x00, 0x01, 0x10, 0x00, 0x00, 0x00, 0x00,
    0x01, 0x11, 0x11, 0x00, 0x11, 0x00, 0x01, 0x10, 0x11, 0x00, 0x01, 0x10, 0x11, 0x00, 0x01, 0x10,
    0x11, 0x00, 0x01, 0x10, 0x11, 0x00, 0x01, 0x10, 0x01, 0x11, 0x11, 0x00, 0x00, 0x00, 0x00, 0x00,
    0x11, 0x11, 0x11, 0x00, 0x11, 0x00, 0x01, 0x10, 0x11, 0x00, 0x01, 0x10, 0x11, 0x11, 0x11, 0x00,
    0x11, 0x00, 0x00, 0x00, 0x11, 0x00, 0x00, 0x00, 0x11, 0x00, 0x00, 0x00, 0x00, 0x00, 0x00, 0x00,
    0x01, 0x11, 0x11, 0x00, 0x11, 0x00, 0x01, 0x10, 0x11, 0x00, 0x01, 0x10, 0x11, 0x00, 0x01, 0x10,
    0x11, 0x01, 0x11, 0x10, 0x11, 0x00, 0x11, 0x00, 0x01, 0x11, 0x10, 0x10, 0x00, 0x00, 0x00, 0x00,
    0x11, 0x11, 0x11, 0x00, 0x11, 0x00, 0x01, 0x10, 0x11, 0x00, 0x01, 0x10, 0x11, 0x11, 0x11, 0x00,
    0x11, 0x01, 0x10, 0x00, 0x11, 0x00, 0x11, 0x00, 0x11, 0x00, 0x01, 0x10, 0x00, 0x00, 0x00, 0x00,
    0x01, 0x11, 0x10, 0x00, 0x11, 0x00, 0x11, 0x00, 0x11, 0x00, 0x00, 0x00, 0x01, 0x11, 0x11, 0x00,
    0x00, 0x00, 0x01, 0x10, 0x11, 0x00, 0x01, 0x10, 0x01, 0x11, 0x11, 0x00, 0x00, 0x00, 0x00, 0x00,
    0x01, 0x11, 0x11, 0x10, 0x00, 0x01, 0x10, 0x00, 0x00, 0x01, 0x10, 0x00, 0x00, 0x01, 0x10, 0x00,
    0x00, 0x01, 0x10, 0x00, 0x00, 0x01, 0x10, 0x00, 0x00, 0x01, 0x10, 0x00, 0x00, 0x00, 0x00, 0x00,
    0x11, 0x00, 0x01, 0x10, 0x11, 0x00, 0x01, 0x10, 0x11, 0x00, 0x01, 0x10, 0x11, 0x00, 0x01, 0x10,
    0x11, 0x00, 0x01, 0x10, 0x11, 0x00, 0x01, 0x10, 0x01, 0x11, 0x11, 0x00, 0x00, 0x00, 0x00, 0x00,
    0x11, 0x00, 0x01, 0x10, 0x11, 0x00, 0x01, 0x10, 0x11, 0x00, 0x01, 0x10, 0x11, 0x10, 0x11, 0x10,
    0x01, 0x11, 0x11, 0x00, 0x00, 0x11, 0x10, 0x00, 0x00, 0x01, 0x00, 0x00, 0x00, 0x00, 0x00, 0x00,
    0x11, 0x00, 0x01, 0x10, 0x11, 0x00, 0x01, 0x10, 0x11, 0x01, 0x01, 0x10, 0x11, 0x11, 0x11, 0x10,
    0x11, 0x11, 0x11, 0x10, 0x11, 0x10, 0x11, 0x10, 0x11, 0x00, 0x01, 0x10, 0x00, 0x00, 0x00, 0x00,
    0x11, 0x00, 0x01, 0x10, 0x11, 0x10, 0x11, 0x10, 0x01, 0x11, 0x11, 0x00, 0x00, 0x11, 0x10, 0x00,
    0x01, 0x11, 0x11, 0x00, 0x11, 0x10, 0x11, 0x10, 0x11, 0x00, 0x01, 0x10, 0x00, 0x00, 0x00, 0x00,
    0x01, 0x10, 0x01, 0x10, 0x01, 0x10, 0x01, 0x10, 0x01, 0x10, 0x01, 0x10, 0x00, 0x11, 0x11, 0x00,
    0x00, 0x01, 0x10, 0x00, 0x00, 0x01, 0x10, 0x00, 0x00, 0x01, 0x10, 0x00, 0x00, 0x00, 0x00, 0x00,
    0x11, 0x11, 0x11, 0x10, 0x00, 0x00, 0x11, 0x10, 0x00, 0x01, 0x11, 0x00, 0x00, 0x11, 0x10, 0x00,
    0x01, 0x11, 0x00, 0x00, 0x11, 0x10, 0x00, 0x00, 0x11, 0x11, 0x11, 0x10, 0x00, 0x00, 0x00, 0x00,
    0x00, 0x00, 0x00, 0x00, 0x00, 0x00, 0x00, 0x00, 0x00, 0x00, 0x00, 0x00, 0x00, 0x00, 0x00, 0x00,
    0x00, 0x00, 0x00, 0x00, 0x00, 0x00, 0x00, 0x00, 0x00, 0x00, 0x00, 0x00, 0x00, 0x00, 0x00, 0x00,
    0x11, 0x11, 0x11, 0x11, 0x11, 0x11, 0x11, 0x11, 0x11, 0x11, 0x11, 0x11, 0x11, 0x11, 0x11, 0x11,
    0x11, 0x11, 0x11, 0x11, 0x11, 0x11, 0x11, 0x11, 0x11, 0x11, 0x11, 0x11, 0x11, 0x11, 0x11, 0x11,
    0x22, 0x22, 0x22, 0x22, 0x22, 0x22, 0x22, 0x22, 0x22, 0x22, 0x22, 0x22, 0x22, 0x22, 0x22, 0x22,
    0x22, 0x22, 0x22, 0x22, 0x22, 0x22, 0x22, 0x22, 0x22, 0x22, 0x22, 0x22, 0x22, 0x22, 0x22, 0x22,
    0x33, 0x33, 0x33, 0x33, 0x33, 0x33, 0x33, 0x33, 0x33, 0x33, 0x33, 0x33, 0x33, 0x33, 0x33, 0x33,
    0x33, 0x33, 0x33, 0x33, 0x33, 0x33, 0x33, 0x33, 0x33, 0x33, 0x33, 0x33, 0x33, 0x33, 0x33, 0x33,
    0x00, 0x00, 0x00, 0x00, 0x00, 0x00, 0x00, 0x00, 0x00, 0x00, 0x00, 0x00, 0x00, 0x00, 0x00, 0x00,
    0x00, 0x11, 0x00, 0x00, 0x00, 0x01, 0x00, 0x00, 0x00, 0x10, 0x00, 0x00, 0x00, 0x00, 0x00, 0x00,
    0x00, 0x01, 0x10, 0x00, 0x00, 0x01, 0x10, 0x00, 0x00, 0x01, 0x10, 0x00, 0x00, 0x01, 0x10, 0x00,
    0x00, 0x01, 0x10, 0x00, 0x00, 0x00, 0x00, 0x00, 0x00, 0x01, 0x10, 0x00, 0x00, 0x00, 0x00, 0x00,
    0x00, 0x11, 0x00, 0x00, 0x00, 0x01, 0x00, 0x00, 0x00, 0x10, 0x00, 0x00, 0x00, 0x00, 0x00, 0x00,
    0x00, 0x00, 0x00, 0x00, 0x00, 0x00, 0x00, 0x00, 0x00, 0x00, 0x00, 0x00, 0x00, 0x00, 0x00, 0x00,
    0x01, 0x11, 0x00, 0x00, 0x10, 0x00, 0x10, 0x00, 0x01, 0x01, 0x00, 0x00, 0x00, 0x10, 0x00, 0x00,
    0x01, 0x01, 0x01, 0x00, 0x10, 0x00, 0x10, 0x00, 0x01, 0x11, 0x01, 0x10, 0x00, 0x00, 0x00, 0x00,
    0x00, 0x00, 0x00, 0x00, 0x00, 0x00, 0x00, 0x00, 0x00, 0x00, 0x00, 0x00, 0x00, 0x00, 0x00, 0x00,
    0x00, 0x00, 0x00, 0x00, 0x00, 0x11, 0x00, 0x00, 0x00, 0x11, 0x00, 0x00, 0x00, 0x00, 0x00, 0x00,
    0x00, 0x10, 0x01, 0x00, 0x00, 0x10, 0x01, 0x00, 0x00, 0x10, 0x01, 0x00, 0x00, 0x00, 0x00, 0x00,
    0x00, 0x00, 0x00, 0x00, 0x00, 0x00, 0x00, 0x00, 0x00, 0x00, 0x00, 0x00, 0x00, 0x00, 0x00, 0x00,
    0x00, 0x11, 0x10, 0x00, 0x01, 0x00, 0x01, 0x00, 0x00, 0x00, 0x01, 0x00, 0x00, 0x00, 0x10, 0x00,
    0x00, 0x01, 0x00, 0x00, 0x00, 0x00, 0x00, 0x00, 0x00, 0x01, 0x00, 0x00, 0x00, 0x00, 0x00, 0x00,
    0x00, 0x00, 0x00, 0x00, 0x00, 0x00, 0x00, 0x00, 0x00, 0x00, 0x00, 0x00, 0x11, 0x11, 0x11, 0x00,
    0x00, 0x00, 0x00, 0x00, 0x00, 0x00, 0x00, 0x00, 0x00, 0x00, 0x00, 0x00, 0x00, 0x00, 0x00, 0x00,
    0x00, 0x00, 0x00, 0x00, 0x00, 0x00, 0x00, 0x00, 0x00, 0x00, 0x00, 0x00, 0x00, 0x00, 0x00, 0x00,
    0x00, 0x00, 0x00, 0x00, 0x00, 0x00, 0x00, 0x00, 0x00, 0x00, 0x00, 0x00, 0x00, 0x00, 0x00, 0x00,
    0x00, 0x00, 0x00, 0x00, 0x00, 0x00, 0x00, 0x00, 0x00, 0x00, 0x00, 0x00, 0x00, 0x00, 0x00, 0x00,
    0x00, 0x00, 0x00, 0x00, 0x00, 0x00, 0x00, 0x00, 0x00, 0x00, 0x00, 0x00, 0x00, 0x00, 0x00, 0x00,
    0x00, 0x00, 0x00, 0x00, 0x00, 0x00, 0x00, 0x00, 0x00, 0x00, 0x00, 0x00, 0x00, 0x00, 0x00, 0x00,
    0x00, 0x00, 0x00, 0x00, 0x00, 0x00, 0x00, 0x00, 0x00, 0x00, 0x00, 0x00, 0x00, 0x00, 0x00, 0x00,
    0x00, 0x00, 0x00, 0x00, 0x00, 0x00, 0x00, 0x00, 0x00, 0x00, 0x00, 0x00, 0x00, 0x00, 0x00, 0x00,
    0x00, 0x00, 0x00, 0x00, 0x00, 0x00, 0x00, 0x00, 0x00, 0x00, 0x00, 0x00, 0x00, 0x00, 0x00, 0x00,
    0x00, 0x00, 0x00, 0x00, 0x00, 0x00, 0x00, 0x00, 0x00, 0x00, 0x00, 0x00, 0x00, 0x00, 0x00, 0x00,
    0x00, 0x00, 0x00, 0x00, 0x00, 0x00, 0x00, 0x00, 0x00, 0x00, 0x00, 0x00, 0x00, 0x00, 0x00, 0x00,
    0x00, 0x00, 0x00, 0x00, 0x00, 0x00, 0x00, 0x00, 0x00, 0x00, 0x00, 0x00, 0x00, 0x00, 0x00, 0x00,
    0x00, 0x00, 0x00, 0x00, 0x00, 0x00, 0x00, 0x00, 0x00, 0x00, 0x00, 0x00, 0x00, 0x00, 0x00, 0x00,
    0x00, 0x00, 0x00, 0x00, 0x00, 0x00, 0x00, 0x00, 0x00, 0x00, 0x00, 0x00, 0x00, 0x00, 0x00, 0x00,
    0x00, 0x00, 0x00, 0x00, 0x00, 0x00, 0x00, 0x00, 0x00, 0x00, 0x00, 0x00, 0x00, 0x00, 0x00, 0x00,
    0x00, 0x00, 0x00, 0x00, 0x00, 0x00, 0x00, 0x00, 0x00, 0x00, 0x00, 0x00, 0x00, 0x00, 0x00, 0x00,
    0x00, 0x00, 0x00, 0x00, 0x00, 0x00, 0x00, 0x00, 0x00, 0x00, 0x00, 0x00, 0x00, 0x00, 0x00, 0x00,
    0x00, 0x00, 0x00, 0x00, 0x00, 0x00, 0x00, 0x00, 0x00, 0x00, 0x00, 0x00, 0x00, 0x00, 0x00, 0x00,
    0x00, 0x00, 0x00, 0x00, 0x00, 0x00, 0x00, 0x00, 0x00, 0x00, 0x00, 0x00, 0x00, 0x00, 0x00, 0x00,
    0x00, 0x00, 0x00, 0x00, 0x00, 0x00, 0x00, 0x00, 0x00, 0x00, 0x00, 0x00, 0x00, 0x00, 0x00, 0x00,
    0x00, 0x00, 0x00, 0x00, 0x00, 0x00, 0x00, 0x00, 0x00, 0x00, 0x00, 0x00, 0x00, 0x00, 0x00, 0x00,
    0x00, 0x00, 0x00, 0x00, 0x00, 0x00, 0x00, 0x00, 0x00, 0x00, 0x00, 0x00, 0x00, 0x00, 0x00, 0x00,
    0x00, 0x00, 0x00, 0x00, 0x00, 0x00, 0x00, 0x00, 0x00, 0x00, 0x00, 0x00, 0x00, 0x00, 0x00, 0x00,
    0x00, 0x00, 0x00, 0x00, 0x00, 0x00, 0x00, 0x00, 0x00, 0x00, 0x00, 0x00, 0x00, 0x00, 0x00, 0x00,
    0x00, 0x00, 0x00, 0x00, 0x00, 0x00, 0x00, 0x00, 0x00, 0x00, 0x00, 0x00, 0x00, 0x00, 0x00, 0x00,
    0x00, 0x00, 0x00, 0x00, 0x00, 0x00, 0x00, 0x00, 0x00, 0x00, 0x00, 0x00, 0x00, 0x00, 0x00, 0x00,
    0x00, 0x00, 0x00, 0x00, 0x00, 0x00, 0x00, 0x00, 0x00, 0x00, 0x00, 0x00, 0x00, 0x00, 0x00, 0x00,
    0x00, 0x00, 0x00, 0x00, 0x00, 0x00, 0x00, 0x00, 0x00, 0x00, 0x00, 0x00, 0x00, 0x00, 0x00, 0x00,
    0x00, 0x00, 0x00, 0x00, 0x00, 0x00, 0x00, 0x00, 0x00, 0x00, 0x00, 0x00, 0x00, 0x00, 0x00, 0x00,
    0x00, 0x00, 0x00, 0x00, 0x00, 0x00, 0x00, 0x00, 0x00, 0x00, 0x00, 0x00, 0x00, 0x00, 0x00, 0x00,
    0x00, 0x00, 0x00, 0x00, 0x00, 0x00, 0x00, 0x00, 0x00, 0x00, 0x00, 0x00, 0x00, 0x00, 0x00, 0x00,
    0x00, 0x00, 0x00, 0x00, 0x00, 0x00, 0x00, 0x00, 0x00, 0x00, 0x00, 0x00, 0x00, 0x00, 0x00, 0x00,
    0x00, 0x00, 0x00, 0x00, 0x00, 0x00, 0x00, 0x00, 0x00, 0x00, 0x00, 0x00, 0x00, 0x00, 0x00, 0x00,
    0x00, 0x00, 0x00, 0x00, 0x00, 0x00, 0x00, 0x00, 0x00, 0x00, 0x00, 0x00, 0x00, 0x00, 0x00, 0x00,
    0x00, 0x00, 0x00, 0x00, 0x00, 0x00, 0x00, 0x00, 0x00, 0x00, 0x00, 0x00, 0x00, 0x00, 0x00, 0x00,
    0x00, 0x00, 0x00, 0x00, 0x00, 0x00, 0x00, 0x00, 0x00, 0x00, 0x00, 0x00, 0x00, 0x00, 0x00, 0x00,
    0x00, 0x00, 0x00, 0x00, 0x00, 0x00, 0x00, 0x00, 0x00, 0x00, 0x00, 0x00, 0x00, 0x00, 0x00, 0x00,
    0x00, 0x00, 0x00, 0x00, 0x00, 0x00, 0x00, 0x00, 0x00, 0x00, 0x00, 0x00, 0x00, 0x00, 0x00, 0x00,
    0x00, 0x00, 0x00, 0x00, 0x00, 0x00, 0x00, 0x00, 0x00, 0x00, 0x00, 0x00, 0x00, 0x00, 0x00, 0x00,
    0x00, 0x00, 0x00, 0x00, 0x00, 0x00, 0x00, 0x00, 0x00, 0x00, 0x00, 0x00, 0x00, 0x00, 0x00, 0x00,
    0x00, 0x00, 0x00, 0x00, 0x00, 0x00, 0x00, 0x00, 0x00, 0x00, 0x00, 0x00, 0x00, 0x00, 0x00, 0x00,
    0x00, 0x00, 0x00, 0x00, 0x00, 0x00, 0x00, 0x00, 0x00, 0x00, 0x00, 0x00, 0x00, 0x00, 0x00, 0x00,
    0x00, 0x00, 0x00, 0x00, 0x00, 0x00, 0x00, 0x00, 0x00, 0x00, 0x00, 0x00, 0x00, 0x00, 0x00, 0x00,
    0x00, 0x00, 0x00, 0x00, 0x00, 0x00, 0x00, 0x00, 0x00, 0x00, 0x00, 0x00, 0x00, 0x00, 0x00, 0x00,
    0x00, 0x00, 0x00, 0x00, 0x00, 0x00, 0x00, 0x00, 0x00, 0x00, 0x00, 0x00, 0x00, 0x00, 0x00, 0x00,
    0x00, 0x00, 0x00, 0x00, 0x00, 0x00, 0x00, 0x00, 0x00, 0x00, 0x00, 0x00, 0x00, 0x00, 0x00, 0x00,
    0x00, 0x00, 0x00, 0x00, 0x00, 0x00, 0x00, 0x00, 0x00, 0x00, 0x00, 0x00, 0x00, 0x00, 0x00, 0x00,
    0x00, 0x00, 0x00, 0x00, 0x00, 0x00, 0x00, 0x00, 0x00, 0x00, 0x00, 0x00, 0x00, 0x00, 0x00, 0x00,
    0x00, 0x00, 0x00, 0x00, 0x00, 0x00, 0x00, 0x00, 0x00, 0x00, 0x00, 0x00, 0x00, 0x00, 0x00, 0x00,
    0x00, 0x00, 0x00, 0x00, 0x00, 0x00, 0x00, 0x00, 0x00, 0x00, 0x00, 0x00, 0x00, 0x00, 0x00, 0x00,
    0x00, 0x00, 0x00, 0x00, 0x00, 0x00, 0x00, 0x00, 0x00, 0x00, 0x00, 0x00, 0x00, 0x00, 0x00, 0x00,
    0x00, 0x00, 0x00, 0x00, 0x00, 0x00, 0x00, 0x00, 0x00, 0x00, 0x00, 0x00, 0x00, 0x00, 0x00, 0x00,
    0x00, 0x00, 0x00, 0x00, 0x00, 0x00, 0x00, 0x00, 0x00, 0x00, 0x00, 0x00, 0x00, 0x00, 0x00, 0x00,
    0x00, 0x00, 0x00, 0x00, 0x00, 0x00, 0x00, 0x00, 0x00, 0x00, 0x00, 0x00, 0x00, 0x00, 0x00, 0x00,
    0x00, 0x00, 0x00, 0x00, 0x00, 0x00, 0x00, 0x00, 0x00, 0x00, 0x00, 0x00, 0x00, 0x00, 0x00, 0x00,
    0x00, 0x00, 0x00, 0x00, 0x00, 0x00, 0x00, 0x00, 0x00, 0x00, 0x00, 0x00, 0x00, 0x00, 0x00, 0x00,
    0x00, 0x00, 0x00, 0x00, 0x00, 0x00, 0x00, 0x00, 0x00, 0x00, 0x00, 0x00, 0x00, 0x00, 0x00, 0x00,
    0x00, 0x00, 0x00, 0x00, 0x00, 0x00, 0x00, 0x00, 0x00, 0x00, 0x00, 0x00, 0x00, 0x00, 0x00, 0x00,
    0x00, 0x00, 0x00, 0x00, 0x00, 0x00, 0x00, 0x00, 0x00, 0x00, 0x00, 0x00, 0x00, 0x00, 0x00, 0x00,
    0x00, 0x00, 0x00, 0x00, 0x00, 0x00, 0x00, 0x00, 0x00, 0x00, 0x00, 0x00, 0x00, 0x00, 0x00, 0x00,
    0x00, 0x00, 0x00, 0x00, 0x00, 0x00, 0x00, 0x00, 0x00, 0x00, 0x00, 0x00, 0x00, 0x00, 0x00, 0x00,
    0x00, 0x00, 0x00, 0x00, 0x00, 0x00, 0x00, 0x00, 0x00, 0x00, 0x00, 0x00, 0x00, 0x00, 0x00, 0x00,
    0x00, 0x00, 0x00, 0x00, 0x00, 0x00, 0x00, 0x00, 0x00, 0x00, 0x00, 0x00, 0x00, 0x00, 0x00, 0x00,
    0x00, 0x00, 0x00, 0x00, 0x00, 0x00, 0x00, 0x00, 0x00, 0x00, 0x00, 0x00, 0x00, 0x00, 0x00, 0x00,
    0x00, 0x00, 0x00, 0x00, 0x00, 0x00, 0x00, 0x00, 0x00, 0x00, 0x00, 0x00, 0x00, 0x00, 0x00, 0x00,
    0x00, 0x00, 0x00, 0x00, 0x00, 0x00, 0x00, 0x00, 0x00, 0x00, 0x00, 0x00, 0x00, 0x00, 0x00, 0x00,
    0x00, 0x00, 0x00, 0x00, 0x00, 0x00, 0x00, 0x00, 0x00, 0x00, 0x00, 0x00, 0x00, 0x00, 0x00, 0x00,
    0x00, 0x00, 0x00, 0x00, 0x00, 0x00, 0x00, 0x00, 0x00, 0x00, 0x00, 0x00, 0x00, 0x00, 0x00, 0x00,
    0x00, 0x00, 0x00, 0x00, 0x00, 0x00, 0x00, 0x00, 0x00, 0x00, 0x00, 0x00, 0x00, 0x00, 0x00, 0x00,
    0x00, 0x00, 0x00, 0x00, 0x00, 0x00, 0x00, 0x00, 0x00, 0x00, 0x00, 0x00, 0x00, 0x00, 0x00, 0x00,
    0x00, 0x00, 0x00, 0x00, 0x00, 0x00, 0x00, 0x00, 0x00, 0x00, 0x00, 0x00, 0x00, 0x00, 0x00, 0x00,
    0x00, 0x00, 0x00, 0x00, 0x00, 0x00, 0x00, 0x00, 0x00, 0x00, 0x00, 0x00, 0x00, 0x00, 0x00, 0x00,
    0x00, 0x00, 0x00, 0x00, 0x00, 0x00, 0x00, 0x00, 0x00, 0x00, 0x00, 0x00, 0x00, 0x00, 0x00, 0x00,
    0x00, 0x00, 0x00, 0x00, 0x00, 0x00, 0x00, 0x00, 0x00, 0x00, 0x00, 0x00, 0x00, 0x00, 0x00, 0x00,
    0x00, 0x00, 0x00, 0x00, 0x00, 0x00, 0x00, 0x00, 0x00, 0x00, 0x00, 0x00, 0x00, 0x00, 0x00, 0x00,
    0x00, 0x00, 0x00, 0x00, 0x00, 0x00, 0x00, 0x00, 0x00, 0x00, 0x00, 0x00, 0x00, 0x00, 0x00, 0x00,
    0x00, 0x00, 0x00, 0x00, 0x00, 0x00, 0x00, 0x00, 0x00, 0x00, 0x00, 0x00, 0x00, 0x00, 0x00, 0x00,
    0x00, 0x00, 0x00, 0x00, 0x00, 0x00, 0x00, 0x00, 0x00, 0x00, 0x00, 0x00, 0x00, 0x00, 0x00, 0x00,
    0x00, 0x00, 0x00, 0x00, 0x00, 0x00, 0x00, 0x00, 0x00, 0x00, 0x00, 0x00, 0x00, 0x00, 0x00, 0x00,
    0x00, 0x00, 0x00, 0x00, 0x00, 0x00, 0x00, 0x00, 0x00, 0x00, 0x00, 0x00, 0x00, 0x00, 0x00, 0x00,
    0x00, 0x00, 0x00, 0x00, 0x00, 0x00, 0x00, 0x00, 0x00, 0x00, 0x00, 0x00, 0x00, 0x00, 0x00, 0x00,
    0x00, 0x00, 0x00, 0x00, 0x00, 0x00, 0x00, 0x00, 0x00, 0x00, 0x00, 0x00, 0x00, 0x00, 0x00, 0x00,
    0x00, 0x00, 0x00, 0x00, 0x00, 0x00, 0x00, 0x00, 0x00, 0x00, 0x00, 0x00, 0x00, 0x00, 0x00, 0x00,
    0x00, 0x00, 0x00, 0x00, 0x00, 0x00, 0x00, 0x00, 0x00, 0x00, 0x00, 0x00, 0x00, 0x00, 0x00, 0x00,
    0x00, 0x00, 0x00, 0x00, 0x00, 0x00, 0x00, 0x00, 0x00, 0x00, 0x00, 0x00, 0x00, 0x00, 0x00, 0x00,
    0x00, 0x00, 0x00, 0x00, 0x00, 0x00, 0x00, 0x00, 0x00, 0x00, 0x00, 0x00, 0x00, 0x00, 0x00, 0x00,
    0x00, 0x00, 0x00, 0x00, 0x00, 0x00, 0x00, 0x00, 0x00, 0x00, 0x00, 0x00, 0x00, 0x00, 0x00, 0x00,
    0x00, 0x00, 0x00, 0x00, 0x00, 0x00, 0x00, 0x00, 0x00, 0x00, 0x00, 0x00, 0x00, 0x00, 0x00, 0x00,
    0x00, 0x00, 0x00, 0x00, 0x00, 0x00, 0x00, 0x00, 0x00, 0x00, 0x00, 0x00, 0x00, 0x00, 0x00, 0x00,
    0x00, 0x00, 0x00, 0x00, 0x00, 0x00, 0x00, 0x00, 0x00, 0x00, 0x00, 0x00, 0x00, 0x00, 0x00, 0x00,
    0x00, 0x00, 0x00, 0x00, 0x00, 0x00, 0x00, 0x00, 0x00, 0x00, 0x00, 0x00, 0x00, 0x00, 0x00, 0x00,
    0x00, 0x00, 0x00, 0x00, 0x00, 0x00, 0x00, 0x00, 0x00, 0x00, 0x00, 0x00, 0x00, 0x00, 0x00, 0x00,
    0x00, 0x00, 0x00, 0x00, 0x00, 0x00, 0x00, 0x00, 0x00, 0x00, 0x00, 0x00, 0x00, 0x00, 0x00, 0x00,
    0x00, 0x00, 0x00, 0x00, 0x00, 0x00, 0x00, 0x00, 0x00, 0x00, 0x00, 0x00, 0x00, 0x00, 0x00, 0x00,
    0x00, 0x00, 0x00, 0x00, 0x00, 0x00, 0x00, 0x00, 0x00, 0x00, 0x00, 0x00, 0x00, 0x00, 0x00, 0x00,
    0x00, 0x00, 0x00, 0x00, 0x00, 0x00, 0x00, 0x00, 0x00, 0x00, 0x00, 0x00, 0x00, 0x00, 0x00, 0x00,
    0x00, 0x00, 0x00, 0x00, 0x00, 0x00, 0x00, 0x00, 0x00, 0x00, 0x00, 0x00, 0x00, 0x00, 0x00, 0x00,
    0x00, 0x00, 0x00, 0x00, 0x00, 0x00, 0x00, 0x00, 0x00, 0x00, 0x00, 0x00, 0x00, 0x00, 0x00, 0x00,
    0x00, 0x00, 0x00, 0x00, 0x00, 0x00, 0x00, 0x00, 0x00, 0x00, 0x00, 0x00, 0x00, 0x00, 0x00, 0x00,
    0x00, 0x00, 0x00, 0x01, 0x00, 0x23, 0x33, 0x01, 0x02, 0x12, 0x33, 0x30, 0x21, 0x23, 0x33, 0x33,
    0x21, 0x23, 0x33, 0x33, 0x32, 0x33, 0x33, 0x33, 0x03, 0x33, 0x33, 0x30, 0x00, 0x33, 0x33, 0x00,
    0x00, 0x00, 0x00, 0x00, 0x00, 0x00, 0x00, 0x00, 0x00, 0x00, 0x00, 0x00, 0x11, 0x11, 0x11, 0x00,
    0x00, 0x00, 0x00, 0x00, 0x00, 0x00, 0x00, 0x00, 0x00, 0x00, 0x00, 0x00, 0x00, 0x00, 0x00, 0x00,
    0x00, 0x00, 0x00, 0x00, 0x00, 0x00, 0x00, 0x00, 0x00, 0x00, 0x00, 0x00, 0x00, 0x00, 0x00, 0x00,
    0x00, 0x00, 0x00, 0x00, 0x00, 0x11, 0x00, 0x00, 0x00, 0x11, 0x00, 0x00, 0x00, 0x00, 0x00, 0x00,
    0x00, 0x01, 0x00, 0x00, 0x00, 0x01, 0x00, 0x00, 0x00, 0x01, 0x00, 0x00, 0x11, 0x11, 0x11, 0x10,
    0x00, 0x01, 0x00, 0x00, 0x00, 0x01, 0x00, 0x00, 0x00, 0x01, 0x00, 0x00, 0x00, 0x00, 0x00, 0x00,
    0x01, 0x10, 0x33, 0x00, 0x11, 0x11, 0x33, 0x30, 0x11, 0x13, 0x33, 0x30, 0x11, 0x11, 0x33, 0x30,
    0x11, 0x13, 0x33, 0x30, 0x01, 0x11, 0x33, 0x00, 0x00, 0x13, 0x30, 0x00, 0x00, 0x01, 0x00, 0x00,
    0x03, 0x30, 0x33, 0x00, 0x33, 0x33, 0x33, 0x30, 0x33, 0x33, 0x33, 0x30, 0x33, 0x33, 0x33, 0x30,
    0x33, 0x33, 0x33, 0x30, 0x03, 0x33, 0x33, 0x00, 0x00, 0x33, 0x30, 0x00, 0x00, 0x03, 0x00, 0x00,
    0x33, 0x33, 0x33, 0x30, 0x33, 0x33, 0x33, 0x30, 0x33, 0x33, 0x33, 0x30, 0x00, 0x00, 0x00, 0x00,
    0x00, 0x00, 0x00, 0x00, 0x00, 0x00, 0x00, 0x00, 0x00, 0x00, 0x00, 0x00, 0x00, 0x00, 0x00, 0x00,
    0x22, 0x22, 0x22, 0x21, 0x32, 0x21, 0x22, 0x22, 0x22, 0x22, 0x22, 0x22, 0x21, 0x22, 0x22, 0x32,
    0x22, 0x22, 0x12, 0x22, 0x22, 0x22, 0x22, 0x12, 0x22, 0x12, 0x22, 0x22, 0x22, 0x22, 0x23, 0x22,
    0x00, 0x00, 0x00, 0x00, 0x00, 0x00, 0x00, 0x00, 0x00, 0x00, 0x00, 0x00, 0x00, 0x00, 0x33, 0x33,
    0x00, 0x03, 0x33, 0x33, 0x00, 0x03, 0x30, 0x00, 0x00, 0x03, 0x30, 0x00, 0x00, 0x03, 0x30, 0x00,
    0x00, 0x00, 0x00, 0x00, 0x00, 0x00, 0x00, 0x00, 0x00, 0x00, 0x00, 0x00, 0x33, 0x33, 0x33, 0x33,
    0x33, 0x33, 0x33, 0x33, 0x00, 0x00, 0x00, 0x00, 0x00, 0x00, 0x00, 0x00, 0x00, 0x00, 0x00, 0x00,
    0x00, 0x00, 0x00, 0x00, 0x00, 0x00, 0x00, 0x00, 0x00, 0x00, 0x00, 0x00, 0x33, 0x33, 0x00, 0x00,
    0x33, 0x33, 0x30, 0x00, 0x00, 0x03, 0x30, 0x00, 0x00, 0x03, 0x30, 0x00, 0x00, 0x03, 0x30, 0x00,
    0x00, 0x03, 0x30, 0x00, 0x00, 0x03, 0x30, 0x00, 0x00, 0x03, 0x30, 0x00, 0x00, 0x03, 0x30, 0x00,
    0x00, 0x03, 0x30, 0x00, 0x00, 0x03, 0x30, 0x00, 0x00, 0x03, 0x30, 0x00, 0x00, 0x03, 0x30, 0x00,
    0x00, 0x03, 0x30, 0x00, 0x00, 0x03, 0x30, 0x00, 0x00, 0x03, 0x30, 0x00, 0x33, 0x33, 0x30, 0x00,
    0x33, 0x33, 0x00, 0x00, 0x00, 0x00, 0x00, 0x00, 0x00, 0x00, 0x00, 0x00, 0x00, 0x00, 0x00, 0x00,
    0x00, 0x03, 0x30, 0x00, 0x00, 0x03, 0x30, 0x00, 0x00, 0x03, 0x30, 0x00, 0x00, 0x03, 0x33, 0x33,
    0x00, 0x00, 0x33, 0x33, 0x00, 0x00, 0x00, 0x00, 0x00, 0x00, 0x00, 0x00, 0x00, 0x00, 0x00, 0x00,
    0x11, 0x11, 0x11, 0x11, 0x11, 0x11, 0x11, 0x11, 0x22, 0x22, 0x22, 0x22, 0x33, 0x33, 0x33, 0x33,
    0x11, 0x11, 0x11, 0x11, 0x11, 0x11, 0x11, 0x11, 0x22, 0x22, 0x22, 0x22, 0x33, 0x33, 0x33, 0x33,
    0x01, 0x10, 0x11, 0x00, 0x11, 0x11, 0x11, 0x10, 0x11, 0x11, 0x11, 0x10, 0x11, 0x11, 0x11, 0x10,
    0x11, 0x11, 0x11, 0x10, 0x01, 0x11, 0x11, 0x00, 0x00, 0x11, 0x10, 0x00, 0x00, 0x01, 0x00, 0x00,
    0x00, 0x00, 0x00, 0x00, 0x00, 0x00, 0x00, 0x00, 0x00, 0x00, 0x00, 0x00, 0x00, 0x00, 0x00, 0x00,
    0x00, 0x00, 0x00, 0x00, 0x00, 0x00, 0x00, 0x00, 0x00, 0x00, 0x00, 0x00, 0x00, 0x00, 0x00, 0x00,
    0x11, 0x11, 0x11, 0x11, 0x11, 0x11, 0x11, 0x11, 0x11, 0x11, 0x11, 0x11, 0x11, 0x11, 0x11, 0x11,
    0x11, 0x11, 0x11, 0x11, 0x11, 0x11, 0x11, 0x11, 0x11, 0x11, 0x11, 0x11, 0x11, 0x11, 0x11, 0x11,
    0x22, 0x22, 0x22, 0x22, 0x22, 0x22, 0x22, 0x22, 0x22, 0x22, 0x22, 0x22, 0x22, 0x22, 0x22, 0x22,
    0x22, 0x22, 0x22, 0x22, 0x22, 0x22, 0x22, 0x22, 0x22, 0x22, 0x22, 0x22, 0x22, 0x22, 0x22, 0x22,
    0x21, 0x32, 0x22, 0x22, 0x21, 0x22, 0x22, 0x22, 0x21, 0x22, 0x22, 0x22, 0x11, 0x11, 0x11, 0x11,
    0x22, 0x22, 0x21, 0x32, 0x22, 0x22, 0x21, 0x22, 0x22, 0x22, 0x21, 0x22, 0x11, 0x11, 0x11, 0x11,
    0x00, 0x02, 0x33, 0x32, 0x00, 0x32, 0x22, 0x02, 0x03, 0x22, 0x22, 0x02, 0x22, 0x22, 0x22, 0x02,
    0x32, 0x22, 0x20, 0x00, 0x32, 0x22, 0x02, 0x20, 0x30, 0x00, 0x22, 0x00, 0x22, 0x20, 0x20, 0x00,
    0x00, 0x00, 0x00, 0x00, 0x00, 0x00, 0x00, 0x00, 0x00, 0x00, 0x00, 0x00, 0x00, 0x00, 0x00, 0x00,
    0x00, 0x00, 0x00, 0x00, 0x00, 0x00, 0x00, 0x00, 0x00, 0x00, 0x01, 0x01, 0x00, 0x00, 0x00, 0x00,
    0x00, 0x00, 0x22, 0x20, 0x00, 0x02, 0x00, 0x22, 0x00, 0x02, 0x00, 0x02, 0x00, 0x00, 0x20, 0x02,
    0x00, 0x02, 0x02, 0x20, 0x00, 0x20, 0x00, 0x00, 0x02, 0x02, 0x00, 0x00, 0x20, 0x20, 0x00, 0x00,
    0x11, 0x11, 0x11, 0x01, 0x22, 0x22, 0x22, 0x01, 0x22, 0x22, 0x22, 0x01, 0x00, 0x00, 0x00, 0x00,
    0x11, 0x01, 0x11, 0x11, 0x22, 0x01, 0x22, 0x22, 0x22, 0x01, 0x22, 0x22, 0x00, 0x00, 0x00, 0x00,
    0x00, 0x00, 0x00, 0x00, 0x00, 0x00, 0x00, 0x00, 0x00, 0x00, 0x00, 0x00, 0x00, 0x00, 0x00, 0x00,
    0x33, 0x33, 0x33, 0x30, 0x33, 0x33, 0x33, 0x30, 0x33, 0x33, 0x33, 0x30, 0x00, 0x00, 0x00, 0x00,
    0x00, 0x11, 0x11, 0x00, 0x01, 0x00, 0x00, 0x10, 0x10, 0x01, 0x10, 0x01, 0x10, 0x10, 0x00, 0x01,
    0x10, 0x10, 0x00, 0x01, 0x10, 0x01, 0x10, 0x01, 0x01, 0x00, 0x00, 0x10, 0x00, 0x11, 0x11, 0x00,
    0x00, 0x00, 0x02, 0x00, 0x00, 0x02, 0x02, 0x20, 0x20, 0x02, 0x22, 0x20, 0x20, 0x02, 0x22, 0x22,
    0x20, 0x22, 0x22, 0x22, 0x20, 0x22, 0x22, 0x22, 0x22, 0x22, 0x22, 0x22, 0x22, 0x22, 0x22, 0x22,
    0x22, 0x22, 0x22, 0x22, 0x22, 0x22, 0x22, 0x22, 0x20, 0x22, 0x22, 0x22, 0x20, 0x22, 0x22, 0x22,
    0x20, 0x22, 0x22, 0x22, 0x20, 0x02, 0x22, 0x02, 0x00, 0x02, 0x20, 0x02, 0x00, 0x00, 0x20, 0x00,
    0x33, 0x33, 0x33, 0x30, 0x33, 0x33, 0x33, 0x30, 0x33, 0x33, 0x33, 0x30, 0x00, 0x00, 0x00, 0x00,
    0x33, 0x33, 0x33, 0x30, 0x33, 0x33, 0x33, 0x30, 0x33, 0x33, 0x33, 0x30, 0x00, 0x00, 0x00, 0x00,
    0x00, 0x00, 0x00, 0x00, 0x00, 0x00, 0x05, 0x55, 0x00, 0x05, 0x55, 0x55, 0x05, 0x55, 0x65, 0x57,
    0x55, 0x55, 0x66, 0x77, 0x50, 0x55, 0x66, 0x67, 0x00, 0x57, 0x76, 0x67, 0x00, 0x07, 0x77, 0x66,
    0x00, 0x00, 0x55, 0x55, 0x00, 0x57, 0x75, 0x56, 0x00, 0x77, 0x77, 0x76, 0x05, 0x77, 0x77, 0x76,
    0x05, 0x57, 0x77, 0x75, 0x77, 0x55, 0x55, 0x57, 0x77, 0x75, 0x55, 0x55, 0x07, 0x77, 0x00, 0x00,
    0x00, 0x00, 0x00, 0x00, 0x50, 0x00, 0x00, 0x00, 0x77, 0x77, 0x00, 0x00, 0x77, 0x77, 0x70, 0x00,
    0x77, 0x77, 0x00, 0x00, 0x66, 0x56, 0x00, 0x00, 0x66, 0x76, 0x66, 0x00, 0x66, 0x66, 0x07, 0x00,
    0x66, 0x66, 0x07, 0x00, 0x66, 0x77, 0x67, 0x00, 0x66, 0x57, 0x67, 0x00, 0x65, 0x57, 0x07, 0x00,
    0x55, 0x70, 0x07, 0x00, 0x77, 0x75, 0x07, 0x00, 0x55, 0x57, 0x70, 0x00, 0x07, 0x77, 0x00, 0x00,
    0x00, 0x00, 0x05, 0x55, 0x00, 0x05, 0x55, 0x55, 0x05, 0x55, 0x65, 0x57, 0x55, 0x55, 0x66, 0x77,
    0x50, 0x55, 0x66, 0x67, 0x00, 0x57, 0x76, 0x67, 0x00, 0x07, 0x77, 0x66, 0x00, 0x00, 0x55, 0x55,
    0x00, 0x75, 0x55, 0x55, 0x07, 0x77, 0x56, 0x66, 0x07, 0x77, 0x76, 0x66, 0x07, 0x77, 0x76, 0x65,
    0x00, 0x57, 0x75, 0x57, 0x05, 0x55, 0x55, 0x55, 0x00, 0x00, 0x77, 0x77, 0x00, 0x00, 0x77, 0x77,
    0x50, 0x00, 0x00, 0x00, 0x77, 0x77, 0x00, 0x00, 0x77, 0x77, 0x70, 0x00, 0x77, 0x77, 0x00, 0x00,
    0x66, 0x56, 0x00, 0x70, 0x66, 0x76, 0x66, 0x70, 0x66, 0x66, 0x00, 0x70, 0x66, 0x66, 0x00, 0x70,
    0x55, 0x77, 0x76, 0x70, 0x55, 0x57, 0x76, 0x70, 0x55, 0x57, 0x70, 0x70, 0x55, 0x70, 0x00, 0x70,
    0x77, 0x70, 0x00, 0x70, 0x55, 0x50, 0x00, 0x00, 0x00, 0x00, 0x00, 0x00, 0x70, 0x00, 0x00, 0x00,
    0x00, 0x00, 0x05, 0x55, 0x00, 0x00, 0x55, 0x55, 0x00, 0x60, 0x57, 0x77, 0x00, 0x60, 0x77, 0x77,
    0x00, 0x66, 0x76, 0x56, 0x00, 0x66, 0x76, 0x76, 0x00, 0x76, 0x66, 0x66, 0x00, 0x77, 0x56, 0x67,
    0x00, 0x65, 0x55, 0x66, 0x00, 0x65, 0x55, 0x55, 0x00, 0x07, 0x55, 0x77, 0x00, 0x05, 0x77, 0x75,
    0x00, 0x05, 0x55, 0x77, 0x00, 0x00, 0x75, 0x55, 0x00, 0x00, 0x77, 0x70, 0x00, 0x00, 0x77, 0x70,
    0x55, 0x50, 0x00, 0x00, 0x55, 0x55, 0x00, 0x00, 0x77, 0x75, 0x06, 0x00, 0x77, 0x77, 0x06, 0x00,
    0x65, 0x67, 0x66, 0x00, 0x67, 0x67, 0x66, 0x00, 0x66, 0x66, 0x67, 0x00, 0x76, 0x65, 0x57, 0x00,
    0x66, 0x55, 0x77, 0x70, 0x55, 0x55, 0x67, 0x70, 0x75, 0x56, 0x66, 0x70, 0x77, 0x77, 0x66, 0x60,
    0x75, 0x55, 0x56, 0x00, 0x55, 0x55, 0x00, 0x00, 0x07, 0x77, 0x00, 0x00, 0x00, 0x00, 0x00, 0x00,
    0x00, 0x00, 0x05, 0x55, 0x00, 0x00, 0x55, 0x55, 0x00, 0x60, 0x55, 0x55, 0x00, 0x65, 0x55, 0x55,
    0x00, 0x67, 0x55, 0x55, 0x00, 0x66, 0x77, 0x55, 0x00, 0x06, 0x77, 0x75, 0x00, 0x07, 0x57, 0x77,
    0x00, 0x77, 0x55, 0x55, 0x00, 0x77, 0x55, 0x55, 0x00, 0x07, 0x75, 0x55, 0x00, 0x05, 0x57, 0x77,
    0x00, 0x05, 0x55, 0x55, 0x00, 0x07, 0x77, 0x55, 0x00, 0x07, 0x77, 0x70, 0x00, 0x00, 0x77, 0x00,
    0x55, 0x50, 0x00, 0x00, 0x55, 0x55, 0x00, 0x00, 0x55, 0x55, 0x06, 0x00, 0x55, 0x55, 0x56, 0x00,
    0x55, 0x55, 0x76, 0x00, 0x55, 0x77, 0x66, 0x00, 0x57, 0x77, 0x60, 0x00, 0x77, 0x75, 0x70, 0x00,
    0x55, 0x57, 0x70, 0x00, 0x55, 0x57, 0x76, 0x00, 0x55, 0x57, 0x76, 0x00, 0x77, 0x75, 0x66, 0x00,
    0x55, 0x55, 0x50, 0x00, 0x55, 0x57, 0x00, 0x00, 0x07, 0x70, 0x00, 0x00, 0x00, 0x00, 0x00, 0x00,
    0x00, 0x00, 0x00, 0x00, 0x00, 0x00, 0x00, 0x55, 0x00, 0x00, 0x55, 0x55, 0x00, 0x05, 0x56, 0x55,
    0x00, 0x05, 0x56, 0x67, 0x00, 0x55, 0x56, 0x66, 0x05, 0x55, 0x77, 0x66, 0x05, 0x00, 0x77, 0x76,
    0x00, 0x00, 0x55, 0x55, 0x00, 0x05, 0x57, 0x77, 0x00, 0x05, 0x77, 0x77, 0x00, 0x55, 0x77, 0x77,
    0x05, 0x55, 0x57, 0x77, 0x77, 0x55, 0x55, 0x55, 0x77, 0x75, 0x55, 0x55, 0x07, 0x77, 0x00, 0x00,
    0x00, 0x00, 0x00, 0x00, 0x55, 0x00, 0x00, 0x00, 0x57, 0x77, 0x70, 0x00, 0x77, 0x77, 0x77, 0x00,
    0x77, 0x77, 0x70, 0x00, 0x76, 0x65, 0x60, 0x00, 0x76, 0x67, 0x66, 0x60, 0x66, 0x66, 0x60, 0x00,
    0x56, 0x66, 0x66, 0x00, 0x77, 0x76, 0x66, 0x00, 0x77, 0x76, 0x60, 0x00, 0x77, 0x75, 0x00, 0x00,
    0x55, 0x57, 0x70, 0x00, 0x77, 0x77, 0x70, 0x00, 0x55, 0x55, 0x77, 0x00, 0x00, 0x07, 0x77, 0x70,
    0x00, 0x07, 0x70, 0x55, 0x00, 0x76, 0x75, 0x55, 0x07, 0x76, 0x55, 0x77, 0x77, 0x66, 0x57, 0x77,
    0x77, 0x66, 0x76, 0x56, 0x67, 0x76, 0x76, 0x76, 0x06, 0x77, 0x56, 0x67, 0x00, 0x67, 0x55, 0x67,
    0x00, 0x06, 0x55, 0x56, 0x00, 0x00, 0x75, 0x55, 0x00, 0x00, 0x57, 0x57, 0x00, 0x00, 0x55, 0x77,
    0x00, 0x07, 0x75, 0x57, 0x00, 0x77, 0x70, 0x55, 0x00, 0x00, 0x00, 0x00, 0x00, 0x00, 0x00, 0x00,
    0x55, 0x50, 0x00, 0x00, 0x55, 0x55, 0x00, 0x00, 0x77, 0x55, 0x50, 0x00, 0x77, 0x75, 0x50, 0x60,
    0x65, 0x77, 0x56, 0x60, 0x67, 0x67, 0x56, 0x00, 0x76, 0x66, 0x60, 0x00, 0x76, 0x67, 0x70, 0x00,
    0x66, 0x77, 0x77, 0x00, 0x55, 0x77, 0x77, 0x00, 0x77, 0x77, 0x75, 0x00, 0x57, 0x77, 0x55, 0x00,
    0x76, 0x67, 0x55, 0x70, 0x66, 0x65, 0x57, 0x77, 0x66, 0x60, 0x77, 0x77, 0x00, 0x00, 0x00, 0x00,
    0x00, 0x07, 0x55, 0x55, 0x06, 0x05, 0x55, 0x55, 0x06, 0x75, 0x55, 0x55, 0x06, 0x65, 0x55, 0x55,
    0x07, 0x67, 0x55, 0x55, 0x07, 0x67, 0x75, 0x55, 0x07, 0x75, 0x77, 0x57, 0x07, 0x75, 0x57, 0x77,
    0x00, 0x75, 0x55, 0x55, 0x00, 0x75, 0x55, 0x55, 0x00, 0x57, 0x55, 0x55, 0x07, 0x55, 0x77, 0x77,
    0x77, 0x55, 0x55, 0x55, 0x77, 0x70, 0x00, 0x05, 0x00, 0x00, 0x00, 0x00, 0x00, 0x00, 0x00, 0x00,
    0x50, 0x00, 0x00, 0x00, 0x55, 0x00, 0x00, 0x00, 0x55, 0x50, 0x00, 0x00, 0x55, 0x50, 0x60, 0x00,
    0x55, 0x76, 0x60, 0x00, 0x77, 0x76, 0x00, 0x06, 0x77, 0x56, 0x00, 0x67, 0x75, 0x77, 0x76, 0x77,
    0x55, 0x77, 0x67, 0x77, 0x55, 0x76, 0x77, 0x77, 0x55, 0x67, 0x77, 0x70, 0x77, 0x76, 0x77, 0x00,
    0x55, 0x55, 0x60, 0x00, 0x55, 0x57, 0x70, 0x00, 0x00, 0x77, 0x77, 0x00, 0x00, 0x77, 0x77, 0x00,
    0x00, 0x00, 0x00, 0x00, 0x00, 0x00, 0x00, 0x00, 0x00, 0x00, 0x00, 0x00, 0x00, 0x00, 0x00, 0x00,
    0x00, 0x00, 0x00, 0x00, 0x00, 0x00, 0x00, 0x00, 0x00, 0x00, 0x00, 0x00, 0x00, 0x00, 0x00, 0x00,
    0x00, 0x00, 0x00, 0x00, 0x00, 0x00, 0x00, 0x00, 0x00, 0x00, 0x00, 0x00, 0x00, 0x00, 0x00, 0x00,
    0x00, 0x00, 0x00, 0x00, 0x00, 0x00, 0x00, 0x00, 0x00, 0x00, 0x00, 0x00, 0x00, 0x00, 0x00, 0x00,
    0x55, 0x50, 0x00, 0x00, 0x50, 0x00, 0x00, 0x00, 0x50, 0x00, 0x00, 0x00, 0x00, 0x00, 0x00, 0x00,
    0x00, 0x00, 0x00, 0x00, 0x00, 0x00, 0x00, 0x00, 0x00, 0x00, 0x00, 0x00, 0x00, 0x00, 0x00, 0x00,
    0x00, 0x00, 0x00, 0x00, 0x00, 0x00, 0x00, 0x00, 0x00, 0x00, 0x00, 0x00, 0x00, 0x00, 0x00, 0x00,
    0x00, 0x00, 0x00, 0x00, 0x50, 0x00, 0x00, 0x00, 0x50, 0x00, 0x00, 0x00, 0x55, 0x50, 0x00, 0x00,
    0x00, 0x07, 0x00, 0x00, 0x00, 0x77, 0x70, 0x00, 0x00, 0x77, 0x70, 0x00, 0x00, 0x77, 0x70, 0x00,
    0x00, 0x77, 0x70, 0x00, 0x00, 0x77, 0x70, 0x00, 0x00, 0x77, 0x70, 0x00, 0x00, 0x77, 0x70, 0x00,
    0x00, 0x77, 0x70, 0x00, 0x00, 0x77, 0x70, 0x00, 0x00, 0x77, 0x70, 0x00, 0x55, 0x55, 0x55, 0x50,
    0x50, 0x66, 0x60, 0x50, 0x00, 0x55, 0x50, 0x00, 0x00, 0x66, 0x60, 0x00, 0x00, 0x55, 0x50, 0x00,
    0x00, 0x70, 0x77, 0x00, 0x00, 0x07, 0x70, 0x00, 0x00, 0x07, 0x70, 0x00, 0x00, 0x57, 0x75, 0x00,
    0x05, 0x55, 0x55, 0x50, 0x56, 0x56, 0x56, 0x55, 0x65, 0x55, 0x55, 0x55, 0x55, 0x56, 0x55, 0x55,
    0x65, 0x65, 0x55, 0x55, 0x55, 0x55, 0x55, 0x65, 0x05, 0x65, 0x65, 0x50, 0x00, 0x55, 0x55, 0x00,
    0x00, 0x07, 0x70, 0x00, 0x00, 0x07, 0x70, 0x00, 0x00, 0x07, 0x70, 0x00, 0x00, 0x77, 0x07, 0x00,
    0x00, 0x05, 0x55, 0x00, 0x00, 0x07, 0x06, 0x00, 0x00, 0x07, 0x66, 0x00, 0x00, 0x07, 0x06, 0x00,
    0x00, 0x07, 0x66, 0x00, 0x00, 0x07, 0x06, 0x00, 0x00, 0x07, 0x66, 0x00, 0x00, 0x07, 0x06, 0x00,
    0x00, 0x07, 0x66, 0x00, 0x00, 0x07, 0x06, 0x00, 0x00, 0x07, 0x66, 0x00, 0x00, 0x07, 0x66, 0x00,
    0x00, 0x00, 0x60, 0x00, 0x00, 0x07, 0x66, 0x00, 0x00, 0x07, 0x06, 0x00, 0x00, 0x07, 0x66, 0x00,
    0x00, 0x00, 0x50, 0x00, 0x00, 0x55, 0x55, 0x00, 0x05, 0x55, 0x65, 0x00, 0x05, 0x56, 0x55, 0x50,
    0x00, 0x56, 0x65, 0x00, 0x00, 0x00, 0x00, 0x00, 0x00, 0x77, 0x77, 0x00, 0x00, 0x77, 0x77, 0x00,
    0x00, 0x77, 0x77, 0x00, 0x00, 0x77, 0x77, 0x06, 0x00, 0x77, 0x77, 0x06, 0x00, 0x77, 0x77, 0x06,
    0x00, 0x77, 0x77, 0x06, 0x00, 0x77, 0x77, 0x06, 0x66, 0x66, 0x66, 0x66, 0x06, 0x66, 0x66, 0x60,
    0x00, 0x00, 0x60, 0x00, 0x00, 0x00, 0x60, 0x00, 0x00, 0x06, 0x66, 0x00, 0x00, 0x06, 0x56, 0x00,
    0x00, 0x00, 0x50, 0x00, 0x00, 0x00, 0x50, 0x00, 0x00, 0x00, 0x50, 0x00, 0x00, 0x00, 0x50, 0x00,
    0x00, 0x00, 0x50, 0x00, 0x00, 0x00, 0x50, 0x00, 0x00, 0x07, 0x57, 0x00, 0x00, 0x70, 0x50, 0x70,
    0x00, 0x07, 0x57, 0x00, 0x00, 0x70, 0x50, 0x70, 0x00, 0x07, 0x57, 0x00, 0x00, 0x70, 0x50, 0x70,
    0x77, 0x70, 0x00, 0x00, 0x50, 0x07, 0x70, 0x00, 0x50, 0x00, 0x77, 0x00, 0x50, 0x00, 0x07, 0x70,
    0x50, 0x00, 0x07, 0x70, 0x50, 0x00, 0x00, 0x77, 0x50, 0x00, 0x00, 0x77, 0x50, 0x00, 0x00, 0x77,
    0x50, 0x00, 0x00, 0x77, 0x50, 0x00, 0x00, 0x77, 0x50, 0x00, 0x00, 0x77, 0x50, 0x00, 0x07, 0x70,
    0x50, 0x00, 0x07, 0x70, 0x50, 0x00, 0x77, 0x00, 0x50, 0x07, 0x70, 0x00, 0x77, 0x70, 0x00, 0x00,
    0x00, 0x00, 0x06, 0x00, 0x00, 0x06, 0x66, 0x55, 0x00, 0x60, 0x65, 0x50, 0x00, 0x60, 0x66, 0x65,
    0x56, 0x66, 0x66, 0x55, 0x66, 0x60, 0x65, 0x65, 0x00, 0x00, 0x66, 0x55, 0x06, 0x66, 0x65, 0x50,
    0x00, 0x00, 0x60, 0x00, 0x00, 0x00, 0x60, 0x00, 0x00, 0x00, 0x60, 0x00, 0x00, 0x00, 0x60, 0x00,
    0x06, 0x66, 0x60, 0x00, 0x00, 0x00, 0x60, 0x00, 0x06, 0x66, 0x60, 0x00, 0x00, 0x00, 0x60, 0x00,
    0x00, 0x66, 0x65, 0x00, 0x07, 0x66, 0x66, 0x50, 0x76, 0x50, 0x06, 0x65, 0x75, 0x00, 0x00, 0x65,
    0x75, 0x00, 0x00, 0x65, 0x66, 0x66, 0x66, 0x65, 0x76, 0x66, 0x65, 0x55, 0x00, 0x06, 0x50, 0x00,
    0x00, 0x06, 0x50, 0x00, 0x00, 0x06, 0x50, 0x00, 0x00, 0x06, 0x50, 0x00, 0x07, 0x66, 0x50, 0x00,
    0x06, 0x66, 0x50, 0x00, 0x00, 0x66, 0x50, 0x00, 0x06, 0x66, 0x50, 0x00, 0x00, 0x06, 0x50, 0x00,
    0x00, 0x00, 0x00, 0x00, 0x00, 0x00, 0x00, 0x00, 0x00, 0x00, 0x00, 0x00, 0x07, 0x77, 0x70, 0x00,
    0x77, 0x77, 0x77, 0x00, 0x77, 0x77, 0x77, 0x00, 0x77, 0x76, 0x67, 0x70, 0x77, 0x66, 0x66, 0x77,
    0x77, 0x65, 0x56, 0x77, 0x77, 0x66, 0x50, 0x00, 0x07, 0x76, 0x00, 0x00, 0x07, 0x77, 0x00, 0x00,
    0x00, 0x77, 0x00, 0x00, 0x00, 0x00, 0x00, 0x00, 0x00, 0x00, 0x00, 0x00, 0x00, 0x00, 0x00, 0x00,
    0x00, 0x07, 0x60, 0x00, 0x00, 0x77, 0x66, 0x00, 0x07, 0x77, 0x66, 0x60, 0x76, 0x76, 0x06, 0x06,
    0x77, 0x66, 0x60, 0x66, 0x77, 0x66, 0x60, 0x66, 0x77, 0x66, 0x60, 0x66, 0x77, 0x66, 0x60, 0x66,
    0x77, 0x66, 0x60, 0x66, 0x77, 0x66, 0x60, 0x66, 0x77, 0x66, 0x60, 0x66, 0x76, 0x76, 0x60, 0x66,
    0x66, 0x67, 0x06, 0x06, 0x06, 0x66, 0x66, 0x60, 0x00, 0x66, 0x66, 0x00, 0x00, 0x06, 0x60, 0x00,
    0x00, 0x00, 0x07, 0x00, 0x00, 0x00, 0x07, 0x00, 0x00, 0x00, 0x00, 0x70, 0x00, 0x00, 0x00, 0x07,
    0x00, 0x00, 0x00, 0x07, 0x00, 0x00, 0x00, 0x70, 0x00, 0x55, 0x55, 0x00, 0x05, 0x66, 0x55, 0x50,
    0x56, 0x76, 0x55, 0x55, 0x56, 0x65, 0x55, 0x55, 0x55, 0x55, 0x55, 0x55, 0x55, 0x55, 0x55, 0x55,
    0x05, 0x55, 0x55, 0x50, 0x00, 0x55, 0x55, 0x00, 0x00, 0x00, 0x00, 0x00, 0x00, 0x00, 0x00, 0x00,
    0x00, 0x00, 0x00, 0x00, 0x00, 0x00, 0x00, 0x00, 0x00, 0x00, 0x00, 0x00, 0x00, 0x00, 0x00, 0x00,
    0x00, 0x05, 0x67, 0x00, 0x00, 0x55, 0x70, 0x00, 0x06, 0x57, 0x00, 0x00, 0x06, 0x67, 0x00, 0x00,
    0x06, 0x67, 0x00, 0x00, 0x06, 0x67, 0x00, 0x00, 0x00, 0x66, 0x70, 0x00, 0x00, 0x06, 0x67, 0x00,
    0x00, 0x00, 0x00, 0x00, 0x00, 0x00, 0x00, 0x00, 0x00, 0x00, 0x00, 0x00, 0x00, 0x00, 0x00, 0x00,
    0x00, 0x00, 0x00, 0x00, 0x00, 0x00, 0x00, 0x00, 0x00, 0x00, 0x00, 0x00, 0x00, 0x00, 0x00, 0x00,
    0x67, 0x00, 0x00, 0x00, 0x67, 0x00, 0x00, 0x00, 0x65, 0x70, 0x00, 0x00, 0x55, 0x57, 0x00, 0x00,
    0x05, 0x66, 0x70, 0x00, 0x06, 0x66, 0x67, 0x00, 0x00, 0x66, 0x66, 0x77, 0x00, 0x00, 0x66, 0x66,
    0x00, 0x00, 0x00, 0x00, 0x00, 0x00, 0x00, 0x00, 0x00, 0x00, 0x00, 0x00, 0x00, 0x00, 0x00, 0x00,
    0x00, 0x00, 0x00, 0x00, 0x00, 0x00, 0x00, 0x00, 0x00, 0x00, 0x00, 0x00, 0x00, 0x00, 0x00, 0x00,
    0x00, 0x00, 0x00, 0x00, 0x00, 0x00, 0x00, 0x00, 0x70, 0x00, 0x00, 0x07, 0x67, 0x00, 0x00, 0x76,
    0x55, 0x77, 0x77, 0x66, 0x05, 0x56, 0x66, 0x60, 0x00, 0x66, 0x66, 0x00, 0x00, 0x00, 0x00, 0x00,
    0x00, 0x00, 0x00, 0x00, 0x00, 0x00, 0x00, 0x00, 0x00, 0x00, 0x00, 0x00, 0x00, 0x00, 0x00, 0x00,
    0x00, 0x00, 0x00, 0x00, 0x00, 0x00, 0x00, 0x00, 0x00, 0x00, 0x00, 0x00, 0x00, 0x00, 0x00, 0x00,
    0x07, 0x00, 0x07, 0x00, 0x00, 0x70, 0x77, 0x07, 0x70, 0x77, 0x77, 0x70, 0x07, 0x77, 0x77, 0x00,
    0x00, 0x77, 0x70, 0x00, 0x07, 0x77, 0x77, 0x00, 0x70, 0x07, 0x00, 0x00, 0x00, 0x00, 0x70, 0x00,
    0x00, 0x00, 0x00, 0x00, 0x00, 0x00, 0x00, 0x00, 0x00, 0x00, 0x00, 0x00, 0x00, 0x00, 0x00, 0x00,
    0x55, 0x50, 0x00, 0x00, 0x55, 0x50, 0x00, 0x00, 0x55, 0x50, 0x00, 0x00, 0x00, 0x00, 0x00, 0x00,
    0x00, 0x00, 0x00, 0x00, 0x00, 0x00, 0x00, 0x00, 0x00, 0x00, 0x00, 0x00, 0x00, 0x00, 0x00, 0x00,
    0x00, 0x00, 0x00, 0x00, 0x00, 0x00, 0x00, 0x00, 0x00, 0x00, 0x00, 0x00, 0x00, 0x00, 0x00, 0x00,
    0x00, 0x00, 0x00, 0x00, 0x00, 0x00, 0x00, 0x00, 0x00, 0x00, 0x00, 0x00, 0x00, 0x00, 0x00, 0x00,
    0x00, 0x66, 0x66, 0x00, 0x00, 0x05, 0x50, 0x00, 0x00, 0x77, 0x77, 0x00, 0x00, 0x75, 0x57, 0x00,
    0x00, 0x70, 0x07, 0x00, 0x00, 0x70, 0x07, 0x00, 0x07, 0x70, 0x07, 0x70, 0x70, 0x00, 0x00, 0x07,
    0x70, 0x00, 0x00, 0x07, 0x75, 0x55, 0x55, 0x57, 0x75, 0x55, 0x55, 0x67, 0x75, 0x65, 0x55, 0x57,
    0x75, 0x55, 0x65, 0x57, 0x77, 0x55, 0x55, 0x77, 0x77, 0x77, 0x77, 0x77, 0x07, 0x77, 0x77, 0x70,
    0x55, 0x55, 0x55, 0x50, 0x77, 0x77, 0x77, 0x55, 0x77, 0x77, 0x77, 0x75, 0x77, 0x77, 0x77, 0x55,
    0x75, 0x55, 0x55, 0x55, 0x75, 0x55, 0x55, 0x55, 0x75, 0x00, 0x00, 0x05, 0x75, 0x55, 0x55, 0x55,
    0x75, 0x05, 0x05, 0x05, 0x75, 0x55, 0x55, 0x55, 0x75, 0x55, 0x55, 0x55, 0x75, 0x55, 0x05, 0x55,
    0x75, 0x50, 0x00, 0x55, 0x55, 0x55, 0x05, 0x55, 0x05, 0x55, 0x55, 0x55, 0x05, 0x55, 0x55, 0x50,
    0x00, 0x00, 0x00, 0x00, 0x00, 0x00, 0x00, 0x00, 0x00, 0x00, 0x00, 0x00, 0x00, 0x55, 0x55, 0x00,
    0x05, 0x55, 0x55, 0x50, 0x05, 0x56, 0x65, 0x50, 0x55, 0x66, 0x66, 0x55, 0x55, 0x67, 0x76, 0x55,
    0x55, 0x67, 0x76, 0x55, 0x55, 0x66, 0x66, 0x55, 0x05, 0x56, 0x65, 0x50, 0x05, 0x55, 0x55, 0x50,
    0x00, 0x55, 0x55, 0x00, 0x00, 0x00, 0x00, 0x00, 0x00, 0x00, 0x00, 0x00, 0x00, 0x00, 0x00, 0x00,
    0x00, 0x00, 0x00, 0x00, 0x00, 0x00, 0x00, 0x00, 0x00, 0x00, 0x00, 0x00, 0x00, 0x05, 0x55, 0x00,
    0x00, 0x57, 0x55, 0x50, 0x05, 0x55, 0x55, 0x55, 0x06, 0x55, 0x55, 0x56, 0x00, 0x66, 0x66, 0x60,
    0x07, 0x60, 0x00, 0x05, 0x06, 0x00, 0x00, 0x06, 0x06, 0x60, 0x00, 0x60, 0x00, 0x66, 0x66, 0x00,
    0x00, 0x00, 0x00, 0x00, 0x00, 0x00, 0x00, 0x00, 0x00, 0x00, 0x00, 0x00, 0x00, 0x00, 0x00, 0x00,
    0x70, 0x00, 0x00, 0x00, 0x77, 0x00, 0x00, 0x00, 0x77, 0x70, 0x00, 0x00, 0x77, 0x70, 0x00, 0x00,
    0x07, 0x77, 0x00, 0x00, 0x07, 0x77, 0x00, 0x00, 0x00, 0x77, 0x05, 0x00, 0x00, 0x77, 0x70, 0x70,
    0x00, 0x07, 0x70, 0x50, 0x05, 0x07, 0x77, 0x55, 0x07, 0x00, 0x75, 0x50, 0x00, 0x50, 0x55, 0x60,
    0x00, 0x05, 0x56, 0x60, 0x00, 0x05, 0x06, 0x56, 0x00, 0x00, 0x00, 0x66, 0x00, 0x00, 0x00, 0x65,
    0x00, 0x05, 0x50, 0x00, 0x00, 0x57, 0x55, 0x00, 0x00, 0x55, 0x55, 0x00, 0x00, 0x75, 0x57, 0x00,
    0x00, 0x07, 0x70, 0x00, 0x00, 0x06, 0x60, 0x00, 0x00, 0x07, 0x70, 0x00, 0x00, 0x06, 0x60, 0x00,
    0x00, 0x06, 0x60, 0x00, 0x00, 0x06, 0x60, 0x00, 0x00, 0x06, 0x60, 0x00, 0x00, 0x06, 0x60, 0x00,
    0x00, 0x06, 0x60, 0x00, 0x00, 0x06, 0x60, 0x00, 0x00, 0x06, 0x60, 0x00, 0x00, 0x06, 0x60, 0x00,
    0x66, 0x06, 0x60, 0x66, 0x66, 0x66, 0x66, 0x66, 0x66, 0x66, 0x66, 0x66, 0x66, 0x55, 0x65, 0x67,
    0x06, 0x66, 0x66, 0x67, 0x66, 0x56, 0x56, 0x77, 0x66, 0x66, 0x67, 0x70, 0x65, 0x65, 0x77, 0x70,
    0x66, 0x67, 0x77, 0x70, 0x66, 0x77, 0x77, 0x00, 0x67, 0x77, 0x77, 0x00, 0x66, 0x67, 0x77, 0x00,
    0x65, 0x65, 0x70, 0x00, 0x06, 0x66, 0x70, 0x00, 0x66, 0x66, 0x70, 0x00, 0x66, 0x67, 0x00, 0x00,
    0x00, 0x00, 0x00, 0x00, 0x00, 0x05, 0x65, 0x00, 0x00, 0x55, 0x56, 0x50, 0x06, 0x66, 0x56, 0x55,
    0x05, 0x55, 0x60, 0x55, 0x55, 0x55, 0x00, 0x06, 0x66, 0x55, 0x00, 0x05, 0x77, 0x65, 0x00, 0x00,
    0x77, 0x65, 0x00, 0x00, 0x66, 0x55, 0x00, 0x00, 0x55, 0x55, 0x00, 0x05, 0x05, 0x55, 0x00, 0x06,
    0x05, 0x55, 0x60, 0x65, 0x00, 0x66, 0x55, 0x60, 0x00, 0x05, 0x56, 0x00, 0x00, 0x00, 0x00, 0x00,
    0x06, 0x55, 0x56, 0x00, 0x05, 0x65, 0x65, 0x00, 0x75, 0x55, 0x55, 0x57, 0x75, 0x66, 0x65, 0x57,
    0x75, 0x66, 0x65, 0x57, 0x07, 0x56, 0x55, 0x70, 0x05, 0x66, 0x65, 0x70, 0x06, 0x56, 0x56, 0x00,
    0x06, 0x75, 0x76, 0x00, 0x67, 0x55, 0x57, 0x60, 0x00, 0x65, 0x60, 0x70, 0x00, 0x66, 0x65, 0x00,
    0x00, 0x66, 0x00, 0x00, 0x00, 0x60, 0x00, 0x00, 0x00, 0x60, 0x00, 0x00, 0x00, 0x50, 0x00, 0x00,
    0x06, 0x55, 0x56, 0x00, 0x05, 0x65, 0x65, 0x00, 0x05, 0x55, 0x55, 0x50, 0x05, 0x66, 0x65, 0x50,
    0x07, 0x66, 0x65, 0x57, 0x75, 0x56, 0x55, 0x07, 0x75, 0x66, 0x65, 0x77, 0x76, 0x56, 0x57, 0x70,
    0x06, 0x05, 0x06, 0x70, 0x60, 0x55, 0x50, 0x67, 0x00, 0x65, 0x60, 0x00, 0x00, 0x66, 0x65, 0x00,
    0x00, 0x66, 0x00, 0x00, 0x00, 0x60, 0x00, 0x00, 0x00, 0x60, 0x00, 0x00, 0x00, 0x50, 0x00, 0x00,
    0x50, 0x00, 0x00, 0x00, 0x77, 0x77, 0x00, 0x00, 0x77, 0x77, 0x70, 0x00, 0x77, 0x77, 0x00, 0x77,
    0x66, 0x56, 0x00, 0x77, 0x66, 0x76, 0x66, 0x76, 0x66, 0x66, 0x00, 0x76, 0x66, 0x66, 0x00, 0x76,
    0x55, 0x77, 0x76, 0x76, 0x55, 0x57, 0x76, 0x76, 0x55, 0x57, 0x70, 0x76, 0x55, 0x70, 0x00, 0x76,
    0x77, 0x70, 0x00, 0x76, 0x55, 0x50, 0x00, 0x77, 0x00, 0x00, 0x00, 0x77, 0x70, 0x00, 0x00, 0x00,
    0x00, 0x00, 0x00, 0x00, 0x00, 0x00, 0x00, 0x00, 0x77, 0x77, 0x77, 0x77, 0x77, 0x77, 0x77, 0x77,
    0x77, 0x76, 0x67, 0x77, 0x77, 0x76, 0x67, 0x77, 0x76, 0x66, 0x66, 0x67, 0x76, 0x66, 0x66, 0x67,
    0x77, 0x76, 0x67, 0x77, 0x77, 0x76, 0x67, 0x77, 0x77, 0x76, 0x67, 0x77, 0x77, 0x76, 0x67, 0x77,
    0x07, 0x77, 0x77, 0x70, 0x00, 0x77, 0x77, 0x00, 0x00, 0x00, 0x00, 0x00, 0x00, 0x00, 0x00, 0x00,
    0x00, 0x00, 0x05, 0x55, 0x00, 0x00, 0x55, 0x55, 0x00, 0x60, 0x57, 0x77, 0x00, 0x60, 0x77, 0x77,
    0x00, 0x66, 0x76, 0x56, 0x00, 0x66, 0x76, 0x76, 0x00, 0x06, 0x66, 0x66, 0x00, 0x05, 0x56, 0x67,
    0x07, 0x77, 0x77, 0x66, 0x77, 0x67, 0x77, 0x75, 0x76, 0x66, 0x77, 0x67, 0x77, 0x67, 0x77, 0x65,
    0x77, 0x67, 0x77, 0x67, 0x77, 0x77, 0x77, 0x65, 0x06, 0x66, 0x66, 0x70, 0x00, 0x00, 0x77, 0x70,
    0x00, 0x00, 0x05, 0x55, 0x00, 0x00, 0x55, 0x55, 0x00, 0x60, 0x57, 0x77, 0x00, 0x60, 0x77, 0x77,
    0x00, 0x66, 0x76, 0x56, 0x00, 0x66, 0x76, 0x76, 0x00, 0x06, 0x66, 0x66, 0x00, 0x00, 0x56, 0x67,
    0x00, 0x77, 0x77, 0x76, 0x07, 0x76, 0x77, 0x77, 0x07, 0x66, 0x67, 0x76, 0x07, 0x76, 0x77, 0x76,
    0x07, 0x76, 0x77, 0x76, 0x07, 0x77, 0x77, 0x76, 0x00, 0x66, 0x66, 0x60, 0x00, 0x00, 0x00, 0x00,
    0x00, 0x00, 0x00, 0x00, 0x00, 0x06, 0x05, 0x00, 0x00, 0x50, 0x50, 0x05, 0x00, 0x50, 0x50, 0x55,
    0x00, 0x00, 0x55, 0x55, 0x06, 0x50, 0x55, 0x65, 0x05, 0x55, 0x56, 0x55, 0x05, 0x55, 0x56, 0x56,
    0x05, 0x55, 0x66, 0x56, 0x50, 0x56, 0x66, 0x66, 0x55, 0x56, 0x56, 0x67, 0x55, 0x56, 0x67, 0x67,
    0x05, 0x55, 0x66, 0x77, 0x05, 0x55, 0x66, 0x77, 0x00, 0x55, 0x55, 0x66, 0x00, 0x00, 0x05, 0x55,
    0x05, 0x00, 0x05, 0x00, 0x50, 0x00, 0x05, 0x00, 0x50, 0x50, 0x00, 0x00, 0x55, 0x50, 0x06, 0x00,
    0x55, 0x50, 0x50, 0x00, 0x55, 0x05, 0x50, 0x50, 0x55, 0x65, 0x55, 0x50, 0x55, 0x55, 0x55, 0x05,
    0x56, 0x55, 0x55, 0x05, 0x65, 0x65, 0x55, 0x55, 0x66, 0x66, 0x55, 0x55, 0x67, 0x66, 0x65, 0x50,
    0x77, 0x76, 0x65, 0x50, 0x77, 0x66, 0x55, 0x00, 0x66, 0x65, 0x55, 0x00, 0x55, 0x55, 0x00, 0x00,
    0x00, 0x00, 0x05, 0x55, 0x00, 0x00, 0x55, 0x55, 0x00, 0x60, 0x57, 0x77, 0x00, 0x60, 0x77, 0x77,
    0x00, 0x66, 0x76, 0x56, 0x00, 0x66, 0x76, 0x76, 0x77, 0x77, 0x77, 0x77, 0x77, 0x76, 0x67, 0x77,
    0x77, 0x76, 0x67, 0x77, 0x76, 0x66, 0x66, 0x67, 0x76, 0x66, 0x66, 0x67, 0x77, 0x76, 0x67, 0x77,
    0x77, 0x76, 0x67, 0x77, 0x77, 0x76, 0x67, 0x77, 0x07, 0x77, 0x77, 0x70, 0x00, 0x77, 0x77, 0x00,
    0x00, 0x00, 0x00, 0x00, 0x00, 0x00, 0x00, 0x00, 0x00, 0x00, 0x00, 0x00, 0x00, 0x07, 0x00, 0x00,
    0x00, 0x00, 0x00, 0x07, 0x00, 0x00, 0x07, 0x06, 0x00, 0x00, 0x00, 0x07, 0x00, 0x00, 0x76, 0x76,
    0x00, 0x00, 0x76, 0x76, 0x00, 0x00, 0x00, 0x07, 0x00, 0x00, 0x07, 0x06, 0x00, 0x00, 0x00, 0x07,
    0x00, 0x07, 0x00, 0x00, 0x00, 0x00, 0x00, 0x00, 0x00, 0x00, 0x00, 0x00, 0x00, 0x00, 0x00, 0x00,
    0x00, 0x00, 0x00, 0x07, 0x07, 0x00, 0x00, 0x00, 0x00, 0x60, 0x00, 0x07, 0x00, 0x07, 0x00, 0x07,
    0x00, 0x00, 0x70, 0x06, 0x00, 0x00, 0x07, 0x07, 0x00, 0x00, 0x00, 0x66, 0x70, 0x77, 0x67, 0x67,
    0x70, 0x77, 0x67, 0x67, 0x00, 0x00, 0x00, 0x66, 0x00, 0x00, 0x07, 0x07, 0x00, 0x00, 0x70, 0x06,
    0x00, 0x07, 0x00, 0x07, 0x00, 0x60, 0x00, 0x07, 0x07, 0x00, 0x00, 0x00, 0x00, 0x00, 0x00, 0x07,
    0x00, 0x00, 0x05, 0x55, 0x00, 0x00, 0x05, 0x55, 0x00, 0x00, 0x00, 0x07, 0x00, 0x00, 0x05, 0x55,
    0x00, 0x00, 0x55, 0x76, 0x00, 0x05, 0x57, 0x77, 0x00, 0x05, 0x77, 0x77, 0x00, 0x55, 0x75, 0x77,
    0x00, 0x57, 0x77, 0x57, 0x00, 0x56, 0x77, 0x75, 0x00, 0x57, 0x77, 0x77, 0x00, 0x55, 0x77, 0x77,
    0x00, 0x05, 0x77, 0x77, 0x00, 0x05, 0x57, 0x77, 0x00, 0x00, 0x55, 0x76, 0x00, 0x00, 0x05, 0x55,
    0x00, 0x00, 0x00, 0x00, 0x00, 0x00, 0x00, 0x00, 0x00, 0x06, 0x76, 0x00, 0x00, 0x75, 0x55, 0x70,
    0x06, 0x55, 0x55, 0x56, 0x07, 0x55, 0x55, 0x55, 0x06, 0x55, 0x55, 0x55, 0x07, 0x55, 0x55, 0x55,
    0x00, 0x65, 0x55, 0x55, 0x00, 0x75, 0x55, 0x55, 0x00, 0x06, 0x55, 0x55, 0x00, 0x00, 0x75, 0x55,
    0x00, 0x00, 0x06, 0x55, 0x00, 0x00, 0x00, 0x75, 0x00, 0x00, 0x00, 0x06, 0x00, 0x00, 0x00, 0x00,
    0x00, 0x00, 0x00, 0x00, 0x00, 0x00, 0x00, 0x00, 0x00, 0x00, 0x07, 0x77, 0x00, 0x00, 0x76, 0x65,
    0x00, 0x07, 0x66, 0x55, 0x00, 0x76, 0x65, 0x55, 0x00, 0x76, 0x67, 0x77, 0x00, 0x76, 0x60, 0x77,
    0x00, 0x57, 0x66, 0x07, 0x00, 0x55, 0x76, 0x60, 0x00, 0x55, 0x57, 0x77, 0x00, 0x05, 0x55, 0x55,
    0x00, 0x05, 0x55, 0x55, 0x00, 0x00, 0x05, 0x55, 0x00, 0x00, 0x00, 0x00, 0x00, 0x00, 0x00, 0x00,
    0x00, 0x77, 0x00, 0x07, 0x07, 0x77, 0x70, 0x77, 0x07, 0x77, 0x70, 0x77, 0x07, 0x77, 0x70, 0x77,
    0x07, 0x55, 0x55, 0x55, 0x05, 0x77, 0x70, 0x77, 0x07, 0x77, 0x70, 0x77, 0x07, 0x77, 0x75, 0x77,
    0x07, 0x77, 0x70, 0x77, 0x07, 0x77, 0x70, 0x77, 0x07, 0x55, 0x55, 0x55, 0x05, 0x77, 0x70, 0x77,
    0x07, 0x77, 0x70, 0x77, 0x07, 0x66, 0x75, 0x76, 0x06, 0x66, 0x60, 0x66, 0x00, 0x66, 0x00, 0x06,
    0x00, 0x00, 0x00, 0x00, 0x00, 0x00, 0x00, 0x00, 0x00, 0x00, 0x00, 0x00, 0x00, 0x00, 0x00, 0x00,
    0x00, 0x00, 0x00, 0x00, 0x00, 0x00, 0x00, 0x00, 0x00, 0x00, 0x00, 0x06, 0x00, 0x00, 0x00, 0x06,
    0x00, 0x00, 0x00, 0x66, 0x00, 0x00, 0x00, 0x66, 0x00, 0x00, 0x06, 0x66, 0x00, 0x00, 0x06, 0x66,
    0x00, 0x00, 0x66, 0x66, 0x00, 0x00, 0x66, 0x66, 0x00, 0x06, 0x66, 0x66, 0x00, 0x06, 0x66, 0x66,
    0x00, 0x55, 0x50, 0x00, 0x05, 0x00, 0x55, 0x00, 0x55, 0x00, 0x05, 0x50, 0x55, 0x00, 0x05, 0x50,
    0x55, 0x00, 0x05, 0x50, 0x05, 0x50, 0x05, 0x00, 0x00, 0x55, 0x50, 0x00, 0x00, 0x00, 0x00, 0x00,
    0x00, 0x05, 0x50, 0x00, 0x00, 0x55, 0x50, 0x00, 0x00, 0x05, 0x50, 0x00, 0x00, 0x05, 0x50, 0x00,
    0x00, 0x05, 0x50, 0x00, 0x00, 0x05, 0x50, 0x00, 0x05, 0x55, 0x55, 0x50, 0x00, 0x00, 0x00, 0x00,
    0x05, 0x55, 0x55, 0x00, 0x55, 0x00, 0x05, 0x50, 0x00, 0x00, 0x55, 0x50, 0x00, 0x55, 0x55, 0x00,
    0x05, 0x55, 0x50, 0x00, 0x55, 0x50, 0x00, 0x00, 0x55, 0x55, 0x55, 0x50, 0x00, 0x00, 0x00, 0x00,
    0x05, 0x55, 0x55, 0x50, 0x00, 0x00, 0x55, 0x00, 0x00, 0x05, 0x50, 0x00, 0x00, 0x55, 0x55, 0x00,
    0x00, 0x00, 0x05, 0x50, 0x55, 0x00, 0x05, 0x50, 0x05, 0x55, 0x55, 0x00, 0x00, 0x00, 0x00, 0x00,
    0x00, 0x05, 0x55, 0x00, 0x00, 0x55, 0x55, 0x00, 0x05, 0x50, 0x55, 0x00, 0x55, 0x00, 0x55, 0x00,
    0x55, 0x55, 0x55, 0x50, 0x00, 0x00, 0x55, 0x00, 0x00, 0x00, 0x55, 0x00, 0x00, 0x00, 0x00, 0x00,
    0x55, 0x55, 0x55, 0x00, 0x55, 0x00, 0x00, 0x00, 0x55, 0x55, 0x55, 0x00, 0x00, 0x00, 0x05, 0x50,
    0x00, 0x00, 0x05, 0x50, 0x55, 0x00, 0x05, 0x50, 0x05, 0x55, 0x55, 0x00, 0x00, 0x00, 0x00, 0x00,
    0x00, 0x55, 0x55, 0x00, 0x05, 0x50, 0x00, 0x00, 0x55, 0x00, 0x00, 0x00, 0x55, 0x55, 0x55, 0x00,
    0x55, 0x00, 0x05, 0x50, 0x55, 0x00, 0x05, 0x50, 0x05, 0x55, 0x55, 0x00, 0x00, 0x00, 0x00, 0x00,
    0x55, 0x55, 0x55, 0x50, 0x55, 0x00, 0x05, 0x50, 0x00, 0x00, 0x55, 0x00, 0x00, 0x05, 0x50, 0x00,
    0x00, 0x55, 0x00, 0x00, 0x00, 0x55, 0x00, 0x00, 0x00, 0x55, 0x00, 0x00, 0x00, 0x00, 0x00, 0x00,
    0x05, 0x55, 0x50, 0x00, 0x55, 0x00, 0x05, 0x00, 0x55, 0x50, 0x05, 0x00, 0x05, 0x55, 0x50, 0x00,
    0x50, 0x00, 0x05, 0x50, 0x50, 0x00, 0x05, 0x50, 0x05, 0x55, 0x55, 0x00, 0x00, 0x00, 0x00, 0x00,
    0x05, 0x55, 0x55, 0x00, 0x55, 0x00, 0x05, 0x50, 0x55, 0x00, 0x05, 0x50, 0x05, 0x55, 0x55, 0x50,
    0x00, 0x00, 0x05, 0x50, 0x00, 0x00, 0x55, 0x00, 0x05, 0x55, 0x50, 0x00, 0x00, 0x00, 0x00, 0x00,
    0x00, 0x55, 0x50, 0x00, 0x05, 0x50, 0x55, 0x00, 0x55, 0x00, 0x05, 0x50, 0x55, 0x00, 0x05, 0x50,
    0x55, 0x55, 0x55, 0x50, 0x55, 0x00, 0x05, 0x50, 0x55, 0x00, 0x05, 0x50, 0x00, 0x00, 0x00, 0x00,
    0x55, 0x55, 0x55, 0x00, 0x55, 0x00, 0x05, 0x50, 0x55, 0x00, 0x05, 0x50, 0x55, 0x55, 0x55, 0x00,
    0x55, 0x00, 0x05, 0x50, 0x55, 0x00, 0x05, 0x50, 0x55, 0x55, 0x55, 0x00, 0x00, 0x00, 0x00, 0x00,
    0x00, 0x55, 0x55, 0x00, 0x05, 0x50, 0x05, 0x50, 0x55, 0x00, 0x00, 0x00, 0x55, 0x00, 0x00, 0x00,
    0x55, 0x00, 0x00, 0x00, 0x05, 0x50, 0x05, 0x50, 0x00, 0x55, 0x55, 0x00, 0x00, 0x00, 0x00, 0x00,
    0x55, 0x55, 0x50, 0x00, 0x55, 0x00, 0x55, 0x00, 0x55, 0x00, 0x05, 0x50, 0x55, 0x00, 0x05, 0x50,
    0x55, 0x00, 0x05, 0x50, 0x55, 0x00, 0x55, 0x00, 0x55, 0x55, 0x50, 0x00, 0x00, 0x00, 0x00, 0x00,
    0x55, 0x55, 0x55, 0x50, 0x55, 0x00, 0x00, 0x00, 0x55, 0x00, 0x00, 0x00, 0x55, 0x55, 0x55, 0x00,
    0x55, 0x00, 0x00, 0x00, 0x55, 0x00, 0x00, 0x00, 0x55, 0x55, 0x55, 0x50, 0x00, 0x00, 0x00, 0x00,
    0x55, 0x55, 0x55, 0x50, 0x55, 0x00, 0x00, 0x00, 0x55, 0x00, 0x00, 0x00, 0x55, 0x55, 0x55, 0x00,
    0x55, 0x00, 0x00, 0x00, 0x55, 0x00, 0x00, 0x00, 0x55, 0x00, 0x00, 0x00, 0x00, 0x00, 0x00, 0x00,
    0x00, 0x55, 0x55, 0x50, 0x05, 0x50, 0x00, 0x00, 0x55, 0x00, 0x00, 0x00, 0x55, 0x00, 0x55, 0x50,
    0x55, 0x00, 0x05, 0x50, 0x05, 0x50, 0x05, 0x50, 0x00, 0x55, 0x55, 0x50, 0x00, 0x00, 0x00, 0x00,
    0x55, 0x00, 0x05, 0x50, 0x55, 0x00, 0x05, 0x50, 0x55, 0x00, 0x05, 0x50, 0x55, 0x55, 0x55, 0x50,
    0x55, 0x00, 0x05, 0x50, 0x55, 0x00, 0x05, 0x50, 0x55, 0x00, 0x05, 0x50, 0x00, 0x00, 0x00, 0x00,
    0x00, 0x55, 0x55, 0x00, 0x00, 0x05, 0x50, 0x00, 0x00, 0x05, 0x50, 0x00, 0x00, 0x05, 0x50, 0x00,
    0x00, 0x05, 0x50, 0x00, 0x00, 0x05, 0x50, 0x00, 0x00, 0x55, 0x55, 0x00, 0x00, 0x00, 0x00, 0x00,
    0x00, 0x05, 0x55, 0x50, 0x00, 0x00, 0x05, 0x50, 0x00, 0x00, 0x05, 0x50, 0x00, 0x00, 0x05, 0x50,
    0x55, 0x00, 0x05, 0x50, 0x55, 0x00, 0x05, 0x50, 0x05, 0x55, 0x55, 0x00, 0x00, 0x00, 0x00, 0x00,
    0x55, 0x00, 0x05, 0x50, 0x55, 0x00, 0x55, 0x00, 0x55, 0x05, 0x50, 0x00, 0x55, 0x55, 0x00, 0x00,
    0x55, 0x05, 0x50, 0x00, 0x55, 0x00, 0x55, 0x00, 0x55, 0x00, 0x05, 0x50, 0x00, 0x00, 0x00, 0x00,
    0x05, 0x50, 0x00, 0x00, 0x05, 0x50, 0x00, 0x00, 0x05, 0x50, 0x00, 0x00, 0x05, 0x50, 0x00, 0x00,
    0x05, 0x50, 0x00, 0x00, 0x05, 0x50, 0x00, 0x00, 0x05, 0x55, 0x55, 0x50, 0x00, 0x00, 0x00, 0x00,
    0x55, 0x00, 0x05, 0x50, 0x55, 0x50, 0x55, 0x50, 0x55, 0x55, 0x55, 0x50, 0x55, 0x55, 0x55, 0x50,
    0x55, 0x05, 0x05, 0x50, 0x55, 0x00, 0x05, 0x50, 0x55, 0x00, 0x05, 0x50, 0x00, 0x00, 0x00, 0x00,
    0x55, 0x00, 0x05, 0x50, 0x55, 0x50, 0x05, 0x50, 0x55, 0x55, 0x05, 0x50, 0x55, 0x55, 0x55, 0x50,
    0x55, 0x05, 0x55, 0x50, 0x55, 0x00, 0x55, 0x50, 0x55, 0x00, 0x05, 0x50, 0x00, 0x00, 0x00, 0x00,
    0x05, 0x55, 0x55, 0x00, 0x55, 0x00, 0x05, 0x50, 0x55, 0x00, 0x05, 0x50, 0x55, 0x00, 0x05, 0x50,
    0x55, 0x00, 0x05, 0x50, 0x55, 0x00, 0x05, 0x50, 0x05, 0x55, 0x55, 0x00, 0x00, 0x00, 0x00, 0x00,
    0x55, 0x55, 0x55, 0x00, 0x55, 0x00, 0x05, 0x50, 0x55, 0x00, 0x05, 0x50, 0x55, 0x55, 0x55, 0x00,
    0x55, 0x00, 0x00, 0x00, 0x55, 0x00, 0x00, 0x00, 0x55, 0x00, 0x00, 0x00, 0x00, 0x00, 0x00, 0x00,
    0x05, 0x55, 0x55, 0x00, 0x55, 0x00, 0x05, 0x50, 0x55, 0x00, 0x05, 0x50, 0x55, 0x00, 0x05, 0x50,
    0x55, 0x05, 0x55, 0x50, 0x55, 0x00, 0x55, 0x00, 0x05, 0x55, 0x50, 0x50, 0x00, 0x00, 0x00, 0x00,
    0x55, 0x55, 0x55, 0x00, 0x55, 0x00, 0x05, 0x50, 0x55, 0x00, 0x05, 0x50, 0x55, 0x55, 0x55, 0x00,
    0x55, 0x05, 0x50, 0x00, 0x55, 0x00, 0x55, 0x00, 0x55, 0x00, 0x05, 0x50, 0x00, 0x00, 0x00, 0x00,
    0x05, 0x55, 0x50, 0x00, 0x55, 0x00, 0x55, 0x00, 0x55, 0x00, 0x00, 0x00, 0x05, 0x55, 0x55, 0x00,
    0x00, 0x00, 0x05, 0x50, 0x55, 0x00, 0x05, 0x50, 0x05, 0x55, 0x55, 0x00, 0x00, 0x00, 0x00, 0x00,
    0x05, 0x55, 0x55, 0x50, 0x00, 0x05, 0x50, 0x00, 0x00, 0x05, 0x50, 0x00, 0x00, 0x05, 0x50, 0x00,
    0x00, 0x05, 0x50, 0x00, 0x00, 0x05, 0x50, 0x00, 0x00, 0x05, 0x50, 0x00, 0x00, 0x00, 0x00, 0x00,
    0x55, 0x00, 0x05, 0x50, 0x55, 0x00, 0x05, 0x50, 0x55, 0x00, 0x05, 0x50, 0x55, 0x00, 0x05, 0x50,
    0x55, 0x00, 0x05, 0x50, 0x55, 0x00, 0x05, 0x50, 0x05, 0x55, 0x55, 0x00, 0x00, 0x00, 0x00, 0x00,
    0x55, 0x00, 0x05, 0x50, 0x55, 0x00, 0x05, 0x50, 0x55, 0x00, 0x05, 0x50, 0x55, 0x50, 0x55, 0x50,
    0x05, 0x55, 0x55, 0x00, 0x00, 0x55, 0x50, 0x00, 0x00, 0x05, 0x00, 0x00, 0x00, 0x00, 0x00, 0x00,
    0x55, 0x00, 0x05, 0x50, 0x55, 0x00, 0x05, 0x50, 0x55, 0x05, 0x05, 0x50, 0x55, 0x55, 0x55, 0x50,
    0x55, 0x55, 0x55, 0x50, 0x55, 0x50, 0x55, 0x50, 0x55, 0x00, 0x05, 0x50, 0x00, 0x00, 0x00, 0x00,
    0x55, 0x00, 0x05, 0x50, 0x55, 0x50, 0x55, 0x50, 0x05, 0x55, 0x55, 0x00, 0x00, 0x55, 0x50, 0x00,
    0x05, 0x55, 0x55, 0x00, 0x55, 0x50, 0x55, 0x50, 0x55, 0x00, 0x05, 0x50, 0x00, 0x00, 0x00, 0x00,
    0x05, 0x50, 0x05, 0x50, 0x05, 0x50, 0x05, 0x50, 0x05, 0x50, 0x05, 0x50, 0x00, 0x55, 0x55, 0x00,
    0x00, 0x05, 0x50, 0x00, 0x00, 0x05, 0x50, 0x00, 0x00, 0x05, 0x50, 0x00, 0x00, 0x00, 0x00, 0x00,
    0x55, 0x55, 0x55, 0x50, 0x00, 0x00, 0x55, 0x50, 0x00, 0x05, 0x55, 0x00, 0x00, 0x55, 0x50, 0x00,
    0x05, 0x55, 0x00, 0x00, 0x55, 0x50, 0x00, 0x00, 0x55, 0x55, 0x55, 0x50, 0x00, 0x00, 0x00, 0x00,
    0x00, 0x00, 0x00, 0x00, 0x00, 0x00, 0x00, 0x00, 0x00, 0x00, 0x00, 0x00, 0x00, 0x00, 0x00, 0x00,
    0x00, 0x00, 0x00, 0x00, 0x00, 0x00, 0x00, 0x00, 0x00, 0x00, 0x00, 0x00, 0x00, 0x00, 0x00, 0x00,
    0x55, 0x55, 0x55, 0x55, 0x55, 0x55, 0x55, 0x55, 0x55, 0x55, 0x55, 0x55, 0x55, 0x55, 0x55, 0x55,
    0x55, 0x55, 0x55, 0x55, 0x55, 0x55, 0x55, 0x55, 0x55, 0x55, 0x55, 0x55, 0x55, 0x55, 0x55, 0x55,
    0x66, 0x66, 0x66, 0x66, 0x66, 0x66, 0x66, 0x66, 0x66, 0x66, 0x66, 0x66, 0x66, 0x66, 0x66, 0x66,
    0x66, 0x66, 0x66, 0x66, 0x66, 0x66, 0x66, 0x66, 0x66, 0x66, 0x66, 0x66, 0x66, 0x66, 0x66, 0x66,
    0x77, 0x77, 0x77, 0x77, 0x77, 0x77, 0x77, 0x77, 0x77, 0x77, 0x77, 0x77, 0x77, 0x77, 0x77, 0x77,
    0x77, 0x77, 0x77, 0x77, 0x77, 0x77, 0x77, 0x77, 0x77, 0x77, 0x77, 0x77, 0x77, 0x77, 0x77, 0x77,
    0x00, 0x00, 0x00, 0x00, 0x00, 0x00, 0x00, 0x00, 0x00, 0x00, 0x00, 0x00, 0x00, 0x00, 0x00, 0x00,
    0x00, 0x55, 0x00, 0x00, 0x00, 0x05, 0x00, 0x00, 0x00, 0x50, 0x00, 0x00, 0x00, 0x00, 0x00, 0x00,
    0x00, 0x05, 0x50, 0x00, 0x00, 0x05, 0x50, 0x00, 0x00, 0x05, 0x50, 0x00, 0x00, 0x05, 0x50, 0x00,
    0x00, 0x05, 0x50, 0x00, 0x00, 0x00, 0x00, 0x00, 0x00, 0x05, 0x50, 0x00, 0x00, 0x00, 0x00, 0x00,
    0x00, 0x55, 0x00, 0x00, 0x00, 0x05, 0x00, 0x00, 0x00, 0x50, 0x00, 0x00, 0x00, 0x00, 0x00, 0x00,
    0x00, 0x00, 0x00, 0x00, 0x00, 0x00, 0x00, 0x00, 0x00, 0x00, 0x00, 0x00, 0x00, 0x00, 0x00, 0x00,
    0x05, 0x55, 0x00, 0x00, 0x50, 0x00, 0x50, 0x00, 0x05, 0x05, 0x00, 0x00, 0x00, 0x50, 0x00, 0x00,
    0x05, 0x05, 0x05, 0x00, 0x50, 0x00, 0x50, 0x00, 0x05, 0x55, 0x05, 0x50, 0x00, 0x00, 0x00, 0x00,
    0x00, 0x00, 0x00, 0x00, 0x00, 0x00, 0x00, 0x00, 0x00, 0x00, 0x00, 0x00, 0x00, 0x00, 0x00, 0x00,
    0x00, 0x00, 0x00, 0x00, 0x00, 0x55, 0x00, 0x00, 0x00, 0x55, 0x00, 0x00, 0x00, 0x00, 0x00, 0x00,
    0x00, 0x50, 0x05, 0x00, 0x00, 0x50, 0x05, 0x00, 0x00, 0x50, 0x05, 0x00, 0x00, 0x00, 0x00, 0x00,
    0x00, 0x00, 0x00, 0x00, 0x00, 0x00, 0x00, 0x00, 0x00, 0x00, 0x00, 0x00, 0x00, 0x00, 0x00, 0x00,
    0x00, 0x55, 0x50, 0x00, 0x05, 0x00, 0x05, 0x00, 0x00, 0x00, 0x05, 0x00, 0x00, 0x00, 0x50, 0x00,
    0x00, 0x05, 0x00, 0x00, 0x00, 0x00, 0x00, 0x00, 0x00, 0x05, 0x00, 0x00, 0x00, 0x00, 0x00, 0x00,
    0x00, 0x00, 0x00, 0x00, 0x00, 0x00, 0x00, 0x00, 0x00, 0x00, 0x00, 0x00, 0x55, 0x55, 0x55, 0x00,
    0x00, 0x00, 0x00, 0x00, 0x00, 0x00, 0x00, 0x00, 0x00, 0x00, 0x00, 0x00, 0x00, 0x00, 0x00, 0x00,
    0x00, 0x00, 0x00, 0x00, 0x00, 0x00, 0x00, 0x00, 0x00, 0x00, 0x00, 0x00, 0x00, 0x00, 0x00, 0x00,
    0x00, 0x00, 0x00, 0x00, 0x00, 0x00, 0x00, 0x00, 0x00, 0x00, 0x00, 0x00, 0x00, 0x00, 0x00, 0x00,
    0x00, 0x00, 0x00, 0x00, 0x00, 0x00, 0x00, 0x00, 0x00, 0x00, 0x00, 0x00, 0x00, 0x00, 0x00, 0x00,
    0x00, 0x00, 0x00, 0x00, 0x00, 0x00, 0x00, 0x00, 0x00, 0x00, 0x00, 0x00, 0x00, 0x00, 0x00, 0x00,
    0x00, 0x00, 0x00, 0x00, 0x00, 0x00, 0x00, 0x00, 0x00, 0x00, 0x00, 0x00, 0x00, 0x00, 0x00, 0x00,
    0x00, 0x00, 0x00, 0x00, 0x00, 0x00, 0x00, 0x00, 0x00, 0x00, 0x00, 0x00, 0x00, 0x00, 0x00, 0x00,
    0x00, 0x00, 0x00, 0x00, 0x00, 0x00, 0x00, 0x00, 0x00, 0x00, 0x00, 0x00, 0x00, 0x00, 0x00, 0x00,
    0x00, 0x00, 0x00, 0x00, 0x00, 0x00, 0x00, 0x00, 0x00, 0x00, 0x00, 0x00, 0x00, 0x00, 0x00, 0x00,
    0x00, 0x00, 0x00, 0x00, 0x00, 0x00, 0x00, 0x00, 0x00, 0x00, 0x00, 0x00, 0x00, 0x00, 0x00, 0x00,
    0x00, 0x00, 0x00, 0x00, 0x00, 0x00, 0x00, 0x00, 0x00, 0x00, 0x00, 0x00, 0x00, 0x00, 0x00, 0x00,
    0x00, 0x00, 0x00, 0x00, 0x00, 0x00, 0x00, 0x00, 0x00, 0x00, 0x00, 0x00, 0x00, 0x00, 0x00, 0x00,
    0x00, 0x00, 0x00, 0x00, 0x00, 0x00, 0x00, 0x00, 0x00, 0x00, 0x00, 0x00, 0x00, 0x00, 0x00, 0x00,
    0x00, 0x00, 0x00, 0x00, 0x00, 0x00, 0x00, 0x00, 0x00, 0x00, 0x00, 0x00, 0x00, 0x00, 0x00, 0x00,
    0x00, 0x00, 0x00, 0x00, 0x00, 0x00, 0x00, 0x00, 0x00, 0x00, 0x00, 0x00, 0x00, 0x00, 0x00, 0x00,
    0x00, 0x00, 0x00, 0x00, 0x00, 0x00, 0x00, 0x00, 0x00, 0x00, 0x00, 0x00, 0x00, 0x00, 0x00, 0x00,
    0x00, 0x00, 0x00, 0x00, 0x00, 0x00, 0x00, 0x00, 0x00, 0x00, 0x00, 0x00, 0x00, 0x00, 0x00, 0x00,
    0x00, 0x00, 0x00, 0x00, 0x00, 0x00, 0x00, 0x00, 0x00, 0x00, 0x00, 0x00, 0x00, 0x00, 0x00, 0x00,
    0x00, 0x00, 0x00, 0x00, 0x00, 0x00, 0x00, 0x00, 0x00, 0x00, 0x00, 0x00, 0x00, 0x00, 0x00, 0x00,
    0x00, 0x00, 0x00, 0x00, 0x00, 0x00, 0x00, 0x00, 0x00, 0x00, 0x00, 0x00, 0x00, 0x00, 0x00, 0x00,
    0x00, 0x00, 0x00, 0x00, 0x00, 0x00, 0x00, 0x00, 0x00, 0x00, 0x00, 0x00, 0x00, 0x00, 0x00, 0x00,
    0x00, 0x00, 0x00, 0x00, 0x00, 0x00, 0x00, 0x00, 0x00, 0x00, 0x00, 0x00, 0x00, 0x00, 0x00, 0x00,
    0x00, 0x00, 0x00, 0x00, 0x00, 0x00, 0x00, 0x00, 0x00, 0x00, 0x00, 0x00, 0x00, 0x00, 0x00, 0x00,
    0x00, 0x00, 0x00, 0x00, 0x00, 0x00, 0x00, 0x00, 0x00, 0x00, 0x00, 0x00, 0x00, 0x00, 0x00, 0x00,
    0x00, 0x00, 0x00, 0x00, 0x00, 0x00, 0x00, 0x00, 0x00, 0x00, 0x00, 0x00, 0x00, 0x00, 0x00, 0x00,
    0x00, 0x00, 0x00, 0x00, 0x00, 0x00, 0x00, 0x00, 0x00, 0x00, 0x00, 0x00, 0x00, 0x00, 0x00, 0x00,
    0x00, 0x00, 0x00, 0x00, 0x00, 0x00, 0x00, 0x00, 0x00, 0x00, 0x00, 0x00, 0x00, 0x00, 0x00, 0x00,
    0x00, 0x00, 0x00, 0x00, 0x00, 0x00, 0x00, 0x00, 0x00, 0x00, 0x00, 0x00, 0x00, 0x00, 0x00, 0x00,
    0x00, 0x00, 0x00, 0x00, 0x00, 0x00, 0x00, 0x00, 0x00, 0x00, 0x00, 0x00, 0x00, 0x00, 0x00, 0x00,
    0x00, 0x00, 0x00, 0x00, 0x00, 0x00, 0x00, 0x00, 0x00, 0x00, 0x00, 0x00, 0x00, 0x00, 0x00, 0x00,
    0x00, 0x00, 0x00, 0x00, 0x00, 0x00, 0x00, 0x00, 0x00, 0x00, 0x00, 0x00, 0x00, 0x00, 0x00, 0x00,
    0x00, 0x00, 0x00, 0x00, 0x00, 0x00, 0x00, 0x00, 0x00, 0x00, 0x00, 0x00, 0x00, 0x00, 0x00, 0x00,
    0x00, 0x00, 0x00, 0x00, 0x00, 0x00, 0x00, 0x00, 0x00, 0x00, 0x00, 0x00, 0x00, 0x00, 0x00, 0x00,
    0x00, 0x00, 0x00, 0x00, 0x00, 0x00, 0x00, 0x00, 0x00, 0x00, 0x00, 0x00, 0x00, 0x00, 0x00, 0x00,
    0x00, 0x00, 0x00, 0x00, 0x00, 0x00, 0x00, 0x00, 0x00, 0x00, 0x00, 0x00, 0x00, 0x00, 0x00, 0x00,
    0x00, 0x00, 0x00, 0x00, 0x00, 0x00, 0x00, 0x00, 0x00, 0x00, 0x00, 0x00, 0x00, 0x00, 0x00, 0x00,
    0x00, 0x00, 0x00, 0x00, 0x00, 0x00, 0x00, 0x00, 0x00, 0x00, 0x00, 0x00, 0x00, 0x00, 0x00, 0x00,
    0x00, 0x00, 0x00, 0x00, 0x00, 0x00, 0x00, 0x00, 0x00, 0x00, 0x00, 0x00, 0x00, 0x00, 0x00, 0x00,
    0x00, 0x00, 0x00, 0x00, 0x00, 0x00, 0x00, 0x00, 0x00, 0x00, 0x00, 0x00, 0x00, 0x00, 0x00, 0x00,
    0x00, 0x00, 0x00, 0x00, 0x00, 0x00, 0x00, 0x00, 0x00, 0x00, 0x00, 0x00, 0x00, 0x00, 0x00, 0x00,
    0x00, 0x00, 0x00, 0x00, 0x00, 0x00, 0x00, 0x00, 0x00, 0x00, 0x00, 0x00, 0x00, 0x00, 0x00, 0x00,
    0x00, 0x00, 0x00, 0x00, 0x00, 0x00, 0x00, 0x00, 0x00, 0x00, 0x00, 0x00, 0x00, 0x00, 0x00, 0x00,
    0x00, 0x00, 0x00, 0x00, 0x00, 0x00, 0x00, 0x00, 0x00, 0x00, 0x00, 0x00, 0x00, 0x00, 0x00, 0x00,
    0x00, 0x00, 0x00, 0x00, 0x00, 0x00, 0x00, 0x00, 0x00, 0x00, 0x00, 0x00, 0x00, 0x00, 0x00, 0x00,
    0x00, 0x00, 0x00, 0x00, 0x00, 0x00, 0x00, 0x00, 0x00, 0x00, 0x00, 0x00, 0x00, 0x00, 0x00, 0x00,
    0x00, 0x00, 0x00, 0x00, 0x00, 0x00, 0x00, 0x00, 0x00, 0x00, 0x00, 0x00, 0x00, 0x00, 0x00, 0x00,
    0x00, 0x00, 0x00, 0x00, 0x00, 0x00, 0x00, 0x00, 0x00, 0x00, 0x00, 0x00, 0x00, 0x00, 0x00, 0x00,
    0x00, 0x00, 0x00, 0x00, 0x00, 0x00, 0x00, 0x00, 0x00, 0x00, 0x00, 0x00, 0x00, 0x00, 0x00, 0x00,
    0x00, 0x00, 0x00, 0x00, 0x00, 0x00, 0x00, 0x00, 0x00, 0x00, 0x00, 0x00, 0x00, 0x00, 0x00, 0x00,
    0x00, 0x00, 0x00, 0x00, 0x00, 0x00, 0x00, 0x00, 0x00, 0x00, 0x00, 0x00, 0x00, 0x00, 0x00, 0x00,
    0x00, 0x00, 0x00, 0x00, 0x00, 0x00, 0x00, 0x00, 0x00, 0x00, 0x00, 0x00, 0x00, 0x00, 0x00, 0x00,
    0x00, 0x00, 0x00, 0x00, 0x00, 0x00, 0x00, 0x00, 0x00, 0x00, 0x00, 0x00, 0x00, 0x00, 0x00, 0x00,
    0x00, 0x00, 0x00, 0x00, 0x00, 0x00, 0x00, 0x00, 0x00, 0x00, 0x00, 0x00, 0x00, 0x00, 0x00, 0x00,
    0x00, 0x00, 0x00, 0x00, 0x00, 0x00, 0x00, 0x00, 0x00, 0x00, 0x00, 0x00, 0x00, 0x00, 0x00, 0x00,
    0x00, 0x00, 0x00, 0x00, 0x00, 0x00, 0x00, 0x00, 0x00, 0x00, 0x00, 0x00, 0x00, 0x00, 0x00, 0x00,
    0x00, 0x00, 0x00, 0x00, 0x00, 0x00, 0x00, 0x00, 0x00, 0x00, 0x00, 0x00, 0x00, 0x00, 0x00, 0x00,
    0x00, 0x00, 0x00, 0x00, 0x00, 0x00, 0x00, 0x00, 0x00, 0x00, 0x00, 0x00, 0x00, 0x00, 0x00, 0x00,
    0x00, 0x00, 0x00, 0x00, 0x00, 0x00, 0x00, 0x00, 0x00, 0x00, 0x00, 0x00, 0x00, 0x00, 0x00, 0x00,
    0x00, 0x00, 0x00, 0x00, 0x00, 0x00, 0x00, 0x00, 0x00, 0x00, 0x00, 0x00, 0x00, 0x00, 0x00, 0x00,
    0x00, 0x00, 0x00, 0x00, 0x00, 0x00, 0x00, 0x00, 0x00, 0x00, 0x00, 0x00, 0x00, 0x00, 0x00, 0x00,
    0x00, 0x00, 0x00, 0x00, 0x00, 0x00, 0x00, 0x00, 0x00, 0x00, 0x00, 0x00, 0x00, 0x00, 0x00, 0x00,
    0x00, 0x00, 0x00, 0x00, 0x00, 0x00, 0x00, 0x00, 0x00, 0x00, 0x00, 0x00, 0x00, 0x00, 0x00, 0x00,
    0x00, 0x00, 0x00, 0x00, 0x00, 0x00, 0x00, 0x00, 0x00, 0x00, 0x00, 0x00, 0x00, 0x00, 0x00, 0x00,
    0x00, 0x00, 0x00, 0x00, 0x00, 0x00, 0x00, 0x00, 0x00, 0x00, 0x00, 0x00, 0x00, 0x00, 0x00, 0x00,
    0x00, 0x00, 0x00, 0x00, 0x00, 0x00, 0x00, 0x00, 0x00, 0x00, 0x00, 0x00, 0x00, 0x00, 0x00, 0x00,
    0x00, 0x00, 0x00, 0x00, 0x00, 0x00, 0x00, 0x00, 0x00, 0x00, 0x00, 0x00, 0x00, 0x00, 0x00, 0x00,
    0x00, 0x00, 0x00, 0x00, 0x00, 0x00, 0x00, 0x00, 0x00, 0x00, 0x00, 0x00, 0x00, 0x00, 0x00, 0x00,
    0x00, 0x00, 0x00, 0x00, 0x00, 0x00, 0x00, 0x00, 0x00, 0x00, 0x00, 0x00, 0x00, 0x00, 0x00, 0x00,
    0x00, 0x00, 0x00, 0x00, 0x00, 0x00, 0x00, 0x00, 0x00, 0x00, 0x00, 0x00, 0x00, 0x00, 0x00, 0x00,
    0x00, 0x00, 0x00, 0x00, 0x00, 0x00, 0x00, 0x00, 0x00, 0x00, 0x00, 0x00, 0x00, 0x00, 0x00, 0x00,
    0x00, 0x00, 0x00, 0x00, 0x00, 0x00, 0x00, 0x00, 0x00, 0x00, 0x00, 0x00, 0x00, 0x00, 0x00, 0x00,
    0x00, 0x00, 0x00, 0x00, 0x00, 0x00, 0x00, 0x00, 0x00, 0x00, 0x00, 0x00, 0x00, 0x00, 0x00, 0x00,
    0x00, 0x00, 0x00, 0x00, 0x00, 0x00, 0x00, 0x00, 0x00, 0x00, 0x00, 0x00, 0x00, 0x00, 0x00, 0x00,
    0x00, 0x00, 0x00, 0x00, 0x00, 0x00, 0x00, 0x00, 0x00, 0x00, 0x00, 0x00, 0x00, 0x00, 0x00, 0x00,
    0x00, 0x00, 0x00, 0x00, 0x00, 0x00, 0x00, 0x00, 0x00, 0x00, 0x00, 0x00, 0x00, 0x00, 0x00, 0x00,
    0x00, 0x00, 0x00, 0x00, 0x00, 0x00, 0x00, 0x00, 0x00, 0x00, 0x00, 0x00, 0x00, 0x00, 0x00, 0x00,
    0x00, 0x00, 0x00, 0x00, 0x00, 0x00, 0x00, 0x00, 0x00, 0x00, 0x00, 0x00, 0x00, 0x00, 0x00, 0x00,
    0x00, 0x00, 0x00, 0x00, 0x00, 0x00, 0x00, 0x00, 0x00, 0x00, 0x00, 0x00, 0x00, 0x00, 0x00, 0x00,
    0x00, 0x00, 0x00, 0x00, 0x00, 0x00, 0x00, 0x00, 0x00, 0x00, 0x00, 0x00, 0x00, 0x00, 0x00, 0x00,
    0x00, 0x00, 0x00, 0x00, 0x00, 0x00, 0x00, 0x00, 0x00, 0x00, 0x00, 0x00, 0x00, 0x00, 0x00, 0x00,
    0x00, 0x00, 0x00, 0x00, 0x00, 0x00, 0x00, 0x00, 0x00, 0x00, 0x00, 0x00, 0x00, 0x00, 0x00, 0x00,
    0x00, 0x00, 0x00, 0x00, 0x00, 0x00, 0x00, 0x00, 0x00, 0x00, 0x00, 0x00, 0x00, 0x00, 0x00, 0x00,
    0x00, 0x00, 0x00, 0x00, 0x00, 0x00, 0x00, 0x00, 0x00, 0x00, 0x00, 0x00, 0x00, 0x00, 0x00, 0x00,
    0x00, 0x00, 0x00, 0x00, 0x00, 0x00, 0x00, 0x00, 0x00, 0x00, 0x00, 0x00, 0x00, 0x00, 0x00, 0x00,
    0x00, 0x00, 0x00, 0x00, 0x00, 0x00, 0x00, 0x00, 0x00, 0x00, 0x00, 0x00, 0x00, 0x00, 0x00, 0x00,
    0x00, 0x00, 0x00, 0x00, 0x00, 0x00, 0x00, 0x00, 0x00, 0x00, 0x00, 0x00, 0x00, 0x00, 0x00, 0x00,
    0x00, 0x00, 0x00, 0x00, 0x00, 0x00, 0x00, 0x00, 0x00, 0x00, 0x00, 0x00, 0x00, 0x00, 0x00, 0x00,
    0x00, 0x00, 0x00, 0x00, 0x00, 0x00, 0x00, 0x00, 0x00, 0x00, 0x00, 0x00, 0x00, 0x00, 0x00, 0x00,
    0x00, 0x00, 0x00, 0x00, 0x00, 0x00, 0x00, 0x00, 0x00, 0x00, 0x00, 0x00, 0x00, 0x00, 0x00, 0x00,
    0x00, 0x00, 0x00, 0x00, 0x00, 0x00, 0x00, 0x00, 0x00, 0x00, 0x00, 0x00, 0x00, 0x00, 0x00, 0x00,
    0x00, 0x00, 0x00, 0x00, 0x00, 0x00, 0x00, 0x00, 0x00, 0x00, 0x00, 0x00, 0x00, 0x00, 0x00, 0x00,
    0x00, 0x00, 0x00, 0x00, 0x00, 0x00, 0x00, 0x00, 0x00, 0x00, 0x00, 0x00, 0x00, 0x00, 0x00, 0x00,
    0x00, 0x00, 0x00, 0x00, 0x00, 0x00, 0x00, 0x00, 0x00, 0x00, 0x00, 0x00, 0x00, 0x00, 0x00, 0x00,
    0x00, 0x00, 0x00, 0x00, 0x00, 0x00, 0x00, 0x00, 0x00, 0x00, 0x00, 0x00, 0x00, 0x00, 0x00, 0x00,
    0x00, 0x00, 0x00, 0x00, 0x00, 0x00, 0x00, 0x00, 0x00, 0x00, 0x00, 0x00, 0x00, 0x00, 0x00, 0x00,
    0x00, 0x00, 0x00, 0x00, 0x00, 0x00, 0x00, 0x00, 0x00, 0x00, 0x00, 0x00, 0x00, 0x00, 0x00, 0x00,
    0x00, 0x00, 0x00, 0x00, 0x00, 0x00, 0x00, 0x00, 0x00, 0x00, 0x00, 0x00, 0x00, 0x00, 0x00, 0x00,
    0x00, 0x00, 0x00, 0x00, 0x00, 0x00, 0x00, 0x00, 0x00, 0x00, 0x00, 0x00, 0x00, 0x00, 0x00, 0x00,
    0x00, 0x00, 0x00, 0x00, 0x00, 0x00, 0x00, 0x00, 0x00, 0x00, 0x00, 0x00, 0x00, 0x00, 0x00, 0x00,
    0x00, 0x00, 0x00, 0x05, 0x00, 0x67, 0x77, 0x05, 0x06, 0x56, 0x77, 0x70, 0x65, 0x67, 0x77, 0x77,
    0x65, 0x67, 0x77, 0x77, 0x76, 0x77, 0x77, 0x77, 0x07, 0x77, 0x77, 0x70, 0x00, 0x77, 0x77, 0x00,
    0x00, 0x00, 0x00, 0x00, 0x00, 0x00, 0x00, 0x00, 0x00, 0x00, 0x00, 0x00, 0x55, 0x55, 0x55, 0x00,
    0x00, 0x00, 0x00, 0x00, 0x00, 0x00, 0x00, 0x00, 0x00, 0x00, 0x00, 0x00, 0x00, 0x00, 0x00, 0x00,
    0x00, 0x00, 0x00, 0x00, 0x00, 0x00, 0x00, 0x00, 0x00, 0x00, 0x00, 0x00, 0x00, 0x00, 0x00, 0x00,
    0x00, 0x00, 0x00, 0x00, 0x00, 0x55, 0x00, 0x00, 0x00, 0x55, 0x00, 0x00, 0x00, 0x00, 0x00, 0x00,
    0x00, 0x05, 0x00, 0x00, 0x00, 0x05, 0x00, 0x00, 0x00, 0x05, 0x00, 0x00, 0x55, 0x55, 0x55, 0x50,
    0x00, 0x05, 0x00, 0x00, 0x00, 0x05, 0x00, 0x00, 0x00, 0x05, 0x00, 0x00, 0x00, 0x00, 0x00, 0x00,
    0x05, 0x50, 0x77, 0x00, 0x55, 0x55, 0x77, 0x70, 0x55, 0x57, 0x77, 0x70, 0x55, 0x55, 0x77, 0x70,
    0x55, 0x57, 0x77, 0x70, 0x05, 0x55, 0x77, 0x00, 0x00, 0x57, 0x70, 0x00, 0x00, 0x05, 0x00, 0x00,
    0x07, 0x70, 0x77, 0x00, 0x77, 0x77, 0x77, 0x70, 0x77, 0x77, 0x77, 0x70, 0x77, 0x77, 0x77, 0x70,
    0x77, 0x77, 0x77, 0x70, 0x07, 0x77, 0x77, 0x00, 0x00, 0x77, 0x70, 0x00, 0x00, 0x07, 0x00, 0x00,
    0x77, 0x77, 0x77, 0x70, 0x77, 0x77, 0x77, 0x70, 0x77, 0x77, 0x77, 0x70, 0x00, 0x00, 0x00, 0x00,
    0x00, 0x00, 0x00, 0x00, 0x00, 0x00, 0x00, 0x00, 0x00, 0x00, 0x00, 0x00, 0x00, 0x00, 0x00, 0x00,
    0x66, 0x66, 0x66, 0x65, 0x76, 0x65, 0x66, 0x66, 0x66, 0x66, 0x66, 0x66, 0x65, 0x66, 0x66, 0x76,
    0x66, 0x66, 0x56, 0x66, 0x66, 0x66, 0x66, 0x56, 0x66, 0x56, 0x66, 0x66, 0x66, 0x66, 0x67, 0x66,
    0x00, 0x00, 0x00, 0x00, 0x00, 0x00, 0x00, 0x00, 0x00, 0x00, 0x00, 0x00, 0x00, 0x00, 0x77, 0x77,
    0x00, 0x07, 0x77, 0x77, 0x00, 0x07, 0x70, 0x00, 0x00, 0x07, 0x70, 0x00, 0x00, 0x07, 0x70, 0x00,
    0x00, 0x00, 0x00, 0x00, 0x00, 0x00, 0x00, 0x00, 0x00, 0x00, 0x00, 0x00, 0x77, 0x77, 0x77, 0x77,
    0x77, 0x77, 0x77, 0x77, 0x00, 0x00, 0x00, 0x00, 0x00, 0x00, 0x00, 0x00, 0x00, 0x00, 0x00, 0x00,
    0x00, 0x00, 0x00, 0x00, 0x00, 0x00, 0x00, 0x00, 0x00, 0x00, 0x00, 0x00, 0x77, 0x77, 0x00, 0x00,
    0x77, 0x77, 0x70, 0x00, 0x00, 0x07, 0x70, 0x00, 0x00, 0x07, 0x70, 0x00, 0x00, 0x07, 0x70, 0x00,
    0x00, 0x07, 0x70, 0x00, 0x00, 0x07, 0x70, 0x00, 0x00, 0x07, 0x70, 0x00, 0x00, 0x07, 0x70, 0x00,
    0x00, 0x07, 0x70, 0x00, 0x00, 0x07, 0x70, 0x00, 0x00, 0x07, 0x70, 0x00, 0x00, 0x07, 0x70, 0x00,
    0x00, 0x07, 0x70, 0x00, 0x00, 0x07, 0x70, 0x00, 0x00, 0x07, 0x70, 0x00, 0x77, 0x77, 0x70, 0x00,
    0x77, 0x77, 0x00, 0x00, 0x00, 0x00, 0x00, 0x00, 0x00, 0x00, 0x00, 0x00, 0x00, 0x00, 0x00, 0x00,
    0x00, 0x07, 0x70, 0x00, 0x00, 0x07, 0x70, 0x00, 0x00, 0x07, 0x70, 0x00, 0x00, 0x07, 0x77, 0x77,
    0x00, 0x00, 0x77, 0x77, 0x00, 0x00, 0x00, 0x00, 0x00, 0x00, 0x00, 0x00, 0x00, 0x00, 0x00, 0x00,
    0x55, 0x55, 0x55, 0x55, 0x55, 0x55, 0x55, 0x55, 0x66, 0x66, 0x66, 0x66, 0x77, 0x77, 0x77, 0x77,
    0x55, 0x55, 0x55, 0x55, 0x55, 0x55, 0x55, 0x55, 0x66, 0x66, 0x66, 0x66, 0x77, 0x77, 0x77, 0x77,
    0x05, 0x50, 0x55, 0x00, 0x55, 0x55, 0x55, 0x50, 0x55, 0x55, 0x55, 0x50, 0x55, 0x55, 0x55, 0x50,
    0x55, 0x55, 0x55, 0x50, 0x05, 0x55, 0x55, 0x00, 0x00, 0x55, 0x50, 0x00, 0x00, 0x05, 0x00, 0x00,
    0x00, 0x00, 0x00, 0x00, 0x00, 0x00, 0x00, 0x00, 0x00, 0x00, 0x00, 0x00, 0x00, 0x00, 0x00, 0x00,
    0x00, 0x00, 0x00, 0x00, 0x00, 0x00, 0x00, 0x00, 0x00, 0x00, 0x00, 0x00, 0x00, 0x00, 0x00, 0x00,
    0x55, 0x55, 0x55, 0x55, 0x55, 0x55, 0x55, 0x55, 0x55, 0x55, 0x55, 0x55, 0x55, 0x55, 0x55, 0x55,
    0x55, 0x55, 0x55, 0x55, 0x55, 0x55, 0x55, 0x55, 0x55, 0x55, 0x55, 0x55, 0x55, 0x55, 0x55, 0x55,
    0x66, 0x66, 0x66, 0x66, 0x66, 0x66, 0x66, 0x66, 0x66, 0x66, 0x66, 0x66, 0x66, 0x66, 0x66, 0x66,
    0x66, 0x66, 0x66, 0x66, 0x66, 0x66, 0x66, 0x66, 0x66, 0x66, 0x66, 0x66, 0x66, 0x66, 0x66, 0x66,
    0x65, 0x76, 0x66, 0x66, 0x65, 0x66, 0x66, 0x66, 0x65, 0x66, 0x66, 0x66, 0x55, 0x55, 0x55, 0x55,
    0x66, 0x66, 0x65, 0x76, 0x66, 0x66, 0x65, 0x66, 0x66, 0x66, 0x65, 0x66, 0x55, 0x55, 0x55, 0x55,
    0x00, 0x06, 0x77, 0x76, 0x00, 0x76, 0x66, 0x06, 0x07, 0x66, 0x66, 0x06, 0x66, 0x66, 0x66, 0x06,
    0x76, 0x66, 0x60, 0x00, 0x76, 0x66, 0x06, 0x60, 0x70, 0x00, 0x66, 0x00, 0x66, 0x60, 0x60, 0x00,
    0x00, 0x00, 0x00, 0x00, 0x00, 0x00, 0x00, 0x00, 0x00, 0x00, 0x00, 0x00, 0x00, 0x00, 0x00, 0x00,
    0x00, 0x00, 0x00, 0x00, 0x00, 0x00, 0x00, 0x00, 0x00, 0x00, 0x05, 0x05, 0x00, 0x00, 0x00, 0x00,
    0x00, 0x00, 0x66, 0x60, 0x00, 0x06, 0x00, 0x66, 0x00, 0x06, 0x00, 0x06, 0x00, 0x00, 0x60, 0x06,
    0x00, 0x06, 0x06, 0x60, 0x00, 0x60, 0x00, 0x00, 0x06, 0x06, 0x00, 0x00, 0x60, 0x60, 0x00, 0x00,
    0x55, 0x55, 0x55, 0x05, 0x66, 0x66, 0x66, 0x05, 0x66, 0x66, 0x66, 0x05, 0x00, 0x00, 0x00, 0x00,
    0x55, 0x05, 0x55, 0x55, 0x66, 0x05, 0x66, 0x66, 0x66, 0x05, 0x66, 0x66, 0x00, 0x00, 0x00, 0x00,
    0x00, 0x00, 0x00, 0x00, 0x00, 0x00, 0x00, 0x00, 0x00, 0x00, 0x00, 0x00, 0x00, 0x00, 0x00, 0x00,
    0x77, 0x77, 0x77, 0x70, 0x77, 0x77, 0x77, 0x70, 0x77, 0x77, 0x77, 0x70, 0x00, 0x00, 0x00, 0x00,
    0x00, 0x55, 0x55, 0x00, 0x05, 0x00, 0x00, 0x50, 0x50, 0x05, 0x50, 0x05, 0x50, 0x50, 0x00, 0x05,
    0x50, 0x50, 0x00, 0x05, 0x50, 0x05, 0x50, 0x05, 0x05, 0x00, 0x00, 0x50, 0x00, 0x55, 0x55, 0x00,
    0x00, 0x00, 0x06, 0x00, 0x00, 0x06, 0x06, 0x60, 0x60, 0x06, 0x66, 0x60, 0x60, 0x06, 0x66, 0x66,
    0x60, 0x66, 0x66, 0x66, 0x60, 0x66, 0x66, 0x66, 0x66, 0x66, 0x66, 0x66, 0x66, 0x66, 0x66, 0x66,
    0x66, 0x66, 0x66, 0x66, 0x66, 0x66, 0x66, 0x66, 0x60, 0x66, 0x66, 0x66, 0x60, 0x66, 0x66, 0x66,
    0x60, 0x66, 0x66, 0x66, 0x60, 0x06, 0x66, 0x06, 0x00, 0x06, 0x60, 0x06, 0x00, 0x00, 0x60, 0x00,
    0x77, 0x77, 0x77, 0x70, 0x77, 0x77, 0x77, 0x70, 0x77, 0x77, 0x77, 0x70, 0x00, 0x00, 0x00, 0x00,
    0x77, 0x77, 0x77, 0x70, 0x77, 0x77, 0x77, 0x70, 0x77, 0x77, 0x77, 0x70, 0x00, 0x00, 0x00, 0x00,
    0x00, 0x00, 0x00, 0x00, 0x00, 0x00, 0x09, 0x99, 0x00, 0x09, 0x99, 0x99, 0x09, 0x99, 0xA9, 0x9B,
    0x99, 0x99, 0xAA, 0xBB, 0x90, 0x99, 0xAA, 0xAB, 0x00, 0x9B, 0xBA, 0xAB, 0x00, 0x0B, 0xBB, 0xAA,
    0x00, 0x00, 0x99, 0x99, 0x00, 0x9B, 0xB9, 0x9A, 0x00, 0xBB, 0xBB, 0xBA, 0x09, 0xBB, 0xBB, 0xBA,
    0x09, 0x9B, 0xBB, 0xB9, 0xBB, 0x99, 0x99, 0x9B, 0xBB, 0xB9, 0x99, 0x99, 0x0B, 0xBB, 0x00, 0x00,
    0x00, 0x00, 0x00, 0x00, 0x90, 0x00, 0x00, 0x00, 0xBB, 0xBB, 0x00, 0x00, 0xBB, 0xBB, 0xB0, 0x00,
    0xBB, 0xBB, 0x00, 0x00, 0xAA, 0x9A, 0x00, 0x00, 0xAA, 0xBA, 0xAA, 0x00, 0xAA, 0xAA, 0x0B, 0x00,
    0xAA, 0xAA, 0x0B, 0x00, 0xAA, 0xBB, 0xAB, 0x00, 0xAA, 0x9B, 0xAB, 0x00, 0xA9, 0x9B, 0x0B, 0x00,
    0x99, 0xB0, 0x0B, 0x00, 0xBB, 0xB9, 0x0B, 0x00, 0x99, 0x9B, 0xB0, 0x00, 0x0B, 0xBB, 0x00, 0x00,
    0x00, 0x00, 0x09, 0x99, 0x00, 0x09, 0x99, 0x99, 0x09, 0x99, 0xA9, 0x9B, 0x99, 0x99, 0xAA, 0xBB,
    0x90, 0x99, 0xAA, 0xAB, 0x00, 0x9B, 0xBA, 0xAB, 0x00, 0x0B, 0xBB, 0xAA, 0x00, 0x00, 0x99, 0x99,
    0x00, 0xB9, 0x99, 0x99, 0x0B, 0xBB, 0x9A, 0xAA, 0x0B, 0xBB, 0xBA, 0xAA, 0x0B, 0xBB, 0xBA, 0xA9,
    0x00, 0x9B, 0xB9, 0x9B, 0x09, 0x99, 0x99, 0x99, 0x00, 0x00, 0xBB, 0xBB, 0x00, 0x00, 0xBB, 0xBB,
    0x90, 0x00, 0x00, 0x00, 0xBB, 0xBB, 0x00, 0x00, 0xBB, 0xBB, 0xB0, 0x00, 0xBB, 0xBB, 0x00, 0x00,
    0xAA, 0x9A, 0x00, 0xB0, 0xAA, 0xBA, 0xAA, 0xB0, 0xAA, 0xAA, 0x00, 0xB0, 0xAA, 0xAA, 0x00, 0xB0,
    0x99, 0xBB, 0xBA, 0xB0, 0x99, 0x9B, 0xBA, 0xB0, 0x99, 0x9B, 0xB0, 0xB0, 0x99, 0xB0, 0x00, 0xB0,
    0xBB, 0xB0, 0x00, 0xB0, 0x99, 0x90, 0x00, 0x00, 0x00, 0x00, 0x00, 0x00, 0xB0, 0x00, 0x00, 0x00,
    0x00, 0x00, 0x09, 0x99, 0x00, 0x00, 0x99, 0x99, 0x00, 0xA0, 0x9B, 0xBB, 0x00, 0xA0, 0xBB, 0xBB,
    0x00, 0xAA, 0xBA, 0x9A, 0x00, 0xAA, 0xBA, 0xBA, 0x00, 0xBA, 0xAA, 0xAA, 0x00, 0xBB, 0x9A, 0xAB,
    0x00, 0xA9, 0x99, 0xAA, 0x00, 0xA9, 0x99, 0x99, 0x00, 0x0B, 0x99, 0xBB, 0x00, 0x09, 0xBB, 0xB9,
    0x00, 0x09, 0x99, 0xBB, 0x00, 0x00, 0xB9, 0x99, 0x00, 0x00, 0xBB, 0xB0, 0x00, 0x00, 0xBB, 0xB0,
    0x99, 0x90, 0x00, 0x00, 0x99, 0x99, 0x00, 0x00, 0xBB, 0xB9, 0x0A, 0x00, 0xBB, 0xBB, 0x0A, 0x00,
    0xA9, 0xAB, 0xAA, 0x00, 0xAB, 0xAB, 0xAA, 0x00, 0xAA, 0xAA, 0xAB, 0x00, 0xBA, 0xA9, 0x9B, 0x00,
    0xAA, 0x99, 0xBB, 0xB0, 0x99, 0x99, 0xAB, 0xB0, 0xB9, 0x9A, 0xAA, 0xB0, 0xBB, 0xBB, 0xAA, 0xA0,
    0xB9, 0x99, 0x9A, 0x00, 0x99, 0x99, 0x00, 0x00, 0x0B, 0xBB, 0x00, 0x00, 0x00, 0x00, 0x00, 0x00,
    0x00, 0x00, 0x09, 0x99, 0x00, 0x00, 0x99, 0x99, 0x00, 0xA0, 0x99, 0x99, 0x00, 0xA9, 0x99, 0x99,
    0x00, 0xAB, 0x99, 0x99, 0x00, 0xAA, 0xBB, 0x99, 0x00, 0x0A, 0xBB, 0xB9, 0x00, 0x0B, 0x9B, 0xBB,
    0x00, 0xBB, 0x99, 0x99, 0x00, 0xBB, 0x99, 0x99, 0x00, 0x0B, 0xB9, 0x99, 0x00, 0x09, 0x9B, 0xBB,
    0x00, 0x09, 0x99, 0x99, 0x00, 0x0B, 0xBB, 0x99, 0x00, 0x0B, 0xBB, 0xB0, 0x00, 0x00, 0xBB, 0x00,
    0x99, 0x90, 0x00, 0x00, 0x99, 0x99, 0x00, 0x00, 0x99, 0x99, 0x0A, 0x00, 0x99, 0x99, 0x9A, 0x00,
    0x99, 0x99, 0xBA, 0x00, 0x99, 0xBB, 0xAA, 0x00, 0x9B, 0xBB, 0xA0, 0x00, 0xBB, 0xB9, 0xB0, 0x00,
    0x99, 0x9B, 0xB0, 0x00, 0x99, 0x9B, 0xBA, 0x00, 0x99, 0x9B, 0xBA, 0x00, 0xBB, 0xB9, 0xAA, 0x00,
    0x99, 0x99, 0x90, 0x00, 0x99, 0x9B, 0x00, 0x00, 0x0B, 0xB0, 0x00, 0x00, 0x00, 0x00, 0x00, 0x00,
    0x00, 0x00, 0x00, 0x00, 0x00, 0x00, 0x00, 0x99, 0x00, 0x00, 0x99, 0x99, 0x00, 0x09, 0x9A, 0x99,
    0x00, 0x09, 0x9A, 0xAB, 0x00, 0x99, 0x9A, 0xAA, 0x09, 0x99, 0xBB, 0xAA, 0x09, 0x00, 0xBB, 0xBA,
    0x00, 0x00, 0x99, 0x99, 0x00, 0x09, 0x9B, 0xBB, 0x00, 0x09, 0xBB, 0xBB, 0x00, 0x99, 0xBB, 0xBB,
    0x09, 0x99, 0x9B, 0xBB, 0xBB, 0x99, 0x99, 0x99, 0xBB, 0xB9, 0x99, 0x99, 0x0B, 0xBB, 0x00, 0x00,
    0x00, 0x00, 0x00, 0x00, 0x99, 0x00, 0x00, 0x00, 0x9B, 0xBB, 0xB0, 0x00, 0xBB, 0xBB, 0xBB, 0x00,
    0xBB, 0xBB, 0xB0, 0x00, 0xBA, 0xA9, 0xA0, 0x00, 0xBA, 0xAB, 0xAA, 0xA0, 0xAA, 0xAA, 0xA0, 0x00,
    0x9A, 0xAA, 0xAA, 0x00, 0xBB, 0xBA, 0xAA, 0x00, 0xBB, 0xBA, 0xA0, 0x00, 0xBB, 0xB9, 0x00, 0x00,
    0x99, 0x9B, 0xB0, 0x00, 0xBB, 0xBB, 0xB0, 0x00, 0x99, 0x99, 0xBB, 0x00, 0x00, 0x0B, 0xBB, 0xB0,
    0x00, 0x0B, 0xB0, 0x99, 0x00, 0xBA, 0xB9, 0x99, 0x0B, 0xBA, 0x99, 0xBB, 0xBB, 0xAA, 0x9B, 0xBB,
    0xBB, 0xAA, 0xBA, 0x9A, 0xAB, 0xBA, 0xBA, 0xBA, 0x0A, 0xBB, 0x9A, 0xAB, 0x00, 0xAB, 0x99, 0xAB,
    0x00, 0x0A, 0x99, 0x9A, 0x00, 0x00, 0xB9, 0x99, 0x00, 0x00, 0x9B, 0x9B, 0x00, 0x00, 0x99, 0xBB,
    0x00, 0x0B, 0xB9, 0x9B, 0x00, 0xBB, 0xB0, 0x99, 0x00, 0x00, 0x00, 0x00, 0x00, 0x00, 0x00, 0x00,
    0x99, 0x90, 0x00, 0x00, 0x99, 0x99, 0x00, 0x00, 0xBB, 0x99, 0x90, 0x00, 0xBB, 0xB9, 0x90, 0xA0,
    0xA9, 0xBB, 0x9A, 0xA0, 0xAB, 0xAB, 0x9A, 0x00, 0xBA, 0xAA, 0xA0, 0x00, 0xBA, 0xAB, 0xB0, 0x00,
    0xAA, 0xBB, 0xBB, 0x00, 0x99, 0xBB, 0xBB, 0x00, 0xBB, 0xBB, 0xB9, 0x00, 0x9B, 0xBB, 0x99, 0x00,
    0xBA, 0xAB, 0x99, 0xB0, 0xAA, 0xA9, 0x9B, 0xBB, 0xAA, 0xA0, 0xBB, 0xBB, 0x00, 0x00, 0x00, 0x00,
    0x00, 0x0B, 0x99, 0x99, 0x0A, 0x09, 0x99, 0x99, 0x0A, 0xB9, 0x99, 0x99, 0x0A, 0xA9, 0x99, 0x99,
    0x0B, 0xAB, 0x99, 0x99, 0x0B, 0xAB, 0xB9, 0x99, 0x0B, 0xB9, 0xBB, 0x9B, 0x0B, 0xB9, 0x9B, 0xBB,
    0x00, 0xB9, 0x99, 0x99, 0x00, 0xB9, 0x99, 0x99, 0x00, 0x9B, 0x99, 0x99, 0x0B, 0x99, 0xBB, 0xBB,
    0xBB, 0x99, 0x99, 0x99, 0xBB, 0xB0, 0x00, 0x09, 0x00, 0x00, 0x00, 0x00, 0x00, 0x00, 0x00, 0x00,
    0x90, 0x00, 0x00, 0x00, 0x99, 0x00, 0x00, 0x00, 0x99, 0x90, 0x00, 0x00, 0x99, 0x90, 0xA0, 0x00,
    0x99, 0xBA, 0xA0, 0x00, 0xBB, 0xBA, 0x00, 0x0A, 0xBB, 0x9A, 0x00, 0xAB, 0xB9, 0xBB, 0xBA, 0xBB,
    0x99, 0xBB, 0xAB, 0xBB, 0x99, 0xBA, 0xBB, 0xBB, 0x99, 0xAB, 0xBB, 0xB0, 0xBB, 0xBA, 0xBB, 0x00,
    0x99, 0x99, 0xA0, 0x00, 0x99, 0x9B, 0xB0, 0x00, 0x00, 0xBB, 0xBB, 0x00, 0x00, 0xBB, 0xBB, 0x00,
    0x00, 0x00, 0x00, 0x00, 0x00, 0x00, 0x00, 0x00, 0x00, 0x00, 0x00, 0x00, 0x00, 0x00, 0x00, 0x00,
    0x00, 0x00, 0x00, 0x00, 0x00, 0x00, 0x00, 0x00, 0x00, 0x00, 0x00, 0x00, 0x00, 0x00, 0x00, 0x00,
    0x00, 0x00, 0x00, 0x00, 0x00, 0x00, 0x00, 0x00, 0x00, 0x00, 0x00, 0x00, 0x00, 0x00, 0x00, 0x00,
    0x00, 0x00, 0x00, 0x00, 0x00, 0x00, 0x00, 0x00, 0x00, 0x00, 0x00, 0x00, 0x00, 0x00, 0x00, 0x00,
    0x99, 0x90, 0x00, 0x00, 0x90, 0x00, 0x00, 0x00, 0x90, 0x00, 0x00, 0x00, 0x00, 0x00, 0x00, 0x00,
    0x00, 0x00, 0x00, 0x00, 0x00, 0x00, 0x00, 0x00, 0x00, 0x00, 0x00, 0x00, 0x00, 0x00, 0x00, 0x00,
    0x00, 0x00, 0x00, 0x00, 0x00, 0x00, 0x00, 0x00, 0x00, 0x00, 0x00, 0x00, 0x00, 0x00, 0x00, 0x00,
    0x00, 0x00, 0x00, 0x00, 0x90, 0x00, 0x00, 0x00, 0x90, 0x00, 0x00, 0x00, 0x99, 0x90, 0x00, 0x00,
    0x00, 0x0B, 0x00, 0x00, 0x00, 0xBB, 0xB0, 0x00, 0x00, 0xBB, 0xB0, 0x00, 0x00, 0xBB, 0xB0, 0x00,
    0x00, 0xBB, 0xB0, 0x00, 0x00, 0xBB, 0xB0, 0x00, 0x00, 0xBB, 0xB0, 0x00, 0x00, 0xBB, 0xB0, 0x00,
    0x00, 0xBB, 0xB0, 0x00, 0x00, 0xBB, 0xB0, 0x00, 0x00, 0xBB, 0xB0, 0x00, 0x99, 0x99, 0x99, 0x90,
    0x90, 0xAA, 0xA0, 0x90, 0x00, 0x99, 0x90, 0x00, 0x00, 0xAA, 0xA0, 0x00, 0x00, 0x99, 0x90, 0x00,
    0x00, 0xB0, 0xBB, 0x00, 0x00, 0x0B, 0xB0, 0x00, 0x00, 0x0B, 0xB0, 0x00, 0x00, 0x9B, 0xB9, 0x00,
    0x09, 0x99, 0x99, 0x90, 0x9A, 0x9A, 0x9A, 0x99, 0xA9, 0x99, 0x99, 0x99, 0x99, 0x9A, 0x99, 0x99,
    0xA9, 0xA9, 0x99, 0x99, 0x99, 0x99, 0x99, 0xA9, 0x09, 0xA9, 0xA9, 0x90, 0x00, 0x99, 0x99, 0x00,
    0x00, 0x0B, 0xB0, 0x00, 0x00, 0x0B, 0xB0, 0x00, 0x00, 0x0B, 0xB0, 0x00, 0x00, 0xBB, 0x0B, 0x00,
    0x00, 0x09, 0x99, 0x00, 0x00, 0x0B, 0x0A, 0x00, 0x00, 0x0B, 0xAA, 0x00, 0x00, 0x0B, 0x0A, 0x00,
    0x00, 0x0B, 0xAA, 0x00, 0x00, 0x0B, 0x0A, 0x00, 0x00, 0x0B, 0xAA, 0x00, 0x00, 0x0B, 0x0A, 0x00,
    0x00, 0x0B, 0xAA, 0x00, 0x00, 0x0B, 0x0A, 0x00, 0x00, 0x0B, 0xAA, 0x00, 0x00, 0x0B, 0xAA, 0x00,
    0x00, 0x00, 0xA0, 0x00, 0x00, 0x0B, 0xAA, 0x00, 0x00, 0x0B, 0x0A, 0x00, 0x00, 0x0B, 0xAA, 0x00,
    0x00, 0x00, 0x90, 0x00, 0x00, 0x99, 0x99, 0x00, 0x09, 0x99, 0xA9, 0x00, 0x09, 0x9A, 0x99, 0x90,
    0x00, 0x9A, 0xA9, 0x00, 0x00, 0x00, 0x00, 0x00, 0x00, 0xBB, 0xBB, 0x00, 0x00, 0xBB, 0xBB, 0x00,
    0x00, 0xBB, 0xBB, 0x00, 0x00, 0xBB, 0xBB, 0x0A, 0x00, 0xBB, 0xBB, 0x0A, 0x00, 0xBB, 0xBB, 0x0A,
    0x00, 0xBB, 0xBB, 0x0A, 0x00, 0xBB, 0xBB, 0x0A, 0xAA, 0xAA, 0xAA, 0xAA, 0x0A, 0xAA, 0xAA, 0xA0,
    0x00, 0x00, 0xA0, 0x00, 0x00, 0x00, 0xA0, 0x00, 0x00, 0x0A, 0xAA, 0x00, 0x00, 0x0A, 0x9A, 0x00,
    0x00, 0x00, 0x90, 0x00, 0x00, 0x00, 0x90, 0x00, 0x00, 0x00, 0x90, 0x00, 0x00, 0x00, 0x90, 0x00,
    0x00, 0x00, 0x90, 0x00, 0x00, 0x00, 0x90, 0x00, 0x00, 0x0B, 0x9B, 0x00, 0x00, 0xB0, 0x90, 0xB0,
    0x00, 0x0B, 0x9B, 0x00, 0x00, 0xB0, 0x90, 0xB0, 0x00, 0x0B, 0x9B, 0x00, 0x00, 0xB0, 0x90, 0xB0,
    0xBB, 0xB0, 0x00, 0x00, 0x90, 0x0B, 0xB0, 0x00, 0x90, 0x00, 0xBB, 0x00, 0x90, 0x00, 0x0B, 0xB0,
    0x90, 0x00, 0x0B, 0xB0, 0x90, 0x00, 0x00, 0xBB, 0x90, 0x00, 0x00, 0xBB, 0x90, 0x00, 0x00, 0xBB,
    0x90, 0x00, 0x00, 0xBB, 0x90, 0x00, 0x00, 0xBB, 0x90, 0x00, 0x00, 0xBB, 0x90, 0x00, 0x0B, 0xB0,
    0x90, 0x00, 0x0B, 0xB0, 0x90, 0x00, 0xBB, 0x00, 0x90, 0x0B, 0xB0, 0x00, 0xBB, 0xB0, 0x00, 0x00,
    0x00, 0x00, 0x0A, 0x00, 0x00, 0x0A, 0xAA, 0x99, 0x00, 0xA0, 0xA9, 0x90, 0x00, 0xA0, 0xAA, 0xA9,
    0x9A, 0xAA, 0xAA, 0x99, 0xAA, 0xA0, 0xA9, 0xA9, 0x00, 0x00, 0xAA, 0x99, 0x0A, 0xAA, 0xA9, 0x90,
    0x00, 0x00, 0xA0, 0x00, 0x00, 0x00, 0xA0, 0x00, 0x00, 0x00, 0xA0, 0x00, 0x00, 0x00, 0xA0, 0x00,
    0x0A, 0xAA, 0xA0, 0x00, 0x00, 0x00, 0xA0, 0x00, 0x0A, 0xAA, 0xA0, 0x00, 0x00, 0x00, 0xA0, 0x00,
    0x00, 0xAA, 0xA9, 0x00, 0x0B, 0xAA, 0xAA, 0x90, 0xBA, 0x90, 0x0A, 0xA9, 0xB9, 0x00, 0x00, 0xA9,
    0xB9, 0x00, 0x00, 0xA9, 0xAA, 0xAA, 0xAA, 0xA9, 0xBA, 0xAA, 0xA9, 0x99, 0x00, 0x0A, 0x90, 0x00,
    0x00, 0x0A, 0x90, 0x00, 0x00, 0x0A, 0x90, 0x00, 0x00, 0x0A, 0x90, 0x00, 0x0B, 0xAA, 0x90, 0x00,
    0x0A, 0xAA, 0x90, 0x00, 0x00, 0xAA, 0x90, 0x00, 0x0A, 0xAA, 0x90, 0x00, 0x00, 0x0A, 0x90, 0x00,
    0x00, 0x00, 0x00, 0x00, 0x00, 0x00, 0x00, 0x00, 0x00, 0x00, 0x00, 0x00, 0x0B, 0xBB, 0xB0, 0x00,
    0xBB, 0xBB, 0xBB, 0x00, 0xBB, 0xBB, 0xBB, 0x00, 0xBB, 0xBA, 0xAB, 0xB0, 0xBB, 0xAA, 0xAA, 0xBB,
    0xBB, 0xA9, 0x9A, 0xBB, 0xBB, 0xAA, 0x90, 0x00, 0x0B, 0xBA, 0x00, 0x00, 0x0B, 0xBB, 0x00, 0x00,
    0x00, 0xBB, 0x00, 0x00, 0x00, 0x00, 0x00, 0x00, 0x00, 0x00, 0x00, 0x00, 0x00, 0x00, 0x00, 0x00,
    0x00, 0x0B, 0xA0, 0x00, 0x00, 0xBB, 0xAA, 0x00, 0x0B, 0xBB, 0xAA, 0xA0, 0xBA, 0xBA, 0x0A, 0x0A,
    0xBB, 0xAA, 0xA0, 0xAA, 0xBB, 0xAA, 0xA0, 0xAA, 0xBB, 0xAA, 0xA0, 0xAA, 0xBB, 0xAA, 0xA0, 0xAA,
    0xBB, 0xAA, 0xA0, 0xAA, 0xBB, 0xAA, 0xA0, 0xAA, 0xBB, 0xAA, 0xA0, 0xAA, 0xBA, 0xBA, 0xA0, 0xAA,
    0xAA, 0xAB, 0x0A, 0x0A, 0x0A, 0xAA, 0xAA, 0xA0, 0x00, 0xAA, 0xAA, 0x00, 0x00, 0x0A, 0xA0, 0x00,
    0x00, 0x00, 0x0B, 0x00, 0x00, 0x00, 0x0B, 0x00, 0x00, 0x00, 0x00, 0xB0, 0x00, 0x00, 0x00, 0x0B,
    0x00, 0x00, 0x00, 0x0B, 0x00, 0x00, 0x00, 0xB0, 0x00, 0x99, 0x99, 0x00, 0x09, 0xAA, 0x99, 0x90,
    0x9A, 0xBA, 0x99, 0x99, 0x9A, 0xA9, 0x99, 0x99, 0x99, 0x99, 0x99, 0x99, 0x99, 0x99, 0x99, 0x99,
    0x09, 0x99, 0x99, 0x90, 0x00, 0x99, 0x99, 0x00, 0x00, 0x00, 0x00, 0x00, 0x00, 0x00, 0x00, 0x00,
    0x00, 0x00, 0x00, 0x00, 0x00, 0x00, 0x00, 0x00, 0x00, 0x00, 0x00, 0x00, 0x00, 0x00, 0x00, 0x00,
    0x00, 0x09, 0xAB, 0x00, 0x00, 0x99, 0xB0, 0x00, 0x0A, 0x9B, 0x00, 0x00, 0x0A, 0xAB, 0x00, 0x00,
    0x0A, 0xAB, 0x00, 0x00, 0x0A, 0xAB, 0x00, 0x00, 0x00, 0xAA, 0xB0, 0x00, 0x00, 0x0A, 0xAB, 0x00,
    0x00, 0x00, 0x00, 0x00, 0x00, 0x00, 0x00, 0x00, 0x00, 0x00, 0x00, 0x00, 0x00, 0x00, 0x00, 0x00,
    0x00, 0x00, 0x00, 0x00, 0x00, 0x00, 0x00, 0x00, 0x00, 0x00, 0x00, 0x00, 0x00, 0x00, 0x00, 0x00,
    0xAB, 0x00, 0x00, 0x00, 0xAB, 0x00, 0x00, 0x00, 0xA9, 0xB0, 0x00, 0x00, 0x99, 0x9B, 0x00, 0x00,
    0x09, 0xAA, 0xB0, 0x00, 0x0A, 0xAA, 0xAB, 0x00, 0x00, 0xAA, 0xAA, 0xBB, 0x00, 0x00, 0xAA, 0xAA,
    0x00, 0x00, 0x00, 0x00, 0x00, 0x00, 0x00, 0x00, 0x00, 0x00, 0x00, 0x00, 0x00, 0x00, 0x00, 0x00,
    0x00, 0x00, 0x00, 0x00, 0x00, 0x00, 0x00, 0x00, 0x00, 0x00, 0x00, 0x00, 0x00, 0x00, 0x00, 0x00,
    0x00, 0x00, 0x00, 0x00, 0x00, 0x00, 0x00, 0x00, 0xB0, 0x00, 0x00, 0x0B, 0xAB, 0x00, 0x00, 0xBA,
    0x99, 0xBB, 0xBB, 0xAA, 0x09, 0x9A, 0xAA, 0xA0, 0x00, 0xAA, 0xAA, 0x00, 0x00, 0x00, 0x00, 0x00,
    0x00, 0x00, 0x00, 0x00, 0x00, 0x00, 0x00, 0x00, 0x00, 0x00, 0x00, 0x00, 0x00, 0x00, 0x00, 0x00,
    0x00, 0x00, 0x00, 0x00, 0x00, 0x00, 0x00, 0x00, 0x00, 0x00, 0x00, 0x00, 0x00, 0x00, 0x00, 0x00,
    0x0B, 0x00, 0x0B, 0x00, 0x00, 0xB0, 0xBB, 0x0B, 0xB0, 0xBB, 0xBB, 0xB0, 0x0B, 0xBB, 0xBB, 0x00,
    0x00, 0xBB, 0xB0, 0x00, 0x0B, 0xBB, 0xBB, 0x00, 0xB0, 0x0B, 0x00, 0x00, 0x00, 0x00, 0xB0, 0x00,
    0x00, 0x00, 0x00, 0x00, 0x00, 0x00, 0x00, 0x00, 0x00, 0x00, 0x00, 0x00, 0x00, 0x00, 0x00, 0x00,
    0x99, 0x90, 0x00, 0x00, 0x99, 0x90, 0x00, 0x00, 0x99, 0x90, 0x00, 0x00, 0x00, 0x00, 0x00, 0x00,
    0x00, 0x00, 0x00, 0x00, 0x00, 0x00, 0x00, 0x00, 0x00, 0x00, 0x00, 0x00, 0x00, 0x00, 0x00, 0x00,
    0x00, 0x00, 0x00, 0x00, 0x00, 0x00, 0x00, 0x00, 0x00, 0x00, 0x00, 0x00, 0x00, 0x00, 0x00, 0x00,
    0x00, 0x00, 0x00, 0x00, 0x00, 0x00, 0x00, 0x00, 0x00, 0x00, 0x00, 0x00, 0x00, 0x00, 0x00, 0x00,
    0x00, 0xAA, 0xAA, 0x00, 0x00, 0x09, 0x90, 0x00, 0x00, 0xBB, 0xBB, 0x00, 0x00, 0xB9, 0x9B, 0x00,
    0x00, 0xB0, 0x0B, 0x00, 0x00, 0xB0, 0x0B, 0x00, 0x0B, 0xB0, 0x0B, 0xB0, 0xB0, 0x00, 0x00, 0x0B,
    0xB0, 0x00, 0x00, 0x0B, 0xB9, 0x99, 0x99, 0x9B, 0xB9, 0x99, 0x99, 0xAB, 0xB9, 0xA9, 0x99, 0x9B,
    0xB9, 0x99, 0xA9, 0x9B, 0xBB, 0x99, 0x99, 0xBB, 0xBB, 0xBB, 0xBB, 0xBB, 0x0B, 0xBB, 0xBB, 0xB0,
    0x99, 0x99, 0x99, 0x90, 0xBB, 0xBB, 0xBB, 0x99, 0xBB, 0xBB, 0xBB, 0xB9, 0xBB, 0xBB, 0xBB, 0x99,
    0xB9, 0x99, 0x99, 0x99, 0xB9, 0x99, 0x99, 0x99, 0xB9, 0x00, 0x00, 0x09, 0xB9, 0x99, 0x99, 0x99,
    0xB9, 0x09, 0x09, 0x09, 0xB9, 0x99, 0x99, 0x99, 0xB9, 0x99, 0x99, 0x99, 0xB9, 0x99, 0x09, 0x99,
    0xB9, 0x90, 0x00, 0x99, 0x99, 0x99, 0x09, 0x99, 0x09, 0x99, 0x99, 0x99, 0x09, 0x99, 0x99, 0x90,
    0x00, 0x00, 0x00, 0x00, 0x00, 0x00, 0x00, 0x00, 0x00, 0x00, 0x00, 0x00, 0x00, 0x99, 0x99, 0x00,
    0x09, 0x99, 0x99, 0x90, 0x09, 0x9A, 0xA9, 0x90, 0x99, 0xAA, 0xAA, 0x99, 0x99, 0xAB, 0xBA, 0x99,
    0x99, 0xAB, 0xBA, 0x99, 0x99, 0xAA, 0xAA, 0x99, 0x09, 0x9A, 0xA9, 0x90, 0x09, 0x99, 0x99, 0x90,
    0x00, 0x99, 0x99, 0x00, 0x00, 0x00, 0x00, 0x00, 0x00, 0x00, 0x00, 0x00, 0x00, 0x00, 0x00, 0x00,
    0x00, 0x00, 0x00, 0x00, 0x00, 0x00, 0x00, 0x00, 0x00, 0x00, 0x00, 0x00, 0x00, 0x09, 0x99, 0x00,
    0x00, 0x9B, 0x99, 0x90, 0x09, 0x99, 0x99, 0x99, 0x0A, 0x99, 0x99, 0x9A, 0x00, 0xAA, 0xAA, 0xA0,
    0x0B, 0xA0, 0x00, 0x09, 0x0A, 0x00, 0x00, 0x0A, 0x0A, 0xA0, 0x00, 0xA0, 0x00, 0xAA, 0xAA, 0x00,
    0x00, 0x00, 0x00, 0x00, 0x00, 0x00, 0x00, 0x00, 0x00, 0x00, 0x00, 0x00, 0x00, 0x00, 0x00, 0x00,
    0xB0, 0x00, 0x00, 0x00, 0xBB, 0x00, 0x00, 0x00, 0xBB, 0xB0, 0x00, 0x00, 0xBB, 0xB0, 0x00, 0x00,
    0x0B, 0xBB, 0x00, 0x00, 0x0B, 0xBB, 0x00, 0x00, 0x00, 0xBB, 0x09, 0x00, 0x00, 0xBB, 0xB0, 0xB0,
    0x00, 0x0B, 0xB0, 0x90, 0x09, 0x0B, 0xBB, 0x99, 0x0B, 0x00, 0xB9, 0x90, 0x00, 0x90, 0x99, 0xA0,
    0x00, 0x09, 0x9A, 0xA0, 0x00, 0x09, 0x0A, 0x9A, 0x00, 0x00, 0x00, 0xAA, 0x00, 0x00, 0x00, 0xA9,
    0x00, 0x09, 0x90, 0x00, 0x00, 0x9B, 0x99, 0x00, 0x00, 0x99, 0x99, 0x00, 0x00, 0xB9, 0x9B, 0x00,
    0x00, 0x0B, 0xB0, 0x00, 0x00, 0x0A, 0xA0, 0x00, 0x00, 0x0B, 0xB0, 0x00, 0x00, 0x0A, 0xA0, 0x00,
    0x00, 0x0A, 0xA0, 0x00, 0x00, 0x0A, 0xA0, 0x00, 0x00, 0x0A, 0xA0, 0x00, 0x00, 0x0A, 0xA0, 0x00,
    0x00, 0x0A, 0xA0, 0x00, 0x00, 0x0A, 0xA0, 0x00, 0x00, 0x0A, 0xA0, 0x00, 0x00, 0x0A, 0xA0, 0x00,
    0xAA, 0x0A, 0xA0, 0xAA, 0xAA, 0xAA, 0xAA, 0xAA, 0xAA, 0xAA, 0xAA, 0xAA, 0xAA, 0x99, 0xA9, 0xAB,
    0x0A, 0xAA, 0xAA, 0xAB, 0xAA, 0x9A, 0x9A, 0xBB, 0xAA, 0xAA, 0xAB, 0xB0, 0xA9, 0xA9, 0xBB, 0xB0,
    0xAA, 0xAB, 0xBB, 0xB0, 0xAA, 0xBB, 0xBB, 0x00, 0xAB, 0xBB, 0xBB, 0x00, 0xAA, 0xAB, 0xBB, 0x00,
    0xA9, 0xA9, 0xB0, 0x00, 0x0A, 0xAA, 0xB0, 0x00, 0xAA, 0xAA, 0xB0, 0x00, 0xAA, 0xAB, 0x00, 0x00,
    0x00, 0x00, 0x00, 0x00, 0x00, 0x09, 0xA9, 0x00, 0x00, 0x99, 0x9A, 0x90, 0x0A, 0xAA, 0x9A, 0x99,
    0x09, 0x99, 0xA0, 0x99, 0x99, 0x99, 0x00, 0x0A, 0xAA, 0x99, 0x00, 0x09, 0xBB, 0xA9, 0x00, 0x00,
    0xBB, 0xA9, 0x00, 0x00, 0xAA, 0x99, 0x00, 0x00, 0x99, 0x99, 0x00, 0x09, 0x09, 0x99, 0x00, 0x0A,
    0x09, 0x99, 0xA0, 0xA9, 0x00, 0xAA, 0x99, 0xA0, 0x00, 0x09, 0x9A, 0x00, 0x00, 0x00, 0x00, 0x00,
    0x0A, 0x99, 0x9A, 0x00, 0x09, 0xA9, 0xA9, 0x00, 0xB9, 0x99, 0x99, 0x9B, 0xB9, 0xAA, 0xA9, 0x9B,
    0xB9, 0xAA, 0xA9, 0x9B, 0x0B, 0x9A, 0x99, 0xB0, 0x09, 0xAA, 0xA9, 0xB0, 0x0A, 0x9A, 0x9A, 0x00,
    0x0A, 0xB9, 0xBA, 0x00, 0xAB, 0x99, 0x9B, 0xA0, 0x00, 0xA9, 0xA0, 0xB0, 0x00, 0xAA, 0xA9, 0x00,
    0x00, 0xAA, 0x00, 0x00, 0x00, 0xA0, 0x00, 0x00, 0x00, 0xA0, 0x00, 0x00, 0x00, 0x90, 0x00, 0x00,
    0x0A, 0x99, 0x9A, 0x00, 0x09, 0xA9, 0xA9, 0x00, 0x09, 0x99, 0x99, 0x90, 0x09, 0xAA, 0xA9, 0x90,
    0x0B, 0xAA, 0xA9, 0x9B, 0xB9, 0x9A, 0x99, 0x0B, 0xB9, 0xAA, 0xA9, 0xBB, 0xBA, 0x9A, 0x9B, 0xB0,
    0x0A, 0x09, 0x0A, 0xB0, 0xA0, 0x99, 0x90, 0xAB, 0x00, 0xA9, 0xA0, 0x00, 0x00, 0xAA, 0xA9, 0x00,
    0x00, 0xAA, 0x00, 0x00, 0x00, 0xA0, 0x00, 0x00, 0x00, 0xA0, 0x00, 0x00, 0x00, 0x90, 0x00, 0x00,
    0x90, 0x00, 0x00, 0x00, 0xBB, 0xBB, 0x00, 0x00, 0xBB, 0xBB, 0xB0, 0x00, 0xBB, 0xBB, 0x00, 0xBB,
    0xAA, 0x9A, 0x00, 0xBB, 0xAA, 0xBA, 0xAA, 0xBA, 0xAA, 0xAA, 0x00, 0xBA, 0xAA, 0xAA, 0x00, 0xBA,
    0x99, 0xBB, 0xBA, 0xBA, 0x99, 0x9B, 0xBA, 0xBA, 0x99, 0x9B, 0xB0, 0xBA, 0x99, 0xB0, 0x00, 0xBA,
    0xBB, 0xB0, 0x00, 0xBA, 0x99, 0x90, 0x00, 0xBB, 0x00, 0x00, 0x00, 0xBB, 0xB0, 0x00, 0x00, 0x00,
    0x00, 0x00, 0x00, 0x00, 0x00, 0x00, 0x00, 0x00, 0xBB, 0xBB, 0xBB, 0xBB, 0xBB, 0xBB, 0xBB, 0xBB,
    0xBB, 0xBA, 0xAB, 0xBB, 0xBB, 0xBA, 0xAB, 0xBB, 0xBA, 0xAA, 0xAA, 0xAB, 0xBA, 0xAA, 0xAA, 0xAB,
    0xBB, 0xBA, 0xAB, 0xBB, 0xBB, 0xBA, 0xAB, 0xBB, 0xBB, 0xBA, 0xAB, 0xBB, 0xBB, 0xBA, 0xAB, 0xBB,
    0x0B, 0xBB, 0xBB, 0xB0, 0x00, 0xBB, 0xBB, 0x00, 0x00, 0x00, 0x00, 0x00, 0x00, 0x00, 0x00, 0x00,
    0x00, 0x00, 0x09, 0x99, 0x00, 0x00, 0x99, 0x99, 0x00, 0xA0, 0x9B, 0xBB, 0x00, 0xA0, 0xBB, 0xBB,
    0x00, 0xAA, 0xBA, 0x9A, 0x00, 0xAA, 0xBA, 0xBA, 0x00, 0x0A, 0xAA, 0xAA, 0x00, 0x09, 0x9A, 0xAB,
    0x0B, 0xBB, 0xBB, 0xAA, 0xBB, 0xAB, 0xBB, 0xB9, 0xBA, 0xAA, 0xBB, 0xAB, 0xBB, 0xAB, 0xBB, 0xA9,
    0xBB, 0xAB, 0xBB, 0xAB, 0xBB, 0xBB, 0xBB, 0xA9, 0x0A, 0xAA, 0xAA, 0xB0, 0x00, 0x00, 0xBB, 0xB0,
    0x00, 0x00, 0x09, 0x99, 0x00, 0x00, 0x99, 0x99, 0x00, 0xA0, 0x9B, 0xBB, 0x00, 0xA0, 0xBB, 0xBB,
    0x00, 0xAA, 0xBA, 0x9A, 0x00, 0xAA, 0xBA, 0xBA, 0x00, 0x0A, 0xAA, 0xAA, 0x00, 0x00, 0x9A, 0xAB,
    0x00, 0xBB, 0xBB, 0xBA, 0x0B, 0xBA, 0xBB, 0xBB, 0x0B, 0xAA, 0xAB, 0xBA, 0x0B, 0xBA, 0xBB, 0xBA,
    0x0B, 0xBA, 0xBB, 0xBA, 0x0B, 0xBB, 0xBB, 0xBA, 0x00, 0xAA, 0xAA, 0xA0, 0x00, 0x00, 0x00, 0x00,
    0x00, 0x00, 0x00, 0x00, 0x00, 0x0A, 0x09, 0x00, 0x00, 0x90, 0x90, 0x09, 0x00, 0x90, 0x90, 0x99,
    0x00, 0x00, 0x99, 0x99, 0x0A, 0x90, 0x99, 0xA9, 0x09, 0x99, 0x9A, 0x99, 0x09, 0x99, 0x9A, 0x9A,
    0x09, 0x99, 0xAA, 0x9A, 0x90, 0x9A, 0xAA, 0xAA, 0x99, 0x9A, 0x9A, 0xAB, 0x99, 0x9A, 0xAB, 0xAB,
    0x09, 0x99, 0xAA, 0xBB, 0x09, 0x99, 0xAA, 0xBB, 0x00, 0x99, 0x99, 0xAA, 0x00, 0x00, 0x09, 0x99,
    0x09, 0x00, 0x09, 0x00, 0x90, 0x00, 0x09, 0x00, 0x90, 0x90, 0x00, 0x00, 0x99, 0x90, 0x0A, 0x00,
    0x99, 0x90, 0x90, 0x00, 0x99, 0x09, 0x90, 0x90, 0x99, 0xA9, 0x99, 0x90, 0x99, 0x99, 0x99, 0x09,
    0x9A, 0x99, 0x99, 0x09, 0xA9, 0xA9, 0x99, 0x99, 0xAA, 0xAA, 0x99, 0x99, 0xAB, 0xAA, 0xA9, 0x90,
    0xBB, 0xBA, 0xA9, 0x90, 0xBB, 0xAA, 0x99, 0x00, 0xAA, 0xA9, 0x99, 0x00, 0x99, 0x99, 0x00, 0x00,
    0x00, 0x00, 0x09, 0x99, 0x00, 0x00, 0x99, 0x99, 0x00, 0xA0, 0x9B, 0xBB, 0x00, 0xA0, 0xBB, 0xBB,
    0x00, 0xAA, 0xBA, 0x9A, 0x00, 0xAA, 0xBA, 0xBA, 0xBB, 0xBB, 0xBB, 0xBB, 0xBB, 0xBA, 0xAB, 0xBB,
    0xBB, 0xBA, 0xAB, 0xBB, 0xBA, 0xAA, 0xAA, 0xAB, 0xBA, 0xAA, 0xAA, 0xAB, 0xBB, 0xBA, 0xAB, 0xBB,
    0xBB, 0xBA, 0xAB, 0xBB, 0xBB, 0xBA, 0xAB, 0xBB, 0x0B, 0xBB, 0xBB, 0xB0, 0x00, 0xBB, 0xBB, 0x00,
    0x00, 0x00, 0x00, 0x00, 0x00, 0x00, 0x00, 0x00, 0x00, 0x00, 0x00, 0x00, 0x00, 0x0B, 0x00, 0x00,
    0x00, 0x00, 0x00, 0x0B, 0x00, 0x00, 0x0B, 0x0A, 0x00, 0x00, 0x00, 0x0B, 0x00, 0x00, 0xBA, 0xBA,
    0x00, 0x00, 0xBA, 0xBA, 0x00, 0x00, 0x00, 0x0B, 0x00, 0x00, 0x0B, 0x0A, 0x00, 0x00, 0x00, 0x0B,
    0x00, 0x0B, 0x00, 0x00, 0x00, 0x00, 0x00, 0x00, 0x00, 0x00, 0x00, 0x00, 0x00, 0x00, 0x00, 0x00,
    0x00, 0x00, 0x00, 0x0B, 0x0B, 0x00, 0x00, 0x00, 0x00, 0xA0, 0x00, 0x0B, 0x00, 0x0B, 0x00, 0x0B,
    0x00, 0x00, 0xB0, 0x0A, 0x00, 0x00, 0x0B, 0x0B, 0x00, 0x00, 0x00, 0xAA, 0xB0, 0xBB, 0xAB, 0xAB,
    0xB0, 0xBB, 0xAB, 0xAB, 0x00, 0x00, 0x00, 0xAA, 0x00, 0x00, 0x0B, 0x0B, 0x00, 0x00, 0xB0, 0x0A,
    0x00, 0x0B, 0x00, 0x0B, 0x00, 0xA0, 0x00, 0x0B, 0x0B, 0x00, 0x00, 0x00, 0x00, 0x00, 0x00, 0x0B,
    0x00, 0x00, 0x09, 0x99, 0x00, 0x00, 0x09, 0x99, 0x00, 0x00, 0x00, 0x0B, 0x00, 0x00, 0x09, 0x99,
    0x00, 0x00, 0x99, 0xBA, 0x00, 0x09, 0x9B, 0xBB, 0x00, 0x09, 0xBB, 0xBB, 0x00, 0x99, 0xB9, 0xBB,
    0x00, 0x9B, 0xBB, 0x9B, 0x00, 0x9A, 0xBB, 0xB9, 0x00, 0x9B, 0xBB, 0xBB, 0x00, 0x99, 0xBB, 0xBB,
    0x00, 0x09, 0xBB, 0xBB, 0x00, 0x09, 0x9B, 0xBB, 0x00, 0x00, 0x99, 0xBA, 0x00, 0x00, 0x09, 0x99,
    0x00, 0x00, 0x00, 0x00, 0x00, 0x00, 0x00, 0x00, 0x00, 0x0A, 0xBA, 0x00, 0x00, 0xB9, 0x99, 0xB0,
    0x0A, 0x99, 0x99, 0x9A, 0x0B, 0x99, 0x99, 0x99, 0x0A, 0x99, 0x99, 0x99, 0x0B, 0x99, 0x99, 0x99,
    0x00, 0xA9, 0x99, 0x99, 0x00, 0xB9, 0x99, 0x99, 0x00, 0x0A, 0x99, 0x99, 0x00, 0x00, 0xB9, 0x99,
    0x00, 0x00, 0x0A, 0x99, 0x00, 0x00, 0x00, 0xB9, 0x00, 0x00, 0x00, 0x0A, 0x00, 0x00, 0x00, 0x00,
    0x00, 0x00, 0x00, 0x00, 0x00, 0x00, 0x00, 0x00, 0x00, 0x00, 0x0B, 0xBB, 0x00, 0x00, 0xBA, 0xA9,
    0x00, 0x0B, 0xAA, 0x99, 0x00, 0xBA, 0xA9, 0x99, 0x00, 0xBA, 0xAB, 0xBB, 0x00, 0xBA, 0xA0, 0xBB,
    0x00, 0x9B, 0xAA, 0x0B, 0x00, 0x99, 0xBA, 0xA0, 0x00, 0x99, 0x9B, 0xBB, 0x00, 0x09, 0x99, 0x99,
    0x00, 0x09, 0x99, 0x99, 0x00, 0x00, 0x09, 0x99, 0x00, 0x00, 0x00, 0x00, 0x00, 0x00, 0x00, 0x00,
    0x00, 0xBB, 0x00, 0x0B, 0x0B, 0xBB, 0xB0, 0xBB, 0x0B, 0xBB, 0xB0, 0xBB, 0x0B, 0xBB, 0xB0, 0xBB,
    0x0B, 0x99, 0x99, 0x99, 0x09, 0xBB, 0xB0, 0xBB, 0x0B, 0xBB, 0xB0, 0xBB, 0x0B, 0xBB, 0xB9, 0xBB,
    0x0B, 0xBB, 0xB0, 0xBB, 0x0B, 0xBB, 0xB0, 0xBB, 0x0B, 0x99, 0x99, 0x99, 0x09, 0xBB, 0xB0, 0xBB,
    0x0B, 0xBB, 0xB0, 0xBB, 0x0B, 0xAA, 0xB9, 0xBA, 0x0A, 0xAA, 0xA0, 0xAA, 0x00, 0xAA, 0x00, 0x0A,
    0x00, 0x00, 0x00, 0x00, 0x00, 0x00, 0x00, 0x00, 0x00, 0x00, 0x00, 0x00, 0x00, 0x00, 0x00, 0x00,
    0x00, 0x00, 0x00, 0x00, 0x00, 0x00, 0x00, 0x00, 0x00, 0x00, 0x00, 0x0A, 0x00, 0x00, 0x00, 0x0A,
    0x00, 0x00, 0x00, 0xAA, 0x00, 0x00, 0x00, 0xAA, 0x00, 0x00, 0x0A, 0xAA, 0x00, 0x00, 0x0A, 0xAA,
    0x00, 0x00, 0xAA, 0xAA, 0x00, 0x00, 0xAA, 0xAA, 0x00, 0x0A, 0xAA, 0xAA, 0x00, 0x0A, 0xAA, 0xAA,
    0x00, 0x99, 0x90, 0x00, 0x09, 0x00, 0x99, 0x00, 0x99, 0x00, 0x09, 0x90, 0x99, 0x00, 0x09, 0x90,
    0x99, 0x00, 0x09, 0x90, 0x09, 0x90, 0x09, 0x00, 0x00, 0x99, 0x90, 0x00, 0x00, 0x00, 0x00, 0x00,
    0x00, 0x09, 0x90, 0x00, 0x00, 0x99, 0x90, 0x00, 0x00, 0x09, 0x90, 0x00, 0x00, 0x09, 0x90, 0x00,
    0x00, 0x09, 0x90, 0x00, 0x00, 0x09, 0x90, 0x00, 0x09, 0x99, 0x99, 0x90, 0x00, 0x00, 0x00, 0x00,
    0x09, 0x99, 0x99, 0x00, 0x99, 0x00, 0x09, 0x90, 0x00, 0x00, 0x99, 0x90, 0x00, 0x99, 0x99, 0x00,
    0x09, 0x99, 0x90, 0x00, 0x99, 0x90, 0x00, 0x00, 0x99, 0x99, 0x99, 0x90, 0x00, 0x00, 0x00, 0x00,
    0x09, 0x99, 0x99, 0x90, 0x00, 0x00, 0x99, 0x00, 0x00, 0x09, 0x90, 0x00, 0x00, 0x99, 0x99, 0x00,
    0x00, 0x00, 0x09, 0x90, 0x99, 0x00, 0x09, 0x90, 0x09, 0x99, 0x99, 0x00, 0x00, 0x00, 0x00, 0x00,
    0x00, 0x09, 0x99, 0x00, 0x00, 0x99, 0x99, 0x00, 0x09, 0x90, 0x99, 0x00, 0x99, 0x00, 0x99, 0x00,
    0x99, 0x99, 0x99, 0x90, 0x00, 0x00, 0x99, 0x00, 0x00, 0x00, 0x99, 0x00, 0x00, 0x00, 0x00, 0x00,
    0x99, 0x99, 0x99, 0x00, 0x99, 0x00, 0x00, 0x00, 0x99, 0x99, 0x99, 0x00, 0x00, 0x00, 0x09, 0x90,
    0x00, 0x00, 0x09, 0x90, 0x99, 0x00, 0x09, 0x90, 0x09, 0x99, 0x99, 0x00, 0x00, 0x00, 0x00, 0x00,
    0x00, 0x99, 0x99, 0x00, 0x09, 0x90, 0x00, 0x00, 0x99, 0x00, 0x00, 0x00, 0x99, 0x99, 0x99, 0x00,
    0x99, 0x00, 0x09, 0x90, 0x99, 0x00, 0x09, 0x90, 0x09, 0x99, 0x99, 0x00, 0x00, 0x00, 0x00, 0x00,
    0x99, 0x99, 0x99, 0x90, 0x99, 0x00, 0x09, 0x90, 0x00, 0x00, 0x99, 0x00, 0x00, 0x09, 0x90, 0x00,
    0x00, 0x99, 0x00, 0x00, 0x00, 0x99, 0x00, 0x00, 0x00, 0x99, 0x00, 0x00, 0x00, 0x00, 0x00, 0x00,
    0x09, 0x99, 0x90, 0x00, 0x99, 0x00, 0x09, 0x00, 0x99, 0x90, 0x09, 0x00, 0x09, 0x99, 0x90, 0x00,
    0x90, 0x00, 0x09, 0x90, 0x90, 0x00, 0x09, 0x90, 0x09, 0x99, 0x99, 0x00, 0x00, 0x00, 0x00, 0x00,
    0x09, 0x99, 0x99, 0x00, 0x99, 0x00, 0x09, 0x90, 0x99, 0x00, 0x09, 0x90, 0x09, 0x99, 0x99, 0x90,
    0x00, 0x00, 0x09, 0x90, 0x00, 0x00, 0x99, 0x00, 0x09, 0x99, 0x90, 0x00, 0x00, 0x00, 0x00, 0x00,
    0x00, 0x99, 0x90, 0x00, 0x09, 0x90, 0x99, 0x00, 0x99, 0x00, 0x09, 0x90, 0x99, 0x00, 0x09, 0x90,
    0x99, 0x99, 0x99, 0x90, 0x99, 0x00, 0x09, 0x90, 0x99, 0x00, 0x09, 0x90, 0x00, 0x00, 0x00, 0x00,
    0x99, 0x99, 0x99, 0x00, 0x99, 0x00, 0x09, 0x90, 0x99, 0x00, 0x09, 0x90, 0x99, 0x99, 0x99, 0x00,
    0x99, 0x00, 0x09, 0x90, 0x99, 0x00, 0x09, 0x90, 0x99, 0x99, 0x99, 0x00, 0x00, 0x00, 0x00, 0x00,
    0x00, 0x99, 0x99, 0x00, 0x09, 0x90, 0x09, 0x90, 0x99, 0x00, 0x00, 0x00, 0x99, 0x00, 0x00, 0x00,
    0x99, 0x00, 0x00, 0x00, 0x09, 0x90, 0x09, 0x90, 0x00, 0x99, 0x99, 0x00, 0x00, 0x00, 0x00, 0x00,
    0x99, 0x99, 0x90, 0x00, 0x99, 0x00, 0x99, 0x00, 0x99, 0x00, 0x09, 0x90, 0x99, 0x00, 0x09, 0x90,
    0x99, 0x00, 0x09, 0x90, 0x99, 0x00, 0x99, 0x00, 0x99, 0x99, 0x90, 0x00, 0x00, 0x00, 0x00, 0x00,
    0x99, 0x99, 0x99, 0x90, 0x99, 0x00, 0x00, 0x00, 0x99, 0x00, 0x00, 0x00, 0x99, 0x99, 0x99, 0x00,
    0x99, 0x00, 0x00, 0x00, 0x99, 0x00, 0x00, 0x00, 0x99, 0x99, 0x99, 0x90, 0x00, 0x00, 0x00, 0x00,
    0x99, 0x99, 0x99, 0x90, 0x99, 0x00, 0x00, 0x00, 0x99, 0x00, 0x00, 0x00, 0x99, 0x99, 0x99, 0x00,
    0x99, 0x00, 0x00, 0x00, 0x99, 0x00, 0x00, 0x00, 0x99, 0x00, 0x00, 0x00, 0x00, 0x00, 0x00, 0x00,
    0x00, 0x99, 0x99, 0x90, 0x09, 0x90, 0x00, 0x00, 0x99, 0x00, 0x00, 0x00, 0x99, 0x00, 0x99, 0x90,
    0x99, 0x00, 0x09, 0x90, 0x09, 0x90, 0x09, 0x90, 0x00, 0x99, 0x99, 0x90, 0x00, 0x00, 0x00, 0x00,
    0x99, 0x00, 0x09, 0x90, 0x99, 0x00, 0x09, 0x90, 0x99, 0x00, 0x09, 0x90, 0x99, 0x99, 0x99, 0x90,
    0x99, 0x00, 0x09, 0x90, 0x99, 0x00, 0x09, 0x90, 0x99, 0x00, 0x09, 0x90, 0x00, 0x00, 0x00, 0x00,
    0x00, 0x99, 0x99, 0x00, 0x00, 0x09, 0x90, 0x00, 0x00, 0x09, 0x90, 0x00, 0x00, 0x09, 0x90, 0x00,
    0x00, 0x09, 0x90, 0x00, 0x00, 0x09, 0x90, 0x00, 0x00, 0x99, 0x99, 0x00, 0x00, 0x00, 0x00, 0x00,
    0x00, 0x09, 0x99, 0x90, 0x00, 0x00, 0x09, 0x90, 0x00, 0x00, 0x09, 0x90, 0x00, 0x00, 0x09, 0x90,
    0x99, 0x00, 0x09, 0x90, 0x99, 0x00, 0x09, 0x90, 0x09, 0x99, 0x99, 0x00, 0x00, 0x00, 0x00, 0x00,
    0x99, 0x00, 0x09, 0x90, 0x99, 0x00, 0x99, 0x00, 0x99, 0x09, 0x90, 0x00, 0x99, 0x99, 0x00, 0x00,
    0x99, 0x09, 0x90, 0x00, 0x99, 0x00, 0x99, 0x00, 0x99, 0x00, 0x09, 0x90, 0x00, 0x00, 0x00, 0x00,
    0x09, 0x90, 0x00, 0x00, 0x09, 0x90, 0x00, 0x00, 0x09, 0x90, 0x00, 0x00, 0x09, 0x90, 0x00, 0x00,
    0x09, 0x90, 0x00, 0x00, 0x09, 0x90, 0x00, 0x00, 0x09, 0x99, 0x99, 0x90, 0x00, 0x00, 0x00, 0x00,
    0x99, 0x00, 0x09, 0x90, 0x99, 0x90, 0x99, 0x90, 0x99, 0x99, 0x99, 0x90, 0x99, 0x99, 0x99, 0x90,
    0x99, 0x09, 0x09, 0x90, 0x99, 0x00, 0x09, 0x90, 0x99, 0x00, 0x09, 0x90, 0x00, 0x00, 0x00, 0x00,
    0x99, 0x00, 0x09, 0x90, 0x99, 0x90, 0x09, 0x90, 0x99, 0x99, 0x09, 0x90, 0x99, 0x99, 0x99, 0x90,
    0x99, 0x09, 0x99, 0x90, 0x99, 0x00, 0x99, 0x90, 0x99, 0x00, 0x09, 0x90, 0x00, 0x00, 0x00, 0x00,
    0x09, 0x99, 0x99, 0x00, 0x99, 0x00, 0x09, 0x90, 0x99, 0x00, 0x09, 0x90, 0x99, 0x00, 0x09, 0x90,
    0x99, 0x00, 0x09, 0x90, 0x99, 0x00, 0x09, 0x90, 0x09, 0x99, 0x99, 0x00, 0x00, 0x00, 0x00, 0x00,
    0x99, 0x99, 0x99, 0x00, 0x99, 0x00, 0x09, 0x90, 0x99, 0x00, 0x09, 0x90, 0x99, 0x99, 0x99, 0x00,
    0x99, 0x00, 0x00, 0x00, 0x99, 0x00, 0x00, 0x00, 0x99, 0x00, 0x00, 0x00, 0x00, 0x00, 0x00, 0x00,
    0x09, 0x99, 0x99, 0x00, 0x99, 0x00, 0x09, 0x90, 0x99, 0x00, 0x09, 0x90, 0x99, 0x00, 0x09, 0x90,
    0x99, 0x09, 0x99, 0x90, 0x99, 0x00, 0x99, 0x00, 0x09, 0x99, 0x90, 0x90, 0x00, 0x00, 0x00, 0x00,
    0x99, 0x99, 0x99, 0x00, 0x99, 0x00, 0x09, 0x90, 0x99, 0x00, 0x09, 0x90, 0x99, 0x99, 0x99, 0x00,
    0x99, 0x09, 0x90, 0x00, 0x99, 0x00, 0x99, 0x00, 0x99, 0x00, 0x09, 0x90, 0x00, 0x00, 0x00, 0x00,
    0x09, 0x99, 0x90, 0x00, 0x99, 0x00, 0x99, 0x00, 0x99, 0x00, 0x00, 0x00, 0x09, 0x99, 0x99, 0x00,
    0x00, 0x00, 0x09, 0x90, 0x99, 0x00, 0x09, 0x90, 0x09, 0x99, 0x99, 0x00, 0x00, 0x00, 0x00, 0x00,
    0x09, 0x99, 0x99, 0x90, 0x00, 0x09, 0x90, 0x00, 0x00, 0x09, 0x90, 0x00, 0x00, 0x09, 0x90, 0x00,
    0x00, 0x09, 0x90, 0x00, 0x00, 0x09, 0x90, 0x00, 0x00, 0x09, 0x90, 0x00, 0x00, 0x00, 0x00, 0x00,
    0x99, 0x00, 0x09, 0x90, 0x99, 0x00, 0x09, 0x90, 0x99, 0x00, 0x09, 0x90, 0x99, 0x00, 0x09, 0x90,
    0x99, 0x00, 0x09, 0x90, 0x99, 0x00, 0x09, 0x90, 0x09, 0x99, 0x99, 0x00, 0x00, 0x00, 0x00, 0x00,
    0x99, 0x00, 0x09, 0x90, 0x99, 0x00, 0x09, 0x90, 0x99, 0x00, 0x09, 0x90, 0x99, 0x90, 0x99, 0x90,
    0x09, 0x99, 0x99, 0x00, 0x00, 0x99, 0x90, 0x00, 0x00, 0x09, 0x00, 0x00, 0x00, 0x00, 0x00, 0x00,
    0x99, 0x00, 0x09, 0x90, 0x99, 0x00, 0x09, 0x90, 0x99, 0x09, 0x09, 0x90, 0x99, 0x99, 0x99, 0x90,
    0x99, 0x99, 0x99, 0x90, 0x99, 0x90, 0x99, 0x90, 0x99, 0x00, 0x09, 0x90, 0x00, 0x00, 0x00, 0x00,
    0x99, 0x00, 0x09, 0x90, 0x99, 0x90, 0x99, 0x90, 0x09, 0x99, 0x99, 0x00, 0x00, 0x99, 0x90, 0x00,
    0x09, 0x99, 0x99, 0x00, 0x99, 0x90, 0x99, 0x90, 0x99, 0x00, 0x09, 0x90, 0x00, 0x00, 0x00, 0x00,
    0x09, 0x90, 0x09, 0x90, 0x09, 0x90, 0x09, 0x90, 0x09, 0x90, 0x09, 0x90, 0x00, 0x99, 0x99, 0x00,
    0x00, 0x09, 0x90, 0x00, 0x00, 0x09, 0x90, 0x00, 0x00, 0x09, 0x90, 0x00, 0x00, 0x00, 0x00, 0x00,
    0x99, 0x99, 0x99, 0x90, 0x00, 0x00, 0x99, 0x90, 0x00, 0x09, 0x99, 0x00, 0x00, 0x99, 0x90, 0x00,
    0x09, 0x99, 0x00, 0x00, 0x99, 0x90, 0x00, 0x00, 0x99, 0x99, 0x99, 0x90, 0x00, 0x00, 0x00, 0x00,
    0x00, 0x00, 0x00, 0x00, 0x00, 0x00, 0x00, 0x00, 0x00, 0x00, 0x00, 0x00, 0x00, 0x00, 0x00, 0x00,
    0x00, 0x00, 0x00, 0x00, 0x00, 0x00, 0x00, 0x00, 0x00, 0x00, 0x00, 0x00, 0x00, 0x00, 0x00, 0x00,
    0x99, 0x99, 0x99, 0x99, 0x99, 0x99, 0x99, 0x99, 0x99, 0x99, 0x99, 0x99, 0x99, 0x99, 0x99, 0x99,
    0x99, 0x99, 0x99, 0x99, 0x99, 0x99, 0x99, 0x99, 0x99, 0x99, 0x99, 0x99, 0x99, 0x99, 0x99, 0x99,
    0xAA, 0xAA, 0xAA, 0xAA, 0xAA, 0xAA, 0xAA, 0xAA, 0xAA, 0xAA, 0xAA, 0xAA, 0xAA, 0xAA, 0xAA, 0xAA,
    0xAA, 0xAA, 0xAA, 0xAA, 0xAA, 0xAA, 0xAA, 0xAA, 0xAA, 0xAA, 0xAA, 0xAA, 0xAA, 0xAA, 0xAA, 0xAA,
    0xBB, 0xBB, 0xBB, 0xBB, 0xBB, 0xBB, 0xBB, 0xBB, 0xBB, 0xBB, 0xBB, 0xBB, 0xBB, 0xBB, 0xBB, 0xBB,
    0xBB, 0xBB, 0xBB, 0xBB, 0xBB, 0xBB, 0xBB, 0xBB, 0xBB, 0xBB, 0xBB, 0xBB, 0xBB, 0xBB, 0xBB, 0xBB,
    0x00, 0x00, 0x00, 0x00, 0x00, 0x00, 0x00, 0x00, 0x00, 0x00, 0x00, 0x00, 0x00, 0x00, 0x00, 0x00,
    0x00, 0x99, 0x00, 0x00, 0x00, 0x09, 0x00, 0x00, 0x00, 0x90, 0x00, 0x00, 0x00, 0x00, 0x00, 0x00,
    0x00, 0x09, 0x90, 0x00, 0x00, 0x09, 0x90, 0x00, 0x00, 0x09, 0x90, 0x00, 0x00, 0x09, 0x90, 0x00,
    0x00, 0x09, 0x90, 0x00, 0x00, 0x00, 0x00, 0x00, 0x00, 0x09, 0x90, 0x00, 0x00, 0x00, 0x00, 0x00,
    0x00, 0x99, 0x00, 0x00, 0x00, 0x09, 0x00, 0x00, 0x00, 0x90, 0x00, 0x00, 0x00, 0x00, 0x00, 0x00,
    0x00, 0x00, 0x00, 0x00, 0x00, 0x00, 0x00, 0x00, 0x00, 0x00, 0x00, 0x00, 0x00, 0x00, 0x00, 0x00,
    0x09, 0x99, 0x00, 0x00, 0x90, 0x00, 0x90, 0x00, 0x09, 0x09, 0x00, 0x00, 0x00, 0x90, 0x00, 0x00,
    0x09, 0x09, 0x09, 0x00, 0x90, 0x00, 0x90, 0x00, 0x09, 0x99, 0x09, 0x90, 0x00, 0x00, 0x00, 0x00,
    0x00, 0x00, 0x00, 0x00, 0x00, 0x00, 0x00, 0x00, 0x00, 0x00, 0x00, 0x00, 0x00, 0x00, 0x00, 0x00,
    0x00, 0x00, 0x00, 0x00, 0x00, 0x99, 0x00, 0x00, 0x00, 0x99, 0x00, 0x00, 0x00, 0x00, 0x00, 0x00,
    0x00, 0x90, 0x09, 0x00, 0x00, 0x90, 0x09, 0x00, 0x00, 0x90, 0x09, 0x00, 0x00, 0x00, 0x00, 0x00,
    0x00, 0x00, 0x00, 0x00, 0x00, 0x00, 0x00, 0x00, 0x00, 0x00, 0x00, 0x00, 0x00, 0x00, 0x00, 0x00,
    0x00, 0x99, 0x90, 0x00, 0x09, 0x00, 0x09, 0x00, 0x00, 0x00, 0x09, 0x00, 0x00, 0x00, 0x90, 0x00,
    0x00, 0x09, 0x00, 0x00, 0x00, 0x00, 0x00, 0x00, 0x00, 0x09, 0x00, 0x00, 0x00, 0x00, 0x00, 0x00,
    0x00, 0x00, 0x00, 0x00, 0x00, 0x00, 0x00, 0x00, 0x00, 0x00, 0x00, 0x00, 0x99, 0x99, 0x99, 0x00,
    0x00, 0x00, 0x00, 0x00, 0x00, 0x00, 0x00, 0x00, 0x00, 0x00, 0x00, 0x00, 0x00, 0x00, 0x00, 0x00,
    0x00, 0x00, 0x00, 0x00, 0x00, 0x00, 0x00, 0x00, 0x00, 0x00, 0x00, 0x00, 0x00, 0x00, 0x00, 0x00,
    0x00, 0x00, 0x00, 0x00, 0x00, 0x00, 0x00, 0x00, 0x00, 0x00, 0x00, 0x00, 0x00, 0x00, 0x00, 0x00,
    0x00, 0x00, 0x00, 0x00, 0x00, 0x00, 0x00, 0x00, 0x00, 0x00, 0x00, 0x00, 0x00, 0x00, 0x00, 0x00,
    0x00, 0x00, 0x00, 0x00, 0x00, 0x00, 0x00, 0x00, 0x00, 0x00, 0x00, 0x00, 0x00, 0x00, 0x00, 0x00,
    0x00, 0x00, 0x00, 0x00, 0x00, 0x00, 0x00, 0x00, 0x00, 0x00, 0x00, 0x00, 0x00, 0x00, 0x00, 0x00,
    0x00, 0x00, 0x00, 0x00, 0x00, 0x00, 0x00, 0x00, 0x00, 0x00, 0x00, 0x00, 0x00, 0x00, 0x00, 0x00,
    0x00, 0x00, 0x00, 0x00, 0x00, 0x00, 0x00, 0x00, 0x00, 0x00, 0x00, 0x00, 0x00, 0x00, 0x00, 0x00,
    0x00, 0x00, 0x00, 0x00, 0x00, 0x00, 0x00, 0x00, 0x00, 0x00, 0x00, 0x00, 0x00, 0x00, 0x00, 0x00,
    0x00, 0x00, 0x00, 0x00, 0x00, 0x00, 0x00, 0x00, 0x00, 0x00, 0x00, 0x00, 0x00, 0x00, 0x00, 0x00,
    0x00, 0x00, 0x00, 0x00, 0x00, 0x00, 0x00, 0x00, 0x00, 0x00, 0x00, 0x00, 0x00, 0x00, 0x00, 0x00,
    0x00, 0x00, 0x00, 0x00, 0x00, 0x00, 0x00, 0x00, 0x00, 0x00, 0x00, 0x00, 0x00, 0x00, 0x00, 0x00,
    0x00, 0x00, 0x00, 0x00, 0x00, 0x00, 0x00, 0x00, 0x00, 0x00, 0x00, 0x00, 0x00, 0x00, 0x00, 0x00,
    0x00, 0x00, 0x00, 0x00, 0x00, 0x00, 0x00, 0x00, 0x00, 0x00, 0x00, 0x00, 0x00, 0x00, 0x00, 0x00,
    0x00, 0x00, 0x00, 0x00, 0x00, 0x00, 0x00, 0x00, 0x00, 0x00, 0x00, 0x00, 0x00, 0x00, 0x00, 0x00,
    0x00, 0x00, 0x00, 0x00, 0x00, 0x00, 0x00, 0x00, 0x00, 0x00, 0x00, 0x00, 0x00, 0x00, 0x00, 0x00,
    0x00, 0x00, 0x00, 0x00, 0x00, 0x00, 0x00, 0x00, 0x00, 0x00, 0x00, 0x00, 0x00, 0x00, 0x00, 0x00,
    0x00, 0x00, 0x00, 0x00, 0x00, 0x00, 0x00, 0x00, 0x00, 0x00, 0x00, 0x00, 0x00, 0x00, 0x00, 0x00,
    0x00, 0x00, 0x00, 0x00, 0x00, 0x00, 0x00, 0x00, 0x00, 0x00, 0x00, 0x00, 0x00, 0x00, 0x00, 0x00,
    0x00, 0x00, 0x00, 0x00, 0x00, 0x00, 0x00, 0x00, 0x00, 0x00, 0x00, 0x00, 0x00, 0x00, 0x00, 0x00,
    0x00, 0x00, 0x00, 0x00, 0x00, 0x00, 0x00, 0x00, 0x00, 0x00, 0x00, 0x00, 0x00, 0x00, 0x00, 0x00,
    0x00, 0x00, 0x00, 0x00, 0x00, 0x00, 0x00, 0x00, 0x00, 0x00, 0x00, 0x00, 0x00, 0x00, 0x00, 0x00,
    0x00, 0x00, 0x00, 0x00, 0x00, 0x00, 0x00, 0x00, 0x00, 0x00, 0x00, 0x00, 0x00, 0x00, 0x00, 0x00,
    0x00, 0x00, 0x00, 0x00, 0x00, 0x00, 0x00, 0x00, 0x00, 0x00, 0x00, 0x00, 0x00, 0x00, 0x00, 0x00,
    0x00, 0x00, 0x00, 0x00, 0x00, 0x00, 0x00, 0x00, 0x00, 0x00, 0x00, 0x00, 0x00, 0x00, 0x00, 0x00,
    0x00, 0x00, 0x00, 0x00, 0x00, 0x00, 0x00, 0x00, 0x00, 0x00, 0x00, 0x00, 0x00, 0x00, 0x00, 0x00,
    0x00, 0x00, 0x00, 0x00, 0x00, 0x00, 0x00, 0x00, 0x00, 0x00, 0x00, 0x00, 0x00, 0x00, 0x00, 0x00,
    0x00, 0x00, 0x00, 0x00, 0x00, 0x00, 0x00, 0x00, 0x00, 0x00, 0x00, 0x00, 0x00, 0x00, 0x00, 0x00,
    0x00, 0x00, 0x00, 0x00, 0x00, 0x00, 0x00, 0x00, 0x00, 0x00, 0x00, 0x00, 0x00, 0x00, 0x00, 0x00,
    0x00, 0x00, 0x00, 0x00, 0x00, 0x00, 0x00, 0x00, 0x00, 0x00, 0x00, 0x00, 0x00, 0x00, 0x00, 0x00,
    0x00, 0x00, 0x00, 0x00, 0x00, 0x00, 0x00, 0x00, 0x00, 0x00, 0x00, 0x00, 0x00, 0x00, 0x00, 0x00,
    0x00, 0x00, 0x00, 0x00, 0x00, 0x00, 0x00, 0x00, 0x00, 0x00, 0x00, 0x00, 0x00, 0x00, 0x00, 0x00,
    0x00, 0x00, 0x00, 0x00, 0x00, 0x00, 0x00, 0x00, 0x00, 0x00, 0x00, 0x00, 0x00, 0x00, 0x00, 0x00,
    0x00, 0x00, 0x00, 0x00, 0x00, 0x00, 0x00, 0x00, 0x00, 0x00, 0x00, 0x00, 0x00, 0x00, 0x00, 0x00,
    0x00, 0x00, 0x00, 0x00, 0x00, 0x00, 0x00, 0x00, 0x00, 0x00, 0x00, 0x00, 0x00, 0x00, 0x00, 0x00,
    0x00, 0x00, 0x00, 0x00, 0x00, 0x00, 0x00, 0x00, 0x00, 0x00, 0x00, 0x00, 0x00, 0x00, 0x00, 0x00,
    0x00, 0x00, 0x00, 0x00, 0x00, 0x00, 0x00, 0x00, 0x00, 0x00, 0x00, 0x00, 0x00, 0x00, 0x00, 0x00,
    0x00, 0x00, 0x00, 0x00, 0x00, 0x00, 0x00, 0x00, 0x00, 0x00, 0x00, 0x00, 0x00, 0x00, 0x00, 0x00,
    0x00, 0x00, 0x00, 0x00, 0x00, 0x00, 0x00, 0x00, 0x00, 0x00, 0x00, 0x00, 0x00, 0x00, 0x00, 0x00,
    0x00, 0x00, 0x00, 0x00, 0x00, 0x00, 0x00, 0x00, 0x00, 0x00, 0x00, 0x00, 0x00, 0x00, 0x00, 0x00,
    0x00, 0x00, 0x00, 0x00, 0x00, 0x00, 0x00, 0x00, 0x00, 0x00, 0x00, 0x00, 0x00, 0x00, 0x00, 0x00,
    0x00, 0x00, 0x00, 0x00, 0x00, 0x00, 0x00, 0x00, 0x00, 0x00, 0x00, 0x00, 0x00, 0x00, 0x00, 0x00,
    0x00, 0x00, 0x00, 0x00, 0x00, 0x00, 0x00, 0x00, 0x00, 0x00, 0x00, 0x00, 0x00, 0x00, 0x00, 0x00,
    0x00, 0x00, 0x00, 0x00, 0x00, 0x00, 0x00, 0x00, 0x00, 0x00, 0x00, 0x00, 0x00, 0x00, 0x00, 0x00,
    0x00, 0x00, 0x00, 0x00, 0x00, 0x00, 0x00, 0x00, 0x00, 0x00, 0x00, 0x00, 0x00, 0x00, 0x00, 0x00,
    0x00, 0x00, 0x00, 0x00, 0x00, 0x00, 0x00, 0x00, 0x00, 0x00, 0x00, 0x00, 0x00, 0x00, 0x00, 0x00,
    0x00, 0x00, 0x00, 0x00, 0x00, 0x00, 0x00, 0x00, 0x00, 0x00, 0x00, 0x00, 0x00, 0x00, 0x00, 0x00,
    0x00, 0x00, 0x00, 0x00, 0x00, 0x00, 0x00, 0x00, 0x00, 0x00, 0x00, 0x00, 0x00, 0x00, 0x00, 0x00,
    0x00, 0x00, 0x00, 0x00, 0x00, 0x00, 0x00, 0x00, 0x00, 0x00, 0x00, 0x00, 0x00, 0x00, 0x00, 0x00,
    0x00, 0x00, 0x00, 0x00, 0x00, 0x00, 0x00, 0x00, 0x00, 0x00, 0x00, 0x00, 0x00, 0x00, 0x00, 0x00,
    0x00, 0x00, 0x00, 0x00, 0x00, 0x00, 0x00, 0x00, 0x00, 0x00, 0x00, 0x00, 0x00, 0x00, 0x00, 0x00,
    0x00, 0x00, 0x00, 0x00, 0x00, 0x00, 0x00, 0x00, 0x00, 0x00, 0x00, 0x00, 0x00, 0x00, 0x00, 0x00,
    0x00, 0x00, 0x00, 0x00, 0x00, 0x00, 0x00, 0x00, 0x00, 0x00, 0x00, 0x00, 0x00, 0x00, 0x00, 0x00,
    0x00, 0x00, 0x00, 0x00, 0x00, 0x00, 0x00, 0x00, 0x00, 0x00, 0x00, 0x00, 0x00, 0x00, 0x00, 0x00,
    0x00, 0x00, 0x00, 0x00, 0x00, 0x00, 0x00, 0x00, 0x00, 0x00, 0x00, 0x00, 0x00, 0x00, 0x00, 0x00,
    0x00, 0x00, 0x00, 0x00, 0x00, 0x00, 0x00, 0x00, 0x00, 0x00, 0x00, 0x00, 0x00, 0x00, 0x00, 0x00,
    0x00, 0x00, 0x00, 0x00, 0x00, 0x00, 0x00, 0x00, 0x00, 0x00, 0x00, 0x00, 0x00, 0x00, 0x00, 0x00,
    0x00, 0x00, 0x00, 0x00, 0x00, 0x00, 0x00, 0x00, 0x00, 0x00, 0x00, 0x00, 0x00, 0x00, 0x00, 0x00,
    0x00, 0x00, 0x00, 0x00, 0x00, 0x00, 0x00, 0x00, 0x00, 0x00, 0x00, 0x00, 0x00, 0x00, 0x00, 0x00,
    0x00, 0x00, 0x00, 0x00, 0x00, 0x00, 0x00, 0x00, 0x00, 0x00, 0x00, 0x00, 0x00, 0x00, 0x00, 0x00,
    0x00, 0x00, 0x00, 0x00, 0x00, 0x00, 0x00, 0x00, 0x00, 0x00, 0x00, 0x00, 0x00, 0x00, 0x00, 0x00,
    0x00, 0x00, 0x00, 0x00, 0x00, 0x00, 0x00, 0x00, 0x00, 0x00, 0x00, 0x00, 0x00, 0x00, 0x00, 0x00,
    0x00, 0x00, 0x00, 0x00, 0x00, 0x00, 0x00, 0x00, 0x00, 0x00, 0x00, 0x00, 0x00, 0x00, 0x00, 0x00,
    0x00, 0x00, 0x00, 0x00, 0x00, 0x00, 0x00, 0x00, 0x00, 0x00, 0x00, 0x00, 0x00, 0x00, 0x00, 0x00,
    0x00, 0x00, 0x00, 0x00, 0x00, 0x00, 0x00, 0x00, 0x00, 0x00, 0x00, 0x00, 0x00, 0x00, 0x00, 0x00,
    0x00, 0x00, 0x00, 0x00, 0x00, 0x00, 0x00, 0x00, 0x00, 0x00, 0x00, 0x00, 0x00, 0x00, 0x00, 0x00,
    0x00, 0x00, 0x00, 0x00, 0x00, 0x00, 0x00, 0x00, 0x00, 0x00, 0x00, 0x00, 0x00, 0x00, 0x00, 0x00,
    0x00, 0x00, 0x00, 0x00, 0x00, 0x00, 0x00, 0x00, 0x00, 0x00, 0x00, 0x00, 0x00, 0x00, 0x00, 0x00,
    0x00, 0x00, 0x00, 0x00, 0x00, 0x00, 0x00, 0x00, 0x00, 0x00, 0x00, 0x00, 0x00, 0x00, 0x00, 0x00,
    0x00, 0x00, 0x00, 0x00, 0x00, 0x00, 0x00, 0x00, 0x00, 0x00, 0x00, 0x00, 0x00, 0x00, 0x00, 0x00,
    0x00, 0x00, 0x00, 0x00, 0x00, 0x00, 0x00, 0x00, 0x00, 0x00, 0x00, 0x00, 0x00, 0x00, 0x00, 0x00,
    0x00, 0x00, 0x00, 0x00, 0x00, 0x00, 0x00, 0x00, 0x00, 0x00, 0x00, 0x00, 0x00, 0x00, 0x00, 0x00,
    0x00, 0x00, 0x00, 0x00, 0x00, 0x00, 0x00, 0x00, 0x00, 0x00, 0x00, 0x00, 0x00, 0x00, 0x00, 0x00,
    0x00, 0x00, 0x00, 0x00, 0x00, 0x00, 0x00, 0x00, 0x00, 0x00, 0x00, 0x00, 0x00, 0x00, 0x00, 0x00,
    0x00, 0x00, 0x00, 0x00, 0x00, 0x00, 0x00, 0x00, 0x00, 0x00, 0x00, 0x00, 0x00, 0x00, 0x00, 0x00,
    0x00, 0x00, 0x00, 0x00, 0x00, 0x00, 0x00, 0x00, 0x00, 0x00, 0x00, 0x00, 0x00, 0x00, 0x00, 0x00,
    0x00, 0x00, 0x00, 0x00, 0x00, 0x00, 0x00, 0x00, 0x00, 0x00, 0x00, 0x00, 0x00, 0x00, 0x00, 0x00,
    0x00, 0x00, 0x00, 0x00, 0x00, 0x00, 0x00, 0x00, 0x00, 0x00, 0x00, 0x00, 0x00, 0x00, 0x00, 0x00,
    0x00, 0x00, 0x00, 0x00, 0x00, 0x00, 0x00, 0x00, 0x00, 0x00, 0x00, 0x00, 0x00, 0x00, 0x00, 0x00,
    0x00, 0x00, 0x00, 0x00, 0x00, 0x00, 0x00, 0x00, 0x00, 0x00, 0x00, 0x00, 0x00, 0x00, 0x00, 0x00,
    0x00, 0x00, 0x00, 0x00, 0x00, 0x00, 0x00, 0x00, 0x00, 0x00, 0x00, 0x00, 0x00, 0x00, 0x00, 0x00,
    0x00, 0x00, 0x00, 0x00, 0x00, 0x00, 0x00, 0x00, 0x00, 0x00, 0x00, 0x00, 0x00, 0x00, 0x00, 0x00,
    0x00, 0x00, 0x00, 0x00, 0x00, 0x00, 0x00, 0x00, 0x00, 0x00, 0x00, 0x00, 0x00, 0x00, 0x00, 0x00,
    0x00, 0x00, 0x00, 0x00, 0x00, 0x00, 0x00, 0x00, 0x00, 0x00, 0x00, 0x00, 0x00, 0x00, 0x00, 0x00,
    0x00, 0x00, 0x00, 0x00, 0x00, 0x00, 0x00, 0x00, 0x00, 0x00, 0x00, 0x00, 0x00, 0x00, 0x00, 0x00,
    0x00, 0x00, 0x00, 0x00, 0x00, 0x00, 0x00, 0x00, 0x00, 0x00, 0x00, 0x00, 0x00, 0x00, 0x00, 0x00,
    0x00, 0x00, 0x00, 0x00, 0x00, 0x00, 0x00, 0x00, 0x00, 0x00, 0x00, 0x00, 0x00, 0x00, 0x00, 0x00,
    0x00, 0x00, 0x00, 0x00, 0x00, 0x00, 0x00, 0x00, 0x00, 0x00, 0x00, 0x00, 0x00, 0x00, 0x00, 0x00,
    0x00, 0x00, 0x00, 0x00, 0x00, 0x00, 0x00, 0x00, 0x00, 0x00, 0x00, 0x00, 0x00, 0x00, 0x00, 0x00,
    0x00, 0x00, 0x00, 0x00, 0x00, 0x00, 0x00, 0x00, 0x00, 0x00, 0x00, 0x00, 0x00, 0x00, 0x00, 0x00,
    0x00, 0x00, 0x00, 0x00, 0x00, 0x00, 0x00, 0x00, 0x00, 0x00, 0x00, 0x00, 0x00, 0x00, 0x00, 0x00,
    0x00, 0x00, 0x00, 0x00, 0x00, 0x00, 0x00, 0x00, 0x00, 0x00, 0x00, 0x00, 0x00, 0x00, 0x00, 0x00,
    0x00, 0x00, 0x00, 0x00, 0x00, 0x00, 0x00, 0x00, 0x00, 0x00, 0x00, 0x00, 0x00, 0x00, 0x00, 0x00,
    0x00, 0x00, 0x00, 0x00, 0x00, 0x00, 0x00, 0x00, 0x00, 0x00, 0x00, 0x00, 0x00, 0x00, 0x00, 0x00,
    0x00, 0x00, 0x00, 0x00, 0x00, 0x00, 0x00, 0x00, 0x00, 0x00, 0x00, 0x00, 0x00, 0x00, 0x00, 0x00,
    0x00, 0x00, 0x00, 0x00, 0x00, 0x00, 0x00, 0x00, 0x00, 0x00, 0x00, 0x00, 0x00, 0x00, 0x00, 0x00,
    0x00, 0x00, 0x00, 0x00, 0x00, 0x00, 0x00, 0x00, 0x00, 0x00, 0x00, 0x00, 0x00, 0x00, 0x00, 0x00,
    0x00, 0x00, 0x00, 0x00, 0x00, 0x00, 0x00, 0x00, 0x00, 0x00, 0x00, 0x00, 0x00, 0x00, 0x00, 0x00,
    0x00, 0x00, 0x00, 0x00, 0x00, 0x00, 0x00, 0x00, 0x00, 0x00, 0x00, 0x00, 0x00, 0x00, 0x00, 0x00,
    0x00, 0x00, 0x00, 0x09, 0x00, 0xAB, 0xBB, 0x09, 0x0A, 0x9A, 0xBB, 0xB0, 0xA9, 0xAB, 0xBB, 0xBB,
    0xA9, 0xAB, 0xBB, 0xBB, 0xBA, 0xBB, 0xBB, 0xBB, 0x0B, 0xBB, 0xBB, 0xB0, 0x00, 0xBB, 0xBB, 0x00,
    0x00, 0x00, 0x00, 0x00, 0x00, 0x00, 0x00, 0x00, 0x00, 0x00, 0x00, 0x00, 0x99, 0x99, 0x99, 0x00,
    0x00, 0x00, 0x00, 0x00, 0x00, 0x00, 0x00, 0x00, 0x00, 0x00, 0x00, 0x00, 0x00, 0x00, 0x00, 0x00,
    0x00, 0x00, 0x00, 0x00, 0x00, 0x00, 0x00, 0x00, 0x00, 0x00, 0x00, 0x00, 0x00, 0x00, 0x00, 0x00,
    0x00, 0x00, 0x00, 0x00, 0x00, 0x99, 0x00, 0x00, 0x00, 0x99, 0x00, 0x00, 0x00, 0x00, 0x00, 0x00,
    0x00, 0x09, 0x00, 0x00, 0x00, 0x09, 0x00, 0x00, 0x00, 0x09, 0x00, 0x00, 0x99, 0x99, 0x99, 0x90,
    0x00, 0x09, 0x00, 0x00, 0x00, 0x09, 0x00, 0x00, 0x00, 0x09, 0x00, 0x00, 0x00, 0x00, 0x00, 0x00,
    0x09, 0x90, 0xBB, 0x00, 0x99, 0x99, 0xBB, 0xB0, 0x99, 0x9B, 0xBB, 0xB0, 0x99, 0x99, 0xBB, 0xB0,
    0x99, 0x9B, 0xBB, 0xB0, 0x09, 0x99, 0xBB, 0x00, 0x00, 0x9B, 0xB0, 0x00, 0x00, 0x09, 0x00, 0x00,
    0x0B, 0xB0, 0xBB, 0x00, 0xBB, 0xBB, 0xBB, 0xB0, 0xBB, 0xBB, 0xBB, 0xB0, 0xBB, 0xBB, 0xBB, 0xB0,
    0xBB, 0xBB, 0xBB, 0xB0, 0x0B, 0xBB, 0xBB, 0x00, 0x00, 0xBB, 0xB0, 0x00, 0x00, 0x0B, 0x00, 0x00,
    0xBB, 0xBB, 0xBB, 0xB0, 0xBB, 0xBB, 0xBB, 0xB0, 0xBB, 0xBB, 0xBB, 0xB0, 0x00, 0x00, 0x00, 0x00,
    0x00, 0x00, 0x00, 0x00, 0x00, 0x00, 0x00, 0x00, 0x00, 0x00, 0x00, 0x00, 0x00, 0x00, 0x00, 0x00,
    0xAA, 0xAA, 0xAA, 0xA9, 0xBA, 0xA9, 0xAA, 0xAA, 0xAA, 0xAA, 0xAA, 0xAA, 0xA9, 0xAA, 0xAA, 0xBA,
    0xAA, 0xAA, 0x9A, 0xAA, 0xAA, 0xAA, 0xAA, 0x9A, 0xAA, 0x9A, 0xAA, 0xAA, 0xAA, 0xAA, 0xAB, 0xAA,
    0x00, 0x00, 0x00, 0x00, 0x00, 0x00, 0x00, 0x00, 0x00, 0x00, 0x00, 0x00, 0x00, 0x00, 0xBB, 0xBB,
    0x00, 0x0B, 0xBB, 0xBB, 0x00, 0x0B, 0xB0, 0x00, 0x00, 0x0B, 0xB0, 0x00, 0x00, 0x0B, 0xB0, 0x00,
    0x00, 0x00, 0x00, 0x00, 0x00, 0x00, 0x00, 0x00, 0x00, 0x00, 0x00, 0x00, 0xBB, 0xBB, 0xBB, 0xBB,
    0xBB, 0xBB, 0xBB, 0xBB, 0x00, 0x00, 0x00, 0x00, 0x00, 0x00, 0x00, 0x00, 0x00, 0x00, 0x00, 0x00,
    0x00, 0x00, 0x00, 0x00, 0x00, 0x00, 0x00, 0x00, 0x00, 0x00, 0x00, 0x00, 0xBB, 0xBB, 0x00, 0x00,
    0xBB, 0xBB, 0xB0, 0x00, 0x00, 0x0B, 0xB0, 0x00, 0x00, 0x0B, 0xB0, 0x00, 0x00, 0x0B, 0xB0, 0x00,
    0x00, 0x0B, 0xB0, 0x00, 0x00, 0x0B, 0xB0, 0x00, 0x00, 0x0B, 0xB0, 0x00, 0x00, 0x0B, 0xB0, 0x00,
    0x00, 0x0B, 0xB0, 0x00, 0x00, 0x0B, 0xB0, 0x00, 0x00, 0x0B, 0xB0, 0x00, 0x00, 0x0B, 0xB0, 0x00,
    0x00, 0x0B, 0xB0, 0x00, 0x00, 0x0B, 0xB0, 0x00, 0x00, 0x0B, 0xB0, 0x00, 0xBB, 0xBB, 0xB0, 0x00,
    0xBB, 0xBB, 0x00, 0x00, 0x00, 0x00, 0x00, 0x00, 0x00, 0x00, 0x00, 0x00, 0x00, 0x00, 0x00, 0x00,
    0x00, 0x0B, 0xB0, 0x00, 0x00, 0x0B, 0xB0, 0x00, 0x00, 0x0B, 0xB0, 0x00, 0x00, 0x0B, 0xBB, 0xBB,
    0x00, 0x00, 0xBB, 0xBB, 0x00, 0x00, 0x00, 0x00, 0x00, 0x00, 0x00, 0x00, 0x00, 0x00, 0x00, 0x00,
    0x99, 0x99, 0x99, 0x99, 0x99, 0x99, 0x99, 0x99, 0xAA, 0xAA, 0xAA, 0xAA, 0xBB, 0xBB, 0xBB, 0xBB,
    0x99, 0x99, 0x99, 0x99, 0x99, 0x99, 0x99, 0x99, 0xAA, 0xAA, 0xAA, 0xAA, 0xBB, 0xBB, 0xBB, 0xBB,
    0x09, 0x90, 0x99, 0x00, 0x99, 0x99, 0x99, 0x90, 0x99, 0x99, 0x99, 0x90, 0x99, 0x99, 0x99, 0x90,
    0x99, 0x99, 0x99, 0x90, 0x09, 0x99, 0x99, 0x00, 0x00, 0x99, 0x90, 0x00, 0x00, 0x09, 0x00, 0x00,
    0x00, 0x00, 0x00, 0x00, 0x00, 0x00, 0x00, 0x00, 0x00, 0x00, 0x00, 0x00, 0x00, 0x00, 0x00, 0x00,
    0x00, 0x00, 0x00, 0x00, 0x00, 0x00, 0x00, 0x00, 0x00, 0x00, 0x00, 0x00, 0x00, 0x00, 0x00, 0x00,
    0x99, 0x99, 0x99, 0x99, 0x99, 0x99, 0x99, 0x99, 0x99, 0x99, 0x99, 0x99, 0x99, 0x99, 0x99, 0x99,
    0x99, 0x99, 0x99, 0x99, 0x99, 0x99, 0x99, 0x99, 0x99, 0x99, 0x99, 0x99, 0x99, 0x99, 0x99, 0x99,
    0xAA, 0xAA, 0xAA, 0xAA, 0xAA, 0xAA, 0xAA, 0xAA, 0xAA, 0xAA, 0xAA, 0xAA, 0xAA, 0xAA, 0xAA, 0xAA,
    0xAA, 0xAA, 0xAA, 0xAA, 0xAA, 0xAA, 0xAA, 0xAA, 0xAA, 0xAA, 0xAA, 0xAA, 0xAA, 0xAA, 0xAA, 0xAA,
    0xA9, 0xBA, 0xAA, 0xAA, 0xA9, 0xAA, 0xAA, 0xAA, 0xA9, 0xAA, 0xAA, 0xAA, 0x99, 0x99, 0x99, 0x99,
    0xAA, 0xAA, 0xA9, 0xBA, 0xAA, 0xAA, 0xA9, 0xAA, 0xAA, 0xAA, 0xA9, 0xAA, 0x99, 0x99, 0x99, 0x99,
    0x00, 0x0A, 0xBB, 0xBA, 0x00, 0xBA, 0xAA, 0x0A, 0x0B, 0xAA, 0xAA, 0x0A, 0xAA, 0xAA, 0xAA, 0x0A,
    0xBA, 0xAA, 0xA0, 0x00, 0xBA, 0xAA, 0x0A, 0xA0, 0xB0, 0x00, 0xAA, 0x00, 0xAA, 0xA0, 0xA0, 0x00,
    0x00, 0x00, 0x00, 0x00, 0x00, 0x00, 0x00, 0x00, 0x00, 0x00, 0x00, 0x00, 0x00, 0x00, 0x00, 0x00,
    0x00, 0x00, 0x00, 0x00, 0x00, 0x00, 0x00, 0x00, 0x00, 0x00, 0x09, 0x09, 0x00, 0x00, 0x00, 0x00,
    0x00, 0x00, 0xAA, 0xA0, 0x00, 0x0A, 0x00, 0xAA, 0x00, 0x0A, 0x00, 0x0A, 0x00, 0x00, 0xA0, 0x0A,
    0x00, 0x0A, 0x0A, 0xA0, 0x00, 0xA0, 0x00, 0x00, 0x0A, 0x0A, 0x00, 0x00, 0xA0, 0xA0, 0x00, 0x00,
    0x99, 0x99, 0x99, 0x09, 0xAA, 0xAA, 0xAA, 0x09, 0xAA, 0xAA, 0xAA, 0x09, 0x00, 0x00, 0x00, 0x00,
    0x99, 0x09, 0x99, 0x99, 0xAA, 0x09, 0xAA, 0xAA, 0xAA, 0x09, 0xAA, 0xAA, 0x00, 0x00, 0x00, 0x00,
    0x00, 0x00, 0x00, 0x00, 0x00, 0x00, 0x00, 0x00, 0x00, 0x00, 0x00, 0x00, 0x00, 0x00, 0x00, 0x00,
    0xBB, 0xBB, 0xBB, 0xB0, 0xBB, 0xBB, 0xBB, 0xB0, 0xBB, 0xBB, 0xBB, 0xB0, 0x00, 0x00, 0x00, 0x00,
    0x00, 0x99, 0x99, 0x00, 0x09, 0x00, 0x00, 0x90, 0x90, 0x09, 0x90, 0x09, 0x90, 0x90, 0x00, 0x09,
    0x90, 0x90, 0x00, 0x09, 0x90, 0x09, 0x90, 0x09, 0x09, 0x00, 0x00, 0x90, 0x00, 0x99, 0x99, 0x00,
    0x00, 0x00, 0x0A, 0x00, 0x00, 0x0A, 0x0A, 0xA0, 0xA0, 0x0A, 0xAA, 0xA0, 0xA0, 0x0A, 0xAA, 0xAA,
    0xA0, 0xAA, 0xAA, 0xAA, 0xA0, 0xAA, 0xAA, 0xAA, 0xAA, 0xAA, 0xAA, 0xAA, 0xAA, 0xAA, 0xAA, 0xAA,
    0xAA, 0xAA, 0xAA, 0xAA, 0xAA, 0xAA, 0xAA, 0xAA, 0xA0, 0xAA, 0xAA, 0xAA, 0xA0, 0xAA, 0xAA, 0xAA,
    0xA0, 0xAA, 0xAA, 0xAA, 0xA0, 0x0A, 0xAA, 0x0A, 0x00, 0x0A, 0xA0, 0x0A, 0x00, 0x00, 0xA0, 0x00,
    0xBB, 0xBB, 0xBB, 0xB0, 0xBB, 0xBB, 0xBB, 0xB0, 0xBB, 0xBB, 0xBB, 0xB0, 0x00, 0x00, 0x00, 0x00,
    0xBB, 0xBB, 0xBB, 0xB0, 0xBB, 0xBB, 0xBB, 0xB0, 0xBB, 0xBB, 0xBB, 0xB0, 0x00, 0x00, 0x00, 0x00,
    0x00, 0x00, 0x00, 0x00, 0x00, 0x00, 0x0D, 0xDD, 0x00, 0x0D, 0xDD, 0xDD, 0x0D, 0xDD, 0xED, 0xDF,
    0xDD, 0xDD, 0xEE, 0xFF, 0xD0, 0xDD, 0xEE, 0xEF, 0x00, 0xDF, 0xFE, 0xEF, 0x00, 0x0F, 0xFF, 0xEE,
    0x00, 0x00, 0xDD, 0xDD, 0x00, 0xDF, 0xFD, 0xDE, 0x00, 0xFF, 0xFF, 0xFE, 0x0D, 0xFF, 0xFF, 0xFE,
    0x0D, 0xDF, 0xFF, 0xFD, 0xFF, 0xDD, 0xDD, 0xDF, 0xFF, 0xFD, 0xDD, 0xDD, 0x0F, 0xFF, 0x00, 0x00,
    0x00, 0x00, 0x00, 0x00, 0xD0, 0x00, 0x00, 0x00, 0xFF, 0xFF, 0x00, 0x00, 0xFF, 0xFF, 0xF0, 0x00,
    0xFF, 0xFF, 0x00, 0x00, 0xEE, 0xDE, 0x00, 0x00, 0xEE, 0xFE, 0xEE, 0x00, 0xEE, 0xEE, 0x0F, 0x00,
    0xEE, 0xEE, 0x0F, 0x00, 0xEE, 0xFF, 0xEF, 0x00, 0xEE, 0xDF, 0xEF, 0x00, 0xED, 0xDF, 0x0F, 0x00,
    0xDD, 0xF0, 0x0F, 0x00, 0xFF, 0xFD, 0x0F, 0x00, 0xDD, 0xDF, 0xF0, 0x00, 0x0F, 0xFF, 0x00, 0x00,
    0x00, 0x00, 0x0D, 0xDD, 0x00, 0x0D, 0xDD, 0xDD, 0x0D, 0xDD, 0xED, 0xDF, 0xDD, 0xDD, 0xEE, 0xFF,
    0xD0, 0xDD, 0xEE, 0xEF, 0x00, 0xDF, 0xFE, 0xEF, 0x00, 0x0F, 0xFF, 0xEE, 0x00, 0x00, 0xDD, 0xDD,
    0x00, 0xFD, 0xDD, 0xDD, 0x0F, 0xFF, 0xDE, 0xEE, 0x0F, 0xFF, 0xFE, 0xEE, 0x0F, 0xFF, 0xFE, 0xED,
    0x00, 0xDF, 0xFD, 0xDF, 0x0D, 0xDD, 0xDD, 0xDD, 0x00, 0x00, 0xFF, 0xFF, 0x00, 0x00, 0xFF, 0xFF,
    0xD0, 0x00, 0x00, 0x00, 0xFF, 0xFF, 0x00, 0x00, 0xFF, 0xFF, 0xF0, 0x00, 0xFF, 0xFF, 0x00, 0x00,
    0xEE, 0xDE, 0x00, 0xF0, 0xEE, 0xFE, 0xEE, 0xF0, 0xEE, 0xEE, 0x00, 0xF0, 0xEE, 0xEE, 0x00, 0xF0,
    0xDD, 0xFF, 0xFE, 0xF0, 0xDD, 0xDF, 0xFE, 0xF0, 0xDD, 0xDF, 0xF0, 0xF0, 0xDD, 0xF0, 0x00, 0xF0,
    0xFF, 0xF0, 0x00, 0xF0, 0xDD, 0xD0, 0x00, 0x00, 0x00, 0x00, 0x00, 0x00, 0xF0, 0x00, 0x00, 0x00,
    0x00, 0x00, 0x0D, 0xDD, 0x00, 0x00, 0xDD, 0xDD, 0x00, 0xE0, 0xDF, 0xFF, 0x00, 0xE0, 0xFF, 0xFF,
    0x00, 0xEE, 0xFE, 0xDE, 0x00, 0xEE, 0xFE, 0xFE, 0x00, 0xFE, 0xEE, 0xEE, 0x00, 0xFF, 0xDE, 0xEF,
    0x00, 0xED, 0xDD, 0xEE, 0x00, 0xED, 0xDD, 0xDD, 0x00, 0x0F, 0xDD, 0xFF, 0x00, 0x0D, 0xFF, 0xFD,
    0x00, 0x0D, 0xDD, 0xFF, 0x00, 0x00, 0xFD, 0xDD, 0x00, 0x00, 0xFF, 0xF0, 0x00, 0x00, 0xFF, 0xF0,
    0xDD, 0xD0, 0x00, 0x00, 0xDD, 0xDD, 0x00, 0x00, 0xFF, 0xFD, 0x0E, 0x00, 0xFF, 0xFF, 0x0E, 0x00,
    0xED, 0xEF, 0xEE, 0x00, 0xEF, 0xEF, 0xEE, 0x00, 0xEE, 0xEE, 0xEF, 0x00, 0xFE, 0xED, 0xDF, 0x00,
    0xEE, 0xDD, 0xFF, 0xF0, 0xDD, 0xDD, 0xEF, 0xF0, 0xFD, 0xDE, 0xEE, 0xF0, 0xFF, 0xFF, 0xEE, 0xE0,
    0xFD, 0xDD, 0xDE, 0x00, 0xDD, 0xDD, 0x00, 0x00, 0x0F, 0xFF, 0x00, 0x00, 0x00, 0x00, 0x00, 0x00,
    0x00, 0x00, 0x0D, 0xDD, 0x00, 0x00, 0xDD, 0xDD, 0x00, 0xE0, 0xDD, 0xDD, 0x00, 0xED, 0xDD, 0xDD,
    0x00, 0xEF, 0xDD, 0xDD, 0x00, 0xEE, 0xFF, 0xDD, 0x00, 0x0E, 0xFF, 0xFD, 0x00, 0x0F, 0xDF, 0xFF,
    0x00, 0xFF, 0xDD, 0xDD, 0x00, 0xFF, 0xDD, 0xDD, 0x00, 0x0F, 0xFD, 0xDD, 0x00, 0x0D, 0xDF, 0xFF,
    0x00, 0x0D, 0xDD, 0xDD, 0x00, 0x0F, 0xFF, 0xDD, 0x00, 0x0F, 0xFF, 0xF0, 0x00, 0x00, 0xFF, 0x00,
    0xDD, 0xD0, 0x00, 0x00, 0xDD, 0xDD, 0x00, 0x00, 0xDD, 0xDD, 0x0E, 0x00, 0xDD, 0xDD, 0xDE, 0x00,
    0xDD, 0xDD, 0xFE, 0x00, 0xDD, 0xFF, 0xEE, 0x00, 0xDF, 0xFF, 0xE0, 0x00, 0xFF, 0xFD, 0xF0, 0x00,
    0xDD, 0xDF, 0xF0, 0x00, 0xDD, 0xDF, 0xFE, 0x00, 0xDD, 0xDF, 0xFE, 0x00, 0xFF, 0xFD, 0xEE, 0x00,
    0xDD, 0xDD, 0xD0, 0x00, 0xDD, 0xDF, 0x00, 0x00, 0x0F, 0xF0, 0x00, 0x00, 0x00, 0x00, 0x00, 0x00,
    0x00, 0x00, 0x00, 0x00, 0x00, 0x00, 0x00, 0xDD, 0x00, 0x00, 0xDD, 0xDD, 0x00, 0x0D, 0xDE, 0xDD,
    0x00, 0x0D, 0xDE, 0xEF, 0x00, 0xDD, 0xDE, 0xEE, 0x0D, 0xDD, 0xFF, 0xEE, 0x0D, 0x00, 0xFF, 0xFE,
    0x00, 0x00, 0xDD, 0xDD, 0x00, 0x0D, 0xDF, 0xFF, 0x00, 0x0D, 0xFF, 0xFF, 0x00, 0xDD, 0xFF, 0xFF,
    0x0D, 0xDD, 0xDF, 0xFF, 0xFF, 0xDD, 0xDD, 0xDD, 0xFF, 0xFD, 0xDD, 0xDD, 0x0F, 0xFF, 0x00, 0x00,
    0x00, 0x00, 0x00, 0x00, 0xDD, 0x00, 0x00, 0x00, 0xDF, 0xFF, 0xF0, 0x00, 0xFF, 0xFF, 0xFF, 0x00,
    0xFF, 0xFF, 0xF0, 0x00, 0xFE, 0xED, 0xE0, 0x00, 0xFE, 0xEF, 0xEE, 0xE0, 0xEE, 0xEE, 0xE0, 0x00,
    0xDE, 0xEE, 0xEE, 0x00, 0xFF, 0xFE, 0xEE, 0x00, 0xFF, 0xFE, 0xE0, 0x00, 0xFF, 0xFD, 0x00, 0x00,
    0xDD, 0xDF, 0xF0, 0x00, 0xFF, 0xFF, 0xF0, 0x00, 0xDD, 0xDD, 0xFF, 0x00, 0x00, 0x0F, 0xFF, 0xF0,
    0x00, 0x0F, 0xF0, 0xDD, 0x00, 0xFE, 0xFD, 0xDD, 0x0F, 0xFE, 0xDD, 0xFF, 0xFF, 0xEE, 0xDF, 0xFF,
    0xFF, 0xEE, 0xFE, 0xDE, 0xEF, 0xFE, 0xFE, 0xFE, 0x0E, 0xFF, 0xDE, 0xEF, 0x00, 0xEF, 0xDD, 0xEF,
    0x00, 0x0E, 0xDD, 0xDE, 0x00, 0x00, 0xFD, 0xDD, 0x00, 0x00, 0xDF, 0xDF, 0x00, 0x00, 0xDD, 0xFF,
    0x00, 0x0F, 0xFD, 0xDF, 0x00, 0xFF, 0xF0, 0xDD, 0x00, 0x00, 0x00, 0x00, 0x00, 0x00, 0x00, 0x00,
    0xDD, 0xD0, 0x00, 0x00, 0xDD, 0xDD, 0x00, 0x00, 0xFF, 0xDD, 0xD0, 0x00, 0xFF, 0xFD, 0xD0, 0xE0,
    0xED, 0xFF, 0xDE, 0xE0, 0xEF, 0xEF, 0xDE, 0x00, 0xFE, 0xEE, 0xE0, 0x00, 0xFE, 0xEF, 0xF0, 0x00,
    0xEE, 0xFF, 0xFF, 0x00, 0xDD, 0xFF, 0xFF, 0x00, 0xFF, 0xFF, 0xFD, 0x00, 0xDF, 0xFF, 0xDD, 0x00,
    0xFE, 0xEF, 0xDD, 0xF0, 0xEE, 0xED, 0xDF, 0xFF, 0xEE, 0xE0, 0xFF, 0xFF, 0x00, 0x00, 0x00, 0x00,
    0x00, 0x0F, 0xDD, 0xDD, 0x0E, 0x0D, 0xDD, 0xDD, 0x0E, 0xFD, 0xDD, 0xDD, 0x0E, 0xED, 0xDD, 0xDD,
    0x0F, 0xEF, 0xDD, 0xDD, 0x0F, 0xEF, 0xFD, 0xDD, 0x0F, 0xFD, 0xFF, 0xDF, 0x0F, 0xFD, 0xDF, 0xFF,
    0x00, 0xFD, 0xDD, 0xDD, 0x00, 0xFD, 0xDD, 0xDD, 0x00, 0xDF, 0xDD, 0xDD, 0x0F, 0xDD, 0xFF, 0xFF,
    0xFF, 0xDD, 0xDD, 0xDD, 0xFF, 0xF0, 0x00, 0x0D, 0x00, 0x00, 0x00, 0x00, 0x00, 0x00, 0x00, 0x00,
    0xD0, 0x00, 0x00, 0x00, 0xDD, 0x00, 0x00, 0x00, 0xDD, 0xD0, 0x00, 0x00, 0xDD, 0xD0, 0xE0, 0x00,
    0xDD, 0xFE, 0xE0, 0x00, 0xFF, 0xFE, 0x00, 0x0E, 0xFF, 0xDE, 0x00, 0xEF, 0xFD, 0xFF, 0xFE, 0xFF,
    0xDD, 0xFF, 0xEF, 0xFF, 0xDD, 0xFE, 0xFF, 0xFF, 0xDD, 0xEF, 0xFF, 0xF0, 0xFF, 0xFE, 0xFF, 0x00,
    0xDD, 0xDD, 0xE0, 0x00, 0xDD, 0xDF, 0xF0, 0x00, 0x00, 0xFF, 0xFF, 0x00, 0x00, 0xFF, 0xFF, 0x00,
    0x00, 0x00, 0x00, 0x00, 0x00, 0x00, 0x00, 0x00, 0x00, 0x00, 0x00, 0x00, 0x00, 0x00, 0x00, 0x00,
    0x00, 0x00, 0x00, 0x00, 0x00, 0x00, 0x00, 0x00, 0x00, 0x00, 0x00, 0x00, 0x00, 0x00, 0x00, 0x00,
    0x00, 0x00, 0x00, 0x00, 0x00, 0x00, 0x00, 0x00, 0x00, 0x00, 0x00, 0x00, 0x00, 0x00, 0x00, 0x00,
    0x00, 0x00, 0x00, 0x00, 0x00, 0x00, 0x00, 0x00, 0x00, 0x00, 0x00, 0x00, 0x00, 0x00, 0x00, 0x00,
    0xDD, 0xD0, 0x00, 0x00, 0xD0, 0x00, 0x00, 0x00, 0xD0, 0x00, 0x00, 0x00, 0x00, 0x00, 0x00, 0x00,
    0x00, 0x00, 0x00, 0x00, 0x00, 0x00, 0x00, 0x00, 0x00, 0x00, 0x00, 0x00, 0x00, 0x00, 0x00, 0x00,
    0x00, 0x00, 0x00, 0x00, 0x00, 0x00, 0x00, 0x00, 0x00, 0x00, 0x00, 0x00, 0x00, 0x00, 0x00, 0x00,
    0x00, 0x00, 0x00, 0x00, 0xD0, 0x00, 0x00, 0x00, 0xD0, 0x00, 0x00, 0x00, 0xDD, 0xD0, 0x00, 0x00,
    0x00, 0x0F, 0x00, 0x00, 0x00, 0xFF, 0xF0, 0x00, 0x00, 0xFF, 0xF0, 0x00, 0x00, 0xFF, 0xF0, 0x00,
    0x00, 0xFF, 0xF0, 0x00, 0x00, 0xFF, 0xF0, 0x00, 0x00, 0xFF, 0xF0, 0x00, 0x00, 0xFF, 0xF0, 0x00,
    0x00, 0xFF, 0xF0, 0x00, 0x00, 0xFF, 0xF0, 0x00, 0x00, 0xFF, 0xF0, 0x00, 0xDD, 0xDD, 0xDD, 0xD0,
    0xD0, 0xEE, 0xE0, 0xD0, 0x00, 0xDD, 0xD0, 0x00, 0x00, 0xEE, 0xE0, 0x00, 0x00, 0xDD, 0xD0, 0x00,
    0x00, 0xF0, 0xFF, 0x00, 0x00, 0x0F, 0xF0, 0x00, 0x00, 0x0F, 0xF0, 0x00, 0x00, 0xDF, 0xFD, 0x00,
    0x0D, 0xDD, 0xDD, 0xD0, 0xDE, 0xDE, 0xDE, 0xDD, 0xED, 0xDD, 0xDD, 0xDD, 0xDD, 0xDE, 0xDD, 0xDD,
    0xED, 0xED, 0xDD, 0xDD, 0xDD, 0xDD, 0xDD, 0xED, 0x0D, 0xED, 0xED, 0xD0, 0x00, 0xDD, 0xDD, 0x00,
    0x00, 0x0F, 0xF0, 0x00, 0x00, 0x0F, 0xF0, 0x00, 0x00, 0x0F, 0xF0, 0x00, 0x00, 0xFF, 0x0F, 0x00,
    0x00, 0x0D, 0xDD, 0x00, 0x00, 0x0F, 0x0E, 0x00, 0x00, 0x0F, 0xEE, 0x00, 0x00, 0x0F, 0x0E, 0x00,
    0x00, 0x0F, 0xEE, 0x00, 0x00, 0x0F, 0x0E, 0x00, 0x00, 0x0F, 0xEE, 0x00, 0x00, 0x0F, 0x0E, 0x00,
    0x00, 0x0F, 0xEE, 0x00, 0x00, 0x0F, 0x0E, 0x00, 0x00, 0x0F, 0xEE, 0x00, 0x00, 0x0F, 0xEE, 0x00,
    0x00, 0x00, 0xE0, 0x00, 0x00, 0x0F, 0xEE, 0x00, 0x00, 0x0F, 0x0E, 0x00, 0x00, 0x0F, 0xEE, 0x00,
    0x00, 0x00, 0xD0, 0x00, 0x00, 0xDD, 0xDD, 0x00, 0x0D, 0xDD, 0xED, 0x00, 0x0D, 0xDE, 0xDD, 0xD0,
    0x00, 0xDE, 0xED, 0x00, 0x00, 0x00, 0x00, 0x00, 0x00, 0xFF, 0xFF, 0x00, 0x00, 0xFF, 0xFF, 0x00,
    0x00, 0xFF, 0xFF, 0x00, 0x00, 0xFF, 0xFF, 0x0E, 0x00, 0xFF, 0xFF, 0x0E, 0x00, 0xFF, 0xFF, 0x0E,
    0x00, 0xFF, 0xFF, 0x0E, 0x00, 0xFF, 0xFF, 0x0E, 0xEE, 0xEE, 0xEE, 0xEE, 0x0E, 0xEE, 0xEE, 0xE0,
    0x00, 0x00, 0xE0, 0x00, 0x00, 0x00, 0xE0, 0x00, 0x00, 0x0E, 0xEE, 0x00, 0x00, 0x0E, 0xDE, 0x00,
    0x00, 0x00, 0xD0, 0x00, 0x00, 0x00, 0xD0, 0x00, 0x00, 0x00, 0xD0, 0x00, 0x00, 0x00, 0xD0, 0x00,
    0x00, 0x00, 0xD0, 0x00, 0x00, 0x00, 0xD0, 0x00, 0x00, 0x0F, 0xDF, 0x00, 0x00, 0xF0, 0xD0, 0xF0,
    0x00, 0x0F, 0xDF, 0x00, 0x00, 0xF0, 0xD0, 0xF0, 0x00, 0x0F, 0xDF, 0x00, 0x00, 0xF0, 0xD0, 0xF0,
    0xFF, 0xF0, 0x00, 0x00, 0xD0, 0x0F, 0xF0, 0x00, 0xD0, 0x00, 0xFF, 0x00, 0xD0, 0x00, 0x0F, 0xF0,
    0xD0, 0x00, 0x0F, 0xF0, 0xD0, 0x00, 0x00, 0xFF, 0xD0, 0x00, 0x00, 0xFF, 0xD0, 0x00, 0x00, 0xFF,
    0xD0, 0x00, 0x00, 0xFF, 0xD0, 0x00, 0x00, 0xFF, 0xD0, 0x00, 0x00, 0xFF, 0xD0, 0x00, 0x0F, 0xF0,
    0xD0, 0x00, 0x0F, 0xF0, 0xD0, 0x00, 0xFF, 0x00, 0xD0, 0x0F, 0xF0, 0x00, 0xFF, 0xF0, 0x00, 0x00,
    0x00, 0x00, 0x0E, 0x00, 0x00, 0x0E, 0xEE, 0xDD, 0x00, 0xE0, 0xED, 0xD0, 0x00, 0xE0, 0xEE, 0xED,
    0xDE, 0xEE, 0xEE, 0xDD, 0xEE, 0xE0, 0xED, 0xED, 0x00, 0x00, 0xEE, 0xDD, 0x0E, 0xEE, 0xED, 0xD0,
    0x00, 0x00, 0xE0, 0x00, 0x00, 0x00, 0xE0, 0x00, 0x00, 0x00, 0xE0, 0x00, 0x00, 0x00, 0xE0, 0x00,
    0x0E, 0xEE, 0xE0, 0x00, 0x00, 0x00, 0xE0, 0x00, 0x0E, 0xEE, 0xE0, 0x00, 0x00, 0x00, 0xE0, 0x00,
    0x00, 0xEE, 0xED, 0x00, 0x0F, 0xEE, 0xEE, 0xD0, 0xFE, 0xD0, 0x0E, 0xED, 0xFD, 0x00, 0x00, 0xED,
    0xFD, 0x00, 0x00, 0xED, 0xEE, 0xEE, 0xEE, 0xED, 0xFE, 0xEE, 0xED, 0xDD, 0x00, 0x0E, 0xD0, 0x00,
    0x00, 0x0E, 0xD0, 0x00, 0x00, 0x0E, 0xD0, 0x00, 0x00, 0x0E, 0xD0, 0x00, 0x0F, 0xEE, 0xD0, 0x00,
    0x0E, 0xEE, 0xD0, 0x00, 0x00, 0xEE, 0xD0, 0x00, 0x0E, 0xEE, 0xD0, 0x00, 0x00, 0x0E, 0xD0, 0x00,
    0x00, 0x00, 0x00, 0x00, 0x00, 0x00, 0x00, 0x00, 0x00, 0x00, 0x00, 0x00, 0x0F, 0xFF, 0xF0, 0x00,
    0xFF, 0xFF, 0xFF, 0x00, 0xFF, 0xFF, 0xFF, 0x00, 0xFF, 0xFE, 0xEF, 0xF0, 0xFF, 0xEE, 0xEE, 0xFF,
    0xFF, 0xED, 0xDE, 0xFF, 0xFF, 0xEE, 0xD0, 0x00, 0x0F, 0xFE, 0x00, 0x00, 0x0F, 0xFF, 0x00, 0x00,
    0x00, 0xFF, 0x00, 0x00, 0x00, 0x00, 0x00, 0x00, 0x00, 0x00, 0x00, 0x00, 0x00, 0x00, 0x00, 0x00,
    0x00, 0x0F, 0xE0, 0x00, 0x00, 0xFF, 0xEE, 0x00, 0x0F, 0xFF, 0xEE, 0xE0, 0xFE, 0xFE, 0x0E, 0x0E,
    0xFF, 0xEE, 0xE0, 0xEE, 0xFF, 0xEE, 0xE0, 0xEE, 0xFF, 0xEE, 0xE0, 0xEE, 0xFF, 0xEE, 0xE0, 0xEE,
    0xFF, 0xEE, 0xE0, 0xEE, 0xFF, 0xEE, 0xE0, 0xEE, 0xFF, 0xEE, 0xE0, 0xEE, 0xFE, 0xFE, 0xE0, 0xEE,
    0xEE, 0xEF, 0x0E, 0x0E, 0x0E, 0xEE, 0xEE, 0xE0, 0x00, 0xEE, 0xEE, 0x00, 0x00, 0x0E, 0xE0, 0x00,
    0x00, 0x00, 0x0F, 0x00, 0x00, 0x00, 0x0F, 0x00, 0x00, 0x00, 0x00, 0xF0, 0x00, 0x00, 0x00, 0x0F,
    0x00, 0x00, 0x00, 0x0F, 0x00, 0x00, 0x00, 0xF0, 0x00, 0xDD, 0xDD, 0x00, 0x0D, 0xEE, 0xDD, 0xD0,
    0xDE, 0xFE, 0xDD, 0xDD, 0xDE, 0xED, 0xDD, 0xDD, 0xDD, 0xDD, 0xDD, 0xDD, 0xDD, 0xDD, 0xDD, 0xDD,
    0x0D, 0xDD, 0xDD, 0xD0, 0x00, 0xDD, 0xDD, 0x00, 0x00, 0x00, 0x00, 0x00, 0x00, 0x00, 0x00, 0x00,
    0x00, 0x00, 0x00, 0x00, 0x00, 0x00, 0x00, 0x00, 0x00, 0x00, 0x00, 0x00, 0x00, 0x00, 0x00, 0x00,
    0x00, 0x0D, 0xEF, 0x00, 0x00, 0xDD, 0xF0, 0x00, 0x0E, 0xDF, 0x00, 0x00, 0x0E, 0xEF, 0x00, 0x00,
    0x0E, 0xEF, 0x00, 0x00, 0x0E, 0xEF, 0x00, 0x00, 0x00, 0xEE, 0xF0, 0x00, 0x00, 0x0E, 0xEF, 0x00,
    0x00, 0x00, 0x00, 0x00, 0x00, 0x00, 0x00, 0x00, 0x00, 0x00, 0x00, 0x00, 0x00, 0x00, 0x00, 0x00,
    0x00, 0x00, 0x00, 0x00, 0x00, 0x00, 0x00, 0x00, 0x00, 0x00, 0x00, 0x00, 0x00, 0x00, 0x00, 0x00,
    0xEF, 0x00, 0x00, 0x00, 0xEF, 0x00, 0x00, 0x00, 0xED, 0xF0, 0x00, 0x00, 0xDD, 0xDF, 0x00, 0x00,
    0x0D, 0xEE, 0xF0, 0x00, 0x0E, 0xEE, 0xEF, 0x00, 0x00, 0xEE, 0xEE, 0xFF, 0x00, 0x00, 0xEE, 0xEE,
    0x00, 0x00, 0x00, 0x00, 0x00, 0x00, 0x00, 0x00, 0x00, 0x00, 0x00, 0x00, 0x00, 0x00, 0x00, 0x00,
    0x00, 0x00, 0x00, 0x00, 0x00, 0x00, 0x00, 0x00, 0x00, 0x00, 0x00, 0x00, 0x00, 0x00, 0x00, 0x00,
    0x00, 0x00, 0x00, 0x00, 0x00, 0x00, 0x00, 0x00, 0xF0, 0x00, 0x00, 0x0F, 0xEF, 0x00, 0x00, 0xFE,
    0xDD, 0xFF, 0xFF, 0xEE, 0x0D, 0xDE, 0xEE, 0xE0, 0x00, 0xEE, 0xEE, 0x00, 0x00, 0x00, 0x00, 0x00,
    0x00, 0x00, 0x00, 0x00, 0x00, 0x00, 0x00, 0x00, 0x00, 0x00, 0x00, 0x00, 0x00, 0x00, 0x00, 0x00,
    0x00, 0x00, 0x00, 0x00, 0x00, 0x00, 0x00, 0x00, 0x00, 0x00, 0x00, 0x00, 0x00, 0x00, 0x00, 0x00,
    0x0F, 0x00, 0x0F, 0x00, 0x00, 0xF0, 0xFF, 0x0F, 0xF0, 0xFF, 0xFF, 0xF0, 0x0F, 0xFF, 0xFF, 0x00,
    0x00, 0xFF, 0xF0, 0x00, 0x0F, 0xFF, 0xFF, 0x00, 0xF0, 0x0F, 0x00, 0x00, 0x00, 0x00, 0xF0, 0x00,
    0x00, 0x00, 0x00, 0x00, 0x00, 0x00, 0x00, 0x00, 0x00, 0x00, 0x00, 0x00, 0x00, 0x00, 0x00, 0x00,
    0xDD, 0xD0, 0x00, 0x00, 0xDD, 0xD0, 0x00, 0x00, 0xDD, 0xD0, 0x00, 0x00, 0x00, 0x00, 0x00, 0x00,
    0x00, 0x00, 0x00, 0x00, 0x00, 0x00, 0x00, 0x00, 0x00, 0x00, 0x00, 0x00, 0x00, 0x00, 0x00, 0x00,
    0x00, 0x00, 0x00, 0x00, 0x00, 0x00, 0x00, 0x00, 0x00, 0x00, 0x00, 0x00, 0x00, 0x00, 0x00, 0x00,
    0x00, 0x00, 0x00, 0x00, 0x00, 0x00, 0x00, 0x00, 0x00, 0x00, 0x00, 0x00, 0x00, 0x00, 0x00, 0x00,
    0x00, 0xEE, 0xEE, 0x00, 0x00, 0x0D, 0xD0, 0x00, 0x00, 0xFF, 0xFF, 0x00, 0x00, 0xFD, 0xDF, 0x00,
    0x00, 0xF0, 0x0F, 0x00, 0x00, 0xF0, 0x0F, 0x00, 0x0F, 0xF0, 0x0F, 0xF0, 0xF0, 0x00, 0x00, 0x0F,
    0xF0, 0x00, 0x00, 0x0F, 0xFD, 0xDD, 0xDD, 0xDF, 0xFD, 0xDD, 0xDD, 0xEF, 0xFD, 0xED, 0xDD, 0xDF,
    0xFD, 0xDD, 0xED, 0xDF, 0xFF, 0xDD, 0xDD, 0xFF, 0xFF, 0xFF, 0xFF, 0xFF, 0x0F, 0xFF, 0xFF, 0xF0,
    0xDD, 0xDD, 0xDD, 0xD0, 0xFF, 0xFF, 0xFF, 0xDD, 0xFF, 0xFF, 0xFF, 0xFD, 0xFF, 0xFF, 0xFF, 0xDD,
    0xFD, 0xDD, 0xDD, 0xDD, 0xFD, 0xDD, 0xDD, 0xDD, 0xFD, 0x00, 0x00, 0x0D, 0xFD, 0xDD, 0xDD, 0xDD,
    0xFD, 0x0D, 0x0D, 0x0D, 0xFD, 0xDD, 0xDD, 0xDD, 0xFD, 0xDD, 0xDD, 0xDD, 0xFD, 0xDD, 0x0D, 0xDD,
    0xFD, 0xD0, 0x00, 0xDD, 0xDD, 0xDD, 0x0D, 0xDD, 0x0D, 0xDD, 0xDD, 0xDD, 0x0D, 0xDD, 0xDD, 0xD0,
    0x00, 0x00, 0x00, 0x00, 0x00, 0x00, 0x00, 0x00, 0x00, 0x00, 0x00, 0x00, 0x00, 0xDD, 0xDD, 0x00,
    0x0D, 0xDD, 0xDD, 0xD0, 0x0D, 0xDE, 0xED, 0xD0, 0xDD, 0xEE, 0xEE, 0xDD, 0xDD, 0xEF, 0xFE, 0xDD,
    0xDD, 0xEF, 0xFE, 0xDD, 0xDD, 0xEE, 0xEE, 0xDD, 0x0D, 0xDE, 0xED, 0xD0, 0x0D, 0xDD, 0xDD, 0xD0,
    0x00, 0xDD, 0xDD, 0x00, 0x00, 0x00, 0x00, 0x00, 0x00, 0x00, 0x00, 0x00, 0x00, 0x00, 0x00, 0x00,
    0x00, 0x00, 0x00, 0x00, 0x00, 0x00, 0x00, 0x00, 0x00, 0x00, 0x00, 0x00, 0x00, 0x0D, 0xDD, 0x00,
    0x00, 0xDF, 0xDD, 0xD0, 0x0D, 0xDD, 0xDD, 0xDD, 0x0E, 0xDD, 0xDD, 0xDE, 0x00, 0xEE, 0xEE, 0xE0,
    0x0F, 0xE0, 0x00, 0x0D, 0x0E, 0x00, 0x00, 0x0E, 0x0E, 0xE0, 0x00, 0xE0, 0x00, 0xEE, 0xEE, 0x00,
    0x00, 0x00, 0x00, 0x00, 0x00, 0x00, 0x00, 0x00, 0x00, 0x00, 0x00, 0x00, 0x00, 0x00, 0x00, 0x00,
    0xF0, 0x00, 0x00, 0x00, 0xFF, 0x00, 0x00, 0x00, 0xFF, 0xF0, 0x00, 0x00, 0xFF, 0xF0, 0x00, 0x00,
    0x0F, 0xFF, 0x00, 0x00, 0x0F, 0xFF, 0x00, 0x00, 0x00, 0xFF, 0x0D, 0x00, 0x00, 0xFF, 0xF0, 0xF0,
    0x00, 0x0F, 0xF0, 0xD0, 0x0D, 0x0F, 0xFF, 0xDD, 0x0F, 0x00, 0xFD, 0xD0, 0x00, 0xD0, 0xDD, 0xE0,
    0x00, 0x0D, 0xDE, 0xE0, 0x00, 0x0D, 0x0E, 0xDE, 0x00, 0x00, 0x00, 0xEE, 0x00, 0x00, 0x00, 0xED,
    0x00, 0x0D, 0xD0, 0x00, 0x00, 0xDF, 0xDD, 0x00, 0x00, 0xDD, 0xDD, 0x00, 0x00, 0xFD, 0xDF, 0x00,
    0x00, 0x0F, 0xF0, 0x00, 0x00, 0x0E, 0xE0, 0x00, 0x00, 0x0F, 0xF0, 0x00, 0x00, 0x0E, 0xE0, 0x00,
    0x00, 0x0E, 0xE0, 0x00, 0x00, 0x0E, 0xE0, 0x00, 0x00, 0x0E, 0xE0, 0x00, 0x00, 0x0E, 0xE0, 0x00,
    0x00, 0x0E, 0xE0, 0x00, 0x00, 0x0E, 0xE0, 0x00, 0x00, 0x0E, 0xE0, 0x00, 0x00, 0x0E, 0xE0, 0x00,
    0xEE, 0x0E, 0xE0, 0xEE, 0xEE, 0xEE, 0xEE, 0xEE, 0xEE, 0xEE, 0xEE, 0xEE, 0xEE, 0xDD, 0xED, 0xEF,
    0x0E, 0xEE, 0xEE, 0xEF, 0xEE, 0xDE, 0xDE, 0xFF, 0xEE, 0xEE, 0xEF, 0xF0, 0xED, 0xED, 0xFF, 0xF0,
    0xEE, 0xEF, 0xFF, 0xF0, 0xEE, 0xFF, 0xFF, 0x00, 0xEF, 0xFF, 0xFF, 0x00, 0xEE, 0xEF, 0xFF, 0x00,
    0xED, 0xED, 0xF0, 0x00, 0x0E, 0xEE, 0xF0, 0x00, 0xEE, 0xEE, 0xF0, 0x00, 0xEE, 0xEF, 0x00, 0x00,
    0x00, 0x00, 0x00, 0x00, 0x00, 0x0D, 0xED, 0x00, 0x00, 0xDD, 0xDE, 0xD0, 0x0E, 0xEE, 0xDE, 0xDD,
    0x0D, 0xDD, 0xE0, 0xDD, 0xDD, 0xDD, 0x00, 0x0E, 0xEE, 0xDD, 0x00, 0x0D, 0xFF, 0xED, 0x00, 0x00,
    0xFF, 0xED, 0x00, 0x00, 0xEE, 0xDD, 0x00, 0x00, 0xDD, 0xDD, 0x00, 0x0D, 0x0D, 0xDD, 0x00, 0x0E,
    0x0D, 0xDD, 0xE0, 0xED, 0x00, 0xEE, 0xDD, 0xE0, 0x00, 0x0D, 0xDE, 0x00, 0x00, 0x00, 0x00, 0x00,
    0x0E, 0xDD, 0xDE, 0x00, 0x0D, 0xED, 0xED, 0x00, 0xFD, 0xDD, 0xDD, 0xDF, 0xFD, 0xEE, 0xED, 0xDF,
    0xFD, 0xEE, 0xED, 0xDF, 0x0F, 0xDE, 0xDD, 0xF0, 0x0D, 0xEE, 0xED, 0xF0, 0x0E, 0xDE, 0xDE, 0x00,
    0x0E, 0xFD, 0xFE, 0x00, 0xEF, 0xDD, 0xDF, 0xE0, 0x00, 0xED, 0xE0, 0xF0, 0x00, 0xEE, 0xED, 0x00,
    0x00, 0xEE, 0x00, 0x00, 0x00, 0xE0, 0x00, 0x00, 0x00, 0xE0, 0x00, 0x00, 0x00, 0xD0, 0x00, 0x00,
    0x0E, 0xDD, 0xDE, 0x00, 0x0D, 0xED, 0xED, 0x00, 0x0D, 0xDD, 0xDD, 0xD0, 0x0D, 0xEE, 0xED, 0xD0,
    0x0F, 0xEE, 0xED, 0xDF, 0xFD, 0xDE, 0xDD, 0x0F, 0xFD, 0xEE, 0xED, 0xFF, 0xFE, 0xDE, 0xDF, 0xF0,
    0x0E, 0x0D, 0x0E, 0xF0, 0xE0, 0xDD, 0xD0, 0xEF, 0x00, 0xED, 0xE0, 0x00, 0x00, 0xEE, 0xED, 0x00,
    0x00, 0xEE, 0x00, 0x00, 0x00, 0xE0, 0x00, 0x00, 0x00, 0xE0, 0x00, 0x00, 0x00, 0xD0, 0x00, 0x00,
    0xD0, 0x00, 0x00, 0x00, 0xFF, 0xFF, 0x00, 0x00, 0xFF, 0xFF, 0xF0, 0x00, 0xFF, 0xFF, 0x00, 0xFF,
    0xEE, 0xDE, 0x00, 0xFF, 0xEE, 0xFE, 0xEE, 0xFE, 0xEE, 0xEE, 0x00, 0xFE, 0xEE, 0xEE, 0x00, 0xFE,
    0xDD, 0xFF, 0xFE, 0xFE, 0xDD, 0xDF, 0xFE, 0xFE, 0xDD, 0xDF, 0xF0, 0xFE, 0xDD, 0xF0, 0x00, 0xFE,
    0xFF, 0xF0, 0x00, 0xFE, 0xDD, 0xD0, 0x00, 0xFF, 0x00, 0x00, 0x00, 0xFF, 0xF0, 0x00, 0x00, 0x00,
    0x00, 0x00, 0x00, 0x00, 0x00, 0x00, 0x00, 0x00, 0xFF, 0xFF, 0xFF, 0xFF, 0xFF, 0xFF, 0xFF, 0xFF,
    0xFF, 0xFE, 0xEF, 0xFF, 0xFF, 0xFE, 0xEF, 0xFF, 0xFE, 0xEE, 0xEE, 0xEF, 0xFE, 0xEE, 0xEE, 0xEF,
    0xFF, 0xFE, 0xEF, 0xFF, 0xFF, 0xFE, 0xEF, 0xFF, 0xFF, 0xFE, 0xEF, 0xFF, 0xFF, 0xFE, 0xEF, 0xFF,
    0x0F, 0xFF, 0xFF, 0xF0, 0x00, 0xFF, 0xFF, 0x00, 0x00, 0x00, 0x00, 0x00, 0x00, 0x00, 0x00, 0x00,
    0x00, 0x00, 0x0D, 0xDD, 0x00, 0x00, 0xDD, 0xDD, 0x00, 0xE0, 0xDF, 0xFF, 0x00, 0xE0, 0xFF, 0xFF,
    0x00, 0xEE, 0xFE, 0xDE, 0x00, 0xEE, 0xFE, 0xFE, 0x00, 0x0E, 0xEE, 0xEE, 0x00, 0x0D, 0xDE, 0xEF,
    0x0F, 0xFF, 0xFF, 0xEE, 0xFF, 0xEF, 0xFF, 0xFD, 0xFE, 0xEE, 0xFF, 0xEF, 0xFF, 0xEF, 0xFF, 0xED,
    0xFF, 0xEF, 0xFF, 0xEF, 0xFF, 0xFF, 0xFF, 0xED, 0x0E, 0xEE, 0xEE, 0xF0, 0x00, 0x00, 0xFF, 0xF0,
    0x00, 0x00, 0x0D, 0xDD, 0x00, 0x00, 0xDD, 0xDD, 0x00, 0xE0, 0xDF, 0xFF, 0x00, 0xE0, 0xFF, 0xFF,
    0x00, 0xEE, 0xFE, 0xDE, 0x00, 0xEE, 0xFE, 0xFE, 0x00, 0x0E, 0xEE, 0xEE, 0x00, 0x00, 0xDE, 0xEF,
    0x00, 0xFF, 0xFF, 0xFE, 0x0F, 0xFE, 0xFF, 0xFF, 0x0F, 0xEE, 0xEF, 0xFE, 0x0F, 0xFE, 0xFF, 0xFE,
    0x0F, 0xFE, 0xFF, 0xFE, 0x0F, 0xFF, 0xFF, 0xFE, 0x00, 0xEE, 0xEE, 0xE0, 0x00, 0x00, 0x00, 0x00,
    0x00, 0x00, 0x00, 0x00, 0x00, 0x0E, 0x0D, 0x00, 0x00, 0xD0, 0xD0, 0x0D, 0x00, 0xD0, 0xD0, 0xDD,
    0x00, 0x00, 0xDD, 0xDD, 0x0E, 0xD0, 0xDD, 0xED, 0x0D, 0xDD, 0xDE, 0xDD, 0x0D, 0xDD, 0xDE, 0xDE,
    0x0D, 0xDD, 0xEE, 0xDE, 0xD0, 0xDE, 0xEE, 0xEE, 0xDD, 0xDE, 0xDE, 0xEF, 0xDD, 0xDE, 0xEF, 0xEF,
    0x0D, 0xDD, 0xEE, 0xFF, 0x0D, 0xDD, 0xEE, 0xFF, 0x00, 0xDD, 0xDD, 0xEE, 0x00, 0x00, 0x0D, 0xDD,
    0x0D, 0x00, 0x0D, 0x00, 0xD0, 0x00, 0x0D, 0x00, 0xD0, 0xD0, 0x00, 0x00, 0xDD, 0xD0, 0x0E, 0x00,
    0xDD, 0xD0, 0xD0, 0x00, 0xDD, 0x0D, 0xD0, 0xD0, 0xDD, 0xED, 0xDD, 0xD0, 0xDD, 0xDD, 0xDD, 0x0D,
    0xDE, 0xDD, 0xDD, 0x0D, 0xED, 0xED, 0xDD, 0xDD, 0xEE, 0xEE, 0xDD, 0xDD, 0xEF, 0xEE, 0xED, 0xD0,
    0xFF, 0xFE, 0xED, 0xD0, 0xFF, 0xEE, 0xDD, 0x00, 0xEE, 0xED, 0xDD, 0x00, 0xDD, 0xDD, 0x00, 0x00,
    0x00, 0x00, 0x0D, 0xDD, 0x00, 0x00, 0xDD, 0xDD, 0x00, 0xE0, 0xDF, 0xFF, 0x00, 0xE0, 0xFF, 0xFF,
    0x00, 0xEE, 0xFE, 0xDE, 0x00, 0xEE, 0xFE, 0xFE, 0xFF, 0xFF, 0xFF, 0xFF, 0xFF, 0xFE, 0xEF, 0xFF,
    0xFF, 0xFE, 0xEF, 0xFF, 0xFE, 0xEE, 0xEE, 0xEF, 0xFE, 0xEE, 0xEE, 0xEF, 0xFF, 0xFE, 0xEF, 0xFF,
    0xFF, 0xFE, 0xEF, 0xFF, 0xFF, 0xFE, 0xEF, 0xFF, 0x0F, 0xFF, 0xFF, 0xF0, 0x00, 0xFF, 0xFF, 0x00,
    0x00, 0x00, 0x00, 0x00, 0x00, 0x00, 0x00, 0x00, 0x00, 0x00, 0x00, 0x00, 0x00, 0x0F, 0x00, 0x00,
    0x00, 0x00, 0x00, 0x0F, 0x00, 0x00, 0x0F, 0x0E, 0x00, 0x00, 0x00, 0x0F, 0x00, 0x00, 0xFE, 0xFE,
    0x00, 0x00, 0xFE, 0xFE, 0x00, 0x00, 0x00, 0x0F, 0x00, 0x00, 0x0F, 0x0E, 0x00, 0x00, 0x00, 0x0F,
    0x00, 0x0F, 0x00, 0x00, 0x00, 0x00, 0x00, 0x00, 0x00, 0x00, 0x00, 0x00, 0x00, 0x00, 0x00, 0x00,
    0x00, 0x00, 0x00, 0x0F, 0x0F, 0x00, 0x00, 0x00, 0x00, 0xE0, 0x00, 0x0F, 0x00, 0x0F, 0x00, 0x0F,
    0x00, 0x00, 0xF0, 0x0E, 0x00, 0x00, 0x0F, 0x0F, 0x00, 0x00, 0x00, 0xEE, 0xF0, 0xFF, 0xEF, 0xEF,
    0xF0, 0xFF, 0xEF, 0xEF, 0x00, 0x00, 0x00, 0xEE, 0x00, 0x00, 0x0F, 0x0F, 0x00, 0x00, 0xF0, 0x0E,
    0x00, 0x0F, 0x00, 0x0F, 0x00, 0xE0, 0x00, 0x0F, 0x0F, 0x00, 0x00, 0x00, 0x00, 0x00, 0x00, 0x0F,
    0x00, 0x00, 0x0D, 0xDD, 0x00, 0x00, 0x0D, 0xDD, 0x00, 0x00, 0x00, 0x0F, 0x00, 0x00, 0x0D, 0xDD,
    0x00, 0x00, 0xDD, 0xFE, 0x00, 0x0D, 0xDF, 0xFF, 0x00, 0x0D, 0xFF, 0xFF, 0x00, 0xDD, 0xFD, 0xFF,
    0x00, 0xDF, 0xFF, 0xDF, 0x00, 0xDE, 0xFF, 0xFD, 0x00, 0xDF, 0xFF, 0xFF, 0x00, 0xDD, 0xFF, 0xFF,
    0x00, 0x0D, 0xFF, 0xFF, 0x00, 0x0D, 0xDF, 0xFF, 0x00, 0x00, 0xDD, 0xFE, 0x00, 0x00, 0x0D, 0xDD,
    0x00, 0x00, 0x00, 0x00, 0x00, 0x00, 0x00, 0x00, 0x00, 0x0E, 0xFE, 0x00, 0x00, 0xFD, 0xDD, 0xF0,
    0x0E, 0xDD, 0xDD, 0xDE, 0x0F, 0xDD, 0xDD, 0xDD, 0x0E, 0xDD, 0xDD, 0xDD, 0x0F, 0xDD, 0xDD, 0xDD,
    0x00, 0xED, 0xDD, 0xDD, 0x00, 0xFD, 0xDD, 0xDD, 0x00, 0x0E, 0xDD, 0xDD, 0x00, 0x00, 0xFD, 0xDD,
    0x00, 0x00, 0x0E, 0xDD, 0x00, 0x00, 0x00, 0xFD, 0x00, 0x00, 0x00, 0x0E, 0x00, 0x00, 0x00, 0x00,
    0x00, 0x00, 0x00, 0x00, 0x00, 0x00, 0x00, 0x00, 0x00, 0x00, 0x0F, 0xFF, 0x00, 0x00, 0xFE, 0xED,
    0x00, 0x0F, 0xEE, 0xDD, 0x00, 0xFE, 0xED, 0xDD, 0x00, 0xFE, 0xEF, 0xFF, 0x00, 0xFE, 0xE0, 0xFF,
    0x00, 0xDF, 0xEE, 0x0F, 0x00, 0xDD, 0xFE, 0xE0, 0x00, 0xDD, 0xDF, 0xFF, 0x00, 0x0D, 0xDD, 0xDD,
    0x00, 0x0D, 0xDD, 0xDD, 0x00, 0x00, 0x0D, 0xDD, 0x00, 0x00, 0x00, 0x00, 0x00, 0x00, 0x00, 0x00,
    0x00, 0xFF, 0x00, 0x0F, 0x0F, 0xFF, 0xF0, 0xFF, 0x0F, 0xFF, 0xF0, 0xFF, 0x0F, 0xFF, 0xF0, 0xFF,
    0x0F, 0xDD, 0xDD, 0xDD, 0x0D, 0xFF, 0xF0, 0xFF, 0x0F, 0xFF, 0xF0, 0xFF, 0x0F, 0xFF, 0xFD, 0xFF,
    0x0F, 0xFF, 0xF0, 0xFF, 0x0F, 0xFF, 0xF0, 0xFF, 0x0F, 0xDD, 0xDD, 0xDD, 0x0D, 0xFF, 0xF0, 0xFF,
    0x0F, 0xFF, 0xF0, 0xFF, 0x0F, 0xEE, 0xFD, 0xFE, 0x0E, 0xEE, 0xE0, 0xEE, 0x00, 0xEE, 0x00, 0x0E,
    0x00, 0x00, 0x00, 0x00, 0x00, 0x00, 0x00, 0x00, 0x00, 0x00, 0x00, 0x00, 0x00, 0x00, 0x00, 0x00,
    0x00, 0x00, 0x00, 0x00, 0x00, 0x00, 0x00, 0x00, 0x00, 0x00, 0x00, 0x0E, 0x00, 0x00, 0x00, 0x0E,
    0x00, 0x00, 0x00, 0xEE, 0x00, 0x00, 0x00, 0xEE, 0x00, 0x00, 0x0E, 0xEE, 0x00, 0x00, 0x0E, 0xEE,
    0x00, 0x00, 0xEE, 0xEE, 0x00, 0x00, 0xEE, 0xEE, 0x00, 0x0E, 0xEE, 0xEE, 0x00, 0x0E, 0xEE, 0xEE,
    0x00, 0xDD, 0xD0, 0x00, 0x0D, 0x00, 0xDD, 0x00, 0xDD, 0x00, 0x0D, 0xD0, 0xDD, 0x00, 0x0D, 0xD0,
    0xDD, 0x00, 0x0D, 0xD0, 0x0D, 0xD0, 0x0D, 0x00, 0x00, 0xDD, 0xD0, 0x00, 0x00, 0x00, 0x00, 0x00,
    0x00, 0x0D, 0xD0, 0x00, 0x00, 0xDD, 0xD0, 0x00, 0x00, 0x0D, 0xD0, 0x00, 0x00, 0x0D, 0xD0, 0x00,
    0x00, 0x0D, 0xD0, 0x00, 0x00, 0x0D, 0xD0, 0x00, 0x0D, 0xDD, 0xDD, 0xD0, 0x00, 0x00, 0x00, 0x00,
    0x0D, 0xDD, 0xDD, 0x00, 0xDD, 0x00, 0x0D, 0xD0, 0x00, 0x00, 0xDD, 0xD0, 0x00, 0xDD, 0xDD, 0x00,
    0x0D, 0xDD, 0xD0, 0x00, 0xDD, 0xD0, 0x00, 0x00, 0xDD, 0xDD, 0xDD, 0xD0, 0x00, 0x00, 0x00, 0x00,
    0x0D, 0xDD, 0xDD, 0xD0, 0x00, 0x00, 0xDD, 0x00, 0x00, 0x0D, 0xD0, 0x00, 0x00, 0xDD, 0xDD, 0x00,
    0x00, 0x00, 0x0D, 0xD0, 0xDD, 0x00, 0x0D, 0xD0, 0x0D, 0xDD, 0xDD, 0x00, 0x00, 0x00, 0x00, 0x00,
    0x00, 0x0D, 0xDD, 0x00, 0x00, 0xDD, 0xDD, 0x00, 0x0D, 0xD0, 0xDD, 0x00, 0xDD, 0x00, 0xDD, 0x00,
    0xDD, 0xDD, 0xDD, 0xD0, 0x00, 0x00, 0xDD, 0x00, 0x00, 0x00, 0xDD, 0x00, 0x00, 0x00, 0x00, 0x00,
    0xDD, 0xDD, 0xDD, 0x00, 0xDD, 0x00, 0x00, 0x00, 0xDD, 0xDD, 0xDD, 0x00, 0x00, 0x00, 0x0D, 0xD0,
    0x00, 0x00, 0x0D, 0xD0, 0xDD, 0x00, 0x0D, 0xD0, 0x0D, 0xDD, 0xDD, 0x00, 0x00, 0x00, 0x00, 0x00,
    0x00, 0xDD, 0xDD, 0x00, 0x0D, 0xD0, 0x00, 0x00, 0xDD, 0x00, 0x00, 0x00, 0xDD, 0xDD, 0xDD, 0x00,
    0xDD, 0x00, 0x0D, 0xD0, 0xDD, 0x00, 0x0D, 0xD0, 0x0D, 0xDD, 0xDD, 0x00, 0x00, 0x00, 0x00, 0x00,
    0xDD, 0xDD, 0xDD, 0xD0, 0xDD, 0x00, 0x0D, 0xD0, 0x00, 0x00, 0xDD, 0x00, 0x00, 0x0D, 0xD0, 0x00,
    0x00, 0xDD, 0x00, 0x00, 0x00, 0xDD, 0x00, 0x00, 0x00, 0xDD, 0x00, 0x00, 0x00, 0x00, 0x00, 0x00,
    0x0D, 0xDD, 0xD0, 0x00, 0xDD, 0x00, 0x0D, 0x00, 0xDD, 0xD0, 0x0D, 0x00, 0x0D, 0xDD, 0xD0, 0x00,
    0xD0, 0x00, 0x0D, 0xD0, 0xD0, 0x00, 0x0D, 0xD0, 0x0D, 0xDD, 0xDD, 0x00, 0x00, 0x00, 0x00, 0x00,
    0x0D, 0xDD, 0xDD, 0x00, 0xDD, 0x00, 0x0D, 0xD0, 0xDD, 0x00, 0x0D, 0xD0, 0x0D, 0xDD, 0xDD, 0xD0,
    0x00, 0x00, 0x0D, 0xD0, 0x00, 0x00, 0xDD, 0x00, 0x0D, 0xDD, 0xD0, 0x00, 0x00, 0x00, 0x00, 0x00,
    0x00, 0xDD, 0xD0, 0x00, 0x0D, 0xD0, 0xDD, 0x00, 0xDD, 0x00, 0x0D, 0xD0, 0xDD, 0x00, 0x0D, 0xD0,
    0xDD, 0xDD, 0xDD, 0xD0, 0xDD, 0x00, 0x0D, 0xD0, 0xDD, 0x00, 0x0D, 0xD0, 0x00, 0x00, 0x00, 0x00,
    0xDD, 0xDD, 0xDD, 0x00, 0xDD, 0x00, 0x0D, 0xD0, 0xDD, 0x00, 0x0D, 0xD0, 0xDD, 0xDD, 0xDD, 0x00,
    0xDD, 0x00, 0x0D, 0xD0, 0xDD, 0x00, 0x0D, 0xD0, 0xDD, 0xDD, 0xDD, 0x00, 0x00, 0x00, 0x00, 0x00,
    0x00, 0xDD, 0xDD, 0x00, 0x0D, 0xD0, 0x0D, 0xD0, 0xDD, 0x00, 0x00, 0x00, 0xDD, 0x00, 0x00, 0x00,
    0xDD, 0x00, 0x00, 0x00, 0x0D, 0xD0, 0x0D, 0xD0, 0x00, 0xDD, 0xDD, 0x00, 0x00, 0x00, 0x00, 0x00,
    0xDD, 0xDD, 0xD0, 0x00, 0xDD, 0x00, 0xDD, 0x00, 0xDD, 0x00, 0x0D, 0xD0, 0xDD, 0x00, 0x0D, 0xD0,
    0xDD, 0x00, 0x0D, 0xD0, 0xDD, 0x00, 0xDD, 0x00, 0xDD, 0xDD, 0xD0, 0x00, 0x00, 0x00, 0x00, 0x00,
    0xDD, 0xDD, 0xDD, 0xD0, 0xDD, 0x00, 0x00, 0x00, 0xDD, 0x00, 0x00, 0x00, 0xDD, 0xDD, 0xDD, 0x00,
    0xDD, 0x00, 0x00, 0x00, 0xDD, 0x00, 0x00, 0x00, 0xDD, 0xDD, 0xDD, 0xD0, 0x00, 0x00, 0x00, 0x00,
    0xDD, 0xDD, 0xDD, 0xD0, 0xDD, 0x00, 0x00, 0x00, 0xDD, 0x00, 0x00, 0x00, 0xDD, 0xDD, 0xDD, 0x00,
    0xDD, 0x00, 0x00, 0x00, 0xDD, 0x00, 0x00, 0x00, 0xDD, 0x00, 0x00, 0x00, 0x00, 0x00, 0x00, 0x00,
    0x00, 0xDD, 0xDD, 0xD0, 0x0D, 0xD0, 0x00, 0x00, 0xDD, 0x00, 0x00, 0x00, 0xDD, 0x00, 0xDD, 0xD0,
    0xDD, 0x00, 0x0D, 0xD0, 0x0D, 0xD0, 0x0D, 0xD0, 0x00, 0xDD, 0xDD, 0xD0, 0x00, 0x00, 0x00, 0x00,
    0xDD, 0x00, 0x0D, 0xD0, 0xDD, 0x00, 0x0D, 0xD0, 0xDD, 0x00, 0x0D, 0xD0, 0xDD, 0xDD, 0xDD, 0xD0,
    0xDD, 0x00, 0x0D, 0xD0, 0xDD, 0x00, 0x0D, 0xD0, 0xDD, 0x00, 0x0D, 0xD0, 0x00, 0x00, 0x00, 0x00,
    0x00, 0xDD, 0xDD, 0x00, 0x00, 0x0D, 0xD0, 0x00, 0x00, 0x0D, 0xD0, 0x00, 0x00, 0x0D, 0xD0, 0x00,
    0x00, 0x0D, 0xD0, 0x00, 0x00, 0x0D, 0xD0, 0x00, 0x00, 0xDD, 0xDD, 0x00, 0x00, 0x00, 0x00, 0x00,
    0x00, 0x0D, 0xDD, 0xD0, 0x00, 0x00, 0x0D, 0xD0, 0x00, 0x00, 0x0D, 0xD0, 0x00, 0x00, 0x0D, 0xD0,
    0xDD, 0x00, 0x0D, 0xD0, 0xDD, 0x00, 0x0D, 0xD0, 0x0D, 0xDD, 0xDD, 0x00, 0x00, 0x00, 0x00, 0x00,
    0xDD, 0x00, 0x0D, 0xD0, 0xDD, 0x00, 0xDD, 0x00, 0xDD, 0x0D, 0xD0, 0x00, 0xDD, 0xDD, 0x00, 0x00,
    0xDD, 0x0D, 0xD0, 0x00, 0xDD, 0x00, 0xDD, 0x00, 0xDD, 0x00, 0x0D, 0xD0, 0x00, 0x00, 0x00, 0x00,
    0x0D, 0xD0, 0x00, 0x00, 0x0D, 0xD0, 0x00, 0x00, 0x0D, 0xD0, 0x00, 0x00, 0x0D, 0xD0, 0x00, 0x00,
    0x0D, 0xD0, 0x00, 0x00, 0x0D, 0xD0, 0x00, 0x00, 0x0D, 0xDD, 0xDD, 0xD0, 0x00, 0x00, 0x00, 0x00,
    0xDD, 0x00, 0x0D, 0xD0, 0xDD, 0xD0, 0xDD, 0xD0, 0xDD, 0xDD, 0xDD, 0xD0, 0xDD, 0xDD, 0xDD, 0xD0,
    0xDD, 0x0D, 0x0D, 0xD0, 0xDD, 0x00, 0x0D, 0xD0, 0xDD, 0x00, 0x0D, 0xD0, 0x00, 0x00, 0x00, 0x00,
    0xDD, 0x00, 0x0D, 0xD0, 0xDD, 0xD0, 0x0D, 0xD0, 0xDD, 0xDD, 0x0D, 0xD0, 0xDD, 0xDD, 0xDD, 0xD0,
    0xDD, 0x0D, 0xDD, 0xD0, 0xDD, 0x00, 0xDD, 0xD0, 0xDD, 0x00, 0x0D, 0xD0, 0x00, 0x00, 0x00, 0x00,
    0x0D, 0xDD, 0xDD, 0x00, 0xDD, 0x00, 0x0D, 0xD0, 0xDD, 0x00, 0x0D, 0xD0, 0xDD, 0x00, 0x0D, 0xD0,
    0xDD, 0x00, 0x0D, 0xD0, 0xDD, 0x00, 0x0D, 0xD0, 0x0D, 0xDD, 0xDD, 0x00, 0x00, 0x00, 0x00, 0x00,
    0xDD, 0xDD, 0xDD, 0x00, 0xDD, 0x00, 0x0D, 0xD0, 0xDD, 0x00, 0x0D, 0xD0, 0xDD, 0xDD, 0xDD, 0x00,
    0xDD, 0x00, 0x00, 0x00, 0xDD, 0x00, 0x00, 0x00, 0xDD, 0x00, 0x00, 0x00, 0x00, 0x00, 0x00, 0x00,
    0x0D, 0xDD, 0xDD, 0x00, 0xDD, 0x00, 0x0D, 0xD0, 0xDD, 0x00, 0x0D, 0xD0, 0xDD, 0x00, 0x0D, 0xD0,
    0xDD, 0x0D, 0xDD, 0xD0, 0xDD, 0x00, 0xDD, 0x00, 0x0D, 0xDD, 0xD0, 0xD0, 0x00, 0x00, 0x00, 0x00,
    0xDD, 0xDD, 0xDD, 0x00, 0xDD, 0x00, 0x0D, 0xD0, 0xDD, 0x00, 0x0D, 0xD0, 0xDD, 0xDD, 0xDD, 0x00,
    0xDD, 0x0D, 0xD0, 0x00, 0xDD, 0x00, 0xDD, 0x00, 0xDD, 0x00, 0x0D, 0xD0, 0x00, 0x00, 0x00, 0x00,
    0x0D, 0xDD, 0xD0, 0x00, 0xDD, 0x00, 0xDD, 0x00, 0xDD, 0x00, 0x00, 0x00, 0x0D, 0xDD, 0xDD, 0x00,
    0x00, 0x00, 0x0D, 0xD0, 0xDD, 0x00, 0x0D, 0xD0, 0x0D, 0xDD, 0xDD, 0x00, 0x00, 0x00, 0x00, 0x00,
    0x0D, 0xDD, 0xDD, 0xD0, 0x00, 0x0D, 0xD0, 0x00, 0x00, 0x0D, 0xD0, 0x00, 0x00, 0x0D, 0xD0, 0x00,
    0x00, 0x0D, 0xD0, 0x00, 0x00, 0x0D, 0xD0, 0x00, 0x00, 0x0D, 0xD0, 0x00, 0x00, 0x00, 0x00, 0x00,
    0xDD, 0x00, 0x0D, 0xD0, 0xDD, 0x00, 0x0D, 0xD0, 0xDD, 0x00, 0x0D, 0xD0, 0xDD, 0x00, 0x0D, 0xD0,
    0xDD, 0x00, 0x0D, 0xD0, 0xDD, 0x00, 0x0D, 0xD0, 0x0D, 0xDD, 0xDD, 0x00, 0x00, 0x00, 0x00, 0x00,
    0xDD, 0x00, 0x0D, 0xD0, 0xDD, 0x00, 0x0D, 0xD0, 0xDD, 0x00, 0x0D, 0xD0, 0xDD, 0xD0, 0xDD, 0xD0,
    0x0D, 0xDD, 0xDD, 0x00, 0x00, 0xDD, 0xD0, 0x00, 0x00, 0x0D, 0x00, 0x00, 0x00, 0x00, 0x00, 0x00,
    0xDD, 0x00, 0x0D, 0xD0, 0xDD, 0x00, 0x0D, 0xD0, 0xDD, 0x0D, 0x0D, 0xD0, 0xDD, 0xDD, 0xDD, 0xD0,
    0xDD, 0xDD, 0xDD, 0xD0, 0xDD, 0xD0, 0xDD, 0xD0, 0xDD, 0x00, 0x0D, 0xD0, 0x00, 0x00, 0x00, 0x00,
    0xDD, 0x00, 0x0D, 0xD0, 0xDD, 0xD0, 0xDD, 0xD0, 0x0D, 0xDD, 0xDD, 0x00, 0x00, 0xDD, 0xD0, 0x00,
    0x0D, 0xDD, 0xDD, 0x00, 0xDD, 0xD0, 0xDD, 0xD0, 0xDD, 0x00, 0x0D, 0xD0, 0x00, 0x00, 0x00, 0x00,
    0x0D, 0xD0, 0x0D, 0xD0, 0x0D, 0xD0, 0x0D, 0xD0, 0x0D, 0xD0, 0x0D, 0xD0, 0x00, 0xDD, 0xDD, 0x00,
    0x00, 0x0D, 0xD0, 0x00, 0x00, 0x0D, 0xD0, 0x00, 0x00, 0x0D, 0xD0, 0x00, 0x00, 0x00, 0x00, 0x00,
    0xDD, 0xDD, 0xDD, 0xD0, 0x00, 0x00, 0xDD, 0xD0, 0x00, 0x0D, 0xDD, 0x00, 0x00, 0xDD, 0xD0, 0x00,
    0x0D, 0xDD, 0x00, 0x00, 0xDD, 0xD0, 0x00, 0x00, 0xDD, 0xDD, 0xDD, 0xD0, 0x00, 0x00, 0x00, 0x00,
    0x00, 0x00, 0x00, 0x00, 0x00, 0x00, 0x00, 0x00, 0x00, 0x00, 0x00, 0x00, 0x00, 0x00, 0x00, 0x00,
    0x00, 0x00, 0x00, 0x00, 0x00, 0x00, 0x00, 0x00, 0x00, 0x00, 0x00, 0x00, 0x00, 0x00, 0x00, 0x00,
    0xDD, 0xDD, 0xDD, 0xDD, 0xDD, 0xDD, 0xDD, 0xDD, 0xDD, 0xDD, 0xDD, 0xDD, 0xDD, 0xDD, 0xDD, 0xDD,
    0xDD, 0xDD, 0xDD, 0xDD, 0xDD, 0xDD, 0xDD, 0xDD, 0xDD, 0xDD, 0xDD, 0xDD, 0xDD, 0xDD, 0xDD, 0xDD,
    0xEE, 0xEE, 0xEE, 0xEE, 0xEE, 0xEE, 0xEE, 0xEE, 0xEE, 0xEE, 0xEE, 0xEE, 0xEE, 0xEE, 0xEE, 0xEE,
    0xEE, 0xEE, 0xEE, 0xEE, 0xEE, 0xEE, 0xEE, 0xEE, 0xEE, 0xEE, 0xEE, 0xEE, 0xEE, 0xEE, 0xEE, 0xEE,
    0xFF, 0xFF, 0xFF, 0xFF, 0xFF, 0xFF, 0xFF, 0xFF, 0xFF, 0xFF, 0xFF, 0xFF, 0xFF, 0xFF, 0xFF, 0xFF,
    0xFF, 0xFF, 0xFF, 0xFF, 0xFF, 0xFF, 0xFF, 0xFF, 0xFF, 0xFF, 0xFF, 0xFF, 0xFF, 0xFF, 0xFF, 0xFF,
    0x00, 0x00, 0x00, 0x00, 0x00, 0x00, 0x00, 0x00, 0x00, 0x00, 0x00, 0x00, 0x00, 0x00, 0x00, 0x00,
    0x00, 0xDD, 0x00, 0x00, 0x00, 0x0D, 0x00, 0x00, 0x00, 0xD0, 0x00, 0x00, 0x00, 0x00, 0x00, 0x00,
    0x00, 0x0D, 0xD0, 0x00, 0x00, 0x0D, 0xD0, 0x00, 0x00, 0x0D, 0xD0, 0x00, 0x00, 0x0D, 0xD0, 0x00,
    0x00, 0x0D, 0xD0, 0x00, 0x00, 0x00, 0x00, 0x00, 0x00, 0x0D, 0xD0, 0x00, 0x00, 0x00, 0x00, 0x00,
    0x00, 0xDD, 0x00, 0x00, 0x00, 0x0D, 0x00, 0x00, 0x00, 0xD0, 0x00, 0x00, 0x00, 0x00, 0x00, 0x00,
    0x00, 0x00, 0x00, 0x00, 0x00, 0x00, 0x00, 0x00, 0x00, 0x00, 0x00, 0x00, 0x00, 0x00, 0x00, 0x00,
    0x0D, 0xDD, 0x00, 0x00, 0xD0, 0x00, 0xD0, 0x00, 0x0D, 0x0D, 0x00, 0x00, 0x00, 0xD0, 0x00, 0x00,
    0x0D, 0x0D, 0x0D, 0x00, 0xD0, 0x00, 0xD0, 0x00, 0x0D, 0xDD, 0x0D, 0xD0, 0x00, 0x00, 0x00, 0x00,
    0x00, 0x00, 0x00, 0x00, 0x00, 0x00, 0x00, 0x00, 0x00, 0x00, 0x00, 0x00, 0x00, 0x00, 0x00, 0x00,
    0x00, 0x00, 0x00, 0x00, 0x00, 0xDD, 0x00, 0x00, 0x00, 0xDD, 0x00, 0x00, 0x00, 0x00, 0x00, 0x00,
    0x00, 0xD0, 0x0D, 0x00, 0x00, 0xD0, 0x0D, 0x00, 0x00, 0xD0, 0x0D, 0x00, 0x00, 0x00, 0x00, 0x00,
    0x00, 0x00, 0x00, 0x00, 0x00, 0x00, 0x00, 0x00, 0x00, 0x00, 0x00, 0x00, 0x00, 0x00, 0x00, 0x00,
    0x00, 0xDD, 0xD0, 0x00, 0x0D, 0x00, 0x0D, 0x00, 0x00, 0x00, 0x0D, 0x00, 0x00, 0x00, 0xD0, 0x00,
    0x00, 0x0D, 0x00, 0x00, 0x00, 0x00, 0x00, 0x00, 0x00, 0x0D, 0x00, 0x00, 0x00, 0x00, 0x00, 0x00,
    0x00, 0x00, 0x00, 0x00, 0x00, 0x00, 0x00, 0x00, 0x00, 0x00, 0x00, 0x00, 0xDD, 0xDD, 0xDD, 0x00,
    0x00, 0x00, 0x00, 0x00, 0x00, 0x00, 0x00, 0x00, 0x00, 0x00, 0x00, 0x00, 0x00, 0x00, 0x00, 0x00,
    0x00, 0x00, 0x00, 0x00, 0x00, 0x00, 0x00, 0x00, 0x00, 0x00, 0x00, 0x00, 0x00, 0x00, 0x00, 0x00,
    0x00, 0x00, 0x00, 0x00, 0x00, 0x00, 0x00, 0x00, 0x00, 0x00, 0x00, 0x00, 0x00, 0x00, 0x00, 0x00,
    0x00, 0x00, 0x00, 0x00, 0x00, 0x00, 0x00, 0x00, 0x00, 0x00, 0x00, 0x00, 0x00, 0x00, 0x00, 0x00,
    0x00, 0x00, 0x00, 0x00, 0x00, 0x00, 0x00, 0x00, 0x00, 0x00, 0x00, 0x00, 0x00, 0x00, 0x00, 0x00,
    0x00, 0x00, 0x00, 0x00, 0x00, 0x00, 0x00, 0x00, 0x00, 0x00, 0x00, 0x00, 0x00, 0x00, 0x00, 0x00,
    0x00, 0x00, 0x00, 0x00, 0x00, 0x00, 0x00, 0x00, 0x00, 0x00, 0x00, 0x00, 0x00, 0x00, 0x00, 0x00,
    0x00, 0x00, 0x00, 0x00, 0x00, 0x00, 0x00, 0x00, 0x00, 0x00, 0x00, 0x00, 0x00, 0x00, 0x00, 0x00,
    0x00, 0x00, 0x00, 0x00, 0x00, 0x00, 0x00, 0x00, 0x00, 0x00, 0x00, 0x00, 0x00, 0x00, 0x00, 0x00,
    0x00, 0x00, 0x00, 0x00, 0x00, 0x00, 0x00, 0x00, 0x00, 0x00, 0x00, 0x00, 0x00, 0x00, 0x00, 0x00,
    0x00, 0x00, 0x00, 0x00, 0x00, 0x00, 0x00, 0x00, 0x00, 0x00, 0x00, 0x00, 0x00, 0x00, 0x00, 0x00,
    0x00, 0x00, 0x00, 0x00, 0x00, 0x00, 0x00, 0x00, 0x00, 0x00, 0x00, 0x00, 0x00, 0x00, 0x00, 0x00,
    0x00, 0x00, 0x00, 0x00, 0x00, 0x00, 0x00, 0x00, 0x00, 0x00, 0x00, 0x00, 0x00, 0x00, 0x00, 0x00,
    0x00, 0x00, 0x00, 0x00, 0x00, 0x00, 0x00, 0x00, 0x00, 0x00, 0x00, 0x00, 0x00, 0x00, 0x00, 0x00,
    0x00, 0x00, 0x00, 0x00, 0x00, 0x00, 0x00, 0x00, 0x00, 0x00, 0x00, 0x00, 0x00, 0x00, 0x00, 0x00,
    0x00, 0x00, 0x00, 0x00, 0x00, 0x00, 0x00, 0x00, 0x00, 0x00, 0x00, 0x00, 0x00, 0x00, 0x00, 0x00,
    0x00, 0x00, 0x00, 0x00, 0x00, 0x00, 0x00, 0x00, 0x00, 0x00, 0x00, 0x00, 0x00, 0x00, 0x00, 0x00,
    0x00, 0x00, 0x00, 0x00, 0x00, 0x00, 0x00, 0x00, 0x00, 0x00, 0x00, 0x00, 0x00, 0x00, 0x00, 0x00,
    0x00, 0x00, 0x00, 0x00, 0x00, 0x00, 0x00, 0x00, 0x00, 0x00, 0x00, 0x00, 0x00, 0x00, 0x00, 0x00,
    0x00, 0x00, 0x00, 0x00, 0x00, 0x00, 0x00, 0x00, 0x00, 0x00, 0x00, 0x00, 0x00, 0x00, 0x00, 0x00,
    0x00, 0x00, 0x00, 0x00, 0x00, 0x00, 0x00, 0x00, 0x00, 0x00, 0x00, 0x00, 0x00, 0x00, 0x00, 0x00,
    0x00, 0x00, 0x00, 0x00, 0x00, 0x00, 0x00, 0x00, 0x00, 0x00, 0x00, 0x00, 0x00, 0x00, 0x00, 0x00,
    0x00, 0x00, 0x00, 0x00, 0x00, 0x00, 0x00, 0x00, 0x00, 0x00, 0x00, 0x00, 0x00, 0x00, 0x00, 0x00,
    0x00, 0x00, 0x00, 0x00, 0x00, 0x00, 0x00, 0x00, 0x00, 0x00, 0x00, 0x00, 0x00, 0x00, 0x00, 0x00,
    0x00, 0x00, 0x00, 0x00, 0x00, 0x00, 0x00, 0x00, 0x00, 0x00, 0x00, 0x00, 0x00, 0x00, 0x00, 0x00,
    0x00, 0x00, 0x00, 0x00, 0x00, 0x00, 0x00, 0x00, 0x00, 0x00, 0x00, 0x00, 0x00, 0x00, 0x00, 0x00,
    0x00, 0x00, 0x00, 0x00, 0x00, 0x00, 0x00, 0x00, 0x00, 0x00, 0x00, 0x00, 0x00, 0x00, 0x00, 0x00,
    0x00, 0x00, 0x00, 0x00, 0x00, 0x00, 0x00, 0x00, 0x00, 0x00, 0x00, 0x00, 0x00, 0x00, 0x00, 0x00,
    0x00, 0x00, 0x00, 0x00, 0x00, 0x00, 0x00, 0x00, 0x00, 0x00, 0x00, 0x00, 0x00, 0x00, 0x00, 0x00,
    0x00, 0x00, 0x00, 0x00, 0x00, 0x00, 0x00, 0x00, 0x00, 0x00, 0x00, 0x00, 0x00, 0x00, 0x00, 0x00,
    0x00, 0x00, 0x00, 0x00, 0x00, 0x00, 0x00, 0x00, 0x00, 0x00, 0x00, 0x00, 0x00, 0x00, 0x00, 0x00,
    0x00, 0x00, 0x00, 0x00, 0x00, 0x00, 0x00, 0x00, 0x00, 0x00, 0x00, 0x00, 0x00, 0x00, 0x00, 0x00,
    0x00, 0x00, 0x00, 0x00, 0x00, 0x00, 0x00, 0x00, 0x00, 0x00, 0x00, 0x00, 0x00, 0x00, 0x00, 0x00,
    0x00, 0x00, 0x00, 0x00, 0x00, 0x00, 0x00, 0x00, 0x00, 0x00, 0x00, 0x00, 0x00, 0x00, 0x00, 0x00,
    0x00, 0x00, 0x00, 0x00, 0x00, 0x00, 0x00, 0x00, 0x00, 0x00, 0x00, 0x00, 0x00, 0x00, 0x00, 0x00,
    0x00, 0x00, 0x00, 0x00, 0x00, 0x00, 0x00, 0x00, 0x00, 0x00, 0x00, 0x00, 0x00, 0x00, 0x00, 0x00,
    0x00, 0x00, 0x00, 0x00, 0x00, 0x00, 0x00, 0x00, 0x00, 0x00, 0x00, 0x00, 0x00, 0x00, 0x00, 0x00,
    0x00, 0x00, 0x00, 0x00, 0x00, 0x00, 0x00, 0x00, 0x00, 0x00, 0x00, 0x00, 0x00, 0x00, 0x00, 0x00,
    0x00, 0x00, 0x00, 0x00, 0x00, 0x00, 0x00, 0x00, 0x00, 0x00, 0x00, 0x00, 0x00, 0x00, 0x00, 0x00,
    0x00, 0x00, 0x00, 0x00, 0x00, 0x00, 0x00, 0x00, 0x00, 0x00, 0x00, 0x00, 0x00, 0x00, 0x00, 0x00,
    0x00, 0x00, 0x00, 0x00, 0x00, 0x00, 0x00, 0x00, 0x00, 0x00, 0x00, 0x00, 0x00, 0x00, 0x00, 0x00,
    0x00, 0x00, 0x00, 0x00, 0x00, 0x00, 0x00, 0x00, 0x00, 0x00, 0x00, 0x00, 0x00, 0x00, 0x00, 0x00,
    0x00, 0x00, 0x00, 0x00, 0x00, 0x00, 0x00, 0x00, 0x00, 0x00, 0x00, 0x00, 0x00, 0x00, 0x00, 0x00,
    0x00, 0x00, 0x00, 0x00, 0x00, 0x00, 0x00, 0x00, 0x00, 0x00, 0x00, 0x00, 0x00, 0x00, 0x00, 0x00,
    0x00, 0x00, 0x00, 0x00, 0x00, 0x00, 0x00, 0x00, 0x00, 0x00, 0x00, 0x00, 0x00, 0x00, 0x00, 0x00,
    0x00, 0x00, 0x00, 0x00, 0x00, 0x00, 0x00, 0x00, 0x00, 0x00, 0x00, 0x00, 0x00, 0x00, 0x00, 0x00,
    0x00, 0x00, 0x00, 0x00, 0x00, 0x00, 0x00, 0x00, 0x00, 0x00, 0x00, 0x00, 0x00, 0x00, 0x00, 0x00,
    0x00, 0x00, 0x00, 0x00, 0x00, 0x00, 0x00, 0x00, 0x00, 0x00, 0x00, 0x00, 0x00, 0x00, 0x00, 0x00,
    0x00, 0x00, 0x00, 0x00, 0x00, 0x00, 0x00, 0x00, 0x00, 0x00, 0x00, 0x00, 0x00, 0x00, 0x00, 0x00,
    0x00, 0x00, 0x00, 0x00, 0x00, 0x00, 0x00, 0x00, 0x00, 0x00, 0x00, 0x00, 0x00, 0x00, 0x00, 0x00,
    0x00, 0x00, 0x00, 0x00, 0x00, 0x00, 0x00, 0x00, 0x00, 0x00, 0x00, 0x00, 0x00, 0x00, 0x00, 0x00,
    0x00, 0x00, 0x00, 0x00, 0x00, 0x00, 0x00, 0x00, 0x00, 0x00, 0x00, 0x00, 0x00, 0x00, 0x00, 0x00,
    0x00, 0x00, 0x00, 0x00, 0x00, 0x00, 0x00, 0x00, 0x00, 0x00, 0x00, 0x00, 0x00, 0x00, 0x00, 0x00,
    0x00, 0x00, 0x00, 0x00, 0x00, 0x00, 0x00, 0x00, 0x00, 0x00, 0x00, 0x00, 0x00, 0x00, 0x00, 0x00,
    0x00, 0x00, 0x00, 0x00, 0x00, 0x00, 0x00, 0x00, 0x00, 0x00, 0x00, 0x00, 0x00, 0x00, 0x00, 0x00,
    0x00, 0x00, 0x00, 0x00, 0x00, 0x00, 0x00, 0x00, 0x00, 0x00, 0x00, 0x00, 0x00, 0x00, 0x00, 0x00,
    0x00, 0x00, 0x00, 0x00, 0x00, 0x00, 0x00, 0x00, 0x00, 0x00, 0x00, 0x00, 0x00, 0x00, 0x00, 0x00,
    0x00, 0x00, 0x00, 0x00, 0x00, 0x00, 0x00, 0x00, 0x00, 0x00, 0x00, 0x00, 0x00, 0x00, 0x00, 0x00,
    0x00, 0x00, 0x00, 0x00, 0x00, 0x00, 0x00, 0x00, 0x00, 0x00, 0x00, 0x00, 0x00, 0x00, 0x00, 0x00,
    0x00, 0x00, 0x00, 0x00, 0x00, 0x00, 0x00, 0x00, 0x00, 0x00, 0x00, 0x00, 0x00, 0x00, 0x00, 0x00,
    0x00, 0x00, 0x00, 0x00, 0x00, 0x00, 0x00, 0x00, 0x00, 0x00, 0x00, 0x00, 0x00, 0x00, 0x00, 0x00,
    0x00, 0x00, 0x00, 0x00, 0x00, 0x00, 0x00, 0x00, 0x00, 0x00, 0x00, 0x00, 0x00, 0x00, 0x00, 0x00,
    0x00, 0x00, 0x00, 0x00, 0x00, 0x00, 0x00, 0x00, 0x00, 0x00, 0x00, 0x00, 0x00, 0x00, 0x00, 0x00,
    0x00, 0x00, 0x00, 0x00, 0x00, 0x00, 0x00, 0x00, 0x00, 0x00, 0x00, 0x00, 0x00, 0x00, 0x00, 0x00,
    0x00, 0x00, 0x00, 0x00, 0x00, 0x00, 0x00, 0x00, 0x00, 0x00, 0x00, 0x00, 0x00, 0x00, 0x00, 0x00,
    0x00, 0x00, 0x00, 0x00, 0x00, 0x00, 0x00, 0x00, 0x00, 0x00, 0x00, 0x00, 0x00, 0x00, 0x00, 0x00,
    0x00, 0x00, 0x00, 0x00, 0x00, 0x00, 0x00, 0x00, 0x00, 0x00, 0x00, 0x00, 0x00, 0x00, 0x00, 0x00,
    0x00, 0x00, 0x00, 0x00, 0x00, 0x00, 0x00, 0x00, 0x00, 0x00, 0x00, 0x00, 0x00, 0x00, 0x00, 0x00,
    0x00, 0x00, 0x00, 0x00, 0x00, 0x00, 0x00, 0x00, 0x00, 0x00, 0x00, 0x00, 0x00, 0x00, 0x00, 0x00,
    0x00, 0x00, 0x00, 0x00, 0x00, 0x00, 0x00, 0x00, 0x00, 0x00, 0x00, 0x00, 0x00, 0x00, 0x00, 0x00,
    0x00, 0x00, 0x00, 0x00, 0x00, 0x00, 0x00, 0x00, 0x00, 0x00, 0x00, 0x00, 0x00, 0x00, 0x00, 0x00,
    0x00, 0x00, 0x00, 0x00, 0x00, 0x00, 0x00, 0x00, 0x00, 0x00, 0x00, 0x00, 0x00, 0x00, 0x00, 0x00,
    0x00, 0x00, 0x00, 0x00, 0x00, 0x00, 0x00, 0x00, 0x00, 0x00, 0x00, 0x00, 0x00, 0x00, 0x00, 0x00,
    0x00, 0x00, 0x00, 0x00, 0x00, 0x00, 0x00, 0x00, 0x00, 0x00, 0x00, 0x00, 0x00, 0x00, 0x00, 0x00,
    0x00, 0x00, 0x00, 0x00, 0x00, 0x00, 0x00, 0x00, 0x00, 0x00, 0x00, 0x00, 0x00, 0x00, 0x00, 0x00,
    0x00, 0x00, 0x00, 0x00, 0x00, 0x00, 0x00, 0x00, 0x00, 0x00, 0x00, 0x00, 0x00, 0x00, 0x00, 0x00,
    0x00, 0x00, 0x00, 0x00, 0x00, 0x00, 0x00, 0x00, 0x00, 0x00, 0x00, 0x00, 0x00, 0x00, 0x00, 0x00,
    0x00, 0x00, 0x00, 0x00, 0x00, 0x00, 0x00, 0x00, 0x00, 0x00, 0x00, 0x00, 0x00, 0x00, 0x00, 0x00,
    0x00, 0x00, 0x00, 0x00, 0x00, 0x00, 0x00, 0x00, 0x00, 0x00, 0x00, 0x00, 0x00, 0x00, 0x00, 0x00,
    0x00, 0x00, 0x00, 0x00, 0x00, 0x00, 0x00, 0x00, 0x00, 0x00, 0x00, 0x00, 0x00, 0x00, 0x00, 0x00,
    0x00, 0x00, 0x00, 0x00, 0x00, 0x00, 0x00, 0x00, 0x00, 0x00, 0x00, 0x00, 0x00, 0x00, 0x00, 0x00,
    0x00, 0x00, 0x00, 0x00, 0x00, 0x00, 0x00, 0x00, 0x00, 0x00, 0x00, 0x00, 0x00, 0x00, 0x00, 0x00,
    0x00, 0x00, 0x00, 0x00, 0x00, 0x00, 0x00, 0x00, 0x00, 0x00, 0x00, 0x00, 0x00, 0x00, 0x00, 0x00,
    0x00, 0x00, 0x00, 0x00, 0x00, 0x00, 0x00, 0x00, 0x00, 0x00, 0x00, 0x00, 0x00, 0x00, 0x00, 0x00,
    0x00, 0x00, 0x00, 0x00, 0x00, 0x00, 0x00, 0x00, 0x00, 0x00, 0x00, 0x00, 0x00, 0x00, 0x00, 0x00,
    0x00, 0x00, 0x00, 0x00, 0x00, 0x00, 0x00, 0x00, 0x00, 0x00, 0x00, 0x00, 0x00, 0x00, 0x00, 0x00,
    0x00, 0x00, 0x00, 0x00, 0x00, 0x00, 0x00, 0x00, 0x00, 0x00, 0x00, 0x00, 0x00, 0x00, 0x00, 0x00,
    0x00, 0x00, 0x00, 0x00, 0x00, 0x00, 0x00, 0x00, 0x00, 0x00, 0x00, 0x00, 0x00, 0x00, 0x00, 0x00,
    0x00, 0x00, 0x00, 0x00, 0x00, 0x00, 0x00, 0x00, 0x00, 0x00, 0x00, 0x00, 0x00, 0x00, 0x00, 0x00,
    0x00, 0x00, 0x00, 0x00, 0x00, 0x00, 0x00, 0x00, 0x00, 0x00, 0x00, 0x00, 0x00, 0x00, 0x00, 0x00,
    0x00, 0x00, 0x00, 0x00, 0x00, 0x00, 0x00, 0x00, 0x00, 0x00, 0x00, 0x00, 0x00, 0x00, 0x00, 0x00,
    0x00, 0x00, 0x00, 0x00, 0x00, 0x00, 0x00, 0x00, 0x00, 0x00, 0x00, 0x00, 0x00, 0x00, 0x00, 0x00,
    0x00, 0x00, 0x00, 0x00, 0x00, 0x00, 0x00, 0x00, 0x00, 0x00, 0x00, 0x00, 0x00, 0x00, 0x00, 0x00,
    0x00, 0x00, 0x00, 0x00, 0x00, 0x00, 0x00, 0x00, 0x00, 0x00, 0x00, 0x00, 0x00, 0x00, 0x00, 0x00,
    0x00, 0x00, 0x00, 0x00, 0x00, 0x00, 0x00, 0x00, 0x00, 0x00, 0x00, 0x00, 0x00, 0x00, 0x00, 0x00,
    0x00, 0x00, 0x00, 0x00, 0x00, 0x00, 0x00, 0x00, 0x00, 0x00, 0x00, 0x00, 0x00, 0x00, 0x00, 0x00,
    0x00, 0x00, 0x00, 0x00, 0x00, 0x00, 0x00, 0x00, 0x00, 0x00, 0x00, 0x00, 0x00, 0x00, 0x00, 0x00,
    0x00, 0x00, 0x00, 0x00, 0x00, 0x00, 0x00, 0x00, 0x00, 0x00, 0x00, 0x00, 0x00, 0x00, 0x00, 0x00,
    0x00, 0x00, 0x00, 0x00, 0x00, 0x00, 0x00, 0x00, 0x00, 0x00, 0x00, 0x00, 0x00, 0x00, 0x00, 0x00,
    0x00, 0x00, 0x00, 0x0D, 0x00, 0xEF, 0xFF, 0x0D, 0x0E, 0xDE, 0xFF, 0xF0, 0xED, 0xEF, 0xFF, 0xFF,
    0xED, 0xEF, 0xFF, 0xFF, 0xFE, 0xFF, 0xFF, 0xFF, 0x0F, 0xFF, 0xFF, 0xF0, 0x00, 0xFF, 0xFF, 0x00,
    0x00, 0x00, 0x00, 0x00, 0x00, 0x00, 0x00, 0x00, 0x00, 0x00, 0x00, 0x00, 0xDD, 0xDD, 0xDD, 0x00,
    0x00, 0x00, 0x00, 0x00, 0x00, 0x00, 0x00, 0x00, 0x00, 0x00, 0x00, 0x00, 0x00, 0x00, 0x00, 0x00,
    0x00, 0x00, 0x00, 0x00, 0x00, 0x00, 0x00, 0x00, 0x00, 0x00, 0x00, 0x00, 0x00, 0x00, 0x00, 0x00,
    0x00, 0x00, 0x00, 0x00, 0x00, 0xDD, 0x00, 0x00, 0x00, 0xDD, 0x00, 0x00, 0x00, 0x00, 0x00, 0x00,
    0x00, 0x0D, 0x00, 0x00, 0x00, 0x0D, 0x00, 0x00, 0x00, 0x0D, 0x00, 0x00, 0xDD, 0xDD, 0xDD, 0xD0,
    0x00, 0x0D, 0x00, 0x00, 0x00, 0x0D, 0x00, 0x00, 0x00, 0x0D, 0x00, 0x00, 0x00, 0x00, 0x00, 0x00,
    0x0D, 0xD0, 0xFF, 0x00, 0xDD, 0xDD, 0xFF, 0xF0, 0xDD, 0xDF, 0xFF, 0xF0, 0xDD, 0xDD, 0xFF, 0xF0,
    0xDD, 0xDF, 0xFF, 0xF0, 0x0D, 0xDD, 0xFF, 0x00, 0x00, 0xDF, 0xF0, 0x00, 0x00, 0x0D, 0x00, 0x00,
    0x0F, 0xF0, 0xFF, 0x00, 0xFF, 0xFF, 0xFF, 0xF0, 0xFF, 0xFF, 0xFF, 0xF0, 0xFF, 0xFF, 0xFF, 0xF0,
    0xFF, 0xFF, 0xFF, 0xF0, 0x0F, 0xFF, 0xFF, 0x00, 0x00, 0xFF, 0xF0, 0x00, 0x00, 0x0F, 0x00, 0x00,
    0xFF, 0xFF, 0xFF, 0xF0, 0xFF, 0xFF, 0xFF, 0xF0, 0xFF, 0xFF, 0xFF, 0xF0, 0x00, 0x00, 0x00, 0x00,
    0x00, 0x00, 0x00, 0x00, 0x00, 0x00, 0x00, 0x00, 0x00, 0x00, 0x00, 0x00, 0x00, 0x00, 0x00, 0x00,
    0xEE, 0xEE, 0xEE, 0xED, 0xFE, 0xED, 0xEE, 0xEE, 0xEE, 0xEE, 0xEE, 0xEE, 0xED, 0xEE, 0xEE, 0xFE,
    0xEE, 0xEE, 0xDE, 0xEE, 0xEE, 0xEE, 0xEE, 0xDE, 0xEE, 0xDE, 0xEE, 0xEE, 0xEE, 0xEE, 0xEF, 0xEE,
    0x00, 0x00, 0x00, 0x00, 0x00, 0x00, 0x00, 0x00, 0x00, 0x00, 0x00, 0x00, 0x00, 0x00, 0xFF, 0xFF,
    0x00, 0x0F, 0xFF, 0xFF, 0x00, 0x0F, 0xF0, 0x00, 0x00, 0x0F, 0xF0, 0x00, 0x00, 0x0F, 0xF0, 0x00,
    0x00, 0x00, 0x00, 0x00, 0x00, 0x00, 0x00, 0x00, 0x00, 0x00, 0x00, 0x00, 0xFF, 0xFF, 0xFF, 0xFF,
    0xFF, 0xFF, 0xFF, 0xFF, 0x00, 0x00, 0x00, 0x00, 0x00, 0x00, 0x00, 0x00, 0x00, 0x00, 0x00, 0x00,
    0x00, 0x00, 0x00, 0x00, 0x00, 0x00, 0x00, 0x00, 0x00, 0x00, 0x00, 0x00, 0xFF, 0xFF, 0x00, 0x00,
    0xFF, 0xFF, 0xF0, 0x00, 0x00, 0x0F, 0xF0, 0x00, 0x00, 0x0F, 0xF0, 0x00, 0x00, 0x0F, 0xF0, 0x00,
    0x00, 0x0F, 0xF0, 0x00, 0x00, 0x0F, 0xF0, 0x00, 0x00, 0x0F, 0xF0, 0x00, 0x00, 0x0F, 0xF0, 0x00,
    0x00, 0x0F, 0xF0, 0x00, 0x00, 0x0F, 0xF0, 0x00, 0x00, 0x0F, 0xF0, 0x00, 0x00, 0x0F, 0xF0, 0x00,
    0x00, 0x0F, 0xF0, 0x00, 0x00, 0x0F, 0xF0, 0x00, 0x00, 0x0F, 0xF0, 0x00, 0xFF, 0xFF, 0xF0, 0x00,
    0xFF, 0xFF, 0x00, 0x00, 0x00, 0x00, 0x00, 0x00, 0x00, 0x00, 0x00, 0x00, 0x00, 0x00, 0x00, 0x00,
    0x00, 0x0F, 0xF0, 0x00, 0x00, 0x0F, 0xF0, 0x00, 0x00, 0x0F, 0xF0, 0x00, 0x00, 0x0F, 0xFF, 0xFF,
    0x00, 0x00, 0xFF, 0xFF, 0x00, 0x00, 0x00, 0x00, 0x00, 0x00, 0x00, 0x00, 0x00, 0x00, 0x00, 0x00,
    0xDD, 0xDD, 0xDD, 0xDD, 0xDD, 0xDD, 0xDD, 0xDD, 0xEE, 0xEE, 0xEE, 0xEE, 0xFF, 0xFF, 0xFF, 0xFF,
    0xDD, 0xDD, 0xDD, 0xDD, 0xDD, 0xDD, 0xDD, 0xDD, 0xEE, 0xEE, 0xEE, 0xEE, 0xFF, 0xFF, 0xFF, 0xFF,
    0x0D, 0xD0, 0xDD, 0x00, 0xDD, 0xDD, 0xDD, 0xD0, 0xDD, 0xDD, 0xDD, 0xD0, 0xDD, 0xDD, 0xDD, 0xD0,
    0xDD, 0xDD, 0xDD, 0xD0, 0x0D, 0xDD, 0xDD, 0x00, 0x00, 0xDD, 0xD0, 0x00, 0x00, 0x0D, 0x00, 0x00,
    0x00, 0x00, 0x00, 0x00, 0x00, 0x00, 0x00, 0x00, 0x00, 0x00, 0x00, 0x00, 0x00, 0x00, 0x00, 0x00,
    0x00, 0x00, 0x00, 0x00, 0x00, 0x00, 0x00, 0x00, 0x00, 0x00, 0x00, 0x00, 0x00, 0x00, 0x00, 0x00,
    0xDD, 0xDD, 0xDD, 0xDD, 0xDD, 0xDD, 0xDD, 0xDD, 0xDD, 0xDD, 0xDD, 0xDD, 0xDD, 0xDD, 0xDD, 0xDD,
    0xDD, 0xDD, 0xDD, 0xDD, 0xDD, 0xDD, 0xDD, 0xDD, 0xDD, 0xDD, 0xDD, 0xDD, 0xDD, 0xDD, 0xDD, 0xDD,
    0xEE, 0xEE, 0xEE, 0xEE, 0xEE, 0xEE, 0xEE, 0xEE, 0xEE, 0xEE, 0xEE, 0xEE, 0xEE, 0xEE, 0xEE, 0xEE,
    0xEE, 0xEE, 0xEE, 0xEE, 0xEE, 0xEE, 0xEE, 0xEE, 0xEE, 0xEE, 0xEE, 0xEE, 0xEE, 0xEE, 0xEE, 0xEE,
    0xED, 0xFE, 0xEE, 0xEE, 0xED, 0xEE, 0xEE, 0xEE, 0xED, 0xEE, 0xEE, 0xEE, 0xDD, 0xDD, 0xDD, 0xDD,
    0xEE, 0xEE, 0xED, 0xFE, 0xEE, 0xEE, 0xED, 0xEE, 0xEE, 0xEE, 0xED, 0xEE, 0xDD, 0xDD, 0xDD, 0xDD,
    0x00, 0x0E, 0xFF, 0xFE, 0x00, 0xFE, 0xEE, 0x0E, 0x0F, 0xEE, 0xEE, 0x0E, 0xEE, 0xEE, 0xEE, 0x0E,
    0xFE, 0xEE, 0xE0, 0x00, 0xFE, 0xEE, 0x0E, 0xE0, 0xF0, 0x00, 0xEE, 0x00, 0xEE, 0xE0, 0xE0, 0x00,
    0x00, 0x00, 0x00, 0x00, 0x00, 0x00, 0x00, 0x00, 0x00, 0x00, 0x00, 0x00, 0x00, 0x00, 0x00, 0x00,
    0x00, 0x00, 0x00, 0x00, 0x00, 0x00, 0x00, 0x00, 0x00, 0x00, 0x0D, 0x0D, 0x00, 0x00, 0x00, 0x00,
    0x00, 0x00, 0xEE, 0xE0, 0x00, 0x0E, 0x00, 0xEE, 0x00, 0x0E, 0x00, 0x0E, 0x00, 0x00, 0xE0, 0x0E,
    0x00, 0x0E, 0x0E, 0xE0, 0x00, 0xE0, 0x00, 0x00, 0x0E, 0x0E, 0x00, 0x00, 0xE0, 0xE0, 0x00, 0x00,
    0xDD, 0xDD, 0xDD, 0x0D, 0xEE, 0xEE, 0xEE, 0x0D, 0xEE, 0xEE, 0xEE, 0x0D, 0x00, 0x00, 0x00, 0x00,
    0xDD, 0x0D, 0xDD, 0xDD, 0xEE, 0x0D, 0xEE, 0xEE, 0xEE, 0x0D, 0xEE, 0xEE, 0x00, 0x00, 0x00, 0x00,
    0x00, 0x00, 0x00, 0x00, 0x00, 0x00, 0x00, 0x00, 0x00, 0x00, 0x00, 0x00, 0x00, 0x00, 0x00, 0x00,
    0xFF, 0xFF, 0xFF, 0xF0, 0xFF, 0xFF, 0xFF, 0xF0, 0xFF, 0xFF, 0xFF, 0xF0, 0x00, 0x00, 0x00, 0x00,
    0x00, 0xDD, 0xDD, 0x00, 0x0D, 0x00, 0x00, 0xD0, 0xD0, 0x0D, 0xD0, 0x0D, 0xD0, 0xD0, 0x00, 0x0D,
    0xD0, 0xD0, 0x00, 0x0D, 0xD0, 0x0D, 0xD0, 0x0D, 0x0D, 0x00, 0x00, 0xD0, 0x00, 0xDD, 0xDD, 0x00,
    0x00, 0x00, 0x0E, 0x00, 0x00, 0x0E, 0x0E, 0xE0, 0xE0, 0x0E, 0xEE, 0xE0, 0xE0, 0x0E, 0xEE, 0xEE,
    0xE0, 0xEE, 0xEE, 0xEE, 0xE0, 0xEE, 0xEE, 0xEE, 0xEE, 0xEE, 0xEE, 0xEE, 0xEE, 0xEE, 0xEE, 0xEE,
    0xEE, 0xEE, 0xEE, 0xEE, 0xEE, 0xEE, 0xEE, 0xEE, 0xE0, 0xEE, 0xEE, 0xEE, 0xE0, 0xEE, 0xEE, 0xEE,
    0xE0, 0xEE, 0xEE, 0xEE, 0xE0, 0x0E, 0xEE, 0x0E, 0x00, 0x0E, 0xE0, 0x0E, 0x00, 0x00, 0xE0, 0x00,
    0xFF, 0xFF, 0xFF, 0xF0, 0xFF, 0xFF, 0xFF, 0xF0, 0xFF, 0xFF, 0xFF, 0xF0, 0x00, 0x00, 0x00, 0x00,
    0xFF, 0xFF, 0xFF, 0xF0, 0xFF, 0xFF, 0xFF, 0xF0, 0xFF, 0xFF, 0xFF, 0xF0, 0x00, 0x00, 0x00, 0x00
};

const unsigned char overworld_bg_chr_x4[16640] = {
    0x11, 0x11, 0x11, 0x11, 0x10, 0x00, 0x00, 0x00, 0x12, 0x20, 0x00, 0x00, 0x12, 0x21, 0x00, 0x00,
    0x12, 0x21, 0x22, 0x20, 0x12, 0x21, 0x22, 0x21, 0x12, 0x21, 0x22, 0x21, 0x12, 0x21, 0x22, 0x21,
    0x12, 0x21, 0x22, 0x21, 0x12, 0x21, 0x22, 0x21, 0x12, 0x21, 0x22, 0x21, 0x12, 0x21, 0x22, 0x21,
    0x12, 0x21, 0x22, 0x21, 0x12, 0x21, 0x22, 0x21, 0x12, 0x21, 0x22, 0x21, 0x11, 0x11, 0x11, 0x11,
    0x11, 0x11, 0x11, 0x11, 0x00, 0x00, 0x00, 0x01, 0x00, 0x00, 0x00, 0x01, 0x00, 0x00, 0x00, 0x01,
    0x00, 0x00, 0x00, 0x01, 0x00, 0x00, 0x00, 0x01, 0x22, 0x20, 0x00, 0x01, 0x22, 0x21, 0x00, 0x01,
    0x22, 0x21, 0x22, 0x21, 0x22, 0x21, 0x22, 0x21, 0x22, 0x21, 0x22, 0x21, 0x22, 0x21, 0x22, 0x21,
    0x22, 0x21, 0x22, 0x21, 0x22, 0x21, 0x22, 0x21, 0x22, 0x21, 0x22, 0x21, 0x11, 0x11, 0x11, 0x11,
    0x20, 0x01, 0x11, 0x11, 0x20, 0x33, 0x33, 0x33, 0x20, 0x33, 0x33, 0x33, 0x20, 0x33, 0x33, 0x33,
    0x20, 0x01, 0x11, 0x11, 0x20, 0x33, 0x33, 0x33, 0x20, 0x33, 0x33, 0x33, 0x20, 0x33, 0x33, 0x33,
    0x11, 0x11, 0x11, 0x20, 0x33, 0x33, 0x33, 0x20, 0x33, 0x33, 0x33, 0x20, 0x33, 0x33, 0x33, 0x20,
    0x11, 0x11, 0x11, 0x20, 0x33, 0x33, 0x33, 0x20, 0x33, 0x33, 0x33, 0x20, 0x33, 0x33, 0x33, 0x20,
    0x11, 0x11, 0x11, 0x13, 0x10, 0x11, 0x10, 0x10, 0x11, 0x11, 0x11, 0x10, 0x11, 0x11, 0x11, 0x10,
    0x11, 0x11, 0x11, 0x10, 0x11, 0x11, 0x11, 0x10, 0x11, 0x11, 0x11, 0x10, 0x11, 0x11, 0x11, 0x10,
    0x11, 0x11, 0x11, 0x10, 0x11, 0x11, 0x11, 0x10, 0x11, 0x11, 0x11, 0x10, 0x11, 0x11, 0x11, 0x10,
    0x11, 0x11, 0x11, 0x10, 0x10, 0x11, 0x10, 0x10, 0x11, 0x11, 0x11, 0x10, 0x30, 0x00, 0x00, 0x00,
    0x33, 0x31, 0x33, 0x33, 0x33, 0x33, 0x33, 0x22, 0x33, 0x33, 0x32, 0x22, 0x31, 0x32, 0x22, 0x22,
    0x33, 0x30, 0x22, 0x22, 0x33, 0x30, 0x02, 0x22, 0x33, 0x30, 0x22, 0x22, 0x13, 0x32, 0x22, 0x22,
    0x32, 0x22, 0x22, 0x22, 0x32, 0x22, 0x22, 0x22, 0x32, 0x22, 0x22, 0x22, 0x22, 0x22, 0x22, 0x22,
    0x22, 0x22, 0x22, 0x22, 0x22, 0x22, 0x22, 0x22, 0x22, 0x22, 0x22, 0x22, 0x22, 0x22, 0x22, 0x22,
    0x22, 0x22, 0x22, 0x22, 0x22, 0x22, 0x22, 0x22, 0x22, 0x22, 0x22, 0x22, 0x22, 0x22, 0x22, 0x22,
    0x22, 0x22, 0x22, 0x22, 0x22, 0x22, 0x22, 0x22, 0x22, 0x22, 0x22, 0x22, 0x22, 0x22, 0x22, 0x22,
    0x22, 0x22, 0x22, 0x22, 0x22, 0x22, 0x22, 0x22, 0x22, 0x22, 0x22, 0x22, 0x22, 0x22, 0x22, 0x22,
    0x22, 0x22, 0x22, 0x22, 0x22, 0x22, 0x22, 0x22, 0x22, 0x22, 0x22, 0x22, 0x22, 0x22, 0x22, 0x22,
    0x33, 0x33, 0x31, 0x33, 0x23, 0x22, 0x33, 0x33, 0x22, 0x22, 0x33, 0x33, 0x22, 0x22, 0x22, 0x33,
    0x22, 0x22, 0x22, 0x31, 0x22, 0x22, 0x22, 0x33, 0x22, 0x22, 0x22, 0x33, 0x22, 0x22, 0x22, 0x23,
    0x22, 0x22, 0x22, 0x03, 0x22, 0x22, 0x20, 0x03, 0x22, 0x22, 0x22, 0x22, 0x22, 0x22, 0x22, 0x22,
    0x22, 0x22, 0x22, 0x22, 0x22, 0x22, 0x22, 0x22, 0x22, 0x22, 0x22, 0x22, 0x22, 0x22, 0x22, 0x22,
    0x22, 0x22, 0x22, 0x22, 0x22, 0x22, 0x22, 0x22, 0x22, 0x22, 0x22, 0x22, 0x22, 0x22, 0x22, 0x22,
    0x02, 0x22, 0x22, 0x22, 0x02, 0x22, 0x22, 0x22, 0x02, 0x22, 0x22, 0x22, 0x30, 0x22, 0x22, 0x22,
    0x30, 0x22, 0x22, 0x22, 0x30, 0x22, 0x22, 0x22, 0x30, 0x22, 0x22, 0x22, 0x13, 0x00, 0x22, 0x22,
    0x33, 0x30, 0x22, 0x22, 0x33, 0x30, 0x00, 0x22, 0x31, 0x30, 0x00, 0x02, 0x33, 0x33, 0x33, 0x00,
    0x22, 0x22, 0x22, 0x22, 0x22, 0x22, 0x22, 0x22, 0x22, 0x22, 0x22, 0x22, 0x22, 0x22, 0x22, 0x22,
    0x22, 0x22, 0x22, 0x22, 0x22, 0x22, 0x22, 0x22, 0x22, 0x22, 0x22, 0x22, 0x22, 0x22, 0x22, 0x22,
    0x22, 0x22, 0x22, 0x22, 0x22, 0x22, 0x22, 0x22, 0x22, 0x22, 0x22, 0x22, 0x22, 0x22, 0x22, 0x22,
    0x22, 0x22, 0x22, 0x22, 0x22, 0x22, 0x22, 0x22, 0x22, 0x22, 0x22, 0x22, 0x22, 0x22, 0x22, 0x22,
    0x22, 0x22, 0x22, 0x22, 0x22, 0x22, 0x22, 0x22, 0x22, 0x22, 0x22, 0x22, 0x22, 0x22, 0x22, 0x22,
    0x22, 0x22, 0x22, 0x22, 0x22, 0x22, 0x22, 0x22, 0x22, 0x22, 0x22, 0x20, 0x22, 0x22, 0x22, 0x03,
    0x22, 0x22, 0x22, 0x23, 0x22, 0x22, 0x22, 0x03, 0x22, 0x22, 0x20, 0x33, 0x22, 0x22, 0x20, 0x31,
    0x22, 0x22, 0x20, 0x33, 0x22, 0x00, 0x03, 0x33, 0x22, 0x20, 0x03, 0x33, 0x00, 0x03, 0x33, 0x31,
    0x22, 0x22, 0x22, 0x22, 0x22, 0x22, 0x22, 0x22, 0x22, 0x12, 0x22, 0x22, 0x22, 0x22, 0x22, 0x12,
    0x22, 0x22, 0x22, 0x22, 0x21, 0x22, 0x22, 0x22, 0x22, 0x22, 0x22, 0x22, 0x22, 0x22, 0x12, 0x22,
    0x22, 0x22, 0x22, 0x22, 0x22, 0x22, 0x22, 0x21, 0x22, 0x12, 0x22, 0x22, 0x22, 0x22, 0x22, 0x22,
    0x22, 0x22, 0x22, 0x22, 0x12, 0x22, 0x22, 0x12, 0x22, 0x22, 0x22, 0x22, 0x22, 0x21, 0x22, 0x22,
    0x22, 0x22, 0x22, 0x21, 0x22, 0x22, 0x12, 0x22, 0x22, 0x22, 0x22, 0x22, 0x22, 0x22, 0x22, 0x22,
    0x21, 0x22, 0x22, 0x22, 0x22, 0x22, 0x21, 0x22, 0x22, 0x22, 0x22, 0x22, 0x22, 0x22, 0x22, 0x22,
    0x22, 0x21, 0x22, 0x22, 0x22, 0x22, 0x22, 0x22, 0x22, 0x22, 0x22, 0x22, 0x22, 0x22, 0x22, 0x12,
    0x22, 0x21, 0x22, 0x22, 0x22, 0x22, 0x22, 0x22, 0x22, 0x22, 0x22, 0x22, 0x21, 0x22, 0x22, 0x22,
    0x33, 0x33, 0x33, 0x31, 0x33, 0x33, 0x33, 0x33, 0x13, 0x33, 0x33, 0x33, 0x33, 0x33, 0x33, 0x33,
    0x33, 0x33, 0x33, 0x33, 0x33, 0x33, 0x33, 0x33, 0x13, 0x31, 0x32, 0x33, 0x33, 0x23, 0x22, 0x22,
    0x32, 0x33, 0x33, 0x33, 0x32, 0x33, 0x30, 0x33, 0x22, 0x33, 0x20, 0x33, 0x11, 0x33, 0x23, 0x23,
    0x21, 0x23, 0x12, 0x23, 0x21, 0x22, 0x22, 0x12, 0x22, 0x23, 0x22, 0x22, 0x23, 0x23, 0x22, 0x32,
    0x33, 0x23, 0x32, 0x32, 0x33, 0x33, 0x33, 0x32, 0x33, 0x30, 0x32, 0x33, 0x33, 0x30, 0x32, 0x33,
    0x33, 0x23, 0x32, 0x33, 0x33, 0x33, 0x33, 0x33, 0x33, 0x33, 0x33, 0x33, 0x33, 0x33, 0x33, 0x33,
    0x13, 0x30, 0x33, 0x33, 0x13, 0x30, 0x31, 0x33, 0x11, 0x33, 0x31, 0x32, 0x12, 0x31, 0x32, 0x22,
    0x21, 0x32, 0x33, 0x21, 0x21, 0x22, 0x32, 0x21, 0x23, 0x22, 0x33, 0x32, 0x33, 0x23, 0x32, 0x32,
    0x30, 0x30, 0x32, 0x32, 0x30, 0x33, 0x32, 0x33, 0x30, 0x33, 0x33, 0x33, 0x33, 0x33, 0x33, 0x33,
    0x33, 0x33, 0x33, 0x33, 0x23, 0x33, 0x33, 0x32, 0x33, 0x33, 0x33, 0x33, 0x33, 0x33, 0x33, 0x33,
    0x22, 0x22, 0x22, 0x22, 0x22, 0x22, 0x22, 0x20, 0x22, 0x22, 0x20, 0x00, 0x22, 0x20, 0x00, 0x03,
    0x22, 0x22, 0x03, 0x31, 0x22, 0x20, 0x03, 0x33, 0x22, 0x00, 0x33, 0x33, 0x22, 0x03, 0x33, 0x33,
    0x22, 0x03, 0x31, 0x33, 0x20, 0x03, 0x33, 0x33, 0x20, 0x33, 0x33, 0x33, 0x23, 0x31, 0x33, 0x33,
    0x23, 0x33, 0x33, 0x33, 0x23, 0x33, 0x33, 0x13, 0x23, 0x13, 0x33, 0x33, 0x23, 0x33, 0x33, 0x33,
    0x20, 0x02, 0x20, 0x00, 0x00, 0x00, 0x00, 0x00, 0x03, 0x30, 0x00, 0x33, 0x33, 0x33, 0x33, 0x31,
    0x33, 0x33, 0x33, 0x33, 0x33, 0x33, 0x13, 0x33, 0x33, 0x33, 0x33, 0x33, 0x33, 0x33, 0x33, 0x33,
    0x33, 0x33, 0x33, 0x33, 0x33, 0x33, 0x33, 0x33, 0x33, 0x13, 0x33, 0x33, 0x33, 0x33, 0x33, 0x33,
    0x33, 0x33, 0x33, 0x33, 0x33, 0x33, 0x33, 0x33, 0x13, 0x33, 0x33, 0x33, 0x33, 0x33, 0x33, 0x33,
    0x02, 0x22, 0x22, 0x22, 0x00, 0x02, 0x22, 0x22, 0x30, 0x00, 0x00, 0x22, 0x33, 0x33, 0x02, 0x22,
    0x33, 0x33, 0x22, 0x22, 0x33, 0x13, 0x22, 0x22, 0x33, 0x33, 0x00, 0x22, 0x33, 0x33, 0x33, 0x02,
    0x13, 0x33, 0x33, 0x30, 0x33, 0x33, 0x13, 0x30, 0x33, 0x33, 0x33, 0x30, 0x33, 0x33, 0x33, 0x32,
    0x33, 0x31, 0x33, 0x32, 0x33, 0x33, 0x33, 0x22, 0x33, 0x33, 0x33, 0x22, 0x33, 0x33, 0x33, 0x22,
    0x33, 0x33, 0x33, 0x31, 0x31, 0x33, 0x33, 0x33, 0x33, 0x33, 0x33, 0x33, 0x33, 0x33, 0x33, 0x33,
    0x23, 0x31, 0x33, 0x33, 0x23, 0x33, 0x33, 0x33, 0x23, 0x33, 0x33, 0x33, 0x23, 0x33, 0x33, 0x33,
    0x23, 0x31, 0x33, 0x33, 0x22, 0x33, 0x33, 0x33, 0x22, 0x22, 0x33, 0x33, 0x22, 0x22, 0x23, 0x33,
    0x22, 0x22, 0x03, 0x33, 0x22, 0x20, 0x03, 0x33, 0x22, 0x22, 0x22, 0x33, 0x22, 0x22, 0x22, 0x22,
    0x33, 0x33, 0x33, 0x33, 0x33, 0x33, 0x13, 0x33, 0x33, 0x33, 0x33, 0x33, 0x33, 0x33, 0x33, 0x33,
    0x33, 0x33, 0x33, 0x33, 0x33, 0x31, 0x33, 0x33, 0x33, 0x33, 0x33, 0x33, 0x33, 0x33, 0x33, 0x33,
    0x33, 0x33, 0x33, 0x31, 0x33, 0x33, 0x33, 0x33, 0x13, 0x33, 0x33, 0x33, 0x33, 0x33, 0x33, 0x33,
    0x33, 0x33, 0x33, 0x33, 0x33, 0x33, 0x33, 0x33, 0x13, 0x31, 0x32, 0x33, 0x33, 0x23, 0x22, 0x22,
    0x33, 0x33, 0x13, 0x02, 0x33, 0x33, 0x33, 0x02, 0x33, 0x33, 0x33, 0x02, 0x33, 0x33, 0x33, 0x02,
    0x33, 0x33, 0x33, 0x02, 0x33, 0x31, 0x33, 0x02, 0x33, 0x33, 0x33, 0x00, 0x33, 0x33, 0x33, 0x30,
    0x33, 0x33, 0x33, 0x32, 0x31, 0x33, 0x31, 0x32, 0x33, 0x33, 0x33, 0x22, 0x33, 0x33, 0x22, 0x22,
    0x33, 0x33, 0x02, 0x22, 0x13, 0x33, 0x00, 0x22, 0x33, 0x32, 0x22, 0x22, 0x22, 0x22, 0x22, 0x22,
    0x00, 0x02, 0x22, 0x22, 0x00, 0x00, 0x00, 0x00, 0x33, 0x30, 0x00, 0x00, 0x33, 0x33, 0x33, 0x33,
    0x33, 0x13, 0x33, 0x13, 0x33, 0x33, 0x33, 0x33, 0x33, 0x33, 0x33, 0x33, 0x33, 0x33, 0x33, 0x31,
    0x22, 0x22, 0x22, 0x22, 0x33, 0x22, 0x22, 0x22, 0x10, 0x02, 0x22, 0x22, 0x11, 0x02, 0x22, 0x22,
    0x11, 0x00, 0x02, 0x22, 0x11, 0x11, 0x00, 0x22, 0x01, 0x10, 0x30, 0x22, 0x01, 0x10, 0x30, 0x22,
    0x01, 0x10, 0x30, 0x22, 0x01, 0x10, 0x30, 0x22, 0x11, 0x10, 0x30, 0x22, 0x11, 0x10, 0x30, 0x22,
    0x11, 0x11, 0x10, 0x22, 0x11, 0x33, 0x00, 0x22, 0x13, 0x11, 0x10, 0x02, 0x23, 0x11, 0x10, 0x00,
    0x22, 0x22, 0x22, 0x22, 0x22, 0x22, 0x22, 0x22, 0x22, 0x22, 0x22, 0x22, 0x22, 0x22, 0x22, 0x22,
    0x22, 0x22, 0x22, 0x22, 0x22, 0x22, 0x22, 0x22, 0x22, 0x22, 0x22, 0x22, 0x22, 0x22, 0x22, 0x22,
    0x22, 0x11, 0x11, 0x22, 0x21, 0x11, 0x11, 0x12, 0x11, 0x11, 0x11, 0x20, 0x11, 0x11, 0x11, 0x20,
    0x11, 0x11, 0x11, 0x20, 0x11, 0x11, 0x12, 0x00, 0x21, 0x22, 0x20, 0x02, 0x22, 0x00, 0x00, 0x22,
    0x22, 0x22, 0x22, 0x22, 0x22, 0x22, 0x22, 0x33, 0x22, 0x22, 0x23, 0x11, 0x22, 0x22, 0x23, 0x11,
    0x22, 0x23, 0x31, 0x11, 0x22, 0x31, 0x11, 0x11, 0x22, 0x30, 0x31, 0x13, 0x22, 0x30, 0x31, 0x13,
    0x22, 0x30, 0x31, 0x13, 0x22, 0x30, 0x31, 0x13, 0x22, 0x30, 0x31, 0x11, 0x22, 0x30, 0x31, 0x11,
    0x22, 0x31, 0x11, 0x11, 0x22, 0x31, 0x11, 0x11, 0x23, 0x11, 0x11, 0x11, 0x31, 0x11, 0x11, 0x12,
    0x31, 0x31, 0x01, 0x10, 0x31, 0x31, 0x01, 0x10, 0x31, 0x31, 0x00, 0x10, 0x00, 0x00, 0x03, 0x10,
    0x33, 0x33, 0x31, 0x10, 0x31, 0x11, 0x10, 0x10, 0x31, 0x11, 0x10, 0x10, 0x00, 0x00, 0x03, 0x10,
    0x33, 0x33, 0x31, 0x10, 0x31, 0x11, 0x10, 0x10, 0x31, 0x11, 0x10, 0x10, 0x00, 0x00, 0x03, 0x10,
    0x33, 0x33, 0x31, 0x10, 0x31, 0x11, 0x11, 0x10, 0x31, 0x11, 0x11, 0x10, 0x00, 0x00, 0x00, 0x00,
    0x11, 0x11, 0x11, 0x11, 0x00, 0x00, 0x00, 0x00, 0x21, 0x11, 0x11, 0x02, 0x21, 0x11, 0x11, 0x02,
    0x22, 0x11, 0x10, 0x22, 0x22, 0x21, 0x02, 0x22, 0x22, 0x21, 0x02, 0x22, 0x21, 0x11, 0x10, 0x02,
    0x23, 0x33, 0x33, 0x32, 0x31, 0x11, 0x11, 0x10, 0x31, 0x11, 0x11, 0x10, 0x31, 0x11, 0x11, 0x10,
    0x31, 0x11, 0x11, 0x10, 0x31, 0x11, 0x11, 0x10, 0x31, 0x11, 0x11, 0x10, 0x00, 0x00, 0x00, 0x00,
    0x31, 0x11, 0x11, 0x12, 0x31, 0x11, 0x11, 0x12, 0x30, 0x11, 0x11, 0x12, 0x33, 0x00, 0x00, 0x02,
    0x31, 0x33, 0x33, 0x32, 0x30, 0x11, 0x11, 0x12, 0x30, 0x11, 0x11, 0x12, 0x33, 0x00, 0x00, 0x02,
    0x30, 0x33, 0x33, 0x32, 0x30, 0x11, 0x11, 0x12, 0x30, 0x11, 0x11, 0x12, 0x33, 0x00, 0x00, 0x02,
    0x31, 0x33, 0x33, 0x32, 0x31, 0x11, 0x11, 0x12, 0x01, 0x11, 0x11, 0x12, 0x00, 0x00, 0x00, 0x00,
    0x22, 0x22, 0x23, 0x33, 0x33, 0x33, 0x33, 0x11, 0x11, 0x11, 0x10, 0x11, 0x11, 0x11, 0x11, 0x00,
    0x13, 0x33, 0x33, 0x11, 0x31, 0x11, 0x11, 0x01, 0x11, 0x11, 0x11, 0x01, 0x00, 0x00, 0x00, 0x01,
    0x11, 0x00, 0x01, 0x10, 0x11, 0x11, 0x11, 0x10, 0x00, 0x00, 0x00, 0x01, 0x11, 0x22, 0x22, 0x22,
    0x12, 0x11, 0x00, 0x00, 0x20, 0x11, 0x00, 0x00, 0x20, 0x01, 0x00, 0x00, 0x00, 0x01, 0x00, 0x00,
    0x33, 0x32, 0x22, 0x22, 0x11, 0x13, 0x33, 0x33, 0x11, 0x10, 0x11, 0x11, 0x00, 0x00, 0x11, 0x11,
    0x11, 0x33, 0x33, 0x31, 0x13, 0x11, 0x11, 0x10, 0x13, 0x11, 0x11, 0x11, 0x13, 0x00, 0x00, 0x00,
    0x13, 0x10, 0x00, 0x11, 0x13, 0x11, 0x11, 0x11, 0x11, 0x00, 0x00, 0x00, 0x22, 0x22, 0x22, 0x11,
    0x00, 0x00, 0x11, 0x21, 0x00, 0x00, 0x11, 0x02, 0x00, 0x00, 0x10, 0x02, 0x00, 0x00, 0x10, 0x00,
    0x22, 0x22, 0x22, 0x02, 0x22, 0x22, 0x20, 0x02, 0x00, 0x22, 0x00, 0x02, 0x00, 0x00, 0x00, 0x00,
    0x00, 0x00, 0x00, 0x00, 0x00, 0x00, 0x01, 0x00, 0x11, 0x00, 0x10, 0x00, 0x11, 0x01, 0x10, 0x00,
    0x01, 0x11, 0x10, 0x00, 0x01, 0x11, 0x00, 0x00, 0x11, 0x11, 0x00, 0x00, 0x11, 0x11, 0x00, 0x01,
    0x10, 0x11, 0x10, 0x01, 0x10, 0x10, 0x10, 0x01, 0x10, 0x10, 0x10, 0x01, 0x10, 0x11, 0x00, 0x01,
    0x22, 0x22, 0x22, 0x22, 0x22, 0x22, 0x22, 0x22, 0x22, 0x22, 0x22, 0x22, 0x22, 0x22, 0x22, 0x22,
    0x22, 0x22, 0x22, 0x22, 0x22, 0x22, 0x22, 0x22, 0x22, 0x22, 0x22, 0x22, 0x22, 0x22, 0x22, 0x22,
    0x22, 0x22, 0x22, 0x22, 0x22, 0x22, 0x22, 0x22, 0x22, 0x22, 0x22, 0x22, 0x22, 0x22, 0x22, 0x22,
    0x22, 0x22, 0x22, 0x22, 0x22, 0x22, 0x22, 0x22, 0x22, 0x22, 0x22, 0x22, 0x22, 0x22, 0x22, 0x22,
    0x22, 0x00, 0x11, 0x01, 0x22, 0x00, 0x11, 0x01, 0x22, 0x00, 0x11, 0x01, 0x22, 0x10, 0x11, 0x01,
    0x22, 0x10, 0x11, 0x01, 0x22, 0x10, 0x11, 0x01, 0x22, 0x10, 0x11, 0x01, 0x22, 0x10, 0x11, 0x01,
    0x21, 0x10, 0x10, 0x01, 0x21, 0x00, 0x10, 0x11, 0x21, 0x01, 0x10, 0x11, 0x21, 0x01, 0x10, 0x11,
    0x21, 0x01, 0x11, 0x11, 0x11, 0x01, 0x01, 0x11, 0x11, 0x11, 0x01, 0x11, 0x11, 0x22, 0x11, 0x21,
    0x21, 0x22, 0x23, 0x32, 0x21, 0x11, 0x33, 0x33, 0x21, 0x11, 0x12, 0x22, 0x20, 0x11, 0x12, 0x22,
    0x23, 0x33, 0x11, 0x12, 0x33, 0x33, 0x31, 0x11, 0x22, 0x33, 0x01, 0x11, 0x22, 0x22, 0x00, 0x11,
    0x22, 0x22, 0x20, 0x01, 0x22, 0x22, 0x22, 0x01, 0x22, 0x22, 0x22, 0x00, 0x22, 0x22, 0x22, 0x20,
    0x22, 0x22, 0x22, 0x20, 0x22, 0x22, 0x23, 0x33, 0x22, 0x22, 0x33, 0x33, 0x22, 0x22, 0x22, 0x33,
    0x22, 0x21, 0x22, 0x22, 0x22, 0x21, 0x10, 0x00, 0x22, 0x21, 0x11, 0x10, 0x22, 0x21, 0x01, 0x11,
    0x22, 0x20, 0x01, 0x11, 0x22, 0x20, 0x11, 0x11, 0x11, 0x20, 0x10, 0x11, 0x11, 0x10, 0x10, 0x11,
    0x11, 0x11, 0x10, 0x11, 0x10, 0x11, 0x01, 0x11, 0x10, 0x11, 0x10, 0x11, 0x00, 0x01, 0x10, 0x11,
    0x00, 0x00, 0x10, 0x11, 0x33, 0x00, 0x00, 0x11, 0x33, 0x00, 0x01, 0x11, 0x30, 0x00, 0x01, 0x11,
    0x20, 0x00, 0x02, 0x22, 0x00, 0x00, 0x00, 0x22, 0x00, 0x00, 0x10, 0x00, 0x10, 0x00, 0x10, 0x00,
    0x11, 0x11, 0x11, 0x00, 0x11, 0x11, 0x11, 0x10, 0x11, 0x11, 0x01, 0x11, 0x11, 0x11, 0x01, 0x11,
    0x11, 0x10, 0x00, 0x11, 0x11, 0x10, 0x20, 0x11, 0x11, 0x10, 0x20, 0x11, 0x11, 0x11, 0x01, 0x11,
    0x11, 0x11, 0x11, 0x11, 0x11, 0x10, 0x01, 0x00, 0x10, 0x00, 0x01, 0x00, 0x10, 0x00, 0x00, 0x00,
    0x20, 0x00, 0x00, 0x02, 0x00, 0x00, 0x00, 0x00, 0x00, 0x00, 0x00, 0x00, 0x00, 0x00, 0x00, 0x00,
    0x00, 0x00, 0x01, 0x11, 0x00, 0x01, 0x11, 0x11, 0x00, 0x10, 0x11, 0x11, 0x11, 0x10, 0x11, 0x10,
    0x11, 0x00, 0x01, 0x10, 0x11, 0x02, 0x01, 0x10, 0x11, 0x02, 0x01, 0x10, 0x11, 0x10, 0x11, 0x10,
    0x11, 0x11, 0x11, 0x10, 0x00, 0x11, 0x11, 0x10, 0x00, 0x00, 0x10, 0x11, 0x00, 0x00, 0x00, 0x10,
    0x10, 0x11, 0x00, 0x10, 0x10, 0x11, 0x00, 0x10, 0x10, 0x01, 0x00, 0x10, 0x10, 0x01, 0x00, 0x10,
    0x10, 0x01, 0x10, 0x00, 0x10, 0x01, 0x11, 0x00, 0x10, 0x01, 0x01, 0x01, 0x10, 0x01, 0x01, 0x01,
    0x10, 0x11, 0x01, 0x01, 0x10, 0x10, 0x01, 0x00, 0x10, 0x10, 0x11, 0x00, 0x11, 0x10, 0x10, 0x00,
    0x11, 0x11, 0x11, 0x00, 0x10, 0x11, 0x10, 0x01, 0x11, 0x00, 0x00, 0x01, 0x11, 0x11, 0x10, 0x01,
    0x22, 0x22, 0x22, 0x10, 0x22, 0x22, 0x21, 0x00, 0x22, 0x21, 0x11, 0x02, 0x22, 0x10, 0x10, 0x33,
    0x21, 0x01, 0x03, 0x32, 0x11, 0x00, 0x02, 0x22, 0x10, 0x10, 0x22, 0x22, 0x00, 0x10, 0x22, 0x22,
    0x01, 0x02, 0x22, 0x22, 0x00, 0x02, 0x22, 0x22, 0x10, 0x22, 0x22, 0x22, 0x10, 0x22, 0x22, 0x22,
    0x00, 0x22, 0x22, 0x22, 0x00, 0x02, 0x22, 0x22, 0x00, 0x02, 0x22, 0x22, 0x01, 0x00, 0x22, 0x22,
    0x22, 0x22, 0x22, 0x11, 0x22, 0x22, 0x21, 0x11, 0x22, 0x22, 0x11, 0x11, 0x22, 0x21, 0x11, 0x33,
    0x22, 0x11, 0x11, 0x33, 0x22, 0x11, 0x33, 0x33, 0x22, 0x11, 0x33, 0x33, 0x22, 0x11, 0x00, 0x33,
    0x33, 0x11, 0x11, 0x33, 0x30, 0x11, 0x11, 0x33, 0x30, 0x11, 0x11, 0x10, 0x30, 0x11, 0x11, 0x11,
    0x33, 0x33, 0x33, 0x33, 0x11, 0x11, 0x11, 0x11, 0x11, 0x11, 0x11, 0x11, 0x00, 0x00, 0x00, 0x00,
    0x12, 0x22, 0x22, 0x22, 0x13, 0x22, 0x22, 0x22, 0x11, 0x32, 0x22, 0x22, 0x01, 0x13, 0x22, 0x22,
    0x01, 0x11, 0x32, 0x22, 0x33, 0x01, 0x32, 0x22, 0x33, 0x01, 0x32, 0x22, 0x00, 0x01, 0x32, 0x22,
    0x01, 0x11, 0x33, 0x32, 0x01, 0x11, 0x30, 0x30, 0x01, 0x11, 0x30, 0x30, 0x11, 0x11, 0x30, 0x30,
    0x33, 0x33, 0x33, 0x30, 0x11, 0x11, 0x11, 0x10, 0x11, 0x11, 0x11, 0x10, 0x00, 0x00, 0x00, 0x00,
    0x22, 0x10, 0x21, 0x11, 0x22, 0x00, 0x11, 0x00, 0x22, 0x21, 0x13, 0x00, 0x22, 0x21, 0x13, 0x33,
    0x11, 0x11, 0x11, 0x01, 0x10, 0x11, 0x01, 0x00, 0x11, 0x11, 0x11, 0x01, 0x11, 0x11, 0x11, 0x01,
    0x11, 0x11, 0x11, 0x01, 0x11, 0x11, 0x11, 0x03, 0x11, 0x11, 0x11, 0x01, 0x11, 0x11, 0x11, 0x03,
    0x10, 0x11, 0x01, 0x01, 0x11, 0x11, 0x11, 0x02, 0x20, 0x00, 0x00, 0x00, 0x00, 0x00, 0x00, 0x00,
    0x12, 0x10, 0x23, 0x22, 0x11, 0x00, 0x23, 0x22, 0x31, 0x12, 0x23, 0x22, 0x31, 0x12, 0x23, 0x22,
    0x11, 0x10, 0x23, 0x22, 0x00, 0x01, 0x03, 0x22, 0x11, 0x11, 0x13, 0x02, 0x11, 0x10, 0x11, 0x02,
    0x11, 0x10, 0x11, 0x02, 0x31, 0x10, 0x11, 0x02, 0x33, 0x33, 0x03, 0x02, 0x31, 0x11, 0x03, 0x02,
    0x11, 0x00, 0x03, 0x02, 0x20, 0x11, 0x13, 0x22, 0x01, 0x11, 0x13, 0x02, 0x00, 0x00, 0x00, 0x00,
    0x22, 0x22, 0x22, 0x22, 0x22, 0x22, 0x12, 0x10, 0x22, 0x12, 0x11, 0x11, 0x22, 0x11, 0x01, 0x11,
    0x21, 0x11, 0x11, 0x11, 0x21, 0x11, 0x11, 0x01, 0x11, 0x11, 0x11, 0x11, 0x11, 0x01, 0x11, 0x11,
    0x21, 0x11, 0x11, 0x11, 0x11, 0x11, 0x01, 0x11, 0x11, 0x11, 0x11, 0x11, 0x11, 0x01, 0x11, 0x11,
    0x21, 0x11, 0x11, 0x10, 0x22, 0x21, 0x13, 0x13, 0x22, 0x22, 0x03, 0x33, 0x22, 0x20, 0x00, 0x00,
    0x22, 0x22, 0x22, 0x22, 0x00, 0x22, 0x22, 0x22, 0x10, 0x00, 0x02, 0x22, 0x11, 0x00, 0x10, 0x22,
    0x11, 0x10, 0x00, 0x22, 0x11, 0x01, 0x00, 0x02, 0x11, 0x00, 0x00, 0x22, 0x11, 0x10, 0x00, 0x02,
    0x01, 0x10, 0x01, 0x02, 0x11, 0x10, 0x00, 0x02, 0x10, 0x00, 0x00, 0x22, 0x11, 0x01, 0x00, 0x22,
    0x00, 0x00, 0x02, 0x22, 0x00, 0x12, 0x22, 0x22, 0x33, 0x00, 0x00, 0x00, 0x00, 0x00, 0x00, 0x22,
    0x22, 0x11, 0x02, 0x22, 0x21, 0x11, 0x10, 0x22, 0x21, 0x21, 0x10, 0x01, 0x12, 0x11, 0x10, 0x21,
    0x12, 0x11, 0x10, 0x21, 0x12, 0x11, 0x02, 0x11, 0x11, 0x11, 0x02, 0x11, 0x11, 0x11, 0x02, 0x11,
    0x21, 0x11, 0x02, 0x11, 0x21, 0x11, 0x02, 0x11, 0x21, 0x11, 0x02, 0x11, 0x11, 0x11, 0x01, 0x11,
    0x11, 0x11, 0x01, 0x11, 0x11, 0x11, 0x11, 0x11, 0x21, 0x11, 0x11, 0x01, 0x00, 0x00, 0x00, 0x00,
    0x22, 0x22, 0x22, 0x22, 0x22, 0x22, 0x22, 0x22, 0x11, 0x00, 0x22, 0x22, 0x11, 0x11, 0x02, 0x22,
    0x11, 0x11, 0x00, 0x22, 0x11, 0x11, 0x10, 0x22, 0x01, 0x11, 0x10, 0x02, 0x01, 0x10, 0x00, 0x02,
    0x01, 0x10, 0x10, 0x02, 0x00, 0x10, 0x10, 0x02, 0x00, 0x10, 0x10, 0x02, 0x10, 0x10, 0x00, 0x02,
    0x11, 0x10, 0x01, 0x02, 0x10, 0x00, 0x11, 0x22, 0x11, 0x00, 0x00, 0x00, 0x00, 0x00, 0x00, 0x22,
    0x22, 0x22, 0x22, 0x22, 0x22, 0x22, 0x22, 0x22, 0x22, 0x22, 0x22, 0x22, 0x22, 0x22, 0x22, 0x22,
    0x22, 0x22, 0x22, 0x00, 0x22, 0x22, 0x22, 0x10, 0x22, 0x22, 0x21, 0x10, 0x22, 0x22, 0x21, 0x10,
    0x22, 0x20, 0x01, 0x10, 0x22, 0x11, 0x01, 0x10, 0x21, 0x11, 0x11, 0x10, 0x21, 0x11, 0x01, 0x10,
    0x21, 0x11, 0x01, 0x00, 0x21, 0x11, 0x01, 0x00, 0x11, 0x11, 0x11, 0x00, 0x11, 0x11, 0x11, 0x00,
    0x22, 0x11, 0x00, 0x22, 0x21, 0x11, 0x10, 0x02, 0x11, 0x11, 0x11, 0x02, 0x21, 0x11, 0x11, 0x00,
    0x21, 0x11, 0x11, 0x00, 0x21, 0x11, 0x10, 0x00, 0x21, 0x11, 0x11, 0x00, 0x01, 0x11, 0x11, 0x02,
    0x11, 0x11, 0x11, 0x12, 0x11, 0x11, 0x11, 0x12, 0x11, 0x11, 0x11, 0x02, 0x21, 0x11, 0x11, 0x00,
    0x01, 0x11, 0x11, 0x00, 0x11, 0x11, 0x11, 0x00, 0x01, 0x11, 0x10, 0x02, 0x01, 0x00, 0x11, 0x02,
    0x22, 0x22, 0x22, 0x22, 0x22, 0x21, 0x02, 0x22, 0x22, 0x11, 0x10, 0x22, 0x21, 0x11, 0x11, 0x02,
    0x01, 0x11, 0x11, 0x02, 0x21, 0x11, 0x11, 0x10, 0x21, 0x11, 0x11, 0x10, 0x21, 0x11, 0x11, 0x00,
    0x11, 0x11, 0x11, 0x02, 0x11, 0x11, 0x10, 0x02, 0x11, 0x11, 0x10, 0x02, 0x21, 0x11, 0x11, 0x00,
    0x01, 0x11, 0x11, 0x10, 0x22, 0x00, 0x11, 0x10, 0x11, 0x11, 0x01, 0x00, 0x11, 0x10, 0x01, 0x10,
    0x22, 0x22, 0x22, 0x22, 0x22, 0x22, 0x22, 0x22, 0x22, 0x22, 0x22, 0x22, 0x22, 0x22, 0x22, 0x22,
    0x22, 0x22, 0x22, 0x22, 0x22, 0x22, 0x22, 0x22, 0x12, 0x22, 0x22, 0x22, 0x11, 0x00, 0x02, 0x22,
    0x10, 0x11, 0x10, 0x22, 0x11, 0x11, 0x10, 0x22, 0x11, 0x11, 0x11, 0x02, 0x21, 0x11, 0x11, 0x02,
    0x21, 0x11, 0x11, 0x02, 0x21, 0x11, 0x10, 0x02, 0x20, 0x01, 0x10, 0x02, 0x20, 0x00, 0x10, 0x22,
    0x11, 0x11, 0x21, 0x11, 0x11, 0x11, 0x21, 0x11, 0x11, 0x10, 0x21, 0x11, 0x11, 0x10, 0x21, 0x11,
    0x11, 0x10, 0x21, 0x11, 0x11, 0x10, 0x21, 0x11, 0x01, 0x00, 0x21, 0x11, 0x20, 0x00, 0x21, 0x11,
    0x22, 0x20, 0x01, 0x11, 0x22, 0x22, 0x01, 0x01, 0x22, 0x22, 0x20, 0x00, 0x22, 0x22, 0x22, 0x22,
    0x22, 0x22, 0x22, 0x22, 0x22, 0x22, 0x22, 0x22, 0x22, 0x22, 0x22, 0x22, 0x22, 0x22, 0x22, 0x22,
    0x00, 0x02, 0x11, 0x00, 0x11, 0x02, 0x11, 0x10, 0x11, 0x02, 0x11, 0x10, 0x11, 0x02, 0x11, 0x11,
    0x11, 0x02, 0x11, 0x11, 0x11, 0x02, 0x11, 0x11, 0x11, 0x00, 0x21, 0x11, 0x11, 0x00, 0x02, 0x11,
    0x11, 0x00, 0x02, 0x11, 0x10, 0x00, 0x02, 0x11, 0x00, 0x00, 0x02, 0x11, 0x00, 0x00, 0x02, 0x11,
    0x22, 0x22, 0x02, 0x11, 0x22, 0x22, 0x20, 0x11, 0x22, 0x22, 0x20, 0x11, 0x22, 0x22, 0x22, 0x00,
    0x11, 0x10, 0x20, 0x02, 0x11, 0x11, 0x00, 0x21, 0x11, 0x11, 0x00, 0x21, 0x21, 0x11, 0x00, 0x21,
    0x21, 0x11, 0x02, 0x11, 0x11, 0x11, 0x02, 0x11, 0x11, 0x11, 0x02, 0x11, 0x11, 0x11, 0x02, 0x11,
    0x11, 0x10, 0x02, 0x11, 0x11, 0x10, 0x02, 0x11, 0x21, 0x00, 0x02, 0x01, 0x21, 0x02, 0x22, 0x00,
    0x10, 0x21, 0x11, 0x11, 0x10, 0x21, 0x11, 0x10, 0x12, 0x11, 0x11, 0x11, 0x02, 0x12, 0x11, 0x20,
    0x11, 0x00, 0x20, 0x11, 0x11, 0x11, 0x00, 0x02, 0x11, 0x11, 0x00, 0x10, 0x11, 0x11, 0x10, 0x10,
    0x11, 0x11, 0x10, 0x10, 0x11, 0x11, 0x11, 0x10, 0x11, 0x12, 0x20, 0x02, 0x11, 0x21, 0x11, 0x02,
    0x11, 0x21, 0x11, 0x10, 0x11, 0x21, 0x11, 0x10, 0x10, 0x21, 0x11, 0x00, 0x10, 0x21, 0x11, 0x02,
    0x00, 0x21, 0x11, 0x02, 0x00, 0x21, 0x11, 0x02, 0x00, 0x01, 0x10, 0x00, 0x20, 0x02, 0x20, 0x02,
    0x21, 0x11, 0x11, 0x10, 0x21, 0x11, 0x11, 0x11, 0x21, 0x00, 0x11, 0x11, 0x22, 0x11, 0x01, 0x11,
    0x21, 0x11, 0x01, 0x11, 0x21, 0x11, 0x01, 0x11, 0x21, 0x11, 0x01, 0x11, 0x21, 0x11, 0x01, 0x11,
    0x21, 0x11, 0x01, 0x10, 0x21, 0x11, 0x01, 0x10, 0x02, 0x11, 0x01, 0x10, 0x02, 0x11, 0x01, 0x10,
    0x02, 0x11, 0x01, 0x00, 0x02, 0x10, 0x00, 0x02, 0x00, 0x22, 0x22, 0x22, 0x22, 0x22, 0x22, 0x22,
    0x00, 0x21, 0x10, 0x00, 0x00, 0x21, 0x11, 0x00, 0x00, 0x21, 0x11, 0x00, 0x00, 0x21, 0x11, 0x02,
    0x00, 0x21, 0x11, 0x02, 0x00, 0x21, 0x00, 0x22, 0x00, 0x00, 0x22, 0x22, 0x00, 0x22, 0x22, 0x22,
    0x02, 0x22, 0x22, 0x22, 0x02, 0x22, 0x22, 0x22, 0x02, 0x22, 0x22, 0x22, 0x02, 0x22, 0x22, 0x22,
    0x22, 0x22, 0x22, 0x22, 0x22, 0x22, 0x22, 0x22, 0x22, 0x22, 0x22, 0x22, 0x22, 0x22, 0x22, 0x22,
    0x22, 0x22, 0x22, 0x22, 0x22, 0x22, 0x23, 0x33, 0x02, 0x23, 0x31, 0x11, 0x02, 0x31, 0x11, 0x11,
    0x02, 0x31, 0x13, 0x33, 0x13, 0x11, 0x31, 0x00, 0x11, 0x13, 0x11, 0x00, 0x11, 0x13, 0x11, 0x11,
    0x11, 0x13, 0x11, 0x33, 0x11, 0x11, 0x03, 0x01, 0x11, 0x11, 0x31, 0x01, 0x11, 0x22, 0x22, 0x21,
    0x12, 0x11, 0x01, 0x12, 0x20, 0x11, 0x00, 0x10, 0x20, 0x01, 0x00, 0x00, 0x00, 0x01, 0x00, 0x00,
    0x22, 0x22, 0x22, 0x22, 0x33, 0x32, 0x22, 0x23, 0x11, 0x10, 0x02, 0x23, 0x11, 0x11, 0x10, 0x23,
    0x33, 0x31, 0x10, 0x23, 0x00, 0x10, 0x11, 0x01, 0x00, 0x11, 0x01, 0x11, 0x11, 0x11, 0x01, 0x11,
    0x33, 0x11, 0x01, 0x11, 0x10, 0x30, 0x11, 0x11, 0x10, 0x13, 0x11, 0x11, 0x12, 0x22, 0x22, 0x11,
    0x21, 0x10, 0x11, 0x21, 0x01, 0x00, 0x11, 0x02, 0x00, 0x00, 0x10, 0x02, 0x00, 0x00, 0x10, 0x00,
    0x33, 0x31, 0x33, 0x33, 0x33, 0x33, 0x33, 0x33, 0x33, 0x33, 0x33, 0x33, 0x33, 0x33, 0x33, 0x33,
    0x13, 0x33, 0x33, 0x33, 0x33, 0x33, 0x31, 0x33, 0x33, 0x22, 0x33, 0x33, 0x22, 0x22, 0x22, 0x22,
    0x02, 0x22, 0x22, 0x22, 0x00, 0x22, 0x22, 0x22, 0x00, 0x02, 0x22, 0x22, 0x00, 0x00, 0x22, 0x22,
    0x00, 0x00, 0x02, 0x22, 0x00, 0x00, 0x00, 0x22, 0x00, 0x00, 0x00, 0x02, 0x00, 0x00, 0x00, 0x00,
    0x22, 0x22, 0x22, 0x20, 0x22, 0x22, 0x22, 0x00, 0x22, 0x22, 0x20, 0x00, 0x22, 0x22, 0x00, 0x00,
    0x22, 0x20, 0x00, 0x00, 0x22, 0x00, 0x00, 0x00, 0x20, 0x00, 0x00, 0x00, 0x00, 0x00, 0x00, 0x00,
    0x00, 0x00, 0x00, 0x32, 0x00, 0x00, 0x03, 0x22, 0x00, 0x00, 0x32, 0x22, 0x00, 0x03, 0x22, 0x22,
    0x00, 0x32, 0x22, 0x22, 0x03, 0x22, 0x22, 0x22, 0x32, 0x22, 0x22, 0x22, 0x22, 0x22, 0x22, 0x22,
    0x23, 0x00, 0x00, 0x00, 0x22, 0x30, 0x00, 0x00, 0x22, 0x23, 0x00, 0x00, 0x22, 0x22, 0x30, 0x00,
    0x22, 0x22, 0x23, 0x00, 0x22, 0x22, 0x22, 0x30, 0x22, 0x22, 0x22, 0x23, 0x22, 0x22, 0x22, 0x22,
    0x00, 0x00, 0x00, 0x30, 0x00, 0x00, 0x03, 0x00, 0x00, 0x00, 0x30, 0x00, 0x00, 0x03, 0x00, 0x00,
    0x00, 0x30, 0x00, 0x00, 0x03, 0x00, 0x00, 0x00, 0x30, 0x00, 0x00, 0x00, 0x00, 0x00, 0x00, 0x00,
    0x03, 0x00, 0x00, 0x00, 0x00, 0x30, 0x00, 0x00, 0x00, 0x03, 0x00, 0x00, 0x00, 0x00, 0x30, 0x00,
    0x00, 0x00, 0x03, 0x00, 0x00, 0x00, 0x00, 0x30, 0x00, 0x00, 0x00, 0x03, 0x00, 0x00, 0x00, 0x00,
    0x00, 0x00, 0x00, 0x03, 0x00, 0x00, 0x00, 0x30, 0x00, 0x00, 0x03, 0x00, 0x00, 0x00, 0x30, 0x00,
    0x00, 0x03, 0x00, 0x00, 0x00, 0x30, 0x00, 0x00, 0x03, 0x00, 0x00, 0x00, 0x33, 0x33, 0x33, 0x33,
    0x30, 0x00, 0x00, 0x00, 0x03, 0x00, 0x00, 0x00, 0x00, 0x30, 0x00, 0x00, 0x00, 0x03, 0x00, 0x00,
    0x00, 0x00, 0x30, 0x00, 0x00, 0x00, 0x03, 0x00, 0x00, 0x00, 0x00, 0x30, 0x33, 0x33, 0x33, 0x33,
    0x00, 0x00, 0x00, 0x03, 0x00, 0x00, 0x00, 0x30, 0x00, 0x00, 0x03, 0x00, 0x00, 0x00, 0x30, 0x00,
    0x00, 0x03, 0x00, 0x00, 0x00, 0x30, 0x00, 0x00, 0x03, 0x00, 0x00, 0x00, 0x30, 0x00, 0x00, 0x03,
    0x30, 0x00, 0x00, 0x00, 0x03, 0x00, 0x00, 0x00, 0x00, 0x30, 0x00, 0x00, 0x00, 0x03, 0x00, 0x00,
    0x00, 0x00, 0x30, 0x00, 0x00, 0x00, 0x03, 0x00, 0x00, 0x00, 0x00, 0x30, 0x30, 0x00, 0x00, 0x03,
    0x00, 0x00, 0x00, 0x03, 0x00, 0x00, 0x00, 0x00, 0x00, 0x00, 0x00, 0x00, 0x00, 0x00, 0x00, 0x00,
    0x00, 0x00, 0x00, 0x00, 0x00, 0x00, 0x00, 0x00, 0x00, 0x00, 0x00, 0x00, 0x33, 0x33, 0x33, 0x33,
    0x30, 0x00, 0x00, 0x00, 0x00, 0x00, 0x00, 0x00, 0x00, 0x00, 0x00, 0x00, 0x00, 0x00, 0x00, 0x00,
    0x00, 0x00, 0x00, 0x00, 0x00, 0x00, 0x00, 0x00, 0x00, 0x00, 0x00, 0x00, 0x33, 0x33, 0x33, 0x33,
    0x33, 0x33, 0x33, 0x33, 0x00, 0x00, 0x00, 0x00, 0x00, 0x00, 0x00, 0x00, 0x00, 0x00, 0x00, 0x00,
    0x00, 0x00, 0x00, 0x00, 0x00, 0x00, 0x00, 0x00, 0x00, 0x00, 0x00, 0x00, 0x33, 0x33, 0x33, 0x33,
    0x55, 0x55, 0x55, 0x55, 0x50, 0x00, 0x00, 0x00, 0x56, 0x60, 0x00, 0x00, 0x56, 0x65, 0x00, 0x00,
    0x56, 0x65, 0x66, 0x60, 0x56, 0x65, 0x66, 0x65, 0x56, 0x65, 0x66, 0x65, 0x56, 0x65, 0x66, 0x65,
    0x56, 0x65, 0x66, 0x65, 0x56, 0x65, 0x66, 0x65, 0x56, 0x65, 0x66, 0x65, 0x56, 0x65, 0x66, 0x65,
    0x56, 0x65, 0x66, 0x65, 0x56, 0x65, 0x66, 0x65, 0x56, 0x65, 0x66, 0x65, 0x55, 0x55, 0x55, 0x55,
    0x55, 0x55, 0x55, 0x55, 0x00, 0x00, 0x00, 0x05, 0x00, 0x00, 0x00, 0x05, 0x00, 0x00, 0x00, 0x05,
    0x00, 0x00, 0x00, 0x05, 0x00, 0x00, 0x00, 0x05, 0x66, 0x60, 0x00, 0x05, 0x66, 0x65, 0x00, 0x05,
    0x66, 0x65, 0x66, 0x65, 0x66, 0x65, 0x66, 0x65, 0x66, 0x65, 0x66, 0x65, 0x66, 0x65, 0x66, 0x65,
    0x66, 0x65, 0x66, 0x65, 0x66, 0x65, 0x66, 0x65, 0x66, 0x65, 0x66, 0x65, 0x55, 0x55, 0x55, 0x55,
    0x60, 0x05, 0x55, 0x55, 0x60, 0x77, 0x77, 0x77, 0x60, 0x77, 0x77, 0x77, 0x60, 0x77, 0x77, 0x77,
    0x60, 0x05, 0x55, 0x55, 0x60, 0x77, 0x77, 0x77, 0x60, 0x77, 0x77, 0x77, 0x60, 0x77, 0x77, 0x77,
    0x55, 0x55, 0x55, 0x60, 0x77, 0x77, 0x77, 0x60, 0x77, 0x77, 0x77, 0x60, 0x77, 0x77, 0x77, 0x60,
    0x55, 0x55, 0x55, 0x60, 0x77, 0x77, 0x77, 0x60, 0x77, 0x77, 0x77, 0x60, 0x77, 0x77, 0x77, 0x60,
    0x55, 0x55, 0x55, 0x57, 0x50, 0x55, 0x50, 0x50, 0x55, 0x55, 0x55, 0x50, 0x55, 0x55, 0x55, 0x50,
    0x55, 0x55, 0x55, 0x50, 0x55, 0x55, 0x55, 0x50, 0x55, 0x55, 0x55, 0x50, 0x55, 0x55, 0x55, 0x50,
    0x55, 0x55, 0x55, 0x50, 0x55, 0x55, 0x55, 0x50, 0x55, 0x55, 0x55, 0x50, 0x55, 0x55, 0x55, 0x50,
    0x55, 0x55, 0x55, 0x50, 0x50, 0x55, 0x50, 0x50, 0x55, 0x55, 0x55, 0x50, 0x70, 0x00, 0x00, 0x00,
    0x77, 0x75, 0x77, 0x77, 0x77, 0x77, 0x77, 0x66, 0x77, 0x77, 0x76, 0x66, 0x75, 0x76, 0x66, 0x66,
    0x77, 0x70, 0x66, 0x66, 0x77, 0x70, 0x06, 0x66, 0x77, 0x70, 0x66, 0x66, 0x57, 0x76, 0x66, 0x66,
    0x76, 0x66, 0x66, 0x66, 0x76, 0x66, 0x66, 0x66, 0x76, 0x66, 0x66, 0x66, 0x66, 0x66, 0x66, 0x66,
    0x66, 0x66, 0x66, 0x66, 0x66, 0x66, 0x66, 0x66, 0x66, 0x66, 0x66, 0x66, 0x66, 0x66, 0x66, 0x66,
    0x66, 0x66, 0x66, 0x66, 0x66, 0x66, 0x66, 0x66, 0x66, 0x66, 0x66, 0x66, 0x66, 0x66, 0x66, 0x66,
    0x66, 0x66, 0x66, 0x66, 0x66, 0x66, 0x66, 0x66, 0x66, 0x66, 0x66, 0x66, 0x66, 0x66, 0x66, 0x66,
    0x66, 0x66, 0x66, 0x66, 0x66, 0x66, 0x66, 0x66, 0x66, 0x66, 0x66, 0x66, 0x66, 0x66, 0x66, 0x66,
    0x66, 0x66, 0x66, 0x66, 0x66, 0x66, 0x66, 0x66, 0x66, 0x66, 0x66, 0x66, 0x66, 0x66, 0x66, 0x66,
    0x77, 0x77, 0x75, 0x77, 0x67, 0x66, 0x77, 0x77, 0x66, 0x66, 0x77, 0x77, 0x66, 0x66, 0x66, 0x77,
    0x66, 0x66, 0x66, 0x75, 0x66, 0x66, 0x66, 0x77, 0x66, 0x66, 0x66, 0x77, 0x66, 0x66, 0x66, 0x67,
    0x66, 0x66, 0x66, 0x07, 0x66, 0x66, 0x60, 0x07, 0x66, 0x66, 0x66, 0x66, 0x66, 0x66, 0x66, 0x66,
    0x66, 0x66, 0x66, 0x66, 0x66, 0x66, 0x66, 0x66, 0x66, 0x66, 0x66, 0x66, 0x66, 0x66, 0x66, 0x66,
    0x66, 0x66, 0x66, 0x66, 0x66, 0x66, 0x66, 0x66, 0x66, 0x66, 0x66, 0x66, 0x66, 0x66, 0x66, 0x66,
    0x06, 0x66, 0x66, 0x66, 0x06, 0x66, 0x66, 0x66, 0x06, 0x66, 0x66, 0x66, 0x70, 0x66, 0x66, 0x66,
    0x70, 0x66, 0x66, 0x66, 0x70, 0x66, 0x66, 0x66, 0x70, 0x66, 0x66, 0x66, 0x57, 0x00, 0x66, 0x66,
    0x77, 0x70, 0x66, 0x66, 0x77, 0x70, 0x00, 0x66, 0x75, 0x70, 0x00, 0x06, 0x77, 0x77, 0x77, 0x00,
    0x66, 0x66, 0x66, 0x66, 0x66, 0x66, 0x66, 0x66, 0x66, 0x66, 0x66, 0x66, 0x66, 0x66, 0x66, 0x66,
    0x66, 0x66, 0x66, 0x66, 0x66, 0x66, 0x66, 0x66, 0x66, 0x66, 0x66, 0x66, 0x66, 0x66, 0x66, 0x66,
    0x66, 0x66, 0x66, 0x66, 0x66, 0x66, 0x66, 0x66, 0x66, 0x66, 0x66, 0x66, 0x66, 0x66, 0x66, 0x66,
    0x66, 0x66, 0x66, 0x66, 0x66, 0x66, 0x66, 0x66, 0x66, 0x66, 0x66, 0x66, 0x66, 0x66, 0x66, 0x66,
    0x66, 0x66, 0x66, 0x66, 0x66, 0x66, 0x66, 0x66, 0x66, 0x66, 0x66, 0x66, 0x66, 0x66, 0x66, 0x66,
    0x66, 0x66, 0x66, 0x66, 0x66, 0x66, 0x66, 0x66, 0x66, 0x66, 0x66, 0x60, 0x66, 0x66, 0x66, 0x07,
    0x66, 0x66, 0x66, 0x67, 0x66, 0x66, 0x66, 0x07, 0x66, 0x66, 0x60, 0x77, 0x66, 0x66, 0x60, 0x75,
    0x66, 0x66, 0x60, 0x77, 0x66, 0x00, 0x07, 0x77, 0x66, 0x60, 0x07, 0x77, 0x00, 0x07, 0x77, 0x75,
    0x66, 0x66, 0x66, 0x66, 0x66, 0x66, 0x66, 0x66, 0x66, 0x56, 0x66, 0x66, 0x66, 0x66, 0x66, 0x56,
    0x66, 0x66, 0x66, 0x66, 0x65, 0x66, 0x66, 0x66, 0x66, 0x66, 0x66, 0x66, 0x66, 0x66, 0x56, 0x66,
    0x66, 0x66, 0x66, 0x66, 0x66, 0x66, 0x66, 0x65, 0x66, 0x56, 0x66, 0x66, 0x66, 0x66, 0x66, 0x66,
    0x66, 0x66, 0x66, 0x66, 0x56, 0x66, 0x66, 0x56, 0x66, 0x66, 0x66, 0x66, 0x66, 0x65, 0x66, 0x66,
    0x66, 0x66, 0x66, 0x65, 0x66, 0x66, 0x56, 0x66, 0x66, 0x66, 0x66, 0x66, 0x66, 0x66, 0x66, 0x66,
    0x65, 0x66, 0x66, 0x66, 0x66, 0x66, 0x65, 0x66, 0x66, 0x66, 0x66, 0x66, 0x66, 0x66, 0x66, 0x66,
    0x66, 0x65, 0x66, 0x66, 0x66, 0x66, 0x66, 0x66, 0x66, 0x66, 0x66, 0x66, 0x66, 0x66, 0x66, 0x56,
    0x66, 0x65, 0x66, 0x66, 0x66, 0x66, 0x66, 0x66, 0x66, 0x66, 0x66, 0x66, 0x65, 0x66, 0x66, 0x66,
    0x77, 0x77, 0x77, 0x75, 0x77, 0x77, 0x77, 0x77, 0x57, 0x77, 0x77, 0x77, 0x77, 0x77, 0x77, 0x77,
    0x77, 0x77, 0x77, 0x77, 0x77, 0x77, 0x77, 0x77, 0x57, 0x75, 0x76, 0x77, 0x77, 0x67, 0x66, 0x66,
    0x76, 0x77, 0x77, 0x77, 0x76, 0x77, 0x70, 0x77, 0x66, 0x77, 0x60, 0x77, 0x55, 0x77, 0x67, 0x67,
    0x65, 0x67, 0x56, 0x67, 0x65, 0x66, 0x66, 0x56, 0x66, 0x67, 0x66, 0x66, 0x67, 0x67, 0x66, 0x76,
    0x77, 0x67, 0x76, 0x76, 0x77, 0x77, 0x77, 0x76, 0x77, 0x70, 0x76, 0x77, 0x77, 0x70, 0x76, 0x77,
    0x77, 0x67, 0x76, 0x77, 0x77, 0x77, 0x77, 0x77, 0x77, 0x77, 0x77, 0x77, 0x77, 0x77, 0x77, 0x77,
    0x57, 0x70, 0x77, 0x77, 0x57, 0x70, 0x75, 0x77, 0x55, 0x77, 0x75, 0x76, 0x56, 0x75, 0x76, 0x66,
    0x65, 0x76, 0x77, 0x65, 0x65, 0x66, 0x76, 0x65, 0x67, 0x66, 0x77, 0x76, 0x77, 0x67, 0x76, 0x76,
    0x70, 0x70, 0x76, 0x76, 0x70, 0x77, 0x76, 0x77, 0x70, 0x77, 0x77, 0x77, 0x77, 0x77, 0x77, 0x77,
    0x77, 0x77, 0x77, 0x77, 0x67, 0x77, 0x77, 0x76, 0x77, 0x77, 0x77, 0x77, 0x77, 0x77, 0x77, 0x77,
    0x66, 0x66, 0x66, 0x66, 0x66, 0x66, 0x66, 0x60, 0x66, 0x66, 0x60, 0x00, 0x66, 0x60, 0x00, 0x07,
    0x66, 0x66, 0x07, 0x75, 0x66, 0x60, 0x07, 0x77, 0x66, 0x00, 0x77, 0x77, 0x66, 0x07, 0x77, 0x77,
    0x66, 0x07, 0x75, 0x77, 0x60, 0x07, 0x77, 0x77, 0x60, 0x77, 0x77, 0x77, 0x67, 0x75, 0x77, 0x77,
    0x67, 0x77, 0x77, 0x77, 0x67, 0x77, 0x77, 0x57, 0x67, 0x57, 0x77, 0x77, 0x67, 0x77, 0x77, 0x77,
    0x60, 0x06, 0x60, 0x00, 0x00, 0x00, 0x00, 0x00, 0x07, 0x70, 0x00, 0x77, 0x77, 0x77, 0x77, 0x75,
    0x77, 0x77, 0x77, 0x77, 0x77, 0x77, 0x57, 0x77, 0x77, 0x77, 0x77, 0x77, 0x77, 0x77, 0x77, 0x77,
    0x77, 0x77, 0x77, 0x77, 0x77, 0x77, 0x77, 0x77, 0x77, 0x57, 0x77, 0x77, 0x77, 0x77, 0x77, 0x77,
    0x77, 0x77, 0x77, 0x77, 0x77, 0x77, 0x77, 0x77, 0x57, 0x77, 0x77, 0x77, 0x77, 0x77, 0x77, 0x77,
    0x06, 0x66, 0x66, 0x66, 0x00, 0x06, 0x66, 0x66, 0x70, 0x00, 0x00, 0x66, 0x77, 0x77, 0x06, 0x66,
    0x77, 0x77, 0x66, 0x66, 0x77, 0x57, 0x66, 0x66, 0x77, 0x77, 0x00, 0x66, 0x77, 0x77, 0x77, 0x06,
    0x57, 0x77, 0x77, 0x70, 0x77, 0x77, 0x57, 0x70, 0x77, 0x77, 0x77, 0x70, 0x77, 0x77, 0x77, 0x76,
    0x77, 0x75, 0x77, 0x76, 0x77, 0x77, 0x77, 0x66, 0x77, 0x77, 0x77, 0x66, 0x77, 0x77, 0x77, 0x66,
    0x77, 0x77, 0x77, 0x75, 0x75, 0x77, 0x77, 0x77, 0x77, 0x77, 0x77, 0x77, 0x77, 0x77, 0x77, 0x77,
    0x67, 0x75, 0x77, 0x77, 0x67, 0x77, 0x77, 0x77, 0x67, 0x77, 0x77, 0x77, 0x67, 0x77, 0x77, 0x77,
    0x67, 0x75, 0x77, 0x77, 0x66, 0x77, 0x77, 0x77, 0x66, 0x66, 0x77, 0x77, 0x66, 0x66, 0x67, 0x77,
    0x66, 0x66, 0x07, 0x77, 0x66, 0x60, 0x07, 0x77, 0x66, 0x66, 0x66, 0x77, 0x66, 0x66, 0x66, 0x66,
    0x77, 0x77, 0x77, 0x77, 0x77, 0x77, 0x57, 0x77, 0x77, 0x77, 0x77, 0x77, 0x77, 0x77, 0x77, 0x77,
    0x77, 0x77, 0x77, 0x77, 0x77, 0x75, 0x77, 0x77, 0x77, 0x77, 0x77, 0x77, 0x77, 0x77, 0x77, 0x77,
    0x77, 0x77, 0x77, 0x75, 0x77, 0x77, 0x77, 0x77, 0x57, 0x77, 0x77, 0x77, 0x77, 0x77, 0x77, 0x77,
    0x77, 0x77, 0x77, 0x77, 0x77, 0x77, 0x77, 0x77, 0x57, 0x75, 0x76, 0x77, 0x77, 0x67, 0x66, 0x66,
    0x77, 0x77, 0x57, 0x06, 0x77, 0x77, 0x77, 0x06, 0x77, 0x77, 0x77, 0x06, 0x77, 0x77, 0x77, 0x06,
    0x77, 0x77, 0x77, 0x06, 0x77, 0x75, 0x77, 0x06, 0x77, 0x77, 0x77, 0x00, 0x77, 0x77, 0x77, 0x70,
    0x77, 0x77, 0x77, 0x76, 0x75, 0x77, 0x75, 0x76, 0x77, 0x77, 0x77, 0x66, 0x77, 0x77, 0x66, 0x66,
    0x77, 0x77, 0x06, 0x66, 0x57, 0x77, 0x00, 0x66, 0x77, 0x76, 0x66, 0x66, 0x66, 0x66, 0x66, 0x66,
    0x00, 0x06, 0x66, 0x66, 0x00, 0x00, 0x00, 0x00, 0x77, 0x70, 0x00, 0x00, 0x77, 0x77, 0x77, 0x77,
    0x77, 0x57, 0x77, 0x57, 0x77, 0x77, 0x77, 0x77, 0x77, 0x77, 0x77, 0x77, 0x77, 0x77, 0x77, 0x75,
    0x66, 0x66, 0x66, 0x66, 0x77, 0x66, 0x66, 0x66, 0x50, 0x06, 0x66, 0x66, 0x55, 0x06, 0x66, 0x66,
    0x55, 0x00, 0x06, 0x66, 0x55, 0x55, 0x00, 0x66, 0x05, 0x50, 0x70, 0x66, 0x05, 0x50, 0x70, 0x66,
    0x05, 0x50, 0x70, 0x66, 0x05, 0x50, 0x70, 0x66, 0x55, 0x50, 0x70, 0x66, 0x55, 0x50, 0x70, 0x66,
    0x55, 0x55, 0x50, 0x66, 0x55, 0x77, 0x00, 0x66, 0x57, 0x55, 0x50, 0x06, 0x67, 0x55, 0x50, 0x00,
    0x66, 0x66, 0x66, 0x66, 0x66, 0x66, 0x66, 0x66, 0x66, 0x66, 0x66, 0x66, 0x66, 0x66, 0x66, 0x66,
    0x66, 0x66, 0x66, 0x66, 0x66, 0x66, 0x66, 0x66, 0x66, 0x66, 0x66, 0x66, 0x66, 0x66, 0x66, 0x66,
    0x66, 0x55, 0x55, 0x66, 0x65, 0x55, 0x55, 0x56, 0x55, 0x55, 0x55, 0x60, 0x55, 0x55, 0x55, 0x60,
    0x55, 0x55, 0x55, 0x60, 0x55, 0x55, 0x56, 0x00, 0x65, 0x66, 0x60, 0x06, 0x66, 0x00, 0x00, 0x66,
    0x66, 0x66, 0x66, 0x66, 0x66, 0x66, 0x66, 0x77, 0x66, 0x66, 0x67, 0x55, 0x66, 0x66, 0x67, 0x55,
    0x66, 0x67, 0x75, 0x55, 0x66, 0x75, 0x55, 0x55, 0x66, 0x70, 0x75, 0x57, 0x66, 0x70, 0x75, 0x57,
    0x66, 0x70, 0x75, 0x57, 0x66, 0x70, 0x75, 0x57, 0x66, 0x70, 0x75, 0x55, 0x66, 0x70, 0x75, 0x55,
    0x66, 0x75, 0x55, 0x55, 0x66, 0x75, 0x55, 0x55, 0x67, 0x55, 0x55, 0x55, 0x75, 0x55, 0x55, 0x56,
    0x75, 0x75, 0x05, 0x50, 0x75, 0x75, 0x05, 0x50, 0x75, 0x75, 0x00, 0x50, 0x00, 0x00, 0x07, 0x50,
    0x77, 0x77, 0x75, 0x50, 0x75, 0x55, 0x50, 0x50, 0x75, 0x55, 0x50, 0x50, 0x00, 0x00, 0x07, 0x50,
    0x77, 0x77, 0x75, 0x50, 0x75, 0x55, 0x50, 0x50, 0x75, 0x55, 0x50, 0x50, 0x00, 0x00, 0x07, 0x50,
    0x77, 0x77, 0x75, 0x50, 0x75, 0x55, 0x55, 0x50, 0x75, 0x55, 0x55, 0x50, 0x00, 0x00, 0x00, 0x00,
    0x55, 0x55, 0x55, 0x55, 0x00, 0x00, 0x00, 0x00, 0x65, 0x55, 0x55, 0x06, 0x65, 0x55, 0x55, 0x06,
    0x66, 0x55, 0x50, 0x66, 0x66, 0x65, 0x06, 0x66, 0x66, 0x65, 0x06, 0x66, 0x65, 0x55, 0x50, 0x06,
    0x67, 0x77, 0x77, 0x76, 0x75, 0x55, 0x55, 0x50, 0x75, 0x55, 0x55, 0x50, 0x75, 0x55, 0x55, 0x50,
    0x75, 0x55, 0x55, 0x50, 0x75, 0x55, 0x55, 0x50, 0x75, 0x55, 0x55, 0x50, 0x00, 0x00, 0x00, 0x00,
    0x75, 0x55, 0x55, 0x56, 0x75, 0x55, 0x55, 0x56, 0x70, 0x55, 0x55, 0x56, 0x77, 0x00, 0x00, 0x06,
    0x75, 0x77, 0x77, 0x76, 0x70, 0x55, 0x55, 0x56, 0x70, 0x55, 0x55, 0x56, 0x77, 0x00, 0x00, 0x06,
    0x70, 0x77, 0x77, 0x76, 0x70, 0x55, 0x55, 0x56, 0x70, 0x55, 0x55, 0x56, 0x77, 0x00, 0x00, 0x06,
    0x75, 0x77, 0x77, 0x76, 0x75, 0x55, 0x55, 0x56, 0x05, 0x55, 0x55, 0x56, 0x00, 0x00, 0x00, 0x00,
    0x66, 0x66, 0x67, 0x77, 0x77, 0x77, 0x77, 0x55, 0x55, 0x55, 0x50, 0x55, 0x55, 0x55, 0x55, 0x00,
    0x57, 0x77, 0x77, 0x55, 0x75, 0x55, 0x55, 0x05, 0x55, 0x55, 0x55, 0x05, 0x00, 0x00, 0x00, 0x05,
    0x55, 0x00, 0x05, 0x50, 0x55, 0x55, 0x55, 0x50, 0x00, 0x00, 0x00, 0x05, 0x55, 0x66, 0x66, 0x66,
    0x56, 0x55, 0x00, 0x00, 0x60, 0x55, 0x00, 0x00, 0x60, 0x05, 0x00, 0x00, 0x00, 0x05, 0x00, 0x00,
    0x77, 0x76, 0x66, 0x66, 0x55, 0x57, 0x77, 0x77, 0x55, 0x50, 0x55, 0x55, 0x00, 0x00, 0x55, 0x55,
    0x55, 0x77, 0x77, 0x75, 0x57, 0x55, 0x55, 0x50, 0x57, 0x55, 0x55, 0x55, 0x57, 0x00, 0x00, 0x00,
    0x57, 0x50, 0x00, 0x55, 0x57, 0x55, 0x55, 0x55, 0x55, 0x00, 0x00, 0x00, 0x66, 0x66, 0x66, 0x55,
    0x00, 0x00, 0x55, 0x65, 0x00, 0x00, 0x55, 0x06, 0x00, 0x00, 0x50, 0x06, 0x00, 0x00, 0x50, 0x00,
    0x66, 0x66, 0x66, 0x06, 0x66, 0x66, 0x60, 0x06, 0x00, 0x66, 0x00, 0x06, 0x00, 0x00, 0x00, 0x00,
    0x00, 0x00, 0x00, 0x00, 0x00, 0x00, 0x05, 0x00, 0x55, 0x00, 0x50, 0x00, 0x55, 0x05, 0x50, 0x00,
    0x05, 0x55, 0x50, 0x00, 0x05, 0x55, 0x00, 0x00, 0x55, 0x55, 0x00, 0x00, 0x55, 0x55, 0x00, 0x05,
    0x50, 0x55, 0x50, 0x05, 0x50, 0x50, 0x50, 0x05, 0x50, 0x50, 0x50, 0x05, 0x50, 0x55, 0x00, 0x05,
    0x66, 0x66, 0x66, 0x66, 0x66, 0x66, 0x66, 0x66, 0x66, 0x66, 0x66, 0x66, 0x66, 0x66, 0x66, 0x66,
    0x66, 0x66, 0x66, 0x66, 0x66, 0x66, 0x66, 0x66, 0x66, 0x66, 0x66, 0x66, 0x66, 0x66, 0x66, 0x66,
    0x66, 0x66, 0x66, 0x66, 0x66, 0x66, 0x66, 0x66, 0x66, 0x66, 0x66, 0x66, 0x66, 0x66, 0x66, 0x66,
    0x66, 0x66, 0x66, 0x66, 0x66, 0x66, 0x66, 0x66, 0x66, 0x66, 0x66, 0x66, 0x66, 0x66, 0x66, 0x66,
    0x66, 0x00, 0x55, 0x05, 0x66, 0x00, 0x55, 0x05, 0x66, 0x00, 0x55, 0x05, 0x66, 0x50, 0x55, 0x05,
    0x66, 0x50, 0x55, 0x05, 0x66, 0x50, 0x55, 0x05, 0x66, 0x50, 0x55, 0x05, 0x66, 0x50, 0x55, 0x05,
    0x65, 0x50, 0x50, 0x05, 0x65, 0x00, 0x50, 0x55, 0x65, 0x05, 0x50, 0x55, 0x65, 0x05, 0x50, 0x55,
    0x65, 0x05, 0x55, 0x55, 0x55, 0x05, 0x05, 0x55, 0x55, 0x55, 0x05, 0x55, 0x55, 0x66, 0x55, 0x65,
    0x65, 0x66, 0x67, 0x76, 0x65, 0x55, 0x77, 0x77, 0x65, 0x55, 0x56, 0x66, 0x60, 0x55, 0x56, 0x66,
    0x67, 0x77, 0x55, 0x56, 0x77, 0x77, 0x75, 0x55, 0x66, 0x77, 0x05, 0x55, 0x66, 0x66, 0x00, 0x55,
    0x66, 0x66, 0x60, 0x05, 0x66, 0x66, 0x66, 0x05, 0x66, 0x66, 0x66, 0x00, 0x66, 0x66, 0x66, 0x60,
    0x66, 0x66, 0x66, 0x60, 0x66, 0x66, 0x67, 0x77, 0x66, 0x66, 0x77, 0x77, 0x66, 0x66, 0x66, 0x77,
    0x66, 0x65, 0x66, 0x66, 0x66, 0x65, 0x50, 0x00, 0x66, 0x65, 0x55, 0x50, 0x66, 0x65, 0x05, 0x55,
    0x66, 0x60, 0x05, 0x55, 0x66, 0x60, 0x55, 0x55, 0x55, 0x60, 0x50, 0x55, 0x55, 0x50, 0x50, 0x55,
    0x55, 0x55, 0x50, 0x55, 0x50, 0x55, 0x05, 0x55, 0x50, 0x55, 0x50, 0x55, 0x00, 0x05, 0x50, 0x55,
    0x00, 0x00, 0x50, 0x55, 0x77, 0x00, 0x00, 0x55, 0x77, 0x00, 0x05, 0x55, 0x70, 0x00, 0x05, 0x55,
    0x60, 0x00, 0x06, 0x66, 0x00, 0x00, 0x00, 0x66, 0x00, 0x00, 0x50, 0x00, 0x50, 0x00, 0x50, 0x00,
    0x55, 0x55, 0x55, 0x00, 0x55, 0x55, 0x55, 0x50, 0x55, 0x55, 0x05, 0x55, 0x55, 0x55, 0x05, 0x55,
    0x55, 0x50, 0x00, 0x55, 0x55, 0x50, 0x60, 0x55, 0x55, 0x50, 0x60, 0x55, 0x55, 0x55, 0x05, 0x55,
    0x55, 0x55, 0x55, 0x55, 0x55, 0x50, 0x05, 0x00, 0x50, 0x00, 0x05, 0x00, 0x50, 0x00, 0x00, 0x00,
    0x60, 0x00, 0x00, 0x06, 0x00, 0x00, 0x00, 0x00, 0x00, 0x00, 0x00, 0x00, 0x00, 0x00, 0x00, 0x00,
    0x00, 0x00, 0x05, 0x55, 0x00, 0x05, 0x55, 0x55, 0x00, 0x50, 0x55, 0x55, 0x55, 0x50, 0x55, 0x50,
    0x55, 0x00, 0x05, 0x50, 0x55, 0x06, 0x05, 0x50, 0x55, 0x06, 0x05, 0x50, 0x55, 0x50, 0x55, 0x50,
    0x55, 0x55, 0x55, 0x50, 0x00, 0x55, 0x55, 0x50, 0x00, 0x00, 0x50, 0x55, 0x00, 0x00, 0x00, 0x50,
    0x50, 0x55, 0x00, 0x50, 0x50, 0x55, 0x00, 0x50, 0x50, 0x05, 0x00, 0x50, 0x50, 0x05, 0x00, 0x50,
    0x50, 0x05, 0x50, 0x00, 0x50, 0x05, 0x55, 0x00, 0x50, 0x05, 0x05, 0x05, 0x50, 0x05, 0x05, 0x05,
    0x50, 0x55, 0x05, 0x05, 0x50, 0x50, 0x05, 0x00, 0x50, 0x50, 0x55, 0x00, 0x55, 0x50, 0x50, 0x00,
    0x55, 0x55, 0x55, 0x00, 0x50, 0x55, 0x50, 0x05, 0x55, 0x00, 0x00, 0x05, 0x55, 0x55, 0x50, 0x05,
    0x66, 0x66, 0x66, 0x50, 0x66, 0x66, 0x65, 0x00, 0x66, 0x65, 0x55, 0x06, 0x66, 0x50, 0x50, 0x77,
    0x65, 0x05, 0x07, 0x76, 0x55, 0x00, 0x06, 0x66, 0x50, 0x50, 0x66, 0x66, 0x00, 0x50, 0x66, 0x66,
    0x05, 0x06, 0x66, 0x66, 0x00, 0x06, 0x66, 0x66, 0x50, 0x66, 0x66, 0x66, 0x50, 0x66, 0x66, 0x66,
    0x00, 0x66, 0x66, 0x66, 0x00, 0x06, 0x66, 0x66, 0x00, 0x06, 0x66, 0x66, 0x05, 0x00, 0x66, 0x66,
    0x66, 0x66, 0x66, 0x55, 0x66, 0x66, 0x65, 0x55, 0x66, 0x66, 0x55, 0x55, 0x66, 0x65, 0x55, 0x77,
    0x66, 0x55, 0x55, 0x77, 0x66, 0x55, 0x77, 0x77, 0x66, 0x55, 0x77, 0x77, 0x66, 0x55, 0x00, 0x77,
    0x77, 0x55, 0x55, 0x77, 0x70, 0x55, 0x55, 0x77, 0x70, 0x55, 0x55, 0x50, 0x70, 0x55, 0x55, 0x55,
    0x77, 0x77, 0x77, 0x77, 0x55, 0x55, 0x55, 0x55, 0x55, 0x55, 0x55, 0x55, 0x00, 0x00, 0x00, 0x00,
    0x56, 0x66, 0x66, 0x66, 0x57, 0x66, 0x66, 0x66, 0x55, 0x76, 0x66, 0x66, 0x05, 0x57, 0x66, 0x66,
    0x05, 0x55, 0x76, 0x66, 0x77, 0x05, 0x76, 0x66, 0x77, 0x05, 0x76, 0x66, 0x00, 0x05, 0x76, 0x66,
    0x05, 0x55, 0x77, 0x76, 0x05, 0x55, 0x70, 0x70, 0x05, 0x55, 0x70, 0x70, 0x55, 0x55, 0x70, 0x70,
    0x77, 0x77, 0x77, 0x70, 0x55, 0x55, 0x55, 0x50, 0x55, 0x55, 0x55, 0x50, 0x00, 0x00, 0x00, 0x00,
    0x66, 0x50, 0x65, 0x55, 0x66, 0x00, 0x55, 0x00, 0x66, 0x65, 0x57, 0x00, 0x66, 0x65, 0x57, 0x77,
    0x55, 0x55, 0x55, 0x05, 0x50, 0x55, 0x05, 0x00, 0x55, 0x55, 0x55, 0x05, 0x55, 0x55, 0x55, 0x05,
    0x55, 0x55, 0x55, 0x05, 0x55, 0x55, 0x55, 0x07, 0x55, 0x55, 0x55, 0x05, 0x55, 0x55, 0x55, 0x07,
    0x50, 0x55, 0x05, 0x05, 0x55, 0x55, 0x55, 0x06, 0x60, 0x00, 0x00, 0x00, 0x00, 0x00, 0x00, 0x00,
    0x56, 0x50, 0x67, 0x66, 0x55, 0x00, 0x67, 0x66, 0x75, 0x56, 0x67, 0x66, 0x75, 0x56, 0x67, 0x66,
    0x55, 0x50, 0x67, 0x66, 0x00, 0x05, 0x07, 0x66, 0x55, 0x55, 0x57, 0x06, 0x55, 0x50, 0x55, 0x06,
    0x55, 0x50, 0x55, 0x06, 0x75, 0x50, 0x55, 0x06, 0x77, 0x77, 0x07, 0x06, 0x75, 0x55, 0x07, 0x06,
    0x55, 0x00, 0x07, 0x06, 0x60, 0x55, 0x57, 0x66, 0x05, 0x55, 0x57, 0x06, 0x00, 0x00, 0x00, 0x00,
    0x66, 0x66, 0x66, 0x66, 0x66, 0x66, 0x56, 0x50, 0x66, 0x56, 0x55, 0x55, 0x66, 0x55, 0x05, 0x55,
    0x65, 0x55, 0x55, 0x55, 0x65, 0x55, 0x55, 0x05, 0x55, 0x55, 0x55, 0x55, 0x55, 0x05, 0x55, 0x55,
    0x65, 0x55, 0x55, 0x55, 0x55, 0x55, 0x05, 0x55, 0x55, 0x55, 0x55, 0x55, 0x55, 0x05, 0x55, 0x55,
    0x65, 0x55, 0x55, 0x50, 0x66, 0x65, 0x57, 0x57, 0x66, 0x66, 0x07, 0x77, 0x66, 0x60, 0x00, 0x00,
    0x66, 0x66, 0x66, 0x66, 0x00, 0x66, 0x66, 0x66, 0x50, 0x00, 0x06, 0x66, 0x55, 0x00, 0x50, 0x66,
    0x55, 0x50, 0x00, 0x66, 0x55, 0x05, 0x00, 0x06, 0x55, 0x00, 0x00, 0x66, 0x55, 0x50, 0x00, 0x06,
    0x05, 0x50, 0x05, 0x06, 0x55, 0x50, 0x00, 0x06, 0x50, 0x00, 0x00, 0x66, 0x55, 0x05, 0x00, 0x66,
    0x00, 0x00, 0x06, 0x66, 0x00, 0x56, 0x66, 0x66, 0x77, 0x00, 0x00, 0x00, 0x00, 0x00, 0x00, 0x66,
    0x66, 0x55, 0x06, 0x66, 0x65, 0x55, 0x50, 0x66, 0x65, 0x65, 0x50, 0x05, 0x56, 0x55, 0x50, 0x65,
    0x56, 0x55, 0x50, 0x65, 0x56, 0x55, 0x06, 0x55, 0x55, 0x55, 0x06, 0x55, 0x55, 0x55, 0x06, 0x55,
    0x65, 0x55, 0x06, 0x55, 0x65, 0x55, 0x06, 0x55, 0x65, 0x55, 0x06, 0x55, 0x55, 0x55, 0x05, 0x55,
    0x55, 0x55, 0x05, 0x55, 0x55, 0x55, 0x55, 0x55, 0x65, 0x55, 0x55, 0x05, 0x00, 0x00, 0x00, 0x00,
    0x66, 0x66, 0x66, 0x66, 0x66, 0x66, 0x66, 0x66, 0x55, 0x00, 0x66, 0x66, 0x55, 0x55, 0x06, 0x66,
    0x55, 0x55, 0x00, 0x66, 0x55, 0x55, 0x50, 0x66, 0x05, 0x55, 0x50, 0x06, 0x05, 0x50, 0x00, 0x06,
    0x05, 0x50, 0x50, 0x06, 0x00, 0x50, 0x50, 0x06, 0x00, 0x50, 0x50, 0x06, 0x50, 0x50, 0x00, 0x06,
    0x55, 0x50, 0x05, 0x06, 0x50, 0x00, 0x55, 0x66, 0x55, 0x00, 0x00, 0x00, 0x00, 0x00, 0x00, 0x66,
    0x66, 0x66, 0x66, 0x66, 0x66, 0x66, 0x66, 0x66, 0x66, 0x66, 0x66, 0x66, 0x66, 0x66, 0x66, 0x66,
    0x66, 0x66, 0x66, 0x00, 0x66, 0x66, 0x66, 0x50, 0x66, 0x66, 0x65, 0x50, 0x66, 0x66, 0x65, 0x50,
    0x66, 0x60, 0x05, 0x50, 0x66, 0x55, 0x05, 0x50, 0x65, 0x55, 0x55, 0x50, 0x65, 0x55, 0x05, 0x50,
    0x65, 0x55, 0x05, 0x00, 0x65, 0x55, 0x05, 0x00, 0x55, 0x55, 0x55, 0x00, 0x55, 0x55, 0x55, 0x00,
    0x66, 0x55, 0x00, 0x66, 0x65, 0x55, 0x50, 0x06, 0x55, 0x55, 0x55, 0x06, 0x65, 0x55, 0x55, 0x00,
    0x65, 0x55, 0x55, 0x00, 0x65, 0x55, 0x50, 0x00, 0x65, 0x55, 0x55, 0x00, 0x05, 0x55, 0x55, 0x06,
    0x55, 0x55, 0x55, 0x56, 0x55, 0x55, 0x55, 0x56, 0x55, 0x55, 0x55, 0x06, 0x65, 0x55, 0x55, 0x00,
    0x05, 0x55, 0x55, 0x00, 0x55, 0x55, 0x55, 0x00, 0x05, 0x55, 0x50, 0x06, 0x05, 0x00, 0x55, 0x06,
    0x66, 0x66, 0x66, 0x66, 0x66, 0x65, 0x06, 0x66, 0x66, 0x55, 0x50, 0x66, 0x65, 0x55, 0x55, 0x06,
    0x05, 0x55, 0x55, 0x06, 0x65, 0x55, 0x55, 0x50, 0x65, 0x55, 0x55, 0x50, 0x65, 0x55, 0x55, 0x00,
    0x55, 0x55, 0x55, 0x06, 0x55, 0x55, 0x50, 0x06, 0x55, 0x55, 0x50, 0x06, 0x65, 0x55, 0x55, 0x00,
    0x05, 0x55, 0x55, 0x50, 0x66, 0x00, 0x55, 0x50, 0x55, 0x55, 0x05, 0x00, 0x55, 0x50, 0x05, 0x50,
    0x66, 0x66, 0x66, 0x66, 0x66, 0x66, 0x66, 0x66, 0x66, 0x66, 0x66, 0x66, 0x66, 0x66, 0x66, 0x66,
    0x66, 0x66, 0x66, 0x66, 0x66, 0x66, 0x66, 0x66, 0x56, 0x66, 0x66, 0x66, 0x55, 0x00, 0x06, 0x66,
    0x50, 0x55, 0x50, 0x66, 0x55, 0x55, 0x50, 0x66, 0x55, 0x55, 0x55, 0x06, 0x65, 0x55, 0x55, 0x06,
    0x65, 0x55, 0x55, 0x06, 0x65, 0x55, 0x50, 0x06, 0x60, 0x05, 0x50, 0x06, 0x60, 0x00, 0x50, 0x66,
    0x55, 0x55, 0x65, 0x55, 0x55, 0x55, 0x65, 0x55, 0x55, 0x50, 0x65, 0x55, 0x55, 0x50, 0x65, 0x55,
    0x55, 0x50, 0x65, 0x55, 0x55, 0x50, 0x65, 0x55, 0x05, 0x00, 0x65, 0x55, 0x60, 0x00, 0x65, 0x55,
    0x66, 0x60, 0x05, 0x55, 0x66, 0x66, 0x05, 0x05, 0x66, 0x66, 0x60, 0x00, 0x66, 0x66, 0x66, 0x66,
    0x66, 0x66, 0x66, 0x66, 0x66, 0x66, 0x66, 0x66, 0x66, 0x66, 0x66, 0x66, 0x66, 0x66, 0x66, 0x66,
    0x00, 0x06, 0x55, 0x00, 0x55, 0x06, 0x55, 0x50, 0x55, 0x06, 0x55, 0x50, 0x55, 0x06, 0x55, 0x55,
    0x55, 0x06, 0x55, 0x55, 0x55, 0x06, 0x55, 0x55, 0x55, 0x00, 0x65, 0x55, 0x55, 0x00, 0x06, 0x55,
    0x55, 0x00, 0x06, 0x55, 0x50, 0x00, 0x06, 0x55, 0x00, 0x00, 0x06, 0x55, 0x00, 0x00, 0x06, 0x55,
    0x66, 0x66, 0x06, 0x55, 0x66, 0x66, 0x60, 0x55, 0x66, 0x66, 0x60, 0x55, 0x66, 0x66, 0x66, 0x00,
    0x55, 0x50, 0x60, 0x06, 0x55, 0x55, 0x00, 0x65, 0x55, 0x55, 0x00, 0x65, 0x65, 0x55, 0x00, 0x65,
    0x65, 0x55, 0x06, 0x55, 0x55, 0x55, 0x06, 0x55, 0x55, 0x55, 0x06, 0x55, 0x55, 0x55, 0x06, 0x55,
    0x55, 0x50, 0x06, 0x55, 0x55, 0x50, 0x06, 0x55, 0x65, 0x00, 0x06, 0x05, 0x65, 0x06, 0x66, 0x00,
    0x50, 0x65, 0x55, 0x55, 0x50, 0x65, 0x55, 0x50, 0x56, 0x55, 0x55, 0x55, 0x06, 0x56, 0x55, 0x60,
    0x55, 0x00, 0x60, 0x55, 0x55, 0x55, 0x00, 0x06, 0x55, 0x55, 0x00, 0x50, 0x55, 0x55, 0x50, 0x50,
    0x55, 0x55, 0x50, 0x50, 0x55, 0x55, 0x55, 0x50, 0x55, 0x56, 0x60, 0x06, 0x55, 0x65, 0x55, 0x06,
    0x55, 0x65, 0x55, 0x50, 0x55, 0x65, 0x55, 0x50, 0x50, 0x65, 0x55, 0x00, 0x50, 0x65, 0x55, 0x06,
    0x00, 0x65, 0x55, 0x06, 0x00, 0x65, 0x55, 0x06, 0x00, 0x05, 0x50, 0x00, 0x60, 0x06, 0x60, 0x06,
    0x65, 0x55, 0x55, 0x50, 0x65, 0x55, 0x55, 0x55, 0x65, 0x00, 0x55, 0x55, 0x66, 0x55, 0x05, 0x55,
    0x65, 0x55, 0x05, 0x55, 0x65, 0x55, 0x05, 0x55, 0x65, 0x55, 0x05, 0x55, 0x65, 0x55, 0x05, 0x55,
    0x65, 0x55, 0x05, 0x50, 0x65, 0x55, 0x05, 0x50, 0x06, 0x55, 0x05, 0x50, 0x06, 0x55, 0x05, 0x50,
    0x06, 0x55, 0x05, 0x00, 0x06, 0x50, 0x00, 0x06, 0x00, 0x66, 0x66, 0x66, 0x66, 0x66, 0x66, 0x66,
    0x00, 0x65, 0x50, 0x00, 0x00, 0x65, 0x55, 0x00, 0x00, 0x65, 0x55, 0x00, 0x00, 0x65, 0x55, 0x06,
    0x00, 0x65, 0x55, 0x06, 0x00, 0x65, 0x00, 0x66, 0x00, 0x00, 0x66, 0x66, 0x00, 0x66, 0x66, 0x66,
    0x06, 0x66, 0x66, 0x66, 0x06, 0x66, 0x66, 0x66, 0x06, 0x66, 0x66, 0x66, 0x06, 0x66, 0x66, 0x66,
    0x66, 0x66, 0x66, 0x66, 0x66, 0x66, 0x66, 0x66, 0x66, 0x66, 0x66, 0x66, 0x66, 0x66, 0x66, 0x66,
    0x66, 0x66, 0x66, 0x66, 0x66, 0x66, 0x67, 0x77, 0x06, 0x67, 0x75, 0x55, 0x06, 0x75, 0x55, 0x55,
    0x06, 0x75, 0x57, 0x77, 0x57, 0x55, 0x75, 0x00, 0x55, 0x57, 0x55, 0x00, 0x55, 0x57, 0x55, 0x55,
    0x55, 0x57, 0x55, 0x77, 0x55, 0x55, 0x07, 0x05, 0x55, 0x55, 0x75, 0x05, 0x55, 0x66, 0x66, 0x65,
    0x56, 0x55, 0x05, 0x56, 0x60, 0x55, 0x00, 0x50, 0x60, 0x05, 0x00, 0x00, 0x00, 0x05, 0x00, 0x00,
    0x66, 0x66, 0x66, 0x66, 0x77, 0x76, 0x66, 0x67, 0x55, 0x50, 0x06, 0x67, 0x55, 0x55, 0x50, 0x67,
    0x77, 0x75, 0x50, 0x67, 0x00, 0x50, 0x55, 0x05, 0x00, 0x55, 0x05, 0x55, 0x55, 0x55, 0x05, 0x55,
    0x77, 0x55, 0x05, 0x55, 0x50, 0x70, 0x55, 0x55, 0x50, 0x57, 0x55, 0x55, 0x56, 0x66, 0x66, 0x55,
    0x65, 0x50, 0x55, 0x65, 0x05, 0x00, 0x55, 0x06, 0x00, 0x00, 0x50, 0x06, 0x00, 0x00, 0x50, 0x00,
    0x77, 0x75, 0x77, 0x77, 0x77, 0x77, 0x77, 0x77, 0x77, 0x77, 0x77, 0x77, 0x77, 0x77, 0x77, 0x77,
    0x57, 0x77, 0x77, 0x77, 0x77, 0x77, 0x75, 0x77, 0x77, 0x66, 0x77, 0x77, 0x66, 0x66, 0x66, 0x66,
    0x06, 0x66, 0x66, 0x66, 0x00, 0x66, 0x66, 0x66, 0x00, 0x06, 0x66, 0x66, 0x00, 0x00, 0x66, 0x66,
    0x00, 0x00, 0x06, 0x66, 0x00, 0x00, 0x00, 0x66, 0x00, 0x00, 0x00, 0x06, 0x00, 0x00, 0x00, 0x00,
    0x66, 0x66, 0x66, 0x60, 0x66, 0x66, 0x66, 0x00, 0x66, 0x66, 0x60, 0x00, 0x66, 0x66, 0x00, 0x00,
    0x66, 0x60, 0x00, 0x00, 0x66, 0x00, 0x00, 0x00, 0x60, 0x00, 0x00, 0x00, 0x00, 0x00, 0x00, 0x00,
    0x00, 0x00, 0x00, 0x76, 0x00, 0x00, 0x07, 0x66, 0x00, 0x00, 0x76, 0x66, 0x00, 0x07, 0x66, 0x66,
    0x00, 0x76, 0x66, 0x66, 0x07, 0x66, 0x66, 0x66, 0x76, 0x66, 0x66, 0x66, 0x66, 0x66, 0x66, 0x66,
    0x67, 0x00, 0x00, 0x00, 0x66, 0x70, 0x00, 0x00, 0x66, 0x67, 0x00, 0x00, 0x66, 0x66, 0x70, 0x00,
    0x66, 0x66, 0x67, 0x00, 0x66, 0x66, 0x66, 0x70, 0x66, 0x66, 0x66, 0x67, 0x66, 0x66, 0x66, 0x66,
    0x00, 0x00, 0x00, 0x70, 0x00, 0x00, 0x07, 0x00, 0x00, 0x00, 0x70, 0x00, 0x00, 0x07, 0x00, 0x00,
    0x00, 0x70, 0x00, 0x00, 0x07, 0x00, 0x00, 0x00, 0x70, 0x00, 0x00, 0x00, 0x00, 0x00, 0x00, 0x00,
    0x07, 0x00, 0x00, 0x00, 0x00, 0x70, 0x00, 0x00, 0x00, 0x07, 0x00, 0x00, 0x00, 0x00, 0x70, 0x00,
    0x00, 0x00, 0x07, 0x00, 0x00, 0x00, 0x00, 0x70, 0x00, 0x00, 0x00, 0x07, 0x00, 0x00, 0x00, 0x00,
    0x00, 0x00, 0x00, 0x07, 0x00, 0x00, 0x00, 0x70, 0x00, 0x00, 0x07, 0x00, 0x00, 0x00, 0x70, 0x00,
    0x00, 0x07, 0x00, 0x00, 0x00, 0x70, 0x00, 0x00, 0x07, 0x00, 0x00, 0x00, 0x77, 0x77, 0x77, 0x77,
    0x70, 0x00, 0x00, 0x00, 0x07, 0x00, 0x00, 0x00, 0x00, 0x70, 0x00, 0x00, 0x00, 0x07, 0x00, 0x00,
    0x00, 0x00, 0x70, 0x00, 0x00, 0x00, 0x07, 0x00, 0x00, 0x00, 0x00, 0x70, 0x77, 0x77, 0x77, 0x77,
    0x00, 0x00, 0x00, 0x07, 0x00, 0x00, 0x00, 0x70, 0x00, 0x00, 0x07, 0x00, 0x00, 0x00, 0x70, 0x00,
    0x00, 0x07, 0x00, 0x00, 0x00, 0x70, 0x00, 0x00, 0x07, 0x00, 0x00, 0x00, 0x70, 0x00, 0x00, 0x07,
    0x70, 0x00, 0x00, 0x00, 0x07, 0x00, 0x00, 0x00, 0x00, 0x70, 0x00, 0x00, 0x00, 0x07, 0x00, 0x00,
    0x00, 0x00, 0x70, 0x00, 0x00, 0x00, 0x07, 0x00, 0x00, 0x00, 0x00, 0x70, 0x70, 0x00, 0x00, 0x07,
    0x00, 0x00, 0x00, 0x07, 0x00, 0x00, 0x00, 0x00, 0x00, 0x00, 0x00, 0x00, 0x00, 0x00, 0x00, 0x00,
    0x00, 0x00, 0x00, 0x00, 0x00, 0x00, 0x00, 0x00, 0x00, 0x00, 0x00, 0x00, 0x77, 0x77, 0x77, 0x77,
    0x70, 0x00, 0x00, 0x00, 0x00, 0x00, 0x00, 0x00, 0x00, 0x00, 0x00, 0x00, 0x00, 0x00, 0x00, 0x00,
    0x00, 0x00, 0x00, 0x00, 0x00, 0x00, 0x00, 0x00, 0x00, 0x00, 0x00, 0x00, 0x77, 0x77, 0x77, 0x77,
    0x77, 0x77, 0x77, 0x77, 0x00, 0x00, 0x00, 0x00, 0x00, 0x00, 0x00, 0x00, 0x00, 0x00, 0x00, 0x00,
    0x00, 0x00, 0x00, 0x00, 0x00, 0x00, 0x00, 0x00, 0x00, 0x00, 0x00, 0x00, 0x77, 0x77, 0x77, 0x77,
    0x99, 0x99, 0x99, 0x99, 0x90, 0x00, 0x00, 0x00, 0x9A, 0xA0, 0x00, 0x00, 0x9A, 0xA9, 0x00, 0x00,
    0x9A, 0xA9, 0xAA, 0xA0, 0x9A, 0xA9, 0xAA, 0xA9, 0x9A, 0xA9, 0xAA, 0xA9, 0x9A, 0xA9, 0xAA, 0xA9,
    0x9A, 0xA9, 0xAA, 0xA9, 0x9A, 0xA9, 0xAA, 0xA9, 0x9A, 0xA9, 0xAA, 0xA9, 0x9A, 0xA9, 0xAA, 0xA9,
    0x9A, 0xA9, 0xAA, 0xA9, 0x9A, 0xA9, 0xAA, 0xA9, 0x9A, 0xA9, 0xAA, 0xA9, 0x99, 0x99, 0x99, 0x99,
    0x99, 0x99, 0x99, 0x99, 0x00, 0x00, 0x00, 0x09, 0x00, 0x00, 0x00, 0x09, 0x00, 0x00, 0x00, 0x09,
    0x00, 0x00, 0x00, 0x09, 0x00, 0x00, 0x00, 0x09, 0xAA, 0xA0, 0x00, 0x09, 0xAA, 0xA9, 0x00, 0x09,
    0xAA, 0xA9, 0xAA, 0xA9, 0xAA, 0xA9, 0xAA, 0xA9, 0xAA, 0xA9, 0xAA, 0xA9, 0xAA, 0xA9, 0xAA, 0xA9,
    0xAA, 0xA9, 0xAA, 0xA9, 0xAA, 0xA9, 0xAA, 0xA9, 0xAA, 0xA9, 0xAA, 0xA9, 0x99, 0x99, 0x99, 0x99,
    0xA0, 0x09, 0x99, 0x99, 0xA0, 0xBB, 0xBB, 0xBB, 0xA0, 0xBB, 0xBB, 0xBB, 0xA0, 0xBB, 0xBB, 0xBB,
    0xA0, 0x09, 0x99, 0x99, 0xA0, 0xBB, 0xBB, 0xBB, 0xA0, 0xBB, 0xBB, 0xBB, 0xA0, 0xBB, 0xBB, 0xBB,
    0x99, 0x99, 0x99, 0xA0, 0xBB, 0xBB, 0xBB, 0xA0, 0xBB, 0xBB, 0xBB, 0xA0, 0xBB, 0xBB, 0xBB, 0xA0,
    0x99, 0x99, 0x99, 0xA0, 0xBB, 0xBB, 0xBB, 0xA0, 0xBB, 0xBB, 0xBB, 0xA0, 0xBB, 0xBB, 0xBB, 0xA0,
    0x99, 0x99, 0x99, 0x9B, 0x90, 0x99, 0x90, 0x90, 0x99, 0x99, 0x99, 0x90, 0x99, 0x99, 0x99, 0x90,
    0x99, 0x99, 0x99, 0x90, 0x99, 0x99, 0x99, 0x90, 0x99, 0x99, 0x99, 0x90, 0x99, 0x99, 0x99, 0x90,
    0x99, 0x99, 0x99, 0x90, 0x99, 0x99, 0x99, 0x90, 0x99, 0x99, 0x99, 0x90, 0x99, 0x99, 0x99, 0x90,
    0x99, 0x99, 0x99, 0x90, 0x90, 0x99, 0x90, 0x90, 0x99, 0x99, 0x99, 0x90, 0xB0, 0x00, 0x00, 0x00,
    0xBB, 0xB9, 0xBB, 0xBB, 0xBB, 0xBB, 0xBB, 0xAA, 0xBB, 0xBB, 0xBA, 0xAA, 0xB9, 0xBA, 0xAA, 0xAA,
    0xBB, 0xB0, 0xAA, 0xAA, 0xBB, 0xB0, 0x0A, 0xAA, 0xBB, 0xB0, 0xAA, 0xAA, 0x9B, 0xBA, 0xAA, 0xAA,
    0xBA, 0xAA, 0xAA, 0xAA, 0xBA, 0xAA, 0xAA, 0xAA, 0xBA, 0xAA, 0xAA, 0xAA, 0xAA, 0xAA, 0xAA, 0xAA,
    0xAA, 0xAA, 0xAA, 0xAA, 0xAA, 0xAA, 0xAA, 0xAA, 0xAA, 0xAA, 0xAA, 0xAA, 0xAA, 0xAA, 0xAA, 0xAA,
    0xAA, 0xAA, 0xAA, 0xAA, 0xAA, 0xAA, 0xAA, 0xAA, 0xAA, 0xAA, 0xAA, 0xAA, 0xAA, 0xAA, 0xAA, 0xAA,
    0xAA, 0xAA, 0xAA, 0xAA, 0xAA, 0xAA, 0xAA, 0xAA, 0xAA, 0xAA, 0xAA, 0xAA, 0xAA, 0xAA, 0xAA, 0xAA,
    0xAA, 0xAA, 0xAA, 0xAA, 0xAA, 0xAA, 0xAA, 0xAA, 0xAA, 0xAA, 0xAA, 0xAA, 0xAA, 0xAA, 0xAA, 0xAA,
    0xAA, 0xAA, 0xAA, 0xAA, 0xAA, 0xAA, 0xAA, 0xAA, 0xAA, 0xAA, 0xAA, 0xAA, 0xAA, 0xAA, 0xAA, 0xAA,
    0xBB, 0xBB, 0xB9, 0xBB, 0xAB, 0xAA, 0xBB, 0xBB, 0xAA, 0xAA, 0xBB, 0xBB, 0xAA, 0xAA, 0xAA, 0xBB,
    0xAA, 0xAA, 0xAA, 0xB9, 0xAA, 0xAA, 0xAA, 0xBB, 0xAA, 0xAA, 0xAA, 0xBB, 0xAA, 0xAA, 0xAA, 0xAB,
    0xAA, 0xAA, 0xAA, 0x0B, 0xAA, 0xAA, 0xA0, 0x0B, 0xAA, 0xAA, 0xAA, 0xAA, 0xAA, 0xAA, 0xAA, 0xAA,
    0xAA, 0xAA, 0xAA, 0xAA, 0xAA, 0xAA, 0xAA, 0xAA, 0xAA, 0xAA, 0xAA, 0xAA, 0xAA, 0xAA, 0xAA, 0xAA,
    0xAA, 0xAA, 0xAA, 0xAA, 0xAA, 0xAA, 0xAA, 0xAA, 0xAA, 0xAA, 0xAA, 0xAA, 0xAA, 0xAA, 0xAA, 0xAA,
    0x0A, 0xAA, 0xAA, 0xAA, 0x0A, 0xAA, 0xAA, 0xAA, 0x0A, 0xAA, 0xAA, 0xAA, 0xB0, 0xAA, 0xAA, 0xAA,
    0xB0, 0xAA, 0xAA, 0xAA, 0xB0, 0xAA, 0xAA, 0xAA, 0xB0, 0xAA, 0xAA, 0xAA, 0x9B, 0x00, 0xAA, 0xAA,
    0xBB, 0xB0, 0xAA, 0xAA, 0xBB, 0xB0, 0x00, 0xAA, 0xB9, 0xB0, 0x00, 0x0A, 0xBB, 0xBB, 0xBB, 0x00,
    0xAA, 0xAA, 0xAA, 0xAA, 0xAA, 0xAA, 0xAA, 0xAA, 0xAA, 0xAA, 0xAA, 0xAA, 0xAA, 0xAA, 0xAA, 0xAA,
    0xAA, 0xAA, 0xAA, 0xAA, 0xAA, 0xAA, 0xAA, 0xAA, 0xAA, 0xAA, 0xAA, 0xAA, 0xAA, 0xAA, 0xAA, 0xAA,
    0xAA, 0xAA, 0xAA, 0xAA, 0xAA, 0xAA, 0xAA, 0xAA, 0xAA, 0xAA, 0xAA, 0xAA, 0xAA, 0xAA, 0xAA, 0xAA,
    0xAA, 0xAA, 0xAA, 0xAA, 0xAA, 0xAA, 0xAA, 0xAA, 0xAA, 0xAA, 0xAA, 0xAA, 0xAA, 0xAA, 0xAA, 0xAA,
    0xAA, 0xAA, 0xAA, 0xAA, 0xAA, 0xAA, 0xAA, 0xAA, 0xAA, 0xAA, 0xAA, 0xAA, 0xAA, 0xAA, 0xAA, 0xAA,
    0xAA, 0xAA, 0xAA, 0xAA, 0xAA, 0xAA, 0xAA, 0xAA, 0xAA, 0xAA, 0xAA, 0xA0, 0xAA, 0xAA, 0xAA, 0x0B,
    0xAA, 0xAA, 0xAA, 0xAB, 0xAA, 0xAA, 0xAA, 0x0B, 0xAA, 0xAA, 0xA0, 0xBB, 0xAA, 0xAA, 0xA0, 0xB9,
    0xAA, 0xAA, 0xA0, 0xBB, 0xAA, 0x00, 0x0B, 0xBB, 0xAA, 0xA0, 0x0B, 0xBB, 0x00, 0x0B, 0xBB, 0xB9,
    0xAA, 0xAA, 0xAA, 0xAA, 0xAA, 0xAA, 0xAA, 0xAA, 0xAA, 0x9A, 0xAA, 0xAA, 0xAA, 0xAA, 0xAA, 0x9A,
    0xAA, 0xAA, 0xAA, 0xAA, 0xA9, 0xAA, 0xAA, 0xAA, 0xAA, 0xAA, 0xAA, 0xAA, 0xAA, 0xAA, 0x9A, 0xAA,
    0xAA, 0xAA, 0xAA, 0xAA, 0xAA, 0xAA, 0xAA, 0xA9, 0xAA, 0x9A, 0xAA, 0xAA, 0xAA, 0xAA, 0xAA, 0xAA,
    0xAA, 0xAA, 0xAA, 0xAA, 0x9A, 0xAA, 0xAA, 0x9A, 0xAA, 0xAA, 0xAA, 0xAA, 0xAA, 0xA9, 0xAA, 0xAA,
    0xAA, 0xAA, 0xAA, 0xA9, 0xAA, 0xAA, 0x9A, 0xAA, 0xAA, 0xAA, 0xAA, 0xAA, 0xAA, 0xAA, 0xAA, 0xAA,
    0xA9, 0xAA, 0xAA, 0xAA, 0xAA, 0xAA, 0xA9, 0xAA, 0xAA, 0xAA, 0xAA, 0xAA, 0xAA, 0xAA, 0xAA, 0xAA,
    0xAA, 0xA9, 0xAA, 0xAA, 0xAA, 0xAA, 0xAA, 0xAA, 0xAA, 0xAA, 0xAA, 0xAA, 0xAA, 0xAA, 0xAA, 0x9A,
    0xAA, 0xA9, 0xAA, 0xAA, 0xAA, 0xAA, 0xAA, 0xAA, 0xAA, 0xAA, 0xAA, 0xAA, 0xA9, 0xAA, 0xAA, 0xAA,
    0xBB, 0xBB, 0xBB, 0xB9, 0xBB, 0xBB, 0xBB, 0xBB, 0x9B, 0xBB, 0xBB, 0xBB, 0xBB, 0xBB, 0xBB, 0xBB,
    0xBB, 0xBB, 0xBB, 0xBB, 0xBB, 0xBB, 0xBB, 0xBB, 0x9B, 0xB9, 0xBA, 0xBB, 0xBB, 0xAB, 0xAA, 0xAA,
    0xBA, 0xBB, 0xBB, 0xBB, 0xBA, 0xBB, 0xB0, 0xBB, 0xAA, 0xBB, 0xA0, 0xBB, 0x99, 0xBB, 0xAB, 0xAB,
    0xA9, 0xAB, 0x9A, 0xAB, 0xA9, 0xAA, 0xAA, 0x9A, 0xAA, 0xAB, 0xAA, 0xAA, 0xAB, 0xAB, 0xAA, 0xBA,
    0xBB, 0xAB, 0xBA, 0xBA, 0xBB, 0xBB, 0xBB, 0xBA, 0xBB, 0xB0, 0xBA, 0xBB, 0xBB, 0xB0, 0xBA, 0xBB,
    0xBB, 0xAB, 0xBA, 0xBB, 0xBB, 0xBB, 0xBB, 0xBB, 0xBB, 0xBB, 0xBB, 0xBB, 0xBB, 0xBB, 0xBB, 0xBB,
    0x9B, 0xB0, 0xBB, 0xBB, 0x9B, 0xB0, 0xB9, 0xBB, 0x99, 0xBB, 0xB9, 0xBA, 0x9A, 0xB9, 0xBA, 0xAA,
    0xA9, 0xBA, 0xBB, 0xA9, 0xA9, 0xAA, 0xBA, 0xA9, 0xAB, 0xAA, 0xBB, 0xBA, 0xBB, 0xAB, 0xBA, 0xBA,
    0xB0, 0xB0, 0xBA, 0xBA, 0xB0, 0xBB, 0xBA, 0xBB, 0xB0, 0xBB, 0xBB, 0xBB, 0xBB, 0xBB, 0xBB, 0xBB,
    0xBB, 0xBB, 0xBB, 0xBB, 0xAB, 0xBB, 0xBB, 0xBA, 0xBB, 0xBB, 0xBB, 0xBB, 0xBB, 0xBB, 0xBB, 0xBB,
    0xAA, 0xAA, 0xAA, 0xAA, 0xAA, 0xAA, 0xAA, 0xA0, 0xAA, 0xAA, 0xA0, 0x00, 0xAA, 0xA0, 0x00, 0x0B,
    0xAA, 0xAA, 0x0B, 0xB9, 0xAA, 0xA0, 0x0B, 0xBB, 0xAA, 0x00, 0xBB, 0xBB, 0xAA, 0x0B, 0xBB, 0xBB,
    0xAA, 0x0B, 0xB9, 0xBB, 0xA0, 0x0B, 0xBB, 0xBB, 0xA0, 0xBB, 0xBB, 0xBB, 0xAB, 0xB9, 0xBB, 0xBB,
    0xAB, 0xBB, 0xBB, 0xBB, 0xAB, 0xBB, 0xBB, 0x9B, 0xAB, 0x9B, 0xBB, 0xBB, 0xAB, 0xBB, 0xBB, 0xBB,
    0xA0, 0x0A, 0xA0, 0x00, 0x00, 0x00, 0x00, 0x00, 0x0B, 0xB0, 0x00, 0xBB, 0xBB, 0xBB, 0xBB, 0xB9,
    0xBB, 0xBB, 0xBB, 0xBB, 0xBB, 0xBB, 0x9B, 0xBB, 0xBB, 0xBB, 0xBB, 0xBB, 0xBB, 0xBB, 0xBB, 0xBB,
    0xBB, 0xBB, 0xBB, 0xBB, 0xBB, 0xBB, 0xBB, 0xBB, 0xBB, 0x9B, 0xBB, 0xBB, 0xBB, 0xBB, 0xBB, 0xBB,
    0xBB, 0xBB, 0xBB, 0xBB, 0xBB, 0xBB, 0xBB, 0xBB, 0x9B, 0xBB, 0xBB, 0xBB, 0xBB, 0xBB, 0xBB, 0xBB,
    0x0A, 0xAA, 0xAA, 0xAA, 0x00, 0x0A, 0xAA, 0xAA, 0xB0, 0x00, 0x00, 0xAA, 0xBB, 0xBB, 0x0A, 0xAA,
    0xBB, 0xBB, 0xAA, 0xAA, 0xBB, 0x9B, 0xAA, 0xAA, 0xBB, 0xBB, 0x00, 0xAA, 0xBB, 0xBB, 0xBB, 0x0A,
    0x9B, 0xBB, 0xBB, 0xB0, 0xBB, 0xBB, 0x9B, 0xB0, 0xBB, 0xBB, 0xBB, 0xB0, 0xBB, 0xBB, 0xBB, 0xBA,
    0xBB, 0xB9, 0xBB, 0xBA, 0xBB, 0xBB, 0xBB, 0xAA, 0xBB, 0xBB, 0xBB, 0xAA, 0xBB, 0xBB, 0xBB, 0xAA,
    0xBB, 0xBB, 0xBB, 0xB9, 0xB9, 0xBB, 0xBB, 0xBB, 0xBB, 0xBB, 0xBB, 0xBB, 0xBB, 0xBB, 0xBB, 0xBB,
    0xAB, 0xB9, 0xBB, 0xBB, 0xAB, 0xBB, 0xBB, 0xBB, 0xAB, 0xBB, 0xBB, 0xBB, 0xAB, 0xBB, 0xBB, 0xBB,
    0xAB, 0xB9, 0xBB, 0xBB, 0xAA, 0xBB, 0xBB, 0xBB, 0xAA, 0xAA, 0xBB, 0xBB, 0xAA, 0xAA, 0xAB, 0xBB,
    0xAA, 0xAA, 0x0B, 0xBB, 0xAA, 0xA0, 0x0B, 0xBB, 0xAA, 0xAA, 0xAA, 0xBB, 0xAA, 0xAA, 0xAA, 0xAA,
    0xBB, 0xBB, 0xBB, 0xBB, 0xBB, 0xBB, 0x9B, 0xBB, 0xBB, 0xBB, 0xBB, 0xBB, 0xBB, 0xBB, 0xBB, 0xBB,
    0xBB, 0xBB, 0xBB, 0xBB, 0xBB, 0xB9, 0xBB, 0xBB, 0xBB, 0xBB, 0xBB, 0xBB, 0xBB, 0xBB, 0xBB, 0xBB,
    0xBB, 0xBB, 0xBB, 0xB9, 0xBB, 0xBB, 0xBB, 0xBB, 0x9B, 0xBB, 0xBB, 0xBB, 0xBB, 0xBB, 0xBB, 0xBB,
    0xBB, 0xBB, 0xBB, 0xBB, 0xBB, 0xBB, 0xBB, 0xBB, 0x9B, 0xB9, 0xBA, 0xBB, 0xBB, 0xAB, 0xAA, 0xAA,
    0xBB, 0xBB, 0x9B, 0x0A, 0xBB, 0xBB, 0xBB, 0x0A, 0xBB, 0xBB, 0xBB, 0x0A, 0xBB, 0xBB, 0xBB, 0x0A,
    0xBB, 0xBB, 0xBB, 0x0A, 0xBB, 0xB9, 0xBB, 0x0A, 0xBB, 0xBB, 0xBB, 0x00, 0xBB, 0xBB, 0xBB, 0xB0,
    0xBB, 0xBB, 0xBB, 0xBA, 0xB9, 0xBB, 0xB9, 0xBA, 0xBB, 0xBB, 0xBB, 0xAA, 0xBB, 0xBB, 0xAA, 0xAA,
    0xBB, 0xBB, 0x0A, 0xAA, 0x9B, 0xBB, 0x00, 0xAA, 0xBB, 0xBA, 0xAA, 0xAA, 0xAA, 0xAA, 0xAA, 0xAA,
    0x00, 0x0A, 0xAA, 0xAA, 0x00, 0x00, 0x00, 0x00, 0xBB, 0xB0, 0x00, 0x00, 0xBB, 0xBB, 0xBB, 0xBB,
    0xBB, 0x9B, 0xBB, 0x9B, 0xBB, 0xBB, 0xBB, 0xBB, 0xBB, 0xBB, 0xBB, 0xBB, 0xBB, 0xBB, 0xBB, 0xB9,
    0xAA, 0xAA, 0xAA, 0xAA, 0xBB, 0xAA, 0xAA, 0xAA, 0x90, 0x0A, 0xAA, 0xAA, 0x99, 0x0A, 0xAA, 0xAA,
    0x99, 0x00, 0x0A, 0xAA, 0x99, 0x99, 0x00, 0xAA, 0x09, 0x90, 0xB0, 0xAA, 0x09, 0x90, 0xB0, 0xAA,
    0x09, 0x90, 0xB0, 0xAA, 0x09, 0x90, 0xB0, 0xAA, 0x99, 0x90, 0xB0, 0xAA, 0x99, 0x90, 0xB0, 0xAA,
    0x99, 0x99, 0x90, 0xAA, 0x99, 0xBB, 0x00, 0xAA, 0x9B, 0x99, 0x90, 0x0A, 0xAB, 0x99, 0x90, 0x00,
    0xAA, 0xAA, 0xAA, 0xAA, 0xAA, 0xAA, 0xAA, 0xAA, 0xAA, 0xAA, 0xAA, 0xAA, 0xAA, 0xAA, 0xAA, 0xAA,
    0xAA, 0xAA, 0xAA, 0xAA, 0xAA, 0xAA, 0xAA, 0xAA, 0xAA, 0xAA, 0xAA, 0xAA, 0xAA, 0xAA, 0xAA, 0xAA,
    0xAA, 0x99, 0x99, 0xAA, 0xA9, 0x99, 0x99, 0x9A, 0x99, 0x99, 0x99, 0xA0, 0x99, 0x99, 0x99, 0xA0,
    0x99, 0x99, 0x99, 0xA0, 0x99, 0x99, 0x9A, 0x00, 0xA9, 0xAA, 0xA0, 0x0A, 0xAA, 0x00, 0x00, 0xAA,
    0xAA, 0xAA, 0xAA, 0xAA, 0xAA, 0xAA, 0xAA, 0xBB, 0xAA, 0xAA, 0xAB, 0x99, 0xAA, 0xAA, 0xAB, 0x99,
    0xAA, 0xAB, 0xB9, 0x99, 0xAA, 0xB9, 0x99, 0x99, 0xAA, 0xB0, 0xB9, 0x9B, 0xAA, 0xB0, 0xB9, 0x9B,
    0xAA, 0xB0, 0xB9, 0x9B, 0xAA, 0xB0, 0xB9, 0x9B, 0xAA, 0xB0, 0xB9, 0x99, 0xAA, 0xB0, 0xB9, 0x99,
    0xAA, 0xB9, 0x99, 0x99, 0xAA, 0xB9, 0x99, 0x99, 0xAB, 0x99, 0x99, 0x99, 0xB9, 0x99, 0x99, 0x9A,
    0xB9, 0xB9, 0x09, 0x90, 0xB9, 0xB9, 0x09, 0x90, 0xB9, 0xB9, 0x00, 0x90, 0x00, 0x00, 0x0B, 0x90,
    0xBB, 0xBB, 0xB9, 0x90, 0xB9, 0x99, 0x90, 0x90, 0xB9, 0x99, 0x90, 0x90, 0x00, 0x00, 0x0B, 0x90,
    0xBB, 0xBB, 0xB9, 0x90, 0xB9, 0x99, 0x90, 0x90, 0xB9, 0x99, 0x90, 0x90, 0x00, 0x00, 0x0B, 0x90,
    0xBB, 0xBB, 0xB9, 0x90, 0xB9, 0x99, 0x99, 0x90, 0xB9, 0x99, 0x99, 0x90, 0x00, 0x00, 0x00, 0x00,
    0x99, 0x99, 0x99, 0x99, 0x00, 0x00, 0x00, 0x00, 0xA9, 0x99, 0x99, 0x0A, 0xA9, 0x99, 0x99, 0x0A,
    0xAA, 0x99, 0x90, 0xAA, 0xAA, 0xA9, 0x0A, 0xAA, 0xAA, 0xA9, 0x0A, 0xAA, 0xA9, 0x99, 0x90, 0x0A,
    0xAB, 0xBB, 0xBB, 0xBA, 0xB9, 0x99, 0x99, 0x90, 0xB9, 0x99, 0x99, 0x90, 0xB9, 0x99, 0x99, 0x90,
    0xB9, 0x99, 0x99, 0x90, 0xB9, 0x99, 0x99, 0x90, 0xB9, 0x99, 0x99, 0x90, 0x00, 0x00, 0x00, 0x00,
    0xB9, 0x99, 0x99, 0x9A, 0xB9, 0x99, 0x99, 0x9A, 0xB0, 0x99, 0x99, 0x9A, 0xBB, 0x00, 0x00, 0x0A,
    0xB9, 0xBB, 0xBB, 0xBA, 0xB0, 0x99, 0x99, 0x9A, 0xB0, 0x99, 0x99, 0x9A, 0xBB, 0x00, 0x00, 0x0A,
    0xB0, 0xBB, 0xBB, 0xBA, 0xB0, 0x99, 0x99, 0x9A, 0xB0, 0x99, 0x99, 0x9A, 0xBB, 0x00, 0x00, 0x0A,
    0xB9, 0xBB, 0xBB, 0xBA, 0xB9, 0x99, 0x99, 0x9A, 0x09, 0x99, 0x99, 0x9A, 0x00, 0x00, 0x00, 0x00,
    0xAA, 0xAA, 0xAB, 0xBB, 0xBB, 0xBB, 0xBB, 0x99, 0x99, 0x99, 0x90, 0x99, 0x99, 0x99, 0x99, 0x00,
    0x9B, 0xBB, 0xBB, 0x99, 0xB9, 0x99, 0x99, 0x09, 0x99, 0x99, 0x99, 0x09, 0x00, 0x00, 0x00, 0x09,
    0x99, 0x00, 0x09, 0x90, 0x99, 0x99, 0x99, 0x90, 0x00, 0x00, 0x00, 0x09, 0x99, 0xAA, 0xAA, 0xAA,
    0x9A, 0x99, 0x00, 0x00, 0xA0, 0x99, 0x00, 0x00, 0xA0, 0x09, 0x00, 0x00, 0x00, 0x09, 0x00, 0x00,
    0xBB, 0xBA, 0xAA, 0xAA, 0x99, 0x9B, 0xBB, 0xBB, 0x99, 0x90, 0x99, 0x99, 0x00, 0x00, 0x99, 0x99,
    0x99, 0xBB, 0xBB, 0xB9, 0x9B, 0x99, 0x99, 0x90, 0x9B, 0x99, 0x99, 0x99, 0x9B, 0x00, 0x00, 0x00,
    0x9B, 0x90, 0x00, 0x99, 0x9B, 0x99, 0x99, 0x99, 0x99, 0x00, 0x00, 0x00, 0xAA, 0xAA, 0xAA, 0x99,
    0x00, 0x00, 0x99, 0xA9, 0x00, 0x00, 0x99, 0x0A, 0x00, 0x00, 0x90, 0x0A, 0x00, 0x00, 0x90, 0x00,
    0xAA, 0xAA, 0xAA, 0x0A, 0xAA, 0xAA, 0xA0, 0x0A, 0x00, 0xAA, 0x00, 0x0A, 0x00, 0x00, 0x00, 0x00,
    0x00, 0x00, 0x00, 0x00, 0x00, 0x00, 0x09, 0x00, 0x99, 0x00, 0x90, 0x00, 0x99, 0x09, 0x90, 0x00,
    0x09, 0x99, 0x90, 0x00, 0x09, 0x99, 0x00, 0x00, 0x99, 0x99, 0x00, 0x00, 0x99, 0x99, 0x00, 0x09,
    0x90, 0x99, 0x90, 0x09, 0x90, 0x90, 0x90, 0x09, 0x90, 0x90, 0x90, 0x09, 0x90, 0x99, 0x00, 0x09,
    0xAA, 0xAA, 0xAA, 0xAA, 0xAA, 0xAA, 0xAA, 0xAA, 0xAA, 0xAA, 0xAA, 0xAA, 0xAA, 0xAA, 0xAA, 0xAA,
    0xAA, 0xAA, 0xAA, 0xAA, 0xAA, 0xAA, 0xAA, 0xAA, 0xAA, 0xAA, 0xAA, 0xAA, 0xAA, 0xAA, 0xAA, 0xAA,
    0xAA, 0xAA, 0xAA, 0xAA, 0xAA, 0xAA, 0xAA, 0xAA, 0xAA, 0xAA, 0xAA, 0xAA, 0xAA, 0xAA, 0xAA, 0xAA,
    0xAA, 0xAA, 0xAA, 0xAA, 0xAA, 0xAA, 0xAA, 0xAA, 0xAA, 0xAA, 0xAA, 0xAA, 0xAA, 0xAA, 0xAA, 0xAA,
    0xAA, 0x00, 0x99, 0x09, 0xAA, 0x00, 0x99, 0x09, 0xAA, 0x00, 0x99, 0x09, 0xAA, 0x90, 0x99, 0x09,
    0xAA, 0x90, 0x99, 0x09, 0xAA, 0x90, 0x99, 0x09, 0xAA, 0x90, 0x99, 0x09, 0xAA, 0x90, 0x99, 0x09,
    0xA9, 0x90, 0x90, 0x09, 0xA9, 0x00, 0x90, 0x99, 0xA9, 0x09, 0x90, 0x99, 0xA9, 0x09, 0x90, 0x99,
    0xA9, 0x09, 0x99, 0x99, 0x99, 0x09, 0x09, 0x99, 0x99, 0x99, 0x09, 0x99, 0x99, 0xAA, 0x99, 0xA9,
    0xA9, 0xAA, 0xAB, 0xBA, 0xA9, 0x99, 0xBB, 0xBB, 0xA9, 0x99, 0x9A, 0xAA, 0xA0, 0x99, 0x9A, 0xAA,
    0xAB, 0xBB, 0x99, 0x9A, 0xBB, 0xBB, 0xB9, 0x99, 0xAA, 0xBB, 0x09, 0x99, 0xAA, 0xAA, 0x00, 0x99,
    0xAA, 0xAA, 0xA0, 0x09, 0xAA, 0xAA, 0xAA, 0x09, 0xAA, 0xAA, 0xAA, 0x00, 0xAA, 0xAA, 0xAA, 0xA0,
    0xAA, 0xAA, 0xAA, 0xA0, 0xAA, 0xAA, 0xAB, 0xBB, 0xAA, 0xAA, 0xBB, 0xBB, 0xAA, 0xAA, 0xAA, 0xBB,
    0xAA, 0xA9, 0xAA, 0xAA, 0xAA, 0xA9, 0x90, 0x00, 0xAA, 0xA9, 0x99, 0x90, 0xAA, 0xA9, 0x09, 0x99,
    0xAA, 0xA0, 0x09, 0x99, 0xAA, 0xA0, 0x99, 0x99, 0x99, 0xA0, 0x90, 0x99, 0x99, 0x90, 0x90, 0x99,
    0x99, 0x99, 0x90, 0x99, 0x90, 0x99, 0x09, 0x99, 0x90, 0x99, 0x90, 0x99, 0x00, 0x09, 0x90, 0x99,
    0x00, 0x00, 0x90, 0x99, 0xBB, 0x00, 0x00, 0x99, 0xBB, 0x00, 0x09, 0x99, 0xB0, 0x00, 0x09, 0x99,
    0xA0, 0x00, 0x0A, 0xAA, 0x00, 0x00, 0x00, 0xAA, 0x00, 0x00, 0x90, 0x00, 0x90, 0x00, 0x90, 0x00,
    0x99, 0x99, 0x99, 0x00, 0x99, 0x99, 0x99, 0x90, 0x99, 0x99, 0x09, 0x99, 0x99, 0x99, 0x09, 0x99,
    0x99, 0x90, 0x00, 0x99, 0x99, 0x90, 0xA0, 0x99, 0x99, 0x90, 0xA0, 0x99, 0x99, 0x99, 0x09, 0x99,
    0x99, 0x99, 0x99, 0x99, 0x99, 0x90, 0x09, 0x00, 0x90, 0x00, 0x09, 0x00, 0x90, 0x00, 0x00, 0x00,
    0xA0, 0x00, 0x00, 0x0A, 0x00, 0x00, 0x00, 0x00, 0x00, 0x00, 0x00, 0x00, 0x00, 0x00, 0x00, 0x00,
    0x00, 0x00, 0x09, 0x99, 0x00, 0x09, 0x99, 0x99, 0x00, 0x90, 0x99, 0x99, 0x99, 0x90, 0x99, 0x90,
    0x99, 0x00, 0x09, 0x90, 0x99, 0x0A, 0x09, 0x90, 0x99, 0x0A, 0x09, 0x90, 0x99, 0x90, 0x99, 0x90,
    0x99, 0x99, 0x99, 0x90, 0x00, 0x99, 0x99, 0x90, 0x00, 0x00, 0x90, 0x99, 0x00, 0x00, 0x00, 0x90,
    0x90, 0x99, 0x00, 0x90, 0x90, 0x99, 0x00, 0x90, 0x90, 0x09, 0x00, 0x90, 0x90, 0x09, 0x00, 0x90,
    0x90, 0x09, 0x90, 0x00, 0x90, 0x09, 0x99, 0x00, 0x90, 0x09, 0x09, 0x09, 0x90, 0x09, 0x09, 0x09,
    0x90, 0x99, 0x09, 0x09, 0x90, 0x90, 0x09, 0x00, 0x90, 0x90, 0x99, 0x00, 0x99, 0x90, 0x90, 0x00,
    0x99, 0x99, 0x99, 0x00, 0x90, 0x99, 0x90, 0x09, 0x99, 0x00, 0x00, 0x09, 0x99, 0x99, 0x90, 0x09,
    0xAA, 0xAA, 0xAA, 0x90, 0xAA, 0xAA, 0xA9, 0x00, 0xAA, 0xA9, 0x99, 0x0A, 0xAA, 0x90, 0x90, 0xBB,
    0xA9, 0x09, 0x0B, 0xBA, 0x99, 0x00, 0x0A, 0xAA, 0x90, 0x90, 0xAA, 0xAA, 0x00, 0x90, 0xAA, 0xAA,
    0x09, 0x0A, 0xAA, 0xAA, 0x00, 0x0A, 0xAA, 0xAA, 0x90, 0xAA, 0xAA, 0xAA, 0x90, 0xAA, 0xAA, 0xAA,
    0x00, 0xAA, 0xAA, 0xAA, 0x00, 0x0A, 0xAA, 0xAA, 0x00, 0x0A, 0xAA, 0xAA, 0x09, 0x00, 0xAA, 0xAA,
    0xAA, 0xAA, 0xAA, 0x99, 0xAA, 0xAA, 0xA9, 0x99, 0xAA, 0xAA, 0x99, 0x99, 0xAA, 0xA9, 0x99, 0xBB,
    0xAA, 0x99, 0x99, 0xBB, 0xAA, 0x99, 0xBB, 0xBB, 0xAA, 0x99, 0xBB, 0xBB, 0xAA, 0x99, 0x00, 0xBB,
    0xBB, 0x99, 0x99, 0xBB, 0xB0, 0x99, 0x99, 0xBB, 0xB0, 0x99, 0x99, 0x90, 0xB0, 0x99, 0x99, 0x99,
    0xBB, 0xBB, 0xBB, 0xBB, 0x99, 0x99, 0x99, 0x99, 0x99, 0x99, 0x99, 0x99, 0x00, 0x00, 0x00, 0x00,
    0x9A, 0xAA, 0xAA, 0xAA, 0x9B, 0xAA, 0xAA, 0xAA, 0x99, 0xBA, 0xAA, 0xAA, 0x09, 0x9B, 0xAA, 0xAA,
    0x09, 0x99, 0xBA, 0xAA, 0xBB, 0x09, 0xBA, 0xAA, 0xBB, 0x09, 0xBA, 0xAA, 0x00, 0x09, 0xBA, 0xAA,
    0x09, 0x99, 0xBB, 0xBA, 0x09, 0x99, 0xB0, 0xB0, 0x09, 0x99, 0xB0, 0xB0, 0x99, 0x99, 0xB0, 0xB0,
    0xBB, 0xBB, 0xBB, 0xB0, 0x99, 0x99, 0x99, 0x90, 0x99, 0x99, 0x99, 0x90, 0x00, 0x00, 0x00, 0x00,
    0xAA, 0x90, 0xA9, 0x99, 0xAA, 0x00, 0x99, 0x00, 0xAA, 0xA9, 0x9B, 0x00, 0xAA, 0xA9, 0x9B, 0xBB,
    0x99, 0x99, 0x99, 0x09, 0x90, 0x99, 0x09, 0x00, 0x99, 0x99, 0x99, 0x09, 0x99, 0x99, 0x99, 0x09,
    0x99, 0x99, 0x99, 0x09, 0x99, 0x99, 0x99, 0x0B, 0x99, 0x99, 0x99, 0x09, 0x99, 0x99, 0x99, 0x0B,
    0x90, 0x99, 0x09, 0x09, 0x99, 0x99, 0x99, 0x0A, 0xA0, 0x00, 0x00, 0x00, 0x00, 0x00, 0x00, 0x00,
    0x9A, 0x90, 0xAB, 0xAA, 0x99, 0x00, 0xAB, 0xAA, 0xB9, 0x9A, 0xAB, 0xAA, 0xB9, 0x9A, 0xAB, 0xAA,
    0x99, 0x90, 0xAB, 0xAA, 0x00, 0x09, 0x0B, 0xAA, 0x99, 0x99, 0x9B, 0x0A, 0x99, 0x90, 0x99, 0x0A,
    0x99, 0x90, 0x99, 0x0A, 0xB9, 0x90, 0x99, 0x0A, 0xBB, 0xBB, 0x0B, 0x0A, 0xB9, 0x99, 0x0B, 0x0A,
    0x99, 0x00, 0x0B, 0x0A, 0xA0, 0x99, 0x9B, 0xAA, 0x09, 0x99, 0x9B, 0x0A, 0x00, 0x00, 0x00, 0x00,
    0xAA, 0xAA, 0xAA, 0xAA, 0xAA, 0xAA, 0x9A, 0x90, 0xAA, 0x9A, 0x99, 0x99, 0xAA, 0x99, 0x09, 0x99,
    0xA9, 0x99, 0x99, 0x99, 0xA9, 0x99, 0x99, 0x09, 0x99, 0x99, 0x99, 0x99, 0x99, 0x09, 0x99, 0x99,
    0xA9, 0x99, 0x99, 0x99, 0x99, 0x99, 0x09, 0x99, 0x99, 0x99, 0x99, 0x99, 0x99, 0x09, 0x99, 0x99,
    0xA9, 0x99, 0x99, 0x90, 0xAA, 0xA9, 0x9B, 0x9B, 0xAA, 0xAA, 0x0B, 0xBB, 0xAA, 0xA0, 0x00, 0x00,
    0xAA, 0xAA, 0xAA, 0xAA, 0x00, 0xAA, 0xAA, 0xAA, 0x90, 0x00, 0x0A, 0xAA, 0x99, 0x00, 0x90, 0xAA,
    0x99, 0x90, 0x00, 0xAA, 0x99, 0x09, 0x00, 0x0A, 0x99, 0x00, 0x00, 0xAA, 0x99, 0x90, 0x00, 0x0A,
    0x09, 0x90, 0x09, 0x0A, 0x99, 0x90, 0x00, 0x0A, 0x90, 0x00, 0x00, 0xAA, 0x99, 0x09, 0x00, 0xAA,
    0x00, 0x00, 0x0A, 0xAA, 0x00, 0x9A, 0xAA, 0xAA, 0xBB, 0x00, 0x00, 0x00, 0x00, 0x00, 0x00, 0xAA,
    0xAA, 0x99, 0x0A, 0xAA, 0xA9, 0x99, 0x90, 0xAA, 0xA9, 0xA9, 0x90, 0x09, 0x9A, 0x99, 0x90, 0xA9,
    0x9A, 0x99, 0x90, 0xA9, 0x9A, 0x99, 0x0A, 0x99, 0x99, 0x99, 0x0A, 0x99, 0x99, 0x99, 0x0A, 0x99,
    0xA9, 0x99, 0x0A, 0x99, 0xA9, 0x99, 0x0A, 0x99, 0xA9, 0x99, 0x0A, 0x99, 0x99, 0x99, 0x09, 0x99,
    0x99, 0x99, 0x09, 0x99, 0x99, 0x99, 0x99, 0x99, 0xA9, 0x99, 0x99, 0x09, 0x00, 0x00, 0x00, 0x00,
    0xAA, 0xAA, 0xAA, 0xAA, 0xAA, 0xAA, 0xAA, 0xAA, 0x99, 0x00, 0xAA, 0xAA, 0x99, 0x99, 0x0A, 0xAA,
    0x99, 0x99, 0x00, 0xAA, 0x99, 0x99, 0x90, 0xAA, 0x09, 0x99, 0x90, 0x0A, 0x09, 0x90, 0x00, 0x0A,
    0x09, 0x90, 0x90, 0x0A, 0x00, 0x90, 0x90, 0x0A, 0x00, 0x90, 0x90, 0x0A, 0x90, 0x90, 0x00, 0x0A,
    0x99, 0x90, 0x09, 0x0A, 0x90, 0x00, 0x99, 0xAA, 0x99, 0x00, 0x00, 0x00, 0x00, 0x00, 0x00, 0xAA,
    0xAA, 0xAA, 0xAA, 0xAA, 0xAA, 0xAA, 0xAA, 0xAA, 0xAA, 0xAA, 0xAA, 0xAA, 0xAA, 0xAA, 0xAA, 0xAA,
    0xAA, 0xAA, 0xAA, 0x00, 0xAA, 0xAA, 0xAA, 0x90, 0xAA, 0xAA, 0xA9, 0x90, 0xAA, 0xAA, 0xA9, 0x90,
    0xAA, 0xA0, 0x09, 0x90, 0xAA, 0x99, 0x09, 0x90, 0xA9, 0x99, 0x99, 0x90, 0xA9, 0x99, 0x09, 0x90,
    0xA9, 0x99, 0x09, 0x00, 0xA9, 0x99, 0x09, 0x00, 0x99, 0x99, 0x99, 0x00, 0x99, 0x99, 0x99, 0x00,
    0xAA, 0x99, 0x00, 0xAA, 0xA9, 0x99, 0x90, 0x0A, 0x99, 0x99, 0x99, 0x0A, 0xA9, 0x99, 0x99, 0x00,
    0xA9, 0x99, 0x99, 0x00, 0xA9, 0x99, 0x90, 0x00, 0xA9, 0x99, 0x99, 0x00, 0x09, 0x99, 0x99, 0x0A,
    0x99, 0x99, 0x99, 0x9A, 0x99, 0x99, 0x99, 0x9A, 0x99, 0x99, 0x99, 0x0A, 0xA9, 0x99, 0x99, 0x00,
    0x09, 0x99, 0x99, 0x00, 0x99, 0x99, 0x99, 0x00, 0x09, 0x99, 0x90, 0x0A, 0x09, 0x00, 0x99, 0x0A,
    0xAA, 0xAA, 0xAA, 0xAA, 0xAA, 0xA9, 0x0A, 0xAA, 0xAA, 0x99, 0x90, 0xAA, 0xA9, 0x99, 0x99, 0x0A,
    0x09, 0x99, 0x99, 0x0A, 0xA9, 0x99, 0x99, 0x90, 0xA9, 0x99, 0x99, 0x90, 0xA9, 0x99, 0x99, 0x00,
    0x99, 0x99, 0x99, 0x0A, 0x99, 0x99, 0x90, 0x0A, 0x99, 0x99, 0x90, 0x0A, 0xA9, 0x99, 0x99, 0x00,
    0x09, 0x99, 0x99, 0x90, 0xAA, 0x00, 0x99, 0x90, 0x99, 0x99, 0x09, 0x00, 0x99, 0x90, 0x09, 0x90,
    0xAA, 0xAA, 0xAA, 0xAA, 0xAA, 0xAA, 0xAA, 0xAA, 0xAA, 0xAA, 0xAA, 0xAA, 0xAA, 0xAA, 0xAA, 0xAA,
    0xAA, 0xAA, 0xAA, 0xAA, 0xAA, 0xAA, 0xAA, 0xAA, 0x9A, 0xAA, 0xAA, 0xAA, 0x99, 0x00, 0x0A, 0xAA,
    0x90, 0x99, 0x90, 0xAA, 0x99, 0x99, 0x90, 0xAA, 0x99, 0x99, 0x99, 0x0A, 0xA9, 0x99, 0x99, 0x0A,
    0xA9, 0x99, 0x99, 0x0A, 0xA9, 0x99, 0x90, 0x0A, 0xA0, 0x09, 0x90, 0x0A, 0xA0, 0x00, 0x90, 0xAA,
    0x99, 0x99, 0xA9, 0x99, 0x99, 0x99, 0xA9, 0x99, 0x99, 0x90, 0xA9, 0x99, 0x99, 0x90, 0xA9, 0x99,
    0x99, 0x90, 0xA9, 0x99, 0x99, 0x90, 0xA9, 0x99, 0x09, 0x00, 0xA9, 0x99, 0xA0, 0x00, 0xA9, 0x99,
    0xAA, 0xA0, 0x09, 0x99, 0xAA, 0xAA, 0x09, 0x09, 0xAA, 0xAA, 0xA0, 0x00, 0xAA, 0xAA, 0xAA, 0xAA,
    0xAA, 0xAA, 0xAA, 0xAA, 0xAA, 0xAA, 0xAA, 0xAA, 0xAA, 0xAA, 0xAA, 0xAA, 0xAA, 0xAA, 0xAA, 0xAA,
    0x00, 0x0A, 0x99, 0x00, 0x99, 0x0A, 0x99, 0x90, 0x99, 0x0A, 0x99, 0x90, 0x99, 0x0A, 0x99, 0x99,
    0x99, 0x0A, 0x99, 0x99, 0x99, 0x0A, 0x99, 0x99, 0x99, 0x00, 0xA9, 0x99, 0x99, 0x00, 0x0A, 0x99,
    0x99, 0x00, 0x0A, 0x99, 0x90, 0x00, 0x0A, 0x99, 0x00, 0x00, 0x0A, 0x99, 0x00, 0x00, 0x0A, 0x99,
    0xAA, 0xAA, 0x0A, 0x99, 0xAA, 0xAA, 0xA0, 0x99, 0xAA, 0xAA, 0xA0, 0x99, 0xAA, 0xAA, 0xAA, 0x00,
    0x99, 0x90, 0xA0, 0x0A, 0x99, 0x99, 0x00, 0xA9, 0x99, 0x99, 0x00, 0xA9, 0xA9, 0x99, 0x00, 0xA9,
    0xA9, 0x99, 0x0A, 0x99, 0x99, 0x99, 0x0A, 0x99, 0x99, 0x99, 0x0A, 0x99, 0x99, 0x99, 0x0A, 0x99,
    0x99, 0x90, 0x0A, 0x99, 0x99, 0x90, 0x0A, 0x99, 0xA9, 0x00, 0x0A, 0x09, 0xA9, 0x0A, 0xAA, 0x00,
    0x90, 0xA9, 0x99, 0x99, 0x90, 0xA9, 0x99, 0x90, 0x9A, 0x99, 0x99, 0x99, 0x0A, 0x9A, 0x99, 0xA0,
    0x99, 0x00, 0xA0, 0x99, 0x99, 0x99, 0x00, 0x0A, 0x99, 0x99, 0x00, 0x90, 0x99, 0x99, 0x90, 0x90,
    0x99, 0x99, 0x90, 0x90, 0x99, 0x99, 0x99, 0x90, 0x99, 0x9A, 0xA0, 0x0A, 0x99, 0xA9, 0x99, 0x0A,
    0x99, 0xA9, 0x99, 0x90, 0x99, 0xA9, 0x99, 0x90, 0x90, 0xA9, 0x99, 0x00, 0x90, 0xA9, 0x99, 0x0A,
    0x00, 0xA9, 0x99, 0x0A, 0x00, 0xA9, 0x99, 0x0A, 0x00, 0x09, 0x90, 0x00, 0xA0, 0x0A, 0xA0, 0x0A,
    0xA9, 0x99, 0x99, 0x90, 0xA9, 0x99, 0x99, 0x99, 0xA9, 0x00, 0x99, 0x99, 0xAA, 0x99, 0x09, 0x99,
    0xA9, 0x99, 0x09, 0x99, 0xA9, 0x99, 0x09, 0x99, 0xA9, 0x99, 0x09, 0x99, 0xA9, 0x99, 0x09, 0x99,
    0xA9, 0x99, 0x09, 0x90, 0xA9, 0x99, 0x09, 0x90, 0x0A, 0x99, 0x09, 0x90, 0x0A, 0x99, 0x09, 0x90,
    0x0A, 0x99, 0x09, 0x00, 0x0A, 0x90, 0x00, 0x0A, 0x00, 0xAA, 0xAA, 0xAA, 0xAA, 0xAA, 0xAA, 0xAA,
    0x00, 0xA9, 0x90, 0x00, 0x00, 0xA9, 0x99, 0x00, 0x00, 0xA9, 0x99, 0x00, 0x00, 0xA9, 0x99, 0x0A,
    0x00, 0xA9, 0x99, 0x0A, 0x00, 0xA9, 0x00, 0xAA, 0x00, 0x00, 0xAA, 0xAA, 0x00, 0xAA, 0xAA, 0xAA,
    0x0A, 0xAA, 0xAA, 0xAA, 0x0A, 0xAA, 0xAA, 0xAA, 0x0A, 0xAA, 0xAA, 0xAA, 0x0A, 0xAA, 0xAA, 0xAA,
    0xAA, 0xAA, 0xAA, 0xAA, 0xAA, 0xAA, 0xAA, 0xAA, 0xAA, 0xAA, 0xAA, 0xAA, 0xAA, 0xAA, 0xAA, 0xAA,
    0xAA, 0xAA, 0xAA, 0xAA, 0xAA, 0xAA, 0xAB, 0xBB, 0x0A, 0xAB, 0xB9, 0x99, 0x0A, 0xB9, 0x99, 0x99,
    0x0A, 0xB9, 0x9B, 0xBB, 0x9B, 0x99, 0xB9, 0x00, 0x99, 0x9B, 0x99, 0x00, 0x99, 0x9B, 0x99, 0x99,
    0x99, 0x9B, 0x99, 0xBB, 0x99, 0x99, 0x0B, 0x09, 0x99, 0x99, 0xB9, 0x09, 0x99, 0xAA, 0xAA, 0xA9,
    0x9A, 0x99, 0x09, 0x9A, 0xA0, 0x99, 0x00, 0x90, 0xA0, 0x09, 0x00, 0x00, 0x00, 0x09, 0x00, 0x00,
    0xAA, 0xAA, 0xAA, 0xAA, 0xBB, 0xBA, 0xAA, 0xAB, 0x99, 0x90, 0x0A, 0xAB, 0x99, 0x99, 0x90, 0xAB,
    0xBB, 0xB9, 0x90, 0xAB, 0x00, 0x90, 0x99, 0x09, 0x00, 0x99, 0x09, 0x99, 0x99, 0x99, 0x09, 0x99,
    0xBB, 0x99, 0x09, 0x99, 0x90, 0xB0, 0x99, 0x99, 0x90, 0x9B, 0x99, 0x99, 0x9A, 0xAA, 0xAA, 0x99,
    0xA9, 0x90, 0x99, 0xA9, 0x09, 0x00, 0x99, 0x0A, 0x00, 0x00, 0x90, 0x0A, 0x00, 0x00, 0x90, 0x00,
    0xBB, 0xB9, 0xBB, 0xBB, 0xBB, 0xBB, 0xBB, 0xBB, 0xBB, 0xBB, 0xBB, 0xBB, 0xBB, 0xBB, 0xBB, 0xBB,
    0x9B, 0xBB, 0xBB, 0xBB, 0xBB, 0xBB, 0xB9, 0xBB, 0xBB, 0xAA, 0xBB, 0xBB, 0xAA, 0xAA, 0xAA, 0xAA,
    0x0A, 0xAA, 0xAA, 0xAA, 0x00, 0xAA, 0xAA, 0xAA, 0x00, 0x0A, 0xAA, 0xAA, 0x00, 0x00, 0xAA, 0xAA,
    0x00, 0x00, 0x0A, 0xAA, 0x00, 0x00, 0x00, 0xAA, 0x00, 0x00, 0x00, 0x0A, 0x00, 0x00, 0x00, 0x00,
    0xAA, 0xAA, 0xAA, 0xA0, 0xAA, 0xAA, 0xAA, 0x00, 0xAA, 0xAA, 0xA0, 0x00, 0xAA, 0xAA, 0x00, 0x00,
    0xAA, 0xA0, 0x00, 0x00, 0xAA, 0x00, 0x00, 0x00, 0xA0, 0x00, 0x00, 0x00, 0x00, 0x00, 0x00, 0x00,
    0x00, 0x00, 0x00, 0xBA, 0x00, 0x00, 0x0B, 0xAA, 0x00, 0x00, 0xBA, 0xAA, 0x00, 0x0B, 0xAA, 0xAA,
    0x00, 0xBA, 0xAA, 0xAA, 0x0B, 0xAA, 0xAA, 0xAA, 0xBA, 0xAA, 0xAA, 0xAA, 0xAA, 0xAA, 0xAA, 0xAA,
    0xAB, 0x00, 0x00, 0x00, 0xAA, 0xB0, 0x00, 0x00, 0xAA, 0xAB, 0x00, 0x00, 0xAA, 0xAA, 0xB0, 0x00,
    0xAA, 0xAA, 0xAB, 0x00, 0xAA, 0xAA, 0xAA, 0xB0, 0xAA, 0xAA, 0xAA, 0xAB, 0xAA, 0xAA, 0xAA, 0xAA,
    0x00, 0x00, 0x00, 0xB0, 0x00, 0x00, 0x0B, 0x00, 0x00, 0x00, 0xB0, 0x00, 0x00, 0x0B, 0x00, 0x00,
    0x00, 0xB0, 0x00, 0x00, 0x0B, 0x00, 0x00, 0x00, 0xB0, 0x00, 0x00, 0x00, 0x00, 0x00, 0x00, 0x00,
    0x0B, 0x00, 0x00, 0x00, 0x00, 0xB0, 0x00, 0x00, 0x00, 0x0B, 0x00, 0x00, 0x00, 0x00, 0xB0, 0x00,
    0x00, 0x00, 0x0B, 0x00, 0x00, 0x00, 0x00, 0xB0, 0x00, 0x00, 0x00, 0x0B, 0x00, 0x00, 0x00, 0x00,
    0x00, 0x00, 0x00, 0x0B, 0x00, 0x00, 0x00, 0xB0, 0x00, 0x00, 0x0B, 0x00, 0x00, 0x00, 0xB0, 0x00,
    0x00, 0x0B, 0x00, 0x00, 0x00, 0xB0, 0x00, 0x00, 0x0B, 0x00, 0x00, 0x00, 0xBB, 0xBB, 0xBB, 0xBB,
    0xB0, 0x00, 0x00, 0x00, 0x0B, 0x00, 0x00, 0x00, 0x00, 0xB0, 0x00, 0x00, 0x00, 0x0B, 0x00, 0x00,
    0x00, 0x00, 0xB0, 0x00, 0x00, 0x00, 0x0B, 0x00, 0x00, 0x00, 0x00, 0xB0, 0xBB, 0xBB, 0xBB, 0xBB,
    0x00, 0x00, 0x00, 0x0B, 0x00, 0x00, 0x00, 0xB0, 0x00, 0x00, 0x0B, 0x00, 0x00, 0x00, 0xB0, 0x00,
    0x00, 0x0B, 0x00, 0x00, 0x00, 0xB0, 0x00, 0x00, 0x0B, 0x00, 0x00, 0x00, 0xB0, 0x00, 0x00, 0x0B,
    0xB0, 0x00, 0x00, 0x00, 0x0B, 0x00, 0x00, 0x00, 0x00, 0xB0, 0x00, 0x00, 0x00, 0x0B, 0x00, 0x00,
    0x00, 0x00, 0xB0, 0x00, 0x00, 0x00, 0x0B, 0x00, 0x00, 0x00, 0x00, 0xB0, 0xB0, 0x00, 0x00, 0x0B,
    0x00, 0x00, 0x00, 0x0B, 0x00, 0x00, 0x00, 0x00, 0x00, 0x00, 0x00, 0x00, 0x00, 0x00, 0x00, 0x00,
    0x00, 0x00, 0x00, 0x00, 0x00, 0x00, 0x00, 0x00, 0x00, 0x00, 0x00, 0x00, 0xBB, 0xBB, 0xBB, 0xBB,
    0xB0, 0x00, 0x00, 0x00, 0x00, 0x00, 0x00, 0x00, 0x00, 0x00, 0x00, 0x00, 0x00, 0x00, 0x00, 0x00,
    0x00, 0x00, 0x00, 0x00, 0x00, 0x00, 0x00, 0x00, 0x00, 0x00, 0x00, 0x00, 0xBB, 0xBB, 0xBB, 0xBB,
    0xBB, 0xBB, 0xBB, 0xBB, 0x00, 0x00, 0x00, 0x00, 0x00, 0x00, 0x00, 0x00, 0x00, 0x00, 0x00, 0x00,
    0x00, 0x00, 0x00, 0x00, 0x00, 0x00, 0x00, 0x00, 0x00, 0x00, 0x00, 0x00, 0xBB, 0xBB, 0xBB, 0xBB,
    0xDD, 0xDD, 0xDD, 0xDD, 0xD0, 0x00, 0x00, 0x00, 0xDE, 0xE0, 0x00, 0x00, 0xDE, 0xED, 0x00, 0x00,
    0xDE, 0xED, 0xEE, 0xE0, 0xDE, 0xED, 0xEE, 0xED, 0xDE, 0xED, 0xEE, 0xED, 0xDE, 0xED, 0xEE, 0xED,
    0xDE, 0xED, 0xEE, 0xED, 0xDE, 0xED, 0xEE, 0xED, 0xDE, 0xED, 0xEE, 0xED, 0xDE, 0xED, 0xEE, 0xED,
    0xDE, 0xED, 0xEE, 0xED, 0xDE, 0xED, 0xEE, 0xED, 0xDE, 0xED, 0xEE, 0xED, 0xDD, 0xDD, 0xDD, 0xDD,
    0xDD, 0xDD, 0xDD, 0xDD, 0x00, 0x00, 0x00, 0x0D, 0x00, 0x00, 0x00, 0x0D, 0x00, 0x00, 0x00, 0x0D,
    0x00, 0x00, 0x00, 0x0D, 0x00, 0x00, 0x00, 0x0D, 0xEE, 0xE0, 0x00, 0x0D, 0xEE, 0xED, 0x00, 0x0D,
    0xEE, 0xED, 0xEE, 0xED, 0xEE, 0xED, 0xEE, 0xED, 0xEE, 0xED, 0xEE, 0xED, 0xEE, 0xED, 0xEE, 0xED,
    0xEE, 0xED, 0xEE, 0xED, 0xEE, 0xED, 0xEE, 0xED, 0xEE, 0xED, 0xEE, 0xED, 0xDD, 0xDD, 0xDD, 0xDD,
    0xE0, 0x0D, 0xDD, 0xDD, 0xE0, 0xFF, 0xFF, 0xFF, 0xE0, 0xFF, 0xFF, 0xFF, 0xE0, 0xFF, 0xFF, 0xFF,
    0xE0, 0x0D, 0xDD, 0xDD, 0xE0, 0xFF, 0xFF, 0xFF, 0xE0, 0xFF, 0xFF, 0xFF, 0xE0, 0xFF, 0xFF, 0xFF,
    0xDD, 0xDD, 0xDD, 0xE0, 0xFF, 0xFF, 0xFF, 0xE0, 0xFF, 0xFF, 0xFF, 0xE0, 0xFF, 0xFF, 0xFF, 0xE0,
    0xDD, 0xDD, 0xDD, 0xE0, 0xFF, 0xFF, 0xFF, 0xE0, 0xFF, 0xFF, 0xFF, 0xE0, 0xFF, 0xFF, 0xFF, 0xE0,
    0xDD, 0xDD, 0xDD, 0xDF, 0xD0, 0xDD, 0xD0, 0xD0, 0xDD, 0xDD, 0xDD, 0xD0, 0xDD, 0xDD, 0xDD, 0xD0,
    0xDD, 0xDD, 0xDD, 0xD0, 0xDD, 0xDD, 0xDD, 0xD0, 0xDD, 0xDD, 0xDD, 0xD0, 0xDD, 0xDD, 0xDD, 0xD0,
    0xDD, 0xDD, 0xDD, 0xD0, 0xDD, 0xDD, 0xDD, 0xD0, 0xDD, 0xDD, 0xDD, 0xD0, 0xDD, 0xDD, 0xDD, 0xD0,
    0xDD, 0xDD, 0xDD, 0xD0, 0xD0, 0xDD, 0xD0, 0xD0, 0xDD, 0xDD, 0xDD, 0xD0, 0xF0, 0x00, 0x00, 0x00,
    0xFF, 0xFD, 0xFF, 0xFF, 0xFF, 0xFF, 0xFF, 0xEE, 0xFF, 0xFF, 0xFE, 0xEE, 0xFD, 0xFE, 0xEE, 0xEE,
    0xFF, 0xF0, 0xEE, 0xEE, 0xFF, 0xF0, 0x0E, 0xEE, 0xFF, 0xF0, 0xEE, 0xEE, 0xDF, 0xFE, 0xEE, 0xEE,
    0xFE, 0xEE, 0xEE, 0xEE, 0xFE, 0xEE, 0xEE, 0xEE, 0xFE, 0xEE, 0xEE, 0xEE, 0xEE, 0xEE, 0xEE, 0xEE,
    0xEE, 0xEE, 0xEE, 0xEE, 0xEE, 0xEE, 0xEE, 0xEE, 0xEE, 0xEE, 0xEE, 0xEE, 0xEE, 0xEE, 0xEE, 0xEE,
    0xEE, 0xEE, 0xEE, 0xEE, 0xEE, 0xEE, 0xEE, 0xEE, 0xEE, 0xEE, 0xEE, 0xEE, 0xEE, 0xEE, 0xEE, 0xEE,
    0xEE, 0xEE, 0xEE, 0xEE, 0xEE, 0xEE, 0xEE, 0xEE, 0xEE, 0xEE, 0xEE, 0xEE, 0xEE, 0xEE, 0xEE, 0xEE,
    0xEE, 0xEE, 0xEE, 0xEE, 0xEE, 0xEE, 0xEE, 0xEE, 0xEE, 0xEE, 0xEE, 0xEE, 0xEE, 0xEE, 0xEE, 0xEE,
    0xEE, 0xEE, 0xEE, 0xEE, 0xEE, 0xEE, 0xEE, 0xEE, 0xEE, 0xEE, 0xEE, 0xEE, 0xEE, 0xEE, 0xEE, 0xEE,
    0xFF, 0xFF, 0xFD, 0xFF, 0xEF, 0xEE, 0xFF, 0xFF, 0xEE, 0xEE, 0xFF, 0xFF, 0xEE, 0xEE, 0xEE, 0xFF,
    0xEE, 0xEE, 0xEE, 0xFD, 0xEE, 0xEE, 0xEE, 0xFF, 0xEE, 0xEE, 0xEE, 0xFF, 0xEE, 0xEE, 0xEE, 0xEF,
    0xEE, 0xEE, 0xEE, 0x0F, 0xEE, 0xEE, 0xE0, 0x0F, 0xEE, 0xEE, 0xEE, 0xEE, 0xEE, 0xEE, 0xEE, 0xEE,
    0xEE, 0xEE, 0xEE, 0xEE, 0xEE, 0xEE, 0xEE, 0xEE, 0xEE, 0xEE, 0xEE, 0xEE, 0xEE, 0xEE, 0xEE, 0xEE,
    0xEE, 0xEE, 0xEE, 0xEE, 0xEE, 0xEE, 0xEE, 0xEE, 0xEE, 0xEE, 0xEE, 0xEE, 0xEE, 0xEE, 0xEE, 0xEE,
    0x0E, 0xEE, 0xEE, 0xEE, 0x0E, 0xEE, 0xEE, 0xEE, 0x0E, 0xEE, 0xEE, 0xEE, 0xF0, 0xEE, 0xEE, 0xEE,
    0xF0, 0xEE, 0xEE, 0xEE, 0xF0, 0xEE, 0xEE, 0xEE, 0xF0, 0xEE, 0xEE, 0xEE, 0xDF, 0x00, 0xEE, 0xEE,
    0xFF, 0xF0, 0xEE, 0xEE, 0xFF, 0xF0, 0x00, 0xEE, 0xFD, 0xF0, 0x00, 0x0E, 0xFF, 0xFF, 0xFF, 0x00,
    0xEE, 0xEE, 0xEE, 0xEE, 0xEE, 0xEE, 0xEE, 0xEE, 0xEE, 0xEE, 0xEE, 0xEE, 0xEE, 0xEE, 0xEE, 0xEE,
    0xEE, 0xEE, 0xEE, 0xEE, 0xEE, 0xEE, 0xEE, 0xEE, 0xEE, 0xEE, 0xEE, 0xEE, 0xEE, 0xEE, 0xEE, 0xEE,
    0xEE, 0xEE, 0xEE, 0xEE, 0xEE, 0xEE, 0xEE, 0xEE, 0xEE, 0xEE, 0xEE, 0xEE, 0xEE, 0xEE, 0xEE, 0xEE,
    0xEE, 0xEE, 0xEE, 0xEE, 0xEE, 0xEE, 0xEE, 0xEE, 0xEE, 0xEE, 0xEE, 0xEE, 0xEE, 0xEE, 0xEE, 0xEE,
    0xEE, 0xEE, 0xEE, 0xEE, 0xEE, 0xEE, 0xEE, 0xEE, 0xEE, 0xEE, 0xEE, 0xEE, 0xEE, 0xEE, 0xEE, 0xEE,
    0xEE, 0xEE, 0xEE, 0xEE, 0xEE, 0xEE, 0xEE, 0xEE, 0xEE, 0xEE, 0xEE, 0xE0, 0xEE, 0xEE, 0xEE, 0x0F,
    0xEE, 0xEE, 0xEE, 0xEF, 0xEE, 0xEE, 0xEE, 0x0F, 0xEE, 0xEE, 0xE0, 0xFF, 0xEE, 0xEE, 0xE0, 0xFD,
    0xEE, 0xEE, 0xE0, 0xFF, 0xEE, 0x00, 0x0F, 0xFF, 0xEE, 0xE0, 0x0F, 0xFF, 0x00, 0x0F, 0xFF, 0xFD,
    0xEE, 0xEE, 0xEE, 0xEE, 0xEE, 0xEE, 0xEE, 0xEE, 0xEE, 0xDE, 0xEE, 0xEE, 0xEE, 0xEE, 0xEE, 0xDE,
    0xEE, 0xEE, 0xEE, 0xEE, 0xED, 0xEE, 0xEE, 0xEE, 0xEE, 0xEE, 0xEE, 0xEE, 0xEE, 0xEE, 0xDE, 0xEE,
    0xEE, 0xEE, 0xEE, 0xEE, 0xEE, 0xEE, 0xEE, 0xED, 0xEE, 0xDE, 0xEE, 0xEE, 0xEE, 0xEE, 0xEE, 0xEE,
    0xEE, 0xEE, 0xEE, 0xEE, 0xDE, 0xEE, 0xEE, 0xDE, 0xEE, 0xEE, 0xEE, 0xEE, 0xEE, 0xED, 0xEE, 0xEE,
    0xEE, 0xEE, 0xEE, 0xED, 0xEE, 0xEE, 0xDE, 0xEE, 0xEE, 0xEE, 0xEE, 0xEE, 0xEE, 0xEE, 0xEE, 0xEE,
    0xED, 0xEE, 0xEE, 0xEE, 0xEE, 0xEE, 0xED, 0xEE, 0xEE, 0xEE, 0xEE, 0xEE, 0xEE, 0xEE, 0xEE, 0xEE,
    0xEE, 0xED, 0xEE, 0xEE, 0xEE, 0xEE, 0xEE, 0xEE, 0xEE, 0xEE, 0xEE, 0xEE, 0xEE, 0xEE, 0xEE, 0xDE,
    0xEE, 0xED, 0xEE, 0xEE, 0xEE, 0xEE, 0xEE, 0xEE, 0xEE, 0xEE, 0xEE, 0xEE, 0xED, 0xEE, 0xEE, 0xEE,
    0xFF, 0xFF, 0xFF, 0xFD, 0xFF, 0xFF, 0xFF, 0xFF, 0xDF, 0xFF, 0xFF, 0xFF, 0xFF, 0xFF, 0xFF, 0xFF,
    0xFF, 0xFF, 0xFF, 0xFF, 0xFF, 0xFF, 0xFF, 0xFF, 0xDF, 0xFD, 0xFE, 0xFF, 0xFF, 0xEF, 0xEE, 0xEE,
    0xFE, 0xFF, 0xFF, 0xFF, 0xFE, 0xFF, 0xF0, 0xFF, 0xEE, 0xFF, 0xE0, 0xFF, 0xDD, 0xFF, 0xEF, 0xEF,
    0xED, 0xEF, 0xDE, 0xEF, 0xED, 0xEE, 0xEE, 0xDE, 0xEE, 0xEF, 0xEE, 0xEE, 0xEF, 0xEF, 0xEE, 0xFE,
    0xFF, 0xEF, 0xFE, 0xFE, 0xFF, 0xFF, 0xFF, 0xFE, 0xFF, 0xF0, 0xFE, 0xFF, 0xFF, 0xF0, 0xFE, 0xFF,
    0xFF, 0xEF, 0xFE, 0xFF, 0xFF, 0xFF, 0xFF, 0xFF, 0xFF, 0xFF, 0xFF, 0xFF, 0xFF, 0xFF, 0xFF, 0xFF,
    0xDF, 0xF0, 0xFF, 0xFF, 0xDF, 0xF0, 0xFD, 0xFF, 0xDD, 0xFF, 0xFD, 0xFE, 0xDE, 0xFD, 0xFE, 0xEE,
    0xED, 0xFE, 0xFF, 0xED, 0xED, 0xEE, 0xFE, 0xED, 0xEF, 0xEE, 0xFF, 0xFE, 0xFF, 0xEF, 0xFE, 0xFE,
    0xF0, 0xF0, 0xFE, 0xFE, 0xF0, 0xFF, 0xFE, 0xFF, 0xF0, 0xFF, 0xFF, 0xFF, 0xFF, 0xFF, 0xFF, 0xFF,
    0xFF, 0xFF, 0xFF, 0xFF, 0xEF, 0xFF, 0xFF, 0xFE, 0xFF, 0xFF, 0xFF, 0xFF, 0xFF, 0xFF, 0xFF, 0xFF,
    0xEE, 0xEE, 0xEE, 0xEE, 0xEE, 0xEE, 0xEE, 0xE0, 0xEE, 0xEE, 0xE0, 0x00, 0xEE, 0xE0, 0x00, 0x0F,
    0xEE, 0xEE, 0x0F, 0xFD, 0xEE, 0xE0, 0x0F, 0xFF, 0xEE, 0x00, 0xFF, 0xFF, 0xEE, 0x0F, 0xFF, 0xFF,
    0xEE, 0x0F, 0xFD, 0xFF, 0xE0, 0x0F, 0xFF, 0xFF, 0xE0, 0xFF, 0xFF, 0xFF, 0xEF, 0xFD, 0xFF, 0xFF,
    0xEF, 0xFF, 0xFF, 0xFF, 0xEF, 0xFF, 0xFF, 0xDF, 0xEF, 0xDF, 0xFF, 0xFF, 0xEF, 0xFF, 0xFF, 0xFF,
    0xE0, 0x0E, 0xE0, 0x00, 0x00, 0x00, 0x00, 0x00, 0x0F, 0xF0, 0x00, 0xFF, 0xFF, 0xFF, 0xFF, 0xFD,
    0xFF, 0xFF, 0xFF, 0xFF, 0xFF, 0xFF, 0xDF, 0xFF, 0xFF, 0xFF, 0xFF, 0xFF, 0xFF, 0xFF, 0xFF, 0xFF,
    0xFF, 0xFF, 0xFF, 0xFF, 0xFF, 0xFF, 0xFF, 0xFF, 0xFF, 0xDF, 0xFF, 0xFF, 0xFF, 0xFF, 0xFF, 0xFF,
    0xFF, 0xFF, 0xFF, 0xFF, 0xFF, 0xFF, 0xFF, 0xFF, 0xDF, 0xFF, 0xFF, 0xFF, 0xFF, 0xFF, 0xFF, 0xFF,
    0x0E, 0xEE, 0xEE, 0xEE, 0x00, 0x0E, 0xEE, 0xEE, 0xF0, 0x00, 0x00, 0xEE, 0xFF, 0xFF, 0x0E, 0xEE,
    0xFF, 0xFF, 0xEE, 0xEE, 0xFF, 0xDF, 0xEE, 0xEE, 0xFF, 0xFF, 0x00, 0xEE, 0xFF, 0xFF, 0xFF, 0x0E,
    0xDF, 0xFF, 0xFF, 0xF0, 0xFF, 0xFF, 0xDF, 0xF0, 0xFF, 0xFF, 0xFF, 0xF0, 0xFF, 0xFF, 0xFF, 0xFE,
    0xFF, 0xFD, 0xFF, 0xFE, 0xFF, 0xFF, 0xFF, 0xEE, 0xFF, 0xFF, 0xFF, 0xEE, 0xFF, 0xFF, 0xFF, 0xEE,
    0xFF, 0xFF, 0xFF, 0xFD, 0xFD, 0xFF, 0xFF, 0xFF, 0xFF, 0xFF, 0xFF, 0xFF, 0xFF, 0xFF, 0xFF, 0xFF,
    0xEF, 0xFD, 0xFF, 0xFF, 0xEF, 0xFF, 0xFF, 0xFF, 0xEF, 0xFF, 0xFF, 0xFF, 0xEF, 0xFF, 0xFF, 0xFF,
    0xEF, 0xFD, 0xFF, 0xFF, 0xEE, 0xFF, 0xFF, 0xFF, 0xEE, 0xEE, 0xFF, 0xFF, 0xEE, 0xEE, 0xEF, 0xFF,
    0xEE, 0xEE, 0x0F, 0xFF, 0xEE, 0xE0, 0x0F, 0xFF, 0xEE, 0xEE, 0xEE, 0xFF, 0xEE, 0xEE, 0xEE, 0xEE,
    0xFF, 0xFF, 0xFF, 0xFF, 0xFF, 0xFF, 0xDF, 0xFF, 0xFF, 0xFF, 0xFF, 0xFF, 0xFF, 0xFF, 0xFF, 0xFF,
    0xFF, 0xFF, 0xFF, 0xFF, 0xFF, 0xFD, 0xFF, 0xFF, 0xFF, 0xFF, 0xFF, 0xFF, 0xFF, 0xFF, 0xFF, 0xFF,
    0xFF, 0xFF, 0xFF, 0xFD, 0xFF, 0xFF, 0xFF, 0xFF, 0xDF, 0xFF, 0xFF, 0xFF, 0xFF, 0xFF, 0xFF, 0xFF,
    0xFF, 0xFF, 0xFF, 0xFF, 0xFF, 0xFF, 0xFF, 0xFF, 0xDF, 0xFD, 0xFE, 0xFF, 0xFF, 0xEF, 0xEE, 0xEE,
    0xFF, 0xFF, 0xDF, 0x0E, 0xFF, 0xFF, 0xFF, 0x0E, 0xFF, 0xFF, 0xFF, 0x0E, 0xFF, 0xFF, 0xFF, 0x0E,
    0xFF, 0xFF, 0xFF, 0x0E, 0xFF, 0xFD, 0xFF, 0x0E, 0xFF, 0xFF, 0xFF, 0x00, 0xFF, 0xFF, 0xFF, 0xF0,
    0xFF, 0xFF, 0xFF, 0xFE, 0xFD, 0xFF, 0xFD, 0xFE, 0xFF, 0xFF, 0xFF, 0xEE, 0xFF, 0xFF, 0xEE, 0xEE,
    0xFF, 0xFF, 0x0E, 0xEE, 0xDF, 0xFF, 0x00, 0xEE, 0xFF, 0xFE, 0xEE, 0xEE, 0xEE, 0xEE, 0xEE, 0xEE,
    0x00, 0x0E, 0xEE, 0xEE, 0x00, 0x00, 0x00, 0x00, 0xFF, 0xF0, 0x00, 0x00, 0xFF, 0xFF, 0xFF, 0xFF,
    0xFF, 0xDF, 0xFF, 0xDF, 0xFF, 0xFF, 0xFF, 0xFF, 0xFF, 0xFF, 0xFF, 0xFF, 0xFF, 0xFF, 0xFF, 0xFD,
    0xEE, 0xEE, 0xEE, 0xEE, 0xFF, 0xEE, 0xEE, 0xEE, 0xD0, 0x0E, 0xEE, 0xEE, 0xDD, 0x0E, 0xEE, 0xEE,
    0xDD, 0x00, 0x0E, 0xEE, 0xDD, 0xDD, 0x00, 0xEE, 0x0D, 0xD0, 0xF0, 0xEE, 0x0D, 0xD0, 0xF0, 0xEE,
    0x0D, 0xD0, 0xF0, 0xEE, 0x0D, 0xD0, 0xF0, 0xEE, 0xDD, 0xD0, 0xF0, 0xEE, 0xDD, 0xD0, 0xF0, 0xEE,
    0xDD, 0xDD, 0xD0, 0xEE, 0xDD, 0xFF, 0x00, 0xEE, 0xDF, 0xDD, 0xD0, 0x0E, 0xEF, 0xDD, 0xD0, 0x00,
    0xEE, 0xEE, 0xEE, 0xEE, 0xEE, 0xEE, 0xEE, 0xEE, 0xEE, 0xEE, 0xEE, 0xEE, 0xEE, 0xEE, 0xEE, 0xEE,
    0xEE, 0xEE, 0xEE, 0xEE, 0xEE, 0xEE, 0xEE, 0xEE, 0xEE, 0xEE, 0xEE, 0xEE, 0xEE, 0xEE, 0xEE, 0xEE,
    0xEE, 0xDD, 0xDD, 0xEE, 0xED, 0xDD, 0xDD, 0xDE, 0xDD, 0xDD, 0xDD, 0xE0, 0xDD, 0xDD, 0xDD, 0xE0,
    0xDD, 0xDD, 0xDD, 0xE0, 0xDD, 0xDD, 0xDE, 0x00, 0xED, 0xEE, 0xE0, 0x0E, 0xEE, 0x00, 0x00, 0xEE,
    0xEE, 0xEE, 0xEE, 0xEE, 0xEE, 0xEE, 0xEE, 0xFF, 0xEE, 0xEE, 0xEF, 0xDD, 0xEE, 0xEE, 0xEF, 0xDD,
    0xEE, 0xEF, 0xFD, 0xDD, 0xEE, 0xFD, 0xDD, 0xDD, 0xEE, 0xF0, 0xFD, 0xDF, 0xEE, 0xF0, 0xFD, 0xDF,
    0xEE, 0xF0, 0xFD, 0xDF, 0xEE, 0xF0, 0xFD, 0xDF, 0xEE, 0xF0, 0xFD, 0xDD, 0xEE, 0xF0, 0xFD, 0xDD,
    0xEE, 0xFD, 0xDD, 0xDD, 0xEE, 0xFD, 0xDD, 0xDD, 0xEF, 0xDD, 0xDD, 0xDD, 0xFD, 0xDD, 0xDD, 0xDE,
    0xFD, 0xFD, 0x0D, 0xD0, 0xFD, 0xFD, 0x0D, 0xD0, 0xFD, 0xFD, 0x00, 0xD0, 0x00, 0x00, 0x0F, 0xD0,
    0xFF, 0xFF, 0xFD, 0xD0, 0xFD, 0xDD, 0xD0, 0xD0, 0xFD, 0xDD, 0xD0, 0xD0, 0x00, 0x00, 0x0F, 0xD0,
    0xFF, 0xFF, 0xFD, 0xD0, 0xFD, 0xDD, 0xD0, 0xD0, 0xFD, 0xDD, 0xD0, 0xD0, 0x00, 0x00, 0x0F, 0xD0,
    0xFF, 0xFF, 0xFD, 0xD0, 0xFD, 0xDD, 0xDD, 0xD0, 0xFD, 0xDD, 0xDD, 0xD0, 0x00, 0x00, 0x00, 0x00,
    0xDD, 0xDD, 0xDD, 0xDD, 0x00, 0x00, 0x00, 0x00, 0xED, 0xDD, 0xDD, 0x0E, 0xED, 0xDD, 0xDD, 0x0E,
    0xEE, 0xDD, 0xD0, 0xEE, 0xEE, 0xED, 0x0E, 0xEE, 0xEE, 0xED, 0x0E, 0xEE, 0xED, 0xDD, 0xD0, 0x0E,
    0xEF, 0xFF, 0xFF, 0xFE, 0xFD, 0xDD, 0xDD, 0xD0, 0xFD, 0xDD, 0xDD, 0xD0, 0xFD, 0xDD, 0xDD, 0xD0,
    0xFD, 0xDD, 0xDD, 0xD0, 0xFD, 0xDD, 0xDD, 0xD0, 0xFD, 0xDD, 0xDD, 0xD0, 0x00, 0x00, 0x00, 0x00,
    0xFD, 0xDD, 0xDD, 0xDE, 0xFD, 0xDD, 0xDD, 0xDE, 0xF0, 0xDD, 0xDD, 0xDE, 0xFF, 0x00, 0x00, 0x0E,
    0xFD, 0xFF, 0xFF, 0xFE, 0xF0, 0xDD, 0xDD, 0xDE, 0xF0, 0xDD, 0xDD, 0xDE, 0xFF, 0x00, 0x00, 0x0E,
    0xF0, 0xFF, 0xFF, 0xFE, 0xF0, 0xDD, 0xDD, 0xDE, 0xF0, 0xDD, 0xDD, 0xDE, 0xFF, 0x00, 0x00, 0x0E,
    0xFD, 0xFF, 0xFF, 0xFE, 0xFD, 0xDD, 0xDD, 0xDE, 0x0D, 0xDD, 0xDD, 0xDE, 0x00, 0x00, 0x00, 0x00,
    0xEE, 0xEE, 0xEF, 0xFF, 0xFF, 0xFF, 0xFF, 0xDD, 0xDD, 0xDD, 0xD0, 0xDD, 0xDD, 0xDD, 0xDD, 0x00,
    0xDF, 0xFF, 0xFF, 0xDD, 0xFD, 0xDD, 0xDD, 0x0D, 0xDD, 0xDD, 0xDD, 0x0D, 0x00, 0x00, 0x00, 0x0D,
    0xDD, 0x00, 0x0D, 0xD0, 0xDD, 0xDD, 0xDD, 0xD0, 0x00, 0x00, 0x00, 0x0D, 0xDD, 0xEE, 0xEE, 0xEE,
    0xDE, 0xDD, 0x00, 0x00, 0xE0, 0xDD, 0x00, 0x00, 0xE0, 0x0D, 0x00, 0x00, 0x00, 0x0D, 0x00, 0x00,
    0xFF, 0xFE, 0xEE, 0xEE, 0xDD, 0xDF, 0xFF, 0xFF, 0xDD, 0xD0, 0xDD, 0xDD, 0x00, 0x00, 0xDD, 0xDD,
    0xDD, 0xFF, 0xFF, 0xFD, 0xDF, 0xDD, 0xDD, 0xD0, 0xDF, 0xDD, 0xDD, 0xDD, 0xDF, 0x00, 0x00, 0x00,
    0xDF, 0xD0, 0x00, 0xDD, 0xDF, 0xDD, 0xDD, 0xDD, 0xDD, 0x00, 0x00, 0x00, 0xEE, 0xEE, 0xEE, 0xDD,
    0x00, 0x00, 0xDD, 0xED, 0x00, 0x00, 0xDD, 0x0E, 0x00, 0x00, 0xD0, 0x0E, 0x00, 0x00, 0xD0, 0x00,
    0xEE, 0xEE, 0xEE, 0x0E, 0xEE, 0xEE, 0xE0, 0x0E, 0x00, 0xEE, 0x00, 0x0E, 0x00, 0x00, 0x00, 0x00,
    0x00, 0x00, 0x00, 0x00, 0x00, 0x00, 0x0D, 0x00, 0xDD, 0x00, 0xD0, 0x00, 0xDD, 0x0D, 0xD0, 0x00,
    0x0D, 0xDD, 0xD0, 0x00, 0x0D, 0xDD, 0x00, 0x00, 0xDD, 0xDD, 0x00, 0x00, 0xDD, 0xDD, 0x00, 0x0D,
    0xD0, 0xDD, 0xD0, 0x0D, 0xD0, 0xD0, 0xD0, 0x0D, 0xD0, 0xD0, 0xD0, 0x0D, 0xD0, 0xDD, 0x00, 0x0D,
    0xEE, 0xEE, 0xEE, 0xEE, 0xEE, 0xEE, 0xEE, 0xEE, 0xEE, 0xEE, 0xEE, 0xEE, 0xEE, 0xEE, 0xEE, 0xEE,
    0xEE, 0xEE, 0xEE, 0xEE, 0xEE, 0xEE, 0xEE, 0xEE, 0xEE, 0xEE, 0xEE, 0xEE, 0xEE, 0xEE, 0xEE, 0xEE,
    0xEE, 0xEE, 0xEE, 0xEE, 0xEE, 0xEE, 0xEE, 0xEE, 0xEE, 0xEE, 0xEE, 0xEE, 0xEE, 0xEE, 0xEE, 0xEE,
    0xEE, 0xEE, 0xEE, 0xEE, 0xEE, 0xEE, 0xEE, 0xEE, 0xEE, 0xEE, 0xEE, 0xEE, 0xEE, 0xEE, 0xEE, 0xEE,
    0xEE, 0x00, 0xDD, 0x0D, 0xEE, 0x00, 0xDD, 0x0D, 0xEE, 0x00, 0xDD, 0x0D, 0xEE, 0xD0, 0xDD, 0x0D,
    0xEE, 0xD0, 0xDD, 0x0D, 0xEE, 0xD0, 0xDD, 0x0D, 0xEE, 0xD0, 0xDD, 0x0D, 0xEE, 0xD0, 0xDD, 0x0D,
    0xED, 0xD0, 0xD0, 0x0D, 0xED, 0x00, 0xD0, 0xDD, 0xED, 0x0D, 0xD0, 0xDD, 0xED, 0x0D, 0xD0, 0xDD,
    0xED, 0x0D, 0xDD, 0xDD, 0xDD, 0x0D, 0x0D, 0xDD, 0xDD, 0xDD, 0x0D, 0xDD, 0xDD, 0xEE, 0xDD, 0xED,
    0xED, 0xEE, 0xEF, 0xFE, 0xED, 0xDD, 0xFF, 0xFF, 0xED, 0xDD, 0xDE, 0xEE, 0xE0, 0xDD, 0xDE, 0xEE,
    0xEF, 0xFF, 0xDD, 0xDE, 0xFF, 0xFF, 0xFD, 0xDD, 0xEE, 0xFF, 0x0D, 0xDD, 0xEE, 0xEE, 0x00, 0xDD,
    0xEE, 0xEE, 0xE0, 0x0D, 0xEE, 0xEE, 0xEE, 0x0D, 0xEE, 0xEE, 0xEE, 0x00, 0xEE, 0xEE, 0xEE, 0xE0,
    0xEE, 0xEE, 0xEE, 0xE0, 0xEE, 0xEE, 0xEF, 0xFF, 0xEE, 0xEE, 0xFF, 0xFF, 0xEE, 0xEE, 0xEE, 0xFF,
    0xEE, 0xED, 0xEE, 0xEE, 0xEE, 0xED, 0xD0, 0x00, 0xEE, 0xED, 0xDD, 0xD0, 0xEE, 0xED, 0x0D, 0xDD,
    0xEE, 0xE0, 0x0D, 0xDD, 0xEE, 0xE0, 0xDD, 0xDD, 0xDD, 0xE0, 0xD0, 0xDD, 0xDD, 0xD0, 0xD0, 0xDD,
    0xDD, 0xDD, 0xD0, 0xDD, 0xD0, 0xDD, 0x0D, 0xDD, 0xD0, 0xDD, 0xD0, 0xDD, 0x00, 0x0D, 0xD0, 0xDD,
    0x00, 0x00, 0xD0, 0xDD, 0xFF, 0x00, 0x00, 0xDD, 0xFF, 0x00, 0x0D, 0xDD, 0xF0, 0x00, 0x0D, 0xDD,
    0xE0, 0x00, 0x0E, 0xEE, 0x00, 0x00, 0x00, 0xEE, 0x00, 0x00, 0xD0, 0x00, 0xD0, 0x00, 0xD0, 0x00,
    0xDD, 0xDD, 0xDD, 0x00, 0xDD, 0xDD, 0xDD, 0xD0, 0xDD, 0xDD, 0x0D, 0xDD, 0xDD, 0xDD, 0x0D, 0xDD,
    0xDD, 0xD0, 0x00, 0xDD, 0xDD, 0xD0, 0xE0, 0xDD, 0xDD, 0xD0, 0xE0, 0xDD, 0xDD, 0xDD, 0x0D, 0xDD,
    0xDD, 0xDD, 0xDD, 0xDD, 0xDD, 0xD0, 0x0D, 0x00, 0xD0, 0x00, 0x0D, 0x00, 0xD0, 0x00, 0x00, 0x00,
    0xE0, 0x00, 0x00, 0x0E, 0x00, 0x00, 0x00, 0x00, 0x00, 0x00, 0x00, 0x00, 0x00, 0x00, 0x00, 0x00,
    0x00, 0x00, 0x0D, 0xDD, 0x00, 0x0D, 0xDD, 0xDD, 0x00, 0xD0, 0xDD, 0xDD, 0xDD, 0xD0, 0xDD, 0xD0,
    0xDD, 0x00, 0x0D, 0xD0, 0xDD, 0x0E, 0x0D, 0xD0, 0xDD, 0x0E, 0x0D, 0xD0, 0xDD, 0xD0, 0xDD, 0xD0,
    0xDD, 0xDD, 0xDD, 0xD0, 0x00, 0xDD, 0xDD, 0xD0, 0x00, 0x00, 0xD0, 0xDD, 0x00, 0x00, 0x00, 0xD0,
    0xD0, 0xDD, 0x00, 0xD0, 0xD0, 0xDD, 0x00, 0xD0, 0xD0, 0x0D, 0x00, 0xD0, 0xD0, 0x0D, 0x00, 0xD0,
    0xD0, 0x0D, 0xD0, 0x00, 0xD0, 0x0D, 0xDD, 0x00, 0xD0, 0x0D, 0x0D, 0x0D, 0xD0, 0x0D, 0x0D, 0x0D,
    0xD0, 0xDD, 0x0D, 0x0D, 0xD0, 0xD0, 0x0D, 0x00, 0xD0, 0xD0, 0xDD, 0x00, 0xDD, 0xD0, 0xD0, 0x00,
    0xDD, 0xDD, 0xDD, 0x00, 0xD0, 0xDD, 0xD0, 0x0D, 0xDD, 0x00, 0x00, 0x0D, 0xDD, 0xDD, 0xD0, 0x0D,
    0xEE, 0xEE, 0xEE, 0xD0, 0xEE, 0xEE, 0xED, 0x00, 0xEE, 0xED, 0xDD, 0x0E, 0xEE, 0xD0, 0xD0, 0xFF,
    0xED, 0x0D, 0x0F, 0xFE, 0xDD, 0x00, 0x0E, 0xEE, 0xD0, 0xD0, 0xEE, 0xEE, 0x00, 0xD0, 0xEE, 0xEE,
    0x0D, 0x0E, 0xEE, 0xEE, 0x00, 0x0E, 0xEE, 0xEE, 0xD0, 0xEE, 0xEE, 0xEE, 0xD0, 0xEE, 0xEE, 0xEE,
    0x00, 0xEE, 0xEE, 0xEE, 0x00, 0x0E, 0xEE, 0xEE, 0x00, 0x0E, 0xEE, 0xEE, 0x0D, 0x00, 0xEE, 0xEE,
    0xEE, 0xEE, 0xEE, 0xDD, 0xEE, 0xEE, 0xED, 0xDD, 0xEE, 0xEE, 0xDD, 0xDD, 0xEE, 0xED, 0xDD, 0xFF,
    0xEE, 0xDD, 0xDD, 0xFF, 0xEE, 0xDD, 0xFF, 0xFF, 0xEE, 0xDD, 0xFF, 0xFF, 0xEE, 0xDD, 0x00, 0xFF,
    0xFF, 0xDD, 0xDD, 0xFF, 0xF0, 0xDD, 0xDD, 0xFF, 0xF0, 0xDD, 0xDD, 0xD0, 0xF0, 0xDD, 0xDD, 0xDD,
    0xFF, 0xFF, 0xFF, 0xFF, 0xDD, 0xDD, 0xDD, 0xDD, 0xDD, 0xDD, 0xDD, 0xDD, 0x00, 0x00, 0x00, 0x00,
    0xDE, 0xEE, 0xEE, 0xEE, 0xDF, 0xEE, 0xEE, 0xEE, 0xDD, 0xFE, 0xEE, 0xEE, 0x0D, 0xDF, 0xEE, 0xEE,
    0x0D, 0xDD, 0xFE, 0xEE, 0xFF, 0x0D, 0xFE, 0xEE, 0xFF, 0x0D, 0xFE, 0xEE, 0x00, 0x0D, 0xFE, 0xEE,
    0x0D, 0xDD, 0xFF, 0xFE, 0x0D, 0xDD, 0xF0, 0xF0, 0x0D, 0xDD, 0xF0, 0xF0, 0xDD, 0xDD, 0xF0, 0xF0,
    0xFF, 0xFF, 0xFF, 0xF0, 0xDD, 0xDD, 0xDD, 0xD0, 0xDD, 0xDD, 0xDD, 0xD0, 0x00, 0x00, 0x00, 0x00,
    0xEE, 0xD0, 0xED, 0xDD, 0xEE, 0x00, 0xDD, 0x00, 0xEE, 0xED, 0xDF, 0x00, 0xEE, 0xED, 0xDF, 0xFF,
    0xDD, 0xDD, 0xDD, 0x0D, 0xD0, 0xDD, 0x0D, 0x00, 0xDD, 0xDD, 0xDD, 0x0D, 0xDD, 0xDD, 0xDD, 0x0D,
    0xDD, 0xDD, 0xDD, 0x0D, 0xDD, 0xDD, 0xDD, 0x0F, 0xDD, 0xDD, 0xDD, 0x0D, 0xDD, 0xDD, 0xDD, 0x0F,
    0xD0, 0xDD, 0x0D, 0x0D, 0xDD, 0xDD, 0xDD, 0x0E, 0xE0, 0x00, 0x00, 0x00, 0x00, 0x00, 0x00, 0x00,
    0xDE, 0xD0, 0xEF, 0xEE, 0xDD, 0x00, 0xEF, 0xEE, 0xFD, 0xDE, 0xEF, 0xEE, 0xFD, 0xDE, 0xEF, 0xEE,
    0xDD, 0xD0, 0xEF, 0xEE, 0x00, 0x0D, 0x0F, 0xEE, 0xDD, 0xDD, 0xDF, 0x0E, 0xDD, 0xD0, 0xDD, 0x0E,
    0xDD, 0xD0, 0xDD, 0x0E, 0xFD, 0xD0, 0xDD, 0x0E, 0xFF, 0xFF, 0x0F, 0x0E, 0xFD, 0xDD, 0x0F, 0x0E,
    0xDD, 0x00, 0x0F, 0x0E, 0xE0, 0xDD, 0xDF, 0xEE, 0x0D, 0xDD, 0xDF, 0x0E, 0x00, 0x00, 0x00, 0x00,
    0xEE, 0xEE, 0xEE, 0xEE, 0xEE, 0xEE, 0xDE, 0xD0, 0xEE, 0xDE, 0xDD, 0xDD, 0xEE, 0xDD, 0x0D, 0xDD,
    0xED, 0xDD, 0xDD, 0xDD, 0xED, 0xDD, 0xDD, 0x0D, 0xDD, 0xDD, 0xDD, 0xDD, 0xDD, 0x0D, 0xDD, 0xDD,
    0xED, 0xDD, 0xDD, 0xDD, 0xDD, 0xDD, 0x0D, 0xDD, 0xDD, 0xDD, 0xDD, 0xDD, 0xDD, 0x0D, 0xDD, 0xDD,
    0xED, 0xDD, 0xDD, 0xD0, 0xEE, 0xED, 0xDF, 0xDF, 0xEE, 0xEE, 0x0F, 0xFF, 0xEE, 0xE0, 0x00, 0x00,
    0xEE, 0xEE, 0xEE, 0xEE, 0x00, 0xEE, 0xEE, 0xEE, 0xD0, 0x00, 0x0E, 0xEE, 0xDD, 0x00, 0xD0, 0xEE,
    0xDD, 0xD0, 0x00, 0xEE, 0xDD, 0x0D, 0x00, 0x0E, 0xDD, 0x00, 0x00, 0xEE, 0xDD, 0xD0, 0x00, 0x0E,
    0x0D, 0xD0, 0x0D, 0x0E, 0xDD, 0xD0, 0x00, 0x0E, 0xD0, 0x00, 0x00, 0xEE, 0xDD, 0x0D, 0x00, 0xEE,
    0x00, 0x00, 0x0E, 0xEE, 0x00, 0xDE, 0xEE, 0xEE, 0xFF, 0x00, 0x00, 0x00, 0x00, 0x00, 0x00, 0xEE,
    0xEE, 0xDD, 0x0E, 0xEE, 0xED, 0xDD, 0xD0, 0xEE, 0xED, 0xED, 0xD0, 0x0D, 0xDE, 0xDD, 0xD0, 0xED,
    0xDE, 0xDD, 0xD0, 0xED, 0xDE, 0xDD, 0x0E, 0xDD, 0xDD, 0xDD, 0x0E, 0xDD, 0xDD, 0xDD, 0x0E, 0xDD,
    0xED, 0xDD, 0x0E, 0xDD, 0xED, 0xDD, 0x0E, 0xDD, 0xED, 0xDD, 0x0E, 0xDD, 0xDD, 0xDD, 0x0D, 0xDD,
    0xDD, 0xDD, 0x0D, 0xDD, 0xDD, 0xDD, 0xDD, 0xDD, 0xED, 0xDD, 0xDD, 0x0D, 0x00, 0x00, 0x00, 0x00,
    0xEE, 0xEE, 0xEE, 0xEE, 0xEE, 0xEE, 0xEE, 0xEE, 0xDD, 0x00, 0xEE, 0xEE, 0xDD, 0xDD, 0x0E, 0xEE,
    0xDD, 0xDD, 0x00, 0xEE, 0xDD, 0xDD, 0xD0, 0xEE, 0x0D, 0xDD, 0xD0, 0x0E, 0x0D, 0xD0, 0x00, 0x0E,
    0x0D, 0xD0, 0xD0, 0x0E, 0x00, 0xD0, 0xD0, 0x0E, 0x00, 0xD0, 0xD0, 0x0E, 0xD0, 0xD0, 0x00, 0x0E,
    0xDD, 0xD0, 0x0D, 0x0E, 0xD0, 0x00, 0xDD, 0xEE, 0xDD, 0x00, 0x00, 0x00, 0x00, 0x00, 0x00, 0xEE,
    0xEE, 0xEE, 0xEE, 0xEE, 0xEE, 0xEE, 0xEE, 0xEE, 0xEE, 0xEE, 0xEE, 0xEE, 0xEE, 0xEE, 0xEE, 0xEE,
    0xEE, 0xEE, 0xEE, 0x00, 0xEE, 0xEE, 0xEE, 0xD0, 0xEE, 0xEE, 0xED, 0xD0, 0xEE, 0xEE, 0xED, 0xD0,
    0xEE, 0xE0, 0x0D, 0xD0, 0xEE, 0xDD, 0x0D, 0xD0, 0xED, 0xDD, 0xDD, 0xD0, 0xED, 0xDD, 0x0D, 0xD0,
    0xED, 0xDD, 0x0D, 0x00, 0xED, 0xDD, 0x0D, 0x00, 0xDD, 0xDD, 0xDD, 0x00, 0xDD, 0xDD, 0xDD, 0x00,
    0xEE, 0xDD, 0x00, 0xEE, 0xED, 0xDD, 0xD0, 0x0E, 0xDD, 0xDD, 0xDD, 0x0E, 0xED, 0xDD, 0xDD, 0x00,
    0xED, 0xDD, 0xDD, 0x00, 0xED, 0xDD, 0xD0, 0x00, 0xED, 0xDD, 0xDD, 0x00, 0x0D, 0xDD, 0xDD, 0x0E,
    0xDD, 0xDD, 0xDD, 0xDE, 0xDD, 0xDD, 0xDD, 0xDE, 0xDD, 0xDD, 0xDD, 0x0E, 0xED, 0xDD, 0xDD, 0x00,
    0x0D, 0xDD, 0xDD, 0x00, 0xDD, 0xDD, 0xDD, 0x00, 0x0D, 0xDD, 0xD0, 0x0E, 0x0D, 0x00, 0xDD, 0x0E,
    0xEE, 0xEE, 0xEE, 0xEE, 0xEE, 0xED, 0x0E, 0xEE, 0xEE, 0xDD, 0xD0, 0xEE, 0xED, 0xDD, 0xDD, 0x0E,
    0x0D, 0xDD, 0xDD, 0x0E, 0xED, 0xDD, 0xDD, 0xD0, 0xED, 0xDD, 0xDD, 0xD0, 0xED, 0xDD, 0xDD, 0x00,
    0xDD, 0xDD, 0xDD, 0x0E, 0xDD, 0xDD, 0xD0, 0x0E, 0xDD, 0xDD, 0xD0, 0x0E, 0xED, 0xDD, 0xDD, 0x00,
    0x0D, 0xDD, 0xDD, 0xD0, 0xEE, 0x00, 0xDD, 0xD0, 0xDD, 0xDD, 0x0D, 0x00, 0xDD, 0xD0, 0x0D, 0xD0,
    0xEE, 0xEE, 0xEE, 0xEE, 0xEE, 0xEE, 0xEE, 0xEE, 0xEE, 0xEE, 0xEE, 0xEE, 0xEE, 0xEE, 0xEE, 0xEE,
    0xEE, 0xEE, 0xEE, 0xEE, 0xEE, 0xEE, 0xEE, 0xEE, 0xDE, 0xEE, 0xEE, 0xEE, 0xDD, 0x00, 0x0E, 0xEE,
    0xD0, 0xDD, 0xD0, 0xEE, 0xDD, 0xDD, 0xD0, 0xEE, 0xDD, 0xDD, 0xDD, 0x0E, 0xED, 0xDD, 0xDD, 0x0E,
    0xED, 0xDD, 0xDD, 0x0E, 0xED, 0xDD, 0xD0, 0x0E, 0xE0, 0x0D, 0xD0, 0x0E, 0xE0, 0x00, 0xD0, 0xEE,
    0xDD, 0xDD, 0xED, 0xDD, 0xDD, 0xDD, 0xED, 0xDD, 0xDD, 0xD0, 0xED, 0xDD, 0xDD, 0xD0, 0xED, 0xDD,
    0xDD, 0xD0, 0xED, 0xDD, 0xDD, 0xD0, 0xED, 0xDD, 0x0D, 0x00, 0xED, 0xDD, 0xE0, 0x00, 0xED, 0xDD,
    0xEE, 0xE0, 0x0D, 0xDD, 0xEE, 0xEE, 0x0D, 0x0D, 0xEE, 0xEE, 0xE0, 0x00, 0xEE, 0xEE, 0xEE, 0xEE,
    0xEE, 0xEE, 0xEE, 0xEE, 0xEE, 0xEE, 0xEE, 0xEE, 0xEE, 0xEE, 0xEE, 0xEE, 0xEE, 0xEE, 0xEE, 0xEE,
    0x00, 0x0E, 0xDD, 0x00, 0xDD, 0x0E, 0xDD, 0xD0, 0xDD, 0x0E, 0xDD, 0xD0, 0xDD, 0x0E, 0xDD, 0xDD,
    0xDD, 0x0E, 0xDD, 0xDD, 0xDD, 0x0E, 0xDD, 0xDD, 0xDD, 0x00, 0xED, 0xDD, 0xDD, 0x00, 0x0E, 0xDD,
    0xDD, 0x00, 0x0E, 0xDD, 0xD0, 0x00, 0x0E, 0xDD, 0x00, 0x00, 0x0E, 0xDD, 0x00, 0x00, 0x0E, 0xDD,
    0xEE, 0xEE, 0x0E, 0xDD, 0xEE, 0xEE, 0xE0, 0xDD, 0xEE, 0xEE, 0xE0, 0xDD, 0xEE, 0xEE, 0xEE, 0x00,
    0xDD, 0xD0, 0xE0, 0x0E, 0xDD, 0xDD, 0x00, 0xED, 0xDD, 0xDD, 0x00, 0xED, 0xED, 0xDD, 0x00, 0xED,
    0xED, 0xDD, 0x0E, 0xDD, 0xDD, 0xDD, 0x0E, 0xDD, 0xDD, 0xDD, 0x0E, 0xDD, 0xDD, 0xDD, 0x0E, 0xDD,
    0xDD, 0xD0, 0x0E, 0xDD, 0xDD, 0xD0, 0x0E, 0xDD, 0xED, 0x00, 0x0E, 0x0D, 0xED, 0x0E, 0xEE, 0x00,
    0xD0, 0xED, 0xDD, 0xDD, 0xD0, 0xED, 0xDD, 0xD0, 0xDE, 0xDD, 0xDD, 0xDD, 0x0E, 0xDE, 0xDD, 0xE0,
    0xDD, 0x00, 0xE0, 0xDD, 0xDD, 0xDD, 0x00, 0x0E, 0xDD, 0xDD, 0x00, 0xD0, 0xDD, 0xDD, 0xD0, 0xD0,
    0xDD, 0xDD, 0xD0, 0xD0, 0xDD, 0xDD, 0xDD, 0xD0, 0xDD, 0xDE, 0xE0, 0x0E, 0xDD, 0xED, 0xDD, 0x0E,
    0xDD, 0xED, 0xDD, 0xD0, 0xDD, 0xED, 0xDD, 0xD0, 0xD0, 0xED, 0xDD, 0x00, 0xD0, 0xED, 0xDD, 0x0E,
    0x00, 0xED, 0xDD, 0x0E, 0x00, 0xED, 0xDD, 0x0E, 0x00, 0x0D, 0xD0, 0x00, 0xE0, 0x0E, 0xE0, 0x0E,
    0xED, 0xDD, 0xDD, 0xD0, 0xED, 0xDD, 0xDD, 0xDD, 0xED, 0x00, 0xDD, 0xDD, 0xEE, 0xDD, 0x0D, 0xDD,
    0xED, 0xDD, 0x0D, 0xDD, 0xED, 0xDD, 0x0D, 0xDD, 0xED, 0xDD, 0x0D, 0xDD, 0xED, 0xDD, 0x0D, 0xDD,
    0xED, 0xDD, 0x0D, 0xD0, 0xED, 0xDD, 0x0D, 0xD0, 0x0E, 0xDD, 0x0D, 0xD0, 0x0E, 0xDD, 0x0D, 0xD0,
    0x0E, 0xDD, 0x0D, 0x00, 0x0E, 0xD0, 0x00, 0x0E, 0x00, 0xEE, 0xEE, 0xEE, 0xEE, 0xEE, 0xEE, 0xEE,
    0x00, 0xED, 0xD0, 0x00, 0x00, 0xED, 0xDD, 0x00, 0x00, 0xED, 0xDD, 0x00, 0x00, 0xED, 0xDD, 0x0E,
    0x00, 0xED, 0xDD, 0x0E, 0x00, 0xED, 0x00, 0xEE, 0x00, 0x00, 0xEE, 0xEE, 0x00, 0xEE, 0xEE, 0xEE,
    0x0E, 0xEE, 0xEE, 0xEE, 0x0E, 0xEE, 0xEE, 0xEE, 0x0E, 0xEE, 0xEE, 0xEE, 0x0E, 0xEE, 0xEE, 0xEE,
    0xEE, 0xEE, 0xEE, 0xEE, 0xEE, 0xEE, 0xEE, 0xEE, 0xEE, 0xEE, 0xEE, 0xEE, 0xEE, 0xEE, 0xEE, 0xEE,
    0xEE, 0xEE, 0xEE, 0xEE, 0xEE, 0xEE, 0xEF, 0xFF, 0x0E, 0xEF, 0xFD, 0xDD, 0x0E, 0xFD, 0xDD, 0xDD,
    0x0E, 0xFD, 0xDF, 0xFF, 0xDF, 0xDD, 0xFD, 0x00, 0xDD, 0xDF, 0xDD, 0x00, 0xDD, 0xDF, 0xDD, 0xDD,
    0xDD, 0xDF, 0xDD, 0xFF, 0xDD, 0xDD, 0x0F, 0x0D, 0xDD, 0xDD, 0xFD, 0x0D, 0xDD, 0xEE, 0xEE, 0xED,
    0xDE, 0xDD, 0x0D, 0xDE, 0xE0, 0xDD, 0x00, 0xD0, 0xE0, 0x0D, 0x00, 0x00, 0x00, 0x0D, 0x00, 0x00,
    0xEE, 0xEE, 0xEE, 0xEE, 0xFF, 0xFE, 0xEE, 0xEF, 0xDD, 0xD0, 0x0E, 0xEF, 0xDD, 0xDD, 0xD0, 0xEF,
    0xFF, 0xFD, 0xD0, 0xEF, 0x00, 0xD0, 0xDD, 0x0D, 0x00, 0xDD, 0x0D, 0xDD, 0xDD, 0xDD, 0x0D, 0xDD,
    0xFF, 0xDD, 0x0D, 0xDD, 0xD0, 0xF0, 0xDD, 0xDD, 0xD0, 0xDF, 0xDD, 0xDD, 0xDE, 0xEE, 0xEE, 0xDD,
    0xED, 0xD0, 0xDD, 0xED, 0x0D, 0x00, 0xDD, 0x0E, 0x00, 0x00, 0xD0, 0x0E, 0x00, 0x00, 0xD0, 0x00,
    0xFF, 0xFD, 0xFF, 0xFF, 0xFF, 0xFF, 0xFF, 0xFF, 0xFF, 0xFF, 0xFF, 0xFF, 0xFF, 0xFF, 0xFF, 0xFF,
    0xDF, 0xFF, 0xFF, 0xFF, 0xFF, 0xFF, 0xFD, 0xFF, 0xFF, 0xEE, 0xFF, 0xFF, 0xEE, 0xEE, 0xEE, 0xEE,
    0x0E, 0xEE, 0xEE, 0xEE, 0x00, 0xEE, 0xEE, 0xEE, 0x00, 0x0E, 0xEE, 0xEE, 0x00, 0x00, 0xEE, 0xEE,
    0x00, 0x00, 0x0E, 0xEE, 0x00, 0x00, 0x00, 0xEE, 0x00, 0x00, 0x00, 0x0E, 0x00, 0x00, 0x00, 0x00,
    0xEE, 0xEE, 0xEE, 0xE0, 0xEE, 0xEE, 0xEE, 0x00, 0xEE, 0xEE, 0xE0, 0x00, 0xEE, 0xEE, 0x00, 0x00,
    0xEE, 0xE0, 0x00, 0x00, 0xEE, 0x00, 0x00, 0x00, 0xE0, 0x00, 0x00, 0x00, 0x00, 0x00, 0x00, 0x00,
    0x00, 0x00, 0x00, 0xFE, 0x00, 0x00, 0x0F, 0xEE, 0x00, 0x00, 0xFE, 0xEE, 0x00, 0x0F, 0xEE, 0xEE,
    0x00, 0xFE, 0xEE, 0xEE, 0x0F, 0xEE, 0xEE, 0xEE, 0xFE, 0xEE, 0xEE, 0xEE, 0xEE, 0xEE, 0xEE, 0xEE,
    0xEF, 0x00, 0x00, 0x00, 0xEE, 0xF0, 0x00, 0x00, 0xEE, 0xEF, 0x00, 0x00, 0xEE, 0xEE, 0xF0, 0x00,
    0xEE, 0xEE, 0xEF, 0x00, 0xEE, 0xEE, 0xEE, 0xF0, 0xEE, 0xEE, 0xEE, 0xEF, 0xEE, 0xEE, 0xEE, 0xEE,
    0x00, 0x00, 0x00, 0xF0, 0x00, 0x00, 0x0F, 0x00, 0x00, 0x00, 0xF0, 0x00, 0x00, 0x0F, 0x00, 0x00,
    0x00, 0xF0, 0x00, 0x00, 0x0F, 0x00, 0x00, 0x00, 0xF0, 0x00, 0x00, 0x00, 0x00, 0x00, 0x00, 0x00,
    0x0F, 0x00, 0x00, 0x00, 0x00, 0xF0, 0x00, 0x00, 0x00, 0x0F, 0x00, 0x00, 0x00, 0x00, 0xF0, 0x00,
    0x00, 0x00, 0x0F, 0x00, 0x00, 0x00, 0x00, 0xF0, 0x00, 0x00, 0x00, 0x0F, 0x00, 0x00, 0x00, 0x00,
    0x00, 0x00, 0x00, 0x0F, 0x00, 0x00, 0x00, 0xF0, 0x00, 0x00, 0x0F, 0x00, 0x00, 0x00, 0xF0, 0x00,
    0x00, 0x0F, 0x00, 0x00, 0x00, 0xF0, 0x00, 0x00, 0x0F, 0x00, 0x00, 0x00, 0xFF, 0xFF, 0xFF, 0xFF,
    0xF0, 0x00, 0x00, 0x00, 0x0F, 0x00, 0x00, 0x00, 0x00, 0xF0, 0x00, 0x00, 0x00, 0x0F, 0x00, 0x00,
    0x00, 0x00, 0xF0, 0x00, 0x00, 0x00, 0x0F, 0x00, 0x00, 0x00, 0x00, 0xF0, 0xFF, 0xFF, 0xFF, 0xFF,
    0x00, 0x00, 0x00, 0x0F, 0x00, 0x00, 0x00, 0xF0, 0x00, 0x00, 0x0F, 0x00, 0x00, 0x00, 0xF0, 0x00,
    0x00, 0x0F, 0x00, 0x00, 0x00, 0xF0, 0x00, 0x00, 0x0F, 0x00, 0x00, 0x00, 0xF0, 0x00, 0x00, 0x0F,
    0xF0, 0x00, 0x00, 0x00, 0x0F, 0x00, 0x00, 0x00, 0x00, 0xF0, 0x00, 0x00, 0x00, 0x0F, 0x00, 0x00,
    0x00, 0x00, 0xF0, 0x00, 0x00, 0x00, 0x0F, 0x00, 0x00, 0x00, 0x00, 0xF0, 0xF0, 0x00, 0x00, 0x0F,
    0x00, 0x00, 0x00, 0x0F, 0x00, 0x00, 0x00, 0x00, 0x00, 0x00, 0x00, 0x00, 0x00, 0x00, 0x00, 0x00,
    0x00, 0x00, 0x00, 0x00, 0x00, 0x00, 0x00, 0x00, 0x00, 0x00, 0x00, 0x00, 0xFF, 0xFF, 0xFF, 0xFF,
    0xF0, 0x00, 0x00, 0x00, 0x00, 0x00, 0x00, 0x00, 0x00, 0x00, 0x00, 0x00, 0x00, 0x00, 0x00, 0x00,
    0x00, 0x00, 0x00, 0x00, 0x00, 0x00, 0x00, 0x00, 0x00, 0x00, 0x00, 0x00, 0xFF, 0xFF, 0xFF, 0xFF,
    0xFF, 0xFF, 0xFF, 0xFF, 0x00, 0x00, 0x00, 0x00, 0x00, 0x00, 0x00, 0x00, 0x00, 0x00, 0x00, 0x00,
    0x00, 0x00, 0x00, 0x00, 0x00, 0x00, 0x00, 0x00, 0x00, 0x00, 0x00, 0x00, 0xFF, 0xFF, 0xFF, 0xFF
};

const unsigned char underworld_bg_chr_x4[16640] = {
    0x33, 0x33, 0x33, 0x33, 0x30, 0x00, 0x00, 0x00, 0x32, 0x20, 0x00, 0x00, 0x32, 0x21, 0x00, 0x00,
    0x32, 0x21, 0x22, 0x20, 0x32, 0x21, 0x22, 0x21, 0x32, 0x21, 0x22, 0x21, 0x32, 0x21, 0x22, 0x21,
    0x32, 0x21, 0x22, 0x21, 0x32, 0x21, 0x22, 0x21, 0x32, 0x21, 0x22, 0x21, 0x32, 0x21, 0x22, 0x21,
    0x32, 0x21, 0x22, 0x21, 0x32, 0x21, 0x22, 0x21, 0x32, 0x21, 0x22, 0x21, 0x33, 0x33, 0x33, 0x33,
    0x33, 0x33, 0x33, 0x33, 0x00, 0x00, 0x00, 0x03, 0x00, 0x00, 0x00, 0x03, 0x00, 0x00, 0x00, 0x03,
    0x00, 0x00, 0x00, 0x03, 0x00, 0x00, 0x00, 0x03, 0x22, 0x20, 0x00, 0x03, 0x22, 0x21, 0x00, 0x03,
    0x22, 0x21, 0x22, 0x23, 0x22, 0x21, 0x22, 0x23, 0x22, 0x21, 0x22, 0x23, 0x22, 0x21, 0x22, 0x23,
    0x22, 0x21, 0x22, 0x23, 0x22, 0x21, 0x22, 0x23, 0x22, 0x21, 0x22, 0x23, 0x33, 0x33, 0x33, 0x33,
    0x23, 0x33, 0x33, 0x33, 0x32, 0x22, 0x22, 0x22, 0x32, 0x22, 0x22, 0x22, 0x32, 0x22, 0x22, 0x22,
    0x32, 0x22, 0x22, 0x22, 0x32, 0x22, 0x22, 0x22, 0x32, 0x22, 0x22, 0x22, 0x32, 0x22, 0x22, 0x22,
    0x32, 0x22, 0x22, 0x22, 0x32, 0x22, 0x22, 0x22, 0x32, 0x22, 0x22, 0x22, 0x32, 0x22, 0x22, 0x22,
    0x32, 0x22, 0x22, 0x22, 0x32, 0x22, 0x22, 0x22, 0x32, 0x22, 0x22, 0x22, 0x20, 0x00, 0x00, 0x00,
    0x33, 0x33, 0x33, 0x32, 0x22, 0x22, 0x22, 0x20, 0x22, 0x22, 0x22, 0x20, 0x22, 0x22, 0x22, 0x20,
    0x22, 0x22, 0x22, 0x20, 0x22, 0x22, 0x22, 0x20, 0x22, 0x22, 0x22, 0x20, 0x22, 0x22, 0x22, 0x20,
    0x22, 0x22, 0x22, 0x20, 0x22, 0x22, 0x22, 0x20, 0x22, 0x22, 0x22, 0x20, 0x22, 0x22, 0x22, 0x20,
    0x22, 0x22, 0x22, 0x20, 0x22, 0x22, 0x22, 0x20, 0x22, 0x22, 0x22, 0x20, 0x00, 0x00, 0x00, 0x02,
    0x22, 0x22, 0x22, 0x22, 0x22, 0x22, 0x22, 0x22, 0x22, 0x22, 0x22, 0x22, 0x22, 0x22, 0x22, 0x22,
    0x11, 0x11, 0x11, 0x11, 0x33, 0x33, 0x33, 0x33, 0x22, 0x22, 0x22, 0x22, 0x22, 0x22, 0x22, 0x22,
    0x32, 0x20, 0x00, 0x00, 0x32, 0x21, 0x11, 0x11, 0x32, 0x21, 0x11, 0x11, 0x32, 0x22, 0x11, 0x11,
    0x13, 0x22, 0x11, 0x11, 0x23, 0x22, 0x11, 0x11, 0x23, 0x22, 0x21, 0x11, 0x22, 0x32, 0x21, 0x11,
    0x22, 0x32, 0x21, 0x11, 0x22, 0x32, 0x22, 0x11, 0x22, 0x23, 0x22, 0x11, 0x11, 0x13, 0x22, 0x11,
    0x33, 0x13, 0x22, 0x21, 0x22, 0x22, 0x32, 0x21, 0x22, 0x22, 0x32, 0x21, 0x22, 0x20, 0x32, 0x20,
    0x00, 0x00, 0x02, 0x21, 0x11, 0x11, 0x12, 0x21, 0x11, 0x11, 0x12, 0x21, 0x11, 0x11, 0x22, 0x21,
    0x11, 0x11, 0x22, 0x13, 0x11, 0x11, 0x22, 0x12, 0x11, 0x12, 0x22, 0x12, 0x11, 0x12, 0x21, 0x22,
    0x11, 0x12, 0x21, 0x22, 0x11, 0x22, 0x21, 0x22, 0x11, 0x22, 0x12, 0x22, 0x11, 0x22, 0x11, 0x11,
    0x12, 0x22, 0x13, 0x33, 0x12, 0x21, 0x22, 0x22, 0x12, 0x21, 0x22, 0x22, 0x02, 0x21, 0x02, 0x22,
    0x22, 0x22, 0x22, 0x22, 0x22, 0x22, 0x22, 0x22, 0x33, 0x33, 0x33, 0x33, 0x11, 0x11, 0x11, 0x11,
    0x22, 0x22, 0x22, 0x22, 0x22, 0x22, 0x22, 0x22, 0x22, 0x22, 0x22, 0x22, 0x22, 0x22, 0x22, 0x22,
    0x22, 0x20, 0x32, 0x20, 0x22, 0x22, 0x32, 0x21, 0x22, 0x22, 0x32, 0x21, 0x33, 0x13, 0x22, 0x21,
    0x11, 0x13, 0x22, 0x11, 0x22, 0x23, 0x22, 0x11, 0x22, 0x32, 0x22, 0x11, 0x22, 0x32, 0x21, 0x11,
    0x22, 0x32, 0x21, 0x11, 0x23, 0x22, 0x21, 0x11, 0x23, 0x22, 0x11, 0x11, 0x13, 0x22, 0x11, 0x11,
    0x32, 0x22, 0x11, 0x11, 0x32, 0x21, 0x11, 0x11, 0x32, 0x21, 0x11, 0x11, 0x32, 0x20, 0x00, 0x00,
    0x02, 0x21, 0x02, 0x22, 0x12, 0x21, 0x22, 0x22, 0x12, 0x21, 0x22, 0x22, 0x12, 0x22, 0x13, 0x33,
    0x11, 0x22, 0x11, 0x11, 0x11, 0x22, 0x12, 0x22, 0x11, 0x22, 0x21, 0x22, 0x11, 0x12, 0x21, 0x22,
    0x11, 0x12, 0x21, 0x22, 0x11, 0x12, 0x22, 0x12, 0x11, 0x11, 0x22, 0x12, 0x11, 0x11, 0x22, 0x13,
    0x11, 0x11, 0x22, 0x21, 0x11, 0x11, 0x12, 0x21, 0x11, 0x11, 0x12, 0x21, 0x00, 0x00, 0x02, 0x21,
    0x22, 0x22, 0x13, 0x22, 0x22, 0x22, 0x13, 0x22, 0x22, 0x22, 0x13, 0x22, 0x22, 0x22, 0x13, 0x22,
    0x22, 0x22, 0x13, 0x22, 0x22, 0x22, 0x13, 0x22, 0x22, 0x22, 0x13, 0x22, 0x22, 0x22, 0x13, 0x22,
    0x33, 0x33, 0x12, 0x22, 0x22, 0x22, 0x33, 0x32, 0x22, 0x22, 0x22, 0x23, 0x01, 0x12, 0x22, 0x22,
    0x01, 0x11, 0x11, 0x22, 0x01, 0x11, 0x11, 0x11, 0x01, 0x11, 0x11, 0x11, 0x01, 0x11, 0x11, 0x11,
    0x01, 0x11, 0x11, 0x11, 0x01, 0x11, 0x11, 0x11, 0x01, 0x11, 0x11, 0x11, 0x01, 0x11, 0x11, 0x22,
    0x01, 0x12, 0x22, 0x22, 0x22, 0x22, 0x22, 0x21, 0x22, 0x22, 0x11, 0x12, 0x11, 0x11, 0x32, 0x22,
    0x22, 0x21, 0x32, 0x22, 0x22, 0x21, 0x32, 0x22, 0x33, 0x21, 0x12, 0x22, 0x22, 0x33, 0x32, 0x20,
    0x22, 0x22, 0x23, 0x33, 0x12, 0x22, 0x22, 0x22, 0x11, 0x11, 0x22, 0x22, 0x11, 0x11, 0x11, 0x10,
    0x11, 0x11, 0x11, 0x10, 0x11, 0x11, 0x22, 0x22, 0x12, 0x22, 0x22, 0x22, 0x22, 0x22, 0x21, 0x11,
    0x22, 0x11, 0x12, 0x20, 0x11, 0x21, 0x32, 0x22, 0x22, 0x21, 0x32, 0x22, 0x22, 0x21, 0x32, 0x22,
    0x22, 0x31, 0x22, 0x22, 0x22, 0x31, 0x22, 0x22, 0x22, 0x31, 0x22, 0x22, 0x22, 0x31, 0x22, 0x22,
    0x22, 0x31, 0x22, 0x22, 0x22, 0x31, 0x22, 0x22, 0x22, 0x31, 0x22, 0x22, 0x22, 0x31, 0x22, 0x22,
    0x22, 0x23, 0x12, 0x22, 0x22, 0x23, 0x12, 0x22, 0x22, 0x21, 0x12, 0x33, 0x02, 0x23, 0x33, 0x22,
    0x33, 0x32, 0x22, 0x22, 0x22, 0x22, 0x22, 0x21, 0x22, 0x22, 0x11, 0x11, 0x01, 0x11, 0x11, 0x11,
    0x01, 0x11, 0x11, 0x11, 0x22, 0x22, 0x11, 0x11, 0x22, 0x22, 0x22, 0x21, 0x11, 0x12, 0x22, 0x22,
    0x02, 0x21, 0x11, 0x22, 0x22, 0x23, 0x12, 0x11, 0x22, 0x23, 0x12, 0x22, 0x22, 0x23, 0x12, 0x22,
    0x22, 0x21, 0x33, 0x33, 0x23, 0x33, 0x22, 0x22, 0x32, 0x22, 0x22, 0x22, 0x22, 0x22, 0x21, 0x10,
    0x22, 0x11, 0x11, 0x10, 0x11, 0x11, 0x11, 0x10, 0x11, 0x11, 0x11, 0x10, 0x11, 0x11, 0x11, 0x10,
    0x11, 0x11, 0x11, 0x10, 0x11, 0x11, 0x11, 0x10, 0x11, 0x11, 0x11, 0x10, 0x22, 0x11, 0x11, 0x10,
    0x22, 0x22, 0x21, 0x10, 0x12, 0x22, 0x22, 0x22, 0x21, 0x11, 0x22, 0x22, 0x22, 0x23, 0x11, 0x11,
    0x20, 0x20, 0x22, 0x22, 0x22, 0x02, 0x22, 0x02, 0x02, 0x20, 0x22, 0x20, 0x02, 0x20, 0x20, 0x00,
    0x20, 0x20, 0x00, 0x00, 0x22, 0x00, 0x00, 0x00, 0x20, 0x00, 0x00, 0x00, 0x20, 0x00, 0x00, 0x00,
    0x20, 0x22, 0x22, 0x22, 0x02, 0x22, 0x02, 0x20, 0x02, 0x20, 0x22, 0x20, 0x00, 0x02, 0x22, 0x20,
    0x00, 0x00, 0x02, 0x02, 0x00, 0x00, 0x00, 0x22, 0x00, 0x00, 0x00, 0x02, 0x00, 0x00, 0x00, 0x02,
    0x20, 0x00, 0x00, 0x00, 0x20, 0x00, 0x00, 0x00, 0x22, 0x00, 0x00, 0x00, 0x20, 0x20, 0x00, 0x00,
    0x02, 0x22, 0x20, 0x00, 0x02, 0x22, 0x02, 0x20, 0x02, 0x20, 0x22, 0x20, 0x22, 0x22, 0x22, 0x02,
    0x00, 0x00, 0x00, 0x02, 0x00, 0x00, 0x00, 0x02, 0x00, 0x00, 0x00, 0x22, 0x00, 0x00, 0x02, 0x02,
    0x00, 0x02, 0x02, 0x20, 0x02, 0x22, 0x02, 0x20, 0x20, 0x22, 0x20, 0x22, 0x22, 0x22, 0x02, 0x02,
    0x22, 0x02, 0x20, 0x22, 0x22, 0x20, 0x22, 0x00, 0x22, 0x20, 0x20, 0x00, 0x22, 0x22, 0x00, 0x00,
    0x22, 0x22, 0x00, 0x00, 0x02, 0x20, 0x00, 0x00, 0x20, 0x20, 0x00, 0x00, 0x20, 0x00, 0x00, 0x00,
    0x22, 0x00, 0x00, 0x00, 0x20, 0x20, 0x00, 0x00, 0x22, 0x20, 0x00, 0x00, 0x22, 0x22, 0x00, 0x00,
    0x22, 0x22, 0x00, 0x00, 0x22, 0x20, 0x20, 0x00, 0x22, 0x02, 0x22, 0x00, 0x20, 0x22, 0x22, 0x22,
    0x22, 0x02, 0x20, 0x22, 0x00, 0x22, 0x02, 0x22, 0x00, 0x02, 0x02, 0x22, 0x00, 0x00, 0x22, 0x22,
    0x00, 0x00, 0x22, 0x22, 0x00, 0x00, 0x02, 0x20, 0x00, 0x00, 0x02, 0x02, 0x00, 0x00, 0x00, 0x02,
    0x00, 0x00, 0x00, 0x22, 0x00, 0x00, 0x02, 0x02, 0x00, 0x00, 0x02, 0x22, 0x00, 0x00, 0x22, 0x22,
    0x00, 0x00, 0x22, 0x22, 0x00, 0x02, 0x02, 0x22, 0x00, 0x22, 0x20, 0x22, 0x22, 0x22, 0x22, 0x02,
    0x20, 0x02, 0x22, 0x23, 0x01, 0x10, 0x23, 0x13, 0x01, 0x11, 0x03, 0x31, 0x01, 0x10, 0x10, 0x01,
    0x01, 0x12, 0x01, 0x01, 0x20, 0x12, 0x00, 0x10, 0x20, 0x11, 0x20, 0x10, 0x20, 0x01, 0x22, 0x10,
    0x00, 0x01, 0x11, 0x11, 0x01, 0x00, 0x31, 0x31, 0x01, 0x01, 0x33, 0x30, 0x01, 0x01, 0x13, 0x30,
    0x01, 0x01, 0x33, 0x30, 0x20, 0x10, 0x13, 0x30, 0x22, 0x01, 0x11, 0x13, 0x22, 0x01, 0x11, 0x11,
    0x31, 0x33, 0x13, 0x30, 0x31, 0x31, 0x33, 0x02, 0x31, 0x31, 0x30, 0x22, 0x10, 0x01, 0x10, 0x02,
    0x03, 0x30, 0x11, 0x10, 0x33, 0x03, 0x11, 0x10, 0x33, 0x00, 0x11, 0x02, 0x33, 0x11, 0x13, 0x02,
    0x00, 0x10, 0x03, 0x22, 0x01, 0x00, 0x00, 0x22, 0x11, 0x00, 0x02, 0x22, 0x10, 0x00, 0x00, 0x22,
    0x10, 0x00, 0x11, 0x02, 0x10, 0x01, 0x11, 0x10, 0x01, 0x12, 0x22, 0x20, 0x12, 0x21, 0x11, 0x02,
    0x00, 0x00, 0x00, 0x00, 0x11, 0x11, 0x11, 0x11, 0x11, 0x11, 0x11, 0x11, 0x33, 0x33, 0x33, 0x33,
    0x31, 0x11, 0x11, 0x11, 0x31, 0x11, 0x11, 0x11, 0x31, 0x11, 0x11, 0x10, 0x13, 0x11, 0x11, 0x00,
    0x13, 0x11, 0x11, 0x00, 0x13, 0x11, 0x11, 0x10, 0x13, 0x11, 0x11, 0x10, 0x11, 0x31, 0x11, 0x10,
    0x11, 0x31, 0x11, 0x10, 0x11, 0x31, 0x11, 0x11, 0x11, 0x31, 0x11, 0x11, 0x00, 0x00, 0x00, 0x00,
    0x00, 0x00, 0x00, 0x00, 0x11, 0x11, 0x11, 0x11, 0x11, 0x11, 0x11, 0x11, 0x33, 0x33, 0x33, 0x33,
    0x11, 0x11, 0x11, 0x13, 0x11, 0x11, 0x11, 0x13, 0x01, 0x11, 0x11, 0x13, 0x00, 0x11, 0x11, 0x31,
    0x00, 0x11, 0x11, 0x31, 0x01, 0x11, 0x11, 0x31, 0x01, 0x11, 0x11, 0x31, 0x01, 0x11, 0x13, 0x11,
    0x01, 0x11, 0x13, 0x11, 0x11, 0x11, 0x13, 0x11, 0x11, 0x11, 0x13, 0x11, 0x00, 0x00, 0x00, 0x00,
    0x00, 0x00, 0x00, 0x00, 0x11, 0x31, 0x11, 0x11, 0x11, 0x31, 0x11, 0x11, 0x11, 0x31, 0x11, 0x10,
    0x11, 0x31, 0x11, 0x10, 0x13, 0x11, 0x11, 0x10, 0x13, 0x11, 0x11, 0x10, 0x13, 0x11, 0x11, 0x00,
    0x13, 0x11, 0x11, 0x00, 0x31, 0x11, 0x11, 0x10, 0x31, 0x11, 0x11, 0x11, 0x31, 0x11, 0x11, 0x11,
    0x33, 0x33, 0x33, 0x33, 0x11, 0x11, 0x11, 0x11, 0x11, 0x11, 0x11, 0x11, 0x00, 0x00, 0x00, 0x00,
    0x00, 0x00, 0x00, 0x00, 0x11, 0x11, 0x13, 0x11, 0x11, 0x11, 0x13, 0x11, 0x01, 0x11, 0x13, 0x11,
    0x01, 0x11, 0x13, 0x11, 0x01, 0x11, 0x11, 0x31, 0x01, 0x11, 0x11, 0x31, 0x00, 0x11, 0x11, 0x31,
    0x00, 0x11, 0x11, 0x31, 0x01, 0x11, 0x11, 0x13, 0x11, 0x11, 0x11, 0x13, 0x11, 0x11, 0x11, 0x13,
    0x33, 0x33, 0x33, 0x33, 0x11, 0x11, 0x11, 0x11, 0x11, 0x11, 0x11, 0x11, 0x00, 0x00, 0x00, 0x00,
    0x01, 0x13, 0x33, 0x31, 0x01, 0x13, 0x11, 0x13, 0x01, 0x13, 0x11, 0x11, 0x01, 0x13, 0x11, 0x11,
    0x01, 0x13, 0x11, 0x11, 0x01, 0x13, 0x11, 0x11, 0x01, 0x13, 0x11, 0x10, 0x01, 0x13, 0x11, 0x00,
    0x01, 0x13, 0x11, 0x00, 0x01, 0x13, 0x11, 0x10, 0x01, 0x13, 0x11, 0x11, 0x01, 0x13, 0x11, 0x11,
    0x01, 0x13, 0x11, 0x11, 0x01, 0x13, 0x11, 0x11, 0x01, 0x13, 0x11, 0x13, 0x01, 0x13, 0x33, 0x31,
    0x11, 0x11, 0x11, 0x10, 0x33, 0x31, 0x11, 0x10, 0x11, 0x13, 0x33, 0x30, 0x11, 0x11, 0x11, 0x10,
    0x11, 0x11, 0x11, 0x10, 0x11, 0x11, 0x11, 0x10, 0x01, 0x11, 0x11, 0x10, 0x00, 0x00, 0x01, 0x10,
    0x00, 0x00, 0x01, 0x10, 0x01, 0x11, 0x11, 0x10, 0x11, 0x11, 0x11, 0x10, 0x11, 0x11, 0x11, 0x10,
    0x11, 0x11, 0x11, 0x10, 0x11, 0x13, 0x33, 0x30, 0x33, 0x31, 0x11, 0x10, 0x11, 0x11, 0x11, 0x10,
    0x01, 0x11, 0x11, 0x11, 0x01, 0x11, 0x13, 0x33, 0x03, 0x33, 0x31, 0x11, 0x01, 0x11, 0x11, 0x11,
    0x01, 0x11, 0x11, 0x11, 0x01, 0x11, 0x11, 0x11, 0x01, 0x11, 0x11, 0x10, 0x01, 0x10, 0x00, 0x00,
    0x01, 0x10, 0x00, 0x00, 0x01, 0x11, 0x11, 0x10, 0x01, 0x11, 0x11, 0x11, 0x01, 0x11, 0x11, 0x11,
    0x01, 0x11, 0x11, 0x11, 0x03, 0x33, 0x31, 0x11, 0x01, 0x11, 0x13, 0x33, 0x01, 0x11, 0x11, 0x11,
    0x13, 0x33, 0x31, 0x10, 0x31, 0x11, 0x31, 0x10, 0x11, 0x11, 0x31, 0x10, 0x11, 0x11, 0x31, 0x10,
    0x11, 0x11, 0x31, 0x10, 0x11, 0x11, 0x31, 0x10, 0x01, 0x11, 0x31, 0x10, 0x00, 0x11, 0x31, 0x10,
    0x00, 0x11, 0x31, 0x10, 0x01, 0x11, 0x31, 0x10, 0x11, 0x11, 0x31, 0x10, 0x11, 0x11, 0x31, 0x10,
    0x11, 0x11, 0x31, 0x10, 0x11, 0x11, 0x31, 0x10, 0x31, 0x11, 0x31, 0x10, 0x13, 0x33, 0x31, 0x10,
    0x00, 0x00, 0x00, 0x00, 0x11, 0x11, 0x11, 0x11, 0x11, 0x11, 0x11, 0x10, 0x11, 0x11, 0x11, 0x30,
    0x11, 0x11, 0x13, 0x11, 0x11, 0x11, 0x31, 0x11, 0x11, 0x13, 0x11, 0x10, 0x11, 0x31, 0x11, 0x10,
    0x11, 0x31, 0x11, 0x11, 0x11, 0x13, 0x11, 0x11, 0x11, 0x11, 0x31, 0x10, 0x11, 0x11, 0x13, 0x10,
    0x11, 0x11, 0x11, 0x33, 0x11, 0x11, 0x11, 0x11, 0x11, 0x11, 0x11, 0x10, 0x00, 0x00, 0x00, 0x00,
    0x00, 0x00, 0x00, 0x00, 0x01, 0x11, 0x11, 0x11, 0x11, 0x11, 0x11, 0x11, 0x33, 0x11, 0x11, 0x11,
    0x01, 0x31, 0x11, 0x11, 0x01, 0x13, 0x11, 0x11, 0x11, 0x11, 0x31, 0x11, 0x11, 0x11, 0x13, 0x11,
    0x01, 0x11, 0x13, 0x11, 0x01, 0x11, 0x31, 0x11, 0x11, 0x13, 0x11, 0x11, 0x11, 0x31, 0x11, 0x11,
    0x03, 0x11, 0x11, 0x11, 0x01, 0x11, 0x11, 0x11, 0x11, 0x11, 0x11, 0x11, 0x00, 0x00, 0x00, 0x00,
    0x01, 0x11, 0x11, 0x11, 0x01, 0x11, 0x11, 0x11, 0x01, 0x11, 0x11, 0x13, 0x01, 0x11, 0x11, 0x31,
    0x01, 0x11, 0x13, 0x11, 0x01, 0x11, 0x31, 0x11, 0x01, 0x13, 0x11, 0x11, 0x00, 0x13, 0x00, 0x11,
    0x01, 0x00, 0x11, 0x00, 0x01, 0x13, 0x11, 0x11, 0x01, 0x11, 0x31, 0x11, 0x01, 0x11, 0x13, 0x11,
    0x01, 0x11, 0x11, 0x31, 0x01, 0x11, 0x11, 0x13, 0x01, 0x11, 0x11, 0x11, 0x01, 0x11, 0x11, 0x11,
    0x11, 0x11, 0x11, 0x10, 0x11, 0x11, 0x11, 0x10, 0x31, 0x11, 0x11, 0x10, 0x13, 0x11, 0x11, 0x10,
    0x11, 0x31, 0x11, 0x10, 0x11, 0x13, 0x11, 0x10, 0x11, 0x11, 0x31, 0x10, 0x00, 0x11, 0x00, 0x10,
    0x11, 0x00, 0x31, 0x00, 0x11, 0x11, 0x31, 0x10, 0x11, 0x13, 0x11, 0x10, 0x11, 0x31, 0x11, 0x10,
    0x13, 0x11, 0x11, 0x10, 0x31, 0x11, 0x11, 0x10, 0x11, 0x11, 0x11, 0x10, 0x11, 0x11, 0x11, 0x10,
    0x23, 0x33, 0x33, 0x33, 0x32, 0x33, 0x33, 0x33, 0x33, 0x23, 0x33, 0x33, 0x33, 0x32, 0x33, 0x33,
    0x33, 0x33, 0x23, 0x33, 0x33, 0x33, 0x32, 0x22, 0x33, 0x33, 0x32, 0x22, 0x33, 0x33, 0x32, 0x22,
    0x33, 0x33, 0x32, 0x22, 0x33, 0x33, 0x32, 0x22, 0x33, 0x33, 0x32, 0x22, 0x33, 0x33, 0x31, 0x11,
    0x33, 0x33, 0x11, 0x11, 0x33, 0x31, 0x11, 0x11, 0x33, 0x11, 0x11, 0x11, 0x31, 0x11, 0x11, 0x11,
    0x33, 0x33, 0x33, 0x31, 0x33, 0x33, 0x33, 0x11, 0x33, 0x33, 0x31, 0x11, 0x33, 0x33, 0x11, 0x11,
    0x33, 0x31, 0x11, 0x11, 0x22, 0x21, 0x11, 0x11, 0x22, 0x21, 0x11, 0x11, 0x22, 0x21, 0x11, 0x11,
    0x22, 0x21, 0x11, 0x11, 0x22, 0x21, 0x11, 0x11, 0x22, 0x21, 0x11, 0x11, 0x11, 0x12, 0x11, 0x11,
    0x11, 0x11, 0x21, 0x11, 0x11, 0x11, 0x12, 0x11, 0x11, 0x11, 0x11, 0x21, 0x11, 0x11, 0x11, 0x12,
    0x20, 0x00, 0x22, 0x00, 0x02, 0x21, 0x00, 0x11, 0x02, 0x22, 0x11, 0x33, 0x03, 0x22, 0x21, 0x03,
    0x03, 0x02, 0x21, 0x13, 0x20, 0x00, 0x22, 0x10, 0x22, 0x00, 0x00, 0x20, 0x22, 0x00, 0x22, 0x22,
    0x20, 0x22, 0x21, 0x11, 0x02, 0x21, 0x11, 0x10, 0x00, 0x00, 0x00, 0x01, 0x22, 0x03, 0x33, 0x11,
    0x20, 0x00, 0x01, 0x11, 0x03, 0x33, 0x11, 0x11, 0x00, 0x00, 0x11, 0x11, 0x03, 0x33, 0x11, 0x10,
    0x02, 0x22, 0x00, 0x00, 0x10, 0x20, 0x11, 0x10, 0x01, 0x01, 0x11, 0x10, 0x30, 0x11, 0x11, 0x02,
    0x30, 0x11, 0x33, 0x33, 0x00, 0x13, 0x33, 0x30, 0x11, 0x03, 0x30, 0x02, 0x11, 0x03, 0x33, 0x10,
    0x10, 0x01, 0x11, 0x10, 0x11, 0x11, 0x11, 0x10, 0x10, 0x11, 0x11, 0x10, 0x01, 0x11, 0x00, 0x10,
    0x10, 0x10, 0x11, 0x02, 0x10, 0x10, 0x11, 0x02, 0x11, 0x01, 0x01, 0x10, 0x00, 0x00, 0x11, 0x10,
    0x11, 0x12, 0x22, 0x22, 0x33, 0x31, 0x12, 0x22, 0x22, 0x23, 0x31, 0x12, 0x22, 0x22, 0x23, 0x31,
    0x22, 0x22, 0x22, 0x23, 0x22, 0x22, 0x22, 0x22, 0x22, 0x22, 0x22, 0x22, 0x22, 0x22, 0x22, 0x22,
    0x22, 0x22, 0x22, 0x22, 0x22, 0x22, 0x22, 0x22, 0x22, 0x22, 0x22, 0x22, 0x22, 0x22, 0x22, 0x21,
    0x22, 0x22, 0x21, 0x13, 0x22, 0x21, 0x13, 0x32, 0x11, 0x13, 0x32, 0x22, 0x33, 0x32, 0x22, 0x22,
    0x22, 0x22, 0x22, 0x22, 0x22, 0x22, 0x22, 0x22, 0x22, 0x22, 0x22, 0x22, 0x12, 0x22, 0x22, 0x22,
    0x31, 0x12, 0x22, 0x22, 0x23, 0x31, 0x12, 0x22, 0x22, 0x23, 0x31, 0x11, 0x22, 0x22, 0x23, 0x33,
    0x22, 0x22, 0x21, 0x11, 0x22, 0x21, 0x13, 0x33, 0x21, 0x13, 0x32, 0x22, 0x13, 0x32, 0x22, 0x22,
    0x32, 0x22, 0x22, 0x22, 0x22, 0x22, 0x22, 0x22, 0x22, 0x22, 0x22, 0x22, 0x22, 0x22, 0x22, 0x22,
    0x22, 0x21, 0x32, 0x22, 0x22, 0x21, 0x32, 0x22, 0x22, 0x21, 0x11, 0x12, 0x22, 0x21, 0x33, 0x31,
    0x22, 0x21, 0x32, 0x23, 0x22, 0x21, 0x32, 0x22, 0x22, 0x21, 0x32, 0x22, 0x22, 0x21, 0x32, 0x22,
    0x22, 0x21, 0x32, 0x22, 0x22, 0x21, 0x32, 0x22, 0x22, 0x21, 0x32, 0x22, 0x22, 0x21, 0x32, 0x21,
    0x22, 0x21, 0x11, 0x13, 0x22, 0x21, 0x33, 0x32, 0x22, 0x21, 0x32, 0x22, 0x22, 0x21, 0x32, 0x22,
    0x22, 0x23, 0x12, 0x22, 0x22, 0x23, 0x12, 0x22, 0x22, 0x23, 0x12, 0x22, 0x12, 0x23, 0x12, 0x22,
    0x31, 0x11, 0x12, 0x22, 0x23, 0x33, 0x12, 0x22, 0x22, 0x23, 0x12, 0x22, 0x22, 0x23, 0x12, 0x22,
    0x22, 0x23, 0x12, 0x22, 0x22, 0x23, 0x12, 0x22, 0x21, 0x11, 0x12, 0x22, 0x13, 0x33, 0x12, 0x22,
    0x32, 0x23, 0x12, 0x22, 0x22, 0x23, 0x12, 0x22, 0x22, 0x23, 0x12, 0x22, 0x22, 0x23, 0x12, 0x22,
    0x13, 0x22, 0x22, 0x22, 0x13, 0x22, 0x22, 0x22, 0x13, 0x22, 0x22, 0x22, 0x21, 0x32, 0x22, 0x22,
    0x21, 0x32, 0x22, 0x22, 0x22, 0x13, 0x22, 0x22, 0x22, 0x13, 0x22, 0x22, 0x22, 0x21, 0x32, 0x22,
    0x22, 0x21, 0x32, 0x22, 0x22, 0x13, 0x22, 0x22, 0x22, 0x13, 0x22, 0x22, 0x21, 0x32, 0x22, 0x22,
    0x21, 0x32, 0x22, 0x22, 0x13, 0x22, 0x22, 0x22, 0x13, 0x22, 0x22, 0x22, 0x13, 0x22, 0x22, 0x22,
    0x22, 0x21, 0x32, 0x22, 0x22, 0x22, 0x13, 0x22, 0x22, 0x22, 0x13, 0x22, 0x22, 0x22, 0x21, 0x32,
    0x22, 0x22, 0x21, 0x32, 0x22, 0x22, 0x22, 0x13, 0x22, 0x22, 0x22, 0x13, 0x22, 0x22, 0x22, 0x13,
    0x22, 0x22, 0x22, 0x13, 0x22, 0x22, 0x22, 0x13, 0x22, 0x22, 0x22, 0x13, 0x22, 0x22, 0x21, 0x32,
    0x22, 0x22, 0x21, 0x32, 0x22, 0x22, 0x13, 0x22, 0x22, 0x22, 0x13, 0x22, 0x22, 0x21, 0x32, 0x22,
    0x12, 0x22, 0x22, 0x22, 0x21, 0x22, 0x22, 0x22, 0x22, 0x12, 0x22, 0x22, 0x22, 0x21, 0x11, 0x11,
    0x22, 0x21, 0x13, 0x33, 0x22, 0x21, 0x31, 0x22, 0x22, 0x21, 0x32, 0x12, 0x22, 0x21, 0x32, 0x21,
    0x22, 0x21, 0x32, 0x21, 0x22, 0x21, 0x32, 0x12, 0x22, 0x21, 0x31, 0x22, 0x22, 0x21, 0x13, 0x33,
    0x22, 0x21, 0x11, 0x11, 0x22, 0x12, 0x22, 0x22, 0x21, 0x22, 0x22, 0x22, 0x12, 0x22, 0x22, 0x22,
    0x12, 0x23, 0x12, 0x22, 0x21, 0x23, 0x12, 0x22, 0x22, 0x13, 0x12, 0x22, 0x33, 0x31, 0x12, 0x22,
    0x11, 0x11, 0x12, 0x22, 0x22, 0x22, 0x21, 0x22, 0x22, 0x22, 0x22, 0x12, 0x22, 0x22, 0x22, 0x21,
    0x22, 0x22, 0x22, 0x21, 0x22, 0x22, 0x22, 0x12, 0x22, 0x22, 0x21, 0x22, 0x11, 0x11, 0x12, 0x22,
    0x33, 0x31, 0x12, 0x22, 0x22, 0x13, 0x12, 0x22, 0x21, 0x23, 0x12, 0x22, 0x12, 0x23, 0x12, 0x22,
    0x22, 0x21, 0x32, 0x22, 0x22, 0x21, 0x32, 0x22, 0x22, 0x21, 0x32, 0x22, 0x12, 0x21, 0x32, 0x22,
    0x31, 0x11, 0x32, 0x22, 0x23, 0x31, 0x32, 0x22, 0x22, 0x21, 0x32, 0x22, 0x22, 0x21, 0x32, 0x22,
    0x22, 0x21, 0x32, 0x22, 0x22, 0x21, 0x32, 0x22, 0x21, 0x11, 0x32, 0x22, 0x13, 0x31, 0x32, 0x22,
    0x32, 0x21, 0x32, 0x22, 0x22, 0x21, 0x32, 0x22, 0x22, 0x21, 0x32, 0x22, 0x22, 0x21, 0x32, 0x22,
    0x22, 0x23, 0x12, 0x22, 0x22, 0x23, 0x12, 0x22, 0x22, 0x23, 0x11, 0x12, 0x22, 0x23, 0x13, 0x31,
    0x22, 0x23, 0x12, 0x23, 0x22, 0x23, 0x12, 0x22, 0x22, 0x23, 0x12, 0x22, 0x22, 0x23, 0x12, 0x22,
    0x22, 0x23, 0x12, 0x22, 0x22, 0x23, 0x12, 0x22, 0x22, 0x23, 0x12, 0x22, 0x22, 0x23, 0x12, 0x21,
    0x22, 0x23, 0x11, 0x13, 0x22, 0x23, 0x13, 0x32, 0x22, 0x23, 0x12, 0x22, 0x22, 0x23, 0x12, 0x22,
    0x22, 0x22, 0x22, 0x22, 0x22, 0x22, 0x22, 0x22, 0x22, 0x22, 0x22, 0x22, 0x11, 0x11, 0x11, 0x11,
    0x33, 0x13, 0x33, 0x33, 0x22, 0x13, 0x22, 0x22, 0x22, 0x13, 0x22, 0x22, 0x22, 0x21, 0x32, 0x22,
    0x22, 0x21, 0x32, 0x22, 0x22, 0x13, 0x22, 0x22, 0x22, 0x13, 0x22, 0x22, 0x33, 0x13, 0x33, 0x33,
    0x11, 0x11, 0x11, 0x11, 0x22, 0x22, 0x22, 0x22, 0x22, 0x22, 0x22, 0x22, 0x22, 0x22, 0x22, 0x22,
    0x22, 0x21, 0x32, 0x22, 0x22, 0x22, 0x13, 0x22, 0x22, 0x22, 0x13, 0x22, 0x33, 0x33, 0x13, 0x33,
    0x11, 0x11, 0x11, 0x11, 0x22, 0x22, 0x22, 0x22, 0x22, 0x22, 0x22, 0x22, 0x22, 0x22, 0x22, 0x22,
    0x22, 0x22, 0x22, 0x22, 0x22, 0x22, 0x22, 0x22, 0x22, 0x22, 0x22, 0x22, 0x11, 0x11, 0x11, 0x11,
    0x33, 0x33, 0x13, 0x33, 0x22, 0x22, 0x13, 0x22, 0x22, 0x22, 0x13, 0x22, 0x22, 0x21, 0x32, 0x22,
    0x22, 0x21, 0x32, 0x22, 0x22, 0x22, 0x13, 0x22, 0x22, 0x22, 0x13, 0x22, 0x11, 0x11, 0x11, 0x11,
    0x33, 0x33, 0x33, 0x33, 0x22, 0x22, 0x22, 0x22, 0x22, 0x22, 0x22, 0x22, 0x22, 0x22, 0x22, 0x22,
    0x22, 0x22, 0x22, 0x22, 0x22, 0x22, 0x22, 0x22, 0x22, 0x22, 0x22, 0x22, 0x33, 0x33, 0x33, 0x33,
    0x11, 0x11, 0x11, 0x11, 0x22, 0x22, 0x13, 0x22, 0x22, 0x22, 0x13, 0x22, 0x22, 0x21, 0x32, 0x22,
    0x22, 0x22, 0x22, 0x22, 0x22, 0x22, 0x22, 0x22, 0x22, 0x22, 0x22, 0x22, 0x33, 0x33, 0x33, 0x33,
    0x11, 0x11, 0x11, 0x11, 0x22, 0x13, 0x22, 0x22, 0x22, 0x13, 0x22, 0x22, 0x22, 0x21, 0x32, 0x22,
    0x22, 0x21, 0x32, 0x22, 0x22, 0x13, 0x22, 0x22, 0x22, 0x13, 0x22, 0x22, 0x11, 0x11, 0x11, 0x11,
    0x33, 0x33, 0x33, 0x33, 0x22, 0x22, 0x22, 0x22, 0x22, 0x22, 0x22, 0x22, 0x22, 0x22, 0x22, 0x22,
    0x22, 0x22, 0x33, 0x02, 0x22, 0x23, 0x33, 0x02, 0x22, 0x33, 0x33, 0x02, 0x22, 0x33, 0x33, 0x00,
    0x22, 0x33, 0x11, 0x00, 0x22, 0x11, 0x11, 0x10, 0x22, 0x21, 0x11, 0x10, 0x22, 0x22, 0x11, 0x11,
    0x22, 0x22, 0x11, 0x11, 0x22, 0x22, 0x33, 0x30, 0x22, 0x33, 0x33, 0x30, 0x22, 0x11, 0x33, 0x00,
    0x22, 0x33, 0x11, 0x00, 0x22, 0x33, 0x33, 0x02, 0x22, 0x23, 0x33, 0x02, 0x22, 0x22, 0x33, 0x02,
    0x11, 0x11, 0x22, 0x22, 0x03, 0x33, 0x32, 0x22, 0x03, 0x33, 0x33, 0x22, 0x00, 0x33, 0x11, 0x22,
    0x00, 0x11, 0x33, 0x22, 0x20, 0x33, 0x33, 0x22, 0x20, 0x33, 0x32, 0x22, 0x20, 0x33, 0x22, 0x22,
    0x20, 0x33, 0x22, 0x22, 0x20, 0x33, 0x32, 0x22, 0x20, 0x33, 0x33, 0x22, 0x00, 0x33, 0x33, 0x22,
    0x00, 0x11, 0x33, 0x22, 0x01, 0x11, 0x11, 0x22, 0x01, 0x11, 0x12, 0x22, 0x11, 0x11, 0x22, 0x22,
    0x22, 0x22, 0x22, 0x22, 0x22, 0x22, 0x22, 0x22, 0x22, 0x33, 0x31, 0x22, 0x23, 0x33, 0x31, 0x12,
    0x33, 0x33, 0x11, 0x11, 0x33, 0x33, 0x11, 0x11, 0x00, 0x00, 0x01, 0x11, 0x22, 0x20, 0x00, 0x01,
    0x22, 0x20, 0x00, 0x01, 0x00, 0x00, 0x01, 0x11, 0x33, 0x33, 0x11, 0x11, 0x33, 0x33, 0x11, 0x11,
    0x23, 0x33, 0x31, 0x12, 0x22, 0x33, 0x31, 0x22, 0x22, 0x22, 0x22, 0x22, 0x22, 0x22, 0x22, 0x22,
    0x13, 0x00, 0x02, 0x22, 0x13, 0x30, 0x00, 0x00, 0x13, 0x33, 0x13, 0x33, 0x13, 0x33, 0x13, 0x33,
    0x22, 0x31, 0x33, 0x32, 0x22, 0x31, 0x33, 0x22, 0x22, 0x22, 0x22, 0x22, 0x22, 0x22, 0x22, 0x22,
    0x22, 0x22, 0x22, 0x22, 0x22, 0x22, 0x22, 0x22, 0x22, 0x31, 0x33, 0x22, 0x22, 0x31, 0x33, 0x32,
    0x13, 0x33, 0x13, 0x33, 0x13, 0x33, 0x13, 0x33, 0x13, 0x30, 0x00, 0x00, 0x13, 0x00, 0x02, 0x22,
    0x22, 0x22, 0x22, 0x22, 0x22, 0x22, 0x22, 0x22, 0x22, 0x22, 0x22, 0x22, 0x11, 0x11, 0x11, 0x11,
    0x33, 0x33, 0x33, 0x33, 0x22, 0x22, 0x22, 0x22, 0x22, 0x22, 0x22, 0x22, 0x22, 0x22, 0x22, 0x22,
    0x22, 0x22, 0x22, 0x22, 0x22, 0x22, 0x22, 0x22, 0x22, 0x22, 0x22, 0x22, 0x33, 0x33, 0x33, 0x33,
    0x11, 0x11, 0x11, 0x11, 0x22, 0x22, 0x22, 0x22, 0x22, 0x22, 0x22, 0x22, 0x22, 0x22, 0x22, 0x22,
    0x22, 0x21, 0x32, 0x22, 0x22, 0x21, 0x32, 0x22, 0x22, 0x21, 0x32, 0x22, 0x22, 0x21, 0x32, 0x22,
    0x22, 0x21, 0x32, 0x22, 0x22, 0x21, 0x32, 0x22, 0x22, 0x21, 0x32, 0x22, 0x22, 0x21, 0x32, 0x22,
    0x22, 0x23, 0x12, 0x22, 0x22, 0x23, 0x12, 0x22, 0x22, 0x23, 0x12, 0x22, 0x22, 0x23, 0x12, 0x22,
    0x22, 0x23, 0x12, 0x22, 0x22, 0x23, 0x12, 0x22, 0x22, 0x23, 0x12, 0x22, 0x22, 0x23, 0x12, 0x22,
    0x12, 0x22, 0x22, 0x22, 0x21, 0x22, 0x22, 0x22, 0x22, 0x12, 0x22, 0x22, 0x22, 0x21, 0x22, 0x22,
    0x22, 0x22, 0x12, 0x22, 0x22, 0x22, 0x21, 0x22, 0x22, 0x22, 0x22, 0x12, 0x22, 0x22, 0x22, 0x21,
    0x22, 0x22, 0x22, 0x21, 0x22, 0x22, 0x22, 0x12, 0x22, 0x22, 0x21, 0x22, 0x22, 0x22, 0x12, 0x22,
    0x22, 0x21, 0x22, 0x22, 0x22, 0x12, 0x22, 0x22, 0x21, 0x22, 0x22, 0x22, 0x12, 0x22, 0x22, 0x22,
    0x22, 0x22, 0x22, 0x22, 0x20, 0x00, 0x00, 0x02, 0x20, 0x00, 0x00, 0x02, 0x20, 0x00, 0x00, 0x02,
    0x20, 0x00, 0x00, 0x02, 0x20, 0x00, 0x00, 0x02, 0x20, 0x00, 0x00, 0x02, 0x22, 0x22, 0x22, 0x22,
    0x22, 0x22, 0x22, 0x22, 0x20, 0x00, 0x00, 0x02, 0x20, 0x00, 0x00, 0x02, 0x20, 0x00, 0x00, 0x00,
    0x20, 0x00, 0x00, 0x00, 0x20, 0x00, 0x00, 0x02, 0x20, 0x00, 0x00, 0x02, 0x22, 0x22, 0x22, 0x22,
    0x22, 0x22, 0x22, 0x22, 0x20, 0x00, 0x00, 0x02, 0x20, 0x00, 0x00, 0x02, 0x00, 0x00, 0x00, 0x02,
    0x00, 0x00, 0x00, 0x02, 0x20, 0x00, 0x00, 0x02, 0x20, 0x00, 0x00, 0x02, 0x22, 0x22, 0x22, 0x22,
    0x22, 0x22, 0x22, 0x22, 0x20, 0x00, 0x00, 0x02, 0x20, 0x00, 0x00, 0x02, 0x00, 0x00, 0x00, 0x00,
    0x00, 0x00, 0x00, 0x00, 0x20, 0x00, 0x00, 0x02, 0x20, 0x00, 0x00, 0x02, 0x22, 0x22, 0x22, 0x22,
    0x22, 0x22, 0x22, 0x22, 0x20, 0x00, 0x00, 0x02, 0x20, 0x00, 0x00, 0x02, 0x20, 0x00, 0x00, 0x02,
    0x20, 0x00, 0x00, 0x02, 0x20, 0x00, 0x00, 0x02, 0x20, 0x00, 0x00, 0x02, 0x22, 0x20, 0x02, 0x22,
    0x22, 0x22, 0x22, 0x22, 0x20, 0x00, 0x00, 0x02, 0x20, 0x00, 0x00, 0x02, 0x20, 0x00, 0x00, 0x00,
    0x20, 0x00, 0x00, 0x00, 0x20, 0x00, 0x00, 0x02, 0x20, 0x00, 0x00, 0x02, 0x22, 0x20, 0x02, 0x22,
    0x22, 0x22, 0x22, 0x22, 0x20, 0x00, 0x00, 0x02, 0x20, 0x00, 0x00, 0x02, 0x00, 0x00, 0x00, 0x02,
    0x00, 0x00, 0x00, 0x02, 0x20, 0x00, 0x00, 0x02, 0x20, 0x00, 0x00, 0x02, 0x22, 0x20, 0x02, 0x22,
    0x22, 0x22, 0x22, 0x22, 0x20, 0x00, 0x00, 0x02, 0x20, 0x00, 0x00, 0x02, 0x00, 0x00, 0x00, 0x00,
    0x00, 0x00, 0x00, 0x00, 0x20, 0x00, 0x00, 0x02, 0x20, 0x00, 0x00, 0x02, 0x22, 0x20, 0x02, 0x22,
    0x22, 0x20, 0x02, 0x22, 0x20, 0x00, 0x00, 0x02, 0x20, 0x00, 0x00, 0x02, 0x20, 0x00, 0x00, 0x02,
    0x20, 0x00, 0x00, 0x02, 0x20, 0x00, 0x00, 0x02, 0x20, 0x00, 0x00, 0x02, 0x22, 0x22, 0x22, 0x22,
    0x22, 0x20, 0x02, 0x22, 0x20, 0x00, 0x00, 0x02, 0x20, 0x00, 0x00, 0x02, 0x20, 0x00, 0x00, 0x00,
    0x20, 0x00, 0x00, 0x00, 0x20, 0x00, 0x00, 0x02, 0x20, 0x00, 0x00, 0x02, 0x22, 0x22, 0x22, 0x22,
    0x22, 0x20, 0x02, 0x22, 0x20, 0x00, 0x00, 0x02, 0x20, 0x00, 0x00, 0x02, 0x00, 0x00, 0x00, 0x02,
    0x00, 0x00, 0x00, 0x02, 0x20, 0x00, 0x00, 0x02, 0x20, 0x00, 0x00, 0x02, 0x22, 0x22, 0x22, 0x22,
    0x22, 0x20, 0x02, 0x22, 0x20, 0x00, 0x00, 0x02, 0x20, 0x00, 0x00, 0x02, 0x00, 0x00, 0x00, 0x00,
    0x00, 0x00, 0x00, 0x00, 0x20, 0x00, 0x00, 0x02, 0x20, 0x00, 0x00, 0x02, 0x22, 0x22, 0x22, 0x22,
    0x22, 0x20, 0x02, 0x22, 0x20, 0x00, 0x00, 0x02, 0x20, 0x00, 0x00, 0x02, 0x20, 0x00, 0x00, 0x02,
    0x20, 0x00, 0x00, 0x02, 0x20, 0x00, 0x00, 0x02, 0x20, 0x00, 0x00, 0x02, 0x22, 0x20, 0x02, 0x22,
    0x22, 0x20, 0x02, 0x22, 0x20, 0x00, 0x00, 0x02, 0x20, 0x00, 0x00, 0x02, 0x20, 0x00, 0x00, 0x00,
    0x20, 0x00, 0x00, 0x00, 0x20, 0x00, 0x00, 0x02, 0x20, 0x00, 0x00, 0x02, 0x22, 0x20, 0x02, 0x22,
    0x22, 0x20, 0x02, 0x22, 0x20, 0x00, 0x00, 0x02, 0x20, 0x00, 0x00, 0x02, 0x00, 0x00, 0x00, 0x02,
    0x00, 0x00, 0x00, 0x02, 0x20, 0x00, 0x00, 0x02, 0x20, 0x00, 0x00, 0x02, 0x22, 0x20, 0x02, 0x22,
    0x22, 0x20, 0x02, 0x22, 0x20, 0x00, 0x00, 0x02, 0x20, 0x00, 0x00, 0x02, 0x00, 0x00, 0x00, 0x00,
    0x00, 0x00, 0x00, 0x00, 0x20, 0x00, 0x00, 0x02, 0x20, 0x00, 0x00, 0x02, 0x22, 0x20, 0x02, 0x22,
    0x77, 0x77, 0x77, 0x77, 0x70, 0x00, 0x00, 0x00, 0x76, 0x60, 0x00, 0x00, 0x76, 0x65, 0x00, 0x00,
    0x76, 0x65, 0x66, 0x60, 0x76, 0x65, 0x66, 0x65, 0x76, 0x65, 0x66, 0x65, 0x76, 0x65, 0x66, 0x65,
    0x76, 0x65, 0x66, 0x65, 0x76, 0x65, 0x66, 0x65, 0x76, 0x65, 0x66, 0x65, 0x76, 0x65, 0x66, 0x65,
    0x76, 0x65, 0x66, 0x65, 0x76, 0x65, 0x66, 0x65, 0x76, 0x65, 0x66, 0x65, 0x77, 0x77, 0x77, 0x77,
    0x77, 0x77, 0x77, 0x77, 0x00, 0x00, 0x00, 0x07, 0x00, 0x00, 0x00, 0x07, 0x00, 0x00, 0x00, 0x07,
    0x00, 0x00, 0x00, 0x07, 0x00, 0x00, 0x00, 0x07, 0x66, 0x60, 0x00, 0x07, 0x66, 0x65, 0x00, 0x07,
    0x66, 0x65, 0x66, 0x67, 0x66, 0x65, 0x66, 0x67, 0x66, 0x65, 0x66, 0x67, 0x66, 0x65, 0x66, 0x67,
    0x66, 0x65, 0x66, 0x67, 0x66, 0x65, 0x66, 0x67, 0x66, 0x65, 0x66, 0x67, 0x77, 0x77, 0x77, 0x77,
    0x67, 0x77, 0x77, 0x77, 0x76, 0x66, 0x66, 0x66, 0x76, 0x66, 0x66, 0x66, 0x76, 0x66, 0x66, 0x66,
    0x76, 0x66, 0x66, 0x66, 0x76, 0x66, 0x66, 0x66, 0x76, 0x66, 0x66, 0x66, 0x76, 0x66, 0x66, 0x66,
    0x76, 0x66, 0x66, 0x66, 0x76, 0x66, 0x66, 0x66, 0x76, 0x66, 0x66, 0x66, 0x76, 0x66, 0x66, 0x66,
    0x76, 0x66, 0x66, 0x66, 0x76, 0x66, 0x66, 0x66, 0x76, 0x66, 0x66, 0x66, 0x60, 0x00, 0x00, 0x00,
    0x77, 0x77, 0x77, 0x76, 0x66, 0x66, 0x66, 0x60, 0x66, 0x66, 0x66, 0x60, 0x66, 0x66, 0x66, 0x60,
    0x66, 0x66, 0x66, 0x60, 0x66, 0x66, 0x66, 0x60, 0x66, 0x66, 0x66, 0x60, 0x66, 0x66, 0x66, 0x60,
    0x66, 0x66, 0x66, 0x60, 0x66, 0x66, 0x66, 0x60, 0x66, 0x66, 0x66, 0x60, 0x66, 0x66, 0x66, 0x60,
    0x66, 0x66, 0x66, 0x60, 0x66, 0x66, 0x66, 0x60, 0x66, 0x66, 0x66, 0x60, 0x00, 0x00, 0x00, 0x06,
    0x66, 0x66, 0x66, 0x66, 0x66, 0x66, 0x66, 0x66, 0x66, 0x66, 0x66, 0x66, 0x66, 0x66, 0x66, 0x66,
    0x55, 0x55, 0x55, 0x55, 0x77, 0x77, 0x77, 0x77, 0x66, 0x66, 0x66, 0x66, 0x66, 0x66, 0x66, 0x66,
    0x76, 0x60, 0x00, 0x00, 0x76, 0x65, 0x55, 0x55, 0x76, 0x65, 0x55, 0x55, 0x76, 0x66, 0x55, 0x55,
    0x57, 0x66, 0x55, 0x55, 0x67, 0x66, 0x55, 0x55, 0x67, 0x66, 0x65, 0x55, 0x66, 0x76, 0x65, 0x55,
    0x66, 0x76, 0x65, 0x55, 0x66, 0x76, 0x66, 0x55, 0x66, 0x67, 0x66, 0x55, 0x55, 0x57, 0x66, 0x55,
    0x77, 0x57, 0x66, 0x65, 0x66, 0x66, 0x76, 0x65, 0x66, 0x66, 0x76, 0x65, 0x66, 0x60, 0x76, 0x60,
    0x00, 0x00, 0x06, 0x65, 0x55, 0x55, 0x56, 0x65, 0x55, 0x55, 0x56, 0x65, 0x55, 0x55, 0x66, 0x65,
    0x55, 0x55, 0x66, 0x57, 0x55, 0x55, 0x66, 0x56, 0x55, 0x56, 0x66, 0x56, 0x55, 0x56, 0x65, 0x66,
    0x55, 0x56, 0x65, 0x66, 0x55, 0x66, 0x65, 0x66, 0x55, 0x66, 0x56, 0x66, 0x55, 0x66, 0x55, 0x55,
    0x56, 0x66, 0x57, 0x77, 0x56, 0x65, 0x66, 0x66, 0x56, 0x65, 0x66, 0x66, 0x06, 0x65, 0x06, 0x66,
    0x66, 0x66, 0x66, 0x66, 0x66, 0x66, 0x66, 0x66, 0x77, 0x77, 0x77, 0x77, 0x55, 0x55, 0x55, 0x55,
    0x66, 0x66, 0x66, 0x66, 0x66, 0x66, 0x66, 0x66, 0x66, 0x66, 0x66, 0x66, 0x66, 0x66, 0x66, 0x66,
    0x66, 0x60, 0x76, 0x60, 0x66, 0x66, 0x76, 0x65, 0x66, 0x66, 0x76, 0x65, 0x77, 0x57, 0x66, 0x65,
    0x55, 0x57, 0x66, 0x55, 0x66, 0x67, 0x66, 0x55, 0x66, 0x76, 0x66, 0x55, 0x66, 0x76, 0x65, 0x55,
    0x66, 0x76, 0x65, 0x55, 0x67, 0x66, 0x65, 0x55, 0x67, 0x66, 0x55, 0x55, 0x57, 0x66, 0x55, 0x55,
    0x76, 0x66, 0x55, 0x55, 0x76, 0x65, 0x55, 0x55, 0x76, 0x65, 0x55, 0x55, 0x76, 0x60, 0x00, 0x00,
    0x06, 0x65, 0x06, 0x66, 0x56, 0x65, 0x66, 0x66, 0x56, 0x65, 0x66, 0x66, 0x56, 0x66, 0x57, 0x77,
    0x55, 0x66, 0x55, 0x55, 0x55, 0x66, 0x56, 0x66, 0x55, 0x66, 0x65, 0x66, 0x55, 0x56, 0x65, 0x66,
    0x55, 0x56, 0x65, 0x66, 0x55, 0x56, 0x66, 0x56, 0x55, 0x55, 0x66, 0x56, 0x55, 0x55, 0x66, 0x57,
    0x55, 0x55, 0x66, 0x65, 0x55, 0x55, 0x56, 0x65, 0x55, 0x55, 0x56, 0x65, 0x00, 0x00, 0x06, 0x65,
    0x66, 0x66, 0x57, 0x66, 0x66, 0x66, 0x57, 0x66, 0x66, 0x66, 0x57, 0x66, 0x66, 0x66, 0x57, 0x66,
    0x66, 0x66, 0x57, 0x66, 0x66, 0x66, 0x57, 0x66, 0x66, 0x66, 0x57, 0x66, 0x66, 0x66, 0x57, 0x66,
    0x77, 0x77, 0x56, 0x66, 0x66, 0x66, 0x77, 0x76, 0x66, 0x66, 0x66, 0x67, 0x05, 0x56, 0x66, 0x66,
    0x05, 0x55, 0x55, 0x66, 0x05, 0x55, 0x55, 0x55, 0x05, 0x55, 0x55, 0x55, 0x05, 0x55, 0x55, 0x55,
    0x05, 0x55, 0x55, 0x55, 0x05, 0x55, 0x55, 0x55, 0x05, 0x55, 0x55, 0x55, 0x05, 0x55, 0x55, 0x66,
    0x05, 0x56, 0x66, 0x66, 0x66, 0x66, 0x66, 0x65, 0x66, 0x66, 0x55, 0x56, 0x55, 0x55, 0x76, 0x66,
    0x66, 0x65, 0x76, 0x66, 0x66, 0x65, 0x76, 0x66, 0x77, 0x65, 0x56, 0x66, 0x66, 0x77, 0x76, 0x60,
    0x66, 0x66, 0x67, 0x77, 0x56, 0x66, 0x66, 0x66, 0x55, 0x55, 0x66, 0x66, 0x55, 0x55, 0x55, 0x50,
    0x55, 0x55, 0x55, 0x50, 0x55, 0x55, 0x66, 0x66, 0x56, 0x66, 0x66, 0x66, 0x66, 0x66, 0x65, 0x55,
    0x66, 0x55, 0x56, 0x60, 0x55, 0x65, 0x76, 0x66, 0x66, 0x65, 0x76, 0x66, 0x66, 0x65, 0x76, 0x66,
    0x66, 0x75, 0x66, 0x66, 0x66, 0x75, 0x66, 0x66, 0x66, 0x75, 0x66, 0x66, 0x66, 0x75, 0x66, 0x66,
    0x66, 0x75, 0x66, 0x66, 0x66, 0x75, 0x66, 0x66, 0x66, 0x75, 0x66, 0x66, 0x66, 0x75, 0x66, 0x66,
    0x66, 0x67, 0x56, 0x66, 0x66, 0x67, 0x56, 0x66, 0x66, 0x65, 0x56, 0x77, 0x06, 0x67, 0x77, 0x66,
    0x77, 0x76, 0x66, 0x66, 0x66, 0x66, 0x66, 0x65, 0x66, 0x66, 0x55, 0x55, 0x05, 0x55, 0x55, 0x55,
    0x05, 0x55, 0x55, 0x55, 0x66, 0x66, 0x55, 0x55, 0x66, 0x66, 0x66, 0x65, 0x55, 0x56, 0x66, 0x66,
    0x06, 0x65, 0x55, 0x66, 0x66, 0x67, 0x56, 0x55, 0x66, 0x67, 0x56, 0x66, 0x66, 0x67, 0x56, 0x66,
    0x66, 0x65, 0x77, 0x77, 0x67, 0x77, 0x66, 0x66, 0x76, 0x66, 0x66, 0x66, 0x66, 0x66, 0x65, 0x50,
    0x66, 0x55, 0x55, 0x50, 0x55, 0x55, 0x55, 0x50, 0x55, 0x55, 0x55, 0x50, 0x55, 0x55, 0x55, 0x50,
    0x55, 0x55, 0x55, 0x50, 0x55, 0x55, 0x55, 0x50, 0x55, 0x55, 0x55, 0x50, 0x66, 0x55, 0x55, 0x50,
    0x66, 0x66, 0x65, 0x50, 0x56, 0x66, 0x66, 0x66, 0x65, 0x55, 0x66, 0x66, 0x66, 0x67, 0x55, 0x55,
    0x60, 0x60, 0x66, 0x66, 0x66, 0x06, 0x66, 0x06, 0x06, 0x60, 0x66, 0x60, 0x06, 0x60, 0x60, 0x00,
    0x60, 0x60, 0x00, 0x00, 0x66, 0x00, 0x00, 0x00, 0x60, 0x00, 0x00, 0x00, 0x60, 0x00, 0x00, 0x00,
    0x60, 0x66, 0x66, 0x66, 0x06, 0x66, 0x06, 0x60, 0x06, 0x60, 0x66, 0x60, 0x00, 0x06, 0x66, 0x60,
    0x00, 0x00, 0x06, 0x06, 0x00, 0x00, 0x00, 0x66, 0x00, 0x00, 0x00, 0x06, 0x00, 0x00, 0x00, 0x06,
    0x60, 0x00, 0x00, 0x00, 0x60, 0x00, 0x00, 0x00, 0x66, 0x00, 0x00, 0x00, 0x60, 0x60, 0x00, 0x00,
    0x06, 0x66, 0x60, 0x00, 0x06, 0x66, 0x06, 0x60, 0x06, 0x60, 0x66, 0x60, 0x66, 0x66, 0x66, 0x06,
    0x00, 0x00, 0x00, 0x06, 0x00, 0x00, 0x00, 0x06, 0x00, 0x00, 0x00, 0x66, 0x00, 0x00, 0x06, 0x06,
    0x00, 0x06, 0x06, 0x60, 0x06, 0x66, 0x06, 0x60, 0x60, 0x66, 0x60, 0x66, 0x66, 0x66, 0x06, 0x06,
    0x66, 0x06, 0x60, 0x66, 0x66, 0x60, 0x66, 0x00, 0x66, 0x60, 0x60, 0x00, 0x66, 0x66, 0x00, 0x00,
    0x66, 0x66, 0x00, 0x00, 0x06, 0x60, 0x00, 0x00, 0x60, 0x60, 0x00, 0x00, 0x60, 0x00, 0x00, 0x00,
    0x66, 0x00, 0x00, 0x00, 0x60, 0x60, 0x00, 0x00, 0x66, 0x60, 0x00, 0x00, 0x66, 0x66, 0x00, 0x00,
    0x66, 0x66, 0x00, 0x00, 0x66, 0x60, 0x60, 0x00, 0x66, 0x06, 0x66, 0x00, 0x60, 0x66, 0x66, 0x66,
    0x66, 0x06, 0x60, 0x66, 0x00, 0x66, 0x06, 0x66, 0x00, 0x06, 0x06, 0x66, 0x00, 0x00, 0x66, 0x66,
    0x00, 0x00, 0x66, 0x66, 0x00, 0x00, 0x06, 0x60, 0x00, 0x00, 0x06, 0x06, 0x00, 0x00, 0x00, 0x06,
    0x00, 0x00, 0x00, 0x66, 0x00, 0x00, 0x06, 0x06, 0x00, 0x00, 0x06, 0x66, 0x00, 0x00, 0x66, 0x66,
    0x00, 0x00, 0x66, 0x66, 0x00, 0x06, 0x06, 0x66, 0x00, 0x66, 0x60, 0x66, 0x66, 0x66, 0x66, 0x06,
    0x60, 0x06, 0x66, 0x67, 0x05, 0x50, 0x67, 0x57, 0x05, 0x55, 0x07, 0x75, 0x05, 0x50, 0x50, 0x05,
    0x05, 0x56, 0x05, 0x05, 0x60, 0x56, 0x00, 0x50, 0x60, 0x55, 0x60, 0x50, 0x60, 0x05, 0x66, 0x50,
    0x00, 0x05, 0x55, 0x55, 0x05, 0x00, 0x75, 0x75, 0x05, 0x05, 0x77, 0x70, 0x05, 0x05, 0x57, 0x70,
    0x05, 0x05, 0x77, 0x70, 0x60, 0x50, 0x57, 0x70, 0x66, 0x05, 0x55, 0x57, 0x66, 0x05, 0x55, 0x55,
    0x75, 0x77, 0x57, 0x70, 0x75, 0x75, 0x77, 0x06, 0x75, 0x75, 0x70, 0x66, 0x50, 0x05, 0x50, 0x06,
    0x07, 0x70, 0x55, 0x50, 0x77, 0x07, 0x55, 0x50, 0x77, 0x00, 0x55, 0x06, 0x77, 0x55, 0x57, 0x06,
    0x00, 0x50, 0x07, 0x66, 0x05, 0x00, 0x00, 0x66, 0x55, 0x00, 0x06, 0x66, 0x50, 0x00, 0x00, 0x66,
    0x50, 0x00, 0x55, 0x06, 0x50, 0x05, 0x55, 0x50, 0x05, 0x56, 0x66, 0x60, 0x56, 0x65, 0x55, 0x06,
    0x00, 0x00, 0x00, 0x00, 0x55, 0x55, 0x55, 0x55, 0x55, 0x55, 0x55, 0x55, 0x77, 0x77, 0x77, 0x77,
    0x75, 0x55, 0x55, 0x55, 0x75, 0x55, 0x55, 0x55, 0x75, 0x55, 0x55, 0x50, 0x57, 0x55, 0x55, 0x00,
    0x57, 0x55, 0x55, 0x00, 0x57, 0x55, 0x55, 0x50, 0x57, 0x55, 0x55, 0x50, 0x55, 0x75, 0x55, 0x50,
    0x55, 0x75, 0x55, 0x50, 0x55, 0x75, 0x55, 0x55, 0x55, 0x75, 0x55, 0x55, 0x00, 0x00, 0x00, 0x00,
    0x00, 0x00, 0x00, 0x00, 0x55, 0x55, 0x55, 0x55, 0x55, 0x55, 0x55, 0x55, 0x77, 0x77, 0x77, 0x77,
    0x55, 0x55, 0x55, 0x57, 0x55, 0x55, 0x55, 0x57, 0x05, 0x55, 0x55, 0x57, 0x00, 0x55, 0x55, 0x75,
    0x00, 0x55, 0x55, 0x75, 0x05, 0x55, 0x55, 0x75, 0x05, 0x55, 0x55, 0x75, 0x05, 0x55, 0x57, 0x55,
    0x05, 0x55, 0x57, 0x55, 0x55, 0x55, 0x57, 0x55, 0x55, 0x55, 0x57, 0x55, 0x00, 0x00, 0x00, 0x00,
    0x00, 0x00, 0x00, 0x00, 0x55, 0x75, 0x55, 0x55, 0x55, 0x75, 0x55, 0x55, 0x55, 0x75, 0x55, 0x50,
    0x55, 0x75, 0x55, 0x50, 0x57, 0x55, 0x55, 0x50, 0x57, 0x55, 0x55, 0x50, 0x57, 0x55, 0x55, 0x00,
    0x57, 0x55, 0x55, 0x00, 0x75, 0x55, 0x55, 0x50, 0x75, 0x55, 0x55, 0x55, 0x75, 0x55, 0x55, 0x55,
    0x77, 0x77, 0x77, 0x77, 0x55, 0x55, 0x55, 0x55, 0x55, 0x55, 0x55, 0x55, 0x00, 0x00, 0x00, 0x00,
    0x00, 0x00, 0x00, 0x00, 0x55, 0x55, 0x57, 0x55, 0x55, 0x55, 0x57, 0x55, 0x05, 0x55, 0x57, 0x55,
    0x05, 0x55, 0x57, 0x55, 0x05, 0x55, 0x55, 0x75, 0x05, 0x55, 0x55, 0x75, 0x00, 0x55, 0x55, 0x75,
    0x00, 0x55, 0x55, 0x75, 0x05, 0x55, 0x55, 0x57, 0x55, 0x55, 0x55, 0x57, 0x55, 0x55, 0x55, 0x57,
    0x77, 0x77, 0x77, 0x77, 0x55, 0x55, 0x55, 0x55, 0x55, 0x55, 0x55, 0x55, 0x00, 0x00, 0x00, 0x00,
    0x05, 0x57, 0x77, 0x75, 0x05, 0x57, 0x55, 0x57, 0x05, 0x57, 0x55, 0x55, 0x05, 0x57, 0x55, 0x55,
    0x05, 0x57, 0x55, 0x55, 0x05, 0x57, 0x55, 0x55, 0x05, 0x57, 0x55, 0x50, 0x05, 0x57, 0x55, 0x00,
    0x05, 0x57, 0x55, 0x00, 0x05, 0x57, 0x55, 0x50, 0x05, 0x57, 0x55, 0x55, 0x05, 0x57, 0x55, 0x55,
    0x05, 0x57, 0x55, 0x55, 0x05, 0x57, 0x55, 0x55, 0x05, 0x57, 0x55, 0x57, 0x05, 0x57, 0x77, 0x75,
    0x55, 0x55, 0x55, 0x50, 0x77, 0x75, 0x55, 0x50, 0x55, 0x57, 0x77, 0x70, 0x55, 0x55, 0x55, 0x50,
    0x55, 0x55, 0x55, 0x50, 0x55, 0x55, 0x55, 0x50, 0x05, 0x55, 0x55, 0x50, 0x00, 0x00, 0x05, 0x50,
    0x00, 0x00, 0x05, 0x50, 0x05, 0x55, 0x55, 0x50, 0x55, 0x55, 0x55, 0x50, 0x55, 0x55, 0x55, 0x50,
    0x55, 0x55, 0x55, 0x50, 0x55, 0x57, 0x77, 0x70, 0x77, 0x75, 0x55, 0x50, 0x55, 0x55, 0x55, 0x50,
    0x05, 0x55, 0x55, 0x55, 0x05, 0x55, 0x57, 0x77, 0x07, 0x77, 0x75, 0x55, 0x05, 0x55, 0x55, 0x55,
    0x05, 0x55, 0x55, 0x55, 0x05, 0x55, 0x55, 0x55, 0x05, 0x55, 0x55, 0x50, 0x05, 0x50, 0x00, 0x00,
    0x05, 0x50, 0x00, 0x00, 0x05, 0x55, 0x55, 0x50, 0x05, 0x55, 0x55, 0x55, 0x05, 0x55, 0x55, 0x55,
    0x05, 0x55, 0x55, 0x55, 0x07, 0x77, 0x75, 0x55, 0x05, 0x55, 0x57, 0x77, 0x05, 0x55, 0x55, 0x55,
    0x57, 0x77, 0x75, 0x50, 0x75, 0x55, 0x75, 0x50, 0x55, 0x55, 0x75, 0x50, 0x55, 0x55, 0x75, 0x50,
    0x55, 0x55, 0x75, 0x50, 0x55, 0x55, 0x75, 0x50, 0x05, 0x55, 0x75, 0x50, 0x00, 0x55, 0x75, 0x50,
    0x00, 0x55, 0x75, 0x50, 0x05, 0x55, 0x75, 0x50, 0x55, 0x55, 0x75, 0x50, 0x55, 0x55, 0x75, 0x50,
    0x55, 0x55, 0x75, 0x50, 0x55, 0x55, 0x75, 0x50, 0x75, 0x55, 0x75, 0x50, 0x57, 0x77, 0x75, 0x50,
    0x00, 0x00, 0x00, 0x00, 0x55, 0x55, 0x55, 0x55, 0x55, 0x55, 0x55, 0x50, 0x55, 0x55, 0x55, 0x70,
    0x55, 0x55, 0x57, 0x55, 0x55, 0x55, 0x75, 0x55, 0x55, 0x57, 0x55, 0x50, 0x55, 0x75, 0x55, 0x50,
    0x55, 0x75, 0x55, 0x55, 0x55, 0x57, 0x55, 0x55, 0x55, 0x55, 0x75, 0x50, 0x55, 0x55, 0x57, 0x50,
    0x55, 0x55, 0x55, 0x77, 0x55, 0x55, 0x55, 0x55, 0x55, 0x55, 0x55, 0x50, 0x00, 0x00, 0x00, 0x00,
    0x00, 0x00, 0x00, 0x00, 0x05, 0x55, 0x55, 0x55, 0x55, 0x55, 0x55, 0x55, 0x77, 0x55, 0x55, 0x55,
    0x05, 0x75, 0x55, 0x55, 0x05, 0x57, 0x55, 0x55, 0x55, 0x55, 0x75, 0x55, 0x55, 0x55, 0x57, 0x55,
    0x05, 0x55, 0x57, 0x55, 0x05, 0x55, 0x75, 0x55, 0x55, 0x57, 0x55, 0x55, 0x55, 0x75, 0x55, 0x55,
    0x07, 0x55, 0x55, 0x55, 0x05, 0x55, 0x55, 0x55, 0x55, 0x55, 0x55, 0x55, 0x00, 0x00, 0x00, 0x00,
    0x05, 0x55, 0x55, 0x55, 0x05, 0x55, 0x55, 0x55, 0x05, 0x55, 0x55, 0x57, 0x05, 0x55, 0x55, 0x75,
    0x05, 0x55, 0x57, 0x55, 0x05, 0x55, 0x75, 0x55, 0x05, 0x57, 0x55, 0x55, 0x00, 0x57, 0x00, 0x55,
    0x05, 0x00, 0x55, 0x00, 0x05, 0x57, 0x55, 0x55, 0x05, 0x55, 0x75, 0x55, 0x05, 0x55, 0x57, 0x55,
    0x05, 0x55, 0x55, 0x75, 0x05, 0x55, 0x55, 0x57, 0x05, 0x55, 0x55, 0x55, 0x05, 0x55, 0x55, 0x55,
    0x55, 0x55, 0x55, 0x50, 0x55, 0x55, 0x55, 0x50, 0x75, 0x55, 0x55, 0x50, 0x57, 0x55, 0x55, 0x50,
    0x55, 0x75, 0x55, 0x50, 0x55, 0x57, 0x55, 0x50, 0x55, 0x55, 0x75, 0x50, 0x00, 0x55, 0x00, 0x50,
    0x55, 0x00, 0x75, 0x00, 0x55, 0x55, 0x75, 0x50, 0x55, 0x57, 0x55, 0x50, 0x55, 0x75, 0x55, 0x50,
    0x57, 0x55, 0x55, 0x50, 0x75, 0x55, 0x55, 0x50, 0x55, 0x55, 0x55, 0x50, 0x55, 0x55, 0x55, 0x50,
    0x67, 0x77, 0x77, 0x77, 0x76, 0x77, 0x77, 0x77, 0x77, 0x67, 0x77, 0x77, 0x77, 0x76, 0x77, 0x77,
    0x77, 0x77, 0x67, 0x77, 0x77, 0x77, 0x76, 0x66, 0x77, 0x77, 0x76, 0x66, 0x77, 0x77, 0x76, 0x66,
    0x77, 0x77, 0x76, 0x66, 0x77, 0x77, 0x76, 0x66, 0x77, 0x77, 0x76, 0x66, 0x77, 0x77, 0x75, 0x55,
    0x77, 0x77, 0x55, 0x55, 0x77, 0x75, 0x55, 0x55, 0x77, 0x55, 0x55, 0x55, 0x75, 0x55, 0x55, 0x55,
    0x77, 0x77, 0x77, 0x75, 0x77, 0x77, 0x77, 0x55, 0x77, 0x77, 0x75, 0x55, 0x77, 0x77, 0x55, 0x55,
    0x77, 0x75, 0x55, 0x55, 0x66, 0x65, 0x55, 0x55, 0x66, 0x65, 0x55, 0x55, 0x66, 0x65, 0x55, 0x55,
    0x66, 0x65, 0x55, 0x55, 0x66, 0x65, 0x55, 0x55, 0x66, 0x65, 0x55, 0x55, 0x55, 0x56, 0x55, 0x55,
    0x55, 0x55, 0x65, 0x55, 0x55, 0x55, 0x56, 0x55, 0x55, 0x55, 0x55, 0x65, 0x55, 0x55, 0x55, 0x56,
    0x60, 0x00, 0x66, 0x00, 0x06, 0x65, 0x00, 0x55, 0x06, 0x66, 0x55, 0x77, 0x07, 0x66, 0x65, 0x07,
    0x07, 0x06, 0x65, 0x57, 0x60, 0x00, 0x66, 0x50, 0x66, 0x00, 0x00, 0x60, 0x66, 0x00, 0x66, 0x66,
    0x60, 0x66, 0x65, 0x55, 0x06, 0x65, 0x55, 0x50, 0x00, 0x00, 0x00, 0x05, 0x66, 0x07, 0x77, 0x55,
    0x60, 0x00, 0x05, 0x55, 0x07, 0x77, 0x55, 0x55, 0x00, 0x00, 0x55, 0x55, 0x07, 0x77, 0x55, 0x50,
    0x06, 0x66, 0x00, 0x00, 0x50, 0x60, 0x55, 0x50, 0x05, 0x05, 0x55, 0x50, 0x70, 0x55, 0x55, 0x06,
    0x70, 0x55, 0x77, 0x77, 0x00, 0x57, 0x77, 0x70, 0x55, 0x07, 0x70, 0x06, 0x55, 0x07, 0x77, 0x50,
    0x50, 0x05, 0x55, 0x50, 0x55, 0x55, 0x55, 0x50, 0x50, 0x55, 0x55, 0x50, 0x05, 0x55, 0x00, 0x50,
    0x50, 0x50, 0x55, 0x06, 0x50, 0x50, 0x55, 0x06, 0x55, 0x05, 0x05, 0x50, 0x00, 0x00, 0x55, 0x50,
    0x55, 0x56, 0x66, 0x66, 0x77, 0x75, 0x56, 0x66, 0x66, 0x67, 0x75, 0x56, 0x66, 0x66, 0x67, 0x75,
    0x66, 0x66, 0x66, 0x67, 0x66, 0x66, 0x66, 0x66, 0x66, 0x66, 0x66, 0x66, 0x66, 0x66, 0x66, 0x66,
    0x66, 0x66, 0x66, 0x66, 0x66, 0x66, 0x66, 0x66, 0x66, 0x66, 0x66, 0x66, 0x66, 0x66, 0x66, 0x65,
    0x66, 0x66, 0x65, 0x57, 0x66, 0x65, 0x57, 0x76, 0x55, 0x57, 0x76, 0x66, 0x77, 0x76, 0x66, 0x66,
    0x66, 0x66, 0x66, 0x66, 0x66, 0x66, 0x66, 0x66, 0x66, 0x66, 0x66, 0x66, 0x56, 0x66, 0x66, 0x66,
    0x75, 0x56, 0x66, 0x66, 0x67, 0x75, 0x56, 0x66, 0x66, 0x67, 0x75, 0x55, 0x66, 0x66, 0x67, 0x77,
    0x66, 0x66, 0x65, 0x55, 0x66, 0x65, 0x57, 0x77, 0x65, 0x57, 0x76, 0x66, 0x57, 0x76, 0x66, 0x66,
    0x76, 0x66, 0x66, 0x66, 0x66, 0x66, 0x66, 0x66, 0x66, 0x66, 0x66, 0x66, 0x66, 0x66, 0x66, 0x66,
    0x66, 0x65, 0x76, 0x66, 0x66, 0x65, 0x76, 0x66, 0x66, 0x65, 0x55, 0x56, 0x66, 0x65, 0x77, 0x75,
    0x66, 0x65, 0x76, 0x67, 0x66, 0x65, 0x76, 0x66, 0x66, 0x65, 0x76, 0x66, 0x66, 0x65, 0x76, 0x66,
    0x66, 0x65, 0x76, 0x66, 0x66, 0x65, 0x76, 0x66, 0x66, 0x65, 0x76, 0x66, 0x66, 0x65, 0x76, 0x65,
    0x66, 0x65, 0x55, 0x57, 0x66, 0x65, 0x77, 0x76, 0x66, 0x65, 0x76, 0x66, 0x66, 0x65, 0x76, 0x66,
    0x66, 0x67, 0x56, 0x66, 0x66, 0x67, 0x56, 0x66, 0x66, 0x67, 0x56, 0x66, 0x56, 0x67, 0x56, 0x66,
    0x75, 0x55, 0x56, 0x66, 0x67, 0x77, 0x56, 0x66, 0x66, 0x67, 0x56, 0x66, 0x66, 0x67, 0x56, 0x66,
    0x66, 0x67, 0x56, 0x66, 0x66, 0x67, 0x56, 0x66, 0x65, 0x55, 0x56, 0x66, 0x57, 0x77, 0x56, 0x66,
    0x76, 0x67, 0x56, 0x66, 0x66, 0x67, 0x56, 0x66, 0x66, 0x67, 0x56, 0x66, 0x66, 0x67, 0x56, 0x66,
    0x57, 0x66, 0x66, 0x66, 0x57, 0x66, 0x66, 0x66, 0x57, 0x66, 0x66, 0x66, 0x65, 0x76, 0x66, 0x66,
    0x65, 0x76, 0x66, 0x66, 0x66, 0x57, 0x66, 0x66, 0x66, 0x57, 0x66, 0x66, 0x66, 0x65, 0x76, 0x66,
    0x66, 0x65, 0x76, 0x66, 0x66, 0x57, 0x66, 0x66, 0x66, 0x57, 0x66, 0x66, 0x65, 0x76, 0x66, 0x66,
    0x65, 0x76, 0x66, 0x66, 0x57, 0x66, 0x66, 0x66, 0x57, 0x66, 0x66, 0x66, 0x57, 0x66, 0x66, 0x66,
    0x66, 0x65, 0x76, 0x66, 0x66, 0x66, 0x57, 0x66, 0x66, 0x66, 0x57, 0x66, 0x66, 0x66, 0x65, 0x76,
    0x66, 0x66, 0x65, 0x76, 0x66, 0x66, 0x66, 0x57, 0x66, 0x66, 0x66, 0x57, 0x66, 0x66, 0x66, 0x57,
    0x66, 0x66, 0x66, 0x57, 0x66, 0x66, 0x66, 0x57, 0x66, 0x66, 0x66, 0x57, 0x66, 0x66, 0x65, 0x76,
    0x66, 0x66, 0x65, 0x76, 0x66, 0x66, 0x57, 0x66, 0x66, 0x66, 0x57, 0x66, 0x66, 0x65, 0x76, 0x66,
    0x56, 0x66, 0x66, 0x66, 0x65, 0x66, 0x66, 0x66, 0x66, 0x56, 0x66, 0x66, 0x66, 0x65, 0x55, 0x55,
    0x66, 0x65, 0x57, 0x77, 0x66, 0x65, 0x75, 0x66, 0x66, 0x65, 0x76, 0x56, 0x66, 0x65, 0x76, 0x65,
    0x66, 0x65, 0x76, 0x65, 0x66, 0x65, 0x76, 0x56, 0x66, 0x65, 0x75, 0x66, 0x66, 0x65, 0x57, 0x77,
    0x66, 0x65, 0x55, 0x55, 0x66, 0x56, 0x66, 0x66, 0x65, 0x66, 0x66, 0x66, 0x56, 0x66, 0x66, 0x66,
    0x56, 0x67, 0x56, 0x66, 0x65, 0x67, 0x56, 0x66, 0x66, 0x57, 0x56, 0x66, 0x77, 0x75, 0x56, 0x66,
    0x55, 0x55, 0x56, 0x66, 0x66, 0x66, 0x65, 0x66, 0x66, 0x66, 0x66, 0x56, 0x66, 0x66, 0x66, 0x65,
    0x66, 0x66, 0x66, 0x65, 0x66, 0x66, 0x66, 0x56, 0x66, 0x66, 0x65, 0x66, 0x55, 0x55, 0x56, 0x66,
    0x77, 0x75, 0x56, 0x66, 0x66, 0x57, 0x56, 0x66, 0x65, 0x67, 0x56, 0x66, 0x56, 0x67, 0x56, 0x66,
    0x66, 0x65, 0x76, 0x66, 0x66, 0x65, 0x76, 0x66, 0x66, 0x65, 0x76, 0x66, 0x56, 0x65, 0x76, 0x66,
    0x75, 0x55, 0x76, 0x66, 0x67, 0x75, 0x76, 0x66, 0x66, 0x65, 0x76, 0x66, 0x66, 0x65, 0x76, 0x66,
    0x66, 0x65, 0x76, 0x66, 0x66, 0x65, 0x76, 0x66, 0x65, 0x55, 0x76, 0x66, 0x57, 0x75, 0x76, 0x66,
    0x76, 0x65, 0x76, 0x66, 0x66, 0x65, 0x76, 0x66, 0x66, 0x65, 0x76, 0x66, 0x66, 0x65, 0x76, 0x66,
    0x66, 0x67, 0x56, 0x66, 0x66, 0x67, 0x56, 0x66, 0x66, 0x67, 0x55, 0x56, 0x66, 0x67, 0x57, 0x75,
    0x66, 0x67, 0x56, 0x67, 0x66, 0x67, 0x56, 0x66, 0x66, 0x67, 0x56, 0x66, 0x66, 0x67, 0x56, 0x66,
    0x66, 0x67, 0x56, 0x66, 0x66, 0x67, 0x56, 0x66, 0x66, 0x67, 0x56, 0x66, 0x66, 0x67, 0x56, 0x65,
    0x66, 0x67, 0x55, 0x57, 0x66, 0x67, 0x57, 0x76, 0x66, 0x67, 0x56, 0x66, 0x66, 0x67, 0x56, 0x66,
    0x66, 0x66, 0x66, 0x66, 0x66, 0x66, 0x66, 0x66, 0x66, 0x66, 0x66, 0x66, 0x55, 0x55, 0x55, 0x55,
    0x77, 0x57, 0x77, 0x77, 0x66, 0x57, 0x66, 0x66, 0x66, 0x57, 0x66, 0x66, 0x66, 0x65, 0x76, 0x66,
    0x66, 0x65, 0x76, 0x66, 0x66, 0x57, 0x66, 0x66, 0x66, 0x57, 0x66, 0x66, 0x77, 0x57, 0x77, 0x77,
    0x55, 0x55, 0x55, 0x55, 0x66, 0x66, 0x66, 0x66, 0x66, 0x66, 0x66, 0x66, 0x66, 0x66, 0x66, 0x66,
    0x66, 0x65, 0x76, 0x66, 0x66, 0x66, 0x57, 0x66, 0x66, 0x66, 0x57, 0x66, 0x77, 0x77, 0x57, 0x77,
    0x55, 0x55, 0x55, 0x55, 0x66, 0x66, 0x66, 0x66, 0x66, 0x66, 0x66, 0x66, 0x66, 0x66, 0x66, 0x66,
    0x66, 0x66, 0x66, 0x66, 0x66, 0x66, 0x66, 0x66, 0x66, 0x66, 0x66, 0x66, 0x55, 0x55, 0x55, 0x55,
    0x77, 0x77, 0x57, 0x77, 0x66, 0x66, 0x57, 0x66, 0x66, 0x66, 0x57, 0x66, 0x66, 0x65, 0x76, 0x66,
    0x66, 0x65, 0x76, 0x66, 0x66, 0x66, 0x57, 0x66, 0x66, 0x66, 0x57, 0x66, 0x55, 0x55, 0x55, 0x55,
    0x77, 0x77, 0x77, 0x77, 0x66, 0x66, 0x66, 0x66, 0x66, 0x66, 0x66, 0x66, 0x66, 0x66, 0x66, 0x66,
    0x66, 0x66, 0x66, 0x66, 0x66, 0x66, 0x66, 0x66, 0x66, 0x66, 0x66, 0x66, 0x77, 0x77, 0x77, 0x77,
    0x55, 0x55, 0x55, 0x55, 0x66, 0x66, 0x57, 0x66, 0x66, 0x66, 0x57, 0x66, 0x66, 0x65, 0x76, 0x66,
    0x66, 0x66, 0x66, 0x66, 0x66, 0x66, 0x66, 0x66, 0x66, 0x66, 0x66, 0x66, 0x77, 0x77, 0x77, 0x77,
    0x55, 0x55, 0x55, 0x55, 0x66, 0x57, 0x66, 0x66, 0x66, 0x57, 0x66, 0x66, 0x66, 0x65, 0x76, 0x66,
    0x66, 0x65, 0x76, 0x66, 0x66, 0x57, 0x66, 0x66, 0x66, 0x57, 0x66, 0x66, 0x55, 0x55, 0x55, 0x55,
    0x77, 0x77, 0x77, 0x77, 0x66, 0x66, 0x66, 0x66, 0x66, 0x66, 0x66, 0x66, 0x66, 0x66, 0x66, 0x66,
    0x66, 0x66, 0x77, 0x06, 0x66, 0x67, 0x77, 0x06, 0x66, 0x77, 0x77, 0x06, 0x66, 0x77, 0x77, 0x00,
    0x66, 0x77, 0x55, 0x00, 0x66, 0x55, 0x55, 0x50, 0x66, 0x65, 0x55, 0x50, 0x66, 0x66, 0x55, 0x55,
    0x66, 0x66, 0x55, 0x55, 0x66, 0x66, 0x77, 0x70, 0x66, 0x77, 0x77, 0x70, 0x66, 0x55, 0x77, 0x00,
    0x66, 0x77, 0x55, 0x00, 0x66, 0x77, 0x77, 0x06, 0x66, 0x67, 0x77, 0x06, 0x66, 0x66, 0x77, 0x06,
    0x55, 0x55, 0x66, 0x66, 0x07, 0x77, 0x76, 0x66, 0x07, 0x77, 0x77, 0x66, 0x00, 0x77, 0x55, 0x66,
    0x00, 0x55, 0x77, 0x66, 0x60, 0x77, 0x77, 0x66, 0x60, 0x77, 0x76, 0x66, 0x60, 0x77, 0x66, 0x66,
    0x60, 0x77, 0x66, 0x66, 0x60, 0x77, 0x76, 0x66, 0x60, 0x77, 0x77, 0x66, 0x00, 0x77, 0x77, 0x66,
    0x00, 0x55, 0x77, 0x66, 0x05, 0x55, 0x55, 0x66, 0x05, 0x55, 0x56, 0x66, 0x55, 0x55, 0x66, 0x66,
    0x66, 0x66, 0x66, 0x66, 0x66, 0x66, 0x66, 0x66, 0x66, 0x77, 0x75, 0x66, 0x67, 0x77, 0x75, 0x56,
    0x77, 0x77, 0x55, 0x55, 0x77, 0x77, 0x55, 0x55, 0x00, 0x00, 0x05, 0x55, 0x66, 0x60, 0x00, 0x05,
    0x66, 0x60, 0x00, 0x05, 0x00, 0x00, 0x05, 0x55, 0x77, 0x77, 0x55, 0x55, 0x77, 0x77, 0x55, 0x55,
    0x67, 0x77, 0x75, 0x56, 0x66, 0x77, 0x75, 0x66, 0x66, 0x66, 0x66, 0x66, 0x66, 0x66, 0x66, 0x66,
    0x57, 0x00, 0x06, 0x66, 0x57, 0x70, 0x00, 0x00, 0x57, 0x77, 0x57, 0x77, 0x57, 0x77, 0x57, 0x77,
    0x66, 0x75, 0x77, 0x76, 0x66, 0x75, 0x77, 0x66, 0x66, 0x66, 0x66, 0x66, 0x66, 0x66, 0x66, 0x66,
    0x66, 0x66, 0x66, 0x66, 0x66, 0x66, 0x66, 0x66, 0x66, 0x75, 0x77, 0x66, 0x66, 0x75, 0x77, 0x76,
    0x57, 0x77, 0x57, 0x77, 0x57, 0x77, 0x57, 0x77, 0x57, 0x70, 0x00, 0x00, 0x57, 0x00, 0x06, 0x66,
    0x66, 0x66, 0x66, 0x66, 0x66, 0x66, 0x66, 0x66, 0x66, 0x66, 0x66, 0x66, 0x55, 0x55, 0x55, 0x55,
    0x77, 0x77, 0x77, 0x77, 0x66, 0x66, 0x66, 0x66, 0x66, 0x66, 0x66, 0x66, 0x66, 0x66, 0x66, 0x66,
    0x66, 0x66, 0x66, 0x66, 0x66, 0x66, 0x66, 0x66, 0x66, 0x66, 0x66, 0x66, 0x77, 0x77, 0x77, 0x77,
    0x55, 0x55, 0x55, 0x55, 0x66, 0x66, 0x66, 0x66, 0x66, 0x66, 0x66, 0x66, 0x66, 0x66, 0x66, 0x66,
    0x66, 0x65, 0x76, 0x66, 0x66, 0x65, 0x76, 0x66, 0x66, 0x65, 0x76, 0x66, 0x66, 0x65, 0x76, 0x66,
    0x66, 0x65, 0x76, 0x66, 0x66, 0x65, 0x76, 0x66, 0x66, 0x65, 0x76, 0x66, 0x66, 0x65, 0x76, 0x66,
    0x66, 0x67, 0x56, 0x66, 0x66, 0x67, 0x56, 0x66, 0x66, 0x67, 0x56, 0x66, 0x66, 0x67, 0x56, 0x66,
    0x66, 0x67, 0x56, 0x66, 0x66, 0x67, 0x56, 0x66, 0x66, 0x67, 0x56, 0x66, 0x66, 0x67, 0x56, 0x66,
    0x56, 0x66, 0x66, 0x66, 0x65, 0x66, 0x66, 0x66, 0x66, 0x56, 0x66, 0x66, 0x66, 0x65, 0x66, 0x66,
    0x66, 0x66, 0x56, 0x66, 0x66, 0x66, 0x65, 0x66, 0x66, 0x66, 0x66, 0x56, 0x66, 0x66, 0x66, 0x65,
    0x66, 0x66, 0x66, 0x65, 0x66, 0x66, 0x66, 0x56, 0x66, 0x66, 0x65, 0x66, 0x66, 0x66, 0x56, 0x66,
    0x66, 0x65, 0x66, 0x66, 0x66, 0x56, 0x66, 0x66, 0x65, 0x66, 0x66, 0x66, 0x56, 0x66, 0x66, 0x66,
    0x66, 0x66, 0x66, 0x66, 0x60, 0x00, 0x00, 0x06, 0x60, 0x00, 0x00, 0x06, 0x60, 0x00, 0x00, 0x06,
    0x60, 0x00, 0x00, 0x06, 0x60, 0x00, 0x00, 0x06, 0x60, 0x00, 0x00, 0x06, 0x66, 0x66, 0x66, 0x66,
    0x66, 0x66, 0x66, 0x66, 0x60, 0x00, 0x00, 0x06, 0x60, 0x00, 0x00, 0x06, 0x60, 0x00, 0x00, 0x00,
    0x60, 0x00, 0x00, 0x00, 0x60, 0x00, 0x00, 0x06, 0x60, 0x00, 0x00, 0x06, 0x66, 0x66, 0x66, 0x66,
    0x66, 0x66, 0x66, 0x66, 0x60, 0x00, 0x00, 0x06, 0x60, 0x00, 0x00, 0x06, 0x00, 0x00, 0x00, 0x06,
    0x00, 0x00, 0x00, 0x06, 0x60, 0x00, 0x00, 0x06, 0x60, 0x00, 0x00, 0x06, 0x66, 0x66, 0x66, 0x66,
    0x66, 0x66, 0x66, 0x66, 0x60, 0x00, 0x00, 0x06, 0x60, 0x00, 0x00, 0x06, 0x00, 0x00, 0x00, 0x00,
    0x00, 0x00, 0x00, 0x00, 0x60, 0x00, 0x00, 0x06, 0x60, 0x00, 0x00, 0x06, 0x66, 0x66, 0x66, 0x66,
    0x66, 0x66, 0x66, 0x66, 0x60, 0x00, 0x00, 0x06, 0x60, 0x00, 0x00, 0x06, 0x60, 0x00, 0x00, 0x06,
    0x60, 0x00, 0x00, 0x06, 0x60, 0x00, 0x00, 0x06, 0x60, 0x00, 0x00, 0x06, 0x66, 0x60, 0x06, 0x66,
    0x66, 0x66, 0x66, 0x66, 0x60, 0x00, 0x00, 0x06, 0x60, 0x00, 0x00, 0x06, 0x60, 0x00, 0x00, 0x00,
    0x60, 0x00, 0x00, 0x00, 0x60, 0x00, 0x00, 0x06, 0x60, 0x00, 0x00, 0x06, 0x66, 0x60, 0x06, 0x66,
    0x66, 0x66, 0x66, 0x66, 0x60, 0x00, 0x00, 0x06, 0x60, 0x00, 0x00, 0x06, 0x00, 0x00, 0x00, 0x06,
    0x00, 0x00, 0x00, 0x06, 0x60, 0x00, 0x00, 0x06, 0x60, 0x00, 0x00, 0x06, 0x66, 0x60, 0x06, 0x66,
    0x66, 0x66, 0x66, 0x66, 0x60, 0x00, 0x00, 0x06, 0x60, 0x00, 0x00, 0x06, 0x00, 0x00, 0x00, 0x00,
    0x00, 0x00, 0x00, 0x00, 0x60, 0x00, 0x00, 0x06, 0x60, 0x00, 0x00, 0x06, 0x66, 0x60, 0x06, 0x66,
    0x66, 0x60, 0x06, 0x66, 0x60, 0x00, 0x00, 0x06, 0x60, 0x00, 0x00, 0x06, 0x60, 0x00, 0x00, 0x06,
    0x60, 0x00, 0x00, 0x06, 0x60, 0x00, 0x00, 0x06, 0x60, 0x00, 0x00, 0x06, 0x66, 0x66, 0x66, 0x66,
    0x66, 0x60, 0x06, 0x66, 0x60, 0x00, 0x00, 0x06, 0x60, 0x00, 0x00, 0x06, 0x60, 0x00, 0x00, 0x00,
    0x60, 0x00, 0x00, 0x00, 0x60, 0x00, 0x00, 0x06, 0x60, 0x00, 0x00, 0x06, 0x66, 0x66, 0x66, 0x66,
    0x66, 0x60, 0x06, 0x66, 0x60, 0x00, 0x00, 0x06, 0x60, 0x00, 0x00, 0x06, 0x00, 0x00, 0x00, 0x06,
    0x00, 0x00, 0x00, 0x06, 0x60, 0x00, 0x00, 0x06, 0x60, 0x00, 0x00, 0x06, 0x66, 0x66, 0x66, 0x66,
    0x66, 0x60, 0x06, 0x66, 0x60, 0x00, 0x00, 0x06, 0x60, 0x00, 0x00, 0x06, 0x00, 0x00, 0x00, 0x00,
    0x00, 0x00, 0x00, 0x00, 0x60, 0x00, 0x00, 0x06, 0x60, 0x00, 0x00, 0x06, 0x66, 0x66, 0x66, 0x66,
    0x66, 0x60, 0x06, 0x66, 0x60, 0x00, 0x00, 0x06, 0x60, 0x00, 0x00, 0x06, 0x60, 0x00, 0x00, 0x06,
    0x60, 0x00, 0x00, 0x06, 0x60, 0x00, 0x00, 0x06, 0x60, 0x00, 0x00, 0x06, 0x66, 0x60, 0x06, 0x66,
    0x66, 0x60, 0x06, 0x66, 0x60, 0x00, 0x00, 0x06, 0x60, 0x00, 0x00, 0x06, 0x60, 0x00, 0x00, 0x00,
    0x60, 0x00, 0x00, 0x00, 0x60, 0x00, 0x00, 0x06, 0x60, 0x00, 0x00, 0x06, 0x66, 0x60, 0x06, 0x66,
    0x66, 0x60, 0x06, 0x66, 0x60, 0x00, 0x00, 0x06, 0x60, 0x00, 0x00, 0x06, 0x00, 0x00, 0x00, 0x06,
    0x00, 0x00, 0x00, 0x06, 0x60, 0x00, 0x00, 0x06, 0x60, 0x00, 0x00, 0x06, 0x66, 0x60, 0x06, 0x66,
    0x66, 0x60, 0x06, 0x66, 0x60, 0x00, 0x00, 0x06, 0x60, 0x00, 0x00, 0x06, 0x00, 0x00, 0x00, 0x00,
    0x00, 0x00, 0x00, 0x00, 0x60, 0x00, 0x00, 0x06, 0x60, 0x00, 0x00, 0x06, 0x66, 0x60, 0x06, 0x66,
    0xBB, 0xBB, 0xBB, 0xBB, 0xB0, 0x00, 0x00, 0x00, 0xBA, 0xA0, 0x00, 0x00, 0xBA, 0xA9, 0x00, 0x00,
    0xBA, 0xA9, 0xAA, 0xA0, 0xBA, 0xA9, 0xAA, 0xA9, 0xBA, 0xA9, 0xAA, 0xA9, 0xBA, 0xA9, 0xAA, 0xA9,
    0xBA, 0xA9, 0xAA, 0xA9, 0xBA, 0xA9, 0xAA, 0xA9, 0xBA, 0xA9, 0xAA, 0xA9, 0xBA, 0xA9, 0xAA, 0xA9,
    0xBA, 0xA9, 0xAA, 0xA9, 0xBA, 0xA9, 0xAA, 0xA9, 0xBA, 0xA9, 0xAA, 0xA9, 0xBB, 0xBB, 0xBB, 0xBB,
    0xBB, 0xBB, 0xBB, 0xBB, 0x00, 0x00, 0x00, 0x0B, 0x00, 0x00, 0x00, 0x0B, 0x00, 0x00, 0x00, 0x0B,
    0x00, 0x00, 0x00, 0x0B, 0x00, 0x00, 0x00, 0x0B, 0xAA, 0xA0, 0x00, 0x0B, 0xAA, 0xA9, 0x00, 0x0B,
    0xAA, 0xA9, 0xAA, 0xAB, 0xAA, 0xA9, 0xAA, 0xAB, 0xAA, 0xA9, 0xAA, 0xAB, 0xAA, 0xA9, 0xAA, 0xAB,
    0xAA, 0xA9, 0xAA, 0xAB, 0xAA, 0xA9, 0xAA, 0xAB, 0xAA, 0xA9, 0xAA, 0xAB, 0xBB, 0xBB, 0xBB, 0xBB,
    0xAB, 0xBB, 0xBB, 0xBB, 0xBA, 0xAA, 0xAA, 0xAA, 0xBA, 0xAA, 0xAA, 0xAA, 0xBA, 0xAA, 0xAA, 0xAA,
    0xBA, 0xAA, 0xAA, 0xAA, 0xBA, 0xAA, 0xAA, 0xAA, 0xBA, 0xAA, 0xAA, 0xAA, 0xBA, 0xAA, 0xAA, 0xAA,
    0xBA, 0xAA, 0xAA, 0xAA, 0xBA, 0xAA, 0xAA, 0xAA, 0xBA, 0xAA, 0xAA, 0xAA, 0xBA, 0xAA, 0xAA, 0xAA,
    0xBA, 0xAA, 0xAA, 0xAA, 0xBA, 0xAA, 0xAA, 0xAA, 0xBA, 0xAA, 0xAA, 0xAA, 0xA0, 0x00, 0x00, 0x00,
    0xBB, 0xBB, 0xBB, 0xBA, 0xAA, 0xAA, 0xAA, 0xA0, 0xAA, 0xAA, 0xAA, 0xA0, 0xAA, 0xAA, 0xAA, 0xA0,
    0xAA, 0xAA, 0xAA, 0xA0, 0xAA, 0xAA, 0xAA, 0xA0, 0xAA, 0xAA, 0xAA, 0xA0, 0xAA, 0xAA, 0xAA, 0xA0,
    0xAA, 0xAA, 0xAA, 0xA0, 0xAA, 0xAA, 0xAA, 0xA0, 0xAA, 0xAA, 0xAA, 0xA0, 0xAA, 0xAA, 0xAA, 0xA0,
    0xAA, 0xAA, 0xAA, 0xA0, 0xAA, 0xAA, 0xAA, 0xA0, 0xAA, 0xAA, 0xAA, 0xA0, 0x00, 0x00, 0x00, 0x0A,
    0xAA, 0xAA, 0xAA, 0xAA, 0xAA, 0xAA, 0xAA, 0xAA, 0xAA, 0xAA, 0xAA, 0xAA, 0xAA, 0xAA, 0xAA, 0xAA,
    0x99, 0x99, 0x99, 0x99, 0xBB, 0xBB, 0xBB, 0xBB, 0xAA, 0xAA, 0xAA, 0xAA, 0xAA, 0xAA, 0xAA, 0xAA,
    0xBA, 0xA0, 0x00, 0x00, 0xBA, 0xA9, 0x99, 0x99, 0xBA, 0xA9, 0x99, 0x99, 0xBA, 0xAA, 0x99, 0x99,
    0x9B, 0xAA, 0x99, 0x99, 0xAB, 0xAA, 0x99, 0x99, 0xAB, 0xAA, 0xA9, 0x99, 0xAA, 0xBA, 0xA9, 0x99,
    0xAA, 0xBA, 0xA9, 0x99, 0xAA, 0xBA, 0xAA, 0x99, 0xAA, 0xAB, 0xAA, 0x99, 0x99, 0x9B, 0xAA, 0x99,
    0xBB, 0x9B, 0xAA, 0xA9, 0xAA, 0xAA, 0xBA, 0xA9, 0xAA, 0xAA, 0xBA, 0xA9, 0xAA, 0xA0, 0xBA, 0xA0,
    0x00, 0x00, 0x0A, 0xA9, 0x99, 0x99, 0x9A, 0xA9, 0x99, 0x99, 0x9A, 0xA9, 0x99, 0x99, 0xAA, 0xA9,
    0x99, 0x99, 0xAA, 0x9B, 0x99, 0x99, 0xAA, 0x9A, 0x99, 0x9A, 0xAA, 0x9A, 0x99, 0x9A, 0xA9, 0xAA,
    0x99, 0x9A, 0xA9, 0xAA, 0x99, 0xAA, 0xA9, 0xAA, 0x99, 0xAA, 0x9A, 0xAA, 0x99, 0xAA, 0x99, 0x99,
    0x9A, 0xAA, 0x9B, 0xBB, 0x9A, 0xA9, 0xAA, 0xAA, 0x9A, 0xA9, 0xAA, 0xAA, 0x0A, 0xA9, 0x0A, 0xAA,
    0xAA, 0xAA, 0xAA, 0xAA, 0xAA, 0xAA, 0xAA, 0xAA, 0xBB, 0xBB, 0xBB, 0xBB, 0x99, 0x99, 0x99, 0x99,
    0xAA, 0xAA, 0xAA, 0xAA, 0xAA, 0xAA, 0xAA, 0xAA, 0xAA, 0xAA, 0xAA, 0xAA, 0xAA, 0xAA, 0xAA, 0xAA,
    0xAA, 0xA0, 0xBA, 0xA0, 0xAA, 0xAA, 0xBA, 0xA9, 0xAA, 0xAA, 0xBA, 0xA9, 0xBB, 0x9B, 0xAA, 0xA9,
    0x99, 0x9B, 0xAA, 0x99, 0xAA, 0xAB, 0xAA, 0x99, 0xAA, 0xBA, 0xAA, 0x99, 0xAA, 0xBA, 0xA9, 0x99,
    0xAA, 0xBA, 0xA9, 0x99, 0xAB, 0xAA, 0xA9, 0x99, 0xAB, 0xAA, 0x99, 0x99, 0x9B, 0xAA, 0x99, 0x99,
    0xBA, 0xAA, 0x99, 0x99, 0xBA, 0xA9, 0x99, 0x99, 0xBA, 0xA9, 0x99, 0x99, 0xBA, 0xA0, 0x00, 0x00,
    0x0A, 0xA9, 0x0A, 0xAA, 0x9A, 0xA9, 0xAA, 0xAA, 0x9A, 0xA9, 0xAA, 0xAA, 0x9A, 0xAA, 0x9B, 0xBB,
    0x99, 0xAA, 0x99, 0x99, 0x99, 0xAA, 0x9A, 0xAA, 0x99, 0xAA, 0xA9, 0xAA, 0x99, 0x9A, 0xA9, 0xAA,
    0x99, 0x9A, 0xA9, 0xAA, 0x99, 0x9A, 0xAA, 0x9A, 0x99, 0x99, 0xAA, 0x9A, 0x99, 0x99, 0xAA, 0x9B,
    0x99, 0x99, 0xAA, 0xA9, 0x99, 0x99, 0x9A, 0xA9, 0x99, 0x99, 0x9A, 0xA9, 0x00, 0x00, 0x0A, 0xA9,
    0xAA, 0xAA, 0x9B, 0xAA, 0xAA, 0xAA, 0x9B, 0xAA, 0xAA, 0xAA, 0x9B, 0xAA, 0xAA, 0xAA, 0x9B, 0xAA,
    0xAA, 0xAA, 0x9B, 0xAA, 0xAA, 0xAA, 0x9B, 0xAA, 0xAA, 0xAA, 0x9B, 0xAA, 0xAA, 0xAA, 0x9B, 0xAA,
    0xBB, 0xBB, 0x9A, 0xAA, 0xAA, 0xAA, 0xBB, 0xBA, 0xAA, 0xAA, 0xAA, 0xAB, 0x09, 0x9A, 0xAA, 0xAA,
    0x09, 0x99, 0x99, 0xAA, 0x09, 0x99, 0x99, 0x99, 0x09, 0x99, 0x99, 0x99, 0x09, 0x99, 0x99, 0x99,
    0x09, 0x99, 0x99, 0x99, 0x09, 0x99, 0x99, 0x99, 0x09, 0x99, 0x99, 0x99, 0x09, 0x99, 0x99, 0xAA,
    0x09, 0x9A, 0xAA, 0xAA, 0xAA, 0xAA, 0xAA, 0xA9, 0xAA, 0xAA, 0x99, 0x9A, 0x99, 0x99, 0xBA, 0xAA,
    0xAA, 0xA9, 0xBA, 0xAA, 0xAA, 0xA9, 0xBA, 0xAA, 0xBB, 0xA9, 0x9A, 0xAA, 0xAA, 0xBB, 0xBA, 0xA0,
    0xAA, 0xAA, 0xAB, 0xBB, 0x9A, 0xAA, 0xAA, 0xAA, 0x99, 0x99, 0xAA, 0xAA, 0x99, 0x99, 0x99, 0x90,
    0x99, 0x99, 0x99, 0x90, 0x99, 0x99, 0xAA, 0xAA, 0x9A, 0xAA, 0xAA, 0xAA, 0xAA, 0xAA, 0xA9, 0x99,
    0xAA, 0x99, 0x9A, 0xA0, 0x99, 0xA9, 0xBA, 0xAA, 0xAA, 0xA9, 0xBA, 0xAA, 0xAA, 0xA9, 0xBA, 0xAA,
    0xAA, 0xB9, 0xAA, 0xAA, 0xAA, 0xB9, 0xAA, 0xAA, 0xAA, 0xB9, 0xAA, 0xAA, 0xAA, 0xB9, 0xAA, 0xAA,
    0xAA, 0xB9, 0xAA, 0xAA, 0xAA, 0xB9, 0xAA, 0xAA, 0xAA, 0xB9, 0xAA, 0xAA, 0xAA, 0xB9, 0xAA, 0xAA,
    0xAA, 0xAB, 0x9A, 0xAA, 0xAA, 0xAB, 0x9A, 0xAA, 0xAA, 0xA9, 0x9A, 0xBB, 0x0A, 0xAB, 0xBB, 0xAA,
    0xBB, 0xBA, 0xAA, 0xAA, 0xAA, 0xAA, 0xAA, 0xA9, 0xAA, 0xAA, 0x99, 0x99, 0x09, 0x99, 0x99, 0x99,
    0x09, 0x99, 0x99, 0x99, 0xAA, 0xAA, 0x99, 0x99, 0xAA, 0xAA, 0xAA, 0xA9, 0x99, 0x9A, 0xAA, 0xAA,
    0x0A, 0xA9, 0x99, 0xAA, 0xAA, 0xAB, 0x9A, 0x99, 0xAA, 0xAB, 0x9A, 0xAA, 0xAA, 0xAB, 0x9A, 0xAA,
    0xAA, 0xA9, 0xBB, 0xBB, 0xAB, 0xBB, 0xAA, 0xAA, 0xBA, 0xAA, 0xAA, 0xAA, 0xAA, 0xAA, 0xA9, 0x90,
    0xAA, 0x99, 0x99, 0x90, 0x99, 0x99, 0x99, 0x90, 0x99, 0x99, 0x99, 0x90, 0x99, 0x99, 0x99, 0x90,
    0x99, 0x99, 0x99, 0x90, 0x99, 0x99, 0x99, 0x90, 0x99, 0x99, 0x99, 0x90, 0xAA, 0x99, 0x99, 0x90,
    0xAA, 0xAA, 0xA9, 0x90, 0x9A, 0xAA, 0xAA, 0xAA, 0xA9, 0x99, 0xAA, 0xAA, 0xAA, 0xAB, 0x99, 0x99,
    0xA0, 0xA0, 0xAA, 0xAA, 0xAA, 0x0A, 0xAA, 0x0A, 0x0A, 0xA0, 0xAA, 0xA0, 0x0A, 0xA0, 0xA0, 0x00,
    0xA0, 0xA0, 0x00, 0x00, 0xAA, 0x00, 0x00, 0x00, 0xA0, 0x00, 0x00, 0x00, 0xA0, 0x00, 0x00, 0x00,
    0xA0, 0xAA, 0xAA, 0xAA, 0x0A, 0xAA, 0x0A, 0xA0, 0x0A, 0xA0, 0xAA, 0xA0, 0x00, 0x0A, 0xAA, 0xA0,
    0x00, 0x00, 0x0A, 0x0A, 0x00, 0x00, 0x00, 0xAA, 0x00, 0x00, 0x00, 0x0A, 0x00, 0x00, 0x00, 0x0A,
    0xA0, 0x00, 0x00, 0x00, 0xA0, 0x00, 0x00, 0x00, 0xAA, 0x00, 0x00, 0x00, 0xA0, 0xA0, 0x00, 0x00,
    0x0A, 0xAA, 0xA0, 0x00, 0x0A, 0xAA, 0x0A, 0xA0, 0x0A, 0xA0, 0xAA, 0xA0, 0xAA, 0xAA, 0xAA, 0x0A,
    0x00, 0x00, 0x00, 0x0A, 0x00, 0x00, 0x00, 0x0A, 0x00, 0x00, 0x00, 0xAA, 0x00, 0x00, 0x0A, 0x0A,
    0x00, 0x0A, 0x0A, 0xA0, 0x0A, 0xAA, 0x0A, 0xA0, 0xA0, 0xAA, 0xA0, 0xAA, 0xAA, 0xAA, 0x0A, 0x0A,
    0xAA, 0x0A, 0xA0, 0xAA, 0xAA, 0xA0, 0xAA, 0x00, 0xAA, 0xA0, 0xA0, 0x00, 0xAA, 0xAA, 0x00, 0x00,
    0xAA, 0xAA, 0x00, 0x00, 0x0A, 0xA0, 0x00, 0x00, 0xA0, 0xA0, 0x00, 0x00, 0xA0, 0x00, 0x00, 0x00,
    0xAA, 0x00, 0x00, 0x00, 0xA0, 0xA0, 0x00, 0x00, 0xAA, 0xA0, 0x00, 0x00, 0xAA, 0xAA, 0x00, 0x00,
    0xAA, 0xAA, 0x00, 0x00, 0xAA, 0xA0, 0xA0, 0x00, 0xAA, 0x0A, 0xAA, 0x00, 0xA0, 0xAA, 0xAA, 0xAA,
    0xAA, 0x0A, 0xA0, 0xAA, 0x00, 0xAA, 0x0A, 0xAA, 0x00, 0x0A, 0x0A, 0xAA, 0x00, 0x00, 0xAA, 0xAA,
    0x00, 0x00, 0xAA, 0xAA, 0x00, 0x00, 0x0A, 0xA0, 0x00, 0x00, 0x0A, 0x0A, 0x00, 0x00, 0x00, 0x0A,
    0x00, 0x00, 0x00, 0xAA, 0x00, 0x00, 0x0A, 0x0A, 0x00, 0x00, 0x0A, 0xAA, 0x00, 0x00, 0xAA, 0xAA,
    0x00, 0x00, 0xAA, 0xAA, 0x00, 0x0A, 0x0A, 0xAA, 0x00, 0xAA, 0xA0, 0xAA, 0xAA, 0xAA, 0xAA, 0x0A,
    0xA0, 0x0A, 0xAA, 0xAB, 0x09, 0x90, 0xAB, 0x9B, 0x09, 0x99, 0x0B, 0xB9, 0x09, 0x90, 0x90, 0x09,
    0x09, 0x9A, 0x09, 0x09, 0xA0, 0x9A, 0x00, 0x90, 0xA0, 0x99, 0xA0, 0x90, 0xA0, 0x09, 0xAA, 0x90,
    0x00, 0x09, 0x99, 0x99, 0x09, 0x00, 0xB9, 0xB9, 0x09, 0x09, 0xBB, 0xB0, 0x09, 0x09, 0x9B, 0xB0,
    0x09, 0x09, 0xBB, 0xB0, 0xA0, 0x90, 0x9B, 0xB0, 0xAA, 0x09, 0x99, 0x9B, 0xAA, 0x09, 0x99, 0x99,
    0xB9, 0xBB, 0x9B, 0xB0, 0xB9, 0xB9, 0xBB, 0x0A, 0xB9, 0xB9, 0xB0, 0xAA, 0x90, 0x09, 0x90, 0x0A,
    0x0B, 0xB0, 0x99, 0x90, 0xBB, 0x0B, 0x99, 0x90, 0xBB, 0x00, 0x99, 0x0A, 0xBB, 0x99, 0x9B, 0x0A,
    0x00, 0x90, 0x0B, 0xAA, 0x09, 0x00, 0x00, 0xAA, 0x99, 0x00, 0x0A, 0xAA, 0x90, 0x00, 0x00, 0xAA,
    0x90, 0x00, 0x99, 0x0A, 0x90, 0x09, 0x99, 0x90, 0x09, 0x9A, 0xAA, 0xA0, 0x9A, 0xA9, 0x99, 0x0A,
    0x00, 0x00, 0x00, 0x00, 0x99, 0x99, 0x99, 0x99, 0x99, 0x99, 0x99, 0x99, 0xBB, 0xBB, 0xBB, 0xBB,
    0xB9, 0x99, 0x99, 0x99, 0xB9, 0x99, 0x99, 0x99, 0xB9, 0x99, 0x99, 0x90, 0x9B, 0x99, 0x99, 0x00,
    0x9B, 0x99, 0x99, 0x00, 0x9B, 0x99, 0x99, 0x90, 0x9B, 0x99, 0x99, 0x90, 0x99, 0xB9, 0x99, 0x90,
    0x99, 0xB9, 0x99, 0x90, 0x99, 0xB9, 0x99, 0x99, 0x99, 0xB9, 0x99, 0x99, 0x00, 0x00, 0x00, 0x00,
    0x00, 0x00, 0x00, 0x00, 0x99, 0x99, 0x99, 0x99, 0x99, 0x99, 0x99, 0x99, 0xBB, 0xBB, 0xBB, 0xBB,
    0x99, 0x99, 0x99, 0x9B, 0x99, 0x99, 0x99, 0x9B, 0x09, 0x99, 0x99, 0x9B, 0x00, 0x99, 0x99, 0xB9,
    0x00, 0x99, 0x99, 0xB9, 0x09, 0x99, 0x99, 0xB9, 0x09, 0x99, 0x99, 0xB9, 0x09, 0x99, 0x9B, 0x99,
    0x09, 0x99, 0x9B, 0x99, 0x99, 0x99, 0x9B, 0x99, 0x99, 0x99, 0x9B, 0x99, 0x00, 0x00, 0x00, 0x00,
    0x00, 0x00, 0x00, 0x00, 0x99, 0xB9, 0x99, 0x99, 0x99, 0xB9, 0x99, 0x99, 0x99, 0xB9, 0x99, 0x90,
    0x99, 0xB9, 0x99, 0x90, 0x9B, 0x99, 0x99, 0x90, 0x9B, 0x99, 0x99, 0x90, 0x9B, 0x99, 0x99, 0x00,
    0x9B, 0x99, 0x99, 0x00, 0xB9, 0x99, 0x99, 0x90, 0xB9, 0x99, 0x99, 0x99, 0xB9, 0x99, 0x99, 0x99,
    0xBB, 0xBB, 0xBB, 0xBB, 0x99, 0x99, 0x99, 0x99, 0x99, 0x99, 0x99, 0x99, 0x00, 0x00, 0x00, 0x00,
    0x00, 0x00, 0x00, 0x00, 0x99, 0x99, 0x9B, 0x99, 0x99, 0x99, 0x9B, 0x99, 0x09, 0x99, 0x9B, 0x99,
    0x09, 0x99, 0x9B, 0x99, 0x09, 0x99, 0x99, 0xB9, 0x09, 0x99, 0x99, 0xB9, 0x00, 0x99, 0x99, 0xB9,
    0x00, 0x99, 0x99, 0xB9, 0x09, 0x99, 0x99, 0x9B, 0x99, 0x99, 0x99, 0x9B, 0x99, 0x99, 0x99, 0x9B,
    0xBB, 0xBB, 0xBB, 0xBB, 0x99, 0x99, 0x99, 0x99, 0x99, 0x99, 0x99, 0x99, 0x00, 0x00, 0x00, 0x00,
    0x09, 0x9B, 0xBB, 0xB9, 0x09, 0x9B, 0x99, 0x9B, 0x09, 0x9B, 0x99, 0x99, 0x09, 0x9B, 0x99, 0x99,
    0x09, 0x9B, 0x99, 0x99, 0x09, 0x9B, 0x99, 0x99, 0x09, 0x9B, 0x99, 0x90, 0x09, 0x9B, 0x99, 0x00,
    0x09, 0x9B, 0x99, 0x00, 0x09, 0x9B, 0x99, 0x90, 0x09, 0x9B, 0x99, 0x99, 0x09, 0x9B, 0x99, 0x99,
    0x09, 0x9B, 0x99, 0x99, 0x09, 0x9B, 0x99, 0x99, 0x09, 0x9B, 0x99, 0x9B, 0x09, 0x9B, 0xBB, 0xB9,
    0x99, 0x99, 0x99, 0x90, 0xBB, 0xB9, 0x99, 0x90, 0x99, 0x9B, 0xBB, 0xB0, 0x99, 0x99, 0x99, 0x90,
    0x99, 0x99, 0x99, 0x90, 0x99, 0x99, 0x99, 0x90, 0x09, 0x99, 0x99, 0x90, 0x00, 0x00, 0x09, 0x90,
    0x00, 0x00, 0x09, 0x90, 0x09, 0x99, 0x99, 0x90, 0x99, 0x99, 0x99, 0x90, 0x99, 0x99, 0x99, 0x90,
    0x99, 0x99, 0x99, 0x90, 0x99, 0x9B, 0xBB, 0xB0, 0xBB, 0xB9, 0x99, 0x90, 0x99, 0x99, 0x99, 0x90,
    0x09, 0x99, 0x99, 0x99, 0x09, 0x99, 0x9B, 0xBB, 0x0B, 0xBB, 0xB9, 0x99, 0x09, 0x99, 0x99, 0x99,
    0x09, 0x99, 0x99, 0x99, 0x09, 0x99, 0x99, 0x99, 0x09, 0x99, 0x99, 0x90, 0x09, 0x90, 0x00, 0x00,
    0x09, 0x90, 0x00, 0x00, 0x09, 0x99, 0x99, 0x90, 0x09, 0x99, 0x99, 0x99, 0x09, 0x99, 0x99, 0x99,
    0x09, 0x99, 0x99, 0x99, 0x0B, 0xBB, 0xB9, 0x99, 0x09, 0x99, 0x9B, 0xBB, 0x09, 0x99, 0x99, 0x99,
    0x9B, 0xBB, 0xB9, 0x90, 0xB9, 0x99, 0xB9, 0x90, 0x99, 0x99, 0xB9, 0x90, 0x99, 0x99, 0xB9, 0x90,
    0x99, 0x99, 0xB9, 0x90, 0x99, 0x99, 0xB9, 0x90, 0x09, 0x99, 0xB9, 0x90, 0x00, 0x99, 0xB9, 0x90,
    0x00, 0x99, 0xB9, 0x90, 0x09, 0x99, 0xB9, 0x90, 0x99, 0x99, 0xB9, 0x90, 0x99, 0x99, 0xB9, 0x90,
    0x99, 0x99, 0xB9, 0x90, 0x99, 0x99, 0xB9, 0x90, 0xB9, 0x99, 0xB9, 0x90, 0x9B, 0xBB, 0xB9, 0x90,
    0x00, 0x00, 0x00, 0x00, 0x99, 0x99, 0x99, 0x99, 0x99, 0x99, 0x99, 0x90, 0x99, 0x99, 0x99, 0xB0,
    0x99, 0x99, 0x9B, 0x99, 0x99, 0x99, 0xB9, 0x99, 0x99, 0x9B, 0x99, 0x90, 0x99, 0xB9, 0x99, 0x90,
    0x99, 0xB9, 0x99, 0x99, 0x99, 0x9B, 0x99, 0x99, 0x99, 0x99, 0xB9, 0x90, 0x99, 0x99, 0x9B, 0x90,
    0x99, 0x99, 0x99, 0xBB, 0x99, 0x99, 0x99, 0x99, 0x99, 0x99, 0x99, 0x90, 0x00, 0x00, 0x00, 0x00,
    0x00, 0x00, 0x00, 0x00, 0x09, 0x99, 0x99, 0x99, 0x99, 0x99, 0x99, 0x99, 0xBB, 0x99, 0x99, 0x99,
    0x09, 0xB9, 0x99, 0x99, 0x09, 0x9B, 0x99, 0x99, 0x99, 0x99, 0xB9, 0x99, 0x99, 0x99, 0x9B, 0x99,
    0x09, 0x99, 0x9B, 0x99, 0x09, 0x99, 0xB9, 0x99, 0x99, 0x9B, 0x99, 0x99, 0x99, 0xB9, 0x99, 0x99,
    0x0B, 0x99, 0x99, 0x99, 0x09, 0x99, 0x99, 0x99, 0x99, 0x99, 0x99, 0x99, 0x00, 0x00, 0x00, 0x00,
    0x09, 0x99, 0x99, 0x99, 0x09, 0x99, 0x99, 0x99, 0x09, 0x99, 0x99, 0x9B, 0x09, 0x99, 0x99, 0xB9,
    0x09, 0x99, 0x9B, 0x99, 0x09, 0x99, 0xB9, 0x99, 0x09, 0x9B, 0x99, 0x99, 0x00, 0x9B, 0x00, 0x99,
    0x09, 0x00, 0x99, 0x00, 0x09, 0x9B, 0x99, 0x99, 0x09, 0x99, 0xB9, 0x99, 0x09, 0x99, 0x9B, 0x99,
    0x09, 0x99, 0x99, 0xB9, 0x09, 0x99, 0x99, 0x9B, 0x09, 0x99, 0x99, 0x99, 0x09, 0x99, 0x99, 0x99,
    0x99, 0x99, 0x99, 0x90, 0x99, 0x99, 0x99, 0x90, 0xB9, 0x99, 0x99, 0x90, 0x9B, 0x99, 0x99, 0x90,
    0x99, 0xB9, 0x99, 0x90, 0x99, 0x9B, 0x99, 0x90, 0x99, 0x99, 0xB9, 0x90, 0x00, 0x99, 0x00, 0x90,
    0x99, 0x00, 0xB9, 0x00, 0x99, 0x99, 0xB9, 0x90, 0x99, 0x9B, 0x99, 0x90, 0x99, 0xB9, 0x99, 0x90,
    0x9B, 0x99, 0x99, 0x90, 0xB9, 0x99, 0x99, 0x90, 0x99, 0x99, 0x99, 0x90, 0x99, 0x99, 0x99, 0x90,
    0xAB, 0xBB, 0xBB, 0xBB, 0xBA, 0xBB, 0xBB, 0xBB, 0xBB, 0xAB, 0xBB, 0xBB, 0xBB, 0xBA, 0xBB, 0xBB,
    0xBB, 0xBB, 0xAB, 0xBB, 0xBB, 0xBB, 0xBA, 0xAA, 0xBB, 0xBB, 0xBA, 0xAA, 0xBB, 0xBB, 0xBA, 0xAA,
    0xBB, 0xBB, 0xBA, 0xAA, 0xBB, 0xBB, 0xBA, 0xAA, 0xBB, 0xBB, 0xBA, 0xAA, 0xBB, 0xBB, 0xB9, 0x99,
    0xBB, 0xBB, 0x99, 0x99, 0xBB, 0xB9, 0x99, 0x99, 0xBB, 0x99, 0x99, 0x99, 0xB9, 0x99, 0x99, 0x99,
    0xBB, 0xBB, 0xBB, 0xB9, 0xBB, 0xBB, 0xBB, 0x99, 0xBB, 0xBB, 0xB9, 0x99, 0xBB, 0xBB, 0x99, 0x99,
    0xBB, 0xB9, 0x99, 0x99, 0xAA, 0xA9, 0x99, 0x99, 0xAA, 0xA9, 0x99, 0x99, 0xAA, 0xA9, 0x99, 0x99,
    0xAA, 0xA9, 0x99, 0x99, 0xAA, 0xA9, 0x99, 0x99, 0xAA, 0xA9, 0x99, 0x99, 0x99, 0x9A, 0x99, 0x99,
    0x99, 0x99, 0xA9, 0x99, 0x99, 0x99, 0x9A, 0x99, 0x99, 0x99, 0x99, 0xA9, 0x99, 0x99, 0x99, 0x9A,
    0xA0, 0x00, 0xAA, 0x00, 0x0A, 0xA9, 0x00, 0x99, 0x0A, 0xAA, 0x99, 0xBB, 0x0B, 0xAA, 0xA9, 0x0B,
    0x0B, 0x0A, 0xA9, 0x9B, 0xA0, 0x00, 0xAA, 0x90, 0xAA, 0x00, 0x00, 0xA0, 0xAA, 0x00, 0xAA, 0xAA,
    0xA0, 0xAA, 0xA9, 0x99, 0x0A, 0xA9, 0x99, 0x90, 0x00, 0x00, 0x00, 0x09, 0xAA, 0x0B, 0xBB, 0x99,
    0xA0, 0x00, 0x09, 0x99, 0x0B, 0xBB, 0x99, 0x99, 0x00, 0x00, 0x99, 0x99, 0x0B, 0xBB, 0x99, 0x90,
    0x0A, 0xAA, 0x00, 0x00, 0x90, 0xA0, 0x99, 0x90, 0x09, 0x09, 0x99, 0x90, 0xB0, 0x99, 0x99, 0x0A,
    0xB0, 0x99, 0xBB, 0xBB, 0x00, 0x9B, 0xBB, 0xB0, 0x99, 0x0B, 0xB0, 0x0A, 0x99, 0x0B, 0xBB, 0x90,
    0x90, 0x09, 0x99, 0x90, 0x99, 0x99, 0x99, 0x90, 0x90, 0x99, 0x99, 0x90, 0x09, 0x99, 0x00, 0x90,
    0x90, 0x90, 0x99, 0x0A, 0x90, 0x90, 0x99, 0x0A, 0x99, 0x09, 0x09, 0x90, 0x00, 0x00, 0x99, 0x90,
    0x99, 0x9A, 0xAA, 0xAA, 0xBB, 0xB9, 0x9A, 0xAA, 0xAA, 0xAB, 0xB9, 0x9A, 0xAA, 0xAA, 0xAB, 0xB9,
    0xAA, 0xAA, 0xAA, 0xAB, 0xAA, 0xAA, 0xAA, 0xAA, 0xAA, 0xAA, 0xAA, 0xAA, 0xAA, 0xAA, 0xAA, 0xAA,
    0xAA, 0xAA, 0xAA, 0xAA, 0xAA, 0xAA, 0xAA, 0xAA, 0xAA, 0xAA, 0xAA, 0xAA, 0xAA, 0xAA, 0xAA, 0xA9,
    0xAA, 0xAA, 0xA9, 0x9B, 0xAA, 0xA9, 0x9B, 0xBA, 0x99, 0x9B, 0xBA, 0xAA, 0xBB, 0xBA, 0xAA, 0xAA,
    0xAA, 0xAA, 0xAA, 0xAA, 0xAA, 0xAA, 0xAA, 0xAA, 0xAA, 0xAA, 0xAA, 0xAA, 0x9A, 0xAA, 0xAA, 0xAA,
    0xB9, 0x9A, 0xAA, 0xAA, 0xAB, 0xB9, 0x9A, 0xAA, 0xAA, 0xAB, 0xB9, 0x99, 0xAA, 0xAA, 0xAB, 0xBB,
    0xAA, 0xAA, 0xA9, 0x99, 0xAA, 0xA9, 0x9B, 0xBB, 0xA9, 0x9B, 0xBA, 0xAA, 0x9B, 0xBA, 0xAA, 0xAA,
    0xBA, 0xAA, 0xAA, 0xAA, 0xAA, 0xAA, 0xAA, 0xAA, 0xAA, 0xAA, 0xAA, 0xAA, 0xAA, 0xAA, 0xAA, 0xAA,
    0xAA, 0xA9, 0xBA, 0xAA, 0xAA, 0xA9, 0xBA, 0xAA, 0xAA, 0xA9, 0x99, 0x9A, 0xAA, 0xA9, 0xBB, 0xB9,
    0xAA, 0xA9, 0xBA, 0xAB, 0xAA, 0xA9, 0xBA, 0xAA, 0xAA, 0xA9, 0xBA, 0xAA, 0xAA, 0xA9, 0xBA, 0xAA,
    0xAA, 0xA9, 0xBA, 0xAA, 0xAA, 0xA9, 0xBA, 0xAA, 0xAA, 0xA9, 0xBA, 0xAA, 0xAA, 0xA9, 0xBA, 0xA9,
    0xAA, 0xA9, 0x99, 0x9B, 0xAA, 0xA9, 0xBB, 0xBA, 0xAA, 0xA9, 0xBA, 0xAA, 0xAA, 0xA9, 0xBA, 0xAA,
    0xAA, 0xAB, 0x9A, 0xAA, 0xAA, 0xAB, 0x9A, 0xAA, 0xAA, 0xAB, 0x9A, 0xAA, 0x9A, 0xAB, 0x9A, 0xAA,
    0xB9, 0x99, 0x9A, 0xAA, 0xAB, 0xBB, 0x9A, 0xAA, 0xAA, 0xAB, 0x9A, 0xAA, 0xAA, 0xAB, 0x9A, 0xAA,
    0xAA, 0xAB, 0x9A, 0xAA, 0xAA, 0xAB, 0x9A, 0xAA, 0xA9, 0x99, 0x9A, 0xAA, 0x9B, 0xBB, 0x9A, 0xAA,
    0xBA, 0xAB, 0x9A, 0xAA, 0xAA, 0xAB, 0x9A, 0xAA, 0xAA, 0xAB, 0x9A, 0xAA, 0xAA, 0xAB, 0x9A, 0xAA,
    0x9B, 0xAA, 0xAA, 0xAA, 0x9B, 0xAA, 0xAA, 0xAA, 0x9B, 0xAA, 0xAA, 0xAA, 0xA9, 0xBA, 0xAA, 0xAA,
    0xA9, 0xBA, 0xAA, 0xAA, 0xAA, 0x9B, 0xAA, 0xAA, 0xAA, 0x9B, 0xAA, 0xAA, 0xAA, 0xA9, 0xBA, 0xAA,
    0xAA, 0xA9, 0xBA, 0xAA, 0xAA, 0x9B, 0xAA, 0xAA, 0xAA, 0x9B, 0xAA, 0xAA, 0xA9, 0xBA, 0xAA, 0xAA,
    0xA9, 0xBA, 0xAA, 0xAA, 0x9B, 0xAA, 0xAA, 0xAA, 0x9B, 0xAA, 0xAA, 0xAA, 0x9B, 0xAA, 0xAA, 0xAA,
    0xAA, 0xA9, 0xBA, 0xAA, 0xAA, 0xAA, 0x9B, 0xAA, 0xAA, 0xAA, 0x9B, 0xAA, 0xAA, 0xAA, 0xA9, 0xBA,
    0xAA, 0xAA, 0xA9, 0xBA, 0xAA, 0xAA, 0xAA, 0x9B, 0xAA, 0xAA, 0xAA, 0x9B, 0xAA, 0xAA, 0xAA, 0x9B,
    0xAA, 0xAA, 0xAA, 0x9B, 0xAA, 0xAA, 0xAA, 0x9B, 0xAA, 0xAA, 0xAA, 0x9B, 0xAA, 0xAA, 0xA9, 0xBA,
    0xAA, 0xAA, 0xA9, 0xBA, 0xAA, 0xAA, 0x9B, 0xAA, 0xAA, 0xAA, 0x9B, 0xAA, 0xAA, 0xA9, 0xBA, 0xAA,
    0x9A, 0xAA, 0xAA, 0xAA, 0xA9, 0xAA, 0xAA, 0xAA, 0xAA, 0x9A, 0xAA, 0xAA, 0xAA, 0xA9, 0x99, 0x99,
    0xAA, 0xA9, 0x9B, 0xBB, 0xAA, 0xA9, 0xB9, 0xAA, 0xAA, 0xA9, 0xBA, 0x9A, 0xAA, 0xA9, 0xBA, 0xA9,
    0xAA, 0xA9, 0xBA, 0xA9, 0xAA, 0xA9, 0xBA, 0x9A, 0xAA, 0xA9, 0xB9, 0xAA, 0xAA, 0xA9, 0x9B, 0xBB,
    0xAA, 0xA9, 0x99, 0x99, 0xAA, 0x9A, 0xAA, 0xAA, 0xA9, 0xAA, 0xAA, 0xAA, 0x9A, 0xAA, 0xAA, 0xAA,
    0x9A, 0xAB, 0x9A, 0xAA, 0xA9, 0xAB, 0x9A, 0xAA, 0xAA, 0x9B, 0x9A, 0xAA, 0xBB, 0xB9, 0x9A, 0xAA,
    0x99, 0x99, 0x9A, 0xAA, 0xAA, 0xAA, 0xA9, 0xAA, 0xAA, 0xAA, 0xAA, 0x9A, 0xAA, 0xAA, 0xAA, 0xA9,
    0xAA, 0xAA, 0xAA, 0xA9, 0xAA, 0xAA, 0xAA, 0x9A, 0xAA, 0xAA, 0xA9, 0xAA, 0x99, 0x99, 0x9A, 0xAA,
    0xBB, 0xB9, 0x9A, 0xAA, 0xAA, 0x9B, 0x9A, 0xAA, 0xA9, 0xAB, 0x9A, 0xAA, 0x9A, 0xAB, 0x9A, 0xAA,
    0xAA, 0xA9, 0xBA, 0xAA, 0xAA, 0xA9, 0xBA, 0xAA, 0xAA, 0xA9, 0xBA, 0xAA, 0x9A, 0xA9, 0xBA, 0xAA,
    0xB9, 0x99, 0xBA, 0xAA, 0xAB, 0xB9, 0xBA, 0xAA, 0xAA, 0xA9, 0xBA, 0xAA, 0xAA, 0xA9, 0xBA, 0xAA,
    0xAA, 0xA9, 0xBA, 0xAA, 0xAA, 0xA9, 0xBA, 0xAA, 0xA9, 0x99, 0xBA, 0xAA, 0x9B, 0xB9, 0xBA, 0xAA,
    0xBA, 0xA9, 0xBA, 0xAA, 0xAA, 0xA9, 0xBA, 0xAA, 0xAA, 0xA9, 0xBA, 0xAA, 0xAA, 0xA9, 0xBA, 0xAA,
    0xAA, 0xAB, 0x9A, 0xAA, 0xAA, 0xAB, 0x9A, 0xAA, 0xAA, 0xAB, 0x99, 0x9A, 0xAA, 0xAB, 0x9B, 0xB9,
    0xAA, 0xAB, 0x9A, 0xAB, 0xAA, 0xAB, 0x9A, 0xAA, 0xAA, 0xAB, 0x9A, 0xAA, 0xAA, 0xAB, 0x9A, 0xAA,
    0xAA, 0xAB, 0x9A, 0xAA, 0xAA, 0xAB, 0x9A, 0xAA, 0xAA, 0xAB, 0x9A, 0xAA, 0xAA, 0xAB, 0x9A, 0xA9,
    0xAA, 0xAB, 0x99, 0x9B, 0xAA, 0xAB, 0x9B, 0xBA, 0xAA, 0xAB, 0x9A, 0xAA, 0xAA, 0xAB, 0x9A, 0xAA,
    0xAA, 0xAA, 0xAA, 0xAA, 0xAA, 0xAA, 0xAA, 0xAA, 0xAA, 0xAA, 0xAA, 0xAA, 0x99, 0x99, 0x99, 0x99,
    0xBB, 0x9B, 0xBB, 0xBB, 0xAA, 0x9B, 0xAA, 0xAA, 0xAA, 0x9B, 0xAA, 0xAA, 0xAA, 0xA9, 0xBA, 0xAA,
    0xAA, 0xA9, 0xBA, 0xAA, 0xAA, 0x9B, 0xAA, 0xAA, 0xAA, 0x9B, 0xAA, 0xAA, 0xBB, 0x9B, 0xBB, 0xBB,
    0x99, 0x99, 0x99, 0x99, 0xAA, 0xAA, 0xAA, 0xAA, 0xAA, 0xAA, 0xAA, 0xAA, 0xAA, 0xAA, 0xAA, 0xAA,
    0xAA, 0xA9, 0xBA, 0xAA, 0xAA, 0xAA, 0x9B, 0xAA, 0xAA, 0xAA, 0x9B, 0xAA, 0xBB, 0xBB, 0x9B, 0xBB,
    0x99, 0x99, 0x99, 0x99, 0xAA, 0xAA, 0xAA, 0xAA, 0xAA, 0xAA, 0xAA, 0xAA, 0xAA, 0xAA, 0xAA, 0xAA,
    0xAA, 0xAA, 0xAA, 0xAA, 0xAA, 0xAA, 0xAA, 0xAA, 0xAA, 0xAA, 0xAA, 0xAA, 0x99, 0x99, 0x99, 0x99,
    0xBB, 0xBB, 0x9B, 0xBB, 0xAA, 0xAA, 0x9B, 0xAA, 0xAA, 0xAA, 0x9B, 0xAA, 0xAA, 0xA9, 0xBA, 0xAA,
    0xAA, 0xA9, 0xBA, 0xAA, 0xAA, 0xAA, 0x9B, 0xAA, 0xAA, 0xAA, 0x9B, 0xAA, 0x99, 0x99, 0x99, 0x99,
    0xBB, 0xBB, 0xBB, 0xBB, 0xAA, 0xAA, 0xAA, 0xAA, 0xAA, 0xAA, 0xAA, 0xAA, 0xAA, 0xAA, 0xAA, 0xAA,
    0xAA, 0xAA, 0xAA, 0xAA, 0xAA, 0xAA, 0xAA, 0xAA, 0xAA, 0xAA, 0xAA, 0xAA, 0xBB, 0xBB, 0xBB, 0xBB,
    0x99, 0x99, 0x99, 0x99, 0xAA, 0xAA, 0x9B, 0xAA, 0xAA, 0xAA, 0x9B, 0xAA, 0xAA, 0xA9, 0xBA, 0xAA,
    0xAA, 0xAA, 0xAA, 0xAA, 0xAA, 0xAA, 0xAA, 0xAA, 0xAA, 0xAA, 0xAA, 0xAA, 0xBB, 0xBB, 0xBB, 0xBB,
    0x99, 0x99, 0x99, 0x99, 0xAA, 0x9B, 0xAA, 0xAA, 0xAA, 0x9B, 0xAA, 0xAA, 0xAA, 0xA9, 0xBA, 0xAA,
    0xAA, 0xA9, 0xBA, 0xAA, 0xAA, 0x9B, 0xAA, 0xAA, 0xAA, 0x9B, 0xAA, 0xAA, 0x99, 0x99, 0x99, 0x99,
    0xBB, 0xBB, 0xBB, 0xBB, 0xAA, 0xAA, 0xAA, 0xAA, 0xAA, 0xAA, 0xAA, 0xAA, 0xAA, 0xAA, 0xAA, 0xAA,
    0xAA, 0xAA, 0xBB, 0x0A, 0xAA, 0xAB, 0xBB, 0x0A, 0xAA, 0xBB, 0xBB, 0x0A, 0xAA, 0xBB, 0xBB, 0x00,
    0xAA, 0xBB, 0x99, 0x00, 0xAA, 0x99, 0x99, 0x90, 0xAA, 0xA9, 0x99, 0x90, 0xAA, 0xAA, 0x99, 0x99,
    0xAA, 0xAA, 0x99, 0x99, 0xAA, 0xAA, 0xBB, 0xB0, 0xAA, 0xBB, 0xBB, 0xB0, 0xAA, 0x99, 0xBB, 0x00,
    0xAA, 0xBB, 0x99, 0x00, 0xAA, 0xBB, 0xBB, 0x0A, 0xAA, 0xAB, 0xBB, 0x0A, 0xAA, 0xAA, 0xBB, 0x0A,
    0x99, 0x99, 0xAA, 0xAA, 0x0B, 0xBB, 0xBA, 0xAA, 0x0B, 0xBB, 0xBB, 0xAA, 0x00, 0xBB, 0x99, 0xAA,
    0x00, 0x99, 0xBB, 0xAA, 0xA0, 0xBB, 0xBB, 0xAA, 0xA0, 0xBB, 0xBA, 0xAA, 0xA0, 0xBB, 0xAA, 0xAA,
    0xA0, 0xBB, 0xAA, 0xAA, 0xA0, 0xBB, 0xBA, 0xAA, 0xA0, 0xBB, 0xBB, 0xAA, 0x00, 0xBB, 0xBB, 0xAA,
    0x00, 0x99, 0xBB, 0xAA, 0x09, 0x99, 0x99, 0xAA, 0x09, 0x99, 0x9A, 0xAA, 0x99, 0x99, 0xAA, 0xAA,
    0xAA, 0xAA, 0xAA, 0xAA, 0xAA, 0xAA, 0xAA, 0xAA, 0xAA, 0xBB, 0xB9, 0xAA, 0xAB, 0xBB, 0xB9, 0x9A,
    0xBB, 0xBB, 0x99, 0x99, 0xBB, 0xBB, 0x99, 0x99, 0x00, 0x00, 0x09, 0x99, 0xAA, 0xA0, 0x00, 0x09,
    0xAA, 0xA0, 0x00, 0x09, 0x00, 0x00, 0x09, 0x99, 0xBB, 0xBB, 0x99, 0x99, 0xBB, 0xBB, 0x99, 0x99,
    0xAB, 0xBB, 0xB9, 0x9A, 0xAA, 0xBB, 0xB9, 0xAA, 0xAA, 0xAA, 0xAA, 0xAA, 0xAA, 0xAA, 0xAA, 0xAA,
    0x9B, 0x00, 0x0A, 0xAA, 0x9B, 0xB0, 0x00, 0x00, 0x9B, 0xBB, 0x9B, 0xBB, 0x9B, 0xBB, 0x9B, 0xBB,
    0xAA, 0xB9, 0xBB, 0xBA, 0xAA, 0xB9, 0xBB, 0xAA, 0xAA, 0xAA, 0xAA, 0xAA, 0xAA, 0xAA, 0xAA, 0xAA,
    0xAA, 0xAA, 0xAA, 0xAA, 0xAA, 0xAA, 0xAA, 0xAA, 0xAA, 0xB9, 0xBB, 0xAA, 0xAA, 0xB9, 0xBB, 0xBA,
    0x9B, 0xBB, 0x9B, 0xBB, 0x9B, 0xBB, 0x9B, 0xBB, 0x9B, 0xB0, 0x00, 0x00, 0x9B, 0x00, 0x0A, 0xAA,
    0xAA, 0xAA, 0xAA, 0xAA, 0xAA, 0xAA, 0xAA, 0xAA, 0xAA, 0xAA, 0xAA, 0xAA, 0x99, 0x99, 0x99, 0x99,
    0xBB, 0xBB, 0xBB, 0xBB, 0xAA, 0xAA, 0xAA, 0xAA, 0xAA, 0xAA, 0xAA, 0xAA, 0xAA, 0xAA, 0xAA, 0xAA,
    0xAA, 0xAA, 0xAA, 0xAA, 0xAA, 0xAA, 0xAA, 0xAA, 0xAA, 0xAA, 0xAA, 0xAA, 0xBB, 0xBB, 0xBB, 0xBB,
    0x99, 0x99, 0x99, 0x99, 0xAA, 0xAA, 0xAA, 0xAA, 0xAA, 0xAA, 0xAA, 0xAA, 0xAA, 0xAA, 0xAA, 0xAA,
    0xAA, 0xA9, 0xBA, 0xAA, 0xAA, 0xA9, 0xBA, 0xAA, 0xAA, 0xA9, 0xBA, 0xAA, 0xAA, 0xA9, 0xBA, 0xAA,
    0xAA, 0xA9, 0xBA, 0xAA, 0xAA, 0xA9, 0xBA, 0xAA, 0xAA, 0xA9, 0xBA, 0xAA, 0xAA, 0xA9, 0xBA, 0xAA,
    0xAA, 0xAB, 0x9A, 0xAA, 0xAA, 0xAB, 0x9A, 0xAA, 0xAA, 0xAB, 0x9A, 0xAA, 0xAA, 0xAB, 0x9A, 0xAA,
    0xAA, 0xAB, 0x9A, 0xAA, 0xAA, 0xAB, 0x9A, 0xAA, 0xAA, 0xAB, 0x9A, 0xAA, 0xAA, 0xAB, 0x9A, 0xAA,
    0x9A, 0xAA, 0xAA, 0xAA, 0xA9, 0xAA, 0xAA, 0xAA, 0xAA, 0x9A, 0xAA, 0xAA, 0xAA, 0xA9, 0xAA, 0xAA,
    0xAA, 0xAA, 0x9A, 0xAA, 0xAA, 0xAA, 0xA9, 0xAA, 0xAA, 0xAA, 0xAA, 0x9A, 0xAA, 0xAA, 0xAA, 0xA9,
    0xAA, 0xAA, 0xAA, 0xA9, 0xAA, 0xAA, 0xAA, 0x9A, 0xAA, 0xAA, 0xA9, 0xAA, 0xAA, 0xAA, 0x9A, 0xAA,
    0xAA, 0xA9, 0xAA, 0xAA, 0xAA, 0x9A, 0xAA, 0xAA, 0xA9, 0xAA, 0xAA, 0xAA, 0x9A, 0xAA, 0xAA, 0xAA,
    0xAA, 0xAA, 0xAA, 0xAA, 0xA0, 0x00, 0x00, 0x0A, 0xA0, 0x00, 0x00, 0x0A, 0xA0, 0x00, 0x00, 0x0A,
    0xA0, 0x00, 0x00, 0x0A, 0xA0, 0x00, 0x00, 0x0A, 0xA0, 0x00, 0x00, 0x0A, 0xAA, 0xAA, 0xAA, 0xAA,
    0xAA, 0xAA, 0xAA, 0xAA, 0xA0, 0x00, 0x00, 0x0A, 0xA0, 0x00, 0x00, 0x0A, 0xA0, 0x00, 0x00, 0x00,
    0xA0, 0x00, 0x00, 0x00, 0xA0, 0x00, 0x00, 0x0A, 0xA0, 0x00, 0x00, 0x0A, 0xAA, 0xAA, 0xAA, 0xAA,
    0xAA, 0xAA, 0xAA, 0xAA, 0xA0, 0x00, 0x00, 0x0A, 0xA0, 0x00, 0x00, 0x0A, 0x00, 0x00, 0x00, 0x0A,
    0x00, 0x00, 0x00, 0x0A, 0xA0, 0x00, 0x00, 0x0A, 0xA0, 0x00, 0x00, 0x0A, 0xAA, 0xAA, 0xAA, 0xAA,
    0xAA, 0xAA, 0xAA, 0xAA, 0xA0, 0x00, 0x00, 0x0A, 0xA0, 0x00, 0x00, 0x0A, 0x00, 0x00, 0x00, 0x00,
    0x00, 0x00, 0x00, 0x00, 0xA0, 0x00, 0x00, 0x0A, 0xA0, 0x00, 0x00, 0x0A, 0xAA, 0xAA, 0xAA, 0xAA,
    0xAA, 0xAA, 0xAA, 0xAA, 0xA0, 0x00, 0x00, 0x0A, 0xA0, 0x00, 0x00, 0x0A, 0xA0, 0x00, 0x00, 0x0A,
    0xA0, 0x00, 0x00, 0x0A, 0xA0, 0x00, 0x00, 0x0A, 0xA0, 0x00, 0x00, 0x0A, 0xAA, 0xA0, 0x0A, 0xAA,
    0xAA, 0xAA, 0xAA, 0xAA, 0xA0, 0x00, 0x00, 0x0A, 0xA0, 0x00, 0x00, 0x0A, 0xA0, 0x00, 0x00, 0x00,
    0xA0, 0x00, 0x00, 0x00, 0xA0, 0x00, 0x00, 0x0A, 0xA0, 0x00, 0x00, 0x0A, 0xAA, 0xA0, 0x0A, 0xAA,
    0xAA, 0xAA, 0xAA, 0xAA, 0xA0, 0x00, 0x00, 0x0A, 0xA0, 0x00, 0x00, 0x0A, 0x00, 0x00, 0x00, 0x0A,
    0x00, 0x00, 0x00, 0x0A, 0xA0, 0x00, 0x00, 0x0A, 0xA0, 0x00, 0x00, 0x0A, 0xAA, 0xA0, 0x0A, 0xAA,
    0xAA, 0xAA, 0xAA, 0xAA, 0xA0, 0x00, 0x00, 0x0A, 0xA0, 0x00, 0x00, 0x0A, 0x00, 0x00, 0x00, 0x00,
    0x00, 0x00, 0x00, 0x00, 0xA0, 0x00, 0x00, 0x0A, 0xA0, 0x00, 0x00, 0x0A, 0xAA, 0xA0, 0x0A, 0xAA,
    0xAA, 0xA0, 0x0A, 0xAA, 0xA0, 0x00, 0x00, 0x0A, 0xA0, 0x00, 0x00, 0x0A, 0xA0, 0x00, 0x00, 0x0A,
    0xA0, 0x00, 0x00, 0x0A, 0xA0, 0x00, 0x00, 0x0A, 0xA0, 0x00, 0x00, 0x0A, 0xAA, 0xAA, 0xAA, 0xAA,
    0xAA, 0xA0, 0x0A, 0xAA, 0xA0, 0x00, 0x00, 0x0A, 0xA0, 0x00, 0x00, 0x0A, 0xA0, 0x00, 0x00, 0x00,
    0xA0, 0x00, 0x00, 0x00, 0xA0, 0x00, 0x00, 0x0A, 0xA0, 0x00, 0x00, 0x0A, 0xAA, 0xAA, 0xAA, 0xAA,
    0xAA, 0xA0, 0x0A, 0xAA, 0xA0, 0x00, 0x00, 0x0A, 0xA0, 0x00, 0x00, 0x0A, 0x00, 0x00, 0x00, 0x0A,
    0x00, 0x00, 0x00, 0x0A, 0xA0, 0x00, 0x00, 0x0A, 0xA0, 0x00, 0x00, 0x0A, 0xAA, 0xAA, 0xAA, 0xAA,
    0xAA, 0xA0, 0x0A, 0xAA, 0xA0, 0x00, 0x00, 0x0A, 0xA0, 0x00, 0x00, 0x0A, 0x00, 0x00, 0x00, 0x00,
    0x00, 0x00, 0x00, 0x00, 0xA0, 0x00, 0x00, 0x0A, 0xA0, 0x00, 0x00, 0x0A, 0xAA, 0xAA, 0xAA, 0xAA,
    0xAA, 0xA0, 0x0A, 0xAA, 0xA0, 0x00, 0x00, 0x0A, 0xA0, 0x00, 0x00, 0x0A, 0xA0, 0x00, 0x00, 0x0A,
    0xA0, 0x00, 0x00, 0x0A, 0xA0, 0x00, 0x00, 0x0A, 0xA0, 0x00, 0x00, 0x0A, 0xAA, 0xA0, 0x0A, 0xAA,
    0xAA, 0xA0, 0x0A, 0xAA, 0xA0, 0x00, 0x00, 0x0A, 0xA0, 0x00, 0x00, 0x0A, 0xA0, 0x00, 0x00, 0x00,
    0xA0, 0x00, 0x00, 0x00, 0xA0, 0x00, 0x00, 0x0A, 0xA0, 0x00, 0x00, 0x0A, 0xAA, 0xA0, 0x0A, 0xAA,
    0xAA, 0xA0, 0x0A, 0xAA, 0xA0, 0x00, 0x00, 0x0A, 0xA0, 0x00, 0x00, 0x0A, 0x00, 0x00, 0x00, 0x0A,
    0x00, 0x00, 0x00, 0x0A, 0xA0, 0x00, 0x00, 0x0A, 0xA0, 0x00, 0x00, 0x0A, 0xAA, 0xA0, 0x0A, 0xAA,
    0xAA, 0xA0, 0x0A, 0xAA, 0xA0, 0x00, 0x00, 0x0A, 0xA0, 0x00, 0x00, 0x0A, 0x00, 0x00, 0x00, 0x00,
    0x00, 0x00, 0x00, 0x00, 0xA0, 0x00, 0x00, 0x0A, 0xA0, 0x00, 0x00, 0x0A, 0xAA, 0xA0, 0x0A, 0xAA,
    0xFF, 0xFF, 0xFF, 0xFF, 0xF0, 0x00, 0x00, 0x00, 0xFE, 0xE0, 0x00, 0x00, 0xFE, 0xED, 0x00, 0x00,
    0xFE, 0xED, 0xEE, 0xE0, 0xFE, 0xED, 0xEE, 0xED, 0xFE, 0xED, 0xEE, 0xED, 0xFE, 0xED, 0xEE, 0xED,
    0xFE, 0xED, 0xEE, 0xED, 0xFE, 0xED, 0xEE, 0xED, 0xFE, 0xED, 0xEE, 0xED, 0xFE, 0xED, 0xEE, 0xED,
    0xFE, 0xED, 0xEE, 0xED, 0xFE, 0xED, 0xEE, 0xED, 0xFE, 0xED, 0xEE, 0xED, 0xFF, 0xFF, 0xFF, 0xFF,
    0xFF, 0xFF, 0xFF, 0xFF, 0x00, 0x00, 0x00, 0x0F, 0x00, 0x00, 0x00, 0x0F, 0x00, 0x00, 0x00, 0x0F,
    0x00, 0x00, 0x00, 0x0F, 0x00, 0x00, 0x00, 0x0F, 0xEE, 0xE0, 0x00, 0x0F, 0xEE, 0xED, 0x00, 0x0F,
    0xEE, 0xED, 0xEE, 0xEF, 0xEE, 0xED, 0xEE, 0xEF, 0xEE, 0xED, 0xEE, 0xEF, 0xEE, 0xED, 0xEE, 0xEF,
    0xEE, 0xED, 0xEE, 0xEF, 0xEE, 0xED, 0xEE, 0xEF, 0xEE, 0xED, 0xEE, 0xEF, 0xFF, 0xFF, 0xFF, 0xFF,
    0xEF, 0xFF, 0xFF, 0xFF, 0xFE, 0xEE, 0xEE, 0xEE, 0xFE, 0xEE, 0xEE, 0xEE, 0xFE, 0xEE, 0xEE, 0xEE,
    0xFE, 0xEE, 0xEE, 0xEE, 0xFE, 0xEE, 0xEE, 0xEE, 0xFE, 0xEE, 0xEE, 0xEE, 0xFE, 0xEE, 0xEE, 0xEE,
    0xFE, 0xEE, 0xEE, 0xEE, 0xFE, 0xEE, 0xEE, 0xEE, 0xFE, 0xEE, 0xEE, 0xEE, 0xFE, 0xEE, 0xEE, 0xEE,
    0xFE, 0xEE, 0xEE, 0xEE, 0xFE, 0xEE, 0xEE, 0xEE, 0xFE, 0xEE, 0xEE, 0xEE, 0xE0, 0x00, 0x00, 0x00,
    0xFF, 0xFF, 0xFF, 0xFE, 0xEE, 0xEE, 0xEE, 0xE0, 0xEE, 0xEE, 0xEE, 0xE0, 0xEE, 0xEE, 0xEE, 0xE0,
    0xEE, 0xEE, 0xEE, 0xE0, 0xEE, 0xEE, 0xEE, 0xE0, 0xEE, 0xEE, 0xEE, 0xE0, 0xEE, 0xEE, 0xEE, 0xE0,
    0xEE, 0xEE, 0xEE, 0xE0, 0xEE, 0xEE, 0xEE, 0xE0, 0xEE, 0xEE, 0xEE, 0xE0, 0xEE, 0xEE, 0xEE, 0xE0,
    0xEE, 0xEE, 0xEE, 0xE0, 0xEE, 0xEE, 0xEE, 0xE0, 0xEE, 0xEE, 0xEE, 0xE0, 0x00, 0x00, 0x00, 0x0E,
    0xEE, 0xEE, 0xEE, 0xEE, 0xEE, 0xEE, 0xEE, 0xEE, 0xEE, 0xEE, 0xEE, 0xEE, 0xEE, 0xEE, 0xEE, 0xEE,
    0xDD, 0xDD, 0xDD, 0xDD, 0xFF, 0xFF, 0xFF, 0xFF, 0xEE, 0xEE, 0xEE, 0xEE, 0xEE, 0xEE, 0xEE, 0xEE,
    0xFE, 0xE0, 0x00, 0x00, 0xFE, 0xED, 0xDD, 0xDD, 0xFE, 0xED, 0xDD, 0xDD, 0xFE, 0xEE, 0xDD, 0xDD,
    0xDF, 0xEE, 0xDD, 0xDD, 0xEF, 0xEE, 0xDD, 0xDD, 0xEF, 0xEE, 0xED, 0xDD, 0xEE, 0xFE, 0xED, 0xDD,
    0xEE, 0xFE, 0xED, 0xDD, 0xEE, 0xFE, 0xEE, 0xDD, 0xEE, 0xEF, 0xEE, 0xDD, 0xDD, 0xDF, 0xEE, 0xDD,
    0xFF, 0xDF, 0xEE, 0xED, 0xEE, 0xEE, 0xFE, 0xED, 0xEE, 0xEE, 0xFE, 0xED, 0xEE, 0xE0, 0xFE, 0xE0,
    0x00, 0x00, 0x0E, 0xED, 0xDD, 0xDD, 0xDE, 0xED, 0xDD, 0xDD, 0xDE, 0xED, 0xDD, 0xDD, 0xEE, 0xED,
    0xDD, 0xDD, 0xEE, 0xDF, 0xDD, 0xDD, 0xEE, 0xDE, 0xDD, 0xDE, 0xEE, 0xDE, 0xDD, 0xDE, 0xED, 0xEE,
    0xDD, 0xDE, 0xED, 0xEE, 0xDD, 0xEE, 0xED, 0xEE, 0xDD, 0xEE, 0xDE, 0xEE, 0xDD, 0xEE, 0xDD, 0xDD,
    0xDE, 0xEE, 0xDF, 0xFF, 0xDE, 0xED, 0xEE, 0xEE, 0xDE, 0xED, 0xEE, 0xEE, 0x0E, 0xED, 0x0E, 0xEE,
    0xEE, 0xEE, 0xEE, 0xEE, 0xEE, 0xEE, 0xEE, 0xEE, 0xFF, 0xFF, 0xFF, 0xFF, 0xDD, 0xDD, 0xDD, 0xDD,
    0xEE, 0xEE, 0xEE, 0xEE, 0xEE, 0xEE, 0xEE, 0xEE, 0xEE, 0xEE, 0xEE, 0xEE, 0xEE, 0xEE, 0xEE, 0xEE,
    0xEE, 0xE0, 0xFE, 0xE0, 0xEE, 0xEE, 0xFE, 0xED, 0xEE, 0xEE, 0xFE, 0xED, 0xFF, 0xDF, 0xEE, 0xED,
    0xDD, 0xDF, 0xEE, 0xDD, 0xEE, 0xEF, 0xEE, 0xDD, 0xEE, 0xFE, 0xEE, 0xDD, 0xEE, 0xFE, 0xED, 0xDD,
    0xEE, 0xFE, 0xED, 0xDD, 0xEF, 0xEE, 0xED, 0xDD, 0xEF, 0xEE, 0xDD, 0xDD, 0xDF, 0xEE, 0xDD, 0xDD,
    0xFE, 0xEE, 0xDD, 0xDD, 0xFE, 0xED, 0xDD, 0xDD, 0xFE, 0xED, 0xDD, 0xDD, 0xFE, 0xE0, 0x00, 0x00,
    0x0E, 0xED, 0x0E, 0xEE, 0xDE, 0xED, 0xEE, 0xEE, 0xDE, 0xED, 0xEE, 0xEE, 0xDE, 0xEE, 0xDF, 0xFF,
    0xDD, 0xEE, 0xDD, 0xDD, 0xDD, 0xEE, 0xDE, 0xEE, 0xDD, 0xEE, 0xED, 0xEE, 0xDD, 0xDE, 0xED, 0xEE,
    0xDD, 0xDE, 0xED, 0xEE, 0xDD, 0xDE, 0xEE, 0xDE, 0xDD, 0xDD, 0xEE, 0xDE, 0xDD, 0xDD, 0xEE, 0xDF,
    0xDD, 0xDD, 0xEE, 0xED, 0xDD, 0xDD, 0xDE, 0xED, 0xDD, 0xDD, 0xDE, 0xED, 0x00, 0x00, 0x0E, 0xED,
    0xEE, 0xEE, 0xDF, 0xEE, 0xEE, 0xEE, 0xDF, 0xEE, 0xEE, 0xEE, 0xDF, 0xEE, 0xEE, 0xEE, 0xDF, 0xEE,
    0xEE, 0xEE, 0xDF, 0xEE, 0xEE, 0xEE, 0xDF, 0xEE, 0xEE, 0xEE, 0xDF, 0xEE, 0xEE, 0xEE, 0xDF, 0xEE,
    0xFF, 0xFF, 0xDE, 0xEE, 0xEE, 0xEE, 0xFF, 0xFE, 0xEE, 0xEE, 0xEE, 0xEF, 0x0D, 0xDE, 0xEE, 0xEE,
    0x0D, 0xDD, 0xDD, 0xEE, 0x0D, 0xDD, 0xDD, 0xDD, 0x0D, 0xDD, 0xDD, 0xDD, 0x0D, 0xDD, 0xDD, 0xDD,
    0x0D, 0xDD, 0xDD, 0xDD, 0x0D, 0xDD, 0xDD, 0xDD, 0x0D, 0xDD, 0xDD, 0xDD, 0x0D, 0xDD, 0xDD, 0xEE,
    0x0D, 0xDE, 0xEE, 0xEE, 0xEE, 0xEE, 0xEE, 0xED, 0xEE, 0xEE, 0xDD, 0xDE, 0xDD, 0xDD, 0xFE, 0xEE,
    0xEE, 0xED, 0xFE, 0xEE, 0xEE, 0xED, 0xFE, 0xEE, 0xFF, 0xED, 0xDE, 0xEE, 0xEE, 0xFF, 0xFE, 0xE0,
    0xEE, 0xEE, 0xEF, 0xFF, 0xDE, 0xEE, 0xEE, 0xEE, 0xDD, 0xDD, 0xEE, 0xEE, 0xDD, 0xDD, 0xDD, 0xD0,
    0xDD, 0xDD, 0xDD, 0xD0, 0xDD, 0xDD, 0xEE, 0xEE, 0xDE, 0xEE, 0xEE, 0xEE, 0xEE, 0xEE, 0xED, 0xDD,
    0xEE, 0xDD, 0xDE, 0xE0, 0xDD, 0xED, 0xFE, 0xEE, 0xEE, 0xED, 0xFE, 0xEE, 0xEE, 0xED, 0xFE, 0xEE,
    0xEE, 0xFD, 0xEE, 0xEE, 0xEE, 0xFD, 0xEE, 0xEE, 0xEE, 0xFD, 0xEE, 0xEE, 0xEE, 0xFD, 0xEE, 0xEE,
    0xEE, 0xFD, 0xEE, 0xEE, 0xEE, 0xFD, 0xEE, 0xEE, 0xEE, 0xFD, 0xEE, 0xEE, 0xEE, 0xFD, 0xEE, 0xEE,
    0xEE, 0xEF, 0xDE, 0xEE, 0xEE, 0xEF, 0xDE, 0xEE, 0xEE, 0xED, 0xDE, 0xFF, 0x0E, 0xEF, 0xFF, 0xEE,
    0xFF, 0xFE, 0xEE, 0xEE, 0xEE, 0xEE, 0xEE, 0xED, 0xEE, 0xEE, 0xDD, 0xDD, 0x0D, 0xDD, 0xDD, 0xDD,
    0x0D, 0xDD, 0xDD, 0xDD, 0xEE, 0xEE, 0xDD, 0xDD, 0xEE, 0xEE, 0xEE, 0xED, 0xDD, 0xDE, 0xEE, 0xEE,
    0x0E, 0xED, 0xDD, 0xEE, 0xEE, 0xEF, 0xDE, 0xDD, 0xEE, 0xEF, 0xDE, 0xEE, 0xEE, 0xEF, 0xDE, 0xEE,
    0xEE, 0xED, 0xFF, 0xFF, 0xEF, 0xFF, 0xEE, 0xEE, 0xFE, 0xEE, 0xEE, 0xEE, 0xEE, 0xEE, 0xED, 0xD0,
    0xEE, 0xDD, 0xDD, 0xD0, 0xDD, 0xDD, 0xDD, 0xD0, 0xDD, 0xDD, 0xDD, 0xD0, 0xDD, 0xDD, 0xDD, 0xD0,
    0xDD, 0xDD, 0xDD, 0xD0, 0xDD, 0xDD, 0xDD, 0xD0, 0xDD, 0xDD, 0xDD, 0xD0, 0xEE, 0xDD, 0xDD, 0xD0,
    0xEE, 0xEE, 0xED, 0xD0, 0xDE, 0xEE, 0xEE, 0xEE, 0xED, 0xDD, 0xEE, 0xEE, 0xEE, 0xEF, 0xDD, 0xDD,
    0xE0, 0xE0, 0xEE, 0xEE, 0xEE, 0x0E, 0xEE, 0x0E, 0x0E, 0xE0, 0xEE, 0xE0, 0x0E, 0xE0, 0xE0, 0x00,
    0xE0, 0xE0, 0x00, 0x00, 0xEE, 0x00, 0x00, 0x00, 0xE0, 0x00, 0x00, 0x00, 0xE0, 0x00, 0x00, 0x00,
    0xE0, 0xEE, 0xEE, 0xEE, 0x0E, 0xEE, 0x0E, 0xE0, 0x0E, 0xE0, 0xEE, 0xE0, 0x00, 0x0E, 0xEE, 0xE0,
    0x00, 0x00, 0x0E, 0x0E, 0x00, 0x00, 0x00, 0xEE, 0x00, 0x00, 0x00, 0x0E, 0x00, 0x00, 0x00, 0x0E,
    0xE0, 0x00, 0x00, 0x00, 0xE0, 0x00, 0x00, 0x00, 0xEE, 0x00, 0x00, 0x00, 0xE0, 0xE0, 0x00, 0x00,
    0x0E, 0xEE, 0xE0, 0x00, 0x0E, 0xEE, 0x0E, 0xE0, 0x0E, 0xE0, 0xEE, 0xE0, 0xEE, 0xEE, 0xEE, 0x0E,
    0x00, 0x00, 0x00, 0x0E, 0x00, 0x00, 0x00, 0x0E, 0x00, 0x00, 0x00, 0xEE, 0x00, 0x00, 0x0E, 0x0E,
    0x00, 0x0E, 0x0E, 0xE0, 0x0E, 0xEE, 0x0E, 0xE0, 0xE0, 0xEE, 0xE0, 0xEE, 0xEE, 0xEE, 0x0E, 0x0E,
    0xEE, 0x0E, 0xE0, 0xEE, 0xEE, 0xE0, 0xEE, 0x00, 0xEE, 0xE0, 0xE0, 0x00, 0xEE, 0xEE, 0x00, 0x00,
    0xEE, 0xEE, 0x00, 0x00, 0x0E, 0xE0, 0x00, 0x00, 0xE0, 0xE0, 0x00, 0x00, 0xE0, 0x00, 0x00, 0x00,
    0xEE, 0x00, 0x00, 0x00, 0xE0, 0xE0, 0x00, 0x00, 0xEE, 0xE0, 0x00, 0x00, 0xEE, 0xEE, 0x00, 0x00,
    0xEE, 0xEE, 0x00, 0x00, 0xEE, 0xE0, 0xE0, 0x00, 0xEE, 0x0E, 0xEE, 0x00, 0xE0, 0xEE, 0xEE, 0xEE,
    0xEE, 0x0E, 0xE0, 0xEE, 0x00, 0xEE, 0x0E, 0xEE, 0x00, 0x0E, 0x0E, 0xEE, 0x00, 0x00, 0xEE, 0xEE,
    0x00, 0x00, 0xEE, 0xEE, 0x00, 0x00, 0x0E, 0xE0, 0x00, 0x00, 0x0E, 0x0E, 0x00, 0x00, 0x00, 0x0E,
    0x00, 0x00, 0x00, 0xEE, 0x00, 0x00, 0x0E, 0x0E, 0x00, 0x00, 0x0E, 0xEE, 0x00, 0x00, 0xEE, 0xEE,
    0x00, 0x00, 0xEE, 0xEE, 0x00, 0x0E, 0x0E, 0xEE, 0x00, 0xEE, 0xE0, 0xEE, 0xEE, 0xEE, 0xEE, 0x0E,
    0xE0, 0x0E, 0xEE, 0xEF, 0x0D, 0xD0, 0xEF, 0xDF, 0x0D, 0xDD, 0x0F, 0xFD, 0x0D, 0xD0, 0xD0, 0x0D,
    0x0D, 0xDE, 0x0D, 0x0D, 0xE0, 0xDE, 0x00, 0xD0, 0xE0, 0xDD, 0xE0, 0xD0, 0xE0, 0x0D, 0xEE, 0xD0,
    0x00, 0x0D, 0xDD, 0xDD, 0x0D, 0x00, 0xFD, 0xFD, 0x0D, 0x0D, 0xFF, 0xF0, 0x0D, 0x0D, 0xDF, 0xF0,
    0x0D, 0x0D, 0xFF, 0xF0, 0xE0, 0xD0, 0xDF, 0xF0, 0xEE, 0x0D, 0xDD, 0xDF, 0xEE, 0x0D, 0xDD, 0xDD,
    0xFD, 0xFF, 0xDF, 0xF0, 0xFD, 0xFD, 0xFF, 0x0E, 0xFD, 0xFD, 0xF0, 0xEE, 0xD0, 0x0D, 0xD0, 0x0E,
    0x0F, 0xF0, 0xDD, 0xD0, 0xFF, 0x0F, 0xDD, 0xD0, 0xFF, 0x00, 0xDD, 0x0E, 0xFF, 0xDD, 0xDF, 0x0E,
    0x00, 0xD0, 0x0F, 0xEE, 0x0D, 0x00, 0x00, 0xEE, 0xDD, 0x00, 0x0E, 0xEE, 0xD0, 0x00, 0x00, 0xEE,
    0xD0, 0x00, 0xDD, 0x0E, 0xD0, 0x0D, 0xDD, 0xD0, 0x0D, 0xDE, 0xEE, 0xE0, 0xDE, 0xED, 0xDD, 0x0E,
    0x00, 0x00, 0x00, 0x00, 0xDD, 0xDD, 0xDD, 0xDD, 0xDD, 0xDD, 0xDD, 0xDD, 0xFF, 0xFF, 0xFF, 0xFF,
    0xFD, 0xDD, 0xDD, 0xDD, 0xFD, 0xDD, 0xDD, 0xDD, 0xFD, 0xDD, 0xDD, 0xD0, 0xDF, 0xDD, 0xDD, 0x00,
    0xDF, 0xDD, 0xDD, 0x00, 0xDF, 0xDD, 0xDD, 0xD0, 0xDF, 0xDD, 0xDD, 0xD0, 0xDD, 0xFD, 0xDD, 0xD0,
    0xDD, 0xFD, 0xDD, 0xD0, 0xDD, 0xFD, 0xDD, 0xDD, 0xDD, 0xFD, 0xDD, 0xDD, 0x00, 0x00, 0x00, 0x00,
    0x00, 0x00, 0x00, 0x00, 0xDD, 0xDD, 0xDD, 0xDD, 0xDD, 0xDD, 0xDD, 0xDD, 0xFF, 0xFF, 0xFF, 0xFF,
    0xDD, 0xDD, 0xDD, 0xDF, 0xDD, 0xDD, 0xDD, 0xDF, 0x0D, 0xDD, 0xDD, 0xDF, 0x00, 0xDD, 0xDD, 0xFD,
    0x00, 0xDD, 0xDD, 0xFD, 0x0D, 0xDD, 0xDD, 0xFD, 0x0D, 0xDD, 0xDD, 0xFD, 0x0D, 0xDD, 0xDF, 0xDD,
    0x0D, 0xDD, 0xDF, 0xDD, 0xDD, 0xDD, 0xDF, 0xDD, 0xDD, 0xDD, 0xDF, 0xDD, 0x00, 0x00, 0x00, 0x00,
    0x00, 0x00, 0x00, 0x00, 0xDD, 0xFD, 0xDD, 0xDD, 0xDD, 0xFD, 0xDD, 0xDD, 0xDD, 0xFD, 0xDD, 0xD0,
    0xDD, 0xFD, 0xDD, 0xD0, 0xDF, 0xDD, 0xDD, 0xD0, 0xDF, 0xDD, 0xDD, 0xD0, 0xDF, 0xDD, 0xDD, 0x00,
    0xDF, 0xDD, 0xDD, 0x00, 0xFD, 0xDD, 0xDD, 0xD0, 0xFD, 0xDD, 0xDD, 0xDD, 0xFD, 0xDD, 0xDD, 0xDD,
    0xFF, 0xFF, 0xFF, 0xFF, 0xDD, 0xDD, 0xDD, 0xDD, 0xDD, 0xDD, 0xDD, 0xDD, 0x00, 0x00, 0x00, 0x00,
    0x00, 0x00, 0x00, 0x00, 0xDD, 0xDD, 0xDF, 0xDD, 0xDD, 0xDD, 0xDF, 0xDD, 0x0D, 0xDD, 0xDF, 0xDD,
    0x0D, 0xDD, 0xDF, 0xDD, 0x0D, 0xDD, 0xDD, 0xFD, 0x0D, 0xDD, 0xDD, 0xFD, 0x00, 0xDD, 0xDD, 0xFD,
    0x00, 0xDD, 0xDD, 0xFD, 0x0D, 0xDD, 0xDD, 0xDF, 0xDD, 0xDD, 0xDD, 0xDF, 0xDD, 0xDD, 0xDD, 0xDF,
    0xFF, 0xFF, 0xFF, 0xFF, 0xDD, 0xDD, 0xDD, 0xDD, 0xDD, 0xDD, 0xDD, 0xDD, 0x00, 0x00, 0x00, 0x00,
    0x0D, 0xDF, 0xFF, 0xFD, 0x0D, 0xDF, 0xDD, 0xDF, 0x0D, 0xDF, 0xDD, 0xDD, 0x0D, 0xDF, 0xDD, 0xDD,
    0x0D, 0xDF, 0xDD, 0xDD, 0x0D, 0xDF, 0xDD, 0xDD, 0x0D, 0xDF, 0xDD, 0xD0, 0x0D, 0xDF, 0xDD, 0x00,
    0x0D, 0xDF, 0xDD, 0x00, 0x0D, 0xDF, 0xDD, 0xD0, 0x0D, 0xDF, 0xDD, 0xDD, 0x0D, 0xDF, 0xDD, 0xDD,
    0x0D, 0xDF, 0xDD, 0xDD, 0x0D, 0xDF, 0xDD, 0xDD, 0x0D, 0xDF, 0xDD, 0xDF, 0x0D, 0xDF, 0xFF, 0xFD,
    0xDD, 0xDD, 0xDD, 0xD0, 0xFF, 0xFD, 0xDD, 0xD0, 0xDD, 0xDF, 0xFF, 0xF0, 0xDD, 0xDD, 0xDD, 0xD0,
    0xDD, 0xDD, 0xDD, 0xD0, 0xDD, 0xDD, 0xDD, 0xD0, 0x0D, 0xDD, 0xDD, 0xD0, 0x00, 0x00, 0x0D, 0xD0,
    0x00, 0x00, 0x0D, 0xD0, 0x0D, 0xDD, 0xDD, 0xD0, 0xDD, 0xDD, 0xDD, 0xD0, 0xDD, 0xDD, 0xDD, 0xD0,
    0xDD, 0xDD, 0xDD, 0xD0, 0xDD, 0xDF, 0xFF, 0xF0, 0xFF, 0xFD, 0xDD, 0xD0, 0xDD, 0xDD, 0xDD, 0xD0,
    0x0D, 0xDD, 0xDD, 0xDD, 0x0D, 0xDD, 0xDF, 0xFF, 0x0F, 0xFF, 0xFD, 0xDD, 0x0D, 0xDD, 0xDD, 0xDD,
    0x0D, 0xDD, 0xDD, 0xDD, 0x0D, 0xDD, 0xDD, 0xDD, 0x0D, 0xDD, 0xDD, 0xD0, 0x0D, 0xD0, 0x00, 0x00,
    0x0D, 0xD0, 0x00, 0x00, 0x0D, 0xDD, 0xDD, 0xD0, 0x0D, 0xDD, 0xDD, 0xDD, 0x0D, 0xDD, 0xDD, 0xDD,
    0x0D, 0xDD, 0xDD, 0xDD, 0x0F, 0xFF, 0xFD, 0xDD, 0x0D, 0xDD, 0xDF, 0xFF, 0x0D, 0xDD, 0xDD, 0xDD,
    0xDF, 0xFF, 0xFD, 0xD0, 0xFD, 0xDD, 0xFD, 0xD0, 0xDD, 0xDD, 0xFD, 0xD0, 0xDD, 0xDD, 0xFD, 0xD0,
    0xDD, 0xDD, 0xFD, 0xD0, 0xDD, 0xDD, 0xFD, 0xD0, 0x0D, 0xDD, 0xFD, 0xD0, 0x00, 0xDD, 0xFD, 0xD0,
    0x00, 0xDD, 0xFD, 0xD0, 0x0D, 0xDD, 0xFD, 0xD0, 0xDD, 0xDD, 0xFD, 0xD0, 0xDD, 0xDD, 0xFD, 0xD0,
    0xDD, 0xDD, 0xFD, 0xD0, 0xDD, 0xDD, 0xFD, 0xD0, 0xFD, 0xDD, 0xFD, 0xD0, 0xDF, 0xFF, 0xFD, 0xD0,
    0x00, 0x00, 0x00, 0x00, 0xDD, 0xDD, 0xDD, 0xDD, 0xDD, 0xDD, 0xDD, 0xD0, 0xDD, 0xDD, 0xDD, 0xF0,
    0xDD, 0xDD, 0xDF, 0xDD, 0xDD, 0xDD, 0xFD, 0xDD, 0xDD, 0xDF, 0xDD, 0xD0, 0xDD, 0xFD, 0xDD, 0xD0,
    0xDD, 0xFD, 0xDD, 0xDD, 0xDD, 0xDF, 0xDD, 0xDD, 0xDD, 0xDD, 0xFD, 0xD0, 0xDD, 0xDD, 0xDF, 0xD0,
    0xDD, 0xDD, 0xDD, 0xFF, 0xDD, 0xDD, 0xDD, 0xDD, 0xDD, 0xDD, 0xDD, 0xD0, 0x00, 0x00, 0x00, 0x00,
    0x00, 0x00, 0x00, 0x00, 0x0D, 0xDD, 0xDD, 0xDD, 0xDD, 0xDD, 0xDD, 0xDD, 0xFF, 0xDD, 0xDD, 0xDD,
    0x0D, 0xFD, 0xDD, 0xDD, 0x0D, 0xDF, 0xDD, 0xDD, 0xDD, 0xDD, 0xFD, 0xDD, 0xDD, 0xDD, 0xDF, 0xDD,
    0x0D, 0xDD, 0xDF, 0xDD, 0x0D, 0xDD, 0xFD, 0xDD, 0xDD, 0xDF, 0xDD, 0xDD, 0xDD, 0xFD, 0xDD, 0xDD,
    0x0F, 0xDD, 0xDD, 0xDD, 0x0D, 0xDD, 0xDD, 0xDD, 0xDD, 0xDD, 0xDD, 0xDD, 0x00, 0x00, 0x00, 0x00,
    0x0D, 0xDD, 0xDD, 0xDD, 0x0D, 0xDD, 0xDD, 0xDD, 0x0D, 0xDD, 0xDD, 0xDF, 0x0D, 0xDD, 0xDD, 0xFD,
    0x0D, 0xDD, 0xDF, 0xDD, 0x0D, 0xDD, 0xFD, 0xDD, 0x0D, 0xDF, 0xDD, 0xDD, 0x00, 0xDF, 0x00, 0xDD,
    0x0D, 0x00, 0xDD, 0x00, 0x0D, 0xDF, 0xDD, 0xDD, 0x0D, 0xDD, 0xFD, 0xDD, 0x0D, 0xDD, 0xDF, 0xDD,
    0x0D, 0xDD, 0xDD, 0xFD, 0x0D, 0xDD, 0xDD, 0xDF, 0x0D, 0xDD, 0xDD, 0xDD, 0x0D, 0xDD, 0xDD, 0xDD,
    0xDD, 0xDD, 0xDD, 0xD0, 0xDD, 0xDD, 0xDD, 0xD0, 0xFD, 0xDD, 0xDD, 0xD0, 0xDF, 0xDD, 0xDD, 0xD0,
    0xDD, 0xFD, 0xDD, 0xD0, 0xDD, 0xDF, 0xDD, 0xD0, 0xDD, 0xDD, 0xFD, 0xD0, 0x00, 0xDD, 0x00, 0xD0,
    0xDD, 0x00, 0xFD, 0x00, 0xDD, 0xDD, 0xFD, 0xD0, 0xDD, 0xDF, 0xDD, 0xD0, 0xDD, 0xFD, 0xDD, 0xD0,
    0xDF, 0xDD, 0xDD, 0xD0, 0xFD, 0xDD, 0xDD, 0xD0, 0xDD, 0xDD, 0xDD, 0xD0, 0xDD, 0xDD, 0xDD, 0xD0,
    0xEF, 0xFF, 0xFF, 0xFF, 0xFE, 0xFF, 0xFF, 0xFF, 0xFF, 0xEF, 0xFF, 0xFF, 0xFF, 0xFE, 0xFF, 0xFF,
    0xFF, 0xFF, 0xEF, 0xFF, 0xFF, 0xFF, 0xFE, 0xEE, 0xFF, 0xFF, 0xFE, 0xEE, 0xFF, 0xFF, 0xFE, 0xEE,
    0xFF, 0xFF, 0xFE, 0xEE, 0xFF, 0xFF, 0xFE, 0xEE, 0xFF, 0xFF, 0xFE, 0xEE, 0xFF, 0xFF, 0xFD, 0xDD,
    0xFF, 0xFF, 0xDD, 0xDD, 0xFF, 0xFD, 0xDD, 0xDD, 0xFF, 0xDD, 0xDD, 0xDD, 0xFD, 0xDD, 0xDD, 0xDD,
    0xFF, 0xFF, 0xFF, 0xFD, 0xFF, 0xFF, 0xFF, 0xDD, 0xFF, 0xFF, 0xFD, 0xDD, 0xFF, 0xFF, 0xDD, 0xDD,
    0xFF, 0xFD, 0xDD, 0xDD, 0xEE, 0xED, 0xDD, 0xDD, 0xEE, 0xED, 0xDD, 0xDD, 0xEE, 0xED, 0xDD, 0xDD,
    0xEE, 0xED, 0xDD, 0xDD, 0xEE, 0xED, 0xDD, 0xDD, 0xEE, 0xED, 0xDD, 0xDD, 0xDD, 0xDE, 0xDD, 0xDD,
    0xDD, 0xDD, 0xED, 0xDD, 0xDD, 0xDD, 0xDE, 0xDD, 0xDD, 0xDD, 0xDD, 0xED, 0xDD, 0xDD, 0xDD, 0xDE,
    0xE0, 0x00, 0xEE, 0x00, 0x0E, 0xED, 0x00, 0xDD, 0x0E, 0xEE, 0xDD, 0xFF, 0x0F, 0xEE, 0xED, 0x0F,
    0x0F, 0x0E, 0xED, 0xDF, 0xE0, 0x00, 0xEE, 0xD0, 0xEE, 0x00, 0x00, 0xE0, 0xEE, 0x00, 0xEE, 0xEE,
    0xE0, 0xEE, 0xED, 0xDD, 0x0E, 0xED, 0xDD, 0xD0, 0x00, 0x00, 0x00, 0x0D, 0xEE, 0x0F, 0xFF, 0xDD,
    0xE0, 0x00, 0x0D, 0xDD, 0x0F, 0xFF, 0xDD, 0xDD, 0x00, 0x00, 0xDD, 0xDD, 0x0F, 0xFF, 0xDD, 0xD0,
    0x0E, 0xEE, 0x00, 0x00, 0xD0, 0xE0, 0xDD, 0xD0, 0x0D, 0x0D, 0xDD, 0xD0, 0xF0, 0xDD, 0xDD, 0x0E,
    0xF0, 0xDD, 0xFF, 0xFF, 0x00, 0xDF, 0xFF, 0xF0, 0xDD, 0x0F, 0xF0, 0x0E, 0xDD, 0x0F, 0xFF, 0xD0,
    0xD0, 0x0D, 0xDD, 0xD0, 0xDD, 0xDD, 0xDD, 0xD0, 0xD0, 0xDD, 0xDD, 0xD0, 0x0D, 0xDD, 0x00, 0xD0,
    0xD0, 0xD0, 0xDD, 0x0E, 0xD0, 0xD0, 0xDD, 0x0E, 0xDD, 0x0D, 0x0D, 0xD0, 0x00, 0x00, 0xDD, 0xD0,
    0xDD, 0xDE, 0xEE, 0xEE, 0xFF, 0xFD, 0xDE, 0xEE, 0xEE, 0xEF, 0xFD, 0xDE, 0xEE, 0xEE, 0xEF, 0xFD,
    0xEE, 0xEE, 0xEE, 0xEF, 0xEE, 0xEE, 0xEE, 0xEE, 0xEE, 0xEE, 0xEE, 0xEE, 0xEE, 0xEE, 0xEE, 0xEE,
    0xEE, 0xEE, 0xEE, 0xEE, 0xEE, 0xEE, 0xEE, 0xEE, 0xEE, 0xEE, 0xEE, 0xEE, 0xEE, 0xEE, 0xEE, 0xED,
    0xEE, 0xEE, 0xED, 0xDF, 0xEE, 0xED, 0xDF, 0xFE, 0xDD, 0xDF, 0xFE, 0xEE, 0xFF, 0xFE, 0xEE, 0xEE,
    0xEE, 0xEE, 0xEE, 0xEE, 0xEE, 0xEE, 0xEE, 0xEE, 0xEE, 0xEE, 0xEE, 0xEE, 0xDE, 0xEE, 0xEE, 0xEE,
    0xFD, 0xDE, 0xEE, 0xEE, 0xEF, 0xFD, 0xDE, 0xEE, 0xEE, 0xEF, 0xFD, 0xDD, 0xEE, 0xEE, 0xEF, 0xFF,
    0xEE, 0xEE, 0xED, 0xDD, 0xEE, 0xED, 0xDF, 0xFF, 0xED, 0xDF, 0xFE, 0xEE, 0xDF, 0xFE, 0xEE, 0xEE,
    0xFE, 0xEE, 0xEE, 0xEE, 0xEE, 0xEE, 0xEE, 0xEE, 0xEE, 0xEE, 0xEE, 0xEE, 0xEE, 0xEE, 0xEE, 0xEE,
    0xEE, 0xED, 0xFE, 0xEE, 0xEE, 0xED, 0xFE, 0xEE, 0xEE, 0xED, 0xDD, 0xDE, 0xEE, 0xED, 0xFF, 0xFD,
    0xEE, 0xED, 0xFE, 0xEF, 0xEE, 0xED, 0xFE, 0xEE, 0xEE, 0xED, 0xFE, 0xEE, 0xEE, 0xED, 0xFE, 0xEE,
    0xEE, 0xED, 0xFE, 0xEE, 0xEE, 0xED, 0xFE, 0xEE, 0xEE, 0xED, 0xFE, 0xEE, 0xEE, 0xED, 0xFE, 0xED,
    0xEE, 0xED, 0xDD, 0xDF, 0xEE, 0xED, 0xFF, 0xFE, 0xEE, 0xED, 0xFE, 0xEE, 0xEE, 0xED, 0xFE, 0xEE,
    0xEE, 0xEF, 0xDE, 0xEE, 0xEE, 0xEF, 0xDE, 0xEE, 0xEE, 0xEF, 0xDE, 0xEE, 0xDE, 0xEF, 0xDE, 0xEE,
    0xFD, 0xDD, 0xDE, 0xEE, 0xEF, 0xFF, 0xDE, 0xEE, 0xEE, 0xEF, 0xDE, 0xEE, 0xEE, 0xEF, 0xDE, 0xEE,
    0xEE, 0xEF, 0xDE, 0xEE, 0xEE, 0xEF, 0xDE, 0xEE, 0xED, 0xDD, 0xDE, 0xEE, 0xDF, 0xFF, 0xDE, 0xEE,
    0xFE, 0xEF, 0xDE, 0xEE, 0xEE, 0xEF, 0xDE, 0xEE, 0xEE, 0xEF, 0xDE, 0xEE, 0xEE, 0xEF, 0xDE, 0xEE,
    0xDF, 0xEE, 0xEE, 0xEE, 0xDF, 0xEE, 0xEE, 0xEE, 0xDF, 0xEE, 0xEE, 0xEE, 0xED, 0xFE, 0xEE, 0xEE,
    0xED, 0xFE, 0xEE, 0xEE, 0xEE, 0xDF, 0xEE, 0xEE, 0xEE, 0xDF, 0xEE, 0xEE, 0xEE, 0xED, 0xFE, 0xEE,
    0xEE, 0xED, 0xFE, 0xEE, 0xEE, 0xDF, 0xEE, 0xEE, 0xEE, 0xDF, 0xEE, 0xEE, 0xED, 0xFE, 0xEE, 0xEE,
    0xED, 0xFE, 0xEE, 0xEE, 0xDF, 0xEE, 0xEE, 0xEE, 0xDF, 0xEE, 0xEE, 0xEE, 0xDF, 0xEE, 0xEE, 0xEE,
    0xEE, 0xED, 0xFE, 0xEE, 0xEE, 0xEE, 0xDF, 0xEE, 0xEE, 0xEE, 0xDF, 0xEE, 0xEE, 0xEE, 0xED, 0xFE,
    0xEE, 0xEE, 0xED, 0xFE, 0xEE, 0xEE, 0xEE, 0xDF, 0xEE, 0xEE, 0xEE, 0xDF, 0xEE, 0xEE, 0xEE, 0xDF,
    0xEE, 0xEE, 0xEE, 0xDF, 0xEE, 0xEE, 0xEE, 0xDF, 0xEE, 0xEE, 0xEE, 0xDF, 0xEE, 0xEE, 0xED, 0xFE,
    0xEE, 0xEE, 0xED, 0xFE, 0xEE, 0xEE, 0xDF, 0xEE, 0xEE, 0xEE, 0xDF, 0xEE, 0xEE, 0xED, 0xFE, 0xEE,
    0xDE, 0xEE, 0xEE, 0xEE, 0xED, 0xEE, 0xEE, 0xEE, 0xEE, 0xDE, 0xEE, 0xEE, 0xEE, 0xED, 0xDD, 0xDD,
    0xEE, 0xED, 0xDF, 0xFF, 0xEE, 0xED, 0xFD, 0xEE, 0xEE, 0xED, 0xFE, 0xDE, 0xEE, 0xED, 0xFE, 0xED,
    0xEE, 0xED, 0xFE, 0xED, 0xEE, 0xED, 0xFE, 0xDE, 0xEE, 0xED, 0xFD, 0xEE, 0xEE, 0xED, 0xDF, 0xFF,
    0xEE, 0xED, 0xDD, 0xDD, 0xEE, 0xDE, 0xEE, 0xEE, 0xED, 0xEE, 0xEE, 0xEE, 0xDE, 0xEE, 0xEE, 0xEE,
    0xDE, 0xEF, 0xDE, 0xEE, 0xED, 0xEF, 0xDE, 0xEE, 0xEE, 0xDF, 0xDE, 0xEE, 0xFF, 0xFD, 0xDE, 0xEE,
    0xDD, 0xDD, 0xDE, 0xEE, 0xEE, 0xEE, 0xED, 0xEE, 0xEE, 0xEE, 0xEE, 0xDE, 0xEE, 0xEE, 0xEE, 0xED,
    0xEE, 0xEE, 0xEE, 0xED, 0xEE, 0xEE, 0xEE, 0xDE, 0xEE, 0xEE, 0xED, 0xEE, 0xDD, 0xDD, 0xDE, 0xEE,
    0xFF, 0xFD, 0xDE, 0xEE, 0xEE, 0xDF, 0xDE, 0xEE, 0xED, 0xEF, 0xDE, 0xEE, 0xDE, 0xEF, 0xDE, 0xEE,
    0xEE, 0xED, 0xFE, 0xEE, 0xEE, 0xED, 0xFE, 0xEE, 0xEE, 0xED, 0xFE, 0xEE, 0xDE, 0xED, 0xFE, 0xEE,
    0xFD, 0xDD, 0xFE, 0xEE, 0xEF, 0xFD, 0xFE, 0xEE, 0xEE, 0xED, 0xFE, 0xEE, 0xEE, 0xED, 0xFE, 0xEE,
    0xEE, 0xED, 0xFE, 0xEE, 0xEE, 0xED, 0xFE, 0xEE, 0xED, 0xDD, 0xFE, 0xEE, 0xDF, 0xFD, 0xFE, 0xEE,
    0xFE, 0xED, 0xFE, 0xEE, 0xEE, 0xED, 0xFE, 0xEE, 0xEE, 0xED, 0xFE, 0xEE, 0xEE, 0xED, 0xFE, 0xEE,
    0xEE, 0xEF, 0xDE, 0xEE, 0xEE, 0xEF, 0xDE, 0xEE, 0xEE, 0xEF, 0xDD, 0xDE, 0xEE, 0xEF, 0xDF, 0xFD,
    0xEE, 0xEF, 0xDE, 0xEF, 0xEE, 0xEF, 0xDE, 0xEE, 0xEE, 0xEF, 0xDE, 0xEE, 0xEE, 0xEF, 0xDE, 0xEE,
    0xEE, 0xEF, 0xDE, 0xEE, 0xEE, 0xEF, 0xDE, 0xEE, 0xEE, 0xEF, 0xDE, 0xEE, 0xEE, 0xEF, 0xDE, 0xED,
    0xEE, 0xEF, 0xDD, 0xDF, 0xEE, 0xEF, 0xDF, 0xFE, 0xEE, 0xEF, 0xDE, 0xEE, 0xEE, 0xEF, 0xDE, 0xEE,
    0xEE, 0xEE, 0xEE, 0xEE, 0xEE, 0xEE, 0xEE, 0xEE, 0xEE, 0xEE, 0xEE, 0xEE, 0xDD, 0xDD, 0xDD, 0xDD,
    0xFF, 0xDF, 0xFF, 0xFF, 0xEE, 0xDF, 0xEE, 0xEE, 0xEE, 0xDF, 0xEE, 0xEE, 0xEE, 0xED, 0xFE, 0xEE,
    0xEE, 0xED, 0xFE, 0xEE, 0xEE, 0xDF, 0xEE, 0xEE, 0xEE, 0xDF, 0xEE, 0xEE, 0xFF, 0xDF, 0xFF, 0xFF,
    0xDD, 0xDD, 0xDD, 0xDD, 0xEE, 0xEE, 0xEE, 0xEE, 0xEE, 0xEE, 0xEE, 0xEE, 0xEE, 0xEE, 0xEE, 0xEE,
    0xEE, 0xED, 0xFE, 0xEE, 0xEE, 0xEE, 0xDF, 0xEE, 0xEE, 0xEE, 0xDF, 0xEE, 0xFF, 0xFF, 0xDF, 0xFF,
    0xDD, 0xDD, 0xDD, 0xDD, 0xEE, 0xEE, 0xEE, 0xEE, 0xEE, 0xEE, 0xEE, 0xEE, 0xEE, 0xEE, 0xEE, 0xEE,
    0xEE, 0xEE, 0xEE, 0xEE, 0xEE, 0xEE, 0xEE, 0xEE, 0xEE, 0xEE, 0xEE, 0xEE, 0xDD, 0xDD, 0xDD, 0xDD,
    0xFF, 0xFF, 0xDF, 0xFF, 0xEE, 0xEE, 0xDF, 0xEE, 0xEE, 0xEE, 0xDF, 0xEE, 0xEE, 0xED, 0xFE, 0xEE,
    0xEE, 0xED, 0xFE, 0xEE, 0xEE, 0xEE, 0xDF, 0xEE, 0xEE, 0xEE, 0xDF, 0xEE, 0xDD, 0xDD, 0xDD, 0xDD,
    0xFF, 0xFF, 0xFF, 0xFF, 0xEE, 0xEE, 0xEE, 0xEE, 0xEE, 0xEE, 0xEE, 0xEE, 0xEE, 0xEE, 0xEE, 0xEE,
    0xEE, 0xEE, 0xEE, 0xEE, 0xEE, 0xEE, 0xEE, 0xEE, 0xEE, 0xEE, 0xEE, 0xEE, 0xFF, 0xFF, 0xFF, 0xFF,
    0xDD, 0xDD, 0xDD, 0xDD, 0xEE, 0xEE, 0xDF, 0xEE, 0xEE, 0xEE, 0xDF, 0xEE, 0xEE, 0xED, 0xFE, 0xEE,
    0xEE, 0xEE, 0xEE, 0xEE, 0xEE, 0xEE, 0xEE, 0xEE, 0xEE, 0xEE, 0xEE, 0xEE, 0xFF, 0xFF, 0xFF, 0xFF,
    0xDD, 0xDD, 0xDD, 0xDD, 0xEE, 0xDF, 0xEE, 0xEE, 0xEE, 0xDF, 0xEE, 0xEE, 0xEE, 0xED, 0xFE, 0xEE,
    0xEE, 0xED, 0xFE, 0xEE, 0xEE, 0xDF, 0xEE, 0xEE, 0xEE, 0xDF, 0xEE, 0xEE, 0xDD, 0xDD, 0xDD, 0xDD,
    0xFF, 0xFF, 0xFF, 0xFF, 0xEE, 0xEE, 0xEE, 0xEE, 0xEE, 0xEE, 0xEE, 0xEE, 0xEE, 0xEE, 0xEE, 0xEE,
    0xEE, 0xEE, 0xFF, 0x0E, 0xEE, 0xEF, 0xFF, 0x0E, 0xEE, 0xFF, 0xFF, 0x0E, 0xEE, 0xFF, 0xFF, 0x00,
    0xEE, 0xFF, 0xDD, 0x00, 0xEE, 0xDD, 0xDD, 0xD0, 0xEE, 0xED, 0xDD, 0xD0, 0xEE, 0xEE, 0xDD, 0xDD,
    0xEE, 0xEE, 0xDD, 0xDD, 0xEE, 0xEE, 0xFF, 0xF0, 0xEE, 0xFF, 0xFF, 0xF0, 0xEE, 0xDD, 0xFF, 0x00,
    0xEE, 0xFF, 0xDD, 0x00, 0xEE, 0xFF, 0xFF, 0x0E, 0xEE, 0xEF, 0xFF, 0x0E, 0xEE, 0xEE, 0xFF, 0x0E,
    0xDD, 0xDD, 0xEE, 0xEE, 0x0F, 0xFF, 0xFE, 0xEE, 0x0F, 0xFF, 0xFF, 0xEE, 0x00, 0xFF, 0xDD, 0xEE,
    0x00, 0xDD, 0xFF, 0xEE, 0xE0, 0xFF, 0xFF, 0xEE, 0xE0, 0xFF, 0xFE, 0xEE, 0xE0, 0xFF, 0xEE, 0xEE,
    0xE0, 0xFF, 0xEE, 0xEE, 0xE0, 0xFF, 0xFE, 0xEE, 0xE0, 0xFF, 0xFF, 0xEE, 0x00, 0xFF, 0xFF, 0xEE,
    0x00, 0xDD, 0xFF, 0xEE, 0x0D, 0xDD, 0xDD, 0xEE, 0x0D, 0xDD, 0xDE, 0xEE, 0xDD, 0xDD, 0xEE, 0xEE,
    0xEE, 0xEE, 0xEE, 0xEE, 0xEE, 0xEE, 0xEE, 0xEE, 0xEE, 0xFF, 0xFD, 0xEE, 0xEF, 0xFF, 0xFD, 0xDE,
    0xFF, 0xFF, 0xDD, 0xDD, 0xFF, 0xFF, 0xDD, 0xDD, 0x00, 0x00, 0x0D, 0xDD, 0xEE, 0xE0, 0x00, 0x0D,
    0xEE, 0xE0, 0x00, 0x0D, 0x00, 0x00, 0x0D, 0xDD, 0xFF, 0xFF, 0xDD, 0xDD, 0xFF, 0xFF, 0xDD, 0xDD,
    0xEF, 0xFF, 0xFD, 0xDE, 0xEE, 0xFF, 0xFD, 0xEE, 0xEE, 0xEE, 0xEE, 0xEE, 0xEE, 0xEE, 0xEE, 0xEE,
    0xDF, 0x00, 0x0E, 0xEE, 0xDF, 0xF0, 0x00, 0x00, 0xDF, 0xFF, 0xDF, 0xFF, 0xDF, 0xFF, 0xDF, 0xFF,
    0xEE, 0xFD, 0xFF, 0xFE, 0xEE, 0xFD, 0xFF, 0xEE, 0xEE, 0xEE, 0xEE, 0xEE, 0xEE, 0xEE, 0xEE, 0xEE,
    0xEE, 0xEE, 0xEE, 0xEE, 0xEE, 0xEE, 0xEE, 0xEE, 0xEE, 0xFD, 0xFF, 0xEE, 0xEE, 0xFD, 0xFF, 0xFE,
    0xDF, 0xFF, 0xDF, 0xFF, 0xDF, 0xFF, 0xDF, 0xFF, 0xDF, 0xF0, 0x00, 0x00, 0xDF, 0x00, 0x0E, 0xEE,
    0xEE, 0xEE, 0xEE, 0xEE, 0xEE, 0xEE, 0xEE, 0xEE, 0xEE, 0xEE, 0xEE, 0xEE, 0xDD, 0xDD, 0xDD, 0xDD,
    0xFF, 0xFF, 0xFF, 0xFF, 0xEE, 0xEE, 0xEE, 0xEE, 0xEE, 0xEE, 0xEE, 0xEE, 0xEE, 0xEE, 0xEE, 0xEE,
    0xEE, 0xEE, 0xEE, 0xEE, 0xEE, 0xEE, 0xEE, 0xEE, 0xEE, 0xEE, 0xEE, 0xEE, 0xFF, 0xFF, 0xFF, 0xFF,
    0xDD, 0xDD, 0xDD, 0xDD, 0xEE, 0xEE, 0xEE, 0xEE, 0xEE, 0xEE, 0xEE, 0xEE, 0xEE, 0xEE, 0xEE, 0xEE,
    0xEE, 0xED, 0xFE, 0xEE, 0xEE, 0xED, 0xFE, 0xEE, 0xEE, 0xED, 0xFE, 0xEE, 0xEE, 0xED, 0xFE, 0xEE,
    0xEE, 0xED, 0xFE, 0xEE, 0xEE, 0xED, 0xFE, 0xEE, 0xEE, 0xED, 0xFE, 0xEE, 0xEE, 0xED, 0xFE, 0xEE,
    0xEE, 0xEF, 0xDE, 0xEE, 0xEE, 0xEF, 0xDE, 0xEE, 0xEE, 0xEF, 0xDE, 0xEE, 0xEE, 0xEF, 0xDE, 0xEE,
    0xEE, 0xEF, 0xDE, 0xEE, 0xEE, 0xEF, 0xDE, 0xEE, 0xEE, 0xEF, 0xDE, 0xEE, 0xEE, 0xEF, 0xDE, 0xEE,
    0xDE, 0xEE, 0xEE, 0xEE, 0xED, 0xEE, 0xEE, 0xEE, 0xEE, 0xDE, 0xEE, 0xEE, 0xEE, 0xED, 0xEE, 0xEE,
    0xEE, 0xEE, 0xDE, 0xEE, 0xEE, 0xEE, 0xED, 0xEE, 0xEE, 0xEE, 0xEE, 0xDE, 0xEE, 0xEE, 0xEE, 0xED,
    0xEE, 0xEE, 0xEE, 0xED, 0xEE, 0xEE, 0xEE, 0xDE, 0xEE, 0xEE, 0xED, 0xEE, 0xEE, 0xEE, 0xDE, 0xEE,
    0xEE, 0xED, 0xEE, 0xEE, 0xEE, 0xDE, 0xEE, 0xEE, 0xED, 0xEE, 0xEE, 0xEE, 0xDE, 0xEE, 0xEE, 0xEE,
    0xEE, 0xEE, 0xEE, 0xEE, 0xE0, 0x00, 0x00, 0x0E, 0xE0, 0x00, 0x00, 0x0E, 0xE0, 0x00, 0x00, 0x0E,
    0xE0, 0x00, 0x00, 0x0E, 0xE0, 0x00, 0x00, 0x0E, 0xE0, 0x00, 0x00, 0x0E, 0xEE, 0xEE, 0xEE, 0xEE,
    0xEE, 0xEE, 0xEE, 0xEE, 0xE0, 0x00, 0x00, 0x0E, 0xE0, 0x00, 0x00, 0x0E, 0xE0, 0x00, 0x00, 0x00,
    0xE0, 0x00, 0x00, 0x00, 0xE0, 0x00, 0x00, 0x0E, 0xE0, 0x00, 0x00, 0x0E, 0xEE, 0xEE, 0xEE, 0xEE,
    0xEE, 0xEE, 0xEE, 0xEE, 0xE0, 0x00, 0x00, 0x0E, 0xE0, 0x00, 0x00, 0x0E, 0x00, 0x00, 0x00, 0x0E,
    0x00, 0x00, 0x00, 0x0E, 0xE0, 0x00, 0x00, 0x0E, 0xE0, 0x00, 0x00, 0x0E, 0xEE, 0xEE, 0xEE, 0xEE,
    0xEE, 0xEE, 0xEE, 0xEE, 0xE0, 0x00, 0x00, 0x0E, 0xE0, 0x00, 0x00, 0x0E, 0x00, 0x00, 0x00, 0x00,
    0x00, 0x00, 0x00, 0x00, 0xE0, 0x00, 0x00, 0x0E, 0xE0, 0x00, 0x00, 0x0E, 0xEE, 0xEE, 0xEE, 0xEE,
    0xEE, 0xEE, 0xEE, 0xEE, 0xE0, 0x00, 0x00, 0x0E, 0xE0, 0x00, 0x00, 0x0E, 0xE0, 0x00, 0x00, 0x0E,
    0xE0, 0x00, 0x00, 0x0E, 0xE0, 0x00, 0x00, 0x0E, 0xE0, 0x00, 0x00, 0x0E, 0xEE, 0xE0, 0x0E, 0xEE,
    0xEE, 0xEE, 0xEE, 0xEE, 0xE0, 0x00, 0x00, 0x0E, 0xE0, 0x00, 0x00, 0x0E, 0xE0, 0x00, 0x00, 0x00,
    0xE0, 0x00, 0x00, 0x00, 0xE0, 0x00, 0x00, 0x0E, 0xE0, 0x00, 0x00, 0x0E, 0xEE, 0xE0, 0x0E, 0xEE,
    0xEE, 0xEE, 0xEE, 0xEE, 0xE0, 0x00, 0x00, 0x0E, 0xE0, 0x00, 0x00, 0x0E, 0x00, 0x00, 0x00, 0x0E,
    0x00, 0x00, 0x00, 0x0E, 0xE0, 0x00, 0x00, 0x0E, 0xE0, 0x00, 0x00, 0x0E, 0xEE, 0xE0, 0x0E, 0xEE,
    0xEE, 0xEE, 0xEE, 0xEE, 0xE0, 0x00, 0x00, 0x0E, 0xE0, 0x00, 0x00, 0x0E, 0x00, 0x00, 0x00, 0x00,
    0x00, 0x00, 0x00, 0x00, 0xE0, 0x00, 0x00, 0x0E, 0xE0, 0x00, 0x00, 0x0E, 0xEE, 0xE0, 0x0E, 0xEE,
    0xEE, 0xE0, 0x0E, 0xEE, 0xE0, 0x00, 0x00, 0x0E, 0xE0, 0x00, 0x00, 0x0E, 0xE0, 0x00, 0x00, 0x0E,
    0xE0, 0x00, 0x00, 0x0E, 0xE0, 0x00, 0x00, 0x0E, 0xE0, 0x00, 0x00, 0x0E, 0xEE, 0xEE, 0xEE, 0xEE,
    0xEE, 0xE0, 0x0E, 0xEE, 0xE0, 0x00, 0x00, 0x0E, 0xE0, 0x00, 0x00, 0x0E, 0xE0, 0x00, 0x00, 0x00,
    0xE0, 0x00, 0x00, 0x00, 0xE0, 0x00, 0x00, 0x0E, 0xE0, 0x00, 0x00, 0x0E, 0xEE, 0xEE, 0xEE, 0xEE,
    0xEE, 0xE0, 0x0E, 0xEE, 0xE0, 0x00, 0x00, 0x0E, 0xE0, 0x00, 0x00, 0x0E, 0x00, 0x00, 0x00, 0x0E,
    0x00, 0x00, 0x00, 0x0E, 0xE0, 0x00, 0x00, 0x0E, 0xE0, 0x00, 0x00, 0x0E, 0xEE, 0xEE, 0xEE, 0xEE,
    0xEE, 0xE0, 0x0E, 0xEE, 0xE0, 0x00, 0x00, 0x0E, 0xE0, 0x00, 0x00, 0x0E, 0x00, 0x00, 0x00, 0x00,
    0x00, 0x00, 0x00, 0x00, 0xE0, 0x00, 0x00, 0x0E, 0xE0, 0x00, 0x00, 0x0E, 0xEE, 0xEE, 0xEE, 0xEE,
    0xEE, 0xE0, 0x0E, 0xEE, 0xE0, 0x00, 0x00, 0x0E, 0xE0, 0x00, 0x00, 0x0E, 0xE0, 0x00, 0x00, 0x0E,
    0xE0, 0x00, 0x00, 0x0E, 0xE0, 0x00, 0x00, 0x0E, 0xE0, 0x00, 0x00, 0x0E, 0xEE, 0xE0, 0x0E, 0xEE,
    0xEE, 0xE0, 0x0E, 0xEE, 0xE0, 0x00, 0x00, 0x0E, 0xE0, 0x00, 0x00, 0x0E, 0xE0, 0x00, 0x00, 0x00,
    0xE0, 0x00, 0x00, 0x00, 0xE0, 0x00, 0x00, 0x0E, 0xE0, 0x00, 0x00, 0x0E, 0xEE, 0xE0, 0x0E, 0xEE,
    0xEE, 0xE0, 0x0E, 0xEE, 0xE0, 0x00, 0x00, 0x0E, 0xE0, 0x00, 0x00, 0x0E, 0x00, 0x00, 0x00, 0x0E,
    0x00, 0x00, 0x00, 0x0E, 0xE0, 0x00, 0x00, 0x0E, 0xE0, 0x00, 0x00, 0x0E, 0xEE, 0xE0, 0x0E, 0xEE,
    0xEE, 0xE0, 0x0E, 0xEE, 0xE0, 0x00, 0x00, 0x0E, 0xE0, 0x00, 0x00, 0x0E, 0x00, 0x00, 0x00, 0x00,
    0x00, 0x00, 0x00, 0x00, 0xE0, 0x00, 0x00, 0x0E, 0xE0, 0x00, 0x00, 0x0E, 0xEE, 0xE0, 0x0E, 0xEE
};

const unsigned char redux_overworld_bg_chr_x4[16640] = {
    0x11, 0x11, 0x11, 0x11, 0x10, 0x00, 0x00, 0x00, 0x12, 0x20, 0x00, 0x00, 0x12, 0x21, 0x00, 0x00,
    0x12, 0x21, 0x22, 0x20, 0x12, 0x21, 0x22, 0x21, 0x12, 0x21, 0x22, 0x21, 0x12, 0x21, 0x22, 0x21,
    0x12, 0x21, 0x22, 0x21, 0x12, 0x21, 0x22, 0x21, 0x12, 0x21, 0x22, 0x21, 0x12, 0x21, 0x22, 0x21,
    0x12, 0x21, 0x22, 0x21, 0x12, 0x21, 0x22, 0x21, 0x12, 0x21, 0x22, 0x21, 0x11, 0x11, 0x11, 0x11,
    0x11, 0x11, 0x11, 0x11, 0x00, 0x00, 0x00, 0x01, 0x00, 0x00, 0x00, 0x01, 0x00, 0x00, 0x00, 0x01,
    0x00, 0x00, 0x00, 0x01, 0x00, 0x00, 0x00, 0x01, 0x22, 0x20, 0x00, 0x01, 0x22, 0x21, 0x00, 0x01,
    0x22, 0x21, 0x22, 0x21, 0x22, 0x21, 0x22, 0x21, 0x22, 0x21, 0x22, 0x21, 0x22, 0x21, 0x22, 0x21,
    0x22, 0x21, 0x22, 0x21, 0x22, 0x21, 0x22, 0x21, 0x22, 0x21, 0x22, 0x21, 0x11, 0x11, 0x11, 0x11,
    0x20, 0x01, 0x11, 0x11, 0x20, 0x33, 0x33, 0x33, 0x20, 0x33, 0x33, 0x33, 0x20, 0x33, 0x33, 0x33,
    0x20, 0x01, 0x11, 0x11, 0x20, 0x33, 0x33, 0x33, 0x20, 0x33, 0x33, 0x33, 0x20, 0x33, 0x33, 0x33,
    0x11, 0x11, 0x11, 0x20, 0x33, 0x33, 0x33, 0x20, 0x33, 0x33, 0x33, 0x20, 0x33, 0x33, 0x33, 0x20,
    0x11, 0x11, 0x11, 0x20, 0x33, 0x33, 0x33, 0x20, 0x33, 0x33, 0x33, 0x20, 0x33, 0x33, 0x33, 0x20,
    0x11, 0x11, 0x11, 0x13, 0x10, 0x11, 0x10, 0x10, 0x11, 0x11, 0x11, 0x10, 0x11, 0x11, 0x11, 0x10,
    0x11, 0x11, 0x11, 0x10, 0x11, 0x11, 0x11, 0x10, 0x11, 0x11, 0x11, 0x10, 0x11, 0x11, 0x11, 0x10,
    0x11, 0x11, 0x11, 0x10, 0x11, 0x11, 0x11, 0x10, 0x11, 0x11, 0x11, 0x10, 0x11, 0x11, 0x11, 0x10,
    0x11, 0x11, 0x11, 0x10, 0x10, 0x11, 0x10, 0x10, 0x11, 0x11, 0x11, 0x10, 0x30, 0x00, 0x00, 0x00,
    0x33, 0x30, 0x33, 0x33, 0x33, 0x33, 0x33, 0x22, 0x33, 0x33, 0x32, 0x22, 0x30, 0x32, 0x22, 0x22,
    0x33, 0x30, 0x22, 0x22, 0x33, 0x30, 0x02, 0x22, 0x33, 0x30, 0x22, 0x22, 0x03, 0x32, 0x22, 0x22,
    0x32, 0x22, 0x22, 0x22, 0x32, 0x22, 0x22, 0x22, 0x32, 0x22, 0x22, 0x22, 0x22, 0x22, 0x22, 0x22,
    0x22, 0x22, 0x22, 0x22, 0x22, 0x22, 0x22, 0x22, 0x22, 0x22, 0x22, 0x22, 0x22, 0x22, 0x22, 0x22,
    0x22, 0x22, 0x22, 0x22, 0x22, 0x22, 0x22, 0x22, 0x22, 0x22, 0x22, 0x22, 0x22, 0x22, 0x22, 0x22,
    0x22, 0x22, 0x22, 0x22, 0x22, 0x22, 0x22, 0x22, 0x22, 0x22, 0x22, 0x22, 0x22, 0x22, 0x22, 0x22,
    0x22, 0x22, 0x22, 0x22, 0x22, 0x22, 0x22, 0x22, 0x22, 0x22, 0x22, 0x22, 0x22, 0x22, 0x22, 0x22,
    0x22, 0x22, 0x22, 0x22, 0x22, 0x22, 0x22, 0x22, 0x22, 0x22, 0x22, 0x22, 0x22, 0x22, 0x22, 0x22,
    0x33, 0x33, 0x30, 0x33, 0x23, 0x22, 0x33, 0x33, 0x22, 0x22, 0x33, 0x33, 0x22, 0x22, 0x22, 0x33,
    0x22, 0x22, 0x22, 0x30, 0x22, 0x22, 0x22, 0x33, 0x22, 0x22, 0x22, 0x33, 0x22, 0x22, 0x22, 0x23,
    0x22, 0x22, 0x22, 0x03, 0x22, 0x22, 0x20, 0x03, 0x22, 0x22, 0x22, 0x23, 0x22, 0x22, 0x22, 0x22,
    0x22, 0x22, 0x22, 0x22, 0x22, 0x22, 0x22, 0x22, 0x22, 0x22, 0x22, 0x22, 0x22, 0x22, 0x22, 0x22,
    0x22, 0x22, 0x22, 0x22, 0x22, 0x22, 0x22, 0x22, 0x22, 0x22, 0x22, 0x22, 0x02, 0x22, 0x22, 0x22,
    0x02, 0x22, 0x22, 0x22, 0x02, 0x22, 0x22, 0x22, 0x30, 0x22, 0x22, 0x22, 0x30, 0x22, 0x22, 0x22,
    0x30, 0x22, 0x22, 0x22, 0x30, 0x22, 0x22, 0x22, 0x03, 0x00, 0x22, 0x22, 0x33, 0x30, 0x22, 0x22,
    0x33, 0x30, 0x00, 0x22, 0x30, 0x33, 0x00, 0x02, 0x33, 0x33, 0x33, 0x00, 0x33, 0x33, 0x33, 0x33,
    0x22, 0x22, 0x22, 0x22, 0x22, 0x22, 0x22, 0x22, 0x22, 0x22, 0x22, 0x22, 0x22, 0x22, 0x22, 0x22,
    0x22, 0x22, 0x22, 0x22, 0x22, 0x22, 0x22, 0x22, 0x22, 0x22, 0x22, 0x22, 0x22, 0x22, 0x22, 0x22,
    0x22, 0x22, 0x22, 0x22, 0x22, 0x22, 0x22, 0x22, 0x22, 0x22, 0x22, 0x22, 0x22, 0x22, 0x22, 0x22,
    0x22, 0x22, 0x22, 0x22, 0x22, 0x22, 0x22, 0x22, 0x22, 0x22, 0x22, 0x22, 0x00, 0x02, 0x20, 0x00,
    0x22, 0x22, 0x22, 0x22, 0x22, 0x22, 0x22, 0x22, 0x22, 0x22, 0x22, 0x22, 0x22, 0x22, 0x22, 0x22,
    0x22, 0x22, 0x22, 0x22, 0x22, 0x22, 0x22, 0x22, 0x22, 0x22, 0x22, 0x20, 0x22, 0x22, 0x22, 0x03,
    0x22, 0x22, 0x22, 0x03, 0x22, 0x22, 0x20, 0x33, 0x22, 0x22, 0x20, 0x33, 0x22, 0x22, 0x20, 0x33,
    0x22, 0x22, 0x00, 0x33, 0x20, 0x00, 0x03, 0x33, 0x22, 0x00, 0x33, 0x33, 0x00, 0x33, 0x03, 0x33,
    0x22, 0x22, 0x22, 0x22, 0x22, 0x22, 0x22, 0x22, 0x22, 0x12, 0x22, 0x22, 0x22, 0x22, 0x22, 0x12,
    0x22, 0x22, 0x22, 0x22, 0x21, 0x22, 0x22, 0x22, 0x22, 0x22, 0x22, 0x22, 0x22, 0x22, 0x12, 0x22,
    0x22, 0x22, 0x22, 0x22, 0x22, 0x22, 0x22, 0x21, 0x22, 0x12, 0x22, 0x22, 0x22, 0x22, 0x22, 0x22,
    0x22, 0x22, 0x22, 0x22, 0x12, 0x22, 0x22, 0x12, 0x22, 0x22, 0x22, 0x22, 0x22, 0x21, 0x22, 0x22,
    0x22, 0x22, 0x22, 0x21, 0x22, 0x22, 0x12, 0x22, 0x22, 0x22, 0x22, 0x22, 0x22, 0x22, 0x22, 0x22,
    0x21, 0x22, 0x22, 0x22, 0x22, 0x22, 0x21, 0x22, 0x22, 0x22, 0x22, 0x22, 0x22, 0x22, 0x22, 0x22,
    0x22, 0x21, 0x22, 0x22, 0x22, 0x22, 0x22, 0x22, 0x22, 0x22, 0x22, 0x22, 0x22, 0x22, 0x22, 0x12,
    0x22, 0x21, 0x22, 0x22, 0x22, 0x22, 0x22, 0x22, 0x22, 0x22, 0x22, 0x22, 0x21, 0x22, 0x22, 0x22,
    0x23, 0x33, 0x33, 0x32, 0x33, 0x23, 0x32, 0x33, 0x33, 0x33, 0x33, 0x33, 0x33, 0x33, 0x33, 0x33,
    0x22, 0x33, 0x33, 0x22, 0x33, 0x22, 0x22, 0x33, 0x13, 0x33, 0x33, 0x31, 0x21, 0x31, 0x33, 0x12,
    0x32, 0x33, 0x33, 0x33, 0x32, 0x33, 0x30, 0x33, 0x02, 0x33, 0x20, 0x33, 0x02, 0x33, 0x23, 0x23,
    0x20, 0x23, 0x02, 0x23, 0x20, 0x22, 0x22, 0x02, 0x22, 0x23, 0x22, 0x22, 0x23, 0x23, 0x22, 0x32,
    0x33, 0x23, 0x32, 0x32, 0x33, 0x33, 0x33, 0x32, 0x33, 0x30, 0x32, 0x33, 0x33, 0x30, 0x32, 0x33,
    0x33, 0x23, 0x32, 0x33, 0x33, 0x33, 0x33, 0x33, 0x33, 0x33, 0x33, 0x33, 0x33, 0x33, 0x33, 0x33,
    0x03, 0x30, 0x33, 0x33, 0x03, 0x30, 0x30, 0x33, 0x02, 0x33, 0x30, 0x32, 0x02, 0x30, 0x32, 0x22,
    0x20, 0x32, 0x33, 0x20, 0x20, 0x22, 0x32, 0x20, 0x23, 0x22, 0x33, 0x32, 0x33, 0x23, 0x32, 0x32,
    0x30, 0x30, 0x32, 0x32, 0x30, 0x33, 0x32, 0x33, 0x30, 0x33, 0x33, 0x33, 0x33, 0x33, 0x33, 0x33,
    0x33, 0x33, 0x33, 0x33, 0x23, 0x33, 0x33, 0x32, 0x33, 0x33, 0x33, 0x33, 0x33, 0x33, 0x33, 0x33,
    0x22, 0x22, 0x22, 0x22, 0x22, 0x22, 0x22, 0x20, 0x22, 0x22, 0x20, 0x00, 0x22, 0x20, 0x00, 0x03,
    0x22, 0x22, 0x03, 0x33, 0x22, 0x20, 0x03, 0x33, 0x22, 0x00, 0x33, 0x33, 0x22, 0x03, 0x33, 0x33,
    0x22, 0x03, 0x03, 0x33, 0x20, 0x03, 0x33, 0x33, 0x20, 0x33, 0x33, 0x33, 0x23, 0x33, 0x33, 0x33,
    0x23, 0x33, 0x30, 0x33, 0x23, 0x33, 0x33, 0x33, 0x23, 0x03, 0x33, 0x33, 0x23, 0x33, 0x33, 0x33,
    0x20, 0x02, 0x20, 0x00, 0x00, 0x00, 0x00, 0x00, 0x03, 0x30, 0x00, 0x33, 0x33, 0x33, 0x33, 0x33,
    0x33, 0x33, 0x30, 0x33, 0x33, 0x33, 0x33, 0x33, 0x33, 0x33, 0x33, 0x33, 0x30, 0x33, 0x33, 0x33,
    0x33, 0x33, 0x33, 0x33, 0x33, 0x33, 0x33, 0x33, 0x33, 0x03, 0x33, 0x33, 0x33, 0x33, 0x33, 0x33,
    0x33, 0x33, 0x33, 0x33, 0x33, 0x33, 0x33, 0x33, 0x03, 0x33, 0x33, 0x33, 0x33, 0x33, 0x33, 0x33,
    0x02, 0x22, 0x22, 0x22, 0x00, 0x02, 0x22, 0x22, 0x30, 0x00, 0x00, 0x22, 0x33, 0x33, 0x02, 0x22,
    0x33, 0x33, 0x22, 0x22, 0x33, 0x03, 0x22, 0x22, 0x33, 0x33, 0x00, 0x22, 0x33, 0x33, 0x33, 0x02,
    0x03, 0x33, 0x33, 0x30, 0x33, 0x33, 0x03, 0x30, 0x33, 0x33, 0x33, 0x30, 0x33, 0x33, 0x33, 0x32,
    0x33, 0x33, 0x33, 0x32, 0x30, 0x33, 0x33, 0x22, 0x33, 0x33, 0x33, 0x22, 0x33, 0x33, 0x33, 0x22,
    0x33, 0x33, 0x33, 0x33, 0x30, 0x33, 0x33, 0x33, 0x33, 0x33, 0x33, 0x33, 0x33, 0x33, 0x33, 0x33,
    0x23, 0x30, 0x33, 0x33, 0x23, 0x33, 0x33, 0x33, 0x23, 0x33, 0x33, 0x33, 0x23, 0x33, 0x33, 0x33,
    0x23, 0x30, 0x33, 0x33, 0x22, 0x33, 0x33, 0x33, 0x22, 0x22, 0x33, 0x33, 0x22, 0x22, 0x23, 0x33,
    0x22, 0x22, 0x03, 0x33, 0x22, 0x20, 0x03, 0x33, 0x22, 0x22, 0x22, 0x33, 0x22, 0x22, 0x22, 0x22,
    0x33, 0x33, 0x33, 0x33, 0x33, 0x33, 0x03, 0x33, 0x33, 0x33, 0x33, 0x33, 0x33, 0x33, 0x33, 0x33,
    0x33, 0x33, 0x33, 0x33, 0x33, 0x30, 0x33, 0x33, 0x33, 0x33, 0x33, 0x33, 0x33, 0x33, 0x33, 0x33,
    0x33, 0x33, 0x33, 0x33, 0x33, 0x33, 0x03, 0x33, 0x33, 0x33, 0x33, 0x33, 0x33, 0x33, 0x33, 0x33,
    0x03, 0x33, 0x33, 0x33, 0x33, 0x33, 0x33, 0x33, 0x33, 0x30, 0x32, 0x33, 0x33, 0x23, 0x22, 0x22,
    0x33, 0x33, 0x03, 0x02, 0x33, 0x33, 0x33, 0x02, 0x33, 0x33, 0x33, 0x02, 0x33, 0x33, 0x33, 0x02,
    0x33, 0x33, 0x33, 0x02, 0x33, 0x30, 0x33, 0x02, 0x33, 0x33, 0x33, 0x00, 0x33, 0x33, 0x33, 0x30,
    0x33, 0x33, 0x33, 0x32, 0x30, 0x33, 0x30, 0x32, 0x33, 0x33, 0x33, 0x22, 0x33, 0x33, 0x22, 0x22,
    0x33, 0x33, 0x02, 0x22, 0x03, 0x33, 0x00, 0x22, 0x33, 0x32, 0x22, 0x22, 0x22, 0x22, 0x22, 0x22,
    0x00, 0x02, 0x22, 0x22, 0x00, 0x00, 0x00, 0x00, 0x33, 0x30, 0x00, 0x00, 0x33, 0x33, 0x33, 0x33,
    0x33, 0x03, 0x33, 0x03, 0x33, 0x33, 0x33, 0x33, 0x33, 0x33, 0x33, 0x33, 0x33, 0x33, 0x33, 0x30,
    0x22, 0x22, 0x22, 0x22, 0x33, 0x22, 0x22, 0x22, 0x10, 0x02, 0x22, 0x22, 0x11, 0x02, 0x22, 0x22,
    0x11, 0x00, 0x02, 0x22, 0x11, 0x11, 0x00, 0x22, 0x01, 0x10, 0x30, 0x22, 0x01, 0x10, 0x30, 0x22,
    0x01, 0x10, 0x30, 0x22, 0x01, 0x10, 0x30, 0x22, 0x11, 0x10, 0x30, 0x22, 0x11, 0x10, 0x30, 0x22,
    0x11, 0x11, 0x10, 0x22, 0x11, 0x33, 0x00, 0x22, 0x13, 0x11, 0x10, 0x02, 0x31, 0x11, 0x10, 0x00,
    0x22, 0x22, 0x22, 0x22, 0x22, 0x22, 0x22, 0x22, 0x22, 0x22, 0x22, 0x22, 0x22, 0x22, 0x22, 0x22,
    0x22, 0x22, 0x22, 0x22, 0x22, 0x22, 0x22, 0x22, 0x22, 0x22, 0x22, 0x22, 0x22, 0x22, 0x22, 0x22,
    0x22, 0x11, 0x11, 0x22, 0x21, 0x11, 0x11, 0x12, 0x11, 0x11, 0x11, 0x30, 0x11, 0x11, 0x11, 0x30,
    0x11, 0x11, 0x11, 0x30, 0x11, 0x11, 0x13, 0x00, 0x21, 0x33, 0x30, 0x02, 0x22, 0x00, 0x00, 0x22,
    0x22, 0x22, 0x22, 0x22, 0x22, 0x22, 0x22, 0x33, 0x22, 0x22, 0x23, 0x11, 0x22, 0x22, 0x23, 0x11,
    0x22, 0x23, 0x31, 0x11, 0x22, 0x31, 0x11, 0x11, 0x22, 0x30, 0x31, 0x13, 0x22, 0x30, 0x31, 0x13,
    0x22, 0x30, 0x31, 0x13, 0x22, 0x30, 0x31, 0x13, 0x22, 0x30, 0x31, 0x11, 0x22, 0x30, 0x31, 0x11,
    0x22, 0x31, 0x11, 0x11, 0x22, 0x31, 0x11, 0x11, 0x23, 0x11, 0x11, 0x11, 0x31, 0x11, 0x11, 0x13,
    0x31, 0x31, 0x01, 0x10, 0x31, 0x31, 0x01, 0x10, 0x31, 0x31, 0x00, 0x10, 0x00, 0x00, 0x03, 0x10,
    0x33, 0x33, 0x31, 0x10, 0x31, 0x11, 0x10, 0x10, 0x31, 0x11, 0x10, 0x10, 0x00, 0x00, 0x03, 0x10,
    0x33, 0x33, 0x31, 0x10, 0x31, 0x11, 0x10, 0x10, 0x31, 0x11, 0x10, 0x10, 0x00, 0x00, 0x03, 0x10,
    0x33, 0x33, 0x31, 0x10, 0x31, 0x11, 0x11, 0x10, 0x31, 0x11, 0x11, 0x10, 0x00, 0x00, 0x00, 0x00,
    0x11, 0x11, 0x11, 0x11, 0x00, 0x00, 0x00, 0x00, 0x21, 0x11, 0x11, 0x02, 0x21, 0x11, 0x11, 0x02,
    0x22, 0x11, 0x10, 0x22, 0x22, 0x21, 0x02, 0x22, 0x22, 0x21, 0x02, 0x22, 0x21, 0x11, 0x10, 0x02,
    0x23, 0x33, 0x33, 0x32, 0x31, 0x11, 0x11, 0x10, 0x31, 0x11, 0x11, 0x10, 0x31, 0x11, 0x11, 0x10,
    0x31, 0x11, 0x11, 0x10, 0x31, 0x11, 0x11, 0x10, 0x31, 0x11, 0x11, 0x10, 0x00, 0x00, 0x00, 0x00,
    0x31, 0x11, 0x11, 0x13, 0x31, 0x11, 0x11, 0x13, 0x30, 0x11, 0x11, 0x13, 0x33, 0x00, 0x00, 0x03,
    0x31, 0x33, 0x33, 0x33, 0x30, 0x11, 0x11, 0x13, 0x30, 0x11, 0x11, 0x13, 0x33, 0x00, 0x00, 0x03,
    0x30, 0x33, 0x33, 0x33, 0x30, 0x11, 0x11, 0x13, 0x30, 0x11, 0x11, 0x13, 0x33, 0x00, 0x00, 0x03,
    0x31, 0x33, 0x33, 0x33, 0x31, 0x11, 0x11, 0x13, 0x01, 0x11, 0x11, 0x13, 0x00, 0x00, 0x00, 0x00,
    0x22, 0x22, 0x23, 0x33, 0x33, 0x33, 0x33, 0x11, 0x11, 0x11, 0x10, 0x11, 0x11, 0x11, 0x11, 0x00,
    0x13, 0x33, 0x33, 0x11, 0x31, 0x11, 0x11, 0x01, 0x11, 0x11, 0x11, 0x01, 0x00, 0x00, 0x00, 0x01,
    0x11, 0x00, 0x01, 0x10, 0x11, 0x11, 0x11, 0x10, 0x00, 0x00, 0x00, 0x01, 0x11, 0x33, 0x33, 0x33,
    0x13, 0x11, 0x00, 0x00, 0x30, 0x11, 0x00, 0x00, 0x30, 0x01, 0x00, 0x00, 0x00, 0x01, 0x00, 0x00,
    0x33, 0x32, 0x22, 0x22, 0x11, 0x13, 0x33, 0x33, 0x11, 0x10, 0x11, 0x11, 0x00, 0x00, 0x11, 0x11,
    0x11, 0x33, 0x33, 0x31, 0x13, 0x11, 0x11, 0x10, 0x13, 0x11, 0x11, 0x11, 0x13, 0x00, 0x00, 0x00,
    0x13, 0x10, 0x00, 0x11, 0x13, 0x11, 0x11, 0x11, 0x11, 0x00, 0x00, 0x00, 0x33, 0x33, 0x33, 0x11,
    0x00, 0x00, 0x11, 0x31, 0x00, 0x00, 0x11, 0x03, 0x00, 0x00, 0x10, 0x03, 0x00, 0x00, 0x10, 0x00,
    0x22, 0x22, 0x22, 0x02, 0x22, 0x22, 0x20, 0x02, 0x00, 0x22, 0x00, 0x02, 0x00, 0x00, 0x00, 0x00,
    0x00, 0x00, 0x00, 0x00, 0x00, 0x00, 0x01, 0x00, 0x11, 0x00, 0x10, 0x00, 0x11, 0x01, 0x10, 0x00,
    0x01, 0x11, 0x10, 0x00, 0x01, 0x11, 0x00, 0x00, 0x11, 0x11, 0x00, 0x00, 0x11, 0x11, 0x00, 0x01,
    0x10, 0x11, 0x10, 0x01, 0x10, 0x10, 0x10, 0x01, 0x10, 0x10, 0x10, 0x01, 0x10, 0x11, 0x00, 0x01,
    0x22, 0x22, 0x22, 0x22, 0x22, 0x22, 0x22, 0x22, 0x22, 0x22, 0x22, 0x22, 0x22, 0x22, 0x22, 0x22,
    0x22, 0x22, 0x22, 0x22, 0x22, 0x22, 0x22, 0x22, 0x22, 0x22, 0x22, 0x22, 0x22, 0x22, 0x22, 0x22,
    0x22, 0x22, 0x22, 0x22, 0x22, 0x22, 0x22, 0x22, 0x22, 0x22, 0x22, 0x22, 0x22, 0x22, 0x22, 0x22,
    0x22, 0x22, 0x22, 0x22, 0x22, 0x22, 0x22, 0x22, 0x22, 0x22, 0x22, 0x22, 0x22, 0x22, 0x22, 0x22,
    0x22, 0x00, 0x11, 0x01, 0x22, 0x00, 0x11, 0x01, 0x22, 0x00, 0x11, 0x01, 0x22, 0x10, 0x11, 0x01,
    0x22, 0x10, 0x11, 0x01, 0x22, 0x10, 0x11, 0x01, 0x22, 0x10, 0x11, 0x01, 0x22, 0x10, 0x11, 0x01,
    0x21, 0x10, 0x10, 0x01, 0x21, 0x00, 0x10, 0x11, 0x21, 0x01, 0x10, 0x11, 0x21, 0x01, 0x10, 0x11,
    0x21, 0x01, 0x11, 0x11, 0x11, 0x01, 0x01, 0x11, 0x11, 0x11, 0x01, 0x11, 0x11, 0x22, 0x11, 0x21,
    0x21, 0x22, 0x23, 0x32, 0x21, 0x11, 0x33, 0x33, 0x21, 0x11, 0x12, 0x22, 0x20, 0x11, 0x12, 0x22,
    0x23, 0x33, 0x11, 0x12, 0x33, 0x33, 0x31, 0x11, 0x22, 0x33, 0x01, 0x11, 0x22, 0x22, 0x00, 0x11,
    0x22, 0x22, 0x20, 0x01, 0x22, 0x22, 0x22, 0x01, 0x22, 0x22, 0x22, 0x00, 0x22, 0x22, 0x22, 0x20,
    0x22, 0x22, 0x22, 0x20, 0x22, 0x22, 0x23, 0x33, 0x22, 0x22, 0x33, 0x33, 0x22, 0x22, 0x22, 0x33,
    0x22, 0x21, 0x22, 0x22, 0x22, 0x21, 0x10, 0x00, 0x22, 0x21, 0x11, 0x10, 0x22, 0x21, 0x01, 0x11,
    0x22, 0x20, 0x01, 0x11, 0x22, 0x20, 0x11, 0x11, 0x11, 0x20, 0x10, 0x11, 0x11, 0x10, 0x10, 0x11,
    0x11, 0x11, 0x10, 0x11, 0x10, 0x11, 0x01, 0x11, 0x10, 0x11, 0x10, 0x11, 0x00, 0x01, 0x10, 0x11,
    0x00, 0x00, 0x10, 0x11, 0x33, 0x00, 0x00, 0x11, 0x33, 0x00, 0x01, 0x11, 0x30, 0x00, 0x01, 0x11,
    0x20, 0x00, 0x02, 0x22, 0x00, 0x00, 0x00, 0x22, 0x00, 0x00, 0x10, 0x00, 0x10, 0x00, 0x10, 0x00,
    0x11, 0x11, 0x11, 0x00, 0x11, 0x11, 0x11, 0x10, 0x11, 0x11, 0x01, 0x11, 0x11, 0x11, 0x01, 0x11,
    0x11, 0x10, 0x00, 0x11, 0x11, 0x10, 0x20, 0x11, 0x11, 0x10, 0x20, 0x11, 0x11, 0x11, 0x01, 0x11,
    0x11, 0x11, 0x11, 0x11, 0x11, 0x10, 0x01, 0x00, 0x10, 0x00, 0x01, 0x00, 0x10, 0x00, 0x00, 0x00,
    0x20, 0x00, 0x00, 0x02, 0x00, 0x00, 0x00, 0x00, 0x00, 0x00, 0x00, 0x00, 0x00, 0x00, 0x00, 0x00,
    0x00, 0x00, 0x01, 0x11, 0x00, 0x01, 0x11, 0x11, 0x00, 0x10, 0x11, 0x11, 0x11, 0x10, 0x11, 0x10,
    0x11, 0x00, 0x01, 0x10, 0x11, 0x02, 0x01, 0x10, 0x11, 0x02, 0x01, 0x10, 0x11, 0x10, 0x11, 0x10,
    0x11, 0x11, 0x11, 0x10, 0x00, 0x11, 0x11, 0x10, 0x00, 0x00, 0x10, 0x11, 0x00, 0x00, 0x00, 0x10,
    0x10, 0x11, 0x00, 0x10, 0x10, 0x11, 0x00, 0x10, 0x10, 0x01, 0x00, 0x10, 0x10, 0x01, 0x00, 0x10,
    0x10, 0x01, 0x10, 0x00, 0x10, 0x01, 0x11, 0x00, 0x10, 0x01, 0x01, 0x01, 0x10, 0x01, 0x01, 0x01,
    0x10, 0x11, 0x01, 0x01, 0x10, 0x10, 0x01, 0x00, 0x10, 0x10, 0x11, 0x00, 0x11, 0x10, 0x10, 0x00,
    0x11, 0x11, 0x11, 0x00, 0x10, 0x11, 0x10, 0x01, 0x11, 0x00, 0x00, 0x01, 0x11, 0x11, 0x10, 0x01,
    0x22, 0x22, 0x22, 0x10, 0x22, 0x22, 0x21, 0x00, 0x22, 0x21, 0x11, 0x02, 0x22, 0x10, 0x10, 0x33,
    0x21, 0x01, 0x03, 0x32, 0x11, 0x00, 0x02, 0x22, 0x10, 0x10, 0x22, 0x22, 0x00, 0x10, 0x22, 0x22,
    0x01, 0x02, 0x22, 0x22, 0x00, 0x02, 0x22, 0x22, 0x10, 0x22, 0x22, 0x22, 0x10, 0x22, 0x22, 0x22,
    0x00, 0x22, 0x22, 0x22, 0x00, 0x02, 0x22, 0x22, 0x00, 0x02, 0x22, 0x22, 0x01, 0x00, 0x22, 0x22,
    0x22, 0x22, 0x22, 0x11, 0x22, 0x22, 0x21, 0x11, 0x22, 0x22, 0x11, 0x33, 0x22, 0x21, 0x11, 0x33,
    0x22, 0x11, 0x33, 0x33, 0x22, 0x11, 0x33, 0x33, 0x22, 0x11, 0x00, 0x33, 0x22, 0x11, 0x11, 0x33,
    0x33, 0x11, 0x11, 0x33, 0x30, 0x11, 0x11, 0x33, 0x30, 0x11, 0x11, 0x00, 0x30, 0x11, 0x11, 0x11,
    0x33, 0x33, 0x33, 0x33, 0x11, 0x11, 0x11, 0x11, 0x11, 0x11, 0x11, 0x11, 0x00, 0x00, 0x00, 0x00,
    0x32, 0x22, 0x22, 0x22, 0x13, 0x22, 0x22, 0x22, 0x01, 0x32, 0x22, 0x22, 0x01, 0x13, 0x22, 0x22,
    0x33, 0x01, 0x32, 0x22, 0x33, 0x01, 0x32, 0x22, 0x00, 0x01, 0x32, 0x22, 0x01, 0x11, 0x32, 0x22,
    0x01, 0x11, 0x33, 0x32, 0x01, 0x11, 0x30, 0x30, 0x01, 0x11, 0x30, 0x30, 0x11, 0x11, 0x30, 0x30,
    0x33, 0x33, 0x33, 0x30, 0x11, 0x11, 0x11, 0x10, 0x11, 0x11, 0x11, 0x10, 0x00, 0x00, 0x00, 0x00,
    0x22, 0x30, 0x21, 0x11, 0x22, 0x33, 0x11, 0x11, 0x22, 0x21, 0x33, 0x00, 0x22, 0x21, 0x13, 0x33,
    0x11, 0x11, 0x11, 0x01, 0x10, 0x11, 0x01, 0x00, 0x11, 0x11, 0x11, 0x01, 0x11, 0x11, 0x11, 0x01,
    0x11, 0x11, 0x11, 0x01, 0x11, 0x11, 0x11, 0x03, 0x11, 0x11, 0x11, 0x00, 0x11, 0x11, 0x11, 0x03,
    0x10, 0x11, 0x01, 0x01, 0x11, 0x11, 0x11, 0x02, 0x20, 0x00, 0x00, 0x00, 0x00, 0x00, 0x00, 0x00,
    0x12, 0x03, 0x23, 0x22, 0x11, 0x33, 0x23, 0x22, 0x33, 0x12, 0x33, 0x32, 0x31, 0x12, 0x23, 0x22,
    0x11, 0x10, 0x23, 0x22, 0x00, 0x00, 0x03, 0x22, 0x11, 0x00, 0x03, 0x02, 0x11, 0x00, 0x11, 0x02,
    0x11, 0x10, 0x11, 0x10, 0x31, 0x10, 0x01, 0x10, 0x33, 0x33, 0x03, 0x02, 0x31, 0x11, 0x03, 0x02,
    0x11, 0x00, 0x03, 0x02, 0x20, 0x11, 0x33, 0x32, 0x01, 0x11, 0x30, 0x32, 0x00, 0x00, 0x00, 0x00,
    0x22, 0x22, 0x22, 0x22, 0x22, 0x22, 0x12, 0x10, 0x22, 0x12, 0x11, 0x11, 0x22, 0x11, 0x01, 0x11,
    0x21, 0x11, 0x11, 0x11, 0x21, 0x11, 0x11, 0x01, 0x11, 0x11, 0x11, 0x11, 0x11, 0x01, 0x11, 0x11,
    0x21, 0x11, 0x11, 0x11, 0x11, 0x11, 0x01, 0x11, 0x11, 0x11, 0x11, 0x11, 0x21, 0x01, 0x11, 0x11,
    0x22, 0x21, 0x11, 0x11, 0x22, 0x22, 0x21, 0x33, 0x22, 0x22, 0x03, 0x33, 0x22, 0x20, 0x00, 0x00,
    0x22, 0x22, 0x22, 0x22, 0x00, 0x22, 0x22, 0x22, 0x10, 0x00, 0x02, 0x22, 0x11, 0x00, 0x10, 0x22,
    0x11, 0x10, 0x00, 0x22, 0x11, 0x00, 0x00, 0x02, 0x11, 0x10, 0x00, 0x22, 0x11, 0x11, 0x00, 0x02,
    0x01, 0x10, 0x01, 0x02, 0x11, 0x00, 0x00, 0x02, 0x10, 0x00, 0x00, 0x22, 0x11, 0x01, 0x02, 0x22,
    0x00, 0x00, 0x22, 0x22, 0x30, 0x22, 0x22, 0x22, 0x33, 0x00, 0x00, 0x00, 0x00, 0x00, 0x00, 0x22,
    0x22, 0x11, 0x02, 0x22, 0x21, 0x11, 0x10, 0x22, 0x21, 0x21, 0x10, 0x01, 0x12, 0x11, 0x10, 0x21,
    0x12, 0x11, 0x10, 0x21, 0x12, 0x11, 0x02, 0x11, 0x11, 0x11, 0x02, 0x11, 0x11, 0x11, 0x02, 0x11,
    0x21, 0x11, 0x02, 0x11, 0x21, 0x11, 0x02, 0x11, 0x21, 0x11, 0x02, 0x11, 0x11, 0x11, 0x01, 0x11,
    0x11, 0x11, 0x01, 0x11, 0x11, 0x11, 0x11, 0x11, 0x21, 0x11, 0x11, 0x01, 0x00, 0x00, 0x00, 0x00,
    0x22, 0x22, 0x22, 0x22, 0x22, 0x22, 0x22, 0x22, 0x11, 0x00, 0x22, 0x22, 0x11, 0x11, 0x02, 0x22,
    0x11, 0x11, 0x00, 0x22, 0x11, 0x11, 0x10, 0x22, 0x01, 0x11, 0x10, 0x02, 0x01, 0x10, 0x00, 0x02,
    0x01, 0x10, 0x10, 0x02, 0x00, 0x10, 0x10, 0x02, 0x00, 0x10, 0x10, 0x02, 0x10, 0x10, 0x00, 0x02,
    0x11, 0x10, 0x01, 0x02, 0x10, 0x00, 0x11, 0x02, 0x11, 0x00, 0x00, 0x00, 0x00, 0x00, 0x00, 0x22,
    0x22, 0x22, 0x22, 0x22, 0x22, 0x22, 0x22, 0x22, 0x22, 0x22, 0x22, 0x22, 0x22, 0x22, 0x22, 0x22,
    0x22, 0x22, 0x22, 0x22, 0x22, 0x22, 0x22, 0x12, 0x22, 0x22, 0x21, 0x10, 0x22, 0x22, 0x21, 0x10,
    0x22, 0x22, 0x21, 0x10, 0x22, 0x11, 0x01, 0x10, 0x21, 0x11, 0x11, 0x10, 0x21, 0x11, 0x01, 0x10,
    0x21, 0x11, 0x01, 0x00, 0x21, 0x11, 0x01, 0x00, 0x20, 0x11, 0x11, 0x00, 0x20, 0x11, 0x11, 0x00,
    0x22, 0x11, 0x02, 0x22, 0x21, 0x11, 0x10, 0x22, 0x11, 0x11, 0x11, 0x02, 0x11, 0x11, 0x11, 0x00,
    0x11, 0x11, 0x11, 0x00, 0x21, 0x11, 0x10, 0x00, 0x21, 0x11, 0x11, 0x02, 0x11, 0x11, 0x11, 0x00,
    0x11, 0x11, 0x10, 0x00, 0x11, 0x11, 0x10, 0x02, 0x11, 0x11, 0x11, 0x02, 0x01, 0x11, 0x11, 0x00,
    0x01, 0x11, 0x11, 0x00, 0x11, 0x11, 0x11, 0x00, 0x01, 0x11, 0x10, 0x02, 0x00, 0x01, 0x11, 0x02,
    0x22, 0x22, 0x22, 0x22, 0x22, 0x21, 0x02, 0x22, 0x22, 0x11, 0x10, 0x22, 0x21, 0x11, 0x11, 0x02,
    0x21, 0x11, 0x11, 0x02, 0x11, 0x11, 0x11, 0x10, 0x11, 0x11, 0x11, 0x10, 0x21, 0x11, 0x11, 0x00,
    0x11, 0x11, 0x11, 0x00, 0x11, 0x11, 0x10, 0x02, 0x11, 0x11, 0x10, 0x02, 0x11, 0x11, 0x11, 0x00,
    0x00, 0x11, 0x11, 0x10, 0x22, 0x00, 0x11, 0x10, 0x11, 0x11, 0x01, 0x10, 0x11, 0x10, 0x01, 0x10,
    0x22, 0x22, 0x22, 0x22, 0x22, 0x22, 0x22, 0x22, 0x22, 0x22, 0x22, 0x22, 0x22, 0x22, 0x22, 0x22,
    0x22, 0x22, 0x22, 0x22, 0x22, 0x22, 0x22, 0x22, 0x22, 0x22, 0x22, 0x22, 0x22, 0x22, 0x22, 0x22,
    0x21, 0x11, 0x12, 0x22, 0x11, 0x11, 0x10, 0x22, 0x11, 0x11, 0x11, 0x02, 0x01, 0x11, 0x11, 0x02,
    0x01, 0x11, 0x11, 0x02, 0x21, 0x11, 0x10, 0x02, 0x20, 0x01, 0x10, 0x02, 0x00, 0x00, 0x11, 0x02,
    0x00, 0x20, 0x21, 0x11, 0x02, 0x10, 0x21, 0x11, 0x02, 0x10, 0x21, 0x11, 0x02, 0x10, 0x21, 0x11,
    0x20, 0x10, 0x21, 0x11, 0x20, 0x10, 0x21, 0x11, 0x22, 0x00, 0x21, 0x11, 0x22, 0x20, 0x21, 0x11,
    0x22, 0x20, 0x01, 0x11, 0x22, 0x22, 0x01, 0x01, 0x22, 0x22, 0x20, 0x00, 0x22, 0x22, 0x22, 0x22,
    0x22, 0x22, 0x22, 0x22, 0x22, 0x22, 0x22, 0x22, 0x22, 0x22, 0x22, 0x22, 0x22, 0x22, 0x22, 0x22,
    0x00, 0x02, 0x11, 0x00, 0x10, 0x02, 0x11, 0x02, 0x11, 0x02, 0x11, 0x12, 0x11, 0x02, 0x11, 0x12,
    0x11, 0x02, 0x11, 0x10, 0x11, 0x02, 0x11, 0x10, 0x11, 0x00, 0x21, 0x12, 0x11, 0x00, 0x21, 0x12,
    0x11, 0x00, 0x02, 0x10, 0x10, 0x00, 0x02, 0x10, 0x10, 0x00, 0x02, 0x10, 0x00, 0x00, 0x02, 0x10,
    0x22, 0x20, 0x02, 0x10, 0x22, 0x22, 0x00, 0x10, 0x22, 0x22, 0x20, 0x00, 0x22, 0x22, 0x22, 0x20,
    0x22, 0x00, 0x10, 0x02, 0x11, 0x10, 0x00, 0x21, 0x11, 0x11, 0x00, 0x21, 0x11, 0x11, 0x00, 0x21,
    0x21, 0x11, 0x02, 0x11, 0x21, 0x11, 0x02, 0x11, 0x11, 0x11, 0x02, 0x11, 0x11, 0x11, 0x02, 0x11,
    0x21, 0x10, 0x02, 0x11, 0x21, 0x10, 0x02, 0x11, 0x21, 0x00, 0x00, 0x01, 0x11, 0x02, 0x22, 0x00,
    0x10, 0x21, 0x11, 0x11, 0x10, 0x21, 0x11, 0x10, 0x00, 0x21, 0x11, 0x11, 0x00, 0x01, 0x11, 0x10,
    0x11, 0x00, 0x11, 0x00, 0x11, 0x10, 0x01, 0x02, 0x11, 0x11, 0x00, 0x02, 0x11, 0x11, 0x10, 0x02,
    0x11, 0x11, 0x11, 0x00, 0x11, 0x10, 0x00, 0x00, 0x11, 0x02, 0x20, 0x02, 0x10, 0x21, 0x11, 0x02,
    0x10, 0x21, 0x11, 0x10, 0x10, 0x21, 0x11, 0x10, 0x10, 0x21, 0x11, 0x10, 0x10, 0x21, 0x11, 0x10,
    0x00, 0x21, 0x11, 0x10, 0x00, 0x21, 0x11, 0x00, 0x00, 0x02, 0x11, 0x00, 0x00, 0x02, 0x11, 0x00,
    0x20, 0x02, 0x11, 0x11, 0x11, 0x02, 0x11, 0x11, 0x11, 0x00, 0x11, 0x11, 0x10, 0x20, 0x01, 0x11,
    0x02, 0x11, 0x01, 0x11, 0x21, 0x11, 0x01, 0x11, 0x11, 0x11, 0x01, 0x11, 0x11, 0x11, 0x01, 0x11,
    0x21, 0x11, 0x01, 0x10, 0x21, 0x11, 0x01, 0x10, 0x02, 0x11, 0x01, 0x10, 0x02, 0x11, 0x01, 0x10,
    0x02, 0x11, 0x01, 0x00, 0x02, 0x10, 0x00, 0x02, 0x00, 0x02, 0x22, 0x22, 0x02, 0x22, 0x22, 0x22,
    0x00, 0x21, 0x11, 0x00, 0x00, 0x21, 0x11, 0x00, 0x00, 0x21, 0x11, 0x00, 0x00, 0x21, 0x11, 0x02,
    0x00, 0x21, 0x11, 0x02, 0x00, 0x21, 0x00, 0x22, 0x00, 0x00, 0x22, 0x22, 0x00, 0x02, 0x22, 0x22,
    0x00, 0x22, 0x22, 0x22, 0x02, 0x22, 0x22, 0x22, 0x02, 0x22, 0x22, 0x22, 0x02, 0x22, 0x22, 0x22,
    0x22, 0x22, 0x22, 0x22, 0x22, 0x22, 0x22, 0x22, 0x22, 0x22, 0x22, 0x22, 0x22, 0x22, 0x22, 0x22,
    0x22, 0x22, 0x22, 0x22, 0x22, 0x22, 0x23, 0x33, 0x02, 0x23, 0x31, 0x11, 0x02, 0x31, 0x11, 0x11,
    0x02, 0x31, 0x13, 0x33, 0x13, 0x11, 0x31, 0x00, 0x11, 0x13, 0x11, 0x00, 0x11, 0x13, 0x11, 0x11,
    0x11, 0x13, 0x11, 0x33, 0x11, 0x11, 0x03, 0x01, 0x11, 0x11, 0x31, 0x01, 0x11, 0x33, 0x33, 0x31,
    0x13, 0x11, 0x01, 0x13, 0x30, 0x11, 0x00, 0x10, 0x30, 0x01, 0x00, 0x00, 0x00, 0x01, 0x00, 0x00,
    0x22, 0x22, 0x22, 0x22, 0x33, 0x32, 0x22, 0x23, 0x11, 0x10, 0x02, 0x23, 0x11, 0x11, 0x10, 0x23,
    0x33, 0x31, 0x10, 0x23, 0x00, 0x10, 0x11, 0x01, 0x00, 0x11, 0x01, 0x11, 0x11, 0x11, 0x01, 0x11,
    0x33, 0x11, 0x01, 0x11, 0x10, 0x30, 0x11, 0x11, 0x10, 0x13, 0x11, 0x11, 0x13, 0x33, 0x33, 0x11,
    0x31, 0x10, 0x11, 0x31, 0x01, 0x00, 0x11, 0x03, 0x00, 0x00, 0x10, 0x03, 0x00, 0x00, 0x10, 0x00,
    0x33, 0x30, 0x33, 0x33, 0x33, 0x33, 0x33, 0x33, 0x33, 0x33, 0x33, 0x33, 0x33, 0x33, 0x33, 0x33,
    0x03, 0x33, 0x33, 0x33, 0x33, 0x33, 0x30, 0x33, 0x33, 0x22, 0x33, 0x33, 0x22, 0x22, 0x22, 0x22,
    0x02, 0x22, 0x22, 0x22, 0x00, 0x22, 0x22, 0x22, 0x00, 0x02, 0x22, 0x22, 0x00, 0x00, 0x22, 0x22,
    0x00, 0x00, 0x02, 0x22, 0x00, 0x00, 0x00, 0x22, 0x00, 0x00, 0x00, 0x02, 0x00, 0x00, 0x00, 0x00,
    0x22, 0x22, 0x22, 0x20, 0x22, 0x22, 0x22, 0x00, 0x22, 0x22, 0x20, 0x00, 0x22, 0x22, 0x00, 0x00,
    0x22, 0x20, 0x00, 0x00, 0x22, 0x00, 0x00, 0x00, 0x20, 0x00, 0x00, 0x00, 0x00, 0x00, 0x00, 0x00,
    0x00, 0x00, 0x00, 0x32, 0x00, 0x00, 0x03, 0x22, 0x00, 0x00, 0x32, 0x22, 0x00, 0x03, 0x22, 0x22,
    0x00, 0x32, 0x22, 0x22, 0x03, 0x22, 0x22, 0x22, 0x32, 0x22, 0x22, 0x22, 0x22, 0x22, 0x22, 0x22,
    0x23, 0x00, 0x00, 0x00, 0x22, 0x30, 0x00, 0x00, 0x22, 0x23, 0x00, 0x00, 0x22, 0x22, 0x30, 0x00,
    0x22, 0x22, 0x23, 0x00, 0x22, 0x22, 0x22, 0x30, 0x22, 0x22, 0x22, 0x23, 0x22, 0x22, 0x22, 0x22,
    0x00, 0x00, 0x00, 0x30, 0x00, 0x00, 0x03, 0x00, 0x00, 0x00, 0x30, 0x00, 0x00, 0x03, 0x00, 0x00,
    0x00, 0x30, 0x00, 0x00, 0x03, 0x00, 0x00, 0x00, 0x30, 0x00, 0x00, 0x00, 0x00, 0x00, 0x00, 0x00,
    0x03, 0x00, 0x00, 0x00, 0x00, 0x30, 0x00, 0x00, 0x00, 0x03, 0x00, 0x00, 0x00, 0x00, 0x30, 0x00,
    0x00, 0x00, 0x03, 0x00, 0x00, 0x00, 0x00, 0x30, 0x00, 0x00, 0x00, 0x03, 0x00, 0x00, 0x00, 0x00,
    0x00, 0x00, 0x00, 0x03, 0x00, 0x00, 0x00, 0x30, 0x00, 0x00, 0x03, 0x00, 0x00, 0x00, 0x30, 0x00,
    0x00, 0x03, 0x00, 0x00, 0x00, 0x30, 0x00, 0x00, 0x03, 0x00, 0x00, 0x00, 0x33, 0x33, 0x33, 0x33,
    0x30, 0x00, 0x00, 0x00, 0x03, 0x00, 0x00, 0x00, 0x00, 0x30, 0x00, 0x00, 0x00, 0x03, 0x00, 0x00,
    0x00, 0x00, 0x30, 0x00, 0x00, 0x00, 0x03, 0x00, 0x00, 0x00, 0x00, 0x30, 0x33, 0x33, 0x33, 0x33,
    0x00, 0x00, 0x00, 0x03, 0x00, 0x00, 0x00, 0x30, 0x00, 0x00, 0x03, 0x00, 0x00, 0x00, 0x30, 0x00,
    0x00, 0x03, 0x00, 0x00, 0x00, 0x30, 0x00, 0x00, 0x03, 0x00, 0x00, 0x00, 0x30, 0x00, 0x00, 0x03,
    0x30, 0x00, 0x00, 0x00, 0x03, 0x00, 0x00, 0x00, 0x00, 0x30, 0x00, 0x00, 0x00, 0x03, 0x00, 0x00,
    0x00, 0x00, 0x30, 0x00, 0x00, 0x00, 0x03, 0x00, 0x00, 0x00, 0x00, 0x30, 0x30, 0x00, 0x00, 0x03,
    0x00, 0x00, 0x00, 0x03, 0x00, 0x00, 0x00, 0x00, 0x00, 0x00, 0x00, 0x00, 0x00, 0x00, 0x00, 0x00,
    0x00, 0x00, 0x00, 0x00, 0x00, 0x00, 0x00, 0x00, 0x00, 0x00, 0x00, 0x00, 0x33, 0x33, 0x33, 0x33,
    0x30, 0x00, 0x00, 0x00, 0x00, 0x00, 0x00, 0x00, 0x00, 0x00, 0x00, 0x00, 0x00, 0x00, 0x00, 0x00,
    0x00, 0x00, 0x00, 0x00, 0x00, 0x00, 0x00, 0x00, 0x00, 0x00, 0x00, 0x00, 0x33, 0x33, 0x33, 0x33,
    0x33, 0x33, 0x33, 0x33, 0x00, 0x00, 0x00, 0x00, 0x00, 0x00, 0x00, 0x00, 0x00, 0x00, 0x00, 0x00,
    0x00, 0x00, 0x00, 0x00, 0x00, 0x00, 0x00, 0x00, 0x00, 0x00, 0x00, 0x00, 0x33, 0x33, 0x33, 0x33,
    0x55, 0x55, 0x55, 0x55, 0x50, 0x00, 0x00, 0x00, 0x56, 0x60, 0x00, 0x00, 0x56, 0x65, 0x00, 0x00,
    0x56, 0x65, 0x66, 0x60, 0x56, 0x65, 0x66, 0x65, 0x56, 0x65, 0x66, 0x65, 0x56, 0x65, 0x66, 0x65,
    0x56, 0x65, 0x66, 0x65, 0x56, 0x65, 0x66, 0x65, 0x56, 0x65, 0x66, 0x65, 0x56, 0x65, 0x66, 0x65,
    0x56, 0x65, 0x66, 0x65, 0x56, 0x65, 0x66, 0x65, 0x56, 0x65, 0x66, 0x65, 0x55, 0x55, 0x55, 0x55,
    0x55, 0x55, 0x55, 0x55, 0x00, 0x00, 0x00, 0x05, 0x00, 0x00, 0x00, 0x05, 0x00, 0x00, 0x00, 0x05,
    0x00, 0x00, 0x00, 0x05, 0x00, 0x00, 0x00, 0x05, 0x66, 0x60, 0x00, 0x05, 0x66, 0x65, 0x00, 0x05,
    0x66, 0x65, 0x66, 0x65, 0x66, 0x65, 0x66, 0x65, 0x66, 0x65, 0x66, 0x65, 0x66, 0x65, 0x66, 0x65,
    0x66, 0x65, 0x66, 0x65, 0x66, 0x65, 0x66, 0x65, 0x66, 0x65, 0x66, 0x65, 0x55, 0x55, 0x55, 0x55,
    0x60, 0x05, 0x55, 0x55, 0x60, 0x77, 0x77, 0x77, 0x60, 0x77, 0x77, 0x77, 0x60, 0x77, 0x77, 0x77,
    0x60, 0x05, 0x55, 0x55, 0x60, 0x77, 0x77, 0x77, 0x60, 0x77, 0x77, 0x77, 0x60, 0x77, 0x77, 0x77,
    0x55, 0x55, 0x55, 0x60, 0x77, 0x77, 0x77, 0x60, 0x77, 0x77, 0x77, 0x60, 0x77, 0x77, 0x77, 0x60,
    0x55, 0x55, 0x55, 0x60, 0x77, 0x77, 0x77, 0x60, 0x77, 0x77, 0x77, 0x60, 0x77, 0x77, 0x77, 0x60,
    0x55, 0x55, 0x55, 0x57, 0x50, 0x55, 0x50, 0x50, 0x55, 0x55, 0x55, 0x50, 0x55, 0x55, 0x55, 0x50,
    0x55, 0x55, 0x55, 0x50, 0x55, 0x55, 0x55, 0x50, 0x55, 0x55, 0x55, 0x50, 0x55, 0x55, 0x55, 0x50,
    0x55, 0x55, 0x55, 0x50, 0x55, 0x55, 0x55, 0x50, 0x55, 0x55, 0x55, 0x50, 0x55, 0x55, 0x55, 0x50,
    0x55, 0x55, 0x55, 0x50, 0x50, 0x55, 0x50, 0x50, 0x55, 0x55, 0x55, 0x50, 0x70, 0x00, 0x00, 0x00,
    0x77, 0x70, 0x77, 0x77, 0x77, 0x77, 0x77, 0x66, 0x77, 0x77, 0x76, 0x66, 0x70, 0x76, 0x66, 0x66,
    0x77, 0x70, 0x66, 0x66, 0x77, 0x70, 0x06, 0x66, 0x77, 0x70, 0x66, 0x66, 0x07, 0x76, 0x66, 0x66,
    0x76, 0x66, 0x66, 0x66, 0x76, 0x66, 0x66, 0x66, 0x76, 0x66, 0x66, 0x66, 0x66, 0x66, 0x66, 0x66,
    0x66, 0x66, 0x66, 0x66, 0x66, 0x66, 0x66, 0x66, 0x66, 0x66, 0x66, 0x66, 0x66, 0x66, 0x66, 0x66,
    0x66, 0x66, 0x66, 0x66, 0x66, 0x66, 0x66, 0x66, 0x66, 0x66, 0x66, 0x66, 0x66, 0x66, 0x66, 0x66,
    0x66, 0x66, 0x66, 0x66, 0x66, 0x66, 0x66, 0x66, 0x66, 0x66, 0x66, 0x66, 0x66, 0x66, 0x66, 0x66,
    0x66, 0x66, 0x66, 0x66, 0x66, 0x66, 0x66, 0x66, 0x66, 0x66, 0x66, 0x66, 0x66, 0x66, 0x66, 0x66,
    0x66, 0x66, 0x66, 0x66, 0x66, 0x66, 0x66, 0x66, 0x66, 0x66, 0x66, 0x66, 0x66, 0x66, 0x66, 0x66,
    0x77, 0x77, 0x70, 0x77, 0x67, 0x66, 0x77, 0x77, 0x66, 0x66, 0x77, 0x77, 0x66, 0x66, 0x66, 0x77,
    0x66, 0x66, 0x66, 0x70, 0x66, 0x66, 0x66, 0x77, 0x66, 0x66, 0x66, 0x77, 0x66, 0x66, 0x66, 0x67,
    0x66, 0x66, 0x66, 0x07, 0x66, 0x66, 0x60, 0x07, 0x66, 0x66, 0x66, 0x67, 0x66, 0x66, 0x66, 0x66,
    0x66, 0x66, 0x66, 0x66, 0x66, 0x66, 0x66, 0x66, 0x66, 0x66, 0x66, 0x66, 0x66, 0x66, 0x66, 0x66,
    0x66, 0x66, 0x66, 0x66, 0x66, 0x66, 0x66, 0x66, 0x66, 0x66, 0x66, 0x66, 0x06, 0x66, 0x66, 0x66,
    0x06, 0x66, 0x66, 0x66, 0x06, 0x66, 0x66, 0x66, 0x70, 0x66, 0x66, 0x66, 0x70, 0x66, 0x66, 0x66,
    0x70, 0x66, 0x66, 0x66, 0x70, 0x66, 0x66, 0x66, 0x07, 0x00, 0x66, 0x66, 0x77, 0x70, 0x66, 0x66,
    0x77, 0x70, 0x00, 0x66, 0x70, 0x77, 0x00, 0x06, 0x77, 0x77, 0x77, 0x00, 0x77, 0x77, 0x77, 0x77,
    0x66, 0x66, 0x66, 0x66, 0x66, 0x66, 0x66, 0x66, 0x66, 0x66, 0x66, 0x66, 0x66, 0x66, 0x66, 0x66,
    0x66, 0x66, 0x66, 0x66, 0x66, 0x66, 0x66, 0x66, 0x66, 0x66, 0x66, 0x66, 0x66, 0x66, 0x66, 0x66,
    0x66, 0x66, 0x66, 0x66, 0x66, 0x66, 0x66, 0x66, 0x66, 0x66, 0x66, 0x66, 0x66, 0x66, 0x66, 0x66,
    0x66, 0x66, 0x66, 0x66, 0x66, 0x66, 0x66, 0x66, 0x66, 0x66, 0x66, 0x66, 0x00, 0x06, 0x60, 0x00,
    0x66, 0x66, 0x66, 0x66, 0x66, 0x66, 0x66, 0x66, 0x66, 0x66, 0x66, 0x66, 0x66, 0x66, 0x66, 0x66,
    0x66, 0x66, 0x66, 0x66, 0x66, 0x66, 0x66, 0x66, 0x66, 0x66, 0x66, 0x60, 0x66, 0x66, 0x66, 0x07,
    0x66, 0x66, 0x66, 0x07, 0x66, 0x66, 0x60, 0x77, 0x66, 0x66, 0x60, 0x77, 0x66, 0x66, 0x60, 0x77,
    0x66, 0x66, 0x00, 0x77, 0x60, 0x00, 0x07, 0x77, 0x66, 0x00, 0x77, 0x77, 0x00, 0x77, 0x07, 0x77,
    0x66, 0x66, 0x66, 0x66, 0x66, 0x66, 0x66, 0x66, 0x66, 0x56, 0x66, 0x66, 0x66, 0x66, 0x66, 0x56,
    0x66, 0x66, 0x66, 0x66, 0x65, 0x66, 0x66, 0x66, 0x66, 0x66, 0x66, 0x66, 0x66, 0x66, 0x56, 0x66,
    0x66, 0x66, 0x66, 0x66, 0x66, 0x66, 0x66, 0x65, 0x66, 0x56, 0x66, 0x66, 0x66, 0x66, 0x66, 0x66,
    0x66, 0x66, 0x66, 0x66, 0x56, 0x66, 0x66, 0x56, 0x66, 0x66, 0x66, 0x66, 0x66, 0x65, 0x66, 0x66,
    0x66, 0x66, 0x66, 0x65, 0x66, 0x66, 0x56, 0x66, 0x66, 0x66, 0x66, 0x66, 0x66, 0x66, 0x66, 0x66,
    0x65, 0x66, 0x66, 0x66, 0x66, 0x66, 0x65, 0x66, 0x66, 0x66, 0x66, 0x66, 0x66, 0x66, 0x66, 0x66,
    0x66, 0x65, 0x66, 0x66, 0x66, 0x66, 0x66, 0x66, 0x66, 0x66, 0x66, 0x66, 0x66, 0x66, 0x66, 0x56,
    0x66, 0x65, 0x66, 0x66, 0x66, 0x66, 0x66, 0x66, 0x66, 0x66, 0x66, 0x66, 0x65, 0x66, 0x66, 0x66,
    0x67, 0x77, 0x77, 0x76, 0x77, 0x67, 0x76, 0x77, 0x77, 0x77, 0x77, 0x77, 0x77, 0x77, 0x77, 0x77,
    0x66, 0x77, 0x77, 0x66, 0x77, 0x66, 0x66, 0x77, 0x57, 0x77, 0x77, 0x75, 0x65, 0x75, 0x77, 0x56,
    0x76, 0x77, 0x77, 0x77, 0x76, 0x77, 0x70, 0x77, 0x06, 0x77, 0x60, 0x77, 0x06, 0x77, 0x67, 0x67,
    0x60, 0x67, 0x06, 0x67, 0x60, 0x66, 0x66, 0x06, 0x66, 0x67, 0x66, 0x66, 0x67, 0x67, 0x66, 0x76,
    0x77, 0x67, 0x76, 0x76, 0x77, 0x77, 0x77, 0x76, 0x77, 0x70, 0x76, 0x77, 0x77, 0x70, 0x76, 0x77,
    0x77, 0x67, 0x76, 0x77, 0x77, 0x77, 0x77, 0x77, 0x77, 0x77, 0x77, 0x77, 0x77, 0x77, 0x77, 0x77,
    0x07, 0x70, 0x77, 0x77, 0x07, 0x70, 0x70, 0x77, 0x06, 0x77, 0x70, 0x76, 0x06, 0x70, 0x76, 0x66,
    0x60, 0x76, 0x77, 0x60, 0x60, 0x66, 0x76, 0x60, 0x67, 0x66, 0x77, 0x76, 0x77, 0x67, 0x76, 0x76,
    0x70, 0x70, 0x76, 0x76, 0x70, 0x77, 0x76, 0x77, 0x70, 0x77, 0x77, 0x77, 0x77, 0x77, 0x77, 0x77,
    0x77, 0x77, 0x77, 0x77, 0x67, 0x77, 0x77, 0x76, 0x77, 0x77, 0x77, 0x77, 0x77, 0x77, 0x77, 0x77,
    0x66, 0x66, 0x66, 0x66, 0x66, 0x66, 0x66, 0x60, 0x66, 0x66, 0x60, 0x00, 0x66, 0x60, 0x00, 0x07,
    0x66, 0x66, 0x07, 0x77, 0x66, 0x60, 0x07, 0x77, 0x66, 0x00, 0x77, 0x77, 0x66, 0x07, 0x77, 0x77,
    0x66, 0x07, 0x07, 0x77, 0x60, 0x07, 0x77, 0x77, 0x60, 0x77, 0x77, 0x77, 0x67, 0x77, 0x77, 0x77,
    0x67, 0x77, 0x70, 0x77, 0x67, 0x77, 0x77, 0x77, 0x67, 0x07, 0x77, 0x77, 0x67, 0x77, 0x77, 0x77,
    0x60, 0x06, 0x60, 0x00, 0x00, 0x00, 0x00, 0x00, 0x07, 0x70, 0x00, 0x77, 0x77, 0x77, 0x77, 0x77,
    0x77, 0x77, 0x70, 0x77, 0x77, 0x77, 0x77, 0x77, 0x77, 0x77, 0x77, 0x77, 0x70, 0x77, 0x77, 0x77,
    0x77, 0x77, 0x77, 0x77, 0x77, 0x77, 0x77, 0x77, 0x77, 0x07, 0x77, 0x77, 0x77, 0x77, 0x77, 0x77,
    0x77, 0x77, 0x77, 0x77, 0x77, 0x77, 0x77, 0x77, 0x07, 0x77, 0x77, 0x77, 0x77, 0x77, 0x77, 0x77,
    0x06, 0x66, 0x66, 0x66, 0x00, 0x06, 0x66, 0x66, 0x70, 0x00, 0x00, 0x66, 0x77, 0x77, 0x06, 0x66,
    0x77, 0x77, 0x66, 0x66, 0x77, 0x07, 0x66, 0x66, 0x77, 0x77, 0x00, 0x66, 0x77, 0x77, 0x77, 0x06,
    0x07, 0x77, 0x77, 0x70, 0x77, 0x77, 0x07, 0x70, 0x77, 0x77, 0x77, 0x70, 0x77, 0x77, 0x77, 0x76,
    0x77, 0x77, 0x77, 0x76, 0x70, 0x77, 0x77, 0x66, 0x77, 0x77, 0x77, 0x66, 0x77, 0x77, 0x77, 0x66,
    0x77, 0x77, 0x77, 0x77, 0x70, 0x77, 0x77, 0x77, 0x77, 0x77, 0x77, 0x77, 0x77, 0x77, 0x77, 0x77,
    0x67, 0x70, 0x77, 0x77, 0x67, 0x77, 0x77, 0x77, 0x67, 0x77, 0x77, 0x77, 0x67, 0x77, 0x77, 0x77,
    0x67, 0x70, 0x77, 0x77, 0x66, 0x77, 0x77, 0x77, 0x66, 0x66, 0x77, 0x77, 0x66, 0x66, 0x67, 0x77,
    0x66, 0x66, 0x07, 0x77, 0x66, 0x60, 0x07, 0x77, 0x66, 0x66, 0x66, 0x77, 0x66, 0x66, 0x66, 0x66,
    0x77, 0x77, 0x77, 0x77, 0x77, 0x77, 0x07, 0x77, 0x77, 0x77, 0x77, 0x77, 0x77, 0x77, 0x77, 0x77,
    0x77, 0x77, 0x77, 0x77, 0x77, 0x70, 0x77, 0x77, 0x77, 0x77, 0x77, 0x77, 0x77, 0x77, 0x77, 0x77,
    0x77, 0x77, 0x77, 0x77, 0x77, 0x77, 0x07, 0x77, 0x77, 0x77, 0x77, 0x77, 0x77, 0x77, 0x77, 0x77,
    0x07, 0x77, 0x77, 0x77, 0x77, 0x77, 0x77, 0x77, 0x77, 0x70, 0x76, 0x77, 0x77, 0x67, 0x66, 0x66,
    0x77, 0x77, 0x07, 0x06, 0x77, 0x77, 0x77, 0x06, 0x77, 0x77, 0x77, 0x06, 0x77, 0x77, 0x77, 0x06,
    0x77, 0x77, 0x77, 0x06, 0x77, 0x70, 0x77, 0x06, 0x77, 0x77, 0x77, 0x00, 0x77, 0x77, 0x77, 0x70,
    0x77, 0x77, 0x77, 0x76, 0x70, 0x77, 0x70, 0x76, 0x77, 0x77, 0x77, 0x66, 0x77, 0x77, 0x66, 0x66,
    0x77, 0x77, 0x06, 0x66, 0x07, 0x77, 0x00, 0x66, 0x77, 0x76, 0x66, 0x66, 0x66, 0x66, 0x66, 0x66,
    0x00, 0x06, 0x66, 0x66, 0x00, 0x00, 0x00, 0x00, 0x77, 0x70, 0x00, 0x00, 0x77, 0x77, 0x77, 0x77,
    0x77, 0x07, 0x77, 0x07, 0x77, 0x77, 0x77, 0x77, 0x77, 0x77, 0x77, 0x77, 0x77, 0x77, 0x77, 0x70,
    0x66, 0x66, 0x66, 0x66, 0x77, 0x66, 0x66, 0x66, 0x50, 0x06, 0x66, 0x66, 0x55, 0x06, 0x66, 0x66,
    0x55, 0x00, 0x06, 0x66, 0x55, 0x55, 0x00, 0x66, 0x05, 0x50, 0x70, 0x66, 0x05, 0x50, 0x70, 0x66,
    0x05, 0x50, 0x70, 0x66, 0x05, 0x50, 0x70, 0x66, 0x55, 0x50, 0x70, 0x66, 0x55, 0x50, 0x70, 0x66,
    0x55, 0x55, 0x50, 0x66, 0x55, 0x77, 0x00, 0x66, 0x57, 0x55, 0x50, 0x06, 0x75, 0x55, 0x50, 0x00,
    0x66, 0x66, 0x66, 0x66, 0x66, 0x66, 0x66, 0x66, 0x66, 0x66, 0x66, 0x66, 0x66, 0x66, 0x66, 0x66,
    0x66, 0x66, 0x66, 0x66, 0x66, 0x66, 0x66, 0x66, 0x66, 0x66, 0x66, 0x66, 0x66, 0x66, 0x66, 0x66,
    0x66, 0x55, 0x55, 0x66, 0x65, 0x55, 0x55, 0x56, 0x55, 0x55, 0x55, 0x70, 0x55, 0x55, 0x55, 0x70,
    0x55, 0x55, 0x55, 0x70, 0x55, 0x55, 0x57, 0x00, 0x65, 0x77, 0x70, 0x06, 0x66, 0x00, 0x00, 0x66,
    0x66, 0x66, 0x66, 0x66, 0x66, 0x66, 0x66, 0x77, 0x66, 0x66, 0x67, 0x55, 0x66, 0x66, 0x67, 0x55,
    0x66, 0x67, 0x75, 0x55, 0x66, 0x75, 0x55, 0x55, 0x66, 0x70, 0x75, 0x57, 0x66, 0x70, 0x75, 0x57,
    0x66, 0x70, 0x75, 0x57, 0x66, 0x70, 0x75, 0x57, 0x66, 0x70, 0x75, 0x55, 0x66, 0x70, 0x75, 0x55,
    0x66, 0x75, 0x55, 0x55, 0x66, 0x75, 0x55, 0x55, 0x67, 0x55, 0x55, 0x55, 0x75, 0x55, 0x55, 0x57,
    0x75, 0x75, 0x05, 0x50, 0x75, 0x75, 0x05, 0x50, 0x75, 0x75, 0x00, 0x50, 0x00, 0x00, 0x07, 0x50,
    0x77, 0x77, 0x75, 0x50, 0x75, 0x55, 0x50, 0x50, 0x75, 0x55, 0x50, 0x50, 0x00, 0x00, 0x07, 0x50,
    0x77, 0x77, 0x75, 0x50, 0x75, 0x55, 0x50, 0x50, 0x75, 0x55, 0x50, 0x50, 0x00, 0x00, 0x07, 0x50,
    0x77, 0x77, 0x75, 0x50, 0x75, 0x55, 0x55, 0x50, 0x75, 0x55, 0x55, 0x50, 0x00, 0x00, 0x00, 0x00,
    0x55, 0x55, 0x55, 0x55, 0x00, 0x00, 0x00, 0x00, 0x65, 0x55, 0x55, 0x06, 0x65, 0x55, 0x55, 0x06,
    0x66, 0x55, 0x50, 0x66, 0x66, 0x65, 0x06, 0x66, 0x66, 0x65, 0x06, 0x66, 0x65, 0x55, 0x50, 0x06,
    0x67, 0x77, 0x77, 0x76, 0x75, 0x55, 0x55, 0x50, 0x75, 0x55, 0x55, 0x50, 0x75, 0x55, 0x55, 0x50,
    0x75, 0x55, 0x55, 0x50, 0x75, 0x55, 0x55, 0x50, 0x75, 0x55, 0x55, 0x50, 0x00, 0x00, 0x00, 0x00,
    0x75, 0x55, 0x55, 0x57, 0x75, 0x55, 0x55, 0x57, 0x70, 0x55, 0x55, 0x57, 0x77, 0x00, 0x00, 0x07,
    0x75, 0x77, 0x77, 0x77, 0x70, 0x55, 0x55, 0x57, 0x70, 0x55, 0x55, 0x57, 0x77, 0x00, 0x00, 0x07,
    0x70, 0x77, 0x77, 0x77, 0x70, 0x55, 0x55, 0x57, 0x70, 0x55, 0x55, 0x57, 0x77, 0x00, 0x00, 0x07,
    0x75, 0x77, 0x77, 0x77, 0x75, 0x55, 0x55, 0x57, 0x05, 0x55, 0x55, 0x57, 0x00, 0x00, 0x00, 0x00,
    0x66, 0x66, 0x67, 0x77, 0x77, 0x77, 0x77, 0x55, 0x55, 0x55, 0x50, 0x55, 0x55, 0x55, 0x55, 0x00,
    0x57, 0x77, 0x77, 0x55, 0x75, 0x55, 0x55, 0x05, 0x55, 0x55, 0x55, 0x05, 0x00, 0x00, 0x00, 0x05,
    0x55, 0x00, 0x05, 0x50, 0x55, 0x55, 0x55, 0x50, 0x00, 0x00, 0x00, 0x05, 0x55, 0x77, 0x77, 0x77,
    0x57, 0x55, 0x00, 0x00, 0x70, 0x55, 0x00, 0x00, 0x70, 0x05, 0x00, 0x00, 0x00, 0x05, 0x00, 0x00,
    0x77, 0x76, 0x66, 0x66, 0x55, 0x57, 0x77, 0x77, 0x55, 0x50, 0x55, 0x55, 0x00, 0x00, 0x55, 0x55,
    0x55, 0x77, 0x77, 0x75, 0x57, 0x55, 0x55, 0x50, 0x57, 0x55, 0x55, 0x55, 0x57, 0x00, 0x00, 0x00,
    0x57, 0x50, 0x00, 0x55, 0x57, 0x55, 0x55, 0x55, 0x55, 0x00, 0x00, 0x00, 0x77, 0x77, 0x77, 0x55,
    0x00, 0x00, 0x55, 0x75, 0x00, 0x00, 0x55, 0x07, 0x00, 0x00, 0x50, 0x07, 0x00, 0x00, 0x50, 0x00,
    0x66, 0x66, 0x66, 0x06, 0x66, 0x66, 0x60, 0x06, 0x00, 0x66, 0x00, 0x06, 0x00, 0x00, 0x00, 0x00,
    0x00, 0x00, 0x00, 0x00, 0x00, 0x00, 0x05, 0x00, 0x55, 0x00, 0x50, 0x00, 0x55, 0x05, 0x50, 0x00,
    0x05, 0x55, 0x50, 0x00, 0x05, 0x55, 0x00, 0x00, 0x55, 0x55, 0x00, 0x00, 0x55, 0x55, 0x00, 0x05,
    0x50, 0x55, 0x50, 0x05, 0x50, 0x50, 0x50, 0x05, 0x50, 0x50, 0x50, 0x05, 0x50, 0x55, 0x00, 0x05,
    0x66, 0x66, 0x66, 0x66, 0x66, 0x66, 0x66, 0x66, 0x66, 0x66, 0x66, 0x66, 0x66, 0x66, 0x66, 0x66,
    0x66, 0x66, 0x66, 0x66, 0x66, 0x66, 0x66, 0x66, 0x66, 0x66, 0x66, 0x66, 0x66, 0x66, 0x66, 0x66,
    0x66, 0x66, 0x66, 0x66, 0x66, 0x66, 0x66, 0x66, 0x66, 0x66, 0x66, 0x66, 0x66, 0x66, 0x66, 0x66,
    0x66, 0x66, 0x66, 0x66, 0x66, 0x66, 0x66, 0x66, 0x66, 0x66, 0x66, 0x66, 0x66, 0x66, 0x66, 0x66,
    0x66, 0x00, 0x55, 0x05, 0x66, 0x00, 0x55, 0x05, 0x66, 0x00, 0x55, 0x05, 0x66, 0x50, 0x55, 0x05,
    0x66, 0x50, 0x55, 0x05, 0x66, 0x50, 0x55, 0x05, 0x66, 0x50, 0x55, 0x05, 0x66, 0x50, 0x55, 0x05,
    0x65, 0x50, 0x50, 0x05, 0x65, 0x00, 0x50, 0x55, 0x65, 0x05, 0x50, 0x55, 0x65, 0x05, 0x50, 0x55,
    0x65, 0x05, 0x55, 0x55, 0x55, 0x05, 0x05, 0x55, 0x55, 0x55, 0x05, 0x55, 0x55, 0x66, 0x55, 0x65,
    0x65, 0x66, 0x67, 0x76, 0x65, 0x55, 0x77, 0x77, 0x65, 0x55, 0x56, 0x66, 0x60, 0x55, 0x56, 0x66,
    0x67, 0x77, 0x55, 0x56, 0x77, 0x77, 0x75, 0x55, 0x66, 0x77, 0x05, 0x55, 0x66, 0x66, 0x00, 0x55,
    0x66, 0x66, 0x60, 0x05, 0x66, 0x66, 0x66, 0x05, 0x66, 0x66, 0x66, 0x00, 0x66, 0x66, 0x66, 0x60,
    0x66, 0x66, 0x66, 0x60, 0x66, 0x66, 0x67, 0x77, 0x66, 0x66, 0x77, 0x77, 0x66, 0x66, 0x66, 0x77,
    0x66, 0x65, 0x66, 0x66, 0x66, 0x65, 0x50, 0x00, 0x66, 0x65, 0x55, 0x50, 0x66, 0x65, 0x05, 0x55,
    0x66, 0x60, 0x05, 0x55, 0x66, 0x60, 0x55, 0x55, 0x55, 0x60, 0x50, 0x55, 0x55, 0x50, 0x50, 0x55,
    0x55, 0x55, 0x50, 0x55, 0x50, 0x55, 0x05, 0x55, 0x50, 0x55, 0x50, 0x55, 0x00, 0x05, 0x50, 0x55,
    0x00, 0x00, 0x50, 0x55, 0x77, 0x00, 0x00, 0x55, 0x77, 0x00, 0x05, 0x55, 0x70, 0x00, 0x05, 0x55,
    0x60, 0x00, 0x06, 0x66, 0x00, 0x00, 0x00, 0x66, 0x00, 0x00, 0x50, 0x00, 0x50, 0x00, 0x50, 0x00,
    0x55, 0x55, 0x55, 0x00, 0x55, 0x55, 0x55, 0x50, 0x55, 0x55, 0x05, 0x55, 0x55, 0x55, 0x05, 0x55,
    0x55, 0x50, 0x00, 0x55, 0x55, 0x50, 0x60, 0x55, 0x55, 0x50, 0x60, 0x55, 0x55, 0x55, 0x05, 0x55,
    0x55, 0x55, 0x55, 0x55, 0x55, 0x50, 0x05, 0x00, 0x50, 0x00, 0x05, 0x00, 0x50, 0x00, 0x00, 0x00,
    0x60, 0x00, 0x00, 0x06, 0x00, 0x00, 0x00, 0x00, 0x00, 0x00, 0x00, 0x00, 0x00, 0x00, 0x00, 0x00,
    0x00, 0x00, 0x05, 0x55, 0x00, 0x05, 0x55, 0x55, 0x00, 0x50, 0x55, 0x55, 0x55, 0x50, 0x55, 0x50,
    0x55, 0x00, 0x05, 0x50, 0x55, 0x06, 0x05, 0x50, 0x55, 0x06, 0x05, 0x50, 0x55, 0x50, 0x55, 0x50,
    0x55, 0x55, 0x55, 0x50, 0x00, 0x55, 0x55, 0x50, 0x00, 0x00, 0x50, 0x55, 0x00, 0x00, 0x00, 0x50,
    0x50, 0x55, 0x00, 0x50, 0x50, 0x55, 0x00, 0x50, 0x50, 0x05, 0x00, 0x50, 0x50, 0x05, 0x00, 0x50,
    0x50, 0x05, 0x50, 0x00, 0x50, 0x05, 0x55, 0x00, 0x50, 0x05, 0x05, 0x05, 0x50, 0x05, 0x05, 0x05,
    0x50, 0x55, 0x05, 0x05, 0x50, 0x50, 0x05, 0x00, 0x50, 0x50, 0x55, 0x00, 0x55, 0x50, 0x50, 0x00,
    0x55, 0x55, 0x55, 0x00, 0x50, 0x55, 0x50, 0x05, 0x55, 0x00, 0x00, 0x05, 0x55, 0x55, 0x50, 0x05,
    0x66, 0x66, 0x66, 0x50, 0x66, 0x66, 0x65, 0x00, 0x66, 0x65, 0x55, 0x06, 0x66, 0x50, 0x50, 0x77,
    0x65, 0x05, 0x07, 0x76, 0x55, 0x00, 0x06, 0x66, 0x50, 0x50, 0x66, 0x66, 0x00, 0x50, 0x66, 0x66,
    0x05, 0x06, 0x66, 0x66, 0x00, 0x06, 0x66, 0x66, 0x50, 0x66, 0x66, 0x66, 0x50, 0x66, 0x66, 0x66,
    0x00, 0x66, 0x66, 0x66, 0x00, 0x06, 0x66, 0x66, 0x00, 0x06, 0x66, 0x66, 0x05, 0x00, 0x66, 0x66,
    0x66, 0x66, 0x66, 0x55, 0x66, 0x66, 0x65, 0x55, 0x66, 0x66, 0x55, 0x77, 0x66, 0x65, 0x55, 0x77,
    0x66, 0x55, 0x77, 0x77, 0x66, 0x55, 0x77, 0x77, 0x66, 0x55, 0x00, 0x77, 0x66, 0x55, 0x55, 0x77,
    0x77, 0x55, 0x55, 0x77, 0x70, 0x55, 0x55, 0x77, 0x70, 0x55, 0x55, 0x00, 0x70, 0x55, 0x55, 0x55,
    0x77, 0x77, 0x77, 0x77, 0x55, 0x55, 0x55, 0x55, 0x55, 0x55, 0x55, 0x55, 0x00, 0x00, 0x00, 0x00,
    0x76, 0x66, 0x66, 0x66, 0x57, 0x66, 0x66, 0x66, 0x05, 0x76, 0x66, 0x66, 0x05, 0x57, 0x66, 0x66,
    0x77, 0x05, 0x76, 0x66, 0x77, 0x05, 0x76, 0x66, 0x00, 0x05, 0x76, 0x66, 0x05, 0x55, 0x76, 0x66,
    0x05, 0x55, 0x77, 0x76, 0x05, 0x55, 0x70, 0x70, 0x05, 0x55, 0x70, 0x70, 0x55, 0x55, 0x70, 0x70,
    0x77, 0x77, 0x77, 0x70, 0x55, 0x55, 0x55, 0x50, 0x55, 0x55, 0x55, 0x50, 0x00, 0x00, 0x00, 0x00,
    0x66, 0x70, 0x65, 0x55, 0x66, 0x77, 0x55, 0x55, 0x66, 0x65, 0x77, 0x00, 0x66, 0x65, 0x57, 0x77,
    0x55, 0x55, 0x55, 0x05, 0x50, 0x55, 0x05, 0x00, 0x55, 0x55, 0x55, 0x05, 0x55, 0x55, 0x55, 0x05,
    0x55, 0x55, 0x55, 0x05, 0x55, 0x55, 0x55, 0x07, 0x55, 0x55, 0x55, 0x00, 0x55, 0x55, 0x55, 0x07,
    0x50, 0x55, 0x05, 0x05, 0x55, 0x55, 0x55, 0x06, 0x60, 0x00, 0x00, 0x00, 0x00, 0x00, 0x00, 0x00,
    0x56, 0x07, 0x67, 0x66, 0x55, 0x77, 0x67, 0x66, 0x77, 0x56, 0x77, 0x76, 0x75, 0x56, 0x67, 0x66,
    0x55, 0x50, 0x67, 0x66, 0x00, 0x00, 0x07, 0x66, 0x55, 0x00, 0x07, 0x06, 0x55, 0x00, 0x55, 0x06,
    0x55, 0x50, 0x55, 0x50, 0x75, 0x50, 0x05, 0x50, 0x77, 0x77, 0x07, 0x06, 0x75, 0x55, 0x07, 0x06,
    0x55, 0x00, 0x07, 0x06, 0x60, 0x55, 0x77, 0x76, 0x05, 0x55, 0x70, 0x76, 0x00, 0x00, 0x00, 0x00,
    0x66, 0x66, 0x66, 0x66, 0x66, 0x66, 0x56, 0x50, 0x66, 0x56, 0x55, 0x55, 0x66, 0x55, 0x05, 0x55,
    0x65, 0x55, 0x55, 0x55, 0x65, 0x55, 0x55, 0x05, 0x55, 0x55, 0x55, 0x55, 0x55, 0x05, 0x55, 0x55,
    0x65, 0x55, 0x55, 0x55, 0x55, 0x55, 0x05, 0x55, 0x55, 0x55, 0x55, 0x55, 0x65, 0x05, 0x55, 0x55,
    0x66, 0x65, 0x55, 0x55, 0x66, 0x66, 0x65, 0x77, 0x66, 0x66, 0x07, 0x77, 0x66, 0x60, 0x00, 0x00,
    0x66, 0x66, 0x66, 0x66, 0x00, 0x66, 0x66, 0x66, 0x50, 0x00, 0x06, 0x66, 0x55, 0x00, 0x50, 0x66,
    0x55, 0x50, 0x00, 0x66, 0x55, 0x00, 0x00, 0x06, 0x55, 0x50, 0x00, 0x66, 0x55, 0x55, 0x00, 0x06,
    0x05, 0x50, 0x05, 0x06, 0x55, 0x00, 0x00, 0x06, 0x50, 0x00, 0x00, 0x66, 0x55, 0x05, 0x06, 0x66,
    0x00, 0x00, 0x66, 0x66, 0x70, 0x66, 0x66, 0x66, 0x77, 0x00, 0x00, 0x00, 0x00, 0x00, 0x00, 0x66,
    0x66, 0x55, 0x06, 0x66, 0x65, 0x55, 0x50, 0x66, 0x65, 0x65, 0x50, 0x05, 0x56, 0x55, 0x50, 0x65,
    0x56, 0x55, 0x50, 0x65, 0x56, 0x55, 0x06, 0x55, 0x55, 0x55, 0x06, 0x55, 0x55, 0x55, 0x06, 0x55,
    0x65, 0x55, 0x06, 0x55, 0x65, 0x55, 0x06, 0x55, 0x65, 0x55, 0x06, 0x55, 0x55, 0x55, 0x05, 0x55,
    0x55, 0x55, 0x05, 0x55, 0x55, 0x55, 0x55, 0x55, 0x65, 0x55, 0x55, 0x05, 0x00, 0x00, 0x00, 0x00,
    0x66, 0x66, 0x66, 0x66, 0x66, 0x66, 0x66, 0x66, 0x55, 0x00, 0x66, 0x66, 0x55, 0x55, 0x06, 0x66,
    0x55, 0x55, 0x00, 0x66, 0x55, 0x55, 0x50, 0x66, 0x05, 0x55, 0x50, 0x06, 0x05, 0x50, 0x00, 0x06,
    0x05, 0x50, 0x50, 0x06, 0x00, 0x50, 0x50, 0x06, 0x00, 0x50, 0x50, 0x06, 0x50, 0x50, 0x00, 0x06,
    0x55, 0x50, 0x05, 0x06, 0x50, 0x00, 0x55, 0x06, 0x55, 0x00, 0x00, 0x00, 0x00, 0x00, 0x00, 0x66,
    0x66, 0x66, 0x66, 0x66, 0x66, 0x66, 0x66, 0x66, 0x66, 0x66, 0x66, 0x66, 0x66, 0x66, 0x66, 0x66,
    0x66, 0x66, 0x66, 0x66, 0x66, 0x66, 0x66, 0x56, 0x66, 0x66, 0x65, 0x50, 0x66, 0x66, 0x65, 0x50,
    0x66, 0x66, 0x65, 0x50, 0x66, 0x55, 0x05, 0x50, 0x65, 0x55, 0x55, 0x50, 0x65, 0x55, 0x05, 0x50,
    0x65, 0x55, 0x05, 0x00, 0x65, 0x55, 0x05, 0x00, 0x60, 0x55, 0x55, 0x00, 0x60, 0x55, 0x55, 0x00,
    0x66, 0x55, 0x06, 0x66, 0x65, 0x55, 0x50, 0x66, 0x55, 0x55, 0x55, 0x06, 0x55, 0x55, 0x55, 0x00,
    0x55, 0x55, 0x55, 0x00, 0x65, 0x55, 0x50, 0x00, 0x65, 0x55, 0x55, 0x06, 0x55, 0x55, 0x55, 0x00,
    0x55, 0x55, 0x50, 0x00, 0x55, 0x55, 0x50, 0x06, 0x55, 0x55, 0x55, 0x06, 0x05, 0x55, 0x55, 0x00,
    0x05, 0x55, 0x55, 0x00, 0x55, 0x55, 0x55, 0x00, 0x05, 0x55, 0x50, 0x06, 0x00, 0x05, 0x55, 0x06,
    0x66, 0x66, 0x66, 0x66, 0x66, 0x65, 0x06, 0x66, 0x66, 0x55, 0x50, 0x66, 0x65, 0x55, 0x55, 0x06,
    0x65, 0x55, 0x55, 0x06, 0x55, 0x55, 0x55, 0x50, 0x55, 0x55, 0x55, 0x50, 0x65, 0x55, 0x55, 0x00,
    0x55, 0x55, 0x55, 0x00, 0x55, 0x55, 0x50, 0x06, 0x55, 0x55, 0x50, 0x06, 0x55, 0x55, 0x55, 0x00,
    0x00, 0x55, 0x55, 0x50, 0x66, 0x00, 0x55, 0x50, 0x55, 0x55, 0x05, 0x50, 0x55, 0x50, 0x05, 0x50,
    0x66, 0x66, 0x66, 0x66, 0x66, 0x66, 0x66, 0x66, 0x66, 0x66, 0x66, 0x66, 0x66, 0x66, 0x66, 0x66,
    0x66, 0x66, 0x66, 0x66, 0x66, 0x66, 0x66, 0x66, 0x66, 0x66, 0x66, 0x66, 0x66, 0x66, 0x66, 0x66,
    0x65, 0x55, 0x56, 0x66, 0x55, 0x55, 0x50, 0x66, 0x55, 0x55, 0x55, 0x06, 0x05, 0x55, 0x55, 0x06,
    0x05, 0x55, 0x55, 0x06, 0x65, 0x55, 0x50, 0x06, 0x60, 0x05, 0x50, 0x06, 0x00, 0x00, 0x55, 0x06,
    0x00, 0x60, 0x65, 0x55, 0x06, 0x50, 0x65, 0x55, 0x06, 0x50, 0x65, 0x55, 0x06, 0x50, 0x65, 0x55,
    0x60, 0x50, 0x65, 0x55, 0x60, 0x50, 0x65, 0x55, 0x66, 0x00, 0x65, 0x55, 0x66, 0x60, 0x65, 0x55,
    0x66, 0x60, 0x05, 0x55, 0x66, 0x66, 0x05, 0x05, 0x66, 0x66, 0x60, 0x00, 0x66, 0x66, 0x66, 0x66,
    0x66, 0x66, 0x66, 0x66, 0x66, 0x66, 0x66, 0x66, 0x66, 0x66, 0x66, 0x66, 0x66, 0x66, 0x66, 0x66,
    0x00, 0x06, 0x55, 0x00, 0x50, 0x06, 0x55, 0x06, 0x55, 0x06, 0x55, 0x56, 0x55, 0x06, 0x55, 0x56,
    0x55, 0x06, 0x55, 0x50, 0x55, 0x06, 0x55, 0x50, 0x55, 0x00, 0x65, 0x56, 0x55, 0x00, 0x65, 0x56,
    0x55, 0x00, 0x06, 0x50, 0x50, 0x00, 0x06, 0x50, 0x50, 0x00, 0x06, 0x50, 0x00, 0x00, 0x06, 0x50,
    0x66, 0x60, 0x06, 0x50, 0x66, 0x66, 0x00, 0x50, 0x66, 0x66, 0x60, 0x00, 0x66, 0x66, 0x66, 0x60,
    0x66, 0x00, 0x50, 0x06, 0x55, 0x50, 0x00, 0x65, 0x55, 0x55, 0x00, 0x65, 0x55, 0x55, 0x00, 0x65,
    0x65, 0x55, 0x06, 0x55, 0x65, 0x55, 0x06, 0x55, 0x55, 0x55, 0x06, 0x55, 0x55, 0x55, 0x06, 0x55,
    0x65, 0x50, 0x06, 0x55, 0x65, 0x50, 0x06, 0x55, 0x65, 0x00, 0x00, 0x05, 0x55, 0x06, 0x66, 0x00,
    0x50, 0x65, 0x55, 0x55, 0x50, 0x65, 0x55, 0x50, 0x00, 0x65, 0x55, 0x55, 0x00, 0x05, 0x55, 0x50,
    0x55, 0x00, 0x55, 0x00, 0x55, 0x50, 0x05, 0x06, 0x55, 0x55, 0x00, 0x06, 0x55, 0x55, 0x50, 0x06,
    0x55, 0x55, 0x55, 0x00, 0x55, 0x50, 0x00, 0x00, 0x55, 0x06, 0x60, 0x06, 0x50, 0x65, 0x55, 0x06,
    0x50, 0x65, 0x55, 0x50, 0x50, 0x65, 0x55, 0x50, 0x50, 0x65, 0x55, 0x50, 0x50, 0x65, 0x55, 0x50,
    0x00, 0x65, 0x55, 0x50, 0x00, 0x65, 0x55, 0x00, 0x00, 0x06, 0x55, 0x00, 0x00, 0x06, 0x55, 0x00,
    0x60, 0x06, 0x55, 0x55, 0x55, 0x06, 0x55, 0x55, 0x55, 0x00, 0x55, 0x55, 0x50, 0x60, 0x05, 0x55,
    0x06, 0x55, 0x05, 0x55, 0x65, 0x55, 0x05, 0x55, 0x55, 0x55, 0x05, 0x55, 0x55, 0x55, 0x05, 0x55,
    0x65, 0x55, 0x05, 0x50, 0x65, 0x55, 0x05, 0x50, 0x06, 0x55, 0x05, 0x50, 0x06, 0x55, 0x05, 0x50,
    0x06, 0x55, 0x05, 0x00, 0x06, 0x50, 0x00, 0x06, 0x00, 0x06, 0x66, 0x66, 0x06, 0x66, 0x66, 0x66,
    0x00, 0x65, 0x55, 0x00, 0x00, 0x65, 0x55, 0x00, 0x00, 0x65, 0x55, 0x00, 0x00, 0x65, 0x55, 0x06,
    0x00, 0x65, 0x55, 0x06, 0x00, 0x65, 0x00, 0x66, 0x00, 0x00, 0x66, 0x66, 0x00, 0x06, 0x66, 0x66,
    0x00, 0x66, 0x66, 0x66, 0x06, 0x66, 0x66, 0x66, 0x06, 0x66, 0x66, 0x66, 0x06, 0x66, 0x66, 0x66,
    0x66, 0x66, 0x66, 0x66, 0x66, 0x66, 0x66, 0x66, 0x66, 0x66, 0x66, 0x66, 0x66, 0x66, 0x66, 0x66,
    0x66, 0x66, 0x66, 0x66, 0x66, 0x66, 0x67, 0x77, 0x06, 0x67, 0x75, 0x55, 0x06, 0x75, 0x55, 0x55,
    0x06, 0x75, 0x57, 0x77, 0x57, 0x55, 0x75, 0x00, 0x55, 0x57, 0x55, 0x00, 0x55, 0x57, 0x55, 0x55,
    0x55, 0x57, 0x55, 0x77, 0x55, 0x55, 0x07, 0x05, 0x55, 0x55, 0x75, 0x05, 0x55, 0x77, 0x77, 0x75,
    0x57, 0x55, 0x05, 0x57, 0x70, 0x55, 0x00, 0x50, 0x70, 0x05, 0x00, 0x00, 0x00, 0x05, 0x00, 0x00,
    0x66, 0x66, 0x66, 0x66, 0x77, 0x76, 0x66, 0x67, 0x55, 0x50, 0x06, 0x67, 0x55, 0x55, 0x50, 0x67,
    0x77, 0x75, 0x50, 0x67, 0x00, 0x50, 0x55, 0x05, 0x00, 0x55, 0x05, 0x55, 0x55, 0x55, 0x05, 0x55,
    0x77, 0x55, 0x05, 0x55, 0x50, 0x70, 0x55, 0x55, 0x50, 0x57, 0x55, 0x55, 0x57, 0x77, 0x77, 0x55,
    0x75, 0x50, 0x55, 0x75, 0x05, 0x00, 0x55, 0x07, 0x00, 0x00, 0x50, 0x07, 0x00, 0x00, 0x50, 0x00,
    0x77, 0x70, 0x77, 0x77, 0x77, 0x77, 0x77, 0x77, 0x77, 0x77, 0x77, 0x77, 0x77, 0x77, 0x77, 0x77,
    0x07, 0x77, 0x77, 0x77, 0x77, 0x77, 0x70, 0x77, 0x77, 0x66, 0x77, 0x77, 0x66, 0x66, 0x66, 0x66,
    0x06, 0x66, 0x66, 0x66, 0x00, 0x66, 0x66, 0x66, 0x00, 0x06, 0x66, 0x66, 0x00, 0x00, 0x66, 0x66,
    0x00, 0x00, 0x06, 0x66, 0x00, 0x00, 0x00, 0x66, 0x00, 0x00, 0x00, 0x06, 0x00, 0x00, 0x00, 0x00,
    0x66, 0x66, 0x66, 0x60, 0x66, 0x66, 0x66, 0x00, 0x66, 0x66, 0x60, 0x00, 0x66, 0x66, 0x00, 0x00,
    0x66, 0x60, 0x00, 0x00, 0x66, 0x00, 0x00, 0x00, 0x60, 0x00, 0x00, 0x00, 0x00, 0x00, 0x00, 0x00,
    0x00, 0x00, 0x00, 0x76, 0x00, 0x00, 0x07, 0x66, 0x00, 0x00, 0x76, 0x66, 0x00, 0x07, 0x66, 0x66,
    0x00, 0x76, 0x66, 0x66, 0x07, 0x66, 0x66, 0x66, 0x76, 0x66, 0x66, 0x66, 0x66, 0x66, 0x66, 0x66,
    0x67, 0x00, 0x00, 0x00, 0x66, 0x70, 0x00, 0x00, 0x66, 0x67, 0x00, 0x00, 0x66, 0x66, 0x70, 0x00,
    0x66, 0x66, 0x67, 0x00, 0x66, 0x66, 0x66, 0x70, 0x66, 0x66, 0x66, 0x67, 0x66, 0x66, 0x66, 0x66,
    0x00, 0x00, 0x00, 0x70, 0x00, 0x00, 0x07, 0x00, 0x00, 0x00, 0x70, 0x00, 0x00, 0x07, 0x00, 0x00,
    0x00, 0x70, 0x00, 0x00, 0x07, 0x00, 0x00, 0x00, 0x70, 0x00, 0x00, 0x00, 0x00, 0x00, 0x00, 0x00,
    0x07, 0x00, 0x00, 0x00, 0x00, 0x70, 0x00, 0x00, 0x00, 0x07, 0x00, 0x00, 0x00, 0x00, 0x70, 0x00,
    0x00, 0x00, 0x07, 0x00, 0x00, 0x00, 0x00, 0x70, 0x00, 0x00, 0x00, 0x07, 0x00, 0x00, 0x00, 0x00,
    0x00, 0x00, 0x00, 0x07, 0x00, 0x00, 0x00, 0x70, 0x00, 0x00, 0x07, 0x00, 0x00, 0x00, 0x70, 0x00,
    0x00, 0x07, 0x00, 0x00, 0x00, 0x70, 0x00, 0x00, 0x07, 0x00, 0x00, 0x00, 0x77, 0x77, 0x77, 0x77,
    0x70, 0x00, 0x00, 0x00, 0x07, 0x00, 0x00, 0x00, 0x00, 0x70, 0x00, 0x00, 0x00, 0x07, 0x00, 0x00,
    0x00, 0x00, 0x70, 0x00, 0x00, 0x00, 0x07, 0x00, 0x00, 0x00, 0x00, 0x70, 0x77, 0x77, 0x77, 0x77,
    0x00, 0x00, 0x00, 0x07, 0x00, 0x00, 0x00, 0x70, 0x00, 0x00, 0x07, 0x00, 0x00, 0x00, 0x70, 0x00,
    0x00, 0x07, 0x00, 0x00, 0x00, 0x70, 0x00, 0x00, 0x07, 0x00, 0x00, 0x00, 0x70, 0x00, 0x00, 0x07,
    0x70, 0x00, 0x00, 0x00, 0x07, 0x00, 0x00, 0x00, 0x00, 0x70, 0x00, 0x00, 0x00, 0x07, 0x00, 0x00,
    0x00, 0x00, 0x70, 0x00, 0x00, 0x00, 0x07, 0x00, 0x00, 0x00, 0x00, 0x70, 0x70, 0x00, 0x00, 0x07,
    0x00, 0x00, 0x00, 0x07, 0x00, 0x00, 0x00, 0x00, 0x00, 0x00, 0x00, 0x00, 0x00, 0x00, 0x00, 0x00,
    0x00, 0x00, 0x00, 0x00, 0x00, 0x00, 0x00, 0x00, 0x00, 0x00, 0x00, 0x00, 0x77, 0x77, 0x77, 0x77,
    0x70, 0x00, 0x00, 0x00, 0x00, 0x00, 0x00, 0x00, 0x00, 0x00, 0x00, 0x00, 0x00, 0x00, 0x00, 0x00,
    0x00, 0x00, 0x00, 0x00, 0x00, 0x00, 0x00, 0x00, 0x00, 0x00, 0x00, 0x00, 0x77, 0x77, 0x77, 0x77,
    0x77, 0x77, 0x77, 0x77, 0x00, 0x00, 0x00, 0x00, 0x00, 0x00, 0x00, 0x00, 0x00, 0x00, 0x00, 0x00,
    0x00, 0x00, 0x00, 0x00, 0x00, 0x00, 0x00, 0x00, 0x00, 0x00, 0x00, 0x00, 0x77, 0x77, 0x77, 0x77,
    0x99, 0x99, 0x99, 0x99, 0x90, 0x00, 0x00, 0x00, 0x9A, 0xA0, 0x00, 0x00, 0x9A, 0xA9, 0x00, 0x00,
    0x9A, 0xA9, 0xAA, 0xA0, 0x9A, 0xA9, 0xAA, 0xA9, 0x9A, 0xA9, 0xAA, 0xA9, 0x9A, 0xA9, 0xAA, 0xA9,
    0x9A, 0xA9, 0xAA, 0xA9, 0x9A, 0xA9, 0xAA, 0xA9, 0x9A, 0xA9, 0xAA, 0xA9, 0x9A, 0xA9, 0xAA, 0xA9,
    0x9A, 0xA9, 0xAA, 0xA9, 0x9A, 0xA9, 0xAA, 0xA9, 0x9A, 0xA9, 0xAA, 0xA9, 0x99, 0x99, 0x99, 0x99,
    0x99, 0x99, 0x99, 0x99, 0x00, 0x00, 0x00, 0x09, 0x00, 0x00, 0x00, 0x09, 0x00, 0x00, 0x00, 0x09,
    0x00, 0x00, 0x00, 0x09, 0x00, 0x00, 0x00, 0x09, 0xAA, 0xA0, 0x00, 0x09, 0xAA, 0xA9, 0x00, 0x09,
    0xAA, 0xA9, 0xAA, 0xA9, 0xAA, 0xA9, 0xAA, 0xA9, 0xAA, 0xA9, 0xAA, 0xA9, 0xAA, 0xA9, 0xAA, 0xA9,
    0xAA, 0xA9, 0xAA, 0xA9, 0xAA, 0xA9, 0xAA, 0xA9, 0xAA, 0xA9, 0xAA, 0xA9, 0x99, 0x99, 0x99, 0x99,
    0xA0, 0x09, 0x99, 0x99, 0xA0, 0xBB, 0xBB, 0xBB, 0xA0, 0xBB, 0xBB, 0xBB, 0xA0, 0xBB, 0xBB, 0xBB,
    0xA0, 0x09, 0x99, 0x99, 0xA0, 0xBB, 0xBB, 0xBB, 0xA0, 0xBB, 0xBB, 0xBB, 0xA0, 0xBB, 0xBB, 0xBB,
    0x99, 0x99, 0x99, 0xA0, 0xBB, 0xBB, 0xBB, 0xA0, 0xBB, 0xBB, 0xBB, 0xA0, 0xBB, 0xBB, 0xBB, 0xA0,
    0x99, 0x99, 0x99, 0xA0, 0xBB, 0xBB, 0xBB, 0xA0, 0xBB, 0xBB, 0xBB, 0xA0, 0xBB, 0xBB, 0xBB, 0xA0,
    0x99, 0x99, 0x99, 0x9B, 0x90, 0x99, 0x90, 0x90, 0x99, 0x99, 0x99, 0x90, 0x99, 0x99, 0x99, 0x90,
    0x99, 0x99, 0x99, 0x90, 0x99, 0x99, 0x99, 0x90, 0x99, 0x99, 0x99, 0x90, 0x99, 0x99, 0x99, 0x90,
    0x99, 0x99, 0x99, 0x90, 0x99, 0x99, 0x99, 0x90, 0x99, 0x99, 0x99, 0x90, 0x99, 0x99, 0x99, 0x90,
    0x99, 0x99, 0x99, 0x90, 0x90, 0x99, 0x90, 0x90, 0x99, 0x99, 0x99, 0x90, 0xB0, 0x00, 0x00, 0x00,
    0xBB, 0xB0, 0xBB, 0xBB, 0xBB, 0xBB, 0xBB, 0xAA, 0xBB, 0xBB, 0xBA, 0xAA, 0xB0, 0xBA, 0xAA, 0xAA,
    0xBB, 0xB0, 0xAA, 0xAA, 0xBB, 0xB0, 0x0A, 0xAA, 0xBB, 0xB0, 0xAA, 0xAA, 0x0B, 0xBA, 0xAA, 0xAA,
    0xBA, 0xAA, 0xAA, 0xAA, 0xBA, 0xAA, 0xAA, 0xAA, 0xBA, 0xAA, 0xAA, 0xAA, 0xAA, 0xAA, 0xAA, 0xAA,
    0xAA, 0xAA, 0xAA, 0xAA, 0xAA, 0xAA, 0xAA, 0xAA, 0xAA, 0xAA, 0xAA, 0xAA, 0xAA, 0xAA, 0xAA, 0xAA,
    0xAA, 0xAA, 0xAA, 0xAA, 0xAA, 0xAA, 0xAA, 0xAA, 0xAA, 0xAA, 0xAA, 0xAA, 0xAA, 0xAA, 0xAA, 0xAA,
    0xAA, 0xAA, 0xAA, 0xAA, 0xAA, 0xAA, 0xAA, 0xAA, 0xAA, 0xAA, 0xAA, 0xAA, 0xAA, 0xAA, 0xAA, 0xAA,
    0xAA, 0xAA, 0xAA, 0xAA, 0xAA, 0xAA, 0xAA, 0xAA, 0xAA, 0xAA, 0xAA, 0xAA, 0xAA, 0xAA, 0xAA, 0xAA,
    0xAA, 0xAA, 0xAA, 0xAA, 0xAA, 0xAA, 0xAA, 0xAA, 0xAA, 0xAA, 0xAA, 0xAA, 0xAA, 0xAA, 0xAA, 0xAA,
    0xBB, 0xBB, 0xB0, 0xBB, 0xAB, 0xAA, 0xBB, 0xBB, 0xAA, 0xAA, 0xBB, 0xBB, 0xAA, 0xAA, 0xAA, 0xBB,
    0xAA, 0xAA, 0xAA, 0xB0, 0xAA, 0xAA, 0xAA, 0xBB, 0xAA, 0xAA, 0xAA, 0xBB, 0xAA, 0xAA, 0xAA, 0xAB,
    0xAA, 0xAA, 0xAA, 0x0B, 0xAA, 0xAA, 0xA0, 0x0B, 0xAA, 0xAA, 0xAA, 0xAB, 0xAA, 0xAA, 0xAA, 0xAA,
    0xAA, 0xAA, 0xAA, 0xAA, 0xAA, 0xAA, 0xAA, 0xAA, 0xAA, 0xAA, 0xAA, 0xAA, 0xAA, 0xAA, 0xAA, 0xAA,
    0xAA, 0xAA, 0xAA, 0xAA, 0xAA, 0xAA, 0xAA, 0xAA, 0xAA, 0xAA, 0xAA, 0xAA, 0x0A, 0xAA, 0xAA, 0xAA,
    0x0A, 0xAA, 0xAA, 0xAA, 0x0A, 0xAA, 0xAA, 0xAA, 0xB0, 0xAA, 0xAA, 0xAA, 0xB0, 0xAA, 0xAA, 0xAA,
    0xB0, 0xAA, 0xAA, 0xAA, 0xB0, 0xAA, 0xAA, 0xAA, 0x0B, 0x00, 0xAA, 0xAA, 0xBB, 0xB0, 0xAA, 0xAA,
    0xBB, 0xB0, 0x00, 0xAA, 0xB0, 0xBB, 0x00, 0x0A, 0xBB, 0xBB, 0xBB, 0x00, 0xBB, 0xBB, 0xBB, 0xBB,
    0xAA, 0xAA, 0xAA, 0xAA, 0xAA, 0xAA, 0xAA, 0xAA, 0xAA, 0xAA, 0xAA, 0xAA, 0xAA, 0xAA, 0xAA, 0xAA,
    0xAA, 0xAA, 0xAA, 0xAA, 0xAA, 0xAA, 0xAA, 0xAA, 0xAA, 0xAA, 0xAA, 0xAA, 0xAA, 0xAA, 0xAA, 0xAA,
    0xAA, 0xAA, 0xAA, 0xAA, 0xAA, 0xAA, 0xAA, 0xAA, 0xAA, 0xAA, 0xAA, 0xAA, 0xAA, 0xAA, 0xAA, 0xAA,
    0xAA, 0xAA, 0xAA, 0xAA, 0xAA, 0xAA, 0xAA, 0xAA, 0xAA, 0xAA, 0xAA, 0xAA, 0x00, 0x0A, 0xA0, 0x00,
    0xAA, 0xAA, 0xAA, 0xAA, 0xAA, 0xAA, 0xAA, 0xAA, 0xAA, 0xAA, 0xAA, 0xAA, 0xAA, 0xAA, 0xAA, 0xAA,
    0xAA, 0xAA, 0xAA, 0xAA, 0xAA, 0xAA, 0xAA, 0xAA, 0xAA, 0xAA, 0xAA, 0xA0, 0xAA, 0xAA, 0xAA, 0x0B,
    0xAA, 0xAA, 0xAA, 0x0B, 0xAA, 0xAA, 0xA0, 0xBB, 0xAA, 0xAA, 0xA0, 0xBB, 0xAA, 0xAA, 0xA0, 0xBB,
    0xAA, 0xAA, 0x00, 0xBB, 0xA0, 0x00, 0x0B, 0xBB, 0xAA, 0x00, 0xBB, 0xBB, 0x00, 0xBB, 0x0B, 0xBB,
    0xAA, 0xAA, 0xAA, 0xAA, 0xAA, 0xAA, 0xAA, 0xAA, 0xAA, 0x9A, 0xAA, 0xAA, 0xAA, 0xAA, 0xAA, 0x9A,
    0xAA, 0xAA, 0xAA, 0xAA, 0xA9, 0xAA, 0xAA, 0xAA, 0xAA, 0xAA, 0xAA, 0xAA, 0xAA, 0xAA, 0x9A, 0xAA,
    0xAA, 0xAA, 0xAA, 0xAA, 0xAA, 0xAA, 0xAA, 0xA9, 0xAA, 0x9A, 0xAA, 0xAA, 0xAA, 0xAA, 0xAA, 0xAA,
    0xAA, 0xAA, 0xAA, 0xAA, 0x9A, 0xAA, 0xAA, 0x9A, 0xAA, 0xAA, 0xAA, 0xAA, 0xAA, 0xA9, 0xAA, 0xAA,
    0xAA, 0xAA, 0xAA, 0xA9, 0xAA, 0xAA, 0x9A, 0xAA, 0xAA, 0xAA, 0xAA, 0xAA, 0xAA, 0xAA, 0xAA, 0xAA,
    0xA9, 0xAA, 0xAA, 0xAA, 0xAA, 0xAA, 0xA9, 0xAA, 0xAA, 0xAA, 0xAA, 0xAA, 0xAA, 0xAA, 0xAA, 0xAA,
    0xAA, 0xA9, 0xAA, 0xAA, 0xAA, 0xAA, 0xAA, 0xAA, 0xAA, 0xAA, 0xAA, 0xAA, 0xAA, 0xAA, 0xAA, 0x9A,
    0xAA, 0xA9, 0xAA, 0xAA, 0xAA, 0xAA, 0xAA, 0xAA, 0xAA, 0xAA, 0xAA, 0xAA, 0xA9, 0xAA, 0xAA, 0xAA,
    0xAB, 0xBB, 0xBB, 0xBA, 0xBB, 0xAB, 0xBA, 0xBB, 0xBB, 0xBB, 0xBB, 0xBB, 0xBB, 0xBB, 0xBB, 0xBB,
    0xAA, 0xBB, 0xBB, 0xAA, 0xBB, 0xAA, 0xAA, 0xBB, 0x9B, 0xBB, 0xBB, 0xB9, 0xA9, 0xB9, 0xBB, 0x9A,
    0xBA, 0xBB, 0xBB, 0xBB, 0xBA, 0xBB, 0xB0, 0xBB, 0x0A, 0xBB, 0xA0, 0xBB, 0x0A, 0xBB, 0xAB, 0xAB,
    0xA0, 0xAB, 0x0A, 0xAB, 0xA0, 0xAA, 0xAA, 0x0A, 0xAA, 0xAB, 0xAA, 0xAA, 0xAB, 0xAB, 0xAA, 0xBA,
    0xBB, 0xAB, 0xBA, 0xBA, 0xBB, 0xBB, 0xBB, 0xBA, 0xBB, 0xB0, 0xBA, 0xBB, 0xBB, 0xB0, 0xBA, 0xBB,
    0xBB, 0xAB, 0xBA, 0xBB, 0xBB, 0xBB, 0xBB, 0xBB, 0xBB, 0xBB, 0xBB, 0xBB, 0xBB, 0xBB, 0xBB, 0xBB,
    0x0B, 0xB0, 0xBB, 0xBB, 0x0B, 0xB0, 0xB0, 0xBB, 0x0A, 0xBB, 0xB0, 0xBA, 0x0A, 0xB0, 0xBA, 0xAA,
    0xA0, 0xBA, 0xBB, 0xA0, 0xA0, 0xAA, 0xBA, 0xA0, 0xAB, 0xAA, 0xBB, 0xBA, 0xBB, 0xAB, 0xBA, 0xBA,
    0xB0, 0xB0, 0xBA, 0xBA, 0xB0, 0xBB, 0xBA, 0xBB, 0xB0, 0xBB, 0xBB, 0xBB, 0xBB, 0xBB, 0xBB, 0xBB,
    0xBB, 0xBB, 0xBB, 0xBB, 0xAB, 0xBB, 0xBB, 0xBA, 0xBB, 0xBB, 0xBB, 0xBB, 0xBB, 0xBB, 0xBB, 0xBB,
    0xAA, 0xAA, 0xAA, 0xAA, 0xAA, 0xAA, 0xAA, 0xA0, 0xAA, 0xAA, 0xA0, 0x00, 0xAA, 0xA0, 0x00, 0x0B,
    0xAA, 0xAA, 0x0B, 0xBB, 0xAA, 0xA0, 0x0B, 0xBB, 0xAA, 0x00, 0xBB, 0xBB, 0xAA, 0x0B, 0xBB, 0xBB,
    0xAA, 0x0B, 0x0B, 0xBB, 0xA0, 0x0B, 0xBB, 0xBB, 0xA0, 0xBB, 0xBB, 0xBB, 0xAB, 0xBB, 0xBB, 0xBB,
    0xAB, 0xBB, 0xB0, 0xBB, 0xAB, 0xBB, 0xBB, 0xBB, 0xAB, 0x0B, 0xBB, 0xBB, 0xAB, 0xBB, 0xBB, 0xBB,
    0xA0, 0x0A, 0xA0, 0x00, 0x00, 0x00, 0x00, 0x00, 0x0B, 0xB0, 0x00, 0xBB, 0xBB, 0xBB, 0xBB, 0xBB,
    0xBB, 0xBB, 0xB0, 0xBB, 0xBB, 0xBB, 0xBB, 0xBB, 0xBB, 0xBB, 0xBB, 0xBB, 0xB0, 0xBB, 0xBB, 0xBB,
    0xBB, 0xBB, 0xBB, 0xBB, 0xBB, 0xBB, 0xBB, 0xBB, 0xBB, 0x0B, 0xBB, 0xBB, 0xBB, 0xBB, 0xBB, 0xBB,
    0xBB, 0xBB, 0xBB, 0xBB, 0xBB, 0xBB, 0xBB, 0xBB, 0x0B, 0xBB, 0xBB, 0xBB, 0xBB, 0xBB, 0xBB, 0xBB,
    0x0A, 0xAA, 0xAA, 0xAA, 0x00, 0x0A, 0xAA, 0xAA, 0xB0, 0x00, 0x00, 0xAA, 0xBB, 0xBB, 0x0A, 0xAA,
    0xBB, 0xBB, 0xAA, 0xAA, 0xBB, 0x0B, 0xAA, 0xAA, 0xBB, 0xBB, 0x00, 0xAA, 0xBB, 0xBB, 0xBB, 0x0A,
    0x0B, 0xBB, 0xBB, 0xB0, 0xBB, 0xBB, 0x0B, 0xB0, 0xBB, 0xBB, 0xBB, 0xB0, 0xBB, 0xBB, 0xBB, 0xBA,
    0xBB, 0xBB, 0xBB, 0xBA, 0xB0, 0xBB, 0xBB, 0xAA, 0xBB, 0xBB, 0xBB, 0xAA, 0xBB, 0xBB, 0xBB, 0xAA,
    0xBB, 0xBB, 0xBB, 0xBB, 0xB0, 0xBB, 0xBB, 0xBB, 0xBB, 0xBB, 0xBB, 0xBB, 0xBB, 0xBB, 0xBB, 0xBB,
    0xAB, 0xB0, 0xBB, 0xBB, 0xAB, 0xBB, 0xBB, 0xBB, 0xAB, 0xBB, 0xBB, 0xBB, 0xAB, 0xBB, 0xBB, 0xBB,
    0xAB, 0xB0, 0xBB, 0xBB, 0xAA, 0xBB, 0xBB, 0xBB, 0xAA, 0xAA, 0xBB, 0xBB, 0xAA, 0xAA, 0xAB, 0xBB,
    0xAA, 0xAA, 0x0B, 0xBB, 0xAA, 0xA0, 0x0B, 0xBB, 0xAA, 0xAA, 0xAA, 0xBB, 0xAA, 0xAA, 0xAA, 0xAA,
    0xBB, 0xBB, 0xBB, 0xBB, 0xBB, 0xBB, 0x0B, 0xBB, 0xBB, 0xBB, 0xBB, 0xBB, 0xBB, 0xBB, 0xBB, 0xBB,
    0xBB, 0xBB, 0xBB, 0xBB, 0xBB, 0xB0, 0xBB, 0xBB, 0xBB, 0xBB, 0xBB, 0xBB, 0xBB, 0xBB, 0xBB, 0xBB,
    0xBB, 0xBB, 0xBB, 0xBB, 0xBB, 0xBB, 0x0B, 0xBB, 0xBB, 0xBB, 0xBB, 0xBB, 0xBB, 0xBB, 0xBB, 0xBB,
    0x0B, 0xBB, 0xBB, 0xBB, 0xBB, 0xBB, 0xBB, 0xBB, 0xBB, 0xB0, 0xBA, 0xBB, 0xBB, 0xAB, 0xAA, 0xAA,
    0xBB, 0xBB, 0x0B, 0x0A, 0xBB, 0xBB, 0xBB, 0x0A, 0xBB, 0xBB, 0xBB, 0x0A, 0xBB, 0xBB, 0xBB, 0x0A,
    0xBB, 0xBB, 0xBB, 0x0A, 0xBB, 0xB0, 0xBB, 0x0A, 0xBB, 0xBB, 0xBB, 0x00, 0xBB, 0xBB, 0xBB, 0xB0,
    0xBB, 0xBB, 0xBB, 0xBA, 0xB0, 0xBB, 0xB0, 0xBA, 0xBB, 0xBB, 0xBB, 0xAA, 0xBB, 0xBB, 0xAA, 0xAA,
    0xBB, 0xBB, 0x0A, 0xAA, 0x0B, 0xBB, 0x00, 0xAA, 0xBB, 0xBA, 0xAA, 0xAA, 0xAA, 0xAA, 0xAA, 0xAA,
    0x00, 0x0A, 0xAA, 0xAA, 0x00, 0x00, 0x00, 0x00, 0xBB, 0xB0, 0x00, 0x00, 0xBB, 0xBB, 0xBB, 0xBB,
    0xBB, 0x0B, 0xBB, 0x0B, 0xBB, 0xBB, 0xBB, 0xBB, 0xBB, 0xBB, 0xBB, 0xBB, 0xBB, 0xBB, 0xBB, 0xB0,
    0xAA, 0xAA, 0xAA, 0xAA, 0xBB, 0xAA, 0xAA, 0xAA, 0x90, 0x0A, 0xAA, 0xAA, 0x99, 0x0A, 0xAA, 0xAA,
    0x99, 0x00, 0x0A, 0xAA, 0x99, 0x99, 0x00, 0xAA, 0x09, 0x90, 0xB0, 0xAA, 0x09, 0x90, 0xB0, 0xAA,
    0x09, 0x90, 0xB0, 0xAA, 0x09, 0x90, 0xB0, 0xAA, 0x99, 0x90, 0xB0, 0xAA, 0x99, 0x90, 0xB0, 0xAA,
    0x99, 0x99, 0x90, 0xAA, 0x99, 0xBB, 0x00, 0xAA, 0x9B, 0x99, 0x90, 0x0A, 0xB9, 0x99, 0x90, 0x00,
    0xAA, 0xAA, 0xAA, 0xAA, 0xAA, 0xAA, 0xAA, 0xAA, 0xAA, 0xAA, 0xAA, 0xAA, 0xAA, 0xAA, 0xAA, 0xAA,
    0xAA, 0xAA, 0xAA, 0xAA, 0xAA, 0xAA, 0xAA, 0xAA, 0xAA, 0xAA, 0xAA, 0xAA, 0xAA, 0xAA, 0xAA, 0xAA,
    0xAA, 0x99, 0x99, 0xAA, 0xA9, 0x99, 0x99, 0x9A, 0x99, 0x99, 0x99, 0xB0, 0x99, 0x99, 0x99, 0xB0,
    0x99, 0x99, 0x99, 0xB0, 0x99, 0x99, 0x9B, 0x00, 0xA9, 0xBB, 0xB0, 0x0A, 0xAA, 0x00, 0x00, 0xAA,
    0xAA, 0xAA, 0xAA, 0xAA, 0xAA, 0xAA, 0xAA, 0xBB, 0xAA, 0xAA, 0xAB, 0x99, 0xAA, 0xAA, 0xAB, 0x99,
    0xAA, 0xAB, 0xB9, 0x99, 0xAA, 0xB9, 0x99, 0x99, 0xAA, 0xB0, 0xB9, 0x9B, 0xAA, 0xB0, 0xB9, 0x9B,
    0xAA, 0xB0, 0xB9, 0x9B, 0xAA, 0xB0, 0xB9, 0x9B, 0xAA, 0xB0, 0xB9, 0x99, 0xAA, 0xB0, 0xB9, 0x99,
    0xAA, 0xB9, 0x99, 0x99, 0xAA, 0xB9, 0x99, 0x99, 0xAB, 0x99, 0x99, 0x99, 0xB9, 0x99, 0x99, 0x9B,
    0xB9, 0xB9, 0x09, 0x90, 0xB9, 0xB9, 0x09, 0x90, 0xB9, 0xB9, 0x00, 0x90, 0x00, 0x00, 0x0B, 0x90,
    0xBB, 0xBB, 0xB9, 0x90, 0xB9, 0x99, 0x90, 0x90, 0xB9, 0x99, 0x90, 0x90, 0x00, 0x00, 0x0B, 0x90,
    0xBB, 0xBB, 0xB9, 0x90, 0xB9, 0x99, 0x90, 0x90, 0xB9, 0x99, 0x90, 0x90, 0x00, 0x00, 0x0B, 0x90,
    0xBB, 0xBB, 0xB9, 0x90, 0xB9, 0x99, 0x99, 0x90, 0xB9, 0x99, 0x99, 0x90, 0x00, 0x00, 0x00, 0x00,
    0x99, 0x99, 0x99, 0x99, 0x00, 0x00, 0x00, 0x00, 0xA9, 0x99, 0x99, 0x0A, 0xA9, 0x99, 0x99, 0x0A,
    0xAA, 0x99, 0x90, 0xAA, 0xAA, 0xA9, 0x0A, 0xAA, 0xAA, 0xA9, 0x0A, 0xAA, 0xA9, 0x99, 0x90, 0x0A,
    0xAB, 0xBB, 0xBB, 0xBA, 0xB9, 0x99, 0x99, 0x90, 0xB9, 0x99, 0x99, 0x90, 0xB9, 0x99, 0x99, 0x90,
    0xB9, 0x99, 0x99, 0x90, 0xB9, 0x99, 0x99, 0x90, 0xB9, 0x99, 0x99, 0x90, 0x00, 0x00, 0x00, 0x00,
    0xB9, 0x99, 0x99, 0x9B, 0xB9, 0x99, 0x99, 0x9B, 0xB0, 0x99, 0x99, 0x9B, 0xBB, 0x00, 0x00, 0x0B,
    0xB9, 0xBB, 0xBB, 0xBB, 0xB0, 0x99, 0x99, 0x9B, 0xB0, 0x99, 0x99, 0x9B, 0xBB, 0x00, 0x00, 0x0B,
    0xB0, 0xBB, 0xBB, 0xBB, 0xB0, 0x99, 0x99, 0x9B, 0xB0, 0x99, 0x99, 0x9B, 0xBB, 0x00, 0x00, 0x0B,
    0xB9, 0xBB, 0xBB, 0xBB, 0xB9, 0x99, 0x99, 0x9B, 0x09, 0x99, 0x99, 0x9B, 0x00, 0x00, 0x00, 0x00,
    0xAA, 0xAA, 0xAB, 0xBB, 0xBB, 0xBB, 0xBB, 0x99, 0x99, 0x99, 0x90, 0x99, 0x99, 0x99, 0x99, 0x00,
    0x9B, 0xBB, 0xBB, 0x99, 0xB9, 0x99, 0x99, 0x09, 0x99, 0x99, 0x99, 0x09, 0x00, 0x00, 0x00, 0x09,
    0x99, 0x00, 0x09, 0x90, 0x99, 0x99, 0x99, 0x90, 0x00, 0x00, 0x00, 0x09, 0x99, 0xBB, 0xBB, 0xBB,
    0x9B, 0x99, 0x00, 0x00, 0xB0, 0x99, 0x00, 0x00, 0xB0, 0x09, 0x00, 0x00, 0x00, 0x09, 0x00, 0x00,
    0xBB, 0xBA, 0xAA, 0xAA, 0x99, 0x9B, 0xBB, 0xBB, 0x99, 0x90, 0x99, 0x99, 0x00, 0x00, 0x99, 0x99,
    0x99, 0xBB, 0xBB, 0xB9, 0x9B, 0x99, 0x99, 0x90, 0x9B, 0x99, 0x99, 0x99, 0x9B, 0x00, 0x00, 0x00,
    0x9B, 0x90, 0x00, 0x99, 0x9B, 0x99, 0x99, 0x99, 0x99, 0x00, 0x00, 0x00, 0xBB, 0xBB, 0xBB, 0x99,
    0x00, 0x00, 0x99, 0xB9, 0x00, 0x00, 0x99, 0x0B, 0x00, 0x00, 0x90, 0x0B, 0x00, 0x00, 0x90, 0x00,
    0xAA, 0xAA, 0xAA, 0x0A, 0xAA, 0xAA, 0xA0, 0x0A, 0x00, 0xAA, 0x00, 0x0A, 0x00, 0x00, 0x00, 0x00,
    0x00, 0x00, 0x00, 0x00, 0x00, 0x00, 0x09, 0x00, 0x99, 0x00, 0x90, 0x00, 0x99, 0x09, 0x90, 0x00,
    0x09, 0x99, 0x90, 0x00, 0x09, 0x99, 0x00, 0x00, 0x99, 0x99, 0x00, 0x00, 0x99, 0x99, 0x00, 0x09,
    0x90, 0x99, 0x90, 0x09, 0x90, 0x90, 0x90, 0x09, 0x90, 0x90, 0x90, 0x09, 0x90, 0x99, 0x00, 0x09,
    0xAA, 0xAA, 0xAA, 0xAA, 0xAA, 0xAA, 0xAA, 0xAA, 0xAA, 0xAA, 0xAA, 0xAA, 0xAA, 0xAA, 0xAA, 0xAA,
    0xAA, 0xAA, 0xAA, 0xAA, 0xAA, 0xAA, 0xAA, 0xAA, 0xAA, 0xAA, 0xAA, 0xAA, 0xAA, 0xAA, 0xAA, 0xAA,
    0xAA, 0xAA, 0xAA, 0xAA, 0xAA, 0xAA, 0xAA, 0xAA, 0xAA, 0xAA, 0xAA, 0xAA, 0xAA, 0xAA, 0xAA, 0xAA,
    0xAA, 0xAA, 0xAA, 0xAA, 0xAA, 0xAA, 0xAA, 0xAA, 0xAA, 0xAA, 0xAA, 0xAA, 0xAA, 0xAA, 0xAA, 0xAA,
    0xAA, 0x00, 0x99, 0x09, 0xAA, 0x00, 0x99, 0x09, 0xAA, 0x00, 0x99, 0x09, 0xAA, 0x90, 0x99, 0x09,
    0xAA, 0x90, 0x99, 0x09, 0xAA, 0x90, 0x99, 0x09, 0xAA, 0x90, 0x99, 0x09, 0xAA, 0x90, 0x99, 0x09,
    0xA9, 0x90, 0x90, 0x09, 0xA9, 0x00, 0x90, 0x99, 0xA9, 0x09, 0x90, 0x99, 0xA9, 0x09, 0x90, 0x99,
    0xA9, 0x09, 0x99, 0x99, 0x99, 0x09, 0x09, 0x99, 0x99, 0x99, 0x09, 0x99, 0x99, 0xAA, 0x99, 0xA9,
    0xA9, 0xAA, 0xAB, 0xBA, 0xA9, 0x99, 0xBB, 0xBB, 0xA9, 0x99, 0x9A, 0xAA, 0xA0, 0x99, 0x9A, 0xAA,
    0xAB, 0xBB, 0x99, 0x9A, 0xBB, 0xBB, 0xB9, 0x99, 0xAA, 0xBB, 0x09, 0x99, 0xAA, 0xAA, 0x00, 0x99,
    0xAA, 0xAA, 0xA0, 0x09, 0xAA, 0xAA, 0xAA, 0x09, 0xAA, 0xAA, 0xAA, 0x00, 0xAA, 0xAA, 0xAA, 0xA0,
    0xAA, 0xAA, 0xAA, 0xA0, 0xAA, 0xAA, 0xAB, 0xBB, 0xAA, 0xAA, 0xBB, 0xBB, 0xAA, 0xAA, 0xAA, 0xBB,
    0xAA, 0xA9, 0xAA, 0xAA, 0xAA, 0xA9, 0x90, 0x00, 0xAA, 0xA9, 0x99, 0x90, 0xAA, 0xA9, 0x09, 0x99,
    0xAA, 0xA0, 0x09, 0x99, 0xAA, 0xA0, 0x99, 0x99, 0x99, 0xA0, 0x90, 0x99, 0x99, 0x90, 0x90, 0x99,
    0x99, 0x99, 0x90, 0x99, 0x90, 0x99, 0x09, 0x99, 0x90, 0x99, 0x90, 0x99, 0x00, 0x09, 0x90, 0x99,
    0x00, 0x00, 0x90, 0x99, 0xBB, 0x00, 0x00, 0x99, 0xBB, 0x00, 0x09, 0x99, 0xB0, 0x00, 0x09, 0x99,
    0xA0, 0x00, 0x0A, 0xAA, 0x00, 0x00, 0x00, 0xAA, 0x00, 0x00, 0x90, 0x00, 0x90, 0x00, 0x90, 0x00,
    0x99, 0x99, 0x99, 0x00, 0x99, 0x99, 0x99, 0x90, 0x99, 0x99, 0x09, 0x99, 0x99, 0x99, 0x09, 0x99,
    0x99, 0x90, 0x00, 0x99, 0x99, 0x90, 0xA0, 0x99, 0x99, 0x90, 0xA0, 0x99, 0x99, 0x99, 0x09, 0x99,
    0x99, 0x99, 0x99, 0x99, 0x99, 0x90, 0x09, 0x00, 0x90, 0x00, 0x09, 0x00, 0x90, 0x00, 0x00, 0x00,
    0xA0, 0x00, 0x00, 0x0A, 0x00, 0x00, 0x00, 0x00, 0x00, 0x00, 0x00, 0x00, 0x00, 0x00, 0x00, 0x00,
    0x00, 0x00, 0x09, 0x99, 0x00, 0x09, 0x99, 0x99, 0x00, 0x90, 0x99, 0x99, 0x99, 0x90, 0x99, 0x90,
    0x99, 0x00, 0x09, 0x90, 0x99, 0x0A, 0x09, 0x90, 0x99, 0x0A, 0x09, 0x90, 0x99, 0x90, 0x99, 0x90,
    0x99, 0x99, 0x99, 0x90, 0x00, 0x99, 0x99, 0x90, 0x00, 0x00, 0x90, 0x99, 0x00, 0x00, 0x00, 0x90,
    0x90, 0x99, 0x00, 0x90, 0x90, 0x99, 0x00, 0x90, 0x90, 0x09, 0x00, 0x90, 0x90, 0x09, 0x00, 0x90,
    0x90, 0x09, 0x90, 0x00, 0x90, 0x09, 0x99, 0x00, 0x90, 0x09, 0x09, 0x09, 0x90, 0x09, 0x09, 0x09,
    0x90, 0x99, 0x09, 0x09, 0x90, 0x90, 0x09, 0x00, 0x90, 0x90, 0x99, 0x00, 0x99, 0x90, 0x90, 0x00,
    0x99, 0x99, 0x99, 0x00, 0x90, 0x99, 0x90, 0x09, 0x99, 0x00, 0x00, 0x09, 0x99, 0x99, 0x90, 0x09,
    0xAA, 0xAA, 0xAA, 0x90, 0xAA, 0xAA, 0xA9, 0x00, 0xAA, 0xA9, 0x99, 0x0A, 0xAA, 0x90, 0x90, 0xBB,
    0xA9, 0x09, 0x0B, 0xBA, 0x99, 0x00, 0x0A, 0xAA, 0x90, 0x90, 0xAA, 0xAA, 0x00, 0x90, 0xAA, 0xAA,
    0x09, 0x0A, 0xAA, 0xAA, 0x00, 0x0A, 0xAA, 0xAA, 0x90, 0xAA, 0xAA, 0xAA, 0x90, 0xAA, 0xAA, 0xAA,
    0x00, 0xAA, 0xAA, 0xAA, 0x00, 0x0A, 0xAA, 0xAA, 0x00, 0x0A, 0xAA, 0xAA, 0x09, 0x00, 0xAA, 0xAA,
    0xAA, 0xAA, 0xAA, 0x99, 0xAA, 0xAA, 0xA9, 0x99, 0xAA, 0xAA, 0x99, 0xBB, 0xAA, 0xA9, 0x99, 0xBB,
    0xAA, 0x99, 0xBB, 0xBB, 0xAA, 0x99, 0xBB, 0xBB, 0xAA, 0x99, 0x00, 0xBB, 0xAA, 0x99, 0x99, 0xBB,
    0xBB, 0x99, 0x99, 0xBB, 0xB0, 0x99, 0x99, 0xBB, 0xB0, 0x99, 0x99, 0x00, 0xB0, 0x99, 0x99, 0x99,
    0xBB, 0xBB, 0xBB, 0xBB, 0x99, 0x99, 0x99, 0x99, 0x99, 0x99, 0x99, 0x99, 0x00, 0x00, 0x00, 0x00,
    0xBA, 0xAA, 0xAA, 0xAA, 0x9B, 0xAA, 0xAA, 0xAA, 0x09, 0xBA, 0xAA, 0xAA, 0x09, 0x9B, 0xAA, 0xAA,
    0xBB, 0x09, 0xBA, 0xAA, 0xBB, 0x09, 0xBA, 0xAA, 0x00, 0x09, 0xBA, 0xAA, 0x09, 0x99, 0xBA, 0xAA,
    0x09, 0x99, 0xBB, 0xBA, 0x09, 0x99, 0xB0, 0xB0, 0x09, 0x99, 0xB0, 0xB0, 0x99, 0x99, 0xB0, 0xB0,
    0xBB, 0xBB, 0xBB, 0xB0, 0x99, 0x99, 0x99, 0x90, 0x99, 0x99, 0x99, 0x90, 0x00, 0x00, 0x00, 0x00,
    0xAA, 0xB0, 0xA9, 0x99, 0xAA, 0xBB, 0x99, 0x99, 0xAA, 0xA9, 0xBB, 0x00, 0xAA, 0xA9, 0x9B, 0xBB,
    0x99, 0x99, 0x99, 0x09, 0x90, 0x99, 0x09, 0x00, 0x99, 0x99, 0x99, 0x09, 0x99, 0x99, 0x99, 0x09,
    0x99, 0x99, 0x99, 0x09, 0x99, 0x99, 0x99, 0x0B, 0x99, 0x99, 0x99, 0x00, 0x99, 0x99, 0x99, 0x0B,
    0x90, 0x99, 0x09, 0x09, 0x99, 0x99, 0x99, 0x0A, 0xA0, 0x00, 0x00, 0x00, 0x00, 0x00, 0x00, 0x00,
    0x9A, 0x0B, 0xAB, 0xAA, 0x99, 0xBB, 0xAB, 0xAA, 0xBB, 0x9A, 0xBB, 0xBA, 0xB9, 0x9A, 0xAB, 0xAA,
    0x99, 0x90, 0xAB, 0xAA, 0x00, 0x00, 0x0B, 0xAA, 0x99, 0x00, 0x0B, 0x0A, 0x99, 0x00, 0x99, 0x0A,
    0x99, 0x90, 0x99, 0x90, 0xB9, 0x90, 0x09, 0x90, 0xBB, 0xBB, 0x0B, 0x0A, 0xB9, 0x99, 0x0B, 0x0A,
    0x99, 0x00, 0x0B, 0x0A, 0xA0, 0x99, 0xBB, 0xBA, 0x09, 0x99, 0xB0, 0xBA, 0x00, 0x00, 0x00, 0x00,
    0xAA, 0xAA, 0xAA, 0xAA, 0xAA, 0xAA, 0x9A, 0x90, 0xAA, 0x9A, 0x99, 0x99, 0xAA, 0x99, 0x09, 0x99,
    0xA9, 0x99, 0x99, 0x99, 0xA9, 0x99, 0x99, 0x09, 0x99, 0x99, 0x99, 0x99, 0x99, 0x09, 0x99, 0x99,
    0xA9, 0x99, 0x99, 0x99, 0x99, 0x99, 0x09, 0x99, 0x99, 0x99, 0x99, 0x99, 0xA9, 0x09, 0x99, 0x99,
    0xAA, 0xA9, 0x99, 0x99, 0xAA, 0xAA, 0xA9, 0xBB, 0xAA, 0xAA, 0x0B, 0xBB, 0xAA, 0xA0, 0x00, 0x00,
    0xAA, 0xAA, 0xAA, 0xAA, 0x00, 0xAA, 0xAA, 0xAA, 0x90, 0x00, 0x0A, 0xAA, 0x99, 0x00, 0x90, 0xAA,
    0x99, 0x90, 0x00, 0xAA, 0x99, 0x00, 0x00, 0x0A, 0x99, 0x90, 0x00, 0xAA, 0x99, 0x99, 0x00, 0x0A,
    0x09, 0x90, 0x09, 0x0A, 0x99, 0x00, 0x00, 0x0A, 0x90, 0x00, 0x00, 0xAA, 0x99, 0x09, 0x0A, 0xAA,
    0x00, 0x00, 0xAA, 0xAA, 0xB0, 0xAA, 0xAA, 0xAA, 0xBB, 0x00, 0x00, 0x00, 0x00, 0x00, 0x00, 0xAA,
    0xAA, 0x99, 0x0A, 0xAA, 0xA9, 0x99, 0x90, 0xAA, 0xA9, 0xA9, 0x90, 0x09, 0x9A, 0x99, 0x90, 0xA9,
    0x9A, 0x99, 0x90, 0xA9, 0x9A, 0x99, 0x0A, 0x99, 0x99, 0x99, 0x0A, 0x99, 0x99, 0x99, 0x0A, 0x99,
    0xA9, 0x99, 0x0A, 0x99, 0xA9, 0x99, 0x0A, 0x99, 0xA9, 0x99, 0x0A, 0x99, 0x99, 0x99, 0x09, 0x99,
    0x99, 0x99, 0x09, 0x99, 0x99, 0x99, 0x99, 0x99, 0xA9, 0x99, 0x99, 0x09, 0x00, 0x00, 0x00, 0x00,
    0xAA, 0xAA, 0xAA, 0xAA, 0xAA, 0xAA, 0xAA, 0xAA, 0x99, 0x00, 0xAA, 0xAA, 0x99, 0x99, 0x0A, 0xAA,
    0x99, 0x99, 0x00, 0xAA, 0x99, 0x99, 0x90, 0xAA, 0x09, 0x99, 0x90, 0x0A, 0x09, 0x90, 0x00, 0x0A,
    0x09, 0x90, 0x90, 0x0A, 0x00, 0x90, 0x90, 0x0A, 0x00, 0x90, 0x90, 0x0A, 0x90, 0x90, 0x00, 0x0A,
    0x99, 0x90, 0x09, 0x0A, 0x90, 0x00, 0x99, 0x0A, 0x99, 0x00, 0x00, 0x00, 0x00, 0x00, 0x00, 0xAA,
    0xAA, 0xAA, 0xAA, 0xAA, 0xAA, 0xAA, 0xAA, 0xAA, 0xAA, 0xAA, 0xAA, 0xAA, 0xAA, 0xAA, 0xAA, 0xAA,
    0xAA, 0xAA, 0xAA, 0xAA, 0xAA, 0xAA, 0xAA, 0x9A, 0xAA, 0xAA, 0xA9, 0x90, 0xAA, 0xAA, 0xA9, 0x90,
    0xAA, 0xAA, 0xA9, 0x90, 0xAA, 0x99, 0x09, 0x90, 0xA9, 0x99, 0x99, 0x90, 0xA9, 0x99, 0x09, 0x90,
    0xA9, 0x99, 0x09, 0x00, 0xA9, 0x99, 0x09, 0x00, 0xA0, 0x99, 0x99, 0x00, 0xA0, 0x99, 0x99, 0x00,
    0xAA, 0x99, 0x0A, 0xAA, 0xA9, 0x99, 0x90, 0xAA, 0x99, 0x99, 0x99, 0x0A, 0x99, 0x99, 0x99, 0x00,
    0x99, 0x99, 0x99, 0x00, 0xA9, 0x99, 0x90, 0x00, 0xA9, 0x99, 0x99, 0x0A, 0x99, 0x99, 0x99, 0x00,
    0x99, 0x99, 0x90, 0x00, 0x99, 0x99, 0x90, 0x0A, 0x99, 0x99, 0x99, 0x0A, 0x09, 0x99, 0x99, 0x00,
    0x09, 0x99, 0x99, 0x00, 0x99, 0x99, 0x99, 0x00, 0x09, 0x99, 0x90, 0x0A, 0x00, 0x09, 0x99, 0x0A,
    0xAA, 0xAA, 0xAA, 0xAA, 0xAA, 0xA9, 0x0A, 0xAA, 0xAA, 0x99, 0x90, 0xAA, 0xA9, 0x99, 0x99, 0x0A,
    0xA9, 0x99, 0x99, 0x0A, 0x99, 0x99, 0x99, 0x90, 0x99, 0x99, 0x99, 0x90, 0xA9, 0x99, 0x99, 0x00,
    0x99, 0x99, 0x99, 0x00, 0x99, 0x99, 0x90, 0x0A, 0x99, 0x99, 0x90, 0x0A, 0x99, 0x99, 0x99, 0x00,
    0x00, 0x99, 0x99, 0x90, 0xAA, 0x00, 0x99, 0x90, 0x99, 0x99, 0x09, 0x90, 0x99, 0x90, 0x09, 0x90,
    0xAA, 0xAA, 0xAA, 0xAA, 0xAA, 0xAA, 0xAA, 0xAA, 0xAA, 0xAA, 0xAA, 0xAA, 0xAA, 0xAA, 0xAA, 0xAA,
    0xAA, 0xAA, 0xAA, 0xAA, 0xAA, 0xAA, 0xAA, 0xAA, 0xAA, 0xAA, 0xAA, 0xAA, 0xAA, 0xAA, 0xAA, 0xAA,
    0xA9, 0x99, 0x9A, 0xAA, 0x99, 0x99, 0x90, 0xAA, 0x99, 0x99, 0x99, 0x0A, 0x09, 0x99, 0x99, 0x0A,
    0x09, 0x99, 0x99, 0x0A, 0xA9, 0x99, 0x90, 0x0A, 0xA0, 0x09, 0x90, 0x0A, 0x00, 0x00, 0x99, 0x0A,
    0x00, 0xA0, 0xA9, 0x99, 0x0A, 0x90, 0xA9, 0x99, 0x0A, 0x90, 0xA9, 0x99, 0x0A, 0x90, 0xA9, 0x99,
    0xA0, 0x90, 0xA9, 0x99, 0xA0, 0x90, 0xA9, 0x99, 0xAA, 0x00, 0xA9, 0x99, 0xAA, 0xA0, 0xA9, 0x99,
    0xAA, 0xA0, 0x09, 0x99, 0xAA, 0xAA, 0x09, 0x09, 0xAA, 0xAA, 0xA0, 0x00, 0xAA, 0xAA, 0xAA, 0xAA,
    0xAA, 0xAA, 0xAA, 0xAA, 0xAA, 0xAA, 0xAA, 0xAA, 0xAA, 0xAA, 0xAA, 0xAA, 0xAA, 0xAA, 0xAA, 0xAA,
    0x00, 0x0A, 0x99, 0x00, 0x90, 0x0A, 0x99, 0x0A, 0x99, 0x0A, 0x99, 0x9A, 0x99, 0x0A, 0x99, 0x9A,
    0x99, 0x0A, 0x99, 0x90, 0x99, 0x0A, 0x99, 0x90, 0x99, 0x00, 0xA9, 0x9A, 0x99, 0x00, 0xA9, 0x9A,
    0x99, 0x00, 0x0A, 0x90, 0x90, 0x00, 0x0A, 0x90, 0x90, 0x00, 0x0A, 0x90, 0x00, 0x00, 0x0A, 0x90,
    0xAA, 0xA0, 0x0A, 0x90, 0xAA, 0xAA, 0x00, 0x90, 0xAA, 0xAA, 0xA0, 0x00, 0xAA, 0xAA, 0xAA, 0xA0,
    0xAA, 0x00, 0x90, 0x0A, 0x99, 0x90, 0x00, 0xA9, 0x99, 0x99, 0x00, 0xA9, 0x99, 0x99, 0x00, 0xA9,
    0xA9, 0x99, 0x0A, 0x99, 0xA9, 0x99, 0x0A, 0x99, 0x99, 0x99, 0x0A, 0x99, 0x99, 0x99, 0x0A, 0x99,
    0xA9, 0x90, 0x0A, 0x99, 0xA9, 0x90, 0x0A, 0x99, 0xA9, 0x00, 0x00, 0x09, 0x99, 0x0A, 0xAA, 0x00,
    0x90, 0xA9, 0x99, 0x99, 0x90, 0xA9, 0x99, 0x90, 0x00, 0xA9, 0x99, 0x99, 0x00, 0x09, 0x99, 0x90,
    0x99, 0x00, 0x99, 0x00, 0x99, 0x90, 0x09, 0x0A, 0x99, 0x99, 0x00, 0x0A, 0x99, 0x99, 0x90, 0x0A,
    0x99, 0x99, 0x99, 0x00, 0x99, 0x90, 0x00, 0x00, 0x99, 0x0A, 0xA0, 0x0A, 0x90, 0xA9, 0x99, 0x0A,
    0x90, 0xA9, 0x99, 0x90, 0x90, 0xA9, 0x99, 0x90, 0x90, 0xA9, 0x99, 0x90, 0x90, 0xA9, 0x99, 0x90,
    0x00, 0xA9, 0x99, 0x90, 0x00, 0xA9, 0x99, 0x00, 0x00, 0x0A, 0x99, 0x00, 0x00, 0x0A, 0x99, 0x00,
    0xA0, 0x0A, 0x99, 0x99, 0x99, 0x0A, 0x99, 0x99, 0x99, 0x00, 0x99, 0x99, 0x90, 0xA0, 0x09, 0x99,
    0x0A, 0x99, 0x09, 0x99, 0xA9, 0x99, 0x09, 0x99, 0x99, 0x99, 0x09, 0x99, 0x99, 0x99, 0x09, 0x99,
    0xA9, 0x99, 0x09, 0x90, 0xA9, 0x99, 0x09, 0x90, 0x0A, 0x99, 0x09, 0x90, 0x0A, 0x99, 0x09, 0x90,
    0x0A, 0x99, 0x09, 0x00, 0x0A, 0x90, 0x00, 0x0A, 0x00, 0x0A, 0xAA, 0xAA, 0x0A, 0xAA, 0xAA, 0xAA,
    0x00, 0xA9, 0x99, 0x00, 0x00, 0xA9, 0x99, 0x00, 0x00, 0xA9, 0x99, 0x00, 0x00, 0xA9, 0x99, 0x0A,
    0x00, 0xA9, 0x99, 0x0A, 0x00, 0xA9, 0x00, 0xAA, 0x00, 0x00, 0xAA, 0xAA, 0x00, 0x0A, 0xAA, 0xAA,
    0x00, 0xAA, 0xAA, 0xAA, 0x0A, 0xAA, 0xAA, 0xAA, 0x0A, 0xAA, 0xAA, 0xAA, 0x0A, 0xAA, 0xAA, 0xAA,
    0xAA, 0xAA, 0xAA, 0xAA, 0xAA, 0xAA, 0xAA, 0xAA, 0xAA, 0xAA, 0xAA, 0xAA, 0xAA, 0xAA, 0xAA, 0xAA,
    0xAA, 0xAA, 0xAA, 0xAA, 0xAA, 0xAA, 0xAB, 0xBB, 0x0A, 0xAB, 0xB9, 0x99, 0x0A, 0xB9, 0x99, 0x99,
    0x0A, 0xB9, 0x9B, 0xBB, 0x9B, 0x99, 0xB9, 0x00, 0x99, 0x9B, 0x99, 0x00, 0x99, 0x9B, 0x99, 0x99,
    0x99, 0x9B, 0x99, 0xBB, 0x99, 0x99, 0x0B, 0x09, 0x99, 0x99, 0xB9, 0x09, 0x99, 0xBB, 0xBB, 0xB9,
    0x9B, 0x99, 0x09, 0x9B, 0xB0, 0x99, 0x00, 0x90, 0xB0, 0x09, 0x00, 0x00, 0x00, 0x09, 0x00, 0x00,
    0xAA, 0xAA, 0xAA, 0xAA, 0xBB, 0xBA, 0xAA, 0xAB, 0x99, 0x90, 0x0A, 0xAB, 0x99, 0x99, 0x90, 0xAB,
    0xBB, 0xB9, 0x90, 0xAB, 0x00, 0x90, 0x99, 0x09, 0x00, 0x99, 0x09, 0x99, 0x99, 0x99, 0x09, 0x99,
    0xBB, 0x99, 0x09, 0x99, 0x90, 0xB0, 0x99, 0x99, 0x90, 0x9B, 0x99, 0x99, 0x9B, 0xBB, 0xBB, 0x99,
    0xB9, 0x90, 0x99, 0xB9, 0x09, 0x00, 0x99, 0x0B, 0x00, 0x00, 0x90, 0x0B, 0x00, 0x00, 0x90, 0x00,
    0xBB, 0xB0, 0xBB, 0xBB, 0xBB, 0xBB, 0xBB, 0xBB, 0xBB, 0xBB, 0xBB, 0xBB, 0xBB, 0xBB, 0xBB, 0xBB,
    0x0B, 0xBB, 0xBB, 0xBB, 0xBB, 0xBB, 0xB0, 0xBB, 0xBB, 0xAA, 0xBB, 0xBB, 0xAA, 0xAA, 0xAA, 0xAA,
    0x0A, 0xAA, 0xAA, 0xAA, 0x00, 0xAA, 0xAA, 0xAA, 0x00, 0x0A, 0xAA, 0xAA, 0x00, 0x00, 0xAA, 0xAA,
    0x00, 0x00, 0x0A, 0xAA, 0x00, 0x00, 0x00, 0xAA, 0x00, 0x00, 0x00, 0x0A, 0x00, 0x00, 0x00, 0x00,
    0xAA, 0xAA, 0xAA, 0xA0, 0xAA, 0xAA, 0xAA, 0x00, 0xAA, 0xAA, 0xA0, 0x00, 0xAA, 0xAA, 0x00, 0x00,
    0xAA, 0xA0, 0x00, 0x00, 0xAA, 0x00, 0x00, 0x00, 0xA0, 0x00, 0x00, 0x00, 0x00, 0x00, 0x00, 0x00,
    0x00, 0x00, 0x00, 0xBA, 0x00, 0x00, 0x0B, 0xAA, 0x00, 0x00, 0xBA, 0xAA, 0x00, 0x0B, 0xAA, 0xAA,
    0x00, 0xBA, 0xAA, 0xAA, 0x0B, 0xAA, 0xAA, 0xAA, 0xBA, 0xAA, 0xAA, 0xAA, 0xAA, 0xAA, 0xAA, 0xAA,
    0xAB, 0x00, 0x00, 0x00, 0xAA, 0xB0, 0x00, 0x00, 0xAA, 0xAB, 0x00, 0x00, 0xAA, 0xAA, 0xB0, 0x00,
    0xAA, 0xAA, 0xAB, 0x00, 0xAA, 0xAA, 0xAA, 0xB0, 0xAA, 0xAA, 0xAA, 0xAB, 0xAA, 0xAA, 0xAA, 0xAA,
    0x00, 0x00, 0x00, 0xB0, 0x00, 0x00, 0x0B, 0x00, 0x00, 0x00, 0xB0, 0x00, 0x00, 0x0B, 0x00, 0x00,
    0x00, 0xB0, 0x00, 0x00, 0x0B, 0x00, 0x00, 0x00, 0xB0, 0x00, 0x00, 0x00, 0x00, 0x00, 0x00, 0x00,
    0x0B, 0x00, 0x00, 0x00, 0x00, 0xB0, 0x00, 0x00, 0x00, 0x0B, 0x00, 0x00, 0x00, 0x00, 0xB0, 0x00,
    0x00, 0x00, 0x0B, 0x00, 0x00, 0x00, 0x00, 0xB0, 0x00, 0x00, 0x00, 0x0B, 0x00, 0x00, 0x00, 0x00,
    0x00, 0x00, 0x00, 0x0B, 0x00, 0x00, 0x00, 0xB0, 0x00, 0x00, 0x0B, 0x00, 0x00, 0x00, 0xB0, 0x00,
    0x00, 0x0B, 0x00, 0x00, 0x00, 0xB0, 0x00, 0x00, 0x0B, 0x00, 0x00, 0x00, 0xBB, 0xBB, 0xBB, 0xBB,
    0xB0, 0x00, 0x00, 0x00, 0x0B, 0x00, 0x00, 0x00, 0x00, 0xB0, 0x00, 0x00, 0x00, 0x0B, 0x00, 0x00,
    0x00, 0x00, 0xB0, 0x00, 0x00, 0x00, 0x0B, 0x00, 0x00, 0x00, 0x00, 0xB0, 0xBB, 0xBB, 0xBB, 0xBB,
    0x00, 0x00, 0x00, 0x0B, 0x00, 0x00, 0x00, 0xB0, 0x00, 0x00, 0x0B, 0x00, 0x00, 0x00, 0xB0, 0x00,
    0x00, 0x0B, 0x00, 0x00, 0x00, 0xB0, 0x00, 0x00, 0x0B, 0x00, 0x00, 0x00, 0xB0, 0x00, 0x00, 0x0B,
    0xB0, 0x00, 0x00, 0x00, 0x0B, 0x00, 0x00, 0x00, 0x00, 0xB0, 0x00, 0x00, 0x00, 0x0B, 0x00, 0x00,
    0x00, 0x00, 0xB0, 0x00, 0x00, 0x00, 0x0B, 0x00, 0x00, 0x00, 0x00, 0xB0, 0xB0, 0x00, 0x00, 0x0B,
    0x00, 0x00, 0x00, 0x0B, 0x00, 0x00, 0x00, 0x00, 0x00, 0x00, 0x00, 0x00, 0x00, 0x00, 0x00, 0x00,
    0x00, 0x00, 0x00, 0x00, 0x00, 0x00, 0x00, 0x00, 0x00, 0x00, 0x00, 0x00, 0xBB, 0xBB, 0xBB, 0xBB,
    0xB0, 0x00, 0x00, 0x00, 0x00, 0x00, 0x00, 0x00, 0x00, 0x00, 0x00, 0x00, 0x00, 0x00, 0x00, 0x00,
    0x00, 0x00, 0x00, 0x00, 0x00, 0x00, 0x00, 0x00, 0x00, 0x00, 0x00, 0x00, 0xBB, 0xBB, 0xBB, 0xBB,
    0xBB, 0xBB, 0xBB, 0xBB, 0x00, 0x00, 0x00, 0x00, 0x00, 0x00, 0x00, 0x00, 0x00, 0x00, 0x00, 0x00,
    0x00, 0x00, 0x00, 0x00, 0x00, 0x00, 0x00, 0x00, 0x00, 0x00, 0x00, 0x00, 0xBB, 0xBB, 0xBB, 0xBB,
    0xDD, 0xDD, 0xDD, 0xDD, 0xD0, 0x00, 0x00, 0x00, 0xDE, 0xE0, 0x00, 0x00, 0xDE, 0xED, 0x00, 0x00,
    0xDE, 0xED, 0xEE, 0xE0, 0xDE, 0xED, 0xEE, 0xED, 0xDE, 0xED, 0xEE, 0xED, 0xDE, 0xED, 0xEE, 0xED,
    0xDE, 0xED, 0xEE, 0xED, 0xDE, 0xED, 0xEE, 0xED, 0xDE, 0xED, 0xEE, 0xED, 0xDE, 0xED, 0xEE, 0xED,
    0xDE, 0xED, 0xEE, 0xED, 0xDE, 0xED, 0xEE, 0xED, 0xDE, 0xED, 0xEE, 0xED, 0xDD, 0xDD, 0xDD, 0xDD,
    0xDD, 0xDD, 0xDD, 0xDD, 0x00, 0x00, 0x00, 0x0D, 0x00, 0x00, 0x00, 0x0D, 0x00, 0x00, 0x00, 0x0D,
    0x00, 0x00, 0x00, 0x0D, 0x00, 0x00, 0x00, 0x0D, 0xEE, 0xE0, 0x00, 0x0D, 0xEE, 0xED, 0x00, 0x0D,
    0xEE, 0xED, 0xEE, 0xED, 0xEE, 0xED, 0xEE, 0xED, 0xEE, 0xED, 0xEE, 0xED, 0xEE, 0xED, 0xEE, 0xED,
    0xEE, 0xED, 0xEE, 0xED, 0xEE, 0xED, 0xEE, 0xED, 0xEE, 0xED, 0xEE, 0xED, 0xDD, 0xDD, 0xDD, 0xDD,
    0xE0, 0x0D, 0xDD, 0xDD, 0xE0, 0xFF, 0xFF, 0xFF, 0xE0, 0xFF, 0xFF, 0xFF, 0xE0, 0xFF, 0xFF, 0xFF,
    0xE0, 0x0D, 0xDD, 0xDD, 0xE0, 0xFF, 0xFF, 0xFF, 0xE0, 0xFF, 0xFF, 0xFF, 0xE0, 0xFF, 0xFF, 0xFF,
    0xDD, 0xDD, 0xDD, 0xE0, 0xFF, 0xFF, 0xFF, 0xE0, 0xFF, 0xFF, 0xFF, 0xE0, 0xFF, 0xFF, 0xFF, 0xE0,
    0xDD, 0xDD, 0xDD, 0xE0, 0xFF, 0xFF, 0xFF, 0xE0, 0xFF, 0xFF, 0xFF, 0xE0, 0xFF, 0xFF, 0xFF, 0xE0,
    0xDD, 0xDD, 0xDD, 0xDF, 0xD0, 0xDD, 0xD0, 0xD0, 0xDD, 0xDD, 0xDD, 0xD0, 0xDD, 0xDD, 0xDD, 0xD0,
    0xDD, 0xDD, 0xDD, 0xD0, 0xDD, 0xDD, 0xDD, 0xD0, 0xDD, 0xDD, 0xDD, 0xD0, 0xDD, 0xDD, 0xDD, 0xD0,
    0xDD, 0xDD, 0xDD, 0xD0, 0xDD, 0xDD, 0xDD, 0xD0, 0xDD, 0xDD, 0xDD, 0xD0, 0xDD, 0xDD, 0xDD, 0xD0,
    0xDD, 0xDD, 0xDD, 0xD0, 0xD0, 0xDD, 0xD0, 0xD0, 0xDD, 0xDD, 0xDD, 0xD0, 0xF0, 0x00, 0x00, 0x00,
    0xFF, 0xF0, 0xFF, 0xFF, 0xFF, 0xFF, 0xFF, 0xEE, 0xFF, 0xFF, 0xFE, 0xEE, 0xF0, 0xFE, 0xEE, 0xEE,
    0xFF, 0xF0, 0xEE, 0xEE, 0xFF, 0xF0, 0x0E, 0xEE, 0xFF, 0xF0, 0xEE, 0xEE, 0x0F, 0xFE, 0xEE, 0xEE,
    0xFE, 0xEE, 0xEE, 0xEE, 0xFE, 0xEE, 0xEE, 0xEE, 0xFE, 0xEE, 0xEE, 0xEE, 0xEE, 0xEE, 0xEE, 0xEE,
    0xEE, 0xEE, 0xEE, 0xEE, 0xEE, 0xEE, 0xEE, 0xEE, 0xEE, 0xEE, 0xEE, 0xEE, 0xEE, 0xEE, 0xEE, 0xEE,
    0xEE, 0xEE, 0xEE, 0xEE, 0xEE, 0xEE, 0xEE, 0xEE, 0xEE, 0xEE, 0xEE, 0xEE, 0xEE, 0xEE, 0xEE, 0xEE,
    0xEE, 0xEE, 0xEE, 0xEE, 0xEE, 0xEE, 0xEE, 0xEE, 0xEE, 0xEE, 0xEE, 0xEE, 0xEE, 0xEE, 0xEE, 0xEE,
    0xEE, 0xEE, 0xEE, 0xEE, 0xEE, 0xEE, 0xEE, 0xEE, 0xEE, 0xEE, 0xEE, 0xEE, 0xEE, 0xEE, 0xEE, 0xEE,
    0xEE, 0xEE, 0xEE, 0xEE, 0xEE, 0xEE, 0xEE, 0xEE, 0xEE, 0xEE, 0xEE, 0xEE, 0xEE, 0xEE, 0xEE, 0xEE,
    0xFF, 0xFF, 0xF0, 0xFF, 0xEF, 0xEE, 0xFF, 0xFF, 0xEE, 0xEE, 0xFF, 0xFF, 0xEE, 0xEE, 0xEE, 0xFF,
    0xEE, 0xEE, 0xEE, 0xF0, 0xEE, 0xEE, 0xEE, 0xFF, 0xEE, 0xEE, 0xEE, 0xFF, 0xEE, 0xEE, 0xEE, 0xEF,
    0xEE, 0xEE, 0xEE, 0x0F, 0xEE, 0xEE, 0xE0, 0x0F, 0xEE, 0xEE, 0xEE, 0xEF, 0xEE, 0xEE, 0xEE, 0xEE,
    0xEE, 0xEE, 0xEE, 0xEE, 0xEE, 0xEE, 0xEE, 0xEE, 0xEE, 0xEE, 0xEE, 0xEE, 0xEE, 0xEE, 0xEE, 0xEE,
    0xEE, 0xEE, 0xEE, 0xEE, 0xEE, 0xEE, 0xEE, 0xEE, 0xEE, 0xEE, 0xEE, 0xEE, 0x0E, 0xEE, 0xEE, 0xEE,
    0x0E, 0xEE, 0xEE, 0xEE, 0x0E, 0xEE, 0xEE, 0xEE, 0xF0, 0xEE, 0xEE, 0xEE, 0xF0, 0xEE, 0xEE, 0xEE,
    0xF0, 0xEE, 0xEE, 0xEE, 0xF0, 0xEE, 0xEE, 0xEE, 0x0F, 0x00, 0xEE, 0xEE, 0xFF, 0xF0, 0xEE, 0xEE,
    0xFF, 0xF0, 0x00, 0xEE, 0xF0, 0xFF, 0x00, 0x0E, 0xFF, 0xFF, 0xFF, 0x00, 0xFF, 0xFF, 0xFF, 0xFF,
    0xEE, 0xEE, 0xEE, 0xEE, 0xEE, 0xEE, 0xEE, 0xEE, 0xEE, 0xEE, 0xEE, 0xEE, 0xEE, 0xEE, 0xEE, 0xEE,
    0xEE, 0xEE, 0xEE, 0xEE, 0xEE, 0xEE, 0xEE, 0xEE, 0xEE, 0xEE, 0xEE, 0xEE, 0xEE, 0xEE, 0xEE, 0xEE,
    0xEE, 0xEE, 0xEE, 0xEE, 0xEE, 0xEE, 0xEE, 0xEE, 0xEE, 0xEE, 0xEE, 0xEE, 0xEE, 0xEE, 0xEE, 0xEE,
    0xEE, 0xEE, 0xEE, 0xEE, 0xEE, 0xEE, 0xEE, 0xEE, 0xEE, 0xEE, 0xEE, 0xEE, 0x00, 0x0E, 0xE0, 0x00,
    0xEE, 0xEE, 0xEE, 0xEE, 0xEE, 0xEE, 0xEE, 0xEE, 0xEE, 0xEE, 0xEE, 0xEE, 0xEE, 0xEE, 0xEE, 0xEE,
    0xEE, 0xEE, 0xEE, 0xEE, 0xEE, 0xEE, 0xEE, 0xEE, 0xEE, 0xEE, 0xEE, 0xE0, 0xEE, 0xEE, 0xEE, 0x0F,
    0xEE, 0xEE, 0xEE, 0x0F, 0xEE, 0xEE, 0xE0, 0xFF, 0xEE, 0xEE, 0xE0, 0xFF, 0xEE, 0xEE, 0xE0, 0xFF,
    0xEE, 0xEE, 0x00, 0xFF, 0xE0, 0x00, 0x0F, 0xFF, 0xEE, 0x00, 0xFF, 0xFF, 0x00, 0xFF, 0x0F, 0xFF,
    0xEE, 0xEE, 0xEE, 0xEE, 0xEE, 0xEE, 0xEE, 0xEE, 0xEE, 0xDE, 0xEE, 0xEE, 0xEE, 0xEE, 0xEE, 0xDE,
    0xEE, 0xEE, 0xEE, 0xEE, 0xED, 0xEE, 0xEE, 0xEE, 0xEE, 0xEE, 0xEE, 0xEE, 0xEE, 0xEE, 0xDE, 0xEE,
    0xEE, 0xEE, 0xEE, 0xEE, 0xEE, 0xEE, 0xEE, 0xED, 0xEE, 0xDE, 0xEE, 0xEE, 0xEE, 0xEE, 0xEE, 0xEE,
    0xEE, 0xEE, 0xEE, 0xEE, 0xDE, 0xEE, 0xEE, 0xDE, 0xEE, 0xEE, 0xEE, 0xEE, 0xEE, 0xED, 0xEE, 0xEE,
    0xEE, 0xEE, 0xEE, 0xED, 0xEE, 0xEE, 0xDE, 0xEE, 0xEE, 0xEE, 0xEE, 0xEE, 0xEE, 0xEE, 0xEE, 0xEE,
    0xED, 0xEE, 0xEE, 0xEE, 0xEE, 0xEE, 0xED, 0xEE, 0xEE, 0xEE, 0xEE, 0xEE, 0xEE, 0xEE, 0xEE, 0xEE,
    0xEE, 0xED, 0xEE, 0xEE, 0xEE, 0xEE, 0xEE, 0xEE, 0xEE, 0xEE, 0xEE, 0xEE, 0xEE, 0xEE, 0xEE, 0xDE,
    0xEE, 0xED, 0xEE, 0xEE, 0xEE, 0xEE, 0xEE, 0xEE, 0xEE, 0xEE, 0xEE, 0xEE, 0xED, 0xEE, 0xEE, 0xEE,
    0xEF, 0xFF, 0xFF, 0xFE, 0xFF, 0xEF, 0xFE, 0xFF, 0xFF, 0xFF, 0xFF, 0xFF, 0xFF, 0xFF, 0xFF, 0xFF,
    0xEE, 0xFF, 0xFF, 0xEE, 0xFF, 0xEE, 0xEE, 0xFF, 0xDF, 0xFF, 0xFF, 0xFD, 0xED, 0xFD, 0xFF, 0xDE,
    0xFE, 0xFF, 0xFF, 0xFF, 0xFE, 0xFF, 0xF0, 0xFF, 0x0E, 0xFF, 0xE0, 0xFF, 0x0E, 0xFF, 0xEF, 0xEF,
    0xE0, 0xEF, 0x0E, 0xEF, 0xE0, 0xEE, 0xEE, 0x0E, 0xEE, 0xEF, 0xEE, 0xEE, 0xEF, 0xEF, 0xEE, 0xFE,
    0xFF, 0xEF, 0xFE, 0xFE, 0xFF, 0xFF, 0xFF, 0xFE, 0xFF, 0xF0, 0xFE, 0xFF, 0xFF, 0xF0, 0xFE, 0xFF,
    0xFF, 0xEF, 0xFE, 0xFF, 0xFF, 0xFF, 0xFF, 0xFF, 0xFF, 0xFF, 0xFF, 0xFF, 0xFF, 0xFF, 0xFF, 0xFF,
    0x0F, 0xF0, 0xFF, 0xFF, 0x0F, 0xF0, 0xF0, 0xFF, 0x0E, 0xFF, 0xF0, 0xFE, 0x0E, 0xF0, 0xFE, 0xEE,
    0xE0, 0xFE, 0xFF, 0xE0, 0xE0, 0xEE, 0xFE, 0xE0, 0xEF, 0xEE, 0xFF, 0xFE, 0xFF, 0xEF, 0xFE, 0xFE,
    0xF0, 0xF0, 0xFE, 0xFE, 0xF0, 0xFF, 0xFE, 0xFF, 0xF0, 0xFF, 0xFF, 0xFF, 0xFF, 0xFF, 0xFF, 0xFF,
    0xFF, 0xFF, 0xFF, 0xFF, 0xEF, 0xFF, 0xFF, 0xFE, 0xFF, 0xFF, 0xFF, 0xFF, 0xFF, 0xFF, 0xFF, 0xFF,
    0xEE, 0xEE, 0xEE, 0xEE, 0xEE, 0xEE, 0xEE, 0xE0, 0xEE, 0xEE, 0xE0, 0x00, 0xEE, 0xE0, 0x00, 0x0F,
    0xEE, 0xEE, 0x0F, 0xFF, 0xEE, 0xE0, 0x0F, 0xFF, 0xEE, 0x00, 0xFF, 0xFF, 0xEE, 0x0F, 0xFF, 0xFF,
    0xEE, 0x0F, 0x0F, 0xFF, 0xE0, 0x0F, 0xFF, 0xFF, 0xE0, 0xFF, 0xFF, 0xFF, 0xEF, 0xFF, 0xFF, 0xFF,
    0xEF, 0xFF, 0xF0, 0xFF, 0xEF, 0xFF, 0xFF, 0xFF, 0xEF, 0x0F, 0xFF, 0xFF, 0xEF, 0xFF, 0xFF, 0xFF,
    0xE0, 0x0E, 0xE0, 0x00, 0x00, 0x00, 0x00, 0x00, 0x0F, 0xF0, 0x00, 0xFF, 0xFF, 0xFF, 0xFF, 0xFF,
    0xFF, 0xFF, 0xF0, 0xFF, 0xFF, 0xFF, 0xFF, 0xFF, 0xFF, 0xFF, 0xFF, 0xFF, 0xF0, 0xFF, 0xFF, 0xFF,
    0xFF, 0xFF, 0xFF, 0xFF, 0xFF, 0xFF, 0xFF, 0xFF, 0xFF, 0x0F, 0xFF, 0xFF, 0xFF, 0xFF, 0xFF, 0xFF,
    0xFF, 0xFF, 0xFF, 0xFF, 0xFF, 0xFF, 0xFF, 0xFF, 0x0F, 0xFF, 0xFF, 0xFF, 0xFF, 0xFF, 0xFF, 0xFF,
    0x0E, 0xEE, 0xEE, 0xEE, 0x00, 0x0E, 0xEE, 0xEE, 0xF0, 0x00, 0x00, 0xEE, 0xFF, 0xFF, 0x0E, 0xEE,
    0xFF, 0xFF, 0xEE, 0xEE, 0xFF, 0x0F, 0xEE, 0xEE, 0xFF, 0xFF, 0x00, 0xEE, 0xFF, 0xFF, 0xFF, 0x0E,
    0x0F, 0xFF, 0xFF, 0xF0, 0xFF, 0xFF, 0x0F, 0xF0, 0xFF, 0xFF, 0xFF, 0xF0, 0xFF, 0xFF, 0xFF, 0xFE,
    0xFF, 0xFF, 0xFF, 0xFE, 0xF0, 0xFF, 0xFF, 0xEE, 0xFF, 0xFF, 0xFF, 0xEE, 0xFF, 0xFF, 0xFF, 0xEE,
    0xFF, 0xFF, 0xFF, 0xFF, 0xF0, 0xFF, 0xFF, 0xFF, 0xFF, 0xFF, 0xFF, 0xFF, 0xFF, 0xFF, 0xFF, 0xFF,
    0xEF, 0xF0, 0xFF, 0xFF, 0xEF, 0xFF, 0xFF, 0xFF, 0xEF, 0xFF, 0xFF, 0xFF, 0xEF, 0xFF, 0xFF, 0xFF,
    0xEF, 0xF0, 0xFF, 0xFF, 0xEE, 0xFF, 0xFF, 0xFF, 0xEE, 0xEE, 0xFF, 0xFF, 0xEE, 0xEE, 0xEF, 0xFF,
    0xEE, 0xEE, 0x0F, 0xFF, 0xEE, 0xE0, 0x0F, 0xFF, 0xEE, 0xEE, 0xEE, 0xFF, 0xEE, 0xEE, 0xEE, 0xEE,
    0xFF, 0xFF, 0xFF, 0xFF, 0xFF, 0xFF, 0x0F, 0xFF, 0xFF, 0xFF, 0xFF, 0xFF, 0xFF, 0xFF, 0xFF, 0xFF,
    0xFF, 0xFF, 0xFF, 0xFF, 0xFF, 0xF0, 0xFF, 0xFF, 0xFF, 0xFF, 0xFF, 0xFF, 0xFF, 0xFF, 0xFF, 0xFF,
    0xFF, 0xFF, 0xFF, 0xFF, 0xFF, 0xFF, 0x0F, 0xFF, 0xFF, 0xFF, 0xFF, 0xFF, 0xFF, 0xFF, 0xFF, 0xFF,
    0x0F, 0xFF, 0xFF, 0xFF, 0xFF, 0xFF, 0xFF, 0xFF, 0xFF, 0xF0, 0xFE, 0xFF, 0xFF, 0xEF, 0xEE, 0xEE,
    0xFF, 0xFF, 0x0F, 0x0E, 0xFF, 0xFF, 0xFF, 0x0E, 0xFF, 0xFF, 0xFF, 0x0E, 0xFF, 0xFF, 0xFF, 0x0E,
    0xFF, 0xFF, 0xFF, 0x0E, 0xFF, 0xF0, 0xFF, 0x0E, 0xFF, 0xFF, 0xFF, 0x00, 0xFF, 0xFF, 0xFF, 0xF0,
    0xFF, 0xFF, 0xFF, 0xFE, 0xF0, 0xFF, 0xF0, 0xFE, 0xFF, 0xFF, 0xFF, 0xEE, 0xFF, 0xFF, 0xEE, 0xEE,
    0xFF, 0xFF, 0x0E, 0xEE, 0x0F, 0xFF, 0x00, 0xEE, 0xFF, 0xFE, 0xEE, 0xEE, 0xEE, 0xEE, 0xEE, 0xEE,
    0x00, 0x0E, 0xEE, 0xEE, 0x00, 0x00, 0x00, 0x00, 0xFF, 0xF0, 0x00, 0x00, 0xFF, 0xFF, 0xFF, 0xFF,
    0xFF, 0x0F, 0xFF, 0x0F, 0xFF, 0xFF, 0xFF, 0xFF, 0xFF, 0xFF, 0xFF, 0xFF, 0xFF, 0xFF, 0xFF, 0xF0,
    0xEE, 0xEE, 0xEE, 0xEE, 0xFF, 0xEE, 0xEE, 0xEE, 0xD0, 0x0E, 0xEE, 0xEE, 0xDD, 0x0E, 0xEE, 0xEE,
    0xDD, 0x00, 0x0E, 0xEE, 0xDD, 0xDD, 0x00, 0xEE, 0x0D, 0xD0, 0xF0, 0xEE, 0x0D, 0xD0, 0xF0, 0xEE,
    0x0D, 0xD0, 0xF0, 0xEE, 0x0D, 0xD0, 0xF0, 0xEE, 0xDD, 0xD0, 0xF0, 0xEE, 0xDD, 0xD0, 0xF0, 0xEE,
    0xDD, 0xDD, 0xD0, 0xEE, 0xDD, 0xFF, 0x00, 0xEE, 0xDF, 0xDD, 0xD0, 0x0E, 0xFD, 0xDD, 0xD0, 0x00,
    0xEE, 0xEE, 0xEE, 0xEE, 0xEE, 0xEE, 0xEE, 0xEE, 0xEE, 0xEE, 0xEE, 0xEE, 0xEE, 0xEE, 0xEE, 0xEE,
    0xEE, 0xEE, 0xEE, 0xEE, 0xEE, 0xEE, 0xEE, 0xEE, 0xEE, 0xEE, 0xEE, 0xEE, 0xEE, 0xEE, 0xEE, 0xEE,
    0xEE, 0xDD, 0xDD, 0xEE, 0xED, 0xDD, 0xDD, 0xDE, 0xDD, 0xDD, 0xDD, 0xF0, 0xDD, 0xDD, 0xDD, 0xF0,
    0xDD, 0xDD, 0xDD, 0xF0, 0xDD, 0xDD, 0xDF, 0x00, 0xED, 0xFF, 0xF0, 0x0E, 0xEE, 0x00, 0x00, 0xEE,
    0xEE, 0xEE, 0xEE, 0xEE, 0xEE, 0xEE, 0xEE, 0xFF, 0xEE, 0xEE, 0xEF, 0xDD, 0xEE, 0xEE, 0xEF, 0xDD,
    0xEE, 0xEF, 0xFD, 0xDD, 0xEE, 0xFD, 0xDD, 0xDD, 0xEE, 0xF0, 0xFD, 0xDF, 0xEE, 0xF0, 0xFD, 0xDF,
    0xEE, 0xF0, 0xFD, 0xDF, 0xEE, 0xF0, 0xFD, 0xDF, 0xEE, 0xF0, 0xFD, 0xDD, 0xEE, 0xF0, 0xFD, 0xDD,
    0xEE, 0xFD, 0xDD, 0xDD, 0xEE, 0xFD, 0xDD, 0xDD, 0xEF, 0xDD, 0xDD, 0xDD, 0xFD, 0xDD, 0xDD, 0xDF,
    0xFD, 0xFD, 0x0D, 0xD0, 0xFD, 0xFD, 0x0D, 0xD0, 0xFD, 0xFD, 0x00, 0xD0, 0x00, 0x00, 0x0F, 0xD0,
    0xFF, 0xFF, 0xFD, 0xD0, 0xFD, 0xDD, 0xD0, 0xD0, 0xFD, 0xDD, 0xD0, 0xD0, 0x00, 0x00, 0x0F, 0xD0,
    0xFF, 0xFF, 0xFD, 0xD0, 0xFD, 0xDD, 0xD0, 0xD0, 0xFD, 0xDD, 0xD0, 0xD0, 0x00, 0x00, 0x0F, 0xD0,
    0xFF, 0xFF, 0xFD, 0xD0, 0xFD, 0xDD, 0xDD, 0xD0, 0xFD, 0xDD, 0xDD, 0xD0, 0x00, 0x00, 0x00, 0x00,
    0xDD, 0xDD, 0xDD, 0xDD, 0x00, 0x00, 0x00, 0x00, 0xED, 0xDD, 0xDD, 0x0E, 0xED, 0xDD, 0xDD, 0x0E,
    0xEE, 0xDD, 0xD0, 0xEE, 0xEE, 0xED, 0x0E, 0xEE, 0xEE, 0xED, 0x0E, 0xEE, 0xED, 0xDD, 0xD0, 0x0E,
    0xEF, 0xFF, 0xFF, 0xFE, 0xFD, 0xDD, 0xDD, 0xD0, 0xFD, 0xDD, 0xDD, 0xD0, 0xFD, 0xDD, 0xDD, 0xD0,
    0xFD, 0xDD, 0xDD, 0xD0, 0xFD, 0xDD, 0xDD, 0xD0, 0xFD, 0xDD, 0xDD, 0xD0, 0x00, 0x00, 0x00, 0x00,
    0xFD, 0xDD, 0xDD, 0xDF, 0xFD, 0xDD, 0xDD, 0xDF, 0xF0, 0xDD, 0xDD, 0xDF, 0xFF, 0x00, 0x00, 0x0F,
    0xFD, 0xFF, 0xFF, 0xFF, 0xF0, 0xDD, 0xDD, 0xDF, 0xF0, 0xDD, 0xDD, 0xDF, 0xFF, 0x00, 0x00, 0x0F,
    0xF0, 0xFF, 0xFF, 0xFF, 0xF0, 0xDD, 0xDD, 0xDF, 0xF0, 0xDD, 0xDD, 0xDF, 0xFF, 0x00, 0x00, 0x0F,
    0xFD, 0xFF, 0xFF, 0xFF, 0xFD, 0xDD, 0xDD, 0xDF, 0x0D, 0xDD, 0xDD, 0xDF, 0x00, 0x00, 0x00, 0x00,
    0xEE, 0xEE, 0xEF, 0xFF, 0xFF, 0xFF, 0xFF, 0xDD, 0xDD, 0xDD, 0xD0, 0xDD, 0xDD, 0xDD, 0xDD, 0x00,
    0xDF, 0xFF, 0xFF, 0xDD, 0xFD, 0xDD, 0xDD, 0x0D, 0xDD, 0xDD, 0xDD, 0x0D, 0x00, 0x00, 0x00, 0x0D,
    0xDD, 0x00, 0x0D, 0xD0, 0xDD, 0xDD, 0xDD, 0xD0, 0x00, 0x00, 0x00, 0x0D, 0xDD, 0xFF, 0xFF, 0xFF,
    0xDF, 0xDD, 0x00, 0x00, 0xF0, 0xDD, 0x00, 0x00, 0xF0, 0x0D, 0x00, 0x00, 0x00, 0x0D, 0x00, 0x00,
    0xFF, 0xFE, 0xEE, 0xEE, 0xDD, 0xDF, 0xFF, 0xFF, 0xDD, 0xD0, 0xDD, 0xDD, 0x00, 0x00, 0xDD, 0xDD,
    0xDD, 0xFF, 0xFF, 0xFD, 0xDF, 0xDD, 0xDD, 0xD0, 0xDF, 0xDD, 0xDD, 0xDD, 0xDF, 0x00, 0x00, 0x00,
    0xDF, 0xD0, 0x00, 0xDD, 0xDF, 0xDD, 0xDD, 0xDD, 0xDD, 0x00, 0x00, 0x00, 0xFF, 0xFF, 0xFF, 0xDD,
    0x00, 0x00, 0xDD, 0xFD, 0x00, 0x00, 0xDD, 0x0F, 0x00, 0x00, 0xD0, 0x0F, 0x00, 0x00, 0xD0, 0x00,
    0xEE, 0xEE, 0xEE, 0x0E, 0xEE, 0xEE, 0xE0, 0x0E, 0x00, 0xEE, 0x00, 0x0E, 0x00, 0x00, 0x00, 0x00,
    0x00, 0x00, 0x00, 0x00, 0x00, 0x00, 0x0D, 0x00, 0xDD, 0x00, 0xD0, 0x00, 0xDD, 0x0D, 0xD0, 0x00,
    0x0D, 0xDD, 0xD0, 0x00, 0x0D, 0xDD, 0x00, 0x00, 0xDD, 0xDD, 0x00, 0x00, 0xDD, 0xDD, 0x00, 0x0D,
    0xD0, 0xDD, 0xD0, 0x0D, 0xD0, 0xD0, 0xD0, 0x0D, 0xD0, 0xD0, 0xD0, 0x0D, 0xD0, 0xDD, 0x00, 0x0D,
    0xEE, 0xEE, 0xEE, 0xEE, 0xEE, 0xEE, 0xEE, 0xEE, 0xEE, 0xEE, 0xEE, 0xEE, 0xEE, 0xEE, 0xEE, 0xEE,
    0xEE, 0xEE, 0xEE, 0xEE, 0xEE, 0xEE, 0xEE, 0xEE, 0xEE, 0xEE, 0xEE, 0xEE, 0xEE, 0xEE, 0xEE, 0xEE,
    0xEE, 0xEE, 0xEE, 0xEE, 0xEE, 0xEE, 0xEE, 0xEE, 0xEE, 0xEE, 0xEE, 0xEE, 0xEE, 0xEE, 0xEE, 0xEE,
    0xEE, 0xEE, 0xEE, 0xEE, 0xEE, 0xEE, 0xEE, 0xEE, 0xEE, 0xEE, 0xEE, 0xEE, 0xEE, 0xEE, 0xEE, 0xEE,
    0xEE, 0x00, 0xDD, 0x0D, 0xEE, 0x00, 0xDD, 0x0D, 0xEE, 0x00, 0xDD, 0x0D, 0xEE, 0xD0, 0xDD, 0x0D,
    0xEE, 0xD0, 0xDD, 0x0D, 0xEE, 0xD0, 0xDD, 0x0D, 0xEE, 0xD0, 0xDD, 0x0D, 0xEE, 0xD0, 0xDD, 0x0D,
    0xED, 0xD0, 0xD0, 0x0D, 0xED, 0x00, 0xD0, 0xDD, 0xED, 0x0D, 0xD0, 0xDD, 0xED, 0x0D, 0xD0, 0xDD,
    0xED, 0x0D, 0xDD, 0xDD, 0xDD, 0x0D, 0x0D, 0xDD, 0xDD, 0xDD, 0x0D, 0xDD, 0xDD, 0xEE, 0xDD, 0xED,
    0xED, 0xEE, 0xEF, 0xFE, 0xED, 0xDD, 0xFF, 0xFF, 0xED, 0xDD, 0xDE, 0xEE, 0xE0, 0xDD, 0xDE, 0xEE,
    0xEF, 0xFF, 0xDD, 0xDE, 0xFF, 0xFF, 0xFD, 0xDD, 0xEE, 0xFF, 0x0D, 0xDD, 0xEE, 0xEE, 0x00, 0xDD,
    0xEE, 0xEE, 0xE0, 0x0D, 0xEE, 0xEE, 0xEE, 0x0D, 0xEE, 0xEE, 0xEE, 0x00, 0xEE, 0xEE, 0xEE, 0xE0,
    0xEE, 0xEE, 0xEE, 0xE0, 0xEE, 0xEE, 0xEF, 0xFF, 0xEE, 0xEE, 0xFF, 0xFF, 0xEE, 0xEE, 0xEE, 0xFF,
    0xEE, 0xED, 0xEE, 0xEE, 0xEE, 0xED, 0xD0, 0x00, 0xEE, 0xED, 0xDD, 0xD0, 0xEE, 0xED, 0x0D, 0xDD,
    0xEE, 0xE0, 0x0D, 0xDD, 0xEE, 0xE0, 0xDD, 0xDD, 0xDD, 0xE0, 0xD0, 0xDD, 0xDD, 0xD0, 0xD0, 0xDD,
    0xDD, 0xDD, 0xD0, 0xDD, 0xD0, 0xDD, 0x0D, 0xDD, 0xD0, 0xDD, 0xD0, 0xDD, 0x00, 0x0D, 0xD0, 0xDD,
    0x00, 0x00, 0xD0, 0xDD, 0xFF, 0x00, 0x00, 0xDD, 0xFF, 0x00, 0x0D, 0xDD, 0xF0, 0x00, 0x0D, 0xDD,
    0xE0, 0x00, 0x0E, 0xEE, 0x00, 0x00, 0x00, 0xEE, 0x00, 0x00, 0xD0, 0x00, 0xD0, 0x00, 0xD0, 0x00,
    0xDD, 0xDD, 0xDD, 0x00, 0xDD, 0xDD, 0xDD, 0xD0, 0xDD, 0xDD, 0x0D, 0xDD, 0xDD, 0xDD, 0x0D, 0xDD,
    0xDD, 0xD0, 0x00, 0xDD, 0xDD, 0xD0, 0xE0, 0xDD, 0xDD, 0xD0, 0xE0, 0xDD, 0xDD, 0xDD, 0x0D, 0xDD,
    0xDD, 0xDD, 0xDD, 0xDD, 0xDD, 0xD0, 0x0D, 0x00, 0xD0, 0x00, 0x0D, 0x00, 0xD0, 0x00, 0x00, 0x00,
    0xE0, 0x00, 0x00, 0x0E, 0x00, 0x00, 0x00, 0x00, 0x00, 0x00, 0x00, 0x00, 0x00, 0x00, 0x00, 0x00,
    0x00, 0x00, 0x0D, 0xDD, 0x00, 0x0D, 0xDD, 0xDD, 0x00, 0xD0, 0xDD, 0xDD, 0xDD, 0xD0, 0xDD, 0xD0,
    0xDD, 0x00, 0x0D, 0xD0, 0xDD, 0x0E, 0x0D, 0xD0, 0xDD, 0x0E, 0x0D, 0xD0, 0xDD, 0xD0, 0xDD, 0xD0,
    0xDD, 0xDD, 0xDD, 0xD0, 0x00, 0xDD, 0xDD, 0xD0, 0x00, 0x00, 0xD0, 0xDD, 0x00, 0x00, 0x00, 0xD0,
    0xD0, 0xDD, 0x00, 0xD0, 0xD0, 0xDD, 0x00, 0xD0, 0xD0, 0x0D, 0x00, 0xD0, 0xD0, 0x0D, 0x00, 0xD0,
    0xD0, 0x0D, 0xD0, 0x00, 0xD0, 0x0D, 0xDD, 0x00, 0xD0, 0x0D, 0x0D, 0x0D, 0xD0, 0x0D, 0x0D, 0x0D,
    0xD0, 0xDD, 0x0D, 0x0D, 0xD0, 0xD0, 0x0D, 0x00, 0xD0, 0xD0, 0xDD, 0x00, 0xDD, 0xD0, 0xD0, 0x00,
    0xDD, 0xDD, 0xDD, 0x00, 0xD0, 0xDD, 0xD0, 0x0D, 0xDD, 0x00, 0x00, 0x0D, 0xDD, 0xDD, 0xD0, 0x0D,
    0xEE, 0xEE, 0xEE, 0xD0, 0xEE, 0xEE, 0xED, 0x00, 0xEE, 0xED, 0xDD, 0x0E, 0xEE, 0xD0, 0xD0, 0xFF,
    0xED, 0x0D, 0x0F, 0xFE, 0xDD, 0x00, 0x0E, 0xEE, 0xD0, 0xD0, 0xEE, 0xEE, 0x00, 0xD0, 0xEE, 0xEE,
    0x0D, 0x0E, 0xEE, 0xEE, 0x00, 0x0E, 0xEE, 0xEE, 0xD0, 0xEE, 0xEE, 0xEE, 0xD0, 0xEE, 0xEE, 0xEE,
    0x00, 0xEE, 0xEE, 0xEE, 0x00, 0x0E, 0xEE, 0xEE, 0x00, 0x0E, 0xEE, 0xEE, 0x0D, 0x00, 0xEE, 0xEE,
    0xEE, 0xEE, 0xEE, 0xDD, 0xEE, 0xEE, 0xED, 0xDD, 0xEE, 0xEE, 0xDD, 0xFF, 0xEE, 0xED, 0xDD, 0xFF,
    0xEE, 0xDD, 0xFF, 0xFF, 0xEE, 0xDD, 0xFF, 0xFF, 0xEE, 0xDD, 0x00, 0xFF, 0xEE, 0xDD, 0xDD, 0xFF,
    0xFF, 0xDD, 0xDD, 0xFF, 0xF0, 0xDD, 0xDD, 0xFF, 0xF0, 0xDD, 0xDD, 0x00, 0xF0, 0xDD, 0xDD, 0xDD,
    0xFF, 0xFF, 0xFF, 0xFF, 0xDD, 0xDD, 0xDD, 0xDD, 0xDD, 0xDD, 0xDD, 0xDD, 0x00, 0x00, 0x00, 0x00,
    0xFE, 0xEE, 0xEE, 0xEE, 0xDF, 0xEE, 0xEE, 0xEE, 0x0D, 0xFE, 0xEE, 0xEE, 0x0D, 0xDF, 0xEE, 0xEE,
    0xFF, 0x0D, 0xFE, 0xEE, 0xFF, 0x0D, 0xFE, 0xEE, 0x00, 0x0D, 0xFE, 0xEE, 0x0D, 0xDD, 0xFE, 0xEE,
    0x0D, 0xDD, 0xFF, 0xFE, 0x0D, 0xDD, 0xF0, 0xF0, 0x0D, 0xDD, 0xF0, 0xF0, 0xDD, 0xDD, 0xF0, 0xF0,
    0xFF, 0xFF, 0xFF, 0xF0, 0xDD, 0xDD, 0xDD, 0xD0, 0xDD, 0xDD, 0xDD, 0xD0, 0x00, 0x00, 0x00, 0x00,
    0xEE, 0xF0, 0xED, 0xDD, 0xEE, 0xFF, 0xDD, 0xDD, 0xEE, 0xED, 0xFF, 0x00, 0xEE, 0xED, 0xDF, 0xFF,
    0xDD, 0xDD, 0xDD, 0x0D, 0xD0, 0xDD, 0x0D, 0x00, 0xDD, 0xDD, 0xDD, 0x0D, 0xDD, 0xDD, 0xDD, 0x0D,
    0xDD, 0xDD, 0xDD, 0x0D, 0xDD, 0xDD, 0xDD, 0x0F, 0xDD, 0xDD, 0xDD, 0x00, 0xDD, 0xDD, 0xDD, 0x0F,
    0xD0, 0xDD, 0x0D, 0x0D, 0xDD, 0xDD, 0xDD, 0x0E, 0xE0, 0x00, 0x00, 0x00, 0x00, 0x00, 0x00, 0x00,
    0xDE, 0x0F, 0xEF, 0xEE, 0xDD, 0xFF, 0xEF, 0xEE, 0xFF, 0xDE, 0xFF, 0xFE, 0xFD, 0xDE, 0xEF, 0xEE,
    0xDD, 0xD0, 0xEF, 0xEE, 0x00, 0x00, 0x0F, 0xEE, 0xDD, 0x00, 0x0F, 0x0E, 0xDD, 0x00, 0xDD, 0x0E,
    0xDD, 0xD0, 0xDD, 0xD0, 0xFD, 0xD0, 0x0D, 0xD0, 0xFF, 0xFF, 0x0F, 0x0E, 0xFD, 0xDD, 0x0F, 0x0E,
    0xDD, 0x00, 0x0F, 0x0E, 0xE0, 0xDD, 0xFF, 0xFE, 0x0D, 0xDD, 0xF0, 0xFE, 0x00, 0x00, 0x00, 0x00,
    0xEE, 0xEE, 0xEE, 0xEE, 0xEE, 0xEE, 0xDE, 0xD0, 0xEE, 0xDE, 0xDD, 0xDD, 0xEE, 0xDD, 0x0D, 0xDD,
    0xED, 0xDD, 0xDD, 0xDD, 0xED, 0xDD, 0xDD, 0x0D, 0xDD, 0xDD, 0xDD, 0xDD, 0xDD, 0x0D, 0xDD, 0xDD,
    0xED, 0xDD, 0xDD, 0xDD, 0xDD, 0xDD, 0x0D, 0xDD, 0xDD, 0xDD, 0xDD, 0xDD, 0xED, 0x0D, 0xDD, 0xDD,
    0xEE, 0xED, 0xDD, 0xDD, 0xEE, 0xEE, 0xED, 0xFF, 0xEE, 0xEE, 0x0F, 0xFF, 0xEE, 0xE0, 0x00, 0x00,
    0xEE, 0xEE, 0xEE, 0xEE, 0x00, 0xEE, 0xEE, 0xEE, 0xD0, 0x00, 0x0E, 0xEE, 0xDD, 0x00, 0xD0, 0xEE,
    0xDD, 0xD0, 0x00, 0xEE, 0xDD, 0x00, 0x00, 0x0E, 0xDD, 0xD0, 0x00, 0xEE, 0xDD, 0xDD, 0x00, 0x0E,
    0x0D, 0xD0, 0x0D, 0x0E, 0xDD, 0x00, 0x00, 0x0E, 0xD0, 0x00, 0x00, 0xEE, 0xDD, 0x0D, 0x0E, 0xEE,
    0x00, 0x00, 0xEE, 0xEE, 0xF0, 0xEE, 0xEE, 0xEE, 0xFF, 0x00, 0x00, 0x00, 0x00, 0x00, 0x00, 0xEE,
    0xEE, 0xDD, 0x0E, 0xEE, 0xED, 0xDD, 0xD0, 0xEE, 0xED, 0xED, 0xD0, 0x0D, 0xDE, 0xDD, 0xD0, 0xED,
    0xDE, 0xDD, 0xD0, 0xED, 0xDE, 0xDD, 0x0E, 0xDD, 0xDD, 0xDD, 0x0E, 0xDD, 0xDD, 0xDD, 0x0E, 0xDD,
    0xED, 0xDD, 0x0E, 0xDD, 0xED, 0xDD, 0x0E, 0xDD, 0xED, 0xDD, 0x0E, 0xDD, 0xDD, 0xDD, 0x0D, 0xDD,
    0xDD, 0xDD, 0x0D, 0xDD, 0xDD, 0xDD, 0xDD, 0xDD, 0xED, 0xDD, 0xDD, 0x0D, 0x00, 0x00, 0x00, 0x00,
    0xEE, 0xEE, 0xEE, 0xEE, 0xEE, 0xEE, 0xEE, 0xEE, 0xDD, 0x00, 0xEE, 0xEE, 0xDD, 0xDD, 0x0E, 0xEE,
    0xDD, 0xDD, 0x00, 0xEE, 0xDD, 0xDD, 0xD0, 0xEE, 0x0D, 0xDD, 0xD0, 0x0E, 0x0D, 0xD0, 0x00, 0x0E,
    0x0D, 0xD0, 0xD0, 0x0E, 0x00, 0xD0, 0xD0, 0x0E, 0x00, 0xD0, 0xD0, 0x0E, 0xD0, 0xD0, 0x00, 0x0E,
    0xDD, 0xD0, 0x0D, 0x0E, 0xD0, 0x00, 0xDD, 0x0E, 0xDD, 0x00, 0x00, 0x00, 0x00, 0x00, 0x00, 0xEE,
    0xEE, 0xEE, 0xEE, 0xEE, 0xEE, 0xEE, 0xEE, 0xEE, 0xEE, 0xEE, 0xEE, 0xEE, 0xEE, 0xEE, 0xEE, 0xEE,
    0xEE, 0xEE, 0xEE, 0xEE, 0xEE, 0xEE, 0xEE, 0xDE, 0xEE, 0xEE, 0xED, 0xD0, 0xEE, 0xEE, 0xED, 0xD0,
    0xEE, 0xEE, 0xED, 0xD0, 0xEE, 0xDD, 0x0D, 0xD0, 0xED, 0xDD, 0xDD, 0xD0, 0xED, 0xDD, 0x0D, 0xD0,
    0xED, 0xDD, 0x0D, 0x00, 0xED, 0xDD, 0x0D, 0x00, 0xE0, 0xDD, 0xDD, 0x00, 0xE0, 0xDD, 0xDD, 0x00,
    0xEE, 0xDD, 0x0E, 0xEE, 0xED, 0xDD, 0xD0, 0xEE, 0xDD, 0xDD, 0xDD, 0x0E, 0xDD, 0xDD, 0xDD, 0x00,
    0xDD, 0xDD, 0xDD, 0x00, 0xED, 0xDD, 0xD0, 0x00, 0xED, 0xDD, 0xDD, 0x0E, 0xDD, 0xDD, 0xDD, 0x00,
    0xDD, 0xDD, 0xD0, 0x00, 0xDD, 0xDD, 0xD0, 0x0E, 0xDD, 0xDD, 0xDD, 0x0E, 0x0D, 0xDD, 0xDD, 0x00,
    0x0D, 0xDD, 0xDD, 0x00, 0xDD, 0xDD, 0xDD, 0x00, 0x0D, 0xDD, 0xD0, 0x0E, 0x00, 0x0D, 0xDD, 0x0E,
    0xEE, 0xEE, 0xEE, 0xEE, 0xEE, 0xED, 0x0E, 0xEE, 0xEE, 0xDD, 0xD0, 0xEE, 0xED, 0xDD, 0xDD, 0x0E,
    0xED, 0xDD, 0xDD, 0x0E, 0xDD, 0xDD, 0xDD, 0xD0, 0xDD, 0xDD, 0xDD, 0xD0, 0xED, 0xDD, 0xDD, 0x00,
    0xDD, 0xDD, 0xDD, 0x00, 0xDD, 0xDD, 0xD0, 0x0E, 0xDD, 0xDD, 0xD0, 0x0E, 0xDD, 0xDD, 0xDD, 0x00,
    0x00, 0xDD, 0xDD, 0xD0, 0xEE, 0x00, 0xDD, 0xD0, 0xDD, 0xDD, 0x0D, 0xD0, 0xDD, 0xD0, 0x0D, 0xD0,
    0xEE, 0xEE, 0xEE, 0xEE, 0xEE, 0xEE, 0xEE, 0xEE, 0xEE, 0xEE, 0xEE, 0xEE, 0xEE, 0xEE, 0xEE, 0xEE,
    0xEE, 0xEE, 0xEE, 0xEE, 0xEE, 0xEE, 0xEE, 0xEE, 0xEE, 0xEE, 0xEE, 0xEE, 0xEE, 0xEE, 0xEE, 0xEE,
    0xED, 0xDD, 0xDE, 0xEE, 0xDD, 0xDD, 0xD0, 0xEE, 0xDD, 0xDD, 0xDD, 0x0E, 0x0D, 0xDD, 0xDD, 0x0E,
    0x0D, 0xDD, 0xDD, 0x0E, 0xED, 0xDD, 0xD0, 0x0E, 0xE0, 0x0D, 0xD0, 0x0E, 0x00, 0x00, 0xDD, 0x0E,
    0x00, 0xE0, 0xED, 0xDD, 0x0E, 0xD0, 0xED, 0xDD, 0x0E, 0xD0, 0xED, 0xDD, 0x0E, 0xD0, 0xED, 0xDD,
    0xE0, 0xD0, 0xED, 0xDD, 0xE0, 0xD0, 0xED, 0xDD, 0xEE, 0x00, 0xED, 0xDD, 0xEE, 0xE0, 0xED, 0xDD,
    0xEE, 0xE0, 0x0D, 0xDD, 0xEE, 0xEE, 0x0D, 0x0D, 0xEE, 0xEE, 0xE0, 0x00, 0xEE, 0xEE, 0xEE, 0xEE,
    0xEE, 0xEE, 0xEE, 0xEE, 0xEE, 0xEE, 0xEE, 0xEE, 0xEE, 0xEE, 0xEE, 0xEE, 0xEE, 0xEE, 0xEE, 0xEE,
    0x00, 0x0E, 0xDD, 0x00, 0xD0, 0x0E, 0xDD, 0x0E, 0xDD, 0x0E, 0xDD, 0xDE, 0xDD, 0x0E, 0xDD, 0xDE,
    0xDD, 0x0E, 0xDD, 0xD0, 0xDD, 0x0E, 0xDD, 0xD0, 0xDD, 0x00, 0xED, 0xDE, 0xDD, 0x00, 0xED, 0xDE,
    0xDD, 0x00, 0x0E, 0xD0, 0xD0, 0x00, 0x0E, 0xD0, 0xD0, 0x00, 0x0E, 0xD0, 0x00, 0x00, 0x0E, 0xD0,
    0xEE, 0xE0, 0x0E, 0xD0, 0xEE, 0xEE, 0x00, 0xD0, 0xEE, 0xEE, 0xE0, 0x00, 0xEE, 0xEE, 0xEE, 0xE0,
    0xEE, 0x00, 0xD0, 0x0E, 0xDD, 0xD0, 0x00, 0xED, 0xDD, 0xDD, 0x00, 0xED, 0xDD, 0xDD, 0x00, 0xED,
    0xED, 0xDD, 0x0E, 0xDD, 0xED, 0xDD, 0x0E, 0xDD, 0xDD, 0xDD, 0x0E, 0xDD, 0xDD, 0xDD, 0x0E, 0xDD,
    0xED, 0xD0, 0x0E, 0xDD, 0xED, 0xD0, 0x0E, 0xDD, 0xED, 0x00, 0x00, 0x0D, 0xDD, 0x0E, 0xEE, 0x00,
    0xD0, 0xED, 0xDD, 0xDD, 0xD0, 0xED, 0xDD, 0xD0, 0x00, 0xED, 0xDD, 0xDD, 0x00, 0x0D, 0xDD, 0xD0,
    0xDD, 0x00, 0xDD, 0x00, 0xDD, 0xD0, 0x0D, 0x0E, 0xDD, 0xDD, 0x00, 0x0E, 0xDD, 0xDD, 0xD0, 0x0E,
    0xDD, 0xDD, 0xDD, 0x00, 0xDD, 0xD0, 0x00, 0x00, 0xDD, 0x0E, 0xE0, 0x0E, 0xD0, 0xED, 0xDD, 0x0E,
    0xD0, 0xED, 0xDD, 0xD0, 0xD0, 0xED, 0xDD, 0xD0, 0xD0, 0xED, 0xDD, 0xD0, 0xD0, 0xED, 0xDD, 0xD0,
    0x00, 0xED, 0xDD, 0xD0, 0x00, 0xED, 0xDD, 0x00, 0x00, 0x0E, 0xDD, 0x00, 0x00, 0x0E, 0xDD, 0x00,
    0xE0, 0x0E, 0xDD, 0xDD, 0xDD, 0x0E, 0xDD, 0xDD, 0xDD, 0x00, 0xDD, 0xDD, 0xD0, 0xE0, 0x0D, 0xDD,
    0x0E, 0xDD, 0x0D, 0xDD, 0xED, 0xDD, 0x0D, 0xDD, 0xDD, 0xDD, 0x0D, 0xDD, 0xDD, 0xDD, 0x0D, 0xDD,
    0xED, 0xDD, 0x0D, 0xD0, 0xED, 0xDD, 0x0D, 0xD0, 0x0E, 0xDD, 0x0D, 0xD0, 0x0E, 0xDD, 0x0D, 0xD0,
    0x0E, 0xDD, 0x0D, 0x00, 0x0E, 0xD0, 0x00, 0x0E, 0x00, 0x0E, 0xEE, 0xEE, 0x0E, 0xEE, 0xEE, 0xEE,
    0x00, 0xED, 0xDD, 0x00, 0x00, 0xED, 0xDD, 0x00, 0x00, 0xED, 0xDD, 0x00, 0x00, 0xED, 0xDD, 0x0E,
    0x00, 0xED, 0xDD, 0x0E, 0x00, 0xED, 0x00, 0xEE, 0x00, 0x00, 0xEE, 0xEE, 0x00, 0x0E, 0xEE, 0xEE,
    0x00, 0xEE, 0xEE, 0xEE, 0x0E, 0xEE, 0xEE, 0xEE, 0x0E, 0xEE, 0xEE, 0xEE, 0x0E, 0xEE, 0xEE, 0xEE,
    0xEE, 0xEE, 0xEE, 0xEE, 0xEE, 0xEE, 0xEE, 0xEE, 0xEE, 0xEE, 0xEE, 0xEE, 0xEE, 0xEE, 0xEE, 0xEE,
    0xEE, 0xEE, 0xEE, 0xEE, 0xEE, 0xEE, 0xEF, 0xFF, 0x0E, 0xEF, 0xFD, 0xDD, 0x0E, 0xFD, 0xDD, 0xDD,
    0x0E, 0xFD, 0xDF, 0xFF, 0xDF, 0xDD, 0xFD, 0x00, 0xDD, 0xDF, 0xDD, 0x00, 0xDD, 0xDF, 0xDD, 0xDD,
    0xDD, 0xDF, 0xDD, 0xFF, 0xDD, 0xDD, 0x0F, 0x0D, 0xDD, 0xDD, 0xFD, 0x0D, 0xDD, 0xFF, 0xFF, 0xFD,
    0xDF, 0xDD, 0x0D, 0xDF, 0xF0, 0xDD, 0x00, 0xD0, 0xF0, 0x0D, 0x00, 0x00, 0x00, 0x0D, 0x00, 0x00,
    0xEE, 0xEE, 0xEE, 0xEE, 0xFF, 0xFE, 0xEE, 0xEF, 0xDD, 0xD0, 0x0E, 0xEF, 0xDD, 0xDD, 0xD0, 0xEF,
    0xFF, 0xFD, 0xD0, 0xEF, 0x00, 0xD0, 0xDD, 0x0D, 0x00, 0xDD, 0x0D, 0xDD, 0xDD, 0xDD, 0x0D, 0xDD,
    0xFF, 0xDD, 0x0D, 0xDD, 0xD0, 0xF0, 0xDD, 0xDD, 0xD0, 0xDF, 0xDD, 0xDD, 0xDF, 0xFF, 0xFF, 0xDD,
    0xFD, 0xD0, 0xDD, 0xFD, 0x0D, 0x00, 0xDD, 0x0F, 0x00, 0x00, 0xD0, 0x0F, 0x00, 0x00, 0xD0, 0x00,
    0xFF, 0xF0, 0xFF, 0xFF, 0xFF, 0xFF, 0xFF, 0xFF, 0xFF, 0xFF, 0xFF, 0xFF, 0xFF, 0xFF, 0xFF, 0xFF,
    0x0F, 0xFF, 0xFF, 0xFF, 0xFF, 0xFF, 0xF0, 0xFF, 0xFF, 0xEE, 0xFF, 0xFF, 0xEE, 0xEE, 0xEE, 0xEE,
    0x0E, 0xEE, 0xEE, 0xEE, 0x00, 0xEE, 0xEE, 0xEE, 0x00, 0x0E, 0xEE, 0xEE, 0x00, 0x00, 0xEE, 0xEE,
    0x00, 0x00, 0x0E, 0xEE, 0x00, 0x00, 0x00, 0xEE, 0x00, 0x00, 0x00, 0x0E, 0x00, 0x00, 0x00, 0x00,
    0xEE, 0xEE, 0xEE, 0xE0, 0xEE, 0xEE, 0xEE, 0x00, 0xEE, 0xEE, 0xE0, 0x00, 0xEE, 0xEE, 0x00, 0x00,
    0xEE, 0xE0, 0x00, 0x00, 0xEE, 0x00, 0x00, 0x00, 0xE0, 0x00, 0x00, 0x00, 0x00, 0x00, 0x00, 0x00,
    0x00, 0x00, 0x00, 0xFE, 0x00, 0x00, 0x0F, 0xEE, 0x00, 0x00, 0xFE, 0xEE, 0x00, 0x0F, 0xEE, 0xEE,
    0x00, 0xFE, 0xEE, 0xEE, 0x0F, 0xEE, 0xEE, 0xEE, 0xFE, 0xEE, 0xEE, 0xEE, 0xEE, 0xEE, 0xEE, 0xEE,
    0xEF, 0x00, 0x00, 0x00, 0xEE, 0xF0, 0x00, 0x00, 0xEE, 0xEF, 0x00, 0x00, 0xEE, 0xEE, 0xF0, 0x00,
    0xEE, 0xEE, 0xEF, 0x00, 0xEE, 0xEE, 0xEE, 0xF0, 0xEE, 0xEE, 0xEE, 0xEF, 0xEE, 0xEE, 0xEE, 0xEE,
    0x00, 0x00, 0x00, 0xF0, 0x00, 0x00, 0x0F, 0x00, 0x00, 0x00, 0xF0, 0x00, 0x00, 0x0F, 0x00, 0x00,
    0x00, 0xF0, 0x00, 0x00, 0x0F, 0x00, 0x00, 0x00, 0xF0, 0x00, 0x00, 0x00, 0x00, 0x00, 0x00, 0x00,
    0x0F, 0x00, 0x00, 0x00, 0x00, 0xF0, 0x00, 0x00, 0x00, 0x0F, 0x00, 0x00, 0x00, 0x00, 0xF0, 0x00,
    0x00, 0x00, 0x0F, 0x00, 0x00, 0x00, 0x00, 0xF0, 0x00, 0x00, 0x00, 0x0F, 0x00, 0x00, 0x00, 0x00,
    0x00, 0x00, 0x00, 0x0F, 0x00, 0x00, 0x00, 0xF0, 0x00, 0x00, 0x0F, 0x00, 0x00, 0x00, 0xF0, 0x00,
    0x00, 0x0F, 0x00, 0x00, 0x00, 0xF0, 0x00, 0x00, 0x0F, 0x00, 0x00, 0x00, 0xFF, 0xFF, 0xFF, 0xFF,
    0xF0, 0x00, 0x00, 0x00, 0x0F, 0x00, 0x00, 0x00, 0x00, 0xF0, 0x00, 0x00, 0x00, 0x0F, 0x00, 0x00,
    0x00, 0x00, 0xF0, 0x00, 0x00, 0x00, 0x0F, 0x00, 0x00, 0x00, 0x00, 0xF0, 0xFF, 0xFF, 0xFF, 0xFF,
    0x00, 0x00, 0x00, 0x0F, 0x00, 0x00, 0x00, 0xF0, 0x00, 0x00, 0x0F, 0x00, 0x00, 0x00, 0xF0, 0x00,
    0x00, 0x0F, 0x00, 0x00, 0x00, 0xF0, 0x00, 0x00, 0x0F, 0x00, 0x00, 0x00, 0xF0, 0x00, 0x00, 0x0F,
    0xF0, 0x00, 0x00, 0x00, 0x0F, 0x00, 0x00, 0x00, 0x00, 0xF0, 0x00, 0x00, 0x00, 0x0F, 0x00, 0x00,
    0x00, 0x00, 0xF0, 0x00, 0x00, 0x00, 0x0F, 0x00, 0x00, 0x00, 0x00, 0xF0, 0xF0, 0x00, 0x00, 0x0F,
    0x00, 0x00, 0x00, 0x0F, 0x00, 0x00, 0x00, 0x00, 0x00, 0x00, 0x00, 0x00, 0x00, 0x00, 0x00, 0x00,
    0x00, 0x00, 0x00, 0x00, 0x00, 0x00, 0x00, 0x00, 0x00, 0x00, 0x00, 0x00, 0xFF, 0xFF, 0xFF, 0xFF,
    0xF0, 0x00, 0x00, 0x00, 0x00, 0x00, 0x00, 0x00, 0x00, 0x00, 0x00, 0x00, 0x00, 0x00, 0x00, 0x00,
    0x00, 0x00, 0x00, 0x00, 0x00, 0x00, 0x00, 0x00, 0x00, 0x00, 0x00, 0x00, 0xFF, 0xFF, 0xFF, 0xFF,
    0xFF, 0xFF, 0xFF, 0xFF, 0x00, 0x00, 0x00, 0x00, 0x00, 0x00, 0x00, 0x00, 0x00, 0x00, 0x00, 0x00,
    0x00, 0x00, 0x00, 0x00, 0x00, 0x00, 0x00, 0x00, 0x00, 0x00, 0x00, 0x00, 0xFF, 0xFF, 0xFF, 0xFF
};

const unsigned char redux_overworld_secret_chr_x4[1536] = {
    0x11, 0x10, 0x00, 0x02, 0x10, 0x21, 0x11, 0x00, 0x10, 0x02, 0x20, 0x00, 0x11, 0x00, 0x00, 0x00,
    0x21, 0x00, 0x00, 0x00, 0x10, 0x00, 0x00, 0x00, 0x10, 0x00, 0x00, 0x00, 0x00, 0x00, 0x00, 0x00,
    0x00, 0x00, 0x00, 0x00, 0x00, 0x00, 0x00, 0x00, 0x00, 0x00, 0x00, 0x00, 0x00, 0x00, 0x00, 0x00,
    0x00, 0x00, 0x00, 0x00, 0x00, 0x00, 0x00, 0x00, 0x00, 0x00, 0x00, 0x00, 0x00, 0x00, 0x00, 0x00,
    0x10, 0x00, 0x11, 0x11, 0x00, 0x11, 0x12, 0x02, 0x00, 0x02, 0x20, 0x01, 0x00, 0x00, 0x00, 0x11,
    0x00, 0x00, 0x00, 0x11, 0x00, 0x00, 0x00, 0x01, 0x00, 0x00, 0x00, 0x02, 0x00, 0x00, 0x00, 0x00,
    0x00, 0x00, 0x00, 0x00, 0x00, 0x00, 0x00, 0x00, 0x00, 0x00, 0x00, 0x00, 0x00, 0x00, 0x00, 0x00,
    0x00, 0x00, 0x00, 0x00, 0x00, 0x00, 0x00, 0x00, 0x00, 0x00, 0x00, 0x00, 0x00, 0x00, 0x00, 0x00,
    0x11, 0x10, 0x00, 0x02, 0x11, 0x11, 0x10, 0x21, 0x11, 0x11, 0x10, 0x20, 0x21, 0x11, 0x02, 0x11,
    0x21, 0x11, 0x02, 0x11, 0x20, 0x20, 0x02, 0x10, 0x02, 0x10, 0x21, 0x10, 0x02, 0x10, 0x21, 0x02,
    0x02, 0x10, 0x02, 0x02, 0x00, 0x21, 0x00, 0x00, 0x20, 0x01, 0x02, 0x20, 0x21, 0x00, 0x21, 0x11,
    0x11, 0x02, 0x11, 0x11, 0x11, 0x02, 0x11, 0x11, 0x10, 0x00, 0x21, 0x11, 0x01, 0x10, 0x01, 0x11,
    0x10, 0x00, 0x11, 0x02, 0x11, 0x10, 0x01, 0x02, 0x21, 0x11, 0x00, 0x00, 0x02, 0x11, 0x10, 0x00,
    0x02, 0x11, 0x11, 0x00, 0x21, 0x11, 0x02, 0x00, 0x21, 0x11, 0x02, 0x02, 0x11, 0x10, 0x21, 0x02,
    0x11, 0x10, 0x21, 0x10, 0x21, 0x00, 0x21, 0x10, 0x02, 0x02, 0x02, 0x10, 0x00, 0x02, 0x10, 0x20,
    0x10, 0x21, 0x11, 0x00, 0x00, 0x21, 0x11, 0x02, 0x10, 0x00, 0x11, 0x02, 0x01, 0x10, 0x01, 0x02,
    0x22, 0x22, 0x22, 0x22, 0x22, 0x22, 0x21, 0x21, 0x22, 0x21, 0x21, 0x11, 0x22, 0x21, 0x10, 0x11,
    0x22, 0x11, 0x11, 0x11, 0x22, 0x11, 0x31, 0x10, 0x21, 0x11, 0x11, 0x11, 0x21, 0x10, 0x11, 0x31,
    0x22, 0x11, 0x11, 0x11, 0x21, 0x13, 0x10, 0x11, 0x21, 0x11, 0x11, 0x11, 0x21, 0x20, 0x11, 0x11,
    0x22, 0x21, 0x21, 0x10, 0x22, 0x22, 0x21, 0x33, 0x22, 0x22, 0x03, 0x33, 0x22, 0x20, 0x00, 0x00,
    0x22, 0x22, 0x22, 0x22, 0x00, 0x22, 0x22, 0x22, 0x00, 0x00, 0x22, 0x22, 0x10, 0x01, 0x02, 0x22,
    0x11, 0x00, 0x02, 0x22, 0x10, 0x30, 0x00, 0x22, 0x10, 0x00, 0x02, 0x22, 0x11, 0x00, 0x00, 0x22,
    0x01, 0x00, 0x10, 0x22, 0x13, 0x00, 0x00, 0x22, 0x00, 0x00, 0x00, 0x22, 0x10, 0x10, 0x02, 0x22,
    0x00, 0x02, 0x02, 0x22, 0x30, 0x22, 0x22, 0x22, 0x33, 0x00, 0x00, 0x00, 0x00, 0x00, 0x00, 0x22,
    0x55, 0x50, 0x00, 0x06, 0x50, 0x65, 0x55, 0x00, 0x50, 0x06, 0x60, 0x00, 0x55, 0x00, 0x00, 0x00,
    0x65, 0x00, 0x00, 0x00, 0x50, 0x00, 0x00, 0x00, 0x50, 0x00, 0x00, 0x00, 0x00, 0x00, 0x00, 0x00,
    0x00, 0x00, 0x00, 0x00, 0x00, 0x00, 0x00, 0x00, 0x00, 0x00, 0x00, 0x00, 0x00, 0x00, 0x00, 0x00,
    0x00, 0x00, 0x00, 0x00, 0x00, 0x00, 0x00, 0x00, 0x00, 0x00, 0x00, 0x00, 0x00, 0x00, 0x00, 0x00,
    0x50, 0x00, 0x55, 0x55, 0x00, 0x55, 0x56, 0x06, 0x00, 0x06, 0x60, 0x05, 0x00, 0x00, 0x00, 0x55,
    0x00, 0x00, 0x00, 0x55, 0x00, 0x00, 0x00, 0x05, 0x00, 0x00, 0x00, 0x06, 0x00, 0x00, 0x00, 0x00,
    0x00, 0x00, 0x00, 0x00, 0x00, 0x00, 0x00, 0x00, 0x00, 0x00, 0x00, 0x00, 0x00, 0x00, 0x00, 0x00,
    0x00, 0x00, 0x00, 0x00, 0x00, 0x00, 0x00, 0x00, 0x00, 0x00, 0x00, 0x00, 0x00, 0x00, 0x00, 0x00,
    0x55, 0x50, 0x00, 0x06, 0x55, 0x55, 0x50, 0x65, 0x55, 0x55, 0x50, 0x60, 0x65, 0x55, 0x06, 0x55,
    0x65, 0x55, 0x06, 0x55, 0x60, 0x60, 0x06, 0x50, 0x06, 0x50, 0x65, 0x50, 0x06, 0x50, 0x65, 0x06,
    0x06, 0x50, 0x06, 0x06, 0x00, 0x65, 0x00, 0x00, 0x60, 0x05, 0x06, 0x60, 0x65, 0x00, 0x65, 0x55,
    0x55, 0x06, 0x55, 0x55, 0x55, 0x06, 0x55, 0x55, 0x50, 0x00, 0x65, 0x55, 0x05, 0x50, 0x05, 0x55,
    0x50, 0x00, 0x55, 0x06, 0x55, 0x50, 0x05, 0x06, 0x65, 0x55, 0x00, 0x00, 0x06, 0x55, 0x50, 0x00,
    0x06, 0x55, 0x55, 0x00, 0x65, 0x55, 0x06, 0x00, 0x65, 0x55, 0x06, 0x06, 0x55, 0x50, 0x65, 0x06,
    0x55, 0x50, 0x65, 0x50, 0x65, 0x00, 0x65, 0x50, 0x06, 0x06, 0x06, 0x50, 0x00, 0x06, 0x50, 0x60,
    0x50, 0x65, 0x55, 0x00, 0x00, 0x65, 0x55, 0x06, 0x50, 0x00, 0x55, 0x06, 0x05, 0x50, 0x05, 0x06,
    0x66, 0x66, 0x66, 0x66, 0x66, 0x66, 0x65, 0x65, 0x66, 0x65, 0x65, 0x55, 0x66, 0x65, 0x50, 0x55,
    0x66, 0x55, 0x55, 0x55, 0x66, 0x55, 0x75, 0x50, 0x65, 0x55, 0x55, 0x55, 0x65, 0x50, 0x55, 0x75,
    0x66, 0x55, 0x55, 0x55, 0x65, 0x57, 0x50, 0x55, 0x65, 0x55, 0x55, 0x55, 0x65, 0x60, 0x55, 0x55,
    0x66, 0x65, 0x65, 0x50, 0x66, 0x66, 0x65, 0x77, 0x66, 0x66, 0x07, 0x77, 0x66, 0x60, 0x00, 0x00,
    0x66, 0x66, 0x66, 0x66, 0x00, 0x66, 0x66, 0x66, 0x00, 0x00, 0x66, 0x66, 0x50, 0x05, 0x06, 0x66,
    0x55, 0x00, 0x06, 0x66, 0x50, 0x70, 0x00, 0x66, 0x50, 0x00, 0x06, 0x66, 0x55, 0x00, 0x00, 0x66,
    0x05, 0x00, 0x50, 0x66, 0x57, 0x00, 0x00, 0x66, 0x00, 0x00, 0x00, 0x66, 0x50, 0x50, 0x06, 0x66,
    0x00, 0x06, 0x06, 0x66, 0x70, 0x66, 0x66, 0x66, 0x77, 0x00, 0x00, 0x00, 0x00, 0x00, 0x00, 0x66,
    0x99, 0x90, 0x00, 0x0A, 0x90, 0xA9, 0x99, 0x00, 0x90, 0x0A, 0xA0, 0x00, 0x99, 0x00, 0x00, 0x00,
    0xA9, 0x00, 0x00, 0x00, 0x90, 0x00, 0x00, 0x00, 0x90, 0x00, 0x00, 0x00, 0x00, 0x00, 0x00, 0x00,
    0x00, 0x00, 0x00, 0x00, 0x00, 0x00, 0x00, 0x00, 0x00, 0x00, 0x00, 0x00, 0x00, 0x00, 0x00, 0x00,
    0x00, 0x00, 0x00, 0x00, 0x00, 0x00, 0x00, 0x00, 0x00, 0x00, 0x00, 0x00, 0x00, 0x00, 0x00, 0x00,
    0x90, 0x00, 0x99, 0x99, 0x00, 0x99, 0x9A, 0x0A, 0x00, 0x0A, 0xA0, 0x09, 0x00, 0x00, 0x00, 0x99,
    0x00, 0x00, 0x00, 0x99, 0x00, 0x00, 0x00, 0x09, 0x00, 0x00, 0x00, 0x0A, 0x00, 0x00, 0x00, 0x00,
    0x00, 0x00, 0x00, 0x00, 0x00, 0x00, 0x00, 0x00, 0x00, 0x00, 0x00, 0x00, 0x00, 0x00, 0x00, 0x00,
    0x00, 0x00, 0x00, 0x00, 0x00, 0x00, 0x00, 0x00, 0x00, 0x00, 0x00, 0x00, 0x00, 0x00, 0x00, 0x00,
    0x99, 0x90, 0x00, 0x0A, 0x99, 0x99, 0x90, 0xA9, 0x99, 0x99, 0x90, 0xA0, 0xA9, 0x99, 0x0A, 0x99,
    0xA9, 0x99, 0x0A, 0x99, 0xA0, 0xA0, 0x0A, 0x90, 0x0A, 0x90, 0xA9, 0x90, 0x0A, 0x90, 0xA9, 0x0A,
    0x0A, 0x90, 0x0A, 0x0A, 0x00, 0xA9, 0x00, 0x00, 0xA0, 0x09, 0x0A, 0xA0, 0xA9, 0x00, 0xA9, 0x99,
    0x99, 0x0A, 0x99, 0x99, 0x99, 0x0A, 0x99, 0x99, 0x90, 0x00, 0xA9, 0x99, 0x09, 0x90, 0x09, 0x99,
    0x90, 0x00, 0x99, 0x0A, 0x99, 0x90, 0x09, 0x0A, 0xA9, 0x99, 0x00, 0x00, 0x0A, 0x99, 0x90, 0x00,
    0x0A, 0x99, 0x99, 0x00, 0xA9, 0x99, 0x0A, 0x00, 0xA9, 0x99, 0x0A, 0x0A, 0x99, 0x90, 0xA9, 0x0A,
    0x99, 0x90, 0xA9, 0x90, 0xA9, 0x00, 0xA9, 0x90, 0x0A, 0x0A, 0x0A, 0x90, 0x00, 0x0A, 0x90, 0xA0,
    0x90, 0xA9, 0x99, 0x00, 0x00, 0xA9, 0x99, 0x0A, 0x90, 0x00, 0x99, 0x0A, 0x09, 0x90, 0x09, 0x0A,
    0xAA, 0xAA, 0xAA, 0xAA, 0xAA, 0xAA, 0xA9, 0xA9, 0xAA, 0xA9, 0xA9, 0x99, 0xAA, 0xA9, 0x90, 0x99,
    0xAA, 0x99, 0x99, 0x99, 0xAA, 0x99, 0xB9, 0x90, 0xA9, 0x99, 0x99, 0x99, 0xA9, 0x90, 0x99, 0xB9,
    0xAA, 0x99, 0x99, 0x99, 0xA9, 0x9B, 0x90, 0x99, 0xA9, 0x99, 0x99, 0x99, 0xA9, 0xA0, 0x99, 0x99,
    0xAA, 0xA9, 0xA9, 0x90, 0xAA, 0xAA, 0xA9, 0xBB, 0xAA, 0xAA, 0x0B, 0xBB, 0xAA, 0xA0, 0x00, 0x00,
    0xAA, 0xAA, 0xAA, 0xAA, 0x00, 0xAA, 0xAA, 0xAA, 0x00, 0x00, 0xAA, 0xAA, 0x90, 0x09, 0x0A, 0xAA,
    0x99, 0x00, 0x0A, 0xAA, 0x90, 0xB0, 0x00, 0xAA, 0x90, 0x00, 0x0A, 0xAA, 0x99, 0x00, 0x00, 0xAA,
    0x09, 0x00, 0x90, 0xAA, 0x9B, 0x00, 0x00, 0xAA, 0x00, 0x00, 0x00, 0xAA, 0x90, 0x90, 0x0A, 0xAA,
    0x00, 0x0A, 0x0A, 0xAA, 0xB0, 0xAA, 0xAA, 0xAA, 0xBB, 0x00, 0x00, 0x00, 0x00, 0x00, 0x00, 0xAA,
    0xDD, 0xD0, 0x00, 0x0E, 0xD0, 0xED, 0xDD, 0x00, 0xD0, 0x0E, 0xE0, 0x00, 0xDD, 0x00, 0x00, 0x00,
    0xED, 0x00, 0x00, 0x00, 0xD0, 0x00, 0x00, 0x00, 0xD0, 0x00, 0x00, 0x00, 0x00, 0x00, 0x00, 0x00,
    0x00, 0x00, 0x00, 0x00, 0x00, 0x00, 0x00, 0x00, 0x00, 0x00, 0x00, 0x00, 0x00, 0x00, 0x00, 0x00,
    0x00, 0x00, 0x00, 0x00, 0x00, 0x00, 0x00, 0x00, 0x00, 0x00, 0x00, 0x00, 0x00, 0x00, 0x00, 0x00,
    0xD0, 0x00, 0xDD, 0xDD, 0x00, 0xDD, 0xDE, 0x0E, 0x00, 0x0E, 0xE0, 0x0D, 0x00, 0x00, 0x00, 0xDD,
    0x00, 0x00, 0x00, 0xDD, 0x00, 0x00, 0x00, 0x0D, 0x00, 0x00, 0x00, 0x0E, 0x00, 0x00, 0x00, 0x00,
    0x00, 0x00, 0x00, 0x00, 0x00, 0x00, 0x00, 0x00, 0x00, 0x00, 0x00, 0x00, 0x00, 0x00, 0x00, 0x00,
    0x00, 0x00, 0x00, 0x00, 0x00, 0x00, 0x00, 0x00, 0x00, 0x00, 0x00, 0x00, 0x00, 0x00, 0x00, 0x00,
    0xDD, 0xD0, 0x00, 0x0E, 0xDD, 0xDD, 0xD0, 0xED, 0xDD, 0xDD, 0xD0, 0xE0, 0xED, 0xDD, 0x0E, 0xDD,
    0xED, 0xDD, 0x0E, 0xDD, 0xE0, 0xE0, 0x0E, 0xD0, 0x0E, 0xD0, 0xED, 0xD0, 0x0E, 0xD0, 0xED, 0x0E,
    0x0E, 0xD0, 0x0E, 0x0E, 0x00, 0xED, 0x00, 0x00, 0xE0, 0x0D, 0x0E, 0xE0, 0xED, 0x00, 0xED, 0xDD,
    0xDD, 0x0E, 0xDD, 0xDD, 0xDD, 0x0E, 0xDD, 0xDD, 0xD0, 0x00, 0xED, 0xDD, 0x0D, 0xD0, 0x0D, 0xDD,
    0xD0, 0x00, 0xDD, 0x0E, 0xDD, 0xD0, 0x0D, 0x0E, 0xED, 0xDD, 0x00, 0x00, 0x0E, 0xDD, 0xD0, 0x00,
    0x0E, 0xDD, 0xDD, 0x00, 0xED, 0xDD, 0x0E, 0x00, 0xED, 0xDD, 0x0E, 0x0E, 0xDD, 0xD0, 0xED, 0x0E,
    0xDD, 0xD0, 0xED, 0xD0, 0xED, 0x00, 0xED, 0xD0, 0x0E, 0x0E, 0x0E, 0xD0, 0x00, 0x0E, 0xD0, 0xE0,
    0xD0, 0xED, 0xDD, 0x00, 0x00, 0xED, 0xDD, 0x0E, 0xD0, 0x00, 0xDD, 0x0E, 0x0D, 0xD0, 0x0D, 0x0E,
    0xEE, 0xEE, 0xEE, 0xEE, 0xEE, 0xEE, 0xED, 0xED, 0xEE, 0xED, 0xED, 0xDD, 0xEE, 0xED, 0xD0, 0xDD,
    0xEE, 0xDD, 0xDD, 0xDD, 0xEE, 0xDD, 0xFD, 0xD0, 0xED, 0xDD, 0xDD, 0xDD, 0xED, 0xD0, 0xDD, 0xFD,
    0xEE, 0xDD, 0xDD, 0xDD, 0xED, 0xDF, 0xD0, 0xDD, 0xED, 0xDD, 0xDD, 0xDD, 0xED, 0xE0, 0xDD, 0xDD,
    0xEE, 0xED, 0xED, 0xD0, 0xEE, 0xEE, 0xED, 0xFF, 0xEE, 0xEE, 0x0F, 0xFF, 0xEE, 0xE0, 0x00, 0x00,
    0xEE, 0xEE, 0xEE, 0xEE, 0x00, 0xEE, 0xEE, 0xEE, 0x00, 0x00, 0xEE, 0xEE, 0xD0, 0x0D, 0x0E, 0xEE,
    0xDD, 0x00, 0x0E, 0xEE, 0xD0, 0xF0, 0x00, 0xEE, 0xD0, 0x00, 0x0E, 0xEE, 0xDD, 0x00, 0x00, 0xEE,
    0x0D, 0x00, 0xD0, 0xEE, 0xDF, 0x00, 0x00, 0xEE, 0x00, 0x00, 0x00, 0xEE, 0xD0, 0xD0, 0x0E, 0xEE,
    0x00, 0x0E, 0x0E, 0xEE, 0xF0, 0xEE, 0xEE, 0xEE, 0xFF, 0x00, 0x00, 0x00, 0x00, 0x00, 0x00, 0xEE
};

const unsigned char redux_uw_bg_chr_x4[32768] = {
    0x00, 0x11, 0x10, 0x00, 0x01, 0x00, 0x11, 0x00, 0x11, 0x00, 0x01, 0x10, 0x11, 0x00, 0x01, 0x10,
    0x11, 0x00, 0x01, 0x10, 0x01, 0x10, 0x01, 0x00, 0x00, 0x11, 0x10, 0x00, 0x00, 0x00, 0x00, 0x00,
    0x00, 0x01, 0x10, 0x00, 0x00, 0x11, 0x10, 0x00, 0x00, 0x01, 0x10, 0x00, 0x00, 0x01, 0x10, 0x00,
    0x00, 0x01, 0x10, 0x00, 0x00, 0x01, 0x10, 0x00, 0x01, 0x11, 0x11, 0x10, 0x00, 0x00, 0x00, 0x00,
    0x01, 0x11, 0x11, 0x00, 0x11, 0x00, 0x01, 0x10, 0x00, 0x00, 0x11, 0x10, 0x00, 0x11, 0x11, 0x00,
    0x01, 0x11, 0x10, 0x00, 0x11, 0x10, 0x00, 0x00, 0x11, 0x11, 0x11, 0x10, 0x00, 0x00, 0x00, 0x00,
    0x01, 0x11, 0x11, 0x10, 0x00, 0x00, 0x11, 0x00, 0x00, 0x01, 0x10, 0x00, 0x00, 0x11, 0x11, 0x00,
    0x00, 0x00, 0x01, 0x10, 0x11, 0x00, 0x01, 0x10, 0x01, 0x11, 0x11, 0x00, 0x00, 0x00, 0x00, 0x00,
    0x00, 0x01, 0x11, 0x00, 0x00, 0x11, 0x11, 0x00, 0x01, 0x10, 0x11, 0x00, 0x11, 0x00, 0x11, 0x00,
    0x11, 0x11, 0x11, 0x10, 0x00, 0x00, 0x11, 0x00, 0x00, 0x00, 0x11, 0x00, 0x00, 0x00, 0x00, 0x00,
    0x11, 0x11, 0x11, 0x00, 0x11, 0x00, 0x00, 0x00, 0x11, 0x11, 0x11, 0x00, 0x00, 0x00, 0x01, 0x10,
    0x00, 0x00, 0x01, 0x10, 0x11, 0x00, 0x01, 0x10, 0x01, 0x11, 0x11, 0x00, 0x00, 0x00, 0x00, 0x00,
    0x00, 0x11, 0x11, 0x00, 0x01, 0x10, 0x00, 0x00, 0x11, 0x00, 0x00, 0x00, 0x11, 0x11, 0x11, 0x00,
    0x11, 0x00, 0x01, 0x10, 0x11, 0x00, 0x01, 0x10, 0x01, 0x11, 0x11, 0x00, 0x00, 0x00, 0x00, 0x00,
    0x11, 0x11, 0x11, 0x10, 0x11, 0x00, 0x01, 0x10, 0x00, 0x00, 0x11, 0x00, 0x00, 0x01, 0x10, 0x00,
    0x00, 0x11, 0x00, 0x00, 0x00, 0x11, 0x00, 0x00, 0x00, 0x11, 0x00, 0x00, 0x00, 0x00, 0x00, 0x00,
    0x01, 0x11, 0x10, 0x00, 0x11, 0x00, 0x01, 0x00, 0x11, 0x10, 0x01, 0x00, 0x01, 0x11, 0x10, 0x00,
    0x10, 0x00, 0x01, 0x10, 0x10, 0x00, 0x01, 0x10, 0x01, 0x11, 0x11, 0x00, 0x00, 0x00, 0x00, 0x00,
    0x01, 0x11, 0x11, 0x00, 0x11, 0x00, 0x01, 0x10, 0x11, 0x00, 0x01, 0x10, 0x01, 0x11, 0x11, 0x10,
    0x00, 0x00, 0x01, 0x10, 0x00, 0x00, 0x11, 0x00, 0x01, 0x11, 0x10, 0x00, 0x00, 0x00, 0x00, 0x00,
    0x00, 0x11, 0x10, 0x00, 0x01, 0x10, 0x11, 0x00, 0x11, 0x00, 0x01, 0x10, 0x11, 0x00, 0x01, 0x10,
    0x11, 0x11, 0x11, 0x10, 0x11, 0x00, 0x01, 0x10, 0x11, 0x00, 0x01, 0x10, 0x00, 0x00, 0x00, 0x00,
    0x11, 0x11, 0x11, 0x00, 0x11, 0x00, 0x01, 0x10, 0x11, 0x00, 0x01, 0x10, 0x11, 0x11, 0x11, 0x00,
    0x11, 0x00, 0x01, 0x10, 0x11, 0x00, 0x01, 0x10, 0x11, 0x11, 0x11, 0x00, 0x00, 0x00, 0x00, 0x00,
    0x00, 0x11, 0x11, 0x00, 0x01, 0x10, 0x01, 0x10, 0x11, 0x00, 0x00, 0x00, 0x11, 0x00, 0x00, 0x00,
    0x11, 0x00, 0x00, 0x00, 0x01, 0x10, 0x01, 0x10, 0x00, 0x11, 0x11, 0x00, 0x00, 0x00, 0x00, 0x00,
    0x11, 0x11, 0x10, 0x00, 0x11, 0x00, 0x11, 0x00, 0x11, 0x00, 0x01, 0x10, 0x11, 0x00, 0x01, 0x10,
    0x11, 0x00, 0x01, 0x10, 0x11, 0x00, 0x11, 0x00, 0x11, 0x11, 0x10, 0x00, 0x00, 0x00, 0x00, 0x00,
    0x11, 0x11, 0x11, 0x10, 0x11, 0x00, 0x00, 0x00, 0x11, 0x00, 0x00, 0x00, 0x11, 0x11, 0x11, 0x00,
    0x11, 0x00, 0x00, 0x00, 0x11, 0x00, 0x00, 0x00, 0x11, 0x11, 0x11, 0x10, 0x00, 0x00, 0x00, 0x00,
    0x11, 0x11, 0x11, 0x10, 0x11, 0x00, 0x00, 0x00, 0x11, 0x00, 0x00, 0x00, 0x11, 0x11, 0x11, 0x00,
    0x11, 0x00, 0x00, 0x00, 0x11, 0x00, 0x00, 0x00, 0x11, 0x00, 0x00, 0x00, 0x00, 0x00, 0x00, 0x00,
    0x00, 0x11, 0x11, 0x10, 0x01, 0x10, 0x00, 0x00, 0x11, 0x00, 0x00, 0x00, 0x11, 0x00, 0x11, 0x10,
    0x11, 0x00, 0x01, 0x10, 0x01, 0x10, 0x01, 0x10, 0x00, 0x11, 0x11, 0x10, 0x00, 0x00, 0x00, 0x00,
    0x11, 0x00, 0x01, 0x10, 0x11, 0x00, 0x01, 0x10, 0x11, 0x00, 0x01, 0x10, 0x11, 0x11, 0x11, 0x10,
    0x11, 0x00, 0x01, 0x10, 0x11, 0x00, 0x01, 0x10, 0x11, 0x00, 0x01, 0x10, 0x00, 0x00, 0x00, 0x00,
    0x00, 0x11, 0x11, 0x00, 0x00, 0x01, 0x10, 0x00, 0x00, 0x01, 0x10, 0x00, 0x00, 0x01, 0x10, 0x00,
    0x00, 0x01, 0x10, 0x00, 0x00, 0x01, 0x10, 0x00, 0x00, 0x11, 0x11, 0x00, 0x00, 0x00, 0x00, 0x00,
    0x00, 0x01, 0x11, 0x10, 0x00, 0x00, 0x01, 0x10, 0x00, 0x00, 0x01, 0x10, 0x00, 0x00, 0x01, 0x10,
    0x11, 0x00, 0x01, 0x10, 0x11, 0x00, 0x01, 0x10, 0x01, 0x11, 0x11, 0x00, 0x00, 0x00, 0x00, 0x00,
    0x11, 0x00, 0x01, 0x10, 0x11, 0x00, 0x11, 0x00, 0x11, 0x01, 0x10, 0x00, 0x11, 0x11, 0x00, 0x00,
    0x11, 0x01, 0x10, 0x00, 0x11, 0x00, 0x11, 0x00, 0x11, 0x00, 0x01, 0x10, 0x00, 0x00, 0x00, 0x00,
    0x01, 0x10, 0x00, 0x00, 0x01, 0x10, 0x00, 0x00, 0x01, 0x10, 0x00, 0x00, 0x01, 0x10, 0x00, 0x00,
    0x01, 0x10, 0x00, 0x00, 0x01, 0x10, 0x00, 0x00, 0x01, 0x11, 0x11, 0x10, 0x00, 0x00, 0x00, 0x00,
    0x11, 0x00, 0x01, 0x10, 0x11, 0x10, 0x11, 0x10, 0x11, 0x11, 0x11, 0x10, 0x11, 0x11, 0x11, 0x10,
    0x11, 0x01, 0x01, 0x10, 0x11, 0x00, 0x01, 0x10, 0x11, 0x00, 0x01, 0x10, 0x00, 0x00, 0x00, 0x00,
    0x11, 0x00, 0x01, 0x10, 0x11, 0x10, 0x01, 0x10, 0x11, 0x11, 0x01, 0x10, 0x11, 0x11, 0x11, 0x10,
    0x11, 0x01, 0x11, 0x10, 0x11, 0x00, 0x11, 0x10, 0x11, 0x00, 0x01, 0x10, 0x00, 0x00, 0x00, 0x00,
    0x01, 0x11, 0x11, 0x00, 0x11, 0x00, 0x01, 0x10, 0x11, 0x00, 0x01, 0x10, 0x11, 0x00, 0x01, 0x10,
    0x11, 0x00, 0x01, 0x10, 0x11, 0x00, 0x01, 0x10, 0x01, 0x11, 0x11, 0x00, 0x00, 0x00, 0x00, 0x00,
    0x11, 0x11, 0x11, 0x00, 0x11, 0x00, 0x01, 0x10, 0x11, 0x00, 0x01, 0x10, 0x11, 0x11, 0x11, 0x00,
    0x11, 0x00, 0x00, 0x00, 0x11, 0x00, 0x00, 0x00, 0x11, 0x00, 0x00, 0x00, 0x00, 0x00, 0x00, 0x00,
    0x01, 0x11, 0x11, 0x00, 0x11, 0x00, 0x01, 0x10, 0x11, 0x00, 0x01, 0x10, 0x11, 0x00, 0x01, 0x10,
    0x11, 0x01, 0x11, 0x10, 0x11, 0x00, 0x11, 0x00, 0x01, 0x11, 0x10, 0x10, 0x00, 0x00, 0x00, 0x00,
    0x11, 0x11, 0x11, 0x00, 0x11, 0x00, 0x01, 0x10, 0x11, 0x00, 0x01, 0x10, 0x11, 0x11, 0x11, 0x00,
    0x11, 0x01, 0x10, 0x00, 0x11, 0x00, 0x11, 0x00, 0x11, 0x00, 0x01, 0x10, 0x00, 0x00, 0x00, 0x00,
    0x01, 0x11, 0x10, 0x00, 0x11, 0x00, 0x11, 0x00, 0x11, 0x00, 0x00, 0x00, 0x01, 0x11, 0x11, 0x00,
    0x00, 0x00, 0x01, 0x10, 0x11, 0x00, 0x01, 0x10, 0x01, 0x11, 0x11, 0x00, 0x00, 0x00, 0x00, 0x00,
    0x01, 0x11, 0x11, 0x10, 0x00, 0x01, 0x10, 0x00, 0x00, 0x01, 0x10, 0x00, 0x00, 0x01, 0x10, 0x00,
    0x00, 0x01, 0x10, 0x00, 0x00, 0x01, 0x10, 0x00, 0x00, 0x01, 0x10, 0x00, 0x00, 0x00, 0x00, 0x00,
    0x11, 0x00, 0x01, 0x10, 0x11, 0x00, 0x01, 0x10, 0x11, 0x00, 0x01, 0x10, 0x11, 0x00, 0x01, 0x10,
    0x11, 0x00, 0x01, 0x10, 0x11, 0x00, 0x01, 0x10, 0x01, 0x11, 0x11, 0x00, 0x00, 0x00, 0x00, 0x00,
    0x11, 0x00, 0x01, 0x10, 0x11, 0x00, 0x01, 0x10, 0x11, 0x00, 0x01, 0x10, 0x11, 0x10, 0x11, 0x10,
    0x01, 0x11, 0x11, 0x00, 0x00, 0x11, 0x10, 0x00, 0x00, 0x01, 0x00, 0x00, 0x00, 0x00, 0x00, 0x00,
    0x11, 0x00, 0x01, 0x10, 0x11, 0x00, 0x01, 0x10, 0x11, 0x01, 0x01, 0x10, 0x11, 0x11, 0x11, 0x10,
    0x11, 0x11, 0x11, 0x10, 0x11, 0x10, 0x11, 0x10, 0x11, 0x00, 0x01, 0x10, 0x00, 0x00, 0x00, 0x00,
    0x11, 0x00, 0x01, 0x10, 0x11, 0x10, 0x11, 0x10, 0x01, 0x11, 0x11, 0x00, 0x00, 0x11, 0x10, 0x00,
    0x01, 0x11, 0x11, 0x00, 0x11, 0x10, 0x11, 0x10, 0x11, 0x00, 0x01, 0x10, 0x00, 0x00, 0x00, 0x00,
    0x01, 0x10, 0x01, 0x10, 0x01, 0x10, 0x01, 0x10, 0x01, 0x10, 0x01, 0x10, 0x00, 0x11, 0x11, 0x00,
    0x00, 0x01, 0x10, 0x00, 0x00, 0x01, 0x10, 0x00, 0x00, 0x01, 0x10, 0x00, 0x00, 0x00, 0x00, 0x00,
    0x11, 0x11, 0x11, 0x10, 0x00, 0x00, 0x11, 0x10, 0x00, 0x01, 0x11, 0x00, 0x00, 0x11, 0x10, 0x00,
    0x01, 0x11, 0x00, 0x00, 0x11, 0x10, 0x00, 0x00, 0x11, 0x11, 0x11, 0x10, 0x00, 0x00, 0x00, 0x00,
    0x00, 0x00, 0x00, 0x00, 0x00, 0x00, 0x00, 0x00, 0x00, 0x00, 0x00, 0x00, 0x00, 0x00, 0x00, 0x00,
    0x00, 0x00, 0x00, 0x00, 0x00, 0x00, 0x00, 0x00, 0x00, 0x00, 0x00, 0x00, 0x00, 0x00, 0x00, 0x00,
    0x11, 0x11, 0x11, 0x11, 0x11, 0x11, 0x11, 0x11, 0x11, 0x11, 0x11, 0x11, 0x11, 0x11, 0x11, 0x11,
    0x11, 0x11, 0x11, 0x11, 0x11, 0x11, 0x11, 0x11, 0x11, 0x11, 0x11, 0x11, 0x11, 0x11, 0x11, 0x11,
    0x22, 0x22, 0x22, 0x22, 0x22, 0x22, 0x22, 0x22, 0x22, 0x22, 0x22, 0x22, 0x22, 0x22, 0x22, 0x22,
    0x22, 0x22, 0x22, 0x22, 0x22, 0x22, 0x22, 0x22, 0x22, 0x22, 0x22, 0x22, 0x22, 0x22, 0x22, 0x22,
    0x33, 0x33, 0x33, 0x33, 0x33, 0x33, 0x33, 0x33, 0x33, 0x33, 0x33, 0x33, 0x33, 0x33, 0x33, 0x33,
    0x33, 0x33, 0x33, 0x33, 0x33, 0x33, 0x33, 0x33, 0x33, 0x33, 0x33, 0x33, 0x33, 0x33, 0x33, 0x33,
    0x00, 0x00, 0x00, 0x00, 0x00, 0x00, 0x00, 0x00, 0x00, 0x00, 0x00, 0x00, 0x00, 0x00, 0x00, 0x00,
    0x00, 0x11, 0x00, 0x00, 0x00, 0x01, 0x00, 0x00, 0x00, 0x10, 0x00, 0x00, 0x00, 0x00, 0x00, 0x00,
    0x00, 0x01, 0x10, 0x00, 0x00, 0x01, 0x10, 0x00, 0x00, 0x01, 0x10, 0x00, 0x00, 0x01, 0x10, 0x00,
    0x00, 0x01, 0x10, 0x00, 0x00, 0x00, 0x00, 0x00, 0x00, 0x01, 0x10, 0x00, 0x00, 0x00, 0x00, 0x00,
    0x00, 0x11, 0x00, 0x00, 0x00, 0x01, 0x00, 0x00, 0x00, 0x10, 0x00, 0x00, 0x00, 0x00, 0x00, 0x00,
    0x00, 0x00, 0x00, 0x00, 0x00, 0x00, 0x00, 0x00, 0x00, 0x00, 0x00, 0x00, 0x00, 0x00, 0x00, 0x00,
    0x00, 0x01, 0x00, 0x00, 0x00, 0x01, 0x00, 0x00, 0x00, 0x01, 0x00, 0x00, 0x11, 0x11, 0x11, 0x10,
    0x00, 0x01, 0x00, 0x00, 0x00, 0x01, 0x00, 0x00, 0x00, 0x01, 0x00, 0x00, 0x00, 0x00, 0x00, 0x00,
    0x00, 0x00, 0x00, 0x00, 0x00, 0x00, 0x00, 0x00, 0x00, 0x00, 0x00, 0x00, 0x00, 0x00, 0x00, 0x00,
    0x00, 0x00, 0x00, 0x00, 0x00, 0x11, 0x00, 0x00, 0x00, 0x11, 0x00, 0x00, 0x00, 0x00, 0x00, 0x00,
    0x00, 0x10, 0x01, 0x00, 0x00, 0x10, 0x01, 0x00, 0x00, 0x10, 0x01, 0x00, 0x00, 0x00, 0x00, 0x00,
    0x00, 0x00, 0x00, 0x00, 0x00, 0x00, 0x00, 0x00, 0x00, 0x00, 0x00, 0x00, 0x00, 0x00, 0x00, 0x00,
    0x00, 0x11, 0x11, 0x00, 0x01, 0x10, 0x01, 0x10, 0x00, 0x00, 0x01, 0x10, 0x00, 0x00, 0x11, 0x00,
    0x00, 0x01, 0x10, 0x00, 0x00, 0x00, 0x00, 0x00, 0x00, 0x01, 0x10, 0x00, 0x00, 0x00, 0x00, 0x00,
    0x00, 0x00, 0x00, 0x00, 0x00, 0x00, 0x00, 0x00, 0x00, 0x00, 0x00, 0x00, 0x01, 0x11, 0x11, 0x00,
    0x00, 0x00, 0x00, 0x00, 0x00, 0x00, 0x00, 0x00, 0x00, 0x00, 0x00, 0x00, 0x00, 0x00, 0x00, 0x00,
    0x00, 0x00, 0x00, 0x00, 0x00, 0x00, 0x00, 0x00, 0x00, 0x00, 0x00, 0x00, 0x00, 0x00, 0x00, 0x00,
    0x00, 0x00, 0x00, 0x00, 0x00, 0x00, 0x00, 0x00, 0x00, 0x00, 0x00, 0x00, 0x00, 0x00, 0x00, 0x00,
    0x00, 0x00, 0x00, 0x00, 0x00, 0x00, 0x00, 0x00, 0x00, 0x00, 0x00, 0x00, 0x00, 0x00, 0x00, 0x00,
    0x00, 0x00, 0x00, 0x00, 0x00, 0x00, 0x00, 0x00, 0x00, 0x00, 0x00, 0x00, 0x00, 0x00, 0x00, 0x00,
    0x00, 0x00, 0x00, 0x00, 0x00, 0x00, 0x00, 0x00, 0x00, 0x00, 0x00, 0x00, 0x00, 0x00, 0x00, 0x00,
    0x00, 0x00, 0x00, 0x00, 0x00, 0x00, 0x00, 0x00, 0x00, 0x00, 0x00, 0x00, 0x00, 0x00, 0x00, 0x00,
    0x00, 0x00, 0x00, 0x00, 0x00, 0x00, 0x00, 0x00, 0x00, 0x00, 0x00, 0x00, 0x00, 0x00, 0x00, 0x00,
    0x00, 0x00, 0x00, 0x00, 0x00, 0x00, 0x00, 0x00, 0x00, 0x00, 0x00, 0x00, 0x00, 0x00, 0x00, 0x00,
    0x00, 0x00, 0x00, 0x00, 0x00, 0x00, 0x00, 0x00, 0x00, 0x00, 0x00, 0x00, 0x00, 0x00, 0x00, 0x00,
    0x00, 0x00, 0x00, 0x00, 0x00, 0x00, 0x00, 0x00, 0x00, 0x00, 0x00, 0x00, 0x00, 0x00, 0x00, 0x00,
    0x00, 0x00, 0x00, 0x00, 0x00, 0x00, 0x00, 0x00, 0x00, 0x00, 0x00, 0x00, 0x00, 0x00, 0x00, 0x00,
    0x00, 0x00, 0x00, 0x00, 0x00, 0x00, 0x00, 0x00, 0x00, 0x00, 0x00, 0x00, 0x00, 0x00, 0x00, 0x00,
    0x00, 0x00, 0x00, 0x00, 0x00, 0x00, 0x00, 0x00, 0x00, 0x00, 0x00, 0x00, 0x00, 0x00, 0x00, 0x00,
    0x00, 0x00, 0x00, 0x00, 0x00, 0x00, 0x00, 0x00, 0x00, 0x00, 0x00, 0x00, 0x00, 0x00, 0x00, 0x00,
    0x00, 0x00, 0x00, 0x00, 0x00, 0x00, 0x00, 0x00, 0x00, 0x00, 0x00, 0x00, 0x00, 0x00, 0x00, 0x00,
    0x00, 0x00, 0x00, 0x00, 0x00, 0x00, 0x00, 0x00, 0x00, 0x00, 0x00, 0x00, 0x00, 0x00, 0x00, 0x00,
    0x00, 0x00, 0x00, 0x00, 0x00, 0x00, 0x00, 0x00, 0x00, 0x00, 0x00, 0x00, 0x00, 0x00, 0x00, 0x00,
    0x00, 0x00, 0x00, 0x00, 0x00, 0x00, 0x00, 0x00, 0x00, 0x00, 0x00, 0x00, 0x00, 0x00, 0x00, 0x00,
    0x00, 0x00, 0x00, 0x00, 0x00, 0x00, 0x00, 0x00, 0x00, 0x00, 0x00, 0x00, 0x00, 0x00, 0x00, 0x00,
    0x00, 0x00, 0x00, 0x00, 0x00, 0x00, 0x00, 0x00, 0x00, 0x00, 0x00, 0x00, 0x00, 0x00, 0x00, 0x00,
    0x00, 0x00, 0x00, 0x00, 0x00, 0x00, 0x00, 0x00, 0x00, 0x00, 0x00, 0x00, 0x00, 0x00, 0x00, 0x00,
    0x00, 0x00, 0x00, 0x00, 0x00, 0x00, 0x00, 0x00, 0x00, 0x00, 0x00, 0x00, 0x00, 0x00, 0x00, 0x00,
    0x00, 0x00, 0x00, 0x00, 0x00, 0x00, 0x00, 0x00, 0x00, 0x00, 0x00, 0x00, 0x00, 0x00, 0x00, 0x00,
    0x00, 0x00, 0x00, 0x00, 0x00, 0x00, 0x00, 0x00, 0x00, 0x00, 0x00, 0x00, 0x00, 0x00, 0x00, 0x00,
    0x00, 0x00, 0x00, 0x00, 0x00, 0x00, 0x00, 0x00, 0x00, 0x00, 0x00, 0x00, 0x00, 0x00, 0x00, 0x00,
    0x00, 0x00, 0x00, 0x00, 0x00, 0x00, 0x00, 0x00, 0x00, 0x00, 0x00, 0x00, 0x00, 0x00, 0x00, 0x00,
    0x00, 0x00, 0x00, 0x00, 0x00, 0x00, 0x00, 0x00, 0x00, 0x00, 0x00, 0x00, 0x00, 0x00, 0x00, 0x00,
    0x00, 0x00, 0x00, 0x00, 0x00, 0x00, 0x00, 0x00, 0x00, 0x00, 0x00, 0x00, 0x00, 0x00, 0x00, 0x00,
    0x00, 0x00, 0x00, 0x00, 0x00, 0x00, 0x00, 0x00, 0x00, 0x00, 0x00, 0x00, 0x00, 0x00, 0x00, 0x00,
    0x00, 0x00, 0x00, 0x00, 0x00, 0x00, 0x00, 0x00, 0x00, 0x00, 0x00, 0x00, 0x00, 0x00, 0x00, 0x00,
    0x00, 0x00, 0x00, 0x00, 0x00, 0x00, 0x00, 0x00, 0x00, 0x00, 0x00, 0x00, 0x00, 0x00, 0x00, 0x00,
    0x00, 0x00, 0x00, 0x00, 0x00, 0x00, 0x00, 0x00, 0x00, 0x00, 0x00, 0x00, 0x00, 0x00, 0x00, 0x00,
    0x00, 0x00, 0x00, 0x00, 0x00, 0x00, 0x00, 0x00, 0x00, 0x00, 0x00, 0x00, 0x00, 0x00, 0x00, 0x00,
    0x00, 0x00, 0x00, 0x00, 0x00, 0x00, 0x00, 0x00, 0x00, 0x00, 0x00, 0x00, 0x00, 0x00, 0x00, 0x00,
    0x00, 0x00, 0x00, 0x00, 0x00, 0x00, 0x00, 0x00, 0x00, 0x00, 0x00, 0x00, 0x00, 0x00, 0x00, 0x00,
    0x00, 0x00, 0x00, 0x00, 0x00, 0x00, 0x00, 0x00, 0x00, 0x00, 0x00, 0x00, 0x00, 0x00, 0x00, 0x00,
    0x00, 0x00, 0x00, 0x00, 0x00, 0x00, 0x00, 0x00, 0x00, 0x00, 0x00, 0x00, 0x00, 0x00, 0x00, 0x00,
    0x00, 0x00, 0x00, 0x00, 0x00, 0x00, 0x00, 0x00, 0x00, 0x00, 0x00, 0x00, 0x00, 0x00, 0x00, 0x00,
    0x00, 0x00, 0x00, 0x00, 0x00, 0x00, 0x00, 0x00, 0x00, 0x00, 0x00, 0x00, 0x00, 0x00, 0x00, 0x00,
    0x00, 0x00, 0x00, 0x00, 0x00, 0x00, 0x00, 0x00, 0x00, 0x00, 0x00, 0x00, 0x00, 0x00, 0x00, 0x00,
    0x00, 0x00, 0x00, 0x00, 0x00, 0x00, 0x00, 0x00, 0x00, 0x00, 0x00, 0x00, 0x00, 0x00, 0x00, 0x00,
    0x00, 0x00, 0x00, 0x00, 0x00, 0x00, 0x00, 0x00, 0x00, 0x00, 0x00, 0x00, 0x00, 0x00, 0x00, 0x00,
    0x00, 0x00, 0x00, 0x00, 0x00, 0x00, 0x00, 0x00, 0x00, 0x00, 0x00, 0x00, 0x00, 0x00, 0x00, 0x00,
    0x00, 0x00, 0x00, 0x00, 0x00, 0x00, 0x00, 0x00, 0x00, 0x00, 0x00, 0x00, 0x00, 0x00, 0x00, 0x00,
    0x00, 0x00, 0x00, 0x00, 0x00, 0x00, 0x00, 0x00, 0x00, 0x00, 0x00, 0x00, 0x00, 0x00, 0x00, 0x00,
    0x00, 0x00, 0x00, 0x00, 0x00, 0x00, 0x00, 0x00, 0x00, 0x00, 0x00, 0x00, 0x00, 0x00, 0x00, 0x00,
    0x00, 0x00, 0x00, 0x00, 0x00, 0x00, 0x00, 0x00, 0x00, 0x00, 0x00, 0x00, 0x00, 0x00, 0x00, 0x00,
    0x00, 0x00, 0x00, 0x00, 0x00, 0x00, 0x00, 0x00, 0x00, 0x00, 0x00, 0x00, 0x00, 0x00, 0x00, 0x00,
    0x00, 0x00, 0x00, 0x00, 0x00, 0x00, 0x00, 0x00, 0x00, 0x00, 0x00, 0x00, 0x00, 0x00, 0x00, 0x00,
    0x00, 0x00, 0x00, 0x00, 0x00, 0x00, 0x00, 0x00, 0x00, 0x00, 0x00, 0x00, 0x00, 0x00, 0x00, 0x00,
    0x00, 0x00, 0x00, 0x00, 0x00, 0x00, 0x00, 0x00, 0x00, 0x00, 0x00, 0x00, 0x00, 0x00, 0x00, 0x00,
    0x00, 0x00, 0x00, 0x00, 0x00, 0x00, 0x00, 0x00, 0x00, 0x00, 0x00, 0x00, 0x00, 0x00, 0x00, 0x00,
    0x00, 0x00, 0x00, 0x00, 0x00, 0x00, 0x00, 0x00, 0x00, 0x00, 0x00, 0x00, 0x00, 0x00, 0x00, 0x00,
    0x00, 0x00, 0x00, 0x00, 0x00, 0x00, 0x00, 0x00, 0x00, 0x00, 0x00, 0x00, 0x00, 0x00, 0x00, 0x00,
    0x00, 0x00, 0x00, 0x00, 0x00, 0x00, 0x00, 0x00, 0x00, 0x00, 0x00, 0x00, 0x00, 0x00, 0x00, 0x00,
    0x00, 0x00, 0x11, 0x21, 0x00, 0x00, 0x22, 0x22, 0x00, 0x00, 0x22, 0x22, 0x00, 0x00, 0x11, 0x11,
    0x00, 0x00, 0x00, 0x00, 0x00, 0x00, 0x00, 0x00, 0x00, 0x00, 0x00, 0x00, 0x00, 0x00, 0x00, 0x00,
    0x00, 0x00, 0x00, 0x00, 0x00, 0x00, 0x00, 0x00, 0x00, 0x00, 0x00, 0x00, 0x00, 0x00, 0x00, 0x00,
    0x00, 0x00, 0x00, 0x00, 0x00, 0x00, 0x00, 0x00, 0x00, 0x00, 0x00, 0x00, 0x00, 0x00, 0x00, 0x00,
    0x00, 0x00, 0x00, 0x00, 0x00, 0x00, 0x00, 0x00, 0x00, 0x00, 0x00, 0x00, 0x00, 0x00, 0x00, 0x00,
    0x00, 0x00, 0x00, 0x00, 0x00, 0x00, 0x00, 0x00, 0x00, 0x00, 0x00, 0x00, 0x00, 0x00, 0x00, 0x00,
    0x00, 0x00, 0x00, 0x00, 0x00, 0x00, 0x00, 0x00, 0x00, 0x00, 0x00, 0x00, 0x00, 0x00, 0x00, 0x00,
    0x00, 0x00, 0x00, 0x00, 0x00, 0x00, 0x00, 0x00, 0x00, 0x00, 0x00, 0x00, 0x00, 0x00, 0x00, 0x00,
    0x00, 0x00, 0x00, 0x00, 0x00, 0x00, 0x00, 0x00, 0x00, 0x00, 0x00, 0x00, 0x00, 0x00, 0x00, 0x00,
    0x03, 0x30, 0x33, 0x00, 0x31, 0x13, 0x00, 0x30, 0x31, 0x11, 0x00, 0x30, 0x31, 0x11, 0x00, 0x30,
    0x30, 0x00, 0x00, 0x30, 0x03, 0x00, 0x03, 0x00, 0x00, 0x30, 0x30, 0x00, 0x00, 0x03, 0x00, 0x00,
    0x03, 0x30, 0x33, 0x00, 0x31, 0x13, 0x00, 0x30, 0x31, 0x11, 0x00, 0x30, 0x31, 0x11, 0x00, 0x30,
    0x31, 0x11, 0x00, 0x30, 0x03, 0x11, 0x03, 0x00, 0x00, 0x31, 0x30, 0x00, 0x00, 0x03, 0x00, 0x00,
    0x03, 0x30, 0x33, 0x00, 0x31, 0x13, 0x00, 0x30, 0x31, 0x11, 0x00, 0x30, 0x31, 0x11, 0x11, 0x30,
    0x31, 0x11, 0x11, 0x30, 0x03, 0x11, 0x13, 0x00, 0x00, 0x31, 0x30, 0x00, 0x00, 0x03, 0x00, 0x00,
    0x03, 0x30, 0x33, 0x00, 0x31, 0x13, 0x00, 0x30, 0x31, 0x11, 0x00, 0x30, 0x31, 0x11, 0x11, 0x30,
    0x31, 0x11, 0x11, 0x30, 0x03, 0x11, 0x13, 0x00, 0x00, 0x31, 0x30, 0x00, 0x00, 0x03, 0x00, 0x00,
    0x00, 0x00, 0x00, 0x00, 0x00, 0x00, 0x00, 0x00, 0x00, 0x00, 0x00, 0x00, 0x00, 0x00, 0x00, 0x00,
    0x00, 0x00, 0x00, 0x00, 0x00, 0x00, 0x00, 0x00, 0x00, 0x00, 0x00, 0x00, 0x00, 0x00, 0x00, 0x00,
    0x11, 0x11, 0x11, 0x11, 0x11, 0x01, 0x11, 0x11, 0x11, 0x11, 0x11, 0x11, 0x11, 0x11, 0x11, 0x01,
    0x10, 0x11, 0x11, 0x11, 0x11, 0x11, 0x11, 0x11, 0x11, 0x11, 0x10, 0x11, 0x11, 0x11, 0x11, 0x11,
    0x00, 0x00, 0x00, 0x00, 0x00, 0x00, 0x00, 0x00, 0x00, 0x00, 0x00, 0x00, 0x00, 0x00, 0x00, 0x00,
    0x00, 0x00, 0x00, 0x00, 0x00, 0x00, 0x00, 0x00, 0x00, 0x00, 0x00, 0x00, 0x00, 0x00, 0x00, 0x00,
    0x11, 0x11, 0x11, 0x11, 0x11, 0x01, 0x11, 0x11, 0x11, 0x11, 0x11, 0x11, 0x11, 0x11, 0x11, 0x01,
    0x10, 0x11, 0x11, 0x11, 0x11, 0x11, 0x11, 0x11, 0x11, 0x11, 0x10, 0x11, 0x11, 0x11, 0x11, 0x11,
    0x22, 0x21, 0x32, 0x22, 0x22, 0x21, 0x32, 0x22, 0x22, 0x21, 0x32, 0x22, 0x22, 0x21, 0x32, 0x22,
    0x22, 0x21, 0x32, 0x22, 0x22, 0x21, 0x32, 0x22, 0x22, 0x21, 0x32, 0x21, 0x21, 0x21, 0x31, 0x12,
    0x22, 0x11, 0x12, 0x22, 0x22, 0x21, 0x31, 0x22, 0x22, 0x21, 0x32, 0x11, 0x22, 0x21, 0x32, 0x22,
    0x22, 0x21, 0x32, 0x22, 0x22, 0x21, 0x32, 0x22, 0x22, 0x21, 0x32, 0x22, 0x22, 0x21, 0x32, 0x22,
    0x22, 0x22, 0x22, 0x22, 0x22, 0x22, 0x22, 0x22, 0x22, 0x22, 0x22, 0x21, 0x11, 0x11, 0x11, 0x11,
    0x33, 0x33, 0x33, 0x31, 0x22, 0x22, 0x22, 0x12, 0x22, 0x22, 0x21, 0x22, 0x22, 0x22, 0x21, 0x22,
    0x22, 0x22, 0x21, 0x22, 0x22, 0x22, 0x21, 0x22, 0x22, 0x22, 0x22, 0x12, 0x33, 0x33, 0x33, 0x31,
    0x11, 0x11, 0x11, 0x11, 0x22, 0x22, 0x22, 0x21, 0x22, 0x22, 0x22, 0x22, 0x22, 0x22, 0x22, 0x22,
    0x22, 0x22, 0x22, 0x22, 0x12, 0x22, 0x22, 0x22, 0x22, 0x22, 0x22, 0x22, 0x11, 0x11, 0x11, 0x11,
    0x33, 0x33, 0x33, 0x33, 0x12, 0x22, 0x22, 0x22, 0x12, 0x22, 0x22, 0x22, 0x21, 0x22, 0x22, 0x22,
    0x21, 0x22, 0x22, 0x22, 0x12, 0x22, 0x22, 0x22, 0x12, 0x22, 0x22, 0x22, 0x33, 0x33, 0x33, 0x33,
    0x11, 0x11, 0x11, 0x11, 0x22, 0x22, 0x22, 0x22, 0x12, 0x22, 0x22, 0x22, 0x22, 0x22, 0x22, 0x22,
    0x22, 0x23, 0x12, 0x22, 0x22, 0x23, 0x12, 0x22, 0x22, 0x23, 0x12, 0x22, 0x22, 0x23, 0x12, 0x22,
    0x22, 0x23, 0x12, 0x22, 0x11, 0x23, 0x12, 0x22, 0x22, 0x13, 0x12, 0x22, 0x22, 0x21, 0x11, 0x22,
    0x21, 0x13, 0x12, 0x12, 0x12, 0x23, 0x12, 0x22, 0x22, 0x23, 0x12, 0x22, 0x22, 0x23, 0x12, 0x22,
    0x22, 0x23, 0x12, 0x22, 0x22, 0x23, 0x12, 0x22, 0x22, 0x23, 0x12, 0x22, 0x22, 0x23, 0x12, 0x22,
    0x00, 0x00, 0x00, 0x00, 0x00, 0x00, 0x00, 0x00, 0x00, 0x00, 0x00, 0x00, 0x00, 0x00, 0x00, 0x00,
    0x00, 0x00, 0x00, 0x00, 0x00, 0x00, 0x00, 0x00, 0x00, 0x00, 0x00, 0x00, 0x00, 0x00, 0x00, 0x00,
    0x00, 0x00, 0x01, 0x00, 0x00, 0x23, 0x33, 0x10, 0x02, 0x12, 0x31, 0x30, 0x21, 0x23, 0x33, 0x33,
    0x21, 0x23, 0x33, 0x33, 0x32, 0x33, 0x33, 0x33, 0x03, 0x33, 0x33, 0x30, 0x00, 0x33, 0x33, 0x00,
    0x00, 0x00, 0x00, 0x00, 0x00, 0x00, 0x00, 0x00, 0x01, 0x00, 0x01, 0x00, 0x00, 0x10, 0x10, 0x00,
    0x00, 0x01, 0x00, 0x00, 0x00, 0x10, 0x10, 0x00, 0x01, 0x00, 0x01, 0x00, 0x00, 0x00, 0x00, 0x00,
    0x00, 0x00, 0x00, 0x00, 0x00, 0x11, 0x00, 0x00, 0x00, 0x11, 0x00, 0x00, 0x00, 0x00, 0x00, 0x00,
    0x00, 0x00, 0x00, 0x00, 0x00, 0x11, 0x00, 0x00, 0x00, 0x11, 0x00, 0x00, 0x00, 0x00, 0x00, 0x00,
    0x00, 0x00, 0x00, 0x00, 0x01, 0x10, 0x11, 0x00, 0x10, 0x01, 0x11, 0x10, 0x10, 0x01, 0x10, 0x10,
    0x10, 0x11, 0x00, 0x10, 0x11, 0x11, 0x00, 0x10, 0x01, 0x10, 0x11, 0x00, 0x00, 0x00, 0x00, 0x00,
    0x00, 0x00, 0x02, 0x22, 0x00, 0x00, 0x00, 0x12, 0x00, 0x00, 0x01, 0x02, 0x00, 0x00, 0x10, 0x00,
    0x03, 0x31, 0x00, 0x00, 0x33, 0x13, 0x00, 0x00, 0x01, 0x33, 0x00, 0x00, 0x10, 0x30, 0x00, 0x00,
    0x03, 0x30, 0x33, 0x00, 0x30, 0x03, 0x00, 0x30, 0x30, 0x00, 0x00, 0x30, 0x30, 0x00, 0x00, 0x30,
    0x30, 0x00, 0x00, 0x30, 0x03, 0x00, 0x03, 0x00, 0x00, 0x30, 0x30, 0x00, 0x00, 0x03, 0x00, 0x00,
    0x33, 0x33, 0x33, 0x30, 0x33, 0x33, 0x33, 0x30, 0x33, 0x33, 0x33, 0x30, 0x00, 0x00, 0x00, 0x00,
    0x00, 0x00, 0x00, 0x00, 0x00, 0x00, 0x00, 0x00, 0x00, 0x00, 0x00, 0x00, 0x00, 0x00, 0x00, 0x00,
    0x22, 0x22, 0x22, 0x21, 0x32, 0x21, 0x22, 0x22, 0x22, 0x22, 0x22, 0x22, 0x21, 0x22, 0x22, 0x32,
    0x22, 0x22, 0x12, 0x22, 0x22, 0x22, 0x22, 0x12, 0x22, 0x12, 0x22, 0x22, 0x22, 0x22, 0x23, 0x22,
    0x00, 0x00, 0x00, 0x00, 0x00, 0x00, 0x00, 0x00, 0x00, 0x00, 0x00, 0x00, 0x00, 0x00, 0x33, 0x33,
    0x00, 0x03, 0x33, 0x33, 0x00, 0x03, 0x30, 0x00, 0x00, 0x03, 0x30, 0x00, 0x00, 0x03, 0x30, 0x00,
    0x00, 0x00, 0x00, 0x00, 0x00, 0x00, 0x00, 0x00, 0x00, 0x00, 0x00, 0x00, 0x33, 0x33, 0x33, 0x33,
    0x33, 0x33, 0x33, 0x33, 0x00, 0x00, 0x00, 0x00, 0x00, 0x00, 0x00, 0x00, 0x00, 0x00, 0x00, 0x00,
    0x00, 0x00, 0x00, 0x00, 0x00, 0x00, 0x00, 0x00, 0x00, 0x00, 0x00, 0x00, 0x33, 0x33, 0x00, 0x00,
    0x33, 0x33, 0x30, 0x00, 0x00, 0x03, 0x30, 0x00, 0x00, 0x03, 0x30, 0x00, 0x00, 0x03, 0x30, 0x00,
    0x00, 0x03, 0x30, 0x00, 0x00, 0x03, 0x30, 0x00, 0x00, 0x03, 0x30, 0x00, 0x00, 0x03, 0x30, 0x00,
    0x00, 0x03, 0x30, 0x00, 0x00, 0x03, 0x30, 0x00, 0x00, 0x03, 0x30, 0x00, 0x00, 0x03, 0x30, 0x00,
    0x00, 0x03, 0x30, 0x00, 0x00, 0x03, 0x30, 0x00, 0x00, 0x03, 0x30, 0x00, 0x33, 0x33, 0x30, 0x00,
    0x33, 0x33, 0x00, 0x00, 0x00, 0x00, 0x00, 0x00, 0x00, 0x00, 0x00, 0x00, 0x00, 0x00, 0x00, 0x00,
    0x00, 0x03, 0x30, 0x00, 0x00, 0x03, 0x30, 0x00, 0x00, 0x03, 0x30, 0x00, 0x00, 0x03, 0x33, 0x33,
    0x00, 0x00, 0x33, 0x33, 0x00, 0x00, 0x00, 0x00, 0x00, 0x00, 0x00, 0x00, 0x00, 0x00, 0x00, 0x00,
    0x11, 0x11, 0x11, 0x11, 0x11, 0x11, 0x11, 0x11, 0x22, 0x22, 0x22, 0x22, 0x33, 0x33, 0x33, 0x33,
    0x11, 0x11, 0x11, 0x11, 0x11, 0x11, 0x11, 0x11, 0x22, 0x22, 0x22, 0x22, 0x33, 0x33, 0x33, 0x33,
    0x33, 0x33, 0x33, 0x33, 0x30, 0x00, 0x00, 0x00, 0x32, 0x20, 0x00, 0x00, 0x32, 0x21, 0x00, 0x00,
    0x32, 0x21, 0x22, 0x20, 0x32, 0x21, 0x22, 0x21, 0x32, 0x21, 0x22, 0x21, 0x32, 0x21, 0x22, 0x21,
    0x32, 0x21, 0x22, 0x21, 0x32, 0x21, 0x22, 0x21, 0x32, 0x21, 0x22, 0x21, 0x32, 0x21, 0x22, 0x21,
    0x32, 0x21, 0x22, 0x21, 0x32, 0x21, 0x22, 0x21, 0x32, 0x21, 0x22, 0x21, 0x33, 0x33, 0x33, 0x33,
    0x33, 0x33, 0x33, 0x33, 0x00, 0x00, 0x00, 0x03, 0x00, 0x00, 0x00, 0x03, 0x00, 0x00, 0x00, 0x03,
    0x00, 0x00, 0x00, 0x03, 0x00, 0x00, 0x00, 0x03, 0x22, 0x20, 0x00, 0x03, 0x22, 0x21, 0x00, 0x03,
    0x22, 0x21, 0x22, 0x23, 0x22, 0x21, 0x22, 0x23, 0x22, 0x21, 0x22, 0x23, 0x22, 0x21, 0x22, 0x23,
    0x22, 0x21, 0x22, 0x23, 0x22, 0x21, 0x22, 0x23, 0x22, 0x21, 0x22, 0x23, 0x33, 0x33, 0x33, 0x33,
    0x23, 0x33, 0x33, 0x33, 0x32, 0x22, 0x22, 0x22, 0x32, 0x22, 0x22, 0x22, 0x32, 0x22, 0x22, 0x22,
    0x32, 0x22, 0x22, 0x22, 0x32, 0x22, 0x22, 0x22, 0x32, 0x22, 0x22, 0x22, 0x32, 0x22, 0x22, 0x22,
    0x32, 0x22, 0x22, 0x22, 0x32, 0x22, 0x22, 0x22, 0x32, 0x22, 0x22, 0x22, 0x32, 0x22, 0x22, 0x22,
    0x32, 0x22, 0x22, 0x22, 0x32, 0x22, 0x22, 0x22, 0x32, 0x22, 0x22, 0x22, 0x20, 0x00, 0x00, 0x00,
    0x33, 0x33, 0x33, 0x32, 0x22, 0x22, 0x22, 0x20, 0x22, 0x22, 0x22, 0x20, 0x22, 0x22, 0x22, 0x20,
    0x22, 0x22, 0x22, 0x20, 0x22, 0x22, 0x22, 0x20, 0x22, 0x22, 0x22, 0x20, 0x22, 0x22, 0x22, 0x20,
    0x22, 0x22, 0x22, 0x20, 0x22, 0x22, 0x22, 0x20, 0x22, 0x22, 0x22, 0x20, 0x22, 0x22, 0x22, 0x20,
    0x22, 0x22, 0x22, 0x20, 0x22, 0x22, 0x22, 0x20, 0x22, 0x22, 0x22, 0x20, 0x00, 0x00, 0x00, 0x02,
    0x22, 0x22, 0x22, 0x22, 0x22, 0x22, 0x22, 0x22, 0x22, 0x22, 0x22, 0x22, 0x22, 0x22, 0x22, 0x22,
    0x11, 0x11, 0x11, 0x11, 0x33, 0x33, 0x33, 0x33, 0x22, 0x22, 0x22, 0x22, 0x22, 0x22, 0x22, 0x22,
    0x32, 0x20, 0x00, 0x00, 0x32, 0x21, 0x11, 0x11, 0x32, 0x21, 0x11, 0x11, 0x32, 0x22, 0x11, 0x11,
    0x13, 0x22, 0x11, 0x11, 0x23, 0x22, 0x11, 0x11, 0x23, 0x22, 0x21, 0x11, 0x22, 0x32, 0x21, 0x11,
    0x22, 0x32, 0x21, 0x11, 0x22, 0x32, 0x22, 0x11, 0x22, 0x23, 0x22, 0x11, 0x11, 0x13, 0x22, 0x11,
    0x33, 0x13, 0x22, 0x21, 0x22, 0x22, 0x32, 0x21, 0x22, 0x22, 0x32, 0x21, 0x22, 0x20, 0x32, 0x20,
    0x00, 0x00, 0x02, 0x21, 0x11, 0x11, 0x12, 0x21, 0x11, 0x11, 0x12, 0x21, 0x11, 0x11, 0x22, 0x21,
    0x11, 0x11, 0x22, 0x13, 0x11, 0x11, 0x22, 0x12, 0x11, 0x12, 0x22, 0x12, 0x11, 0x12, 0x21, 0x22,
    0x11, 0x12, 0x21, 0x22, 0x11, 0x22, 0x21, 0x22, 0x11, 0x22, 0x12, 0x22, 0x11, 0x22, 0x11, 0x11,
    0x12, 0x22, 0x13, 0x33, 0x12, 0x21, 0x22, 0x22, 0x12, 0x21, 0x22, 0x22, 0x02, 0x21, 0x02, 0x22,
    0x22, 0x22, 0x22, 0x22, 0x22, 0x22, 0x22, 0x22, 0x33, 0x33, 0x33, 0x33, 0x11, 0x11, 0x11, 0x11,
    0x22, 0x22, 0x22, 0x22, 0x22, 0x22, 0x22, 0x22, 0x22, 0x22, 0x22, 0x22, 0x22, 0x22, 0x22, 0x22,
    0x22, 0x20, 0x32, 0x20, 0x22, 0x22, 0x32, 0x21, 0x22, 0x22, 0x32, 0x21, 0x33, 0x13, 0x22, 0x21,
    0x11, 0x13, 0x22, 0x11, 0x22, 0x23, 0x22, 0x11, 0x22, 0x32, 0x22, 0x11, 0x22, 0x32, 0x21, 0x11,
    0x22, 0x32, 0x21, 0x11, 0x23, 0x22, 0x21, 0x11, 0x23, 0x22, 0x11, 0x11, 0x13, 0x22, 0x11, 0x11,
    0x32, 0x22, 0x11, 0x11, 0x32, 0x21, 0x11, 0x11, 0x32, 0x21, 0x11, 0x11, 0x32, 0x20, 0x00, 0x00,
    0x02, 0x21, 0x02, 0x22, 0x12, 0x21, 0x22, 0x22, 0x12, 0x21, 0x22, 0x22, 0x12, 0x22, 0x13, 0x33,
    0x11, 0x22, 0x11, 0x11, 0x11, 0x22, 0x12, 0x22, 0x11, 0x22, 0x21, 0x22, 0x11, 0x12, 0x21, 0x22,
    0x11, 0x12, 0x21, 0x22, 0x11, 0x12, 0x22, 0x12, 0x11, 0x11, 0x22, 0x12, 0x11, 0x11, 0x22, 0x13,
    0x11, 0x11, 0x22, 0x21, 0x11, 0x11, 0x12, 0x21, 0x11, 0x11, 0x12, 0x21, 0x00, 0x00, 0x02, 0x21,
    0x22, 0x22, 0x13, 0x22, 0x22, 0x22, 0x13, 0x22, 0x22, 0x22, 0x13, 0x22, 0x22, 0x22, 0x13, 0x22,
    0x22, 0x22, 0x13, 0x22, 0x22, 0x22, 0x13, 0x22, 0x22, 0x22, 0x13, 0x22, 0x22, 0x22, 0x13, 0x22,
    0x33, 0x33, 0x12, 0x22, 0x22, 0x22, 0x33, 0x32, 0x22, 0x22, 0x22, 0x23, 0x01, 0x12, 0x22, 0x22,
    0x01, 0x11, 0x11, 0x22, 0x01, 0x11, 0x11, 0x11, 0x01, 0x11, 0x11, 0x11, 0x01, 0x11, 0x11, 0x11,
    0x01, 0x11, 0x11, 0x11, 0x01, 0x11, 0x11, 0x11, 0x01, 0x11, 0x11, 0x11, 0x01, 0x11, 0x11, 0x22,
    0x01, 0x12, 0x22, 0x22, 0x22, 0x22, 0x22, 0x21, 0x22, 0x22, 0x11, 0x12, 0x11, 0x11, 0x32, 0x22,
    0x22, 0x21, 0x32, 0x22, 0x22, 0x21, 0x32, 0x22, 0x33, 0x21, 0x12, 0x22, 0x22, 0x33, 0x32, 0x20,
    0x22, 0x22, 0x23, 0x33, 0x12, 0x22, 0x22, 0x22, 0x11, 0x11, 0x22, 0x22, 0x11, 0x11, 0x11, 0x10,
    0x11, 0x11, 0x11, 0x10, 0x11, 0x11, 0x22, 0x22, 0x12, 0x22, 0x22, 0x22, 0x22, 0x22, 0x21, 0x11,
    0x22, 0x11, 0x12, 0x20, 0x11, 0x21, 0x32, 0x22, 0x22, 0x21, 0x32, 0x22, 0x22, 0x21, 0x32, 0x22,
    0x22, 0x31, 0x22, 0x22, 0x22, 0x31, 0x22, 0x22, 0x22, 0x31, 0x22, 0x22, 0x22, 0x31, 0x22, 0x22,
    0x22, 0x31, 0x22, 0x22, 0x22, 0x31, 0x22, 0x22, 0x22, 0x31, 0x22, 0x22, 0x22, 0x31, 0x22, 0x22,
    0x22, 0x23, 0x12, 0x22, 0x22, 0x23, 0x12, 0x22, 0x22, 0x21, 0x12, 0x33, 0x02, 0x23, 0x33, 0x22,
    0x33, 0x32, 0x22, 0x22, 0x22, 0x22, 0x22, 0x21, 0x22, 0x22, 0x11, 0x11, 0x01, 0x11, 0x11, 0x11,
    0x01, 0x11, 0x11, 0x11, 0x22, 0x22, 0x11, 0x11, 0x22, 0x22, 0x22, 0x21, 0x11, 0x12, 0x22, 0x22,
    0x02, 0x21, 0x11, 0x22, 0x22, 0x23, 0x12, 0x11, 0x22, 0x23, 0x12, 0x22, 0x22, 0x23, 0x12, 0x22,
    0x22, 0x21, 0x33, 0x33, 0x23, 0x33, 0x22, 0x22, 0x32, 0x22, 0x22, 0x22, 0x22, 0x22, 0x21, 0x10,
    0x22, 0x11, 0x11, 0x10, 0x11, 0x11, 0x11, 0x10, 0x11, 0x11, 0x11, 0x10, 0x11, 0x11, 0x11, 0x10,
    0x11, 0x11, 0x11, 0x10, 0x11, 0x11, 0x11, 0x10, 0x11, 0x11, 0x11, 0x10, 0x22, 0x11, 0x11, 0x10,
    0x22, 0x22, 0x21, 0x10, 0x12, 0x22, 0x22, 0x22, 0x21, 0x11, 0x22, 0x22, 0x22, 0x23, 0x11, 0x11,
    0x20, 0x20, 0x22, 0x22, 0x22, 0x02, 0x22, 0x02, 0x02, 0x20, 0x22, 0x20, 0x02, 0x20, 0x20, 0x00,
    0x20, 0x20, 0x00, 0x00, 0x22, 0x00, 0x00, 0x00, 0x20, 0x00, 0x00, 0x00, 0x20, 0x00, 0x00, 0x00,
    0x20, 0x22, 0x22, 0x22, 0x02, 0x22, 0x02, 0x20, 0x02, 0x20, 0x22, 0x20, 0x00, 0x02, 0x22, 0x20,
    0x00, 0x00, 0x02, 0x02, 0x00, 0x00, 0x00, 0x22, 0x00, 0x00, 0x00, 0x02, 0x00, 0x00, 0x00, 0x02,
    0x20, 0x00, 0x00, 0x00, 0x20, 0x00, 0x00, 0x00, 0x22, 0x00, 0x00, 0x00, 0x20, 0x20, 0x00, 0x00,
    0x02, 0x22, 0x20, 0x00, 0x02, 0x22, 0x02, 0x20, 0x02, 0x20, 0x22, 0x20, 0x22, 0x22, 0x22, 0x02,
    0x00, 0x00, 0x00, 0x02, 0x00, 0x00, 0x00, 0x02, 0x00, 0x00, 0x00, 0x22, 0x00, 0x00, 0x02, 0x02,
    0x00, 0x02, 0x02, 0x20, 0x02, 0x22, 0x02, 0x20, 0x20, 0x22, 0x20, 0x22, 0x22, 0x22, 0x02, 0x02,
    0x22, 0x02, 0x20, 0x22, 0x22, 0x20, 0x22, 0x00, 0x22, 0x20, 0x20, 0x00, 0x22, 0x22, 0x00, 0x00,
    0x22, 0x22, 0x00, 0x00, 0x02, 0x20, 0x00, 0x00, 0x20, 0x20, 0x00, 0x00, 0x20, 0x00, 0x00, 0x00,
    0x22, 0x00, 0x00, 0x00, 0x20, 0x20, 0x00, 0x00, 0x22, 0x20, 0x00, 0x00, 0x22, 0x22, 0x00, 0x00,
    0x22, 0x22, 0x00, 0x00, 0x22, 0x20, 0x20, 0x00, 0x22, 0x02, 0x22, 0x00, 0x20, 0x22, 0x22, 0x22,
    0x22, 0x02, 0x20, 0x22, 0x00, 0x22, 0x02, 0x22, 0x00, 0x02, 0x02, 0x22, 0x00, 0x00, 0x22, 0x22,
    0x00, 0x00, 0x22, 0x22, 0x00, 0x00, 0x02, 0x20, 0x00, 0x00, 0x02, 0x02, 0x00, 0x00, 0x00, 0x02,
    0x00, 0x00, 0x00, 0x22, 0x00, 0x00, 0x02, 0x02, 0x00, 0x00, 0x02, 0x22, 0x00, 0x00, 0x22, 0x22,
    0x00, 0x00, 0x22, 0x22, 0x00, 0x02, 0x02, 0x22, 0x00, 0x22, 0x20, 0x22, 0x22, 0x22, 0x22, 0x02,
    0x20, 0x02, 0x22, 0x23, 0x01, 0x10, 0x23, 0x13, 0x01, 0x11, 0x03, 0x31, 0x01, 0x10, 0x10, 0x01,
    0x01, 0x12, 0x01, 0x01, 0x20, 0x12, 0x00, 0x10, 0x20, 0x11, 0x20, 0x10, 0x20, 0x01, 0x22, 0x10,
    0x00, 0x01, 0x11, 0x11, 0x01, 0x00, 0x31, 0x31, 0x01, 0x01, 0x33, 0x30, 0x01, 0x01, 0x13, 0x30,
    0x01, 0x01, 0x33, 0x30, 0x20, 0x10, 0x13, 0x30, 0x22, 0x01, 0x11, 0x13, 0x22, 0x01, 0x11, 0x11,
    0x31, 0x33, 0x13, 0x30, 0x31, 0x31, 0x33, 0x02, 0x31, 0x31, 0x30, 0x22, 0x10, 0x01, 0x10, 0x02,
    0x03, 0x30, 0x11, 0x10, 0x33, 0x03, 0x11, 0x10, 0x33, 0x00, 0x11, 0x02, 0x33, 0x11, 0x13, 0x02,
    0x00, 0x10, 0x03, 0x22, 0x01, 0x00, 0x00, 0x22, 0x11, 0x00, 0x02, 0x22, 0x10, 0x00, 0x00, 0x22,
    0x10, 0x00, 0x11, 0x02, 0x10, 0x01, 0x11, 0x10, 0x01, 0x12, 0x22, 0x20, 0x12, 0x21, 0x11, 0x02,
    0x00, 0x00, 0x00, 0x00, 0x11, 0x11, 0x11, 0x11, 0x11, 0x11, 0x11, 0x11, 0x33, 0x33, 0x33, 0x33,
    0x31, 0x11, 0x11, 0x11, 0x31, 0x11, 0x11, 0x11, 0x31, 0x11, 0x11, 0x10, 0x13, 0x11, 0x11, 0x00,
    0x13, 0x11, 0x11, 0x00, 0x13, 0x11, 0x11, 0x10, 0x13, 0x11, 0x11, 0x10, 0x11, 0x31, 0x11, 0x10,
    0x11, 0x31, 0x11, 0x10, 0x11, 0x31, 0x11, 0x11, 0x11, 0x31, 0x11, 0x11, 0x00, 0x00, 0x00, 0x00,
    0x00, 0x00, 0x00, 0x00, 0x11, 0x11, 0x11, 0x11, 0x11, 0x11, 0x11, 0x11, 0x33, 0x33, 0x33, 0x33,
    0x11, 0x11, 0x11, 0x13, 0x11, 0x11, 0x11, 0x13, 0x01, 0x11, 0x11, 0x13, 0x00, 0x11, 0x11, 0x31,
    0x00, 0x11, 0x11, 0x31, 0x01, 0x11, 0x11, 0x31, 0x01, 0x11, 0x11, 0x31, 0x01, 0x11, 0x13, 0x11,
    0x01, 0x11, 0x13, 0x11, 0x11, 0x11, 0x13, 0x11, 0x11, 0x11, 0x13, 0x11, 0x00, 0x00, 0x00, 0x00,
    0x00, 0x00, 0x00, 0x00, 0x11, 0x31, 0x11, 0x11, 0x11, 0x31, 0x11, 0x11, 0x11, 0x31, 0x11, 0x10,
    0x11, 0x31, 0x11, 0x10, 0x13, 0x11, 0x11, 0x10, 0x13, 0x11, 0x11, 0x10, 0x13, 0x11, 0x11, 0x00,
    0x13, 0x11, 0x11, 0x00, 0x31, 0x11, 0x11, 0x10, 0x31, 0x11, 0x11, 0x11, 0x31, 0x11, 0x11, 0x11,
    0x33, 0x33, 0x33, 0x33, 0x11, 0x11, 0x11, 0x11, 0x11, 0x11, 0x11, 0x11, 0x00, 0x00, 0x00, 0x00,
    0x00, 0x00, 0x00, 0x00, 0x11, 0x11, 0x13, 0x11, 0x11, 0x11, 0x13, 0x11, 0x01, 0x11, 0x13, 0x11,
    0x01, 0x11, 0x13, 0x11, 0x01, 0x11, 0x11, 0x31, 0x01, 0x11, 0x11, 0x31, 0x00, 0x11, 0x11, 0x31,
    0x00, 0x11, 0x11, 0x31, 0x01, 0x11, 0x11, 0x13, 0x11, 0x11, 0x11, 0x13, 0x11, 0x11, 0x11, 0x13,
    0x33, 0x33, 0x33, 0x33, 0x11, 0x11, 0x11, 0x11, 0x11, 0x11, 0x11, 0x11, 0x00, 0x00, 0x00, 0x00,
    0x01, 0x13, 0x33, 0x31, 0x01, 0x13, 0x11, 0x13, 0x01, 0x13, 0x11, 0x11, 0x01, 0x13, 0x11, 0x11,
    0x01, 0x13, 0x11, 0x11, 0x01, 0x13, 0x11, 0x11, 0x01, 0x13, 0x11, 0x10, 0x01, 0x13, 0x11, 0x00,
    0x01, 0x13, 0x11, 0x00, 0x01, 0x13, 0x11, 0x10, 0x01, 0x13, 0x11, 0x11, 0x01, 0x13, 0x11, 0x11,
    0x01, 0x13, 0x11, 0x11, 0x01, 0x13, 0x11, 0x11, 0x01, 0x13, 0x11, 0x13, 0x01, 0x13, 0x33, 0x31,
    0x11, 0x11, 0x11, 0x10, 0x33, 0x31, 0x11, 0x10, 0x11, 0x13, 0x33, 0x30, 0x11, 0x11, 0x11, 0x10,
    0x11, 0x11, 0x11, 0x10, 0x11, 0x11, 0x11, 0x10, 0x01, 0x11, 0x11, 0x10, 0x00, 0x00, 0x01, 0x10,
    0x00, 0x00, 0x01, 0x10, 0x01, 0x11, 0x11, 0x10, 0x11, 0x11, 0x11, 0x10, 0x11, 0x11, 0x11, 0x10,
    0x11, 0x11, 0x11, 0x10, 0x11, 0x13, 0x33, 0x30, 0x33, 0x31, 0x11, 0x10, 0x11, 0x11, 0x11, 0x10,
    0x01, 0x11, 0x11, 0x11, 0x01, 0x11, 0x13, 0x33, 0x03, 0x33, 0x31, 0x11, 0x01, 0x11, 0x11, 0x11,
    0x01, 0x11, 0x11, 0x11, 0x01, 0x11, 0x11, 0x11, 0x01, 0x11, 0x11, 0x10, 0x01, 0x10, 0x00, 0x00,
    0x01, 0x10, 0x00, 0x00, 0x01, 0x11, 0x11, 0x10, 0x01, 0x11, 0x11, 0x11, 0x01, 0x11, 0x11, 0x11,
    0x01, 0x11, 0x11, 0x11, 0x03, 0x33, 0x31, 0x11, 0x01, 0x11, 0x13, 0x33, 0x01, 0x11, 0x11, 0x11,
    0x13, 0x33, 0x31, 0x10, 0x31, 0x11, 0x31, 0x10, 0x11, 0x11, 0x31, 0x10, 0x11, 0x11, 0x31, 0x10,
    0x11, 0x11, 0x31, 0x10, 0x11, 0x11, 0x31, 0x10, 0x01, 0x11, 0x31, 0x10, 0x00, 0x11, 0x31, 0x10,
    0x00, 0x11, 0x31, 0x10, 0x01, 0x11, 0x31, 0x10, 0x11, 0x11, 0x31, 0x10, 0x11, 0x11, 0x31, 0x10,
    0x11, 0x11, 0x31, 0x10, 0x11, 0x11, 0x31, 0x10, 0x31, 0x11, 0x31, 0x10, 0x13, 0x33, 0x31, 0x10,
    0x00, 0x00, 0x00, 0x00, 0x11, 0x11, 0x11, 0x11, 0x11, 0x11, 0x11, 0x10, 0x11, 0x11, 0x11, 0x30,
    0x11, 0x11, 0x13, 0x11, 0x11, 0x11, 0x31, 0x11, 0x11, 0x13, 0x11, 0x10, 0x11, 0x31, 0x11, 0x10,
    0x11, 0x31, 0x11, 0x11, 0x11, 0x13, 0x11, 0x11, 0x11, 0x11, 0x31, 0x10, 0x11, 0x11, 0x13, 0x10,
    0x11, 0x11, 0x11, 0x33, 0x11, 0x11, 0x11, 0x11, 0x11, 0x11, 0x11, 0x10, 0x00, 0x00, 0x00, 0x00,
    0x00, 0x00, 0x00, 0x00, 0x01, 0x11, 0x11, 0x11, 0x11, 0x11, 0x11, 0x11, 0x33, 0x11, 0x11, 0x11,
    0x01, 0x31, 0x11, 0x11, 0x01, 0x13, 0x11, 0x11, 0x11, 0x11, 0x31, 0x11, 0x11, 0x11, 0x13, 0x11,
    0x01, 0x11, 0x13, 0x11, 0x01, 0x11, 0x31, 0x11, 0x11, 0x13, 0x11, 0x11, 0x11, 0x31, 0x11, 0x11,
    0x03, 0x11, 0x11, 0x11, 0x01, 0x11, 0x11, 0x11, 0x11, 0x11, 0x11, 0x11, 0x00, 0x00, 0x00, 0x00,
    0x01, 0x11, 0x11, 0x11, 0x01, 0x11, 0x11, 0x11, 0x01, 0x11, 0x11, 0x13, 0x01, 0x11, 0x11, 0x31,
    0x01, 0x11, 0x13, 0x11, 0x01, 0x11, 0x31, 0x11, 0x01, 0x13, 0x11, 0x11, 0x00, 0x13, 0x00, 0x11,
    0x01, 0x00, 0x11, 0x00, 0x01, 0x13, 0x11, 0x11, 0x01, 0x11, 0x31, 0x11, 0x01, 0x11, 0x13, 0x11,
    0x01, 0x11, 0x11, 0x31, 0x01, 0x11, 0x11, 0x13, 0x01, 0x11, 0x11, 0x11, 0x01, 0x11, 0x11, 0x11,
    0x11, 0x11, 0x11, 0x10, 0x11, 0x11, 0x11, 0x10, 0x31, 0x11, 0x11, 0x10, 0x13, 0x11, 0x11, 0x10,
    0x11, 0x31, 0x11, 0x10, 0x11, 0x13, 0x11, 0x10, 0x11, 0x11, 0x31, 0x10, 0x00, 0x11, 0x00, 0x10,
    0x11, 0x00, 0x31, 0x00, 0x11, 0x11, 0x31, 0x10, 0x11, 0x13, 0x11, 0x10, 0x11, 0x31, 0x11, 0x10,
    0x13, 0x11, 0x11, 0x10, 0x31, 0x11, 0x11, 0x10, 0x11, 0x11, 0x11, 0x10, 0x11, 0x11, 0x11, 0x10,
    0x23, 0x33, 0x33, 0x33, 0x32, 0x33, 0x33, 0x33, 0x33, 0x23, 0x33, 0x33, 0x33, 0x32, 0x33, 0x33,
    0x33, 0x33, 0x23, 0x33, 0x33, 0x33, 0x32, 0x22, 0x33, 0x33, 0x32, 0x22, 0x33, 0x33, 0x32, 0x22,
    0x33, 0x33, 0x32, 0x22, 0x33, 0x33, 0x32, 0x22, 0x33, 0x33, 0x32, 0x22, 0x33, 0x33, 0x31, 0x11,
    0x33, 0x33, 0x11, 0x11, 0x33, 0x31, 0x11, 0x11, 0x33, 0x11, 0x11, 0x11, 0x31, 0x11, 0x11, 0x11,
    0x33, 0x33, 0x33, 0x31, 0x33, 0x33, 0x33, 0x11, 0x33, 0x33, 0x31, 0x11, 0x33, 0x33, 0x11, 0x11,
    0x33, 0x31, 0x11, 0x11, 0x22, 0x21, 0x11, 0x11, 0x22, 0x21, 0x11, 0x11, 0x22, 0x21, 0x11, 0x11,
    0x22, 0x21, 0x11, 0x11, 0x22, 0x21, 0x11, 0x11, 0x22, 0x21, 0x11, 0x11, 0x11, 0x12, 0x11, 0x11,
    0x11, 0x11, 0x21, 0x11, 0x11, 0x11, 0x12, 0x11, 0x11, 0x11, 0x11, 0x21, 0x11, 0x11, 0x11, 0x12,
    0x20, 0x00, 0x22, 0x00, 0x02, 0x21, 0x00, 0x11, 0x02, 0x22, 0x11, 0x33, 0x03, 0x22, 0x21, 0x03,
    0x03, 0x02, 0x21, 0x13, 0x20, 0x00, 0x22, 0x10, 0x22, 0x00, 0x00, 0x20, 0x22, 0x00, 0x22, 0x22,
    0x20, 0x22, 0x21, 0x11, 0x02, 0x21, 0x11, 0x10, 0x00, 0x00, 0x00, 0x01, 0x22, 0x03, 0x33, 0x11,
    0x20, 0x00, 0x01, 0x11, 0x03, 0x33, 0x11, 0x11, 0x00, 0x00, 0x11, 0x11, 0x03, 0x33, 0x11, 0x10,
    0x02, 0x22, 0x00, 0x00, 0x10, 0x20, 0x11, 0x10, 0x01, 0x01, 0x11, 0x10, 0x30, 0x11, 0x11, 0x02,
    0x30, 0x11, 0x33, 0x33, 0x00, 0x13, 0x33, 0x30, 0x11, 0x03, 0x30, 0x02, 0x11, 0x03, 0x33, 0x10,
    0x10, 0x01, 0x11, 0x10, 0x11, 0x11, 0x11, 0x10, 0x10, 0x11, 0x11, 0x10, 0x01, 0x11, 0x00, 0x10,
    0x10, 0x10, 0x11, 0x02, 0x10, 0x10, 0x11, 0x02, 0x11, 0x01, 0x01, 0x10, 0x00, 0x00, 0x11, 0x10,
    0x11, 0x12, 0x22, 0x22, 0x33, 0x31, 0x12, 0x22, 0x22, 0x23, 0x31, 0x12, 0x22, 0x22, 0x23, 0x31,
    0x22, 0x22, 0x22, 0x23, 0x22, 0x22, 0x22, 0x22, 0x22, 0x22, 0x22, 0x22, 0x22, 0x22, 0x22, 0x22,
    0x22, 0x22, 0x22, 0x22, 0x22, 0x22, 0x22, 0x22, 0x22, 0x22, 0x22, 0x22, 0x22, 0x22, 0x22, 0x21,
    0x22, 0x22, 0x21, 0x13, 0x22, 0x21, 0x13, 0x32, 0x11, 0x13, 0x32, 0x22, 0x33, 0x32, 0x22, 0x22,
    0x22, 0x22, 0x22, 0x22, 0x22, 0x22, 0x22, 0x22, 0x22, 0x22, 0x22, 0x22, 0x12, 0x22, 0x22, 0x22,
    0x31, 0x12, 0x22, 0x22, 0x23, 0x31, 0x12, 0x22, 0x22, 0x23, 0x31, 0x11, 0x22, 0x22, 0x23, 0x33,
    0x22, 0x22, 0x21, 0x11, 0x22, 0x21, 0x13, 0x33, 0x21, 0x13, 0x32, 0x22, 0x13, 0x32, 0x22, 0x22,
    0x32, 0x22, 0x22, 0x22, 0x22, 0x22, 0x22, 0x22, 0x22, 0x22, 0x22, 0x22, 0x22, 0x22, 0x22, 0x22,
    0x22, 0x21, 0x32, 0x22, 0x22, 0x21, 0x32, 0x22, 0x22, 0x21, 0x11, 0x12, 0x22, 0x21, 0x33, 0x31,
    0x22, 0x21, 0x32, 0x23, 0x22, 0x21, 0x32, 0x22, 0x22, 0x21, 0x32, 0x22, 0x22, 0x21, 0x32, 0x22,
    0x22, 0x21, 0x32, 0x22, 0x22, 0x21, 0x32, 0x22, 0x22, 0x21, 0x32, 0x22, 0x22, 0x21, 0x32, 0x21,
    0x22, 0x21, 0x11, 0x13, 0x22, 0x21, 0x33, 0x32, 0x22, 0x21, 0x32, 0x22, 0x22, 0x21, 0x32, 0x22,
    0x22, 0x23, 0x12, 0x22, 0x22, 0x23, 0x12, 0x22, 0x22, 0x23, 0x12, 0x22, 0x12, 0x23, 0x12, 0x22,
    0x31, 0x11, 0x12, 0x22, 0x23, 0x33, 0x12, 0x22, 0x22, 0x23, 0x12, 0x22, 0x22, 0x23, 0x12, 0x22,
    0x22, 0x23, 0x12, 0x22, 0x22, 0x23, 0x12, 0x22, 0x21, 0x11, 0x12, 0x22, 0x13, 0x33, 0x12, 0x22,
    0x32, 0x23, 0x12, 0x22, 0x22, 0x23, 0x12, 0x22, 0x22, 0x23, 0x12, 0x22, 0x22, 0x23, 0x12, 0x22,
    0x13, 0x22, 0x22, 0x22, 0x13, 0x22, 0x22, 0x22, 0x13, 0x22, 0x22, 0x22, 0x21, 0x32, 0x22, 0x22,
    0x21, 0x32, 0x22, 0x22, 0x22, 0x13, 0x22, 0x22, 0x22, 0x13, 0x22, 0x22, 0x22, 0x21, 0x32, 0x22,
    0x22, 0x21, 0x32, 0x22, 0x22, 0x13, 0x22, 0x22, 0x22, 0x13, 0x22, 0x22, 0x21, 0x32, 0x22, 0x22,
    0x21, 0x32, 0x22, 0x22, 0x13, 0x22, 0x22, 0x22, 0x13, 0x22, 0x22, 0x22, 0x13, 0x22, 0x22, 0x22,
    0x22, 0x21, 0x32, 0x22, 0x22, 0x22, 0x13, 0x22, 0x22, 0x22, 0x13, 0x22, 0x22, 0x22, 0x21, 0x32,
    0x22, 0x22, 0x21, 0x32, 0x22, 0x22, 0x22, 0x13, 0x22, 0x22, 0x22, 0x13, 0x22, 0x22, 0x22, 0x13,
    0x22, 0x22, 0x22, 0x13, 0x22, 0x22, 0x22, 0x13, 0x22, 0x22, 0x22, 0x13, 0x22, 0x22, 0x21, 0x32,
    0x22, 0x22, 0x21, 0x32, 0x22, 0x22, 0x13, 0x22, 0x22, 0x22, 0x13, 0x22, 0x22, 0x21, 0x32, 0x22,
    0x12, 0x22, 0x22, 0x22, 0x21, 0x22, 0x22, 0x22, 0x22, 0x12, 0x22, 0x22, 0x22, 0x21, 0x11, 0x11,
    0x22, 0x21, 0x13, 0x33, 0x22, 0x21, 0x31, 0x22, 0x22, 0x21, 0x32, 0x12, 0x22, 0x21, 0x32, 0x21,
    0x22, 0x21, 0x32, 0x21, 0x22, 0x21, 0x32, 0x12, 0x22, 0x21, 0x31, 0x22, 0x22, 0x21, 0x13, 0x33,
    0x22, 0x21, 0x11, 0x11, 0x22, 0x12, 0x22, 0x22, 0x21, 0x22, 0x22, 0x22, 0x12, 0x22, 0x22, 0x22,
    0x12, 0x23, 0x12, 0x22, 0x21, 0x23, 0x12, 0x22, 0x22, 0x13, 0x12, 0x22, 0x33, 0x31, 0x12, 0x22,
    0x11, 0x11, 0x12, 0x22, 0x22, 0x22, 0x21, 0x22, 0x22, 0x22, 0x22, 0x12, 0x22, 0x22, 0x22, 0x21,
    0x22, 0x22, 0x22, 0x21, 0x22, 0x22, 0x22, 0x12, 0x22, 0x22, 0x21, 0x22, 0x11, 0x11, 0x12, 0x22,
    0x33, 0x31, 0x12, 0x22, 0x22, 0x13, 0x12, 0x22, 0x21, 0x23, 0x12, 0x22, 0x12, 0x23, 0x12, 0x22,
    0x22, 0x21, 0x32, 0x22, 0x22, 0x21, 0x32, 0x22, 0x22, 0x21, 0x32, 0x22, 0x12, 0x21, 0x32, 0x22,
    0x31, 0x11, 0x32, 0x22, 0x23, 0x31, 0x32, 0x22, 0x22, 0x21, 0x32, 0x22, 0x22, 0x21, 0x32, 0x22,
    0x22, 0x21, 0x32, 0x22, 0x22, 0x21, 0x32, 0x22, 0x21, 0x11, 0x32, 0x22, 0x13, 0x31, 0x32, 0x22,
    0x32, 0x21, 0x32, 0x22, 0x22, 0x21, 0x32, 0x22, 0x22, 0x21, 0x32, 0x22, 0x22, 0x21, 0x32, 0x22,
    0x22, 0x23, 0x12, 0x22, 0x22, 0x23, 0x12, 0x22, 0x22, 0x23, 0x11, 0x12, 0x22, 0x23, 0x13, 0x31,
    0x22, 0x23, 0x12, 0x23, 0x22, 0x23, 0x12, 0x22, 0x22, 0x23, 0x12, 0x22, 0x22, 0x23, 0x12, 0x22,
    0x22, 0x23, 0x12, 0x22, 0x22, 0x23, 0x12, 0x22, 0x22, 0x23, 0x12, 0x22, 0x22, 0x23, 0x12, 0x21,
    0x22, 0x23, 0x11, 0x13, 0x22, 0x23, 0x13, 0x32, 0x22, 0x23, 0x12, 0x22, 0x22, 0x23, 0x12, 0x22,
    0x22, 0x22, 0x22, 0x22, 0x22, 0x22, 0x22, 0x22, 0x22, 0x22, 0x22, 0x22, 0x11, 0x11, 0x11, 0x11,
    0x33, 0x13, 0x33, 0x33, 0x22, 0x13, 0x22, 0x22, 0x22, 0x13, 0x22, 0x22, 0x22, 0x21, 0x32, 0x22,
    0x22, 0x21, 0x32, 0x22, 0x22, 0x13, 0x22, 0x22, 0x22, 0x13, 0x22, 0x22, 0x33, 0x13, 0x33, 0x33,
    0x11, 0x11, 0x11, 0x11, 0x22, 0x22, 0x22, 0x22, 0x22, 0x22, 0x22, 0x22, 0x22, 0x22, 0x22, 0x22,
    0x22, 0x21, 0x32, 0x22, 0x22, 0x22, 0x13, 0x22, 0x22, 0x22, 0x13, 0x22, 0x33, 0x33, 0x13, 0x33,
    0x11, 0x11, 0x11, 0x11, 0x22, 0x22, 0x22, 0x22, 0x22, 0x22, 0x22, 0x22, 0x22, 0x22, 0x22, 0x22,
    0x22, 0x22, 0x22, 0x22, 0x22, 0x22, 0x22, 0x22, 0x22, 0x22, 0x22, 0x22, 0x11, 0x11, 0x11, 0x11,
    0x33, 0x33, 0x13, 0x33, 0x22, 0x22, 0x13, 0x22, 0x22, 0x22, 0x13, 0x22, 0x22, 0x21, 0x32, 0x22,
    0x22, 0x21, 0x32, 0x22, 0x22, 0x22, 0x13, 0x22, 0x22, 0x22, 0x13, 0x22, 0x11, 0x11, 0x11, 0x11,
    0x33, 0x33, 0x33, 0x33, 0x22, 0x22, 0x22, 0x22, 0x22, 0x22, 0x22, 0x22, 0x22, 0x22, 0x22, 0x22,
    0x22, 0x22, 0x22, 0x22, 0x22, 0x22, 0x22, 0x22, 0x22, 0x22, 0x22, 0x22, 0x33, 0x33, 0x33, 0x33,
    0x11, 0x11, 0x11, 0x11, 0x22, 0x22, 0x13, 0x22, 0x22, 0x22, 0x13, 0x22, 0x22, 0x21, 0x32, 0x22,
    0x22, 0x22, 0x22, 0x22, 0x22, 0x22, 0x22, 0x22, 0x22, 0x22, 0x22, 0x22, 0x33, 0x33, 0x33, 0x33,
    0x11, 0x11, 0x11, 0x11, 0x22, 0x13, 0x22, 0x22, 0x22, 0x13, 0x22, 0x22, 0x22, 0x21, 0x32, 0x22,
    0x22, 0x21, 0x32, 0x22, 0x22, 0x13, 0x22, 0x22, 0x22, 0x13, 0x22, 0x22, 0x11, 0x11, 0x11, 0x11,
    0x33, 0x33, 0x33, 0x33, 0x22, 0x22, 0x22, 0x22, 0x22, 0x22, 0x22, 0x22, 0x22, 0x22, 0x22, 0x22,
    0x22, 0x22, 0x33, 0x02, 0x22, 0x23, 0x33, 0x02, 0x22, 0x33, 0x33, 0x02, 0x22, 0x33, 0x33, 0x00,
    0x22, 0x33, 0x11, 0x00, 0x22, 0x11, 0x11, 0x10, 0x22, 0x21, 0x11, 0x10, 0x22, 0x22, 0x11, 0x11,
    0x22, 0x22, 0x11, 0x11, 0x22, 0x22, 0x11, 0x10, 0x22, 0x11, 0x11, 0x10, 0x22, 0x11, 0x11, 0x00,
    0x22, 0x33, 0x11, 0x00, 0x22, 0x33, 0x33, 0x02, 0x22, 0x23, 0x33, 0x02, 0x22, 0x22, 0x33, 0x02,
    0x11, 0x11, 0x22, 0x22, 0x01, 0x11, 0x12, 0x22, 0x01, 0x11, 0x11, 0x22, 0x00, 0x11, 0x11, 0x22,
    0x00, 0x11, 0x33, 0x22, 0x20, 0x33, 0x33, 0x22, 0x20, 0x33, 0x32, 0x22, 0x20, 0x33, 0x22, 0x22,
    0x20, 0x33, 0x22, 0x22, 0x20, 0x33, 0x32, 0x22, 0x20, 0x33, 0x33, 0x22, 0x00, 0x33, 0x33, 0x22,
    0x00, 0x11, 0x33, 0x22, 0x01, 0x11, 0x11, 0x22, 0x01, 0x11, 0x12, 0x22, 0x11, 0x11, 0x22, 0x22,
    0x22, 0x22, 0x22, 0x22, 0x22, 0x22, 0x22, 0x22, 0x22, 0x33, 0x31, 0x22, 0x23, 0x33, 0x31, 0x12,
    0x33, 0x33, 0x11, 0x11, 0x33, 0x33, 0x11, 0x11, 0x00, 0x00, 0x01, 0x11, 0x22, 0x20, 0x00, 0x01,
    0x22, 0x20, 0x00, 0x01, 0x00, 0x00, 0x01, 0x11, 0x33, 0x33, 0x11, 0x11, 0x33, 0x33, 0x11, 0x11,
    0x23, 0x33, 0x31, 0x12, 0x22, 0x33, 0x31, 0x22, 0x22, 0x22, 0x22, 0x22, 0x22, 0x22, 0x22, 0x22,
    0x11, 0x00, 0x02, 0x22, 0x11, 0x10, 0x00, 0x00, 0x11, 0x11, 0x13, 0x33, 0x11, 0x11, 0x13, 0x33,
    0x22, 0x11, 0x33, 0x32, 0x22, 0x11, 0x33, 0x22, 0x22, 0x22, 0x22, 0x22, 0x22, 0x22, 0x22, 0x22,
    0x22, 0x22, 0x22, 0x22, 0x22, 0x22, 0x22, 0x22, 0x22, 0x11, 0x33, 0x22, 0x22, 0x11, 0x33, 0x32,
    0x11, 0x11, 0x13, 0x33, 0x11, 0x11, 0x13, 0x33, 0x11, 0x10, 0x00, 0x00, 0x11, 0x00, 0x02, 0x22,
    0x22, 0x22, 0x22, 0x22, 0x22, 0x22, 0x22, 0x22, 0x22, 0x22, 0x22, 0x22, 0x11, 0x11, 0x11, 0x11,
    0x33, 0x33, 0x33, 0x33, 0x22, 0x22, 0x22, 0x22, 0x22, 0x22, 0x22, 0x22, 0x22, 0x22, 0x22, 0x22,
    0x22, 0x22, 0x22, 0x22, 0x22, 0x22, 0x22, 0x22, 0x22, 0x22, 0x22, 0x22, 0x33, 0x33, 0x33, 0x33,
    0x11, 0x11, 0x11, 0x11, 0x22, 0x22, 0x22, 0x22, 0x22, 0x22, 0x22, 0x22, 0x22, 0x22, 0x22, 0x22,
    0x22, 0x21, 0x32, 0x22, 0x22, 0x21, 0x32, 0x22, 0x22, 0x21, 0x32, 0x22, 0x22, 0x21, 0x32, 0x22,
    0x22, 0x21, 0x32, 0x22, 0x22, 0x21, 0x32, 0x22, 0x22, 0x21, 0x32, 0x22, 0x22, 0x21, 0x32, 0x22,
    0x22, 0x23, 0x12, 0x22, 0x22, 0x23, 0x12, 0x22, 0x22, 0x23, 0x12, 0x22, 0x22, 0x23, 0x12, 0x22,
    0x22, 0x23, 0x12, 0x22, 0x22, 0x23, 0x12, 0x22, 0x22, 0x23, 0x12, 0x22, 0x22, 0x23, 0x12, 0x22,
    0x12, 0x22, 0x22, 0x22, 0x21, 0x22, 0x22, 0x22, 0x22, 0x12, 0x22, 0x22, 0x22, 0x21, 0x22, 0x22,
    0x22, 0x22, 0x12, 0x22, 0x22, 0x22, 0x21, 0x22, 0x22, 0x22, 0x22, 0x12, 0x22, 0x22, 0x22, 0x21,
    0x22, 0x22, 0x22, 0x21, 0x22, 0x22, 0x22, 0x12, 0x22, 0x22, 0x21, 0x22, 0x22, 0x22, 0x12, 0x22,
    0x22, 0x21, 0x22, 0x22, 0x22, 0x12, 0x22, 0x22, 0x21, 0x22, 0x22, 0x22, 0x12, 0x22, 0x22, 0x22,
    0x22, 0x22, 0x22, 0x22, 0x20, 0x00, 0x00, 0x02, 0x20, 0x00, 0x00, 0x02, 0x20, 0x00, 0x00, 0x02,
    0x20, 0x00, 0x00, 0x02, 0x20, 0x00, 0x00, 0x02, 0x20, 0x00, 0x00, 0x02, 0x22, 0x22, 0x22, 0x22,
    0x22, 0x22, 0x22, 0x22, 0x20, 0x00, 0x00, 0x02, 0x20, 0x00, 0x00, 0x02, 0x20, 0x00, 0x00, 0x00,
    0x20, 0x00, 0x00, 0x00, 0x20, 0x00, 0x00, 0x02, 0x20, 0x00, 0x00, 0x02, 0x22, 0x22, 0x22, 0x22,
    0x22, 0x22, 0x22, 0x22, 0x20, 0x00, 0x00, 0x02, 0x20, 0x00, 0x00, 0x02, 0x00, 0x00, 0x00, 0x02,
    0x00, 0x00, 0x00, 0x02, 0x20, 0x00, 0x00, 0x02, 0x20, 0x00, 0x00, 0x02, 0x22, 0x22, 0x22, 0x22,
    0x22, 0x22, 0x22, 0x22, 0x20, 0x00, 0x00, 0x02, 0x20, 0x00, 0x00, 0x02, 0x00, 0x00, 0x00, 0x00,
    0x00, 0x00, 0x00, 0x00, 0x20, 0x00, 0x00, 0x02, 0x20, 0x00, 0x00, 0x02, 0x22, 0x22, 0x22, 0x22,
    0x22, 0x22, 0x22, 0x22, 0x20, 0x00, 0x00, 0x02, 0x20, 0x00, 0x00, 0x02, 0x20, 0x00, 0x00, 0x02,
    0x20, 0x00, 0x00, 0x02, 0x20, 0x00, 0x00, 0x02, 0x20, 0x00, 0x00, 0x02, 0x22, 0x20, 0x02, 0x22,
    0x22, 0x22, 0x22, 0x22, 0x20, 0x00, 0x00, 0x02, 0x20, 0x00, 0x00, 0x02, 0x20, 0x00, 0x00, 0x00,
    0x20, 0x00, 0x00, 0x00, 0x20, 0x00, 0x00, 0x02, 0x20, 0x00, 0x00, 0x02, 0x22, 0x20, 0x02, 0x22,
    0x22, 0x22, 0x22, 0x22, 0x20, 0x00, 0x00, 0x02, 0x20, 0x00, 0x00, 0x02, 0x00, 0x00, 0x00, 0x02,
    0x00, 0x00, 0x00, 0x02, 0x20, 0x00, 0x00, 0x02, 0x20, 0x00, 0x00, 0x02, 0x22, 0x20, 0x02, 0x22,
    0x22, 0x22, 0x22, 0x22, 0x20, 0x00, 0x00, 0x02, 0x20, 0x00, 0x00, 0x02, 0x00, 0x00, 0x00, 0x00,
    0x00, 0x00, 0x00, 0x00, 0x20, 0x00, 0x00, 0x02, 0x20, 0x00, 0x00, 0x02, 0x22, 0x20, 0x02, 0x22,
    0x22, 0x20, 0x02, 0x22, 0x20, 0x00, 0x00, 0x02, 0x20, 0x00, 0x00, 0x02, 0x20, 0x00, 0x00, 0x02,
    0x20, 0x00, 0x00, 0x02, 0x20, 0x00, 0x00, 0x02, 0x20, 0x00, 0x00, 0x02, 0x22, 0x22, 0x22, 0x22,
    0x22, 0x20, 0x02, 0x22, 0x20, 0x00, 0x00, 0x02, 0x20, 0x00, 0x00, 0x02, 0x20, 0x00, 0x00, 0x00,
    0x20, 0x00, 0x00, 0x00, 0x20, 0x00, 0x00, 0x02, 0x20, 0x00, 0x00, 0x02, 0x22, 0x22, 0x22, 0x22,
    0x22, 0x20, 0x02, 0x22, 0x20, 0x00, 0x00, 0x02, 0x20, 0x00, 0x00, 0x02, 0x00, 0x00, 0x00, 0x02,
    0x00, 0x00, 0x00, 0x02, 0x20, 0x00, 0x00, 0x02, 0x20, 0x00, 0x00, 0x02, 0x22, 0x22, 0x22, 0x22,
    0x22, 0x20, 0x02, 0x22, 0x20, 0x00, 0x00, 0x02, 0x20, 0x00, 0x00, 0x02, 0x00, 0x00, 0x00, 0x00,
    0x00, 0x00, 0x00, 0x00, 0x20, 0x00, 0x00, 0x02, 0x20, 0x00, 0x00, 0x02, 0x22, 0x22, 0x22, 0x22,
    0x22, 0x20, 0x02, 0x22, 0x20, 0x00, 0x00, 0x02, 0x20, 0x00, 0x00, 0x02, 0x20, 0x00, 0x00, 0x02,
    0x20, 0x00, 0x00, 0x02, 0x20, 0x00, 0x00, 0x02, 0x20, 0x00, 0x00, 0x02, 0x22, 0x20, 0x02, 0x22,
    0x22, 0x20, 0x02, 0x22, 0x20, 0x00, 0x00, 0x02, 0x20, 0x00, 0x00, 0x02, 0x20, 0x00, 0x00, 0x00,
    0x20, 0x00, 0x00, 0x00, 0x20, 0x00, 0x00, 0x02, 0x20, 0x00, 0x00, 0x02, 0x22, 0x20, 0x02, 0x22,
    0x22, 0x20, 0x02, 0x22, 0x20, 0x00, 0x00, 0x02, 0x20, 0x00, 0x00, 0x02, 0x00, 0x00, 0x00, 0x02,
    0x00, 0x00, 0x00, 0x02, 0x20, 0x00, 0x00, 0x02, 0x20, 0x00, 0x00, 0x02, 0x22, 0x20, 0x02, 0x22,
    0x22, 0x20, 0x02, 0x22, 0x20, 0x00, 0x00, 0x02, 0x20, 0x00, 0x00, 0x02, 0x00, 0x00, 0x00, 0x00,
    0x00, 0x00, 0x00, 0x00, 0x20, 0x00, 0x00, 0x02, 0x20, 0x00, 0x00, 0x02, 0x22, 0x20, 0x02, 0x22,
    0x03, 0x30, 0x33, 0x00, 0x31, 0x13, 0x11, 0x30, 0x31, 0x11, 0x11, 0x30, 0x31, 0x11, 0x11, 0x30,
    0x31, 0x11, 0x11, 0x30, 0x03, 0x11, 0x13, 0x00, 0x00, 0x31, 0x30, 0x00, 0x00, 0x03, 0x00, 0x00,
    0x00, 0x00, 0x00, 0x00, 0x00, 0x00, 0x00, 0x00, 0x00, 0x00, 0x00, 0x00, 0x00, 0x00, 0x00, 0x00,
    0x00, 0x00, 0x00, 0x00, 0x00, 0x00, 0x00, 0x00, 0x00, 0x00, 0x00, 0x00, 0x00, 0x00, 0x00, 0x00,
    0x11, 0x11, 0x11, 0x11, 0x11, 0x11, 0x11, 0x11, 0x11, 0x11, 0x11, 0x11, 0x11, 0x11, 0x11, 0x11,
    0x11, 0x11, 0x11, 0x11, 0x11, 0x11, 0x11, 0x11, 0x11, 0x11, 0x11, 0x11, 0x11, 0x11, 0x11, 0x11,
    0x22, 0x22, 0x22, 0x22, 0x22, 0x22, 0x22, 0x22, 0x22, 0x22, 0x22, 0x22, 0x22, 0x22, 0x22, 0x22,
    0x22, 0x22, 0x22, 0x22, 0x22, 0x22, 0x22, 0x22, 0x22, 0x22, 0x22, 0x22, 0x22, 0x22, 0x22, 0x22,
    0x21, 0x32, 0x22, 0x22, 0x21, 0x22, 0x22, 0x22, 0x21, 0x22, 0x22, 0x22, 0x11, 0x11, 0x11, 0x11,
    0x22, 0x22, 0x21, 0x32, 0x22, 0x22, 0x21, 0x22, 0x22, 0x22, 0x21, 0x22, 0x11, 0x11, 0x11, 0x11,
    0x00, 0x02, 0x33, 0x31, 0x00, 0x32, 0x22, 0x12, 0x03, 0x22, 0x22, 0x12, 0x22, 0x22, 0x22, 0x11,
    0x32, 0x22, 0x21, 0x22, 0x32, 0x22, 0x12, 0x20, 0x31, 0x11, 0x22, 0x00, 0x22, 0x21, 0x20, 0x00,
    0x00, 0x00, 0x00, 0x00, 0x00, 0x00, 0x00, 0x00, 0x00, 0x00, 0x00, 0x00, 0x00, 0x00, 0x00, 0x00,
    0x00, 0x00, 0x00, 0x00, 0x00, 0x00, 0x00, 0x00, 0x00, 0x00, 0x01, 0x01, 0x00, 0x00, 0x00, 0x00,
    0x00, 0x00, 0x32, 0x20, 0x00, 0x03, 0x00, 0x22, 0x00, 0x02, 0x00, 0x02, 0x00, 0x00, 0x20, 0x02,
    0x02, 0x02, 0x02, 0x20, 0x20, 0x20, 0x00, 0x00, 0x02, 0x00, 0x00, 0x00, 0x20, 0x00, 0x00, 0x00,
    0x11, 0x11, 0x11, 0x01, 0x22, 0x22, 0x22, 0x01, 0x22, 0x22, 0x22, 0x01, 0x00, 0x00, 0x00, 0x00,
    0x11, 0x01, 0x11, 0x11, 0x22, 0x01, 0x22, 0x22, 0x22, 0x01, 0x22, 0x22, 0x00, 0x00, 0x00, 0x00,
    0x00, 0x00, 0x00, 0x00, 0x00, 0x00, 0x00, 0x00, 0x00, 0x00, 0x00, 0x00, 0x00, 0x00, 0x00, 0x00,
    0x33, 0x33, 0x33, 0x30, 0x33, 0x33, 0x33, 0x30, 0x33, 0x33, 0x33, 0x30, 0x00, 0x00, 0x00, 0x00,
    0x00, 0x11, 0x11, 0x00, 0x01, 0x00, 0x00, 0x10, 0x10, 0x01, 0x10, 0x01, 0x10, 0x10, 0x00, 0x01,
    0x10, 0x10, 0x00, 0x01, 0x10, 0x01, 0x10, 0x01, 0x01, 0x00, 0x00, 0x10, 0x00, 0x11, 0x11, 0x00,
    0x00, 0x00, 0x02, 0x00, 0x00, 0x02, 0x02, 0x20, 0x20, 0x02, 0x22, 0x20, 0x20, 0x02, 0x22, 0x22,
    0x20, 0x22, 0x22, 0x22, 0x20, 0x22, 0x22, 0x22, 0x22, 0x22, 0x22, 0x22, 0x22, 0x22, 0x22, 0x22,
    0x22, 0x22, 0x22, 0x22, 0x22, 0x22, 0x22, 0x22, 0x20, 0x22, 0x22, 0x22, 0x20, 0x22, 0x22, 0x22,
    0x20, 0x22, 0x22, 0x22, 0x20, 0x02, 0x22, 0x02, 0x00, 0x02, 0x20, 0x02, 0x00, 0x00, 0x20, 0x00,
    0x33, 0x33, 0x33, 0x30, 0x33, 0x33, 0x33, 0x30, 0x33, 0x33, 0x33, 0x30, 0x00, 0x00, 0x00, 0x00,
    0x33, 0x33, 0x33, 0x30, 0x33, 0x33, 0x33, 0x30, 0x33, 0x33, 0x33, 0x30, 0x00, 0x00, 0x00, 0x00,
    0x00, 0x55, 0x50, 0x00, 0x05, 0x00, 0x55, 0x00, 0x55, 0x00, 0x05, 0x50, 0x55, 0x00, 0x05, 0x50,
    0x55, 0x00, 0x05, 0x50, 0x05, 0x50, 0x05, 0x00, 0x00, 0x55, 0x50, 0x00, 0x00, 0x00, 0x00, 0x00,
    0x00, 0x05, 0x50, 0x00, 0x00, 0x55, 0x50, 0x00, 0x00, 0x05, 0x50, 0x00, 0x00, 0x05, 0x50, 0x00,
    0x00, 0x05, 0x50, 0x00, 0x00, 0x05, 0x50, 0x00, 0x05, 0x55, 0x55, 0x50, 0x00, 0x00, 0x00, 0x00,
    0x05, 0x55, 0x55, 0x00, 0x55, 0x00, 0x05, 0x50, 0x00, 0x00, 0x55, 0x50, 0x00, 0x55, 0x55, 0x00,
    0x05, 0x55, 0x50, 0x00, 0x55, 0x50, 0x00, 0x00, 0x55, 0x55, 0x55, 0x50, 0x00, 0x00, 0x00, 0x00,
    0x05, 0x55, 0x55, 0x50, 0x00, 0x00, 0x55, 0x00, 0x00, 0x05, 0x50, 0x00, 0x00, 0x55, 0x55, 0x00,
    0x00, 0x00, 0x05, 0x50, 0x55, 0x00, 0x05, 0x50, 0x05, 0x55, 0x55, 0x00, 0x00, 0x00, 0x00, 0x00,
    0x00, 0x05, 0x55, 0x00, 0x00, 0x55, 0x55, 0x00, 0x05, 0x50, 0x55, 0x00, 0x55, 0x00, 0x55, 0x00,
    0x55, 0x55, 0x55, 0x50, 0x00, 0x00, 0x55, 0x00, 0x00, 0x00, 0x55, 0x00, 0x00, 0x00, 0x00, 0x00,
    0x55, 0x55, 0x55, 0x00, 0x55, 0x00, 0x00, 0x00, 0x55, 0x55, 0x55, 0x00, 0x00, 0x00, 0x05, 0x50,
    0x00, 0x00, 0x05, 0x50, 0x55, 0x00, 0x05, 0x50, 0x05, 0x55, 0x55, 0x00, 0x00, 0x00, 0x00, 0x00,
    0x00, 0x55, 0x55, 0x00, 0x05, 0x50, 0x00, 0x00, 0x55, 0x00, 0x00, 0x00, 0x55, 0x55, 0x55, 0x00,
    0x55, 0x00, 0x05, 0x50, 0x55, 0x00, 0x05, 0x50, 0x05, 0x55, 0x55, 0x00, 0x00, 0x00, 0x00, 0x00,
    0x55, 0x55, 0x55, 0x50, 0x55, 0x00, 0x05, 0x50, 0x00, 0x00, 0x55, 0x00, 0x00, 0x05, 0x50, 0x00,
    0x00, 0x55, 0x00, 0x00, 0x00, 0x55, 0x00, 0x00, 0x00, 0x55, 0x00, 0x00, 0x00, 0x00, 0x00, 0x00,
    0x05, 0x55, 0x50, 0x00, 0x55, 0x00, 0x05, 0x00, 0x55, 0x50, 0x05, 0x00, 0x05, 0x55, 0x50, 0x00,
    0x50, 0x00, 0x05, 0x50, 0x50, 0x00, 0x05, 0x50, 0x05, 0x55, 0x55, 0x00, 0x00, 0x00, 0x00, 0x00,
    0x05, 0x55, 0x55, 0x00, 0x55, 0x00, 0x05, 0x50, 0x55, 0x00, 0x05, 0x50, 0x05, 0x55, 0x55, 0x50,
    0x00, 0x00, 0x05, 0x50, 0x00, 0x00, 0x55, 0x00, 0x05, 0x55, 0x50, 0x00, 0x00, 0x00, 0x00, 0x00,
    0x00, 0x55, 0x50, 0x00, 0x05, 0x50, 0x55, 0x00, 0x55, 0x00, 0x05, 0x50, 0x55, 0x00, 0x05, 0x50,
    0x55, 0x55, 0x55, 0x50, 0x55, 0x00, 0x05, 0x50, 0x55, 0x00, 0x05, 0x50, 0x00, 0x00, 0x00, 0x00,
    0x55, 0x55, 0x55, 0x00, 0x55, 0x00, 0x05, 0x50, 0x55, 0x00, 0x05, 0x50, 0x55, 0x55, 0x55, 0x00,
    0x55, 0x00, 0x05, 0x50, 0x55, 0x00, 0x05, 0x50, 0x55, 0x55, 0x55, 0x00, 0x00, 0x00, 0x00, 0x00,
    0x00, 0x55, 0x55, 0x00, 0x05, 0x50, 0x05, 0x50, 0x55, 0x00, 0x00, 0x00, 0x55, 0x00, 0x00, 0x00,
    0x55, 0x00, 0x00, 0x00, 0x05, 0x50, 0x05, 0x50, 0x00, 0x55, 0x55, 0x00, 0x00, 0x00, 0x00, 0x00,
    0x55, 0x55, 0x50, 0x00, 0x55, 0x00, 0x55, 0x00, 0x55, 0x00, 0x05, 0x50, 0x55, 0x00, 0x05, 0x50,
    0x55, 0x00, 0x05, 0x50, 0x55, 0x00, 0x55, 0x00, 0x55, 0x55, 0x50, 0x00, 0x00, 0x00, 0x00, 0x00,
    0x55, 0x55, 0x55, 0x50, 0x55, 0x00, 0x00, 0x00, 0x55, 0x00, 0x00, 0x00, 0x55, 0x55, 0x55, 0x00,
    0x55, 0x00, 0x00, 0x00, 0x55, 0x00, 0x00, 0x00, 0x55, 0x55, 0x55, 0x50, 0x00, 0x00, 0x00, 0x00,
    0x55, 0x55, 0x55, 0x50, 0x55, 0x00, 0x00, 0x00, 0x55, 0x00, 0x00, 0x00, 0x55, 0x55, 0x55, 0x00,
    0x55, 0x00, 0x00, 0x00, 0x55, 0x00, 0x00, 0x00, 0x55, 0x00, 0x00, 0x00, 0x00, 0x00, 0x00, 0x00,
    0x00, 0x55, 0x55, 0x50, 0x05, 0x50, 0x00, 0x00, 0x55, 0x00, 0x00, 0x00, 0x55, 0x00, 0x55, 0x50,
    0x55, 0x00, 0x05, 0x50, 0x05, 0x50, 0x05, 0x50, 0x00, 0x55, 0x55, 0x50, 0x00, 0x00, 0x00, 0x00,
    0x55, 0x00, 0x05, 0x50, 0x55, 0x00, 0x05, 0x50, 0x55, 0x00, 0x05, 0x50, 0x55, 0x55, 0x55, 0x50,
    0x55, 0x00, 0x05, 0x50, 0x55, 0x00, 0x05, 0x50, 0x55, 0x00, 0x05, 0x50, 0x00, 0x00, 0x00, 0x00,
    0x00, 0x55, 0x55, 0x00, 0x00, 0x05, 0x50, 0x00, 0x00, 0x05, 0x50, 0x00, 0x00, 0x05, 0x50, 0x00,
    0x00, 0x05, 0x50, 0x00, 0x00, 0x05, 0x50, 0x00, 0x00, 0x55, 0x55, 0x00, 0x00, 0x00, 0x00, 0x00,
    0x00, 0x05, 0x55, 0x50, 0x00, 0x00, 0x05, 0x50, 0x00, 0x00, 0x05, 0x50, 0x00, 0x00, 0x05, 0x50,
    0x55, 0x00, 0x05, 0x50, 0x55, 0x00, 0x05, 0x50, 0x05, 0x55, 0x55, 0x00, 0x00, 0x00, 0x00, 0x00,
    0x55, 0x00, 0x05, 0x50, 0x55, 0x00, 0x55, 0x00, 0x55, 0x05, 0x50, 0x00, 0x55, 0x55, 0x00, 0x00,
    0x55, 0x05, 0x50, 0x00, 0x55, 0x00, 0x55, 0x00, 0x55, 0x00, 0x05, 0x50, 0x00, 0x00, 0x00, 0x00,
    0x05, 0x50, 0x00, 0x00, 0x05, 0x50, 0x00, 0x00, 0x05, 0x50, 0x00, 0x00, 0x05, 0x50, 0x00, 0x00,
    0x05, 0x50, 0x00, 0x00, 0x05, 0x50, 0x00, 0x00, 0x05, 0x55, 0x55, 0x50, 0x00, 0x00, 0x00, 0x00,
    0x55, 0x00, 0x05, 0x50, 0x55, 0x50, 0x55, 0x50, 0x55, 0x55, 0x55, 0x50, 0x55, 0x55, 0x55, 0x50,
    0x55, 0x05, 0x05, 0x50, 0x55, 0x00, 0x05, 0x50, 0x55, 0x00, 0x05, 0x50, 0x00, 0x00, 0x00, 0x00,
    0x55, 0x00, 0x05, 0x50, 0x55, 0x50, 0x05, 0x50, 0x55, 0x55, 0x05, 0x50, 0x55, 0x55, 0x55, 0x50,
    0x55, 0x05, 0x55, 0x50, 0x55, 0x00, 0x55, 0x50, 0x55, 0x00, 0x05, 0x50, 0x00, 0x00, 0x00, 0x00,
    0x05, 0x55, 0x55, 0x00, 0x55, 0x00, 0x05, 0x50, 0x55, 0x00, 0x05, 0x50, 0x55, 0x00, 0x05, 0x50,
    0x55, 0x00, 0x05, 0x50, 0x55, 0x00, 0x05, 0x50, 0x05, 0x55, 0x55, 0x00, 0x00, 0x00, 0x00, 0x00,
    0x55, 0x55, 0x55, 0x00, 0x55, 0x00, 0x05, 0x50, 0x55, 0x00, 0x05, 0x50, 0x55, 0x55, 0x55, 0x00,
    0x55, 0x00, 0x00, 0x00, 0x55, 0x00, 0x00, 0x00, 0x55, 0x00, 0x00, 0x00, 0x00, 0x00, 0x00, 0x00,
    0x05, 0x55, 0x55, 0x00, 0x55, 0x00, 0x05, 0x50, 0x55, 0x00, 0x05, 0x50, 0x55, 0x00, 0x05, 0x50,
    0x55, 0x05, 0x55, 0x50, 0x55, 0x00, 0x55, 0x00, 0x05, 0x55, 0x50, 0x50, 0x00, 0x00, 0x00, 0x00,
    0x55, 0x55, 0x55, 0x00, 0x55, 0x00, 0x05, 0x50, 0x55, 0x00, 0x05, 0x50, 0x55, 0x55, 0x55, 0x00,
    0x55, 0x05, 0x50, 0x00, 0x55, 0x00, 0x55, 0x00, 0x55, 0x00, 0x05, 0x50, 0x00, 0x00, 0x00, 0x00,
    0x05, 0x55, 0x50, 0x00, 0x55, 0x00, 0x55, 0x00, 0x55, 0x00, 0x00, 0x00, 0x05, 0x55, 0x55, 0x00,
    0x00, 0x00, 0x05, 0x50, 0x55, 0x00, 0x05, 0x50, 0x05, 0x55, 0x55, 0x00, 0x00, 0x00, 0x00, 0x00,
    0x05, 0x55, 0x55, 0x50, 0x00, 0x05, 0x50, 0x00, 0x00, 0x05, 0x50, 0x00, 0x00, 0x05, 0x50, 0x00,
    0x00, 0x05, 0x50, 0x00, 0x00, 0x05, 0x50, 0x00, 0x00, 0x05, 0x50, 0x00, 0x00, 0x00, 0x00, 0x00,
    0x55, 0x00, 0x05, 0x50, 0x55, 0x00, 0x05, 0x50, 0x55, 0x00, 0x05, 0x50, 0x55, 0x00, 0x05, 0x50,
    0x55, 0x00, 0x05, 0x50, 0x55, 0x00, 0x05, 0x50, 0x05, 0x55, 0x55, 0x00, 0x00, 0x00, 0x00, 0x00,
    0x55, 0x00, 0x05, 0x50, 0x55, 0x00, 0x05, 0x50, 0x55, 0x00, 0x05, 0x50, 0x55, 0x50, 0x55, 0x50,
    0x05, 0x55, 0x55, 0x00, 0x00, 0x55, 0x50, 0x00, 0x00, 0x05, 0x00, 0x00, 0x00, 0x00, 0x00, 0x00,
    0x55, 0x00, 0x05, 0x50, 0x55, 0x00, 0x05, 0x50, 0x55, 0x05, 0x05, 0x50, 0x55, 0x55, 0x55, 0x50,
    0x55, 0x55, 0x55, 0x50, 0x55, 0x50, 0x55, 0x50, 0x55, 0x00, 0x05, 0x50, 0x00, 0x00, 0x00, 0x00,
    0x55, 0x00, 0x05, 0x50, 0x55, 0x50, 0x55, 0x50, 0x05, 0x55, 0x55, 0x00, 0x00, 0x55, 0x50, 0x00,
    0x05, 0x55, 0x55, 0x00, 0x55, 0x50, 0x55, 0x50, 0x55, 0x00, 0x05, 0x50, 0x00, 0x00, 0x00, 0x00,
    0x05, 0x50, 0x05, 0x50, 0x05, 0x50, 0x05, 0x50, 0x05, 0x50, 0x05, 0x50, 0x00, 0x55, 0x55, 0x00,
    0x00, 0x05, 0x50, 0x00, 0x00, 0x05, 0x50, 0x00, 0x00, 0x05, 0x50, 0x00, 0x00, 0x00, 0x00, 0x00,
    0x55, 0x55, 0x55, 0x50, 0x00, 0x00, 0x55, 0x50, 0x00, 0x05, 0x55, 0x00, 0x00, 0x55, 0x50, 0x00,
    0x05, 0x55, 0x00, 0x00, 0x55, 0x50, 0x00, 0x00, 0x55, 0x55, 0x55, 0x50, 0x00, 0x00, 0x00, 0x00,
    0x00, 0x00, 0x00, 0x00, 0x00, 0x00, 0x00, 0x00, 0x00, 0x00, 0x00, 0x00, 0x00, 0x00, 0x00, 0x00,
    0x00, 0x00, 0x00, 0x00, 0x00, 0x00, 0x00, 0x00, 0x00, 0x00, 0x00, 0x00, 0x00, 0x00, 0x00, 0x00,
    0x55, 0x55, 0x55, 0x55, 0x55, 0x55, 0x55, 0x55, 0x55, 0x55, 0x55, 0x55, 0x55, 0x55, 0x55, 0x55,
    0x55, 0x55, 0x55, 0x55, 0x55, 0x55, 0x55, 0x55, 0x55, 0x55, 0x55, 0x55, 0x55, 0x55, 0x55, 0x55,
    0x66, 0x66, 0x66, 0x66, 0x66, 0x66, 0x66, 0x66, 0x66, 0x66, 0x66, 0x66, 0x66, 0x66, 0x66, 0x66,
    0x66, 0x66, 0x66, 0x66, 0x66, 0x66, 0x66, 0x66, 0x66, 0x66, 0x66, 0x66, 0x66, 0x66, 0x66, 0x66,
    0x77, 0x77, 0x77, 0x77, 0x77, 0x77, 0x77, 0x77, 0x77, 0x77, 0x77, 0x77, 0x77, 0x77, 0x77, 0x77,
    0x77, 0x77, 0x77, 0x77, 0x77, 0x77, 0x77, 0x77, 0x77, 0x77, 0x77, 0x77, 0x77, 0x77, 0x77, 0x77,
    0x00, 0x00, 0x00, 0x00, 0x00, 0x00, 0x00, 0x00, 0x00, 0x00, 0x00, 0x00, 0x00, 0x00, 0x00, 0x00,
    0x00, 0x55, 0x00, 0x00, 0x00, 0x05, 0x00, 0x00, 0x00, 0x50, 0x00, 0x00, 0x00, 0x00, 0x00, 0x00,
    0x00, 0x05, 0x50, 0x00, 0x00, 0x05, 0x50, 0x00, 0x00, 0x05, 0x50, 0x00, 0x00, 0x05, 0x50, 0x00,
    0x00, 0x05, 0x50, 0x00, 0x00, 0x00, 0x00, 0x00, 0x00, 0x05, 0x50, 0x00, 0x00, 0x00, 0x00, 0x00,
    0x00, 0x55, 0x00, 0x00, 0x00, 0x05, 0x00, 0x00, 0x00, 0x50, 0x00, 0x00, 0x00, 0x00, 0x00, 0x00,
    0x00, 0x00, 0x00, 0x00, 0x00, 0x00, 0x00, 0x00, 0x00, 0x00, 0x00, 0x00, 0x00, 0x00, 0x00, 0x00,
    0x00, 0x05, 0x00, 0x00, 0x00, 0x05, 0x00, 0x00, 0x00, 0x05, 0x00, 0x00, 0x55, 0x55, 0x55, 0x50,
    0x00, 0x05, 0x00, 0x00, 0x00, 0x05, 0x00, 0x00, 0x00, 0x05, 0x00, 0x00, 0x00, 0x00, 0x00, 0x00,
    0x00, 0x00, 0x00, 0x00, 0x00, 0x00, 0x00, 0x00, 0x00, 0x00, 0x00, 0x00, 0x00, 0x00, 0x00, 0x00,
    0x00, 0x00, 0x00, 0x00, 0x00, 0x55, 0x00, 0x00, 0x00, 0x55, 0x00, 0x00, 0x00, 0x00, 0x00, 0x00,
    0x00, 0x50, 0x05, 0x00, 0x00, 0x50, 0x05, 0x00, 0x00, 0x50, 0x05, 0x00, 0x00, 0x00, 0x00, 0x00,
    0x00, 0x00, 0x00, 0x00, 0x00, 0x00, 0x00, 0x00, 0x00, 0x00, 0x00, 0x00, 0x00, 0x00, 0x00, 0x00,
    0x00, 0x55, 0x55, 0x00, 0x05, 0x50, 0x05, 0x50, 0x00, 0x00, 0x05, 0x50, 0x00, 0x00, 0x55, 0x00,
    0x00, 0x05, 0x50, 0x00, 0x00, 0x00, 0x00, 0x00, 0x00, 0x05, 0x50, 0x00, 0x00, 0x00, 0x00, 0x00,
    0x00, 0x00, 0x00, 0x00, 0x00, 0x00, 0x00, 0x00, 0x00, 0x00, 0x00, 0x00, 0x05, 0x55, 0x55, 0x00,
    0x00, 0x00, 0x00, 0x00, 0x00, 0x00, 0x00, 0x00, 0x00, 0x00, 0x00, 0x00, 0x00, 0x00, 0x00, 0x00,
    0x00, 0x00, 0x00, 0x00, 0x00, 0x00, 0x00, 0x00, 0x00, 0x00, 0x00, 0x00, 0x00, 0x00, 0x00, 0x00,
    0x00, 0x00, 0x00, 0x00, 0x00, 0x00, 0x00, 0x00, 0x00, 0x00, 0x00, 0x00, 0x00, 0x00, 0x00, 0x00,
    0x00, 0x00, 0x00, 0x00, 0x00, 0x00, 0x00, 0x00, 0x00, 0x00, 0x00, 0x00, 0x00, 0x00, 0x00, 0x00,
    0x00, 0x00, 0x00, 0x00, 0x00, 0x00, 0x00, 0x00, 0x00, 0x00, 0x00, 0x00, 0x00, 0x00, 0x00, 0x00,
    0x00, 0x00, 0x00, 0x00, 0x00, 0x00, 0x00, 0x00, 0x00, 0x00, 0x00, 0x00, 0x00, 0x00, 0x00, 0x00,
    0x00, 0x00, 0x00, 0x00, 0x00, 0x00, 0x00, 0x00, 0x00, 0x00, 0x00, 0x00, 0x00, 0x00, 0x00, 0x00,
    0x00, 0x00, 0x00, 0x00, 0x00, 0x00, 0x00, 0x00, 0x00, 0x00, 0x00, 0x00, 0x00, 0x00, 0x00, 0x00,
    0x00, 0x00, 0x00, 0x00, 0x00, 0x00, 0x00, 0x00, 0x00, 0x00, 0x00, 0x00, 0x00, 0x00, 0x00, 0x00,
    0x00, 0x00, 0x00, 0x00, 0x00, 0x00, 0x00, 0x00, 0x00, 0x00, 0x00, 0x00, 0x00, 0x00, 0x00, 0x00,
    0x00, 0x00, 0x00, 0x00, 0x00, 0x00, 0x00, 0x00, 0x00, 0x00, 0x00, 0x00, 0x00, 0x00, 0x00, 0x00,
    0x00, 0x00, 0x00, 0x00, 0x00, 0x00, 0x00, 0x00, 0x00, 0x00, 0x00, 0x00, 0x00, 0x00, 0x00, 0x00,
    0x00, 0x00, 0x00, 0x00, 0x00, 0x00, 0x00, 0x00, 0x00, 0x00, 0x00, 0x00, 0x00, 0x00, 0x00, 0x00,
    0x00, 0x00, 0x00, 0x00, 0x00, 0x00, 0x00, 0x00, 0x00, 0x00, 0x00, 0x00, 0x00, 0x00, 0x00, 0x00,
    0x00, 0x00, 0x00, 0x00, 0x00, 0x00, 0x00, 0x00, 0x00, 0x00, 0x00, 0x00, 0x00, 0x00, 0x00, 0x00,
    0x00, 0x00, 0x00, 0x00, 0x00, 0x00, 0x00, 0x00, 0x00, 0x00, 0x00, 0x00, 0x00, 0x00, 0x00, 0x00,
    0x00, 0x00, 0x00, 0x00, 0x00, 0x00, 0x00, 0x00, 0x00, 0x00, 0x00, 0x00, 0x00, 0x00, 0x00, 0x00,
    0x00, 0x00, 0x00, 0x00, 0x00, 0x00, 0x00, 0x00, 0x00, 0x00, 0x00, 0x00, 0x00, 0x00, 0x00, 0x00,
    0x00, 0x00, 0x00, 0x00, 0x00, 0x00, 0x00, 0x00, 0x00, 0x00, 0x00, 0x00, 0x00, 0x00, 0x00, 0x00,
    0x00, 0x00, 0x00, 0x00, 0x00, 0x00, 0x00, 0x00, 0x00, 0x00, 0x00, 0x00, 0x00, 0x00, 0x00, 0x00,
    0x00, 0x00, 0x00, 0x00, 0x00, 0x00, 0x00, 0x00, 0x00, 0x00, 0x00, 0x00, 0x00, 0x00, 0x00, 0x00,
    0x00, 0x00, 0x00, 0x00, 0x00, 0x00, 0x00, 0x00, 0x00, 0x00, 0x00, 0x00, 0x00, 0x00, 0x00, 0x00,
    0x00, 0x00, 0x00, 0x00, 0x00, 0x00, 0x00, 0x00, 0x00, 0x00, 0x00, 0x00, 0x00, 0x00, 0x00, 0x00,
    0x00, 0x00, 0x00, 0x00, 0x00, 0x00, 0x00, 0x00, 0x00, 0x00, 0x00, 0x00, 0x00, 0x00, 0x00, 0x00,
    0x00, 0x00, 0x00, 0x00, 0x00, 0x00, 0x00, 0x00, 0x00, 0x00, 0x00, 0x00, 0x00, 0x00, 0x00, 0x00,
    0x00, 0x00, 0x00, 0x00, 0x00, 0x00, 0x00, 0x00, 0x00, 0x00, 0x00, 0x00, 0x00, 0x00, 0x00, 0x00,
    0x00, 0x00, 0x00, 0x00, 0x00, 0x00, 0x00, 0x00, 0x00, 0x00, 0x00, 0x00, 0x00, 0x00, 0x00, 0x00,
    0x00, 0x00, 0x00, 0x00, 0x00, 0x00, 0x00, 0x00, 0x00, 0x00, 0x00, 0x00, 0x00, 0x00, 0x00, 0x00,
    0x00, 0x00, 0x00, 0x00, 0x00, 0x00, 0x00, 0x00, 0x00, 0x00, 0x00, 0x00, 0x00, 0x00, 0x00, 0x00,
    0x00, 0x00, 0x00, 0x00, 0x00, 0x00, 0x00, 0x00, 0x00, 0x00, 0x00, 0x00, 0x00, 0x00, 0x00, 0x00,
    0x00, 0x00, 0x00, 0x00, 0x00, 0x00, 0x00, 0x00, 0x00, 0x00, 0x00, 0x00, 0x00, 0x00, 0x00, 0x00,
    0x00, 0x00, 0x00, 0x00, 0x00, 0x00, 0x00, 0x00, 0x00, 0x00, 0x00, 0x00, 0x00, 0x00, 0x00, 0x00,
    0x00, 0x00, 0x00, 0x00, 0x00, 0x00, 0x00, 0x00, 0x00, 0x00, 0x00, 0x00, 0x00, 0x00, 0x00, 0x00,
    0x00, 0x00, 0x00, 0x00, 0x00, 0x00, 0x00, 0x00, 0x00, 0x00, 0x00, 0x00, 0x00, 0x00, 0x00, 0x00,
    0x00, 0x00, 0x00, 0x00, 0x00, 0x00, 0x00, 0x00, 0x00, 0x00, 0x00, 0x00, 0x00, 0x00, 0x00, 0x00,
    0x00, 0x00, 0x00, 0x00, 0x00, 0x00, 0x00, 0x00, 0x00, 0x00, 0x00, 0x00, 0x00, 0x00, 0x00, 0x00,
    0x00, 0x00, 0x00, 0x00, 0x00, 0x00, 0x00, 0x00, 0x00, 0x00, 0x00, 0x00, 0x00, 0x00, 0x00, 0x00,
    0x00, 0x00, 0x00, 0x00, 0x00, 0x00, 0x00, 0x00, 0x00, 0x00, 0x00, 0x00, 0x00, 0x00, 0x00, 0x00,
    0x00, 0x00, 0x00, 0x00, 0x00, 0x00, 0x00, 0x00, 0x00, 0x00, 0x00, 0x00, 0x00, 0x00, 0x00, 0x00,
    0x00, 0x00, 0x00, 0x00, 0x00, 0x00, 0x00, 0x00, 0x00, 0x00, 0x00, 0x00, 0x00, 0x00, 0x00, 0x00,
    0x00, 0x00, 0x00, 0x00, 0x00, 0x00, 0x00, 0x00, 0x00, 0x00, 0x00, 0x00, 0x00, 0x00, 0x00, 0x00,
    0x00, 0x00, 0x00, 0x00, 0x00, 0x00, 0x00, 0x00, 0x00, 0x00, 0x00, 0x00, 0x00, 0x00, 0x00, 0x00,
    0x00, 0x00, 0x00, 0x00, 0x00, 0x00, 0x00, 0x00, 0x00, 0x00, 0x00, 0x00, 0x00, 0x00, 0x00, 0x00,
    0x00, 0x00, 0x00, 0x00, 0x00, 0x00, 0x00, 0x00, 0x00, 0x00, 0x00, 0x00, 0x00, 0x00, 0x00, 0x00,
    0x00, 0x00, 0x00, 0x00, 0x00, 0x00, 0x00, 0x00, 0x00, 0x00, 0x00, 0x00, 0x00, 0x00, 0x00, 0x00,
    0x00, 0x00, 0x00, 0x00, 0x00, 0x00, 0x00, 0x00, 0x00, 0x00, 0x00, 0x00, 0x00, 0x00, 0x00, 0x00,
    0x00, 0x00, 0x00, 0x00, 0x00, 0x00, 0x00, 0x00, 0x00, 0x00, 0x00, 0x00, 0x00, 0x00, 0x00, 0x00,
    0x00, 0x00, 0x00, 0x00, 0x00, 0x00, 0x00, 0x00, 0x00, 0x00, 0x00, 0x00, 0x00, 0x00, 0x00, 0x00,
    0x00, 0x00, 0x00, 0x00, 0x00, 0x00, 0x00, 0x00, 0x00, 0x00, 0x00, 0x00, 0x00, 0x00, 0x00, 0x00,
    0x00, 0x00, 0x00, 0x00, 0x00, 0x00, 0x00, 0x00, 0x00, 0x00, 0x00, 0x00, 0x00, 0x00, 0x00, 0x00,
    0x00, 0x00, 0x00, 0x00, 0x00, 0x00, 0x00, 0x00, 0x00, 0x00, 0x00, 0x00, 0x00, 0x00, 0x00, 0x00,
    0x00, 0x00, 0x00, 0x00, 0x00, 0x00, 0x00, 0x00, 0x00, 0x00, 0x00, 0x00, 0x00, 0x00, 0x00, 0x00,
    0x00, 0x00, 0x00, 0x00, 0x00, 0x00, 0x00, 0x00, 0x00, 0x00, 0x00, 0x00, 0x00, 0x00, 0x00, 0x00,
    0x00, 0x00, 0x00, 0x00, 0x00, 0x00, 0x00, 0x00, 0x00, 0x00, 0x00, 0x00, 0x00, 0x00, 0x00, 0x00,
    0x00, 0x00, 0x00, 0x00, 0x00, 0x00, 0x00, 0x00, 0x00, 0x00, 0x00, 0x00, 0x00, 0x00, 0x00, 0x00,
    0x00, 0x00, 0x00, 0x00, 0x00, 0x00, 0x00, 0x00, 0x00, 0x00, 0x00, 0x00, 0x00, 0x00, 0x00, 0x00,
    0x00, 0x00, 0x55, 0x65, 0x00, 0x00, 0x66, 0x66, 0x00, 0x00, 0x66, 0x66, 0x00, 0x00, 0x55, 0x55,
    0x00, 0x00, 0x00, 0x00, 0x00, 0x00, 0x00, 0x00, 0x00, 0x00, 0x00, 0x00, 0x00, 0x00, 0x00, 0x00,
    0x00, 0x00, 0x00, 0x00, 0x00, 0x00, 0x00, 0x00, 0x00, 0x00, 0x00, 0x00, 0x00, 0x00, 0x00, 0x00,
    0x00, 0x00, 0x00, 0x00, 0x00, 0x00, 0x00, 0x00, 0x00, 0x00, 0x00, 0x00, 0x00, 0x00, 0x00, 0x00,
    0x00, 0x00, 0x00, 0x00, 0x00, 0x00, 0x00, 0x00, 0x00, 0x00, 0x00, 0x00, 0x00, 0x00, 0x00, 0x00,
    0x00, 0x00, 0x00, 0x00, 0x00, 0x00, 0x00, 0x00, 0x00, 0x00, 0x00, 0x00, 0x00, 0x00, 0x00, 0x00,
    0x00, 0x00, 0x00, 0x00, 0x00, 0x00, 0x00, 0x00, 0x00, 0x00, 0x00, 0x00, 0x00, 0x00, 0x00, 0x00,
    0x00, 0x00, 0x00, 0x00, 0x00, 0x00, 0x00, 0x00, 0x00, 0x00, 0x00, 0x00, 0x00, 0x00, 0x00, 0x00,
    0x00, 0x00, 0x00, 0x00, 0x00, 0x00, 0x00, 0x00, 0x00, 0x00, 0x00, 0x00, 0x00, 0x00, 0x00, 0x00,
    0x07, 0x70, 0x77, 0x00, 0x75, 0x57, 0x00, 0x70, 0x75, 0x55, 0x00, 0x70, 0x75, 0x55, 0x00, 0x70,
    0x70, 0x00, 0x00, 0x70, 0x07, 0x00, 0x07, 0x00, 0x00, 0x70, 0x70, 0x00, 0x00, 0x07, 0x00, 0x00,
    0x07, 0x70, 0x77, 0x00, 0x75, 0x57, 0x00, 0x70, 0x75, 0x55, 0x00, 0x70, 0x75, 0x55, 0x00, 0x70,
    0x75, 0x55, 0x00, 0x70, 0x07, 0x55, 0x07, 0x00, 0x00, 0x75, 0x70, 0x00, 0x00, 0x07, 0x00, 0x00,
    0x07, 0x70, 0x77, 0x00, 0x75, 0x57, 0x00, 0x70, 0x75, 0x55, 0x00, 0x70, 0x75, 0x55, 0x55, 0x70,
    0x75, 0x55, 0x55, 0x70, 0x07, 0x55, 0x57, 0x00, 0x00, 0x75, 0x70, 0x00, 0x00, 0x07, 0x00, 0x00,
    0x07, 0x70, 0x77, 0x00, 0x75, 0x57, 0x00, 0x70, 0x75, 0x55, 0x00, 0x70, 0x75, 0x55, 0x55, 0x70,
    0x75, 0x55, 0x55, 0x70, 0x07, 0x55, 0x57, 0x00, 0x00, 0x75, 0x70, 0x00, 0x00, 0x07, 0x00, 0x00,
    0x00, 0x00, 0x00, 0x00, 0x00, 0x00, 0x00, 0x00, 0x00, 0x00, 0x00, 0x00, 0x00, 0x00, 0x00, 0x00,
    0x00, 0x00, 0x00, 0x00, 0x00, 0x00, 0x00, 0x00, 0x00, 0x00, 0x00, 0x00, 0x00, 0x00, 0x00, 0x00,
    0x55, 0x55, 0x55, 0x55, 0x55, 0x05, 0x55, 0x55, 0x55, 0x55, 0x55, 0x55, 0x55, 0x55, 0x55, 0x05,
    0x50, 0x55, 0x55, 0x55, 0x55, 0x55, 0x55, 0x55, 0x55, 0x55, 0x50, 0x55, 0x55, 0x55, 0x55, 0x55,
    0x00, 0x00, 0x00, 0x00, 0x00, 0x00, 0x00, 0x00, 0x00, 0x00, 0x00, 0x00, 0x00, 0x00, 0x00, 0x00,
    0x00, 0x00, 0x00, 0x00, 0x00, 0x00, 0x00, 0x00, 0x00, 0x00, 0x00, 0x00, 0x00, 0x00, 0x00, 0x00,
    0x55, 0x55, 0x55, 0x55, 0x55, 0x05, 0x55, 0x55, 0x55, 0x55, 0x55, 0x55, 0x55, 0x55, 0x55, 0x05,
    0x50, 0x55, 0x55, 0x55, 0x55, 0x55, 0x55, 0x55, 0x55, 0x55, 0x50, 0x55, 0x55, 0x55, 0x55, 0x55,
    0x66, 0x65, 0x76, 0x66, 0x66, 0x65, 0x76, 0x66, 0x66, 0x65, 0x76, 0x66, 0x66, 0x65, 0x76, 0x66,
    0x66, 0x65, 0x76, 0x66, 0x66, 0x65, 0x76, 0x66, 0x66, 0x65, 0x76, 0x65, 0x65, 0x65, 0x75, 0x56,
    0x66, 0x55, 0x56, 0x66, 0x66, 0x65, 0x75, 0x66, 0x66, 0x65, 0x76, 0x55, 0x66, 0x65, 0x76, 0x66,
    0x66, 0x65, 0x76, 0x66, 0x66, 0x65, 0x76, 0x66, 0x66, 0x65, 0x76, 0x66, 0x66, 0x65, 0x76, 0x66,
    0x66, 0x66, 0x66, 0x66, 0x66, 0x66, 0x66, 0x66, 0x66, 0x66, 0x66, 0x65, 0x55, 0x55, 0x55, 0x55,
    0x77, 0x77, 0x77, 0x75, 0x66, 0x66, 0x66, 0x56, 0x66, 0x66, 0x65, 0x66, 0x66, 0x66, 0x65, 0x66,
    0x66, 0x66, 0x65, 0x66, 0x66, 0x66, 0x65, 0x66, 0x66, 0x66, 0x66, 0x56, 0x77, 0x77, 0x77, 0x75,
    0x55, 0x55, 0x55, 0x55, 0x66, 0x66, 0x66, 0x65, 0x66, 0x66, 0x66, 0x66, 0x66, 0x66, 0x66, 0x66,
    0x66, 0x66, 0x66, 0x66, 0x56, 0x66, 0x66, 0x66, 0x66, 0x66, 0x66, 0x66, 0x55, 0x55, 0x55, 0x55,
    0x77, 0x77, 0x77, 0x77, 0x56, 0x66, 0x66, 0x66, 0x56, 0x66, 0x66, 0x66, 0x65, 0x66, 0x66, 0x66,
    0x65, 0x66, 0x66, 0x66, 0x56, 0x66, 0x66, 0x66, 0x56, 0x66, 0x66, 0x66, 0x77, 0x77, 0x77, 0x77,
    0x55, 0x55, 0x55, 0x55, 0x66, 0x66, 0x66, 0x66, 0x56, 0x66, 0x66, 0x66, 0x66, 0x66, 0x66, 0x66,
    0x66, 0x67, 0x56, 0x66, 0x66, 0x67, 0x56, 0x66, 0x66, 0x67, 0x56, 0x66, 0x66, 0x67, 0x56, 0x66,
    0x66, 0x67, 0x56, 0x66, 0x55, 0x67, 0x56, 0x66, 0x66, 0x57, 0x56, 0x66, 0x66, 0x65, 0x55, 0x66,
    0x65, 0x57, 0x56, 0x56, 0x56, 0x67, 0x56, 0x66, 0x66, 0x67, 0x56, 0x66, 0x66, 0x67, 0x56, 0x66,
    0x66, 0x67, 0x56, 0x66, 0x66, 0x67, 0x56, 0x66, 0x66, 0x67, 0x56, 0x66, 0x66, 0x67, 0x56, 0x66,
    0x00, 0x00, 0x00, 0x00, 0x00, 0x00, 0x00, 0x00, 0x00, 0x00, 0x00, 0x00, 0x00, 0x00, 0x00, 0x00,
    0x00, 0x00, 0x00, 0x00, 0x00, 0x00, 0x00, 0x00, 0x00, 0x00, 0x00, 0x00, 0x00, 0x00, 0x00, 0x00,
    0x00, 0x00, 0x05, 0x00, 0x00, 0x67, 0x77, 0x50, 0x06, 0x56, 0x75, 0x70, 0x65, 0x67, 0x77, 0x77,
    0x65, 0x67, 0x77, 0x77, 0x76, 0x77, 0x77, 0x77, 0x07, 0x77, 0x77, 0x70, 0x00, 0x77, 0x77, 0x00,
    0x00, 0x00, 0x00, 0x00, 0x00, 0x00, 0x00, 0x00, 0x05, 0x00, 0x05, 0x00, 0x00, 0x50, 0x50, 0x00,
    0x00, 0x05, 0x00, 0x00, 0x00, 0x50, 0x50, 0x00, 0x05, 0x00, 0x05, 0x00, 0x00, 0x00, 0x00, 0x00,
    0x00, 0x00, 0x00, 0x00, 0x00, 0x55, 0x00, 0x00, 0x00, 0x55, 0x00, 0x00, 0x00, 0x00, 0x00, 0x00,
    0x00, 0x00, 0x00, 0x00, 0x00, 0x55, 0x00, 0x00, 0x00, 0x55, 0x00, 0x00, 0x00, 0x00, 0x00, 0x00,
    0x00, 0x00, 0x00, 0x00, 0x05, 0x50, 0x55, 0x00, 0x50, 0x05, 0x55, 0x50, 0x50, 0x05, 0x50, 0x50,
    0x50, 0x55, 0x00, 0x50, 0x55, 0x55, 0x00, 0x50, 0x05, 0x50, 0x55, 0x00, 0x00, 0x00, 0x00, 0x00,
    0x00, 0x00, 0x06, 0x66, 0x00, 0x00, 0x00, 0x56, 0x00, 0x00, 0x05, 0x06, 0x00, 0x00, 0x50, 0x00,
    0x07, 0x75, 0x00, 0x00, 0x77, 0x57, 0x00, 0x00, 0x05, 0x77, 0x00, 0x00, 0x50, 0x70, 0x00, 0x00,
    0x07, 0x70, 0x77, 0x00, 0x70, 0x07, 0x00, 0x70, 0x70, 0x00, 0x00, 0x70, 0x70, 0x00, 0x00, 0x70,
    0x70, 0x00, 0x00, 0x70, 0x07, 0x00, 0x07, 0x00, 0x00, 0x70, 0x70, 0x00, 0x00, 0x07, 0x00, 0x00,
    0x77, 0x77, 0x77, 0x70, 0x77, 0x77, 0x77, 0x70, 0x77, 0x77, 0x77, 0x70, 0x00, 0x00, 0x00, 0x00,
    0x00, 0x00, 0x00, 0x00, 0x00, 0x00, 0x00, 0x00, 0x00, 0x00, 0x00, 0x00, 0x00, 0x00, 0x00, 0x00,
    0x66, 0x66, 0x66, 0x65, 0x76, 0x65, 0x66, 0x66, 0x66, 0x66, 0x66, 0x66, 0x65, 0x66, 0x66, 0x76,
    0x66, 0x66, 0x56, 0x66, 0x66, 0x66, 0x66, 0x56, 0x66, 0x56, 0x66, 0x66, 0x66, 0x66, 0x67, 0x66,
    0x00, 0x00, 0x00, 0x00, 0x00, 0x00, 0x00, 0x00, 0x00, 0x00, 0x00, 0x00, 0x00, 0x00, 0x77, 0x77,
    0x00, 0x07, 0x77, 0x77, 0x00, 0x07, 0x70, 0x00, 0x00, 0x07, 0x70, 0x00, 0x00, 0x07, 0x70, 0x00,
    0x00, 0x00, 0x00, 0x00, 0x00, 0x00, 0x00, 0x00, 0x00, 0x00, 0x00, 0x00, 0x77, 0x77, 0x77, 0x77,
    0x77, 0x77, 0x77, 0x77, 0x00, 0x00, 0x00, 0x00, 0x00, 0x00, 0x00, 0x00, 0x00, 0x00, 0x00, 0x00,
    0x00, 0x00, 0x00, 0x00, 0x00, 0x00, 0x00, 0x00, 0x00, 0x00, 0x00, 0x00, 0x77, 0x77, 0x00, 0x00,
    0x77, 0x77, 0x70, 0x00, 0x00, 0x07, 0x70, 0x00, 0x00, 0x07, 0x70, 0x00, 0x00, 0x07, 0x70, 0x00,
    0x00, 0x07, 0x70, 0x00, 0x00, 0x07, 0x70, 0x00, 0x00, 0x07, 0x70, 0x00, 0x00, 0x07, 0x70, 0x00,
    0x00, 0x07, 0x70, 0x00, 0x00, 0x07, 0x70, 0x00, 0x00, 0x07, 0x70, 0x00, 0x00, 0x07, 0x70, 0x00,
    0x00, 0x07, 0x70, 0x00, 0x00, 0x07, 0x70, 0x00, 0x00, 0x07, 0x70, 0x00, 0x77, 0x77, 0x70, 0x00,
    0x77, 0x77, 0x00, 0x00, 0x00, 0x00, 0x00, 0x00, 0x00, 0x00, 0x00, 0x00, 0x00, 0x00, 0x00, 0x00,
    0x00, 0x07, 0x70, 0x00, 0x00, 0x07, 0x70, 0x00, 0x00, 0x07, 0x70, 0x00, 0x00, 0x07, 0x77, 0x77,
    0x00, 0x00, 0x77, 0x77, 0x00, 0x00, 0x00, 0x00, 0x00, 0x00, 0x00, 0x00, 0x00, 0x00, 0x00, 0x00,
    0x55, 0x55, 0x55, 0x55, 0x55, 0x55, 0x55, 0x55, 0x66, 0x66, 0x66, 0x66, 0x77, 0x77, 0x77, 0x77,
    0x55, 0x55, 0x55, 0x55, 0x55, 0x55, 0x55, 0x55, 0x66, 0x66, 0x66, 0x66, 0x77, 0x77, 0x77, 0x77,
    0x77, 0x77, 0x77, 0x77, 0x70, 0x00, 0x00, 0x00, 0x76, 0x60, 0x00, 0x00, 0x76, 0x65, 0x00, 0x00,
    0x76, 0x65, 0x66, 0x60, 0x76, 0x65, 0x66, 0x65, 0x76, 0x65, 0x66, 0x65, 0x76, 0x65, 0x66, 0x65,
    0x76, 0x65, 0x66, 0x65, 0x76, 0x65, 0x66, 0x65, 0x76, 0x65, 0x66, 0x65, 0x76, 0x65, 0x66, 0x65,
    0x76, 0x65, 0x66, 0x65, 0x76, 0x65, 0x66, 0x65, 0x76, 0x65, 0x66, 0x65, 0x77, 0x77, 0x77, 0x77,
    0x77, 0x77, 0x77, 0x77, 0x00, 0x00, 0x00, 0x07, 0x00, 0x00, 0x00, 0x07, 0x00, 0x00, 0x00, 0x07,
    0x00, 0x00, 0x00, 0x07, 0x00, 0x00, 0x00, 0x07, 0x66, 0x60, 0x00, 0x07, 0x66, 0x65, 0x00, 0x07,
    0x66, 0x65, 0x66, 0x67, 0x66, 0x65, 0x66, 0x67, 0x66, 0x65, 0x66, 0x67, 0x66, 0x65, 0x66, 0x67,
    0x66, 0x65, 0x66, 0x67, 0x66, 0x65, 0x66, 0x67, 0x66, 0x65, 0x66, 0x67, 0x77, 0x77, 0x77, 0x77,
    0x67, 0x77, 0x77, 0x77, 0x76, 0x66, 0x66, 0x66, 0x76, 0x66, 0x66, 0x66, 0x76, 0x66, 0x66, 0x66,
    0x76, 0x66, 0x66, 0x66, 0x76, 0x66, 0x66, 0x66, 0x76, 0x66, 0x66, 0x66, 0x76, 0x66, 0x66, 0x66,
    0x76, 0x66, 0x66, 0x66, 0x76, 0x66, 0x66, 0x66, 0x76, 0x66, 0x66, 0x66, 0x76, 0x66, 0x66, 0x66,
    0x76, 0x66, 0x66, 0x66, 0x76, 0x66, 0x66, 0x66, 0x76, 0x66, 0x66, 0x66, 0x60, 0x00, 0x00, 0x00,
    0x77, 0x77, 0x77, 0x76, 0x66, 0x66, 0x66, 0x60, 0x66, 0x66, 0x66, 0x60, 0x66, 0x66, 0x66, 0x60,
    0x66, 0x66, 0x66, 0x60, 0x66, 0x66, 0x66, 0x60, 0x66, 0x66, 0x66, 0x60, 0x66, 0x66, 0x66, 0x60,
    0x66, 0x66, 0x66, 0x60, 0x66, 0x66, 0x66, 0x60, 0x66, 0x66, 0x66, 0x60, 0x66, 0x66, 0x66, 0x60,
    0x66, 0x66, 0x66, 0x60, 0x66, 0x66, 0x66, 0x60, 0x66, 0x66, 0x66, 0x60, 0x00, 0x00, 0x00, 0x06,
    0x66, 0x66, 0x66, 0x66, 0x66, 0x66, 0x66, 0x66, 0x66, 0x66, 0x66, 0x66, 0x66, 0x66, 0x66, 0x66,
    0x55, 0x55, 0x55, 0x55, 0x77, 0x77, 0x77, 0x77, 0x66, 0x66, 0x66, 0x66, 0x66, 0x66, 0x66, 0x66,
    0x76, 0x60, 0x00, 0x00, 0x76, 0x65, 0x55, 0x55, 0x76, 0x65, 0x55, 0x55, 0x76, 0x66, 0x55, 0x55,
    0x57, 0x66, 0x55, 0x55, 0x67, 0x66, 0x55, 0x55, 0x67, 0x66, 0x65, 0x55, 0x66, 0x76, 0x65, 0x55,
    0x66, 0x76, 0x65, 0x55, 0x66, 0x76, 0x66, 0x55, 0x66, 0x67, 0x66, 0x55, 0x55, 0x57, 0x66, 0x55,
    0x77, 0x57, 0x66, 0x65, 0x66, 0x66, 0x76, 0x65, 0x66, 0x66, 0x76, 0x65, 0x66, 0x60, 0x76, 0x60,
    0x00, 0x00, 0x06, 0x65, 0x55, 0x55, 0x56, 0x65, 0x55, 0x55, 0x56, 0x65, 0x55, 0x55, 0x66, 0x65,
    0x55, 0x55, 0x66, 0x57, 0x55, 0x55, 0x66, 0x56, 0x55, 0x56, 0x66, 0x56, 0x55, 0x56, 0x65, 0x66,
    0x55, 0x56, 0x65, 0x66, 0x55, 0x66, 0x65, 0x66, 0x55, 0x66, 0x56, 0x66, 0x55, 0x66, 0x55, 0x55,
    0x56, 0x66, 0x57, 0x77, 0x56, 0x65, 0x66, 0x66, 0x56, 0x65, 0x66, 0x66, 0x06, 0x65, 0x06, 0x66,
    0x66, 0x66, 0x66, 0x66, 0x66, 0x66, 0x66, 0x66, 0x77, 0x77, 0x77, 0x77, 0x55, 0x55, 0x55, 0x55,
    0x66, 0x66, 0x66, 0x66, 0x66, 0x66, 0x66, 0x66, 0x66, 0x66, 0x66, 0x66, 0x66, 0x66, 0x66, 0x66,
    0x66, 0x60, 0x76, 0x60, 0x66, 0x66, 0x76, 0x65, 0x66, 0x66, 0x76, 0x65, 0x77, 0x57, 0x66, 0x65,
    0x55, 0x57, 0x66, 0x55, 0x66, 0x67, 0x66, 0x55, 0x66, 0x76, 0x66, 0x55, 0x66, 0x76, 0x65, 0x55,
    0x66, 0x76, 0x65, 0x55, 0x67, 0x66, 0x65, 0x55, 0x67, 0x66, 0x55, 0x55, 0x57, 0x66, 0x55, 0x55,
    0x76, 0x66, 0x55, 0x55, 0x76, 0x65, 0x55, 0x55, 0x76, 0x65, 0x55, 0x55, 0x76, 0x60, 0x00, 0x00,
    0x06, 0x65, 0x06, 0x66, 0x56, 0x65, 0x66, 0x66, 0x56, 0x65, 0x66, 0x66, 0x56, 0x66, 0x57, 0x77,
    0x55, 0x66, 0x55, 0x55, 0x55, 0x66, 0x56, 0x66, 0x55, 0x66, 0x65, 0x66, 0x55, 0x56, 0x65, 0x66,
    0x55, 0x56, 0x65, 0x66, 0x55, 0x56, 0x66, 0x56, 0x55, 0x55, 0x66, 0x56, 0x55, 0x55, 0x66, 0x57,
    0x55, 0x55, 0x66, 0x65, 0x55, 0x55, 0x56, 0x65, 0x55, 0x55, 0x56, 0x65, 0x00, 0x00, 0x06, 0x65,
    0x66, 0x66, 0x57, 0x66, 0x66, 0x66, 0x57, 0x66, 0x66, 0x66, 0x57, 0x66, 0x66, 0x66, 0x57, 0x66,
    0x66, 0x66, 0x57, 0x66, 0x66, 0x66, 0x57, 0x66, 0x66, 0x66, 0x57, 0x66, 0x66, 0x66, 0x57, 0x66,
    0x77, 0x77, 0x56, 0x66, 0x66, 0x66, 0x77, 0x76, 0x66, 0x66, 0x66, 0x67, 0x05, 0x56, 0x66, 0x66,
    0x05, 0x55, 0x55, 0x66, 0x05, 0x55, 0x55, 0x55, 0x05, 0x55, 0x55, 0x55, 0x05, 0x55, 0x55, 0x55,
    0x05, 0x55, 0x55, 0x55, 0x05, 0x55, 0x55, 0x55, 0x05, 0x55, 0x55, 0x55, 0x05, 0x55, 0x55, 0x66,
    0x05, 0x56, 0x66, 0x66, 0x66, 0x66, 0x66, 0x65, 0x66, 0x66, 0x55, 0x56, 0x55, 0x55, 0x76, 0x66,
    0x66, 0x65, 0x76, 0x66, 0x66, 0x65, 0x76, 0x66, 0x77, 0x65, 0x56, 0x66, 0x66, 0x77, 0x76, 0x60,
    0x66, 0x66, 0x67, 0x77, 0x56, 0x66, 0x66, 0x66, 0x55, 0x55, 0x66, 0x66, 0x55, 0x55, 0x55, 0x50,
    0x55, 0x55, 0x55, 0x50, 0x55, 0x55, 0x66, 0x66, 0x56, 0x66, 0x66, 0x66, 0x66, 0x66, 0x65, 0x55,
    0x66, 0x55, 0x56, 0x60, 0x55, 0x65, 0x76, 0x66, 0x66, 0x65, 0x76, 0x66, 0x66, 0x65, 0x76, 0x66,
    0x66, 0x75, 0x66, 0x66, 0x66, 0x75, 0x66, 0x66, 0x66, 0x75, 0x66, 0x66, 0x66, 0x75, 0x66, 0x66,
    0x66, 0x75, 0x66, 0x66, 0x66, 0x75, 0x66, 0x66, 0x66, 0x75, 0x66, 0x66, 0x66, 0x75, 0x66, 0x66,
    0x66, 0x67, 0x56, 0x66, 0x66, 0x67, 0x56, 0x66, 0x66, 0x65, 0x56, 0x77, 0x06, 0x67, 0x77, 0x66,
    0x77, 0x76, 0x66, 0x66, 0x66, 0x66, 0x66, 0x65, 0x66, 0x66, 0x55, 0x55, 0x05, 0x55, 0x55, 0x55,
    0x05, 0x55, 0x55, 0x55, 0x66, 0x66, 0x55, 0x55, 0x66, 0x66, 0x66, 0x65, 0x55, 0x56, 0x66, 0x66,
    0x06, 0x65, 0x55, 0x66, 0x66, 0x67, 0x56, 0x55, 0x66, 0x67, 0x56, 0x66, 0x66, 0x67, 0x56, 0x66,
    0x66, 0x65, 0x77, 0x77, 0x67, 0x77, 0x66, 0x66, 0x76, 0x66, 0x66, 0x66, 0x66, 0x66, 0x65, 0x50,
    0x66, 0x55, 0x55, 0x50, 0x55, 0x55, 0x55, 0x50, 0x55, 0x55, 0x55, 0x50, 0x55, 0x55, 0x55, 0x50,
    0x55, 0x55, 0x55, 0x50, 0x55, 0x55, 0x55, 0x50, 0x55, 0x55, 0x55, 0x50, 0x66, 0x55, 0x55, 0x50,
    0x66, 0x66, 0x65, 0x50, 0x56, 0x66, 0x66, 0x66, 0x65, 0x55, 0x66, 0x66, 0x66, 0x67, 0x55, 0x55,
    0x60, 0x60, 0x66, 0x66, 0x66, 0x06, 0x66, 0x06, 0x06, 0x60, 0x66, 0x60, 0x06, 0x60, 0x60, 0x00,
    0x60, 0x60, 0x00, 0x00, 0x66, 0x00, 0x00, 0x00, 0x60, 0x00, 0x00, 0x00, 0x60, 0x00, 0x00, 0x00,
    0x60, 0x66, 0x66, 0x66, 0x06, 0x66, 0x06, 0x60, 0x06, 0x60, 0x66, 0x60, 0x00, 0x06, 0x66, 0x60,
    0x00, 0x00, 0x06, 0x06, 0x00, 0x00, 0x00, 0x66, 0x00, 0x00, 0x00, 0x06, 0x00, 0x00, 0x00, 0x06,
    0x60, 0x00, 0x00, 0x00, 0x60, 0x00, 0x00, 0x00, 0x66, 0x00, 0x00, 0x00, 0x60, 0x60, 0x00, 0x00,
    0x06, 0x66, 0x60, 0x00, 0x06, 0x66, 0x06, 0x60, 0x06, 0x60, 0x66, 0x60, 0x66, 0x66, 0x66, 0x06,
    0x00, 0x00, 0x00, 0x06, 0x00, 0x00, 0x00, 0x06, 0x00, 0x00, 0x00, 0x66, 0x00, 0x00, 0x06, 0x06,
    0x00, 0x06, 0x06, 0x60, 0x06, 0x66, 0x06, 0x60, 0x60, 0x66, 0x60, 0x66, 0x66, 0x66, 0x06, 0x06,
    0x66, 0x06, 0x60, 0x66, 0x66, 0x60, 0x66, 0x00, 0x66, 0x60, 0x60, 0x00, 0x66, 0x66, 0x00, 0x00,
    0x66, 0x66, 0x00, 0x00, 0x06, 0x60, 0x00, 0x00, 0x60, 0x60, 0x00, 0x00, 0x60, 0x00, 0x00, 0x00,
    0x66, 0x00, 0x00, 0x00, 0x60, 0x60, 0x00, 0x00, 0x66, 0x60, 0x00, 0x00, 0x66, 0x66, 0x00, 0x00,
    0x66, 0x66, 0x00, 0x00, 0x66, 0x60, 0x60, 0x00, 0x66, 0x06, 0x66, 0x00, 0x60, 0x66, 0x66, 0x66,
    0x66, 0x06, 0x60, 0x66, 0x00, 0x66, 0x06, 0x66, 0x00, 0x06, 0x06, 0x66, 0x00, 0x00, 0x66, 0x66,
    0x00, 0x00, 0x66, 0x66, 0x00, 0x00, 0x06, 0x60, 0x00, 0x00, 0x06, 0x06, 0x00, 0x00, 0x00, 0x06,
    0x00, 0x00, 0x00, 0x66, 0x00, 0x00, 0x06, 0x06, 0x00, 0x00, 0x06, 0x66, 0x00, 0x00, 0x66, 0x66,
    0x00, 0x00, 0x66, 0x66, 0x00, 0x06, 0x06, 0x66, 0x00, 0x66, 0x60, 0x66, 0x66, 0x66, 0x66, 0x06,
    0x60, 0x06, 0x66, 0x67, 0x05, 0x50, 0x67, 0x57, 0x05, 0x55, 0x07, 0x75, 0x05, 0x50, 0x50, 0x05,
    0x05, 0x56, 0x05, 0x05, 0x60, 0x56, 0x00, 0x50, 0x60, 0x55, 0x60, 0x50, 0x60, 0x05, 0x66, 0x50,
    0x00, 0x05, 0x55, 0x55, 0x05, 0x00, 0x75, 0x75, 0x05, 0x05, 0x77, 0x70, 0x05, 0x05, 0x57, 0x70,
    0x05, 0x05, 0x77, 0x70, 0x60, 0x50, 0x57, 0x70, 0x66, 0x05, 0x55, 0x57, 0x66, 0x05, 0x55, 0x55,
    0x75, 0x77, 0x57, 0x70, 0x75, 0x75, 0x77, 0x06, 0x75, 0x75, 0x70, 0x66, 0x50, 0x05, 0x50, 0x06,
    0x07, 0x70, 0x55, 0x50, 0x77, 0x07, 0x55, 0x50, 0x77, 0x00, 0x55, 0x06, 0x77, 0x55, 0x57, 0x06,
    0x00, 0x50, 0x07, 0x66, 0x05, 0x00, 0x00, 0x66, 0x55, 0x00, 0x06, 0x66, 0x50, 0x00, 0x00, 0x66,
    0x50, 0x00, 0x55, 0x06, 0x50, 0x05, 0x55, 0x50, 0x05, 0x56, 0x66, 0x60, 0x56, 0x65, 0x55, 0x06,
    0x00, 0x00, 0x00, 0x00, 0x55, 0x55, 0x55, 0x55, 0x55, 0x55, 0x55, 0x55, 0x77, 0x77, 0x77, 0x77,
    0x75, 0x55, 0x55, 0x55, 0x75, 0x55, 0x55, 0x55, 0x75, 0x55, 0x55, 0x50, 0x57, 0x55, 0x55, 0x00,
    0x57, 0x55, 0x55, 0x00, 0x57, 0x55, 0x55, 0x50, 0x57, 0x55, 0x55, 0x50, 0x55, 0x75, 0x55, 0x50,
    0x55, 0x75, 0x55, 0x50, 0x55, 0x75, 0x55, 0x55, 0x55, 0x75, 0x55, 0x55, 0x00, 0x00, 0x00, 0x00,
    0x00, 0x00, 0x00, 0x00, 0x55, 0x55, 0x55, 0x55, 0x55, 0x55, 0x55, 0x55, 0x77, 0x77, 0x77, 0x77,
    0x55, 0x55, 0x55, 0x57, 0x55, 0x55, 0x55, 0x57, 0x05, 0x55, 0x55, 0x57, 0x00, 0x55, 0x55, 0x75,
    0x00, 0x55, 0x55, 0x75, 0x05, 0x55, 0x55, 0x75, 0x05, 0x55, 0x55, 0x75, 0x05, 0x55, 0x57, 0x55,
    0x05, 0x55, 0x57, 0x55, 0x55, 0x55, 0x57, 0x55, 0x55, 0x55, 0x57, 0x55, 0x00, 0x00, 0x00, 0x00,
    0x00, 0x00, 0x00, 0x00, 0x55, 0x75, 0x55, 0x55, 0x55, 0x75, 0x55, 0x55, 0x55, 0x75, 0x55, 0x50,
    0x55, 0x75, 0x55, 0x50, 0x57, 0x55, 0x55, 0x50, 0x57, 0x55, 0x55, 0x50, 0x57, 0x55, 0x55, 0x00,
    0x57, 0x55, 0x55, 0x00, 0x75, 0x55, 0x55, 0x50, 0x75, 0x55, 0x55, 0x55, 0x75, 0x55, 0x55, 0x55,
    0x77, 0x77, 0x77, 0x77, 0x55, 0x55, 0x55, 0x55, 0x55, 0x55, 0x55, 0x55, 0x00, 0x00, 0x00, 0x00,
    0x00, 0x00, 0x00, 0x00, 0x55, 0x55, 0x57, 0x55, 0x55, 0x55, 0x57, 0x55, 0x05, 0x55, 0x57, 0x55,
    0x05, 0x55, 0x57, 0x55, 0x05, 0x55, 0x55, 0x75, 0x05, 0x55, 0x55, 0x75, 0x00, 0x55, 0x55, 0x75,
    0x00, 0x55, 0x55, 0x75, 0x05, 0x55, 0x55, 0x57, 0x55, 0x55, 0x55, 0x57, 0x55, 0x55, 0x55, 0x57,
    0x77, 0x77, 0x77, 0x77, 0x55, 0x55, 0x55, 0x55, 0x55, 0x55, 0x55, 0x55, 0x00, 0x00, 0x00, 0x00,
    0x05, 0x57, 0x77, 0x75, 0x05, 0x57, 0x55, 0x57, 0x05, 0x57, 0x55, 0x55, 0x05, 0x57, 0x55, 0x55,
    0x05, 0x57, 0x55, 0x55, 0x05, 0x57, 0x55, 0x55, 0x05, 0x57, 0x55, 0x50, 0x05, 0x57, 0x55, 0x00,
    0x05, 0x57, 0x55, 0x00, 0x05, 0x57, 0x55, 0x50, 0x05, 0x57, 0x55, 0x55, 0x05, 0x57, 0x55, 0x55,
    0x05, 0x57, 0x55, 0x55, 0x05, 0x57, 0x55, 0x55, 0x05, 0x57, 0x55, 0x57, 0x05, 0x57, 0x77, 0x75,
    0x55, 0x55, 0x55, 0x50, 0x77, 0x75, 0x55, 0x50, 0x55, 0x57, 0x77, 0x70, 0x55, 0x55, 0x55, 0x50,
    0x55, 0x55, 0x55, 0x50, 0x55, 0x55, 0x55, 0x50, 0x05, 0x55, 0x55, 0x50, 0x00, 0x00, 0x05, 0x50,
    0x00, 0x00, 0x05, 0x50, 0x05, 0x55, 0x55, 0x50, 0x55, 0x55, 0x55, 0x50, 0x55, 0x55, 0x55, 0x50,
    0x55, 0x55, 0x55, 0x50, 0x55, 0x57, 0x77, 0x70, 0x77, 0x75, 0x55, 0x50, 0x55, 0x55, 0x55, 0x50,
    0x05, 0x55, 0x55, 0x55, 0x05, 0x55, 0x57, 0x77, 0x07, 0x77, 0x75, 0x55, 0x05, 0x55, 0x55, 0x55,
    0x05, 0x55, 0x55, 0x55, 0x05, 0x55, 0x55, 0x55, 0x05, 0x55, 0x55, 0x50, 0x05, 0x50, 0x00, 0x00,
    0x05, 0x50, 0x00, 0x00, 0x05, 0x55, 0x55, 0x50, 0x05, 0x55, 0x55, 0x55, 0x05, 0x55, 0x55, 0x55,
    0x05, 0x55, 0x55, 0x55, 0x07, 0x77, 0x75, 0x55, 0x05, 0x55, 0x57, 0x77, 0x05, 0x55, 0x55, 0x55,
    0x57, 0x77, 0x75, 0x50, 0x75, 0x55, 0x75, 0x50, 0x55, 0x55, 0x75, 0x50, 0x55, 0x55, 0x75, 0x50,
    0x55, 0x55, 0x75, 0x50, 0x55, 0x55, 0x75, 0x50, 0x05, 0x55, 0x75, 0x50, 0x00, 0x55, 0x75, 0x50,
    0x00, 0x55, 0x75, 0x50, 0x05, 0x55, 0x75, 0x50, 0x55, 0x55, 0x75, 0x50, 0x55, 0x55, 0x75, 0x50,
    0x55, 0x55, 0x75, 0x50, 0x55, 0x55, 0x75, 0x50, 0x75, 0x55, 0x75, 0x50, 0x57, 0x77, 0x75, 0x50,
    0x00, 0x00, 0x00, 0x00, 0x55, 0x55, 0x55, 0x55, 0x55, 0x55, 0x55, 0x50, 0x55, 0x55, 0x55, 0x70,
    0x55, 0x55, 0x57, 0x55, 0x55, 0x55, 0x75, 0x55, 0x55, 0x57, 0x55, 0x50, 0x55, 0x75, 0x55, 0x50,
    0x55, 0x75, 0x55, 0x55, 0x55, 0x57, 0x55, 0x55, 0x55, 0x55, 0x75, 0x50, 0x55, 0x55, 0x57, 0x50,
    0x55, 0x55, 0x55, 0x77, 0x55, 0x55, 0x55, 0x55, 0x55, 0x55, 0x55, 0x50, 0x00, 0x00, 0x00, 0x00,
    0x00, 0x00, 0x00, 0x00, 0x05, 0x55, 0x55, 0x55, 0x55, 0x55, 0x55, 0x55, 0x77, 0x55, 0x55, 0x55,
    0x05, 0x75, 0x55, 0x55, 0x05, 0x57, 0x55, 0x55, 0x55, 0x55, 0x75, 0x55, 0x55, 0x55, 0x57, 0x55,
    0x05, 0x55, 0x57, 0x55, 0x05, 0x55, 0x75, 0x55, 0x55, 0x57, 0x55, 0x55, 0x55, 0x75, 0x55, 0x55,
    0x07, 0x55, 0x55, 0x55, 0x05, 0x55, 0x55, 0x55, 0x55, 0x55, 0x55, 0x55, 0x00, 0x00, 0x00, 0x00,
    0x05, 0x55, 0x55, 0x55, 0x05, 0x55, 0x55, 0x55, 0x05, 0x55, 0x55, 0x57, 0x05, 0x55, 0x55, 0x75,
    0x05, 0x55, 0x57, 0x55, 0x05, 0x55, 0x75, 0x55, 0x05, 0x57, 0x55, 0x55, 0x00, 0x57, 0x00, 0x55,
    0x05, 0x00, 0x55, 0x00, 0x05, 0x57, 0x55, 0x55, 0x05, 0x55, 0x75, 0x55, 0x05, 0x55, 0x57, 0x55,
    0x05, 0x55, 0x55, 0x75, 0x05, 0x55, 0x55, 0x57, 0x05, 0x55, 0x55, 0x55, 0x05, 0x55, 0x55, 0x55,
    0x55, 0x55, 0x55, 0x50, 0x55, 0x55, 0x55, 0x50, 0x75, 0x55, 0x55, 0x50, 0x57, 0x55, 0x55, 0x50,
    0x55, 0x75, 0x55, 0x50, 0x55, 0x57, 0x55, 0x50, 0x55, 0x55, 0x75, 0x50, 0x00, 0x55, 0x00, 0x50,
    0x55, 0x00, 0x75, 0x00, 0x55, 0x55, 0x75, 0x50, 0x55, 0x57, 0x55, 0x50, 0x55, 0x75, 0x55, 0x50,
    0x57, 0x55, 0x55, 0x50, 0x75, 0x55, 0x55, 0x50, 0x55, 0x55, 0x55, 0x50, 0x55, 0x55, 0x55, 0x50,
    0x67, 0x77, 0x77, 0x77, 0x76, 0x77, 0x77, 0x77, 0x77, 0x67, 0x77, 0x77, 0x77, 0x76, 0x77, 0x77,
    0x77, 0x77, 0x67, 0x77, 0x77, 0x77, 0x76, 0x66, 0x77, 0x77, 0x76, 0x66, 0x77, 0x77, 0x76, 0x66,
    0x77, 0x77, 0x76, 0x66, 0x77, 0x77, 0x76, 0x66, 0x77, 0x77, 0x76, 0x66, 0x77, 0x77, 0x75, 0x55,
    0x77, 0x77, 0x55, 0x55, 0x77, 0x75, 0x55, 0x55, 0x77, 0x55, 0x55, 0x55, 0x75, 0x55, 0x55, 0x55,
    0x77, 0x77, 0x77, 0x75, 0x77, 0x77, 0x77, 0x55, 0x77, 0x77, 0x75, 0x55, 0x77, 0x77, 0x55, 0x55,
    0x77, 0x75, 0x55, 0x55, 0x66, 0x65, 0x55, 0x55, 0x66, 0x65, 0x55, 0x55, 0x66, 0x65, 0x55, 0x55,
    0x66, 0x65, 0x55, 0x55, 0x66, 0x65, 0x55, 0x55, 0x66, 0x65, 0x55, 0x55, 0x55, 0x56, 0x55, 0x55,
    0x55, 0x55, 0x65, 0x55, 0x55, 0x55, 0x56, 0x55, 0x55, 0x55, 0x55, 0x65, 0x55, 0x55, 0x55, 0x56,
    0x60, 0x00, 0x66, 0x00, 0x06, 0x65, 0x00, 0x55, 0x06, 0x66, 0x55, 0x77, 0x07, 0x66, 0x65, 0x07,
    0x07, 0x06, 0x65, 0x57, 0x60, 0x00, 0x66, 0x50, 0x66, 0x00, 0x00, 0x60, 0x66, 0x00, 0x66, 0x66,
    0x60, 0x66, 0x65, 0x55, 0x06, 0x65, 0x55, 0x50, 0x00, 0x00, 0x00, 0x05, 0x66, 0x07, 0x77, 0x55,
    0x60, 0x00, 0x05, 0x55, 0x07, 0x77, 0x55, 0x55, 0x00, 0x00, 0x55, 0x55, 0x07, 0x77, 0x55, 0x50,
    0x06, 0x66, 0x00, 0x00, 0x50, 0x60, 0x55, 0x50, 0x05, 0x05, 0x55, 0x50, 0x70, 0x55, 0x55, 0x06,
    0x70, 0x55, 0x77, 0x77, 0x00, 0x57, 0x77, 0x70, 0x55, 0x07, 0x70, 0x06, 0x55, 0x07, 0x77, 0x50,
    0x50, 0x05, 0x55, 0x50, 0x55, 0x55, 0x55, 0x50, 0x50, 0x55, 0x55, 0x50, 0x05, 0x55, 0x00, 0x50,
    0x50, 0x50, 0x55, 0x06, 0x50, 0x50, 0x55, 0x06, 0x55, 0x05, 0x05, 0x50, 0x00, 0x00, 0x55, 0x50,
    0x55, 0x56, 0x66, 0x66, 0x77, 0x75, 0x56, 0x66, 0x66, 0x67, 0x75, 0x56, 0x66, 0x66, 0x67, 0x75,
    0x66, 0x66, 0x66, 0x67, 0x66, 0x66, 0x66, 0x66, 0x66, 0x66, 0x66, 0x66, 0x66, 0x66, 0x66, 0x66,
    0x66, 0x66, 0x66, 0x66, 0x66, 0x66, 0x66, 0x66, 0x66, 0x66, 0x66, 0x66, 0x66, 0x66, 0x66, 0x65,
    0x66, 0x66, 0x65, 0x57, 0x66, 0x65, 0x57, 0x76, 0x55, 0x57, 0x76, 0x66, 0x77, 0x76, 0x66, 0x66,
    0x66, 0x66, 0x66, 0x66, 0x66, 0x66, 0x66, 0x66, 0x66, 0x66, 0x66, 0x66, 0x56, 0x66, 0x66, 0x66,
    0x75, 0x56, 0x66, 0x66, 0x67, 0x75, 0x56, 0x66, 0x66, 0x67, 0x75, 0x55, 0x66, 0x66, 0x67, 0x77,
    0x66, 0x66, 0x65, 0x55, 0x66, 0x65, 0x57, 0x77, 0x65, 0x57, 0x76, 0x66, 0x57, 0x76, 0x66, 0x66,
    0x76, 0x66, 0x66, 0x66, 0x66, 0x66, 0x66, 0x66, 0x66, 0x66, 0x66, 0x66, 0x66, 0x66, 0x66, 0x66,
    0x66, 0x65, 0x76, 0x66, 0x66, 0x65, 0x76, 0x66, 0x66, 0x65, 0x55, 0x56, 0x66, 0x65, 0x77, 0x75,
    0x66, 0x65, 0x76, 0x67, 0x66, 0x65, 0x76, 0x66, 0x66, 0x65, 0x76, 0x66, 0x66, 0x65, 0x76, 0x66,
    0x66, 0x65, 0x76, 0x66, 0x66, 0x65, 0x76, 0x66, 0x66, 0x65, 0x76, 0x66, 0x66, 0x65, 0x76, 0x65,
    0x66, 0x65, 0x55, 0x57, 0x66, 0x65, 0x77, 0x76, 0x66, 0x65, 0x76, 0x66, 0x66, 0x65, 0x76, 0x66,
    0x66, 0x67, 0x56, 0x66, 0x66, 0x67, 0x56, 0x66, 0x66, 0x67, 0x56, 0x66, 0x56, 0x67, 0x56, 0x66,
    0x75, 0x55, 0x56, 0x66, 0x67, 0x77, 0x56, 0x66, 0x66, 0x67, 0x56, 0x66, 0x66, 0x67, 0x56, 0x66,
    0x66, 0x67, 0x56, 0x66, 0x66, 0x67, 0x56, 0x66, 0x65, 0x55, 0x56, 0x66, 0x57, 0x77, 0x56, 0x66,
    0x76, 0x67, 0x56, 0x66, 0x66, 0x67, 0x56, 0x66, 0x66, 0x67, 0x56, 0x66, 0x66, 0x67, 0x56, 0x66,
    0x57, 0x66, 0x66, 0x66, 0x57, 0x66, 0x66, 0x66, 0x57, 0x66, 0x66, 0x66, 0x65, 0x76, 0x66, 0x66,
    0x65, 0x76, 0x66, 0x66, 0x66, 0x57, 0x66, 0x66, 0x66, 0x57, 0x66, 0x66, 0x66, 0x65, 0x76, 0x66,
    0x66, 0x65, 0x76, 0x66, 0x66, 0x57, 0x66, 0x66, 0x66, 0x57, 0x66, 0x66, 0x65, 0x76, 0x66, 0x66,
    0x65, 0x76, 0x66, 0x66, 0x57, 0x66, 0x66, 0x66, 0x57, 0x66, 0x66, 0x66, 0x57, 0x66, 0x66, 0x66,
    0x66, 0x65, 0x76, 0x66, 0x66, 0x66, 0x57, 0x66, 0x66, 0x66, 0x57, 0x66, 0x66, 0x66, 0x65, 0x76,
    0x66, 0x66, 0x65, 0x76, 0x66, 0x66, 0x66, 0x57, 0x66, 0x66, 0x66, 0x57, 0x66, 0x66, 0x66, 0x57,
    0x66, 0x66, 0x66, 0x57, 0x66, 0x66, 0x66, 0x57, 0x66, 0x66, 0x66, 0x57, 0x66, 0x66, 0x65, 0x76,
    0x66, 0x66, 0x65, 0x76, 0x66, 0x66, 0x57, 0x66, 0x66, 0x66, 0x57, 0x66, 0x66, 0x65, 0x76, 0x66,
    0x56, 0x66, 0x66, 0x66, 0x65, 0x66, 0x66, 0x66, 0x66, 0x56, 0x66, 0x66, 0x66, 0x65, 0x55, 0x55,
    0x66, 0x65, 0x57, 0x77, 0x66, 0x65, 0x75, 0x66, 0x66, 0x65, 0x76, 0x56, 0x66, 0x65, 0x76, 0x65,
    0x66, 0x65, 0x76, 0x65, 0x66, 0x65, 0x76, 0x56, 0x66, 0x65, 0x75, 0x66, 0x66, 0x65, 0x57, 0x77,
    0x66, 0x65, 0x55, 0x55, 0x66, 0x56, 0x66, 0x66, 0x65, 0x66, 0x66, 0x66, 0x56, 0x66, 0x66, 0x66,
    0x56, 0x67, 0x56, 0x66, 0x65, 0x67, 0x56, 0x66, 0x66, 0x57, 0x56, 0x66, 0x77, 0x75, 0x56, 0x66,
    0x55, 0x55, 0x56, 0x66, 0x66, 0x66, 0x65, 0x66, 0x66, 0x66, 0x66, 0x56, 0x66, 0x66, 0x66, 0x65,
    0x66, 0x66, 0x66, 0x65, 0x66, 0x66, 0x66, 0x56, 0x66, 0x66, 0x65, 0x66, 0x55, 0x55, 0x56, 0x66,
    0x77, 0x75, 0x56, 0x66, 0x66, 0x57, 0x56, 0x66, 0x65, 0x67, 0x56, 0x66, 0x56, 0x67, 0x56, 0x66,
    0x66, 0x65, 0x76, 0x66, 0x66, 0x65, 0x76, 0x66, 0x66, 0x65, 0x76, 0x66, 0x56, 0x65, 0x76, 0x66,
    0x75, 0x55, 0x76, 0x66, 0x67, 0x75, 0x76, 0x66, 0x66, 0x65, 0x76, 0x66, 0x66, 0x65, 0x76, 0x66,
    0x66, 0x65, 0x76, 0x66, 0x66, 0x65, 0x76, 0x66, 0x65, 0x55, 0x76, 0x66, 0x57, 0x75, 0x76, 0x66,
    0x76, 0x65, 0x76, 0x66, 0x66, 0x65, 0x76, 0x66, 0x66, 0x65, 0x76, 0x66, 0x66, 0x65, 0x76, 0x66,
    0x66, 0x67, 0x56, 0x66, 0x66, 0x67, 0x56, 0x66, 0x66, 0x67, 0x55, 0x56, 0x66, 0x67, 0x57, 0x75,
    0x66, 0x67, 0x56, 0x67, 0x66, 0x67, 0x56, 0x66, 0x66, 0x67, 0x56, 0x66, 0x66, 0x67, 0x56, 0x66,
    0x66, 0x67, 0x56, 0x66, 0x66, 0x67, 0x56, 0x66, 0x66, 0x67, 0x56, 0x66, 0x66, 0x67, 0x56, 0x65,
    0x66, 0x67, 0x55, 0x57, 0x66, 0x67, 0x57, 0x76, 0x66, 0x67, 0x56, 0x66, 0x66, 0x67, 0x56, 0x66,
    0x66, 0x66, 0x66, 0x66, 0x66, 0x66, 0x66, 0x66, 0x66, 0x66, 0x66, 0x66, 0x55, 0x55, 0x55, 0x55,
    0x77, 0x57, 0x77, 0x77, 0x66, 0x57, 0x66, 0x66, 0x66, 0x57, 0x66, 0x66, 0x66, 0x65, 0x76, 0x66,
    0x66, 0x65, 0x76, 0x66, 0x66, 0x57, 0x66, 0x66, 0x66, 0x57, 0x66, 0x66, 0x77, 0x57, 0x77, 0x77,
    0x55, 0x55, 0x55, 0x55, 0x66, 0x66, 0x66, 0x66, 0x66, 0x66, 0x66, 0x66, 0x66, 0x66, 0x66, 0x66,
    0x66, 0x65, 0x76, 0x66, 0x66, 0x66, 0x57, 0x66, 0x66, 0x66, 0x57, 0x66, 0x77, 0x77, 0x57, 0x77,
    0x55, 0x55, 0x55, 0x55, 0x66, 0x66, 0x66, 0x66, 0x66, 0x66, 0x66, 0x66, 0x66, 0x66, 0x66, 0x66,
    0x66, 0x66, 0x66, 0x66, 0x66, 0x66, 0x66, 0x66, 0x66, 0x66, 0x66, 0x66, 0x55, 0x55, 0x55, 0x55,
    0x77, 0x77, 0x57, 0x77, 0x66, 0x66, 0x57, 0x66, 0x66, 0x66, 0x57, 0x66, 0x66, 0x65, 0x76, 0x66,
    0x66, 0x65, 0x76, 0x66, 0x66, 0x66, 0x57, 0x66, 0x66, 0x66, 0x57, 0x66, 0x55, 0x55, 0x55, 0x55,
    0x77, 0x77, 0x77, 0x77, 0x66, 0x66, 0x66, 0x66, 0x66, 0x66, 0x66, 0x66, 0x66, 0x66, 0x66, 0x66,
    0x66, 0x66, 0x66, 0x66, 0x66, 0x66, 0x66, 0x66, 0x66, 0x66, 0x66, 0x66, 0x77, 0x77, 0x77, 0x77,
    0x55, 0x55, 0x55, 0x55, 0x66, 0x66, 0x57, 0x66, 0x66, 0x66, 0x57, 0x66, 0x66, 0x65, 0x76, 0x66,
    0x66, 0x66, 0x66, 0x66, 0x66, 0x66, 0x66, 0x66, 0x66, 0x66, 0x66, 0x66, 0x77, 0x77, 0x77, 0x77,
    0x55, 0x55, 0x55, 0x55, 0x66, 0x57, 0x66, 0x66, 0x66, 0x57, 0x66, 0x66, 0x66, 0x65, 0x76, 0x66,
    0x66, 0x65, 0x76, 0x66, 0x66, 0x57, 0x66, 0x66, 0x66, 0x57, 0x66, 0x66, 0x55, 0x55, 0x55, 0x55,
    0x77, 0x77, 0x77, 0x77, 0x66, 0x66, 0x66, 0x66, 0x66, 0x66, 0x66, 0x66, 0x66, 0x66, 0x66, 0x66,
    0x66, 0x66, 0x77, 0x06, 0x66, 0x67, 0x77, 0x06, 0x66, 0x77, 0x77, 0x06, 0x66, 0x77, 0x77, 0x00,
    0x66, 0x77, 0x55, 0x00, 0x66, 0x55, 0x55, 0x50, 0x66, 0x65, 0x55, 0x50, 0x66, 0x66, 0x55, 0x55,
    0x66, 0x66, 0x55, 0x55, 0x66, 0x66, 0x55, 0x50, 0x66, 0x55, 0x55, 0x50, 0x66, 0x55, 0x55, 0x00,
    0x66, 0x77, 0x55, 0x00, 0x66, 0x77, 0x77, 0x06, 0x66, 0x67, 0x77, 0x06, 0x66, 0x66, 0x77, 0x06,
    0x55, 0x55, 0x66, 0x66, 0x05, 0x55, 0x56, 0x66, 0x05, 0x55, 0x55, 0x66, 0x00, 0x55, 0x55, 0x66,
    0x00, 0x55, 0x77, 0x66, 0x60, 0x77, 0x77, 0x66, 0x60, 0x77, 0x76, 0x66, 0x60, 0x77, 0x66, 0x66,
    0x60, 0x77, 0x66, 0x66, 0x60, 0x77, 0x76, 0x66, 0x60, 0x77, 0x77, 0x66, 0x00, 0x77, 0x77, 0x66,
    0x00, 0x55, 0x77, 0x66, 0x05, 0x55, 0x55, 0x66, 0x05, 0x55, 0x56, 0x66, 0x55, 0x55, 0x66, 0x66,
    0x66, 0x66, 0x66, 0x66, 0x66, 0x66, 0x66, 0x66, 0x66, 0x77, 0x75, 0x66, 0x67, 0x77, 0x75, 0x56,
    0x77, 0x77, 0x55, 0x55, 0x77, 0x77, 0x55, 0x55, 0x00, 0x00, 0x05, 0x55, 0x66, 0x60, 0x00, 0x05,
    0x66, 0x60, 0x00, 0x05, 0x00, 0x00, 0x05, 0x55, 0x77, 0x77, 0x55, 0x55, 0x77, 0x77, 0x55, 0x55,
    0x67, 0x77, 0x75, 0x56, 0x66, 0x77, 0x75, 0x66, 0x66, 0x66, 0x66, 0x66, 0x66, 0x66, 0x66, 0x66,
    0x55, 0x00, 0x06, 0x66, 0x55, 0x50, 0x00, 0x00, 0x55, 0x55, 0x57, 0x77, 0x55, 0x55, 0x57, 0x77,
    0x66, 0x55, 0x77, 0x76, 0x66, 0x55, 0x77, 0x66, 0x66, 0x66, 0x66, 0x66, 0x66, 0x66, 0x66, 0x66,
    0x66, 0x66, 0x66, 0x66, 0x66, 0x66, 0x66, 0x66, 0x66, 0x55, 0x77, 0x66, 0x66, 0x55, 0x77, 0x76,
    0x55, 0x55, 0x57, 0x77, 0x55, 0x55, 0x57, 0x77, 0x55, 0x50, 0x00, 0x00, 0x55, 0x00, 0x06, 0x66,
    0x66, 0x66, 0x66, 0x66, 0x66, 0x66, 0x66, 0x66, 0x66, 0x66, 0x66, 0x66, 0x55, 0x55, 0x55, 0x55,
    0x77, 0x77, 0x77, 0x77, 0x66, 0x66, 0x66, 0x66, 0x66, 0x66, 0x66, 0x66, 0x66, 0x66, 0x66, 0x66,
    0x66, 0x66, 0x66, 0x66, 0x66, 0x66, 0x66, 0x66, 0x66, 0x66, 0x66, 0x66, 0x77, 0x77, 0x77, 0x77,
    0x55, 0x55, 0x55, 0x55, 0x66, 0x66, 0x66, 0x66, 0x66, 0x66, 0x66, 0x66, 0x66, 0x66, 0x66, 0x66,
    0x66, 0x65, 0x76, 0x66, 0x66, 0x65, 0x76, 0x66, 0x66, 0x65, 0x76, 0x66, 0x66, 0x65, 0x76, 0x66,
    0x66, 0x65, 0x76, 0x66, 0x66, 0x65, 0x76, 0x66, 0x66, 0x65, 0x76, 0x66, 0x66, 0x65, 0x76, 0x66,
    0x66, 0x67, 0x56, 0x66, 0x66, 0x67, 0x56, 0x66, 0x66, 0x67, 0x56, 0x66, 0x66, 0x67, 0x56, 0x66,
    0x66, 0x67, 0x56, 0x66, 0x66, 0x67, 0x56, 0x66, 0x66, 0x67, 0x56, 0x66, 0x66, 0x67, 0x56, 0x66,
    0x56, 0x66, 0x66, 0x66, 0x65, 0x66, 0x66, 0x66, 0x66, 0x56, 0x66, 0x66, 0x66, 0x65, 0x66, 0x66,
    0x66, 0x66, 0x56, 0x66, 0x66, 0x66, 0x65, 0x66, 0x66, 0x66, 0x66, 0x56, 0x66, 0x66, 0x66, 0x65,
    0x66, 0x66, 0x66, 0x65, 0x66, 0x66, 0x66, 0x56, 0x66, 0x66, 0x65, 0x66, 0x66, 0x66, 0x56, 0x66,
    0x66, 0x65, 0x66, 0x66, 0x66, 0x56, 0x66, 0x66, 0x65, 0x66, 0x66, 0x66, 0x56, 0x66, 0x66, 0x66,
    0x66, 0x66, 0x66, 0x66, 0x60, 0x00, 0x00, 0x06, 0x60, 0x00, 0x00, 0x06, 0x60, 0x00, 0x00, 0x06,
    0x60, 0x00, 0x00, 0x06, 0x60, 0x00, 0x00, 0x06, 0x60, 0x00, 0x00, 0x06, 0x66, 0x66, 0x66, 0x66,
    0x66, 0x66, 0x66, 0x66, 0x60, 0x00, 0x00, 0x06, 0x60, 0x00, 0x00, 0x06, 0x60, 0x00, 0x00, 0x00,
    0x60, 0x00, 0x00, 0x00, 0x60, 0x00, 0x00, 0x06, 0x60, 0x00, 0x00, 0x06, 0x66, 0x66, 0x66, 0x66,
    0x66, 0x66, 0x66, 0x66, 0x60, 0x00, 0x00, 0x06, 0x60, 0x00, 0x00, 0x06, 0x00, 0x00, 0x00, 0x06,
    0x00, 0x00, 0x00, 0x06, 0x60, 0x00, 0x00, 0x06, 0x60, 0x00, 0x00, 0x06, 0x66, 0x66, 0x66, 0x66,
    0x66, 0x66, 0x66, 0x66, 0x60, 0x00, 0x00, 0x06, 0x60, 0x00, 0x00, 0x06, 0x00, 0x00, 0x00, 0x00,
    0x00, 0x00, 0x00, 0x00, 0x60, 0x00, 0x00, 0x06, 0x60, 0x00, 0x00, 0x06, 0x66, 0x66, 0x66, 0x66,
    0x66, 0x66, 0x66, 0x66, 0x60, 0x00, 0x00, 0x06, 0x60, 0x00, 0x00, 0x06, 0x60, 0x00, 0x00, 0x06,
    0x60, 0x00, 0x00, 0x06, 0x60, 0x00, 0x00, 0x06, 0x60, 0x00, 0x00, 0x06, 0x66, 0x60, 0x06, 0x66,
    0x66, 0x66, 0x66, 0x66, 0x60, 0x00, 0x00, 0x06, 0x60, 0x00, 0x00, 0x06, 0x60, 0x00, 0x00, 0x00,
    0x60, 0x00, 0x00, 0x00, 0x60, 0x00, 0x00, 0x06, 0x60, 0x00, 0x00, 0x06, 0x66, 0x60, 0x06, 0x66,
    0x66, 0x66, 0x66, 0x66, 0x60, 0x00, 0x00, 0x06, 0x60, 0x00, 0x00, 0x06, 0x00, 0x00, 0x00, 0x06,
    0x00, 0x00, 0x00, 0x06, 0x60, 0x00, 0x00, 0x06, 0x60, 0x00, 0x00, 0x06, 0x66, 0x60, 0x06, 0x66,
    0x66, 0x66, 0x66, 0x66, 0x60, 0x00, 0x00, 0x06, 0x60, 0x00, 0x00, 0x06, 0x00, 0x00, 0x00, 0x00,
    0x00, 0x00, 0x00, 0x00, 0x60, 0x00, 0x00, 0x06, 0x60, 0x00, 0x00, 0x06, 0x66, 0x60, 0x06, 0x66,
    0x66, 0x60, 0x06, 0x66, 0x60, 0x00, 0x00, 0x06, 0x60, 0x00, 0x00, 0x06, 0x60, 0x00, 0x00, 0x06,
    0x60, 0x00, 0x00, 0x06, 0x60, 0x00, 0x00, 0x06, 0x60, 0x00, 0x00, 0x06, 0x66, 0x66, 0x66, 0x66,
    0x66, 0x60, 0x06, 0x66, 0x60, 0x00, 0x00, 0x06, 0x60, 0x00, 0x00, 0x06, 0x60, 0x00, 0x00, 0x00,
    0x60, 0x00, 0x00, 0x00, 0x60, 0x00, 0x00, 0x06, 0x60, 0x00, 0x00, 0x06, 0x66, 0x66, 0x66, 0x66,
    0x66, 0x60, 0x06, 0x66, 0x60, 0x00, 0x00, 0x06, 0x60, 0x00, 0x00, 0x06, 0x00, 0x00, 0x00, 0x06,
    0x00, 0x00, 0x00, 0x06, 0x60, 0x00, 0x00, 0x06, 0x60, 0x00, 0x00, 0x06, 0x66, 0x66, 0x66, 0x66,
    0x66, 0x60, 0x06, 0x66, 0x60, 0x00, 0x00, 0x06, 0x60, 0x00, 0x00, 0x06, 0x00, 0x00, 0x00, 0x00,
    0x00, 0x00, 0x00, 0x00, 0x60, 0x00, 0x00, 0x06, 0x60, 0x00, 0x00, 0x06, 0x66, 0x66, 0x66, 0x66,
    0x66, 0x60, 0x06, 0x66, 0x60, 0x00, 0x00, 0x06, 0x60, 0x00, 0x00, 0x06, 0x60, 0x00, 0x00, 0x06,
    0x60, 0x00, 0x00, 0x06, 0x60, 0x00, 0x00, 0x06, 0x60, 0x00, 0x00, 0x06, 0x66, 0x60, 0x06, 0x66,
    0x66, 0x60, 0x06, 0x66, 0x60, 0x00, 0x00, 0x06, 0x60, 0x00, 0x00, 0x06, 0x60, 0x00, 0x00, 0x00,
    0x60, 0x00, 0x00, 0x00, 0x60, 0x00, 0x00, 0x06, 0x60, 0x00, 0x00, 0x06, 0x66, 0x60, 0x06, 0x66,
    0x66, 0x60, 0x06, 0x66, 0x60, 0x00, 0x00, 0x06, 0x60, 0x00, 0x00, 0x06, 0x00, 0x00, 0x00, 0x06,
    0x00, 0x00, 0x00, 0x06, 0x60, 0x00, 0x00, 0x06, 0x60, 0x00, 0x00, 0x06, 0x66, 0x60, 0x06, 0x66,
    0x66, 0x60, 0x06, 0x66, 0x60, 0x00, 0x00, 0x06, 0x60, 0x00, 0x00, 0x06, 0x00, 0x00, 0x00, 0x00,
    0x00, 0x00, 0x00, 0x00, 0x60, 0x00, 0x00, 0x06, 0x60, 0x00, 0x00, 0x06, 0x66, 0x60, 0x06, 0x66,
    0x07, 0x70, 0x77, 0x00, 0x75, 0x57, 0x55, 0x70, 0x75, 0x55, 0x55, 0x70, 0x75, 0x55, 0x55, 0x70,
    0x75, 0x55, 0x55, 0x70, 0x07, 0x55, 0x57, 0x00, 0x00, 0x75, 0x70, 0x00, 0x00, 0x07, 0x00, 0x00,
    0x00, 0x00, 0x00, 0x00, 0x00, 0x00, 0x00, 0x00, 0x00, 0x00, 0x00, 0x00, 0x00, 0x00, 0x00, 0x00,
    0x00, 0x00, 0x00, 0x00, 0x00, 0x00, 0x00, 0x00, 0x00, 0x00, 0x00, 0x00, 0x00, 0x00, 0x00, 0x00,
    0x55, 0x55, 0x55, 0x55, 0x55, 0x55, 0x55, 0x55, 0x55, 0x55, 0x55, 0x55, 0x55, 0x55, 0x55, 0x55,
    0x55, 0x55, 0x55, 0x55, 0x55, 0x55, 0x55, 0x55, 0x55, 0x55, 0x55, 0x55, 0x55, 0x55, 0x55, 0x55,
    0x66, 0x66, 0x66, 0x66, 0x66, 0x66, 0x66, 0x66, 0x66, 0x66, 0x66, 0x66, 0x66, 0x66, 0x66, 0x66,
    0x66, 0x66, 0x66, 0x66, 0x66, 0x66, 0x66, 0x66, 0x66, 0x66, 0x66, 0x66, 0x66, 0x66, 0x66, 0x66,
    0x65, 0x76, 0x66, 0x66, 0x65, 0x66, 0x66, 0x66, 0x65, 0x66, 0x66, 0x66, 0x55, 0x55, 0x55, 0x55,
    0x66, 0x66, 0x65, 0x76, 0x66, 0x66, 0x65, 0x66, 0x66, 0x66, 0x65, 0x66, 0x55, 0x55, 0x55, 0x55,
    0x00, 0x06, 0x77, 0x75, 0x00, 0x76, 0x66, 0x56, 0x07, 0x66, 0x66, 0x56, 0x66, 0x66, 0x66, 0x55,
    0x76, 0x66, 0x65, 0x66, 0x76, 0x66, 0x56, 0x60, 0x75, 0x55, 0x66, 0x00, 0x66, 0x65, 0x60, 0x00,
    0x00, 0x00, 0x00, 0x00, 0x00, 0x00, 0x00, 0x00, 0x00, 0x00, 0x00, 0x00, 0x00, 0x00, 0x00, 0x00,
    0x00, 0x00, 0x00, 0x00, 0x00, 0x00, 0x00, 0x00, 0x00, 0x00, 0x05, 0x05, 0x00, 0x00, 0x00, 0x00,
    0x00, 0x00, 0x76, 0x60, 0x00, 0x07, 0x00, 0x66, 0x00, 0x06, 0x00, 0x06, 0x00, 0x00, 0x60, 0x06,
    0x06, 0x06, 0x06, 0x60, 0x60, 0x60, 0x00, 0x00, 0x06, 0x00, 0x00, 0x00, 0x60, 0x00, 0x00, 0x00,
    0x55, 0x55, 0x55, 0x05, 0x66, 0x66, 0x66, 0x05, 0x66, 0x66, 0x66, 0x05, 0x00, 0x00, 0x00, 0x00,
    0x55, 0x05, 0x55, 0x55, 0x66, 0x05, 0x66, 0x66, 0x66, 0x05, 0x66, 0x66, 0x00, 0x00, 0x00, 0x00,
    0x00, 0x00, 0x00, 0x00, 0x00, 0x00, 0x00, 0x00, 0x00, 0x00, 0x00, 0x00, 0x00, 0x00, 0x00, 0x00,
    0x77, 0x77, 0x77, 0x70, 0x77, 0x77, 0x77, 0x70, 0x77, 0x77, 0x77, 0x70, 0x00, 0x00, 0x00, 0x00,
    0x00, 0x55, 0x55, 0x00, 0x05, 0x00, 0x00, 0x50, 0x50, 0x05, 0x50, 0x05, 0x50, 0x50, 0x00, 0x05,
    0x50, 0x50, 0x00, 0x05, 0x50, 0x05, 0x50, 0x05, 0x05, 0x00, 0x00, 0x50, 0x00, 0x55, 0x55, 0x00,
    0x00, 0x00, 0x06, 0x00, 0x00, 0x06, 0x06, 0x60, 0x60, 0x06, 0x66, 0x60, 0x60, 0x06, 0x66, 0x66,
    0x60, 0x66, 0x66, 0x66, 0x60, 0x66, 0x66, 0x66, 0x66, 0x66, 0x66, 0x66, 0x66, 0x66, 0x66, 0x66,
    0x66, 0x66, 0x66, 0x66, 0x66, 0x66, 0x66, 0x66, 0x60, 0x66, 0x66, 0x66, 0x60, 0x66, 0x66, 0x66,
    0x60, 0x66, 0x66, 0x66, 0x60, 0x06, 0x66, 0x06, 0x00, 0x06, 0x60, 0x06, 0x00, 0x00, 0x60, 0x00,
    0x77, 0x77, 0x77, 0x70, 0x77, 0x77, 0x77, 0x70, 0x77, 0x77, 0x77, 0x70, 0x00, 0x00, 0x00, 0x00,
    0x77, 0x77, 0x77, 0x70, 0x77, 0x77, 0x77, 0x70, 0x77, 0x77, 0x77, 0x70, 0x00, 0x00, 0x00, 0x00,
    0x00, 0x99, 0x90, 0x00, 0x09, 0x00, 0x99, 0x00, 0x99, 0x00, 0x09, 0x90, 0x99, 0x00, 0x09, 0x90,
    0x99, 0x00, 0x09, 0x90, 0x09, 0x90, 0x09, 0x00, 0x00, 0x99, 0x90, 0x00, 0x00, 0x00, 0x00, 0x00,
    0x00, 0x09, 0x90, 0x00, 0x00, 0x99, 0x90, 0x00, 0x00, 0x09, 0x90, 0x00, 0x00, 0x09, 0x90, 0x00,
    0x00, 0x09, 0x90, 0x00, 0x00, 0x09, 0x90, 0x00, 0x09, 0x99, 0x99, 0x90, 0x00, 0x00, 0x00, 0x00,
    0x09, 0x99, 0x99, 0x00, 0x99, 0x00, 0x09, 0x90, 0x00, 0x00, 0x99, 0x90, 0x00, 0x99, 0x99, 0x00,
    0x09, 0x99, 0x90, 0x00, 0x99, 0x90, 0x00, 0x00, 0x99, 0x99, 0x99, 0x90, 0x00, 0x00, 0x00, 0x00,
    0x09, 0x99, 0x99, 0x90, 0x00, 0x00, 0x99, 0x00, 0x00, 0x09, 0x90, 0x00, 0x00, 0x99, 0x99, 0x00,
    0x00, 0x00, 0x09, 0x90, 0x99, 0x00, 0x09, 0x90, 0x09, 0x99, 0x99, 0x00, 0x00, 0x00, 0x00, 0x00,
    0x00, 0x09, 0x99, 0x00, 0x00, 0x99, 0x99, 0x00, 0x09, 0x90, 0x99, 0x00, 0x99, 0x00, 0x99, 0x00,
    0x99, 0x99, 0x99, 0x90, 0x00, 0x00, 0x99, 0x00, 0x00, 0x00, 0x99, 0x00, 0x00, 0x00, 0x00, 0x00,
    0x99, 0x99, 0x99, 0x00, 0x99, 0x00, 0x00, 0x00, 0x99, 0x99, 0x99, 0x00, 0x00, 0x00, 0x09, 0x90,
    0x00, 0x00, 0x09, 0x90, 0x99, 0x00, 0x09, 0x90, 0x09, 0x99, 0x99, 0x00, 0x00, 0x00, 0x00, 0x00,
    0x00, 0x99, 0x99, 0x00, 0x09, 0x90, 0x00, 0x00, 0x99, 0x00, 0x00, 0x00, 0x99, 0x99, 0x99, 0x00,
    0x99, 0x00, 0x09, 0x90, 0x99, 0x00, 0x09, 0x90, 0x09, 0x99, 0x99, 0x00, 0x00, 0x00, 0x00, 0x00,
    0x99, 0x99, 0x99, 0x90, 0x99, 0x00, 0x09, 0x90, 0x00, 0x00, 0x99, 0x00, 0x00, 0x09, 0x90, 0x00,
    0x00, 0x99, 0x00, 0x00, 0x00, 0x99, 0x00, 0x00, 0x00, 0x99, 0x00, 0x00, 0x00, 0x00, 0x00, 0x00,
    0x09, 0x99, 0x90, 0x00, 0x99, 0x00, 0x09, 0x00, 0x99, 0x90, 0x09, 0x00, 0x09, 0x99, 0x90, 0x00,
    0x90, 0x00, 0x09, 0x90, 0x90, 0x00, 0x09, 0x90, 0x09, 0x99, 0x99, 0x00, 0x00, 0x00, 0x00, 0x00,
    0x09, 0x99, 0x99, 0x00, 0x99, 0x00, 0x09, 0x90, 0x99, 0x00, 0x09, 0x90, 0x09, 0x99, 0x99, 0x90,
    0x00, 0x00, 0x09, 0x90, 0x00, 0x00, 0x99, 0x00, 0x09, 0x99, 0x90, 0x00, 0x00, 0x00, 0x00, 0x00,
    0x00, 0x99, 0x90, 0x00, 0x09, 0x90, 0x99, 0x00, 0x99, 0x00, 0x09, 0x90, 0x99, 0x00, 0x09, 0x90,
    0x99, 0x99, 0x99, 0x90, 0x99, 0x00, 0x09, 0x90, 0x99, 0x00, 0x09, 0x90, 0x00, 0x00, 0x00, 0x00,
    0x99, 0x99, 0x99, 0x00, 0x99, 0x00, 0x09, 0x90, 0x99, 0x00, 0x09, 0x90, 0x99, 0x99, 0x99, 0x00,
    0x99, 0x00, 0x09, 0x90, 0x99, 0x00, 0x09, 0x90, 0x99, 0x99, 0x99, 0x00, 0x00, 0x00, 0x00, 0x00,
    0x00, 0x99, 0x99, 0x00, 0x09, 0x90, 0x09, 0x90, 0x99, 0x00, 0x00, 0x00, 0x99, 0x00, 0x00, 0x00,
    0x99, 0x00, 0x00, 0x00, 0x09, 0x90, 0x09, 0x90, 0x00, 0x99, 0x99, 0x00, 0x00, 0x00, 0x00, 0x00,
    0x99, 0x99, 0x90, 0x00, 0x99, 0x00, 0x99, 0x00, 0x99, 0x00, 0x09, 0x90, 0x99, 0x00, 0x09, 0x90,
    0x99, 0x00, 0x09, 0x90, 0x99, 0x00, 0x99, 0x00, 0x99, 0x99, 0x90, 0x00, 0x00, 0x00, 0x00, 0x00,
    0x99, 0x99, 0x99, 0x90, 0x99, 0x00, 0x00, 0x00, 0x99, 0x00, 0x00, 0x00, 0x99, 0x99, 0x99, 0x00,
    0x99, 0x00, 0x00, 0x00, 0x99, 0x00, 0x00, 0x00, 0x99, 0x99, 0x99, 0x90, 0x00, 0x00, 0x00, 0x00,
    0x99, 0x99, 0x99, 0x90, 0x99, 0x00, 0x00, 0x00, 0x99, 0x00, 0x00, 0x00, 0x99, 0x99, 0x99, 0x00,
    0x99, 0x00, 0x00, 0x00, 0x99, 0x00, 0x00, 0x00, 0x99, 0x00, 0x00, 0x00, 0x00, 0x00, 0x00, 0x00,
    0x00, 0x99, 0x99, 0x90, 0x09, 0x90, 0x00, 0x00, 0x99, 0x00, 0x00, 0x00, 0x99, 0x00, 0x99, 0x90,
    0x99, 0x00, 0x09, 0x90, 0x09, 0x90, 0x09, 0x90, 0x00, 0x99, 0x99, 0x90, 0x00, 0x00, 0x00, 0x00,
    0x99, 0x00, 0x09, 0x90, 0x99, 0x00, 0x09, 0x90, 0x99, 0x00, 0x09, 0x90, 0x99, 0x99, 0x99, 0x90,
    0x99, 0x00, 0x09, 0x90, 0x99, 0x00, 0x09, 0x90, 0x99, 0x00, 0x09, 0x90, 0x00, 0x00, 0x00, 0x00,
    0x00, 0x99, 0x99, 0x00, 0x00, 0x09, 0x90, 0x00, 0x00, 0x09, 0x90, 0x00, 0x00, 0x09, 0x90, 0x00,
    0x00, 0x09, 0x90, 0x00, 0x00, 0x09, 0x90, 0x00, 0x00, 0x99, 0x99, 0x00, 0x00, 0x00, 0x00, 0x00,
    0x00, 0x09, 0x99, 0x90, 0x00, 0x00, 0x09, 0x90, 0x00, 0x00, 0x09, 0x90, 0x00, 0x00, 0x09, 0x90,
    0x99, 0x00, 0x09, 0x90, 0x99, 0x00, 0x09, 0x90, 0x09, 0x99, 0x99, 0x00, 0x00, 0x00, 0x00, 0x00,
    0x99, 0x00, 0x09, 0x90, 0x99, 0x00, 0x99, 0x00, 0x99, 0x09, 0x90, 0x00, 0x99, 0x99, 0x00, 0x00,
    0x99, 0x09, 0x90, 0x00, 0x99, 0x00, 0x99, 0x00, 0x99, 0x00, 0x09, 0x90, 0x00, 0x00, 0x00, 0x00,
    0x09, 0x90, 0x00, 0x00, 0x09, 0x90, 0x00, 0x00, 0x09, 0x90, 0x00, 0x00, 0x09, 0x90, 0x00, 0x00,
    0x09, 0x90, 0x00, 0x00, 0x09, 0x90, 0x00, 0x00, 0x09, 0x99, 0x99, 0x90, 0x00, 0x00, 0x00, 0x00,
    0x99, 0x00, 0x09, 0x90, 0x99, 0x90, 0x99, 0x90, 0x99, 0x99, 0x99, 0x90, 0x99, 0x99, 0x99, 0x90,
    0x99, 0x09, 0x09, 0x90, 0x99, 0x00, 0x09, 0x90, 0x99, 0x00, 0x09, 0x90, 0x00, 0x00, 0x00, 0x00,
    0x99, 0x00, 0x09, 0x90, 0x99, 0x90, 0x09, 0x90, 0x99, 0x99, 0x09, 0x90, 0x99, 0x99, 0x99, 0x90,
    0x99, 0x09, 0x99, 0x90, 0x99, 0x00, 0x99, 0x90, 0x99, 0x00, 0x09, 0x90, 0x00, 0x00, 0x00, 0x00,
    0x09, 0x99, 0x99, 0x00, 0x99, 0x00, 0x09, 0x90, 0x99, 0x00, 0x09, 0x90, 0x99, 0x00, 0x09, 0x90,
    0x99, 0x00, 0x09, 0x90, 0x99, 0x00, 0x09, 0x90, 0x09, 0x99, 0x99, 0x00, 0x00, 0x00, 0x00, 0x00,
    0x99, 0x99, 0x99, 0x00, 0x99, 0x00, 0x09, 0x90, 0x99, 0x00, 0x09, 0x90, 0x99, 0x99, 0x99, 0x00,
    0x99, 0x00, 0x00, 0x00, 0x99, 0x00, 0x00, 0x00, 0x99, 0x00, 0x00, 0x00, 0x00, 0x00, 0x00, 0x00,
    0x09, 0x99, 0x99, 0x00, 0x99, 0x00, 0x09, 0x90, 0x99, 0x00, 0x09, 0x90, 0x99, 0x00, 0x09, 0x90,
    0x99, 0x09, 0x99, 0x90, 0x99, 0x00, 0x99, 0x00, 0x09, 0x99, 0x90, 0x90, 0x00, 0x00, 0x00, 0x00,
    0x99, 0x99, 0x99, 0x00, 0x99, 0x00, 0x09, 0x90, 0x99, 0x00, 0x09, 0x90, 0x99, 0x99, 0x99, 0x00,
    0x99, 0x09, 0x90, 0x00, 0x99, 0x00, 0x99, 0x00, 0x99, 0x00, 0x09, 0x90, 0x00, 0x00, 0x00, 0x00,
    0x09, 0x99, 0x90, 0x00, 0x99, 0x00, 0x99, 0x00, 0x99, 0x00, 0x00, 0x00, 0x09, 0x99, 0x99, 0x00,
    0x00, 0x00, 0x09, 0x90, 0x99, 0x00, 0x09, 0x90, 0x09, 0x99, 0x99, 0x00, 0x00, 0x00, 0x00, 0x00,
    0x09, 0x99, 0x99, 0x90, 0x00, 0x09, 0x90, 0x00, 0x00, 0x09, 0x90, 0x00, 0x00, 0x09, 0x90, 0x00,
    0x00, 0x09, 0x90, 0x00, 0x00, 0x09, 0x90, 0x00, 0x00, 0x09, 0x90, 0x00, 0x00, 0x00, 0x00, 0x00,
    0x99, 0x00, 0x09, 0x90, 0x99, 0x00, 0x09, 0x90, 0x99, 0x00, 0x09, 0x90, 0x99, 0x00, 0x09, 0x90,
    0x99, 0x00, 0x09, 0x90, 0x99, 0x00, 0x09, 0x90, 0x09, 0x99, 0x99, 0x00, 0x00, 0x00, 0x00, 0x00,
    0x99, 0x00, 0x09, 0x90, 0x99, 0x00, 0x09, 0x90, 0x99, 0x00, 0x09, 0x90, 0x99, 0x90, 0x99, 0x90,
    0x09, 0x99, 0x99, 0x00, 0x00, 0x99, 0x90, 0x00, 0x00, 0x09, 0x00, 0x00, 0x00, 0x00, 0x00, 0x00,
    0x99, 0x00, 0x09, 0x90, 0x99, 0x00, 0x09, 0x90, 0x99, 0x09, 0x09, 0x90, 0x99, 0x99, 0x99, 0x90,
    0x99, 0x99, 0x99, 0x90, 0x99, 0x90, 0x99, 0x90, 0x99, 0x00, 0x09, 0x90, 0x00, 0x00, 0x00, 0x00,
    0x99, 0x00, 0x09, 0x90, 0x99, 0x90, 0x99, 0x90, 0x09, 0x99, 0x99, 0x00, 0x00, 0x99, 0x90, 0x00,
    0x09, 0x99, 0x99, 0x00, 0x99, 0x90, 0x99, 0x90, 0x99, 0x00, 0x09, 0x90, 0x00, 0x00, 0x00, 0x00,
    0x09, 0x90, 0x09, 0x90, 0x09, 0x90, 0x09, 0x90, 0x09, 0x90, 0x09, 0x90, 0x00, 0x99, 0x99, 0x00,
    0x00, 0x09, 0x90, 0x00, 0x00, 0x09, 0x90, 0x00, 0x00, 0x09, 0x90, 0x00, 0x00, 0x00, 0x00, 0x00,
    0x99, 0x99, 0x99, 0x90, 0x00, 0x00, 0x99, 0x90, 0x00, 0x09, 0x99, 0x00, 0x00, 0x99, 0x90, 0x00,
    0x09, 0x99, 0x00, 0x00, 0x99, 0x90, 0x00, 0x00, 0x99, 0x99, 0x99, 0x90, 0x00, 0x00, 0x00, 0x00,
    0x00, 0x00, 0x00, 0x00, 0x00, 0x00, 0x00, 0x00, 0x00, 0x00, 0x00, 0x00, 0x00, 0x00, 0x00, 0x00,
    0x00, 0x00, 0x00, 0x00, 0x00, 0x00, 0x00, 0x00, 0x00, 0x00, 0x00, 0x00, 0x00, 0x00, 0x00, 0x00,
    0x99, 0x99, 0x99, 0x99, 0x99, 0x99, 0x99, 0x99, 0x99, 0x99, 0x99, 0x99, 0x99, 0x99, 0x99, 0x99,
    0x99, 0x99, 0x99, 0x99, 0x99, 0x99, 0x99, 0x99, 0x99, 0x99, 0x99, 0x99, 0x99, 0x99, 0x99, 0x99,
    0xAA, 0xAA, 0xAA, 0xAA, 0xAA, 0xAA, 0xAA, 0xAA, 0xAA, 0xAA, 0xAA, 0xAA, 0xAA, 0xAA, 0xAA, 0xAA,
    0xAA, 0xAA, 0xAA, 0xAA, 0xAA, 0xAA, 0xAA, 0xAA, 0xAA, 0xAA, 0xAA, 0xAA, 0xAA, 0xAA, 0xAA, 0xAA,
    0xBB, 0xBB, 0xBB, 0xBB, 0xBB, 0xBB, 0xBB, 0xBB, 0xBB, 0xBB, 0xBB, 0xBB, 0xBB, 0xBB, 0xBB, 0xBB,
    0xBB, 0xBB, 0xBB, 0xBB, 0xBB, 0xBB, 0xBB, 0xBB, 0xBB, 0xBB, 0xBB, 0xBB, 0xBB, 0xBB, 0xBB, 0xBB,
    0x00, 0x00, 0x00, 0x00, 0x00, 0x00, 0x00, 0x00, 0x00, 0x00, 0x00, 0x00, 0x00, 0x00, 0x00, 0x00,
    0x00, 0x99, 0x00, 0x00, 0x00, 0x09, 0x00, 0x00, 0x00, 0x90, 0x00, 0x00, 0x00, 0x00, 0x00, 0x00,
    0x00, 0x09, 0x90, 0x00, 0x00, 0x09, 0x90, 0x00, 0x00, 0x09, 0x90, 0x00, 0x00, 0x09, 0x90, 0x00,
    0x00, 0x09, 0x90, 0x00, 0x00, 0x00, 0x00, 0x00, 0x00, 0x09, 0x90, 0x00, 0x00, 0x00, 0x00, 0x00,
    0x00, 0x99, 0x00, 0x00, 0x00, 0x09, 0x00, 0x00, 0x00, 0x90, 0x00, 0x00, 0x00, 0x00, 0x00, 0x00,
    0x00, 0x00, 0x00, 0x00, 0x00, 0x00, 0x00, 0x00, 0x00, 0x00, 0x00, 0x00, 0x00, 0x00, 0x00, 0x00,
    0x00, 0x09, 0x00, 0x00, 0x00, 0x09, 0x00, 0x00, 0x00, 0x09, 0x00, 0x00, 0x99, 0x99, 0x99, 0x90,
    0x00, 0x09, 0x00, 0x00, 0x00, 0x09, 0x00, 0x00, 0x00, 0x09, 0x00, 0x00, 0x00, 0x00, 0x00, 0x00,
    0x00, 0x00, 0x00, 0x00, 0x00, 0x00, 0x00, 0x00, 0x00, 0x00, 0x00, 0x00, 0x00, 0x00, 0x00, 0x00,
    0x00, 0x00, 0x00, 0x00, 0x00, 0x99, 0x00, 0x00, 0x00, 0x99, 0x00, 0x00, 0x00, 0x00, 0x00, 0x00,
    0x00, 0x90, 0x09, 0x00, 0x00, 0x90, 0x09, 0x00, 0x00, 0x90, 0x09, 0x00, 0x00, 0x00, 0x00, 0x00,
    0x00, 0x00, 0x00, 0x00, 0x00, 0x00, 0x00, 0x00, 0x00, 0x00, 0x00, 0x00, 0x00, 0x00, 0x00, 0x00,
    0x00, 0x99, 0x99, 0x00, 0x09, 0x90, 0x09, 0x90, 0x00, 0x00, 0x09, 0x90, 0x00, 0x00, 0x99, 0x00,
    0x00, 0x09, 0x90, 0x00, 0x00, 0x00, 0x00, 0x00, 0x00, 0x09, 0x90, 0x00, 0x00, 0x00, 0x00, 0x00,
    0x00, 0x00, 0x00, 0x00, 0x00, 0x00, 0x00, 0x00, 0x00, 0x00, 0x00, 0x00, 0x09, 0x99, 0x99, 0x00,
    0x00, 0x00, 0x00, 0x00, 0x00, 0x00, 0x00, 0x00, 0x00, 0x00, 0x00, 0x00, 0x00, 0x00, 0x00, 0x00,
    0x00, 0x00, 0x00, 0x00, 0x00, 0x00, 0x00, 0x00, 0x00, 0x00, 0x00, 0x00, 0x00, 0x00, 0x00, 0x00,
    0x00, 0x00, 0x00, 0x00, 0x00, 0x00, 0x00, 0x00, 0x00, 0x00, 0x00, 0x00, 0x00, 0x00, 0x00, 0x00,
    0x00, 0x00, 0x00, 0x00, 0x00, 0x00, 0x00, 0x00, 0x00, 0x00, 0x00, 0x00, 0x00, 0x00, 0x00, 0x00,
    0x00, 0x00, 0x00, 0x00, 0x00, 0x00, 0x00, 0x00, 0x00, 0x00, 0x00, 0x00, 0x00, 0x00, 0x00, 0x00,
    0x00, 0x00, 0x00, 0x00, 0x00, 0x00, 0x00, 0x00, 0x00, 0x00, 0x00, 0x00, 0x00, 0x00, 0x00, 0x00,
    0x00, 0x00, 0x00, 0x00, 0x00, 0x00, 0x00, 0x00, 0x00, 0x00, 0x00, 0x00, 0x00, 0x00, 0x00, 0x00,
    0x00, 0x00, 0x00, 0x00, 0x00, 0x00, 0x00, 0x00, 0x00, 0x00, 0x00, 0x00, 0x00, 0x00, 0x00, 0x00,
    0x00, 0x00, 0x00, 0x00, 0x00, 0x00, 0x00, 0x00, 0x00, 0x00, 0x00, 0x00, 0x00, 0x00, 0x00, 0x00,
    0x00, 0x00, 0x00, 0x00, 0x00, 0x00, 0x00, 0x00, 0x00, 0x00, 0x00, 0x00, 0x00, 0x00, 0x00, 0x00,
    0x00, 0x00, 0x00, 0x00, 0x00, 0x00, 0x00, 0x00, 0x00, 0x00, 0x00, 0x00, 0x00, 0x00, 0x00, 0x00,
    0x00, 0x00, 0x00, 0x00, 0x00, 0x00, 0x00, 0x00, 0x00, 0x00, 0x00, 0x00, 0x00, 0x00, 0x00, 0x00,
    0x00, 0x00, 0x00, 0x00, 0x00, 0x00, 0x00, 0x00, 0x00, 0x00, 0x00, 0x00, 0x00, 0x00, 0x00, 0x00,
    0x00, 0x00, 0x00, 0x00, 0x00, 0x00, 0x00, 0x00, 0x00, 0x00, 0x00, 0x00, 0x00, 0x00, 0x00, 0x00,
    0x00, 0x00, 0x00, 0x00, 0x00, 0x00, 0x00, 0x00, 0x00, 0x00, 0x00, 0x00, 0x00, 0x00, 0x00, 0x00,
    0x00, 0x00, 0x00, 0x00, 0x00, 0x00, 0x00, 0x00, 0x00, 0x00, 0x00, 0x00, 0x00, 0x00, 0x00, 0x00,
    0x00, 0x00, 0x00, 0x00, 0x00, 0x00, 0x00, 0x00, 0x00, 0x00, 0x00, 0x00, 0x00, 0x00, 0x00, 0x00,
    0x00, 0x00, 0x00, 0x00, 0x00, 0x00, 0x00, 0x00, 0x00, 0x00, 0x00, 0x00, 0x00, 0x00, 0x00, 0x00,
    0x00, 0x00, 0x00, 0x00, 0x00, 0x00, 0x00, 0x00, 0x00, 0x00, 0x00, 0x00, 0x00, 0x00, 0x00, 0x00,
    0x00, 0x00, 0x00, 0x00, 0x00, 0x00, 0x00, 0x00, 0x00, 0x00, 0x00, 0x00, 0x00, 0x00, 0x00, 0x00,
    0x00, 0x00, 0x00, 0x00, 0x00, 0x00, 0x00, 0x00, 0x00, 0x00, 0x00, 0x00, 0x00, 0x00, 0x00, 0x00,
    0x00, 0x00, 0x00, 0x00, 0x00, 0x00, 0x00, 0x00, 0x00, 0x00, 0x00, 0x00, 0x00, 0x00, 0x00, 0x00,
    0x00, 0x00, 0x00, 0x00, 0x00, 0x00, 0x00, 0x00, 0x00, 0x00, 0x00, 0x00, 0x00, 0x00, 0x00, 0x00,
    0x00, 0x00, 0x00, 0x00, 0x00, 0x00, 0x00, 0x00, 0x00, 0x00, 0x00, 0x00, 0x00, 0x00, 0x00, 0x00,
    0x00, 0x00, 0x00, 0x00, 0x00, 0x00, 0x00, 0x00, 0x00, 0x00, 0x00, 0x00, 0x00, 0x00, 0x00, 0x00,
    0x00, 0x00, 0x00, 0x00, 0x00, 0x00, 0x00, 0x00, 0x00, 0x00, 0x00, 0x00, 0x00, 0x00, 0x00, 0x00,
    0x00, 0x00, 0x00, 0x00, 0x00, 0x00, 0x00, 0x00, 0x00, 0x00, 0x00, 0x00, 0x00, 0x00, 0x00, 0x00,
    0x00, 0x00, 0x00, 0x00, 0x00, 0x00, 0x00, 0x00, 0x00, 0x00, 0x00, 0x00, 0x00, 0x00, 0x00, 0x00,
    0x00, 0x00, 0x00, 0x00, 0x00, 0x00, 0x00, 0x00, 0x00, 0x00, 0x00, 0x00, 0x00, 0x00, 0x00, 0x00,
    0x00, 0x00, 0x00, 0x00, 0x00, 0x00, 0x00, 0x00, 0x00, 0x00, 0x00, 0x00, 0x00, 0x00, 0x00, 0x00,
    0x00, 0x00, 0x00, 0x00, 0x00, 0x00, 0x00, 0x00, 0x00, 0x00, 0x00, 0x00, 0x00, 0x00, 0x00, 0x00,
    0x00, 0x00, 0x00, 0x00, 0x00, 0x00, 0x00, 0x00, 0x00, 0x00, 0x00, 0x00, 0x00, 0x00, 0x00, 0x00,
    0x00, 0x00, 0x00, 0x00, 0x00, 0x00, 0x00, 0x00, 0x00, 0x00, 0x00, 0x00, 0x00, 0x00, 0x00, 0x00,
    0x00, 0x00, 0x00, 0x00, 0x00, 0x00, 0x00, 0x00, 0x00, 0x00, 0x00, 0x00, 0x00, 0x00, 0x00, 0x00,
    0x00, 0x00, 0x00, 0x00, 0x00, 0x00, 0x00, 0x00, 0x00, 0x00, 0x00, 0x00, 0x00, 0x00, 0x00, 0x00,
    0x00, 0x00, 0x00, 0x00, 0x00, 0x00, 0x00, 0x00, 0x00, 0x00, 0x00, 0x00, 0x00, 0x00, 0x00, 0x00,
    0x00, 0x00, 0x00, 0x00, 0x00, 0x00, 0x00, 0x00, 0x00, 0x00, 0x00, 0x00, 0x00, 0x00, 0x00, 0x00,
    0x00, 0x00, 0x00, 0x00, 0x00, 0x00, 0x00, 0x00, 0x00, 0x00, 0x00, 0x00, 0x00, 0x00, 0x00, 0x00,
    0x00, 0x00, 0x00, 0x00, 0x00, 0x00, 0x00, 0x00, 0x00, 0x00, 0x00, 0x00, 0x00, 0x00, 0x00, 0x00,
    0x00, 0x00, 0x00, 0x00, 0x00, 0x00, 0x00, 0x00, 0x00, 0x00, 0x00, 0x00, 0x00, 0x00, 0x00, 0x00,
    0x00, 0x00, 0x00, 0x00, 0x00, 0x00, 0x00, 0x00, 0x00, 0x00, 0x00, 0x00, 0x00, 0x00, 0x00, 0x00,
    0x00, 0x00, 0x00, 0x00, 0x00, 0x00, 0x00, 0x00, 0x00, 0x00, 0x00, 0x00, 0x00, 0x00, 0x00, 0x00,
    0x00, 0x00, 0x00, 0x00, 0x00, 0x00, 0x00, 0x00, 0x00, 0x00, 0x00, 0x00, 0x00, 0x00, 0x00, 0x00,
    0x00, 0x00, 0x00, 0x00, 0x00, 0x00, 0x00, 0x00, 0x00, 0x00, 0x00, 0x00, 0x00, 0x00, 0x00, 0x00,
    0x00, 0x00, 0x00, 0x00, 0x00, 0x00, 0x00, 0x00, 0x00, 0x00, 0x00, 0x00, 0x00, 0x00, 0x00, 0x00,
    0x00, 0x00, 0x00, 0x00, 0x00, 0x00, 0x00, 0x00, 0x00, 0x00, 0x00, 0x00, 0x00, 0x00, 0x00, 0x00,
    0x00, 0x00, 0x00, 0x00, 0x00, 0x00, 0x00, 0x00, 0x00, 0x00, 0x00, 0x00, 0x00, 0x00, 0x00, 0x00,
    0x00, 0x00, 0x00, 0x00, 0x00, 0x00, 0x00, 0x00, 0x00, 0x00, 0x00, 0x00, 0x00, 0x00, 0x00, 0x00,
    0x00, 0x00, 0x00, 0x00, 0x00, 0x00, 0x00, 0x00, 0x00, 0x00, 0x00, 0x00, 0x00, 0x00, 0x00, 0x00,
    0x00, 0x00, 0x00, 0x00, 0x00, 0x00, 0x00, 0x00, 0x00, 0x00, 0x00, 0x00, 0x00, 0x00, 0x00, 0x00,
    0x00, 0x00, 0x00, 0x00, 0x00, 0x00, 0x00, 0x00, 0x00, 0x00, 0x00, 0x00, 0x00, 0x00, 0x00, 0x00,
    0x00, 0x00, 0x00, 0x00, 0x00, 0x00, 0x00, 0x00, 0x00, 0x00, 0x00, 0x00, 0x00, 0x00, 0x00, 0x00,
    0x00, 0x00, 0x00, 0x00, 0x00, 0x00, 0x00, 0x00, 0x00, 0x00, 0x00, 0x00, 0x00, 0x00, 0x00, 0x00,
    0x00, 0x00, 0x00, 0x00, 0x00, 0x00, 0x00, 0x00, 0x00, 0x00, 0x00, 0x00, 0x00, 0x00, 0x00, 0x00,
    0x00, 0x00, 0x00, 0x00, 0x00, 0x00, 0x00, 0x00, 0x00, 0x00, 0x00, 0x00, 0x00, 0x00, 0x00, 0x00,
    0x00, 0x00, 0x00, 0x00, 0x00, 0x00, 0x00, 0x00, 0x00, 0x00, 0x00, 0x00, 0x00, 0x00, 0x00, 0x00,
    0x00, 0x00, 0x99, 0xA9, 0x00, 0x00, 0xAA, 0xAA, 0x00, 0x00, 0xAA, 0xAA, 0x00, 0x00, 0x99, 0x99,
    0x00, 0x00, 0x00, 0x00, 0x00, 0x00, 0x00, 0x00, 0x00, 0x00, 0x00, 0x00, 0x00, 0x00, 0x00, 0x00,
    0x00, 0x00, 0x00, 0x00, 0x00, 0x00, 0x00, 0x00, 0x00, 0x00, 0x00, 0x00, 0x00, 0x00, 0x00, 0x00,
    0x00, 0x00, 0x00, 0x00, 0x00, 0x00, 0x00, 0x00, 0x00, 0x00, 0x00, 0x00, 0x00, 0x00, 0x00, 0x00,
    0x00, 0x00, 0x00, 0x00, 0x00, 0x00, 0x00, 0x00, 0x00, 0x00, 0x00, 0x00, 0x00, 0x00, 0x00, 0x00,
    0x00, 0x00, 0x00, 0x00, 0x00, 0x00, 0x00, 0x00, 0x00, 0x00, 0x00, 0x00, 0x00, 0x00, 0x00, 0x00,
    0x00, 0x00, 0x00, 0x00, 0x00, 0x00, 0x00, 0x00, 0x00, 0x00, 0x00, 0x00, 0x00, 0x00, 0x00, 0x00,
    0x00, 0x00, 0x00, 0x00, 0x00, 0x00, 0x00, 0x00, 0x00, 0x00, 0x00, 0x00, 0x00, 0x00, 0x00, 0x00,
    0x00, 0x00, 0x00, 0x00, 0x00, 0x00, 0x00, 0x00, 0x00, 0x00, 0x00, 0x00, 0x00, 0x00, 0x00, 0x00,
    0x0B, 0xB0, 0xBB, 0x00, 0xB9, 0x9B, 0x00, 0xB0, 0xB9, 0x99, 0x00, 0xB0, 0xB9, 0x99, 0x00, 0xB0,
    0xB0, 0x00, 0x00, 0xB0, 0x0B, 0x00, 0x0B, 0x00, 0x00, 0xB0, 0xB0, 0x00, 0x00, 0x0B, 0x00, 0x00,
    0x0B, 0xB0, 0xBB, 0x00, 0xB9, 0x9B, 0x00, 0xB0, 0xB9, 0x99, 0x00, 0xB0, 0xB9, 0x99, 0x00, 0xB0,
    0xB9, 0x99, 0x00, 0xB0, 0x0B, 0x99, 0x0B, 0x00, 0x00, 0xB9, 0xB0, 0x00, 0x00, 0x0B, 0x00, 0x00,
    0x0B, 0xB0, 0xBB, 0x00, 0xB9, 0x9B, 0x00, 0xB0, 0xB9, 0x99, 0x00, 0xB0, 0xB9, 0x99, 0x99, 0xB0,
    0xB9, 0x99, 0x99, 0xB0, 0x0B, 0x99, 0x9B, 0x00, 0x00, 0xB9, 0xB0, 0x00, 0x00, 0x0B, 0x00, 0x00,
    0x0B, 0xB0, 0xBB, 0x00, 0xB9, 0x9B, 0x00, 0xB0, 0xB9, 0x99, 0x00, 0xB0, 0xB9, 0x99, 0x99, 0xB0,
    0xB9, 0x99, 0x99, 0xB0, 0x0B, 0x99, 0x9B, 0x00, 0x00, 0xB9, 0xB0, 0x00, 0x00, 0x0B, 0x00, 0x00,
    0x00, 0x00, 0x00, 0x00, 0x00, 0x00, 0x00, 0x00, 0x00, 0x00, 0x00, 0x00, 0x00, 0x00, 0x00, 0x00,
    0x00, 0x00, 0x00, 0x00, 0x00, 0x00, 0x00, 0x00, 0x00, 0x00, 0x00, 0x00, 0x00, 0x00, 0x00, 0x00,
    0x99, 0x99, 0x99, 0x99, 0x99, 0x09, 0x99, 0x99, 0x99, 0x99, 0x99, 0x99, 0x99, 0x99, 0x99, 0x09,
    0x90, 0x99, 0x99, 0x99, 0x99, 0x99, 0x99, 0x99, 0x99, 0x99, 0x90, 0x99, 0x99, 0x99, 0x99, 0x99,
    0x00, 0x00, 0x00, 0x00, 0x00, 0x00, 0x00, 0x00, 0x00, 0x00, 0x00, 0x00, 0x00, 0x00, 0x00, 0x00,
    0x00, 0x00, 0x00, 0x00, 0x00, 0x00, 0x00, 0x00, 0x00, 0x00, 0x00, 0x00, 0x00, 0x00, 0x00, 0x00,
    0x99, 0x99, 0x99, 0x99, 0x99, 0x09, 0x99, 0x99, 0x99, 0x99, 0x99, 0x99, 0x99, 0x99, 0x99, 0x09,
    0x90, 0x99, 0x99, 0x99, 0x99, 0x99, 0x99, 0x99, 0x99, 0x99, 0x90, 0x99, 0x99, 0x99, 0x99, 0x99,
    0xAA, 0xA9, 0xBA, 0xAA, 0xAA, 0xA9, 0xBA, 0xAA, 0xAA, 0xA9, 0xBA, 0xAA, 0xAA, 0xA9, 0xBA, 0xAA,
    0xAA, 0xA9, 0xBA, 0xAA, 0xAA, 0xA9, 0xBA, 0xAA, 0xAA, 0xA9, 0xBA, 0xA9, 0xA9, 0xA9, 0xB9, 0x9A,
    0xAA, 0x99, 0x9A, 0xAA, 0xAA, 0xA9, 0xB9, 0xAA, 0xAA, 0xA9, 0xBA, 0x99, 0xAA, 0xA9, 0xBA, 0xAA,
    0xAA, 0xA9, 0xBA, 0xAA, 0xAA, 0xA9, 0xBA, 0xAA, 0xAA, 0xA9, 0xBA, 0xAA, 0xAA, 0xA9, 0xBA, 0xAA,
    0xAA, 0xAA, 0xAA, 0xAA, 0xAA, 0xAA, 0xAA, 0xAA, 0xAA, 0xAA, 0xAA, 0xA9, 0x99, 0x99, 0x99, 0x99,
    0xBB, 0xBB, 0xBB, 0xB9, 0xAA, 0xAA, 0xAA, 0x9A, 0xAA, 0xAA, 0xA9, 0xAA, 0xAA, 0xAA, 0xA9, 0xAA,
    0xAA, 0xAA, 0xA9, 0xAA, 0xAA, 0xAA, 0xA9, 0xAA, 0xAA, 0xAA, 0xAA, 0x9A, 0xBB, 0xBB, 0xBB, 0xB9,
    0x99, 0x99, 0x99, 0x99, 0xAA, 0xAA, 0xAA, 0xA9, 0xAA, 0xAA, 0xAA, 0xAA, 0xAA, 0xAA, 0xAA, 0xAA,
    0xAA, 0xAA, 0xAA, 0xAA, 0x9A, 0xAA, 0xAA, 0xAA, 0xAA, 0xAA, 0xAA, 0xAA, 0x99, 0x99, 0x99, 0x99,
    0xBB, 0xBB, 0xBB, 0xBB, 0x9A, 0xAA, 0xAA, 0xAA, 0x9A, 0xAA, 0xAA, 0xAA, 0xA9, 0xAA, 0xAA, 0xAA,
    0xA9, 0xAA, 0xAA, 0xAA, 0x9A, 0xAA, 0xAA, 0xAA, 0x9A, 0xAA, 0xAA, 0xAA, 0xBB, 0xBB, 0xBB, 0xBB,
    0x99, 0x99, 0x99, 0x99, 0xAA, 0xAA, 0xAA, 0xAA, 0x9A, 0xAA, 0xAA, 0xAA, 0xAA, 0xAA, 0xAA, 0xAA,
    0xAA, 0xAB, 0x9A, 0xAA, 0xAA, 0xAB, 0x9A, 0xAA, 0xAA, 0xAB, 0x9A, 0xAA, 0xAA, 0xAB, 0x9A, 0xAA,
    0xAA, 0xAB, 0x9A, 0xAA, 0x99, 0xAB, 0x9A, 0xAA, 0xAA, 0x9B, 0x9A, 0xAA, 0xAA, 0xA9, 0x99, 0xAA,
    0xA9, 0x9B, 0x9A, 0x9A, 0x9A, 0xAB, 0x9A, 0xAA, 0xAA, 0xAB, 0x9A, 0xAA, 0xAA, 0xAB, 0x9A, 0xAA,
    0xAA, 0xAB, 0x9A, 0xAA, 0xAA, 0xAB, 0x9A, 0xAA, 0xAA, 0xAB, 0x9A, 0xAA, 0xAA, 0xAB, 0x9A, 0xAA,
    0x00, 0x00, 0x00, 0x00, 0x00, 0x00, 0x00, 0x00, 0x00, 0x00, 0x00, 0x00, 0x00, 0x00, 0x00, 0x00,
    0x00, 0x00, 0x00, 0x00, 0x00, 0x00, 0x00, 0x00, 0x00, 0x00, 0x00, 0x00, 0x00, 0x00, 0x00, 0x00,
    0x00, 0x00, 0x09, 0x00, 0x00, 0xAB, 0xBB, 0x90, 0x0A, 0x9A, 0xB9, 0xB0, 0xA9, 0xAB, 0xBB, 0xBB,
    0xA9, 0xAB, 0xBB, 0xBB, 0xBA, 0xBB, 0xBB, 0xBB, 0x0B, 0xBB, 0xBB, 0xB0, 0x00, 0xBB, 0xBB, 0x00,
    0x00, 0x00, 0x00, 0x00, 0x00, 0x00, 0x00, 0x00, 0x09, 0x00, 0x09, 0x00, 0x00, 0x90, 0x90, 0x00,
    0x00, 0x09, 0x00, 0x00, 0x00, 0x90, 0x90, 0x00, 0x09, 0x00, 0x09, 0x00, 0x00, 0x00, 0x00, 0x00,
    0x00, 0x00, 0x00, 0x00, 0x00, 0x99, 0x00, 0x00, 0x00, 0x99, 0x00, 0x00, 0x00, 0x00, 0x00, 0x00,
    0x00, 0x00, 0x00, 0x00, 0x00, 0x99, 0x00, 0x00, 0x00, 0x99, 0x00, 0x00, 0x00, 0x00, 0x00, 0x00,
    0x00, 0x00, 0x00, 0x00, 0x09, 0x90, 0x99, 0x00, 0x90, 0x09, 0x99, 0x90, 0x90, 0x09, 0x90, 0x90,
    0x90, 0x99, 0x00, 0x90, 0x99, 0x99, 0x00, 0x90, 0x09, 0x90, 0x99, 0x00, 0x00, 0x00, 0x00, 0x00,
    0x00, 0x00, 0x0A, 0xAA, 0x00, 0x00, 0x00, 0x9A, 0x00, 0x00, 0x09, 0x0A, 0x00, 0x00, 0x90, 0x00,
    0x0B, 0xB9, 0x00, 0x00, 0xBB, 0x9B, 0x00, 0x00, 0x09, 0xBB, 0x00, 0x00, 0x90, 0xB0, 0x00, 0x00,
    0x0B, 0xB0, 0xBB, 0x00, 0xB0, 0x0B, 0x00, 0xB0, 0xB0, 0x00, 0x00, 0xB0, 0xB0, 0x00, 0x00, 0xB0,
    0xB0, 0x00, 0x00, 0xB0, 0x0B, 0x00, 0x0B, 0x00, 0x00, 0xB0, 0xB0, 0x00, 0x00, 0x0B, 0x00, 0x00,
    0xBB, 0xBB, 0xBB, 0xB0, 0xBB, 0xBB, 0xBB, 0xB0, 0xBB, 0xBB, 0xBB, 0xB0, 0x00, 0x00, 0x00, 0x00,
    0x00, 0x00, 0x00, 0x00, 0x00, 0x00, 0x00, 0x00, 0x00, 0x00, 0x00, 0x00, 0x00, 0x00, 0x00, 0x00,
    0xAA, 0xAA, 0xAA, 0xA9, 0xBA, 0xA9, 0xAA, 0xAA, 0xAA, 0xAA, 0xAA, 0xAA, 0xA9, 0xAA, 0xAA, 0xBA,
    0xAA, 0xAA, 0x9A, 0xAA, 0xAA, 0xAA, 0xAA, 0x9A, 0xAA, 0x9A, 0xAA, 0xAA, 0xAA, 0xAA, 0xAB, 0xAA,
    0x00, 0x00, 0x00, 0x00, 0x00, 0x00, 0x00, 0x00, 0x00, 0x00, 0x00, 0x00, 0x00, 0x00, 0xBB, 0xBB,
    0x00, 0x0B, 0xBB, 0xBB, 0x00, 0x0B, 0xB0, 0x00, 0x00, 0x0B, 0xB0, 0x00, 0x00, 0x0B, 0xB0, 0x00,
    0x00, 0x00, 0x00, 0x00, 0x00, 0x00, 0x00, 0x00, 0x00, 0x00, 0x00, 0x00, 0xBB, 0xBB, 0xBB, 0xBB,
    0xBB, 0xBB, 0xBB, 0xBB, 0x00, 0x00, 0x00, 0x00, 0x00, 0x00, 0x00, 0x00, 0x00, 0x00, 0x00, 0x00,
    0x00, 0x00, 0x00, 0x00, 0x00, 0x00, 0x00, 0x00, 0x00, 0x00, 0x00, 0x00, 0xBB, 0xBB, 0x00, 0x00,
    0xBB, 0xBB, 0xB0, 0x00, 0x00, 0x0B, 0xB0, 0x00, 0x00, 0x0B, 0xB0, 0x00, 0x00, 0x0B, 0xB0, 0x00,
    0x00, 0x0B, 0xB0, 0x00, 0x00, 0x0B, 0xB0, 0x00, 0x00, 0x0B, 0xB0, 0x00, 0x00, 0x0B, 0xB0, 0x00,
    0x00, 0x0B, 0xB0, 0x00, 0x00, 0x0B, 0xB0, 0x00, 0x00, 0x0B, 0xB0, 0x00, 0x00, 0x0B, 0xB0, 0x00,
    0x00, 0x0B, 0xB0, 0x00, 0x00, 0x0B, 0xB0, 0x00, 0x00, 0x0B, 0xB0, 0x00, 0xBB, 0xBB, 0xB0, 0x00,
    0xBB, 0xBB, 0x00, 0x00, 0x00, 0x00, 0x00, 0x00, 0x00, 0x00, 0x00, 0x00, 0x00, 0x00, 0x00, 0x00,
    0x00, 0x0B, 0xB0, 0x00, 0x00, 0x0B, 0xB0, 0x00, 0x00, 0x0B, 0xB0, 0x00, 0x00, 0x0B, 0xBB, 0xBB,
    0x00, 0x00, 0xBB, 0xBB, 0x00, 0x00, 0x00, 0x00, 0x00, 0x00, 0x00, 0x00, 0x00, 0x00, 0x00, 0x00,
    0x99, 0x99, 0x99, 0x99, 0x99, 0x99, 0x99, 0x99, 0xAA, 0xAA, 0xAA, 0xAA, 0xBB, 0xBB, 0xBB, 0xBB,
    0x99, 0x99, 0x99, 0x99, 0x99, 0x99, 0x99, 0x99, 0xAA, 0xAA, 0xAA, 0xAA, 0xBB, 0xBB, 0xBB, 0xBB,
    0xBB, 0xBB, 0xBB, 0xBB, 0xB0, 0x00, 0x00, 0x00, 0xBA, 0xA0, 0x00, 0x00, 0xBA, 0xA9, 0x00, 0x00,
    0xBA, 0xA9, 0xAA, 0xA0, 0xBA, 0xA9, 0xAA, 0xA9, 0xBA, 0xA9, 0xAA, 0xA9, 0xBA, 0xA9, 0xAA, 0xA9,
    0xBA, 0xA9, 0xAA, 0xA9, 0xBA, 0xA9, 0xAA, 0xA9, 0xBA, 0xA9, 0xAA, 0xA9, 0xBA, 0xA9, 0xAA, 0xA9,
    0xBA, 0xA9, 0xAA, 0xA9, 0xBA, 0xA9, 0xAA, 0xA9, 0xBA, 0xA9, 0xAA, 0xA9, 0xBB, 0xBB, 0xBB, 0xBB,
    0xBB, 0xBB, 0xBB, 0xBB, 0x00, 0x00, 0x00, 0x0B, 0x00, 0x00, 0x00, 0x0B, 0x00, 0x00, 0x00, 0x0B,
    0x00, 0x00, 0x00, 0x0B, 0x00, 0x00, 0x00, 0x0B, 0xAA, 0xA0, 0x00, 0x0B, 0xAA, 0xA9, 0x00, 0x0B,
    0xAA, 0xA9, 0xAA, 0xAB, 0xAA, 0xA9, 0xAA, 0xAB, 0xAA, 0xA9, 0xAA, 0xAB, 0xAA, 0xA9, 0xAA, 0xAB,
    0xAA, 0xA9, 0xAA, 0xAB, 0xAA, 0xA9, 0xAA, 0xAB, 0xAA, 0xA9, 0xAA, 0xAB, 0xBB, 0xBB, 0xBB, 0xBB,
    0xAB, 0xBB, 0xBB, 0xBB, 0xBA, 0xAA, 0xAA, 0xAA, 0xBA, 0xAA, 0xAA, 0xAA, 0xBA, 0xAA, 0xAA, 0xAA,
    0xBA, 0xAA, 0xAA, 0xAA, 0xBA, 0xAA, 0xAA, 0xAA, 0xBA, 0xAA, 0xAA, 0xAA, 0xBA, 0xAA, 0xAA, 0xAA,
    0xBA, 0xAA, 0xAA, 0xAA, 0xBA, 0xAA, 0xAA, 0xAA, 0xBA, 0xAA, 0xAA, 0xAA, 0xBA, 0xAA, 0xAA, 0xAA,
    0xBA, 0xAA, 0xAA, 0xAA, 0xBA, 0xAA, 0xAA, 0xAA, 0xBA, 0xAA, 0xAA, 0xAA, 0xA0, 0x00, 0x00, 0x00,
    0xBB, 0xBB, 0xBB, 0xBA, 0xAA, 0xAA, 0xAA, 0xA0, 0xAA, 0xAA, 0xAA, 0xA0, 0xAA, 0xAA, 0xAA, 0xA0,
    0xAA, 0xAA, 0xAA, 0xA0, 0xAA, 0xAA, 0xAA, 0xA0, 0xAA, 0xAA, 0xAA, 0xA0, 0xAA, 0xAA, 0xAA, 0xA0,
    0xAA, 0xAA, 0xAA, 0xA0, 0xAA, 0xAA, 0xAA, 0xA0, 0xAA, 0xAA, 0xAA, 0xA0, 0xAA, 0xAA, 0xAA, 0xA0,
    0xAA, 0xAA, 0xAA, 0xA0, 0xAA, 0xAA, 0xAA, 0xA0, 0xAA, 0xAA, 0xAA, 0xA0, 0x00, 0x00, 0x00, 0x0A,
    0xAA, 0xAA, 0xAA, 0xAA, 0xAA, 0xAA, 0xAA, 0xAA, 0xAA, 0xAA, 0xAA, 0xAA, 0xAA, 0xAA, 0xAA, 0xAA,
    0x99, 0x99, 0x99, 0x99, 0xBB, 0xBB, 0xBB, 0xBB, 0xAA, 0xAA, 0xAA, 0xAA, 0xAA, 0xAA, 0xAA, 0xAA,
    0xBA, 0xA0, 0x00, 0x00, 0xBA, 0xA9, 0x99, 0x99, 0xBA, 0xA9, 0x99, 0x99, 0xBA, 0xAA, 0x99, 0x99,
    0x9B, 0xAA, 0x99, 0x99, 0xAB, 0xAA, 0x99, 0x99, 0xAB, 0xAA, 0xA9, 0x99, 0xAA, 0xBA, 0xA9, 0x99,
    0xAA, 0xBA, 0xA9, 0x99, 0xAA, 0xBA, 0xAA, 0x99, 0xAA, 0xAB, 0xAA, 0x99, 0x99, 0x9B, 0xAA, 0x99,
    0xBB, 0x9B, 0xAA, 0xA9, 0xAA, 0xAA, 0xBA, 0xA9, 0xAA, 0xAA, 0xBA, 0xA9, 0xAA, 0xA0, 0xBA, 0xA0,
    0x00, 0x00, 0x0A, 0xA9, 0x99, 0x99, 0x9A, 0xA9, 0x99, 0x99, 0x9A, 0xA9, 0x99, 0x99, 0xAA, 0xA9,
    0x99, 0x99, 0xAA, 0x9B, 0x99, 0x99, 0xAA, 0x9A, 0x99, 0x9A, 0xAA, 0x9A, 0x99, 0x9A, 0xA9, 0xAA,
    0x99, 0x9A, 0xA9, 0xAA, 0x99, 0xAA, 0xA9, 0xAA, 0x99, 0xAA, 0x9A, 0xAA, 0x99, 0xAA, 0x99, 0x99,
    0x9A, 0xAA, 0x9B, 0xBB, 0x9A, 0xA9, 0xAA, 0xAA, 0x9A, 0xA9, 0xAA, 0xAA, 0x0A, 0xA9, 0x0A, 0xAA,
    0xAA, 0xAA, 0xAA, 0xAA, 0xAA, 0xAA, 0xAA, 0xAA, 0xBB, 0xBB, 0xBB, 0xBB, 0x99, 0x99, 0x99, 0x99,
    0xAA, 0xAA, 0xAA, 0xAA, 0xAA, 0xAA, 0xAA, 0xAA, 0xAA, 0xAA, 0xAA, 0xAA, 0xAA, 0xAA, 0xAA, 0xAA,
    0xAA, 0xA0, 0xBA, 0xA0, 0xAA, 0xAA, 0xBA, 0xA9, 0xAA, 0xAA, 0xBA, 0xA9, 0xBB, 0x9B, 0xAA, 0xA9,
    0x99, 0x9B, 0xAA, 0x99, 0xAA, 0xAB, 0xAA, 0x99, 0xAA, 0xBA, 0xAA, 0x99, 0xAA, 0xBA, 0xA9, 0x99,
    0xAA, 0xBA, 0xA9, 0x99, 0xAB, 0xAA, 0xA9, 0x99, 0xAB, 0xAA, 0x99, 0x99, 0x9B, 0xAA, 0x99, 0x99,
    0xBA, 0xAA, 0x99, 0x99, 0xBA, 0xA9, 0x99, 0x99, 0xBA, 0xA9, 0x99, 0x99, 0xBA, 0xA0, 0x00, 0x00,
    0x0A, 0xA9, 0x0A, 0xAA, 0x9A, 0xA9, 0xAA, 0xAA, 0x9A, 0xA9, 0xAA, 0xAA, 0x9A, 0xAA, 0x9B, 0xBB,
    0x99, 0xAA, 0x99, 0x99, 0x99, 0xAA, 0x9A, 0xAA, 0x99, 0xAA, 0xA9, 0xAA, 0x99, 0x9A, 0xA9, 0xAA,
    0x99, 0x9A, 0xA9, 0xAA, 0x99, 0x9A, 0xAA, 0x9A, 0x99, 0x99, 0xAA, 0x9A, 0x99, 0x99, 0xAA, 0x9B,
    0x99, 0x99, 0xAA, 0xA9, 0x99, 0x99, 0x9A, 0xA9, 0x99, 0x99, 0x9A, 0xA9, 0x00, 0x00, 0x0A, 0xA9,
    0xAA, 0xAA, 0x9B, 0xAA, 0xAA, 0xAA, 0x9B, 0xAA, 0xAA, 0xAA, 0x9B, 0xAA, 0xAA, 0xAA, 0x9B, 0xAA,
    0xAA, 0xAA, 0x9B, 0xAA, 0xAA, 0xAA, 0x9B, 0xAA, 0xAA, 0xAA, 0x9B, 0xAA, 0xAA, 0xAA, 0x9B, 0xAA,
    0xBB, 0xBB, 0x9A, 0xAA, 0xAA, 0xAA, 0xBB, 0xBA, 0xAA, 0xAA, 0xAA, 0xAB, 0x09, 0x9A, 0xAA, 0xAA,
    0x09, 0x99, 0x99, 0xAA, 0x09, 0x99, 0x99, 0x99, 0x09, 0x99, 0x99, 0x99, 0x09, 0x99, 0x99, 0x99,
    0x09, 0x99, 0x99, 0x99, 0x09, 0x99, 0x99, 0x99, 0x09, 0x99, 0x99, 0x99, 0x09, 0x99, 0x99, 0xAA,
    0x09, 0x9A, 0xAA, 0xAA, 0xAA, 0xAA, 0xAA, 0xA9, 0xAA, 0xAA, 0x99, 0x9A, 0x99, 0x99, 0xBA, 0xAA,
    0xAA, 0xA9, 0xBA, 0xAA, 0xAA, 0xA9, 0xBA, 0xAA, 0xBB, 0xA9, 0x9A, 0xAA, 0xAA, 0xBB, 0xBA, 0xA0,
    0xAA, 0xAA, 0xAB, 0xBB, 0x9A, 0xAA, 0xAA, 0xAA, 0x99, 0x99, 0xAA, 0xAA, 0x99, 0x99, 0x99, 0x90,
    0x99, 0x99, 0x99, 0x90, 0x99, 0x99, 0xAA, 0xAA, 0x9A, 0xAA, 0xAA, 0xAA, 0xAA, 0xAA, 0xA9, 0x99,
    0xAA, 0x99, 0x9A, 0xA0, 0x99, 0xA9, 0xBA, 0xAA, 0xAA, 0xA9, 0xBA, 0xAA, 0xAA, 0xA9, 0xBA, 0xAA,
    0xAA, 0xB9, 0xAA, 0xAA, 0xAA, 0xB9, 0xAA, 0xAA, 0xAA, 0xB9, 0xAA, 0xAA, 0xAA, 0xB9, 0xAA, 0xAA,
    0xAA, 0xB9, 0xAA, 0xAA, 0xAA, 0xB9, 0xAA, 0xAA, 0xAA, 0xB9, 0xAA, 0xAA, 0xAA, 0xB9, 0xAA, 0xAA,
    0xAA, 0xAB, 0x9A, 0xAA, 0xAA, 0xAB, 0x9A, 0xAA, 0xAA, 0xA9, 0x9A, 0xBB, 0x0A, 0xAB, 0xBB, 0xAA,
    0xBB, 0xBA, 0xAA, 0xAA, 0xAA, 0xAA, 0xAA, 0xA9, 0xAA, 0xAA, 0x99, 0x99, 0x09, 0x99, 0x99, 0x99,
    0x09, 0x99, 0x99, 0x99, 0xAA, 0xAA, 0x99, 0x99, 0xAA, 0xAA, 0xAA, 0xA9, 0x99, 0x9A, 0xAA, 0xAA,
    0x0A, 0xA9, 0x99, 0xAA, 0xAA, 0xAB, 0x9A, 0x99, 0xAA, 0xAB, 0x9A, 0xAA, 0xAA, 0xAB, 0x9A, 0xAA,
    0xAA, 0xA9, 0xBB, 0xBB, 0xAB, 0xBB, 0xAA, 0xAA, 0xBA, 0xAA, 0xAA, 0xAA, 0xAA, 0xAA, 0xA9, 0x90,
    0xAA, 0x99, 0x99, 0x90, 0x99, 0x99, 0x99, 0x90, 0x99, 0x99, 0x99, 0x90, 0x99, 0x99, 0x99, 0x90,
    0x99, 0x99, 0x99, 0x90, 0x99, 0x99, 0x99, 0x90, 0x99, 0x99, 0x99, 0x90, 0xAA, 0x99, 0x99, 0x90,
    0xAA, 0xAA, 0xA9, 0x90, 0x9A, 0xAA, 0xAA, 0xAA, 0xA9, 0x99, 0xAA, 0xAA, 0xAA, 0xAB, 0x99, 0x99,
    0xA0, 0xA0, 0xAA, 0xAA, 0xAA, 0x0A, 0xAA, 0x0A, 0x0A, 0xA0, 0xAA, 0xA0, 0x0A, 0xA0, 0xA0, 0x00,
    0xA0, 0xA0, 0x00, 0x00, 0xAA, 0x00, 0x00, 0x00, 0xA0, 0x00, 0x00, 0x00, 0xA0, 0x00, 0x00, 0x00,
    0xA0, 0xAA, 0xAA, 0xAA, 0x0A, 0xAA, 0x0A, 0xA0, 0x0A, 0xA0, 0xAA, 0xA0, 0x00, 0x0A, 0xAA, 0xA0,
    0x00, 0x00, 0x0A, 0x0A, 0x00, 0x00, 0x00, 0xAA, 0x00, 0x00, 0x00, 0x0A, 0x00, 0x00, 0x00, 0x0A,
    0xA0, 0x00, 0x00, 0x00, 0xA0, 0x00, 0x00, 0x00, 0xAA, 0x00, 0x00, 0x00, 0xA0, 0xA0, 0x00, 0x00,
    0x0A, 0xAA, 0xA0, 0x00, 0x0A, 0xAA, 0x0A, 0xA0, 0x0A, 0xA0, 0xAA, 0xA0, 0xAA, 0xAA, 0xAA, 0x0A,
    0x00, 0x00, 0x00, 0x0A, 0x00, 0x00, 0x00, 0x0A, 0x00, 0x00, 0x00, 0xAA, 0x00, 0x00, 0x0A, 0x0A,
    0x00, 0x0A, 0x0A, 0xA0, 0x0A, 0xAA, 0x0A, 0xA0, 0xA0, 0xAA, 0xA0, 0xAA, 0xAA, 0xAA, 0x0A, 0x0A,
    0xAA, 0x0A, 0xA0, 0xAA, 0xAA, 0xA0, 0xAA, 0x00, 0xAA, 0xA0, 0xA0, 0x00, 0xAA, 0xAA, 0x00, 0x00,
    0xAA, 0xAA, 0x00, 0x00, 0x0A, 0xA0, 0x00, 0x00, 0xA0, 0xA0, 0x00, 0x00, 0xA0, 0x00, 0x00, 0x00,
    0xAA, 0x00, 0x00, 0x00, 0xA0, 0xA0, 0x00, 0x00, 0xAA, 0xA0, 0x00, 0x00, 0xAA, 0xAA, 0x00, 0x00,
    0xAA, 0xAA, 0x00, 0x00, 0xAA, 0xA0, 0xA0, 0x00, 0xAA, 0x0A, 0xAA, 0x00, 0xA0, 0xAA, 0xAA, 0xAA,
    0xAA, 0x0A, 0xA0, 0xAA, 0x00, 0xAA, 0x0A, 0xAA, 0x00, 0x0A, 0x0A, 0xAA, 0x00, 0x00, 0xAA, 0xAA,
    0x00, 0x00, 0xAA, 0xAA, 0x00, 0x00, 0x0A, 0xA0, 0x00, 0x00, 0x0A, 0x0A, 0x00, 0x00, 0x00, 0x0A,
    0x00, 0x00, 0x00, 0xAA, 0x00, 0x00, 0x0A, 0x0A, 0x00, 0x00, 0x0A, 0xAA, 0x00, 0x00, 0xAA, 0xAA,
    0x00, 0x00, 0xAA, 0xAA, 0x00, 0x0A, 0x0A, 0xAA, 0x00, 0xAA, 0xA0, 0xAA, 0xAA, 0xAA, 0xAA, 0x0A,
    0xA0, 0x0A, 0xAA, 0xAB, 0x09, 0x90, 0xAB, 0x9B, 0x09, 0x99, 0x0B, 0xB9, 0x09, 0x90, 0x90, 0x09,
    0x09, 0x9A, 0x09, 0x09, 0xA0, 0x9A, 0x00, 0x90, 0xA0, 0x99, 0xA0, 0x90, 0xA0, 0x09, 0xAA, 0x90,
    0x00, 0x09, 0x99, 0x99, 0x09, 0x00, 0xB9, 0xB9, 0x09, 0x09, 0xBB, 0xB0, 0x09, 0x09, 0x9B, 0xB0,
    0x09, 0x09, 0xBB, 0xB0, 0xA0, 0x90, 0x9B, 0xB0, 0xAA, 0x09, 0x99, 0x9B, 0xAA, 0x09, 0x99, 0x99,
    0xB9, 0xBB, 0x9B, 0xB0, 0xB9, 0xB9, 0xBB, 0x0A, 0xB9, 0xB9, 0xB0, 0xAA, 0x90, 0x09, 0x90, 0x0A,
    0x0B, 0xB0, 0x99, 0x90, 0xBB, 0x0B, 0x99, 0x90, 0xBB, 0x00, 0x99, 0x0A, 0xBB, 0x99, 0x9B, 0x0A,
    0x00, 0x90, 0x0B, 0xAA, 0x09, 0x00, 0x00, 0xAA, 0x99, 0x00, 0x0A, 0xAA, 0x90, 0x00, 0x00, 0xAA,
    0x90, 0x00, 0x99, 0x0A, 0x90, 0x09, 0x99, 0x90, 0x09, 0x9A, 0xAA, 0xA0, 0x9A, 0xA9, 0x99, 0x0A,
    0x00, 0x00, 0x00, 0x00, 0x99, 0x99, 0x99, 0x99, 0x99, 0x99, 0x99, 0x99, 0xBB, 0xBB, 0xBB, 0xBB,
    0xB9, 0x99, 0x99, 0x99, 0xB9, 0x99, 0x99, 0x99, 0xB9, 0x99, 0x99, 0x90, 0x9B, 0x99, 0x99, 0x00,
    0x9B, 0x99, 0x99, 0x00, 0x9B, 0x99, 0x99, 0x90, 0x9B, 0x99, 0x99, 0x90, 0x99, 0xB9, 0x99, 0x90,
    0x99, 0xB9, 0x99, 0x90, 0x99, 0xB9, 0x99, 0x99, 0x99, 0xB9, 0x99, 0x99, 0x00, 0x00, 0x00, 0x00,
    0x00, 0x00, 0x00, 0x00, 0x99, 0x99, 0x99, 0x99, 0x99, 0x99, 0x99, 0x99, 0xBB, 0xBB, 0xBB, 0xBB,
    0x99, 0x99, 0x99, 0x9B, 0x99, 0x99, 0x99, 0x9B, 0x09, 0x99, 0x99, 0x9B, 0x00, 0x99, 0x99, 0xB9,
    0x00, 0x99, 0x99, 0xB9, 0x09, 0x99, 0x99, 0xB9, 0x09, 0x99, 0x99, 0xB9, 0x09, 0x99, 0x9B, 0x99,
    0x09, 0x99, 0x9B, 0x99, 0x99, 0x99, 0x9B, 0x99, 0x99, 0x99, 0x9B, 0x99, 0x00, 0x00, 0x00, 0x00,
    0x00, 0x00, 0x00, 0x00, 0x99, 0xB9, 0x99, 0x99, 0x99, 0xB9, 0x99, 0x99, 0x99, 0xB9, 0x99, 0x90,
    0x99, 0xB9, 0x99, 0x90, 0x9B, 0x99, 0x99, 0x90, 0x9B, 0x99, 0x99, 0x90, 0x9B, 0x99, 0x99, 0x00,
    0x9B, 0x99, 0x99, 0x00, 0xB9, 0x99, 0x99, 0x90, 0xB9, 0x99, 0x99, 0x99, 0xB9, 0x99, 0x99, 0x99,
    0xBB, 0xBB, 0xBB, 0xBB, 0x99, 0x99, 0x99, 0x99, 0x99, 0x99, 0x99, 0x99, 0x00, 0x00, 0x00, 0x00,
    0x00, 0x00, 0x00, 0x00, 0x99, 0x99, 0x9B, 0x99, 0x99, 0x99, 0x9B, 0x99, 0x09, 0x99, 0x9B, 0x99,
    0x09, 0x99, 0x9B, 0x99, 0x09, 0x99, 0x99, 0xB9, 0x09, 0x99, 0x99, 0xB9, 0x00, 0x99, 0x99, 0xB9,
    0x00, 0x99, 0x99, 0xB9, 0x09, 0x99, 0x99, 0x9B, 0x99, 0x99, 0x99, 0x9B, 0x99, 0x99, 0x99, 0x9B,
    0xBB, 0xBB, 0xBB, 0xBB, 0x99, 0x99, 0x99, 0x99, 0x99, 0x99, 0x99, 0x99, 0x00, 0x00, 0x00, 0x00,
    0x09, 0x9B, 0xBB, 0xB9, 0x09, 0x9B, 0x99, 0x9B, 0x09, 0x9B, 0x99, 0x99, 0x09, 0x9B, 0x99, 0x99,
    0x09, 0x9B, 0x99, 0x99, 0x09, 0x9B, 0x99, 0x99, 0x09, 0x9B, 0x99, 0x90, 0x09, 0x9B, 0x99, 0x00,
    0x09, 0x9B, 0x99, 0x00, 0x09, 0x9B, 0x99, 0x90, 0x09, 0x9B, 0x99, 0x99, 0x09, 0x9B, 0x99, 0x99,
    0x09, 0x9B, 0x99, 0x99, 0x09, 0x9B, 0x99, 0x99, 0x09, 0x9B, 0x99, 0x9B, 0x09, 0x9B, 0xBB, 0xB9,
    0x99, 0x99, 0x99, 0x90, 0xBB, 0xB9, 0x99, 0x90, 0x99, 0x9B, 0xBB, 0xB0, 0x99, 0x99, 0x99, 0x90,
    0x99, 0x99, 0x99, 0x90, 0x99, 0x99, 0x99, 0x90, 0x09, 0x99, 0x99, 0x90, 0x00, 0x00, 0x09, 0x90,
    0x00, 0x00, 0x09, 0x90, 0x09, 0x99, 0x99, 0x90, 0x99, 0x99, 0x99, 0x90, 0x99, 0x99, 0x99, 0x90,
    0x99, 0x99, 0x99, 0x90, 0x99, 0x9B, 0xBB, 0xB0, 0xBB, 0xB9, 0x99, 0x90, 0x99, 0x99, 0x99, 0x90,
    0x09, 0x99, 0x99, 0x99, 0x09, 0x99, 0x9B, 0xBB, 0x0B, 0xBB, 0xB9, 0x99, 0x09, 0x99, 0x99, 0x99,
    0x09, 0x99, 0x99, 0x99, 0x09, 0x99, 0x99, 0x99, 0x09, 0x99, 0x99, 0x90, 0x09, 0x90, 0x00, 0x00,
    0x09, 0x90, 0x00, 0x00, 0x09, 0x99, 0x99, 0x90, 0x09, 0x99, 0x99, 0x99, 0x09, 0x99, 0x99, 0x99,
    0x09, 0x99, 0x99, 0x99, 0x0B, 0xBB, 0xB9, 0x99, 0x09, 0x99, 0x9B, 0xBB, 0x09, 0x99, 0x99, 0x99,
    0x9B, 0xBB, 0xB9, 0x90, 0xB9, 0x99, 0xB9, 0x90, 0x99, 0x99, 0xB9, 0x90, 0x99, 0x99, 0xB9, 0x90,
    0x99, 0x99, 0xB9, 0x90, 0x99, 0x99, 0xB9, 0x90, 0x09, 0x99, 0xB9, 0x90, 0x00, 0x99, 0xB9, 0x90,
    0x00, 0x99, 0xB9, 0x90, 0x09, 0x99, 0xB9, 0x90, 0x99, 0x99, 0xB9, 0x90, 0x99, 0x99, 0xB9, 0x90,
    0x99, 0x99, 0xB9, 0x90, 0x99, 0x99, 0xB9, 0x90, 0xB9, 0x99, 0xB9, 0x90, 0x9B, 0xBB, 0xB9, 0x90,
    0x00, 0x00, 0x00, 0x00, 0x99, 0x99, 0x99, 0x99, 0x99, 0x99, 0x99, 0x90, 0x99, 0x99, 0x99, 0xB0,
    0x99, 0x99, 0x9B, 0x99, 0x99, 0x99, 0xB9, 0x99, 0x99, 0x9B, 0x99, 0x90, 0x99, 0xB9, 0x99, 0x90,
    0x99, 0xB9, 0x99, 0x99, 0x99, 0x9B, 0x99, 0x99, 0x99, 0x99, 0xB9, 0x90, 0x99, 0x99, 0x9B, 0x90,
    0x99, 0x99, 0x99, 0xBB, 0x99, 0x99, 0x99, 0x99, 0x99, 0x99, 0x99, 0x90, 0x00, 0x00, 0x00, 0x00,
    0x00, 0x00, 0x00, 0x00, 0x09, 0x99, 0x99, 0x99, 0x99, 0x99, 0x99, 0x99, 0xBB, 0x99, 0x99, 0x99,
    0x09, 0xB9, 0x99, 0x99, 0x09, 0x9B, 0x99, 0x99, 0x99, 0x99, 0xB9, 0x99, 0x99, 0x99, 0x9B, 0x99,
    0x09, 0x99, 0x9B, 0x99, 0x09, 0x99, 0xB9, 0x99, 0x99, 0x9B, 0x99, 0x99, 0x99, 0xB9, 0x99, 0x99,
    0x0B, 0x99, 0x99, 0x99, 0x09, 0x99, 0x99, 0x99, 0x99, 0x99, 0x99, 0x99, 0x00, 0x00, 0x00, 0x00,
    0x09, 0x99, 0x99, 0x99, 0x09, 0x99, 0x99, 0x99, 0x09, 0x99, 0x99, 0x9B, 0x09, 0x99, 0x99, 0xB9,
    0x09, 0x99, 0x9B, 0x99, 0x09, 0x99, 0xB9, 0x99, 0x09, 0x9B, 0x99, 0x99, 0x00, 0x9B, 0x00, 0x99,
    0x09, 0x00, 0x99, 0x00, 0x09, 0x9B, 0x99, 0x99, 0x09, 0x99, 0xB9, 0x99, 0x09, 0x99, 0x9B, 0x99,
    0x09, 0x99, 0x99, 0xB9, 0x09, 0x99, 0x99, 0x9B, 0x09, 0x99, 0x99, 0x99, 0x09, 0x99, 0x99, 0x99,
    0x99, 0x99, 0x99, 0x90, 0x99, 0x99, 0x99, 0x90, 0xB9, 0x99, 0x99, 0x90, 0x9B, 0x99, 0x99, 0x90,
    0x99, 0xB9, 0x99, 0x90, 0x99, 0x9B, 0x99, 0x90, 0x99, 0x99, 0xB9, 0x90, 0x00, 0x99, 0x00, 0x90,
    0x99, 0x00, 0xB9, 0x00, 0x99, 0x99, 0xB9, 0x90, 0x99, 0x9B, 0x99, 0x90, 0x99, 0xB9, 0x99, 0x90,
    0x9B, 0x99, 0x99, 0x90, 0xB9, 0x99, 0x99, 0x90, 0x99, 0x99, 0x99, 0x90, 0x99, 0x99, 0x99, 0x90,
    0xAB, 0xBB, 0xBB, 0xBB, 0xBA, 0xBB, 0xBB, 0xBB, 0xBB, 0xAB, 0xBB, 0xBB, 0xBB, 0xBA, 0xBB, 0xBB,
    0xBB, 0xBB, 0xAB, 0xBB, 0xBB, 0xBB, 0xBA, 0xAA, 0xBB, 0xBB, 0xBA, 0xAA, 0xBB, 0xBB, 0xBA, 0xAA,
    0xBB, 0xBB, 0xBA, 0xAA, 0xBB, 0xBB, 0xBA, 0xAA, 0xBB, 0xBB, 0xBA, 0xAA, 0xBB, 0xBB, 0xB9, 0x99,
    0xBB, 0xBB, 0x99, 0x99, 0xBB, 0xB9, 0x99, 0x99, 0xBB, 0x99, 0x99, 0x99, 0xB9, 0x99, 0x99, 0x99,
    0xBB, 0xBB, 0xBB, 0xB9, 0xBB, 0xBB, 0xBB, 0x99, 0xBB, 0xBB, 0xB9, 0x99, 0xBB, 0xBB, 0x99, 0x99,
    0xBB, 0xB9, 0x99, 0x99, 0xAA, 0xA9, 0x99, 0x99, 0xAA, 0xA9, 0x99, 0x99, 0xAA, 0xA9, 0x99, 0x99,
    0xAA, 0xA9, 0x99, 0x99, 0xAA, 0xA9, 0x99, 0x99, 0xAA, 0xA9, 0x99, 0x99, 0x99, 0x9A, 0x99, 0x99,
    0x99, 0x99, 0xA9, 0x99, 0x99, 0x99, 0x9A, 0x99, 0x99, 0x99, 0x99, 0xA9, 0x99, 0x99, 0x99, 0x9A,
    0xA0, 0x00, 0xAA, 0x00, 0x0A, 0xA9, 0x00, 0x99, 0x0A, 0xAA, 0x99, 0xBB, 0x0B, 0xAA, 0xA9, 0x0B,
    0x0B, 0x0A, 0xA9, 0x9B, 0xA0, 0x00, 0xAA, 0x90, 0xAA, 0x00, 0x00, 0xA0, 0xAA, 0x00, 0xAA, 0xAA,
    0xA0, 0xAA, 0xA9, 0x99, 0x0A, 0xA9, 0x99, 0x90, 0x00, 0x00, 0x00, 0x09, 0xAA, 0x0B, 0xBB, 0x99,
    0xA0, 0x00, 0x09, 0x99, 0x0B, 0xBB, 0x99, 0x99, 0x00, 0x00, 0x99, 0x99, 0x0B, 0xBB, 0x99, 0x90,
    0x0A, 0xAA, 0x00, 0x00, 0x90, 0xA0, 0x99, 0x90, 0x09, 0x09, 0x99, 0x90, 0xB0, 0x99, 0x99, 0x0A,
    0xB0, 0x99, 0xBB, 0xBB, 0x00, 0x9B, 0xBB, 0xB0, 0x99, 0x0B, 0xB0, 0x0A, 0x99, 0x0B, 0xBB, 0x90,
    0x90, 0x09, 0x99, 0x90, 0x99, 0x99, 0x99, 0x90, 0x90, 0x99, 0x99, 0x90, 0x09, 0x99, 0x00, 0x90,
    0x90, 0x90, 0x99, 0x0A, 0x90, 0x90, 0x99, 0x0A, 0x99, 0x09, 0x09, 0x90, 0x00, 0x00, 0x99, 0x90,
    0x99, 0x9A, 0xAA, 0xAA, 0xBB, 0xB9, 0x9A, 0xAA, 0xAA, 0xAB, 0xB9, 0x9A, 0xAA, 0xAA, 0xAB, 0xB9,
    0xAA, 0xAA, 0xAA, 0xAB, 0xAA, 0xAA, 0xAA, 0xAA, 0xAA, 0xAA, 0xAA, 0xAA, 0xAA, 0xAA, 0xAA, 0xAA,
    0xAA, 0xAA, 0xAA, 0xAA, 0xAA, 0xAA, 0xAA, 0xAA, 0xAA, 0xAA, 0xAA, 0xAA, 0xAA, 0xAA, 0xAA, 0xA9,
    0xAA, 0xAA, 0xA9, 0x9B, 0xAA, 0xA9, 0x9B, 0xBA, 0x99, 0x9B, 0xBA, 0xAA, 0xBB, 0xBA, 0xAA, 0xAA,
    0xAA, 0xAA, 0xAA, 0xAA, 0xAA, 0xAA, 0xAA, 0xAA, 0xAA, 0xAA, 0xAA, 0xAA, 0x9A, 0xAA, 0xAA, 0xAA,
    0xB9, 0x9A, 0xAA, 0xAA, 0xAB, 0xB9, 0x9A, 0xAA, 0xAA, 0xAB, 0xB9, 0x99, 0xAA, 0xAA, 0xAB, 0xBB,
    0xAA, 0xAA, 0xA9, 0x99, 0xAA, 0xA9, 0x9B, 0xBB, 0xA9, 0x9B, 0xBA, 0xAA, 0x9B, 0xBA, 0xAA, 0xAA,
    0xBA, 0xAA, 0xAA, 0xAA, 0xAA, 0xAA, 0xAA, 0xAA, 0xAA, 0xAA, 0xAA, 0xAA, 0xAA, 0xAA, 0xAA, 0xAA,
    0xAA, 0xA9, 0xBA, 0xAA, 0xAA, 0xA9, 0xBA, 0xAA, 0xAA, 0xA9, 0x99, 0x9A, 0xAA, 0xA9, 0xBB, 0xB9,
    0xAA, 0xA9, 0xBA, 0xAB, 0xAA, 0xA9, 0xBA, 0xAA, 0xAA, 0xA9, 0xBA, 0xAA, 0xAA, 0xA9, 0xBA, 0xAA,
    0xAA, 0xA9, 0xBA, 0xAA, 0xAA, 0xA9, 0xBA, 0xAA, 0xAA, 0xA9, 0xBA, 0xAA, 0xAA, 0xA9, 0xBA, 0xA9,
    0xAA, 0xA9, 0x99, 0x9B, 0xAA, 0xA9, 0xBB, 0xBA, 0xAA, 0xA9, 0xBA, 0xAA, 0xAA, 0xA9, 0xBA, 0xAA,
    0xAA, 0xAB, 0x9A, 0xAA, 0xAA, 0xAB, 0x9A, 0xAA, 0xAA, 0xAB, 0x9A, 0xAA, 0x9A, 0xAB, 0x9A, 0xAA,
    0xB9, 0x99, 0x9A, 0xAA, 0xAB, 0xBB, 0x9A, 0xAA, 0xAA, 0xAB, 0x9A, 0xAA, 0xAA, 0xAB, 0x9A, 0xAA,
    0xAA, 0xAB, 0x9A, 0xAA, 0xAA, 0xAB, 0x9A, 0xAA, 0xA9, 0x99, 0x9A, 0xAA, 0x9B, 0xBB, 0x9A, 0xAA,
    0xBA, 0xAB, 0x9A, 0xAA, 0xAA, 0xAB, 0x9A, 0xAA, 0xAA, 0xAB, 0x9A, 0xAA, 0xAA, 0xAB, 0x9A, 0xAA,
    0x9B, 0xAA, 0xAA, 0xAA, 0x9B, 0xAA, 0xAA, 0xAA, 0x9B, 0xAA, 0xAA, 0xAA, 0xA9, 0xBA, 0xAA, 0xAA,
    0xA9, 0xBA, 0xAA, 0xAA, 0xAA, 0x9B, 0xAA, 0xAA, 0xAA, 0x9B, 0xAA, 0xAA, 0xAA, 0xA9, 0xBA, 0xAA,
    0xAA, 0xA9, 0xBA, 0xAA, 0xAA, 0x9B, 0xAA, 0xAA, 0xAA, 0x9B, 0xAA, 0xAA, 0xA9, 0xBA, 0xAA, 0xAA,
    0xA9, 0xBA, 0xAA, 0xAA, 0x9B, 0xAA, 0xAA, 0xAA, 0x9B, 0xAA, 0xAA, 0xAA, 0x9B, 0xAA, 0xAA, 0xAA,
    0xAA, 0xA9, 0xBA, 0xAA, 0xAA, 0xAA, 0x9B, 0xAA, 0xAA, 0xAA, 0x9B, 0xAA, 0xAA, 0xAA, 0xA9, 0xBA,
    0xAA, 0xAA, 0xA9, 0xBA, 0xAA, 0xAA, 0xAA, 0x9B, 0xAA, 0xAA, 0xAA, 0x9B, 0xAA, 0xAA, 0xAA, 0x9B,
    0xAA, 0xAA, 0xAA, 0x9B, 0xAA, 0xAA, 0xAA, 0x9B, 0xAA, 0xAA, 0xAA, 0x9B, 0xAA, 0xAA, 0xA9, 0xBA,
    0xAA, 0xAA, 0xA9, 0xBA, 0xAA, 0xAA, 0x9B, 0xAA, 0xAA, 0xAA, 0x9B, 0xAA, 0xAA, 0xA9, 0xBA, 0xAA,
    0x9A, 0xAA, 0xAA, 0xAA, 0xA9, 0xAA, 0xAA, 0xAA, 0xAA, 0x9A, 0xAA, 0xAA, 0xAA, 0xA9, 0x99, 0x99,
    0xAA, 0xA9, 0x9B, 0xBB, 0xAA, 0xA9, 0xB9, 0xAA, 0xAA, 0xA9, 0xBA, 0x9A, 0xAA, 0xA9, 0xBA, 0xA9,
    0xAA, 0xA9, 0xBA, 0xA9, 0xAA, 0xA9, 0xBA, 0x9A, 0xAA, 0xA9, 0xB9, 0xAA, 0xAA, 0xA9, 0x9B, 0xBB,
    0xAA, 0xA9, 0x99, 0x99, 0xAA, 0x9A, 0xAA, 0xAA, 0xA9, 0xAA, 0xAA, 0xAA, 0x9A, 0xAA, 0xAA, 0xAA,
    0x9A, 0xAB, 0x9A, 0xAA, 0xA9, 0xAB, 0x9A, 0xAA, 0xAA, 0x9B, 0x9A, 0xAA, 0xBB, 0xB9, 0x9A, 0xAA,
    0x99, 0x99, 0x9A, 0xAA, 0xAA, 0xAA, 0xA9, 0xAA, 0xAA, 0xAA, 0xAA, 0x9A, 0xAA, 0xAA, 0xAA, 0xA9,
    0xAA, 0xAA, 0xAA, 0xA9, 0xAA, 0xAA, 0xAA, 0x9A, 0xAA, 0xAA, 0xA9, 0xAA, 0x99, 0x99, 0x9A, 0xAA,
    0xBB, 0xB9, 0x9A, 0xAA, 0xAA, 0x9B, 0x9A, 0xAA, 0xA9, 0xAB, 0x9A, 0xAA, 0x9A, 0xAB, 0x9A, 0xAA,
    0xAA, 0xA9, 0xBA, 0xAA, 0xAA, 0xA9, 0xBA, 0xAA, 0xAA, 0xA9, 0xBA, 0xAA, 0x9A, 0xA9, 0xBA, 0xAA,
    0xB9, 0x99, 0xBA, 0xAA, 0xAB, 0xB9, 0xBA, 0xAA, 0xAA, 0xA9, 0xBA, 0xAA, 0xAA, 0xA9, 0xBA, 0xAA,
    0xAA, 0xA9, 0xBA, 0xAA, 0xAA, 0xA9, 0xBA, 0xAA, 0xA9, 0x99, 0xBA, 0xAA, 0x9B, 0xB9, 0xBA, 0xAA,
    0xBA, 0xA9, 0xBA, 0xAA, 0xAA, 0xA9, 0xBA, 0xAA, 0xAA, 0xA9, 0xBA, 0xAA, 0xAA, 0xA9, 0xBA, 0xAA,
    0xAA, 0xAB, 0x9A, 0xAA, 0xAA, 0xAB, 0x9A, 0xAA, 0xAA, 0xAB, 0x99, 0x9A, 0xAA, 0xAB, 0x9B, 0xB9,
    0xAA, 0xAB, 0x9A, 0xAB, 0xAA, 0xAB, 0x9A, 0xAA, 0xAA, 0xAB, 0x9A, 0xAA, 0xAA, 0xAB, 0x9A, 0xAA,
    0xAA, 0xAB, 0x9A, 0xAA, 0xAA, 0xAB, 0x9A, 0xAA, 0xAA, 0xAB, 0x9A, 0xAA, 0xAA, 0xAB, 0x9A, 0xA9,
    0xAA, 0xAB, 0x99, 0x9B, 0xAA, 0xAB, 0x9B, 0xBA, 0xAA, 0xAB, 0x9A, 0xAA, 0xAA, 0xAB, 0x9A, 0xAA,
    0xAA, 0xAA, 0xAA, 0xAA, 0xAA, 0xAA, 0xAA, 0xAA, 0xAA, 0xAA, 0xAA, 0xAA, 0x99, 0x99, 0x99, 0x99,
    0xBB, 0x9B, 0xBB, 0xBB, 0xAA, 0x9B, 0xAA, 0xAA, 0xAA, 0x9B, 0xAA, 0xAA, 0xAA, 0xA9, 0xBA, 0xAA,
    0xAA, 0xA9, 0xBA, 0xAA, 0xAA, 0x9B, 0xAA, 0xAA, 0xAA, 0x9B, 0xAA, 0xAA, 0xBB, 0x9B, 0xBB, 0xBB,
    0x99, 0x99, 0x99, 0x99, 0xAA, 0xAA, 0xAA, 0xAA, 0xAA, 0xAA, 0xAA, 0xAA, 0xAA, 0xAA, 0xAA, 0xAA,
    0xAA, 0xA9, 0xBA, 0xAA, 0xAA, 0xAA, 0x9B, 0xAA, 0xAA, 0xAA, 0x9B, 0xAA, 0xBB, 0xBB, 0x9B, 0xBB,
    0x99, 0x99, 0x99, 0x99, 0xAA, 0xAA, 0xAA, 0xAA, 0xAA, 0xAA, 0xAA, 0xAA, 0xAA, 0xAA, 0xAA, 0xAA,
    0xAA, 0xAA, 0xAA, 0xAA, 0xAA, 0xAA, 0xAA, 0xAA, 0xAA, 0xAA, 0xAA, 0xAA, 0x99, 0x99, 0x99, 0x99,
    0xBB, 0xBB, 0x9B, 0xBB, 0xAA, 0xAA, 0x9B, 0xAA, 0xAA, 0xAA, 0x9B, 0xAA, 0xAA, 0xA9, 0xBA, 0xAA,
    0xAA, 0xA9, 0xBA, 0xAA, 0xAA, 0xAA, 0x9B, 0xAA, 0xAA, 0xAA, 0x9B, 0xAA, 0x99, 0x99, 0x99, 0x99,
    0xBB, 0xBB, 0xBB, 0xBB, 0xAA, 0xAA, 0xAA, 0xAA, 0xAA, 0xAA, 0xAA, 0xAA, 0xAA, 0xAA, 0xAA, 0xAA,
    0xAA, 0xAA, 0xAA, 0xAA, 0xAA, 0xAA, 0xAA, 0xAA, 0xAA, 0xAA, 0xAA, 0xAA, 0xBB, 0xBB, 0xBB, 0xBB,
    0x99, 0x99, 0x99, 0x99, 0xAA, 0xAA, 0x9B, 0xAA, 0xAA, 0xAA, 0x9B, 0xAA, 0xAA, 0xA9, 0xBA, 0xAA,
    0xAA, 0xAA, 0xAA, 0xAA, 0xAA, 0xAA, 0xAA, 0xAA, 0xAA, 0xAA, 0xAA, 0xAA, 0xBB, 0xBB, 0xBB, 0xBB,
    0x99, 0x99, 0x99, 0x99, 0xAA, 0x9B, 0xAA, 0xAA, 0xAA, 0x9B, 0xAA, 0xAA, 0xAA, 0xA9, 0xBA, 0xAA,
    0xAA, 0xA9, 0xBA, 0xAA, 0xAA, 0x9B, 0xAA, 0xAA, 0xAA, 0x9B, 0xAA, 0xAA, 0x99, 0x99, 0x99, 0x99,
    0xBB, 0xBB, 0xBB, 0xBB, 0xAA, 0xAA, 0xAA, 0xAA, 0xAA, 0xAA, 0xAA, 0xAA, 0xAA, 0xAA, 0xAA, 0xAA,
    0xAA, 0xAA, 0xBB, 0x0A, 0xAA, 0xAB, 0xBB, 0x0A, 0xAA, 0xBB, 0xBB, 0x0A, 0xAA, 0xBB, 0xBB, 0x00,
    0xAA, 0xBB, 0x99, 0x00, 0xAA, 0x99, 0x99, 0x90, 0xAA, 0xA9, 0x99, 0x90, 0xAA, 0xAA, 0x99, 0x99,
    0xAA, 0xAA, 0x99, 0x99, 0xAA, 0xAA, 0x99, 0x90, 0xAA, 0x99, 0x99, 0x90, 0xAA, 0x99, 0x99, 0x00,
    0xAA, 0xBB, 0x99, 0x00, 0xAA, 0xBB, 0xBB, 0x0A, 0xAA, 0xAB, 0xBB, 0x0A, 0xAA, 0xAA, 0xBB, 0x0A,
    0x99, 0x99, 0xAA, 0xAA, 0x09, 0x99, 0x9A, 0xAA, 0x09, 0x99, 0x99, 0xAA, 0x00, 0x99, 0x99, 0xAA,
    0x00, 0x99, 0xBB, 0xAA, 0xA0, 0xBB, 0xBB, 0xAA, 0xA0, 0xBB, 0xBA, 0xAA, 0xA0, 0xBB, 0xAA, 0xAA,
    0xA0, 0xBB, 0xAA, 0xAA, 0xA0, 0xBB, 0xBA, 0xAA, 0xA0, 0xBB, 0xBB, 0xAA, 0x00, 0xBB, 0xBB, 0xAA,
    0x00, 0x99, 0xBB, 0xAA, 0x09, 0x99, 0x99, 0xAA, 0x09, 0x99, 0x9A, 0xAA, 0x99, 0x99, 0xAA, 0xAA,
    0xAA, 0xAA, 0xAA, 0xAA, 0xAA, 0xAA, 0xAA, 0xAA, 0xAA, 0xBB, 0xB9, 0xAA, 0xAB, 0xBB, 0xB9, 0x9A,
    0xBB, 0xBB, 0x99, 0x99, 0xBB, 0xBB, 0x99, 0x99, 0x00, 0x00, 0x09, 0x99, 0xAA, 0xA0, 0x00, 0x09,
    0xAA, 0xA0, 0x00, 0x09, 0x00, 0x00, 0x09, 0x99, 0xBB, 0xBB, 0x99, 0x99, 0xBB, 0xBB, 0x99, 0x99,
    0xAB, 0xBB, 0xB9, 0x9A, 0xAA, 0xBB, 0xB9, 0xAA, 0xAA, 0xAA, 0xAA, 0xAA, 0xAA, 0xAA, 0xAA, 0xAA,
    0x99, 0x00, 0x0A, 0xAA, 0x99, 0x90, 0x00, 0x00, 0x99, 0x99, 0x9B, 0xBB, 0x99, 0x99, 0x9B, 0xBB,
    0xAA, 0x99, 0xBB, 0xBA, 0xAA, 0x99, 0xBB, 0xAA, 0xAA, 0xAA, 0xAA, 0xAA, 0xAA, 0xAA, 0xAA, 0xAA,
    0xAA, 0xAA, 0xAA, 0xAA, 0xAA, 0xAA, 0xAA, 0xAA, 0xAA, 0x99, 0xBB, 0xAA, 0xAA, 0x99, 0xBB, 0xBA,
    0x99, 0x99, 0x9B, 0xBB, 0x99, 0x99, 0x9B, 0xBB, 0x99, 0x90, 0x00, 0x00, 0x99, 0x00, 0x0A, 0xAA,
    0xAA, 0xAA, 0xAA, 0xAA, 0xAA, 0xAA, 0xAA, 0xAA, 0xAA, 0xAA, 0xAA, 0xAA, 0x99, 0x99, 0x99, 0x99,
    0xBB, 0xBB, 0xBB, 0xBB, 0xAA, 0xAA, 0xAA, 0xAA, 0xAA, 0xAA, 0xAA, 0xAA, 0xAA, 0xAA, 0xAA, 0xAA,
    0xAA, 0xAA, 0xAA, 0xAA, 0xAA, 0xAA, 0xAA, 0xAA, 0xAA, 0xAA, 0xAA, 0xAA, 0xBB, 0xBB, 0xBB, 0xBB,
    0x99, 0x99, 0x99, 0x99, 0xAA, 0xAA, 0xAA, 0xAA, 0xAA, 0xAA, 0xAA, 0xAA, 0xAA, 0xAA, 0xAA, 0xAA,
    0xAA, 0xA9, 0xBA, 0xAA, 0xAA, 0xA9, 0xBA, 0xAA, 0xAA, 0xA9, 0xBA, 0xAA, 0xAA, 0xA9, 0xBA, 0xAA,
    0xAA, 0xA9, 0xBA, 0xAA, 0xAA, 0xA9, 0xBA, 0xAA, 0xAA, 0xA9, 0xBA, 0xAA, 0xAA, 0xA9, 0xBA, 0xAA,
    0xAA, 0xAB, 0x9A, 0xAA, 0xAA, 0xAB, 0x9A, 0xAA, 0xAA, 0xAB, 0x9A, 0xAA, 0xAA, 0xAB, 0x9A, 0xAA,
    0xAA, 0xAB, 0x9A, 0xAA, 0xAA, 0xAB, 0x9A, 0xAA, 0xAA, 0xAB, 0x9A, 0xAA, 0xAA, 0xAB, 0x9A, 0xAA,
    0x9A, 0xAA, 0xAA, 0xAA, 0xA9, 0xAA, 0xAA, 0xAA, 0xAA, 0x9A, 0xAA, 0xAA, 0xAA, 0xA9, 0xAA, 0xAA,
    0xAA, 0xAA, 0x9A, 0xAA, 0xAA, 0xAA, 0xA9, 0xAA, 0xAA, 0xAA, 0xAA, 0x9A, 0xAA, 0xAA, 0xAA, 0xA9,
    0xAA, 0xAA, 0xAA, 0xA9, 0xAA, 0xAA, 0xAA, 0x9A, 0xAA, 0xAA, 0xA9, 0xAA, 0xAA, 0xAA, 0x9A, 0xAA,
    0xAA, 0xA9, 0xAA, 0xAA, 0xAA, 0x9A, 0xAA, 0xAA, 0xA9, 0xAA, 0xAA, 0xAA, 0x9A, 0xAA, 0xAA, 0xAA,
    0xAA, 0xAA, 0xAA, 0xAA, 0xA0, 0x00, 0x00, 0x0A, 0xA0, 0x00, 0x00, 0x0A, 0xA0, 0x00, 0x00, 0x0A,
    0xA0, 0x00, 0x00, 0x0A, 0xA0, 0x00, 0x00, 0x0A, 0xA0, 0x00, 0x00, 0x0A, 0xAA, 0xAA, 0xAA, 0xAA,
    0xAA, 0xAA, 0xAA, 0xAA, 0xA0, 0x00, 0x00, 0x0A, 0xA0, 0x00, 0x00, 0x0A, 0xA0, 0x00, 0x00, 0x00,
    0xA0, 0x00, 0x00, 0x00, 0xA0, 0x00, 0x00, 0x0A, 0xA0, 0x00, 0x00, 0x0A, 0xAA, 0xAA, 0xAA, 0xAA,
    0xAA, 0xAA, 0xAA, 0xAA, 0xA0, 0x00, 0x00, 0x0A, 0xA0, 0x00, 0x00, 0x0A, 0x00, 0x00, 0x00, 0x0A,
    0x00, 0x00, 0x00, 0x0A, 0xA0, 0x00, 0x00, 0x0A, 0xA0, 0x00, 0x00, 0x0A, 0xAA, 0xAA, 0xAA, 0xAA,
    0xAA, 0xAA, 0xAA, 0xAA, 0xA0, 0x00, 0x00, 0x0A, 0xA0, 0x00, 0x00, 0x0A, 0x00, 0x00, 0x00, 0x00,
    0x00, 0x00, 0x00, 0x00, 0xA0, 0x00, 0x00, 0x0A, 0xA0, 0x00, 0x00, 0x0A, 0xAA, 0xAA, 0xAA, 0xAA,
    0xAA, 0xAA, 0xAA, 0xAA, 0xA0, 0x00, 0x00, 0x0A, 0xA0, 0x00, 0x00, 0x0A, 0xA0, 0x00, 0x00, 0x0A,
    0xA0, 0x00, 0x00, 0x0A, 0xA0, 0x00, 0x00, 0x0A, 0xA0, 0x00, 0x00, 0x0A, 0xAA, 0xA0, 0x0A, 0xAA,
    0xAA, 0xAA, 0xAA, 0xAA, 0xA0, 0x00, 0x00, 0x0A, 0xA0, 0x00, 0x00, 0x0A, 0xA0, 0x00, 0x00, 0x00,
    0xA0, 0x00, 0x00, 0x00, 0xA0, 0x00, 0x00, 0x0A, 0xA0, 0x00, 0x00, 0x0A, 0xAA, 0xA0, 0x0A, 0xAA,
    0xAA, 0xAA, 0xAA, 0xAA, 0xA0, 0x00, 0x00, 0x0A, 0xA0, 0x00, 0x00, 0x0A, 0x00, 0x00, 0x00, 0x0A,
    0x00, 0x00, 0x00, 0x0A, 0xA0, 0x00, 0x00, 0x0A, 0xA0, 0x00, 0x00, 0x0A, 0xAA, 0xA0, 0x0A, 0xAA,
    0xAA, 0xAA, 0xAA, 0xAA, 0xA0, 0x00, 0x00, 0x0A, 0xA0, 0x00, 0x00, 0x0A, 0x00, 0x00, 0x00, 0x00,
    0x00, 0x00, 0x00, 0x00, 0xA0, 0x00, 0x00, 0x0A, 0xA0, 0x00, 0x00, 0x0A, 0xAA, 0xA0, 0x0A, 0xAA,
    0xAA, 0xA0, 0x0A, 0xAA, 0xA0, 0x00, 0x00, 0x0A, 0xA0, 0x00, 0x00, 0x0A, 0xA0, 0x00, 0x00, 0x0A,
    0xA0, 0x00, 0x00, 0x0A, 0xA0, 0x00, 0x00, 0x0A, 0xA0, 0x00, 0x00, 0x0A, 0xAA, 0xAA, 0xAA, 0xAA,
    0xAA, 0xA0, 0x0A, 0xAA, 0xA0, 0x00, 0x00, 0x0A, 0xA0, 0x00, 0x00, 0x0A, 0xA0, 0x00, 0x00, 0x00,
    0xA0, 0x00, 0x00, 0x00, 0xA0, 0x00, 0x00, 0x0A, 0xA0, 0x00, 0x00, 0x0A, 0xAA, 0xAA, 0xAA, 0xAA,
    0xAA, 0xA0, 0x0A, 0xAA, 0xA0, 0x00, 0x00, 0x0A, 0xA0, 0x00, 0x00, 0x0A, 0x00, 0x00, 0x00, 0x0A,
    0x00, 0x00, 0x00, 0x0A, 0xA0, 0x00, 0x00, 0x0A, 0xA0, 0x00, 0x00, 0x0A, 0xAA, 0xAA, 0xAA, 0xAA,
    0xAA, 0xA0, 0x0A, 0xAA, 0xA0, 0x00, 0x00, 0x0A, 0xA0, 0x00, 0x00, 0x0A, 0x00, 0x00, 0x00, 0x00,
    0x00, 0x00, 0x00, 0x00, 0xA0, 0x00, 0x00, 0x0A, 0xA0, 0x00, 0x00, 0x0A, 0xAA, 0xAA, 0xAA, 0xAA,
    0xAA, 0xA0, 0x0A, 0xAA, 0xA0, 0x00, 0x00, 0x0A, 0xA0, 0x00, 0x00, 0x0A, 0xA0, 0x00, 0x00, 0x0A,
    0xA0, 0x00, 0x00, 0x0A, 0xA0, 0x00, 0x00, 0x0A, 0xA0, 0x00, 0x00, 0x0A, 0xAA, 0xA0, 0x0A, 0xAA,
    0xAA, 0xA0, 0x0A, 0xAA, 0xA0, 0x00, 0x00, 0x0A, 0xA0, 0x00, 0x00, 0x0A, 0xA0, 0x00, 0x00, 0x00,
    0xA0, 0x00, 0x00, 0x00, 0xA0, 0x00, 0x00, 0x0A, 0xA0, 0x00, 0x00, 0x0A, 0xAA, 0xA0, 0x0A, 0xAA,
    0xAA, 0xA0, 0x0A, 0xAA, 0xA0, 0x00, 0x00, 0x0A, 0xA0, 0x00, 0x00, 0x0A, 0x00, 0x00, 0x00, 0x0A,
    0x00, 0x00, 0x00, 0x0A, 0xA0, 0x00, 0x00, 0x0A, 0xA0, 0x00, 0x00, 0x0A, 0xAA, 0xA0, 0x0A, 0xAA,
    0xAA, 0xA0, 0x0A, 0xAA, 0xA0, 0x00, 0x00, 0x0A, 0xA0, 0x00, 0x00, 0x0A, 0x00, 0x00, 0x00, 0x00,
    0x00, 0x00, 0x00, 0x00, 0xA0, 0x00, 0x00, 0x0A, 0xA0, 0x00, 0x00, 0x0A, 0xAA, 0xA0, 0x0A, 0xAA,
    0x0B, 0xB0, 0xBB, 0x00, 0xB9, 0x9B, 0x99, 0xB0, 0xB9, 0x99, 0x99, 0xB0, 0xB9, 0x99, 0x99, 0xB0,
    0xB9, 0x99, 0x99, 0xB0, 0x0B, 0x99, 0x9B, 0x00, 0x00, 0xB9, 0xB0, 0x00, 0x00, 0x0B, 0x00, 0x00,
    0x00, 0x00, 0x00, 0x00, 0x00, 0x00, 0x00, 0x00, 0x00, 0x00, 0x00, 0x00, 0x00, 0x00, 0x00, 0x00,
    0x00, 0x00, 0x00, 0x00, 0x00, 0x00, 0x00, 0x00, 0x00, 0x00, 0x00, 0x00, 0x00, 0x00, 0x00, 0x00,
    0x99, 0x99, 0x99, 0x99, 0x99, 0x99, 0x99, 0x99, 0x99, 0x99, 0x99, 0x99, 0x99, 0x99, 0x99, 0x99,
    0x99, 0x99, 0x99, 0x99, 0x99, 0x99, 0x99, 0x99, 0x99, 0x99, 0x99, 0x99, 0x99, 0x99, 0x99, 0x99,
    0xAA, 0xAA, 0xAA, 0xAA, 0xAA, 0xAA, 0xAA, 0xAA, 0xAA, 0xAA, 0xAA, 0xAA, 0xAA, 0xAA, 0xAA, 0xAA,
    0xAA, 0xAA, 0xAA, 0xAA, 0xAA, 0xAA, 0xAA, 0xAA, 0xAA, 0xAA, 0xAA, 0xAA, 0xAA, 0xAA, 0xAA, 0xAA,
    0xA9, 0xBA, 0xAA, 0xAA, 0xA9, 0xAA, 0xAA, 0xAA, 0xA9, 0xAA, 0xAA, 0xAA, 0x99, 0x99, 0x99, 0x99,
    0xAA, 0xAA, 0xA9, 0xBA, 0xAA, 0xAA, 0xA9, 0xAA, 0xAA, 0xAA, 0xA9, 0xAA, 0x99, 0x99, 0x99, 0x99,
    0x00, 0x0A, 0xBB, 0xB9, 0x00, 0xBA, 0xAA, 0x9A, 0x0B, 0xAA, 0xAA, 0x9A, 0xAA, 0xAA, 0xAA, 0x99,
    0xBA, 0xAA, 0xA9, 0xAA, 0xBA, 0xAA, 0x9A, 0xA0, 0xB9, 0x99, 0xAA, 0x00, 0xAA, 0xA9, 0xA0, 0x00,
    0x00, 0x00, 0x00, 0x00, 0x00, 0x00, 0x00, 0x00, 0x00, 0x00, 0x00, 0x00, 0x00, 0x00, 0x00, 0x00,
    0x00, 0x00, 0x00, 0x00, 0x00, 0x00, 0x00, 0x00, 0x00, 0x00, 0x09, 0x09, 0x00, 0x00, 0x00, 0x00,
    0x00, 0x00, 0xBA, 0xA0, 0x00, 0x0B, 0x00, 0xAA, 0x00, 0x0A, 0x00, 0x0A, 0x00, 0x00, 0xA0, 0x0A,
    0x0A, 0x0A, 0x0A, 0xA0, 0xA0, 0xA0, 0x00, 0x00, 0x0A, 0x00, 0x00, 0x00, 0xA0, 0x00, 0x00, 0x00,
    0x99, 0x99, 0x99, 0x09, 0xAA, 0xAA, 0xAA, 0x09, 0xAA, 0xAA, 0xAA, 0x09, 0x00, 0x00, 0x00, 0x00,
    0x99, 0x09, 0x99, 0x99, 0xAA, 0x09, 0xAA, 0xAA, 0xAA, 0x09, 0xAA, 0xAA, 0x00, 0x00, 0x00, 0x00,
    0x00, 0x00, 0x00, 0x00, 0x00, 0x00, 0x00, 0x00, 0x00, 0x00, 0x00, 0x00, 0x00, 0x00, 0x00, 0x00,
    0xBB, 0xBB, 0xBB, 0xB0, 0xBB, 0xBB, 0xBB, 0xB0, 0xBB, 0xBB, 0xBB, 0xB0, 0x00, 0x00, 0x00, 0x00,
    0x00, 0x99, 0x99, 0x00, 0x09, 0x00, 0x00, 0x90, 0x90, 0x09, 0x90, 0x09, 0x90, 0x90, 0x00, 0x09,
    0x90, 0x90, 0x00, 0x09, 0x90, 0x09, 0x90, 0x09, 0x09, 0x00, 0x00, 0x90, 0x00, 0x99, 0x99, 0x00,
    0x00, 0x00, 0x0A, 0x00, 0x00, 0x0A, 0x0A, 0xA0, 0xA0, 0x0A, 0xAA, 0xA0, 0xA0, 0x0A, 0xAA, 0xAA,
    0xA0, 0xAA, 0xAA, 0xAA, 0xA0, 0xAA, 0xAA, 0xAA, 0xAA, 0xAA, 0xAA, 0xAA, 0xAA, 0xAA, 0xAA, 0xAA,
    0xAA, 0xAA, 0xAA, 0xAA, 0xAA, 0xAA, 0xAA, 0xAA, 0xA0, 0xAA, 0xAA, 0xAA, 0xA0, 0xAA, 0xAA, 0xAA,
    0xA0, 0xAA, 0xAA, 0xAA, 0xA0, 0x0A, 0xAA, 0x0A, 0x00, 0x0A, 0xA0, 0x0A, 0x00, 0x00, 0xA0, 0x00,
    0xBB, 0xBB, 0xBB, 0xB0, 0xBB, 0xBB, 0xBB, 0xB0, 0xBB, 0xBB, 0xBB, 0xB0, 0x00, 0x00, 0x00, 0x00,
    0xBB, 0xBB, 0xBB, 0xB0, 0xBB, 0xBB, 0xBB, 0xB0, 0xBB, 0xBB, 0xBB, 0xB0, 0x00, 0x00, 0x00, 0x00,
    0x00, 0xDD, 0xD0, 0x00, 0x0D, 0x00, 0xDD, 0x00, 0xDD, 0x00, 0x0D, 0xD0, 0xDD, 0x00, 0x0D, 0xD0,
    0xDD, 0x00, 0x0D, 0xD0, 0x0D, 0xD0, 0x0D, 0x00, 0x00, 0xDD, 0xD0, 0x00, 0x00, 0x00, 0x00, 0x00,
    0x00, 0x0D, 0xD0, 0x00, 0x00, 0xDD, 0xD0, 0x00, 0x00, 0x0D, 0xD0, 0x00, 0x00, 0x0D, 0xD0, 0x00,
    0x00, 0x0D, 0xD0, 0x00, 0x00, 0x0D, 0xD0, 0x00, 0x0D, 0xDD, 0xDD, 0xD0, 0x00, 0x00, 0x00, 0x00,
    0x0D, 0xDD, 0xDD, 0x00, 0xDD, 0x00, 0x0D, 0xD0, 0x00, 0x00, 0xDD, 0xD0, 0x00, 0xDD, 0xDD, 0x00,
    0x0D, 0xDD, 0xD0, 0x00, 0xDD, 0xD0, 0x00, 0x00, 0xDD, 0xDD, 0xDD, 0xD0, 0x00, 0x00, 0x00, 0x00,
    0x0D, 0xDD, 0xDD, 0xD0, 0x00, 0x00, 0xDD, 0x00, 0x00, 0x0D, 0xD0, 0x00, 0x00, 0xDD, 0xDD, 0x00,
    0x00, 0x00, 0x0D, 0xD0, 0xDD, 0x00, 0x0D, 0xD0, 0x0D, 0xDD, 0xDD, 0x00, 0x00, 0x00, 0x00, 0x00,
    0x00, 0x0D, 0xDD, 0x00, 0x00, 0xDD, 0xDD, 0x00, 0x0D, 0xD0, 0xDD, 0x00, 0xDD, 0x00, 0xDD, 0x00,
    0xDD, 0xDD, 0xDD, 0xD0, 0x00, 0x00, 0xDD, 0x00, 0x00, 0x00, 0xDD, 0x00, 0x00, 0x00, 0x00, 0x00,
    0xDD, 0xDD, 0xDD, 0x00, 0xDD, 0x00, 0x00, 0x00, 0xDD, 0xDD, 0xDD, 0x00, 0x00, 0x00, 0x0D, 0xD0,
    0x00, 0x00, 0x0D, 0xD0, 0xDD, 0x00, 0x0D, 0xD0, 0x0D, 0xDD, 0xDD, 0x00, 0x00, 0x00, 0x00, 0x00,
    0x00, 0xDD, 0xDD, 0x00, 0x0D, 0xD0, 0x00, 0x00, 0xDD, 0x00, 0x00, 0x00, 0xDD, 0xDD, 0xDD, 0x00,
    0xDD, 0x00, 0x0D, 0xD0, 0xDD, 0x00, 0x0D, 0xD0, 0x0D, 0xDD, 0xDD, 0x00, 0x00, 0x00, 0x00, 0x00,
    0xDD, 0xDD, 0xDD, 0xD0, 0xDD, 0x00, 0x0D, 0xD0, 0x00, 0x00, 0xDD, 0x00, 0x00, 0x0D, 0xD0, 0x00,
    0x00, 0xDD, 0x00, 0x00, 0x00, 0xDD, 0x00, 0x00, 0x00, 0xDD, 0x00, 0x00, 0x00, 0x00, 0x00, 0x00,
    0x0D, 0xDD, 0xD0, 0x00, 0xDD, 0x00, 0x0D, 0x00, 0xDD, 0xD0, 0x0D, 0x00, 0x0D, 0xDD, 0xD0, 0x00,
    0xD0, 0x00, 0x0D, 0xD0, 0xD0, 0x00, 0x0D, 0xD0, 0x0D, 0xDD, 0xDD, 0x00, 0x00, 0x00, 0x00, 0x00,
    0x0D, 0xDD, 0xDD, 0x00, 0xDD, 0x00, 0x0D, 0xD0, 0xDD, 0x00, 0x0D, 0xD0, 0x0D, 0xDD, 0xDD, 0xD0,
    0x00, 0x00, 0x0D, 0xD0, 0x00, 0x00, 0xDD, 0x00, 0x0D, 0xDD, 0xD0, 0x00, 0x00, 0x00, 0x00, 0x00,
    0x00, 0xDD, 0xD0, 0x00, 0x0D, 0xD0, 0xDD, 0x00, 0xDD, 0x00, 0x0D, 0xD0, 0xDD, 0x00, 0x0D, 0xD0,
    0xDD, 0xDD, 0xDD, 0xD0, 0xDD, 0x00, 0x0D, 0xD0, 0xDD, 0x00, 0x0D, 0xD0, 0x00, 0x00, 0x00, 0x00,
    0xDD, 0xDD, 0xDD, 0x00, 0xDD, 0x00, 0x0D, 0xD0, 0xDD, 0x00, 0x0D, 0xD0, 0xDD, 0xDD, 0xDD, 0x00,
    0xDD, 0x00, 0x0D, 0xD0, 0xDD, 0x00, 0x0D, 0xD0, 0xDD, 0xDD, 0xDD, 0x00, 0x00, 0x00, 0x00, 0x00,
    0x00, 0xDD, 0xDD, 0x00, 0x0D, 0xD0, 0x0D, 0xD0, 0xDD, 0x00, 0x00, 0x00, 0xDD, 0x00, 0x00, 0x00,
    0xDD, 0x00, 0x00, 0x00, 0x0D, 0xD0, 0x0D, 0xD0, 0x00, 0xDD, 0xDD, 0x00, 0x00, 0x00, 0x00, 0x00,
    0xDD, 0xDD, 0xD0, 0x00, 0xDD, 0x00, 0xDD, 0x00, 0xDD, 0x00, 0x0D, 0xD0, 0xDD, 0x00, 0x0D, 0xD0,
    0xDD, 0x00, 0x0D, 0xD0, 0xDD, 0x00, 0xDD, 0x00, 0xDD, 0xDD, 0xD0, 0x00, 0x00, 0x00, 0x00, 0x00,
    0xDD, 0xDD, 0xDD, 0xD0, 0xDD, 0x00, 0x00, 0x00, 0xDD, 0x00, 0x00, 0x00, 0xDD, 0xDD, 0xDD, 0x00,
    0xDD, 0x00, 0x00, 0x00, 0xDD, 0x00, 0x00, 0x00, 0xDD, 0xDD, 0xDD, 0xD0, 0x00, 0x00, 0x00, 0x00,
    0xDD, 0xDD, 0xDD, 0xD0, 0xDD, 0x00, 0x00, 0x00, 0xDD, 0x00, 0x00, 0x00, 0xDD, 0xDD, 0xDD, 0x00,
    0xDD, 0x00, 0x00, 0x00, 0xDD, 0x00, 0x00, 0x00, 0xDD, 0x00, 0x00, 0x00, 0x00, 0x00, 0x00, 0x00,
    0x00, 0xDD, 0xDD, 0xD0, 0x0D, 0xD0, 0x00, 0x00, 0xDD, 0x00, 0x00, 0x00, 0xDD, 0x00, 0xDD, 0xD0,
    0xDD, 0x00, 0x0D, 0xD0, 0x0D, 0xD0, 0x0D, 0xD0, 0x00, 0xDD, 0xDD, 0xD0, 0x00, 0x00, 0x00, 0x00,
    0xDD, 0x00, 0x0D, 0xD0, 0xDD, 0x00, 0x0D, 0xD0, 0xDD, 0x00, 0x0D, 0xD0, 0xDD, 0xDD, 0xDD, 0xD0,
    0xDD, 0x00, 0x0D, 0xD0, 0xDD, 0x00, 0x0D, 0xD0, 0xDD, 0x00, 0x0D, 0xD0, 0x00, 0x00, 0x00, 0x00,
    0x00, 0xDD, 0xDD, 0x00, 0x00, 0x0D, 0xD0, 0x00, 0x00, 0x0D, 0xD0, 0x00, 0x00, 0x0D, 0xD0, 0x00,
    0x00, 0x0D, 0xD0, 0x00, 0x00, 0x0D, 0xD0, 0x00, 0x00, 0xDD, 0xDD, 0x00, 0x00, 0x00, 0x00, 0x00,
    0x00, 0x0D, 0xDD, 0xD0, 0x00, 0x00, 0x0D, 0xD0, 0x00, 0x00, 0x0D, 0xD0, 0x00, 0x00, 0x0D, 0xD0,
    0xDD, 0x00, 0x0D, 0xD0, 0xDD, 0x00, 0x0D, 0xD0, 0x0D, 0xDD, 0xDD, 0x00, 0x00, 0x00, 0x00, 0x00,
    0xDD, 0x00, 0x0D, 0xD0, 0xDD, 0x00, 0xDD, 0x00, 0xDD, 0x0D, 0xD0, 0x00, 0xDD, 0xDD, 0x00, 0x00,
    0xDD, 0x0D, 0xD0, 0x00, 0xDD, 0x00, 0xDD, 0x00, 0xDD, 0x00, 0x0D, 0xD0, 0x00, 0x00, 0x00, 0x00,
    0x0D, 0xD0, 0x00, 0x00, 0x0D, 0xD0, 0x00, 0x00, 0x0D, 0xD0, 0x00, 0x00, 0x0D, 0xD0, 0x00, 0x00,
    0x0D, 0xD0, 0x00, 0x00, 0x0D, 0xD0, 0x00, 0x00, 0x0D, 0xDD, 0xDD, 0xD0, 0x00, 0x00, 0x00, 0x00,
    0xDD, 0x00, 0x0D, 0xD0, 0xDD, 0xD0, 0xDD, 0xD0, 0xDD, 0xDD, 0xDD, 0xD0, 0xDD, 0xDD, 0xDD, 0xD0,
    0xDD, 0x0D, 0x0D, 0xD0, 0xDD, 0x00, 0x0D, 0xD0, 0xDD, 0x00, 0x0D, 0xD0, 0x00, 0x00, 0x00, 0x00,
    0xDD, 0x00, 0x0D, 0xD0, 0xDD, 0xD0, 0x0D, 0xD0, 0xDD, 0xDD, 0x0D, 0xD0, 0xDD, 0xDD, 0xDD, 0xD0,
    0xDD, 0x0D, 0xDD, 0xD0, 0xDD, 0x00, 0xDD, 0xD0, 0xDD, 0x00, 0x0D, 0xD0, 0x00, 0x00, 0x00, 0x00,
    0x0D, 0xDD, 0xDD, 0x00, 0xDD, 0x00, 0x0D, 0xD0, 0xDD, 0x00, 0x0D, 0xD0, 0xDD, 0x00, 0x0D, 0xD0,
    0xDD, 0x00, 0x0D, 0xD0, 0xDD, 0x00, 0x0D, 0xD0, 0x0D, 0xDD, 0xDD, 0x00, 0x00, 0x00, 0x00, 0x00,
    0xDD, 0xDD, 0xDD, 0x00, 0xDD, 0x00, 0x0D, 0xD0, 0xDD, 0x00, 0x0D, 0xD0, 0xDD, 0xDD, 0xDD, 0x00,
    0xDD, 0x00, 0x00, 0x00, 0xDD, 0x00, 0x00, 0x00, 0xDD, 0x00, 0x00, 0x00, 0x00, 0x00, 0x00, 0x00,
    0x0D, 0xDD, 0xDD, 0x00, 0xDD, 0x00, 0x0D, 0xD0, 0xDD, 0x00, 0x0D, 0xD0, 0xDD, 0x00, 0x0D, 0xD0,
    0xDD, 0x0D, 0xDD, 0xD0, 0xDD, 0x00, 0xDD, 0x00, 0x0D, 0xDD, 0xD0, 0xD0, 0x00, 0x00, 0x00, 0x00,
    0xDD, 0xDD, 0xDD, 0x00, 0xDD, 0x00, 0x0D, 0xD0, 0xDD, 0x00, 0x0D, 0xD0, 0xDD, 0xDD, 0xDD, 0x00,
    0xDD, 0x0D, 0xD0, 0x00, 0xDD, 0x00, 0xDD, 0x00, 0xDD, 0x00, 0x0D, 0xD0, 0x00, 0x00, 0x00, 0x00,
    0x0D, 0xDD, 0xD0, 0x00, 0xDD, 0x00, 0xDD, 0x00, 0xDD, 0x00, 0x00, 0x00, 0x0D, 0xDD, 0xDD, 0x00,
    0x00, 0x00, 0x0D, 0xD0, 0xDD, 0x00, 0x0D, 0xD0, 0x0D, 0xDD, 0xDD, 0x00, 0x00, 0x00, 0x00, 0x00,
    0x0D, 0xDD, 0xDD, 0xD0, 0x00, 0x0D, 0xD0, 0x00, 0x00, 0x0D, 0xD0, 0x00, 0x00, 0x0D, 0xD0, 0x00,
    0x00, 0x0D, 0xD0, 0x00, 0x00, 0x0D, 0xD0, 0x00, 0x00, 0x0D, 0xD0, 0x00, 0x00, 0x00, 0x00, 0x00,
    0xDD, 0x00, 0x0D, 0xD0, 0xDD, 0x00, 0x0D, 0xD0, 0xDD, 0x00, 0x0D, 0xD0, 0xDD, 0x00, 0x0D, 0xD0,
    0xDD, 0x00, 0x0D, 0xD0, 0xDD, 0x00, 0x0D, 0xD0, 0x0D, 0xDD, 0xDD, 0x00, 0x00, 0x00, 0x00, 0x00,
    0xDD, 0x00, 0x0D, 0xD0, 0xDD, 0x00, 0x0D, 0xD0, 0xDD, 0x00, 0x0D, 0xD0, 0xDD, 0xD0, 0xDD, 0xD0,
    0x0D, 0xDD, 0xDD, 0x00, 0x00, 0xDD, 0xD0, 0x00, 0x00, 0x0D, 0x00, 0x00, 0x00, 0x00, 0x00, 0x00,
    0xDD, 0x00, 0x0D, 0xD0, 0xDD, 0x00, 0x0D, 0xD0, 0xDD, 0x0D, 0x0D, 0xD0, 0xDD, 0xDD, 0xDD, 0xD0,
    0xDD, 0xDD, 0xDD, 0xD0, 0xDD, 0xD0, 0xDD, 0xD0, 0xDD, 0x00, 0x0D, 0xD0, 0x00, 0x00, 0x00, 0x00,
    0xDD, 0x00, 0x0D, 0xD0, 0xDD, 0xD0, 0xDD, 0xD0, 0x0D, 0xDD, 0xDD, 0x00, 0x00, 0xDD, 0xD0, 0x00,
    0x0D, 0xDD, 0xDD, 0x00, 0xDD, 0xD0, 0xDD, 0xD0, 0xDD, 0x00, 0x0D, 0xD0, 0x00, 0x00, 0x00, 0x00,
    0x0D, 0xD0, 0x0D, 0xD0, 0x0D, 0xD0, 0x0D, 0xD0, 0x0D, 0xD0, 0x0D, 0xD0, 0x00, 0xDD, 0xDD, 0x00,
    0x00, 0x0D, 0xD0, 0x00, 0x00, 0x0D, 0xD0, 0x00, 0x00, 0x0D, 0xD0, 0x00, 0x00, 0x00, 0x00, 0x00,
    0xDD, 0xDD, 0xDD, 0xD0, 0x00, 0x00, 0xDD, 0xD0, 0x00, 0x0D, 0xDD, 0x00, 0x00, 0xDD, 0xD0, 0x00,
    0x0D, 0xDD, 0x00, 0x00, 0xDD, 0xD0, 0x00, 0x00, 0xDD, 0xDD, 0xDD, 0xD0, 0x00, 0x00, 0x00, 0x00,
    0x00, 0x00, 0x00, 0x00, 0x00, 0x00, 0x00, 0x00, 0x00, 0x00, 0x00, 0x00, 0x00, 0x00, 0x00, 0x00,
    0x00, 0x00, 0x00, 0x00, 0x00, 0x00, 0x00, 0x00, 0x00, 0x00, 0x00, 0x00, 0x00, 0x00, 0x00, 0x00,
    0xDD, 0xDD, 0xDD, 0xDD, 0xDD, 0xDD, 0xDD, 0xDD, 0xDD, 0xDD, 0xDD, 0xDD, 0xDD, 0xDD, 0xDD, 0xDD,
    0xDD, 0xDD, 0xDD, 0xDD, 0xDD, 0xDD, 0xDD, 0xDD, 0xDD, 0xDD, 0xDD, 0xDD, 0xDD, 0xDD, 0xDD, 0xDD,
    0xEE, 0xEE, 0xEE, 0xEE, 0xEE, 0xEE, 0xEE, 0xEE, 0xEE, 0xEE, 0xEE, 0xEE, 0xEE, 0xEE, 0xEE, 0xEE,
    0xEE, 0xEE, 0xEE, 0xEE, 0xEE, 0xEE, 0xEE, 0xEE, 0xEE, 0xEE, 0xEE, 0xEE, 0xEE, 0xEE, 0xEE, 0xEE,
    0xFF, 0xFF, 0xFF, 0xFF, 0xFF, 0xFF, 0xFF, 0xFF, 0xFF, 0xFF, 0xFF, 0xFF, 0xFF, 0xFF, 0xFF, 0xFF,
    0xFF, 0xFF, 0xFF, 0xFF, 0xFF, 0xFF, 0xFF, 0xFF, 0xFF, 0xFF, 0xFF, 0xFF, 0xFF, 0xFF, 0xFF, 0xFF,
    0x00, 0x00, 0x00, 0x00, 0x00, 0x00, 0x00, 0x00, 0x00, 0x00, 0x00, 0x00, 0x00, 0x00, 0x00, 0x00,
    0x00, 0xDD, 0x00, 0x00, 0x00, 0x0D, 0x00, 0x00, 0x00, 0xD0, 0x00, 0x00, 0x00, 0x00, 0x00, 0x00,
    0x00, 0x0D, 0xD0, 0x00, 0x00, 0x0D, 0xD0, 0x00, 0x00, 0x0D, 0xD0, 0x00, 0x00, 0x0D, 0xD0, 0x00,
    0x00, 0x0D, 0xD0, 0x00, 0x00, 0x00, 0x00, 0x00, 0x00, 0x0D, 0xD0, 0x00, 0x00, 0x00, 0x00, 0x00,
    0x00, 0xDD, 0x00, 0x00, 0x00, 0x0D, 0x00, 0x00, 0x00, 0xD0, 0x00, 0x00, 0x00, 0x00, 0x00, 0x00,
    0x00, 0x00, 0x00, 0x00, 0x00, 0x00, 0x00, 0x00, 0x00, 0x00, 0x00, 0x00, 0x00, 0x00, 0x00, 0x00,
    0x00, 0x0D, 0x00, 0x00, 0x00, 0x0D, 0x00, 0x00, 0x00, 0x0D, 0x00, 0x00, 0xDD, 0xDD, 0xDD, 0xD0,
    0x00, 0x0D, 0x00, 0x00, 0x00, 0x0D, 0x00, 0x00, 0x00, 0x0D, 0x00, 0x00, 0x00, 0x00, 0x00, 0x00,
    0x00, 0x00, 0x00, 0x00, 0x00, 0x00, 0x00, 0x00, 0x00, 0x00, 0x00, 0x00, 0x00, 0x00, 0x00, 0x00,
    0x00, 0x00, 0x00, 0x00, 0x00, 0xDD, 0x00, 0x00, 0x00, 0xDD, 0x00, 0x00, 0x00, 0x00, 0x00, 0x00,
    0x00, 0xD0, 0x0D, 0x00, 0x00, 0xD0, 0x0D, 0x00, 0x00, 0xD0, 0x0D, 0x00, 0x00, 0x00, 0x00, 0x00,
    0x00, 0x00, 0x00, 0x00, 0x00, 0x00, 0x00, 0x00, 0x00, 0x00, 0x00, 0x00, 0x00, 0x00, 0x00, 0x00,
    0x00, 0xDD, 0xDD, 0x00, 0x0D, 0xD0, 0x0D, 0xD0, 0x00, 0x00, 0x0D, 0xD0, 0x00, 0x00, 0xDD, 0x00,
    0x00, 0x0D, 0xD0, 0x00, 0x00, 0x00, 0x00, 0x00, 0x00, 0x0D, 0xD0, 0x00, 0x00, 0x00, 0x00, 0x00,
    0x00, 0x00, 0x00, 0x00, 0x00, 0x00, 0x00, 0x00, 0x00, 0x00, 0x00, 0x00, 0x0D, 0xDD, 0xDD, 0x00,
    0x00, 0x00, 0x00, 0x00, 0x00, 0x00, 0x00, 0x00, 0x00, 0x00, 0x00, 0x00, 0x00, 0x00, 0x00, 0x00,
    0x00, 0x00, 0x00, 0x00, 0x00, 0x00, 0x00, 0x00, 0x00, 0x00, 0x00, 0x00, 0x00, 0x00, 0x00, 0x00,
    0x00, 0x00, 0x00, 0x00, 0x00, 0x00, 0x00, 0x00, 0x00, 0x00, 0x00, 0x00, 0x00, 0x00, 0x00, 0x00,
    0x00, 0x00, 0x00, 0x00, 0x00, 0x00, 0x00, 0x00, 0x00, 0x00, 0x00, 0x00, 0x00, 0x00, 0x00, 0x00,
    0x00, 0x00, 0x00, 0x00, 0x00, 0x00, 0x00, 0x00, 0x00, 0x00, 0x00, 0x00, 0x00, 0x00, 0x00, 0x00,
    0x00, 0x00, 0x00, 0x00, 0x00, 0x00, 0x00, 0x00, 0x00, 0x00, 0x00, 0x00, 0x00, 0x00, 0x00, 0x00,
    0x00, 0x00, 0x00, 0x00, 0x00, 0x00, 0x00, 0x00, 0x00, 0x00, 0x00, 0x00, 0x00, 0x00, 0x00, 0x00,
    0x00, 0x00, 0x00, 0x00, 0x00, 0x00, 0x00, 0x00, 0x00, 0x00, 0x00, 0x00, 0x00, 0x00, 0x00, 0x00,
    0x00, 0x00, 0x00, 0x00, 0x00, 0x00, 0x00, 0x00, 0x00, 0x00, 0x00, 0x00, 0x00, 0x00, 0x00, 0x00,
    0x00, 0x00, 0x00, 0x00, 0x00, 0x00, 0x00, 0x00, 0x00, 0x00, 0x00, 0x00, 0x00, 0x00, 0x00, 0x00,
    0x00, 0x00, 0x00, 0x00, 0x00, 0x00, 0x00, 0x00, 0x00, 0x00, 0x00, 0x00, 0x00, 0x00, 0x00, 0x00,
    0x00, 0x00, 0x00, 0x00, 0x00, 0x00, 0x00, 0x00, 0x00, 0x00, 0x00, 0x00, 0x00, 0x00, 0x00, 0x00,
    0x00, 0x00, 0x00, 0x00, 0x00, 0x00, 0x00, 0x00, 0x00, 0x00, 0x00, 0x00, 0x00, 0x00, 0x00, 0x00,
    0x00, 0x00, 0x00, 0x00, 0x00, 0x00, 0x00, 0x00, 0x00, 0x00, 0x00, 0x00, 0x00, 0x00, 0x00, 0x00,
    0x00, 0x00, 0x00, 0x00, 0x00, 0x00, 0x00, 0x00, 0x00, 0x00, 0x00, 0x00, 0x00, 0x00, 0x00, 0x00,
    0x00, 0x00, 0x00, 0x00, 0x00, 0x00, 0x00, 0x00, 0x00, 0x00, 0x00, 0x00, 0x00, 0x00, 0x00, 0x00,
    0x00, 0x00, 0x00, 0x00, 0x00, 0x00, 0x00, 0x00, 0x00, 0x00, 0x00, 0x00, 0x00, 0x00, 0x00, 0x00,
    0x00, 0x00, 0x00, 0x00, 0x00, 0x00, 0x00, 0x00, 0x00, 0x00, 0x00, 0x00, 0x00, 0x00, 0x00, 0x00,
    0x00, 0x00, 0x00, 0x00, 0x00, 0x00, 0x00, 0x00, 0x00, 0x00, 0x00, 0x00, 0x00, 0x00, 0x00, 0x00,
    0x00, 0x00, 0x00, 0x00, 0x00, 0x00, 0x00, 0x00, 0x00, 0x00, 0x00, 0x00, 0x00, 0x00, 0x00, 0x00,
    0x00, 0x00, 0x00, 0x00, 0x00, 0x00, 0x00, 0x00, 0x00, 0x00, 0x00, 0x00, 0x00, 0x00, 0x00, 0x00,
    0x00, 0x00, 0x00, 0x00, 0x00, 0x00, 0x00, 0x00, 0x00, 0x00, 0x00, 0x00, 0x00, 0x00, 0x00, 0x00,
    0x00, 0x00, 0x00, 0x00, 0x00, 0x00, 0x00, 0x00, 0x00, 0x00, 0x00, 0x00, 0x00, 0x00, 0x00, 0x00,
    0x00, 0x00, 0x00, 0x00, 0x00, 0x00, 0x00, 0x00, 0x00, 0x00, 0x00, 0x00, 0x00, 0x00, 0x00, 0x00,
    0x00, 0x00, 0x00, 0x00, 0x00, 0x00, 0x00, 0x00, 0x00, 0x00, 0x00, 0x00, 0x00, 0x00, 0x00, 0x00,
    0x00, 0x00, 0x00, 0x00, 0x00, 0x00, 0x00, 0x00, 0x00, 0x00, 0x00, 0x00, 0x00, 0x00, 0x00, 0x00,
    0x00, 0x00, 0x00, 0x00, 0x00, 0x00, 0x00, 0x00, 0x00, 0x00, 0x00, 0x00, 0x00, 0x00, 0x00, 0x00,
    0x00, 0x00, 0x00, 0x00, 0x00, 0x00, 0x00, 0x00, 0x00, 0x00, 0x00, 0x00, 0x00, 0x00, 0x00, 0x00,
    0x00, 0x00, 0x00, 0x00, 0x00, 0x00, 0x00, 0x00, 0x00, 0x00, 0x00, 0x00, 0x00, 0x00, 0x00, 0x00,
    0x00, 0x00, 0x00, 0x00, 0x00, 0x00, 0x00, 0x00, 0x00, 0x00, 0x00, 0x00, 0x00, 0x00, 0x00, 0x00,
    0x00, 0x00, 0x00, 0x00, 0x00, 0x00, 0x00, 0x00, 0x00, 0x00, 0x00, 0x00, 0x00, 0x00, 0x00, 0x00,
    0x00, 0x00, 0x00, 0x00, 0x00, 0x00, 0x00, 0x00, 0x00, 0x00, 0x00, 0x00, 0x00, 0x00, 0x00, 0x00,
    0x00, 0x00, 0x00, 0x00, 0x00, 0x00, 0x00, 0x00, 0x00, 0x00, 0x00, 0x00, 0x00, 0x00, 0x00, 0x00,
    0x00, 0x00, 0x00, 0x00, 0x00, 0x00, 0x00, 0x00, 0x00, 0x00, 0x00, 0x00, 0x00, 0x00, 0x00, 0x00,
    0x00, 0x00, 0x00, 0x00, 0x00, 0x00, 0x00, 0x00, 0x00, 0x00, 0x00, 0x00, 0x00, 0x00, 0x00, 0x00,
    0x00, 0x00, 0x00, 0x00, 0x00, 0x00, 0x00, 0x00, 0x00, 0x00, 0x00, 0x00, 0x00, 0x00, 0x00, 0x00,
    0x00, 0x00, 0x00, 0x00, 0x00, 0x00, 0x00, 0x00, 0x00, 0x00, 0x00, 0x00, 0x00, 0x00, 0x00, 0x00,
    0x00, 0x00, 0x00, 0x00, 0x00, 0x00, 0x00, 0x00, 0x00, 0x00, 0x00, 0x00, 0x00, 0x00, 0x00, 0x00,
    0x00, 0x00, 0x00, 0x00, 0x00, 0x00, 0x00, 0x00, 0x00, 0x00, 0x00, 0x00, 0x00, 0x00, 0x00, 0x00,
    0x00, 0x00, 0x00, 0x00, 0x00, 0x00, 0x00, 0x00, 0x00, 0x00, 0x00, 0x00, 0x00, 0x00, 0x00, 0x00,
    0x00, 0x00, 0x00, 0x00, 0x00, 0x00, 0x00, 0x00, 0x00, 0x00, 0x00, 0x00, 0x00, 0x00, 0x00, 0x00,
    0x00, 0x00, 0x00, 0x00, 0x00, 0x00, 0x00, 0x00, 0x00, 0x00, 0x00, 0x00, 0x00, 0x00, 0x00, 0x00,
    0x00, 0x00, 0x00, 0x00, 0x00, 0x00, 0x00, 0x00, 0x00, 0x00, 0x00, 0x00, 0x00, 0x00, 0x00, 0x00,
    0x00, 0x00, 0x00, 0x00, 0x00, 0x00, 0x00, 0x00, 0x00, 0x00, 0x00, 0x00, 0x00, 0x00, 0x00, 0x00,
    0x00, 0x00, 0x00, 0x00, 0x00, 0x00, 0x00, 0x00, 0x00, 0x00, 0x00, 0x00, 0x00, 0x00, 0x00, 0x00,
    0x00, 0x00, 0x00, 0x00, 0x00, 0x00, 0x00, 0x00, 0x00, 0x00, 0x00, 0x00, 0x00, 0x00, 0x00, 0x00,
    0x00, 0x00, 0x00, 0x00, 0x00, 0x00, 0x00, 0x00, 0x00, 0x00, 0x00, 0x00, 0x00, 0x00, 0x00, 0x00,
    0x00, 0x00, 0x00, 0x00, 0x00, 0x00, 0x00, 0x00, 0x00, 0x00, 0x00, 0x00, 0x00, 0x00, 0x00, 0x00,
    0x00, 0x00, 0x00, 0x00, 0x00, 0x00, 0x00, 0x00, 0x00, 0x00, 0x00, 0x00, 0x00, 0x00, 0x00, 0x00,
    0x00, 0x00, 0x00, 0x00, 0x00, 0x00, 0x00, 0x00, 0x00, 0x00, 0x00, 0x00, 0x00, 0x00, 0x00, 0x00,
    0x00, 0x00, 0x00, 0x00, 0x00, 0x00, 0x00, 0x00, 0x00, 0x00, 0x00, 0x00, 0x00, 0x00, 0x00, 0x00,
    0x00, 0x00, 0x00, 0x00, 0x00, 0x00, 0x00, 0x00, 0x00, 0x00, 0x00, 0x00, 0x00, 0x00, 0x00, 0x00,
    0x00, 0x00, 0x00, 0x00, 0x00, 0x00, 0x00, 0x00, 0x00, 0x00, 0x00, 0x00, 0x00, 0x00, 0x00, 0x00,
    0x00, 0x00, 0x00, 0x00, 0x00, 0x00, 0x00, 0x00, 0x00, 0x00, 0x00, 0x00, 0x00, 0x00, 0x00, 0x00,
    0x00, 0x00, 0x00, 0x00, 0x00, 0x00, 0x00, 0x00, 0x00, 0x00, 0x00, 0x00, 0x00, 0x00, 0x00, 0x00,
    0x00, 0x00, 0x00, 0x00, 0x00, 0x00, 0x00, 0x00, 0x00, 0x00, 0x00, 0x00, 0x00, 0x00, 0x00, 0x00,
    0x00, 0x00, 0xDD, 0xED, 0x00, 0x00, 0xEE, 0xEE, 0x00, 0x00, 0xEE, 0xEE, 0x00, 0x00, 0xDD, 0xDD,
    0x00, 0x00, 0x00, 0x00, 0x00, 0x00, 0x00, 0x00, 0x00, 0x00, 0x00, 0x00, 0x00, 0x00, 0x00, 0x00,
    0x00, 0x00, 0x00, 0x00, 0x00, 0x00, 0x00, 0x00, 0x00, 0x00, 0x00, 0x00, 0x00, 0x00, 0x00, 0x00,
    0x00, 0x00, 0x00, 0x00, 0x00, 0x00, 0x00, 0x00, 0x00, 0x00, 0x00, 0x00, 0x00, 0x00, 0x00, 0x00,
    0x00, 0x00, 0x00, 0x00, 0x00, 0x00, 0x00, 0x00, 0x00, 0x00, 0x00, 0x00, 0x00, 0x00, 0x00, 0x00,
    0x00, 0x00, 0x00, 0x00, 0x00, 0x00, 0x00, 0x00, 0x00, 0x00, 0x00, 0x00, 0x00, 0x00, 0x00, 0x00,
    0x00, 0x00, 0x00, 0x00, 0x00, 0x00, 0x00, 0x00, 0x00, 0x00, 0x00, 0x00, 0x00, 0x00, 0x00, 0x00,
    0x00, 0x00, 0x00, 0x00, 0x00, 0x00, 0x00, 0x00, 0x00, 0x00, 0x00, 0x00, 0x00, 0x00, 0x00, 0x00,
    0x00, 0x00, 0x00, 0x00, 0x00, 0x00, 0x00, 0x00, 0x00, 0x00, 0x00, 0x00, 0x00, 0x00, 0x00, 0x00,
    0x0F, 0xF0, 0xFF, 0x00, 0xFD, 0xDF, 0x00, 0xF0, 0xFD, 0xDD, 0x00, 0xF0, 0xFD, 0xDD, 0x00, 0xF0,
    0xF0, 0x00, 0x00, 0xF0, 0x0F, 0x00, 0x0F, 0x00, 0x00, 0xF0, 0xF0, 0x00, 0x00, 0x0F, 0x00, 0x00,
    0x0F, 0xF0, 0xFF, 0x00, 0xFD, 0xDF, 0x00, 0xF0, 0xFD, 0xDD, 0x00, 0xF0, 0xFD, 0xDD, 0x00, 0xF0,
    0xFD, 0xDD, 0x00, 0xF0, 0x0F, 0xDD, 0x0F, 0x00, 0x00, 0xFD, 0xF0, 0x00, 0x00, 0x0F, 0x00, 0x00,
    0x0F, 0xF0, 0xFF, 0x00, 0xFD, 0xDF, 0x00, 0xF0, 0xFD, 0xDD, 0x00, 0xF0, 0xFD, 0xDD, 0xDD, 0xF0,
    0xFD, 0xDD, 0xDD, 0xF0, 0x0F, 0xDD, 0xDF, 0x00, 0x00, 0xFD, 0xF0, 0x00, 0x00, 0x0F, 0x00, 0x00,
    0x0F, 0xF0, 0xFF, 0x00, 0xFD, 0xDF, 0x00, 0xF0, 0xFD, 0xDD, 0x00, 0xF0, 0xFD, 0xDD, 0xDD, 0xF0,
    0xFD, 0xDD, 0xDD, 0xF0, 0x0F, 0xDD, 0xDF, 0x00, 0x00, 0xFD, 0xF0, 0x00, 0x00, 0x0F, 0x00, 0x00,
    0x00, 0x00, 0x00, 0x00, 0x00, 0x00, 0x00, 0x00, 0x00, 0x00, 0x00, 0x00, 0x00, 0x00, 0x00, 0x00,
    0x00, 0x00, 0x00, 0x00, 0x00, 0x00, 0x00, 0x00, 0x00, 0x00, 0x00, 0x00, 0x00, 0x00, 0x00, 0x00,
    0xDD, 0xDD, 0xDD, 0xDD, 0xDD, 0x0D, 0xDD, 0xDD, 0xDD, 0xDD, 0xDD, 0xDD, 0xDD, 0xDD, 0xDD, 0x0D,
    0xD0, 0xDD, 0xDD, 0xDD, 0xDD, 0xDD, 0xDD, 0xDD, 0xDD, 0xDD, 0xD0, 0xDD, 0xDD, 0xDD, 0xDD, 0xDD,
    0x00, 0x00, 0x00, 0x00, 0x00, 0x00, 0x00, 0x00, 0x00, 0x00, 0x00, 0x00, 0x00, 0x00, 0x00, 0x00,
    0x00, 0x00, 0x00, 0x00, 0x00, 0x00, 0x00, 0x00, 0x00, 0x00, 0x00, 0x00, 0x00, 0x00, 0x00, 0x00,
    0xDD, 0xDD, 0xDD, 0xDD, 0xDD, 0x0D, 0xDD, 0xDD, 0xDD, 0xDD, 0xDD, 0xDD, 0xDD, 0xDD, 0xDD, 0x0D,
    0xD0, 0xDD, 0xDD, 0xDD, 0xDD, 0xDD, 0xDD, 0xDD, 0xDD, 0xDD, 0xD0, 0xDD, 0xDD, 0xDD, 0xDD, 0xDD,
    0xEE, 0xED, 0xFE, 0xEE, 0xEE, 0xED, 0xFE, 0xEE, 0xEE, 0xED, 0xFE, 0xEE, 0xEE, 0xED, 0xFE, 0xEE,
    0xEE, 0xED, 0xFE, 0xEE, 0xEE, 0xED, 0xFE, 0xEE, 0xEE, 0xED, 0xFE, 0xED, 0xED, 0xED, 0xFD, 0xDE,
    0xEE, 0xDD, 0xDE, 0xEE, 0xEE, 0xED, 0xFD, 0xEE, 0xEE, 0xED, 0xFE, 0xDD, 0xEE, 0xED, 0xFE, 0xEE,
    0xEE, 0xED, 0xFE, 0xEE, 0xEE, 0xED, 0xFE, 0xEE, 0xEE, 0xED, 0xFE, 0xEE, 0xEE, 0xED, 0xFE, 0xEE,
    0xEE, 0xEE, 0xEE, 0xEE, 0xEE, 0xEE, 0xEE, 0xEE, 0xEE, 0xEE, 0xEE, 0xED, 0xDD, 0xDD, 0xDD, 0xDD,
    0xFF, 0xFF, 0xFF, 0xFD, 0xEE, 0xEE, 0xEE, 0xDE, 0xEE, 0xEE, 0xED, 0xEE, 0xEE, 0xEE, 0xED, 0xEE,
    0xEE, 0xEE, 0xED, 0xEE, 0xEE, 0xEE, 0xED, 0xEE, 0xEE, 0xEE, 0xEE, 0xDE, 0xFF, 0xFF, 0xFF, 0xFD,
    0xDD, 0xDD, 0xDD, 0xDD, 0xEE, 0xEE, 0xEE, 0xED, 0xEE, 0xEE, 0xEE, 0xEE, 0xEE, 0xEE, 0xEE, 0xEE,
    0xEE, 0xEE, 0xEE, 0xEE, 0xDE, 0xEE, 0xEE, 0xEE, 0xEE, 0xEE, 0xEE, 0xEE, 0xDD, 0xDD, 0xDD, 0xDD,
    0xFF, 0xFF, 0xFF, 0xFF, 0xDE, 0xEE, 0xEE, 0xEE, 0xDE, 0xEE, 0xEE, 0xEE, 0xED, 0xEE, 0xEE, 0xEE,
    0xED, 0xEE, 0xEE, 0xEE, 0xDE, 0xEE, 0xEE, 0xEE, 0xDE, 0xEE, 0xEE, 0xEE, 0xFF, 0xFF, 0xFF, 0xFF,
    0xDD, 0xDD, 0xDD, 0xDD, 0xEE, 0xEE, 0xEE, 0xEE, 0xDE, 0xEE, 0xEE, 0xEE, 0xEE, 0xEE, 0xEE, 0xEE,
    0xEE, 0xEF, 0xDE, 0xEE, 0xEE, 0xEF, 0xDE, 0xEE, 0xEE, 0xEF, 0xDE, 0xEE, 0xEE, 0xEF, 0xDE, 0xEE,
    0xEE, 0xEF, 0xDE, 0xEE, 0xDD, 0xEF, 0xDE, 0xEE, 0xEE, 0xDF, 0xDE, 0xEE, 0xEE, 0xED, 0xDD, 0xEE,
    0xED, 0xDF, 0xDE, 0xDE, 0xDE, 0xEF, 0xDE, 0xEE, 0xEE, 0xEF, 0xDE, 0xEE, 0xEE, 0xEF, 0xDE, 0xEE,
    0xEE, 0xEF, 0xDE, 0xEE, 0xEE, 0xEF, 0xDE, 0xEE, 0xEE, 0xEF, 0xDE, 0xEE, 0xEE, 0xEF, 0xDE, 0xEE,
    0x00, 0x00, 0x00, 0x00, 0x00, 0x00, 0x00, 0x00, 0x00, 0x00, 0x00, 0x00, 0x00, 0x00, 0x00, 0x00,
    0x00, 0x00, 0x00, 0x00, 0x00, 0x00, 0x00, 0x00, 0x00, 0x00, 0x00, 0x00, 0x00, 0x00, 0x00, 0x00,
    0x00, 0x00, 0x0D, 0x00, 0x00, 0xEF, 0xFF, 0xD0, 0x0E, 0xDE, 0xFD, 0xF0, 0xED, 0xEF, 0xFF, 0xFF,
    0xED, 0xEF, 0xFF, 0xFF, 0xFE, 0xFF, 0xFF, 0xFF, 0x0F, 0xFF, 0xFF, 0xF0, 0x00, 0xFF, 0xFF, 0x00,
    0x00, 0x00, 0x00, 0x00, 0x00, 0x00, 0x00, 0x00, 0x0D, 0x00, 0x0D, 0x00, 0x00, 0xD0, 0xD0, 0x00,
    0x00, 0x0D, 0x00, 0x00, 0x00, 0xD0, 0xD0, 0x00, 0x0D, 0x00, 0x0D, 0x00, 0x00, 0x00, 0x00, 0x00,
    0x00, 0x00, 0x00, 0x00, 0x00, 0xDD, 0x00, 0x00, 0x00, 0xDD, 0x00, 0x00, 0x00, 0x00, 0x00, 0x00,
    0x00, 0x00, 0x00, 0x00, 0x00, 0xDD, 0x00, 0x00, 0x00, 0xDD, 0x00, 0x00, 0x00, 0x00, 0x00, 0x00,
    0x00, 0x00, 0x00, 0x00, 0x0D, 0xD0, 0xDD, 0x00, 0xD0, 0x0D, 0xDD, 0xD0, 0xD0, 0x0D, 0xD0, 0xD0,
    0xD0, 0xDD, 0x00, 0xD0, 0xDD, 0xDD, 0x00, 0xD0, 0x0D, 0xD0, 0xDD, 0x00, 0x00, 0x00, 0x00, 0x00,
    0x00, 0x00, 0x0E, 0xEE, 0x00, 0x00, 0x00, 0xDE, 0x00, 0x00, 0x0D, 0x0E, 0x00, 0x00, 0xD0, 0x00,
    0x0F, 0xFD, 0x00, 0x00, 0xFF, 0xDF, 0x00, 0x00, 0x0D, 0xFF, 0x00, 0x00, 0xD0, 0xF0, 0x00, 0x00,
    0x0F, 0xF0, 0xFF, 0x00, 0xF0, 0x0F, 0x00, 0xF0, 0xF0, 0x00, 0x00, 0xF0, 0xF0, 0x00, 0x00, 0xF0,
    0xF0, 0x00, 0x00, 0xF0, 0x0F, 0x00, 0x0F, 0x00, 0x00, 0xF0, 0xF0, 0x00, 0x00, 0x0F, 0x00, 0x00,
    0xFF, 0xFF, 0xFF, 0xF0, 0xFF, 0xFF, 0xFF, 0xF0, 0xFF, 0xFF, 0xFF, 0xF0, 0x00, 0x00, 0x00, 0x00,
    0x00, 0x00, 0x00, 0x00, 0x00, 0x00, 0x00, 0x00, 0x00, 0x00, 0x00, 0x00, 0x00, 0x00, 0x00, 0x00,
    0xEE, 0xEE, 0xEE, 0xED, 0xFE, 0xED, 0xEE, 0xEE, 0xEE, 0xEE, 0xEE, 0xEE, 0xED, 0xEE, 0xEE, 0xFE,
    0xEE, 0xEE, 0xDE, 0xEE, 0xEE, 0xEE, 0xEE, 0xDE, 0xEE, 0xDE, 0xEE, 0xEE, 0xEE, 0xEE, 0xEF, 0xEE,
    0x00, 0x00, 0x00, 0x00, 0x00, 0x00, 0x00, 0x00, 0x00, 0x00, 0x00, 0x00, 0x00, 0x00, 0xFF, 0xFF,
    0x00, 0x0F, 0xFF, 0xFF, 0x00, 0x0F, 0xF0, 0x00, 0x00, 0x0F, 0xF0, 0x00, 0x00, 0x0F, 0xF0, 0x00,
    0x00, 0x00, 0x00, 0x00, 0x00, 0x00, 0x00, 0x00, 0x00, 0x00, 0x00, 0x00, 0xFF, 0xFF, 0xFF, 0xFF,
    0xFF, 0xFF, 0xFF, 0xFF, 0x00, 0x00, 0x00, 0x00, 0x00, 0x00, 0x00, 0x00, 0x00, 0x00, 0x00, 0x00,
    0x00, 0x00, 0x00, 0x00, 0x00, 0x00, 0x00, 0x00, 0x00, 0x00, 0x00, 0x00, 0xFF, 0xFF, 0x00, 0x00,
    0xFF, 0xFF, 0xF0, 0x00, 0x00, 0x0F, 0xF0, 0x00, 0x00, 0x0F, 0xF0, 0x00, 0x00, 0x0F, 0xF0, 0x00,
    0x00, 0x0F, 0xF0, 0x00, 0x00, 0x0F, 0xF0, 0x00, 0x00, 0x0F, 0xF0, 0x00, 0x00, 0x0F, 0xF0, 0x00,
    0x00, 0x0F, 0xF0, 0x00, 0x00, 0x0F, 0xF0, 0x00, 0x00, 0x0F, 0xF0, 0x00, 0x00, 0x0F, 0xF0, 0x00,
    0x00, 0x0F, 0xF0, 0x00, 0x00, 0x0F, 0xF0, 0x00, 0x00, 0x0F, 0xF0, 0x00, 0xFF, 0xFF, 0xF0, 0x00,
    0xFF, 0xFF, 0x00, 0x00, 0x00, 0x00, 0x00, 0x00, 0x00, 0x00, 0x00, 0x00, 0x00, 0x00, 0x00, 0x00,
    0x00, 0x0F, 0xF0, 0x00, 0x00, 0x0F, 0xF0, 0x00, 0x00, 0x0F, 0xF0, 0x00, 0x00, 0x0F, 0xFF, 0xFF,
    0x00, 0x00, 0xFF, 0xFF, 0x00, 0x00, 0x00, 0x00, 0x00, 0x00, 0x00, 0x00, 0x00, 0x00, 0x00, 0x00,
    0xDD, 0xDD, 0xDD, 0xDD, 0xDD, 0xDD, 0xDD, 0xDD, 0xEE, 0xEE, 0xEE, 0xEE, 0xFF, 0xFF, 0xFF, 0xFF,
    0xDD, 0xDD, 0xDD, 0xDD, 0xDD, 0xDD, 0xDD, 0xDD, 0xEE, 0xEE, 0xEE, 0xEE, 0xFF, 0xFF, 0xFF, 0xFF,
    0xFF, 0xFF, 0xFF, 0xFF, 0xF0, 0x00, 0x00, 0x00, 0xFE, 0xE0, 0x00, 0x00, 0xFE, 0xED, 0x00, 0x00,
    0xFE, 0xED, 0xEE, 0xE0, 0xFE, 0xED, 0xEE, 0xED, 0xFE, 0xED, 0xEE, 0xED, 0xFE, 0xED, 0xEE, 0xED,
    0xFE, 0xED, 0xEE, 0xED, 0xFE, 0xED, 0xEE, 0xED, 0xFE, 0xED, 0xEE, 0xED, 0xFE, 0xED, 0xEE, 0xED,
    0xFE, 0xED, 0xEE, 0xED, 0xFE, 0xED, 0xEE, 0xED, 0xFE, 0xED, 0xEE, 0xED, 0xFF, 0xFF, 0xFF, 0xFF,
    0xFF, 0xFF, 0xFF, 0xFF, 0x00, 0x00, 0x00, 0x0F, 0x00, 0x00, 0x00, 0x0F, 0x00, 0x00, 0x00, 0x0F,
    0x00, 0x00, 0x00, 0x0F, 0x00, 0x00, 0x00, 0x0F, 0xEE, 0xE0, 0x00, 0x0F, 0xEE, 0xED, 0x00, 0x0F,
    0xEE, 0xED, 0xEE, 0xEF, 0xEE, 0xED, 0xEE, 0xEF, 0xEE, 0xED, 0xEE, 0xEF, 0xEE, 0xED, 0xEE, 0xEF,
    0xEE, 0xED, 0xEE, 0xEF, 0xEE, 0xED, 0xEE, 0xEF, 0xEE, 0xED, 0xEE, 0xEF, 0xFF, 0xFF, 0xFF, 0xFF,
    0xEF, 0xFF, 0xFF, 0xFF, 0xFE, 0xEE, 0xEE, 0xEE, 0xFE, 0xEE, 0xEE, 0xEE, 0xFE, 0xEE, 0xEE, 0xEE,
    0xFE, 0xEE, 0xEE, 0xEE, 0xFE, 0xEE, 0xEE, 0xEE, 0xFE, 0xEE, 0xEE, 0xEE, 0xFE, 0xEE, 0xEE, 0xEE,
    0xFE, 0xEE, 0xEE, 0xEE, 0xFE, 0xEE, 0xEE, 0xEE, 0xFE, 0xEE, 0xEE, 0xEE, 0xFE, 0xEE, 0xEE, 0xEE,
    0xFE, 0xEE, 0xEE, 0xEE, 0xFE, 0xEE, 0xEE, 0xEE, 0xFE, 0xEE, 0xEE, 0xEE, 0xE0, 0x00, 0x00, 0x00,
    0xFF, 0xFF, 0xFF, 0xFE, 0xEE, 0xEE, 0xEE, 0xE0, 0xEE, 0xEE, 0xEE, 0xE0, 0xEE, 0xEE, 0xEE, 0xE0,
    0xEE, 0xEE, 0xEE, 0xE0, 0xEE, 0xEE, 0xEE, 0xE0, 0xEE, 0xEE, 0xEE, 0xE0, 0xEE, 0xEE, 0xEE, 0xE0,
    0xEE, 0xEE, 0xEE, 0xE0, 0xEE, 0xEE, 0xEE, 0xE0, 0xEE, 0xEE, 0xEE, 0xE0, 0xEE, 0xEE, 0xEE, 0xE0,
    0xEE, 0xEE, 0xEE, 0xE0, 0xEE, 0xEE, 0xEE, 0xE0, 0xEE, 0xEE, 0xEE, 0xE0, 0x00, 0x00, 0x00, 0x0E,
    0xEE, 0xEE, 0xEE, 0xEE, 0xEE, 0xEE, 0xEE, 0xEE, 0xEE, 0xEE, 0xEE, 0xEE, 0xEE, 0xEE, 0xEE, 0xEE,
    0xDD, 0xDD, 0xDD, 0xDD, 0xFF, 0xFF, 0xFF, 0xFF, 0xEE, 0xEE, 0xEE, 0xEE, 0xEE, 0xEE, 0xEE, 0xEE,
    0xFE, 0xE0, 0x00, 0x00, 0xFE, 0xED, 0xDD, 0xDD, 0xFE, 0xED, 0xDD, 0xDD, 0xFE, 0xEE, 0xDD, 0xDD,
    0xDF, 0xEE, 0xDD, 0xDD, 0xEF, 0xEE, 0xDD, 0xDD, 0xEF, 0xEE, 0xED, 0xDD, 0xEE, 0xFE, 0xED, 0xDD,
    0xEE, 0xFE, 0xED, 0xDD, 0xEE, 0xFE, 0xEE, 0xDD, 0xEE, 0xEF, 0xEE, 0xDD, 0xDD, 0xDF, 0xEE, 0xDD,
    0xFF, 0xDF, 0xEE, 0xED, 0xEE, 0xEE, 0xFE, 0xED, 0xEE, 0xEE, 0xFE, 0xED, 0xEE, 0xE0, 0xFE, 0xE0,
    0x00, 0x00, 0x0E, 0xED, 0xDD, 0xDD, 0xDE, 0xED, 0xDD, 0xDD, 0xDE, 0xED, 0xDD, 0xDD, 0xEE, 0xED,
    0xDD, 0xDD, 0xEE, 0xDF, 0xDD, 0xDD, 0xEE, 0xDE, 0xDD, 0xDE, 0xEE, 0xDE, 0xDD, 0xDE, 0xED, 0xEE,
    0xDD, 0xDE, 0xED, 0xEE, 0xDD, 0xEE, 0xED, 0xEE, 0xDD, 0xEE, 0xDE, 0xEE, 0xDD, 0xEE, 0xDD, 0xDD,
    0xDE, 0xEE, 0xDF, 0xFF, 0xDE, 0xED, 0xEE, 0xEE, 0xDE, 0xED, 0xEE, 0xEE, 0x0E, 0xED, 0x0E, 0xEE,
    0xEE, 0xEE, 0xEE, 0xEE, 0xEE, 0xEE, 0xEE, 0xEE, 0xFF, 0xFF, 0xFF, 0xFF, 0xDD, 0xDD, 0xDD, 0xDD,
    0xEE, 0xEE, 0xEE, 0xEE, 0xEE, 0xEE, 0xEE, 0xEE, 0xEE, 0xEE, 0xEE, 0xEE, 0xEE, 0xEE, 0xEE, 0xEE,
    0xEE, 0xE0, 0xFE, 0xE0, 0xEE, 0xEE, 0xFE, 0xED, 0xEE, 0xEE, 0xFE, 0xED, 0xFF, 0xDF, 0xEE, 0xED,
    0xDD, 0xDF, 0xEE, 0xDD, 0xEE, 0xEF, 0xEE, 0xDD, 0xEE, 0xFE, 0xEE, 0xDD, 0xEE, 0xFE, 0xED, 0xDD,
    0xEE, 0xFE, 0xED, 0xDD, 0xEF, 0xEE, 0xED, 0xDD, 0xEF, 0xEE, 0xDD, 0xDD, 0xDF, 0xEE, 0xDD, 0xDD,
    0xFE, 0xEE, 0xDD, 0xDD, 0xFE, 0xED, 0xDD, 0xDD, 0xFE, 0xED, 0xDD, 0xDD, 0xFE, 0xE0, 0x00, 0x00,
    0x0E, 0xED, 0x0E, 0xEE, 0xDE, 0xED, 0xEE, 0xEE, 0xDE, 0xED, 0xEE, 0xEE, 0xDE, 0xEE, 0xDF, 0xFF,
    0xDD, 0xEE, 0xDD, 0xDD, 0xDD, 0xEE, 0xDE, 0xEE, 0xDD, 0xEE, 0xED, 0xEE, 0xDD, 0xDE, 0xED, 0xEE,
    0xDD, 0xDE, 0xED, 0xEE, 0xDD, 0xDE, 0xEE, 0xDE, 0xDD, 0xDD, 0xEE, 0xDE, 0xDD, 0xDD, 0xEE, 0xDF,
    0xDD, 0xDD, 0xEE, 0xED, 0xDD, 0xDD, 0xDE, 0xED, 0xDD, 0xDD, 0xDE, 0xED, 0x00, 0x00, 0x0E, 0xED,
    0xEE, 0xEE, 0xDF, 0xEE, 0xEE, 0xEE, 0xDF, 0xEE, 0xEE, 0xEE, 0xDF, 0xEE, 0xEE, 0xEE, 0xDF, 0xEE,
    0xEE, 0xEE, 0xDF, 0xEE, 0xEE, 0xEE, 0xDF, 0xEE, 0xEE, 0xEE, 0xDF, 0xEE, 0xEE, 0xEE, 0xDF, 0xEE,
    0xFF, 0xFF, 0xDE, 0xEE, 0xEE, 0xEE, 0xFF, 0xFE, 0xEE, 0xEE, 0xEE, 0xEF, 0x0D, 0xDE, 0xEE, 0xEE,
    0x0D, 0xDD, 0xDD, 0xEE, 0x0D, 0xDD, 0xDD, 0xDD, 0x0D, 0xDD, 0xDD, 0xDD, 0x0D, 0xDD, 0xDD, 0xDD,
    0x0D, 0xDD, 0xDD, 0xDD, 0x0D, 0xDD, 0xDD, 0xDD, 0x0D, 0xDD, 0xDD, 0xDD, 0x0D, 0xDD, 0xDD, 0xEE,
    0x0D, 0xDE, 0xEE, 0xEE, 0xEE, 0xEE, 0xEE, 0xED, 0xEE, 0xEE, 0xDD, 0xDE, 0xDD, 0xDD, 0xFE, 0xEE,
    0xEE, 0xED, 0xFE, 0xEE, 0xEE, 0xED, 0xFE, 0xEE, 0xFF, 0xED, 0xDE, 0xEE, 0xEE, 0xFF, 0xFE, 0xE0,
    0xEE, 0xEE, 0xEF, 0xFF, 0xDE, 0xEE, 0xEE, 0xEE, 0xDD, 0xDD, 0xEE, 0xEE, 0xDD, 0xDD, 0xDD, 0xD0,
    0xDD, 0xDD, 0xDD, 0xD0, 0xDD, 0xDD, 0xEE, 0xEE, 0xDE, 0xEE, 0xEE, 0xEE, 0xEE, 0xEE, 0xED, 0xDD,
    0xEE, 0xDD, 0xDE, 0xE0, 0xDD, 0xED, 0xFE, 0xEE, 0xEE, 0xED, 0xFE, 0xEE, 0xEE, 0xED, 0xFE, 0xEE,
    0xEE, 0xFD, 0xEE, 0xEE, 0xEE, 0xFD, 0xEE, 0xEE, 0xEE, 0xFD, 0xEE, 0xEE, 0xEE, 0xFD, 0xEE, 0xEE,
    0xEE, 0xFD, 0xEE, 0xEE, 0xEE, 0xFD, 0xEE, 0xEE, 0xEE, 0xFD, 0xEE, 0xEE, 0xEE, 0xFD, 0xEE, 0xEE,
    0xEE, 0xEF, 0xDE, 0xEE, 0xEE, 0xEF, 0xDE, 0xEE, 0xEE, 0xED, 0xDE, 0xFF, 0x0E, 0xEF, 0xFF, 0xEE,
    0xFF, 0xFE, 0xEE, 0xEE, 0xEE, 0xEE, 0xEE, 0xED, 0xEE, 0xEE, 0xDD, 0xDD, 0x0D, 0xDD, 0xDD, 0xDD,
    0x0D, 0xDD, 0xDD, 0xDD, 0xEE, 0xEE, 0xDD, 0xDD, 0xEE, 0xEE, 0xEE, 0xED, 0xDD, 0xDE, 0xEE, 0xEE,
    0x0E, 0xED, 0xDD, 0xEE, 0xEE, 0xEF, 0xDE, 0xDD, 0xEE, 0xEF, 0xDE, 0xEE, 0xEE, 0xEF, 0xDE, 0xEE,
    0xEE, 0xED, 0xFF, 0xFF, 0xEF, 0xFF, 0xEE, 0xEE, 0xFE, 0xEE, 0xEE, 0xEE, 0xEE, 0xEE, 0xED, 0xD0,
    0xEE, 0xDD, 0xDD, 0xD0, 0xDD, 0xDD, 0xDD, 0xD0, 0xDD, 0xDD, 0xDD, 0xD0, 0xDD, 0xDD, 0xDD, 0xD0,
    0xDD, 0xDD, 0xDD, 0xD0, 0xDD, 0xDD, 0xDD, 0xD0, 0xDD, 0xDD, 0xDD, 0xD0, 0xEE, 0xDD, 0xDD, 0xD0,
    0xEE, 0xEE, 0xED, 0xD0, 0xDE, 0xEE, 0xEE, 0xEE, 0xED, 0xDD, 0xEE, 0xEE, 0xEE, 0xEF, 0xDD, 0xDD,
    0xE0, 0xE0, 0xEE, 0xEE, 0xEE, 0x0E, 0xEE, 0x0E, 0x0E, 0xE0, 0xEE, 0xE0, 0x0E, 0xE0, 0xE0, 0x00,
    0xE0, 0xE0, 0x00, 0x00, 0xEE, 0x00, 0x00, 0x00, 0xE0, 0x00, 0x00, 0x00, 0xE0, 0x00, 0x00, 0x00,
    0xE0, 0xEE, 0xEE, 0xEE, 0x0E, 0xEE, 0x0E, 0xE0, 0x0E, 0xE0, 0xEE, 0xE0, 0x00, 0x0E, 0xEE, 0xE0,
    0x00, 0x00, 0x0E, 0x0E, 0x00, 0x00, 0x00, 0xEE, 0x00, 0x00, 0x00, 0x0E, 0x00, 0x00, 0x00, 0x0E,
    0xE0, 0x00, 0x00, 0x00, 0xE0, 0x00, 0x00, 0x00, 0xEE, 0x00, 0x00, 0x00, 0xE0, 0xE0, 0x00, 0x00,
    0x0E, 0xEE, 0xE0, 0x00, 0x0E, 0xEE, 0x0E, 0xE0, 0x0E, 0xE0, 0xEE, 0xE0, 0xEE, 0xEE, 0xEE, 0x0E,
    0x00, 0x00, 0x00, 0x0E, 0x00, 0x00, 0x00, 0x0E, 0x00, 0x00, 0x00, 0xEE, 0x00, 0x00, 0x0E, 0x0E,
    0x00, 0x0E, 0x0E, 0xE0, 0x0E, 0xEE, 0x0E, 0xE0, 0xE0, 0xEE, 0xE0, 0xEE, 0xEE, 0xEE, 0x0E, 0x0E,
    0xEE, 0x0E, 0xE0, 0xEE, 0xEE, 0xE0, 0xEE, 0x00, 0xEE, 0xE0, 0xE0, 0x00, 0xEE, 0xEE, 0x00, 0x00,
    0xEE, 0xEE, 0x00, 0x00, 0x0E, 0xE0, 0x00, 0x00, 0xE0, 0xE0, 0x00, 0x00, 0xE0, 0x00, 0x00, 0x00,
    0xEE, 0x00, 0x00, 0x00, 0xE0, 0xE0, 0x00, 0x00, 0xEE, 0xE0, 0x00, 0x00, 0xEE, 0xEE, 0x00, 0x00,
    0xEE, 0xEE, 0x00, 0x00, 0xEE, 0xE0, 0xE0, 0x00, 0xEE, 0x0E, 0xEE, 0x00, 0xE0, 0xEE, 0xEE, 0xEE,
    0xEE, 0x0E, 0xE0, 0xEE, 0x00, 0xEE, 0x0E, 0xEE, 0x00, 0x0E, 0x0E, 0xEE, 0x00, 0x00, 0xEE, 0xEE,
    0x00, 0x00, 0xEE, 0xEE, 0x00, 0x00, 0x0E, 0xE0, 0x00, 0x00, 0x0E, 0x0E, 0x00, 0x00, 0x00, 0x0E,
    0x00, 0x00, 0x00, 0xEE, 0x00, 0x00, 0x0E, 0x0E, 0x00, 0x00, 0x0E, 0xEE, 0x00, 0x00, 0xEE, 0xEE,
    0x00, 0x00, 0xEE, 0xEE, 0x00, 0x0E, 0x0E, 0xEE, 0x00, 0xEE, 0xE0, 0xEE, 0xEE, 0xEE, 0xEE, 0x0E,
    0xE0, 0x0E, 0xEE, 0xEF, 0x0D, 0xD0, 0xEF, 0xDF, 0x0D, 0xDD, 0x0F, 0xFD, 0x0D, 0xD0, 0xD0, 0x0D,
    0x0D, 0xDE, 0x0D, 0x0D, 0xE0, 0xDE, 0x00, 0xD0, 0xE0, 0xDD, 0xE0, 0xD0, 0xE0, 0x0D, 0xEE, 0xD0,
    0x00, 0x0D, 0xDD, 0xDD, 0x0D, 0x00, 0xFD, 0xFD, 0x0D, 0x0D, 0xFF, 0xF0, 0x0D, 0x0D, 0xDF, 0xF0,
    0x0D, 0x0D, 0xFF, 0xF0, 0xE0, 0xD0, 0xDF, 0xF0, 0xEE, 0x0D, 0xDD, 0xDF, 0xEE, 0x0D, 0xDD, 0xDD,
    0xFD, 0xFF, 0xDF, 0xF0, 0xFD, 0xFD, 0xFF, 0x0E, 0xFD, 0xFD, 0xF0, 0xEE, 0xD0, 0x0D, 0xD0, 0x0E,
    0x0F, 0xF0, 0xDD, 0xD0, 0xFF, 0x0F, 0xDD, 0xD0, 0xFF, 0x00, 0xDD, 0x0E, 0xFF, 0xDD, 0xDF, 0x0E,
    0x00, 0xD0, 0x0F, 0xEE, 0x0D, 0x00, 0x00, 0xEE, 0xDD, 0x00, 0x0E, 0xEE, 0xD0, 0x00, 0x00, 0xEE,
    0xD0, 0x00, 0xDD, 0x0E, 0xD0, 0x0D, 0xDD, 0xD0, 0x0D, 0xDE, 0xEE, 0xE0, 0xDE, 0xED, 0xDD, 0x0E,
    0x00, 0x00, 0x00, 0x00, 0xDD, 0xDD, 0xDD, 0xDD, 0xDD, 0xDD, 0xDD, 0xDD, 0xFF, 0xFF, 0xFF, 0xFF,
    0xFD, 0xDD, 0xDD, 0xDD, 0xFD, 0xDD, 0xDD, 0xDD, 0xFD, 0xDD, 0xDD, 0xD0, 0xDF, 0xDD, 0xDD, 0x00,
    0xDF, 0xDD, 0xDD, 0x00, 0xDF, 0xDD, 0xDD, 0xD0, 0xDF, 0xDD, 0xDD, 0xD0, 0xDD, 0xFD, 0xDD, 0xD0,
    0xDD, 0xFD, 0xDD, 0xD0, 0xDD, 0xFD, 0xDD, 0xDD, 0xDD, 0xFD, 0xDD, 0xDD, 0x00, 0x00, 0x00, 0x00,
    0x00, 0x00, 0x00, 0x00, 0xDD, 0xDD, 0xDD, 0xDD, 0xDD, 0xDD, 0xDD, 0xDD, 0xFF, 0xFF, 0xFF, 0xFF,
    0xDD, 0xDD, 0xDD, 0xDF, 0xDD, 0xDD, 0xDD, 0xDF, 0x0D, 0xDD, 0xDD, 0xDF, 0x00, 0xDD, 0xDD, 0xFD,
    0x00, 0xDD, 0xDD, 0xFD, 0x0D, 0xDD, 0xDD, 0xFD, 0x0D, 0xDD, 0xDD, 0xFD, 0x0D, 0xDD, 0xDF, 0xDD,
    0x0D, 0xDD, 0xDF, 0xDD, 0xDD, 0xDD, 0xDF, 0xDD, 0xDD, 0xDD, 0xDF, 0xDD, 0x00, 0x00, 0x00, 0x00,
    0x00, 0x00, 0x00, 0x00, 0xDD, 0xFD, 0xDD, 0xDD, 0xDD, 0xFD, 0xDD, 0xDD, 0xDD, 0xFD, 0xDD, 0xD0,
    0xDD, 0xFD, 0xDD, 0xD0, 0xDF, 0xDD, 0xDD, 0xD0, 0xDF, 0xDD, 0xDD, 0xD0, 0xDF, 0xDD, 0xDD, 0x00,
    0xDF, 0xDD, 0xDD, 0x00, 0xFD, 0xDD, 0xDD, 0xD0, 0xFD, 0xDD, 0xDD, 0xDD, 0xFD, 0xDD, 0xDD, 0xDD,
    0xFF, 0xFF, 0xFF, 0xFF, 0xDD, 0xDD, 0xDD, 0xDD, 0xDD, 0xDD, 0xDD, 0xDD, 0x00, 0x00, 0x00, 0x00,
    0x00, 0x00, 0x00, 0x00, 0xDD, 0xDD, 0xDF, 0xDD, 0xDD, 0xDD, 0xDF, 0xDD, 0x0D, 0xDD, 0xDF, 0xDD,
    0x0D, 0xDD, 0xDF, 0xDD, 0x0D, 0xDD, 0xDD, 0xFD, 0x0D, 0xDD, 0xDD, 0xFD, 0x00, 0xDD, 0xDD, 0xFD,
    0x00, 0xDD, 0xDD, 0xFD, 0x0D, 0xDD, 0xDD, 0xDF, 0xDD, 0xDD, 0xDD, 0xDF, 0xDD, 0xDD, 0xDD, 0xDF,
    0xFF, 0xFF, 0xFF, 0xFF, 0xDD, 0xDD, 0xDD, 0xDD, 0xDD, 0xDD, 0xDD, 0xDD, 0x00, 0x00, 0x00, 0x00,
    0x0D, 0xDF, 0xFF, 0xFD, 0x0D, 0xDF, 0xDD, 0xDF, 0x0D, 0xDF, 0xDD, 0xDD, 0x0D, 0xDF, 0xDD, 0xDD,
    0x0D, 0xDF, 0xDD, 0xDD, 0x0D, 0xDF, 0xDD, 0xDD, 0x0D, 0xDF, 0xDD, 0xD0, 0x0D, 0xDF, 0xDD, 0x00,
    0x0D, 0xDF, 0xDD, 0x00, 0x0D, 0xDF, 0xDD, 0xD0, 0x0D, 0xDF, 0xDD, 0xDD, 0x0D, 0xDF, 0xDD, 0xDD,
    0x0D, 0xDF, 0xDD, 0xDD, 0x0D, 0xDF, 0xDD, 0xDD, 0x0D, 0xDF, 0xDD, 0xDF, 0x0D, 0xDF, 0xFF, 0xFD,
    0xDD, 0xDD, 0xDD, 0xD0, 0xFF, 0xFD, 0xDD, 0xD0, 0xDD, 0xDF, 0xFF, 0xF0, 0xDD, 0xDD, 0xDD, 0xD0,
    0xDD, 0xDD, 0xDD, 0xD0, 0xDD, 0xDD, 0xDD, 0xD0, 0x0D, 0xDD, 0xDD, 0xD0, 0x00, 0x00, 0x0D, 0xD0,
    0x00, 0x00, 0x0D, 0xD0, 0x0D, 0xDD, 0xDD, 0xD0, 0xDD, 0xDD, 0xDD, 0xD0, 0xDD, 0xDD, 0xDD, 0xD0,
    0xDD, 0xDD, 0xDD, 0xD0, 0xDD, 0xDF, 0xFF, 0xF0, 0xFF, 0xFD, 0xDD, 0xD0, 0xDD, 0xDD, 0xDD, 0xD0,
    0x0D, 0xDD, 0xDD, 0xDD, 0x0D, 0xDD, 0xDF, 0xFF, 0x0F, 0xFF, 0xFD, 0xDD, 0x0D, 0xDD, 0xDD, 0xDD,
    0x0D, 0xDD, 0xDD, 0xDD, 0x0D, 0xDD, 0xDD, 0xDD, 0x0D, 0xDD, 0xDD, 0xD0, 0x0D, 0xD0, 0x00, 0x00,
    0x0D, 0xD0, 0x00, 0x00, 0x0D, 0xDD, 0xDD, 0xD0, 0x0D, 0xDD, 0xDD, 0xDD, 0x0D, 0xDD, 0xDD, 0xDD,
    0x0D, 0xDD, 0xDD, 0xDD, 0x0F, 0xFF, 0xFD, 0xDD, 0x0D, 0xDD, 0xDF, 0xFF, 0x0D, 0xDD, 0xDD, 0xDD,
    0xDF, 0xFF, 0xFD, 0xD0, 0xFD, 0xDD, 0xFD, 0xD0, 0xDD, 0xDD, 0xFD, 0xD0, 0xDD, 0xDD, 0xFD, 0xD0,
    0xDD, 0xDD, 0xFD, 0xD0, 0xDD, 0xDD, 0xFD, 0xD0, 0x0D, 0xDD, 0xFD, 0xD0, 0x00, 0xDD, 0xFD, 0xD0,
    0x00, 0xDD, 0xFD, 0xD0, 0x0D, 0xDD, 0xFD, 0xD0, 0xDD, 0xDD, 0xFD, 0xD0, 0xDD, 0xDD, 0xFD, 0xD0,
    0xDD, 0xDD, 0xFD, 0xD0, 0xDD, 0xDD, 0xFD, 0xD0, 0xFD, 0xDD, 0xFD, 0xD0, 0xDF, 0xFF, 0xFD, 0xD0,
    0x00, 0x00, 0x00, 0x00, 0xDD, 0xDD, 0xDD, 0xDD, 0xDD, 0xDD, 0xDD, 0xD0, 0xDD, 0xDD, 0xDD, 0xF0,
    0xDD, 0xDD, 0xDF, 0xDD, 0xDD, 0xDD, 0xFD, 0xDD, 0xDD, 0xDF, 0xDD, 0xD0, 0xDD, 0xFD, 0xDD, 0xD0,
    0xDD, 0xFD, 0xDD, 0xDD, 0xDD, 0xDF, 0xDD, 0xDD, 0xDD, 0xDD, 0xFD, 0xD0, 0xDD, 0xDD, 0xDF, 0xD0,
    0xDD, 0xDD, 0xDD, 0xFF, 0xDD, 0xDD, 0xDD, 0xDD, 0xDD, 0xDD, 0xDD, 0xD0, 0x00, 0x00, 0x00, 0x00,
    0x00, 0x00, 0x00, 0x00, 0x0D, 0xDD, 0xDD, 0xDD, 0xDD, 0xDD, 0xDD, 0xDD, 0xFF, 0xDD, 0xDD, 0xDD,
    0x0D, 0xFD, 0xDD, 0xDD, 0x0D, 0xDF, 0xDD, 0xDD, 0xDD, 0xDD, 0xFD, 0xDD, 0xDD, 0xDD, 0xDF, 0xDD,
    0x0D, 0xDD, 0xDF, 0xDD, 0x0D, 0xDD, 0xFD, 0xDD, 0xDD, 0xDF, 0xDD, 0xDD, 0xDD, 0xFD, 0xDD, 0xDD,
    0x0F, 0xDD, 0xDD, 0xDD, 0x0D, 0xDD, 0xDD, 0xDD, 0xDD, 0xDD, 0xDD, 0xDD, 0x00, 0x00, 0x00, 0x00,
    0x0D, 0xDD, 0xDD, 0xDD, 0x0D, 0xDD, 0xDD, 0xDD, 0x0D, 0xDD, 0xDD, 0xDF, 0x0D, 0xDD, 0xDD, 0xFD,
    0x0D, 0xDD, 0xDF, 0xDD, 0x0D, 0xDD, 0xFD, 0xDD, 0x0D, 0xDF, 0xDD, 0xDD, 0x00, 0xDF, 0x00, 0xDD,
    0x0D, 0x00, 0xDD, 0x00, 0x0D, 0xDF, 0xDD, 0xDD, 0x0D, 0xDD, 0xFD, 0xDD, 0x0D, 0xDD, 0xDF, 0xDD,
    0x0D, 0xDD, 0xDD, 0xFD, 0x0D, 0xDD, 0xDD, 0xDF, 0x0D, 0xDD, 0xDD, 0xDD, 0x0D, 0xDD, 0xDD, 0xDD,
    0xDD, 0xDD, 0xDD, 0xD0, 0xDD, 0xDD, 0xDD, 0xD0, 0xFD, 0xDD, 0xDD, 0xD0, 0xDF, 0xDD, 0xDD, 0xD0,
    0xDD, 0xFD, 0xDD, 0xD0, 0xDD, 0xDF, 0xDD, 0xD0, 0xDD, 0xDD, 0xFD, 0xD0, 0x00, 0xDD, 0x00, 0xD0,
    0xDD, 0x00, 0xFD, 0x00, 0xDD, 0xDD, 0xFD, 0xD0, 0xDD, 0xDF, 0xDD, 0xD0, 0xDD, 0xFD, 0xDD, 0xD0,
    0xDF, 0xDD, 0xDD, 0xD0, 0xFD, 0xDD, 0xDD, 0xD0, 0xDD, 0xDD, 0xDD, 0xD0, 0xDD, 0xDD, 0xDD, 0xD0,
    0xEF, 0xFF, 0xFF, 0xFF, 0xFE, 0xFF, 0xFF, 0xFF, 0xFF, 0xEF, 0xFF, 0xFF, 0xFF, 0xFE, 0xFF, 0xFF,
    0xFF, 0xFF, 0xEF, 0xFF, 0xFF, 0xFF, 0xFE, 0xEE, 0xFF, 0xFF, 0xFE, 0xEE, 0xFF, 0xFF, 0xFE, 0xEE,
    0xFF, 0xFF, 0xFE, 0xEE, 0xFF, 0xFF, 0xFE, 0xEE, 0xFF, 0xFF, 0xFE, 0xEE, 0xFF, 0xFF, 0xFD, 0xDD,
    0xFF, 0xFF, 0xDD, 0xDD, 0xFF, 0xFD, 0xDD, 0xDD, 0xFF, 0xDD, 0xDD, 0xDD, 0xFD, 0xDD, 0xDD, 0xDD,
    0xFF, 0xFF, 0xFF, 0xFD, 0xFF, 0xFF, 0xFF, 0xDD, 0xFF, 0xFF, 0xFD, 0xDD, 0xFF, 0xFF, 0xDD, 0xDD,
    0xFF, 0xFD, 0xDD, 0xDD, 0xEE, 0xED, 0xDD, 0xDD, 0xEE, 0xED, 0xDD, 0xDD, 0xEE, 0xED, 0xDD, 0xDD,
    0xEE, 0xED, 0xDD, 0xDD, 0xEE, 0xED, 0xDD, 0xDD, 0xEE, 0xED, 0xDD, 0xDD, 0xDD, 0xDE, 0xDD, 0xDD,
    0xDD, 0xDD, 0xED, 0xDD, 0xDD, 0xDD, 0xDE, 0xDD, 0xDD, 0xDD, 0xDD, 0xED, 0xDD, 0xDD, 0xDD, 0xDE,
    0xE0, 0x00, 0xEE, 0x00, 0x0E, 0xED, 0x00, 0xDD, 0x0E, 0xEE, 0xDD, 0xFF, 0x0F, 0xEE, 0xED, 0x0F,
    0x0F, 0x0E, 0xED, 0xDF, 0xE0, 0x00, 0xEE, 0xD0, 0xEE, 0x00, 0x00, 0xE0, 0xEE, 0x00, 0xEE, 0xEE,
    0xE0, 0xEE, 0xED, 0xDD, 0x0E, 0xED, 0xDD, 0xD0, 0x00, 0x00, 0x00, 0x0D, 0xEE, 0x0F, 0xFF, 0xDD,
    0xE0, 0x00, 0x0D, 0xDD, 0x0F, 0xFF, 0xDD, 0xDD, 0x00, 0x00, 0xDD, 0xDD, 0x0F, 0xFF, 0xDD, 0xD0,
    0x0E, 0xEE, 0x00, 0x00, 0xD0, 0xE0, 0xDD, 0xD0, 0x0D, 0x0D, 0xDD, 0xD0, 0xF0, 0xDD, 0xDD, 0x0E,
    0xF0, 0xDD, 0xFF, 0xFF, 0x00, 0xDF, 0xFF, 0xF0, 0xDD, 0x0F, 0xF0, 0x0E, 0xDD, 0x0F, 0xFF, 0xD0,
    0xD0, 0x0D, 0xDD, 0xD0, 0xDD, 0xDD, 0xDD, 0xD0, 0xD0, 0xDD, 0xDD, 0xD0, 0x0D, 0xDD, 0x00, 0xD0,
    0xD0, 0xD0, 0xDD, 0x0E, 0xD0, 0xD0, 0xDD, 0x0E, 0xDD, 0x0D, 0x0D, 0xD0, 0x00, 0x00, 0xDD, 0xD0,
    0xDD, 0xDE, 0xEE, 0xEE, 0xFF, 0xFD, 0xDE, 0xEE, 0xEE, 0xEF, 0xFD, 0xDE, 0xEE, 0xEE, 0xEF, 0xFD,
    0xEE, 0xEE, 0xEE, 0xEF, 0xEE, 0xEE, 0xEE, 0xEE, 0xEE, 0xEE, 0xEE, 0xEE, 0xEE, 0xEE, 0xEE, 0xEE,
    0xEE, 0xEE, 0xEE, 0xEE, 0xEE, 0xEE, 0xEE, 0xEE, 0xEE, 0xEE, 0xEE, 0xEE, 0xEE, 0xEE, 0xEE, 0xED,
    0xEE, 0xEE, 0xED, 0xDF, 0xEE, 0xED, 0xDF, 0xFE, 0xDD, 0xDF, 0xFE, 0xEE, 0xFF, 0xFE, 0xEE, 0xEE,
    0xEE, 0xEE, 0xEE, 0xEE, 0xEE, 0xEE, 0xEE, 0xEE, 0xEE, 0xEE, 0xEE, 0xEE, 0xDE, 0xEE, 0xEE, 0xEE,
    0xFD, 0xDE, 0xEE, 0xEE, 0xEF, 0xFD, 0xDE, 0xEE, 0xEE, 0xEF, 0xFD, 0xDD, 0xEE, 0xEE, 0xEF, 0xFF,
    0xEE, 0xEE, 0xED, 0xDD, 0xEE, 0xED, 0xDF, 0xFF, 0xED, 0xDF, 0xFE, 0xEE, 0xDF, 0xFE, 0xEE, 0xEE,
    0xFE, 0xEE, 0xEE, 0xEE, 0xEE, 0xEE, 0xEE, 0xEE, 0xEE, 0xEE, 0xEE, 0xEE, 0xEE, 0xEE, 0xEE, 0xEE,
    0xEE, 0xED, 0xFE, 0xEE, 0xEE, 0xED, 0xFE, 0xEE, 0xEE, 0xED, 0xDD, 0xDE, 0xEE, 0xED, 0xFF, 0xFD,
    0xEE, 0xED, 0xFE, 0xEF, 0xEE, 0xED, 0xFE, 0xEE, 0xEE, 0xED, 0xFE, 0xEE, 0xEE, 0xED, 0xFE, 0xEE,
    0xEE, 0xED, 0xFE, 0xEE, 0xEE, 0xED, 0xFE, 0xEE, 0xEE, 0xED, 0xFE, 0xEE, 0xEE, 0xED, 0xFE, 0xED,
    0xEE, 0xED, 0xDD, 0xDF, 0xEE, 0xED, 0xFF, 0xFE, 0xEE, 0xED, 0xFE, 0xEE, 0xEE, 0xED, 0xFE, 0xEE,
    0xEE, 0xEF, 0xDE, 0xEE, 0xEE, 0xEF, 0xDE, 0xEE, 0xEE, 0xEF, 0xDE, 0xEE, 0xDE, 0xEF, 0xDE, 0xEE,
    0xFD, 0xDD, 0xDE, 0xEE, 0xEF, 0xFF, 0xDE, 0xEE, 0xEE, 0xEF, 0xDE, 0xEE, 0xEE, 0xEF, 0xDE, 0xEE,
    0xEE, 0xEF, 0xDE, 0xEE, 0xEE, 0xEF, 0xDE, 0xEE, 0xED, 0xDD, 0xDE, 0xEE, 0xDF, 0xFF, 0xDE, 0xEE,
    0xFE, 0xEF, 0xDE, 0xEE, 0xEE, 0xEF, 0xDE, 0xEE, 0xEE, 0xEF, 0xDE, 0xEE, 0xEE, 0xEF, 0xDE, 0xEE,
    0xDF, 0xEE, 0xEE, 0xEE, 0xDF, 0xEE, 0xEE, 0xEE, 0xDF, 0xEE, 0xEE, 0xEE, 0xED, 0xFE, 0xEE, 0xEE,
    0xED, 0xFE, 0xEE, 0xEE, 0xEE, 0xDF, 0xEE, 0xEE, 0xEE, 0xDF, 0xEE, 0xEE, 0xEE, 0xED, 0xFE, 0xEE,
    0xEE, 0xED, 0xFE, 0xEE, 0xEE, 0xDF, 0xEE, 0xEE, 0xEE, 0xDF, 0xEE, 0xEE, 0xED, 0xFE, 0xEE, 0xEE,
    0xED, 0xFE, 0xEE, 0xEE, 0xDF, 0xEE, 0xEE, 0xEE, 0xDF, 0xEE, 0xEE, 0xEE, 0xDF, 0xEE, 0xEE, 0xEE,
    0xEE, 0xED, 0xFE, 0xEE, 0xEE, 0xEE, 0xDF, 0xEE, 0xEE, 0xEE, 0xDF, 0xEE, 0xEE, 0xEE, 0xED, 0xFE,
    0xEE, 0xEE, 0xED, 0xFE, 0xEE, 0xEE, 0xEE, 0xDF, 0xEE, 0xEE, 0xEE, 0xDF, 0xEE, 0xEE, 0xEE, 0xDF,
    0xEE, 0xEE, 0xEE, 0xDF, 0xEE, 0xEE, 0xEE, 0xDF, 0xEE, 0xEE, 0xEE, 0xDF, 0xEE, 0xEE, 0xED, 0xFE,
    0xEE, 0xEE, 0xED, 0xFE, 0xEE, 0xEE, 0xDF, 0xEE, 0xEE, 0xEE, 0xDF, 0xEE, 0xEE, 0xED, 0xFE, 0xEE,
    0xDE, 0xEE, 0xEE, 0xEE, 0xED, 0xEE, 0xEE, 0xEE, 0xEE, 0xDE, 0xEE, 0xEE, 0xEE, 0xED, 0xDD, 0xDD,
    0xEE, 0xED, 0xDF, 0xFF, 0xEE, 0xED, 0xFD, 0xEE, 0xEE, 0xED, 0xFE, 0xDE, 0xEE, 0xED, 0xFE, 0xED,
    0xEE, 0xED, 0xFE, 0xED, 0xEE, 0xED, 0xFE, 0xDE, 0xEE, 0xED, 0xFD, 0xEE, 0xEE, 0xED, 0xDF, 0xFF,
    0xEE, 0xED, 0xDD, 0xDD, 0xEE, 0xDE, 0xEE, 0xEE, 0xED, 0xEE, 0xEE, 0xEE, 0xDE, 0xEE, 0xEE, 0xEE,
    0xDE, 0xEF, 0xDE, 0xEE, 0xED, 0xEF, 0xDE, 0xEE, 0xEE, 0xDF, 0xDE, 0xEE, 0xFF, 0xFD, 0xDE, 0xEE,
    0xDD, 0xDD, 0xDE, 0xEE, 0xEE, 0xEE, 0xED, 0xEE, 0xEE, 0xEE, 0xEE, 0xDE, 0xEE, 0xEE, 0xEE, 0xED,
    0xEE, 0xEE, 0xEE, 0xED, 0xEE, 0xEE, 0xEE, 0xDE, 0xEE, 0xEE, 0xED, 0xEE, 0xDD, 0xDD, 0xDE, 0xEE,
    0xFF, 0xFD, 0xDE, 0xEE, 0xEE, 0xDF, 0xDE, 0xEE, 0xED, 0xEF, 0xDE, 0xEE, 0xDE, 0xEF, 0xDE, 0xEE,
    0xEE, 0xED, 0xFE, 0xEE, 0xEE, 0xED, 0xFE, 0xEE, 0xEE, 0xED, 0xFE, 0xEE, 0xDE, 0xED, 0xFE, 0xEE,
    0xFD, 0xDD, 0xFE, 0xEE, 0xEF, 0xFD, 0xFE, 0xEE, 0xEE, 0xED, 0xFE, 0xEE, 0xEE, 0xED, 0xFE, 0xEE,
    0xEE, 0xED, 0xFE, 0xEE, 0xEE, 0xED, 0xFE, 0xEE, 0xED, 0xDD, 0xFE, 0xEE, 0xDF, 0xFD, 0xFE, 0xEE,
    0xFE, 0xED, 0xFE, 0xEE, 0xEE, 0xED, 0xFE, 0xEE, 0xEE, 0xED, 0xFE, 0xEE, 0xEE, 0xED, 0xFE, 0xEE,
    0xEE, 0xEF, 0xDE, 0xEE, 0xEE, 0xEF, 0xDE, 0xEE, 0xEE, 0xEF, 0xDD, 0xDE, 0xEE, 0xEF, 0xDF, 0xFD,
    0xEE, 0xEF, 0xDE, 0xEF, 0xEE, 0xEF, 0xDE, 0xEE, 0xEE, 0xEF, 0xDE, 0xEE, 0xEE, 0xEF, 0xDE, 0xEE,
    0xEE, 0xEF, 0xDE, 0xEE, 0xEE, 0xEF, 0xDE, 0xEE, 0xEE, 0xEF, 0xDE, 0xEE, 0xEE, 0xEF, 0xDE, 0xED,
    0xEE, 0xEF, 0xDD, 0xDF, 0xEE, 0xEF, 0xDF, 0xFE, 0xEE, 0xEF, 0xDE, 0xEE, 0xEE, 0xEF, 0xDE, 0xEE,
    0xEE, 0xEE, 0xEE, 0xEE, 0xEE, 0xEE, 0xEE, 0xEE, 0xEE, 0xEE, 0xEE, 0xEE, 0xDD, 0xDD, 0xDD, 0xDD,
    0xFF, 0xDF, 0xFF, 0xFF, 0xEE, 0xDF, 0xEE, 0xEE, 0xEE, 0xDF, 0xEE, 0xEE, 0xEE, 0xED, 0xFE, 0xEE,
    0xEE, 0xED, 0xFE, 0xEE, 0xEE, 0xDF, 0xEE, 0xEE, 0xEE, 0xDF, 0xEE, 0xEE, 0xFF, 0xDF, 0xFF, 0xFF,
    0xDD, 0xDD, 0xDD, 0xDD, 0xEE, 0xEE, 0xEE, 0xEE, 0xEE, 0xEE, 0xEE, 0xEE, 0xEE, 0xEE, 0xEE, 0xEE,
    0xEE, 0xED, 0xFE, 0xEE, 0xEE, 0xEE, 0xDF, 0xEE, 0xEE, 0xEE, 0xDF, 0xEE, 0xFF, 0xFF, 0xDF, 0xFF,
    0xDD, 0xDD, 0xDD, 0xDD, 0xEE, 0xEE, 0xEE, 0xEE, 0xEE, 0xEE, 0xEE, 0xEE, 0xEE, 0xEE, 0xEE, 0xEE,
    0xEE, 0xEE, 0xEE, 0xEE, 0xEE, 0xEE, 0xEE, 0xEE, 0xEE, 0xEE, 0xEE, 0xEE, 0xDD, 0xDD, 0xDD, 0xDD,
    0xFF, 0xFF, 0xDF, 0xFF, 0xEE, 0xEE, 0xDF, 0xEE, 0xEE, 0xEE, 0xDF, 0xEE, 0xEE, 0xED, 0xFE, 0xEE,
    0xEE, 0xED, 0xFE, 0xEE, 0xEE, 0xEE, 0xDF, 0xEE, 0xEE, 0xEE, 0xDF, 0xEE, 0xDD, 0xDD, 0xDD, 0xDD,
    0xFF, 0xFF, 0xFF, 0xFF, 0xEE, 0xEE, 0xEE, 0xEE, 0xEE, 0xEE, 0xEE, 0xEE, 0xEE, 0xEE, 0xEE, 0xEE,
    0xEE, 0xEE, 0xEE, 0xEE, 0xEE, 0xEE, 0xEE, 0xEE, 0xEE, 0xEE, 0xEE, 0xEE, 0xFF, 0xFF, 0xFF, 0xFF,
    0xDD, 0xDD, 0xDD, 0xDD, 0xEE, 0xEE, 0xDF, 0xEE, 0xEE, 0xEE, 0xDF, 0xEE, 0xEE, 0xED, 0xFE, 0xEE,
    0xEE, 0xEE, 0xEE, 0xEE, 0xEE, 0xEE, 0xEE, 0xEE, 0xEE, 0xEE, 0xEE, 0xEE, 0xFF, 0xFF, 0xFF, 0xFF,
    0xDD, 0xDD, 0xDD, 0xDD, 0xEE, 0xDF, 0xEE, 0xEE, 0xEE, 0xDF, 0xEE, 0xEE, 0xEE, 0xED, 0xFE, 0xEE,
    0xEE, 0xED, 0xFE, 0xEE, 0xEE, 0xDF, 0xEE, 0xEE, 0xEE, 0xDF, 0xEE, 0xEE, 0xDD, 0xDD, 0xDD, 0xDD,
    0xFF, 0xFF, 0xFF, 0xFF, 0xEE, 0xEE, 0xEE, 0xEE, 0xEE, 0xEE, 0xEE, 0xEE, 0xEE, 0xEE, 0xEE, 0xEE,
    0xEE, 0xEE, 0xFF, 0x0E, 0xEE, 0xEF, 0xFF, 0x0E, 0xEE, 0xFF, 0xFF, 0x0E, 0xEE, 0xFF, 0xFF, 0x00,
    0xEE, 0xFF, 0xDD, 0x00, 0xEE, 0xDD, 0xDD, 0xD0, 0xEE, 0xED, 0xDD, 0xD0, 0xEE, 0xEE, 0xDD, 0xDD,
    0xEE, 0xEE, 0xDD, 0xDD, 0xEE, 0xEE, 0xDD, 0xD0, 0xEE, 0xDD, 0xDD, 0xD0, 0xEE, 0xDD, 0xDD, 0x00,
    0xEE, 0xFF, 0xDD, 0x00, 0xEE, 0xFF, 0xFF, 0x0E, 0xEE, 0xEF, 0xFF, 0x0E, 0xEE, 0xEE, 0xFF, 0x0E,
    0xDD, 0xDD, 0xEE, 0xEE, 0x0D, 0xDD, 0xDE, 0xEE, 0x0D, 0xDD, 0xDD, 0xEE, 0x00, 0xDD, 0xDD, 0xEE,
    0x00, 0xDD, 0xFF, 0xEE, 0xE0, 0xFF, 0xFF, 0xEE, 0xE0, 0xFF, 0xFE, 0xEE, 0xE0, 0xFF, 0xEE, 0xEE,
    0xE0, 0xFF, 0xEE, 0xEE, 0xE0, 0xFF, 0xFE, 0xEE, 0xE0, 0xFF, 0xFF, 0xEE, 0x00, 0xFF, 0xFF, 0xEE,
    0x00, 0xDD, 0xFF, 0xEE, 0x0D, 0xDD, 0xDD, 0xEE, 0x0D, 0xDD, 0xDE, 0xEE, 0xDD, 0xDD, 0xEE, 0xEE,
    0xEE, 0xEE, 0xEE, 0xEE, 0xEE, 0xEE, 0xEE, 0xEE, 0xEE, 0xFF, 0xFD, 0xEE, 0xEF, 0xFF, 0xFD, 0xDE,
    0xFF, 0xFF, 0xDD, 0xDD, 0xFF, 0xFF, 0xDD, 0xDD, 0x00, 0x00, 0x0D, 0xDD, 0xEE, 0xE0, 0x00, 0x0D,
    0xEE, 0xE0, 0x00, 0x0D, 0x00, 0x00, 0x0D, 0xDD, 0xFF, 0xFF, 0xDD, 0xDD, 0xFF, 0xFF, 0xDD, 0xDD,
    0xEF, 0xFF, 0xFD, 0xDE, 0xEE, 0xFF, 0xFD, 0xEE, 0xEE, 0xEE, 0xEE, 0xEE, 0xEE, 0xEE, 0xEE, 0xEE,
    0xDD, 0x00, 0x0E, 0xEE, 0xDD, 0xD0, 0x00, 0x00, 0xDD, 0xDD, 0xDF, 0xFF, 0xDD, 0xDD, 0xDF, 0xFF,
    0xEE, 0xDD, 0xFF, 0xFE, 0xEE, 0xDD, 0xFF, 0xEE, 0xEE, 0xEE, 0xEE, 0xEE, 0xEE, 0xEE, 0xEE, 0xEE,
    0xEE, 0xEE, 0xEE, 0xEE, 0xEE, 0xEE, 0xEE, 0xEE, 0xEE, 0xDD, 0xFF, 0xEE, 0xEE, 0xDD, 0xFF, 0xFE,
    0xDD, 0xDD, 0xDF, 0xFF, 0xDD, 0xDD, 0xDF, 0xFF, 0xDD, 0xD0, 0x00, 0x00, 0xDD, 0x00, 0x0E, 0xEE,
    0xEE, 0xEE, 0xEE, 0xEE, 0xEE, 0xEE, 0xEE, 0xEE, 0xEE, 0xEE, 0xEE, 0xEE, 0xDD, 0xDD, 0xDD, 0xDD,
    0xFF, 0xFF, 0xFF, 0xFF, 0xEE, 0xEE, 0xEE, 0xEE, 0xEE, 0xEE, 0xEE, 0xEE, 0xEE, 0xEE, 0xEE, 0xEE,
    0xEE, 0xEE, 0xEE, 0xEE, 0xEE, 0xEE, 0xEE, 0xEE, 0xEE, 0xEE, 0xEE, 0xEE, 0xFF, 0xFF, 0xFF, 0xFF,
    0xDD, 0xDD, 0xDD, 0xDD, 0xEE, 0xEE, 0xEE, 0xEE, 0xEE, 0xEE, 0xEE, 0xEE, 0xEE, 0xEE, 0xEE, 0xEE,
    0xEE, 0xED, 0xFE, 0xEE, 0xEE, 0xED, 0xFE, 0xEE, 0xEE, 0xED, 0xFE, 0xEE, 0xEE, 0xED, 0xFE, 0xEE,
    0xEE, 0xED, 0xFE, 0xEE, 0xEE, 0xED, 0xFE, 0xEE, 0xEE, 0xED, 0xFE, 0xEE, 0xEE, 0xED, 0xFE, 0xEE,
    0xEE, 0xEF, 0xDE, 0xEE, 0xEE, 0xEF, 0xDE, 0xEE, 0xEE, 0xEF, 0xDE, 0xEE, 0xEE, 0xEF, 0xDE, 0xEE,
    0xEE, 0xEF, 0xDE, 0xEE, 0xEE, 0xEF, 0xDE, 0xEE, 0xEE, 0xEF, 0xDE, 0xEE, 0xEE, 0xEF, 0xDE, 0xEE,
    0xDE, 0xEE, 0xEE, 0xEE, 0xED, 0xEE, 0xEE, 0xEE, 0xEE, 0xDE, 0xEE, 0xEE, 0xEE, 0xED, 0xEE, 0xEE,
    0xEE, 0xEE, 0xDE, 0xEE, 0xEE, 0xEE, 0xED, 0xEE, 0xEE, 0xEE, 0xEE, 0xDE, 0xEE, 0xEE, 0xEE, 0xED,
    0xEE, 0xEE, 0xEE, 0xED, 0xEE, 0xEE, 0xEE, 0xDE, 0xEE, 0xEE, 0xED, 0xEE, 0xEE, 0xEE, 0xDE, 0xEE,
    0xEE, 0xED, 0xEE, 0xEE, 0xEE, 0xDE, 0xEE, 0xEE, 0xED, 0xEE, 0xEE, 0xEE, 0xDE, 0xEE, 0xEE, 0xEE,
    0xEE, 0xEE, 0xEE, 0xEE, 0xE0, 0x00, 0x00, 0x0E, 0xE0, 0x00, 0x00, 0x0E, 0xE0, 0x00, 0x00, 0x0E,
    0xE0, 0x00, 0x00, 0x0E, 0xE0, 0x00, 0x00, 0x0E, 0xE0, 0x00, 0x00, 0x0E, 0xEE, 0xEE, 0xEE, 0xEE,
    0xEE, 0xEE, 0xEE, 0xEE, 0xE0, 0x00, 0x00, 0x0E, 0xE0, 0x00, 0x00, 0x0E, 0xE0, 0x00, 0x00, 0x00,
    0xE0, 0x00, 0x00, 0x00, 0xE0, 0x00, 0x00, 0x0E, 0xE0, 0x00, 0x00, 0x0E, 0xEE, 0xEE, 0xEE, 0xEE,
    0xEE, 0xEE, 0xEE, 0xEE, 0xE0, 0x00, 0x00, 0x0E, 0xE0, 0x00, 0x00, 0x0E, 0x00, 0x00, 0x00, 0x0E,
    0x00, 0x00, 0x00, 0x0E, 0xE0, 0x00, 0x00, 0x0E, 0xE0, 0x00, 0x00, 0x0E, 0xEE, 0xEE, 0xEE, 0xEE,
    0xEE, 0xEE, 0xEE, 0xEE, 0xE0, 0x00, 0x00, 0x0E, 0xE0, 0x00, 0x00, 0x0E, 0x00, 0x00, 0x00, 0x00,
    0x00, 0x00, 0x00, 0x00, 0xE0, 0x00, 0x00, 0x0E, 0xE0, 0x00, 0x00, 0x0E, 0xEE, 0xEE, 0xEE, 0xEE,
    0xEE, 0xEE, 0xEE, 0xEE, 0xE0, 0x00, 0x00, 0x0E, 0xE0, 0x00, 0x00, 0x0E, 0xE0, 0x00, 0x00, 0x0E,
    0xE0, 0x00, 0x00, 0x0E, 0xE0, 0x00, 0x00, 0x0E, 0xE0, 0x00, 0x00, 0x0E, 0xEE, 0xE0, 0x0E, 0xEE,
    0xEE, 0xEE, 0xEE, 0xEE, 0xE0, 0x00, 0x00, 0x0E, 0xE0, 0x00, 0x00, 0x0E, 0xE0, 0x00, 0x00, 0x00,
    0xE0, 0x00, 0x00, 0x00, 0xE0, 0x00, 0x00, 0x0E, 0xE0, 0x00, 0x00, 0x0E, 0xEE, 0xE0, 0x0E, 0xEE,
    0xEE, 0xEE, 0xEE, 0xEE, 0xE0, 0x00, 0x00, 0x0E, 0xE0, 0x00, 0x00, 0x0E, 0x00, 0x00, 0x00, 0x0E,
    0x00, 0x00, 0x00, 0x0E, 0xE0, 0x00, 0x00, 0x0E, 0xE0, 0x00, 0x00, 0x0E, 0xEE, 0xE0, 0x0E, 0xEE,
    0xEE, 0xEE, 0xEE, 0xEE, 0xE0, 0x00, 0x00, 0x0E, 0xE0, 0x00, 0x00, 0x0E, 0x00, 0x00, 0x00, 0x00,
    0x00, 0x00, 0x00, 0x00, 0xE0, 0x00, 0x00, 0x0E, 0xE0, 0x00, 0x00, 0x0E, 0xEE, 0xE0, 0x0E, 0xEE,
    0xEE, 0xE0, 0x0E, 0xEE, 0xE0, 0x00, 0x00, 0x0E, 0xE0, 0x00, 0x00, 0x0E, 0xE0, 0x00, 0x00, 0x0E,
    0xE0, 0x00, 0x00, 0x0E, 0xE0, 0x00, 0x00, 0x0E, 0xE0, 0x00, 0x00, 0x0E, 0xEE, 0xEE, 0xEE, 0xEE,
    0xEE, 0xE0, 0x0E, 0xEE, 0xE0, 0x00, 0x00, 0x0E, 0xE0, 0x00, 0x00, 0x0E, 0xE0, 0x00, 0x00, 0x00,
    0xE0, 0x00, 0x00, 0x00, 0xE0, 0x00, 0x00, 0x0E, 0xE0, 0x00, 0x00, 0x0E, 0xEE, 0xEE, 0xEE, 0xEE,
    0xEE, 0xE0, 0x0E, 0xEE, 0xE0, 0x00, 0x00, 0x0E, 0xE0, 0x00, 0x00, 0x0E, 0x00, 0x00, 0x00, 0x0E,
    0x00, 0x00, 0x00, 0x0E, 0xE0, 0x00, 0x00, 0x0E, 0xE0, 0x00, 0x00, 0x0E, 0xEE, 0xEE, 0xEE, 0xEE,
    0xEE, 0xE0, 0x0E, 0xEE, 0xE0, 0x00, 0x00, 0x0E, 0xE0, 0x00, 0x00, 0x0E, 0x00, 0x00, 0x00, 0x00,
    0x00, 0x00, 0x00, 0x00, 0xE0, 0x00, 0x00, 0x0E, 0xE0, 0x00, 0x00, 0x0E, 0xEE, 0xEE, 0xEE, 0xEE,
    0xEE, 0xE0, 0x0E, 0xEE, 0xE0, 0x00, 0x00, 0x0E, 0xE0, 0x00, 0x00, 0x0E, 0xE0, 0x00, 0x00, 0x0E,
    0xE0, 0x00, 0x00, 0x0E, 0xE0, 0x00, 0x00, 0x0E, 0xE0, 0x00, 0x00, 0x0E, 0xEE, 0xE0, 0x0E, 0xEE,
    0xEE, 0xE0, 0x0E, 0xEE, 0xE0, 0x00, 0x00, 0x0E, 0xE0, 0x00, 0x00, 0x0E, 0xE0, 0x00, 0x00, 0x00,
    0xE0, 0x00, 0x00, 0x00, 0xE0, 0x00, 0x00, 0x0E, 0xE0, 0x00, 0x00, 0x0E, 0xEE, 0xE0, 0x0E, 0xEE,
    0xEE, 0xE0, 0x0E, 0xEE, 0xE0, 0x00, 0x00, 0x0E, 0xE0, 0x00, 0x00, 0x0E, 0x00, 0x00, 0x00, 0x0E,
    0x00, 0x00, 0x00, 0x0E, 0xE0, 0x00, 0x00, 0x0E, 0xE0, 0x00, 0x00, 0x0E, 0xEE, 0xE0, 0x0E, 0xEE,
    0xEE, 0xE0, 0x0E, 0xEE, 0xE0, 0x00, 0x00, 0x0E, 0xE0, 0x00, 0x00, 0x0E, 0x00, 0x00, 0x00, 0x00,
    0x00, 0x00, 0x00, 0x00, 0xE0, 0x00, 0x00, 0x0E, 0xE0, 0x00, 0x00, 0x0E, 0xEE, 0xE0, 0x0E, 0xEE,
    0x0F, 0xF0, 0xFF, 0x00, 0xFD, 0xDF, 0xDD, 0xF0, 0xFD, 0xDD, 0xDD, 0xF0, 0xFD, 0xDD, 0xDD, 0xF0,
    0xFD, 0xDD, 0xDD, 0xF0, 0x0F, 0xDD, 0xDF, 0x00, 0x00, 0xFD, 0xF0, 0x00, 0x00, 0x0F, 0x00, 0x00,
    0x00, 0x00, 0x00, 0x00, 0x00, 0x00, 0x00, 0x00, 0x00, 0x00, 0x00, 0x00, 0x00, 0x00, 0x00, 0x00,
    0x00, 0x00, 0x00, 0x00, 0x00, 0x00, 0x00, 0x00, 0x00, 0x00, 0x00, 0x00, 0x00, 0x00, 0x00, 0x00,
    0xDD, 0xDD, 0xDD, 0xDD, 0xDD, 0xDD, 0xDD, 0xDD, 0xDD, 0xDD, 0xDD, 0xDD, 0xDD, 0xDD, 0xDD, 0xDD,
    0xDD, 0xDD, 0xDD, 0xDD, 0xDD, 0xDD, 0xDD, 0xDD, 0xDD, 0xDD, 0xDD, 0xDD, 0xDD, 0xDD, 0xDD, 0xDD,
    0xEE, 0xEE, 0xEE, 0xEE, 0xEE, 0xEE, 0xEE, 0xEE, 0xEE, 0xEE, 0xEE, 0xEE, 0xEE, 0xEE, 0xEE, 0xEE,
    0xEE, 0xEE, 0xEE, 0xEE, 0xEE, 0xEE, 0xEE, 0xEE, 0xEE, 0xEE, 0xEE, 0xEE, 0xEE, 0xEE, 0xEE, 0xEE,
    0xED, 0xFE, 0xEE, 0xEE, 0xED, 0xEE, 0xEE, 0xEE, 0xED, 0xEE, 0xEE, 0xEE, 0xDD, 0xDD, 0xDD, 0xDD,
    0xEE, 0xEE, 0xED, 0xFE, 0xEE, 0xEE, 0xED, 0xEE, 0xEE, 0xEE, 0xED, 0xEE, 0xDD, 0xDD, 0xDD, 0xDD,
    0x00, 0x0E, 0xFF, 0xFD, 0x00, 0xFE, 0xEE, 0xDE, 0x0F, 0xEE, 0xEE, 0xDE, 0xEE, 0xEE, 0xEE, 0xDD,
    0xFE, 0xEE, 0xED, 0xEE, 0xFE, 0xEE, 0xDE, 0xE0, 0xFD, 0xDD, 0xEE, 0x00, 0xEE, 0xED, 0xE0, 0x00,
    0x00, 0x00, 0x00, 0x00, 0x00, 0x00, 0x00, 0x00, 0x00, 0x00, 0x00, 0x00, 0x00, 0x00, 0x00, 0x00,
    0x00, 0x00, 0x00, 0x00, 0x00, 0x00, 0x00, 0x00, 0x00, 0x00, 0x0D, 0x0D, 0x00, 0x00, 0x00, 0x00,
    0x00, 0x00, 0xFE, 0xE0, 0x00, 0x0F, 0x00, 0xEE, 0x00, 0x0E, 0x00, 0x0E, 0x00, 0x00, 0xE0, 0x0E,
    0x0E, 0x0E, 0x0E, 0xE0, 0xE0, 0xE0, 0x00, 0x00, 0x0E, 0x00, 0x00, 0x00, 0xE0, 0x00, 0x00, 0x00,
    0xDD, 0xDD, 0xDD, 0x0D, 0xEE, 0xEE, 0xEE, 0x0D, 0xEE, 0xEE, 0xEE, 0x0D, 0x00, 0x00, 0x00, 0x00,
    0xDD, 0x0D, 0xDD, 0xDD, 0xEE, 0x0D, 0xEE, 0xEE, 0xEE, 0x0D, 0xEE, 0xEE, 0x00, 0x00, 0x00, 0x00,
    0x00, 0x00, 0x00, 0x00, 0x00, 0x00, 0x00, 0x00, 0x00, 0x00, 0x00, 0x00, 0x00, 0x00, 0x00, 0x00,
    0xFF, 0xFF, 0xFF, 0xF0, 0xFF, 0xFF, 0xFF, 0xF0, 0xFF, 0xFF, 0xFF, 0xF0, 0x00, 0x00, 0x00, 0x00,
    0x00, 0xDD, 0xDD, 0x00, 0x0D, 0x00, 0x00, 0xD0, 0xD0, 0x0D, 0xD0, 0x0D, 0xD0, 0xD0, 0x00, 0x0D,
    0xD0, 0xD0, 0x00, 0x0D, 0xD0, 0x0D, 0xD0, 0x0D, 0x0D, 0x00, 0x00, 0xD0, 0x00, 0xDD, 0xDD, 0x00,
    0x00, 0x00, 0x0E, 0x00, 0x00, 0x0E, 0x0E, 0xE0, 0xE0, 0x0E, 0xEE, 0xE0, 0xE0, 0x0E, 0xEE, 0xEE,
    0xE0, 0xEE, 0xEE, 0xEE, 0xE0, 0xEE, 0xEE, 0xEE, 0xEE, 0xEE, 0xEE, 0xEE, 0xEE, 0xEE, 0xEE, 0xEE,
    0xEE, 0xEE, 0xEE, 0xEE, 0xEE, 0xEE, 0xEE, 0xEE, 0xE0, 0xEE, 0xEE, 0xEE, 0xE0, 0xEE, 0xEE, 0xEE,
    0xE0, 0xEE, 0xEE, 0xEE, 0xE0, 0x0E, 0xEE, 0x0E, 0x00, 0x0E, 0xE0, 0x0E, 0x00, 0x00, 0xE0, 0x00,
    0xFF, 0xFF, 0xFF, 0xF0, 0xFF, 0xFF, 0xFF, 0xF0, 0xFF, 0xFF, 0xFF, 0xF0, 0x00, 0x00, 0x00, 0x00,
    0xFF, 0xFF, 0xFF, 0xF0, 0xFF, 0xFF, 0xFF, 0xF0, 0xFF, 0xFF, 0xFF, 0xF0, 0x00, 0x00, 0x00, 0x00
};

const unsigned char redux_automap_chr_x4[4096] = {
    0x11, 0x11, 0x11, 0x11, 0x12, 0x22, 0x22, 0x22, 0x12, 0x22, 0x22, 0x22, 0x13, 0x11, 0x13, 0x11,
    0x13, 0x11, 0x13, 0x11, 0x12, 0x22, 0x22, 0x21, 0x12, 0x22, 0x22, 0x21, 0x11, 0x11, 0x11, 0x11,
    0x11, 0x11, 0x11, 0x11, 0x22, 0x22, 0x22, 0x21, 0x22, 0x22, 0x22, 0x21, 0x13, 0x11, 0x11, 0x31,
    0x13, 0x11, 0x11, 0x31, 0x12, 0x22, 0x22, 0x22, 0x12, 0x22, 0x22, 0x22, 0x11, 0x11, 0x11, 0x11,
    0x11, 0x11, 0x11, 0x11, 0x12, 0x22, 0x22, 0x22, 0x12, 0x22, 0x22, 0x22, 0x11, 0x11, 0x11, 0x11,
    0x11, 0x11, 0x11, 0x11, 0x22, 0x22, 0x22, 0x22, 0x22, 0x22, 0x22, 0x22, 0x11, 0x31, 0x11, 0x31,
    0x11, 0x11, 0x11, 0x11, 0x22, 0x22, 0x22, 0x22, 0x22, 0x22, 0x22, 0x22, 0x11, 0x11, 0x31, 0x11,
    0x11, 0x11, 0x31, 0x11, 0x22, 0x22, 0x23, 0x33, 0x22, 0x22, 0x23, 0x22, 0x11, 0x11, 0x13, 0x21,
    0x11, 0x11, 0x11, 0x11, 0x12, 0x22, 0x22, 0x21, 0x22, 0x22, 0x22, 0x21, 0x11, 0x11, 0x11, 0x11,
    0x11, 0x11, 0x11, 0x11, 0x33, 0x33, 0x33, 0x33, 0x22, 0x22, 0x22, 0x22, 0x11, 0x11, 0x11, 0x11,
    0x11, 0x11, 0x11, 0x11, 0x33, 0x21, 0x22, 0x21, 0x33, 0x21, 0x22, 0x21, 0x31, 0x31, 0x13, 0x11,
    0x31, 0x31, 0x13, 0x11, 0x32, 0x22, 0x22, 0x21, 0x22, 0x22, 0x22, 0x22, 0x11, 0x11, 0x11, 0x11,
    0x11, 0x11, 0x11, 0x11, 0x11, 0x22, 0x22, 0x21, 0x11, 0x22, 0x22, 0x21, 0x11, 0x31, 0x11, 0x31,
    0x11, 0x31, 0x11, 0x31, 0x12, 0x22, 0x21, 0x22, 0x22, 0x22, 0x21, 0x23, 0x13, 0x11, 0x31, 0x23,
    0x33, 0x33, 0x11, 0x11, 0x11, 0x13, 0x12, 0x21, 0x10, 0x13, 0x12, 0x21, 0x13, 0x13, 0x11, 0x11,
    0x11, 0x11, 0x11, 0x11, 0x22, 0x22, 0x22, 0x21, 0x33, 0x12, 0x22, 0x21, 0x33, 0x11, 0x11, 0x11,
    0x11, 0x11, 0x11, 0x11, 0x12, 0x22, 0x22, 0x21, 0x12, 0x22, 0x22, 0x21, 0x12, 0x22, 0x22, 0x21,
    0x12, 0x22, 0x22, 0x21, 0x12, 0x22, 0x22, 0x22, 0x12, 0x22, 0x22, 0x22, 0x12, 0x22, 0x22, 0x21,
    0x11, 0x11, 0x11, 0x11, 0x22, 0x21, 0x21, 0x22, 0x22, 0x21, 0x21, 0x22, 0x13, 0x11, 0x31, 0x31,
    0x13, 0x11, 0x31, 0x31, 0x22, 0x22, 0x22, 0x21, 0x22, 0x22, 0x22, 0x21, 0x11, 0x11, 0x11, 0x11,
    0x11, 0x31, 0x11, 0x31, 0x22, 0x22, 0x22, 0x21, 0x22, 0x22, 0x22, 0x21, 0x11, 0x11, 0x13, 0x11,
    0x11, 0x11, 0x13, 0x11, 0x12, 0x21, 0x12, 0x22, 0x12, 0x21, 0x12, 0x22, 0x12, 0x23, 0x33, 0x33,
    0x11, 0x11, 0x13, 0x21, 0x12, 0x22, 0x23, 0x21, 0x12, 0x22, 0x23, 0x22, 0x12, 0x23, 0x33, 0x33,
    0x12, 0x23, 0x33, 0x33, 0x22, 0x23, 0x32, 0x22, 0x22, 0x23, 0x32, 0x22, 0x33, 0x33, 0x32, 0x22,
    0x11, 0x11, 0x11, 0x11, 0x22, 0x22, 0x22, 0x22, 0x22, 0x22, 0x22, 0x22, 0x33, 0x21, 0x11, 0x11,
    0x33, 0x21, 0x13, 0x33, 0x33, 0x21, 0x13, 0x33, 0x33, 0x21, 0x12, 0x22, 0x33, 0x21, 0x11, 0x21,
    0x11, 0x11, 0x11, 0x11, 0x22, 0x22, 0x22, 0x22, 0x22, 0x22, 0x22, 0x22, 0x12, 0x22, 0x22, 0x21,
    0x12, 0x22, 0x22, 0x21, 0x12, 0x22, 0x22, 0x21, 0x12, 0x22, 0x22, 0x21, 0x11, 0x21, 0x11, 0x21,
    0x13, 0x11, 0x31, 0x23, 0x22, 0x22, 0x22, 0x23, 0x22, 0x22, 0x22, 0x22, 0x11, 0x11, 0x11, 0x21,
    0x11, 0x11, 0x11, 0x21, 0x12, 0x21, 0x12, 0x21, 0x12, 0x21, 0x12, 0x21, 0x11, 0x31, 0x12, 0x21,
    0x33, 0x33, 0x33, 0x33, 0x33, 0x33, 0x32, 0x22, 0x22, 0x23, 0x32, 0x22, 0x12, 0x23, 0x32, 0x22,
    0x12, 0x23, 0x33, 0x33, 0x12, 0x23, 0x33, 0x33, 0x12, 0x22, 0x22, 0x33, 0x11, 0x11, 0x12, 0x33,
    0x12, 0x22, 0x22, 0x21, 0x12, 0x22, 0x22, 0x21, 0x12, 0x22, 0x22, 0x21, 0x12, 0x21, 0x11, 0x11,
    0x11, 0x31, 0x11, 0x11, 0x11, 0x31, 0x22, 0x21, 0x12, 0x21, 0x22, 0x22, 0x12, 0x21, 0x11, 0x21,
    0x13, 0x33, 0x13, 0x33, 0x13, 0x33, 0x13, 0x33, 0x12, 0x22, 0x12, 0x22, 0x11, 0x21, 0x11, 0x21,
    0x11, 0x21, 0x11, 0x21, 0x12, 0x22, 0x22, 0x22, 0x22, 0x22, 0x22, 0x22, 0x12, 0x22, 0x22, 0x21,
    0x12, 0x23, 0x33, 0x33, 0x12, 0x23, 0x32, 0x22, 0x12, 0x23, 0x32, 0x22, 0x12, 0x23, 0x32, 0x22,
    0x12, 0x23, 0x33, 0x33, 0x22, 0x23, 0x33, 0x33, 0x22, 0x22, 0x23, 0x22, 0x12, 0x22, 0x23, 0x21,
    0x33, 0x33, 0x33, 0x33, 0x33, 0x33, 0x33, 0x33, 0x33, 0x22, 0x22, 0x22, 0x33, 0x21, 0x11, 0x11,
    0x33, 0x21, 0x11, 0x11, 0x33, 0x22, 0x22, 0x22, 0x22, 0x22, 0x22, 0x22, 0x11, 0x11, 0x11, 0x11,
    0x33, 0x21, 0x11, 0x21, 0x33, 0x21, 0x12, 0x22, 0x22, 0x21, 0x12, 0x22, 0x11, 0x21, 0x12, 0x21,
    0x11, 0x21, 0x12, 0x21, 0x22, 0x21, 0x12, 0x21, 0x22, 0x22, 0x22, 0x22, 0x12, 0x21, 0x11, 0x23,
    0x11, 0x21, 0x11, 0x21, 0x22, 0x22, 0x21, 0x21, 0x22, 0x22, 0x21, 0x21, 0x11, 0x11, 0x21, 0x21,
    0x11, 0x11, 0x21, 0x21, 0x11, 0x22, 0x22, 0x22, 0x22, 0x22, 0x22, 0x21, 0x33, 0x22, 0x22, 0x21,
    0x11, 0x31, 0x12, 0x21, 0x12, 0x22, 0x22, 0x22, 0x12, 0x22, 0x22, 0x22, 0x11, 0x11, 0x12, 0x21,
    0x11, 0x11, 0x12, 0x21, 0x22, 0x22, 0x22, 0x22, 0x11, 0x21, 0x12, 0x22, 0x11, 0x21, 0x12, 0x21,
    0x11, 0x11, 0x12, 0x33, 0x22, 0x21, 0x12, 0x33, 0x22, 0x21, 0x12, 0x33, 0x11, 0x11, 0x12, 0x33,
    0x11, 0x11, 0x12, 0x33, 0x22, 0x21, 0x12, 0x33, 0x22, 0x21, 0x12, 0x33, 0x11, 0x11, 0x12, 0x33,
    0x12, 0x21, 0x11, 0x21, 0x12, 0x22, 0x22, 0x22, 0x12, 0x22, 0x22, 0x22, 0x11, 0x11, 0x11, 0x21,
    0x11, 0x11, 0x11, 0x21, 0x12, 0x22, 0x22, 0x22, 0x12, 0x22, 0x22, 0x22, 0x11, 0x11, 0x11, 0x11,
    0x12, 0x22, 0x22, 0x21, 0x22, 0x22, 0x22, 0x22, 0x22, 0x22, 0x22, 0x22, 0x12, 0x22, 0x22, 0x21,
    0x12, 0x22, 0x22, 0x21, 0x22, 0x22, 0x22, 0x21, 0x22, 0x22, 0x22, 0x22, 0x11, 0x11, 0x11, 0x11,
    0x12, 0x22, 0x23, 0x21, 0x22, 0x22, 0x23, 0x22, 0x22, 0x22, 0x23, 0x22, 0x11, 0x11, 0x23, 0x11,
    0x11, 0x11, 0x23, 0x11, 0x12, 0x21, 0x23, 0x22, 0x22, 0x21, 0x23, 0x22, 0x11, 0x11, 0x13, 0x11,
    0x11, 0x11, 0x11, 0x11, 0x22, 0x22, 0x22, 0x22, 0x22, 0x22, 0x22, 0x22, 0x11, 0x21, 0x11, 0x21,
    0x11, 0x21, 0x11, 0x21, 0x22, 0x22, 0x22, 0x22, 0x22, 0x22, 0x22, 0x22, 0x11, 0x11, 0x11, 0x11,
    0x12, 0x21, 0x11, 0x23, 0x22, 0x22, 0x22, 0x23, 0x22, 0x22, 0x22, 0x22, 0x12, 0x21, 0x11, 0x11,
    0x12, 0x21, 0x11, 0x11, 0x22, 0x22, 0x22, 0x22, 0x22, 0x22, 0x22, 0x22, 0x11, 0x11, 0x11, 0x11,
    0x33, 0x22, 0x22, 0x22, 0x33, 0x22, 0x22, 0x22, 0x22, 0x22, 0x22, 0x22, 0x11, 0x11, 0x11, 0x21,
    0x11, 0x11, 0x11, 0x21, 0x22, 0x22, 0x22, 0x22, 0x11, 0x11, 0x11, 0x33, 0x11, 0x11, 0x11, 0x33,
    0x21, 0x21, 0x12, 0x21, 0x21, 0x22, 0x22, 0x21, 0x21, 0x22, 0x22, 0x22, 0x11, 0x11, 0x11, 0x11,
    0x11, 0x11, 0x11, 0x11, 0x22, 0x22, 0x22, 0x22, 0x33, 0x33, 0x33, 0x33, 0x33, 0x33, 0x33, 0x33,
    0x11, 0x11, 0x12, 0x33, 0x12, 0x22, 0x22, 0x33, 0x22, 0x22, 0x22, 0x33, 0x11, 0x11, 0x12, 0x33,
    0x11, 0x11, 0x12, 0x33, 0x22, 0x22, 0x22, 0x33, 0x33, 0x33, 0x33, 0x33, 0x33, 0x33, 0x33, 0x33,
    0x55, 0x55, 0x55, 0x55, 0x56, 0x66, 0x66, 0x66, 0x56, 0x66, 0x66, 0x66, 0x57, 0x55, 0x57, 0x55,
    0x57, 0x55, 0x57, 0x55, 0x56, 0x66, 0x66, 0x65, 0x56, 0x66, 0x66, 0x65, 0x55, 0x55, 0x55, 0x55,
    0x55, 0x55, 0x55, 0x55, 0x66, 0x66, 0x66, 0x65, 0x66, 0x66, 0x66, 0x65, 0x57, 0x55, 0x55, 0x75,
    0x57, 0x55, 0x55, 0x75, 0x56, 0x66, 0x66, 0x66, 0x56, 0x66, 0x66, 0x66, 0x55, 0x55, 0x55, 0x55,
    0x55, 0x55, 0x55, 0x55, 0x56, 0x66, 0x66, 0x66, 0x56, 0x66, 0x66, 0x66, 0x55, 0x55, 0x55, 0x55,
    0x55, 0x55, 0x55, 0x55, 0x66, 0x66, 0x66, 0x66, 0x66, 0x66, 0x66, 0x66, 0x55, 0x75, 0x55, 0x75,
    0x55, 0x55, 0x55, 0x55, 0x66, 0x66, 0x66, 0x66, 0x66, 0x66, 0x66, 0x66, 0x55, 0x55, 0x75, 0x55,
    0x55, 0x55, 0x75, 0x55, 0x66, 0x66, 0x67, 0x77, 0x66, 0x66, 0x67, 0x66, 0x55, 0x55, 0x57, 0x65,
    0x55, 0x55, 0x55, 0x55, 0x56, 0x66, 0x66, 0x65, 0x66, 0x66, 0x66, 0x65, 0x55, 0x55, 0x55, 0x55,
    0x55, 0x55, 0x55, 0x55, 0x77, 0x77, 0x77, 0x77, 0x66, 0x66, 0x66, 0x66, 0x55, 0x55, 0x55, 0x55,
    0x55, 0x55, 0x55, 0x55, 0x77, 0x65, 0x66, 0x65, 0x77, 0x65, 0x66, 0x65, 0x75, 0x75, 0x57, 0x55,
    0x75, 0x75, 0x57, 0x55, 0x76, 0x66, 0x66, 0x65, 0x66, 0x66, 0x66, 0x66, 0x55, 0x55, 0x55, 0x55,
    0x55, 0x55, 0x55, 0x55, 0x55, 0x66, 0x66, 0x65, 0x55, 0x66, 0x66, 0x65, 0x55, 0x75, 0x55, 0x75,
    0x55, 0x75, 0x55, 0x75, 0x56, 0x66, 0x65, 0x66, 0x66, 0x66, 0x65, 0x67, 0x57, 0x55, 0x75, 0x67,
    0x77, 0x77, 0x55, 0x55, 0x55, 0x57, 0x56, 0x65, 0x50, 0x57, 0x56, 0x65, 0x57, 0x57, 0x55, 0x55,
    0x55, 0x55, 0x55, 0x55, 0x66, 0x66, 0x66, 0x65, 0x77, 0x56, 0x66, 0x65, 0x77, 0x55, 0x55, 0x55,
    0x55, 0x55, 0x55, 0x55, 0x56, 0x66, 0x66, 0x65, 0x56, 0x66, 0x66, 0x65, 0x56, 0x66, 0x66, 0x65,
    0x56, 0x66, 0x66, 0x65, 0x56, 0x66, 0x66, 0x66, 0x56, 0x66, 0x66, 0x66, 0x56, 0x66, 0x66, 0x65,
    0x55, 0x55, 0x55, 0x55, 0x66, 0x65, 0x65, 0x66, 0x66, 0x65, 0x65, 0x66, 0x57, 0x55, 0x75, 0x75,
    0x57, 0x55, 0x75, 0x75, 0x66, 0x66, 0x66, 0x65, 0x66, 0x66, 0x66, 0x65, 0x55, 0x55, 0x55, 0x55,
    0x55, 0x75, 0x55, 0x75, 0x66, 0x66, 0x66, 0x65, 0x66, 0x66, 0x66, 0x65, 0x55, 0x55, 0x57, 0x55,
    0x55, 0x55, 0x57, 0x55, 0x56, 0x65, 0x56, 0x66, 0x56, 0x65, 0x56, 0x66, 0x56, 0x67, 0x77, 0x77,
    0x55, 0x55, 0x57, 0x65, 0x56, 0x66, 0x67, 0x65, 0x56, 0x66, 0x67, 0x66, 0x56, 0x67, 0x77, 0x77,
    0x56, 0x67, 0x77, 0x77, 0x66, 0x67, 0x76, 0x66, 0x66, 0x67, 0x76, 0x66, 0x77, 0x77, 0x76, 0x66,
    0x55, 0x55, 0x55, 0x55, 0x66, 0x66, 0x66, 0x66, 0x66, 0x66, 0x66, 0x66, 0x77, 0x65, 0x55, 0x55,
    0x77, 0x65, 0x57, 0x77, 0x77, 0x65, 0x57, 0x77, 0x77, 0x65, 0x56, 0x66, 0x77, 0x65, 0x55, 0x65,
    0x55, 0x55, 0x55, 0x55, 0x66, 0x66, 0x66, 0x66, 0x66, 0x66, 0x66, 0x66, 0x56, 0x66, 0x66, 0x65,
    0x56, 0x66, 0x66, 0x65, 0x56, 0x66, 0x66, 0x65, 0x56, 0x66, 0x66, 0x65, 0x55, 0x65, 0x55, 0x65,
    0x57, 0x55, 0x75, 0x67, 0x66, 0x66, 0x66, 0x67, 0x66, 0x66, 0x66, 0x66, 0x55, 0x55, 0x55, 0x65,
    0x55, 0x55, 0x55, 0x65, 0x56, 0x65, 0x56, 0x65, 0x56, 0x65, 0x56, 0x65, 0x55, 0x75, 0x56, 0x65,
    0x77, 0x77, 0x77, 0x77, 0x77, 0x77, 0x76, 0x66, 0x66, 0x67, 0x76, 0x66, 0x56, 0x67, 0x76, 0x66,
    0x56, 0x67, 0x77, 0x77, 0x56, 0x67, 0x77, 0x77, 0x56, 0x66, 0x66, 0x77, 0x55, 0x55, 0x56, 0x77,
    0x56, 0x66, 0x66, 0x65, 0x56, 0x66, 0x66, 0x65, 0x56, 0x66, 0x66, 0x65, 0x56, 0x65, 0x55, 0x55,
    0x55, 0x75, 0x55, 0x55, 0x55, 0x75, 0x66, 0x65, 0x56, 0x65, 0x66, 0x66, 0x56, 0x65, 0x55, 0x65,
    0x57, 0x77, 0x57, 0x77, 0x57, 0x77, 0x57, 0x77, 0x56, 0x66, 0x56, 0x66, 0x55, 0x65, 0x55, 0x65,
    0x55, 0x65, 0x55, 0x65, 0x56, 0x66, 0x66, 0x66, 0x66, 0x66, 0x66, 0x66, 0x56, 0x66, 0x66, 0x65,
    0x56, 0x67, 0x77, 0x77, 0x56, 0x67, 0x76, 0x66, 0x56, 0x67, 0x76, 0x66, 0x56, 0x67, 0x76, 0x66,
    0x56, 0x67, 0x77, 0x77, 0x66, 0x67, 0x77, 0x77, 0x66, 0x66, 0x67, 0x66, 0x56, 0x66, 0x67, 0x65,
    0x77, 0x77, 0x77, 0x77, 0x77, 0x77, 0x77, 0x77, 0x77, 0x66, 0x66, 0x66, 0x77, 0x65, 0x55, 0x55,
    0x77, 0x65, 0x55, 0x55, 0x77, 0x66, 0x66, 0x66, 0x66, 0x66, 0x66, 0x66, 0x55, 0x55, 0x55, 0x55,
    0x77, 0x65, 0x55, 0x65, 0x77, 0x65, 0x56, 0x66, 0x66, 0x65, 0x56, 0x66, 0x55, 0x65, 0x56, 0x65,
    0x55, 0x65, 0x56, 0x65, 0x66, 0x65, 0x56, 0x65, 0x66, 0x66, 0x66, 0x66, 0x56, 0x65, 0x55, 0x67,
    0x55, 0x65, 0x55, 0x65, 0x66, 0x66, 0x65, 0x65, 0x66, 0x66, 0x65, 0x65, 0x55, 0x55, 0x65, 0x65,
    0x55, 0x55, 0x65, 0x65, 0x55, 0x66, 0x66, 0x66, 0x66, 0x66, 0x66, 0x65, 0x77, 0x66, 0x66, 0x65,
    0x55, 0x75, 0x56, 0x65, 0x56, 0x66, 0x66, 0x66, 0x56, 0x66, 0x66, 0x66, 0x55, 0x55, 0x56, 0x65,
    0x55, 0x55, 0x56, 0x65, 0x66, 0x66, 0x66, 0x66, 0x55, 0x65, 0x56, 0x66, 0x55, 0x65, 0x56, 0x65,
    0x55, 0x55, 0x56, 0x77, 0x66, 0x65, 0x56, 0x77, 0x66, 0x65, 0x56, 0x77, 0x55, 0x55, 0x56, 0x77,
    0x55, 0x55, 0x56, 0x77, 0x66, 0x65, 0x56, 0x77, 0x66, 0x65, 0x56, 0x77, 0x55, 0x55, 0x56, 0x77,
    0x56, 0x65, 0x55, 0x65, 0x56, 0x66, 0x66, 0x66, 0x56, 0x66, 0x66, 0x66, 0x55, 0x55, 0x55, 0x65,
    0x55, 0x55, 0x55, 0x65, 0x56, 0x66, 0x66, 0x66, 0x56, 0x66, 0x66, 0x66, 0x55, 0x55, 0x55, 0x55,
    0x56, 0x66, 0x66, 0x65, 0x66, 0x66, 0x66, 0x66, 0x66, 0x66, 0x66, 0x66, 0x56, 0x66, 0x66, 0x65,
    0x56, 0x66, 0x66, 0x65, 0x66, 0x66, 0x66, 0x65, 0x66, 0x66, 0x66, 0x66, 0x55, 0x55, 0x55, 0x55,
    0x56, 0x66, 0x67, 0x65, 0x66, 0x66, 0x67, 0x66, 0x66, 0x66, 0x67, 0x66, 0x55, 0x55, 0x67, 0x55,
    0x55, 0x55, 0x67, 0x55, 0x56, 0x65, 0x67, 0x66, 0x66, 0x65, 0x67, 0x66, 0x55, 0x55, 0x57, 0x55,
    0x55, 0x55, 0x55, 0x55, 0x66, 0x66, 0x66, 0x66, 0x66, 0x66, 0x66, 0x66, 0x55, 0x65, 0x55, 0x65,
    0x55, 0x65, 0x55, 0x65, 0x66, 0x66, 0x66, 0x66, 0x66, 0x66, 0x66, 0x66, 0x55, 0x55, 0x55, 0x55,
    0x56, 0x65, 0x55, 0x67, 0x66, 0x66, 0x66, 0x67, 0x66, 0x66, 0x66, 0x66, 0x56, 0x65, 0x55, 0x55,
    0x56, 0x65, 0x55, 0x55, 0x66, 0x66, 0x66, 0x66, 0x66, 0x66, 0x66, 0x66, 0x55, 0x55, 0x55, 0x55,
    0x77, 0x66, 0x66, 0x66, 0x77, 0x66, 0x66, 0x66, 0x66, 0x66, 0x66, 0x66, 0x55, 0x55, 0x55, 0x65,
    0x55, 0x55, 0x55, 0x65, 0x66, 0x66, 0x66, 0x66, 0x55, 0x55, 0x55, 0x77, 0x55, 0x55, 0x55, 0x77,
    0x65, 0x65, 0x56, 0x65, 0x65, 0x66, 0x66, 0x65, 0x65, 0x66, 0x66, 0x66, 0x55, 0x55, 0x55, 0x55,
    0x55, 0x55, 0x55, 0x55, 0x66, 0x66, 0x66, 0x66, 0x77, 0x77, 0x77, 0x77, 0x77, 0x77, 0x77, 0x77,
    0x55, 0x55, 0x56, 0x77, 0x56, 0x66, 0x66, 0x77, 0x66, 0x66, 0x66, 0x77, 0x55, 0x55, 0x56, 0x77,
    0x55, 0x55, 0x56, 0x77, 0x66, 0x66, 0x66, 0x77, 0x77, 0x77, 0x77, 0x77, 0x77, 0x77, 0x77, 0x77,
    0x99, 0x99, 0x99, 0x99, 0x9A, 0xAA, 0xAA, 0xAA, 0x9A, 0xAA, 0xAA, 0xAA, 0x9B, 0x99, 0x9B, 0x99,
    0x9B, 0x99, 0x9B, 0x99, 0x9A, 0xAA, 0xAA, 0xA9, 0x9A, 0xAA, 0xAA, 0xA9, 0x99, 0x99, 0x99, 0x99,
    0x99, 0x99, 0x99, 0x99, 0xAA, 0xAA, 0xAA, 0xA9, 0xAA, 0xAA, 0xAA, 0xA9, 0x9B, 0x99, 0x99, 0xB9,
    0x9B, 0x99, 0x99, 0xB9, 0x9A, 0xAA, 0xAA, 0xAA, 0x9A, 0xAA, 0xAA, 0xAA, 0x99, 0x99, 0x99, 0x99,
    0x99, 0x99, 0x99, 0x99, 0x9A, 0xAA, 0xAA, 0xAA, 0x9A, 0xAA, 0xAA, 0xAA, 0x99, 0x99, 0x99, 0x99,
    0x99, 0x99, 0x99, 0x99, 0xAA, 0xAA, 0xAA, 0xAA, 0xAA, 0xAA, 0xAA, 0xAA, 0x99, 0xB9, 0x99, 0xB9,
    0x99, 0x99, 0x99, 0x99, 0xAA, 0xAA, 0xAA, 0xAA, 0xAA, 0xAA, 0xAA, 0xAA, 0x99, 0x99, 0xB9, 0x99,
    0x99, 0x99, 0xB9, 0x99, 0xAA, 0xAA, 0xAB, 0xBB, 0xAA, 0xAA, 0xAB, 0xAA, 0x99, 0x99, 0x9B, 0xA9,
    0x99, 0x99, 0x99, 0x99, 0x9A, 0xAA, 0xAA, 0xA9, 0xAA, 0xAA, 0xAA, 0xA9, 0x99, 0x99, 0x99, 0x99,
    0x99, 0x99, 0x99, 0x99, 0xBB, 0xBB, 0xBB, 0xBB, 0xAA, 0xAA, 0xAA, 0xAA, 0x99, 0x99, 0x99, 0x99,
    0x99, 0x99, 0x99, 0x99, 0xBB, 0xA9, 0xAA, 0xA9, 0xBB, 0xA9, 0xAA, 0xA9, 0xB9, 0xB9, 0x9B, 0x99,
    0xB9, 0xB9, 0x9B, 0x99, 0xBA, 0xAA, 0xAA, 0xA9, 0xAA, 0xAA, 0xAA, 0xAA, 0x99, 0x99, 0x99, 0x99,
    0x99, 0x99, 0x99, 0x99, 0x99, 0xAA, 0xAA, 0xA9, 0x99, 0xAA, 0xAA, 0xA9, 0x99, 0xB9, 0x99, 0xB9,
    0x99, 0xB9, 0x99, 0xB9, 0x9A, 0xAA, 0xA9, 0xAA, 0xAA, 0xAA, 0xA9, 0xAB, 0x9B, 0x99, 0xB9, 0xAB,
    0xBB, 0xBB, 0x99, 0x99, 0x99, 0x9B, 0x9A, 0xA9, 0x90, 0x9B, 0x9A, 0xA9, 0x9B, 0x9B, 0x99, 0x99,
    0x99, 0x99, 0x99, 0x99, 0xAA, 0xAA, 0xAA, 0xA9, 0xBB, 0x9A, 0xAA, 0xA9, 0xBB, 0x99, 0x99, 0x99,
    0x99, 0x99, 0x99, 0x99, 0x9A, 0xAA, 0xAA, 0xA9, 0x9A, 0xAA, 0xAA, 0xA9, 0x9A, 0xAA, 0xAA, 0xA9,
    0x9A, 0xAA, 0xAA, 0xA9, 0x9A, 0xAA, 0xAA, 0xAA, 0x9A, 0xAA, 0xAA, 0xAA, 0x9A, 0xAA, 0xAA, 0xA9,
    0x99, 0x99, 0x99, 0x99, 0xAA, 0xA9, 0xA9, 0xAA, 0xAA, 0xA9, 0xA9, 0xAA, 0x9B, 0x99, 0xB9, 0xB9,
    0x9B, 0x99, 0xB9, 0xB9, 0xAA, 0xAA, 0xAA, 0xA9, 0xAA, 0xAA, 0xAA, 0xA9, 0x99, 0x99, 0x99, 0x99,
    0x99, 0xB9, 0x99, 0xB9, 0xAA, 0xAA, 0xAA, 0xA9, 0xAA, 0xAA, 0xAA, 0xA9, 0x99, 0x99, 0x9B, 0x99,
    0x99, 0x99, 0x9B, 0x99, 0x9A, 0xA9, 0x9A, 0xAA, 0x9A, 0xA9, 0x9A, 0xAA, 0x9A, 0xAB, 0xBB, 0xBB,
    0x99, 0x99, 0x9B, 0xA9, 0x9A, 0xAA, 0xAB, 0xA9, 0x9A, 0xAA, 0xAB, 0xAA, 0x9A, 0xAB, 0xBB, 0xBB,
    0x9A, 0xAB, 0xBB, 0xBB, 0xAA, 0xAB, 0xBA, 0xAA, 0xAA, 0xAB, 0xBA, 0xAA, 0xBB, 0xBB, 0xBA, 0xAA,
    0x99, 0x99, 0x99, 0x99, 0xAA, 0xAA, 0xAA, 0xAA, 0xAA, 0xAA, 0xAA, 0xAA, 0xBB, 0xA9, 0x99, 0x99,
    0xBB, 0xA9, 0x9B, 0xBB, 0xBB, 0xA9, 0x9B, 0xBB, 0xBB, 0xA9, 0x9A, 0xAA, 0xBB, 0xA9, 0x99, 0xA9,
    0x99, 0x99, 0x99, 0x99, 0xAA, 0xAA, 0xAA, 0xAA, 0xAA, 0xAA, 0xAA, 0xAA, 0x9A, 0xAA, 0xAA, 0xA9,
    0x9A, 0xAA, 0xAA, 0xA9, 0x9A, 0xAA, 0xAA, 0xA9, 0x9A, 0xAA, 0xAA, 0xA9, 0x99, 0xA9, 0x99, 0xA9,
    0x9B, 0x99, 0xB9, 0xAB, 0xAA, 0xAA, 0xAA, 0xAB, 0xAA, 0xAA, 0xAA, 0xAA, 0x99, 0x99, 0x99, 0xA9,
    0x99, 0x99, 0x99, 0xA9, 0x9A, 0xA9, 0x9A, 0xA9, 0x9A, 0xA9, 0x9A, 0xA9, 0x99, 0xB9, 0x9A, 0xA9,
    0xBB, 0xBB, 0xBB, 0xBB, 0xBB, 0xBB, 0xBA, 0xAA, 0xAA, 0xAB, 0xBA, 0xAA, 0x9A, 0xAB, 0xBA, 0xAA,
    0x9A, 0xAB, 0xBB, 0xBB, 0x9A, 0xAB, 0xBB, 0xBB, 0x9A, 0xAA, 0xAA, 0xBB, 0x99, 0x99, 0x9A, 0xBB,
    0x9A, 0xAA, 0xAA, 0xA9, 0x9A, 0xAA, 0xAA, 0xA9, 0x9A, 0xAA, 0xAA, 0xA9, 0x9A, 0xA9, 0x99, 0x99,
    0x99, 0xB9, 0x99, 0x99, 0x99, 0xB9, 0xAA, 0xA9, 0x9A, 0xA9, 0xAA, 0xAA, 0x9A, 0xA9, 0x99, 0xA9,
    0x9B, 0xBB, 0x9B, 0xBB, 0x9B, 0xBB, 0x9B, 0xBB, 0x9A, 0xAA, 0x9A, 0xAA, 0x99, 0xA9, 0x99, 0xA9,
    0x99, 0xA9, 0x99, 0xA9, 0x9A, 0xAA, 0xAA, 0xAA, 0xAA, 0xAA, 0xAA, 0xAA, 0x9A, 0xAA, 0xAA, 0xA9,
    0x9A, 0xAB, 0xBB, 0xBB, 0x9A, 0xAB, 0xBA, 0xAA, 0x9A, 0xAB, 0xBA, 0xAA, 0x9A, 0xAB, 0xBA, 0xAA,
    0x9A, 0xAB, 0xBB, 0xBB, 0xAA, 0xAB, 0xBB, 0xBB, 0xAA, 0xAA, 0xAB, 0xAA, 0x9A, 0xAA, 0xAB, 0xA9,
    0xBB, 0xBB, 0xBB, 0xBB, 0xBB, 0xBB, 0xBB, 0xBB, 0xBB, 0xAA, 0xAA, 0xAA, 0xBB, 0xA9, 0x99, 0x99,
    0xBB, 0xA9, 0x99, 0x99, 0xBB, 0xAA, 0xAA, 0xAA, 0xAA, 0xAA, 0xAA, 0xAA, 0x99, 0x99, 0x99, 0x99,
    0xBB, 0xA9, 0x99, 0xA9, 0xBB, 0xA9, 0x9A, 0xAA, 0xAA, 0xA9, 0x9A, 0xAA, 0x99, 0xA9, 0x9A, 0xA9,
    0x99, 0xA9, 0x9A, 0xA9, 0xAA, 0xA9, 0x9A, 0xA9, 0xAA, 0xAA, 0xAA, 0xAA, 0x9A, 0xA9, 0x99, 0xAB,
    0x99, 0xA9, 0x99, 0xA9, 0xAA, 0xAA, 0xA9, 0xA9, 0xAA, 0xAA, 0xA9, 0xA9, 0x99, 0x99, 0xA9, 0xA9,
    0x99, 0x99, 0xA9, 0xA9, 0x99, 0xAA, 0xAA, 0xAA, 0xAA, 0xAA, 0xAA, 0xA9, 0xBB, 0xAA, 0xAA, 0xA9,
    0x99, 0xB9, 0x9A, 0xA9, 0x9A, 0xAA, 0xAA, 0xAA, 0x9A, 0xAA, 0xAA, 0xAA, 0x99, 0x99, 0x9A, 0xA9,
    0x99, 0x99, 0x9A, 0xA9, 0xAA, 0xAA, 0xAA, 0xAA, 0x99, 0xA9, 0x9A, 0xAA, 0x99, 0xA9, 0x9A, 0xA9,
    0x99, 0x99, 0x9A, 0xBB, 0xAA, 0xA9, 0x9A, 0xBB, 0xAA, 0xA9, 0x9A, 0xBB, 0x99, 0x99, 0x9A, 0xBB,
    0x99, 0x99, 0x9A, 0xBB, 0xAA, 0xA9, 0x9A, 0xBB, 0xAA, 0xA9, 0x9A, 0xBB, 0x99, 0x99, 0x9A, 0xBB,
    0x9A, 0xA9, 0x99, 0xA9, 0x9A, 0xAA, 0xAA, 0xAA, 0x9A, 0xAA, 0xAA, 0xAA, 0x99, 0x99, 0x99, 0xA9,
    0x99, 0x99, 0x99, 0xA9, 0x9A, 0xAA, 0xAA, 0xAA, 0x9A, 0xAA, 0xAA, 0xAA, 0x99, 0x99, 0x99, 0x99,
    0x9A, 0xAA, 0xAA, 0xA9, 0xAA, 0xAA, 0xAA, 0xAA, 0xAA, 0xAA, 0xAA, 0xAA, 0x9A, 0xAA, 0xAA, 0xA9,
    0x9A, 0xAA, 0xAA, 0xA9, 0xAA, 0xAA, 0xAA, 0xA9, 0xAA, 0xAA, 0xAA, 0xAA, 0x99, 0x99, 0x99, 0x99,
    0x9A, 0xAA, 0xAB, 0xA9, 0xAA, 0xAA, 0xAB, 0xAA, 0xAA, 0xAA, 0xAB, 0xAA, 0x99, 0x99, 0xAB, 0x99,
    0x99, 0x99, 0xAB, 0x99, 0x9A, 0xA9, 0xAB, 0xAA, 0xAA, 0xA9, 0xAB, 0xAA, 0x99, 0x99, 0x9B, 0x99,
    0x99, 0x99, 0x99, 0x99, 0xAA, 0xAA, 0xAA, 0xAA, 0xAA, 0xAA, 0xAA, 0xAA, 0x99, 0xA9, 0x99, 0xA9,
    0x99, 0xA9, 0x99, 0xA9, 0xAA, 0xAA, 0xAA, 0xAA, 0xAA, 0xAA, 0xAA, 0xAA, 0x99, 0x99, 0x99, 0x99,
    0x9A, 0xA9, 0x99, 0xAB, 0xAA, 0xAA, 0xAA, 0xAB, 0xAA, 0xAA, 0xAA, 0xAA, 0x9A, 0xA9, 0x99, 0x99,
    0x9A, 0xA9, 0x99, 0x99, 0xAA, 0xAA, 0xAA, 0xAA, 0xAA, 0xAA, 0xAA, 0xAA, 0x99, 0x99, 0x99, 0x99,
    0xBB, 0xAA, 0xAA, 0xAA, 0xBB, 0xAA, 0xAA, 0xAA, 0xAA, 0xAA, 0xAA, 0xAA, 0x99, 0x99, 0x99, 0xA9,
    0x99, 0x99, 0x99, 0xA9, 0xAA, 0xAA, 0xAA, 0xAA, 0x99, 0x99, 0x99, 0xBB, 0x99, 0x99, 0x99, 0xBB,
    0xA9, 0xA9, 0x9A, 0xA9, 0xA9, 0xAA, 0xAA, 0xA9, 0xA9, 0xAA, 0xAA, 0xAA, 0x99, 0x99, 0x99, 0x99,
    0x99, 0x99, 0x99, 0x99, 0xAA, 0xAA, 0xAA, 0xAA, 0xBB, 0xBB, 0xBB, 0xBB, 0xBB, 0xBB, 0xBB, 0xBB,
    0x99, 0x99, 0x9A, 0xBB, 0x9A, 0xAA, 0xAA, 0xBB, 0xAA, 0xAA, 0xAA, 0xBB, 0x99, 0x99, 0x9A, 0xBB,
    0x99, 0x99, 0x9A, 0xBB, 0xAA, 0xAA, 0xAA, 0xBB, 0xBB, 0xBB, 0xBB, 0xBB, 0xBB, 0xBB, 0xBB, 0xBB,
    0xDD, 0xDD, 0xDD, 0xDD, 0xDE, 0xEE, 0xEE, 0xEE, 0xDE, 0xEE, 0xEE, 0xEE, 0xDF, 0xDD, 0xDF, 0xDD,
    0xDF, 0xDD, 0xDF, 0xDD, 0xDE, 0xEE, 0xEE, 0xED, 0xDE, 0xEE, 0xEE, 0xED, 0xDD, 0xDD, 0xDD, 0xDD,
    0xDD, 0xDD, 0xDD, 0xDD, 0xEE, 0xEE, 0xEE, 0xED, 0xEE, 0xEE, 0xEE, 0xED, 0xDF, 0xDD, 0xDD, 0xFD,
    0xDF, 0xDD, 0xDD, 0xFD, 0xDE, 0xEE, 0xEE, 0xEE, 0xDE, 0xEE, 0xEE, 0xEE, 0xDD, 0xDD, 0xDD, 0xDD,
    0xDD, 0xDD, 0xDD, 0xDD, 0xDE, 0xEE, 0xEE, 0xEE, 0xDE, 0xEE, 0xEE, 0xEE, 0xDD, 0xDD, 0xDD, 0xDD,
    0xDD, 0xDD, 0xDD, 0xDD, 0xEE, 0xEE, 0xEE, 0xEE, 0xEE, 0xEE, 0xEE, 0xEE, 0xDD, 0xFD, 0xDD, 0xFD,
    0xDD, 0xDD, 0xDD, 0xDD, 0xEE, 0xEE, 0xEE, 0xEE, 0xEE, 0xEE, 0xEE, 0xEE, 0xDD, 0xDD, 0xFD, 0xDD,
    0xDD, 0xDD, 0xFD, 0xDD, 0xEE, 0xEE, 0xEF, 0xFF, 0xEE, 0xEE, 0xEF, 0xEE, 0xDD, 0xDD, 0xDF, 0xED,
    0xDD, 0xDD, 0xDD, 0xDD, 0xDE, 0xEE, 0xEE, 0xED, 0xEE, 0xEE, 0xEE, 0xED, 0xDD, 0xDD, 0xDD, 0xDD,
    0xDD, 0xDD, 0xDD, 0xDD, 0xFF, 0xFF, 0xFF, 0xFF, 0xEE, 0xEE, 0xEE, 0xEE, 0xDD, 0xDD, 0xDD, 0xDD,
    0xDD, 0xDD, 0xDD, 0xDD, 0xFF, 0xED, 0xEE, 0xED, 0xFF, 0xED, 0xEE, 0xED, 0xFD, 0xFD, 0xDF, 0xDD,
    0xFD, 0xFD, 0xDF, 0xDD, 0xFE, 0xEE, 0xEE, 0xED, 0xEE, 0xEE, 0xEE, 0xEE, 0xDD, 0xDD, 0xDD, 0xDD,
    0xDD, 0xDD, 0xDD, 0xDD, 0xDD, 0xEE, 0xEE, 0xED, 0xDD, 0xEE, 0xEE, 0xED, 0xDD, 0xFD, 0xDD, 0xFD,
    0xDD, 0xFD, 0xDD, 0xFD, 0xDE, 0xEE, 0xED, 0xEE, 0xEE, 0xEE, 0xED, 0xEF, 0xDF, 0xDD, 0xFD, 0xEF,
    0xFF, 0xFF, 0xDD, 0xDD, 0xDD, 0xDF, 0xDE, 0xED, 0xD0, 0xDF, 0xDE, 0xED, 0xDF, 0xDF, 0xDD, 0xDD,
    0xDD, 0xDD, 0xDD, 0xDD, 0xEE, 0xEE, 0xEE, 0xED, 0xFF, 0xDE, 0xEE, 0xED, 0xFF, 0xDD, 0xDD, 0xDD,
    0xDD, 0xDD, 0xDD, 0xDD, 0xDE, 0xEE, 0xEE, 0xED, 0xDE, 0xEE, 0xEE, 0xED, 0xDE, 0xEE, 0xEE, 0xED,
    0xDE, 0xEE, 0xEE, 0xED, 0xDE, 0xEE, 0xEE, 0xEE, 0xDE, 0xEE, 0xEE, 0xEE, 0xDE, 0xEE, 0xEE, 0xED,
    0xDD, 0xDD, 0xDD, 0xDD, 0xEE, 0xED, 0xED, 0xEE, 0xEE, 0xED, 0xED, 0xEE, 0xDF, 0xDD, 0xFD, 0xFD,
    0xDF, 0xDD, 0xFD, 0xFD, 0xEE, 0xEE, 0xEE, 0xED, 0xEE, 0xEE, 0xEE, 0xED, 0xDD, 0xDD, 0xDD, 0xDD,
    0xDD, 0xFD, 0xDD, 0xFD, 0xEE, 0xEE, 0xEE, 0xED, 0xEE, 0xEE, 0xEE, 0xED, 0xDD, 0xDD, 0xDF, 0xDD,
    0xDD, 0xDD, 0xDF, 0xDD, 0xDE, 0xED, 0xDE, 0xEE, 0xDE, 0xED, 0xDE, 0xEE, 0xDE, 0xEF, 0xFF, 0xFF,
    0xDD, 0xDD, 0xDF, 0xED, 0xDE, 0xEE, 0xEF, 0xED, 0xDE, 0xEE, 0xEF, 0xEE, 0xDE, 0xEF, 0xFF, 0xFF,
    0xDE, 0xEF, 0xFF, 0xFF, 0xEE, 0xEF, 0xFE, 0xEE, 0xEE, 0xEF, 0xFE, 0xEE, 0xFF, 0xFF, 0xFE, 0xEE,
    0xDD, 0xDD, 0xDD, 0xDD, 0xEE, 0xEE, 0xEE, 0xEE, 0xEE, 0xEE, 0xEE, 0xEE, 0xFF, 0xED, 0xDD, 0xDD,
    0xFF, 0xED, 0xDF, 0xFF, 0xFF, 0xED, 0xDF, 0xFF, 0xFF, 0xED, 0xDE, 0xEE, 0xFF, 0xED, 0xDD, 0xED,
    0xDD, 0xDD, 0xDD, 0xDD, 0xEE, 0xEE, 0xEE, 0xEE, 0xEE, 0xEE, 0xEE, 0xEE, 0xDE, 0xEE, 0xEE, 0xED,
    0xDE, 0xEE, 0xEE, 0xED, 0xDE, 0xEE, 0xEE, 0xED, 0xDE, 0xEE, 0xEE, 0xED, 0xDD, 0xED, 0xDD, 0xED,
    0xDF, 0xDD, 0xFD, 0xEF, 0xEE, 0xEE, 0xEE, 0xEF, 0xEE, 0xEE, 0xEE, 0xEE, 0xDD, 0xDD, 0xDD, 0xED,
    0xDD, 0xDD, 0xDD, 0xED, 0xDE, 0xED, 0xDE, 0xED, 0xDE, 0xED, 0xDE, 0xED, 0xDD, 0xFD, 0xDE, 0xED,
    0xFF, 0xFF, 0xFF, 0xFF, 0xFF, 0xFF, 0xFE, 0xEE, 0xEE, 0xEF, 0xFE, 0xEE, 0xDE, 0xEF, 0xFE, 0xEE,
    0xDE, 0xEF, 0xFF, 0xFF, 0xDE, 0xEF, 0xFF, 0xFF, 0xDE, 0xEE, 0xEE, 0xFF, 0xDD, 0xDD, 0xDE, 0xFF,
    0xDE, 0xEE, 0xEE, 0xED, 0xDE, 0xEE, 0xEE, 0xED, 0xDE, 0xEE, 0xEE, 0xED, 0xDE, 0xED, 0xDD, 0xDD,
    0xDD, 0xFD, 0xDD, 0xDD, 0xDD, 0xFD, 0xEE, 0xED, 0xDE, 0xED, 0xEE, 0xEE, 0xDE, 0xED, 0xDD, 0xED,
    0xDF, 0xFF, 0xDF, 0xFF, 0xDF, 0xFF, 0xDF, 0xFF, 0xDE, 0xEE, 0xDE, 0xEE, 0xDD, 0xED, 0xDD, 0xED,
    0xDD, 0xED, 0xDD, 0xED, 0xDE, 0xEE, 0xEE, 0xEE, 0xEE, 0xEE, 0xEE, 0xEE, 0xDE, 0xEE, 0xEE, 0xED,
    0xDE, 0xEF, 0xFF, 0xFF, 0xDE, 0xEF, 0xFE, 0xEE, 0xDE, 0xEF, 0xFE, 0xEE, 0xDE, 0xEF, 0xFE, 0xEE,
    0xDE, 0xEF, 0xFF, 0xFF, 0xEE, 0xEF, 0xFF, 0xFF, 0xEE, 0xEE, 0xEF, 0xEE, 0xDE, 0xEE, 0xEF, 0xED,
    0xFF, 0xFF, 0xFF, 0xFF, 0xFF, 0xFF, 0xFF, 0xFF, 0xFF, 0xEE, 0xEE, 0xEE, 0xFF, 0xED, 0xDD, 0xDD,
    0xFF, 0xED, 0xDD, 0xDD, 0xFF, 0xEE, 0xEE, 0xEE, 0xEE, 0xEE, 0xEE, 0xEE, 0xDD, 0xDD, 0xDD, 0xDD,
    0xFF, 0xED, 0xDD, 0xED, 0xFF, 0xED, 0xDE, 0xEE, 0xEE, 0xED, 0xDE, 0xEE, 0xDD, 0xED, 0xDE, 0xED,
    0xDD, 0xED, 0xDE, 0xED, 0xEE, 0xED, 0xDE, 0xED, 0xEE, 0xEE, 0xEE, 0xEE, 0xDE, 0xED, 0xDD, 0xEF,
    0xDD, 0xED, 0xDD, 0xED, 0xEE, 0xEE, 0xED, 0xED, 0xEE, 0xEE, 0xED, 0xED, 0xDD, 0xDD, 0xED, 0xED,
    0xDD, 0xDD, 0xED, 0xED, 0xDD, 0xEE, 0xEE, 0xEE, 0xEE, 0xEE, 0xEE, 0xED, 0xFF, 0xEE, 0xEE, 0xED,
    0xDD, 0xFD, 0xDE, 0xED, 0xDE, 0xEE, 0xEE, 0xEE, 0xDE, 0xEE, 0xEE, 0xEE, 0xDD, 0xDD, 0xDE, 0xED,
    0xDD, 0xDD, 0xDE, 0xED, 0xEE, 0xEE, 0xEE, 0xEE, 0xDD, 0xED, 0xDE, 0xEE, 0xDD, 0xED, 0xDE, 0xED,
    0xDD, 0xDD, 0xDE, 0xFF, 0xEE, 0xED, 0xDE, 0xFF, 0xEE, 0xED, 0xDE, 0xFF, 0xDD, 0xDD, 0xDE, 0xFF,
    0xDD, 0xDD, 0xDE, 0xFF, 0xEE, 0xED, 0xDE, 0xFF, 0xEE, 0xED, 0xDE, 0xFF, 0xDD, 0xDD, 0xDE, 0xFF,
    0xDE, 0xED, 0xDD, 0xED, 0xDE, 0xEE, 0xEE, 0xEE, 0xDE, 0xEE, 0xEE, 0xEE, 0xDD, 0xDD, 0xDD, 0xED,
    0xDD, 0xDD, 0xDD, 0xED, 0xDE, 0xEE, 0xEE, 0xEE, 0xDE, 0xEE, 0xEE, 0xEE, 0xDD, 0xDD, 0xDD, 0xDD,
    0xDE, 0xEE, 0xEE, 0xED, 0xEE, 0xEE, 0xEE, 0xEE, 0xEE, 0xEE, 0xEE, 0xEE, 0xDE, 0xEE, 0xEE, 0xED,
    0xDE, 0xEE, 0xEE, 0xED, 0xEE, 0xEE, 0xEE, 0xED, 0xEE, 0xEE, 0xEE, 0xEE, 0xDD, 0xDD, 0xDD, 0xDD,
    0xDE, 0xEE, 0xEF, 0xED, 0xEE, 0xEE, 0xEF, 0xEE, 0xEE, 0xEE, 0xEF, 0xEE, 0xDD, 0xDD, 0xEF, 0xDD,
    0xDD, 0xDD, 0xEF, 0xDD, 0xDE, 0xED, 0xEF, 0xEE, 0xEE, 0xED, 0xEF, 0xEE, 0xDD, 0xDD, 0xDF, 0xDD,
    0xDD, 0xDD, 0xDD, 0xDD, 0xEE, 0xEE, 0xEE, 0xEE, 0xEE, 0xEE, 0xEE, 0xEE, 0xDD, 0xED, 0xDD, 0xED,
    0xDD, 0xED, 0xDD, 0xED, 0xEE, 0xEE, 0xEE, 0xEE, 0xEE, 0xEE, 0xEE, 0xEE, 0xDD, 0xDD, 0xDD, 0xDD,
    0xDE, 0xED, 0xDD, 0xEF, 0xEE, 0xEE, 0xEE, 0xEF, 0xEE, 0xEE, 0xEE, 0xEE, 0xDE, 0xED, 0xDD, 0xDD,
    0xDE, 0xED, 0xDD, 0xDD, 0xEE, 0xEE, 0xEE, 0xEE, 0xEE, 0xEE, 0xEE, 0xEE, 0xDD, 0xDD, 0xDD, 0xDD,
    0xFF, 0xEE, 0xEE, 0xEE, 0xFF, 0xEE, 0xEE, 0xEE, 0xEE, 0xEE, 0xEE, 0xEE, 0xDD, 0xDD, 0xDD, 0xED,
    0xDD, 0xDD, 0xDD, 0xED, 0xEE, 0xEE, 0xEE, 0xEE, 0xDD, 0xDD, 0xDD, 0xFF, 0xDD, 0xDD, 0xDD, 0xFF,
    0xED, 0xED, 0xDE, 0xED, 0xED, 0xEE, 0xEE, 0xED, 0xED, 0xEE, 0xEE, 0xEE, 0xDD, 0xDD, 0xDD, 0xDD,
    0xDD, 0xDD, 0xDD, 0xDD, 0xEE, 0xEE, 0xEE, 0xEE, 0xFF, 0xFF, 0xFF, 0xFF, 0xFF, 0xFF, 0xFF, 0xFF,
    0xDD, 0xDD, 0xDE, 0xFF, 0xDE, 0xEE, 0xEE, 0xFF, 0xEE, 0xEE, 0xEE, 0xFF, 0xDD, 0xDD, 0xDE, 0xFF,
    0xDD, 0xDD, 0xDE, 0xFF, 0xEE, 0xEE, 0xEE, 0xFF, 0xFF, 0xFF, 0xFF, 0xFF, 0xFF, 0xFF, 0xFF, 0xFF
};

