/* AUTO-GENERATED by tools/audio/synth_noise_sfx.py - do not edit.
 * NES Z1 noise-channel effects (Z_00.asm DriveEffect) rendered via the
 * NES noise LFSR: 8-bit signed PCM stored as u8 @ 14000 Hz. */
#include "sfx_pcm_noise.h"
const u8 __attribute__((aligned(256))) sfx_pcm_sword[SFX_PCM_SWORD_LEN] = {
    0x00, 0x00, 0x00, 0x00, 0x35, 0x35, 0x35, 0x35, 0x35, 0x35, 0x35, 0x35, 0x35, 0x35, 0x35, 0x35,
    0x35, 0x35, 0x35, 0x35, 0x35, 0x35, 0x35, 0x35, 0x35, 0x35, 0x35, 0x35, 0x35, 0x35, 0x35, 0x35,
    0x35, 0x35, 0x35, 0x35, 0x35, 0x35, 0x35, 0x35, 0x35, 0x35, 0x35, 0x35, 0x35, 0x35, 0x35, 0x35,
    0x35, 0x35, 0x35, 0x35, 0x35, 0x35, 0x35, 0x35, 0x35, 0x35, 0x35, 0x35, 0x00, 0x00, 0x00, 0x00,
    0x35, 0x35, 0x35, 0x35, 0x35, 0x35, 0x35, 0x35, 0x35, 0x35, 0x35, 0x35, 0x35, 0x35, 0x35, 0x35,
    0x35, 0x35, 0x35, 0x35, 0x35, 0x35, 0x35, 0x35, 0x35, 0x35, 0x35, 0x35, 0x35, 0x35, 0x35, 0x35,
    0x35, 0x35, 0x35, 0x35, 0x35, 0x35, 0x35, 0x35, 0x35, 0x35, 0x35, 0x35, 0x35, 0x35, 0x35, 0x35,
    0x35, 0x35, 0x35, 0x35, 0x00, 0x00, 0x00, 0x00, 0x00, 0x00, 0x00, 0x00, 0x35, 0x35, 0x35, 0x35,
    0x35, 0x35, 0x35, 0x35, 0x35, 0x35, 0x35, 0x35, 0x35, 0x35, 0x35, 0x35, 0x35, 0x35, 0x35, 0x35,
    0x35, 0x35, 0x35, 0x35, 0x35, 0x35, 0x35, 0x35, 0x35, 0x35, 0x35, 0x35, 0x35, 0x35, 0x35, 0x35,
    0x35, 0x35, 0x35, 0x35, 0x35, 0x35, 0x35, 0x35, 0x35, 0x35, 0x35, 0x00, 0x00, 0x00, 0x00, 0x35,
    0x35, 0x35, 0x35, 0x00, 0x00, 0x00, 0x00, 0x35, 0x35, 0x35, 0x35, 0x35, 0x35, 0x35, 0x35, 0x35,
    0x35, 0x35, 0x35, 0x35, 0x35, 0x35, 0x35, 0x35, 0x35, 0x35, 0x35, 0x35, 0x35, 0x35, 0x35, 0x35,
    0x35, 0x35, 0x35, 0x35, 0x35, 0x35, 0x35, 0x35, 0x35, 0x35, 0x35, 0x35, 0x35, 0x35, 0x35, 0x35,
    0x35, 0x35, 0x35, 0x00, 0x00, 0x00, 0x00, 0x00, 0x00, 0x00, 0x00, 0x00, 0x00, 0x00, 0x00, 0x00,
    0x00, 0x00, 0x00, 0x3C, 0x3C, 0x3C, 0x3C, 0x3C, 0x3C, 0x3C, 0x3C, 0x3C, 0x3C, 0x3C, 0x3C, 0x3C,
    0x3C, 0x3C, 0x3C, 0x3C, 0x3C, 0x3C, 0x3C, 0x3C, 0x3C, 0x3C, 0x3C, 0x3C, 0x3C, 0x3C, 0x3C, 0x3C,
    0x3C, 0x3C, 0x3C, 0x3C, 0x3C, 0x3C, 0x3C, 0x3C, 0x3C, 0x3C, 0x3C, 0x00, 0x00, 0x00, 0x00, 0x3C,
    0x3C, 0x3C, 0x3C, 0x3C, 0x3C, 0x3C, 0x3C, 0x3C, 0x3C, 0x3C, 0x3C, 0x00, 0x00, 0x00, 0x00, 0x3C,
    0x3C, 0x3C, 0x3C, 0x3C, 0x3C, 0x3C, 0x3C, 0x3C, 0x3C, 0x3C, 0x3C, 0x3C, 0x3C, 0x3C, 0x3C, 0x3C,
    0x3C, 0x3C, 0x3C, 0x3C, 0x3C, 0x3C, 0x3C, 0x3C, 0x3C, 0x3C, 0x3C, 0x3C, 0x3C, 0x3C, 0x3C, 0x3C,
    0x3C, 0x3C, 0x00, 0x00, 0x00, 0x00, 0x00, 0x00, 0x00, 0x00, 0x3C, 0x3C, 0x3C, 0x3C, 0x3C, 0x3C,
    0x3C, 0x3C, 0x00, 0x00, 0x00, 0x00, 0x00, 0x00, 0x00, 0x00, 0x3C, 0x3C, 0x3C, 0x3C, 0x3C, 0x3C,
    0x3C, 0x3C, 0x3C, 0x3C, 0x3C, 0x3C, 0x3C, 0x3C, 0x3C, 0x3C, 0x3C, 0x3C, 0x3C, 0x3C, 0x3C, 0x3C,
    0x3C, 0x3C, 0x3C, 0x3C, 0x3C, 0x3C, 0x3C, 0x3C, 0x3C, 0x3C, 0x00, 0x00, 0x00, 0x00, 0x3C, 0x3C,
    0x3C, 0x3C, 0x00, 0x00, 0x00, 0x00, 0x3C, 0x3C, 0x3C, 0x3C, 0x00, 0x00, 0x00, 0x00, 0x3C, 0x3C,
    0x3C, 0x3C, 0x00, 0x00, 0x00, 0x00, 0x3C, 0x3C, 0x3C, 0x3C, 0x3C, 0x3C, 0x3C, 0x3C, 0x3C, 0x3C,
    0x3C, 0x3C, 0x3C, 0x3C, 0x3C, 0x3C, 0x3C, 0x3C, 0x3C, 0x3C, 0x3C, 0x3C, 0x3C, 0x3C, 0x3C, 0x3C,
    0x3C, 0x3C, 0x00, 0x00, 0x00, 0x00, 0x00, 0x00, 0x00, 0x00, 0x00, 0x00, 0x00, 0x00, 0x00, 0x00,
    0x00, 0x00, 0x00, 0x00, 0x00, 0x00, 0x00, 0x00, 0x00, 0x00, 0x00, 0x00, 0x00, 0x21, 0x21, 0x21,
    0x21, 0x21, 0x21, 0x21, 0x21, 0x21, 0x21, 0x21, 0x21, 0x21, 0x21, 0x21, 0x21, 0x21, 0x21, 0x00,
    0x00, 0x00, 0x21, 0x21, 0x21, 0x21, 0x21, 0x21, 0x21, 0x21, 0x21, 0x21, 0x21, 0x21, 0x21, 0x21,
    0x21, 0x21, 0x21, 0x21, 0x21, 0x21, 0x21, 0x00, 0x00, 0x00, 0x21, 0x21, 0x21, 0x21, 0x21, 0x21,
    0x21, 0x21, 0x21, 0x21, 0x21, 0x21, 0x21, 0x21, 0x21, 0x00, 0x00, 0x00, 0x00, 0x00, 0x00, 0x21,
    0x21, 0x21, 0x21, 0x21, 0x21, 0x21, 0x21, 0x21, 0x21, 0x21, 0x21, 0x21, 0x21, 0x21, 0x21, 0x21,
    0x21, 0x00, 0x00, 0x00, 0x00, 0x00, 0x21, 0x21, 0x21, 0x21, 0x21, 0x21, 0x21, 0x21, 0x21, 0x21,
    0x21, 0x21, 0x00, 0x00, 0x00, 0x21, 0x21, 0x21, 0x00, 0x00, 0x00, 0x21, 0x21, 0x21, 0x21, 0x21,
    0x21, 0x21, 0x21, 0x21, 0x21, 0x21, 0x21, 0x21, 0x21, 0x21, 0x00, 0x00, 0x00, 0x21, 0x21, 0x21,
    0x00, 0x00, 0x00, 0x21, 0x21, 0x21, 0x21, 0x21, 0x21, 0x21, 0x21, 0x21, 0x00, 0x00, 0x00, 0x00,
    0x00, 0x00, 0x00, 0x00, 0x00, 0x00, 0x00, 0x00, 0x21, 0x21, 0x21, 0x21, 0x21, 0x21, 0x21, 0x21,
    0x21, 0x21, 0x21, 0x21, 0x00, 0x00, 0x00, 0x00, 0x00, 0x00, 0x00, 0x00, 0x00, 0x00, 0x00, 0x00,
    0x21, 0x21, 0x21, 0x21, 0x21, 0x21, 0x00, 0x00, 0x00, 0x21, 0x21, 0x21, 0x21, 0x21, 0x21, 0x21,
    0x21, 0x00, 0x00, 0x00, 0x21, 0x21, 0x21, 0x21, 0x21, 0x21, 0x21, 0x21, 0x21, 0x00, 0x00, 0x00,
    0x21, 0x21, 0x21, 0x21, 0x21, 0x21, 0x21, 0x21, 0x21, 0x00, 0x00, 0x00, 0x35, 0x35, 0x35, 0x00,
    0x00, 0x00, 0x00, 0x00, 0x00, 0x35, 0x35, 0x35, 0x35, 0x35, 0x35, 0x00, 0x00, 0x00, 0x00, 0x00,
    0x00, 0x35, 0x35, 0x35, 0x35, 0x35, 0x35, 0x00, 0x00, 0x00, 0x00, 0x00, 0x00, 0x35, 0x35, 0x35,
    0x35, 0x35, 0x35, 0x00, 0x00, 0x00, 0x00, 0x00, 0x00, 0x00, 0x00, 0x00, 0x35, 0x35, 0x35, 0x00,
    0x00, 0x00, 0x35, 0x35, 0x35, 0x00, 0x00, 0x00, 0x35, 0x35, 0x35, 0x00, 0x00, 0x00, 0x35, 0x35,
    0x35, 0x00, 0x00, 0x00, 0x35, 0x35, 0x35, 0x00, 0x00, 0x00, 0x35, 0x35, 0x35, 0x00, 0x00, 0x35,
    0x35, 0x35, 0x35, 0x35, 0x35, 0x00, 0x00, 0x00, 0x00, 0x00, 0x00, 0x00, 0x00, 0x00, 0x00, 0x00,
    0x00, 0x00, 0x00, 0x00, 0x00, 0x00, 0x00, 0x00, 0x00, 0x00, 0x00, 0x00, 0x00, 0x00, 0x00, 0x00,
    0x00, 0x00, 0x00, 0x00, 0x00, 0x00, 0x00, 0x00, 0x00, 0x00, 0x00, 0x00, 0x35, 0x35, 0x35, 0x00,
    0x00, 0x00, 0x35, 0x35, 0x35, 0x35, 0x35, 0x35, 0x35, 0x35, 0x35, 0x35, 0x35, 0x35, 0x35, 0x35,
    0x35, 0x35, 0x35, 0x35, 0x35, 0x35, 0x35, 0x35, 0x35, 0x35, 0x35, 0x35, 0x35, 0x35, 0x35, 0x35,
    0x35, 0x35, 0x35, 0x35, 0x35, 0x35, 0x00, 0x00, 0x00, 0x00, 0x00, 0x00, 0x00, 0x00, 0x00, 0x35,
    0x35, 0x35, 0x35, 0x35, 0x35, 0x35, 0x35, 0x35, 0x35, 0x35, 0x35, 0x35, 0x35, 0x35, 0x35, 0x35,
    0x35, 0x35, 0x35, 0x35, 0x35, 0x35, 0x35, 0x35, 0x35, 0x35, 0x35, 0x35, 0x35, 0x35, 0x35, 0x00,
    0x00, 0x00, 0x35, 0x35, 0x35, 0x35, 0x35, 0x35, 0x00, 0x00, 0x00, 0x35, 0x35, 0x35, 0x35, 0x35,
    0x35, 0x35, 0x35, 0x35, 0x35, 0x35, 0x3C, 0x3C, 0x3C, 0x3C, 0x3C, 0x3C, 0x3C, 0x3C, 0x3C, 0x3C,
    0x3C, 0x3C, 0x3C, 0x3C, 0x3C, 0x3C, 0x3C, 0x3C, 0x3C, 0x00, 0x00, 0x00, 0x00, 0x00, 0x00, 0x3C,
    0x3C, 0x3C, 0x00, 0x00, 0x00, 0x00, 0x00, 0x00, 0x3C, 0x3C, 0x3C, 0x3C, 0x3C, 0x3C, 0x3C, 0x3C,
    0x3C, 0x3C, 0x3C, 0x3C, 0x3C, 0x3C, 0x3C, 0x3C, 0x3C, 0x3C, 0x3C, 0x3C, 0x3C, 0x3C, 0x3C, 0x3C,
    0x3C, 0x3C, 0x3C, 0x00, 0x00, 0x3C, 0x3C, 0x3C, 0x00, 0x00, 0x00, 0x00, 0x00, 0x00, 0x3C, 0x3C,
    0x3C, 0x00, 0x00, 0x00, 0x3C, 0x3C, 0x3C, 0x3C, 0x3C, 0x3C, 0x3C, 0x3C, 0x3C, 0x3C, 0x3C, 0x3C,
    0x3C, 0x3C, 0x3C, 0x3C, 0x3C, 0x3C, 0x3C, 0x3C, 0x3C, 0x3C, 0x3C, 0x3C, 0x00, 0x00, 0x00, 0x00,
    0x00, 0x00, 0x00, 0x00, 0x00, 0x3C, 0x3C, 0x3C, 0x00, 0x00, 0x00, 0x00, 0x00, 0x00, 0x00, 0x00,
    0x00, 0x3C, 0x3C, 0x3C, 0x3C, 0x3C, 0x3C, 0x3C, 0x3C, 0x3C, 0x3C, 0x3C, 0x3C, 0x3C, 0x3C, 0x3C,
    0x3C, 0x3C, 0x3C, 0x3C, 0x3C, 0x3C, 0x00, 0x00, 0x00, 0x3C, 0x3C, 0x3C, 0x3C, 0x3C, 0x3C, 0x00,
    0x00, 0x00, 0x00, 0x00, 0x00, 0x3C, 0x3C, 0x3C, 0x3C, 0x3C, 0x3C, 0x00, 0x00, 0x00, 0x3C, 0x3C,
    0x3C, 0x3C, 0x3C, 0x3C, 0x3C, 0x3C, 0x3C, 0x3C, 0x3C, 0x3C, 0x3C, 0x3C, 0x3C, 0x3C, 0x3C, 0x00,
    0x00, 0x00, 0x00, 0x00, 0x00, 0x3C, 0x3C, 0x3C, 0x00, 0x00, 0x00, 0x3C, 0x3C, 0x3C, 0x00, 0x00,
    0x00, 0x3C, 0x3C, 0x3C, 0x00, 0x00, 0x00, 0x00, 0x00, 0x00, 0x3C, 0x3C, 0x3C, 0x3C, 0x3C, 0x3C,
    0x3C, 0x3C, 0x3C, 0x3C, 0x3C, 0x3C, 0x3C, 0x3C, 0x3C, 0x00, 0x00, 0x00, 0x3C, 0x3C, 0x3C, 0x00,
    0x00, 0x00, 0x00, 0x00, 0x00, 0x00, 0x00, 0x00, 0x00, 0x00, 0x49, 0x49, 0x00, 0x00, 0x49, 0x49,
    0x49, 0x49, 0x49, 0x49, 0x49, 0x49, 0x00, 0x00, 0x00, 0x00, 0x00, 0x00, 0x49, 0x49, 0x49, 0x49,
    0x49, 0x49, 0x49, 0x49, 0x49, 0x49, 0x00, 0x00, 0x00, 0x00, 0x00, 0x00, 0x49, 0x49, 0x49, 0x49,
    0x49, 0x49, 0x00, 0x00, 0x49, 0x49, 0x49, 0x49, 0x00, 0x00, 0x49, 0x49, 0x49, 0x49, 0x49, 0x49,
    0x49, 0x00, 0x00, 0x49, 0x49, 0x49, 0x49, 0x00, 0x00, 0x49, 0x49, 0x49, 0x49, 0x00, 0x00, 0x00,
    0x00, 0x49, 0x49, 0x00, 0x00, 0x00, 0x00, 0x49, 0x49, 0x49, 0x49, 0x49, 0x49, 0x00, 0x00, 0x00,
    0x00, 0x49, 0x49, 0x00, 0x00, 0x00, 0x00, 0x49, 0x49, 0x00, 0x00, 0x49, 0x49, 0x00, 0x00, 0x00,
    0x00, 0x49, 0x49, 0x00, 0x00, 0x49, 0x49, 0x49, 0x49, 0x00, 0x00, 0x49, 0x49, 0x00, 0x00, 0x00,
    0x00, 0x49, 0x49, 0x00, 0x00, 0x00, 0x00, 0x00, 0x00, 0x00, 0x00, 0x49, 0x49, 0x00, 0x00, 0x00,
    0x00, 0x00, 0x00, 0x49, 0x49, 0x00, 0x00, 0x00, 0x00, 0x00, 0x00, 0x49, 0x49, 0x00, 0x00, 0x00,
    0x00, 0x49, 0x49, 0x49, 0x49, 0x49, 0x49, 0x00, 0x00, 0x00, 0x00, 0x49, 0x49, 0x49, 0x49, 0x00,
    0x00, 0x00, 0x00, 0x49, 0x49, 0x49, 0x49, 0x00, 0x00, 0x00, 0x00, 0x49, 0x49, 0x00, 0x00, 0x49,
    0x49, 0x49, 0x49, 0x00, 0x00, 0x49, 0x49, 0x00, 0x00, 0x49, 0x49, 0x00, 0x00, 0x49, 0x49, 0x00,
    0x00, 0x49, 0x49, 0x00, 0x00, 0x49, 0x00, 0x00, 0x00, 0x00, 0x00, 0x00, 0x49, 0x49, 0x00, 0x00,
    0x00, 0x00, 0x00, 0x00, 0x00, 0x00, 0x00, 0x00, 0x00, 0x00, 0x00, 0x00, 0x00, 0x00, 0x00, 0x00,
    0x00, 0x43, 0x43, 0x43, 0x43, 0x00, 0x00, 0x00, 0x43, 0x43, 0x43, 0x43, 0x43, 0x43, 0x43, 0x43,
    0x43, 0x43, 0x43, 0x43, 0x43, 0x43, 0x43, 0x43, 0x00, 0x43, 0x43, 0x00, 0x43, 0x43, 0x00, 0x43,
    0x43, 0x43, 0x43, 0x43, 0x43, 0x43, 0x43, 0x43, 0x43, 0x43, 0x43, 0x43, 0x43, 0x43, 0x00, 0x00,
    0x00, 0x00, 0x00, 0x00, 0x00, 0x00, 0x00, 0x43, 0x43, 0x43, 0x43, 0x43, 0x43, 0x43, 0x43, 0x43,
    0x43, 0x43, 0x43, 0x43, 0x00, 0x43, 0x43, 0x43, 0x43, 0x43, 0x43, 0x43, 0x43, 0x00, 0x00, 0x43,
    0x43, 0x43, 0x43, 0x43, 0x43, 0x43, 0x43, 0x43, 0x43, 0x43, 0x00, 0x00, 0x00, 0x43, 0x43, 0x43,
    0x43, 0x43, 0x43, 0x00, 0x00, 0x00, 0x00, 0x43, 0x43, 0x43, 0x43, 0x43, 0x43, 0x43, 0x43, 0x43,
    0x00, 0x00, 0x43, 0x00, 0x00, 0x43, 0x43, 0x43, 0x43, 0x43, 0x00, 0x43, 0x43, 0x00, 0x43, 0x43,
    0x43, 0x43, 0x43, 0x43, 0x43, 0x43, 0x00, 0x00, 0x00, 0x00, 0x00, 0x00, 0x00, 0x43, 0x43, 0x43,
    0x00, 0x00, 0x00, 0x00, 0x00, 0x00, 0x43, 0x43, 0x43, 0x43, 0x43, 0x43, 0x00, 0x00, 0x43, 0x43,
    0x43, 0x43, 0x43, 0x00, 0x43, 0x43, 0x00, 0x43, 0x43, 0x43, 0x43, 0x43, 0x00, 0x00, 0x43, 0x43,
    0x43, 0x43, 0x00, 0x00, 0x00, 0x00, 0x43, 0x43, 0x43, 0x00, 0x00, 0x00, 0x00, 0x00, 0x00, 0x43,
    0x43, 0x43, 0x00, 0x00, 0x00, 0x43, 0x43, 0x43, 0x43, 0x00, 0x43, 0x43, 0x00, 0x43, 0x43, 0x00,
    0x43, 0x43, 0x43, 0x43, 0x43, 0x00, 0x00, 0x43, 0x00, 0x00, 0x43, 0x43, 0x00, 0x43, 0x43, 0x00,
    0x00, 0x00, 0x00, 0x00, 0x00, 0x00, 0x00, 0x35, 0x35, 0x00, 0x00, 0x00, 0x00, 0x00, 0x00, 0x00,
    0x00, 0x00, 0x35, 0x35, 0x35, 0x35, 0x35, 0x35, 0x00, 0x35, 0x35, 0x00, 0x35, 0x35, 0x35, 0x35,
    0x35, 0x35, 0x35, 0x00, 0x00, 0x35, 0x35, 0x35, 0x35, 0x35, 0x00, 0x00, 0x00, 0x00, 0x00, 0x35,
    0x35, 0x35, 0x35, 0x35, 0x35, 0x00, 0x00, 0x35, 0x35, 0x35, 0x35, 0x00, 0x35, 0x35, 0x35, 0x35,
    0x00, 0x35, 0x35, 0x35, 0x35, 0x35, 0x00, 0x00, 0x35, 0x00, 0x35, 0x35, 0x35, 0x00, 0x00, 0x35,
    0x35, 0x35, 0x00, 0x00, 0x35, 0x35, 0x35, 0x35, 0x00, 0x00, 0x00, 0x00, 0x00, 0x35, 0x00, 0x35,
    0x35, 0x00, 0x35, 0x00, 0x35, 0x35, 0x00, 0x35, 0x35, 0x00, 0x00, 0x35, 0x35, 0x35, 0x00, 0x00,
    0x00, 0x00, 0x00, 0x00, 0x00, 0x00, 0x00, 0x00, 0x00, 0x00, 0x35, 0x00, 0x00, 0x35, 0x35, 0x35,
    0x00, 0x35, 0x35, 0x35, 0x35, 0x35, 0x35, 0x35, 0x35, 0x35, 0x35, 0x00, 0x00, 0x00, 0x35, 0x00,
    0x35, 0x00, 0x00, 0x00, 0x35, 0x35, 0x35, 0x35, 0x35, 0x35, 0x35, 0x35, 0x35, 0x00, 0x35, 0x00,
    0x00, 0x00, 0x00, 0x00, 0x35, 0x00, 0x00, 0x35, 0x35, 0x35, 0x35, 0x35, 0x35, 0x35, 0x00, 0x00,
    0x00, 0x00, 0x35, 0x35, 0x35, 0x35, 0x00, 0x00, 0x00, 0x35, 0x35, 0x35, 0x35, 0x35, 0x35, 0x35,
    0x00, 0x35, 0x35, 0x00, 0x00, 0x35, 0x35, 0x00, 0x35, 0x35, 0x35, 0x00, 0x35, 0x35, 0x35, 0x35,
    0x35, 0x00, 0x00, 0x00, 0x35, 0x00, 0x00, 0x00, 0x35, 0x00, 0x00, 0x35, 0x35, 0x00, 0x00, 0x35,
    0x35, 0x35, 0x35, 0x00, 0x35, 0x00, 0x00, 0x00, 0x35, 0x00, 0x00, 0x00, 0x28, 0x00, 0x00, 0x28,
    0x28, 0x00, 0x28, 0x28, 0x00, 0x00, 0x00, 0x00, 0x28, 0x00, 0x00, 0x00, 0x28, 0x00, 0x00, 0x00,
    0x28, 0x00, 0x00, 0x00, 0x00, 0x28, 0x00, 0x28, 0x28, 0x28, 0x00, 0x00, 0x28, 0x00, 0x00, 0x00,
    0x28, 0x00, 0x00, 0x00, 0x28, 0x28, 0x00, 0x00, 0x00, 0x00, 0x28, 0x00, 0x28, 0x28, 0x00, 0x00,
    0x28, 0x00, 0x00, 0x00, 0x28, 0x00, 0x28, 0x28, 0x00, 0x28, 0x28, 0x00, 0x00, 0x00, 0x00, 0x00,
    0x28, 0x28, 0x00, 0x00, 0x28, 0x00, 0x00, 0x00, 0x00, 0x00, 0x00, 0x00, 0x28, 0x00, 0x28, 0x28,
    0x28, 0x28, 0x00, 0x00, 0x28, 0x28, 0x00, 0x00, 0x28, 0x28, 0x28, 0x28, 0x28, 0x00, 0x00, 0x00,
    0x00, 0x28, 0x28, 0x00, 0x00, 0x28, 0x00, 0x00, 0x28, 0x28, 0x00, 0x28, 0x28, 0x28, 0x28, 0x00,
    0x28, 0x28, 0x00, 0x00, 0x28, 0x00, 0x00, 0x00, 0x00, 0x28, 0x00, 0x00, 0x00, 0x00, 0x28, 0x28,
    0x00, 0x00, 0x00, 0x28, 0x00, 0x00, 0x00, 0x00, 0x28, 0x28, 0x00, 0x00, 0x00, 0x28, 0x28, 0x00,
    0x28, 0x28, 0x00, 0x28, 0x00, 0x00, 0x00, 0x28, 0x28, 0x00, 0x28, 0x28, 0x00, 0x28, 0x00, 0x28,
    0x28, 0x00, 0x00, 0x00, 0x00, 0x00, 0x00, 0x28, 0x00, 0x00, 0x28, 0x00, 0x00, 0x00, 0x00, 0x00,
    0x00, 0x00, 0x00, 0x00, 0x28, 0x28, 0x28, 0x28, 0x28, 0x00, 0x00, 0x00, 0x00, 0x00, 0x28, 0x28,
    0x28, 0x28, 0x28, 0x28, 0x28, 0x00, 0x28, 0x28, 0x28, 0x28, 0x00, 0x28, 0x28, 0x28, 0x28, 0x00,
    0x28, 0x28, 0x28, 0x28, 0x28, 0x28, 0x28, 0x00, 0x00, 0x28, 0x28, 0x28, 0x00, 0x00, 0x28, 0x28,
    0x28, 0x00, 0x00, 0x28, 0x1B, 0x1B, 0x1B, 0x1B, 0x00, 0x1B, 0x1B, 0x00, 0x1B, 0x00, 0x1B, 0x1B,
    0x00, 0x1B, 0x00, 0x1B, 0x1B, 0x00, 0x1B, 0x1B, 0x1B, 0x1B, 0x00, 0x00, 0x00, 0x00, 0x00, 0x00,
    0x00, 0x00, 0x00, 0x00, 0x00, 0x00, 0x00, 0x00, 0x00, 0x1B, 0x1B, 0x00, 0x1B, 0x1B, 0x1B, 0x1B,
    0x1B, 0x1B, 0x1B, 0x1B, 0x1B, 0x1B, 0x1B, 0x1B, 0x1B, 0x1B, 0x00, 0x1B, 0x1B, 0x00, 0x00, 0x1B,
    0x1B, 0x1B, 0x1B, 0x1B, 0x1B, 0x1B, 0x1B, 0x1B, 0x1B, 0x1B, 0x1B, 0x1B, 0x00, 0x00, 0x00, 0x1B,
    0x1B, 0x00, 0x1B, 0x1B, 0x1B, 0x1B, 0x1B, 0x1B, 0x1B, 0x1B, 0x1B, 0x1B, 0x1B, 0x00, 0x1B, 0x1B,
    0x1B, 0x00, 0x00, 0x00, 0x00, 0x1B, 0x1B, 0x1B, 0x1B, 0x1B, 0x1B, 0x1B, 0x1B, 0x1B, 0x1B, 0x00,
    0x00, 0x1B, 0x00, 0x00, 0x1B, 0x1B, 0x00, 0x1B, 0x1B, 0x1B, 0x1B, 0x1B, 0x1B, 0x1B, 0x1B, 0x1B,
    0x00, 0x1B, 0x1B, 0x00, 0x00, 0x00, 0x1B, 0x1B, 0x00, 0x00, 0x1B, 0x1B, 0x1B, 0x1B, 0x1B, 0x1B,
    0x1B, 0x1B, 0x00, 0x00, 0x00, 0x00, 0x1B, 0x1B, 0x00, 0x00, 0x00, 0x1B, 0x00, 0x1B, 0x1B, 0x1B,
    0x1B, 0x1B, 0x1B, 0x00, 0x00, 0x1B, 0x1B, 0x00, 0x1B, 0x1B, 0x00, 0x1B, 0x00, 0x00, 0x00, 0x00,
    0x1B, 0x1B, 0x1B, 0x1B, 0x1B, 0x00, 0x00, 0x1B, 0x1B, 0x00, 0x00, 0x00, 0x00, 0x00, 0x00, 0x1B,
    0x1B, 0x00, 0x00, 0x1B, 0x1B, 0x1B, 0x00, 0x00, 0x1B, 0x00, 0x00, 0x1B, 0x1B, 0x1B, 0x1B, 0x1B,
    0x00, 0x00, 0x1B, 0x00, 0x00, 0x1B, 0x1B, 0x1B, 0x00, 0x00, 0x00, 0x00, 0x1B, 0x00, 0x1B, 0x1B,
    0x1B, 0x1B, 0x00, 0x00, 0x00, 0x00, 0x1B, 0x00, 0x1B, 0x00, 0x00, 0x1B, 0x1B, 0x00, 0x00, 0x00,
    0x00, 0x00, 0x00, 0x00, 0x00, 0x00, 0x00, 0x00, 0x00, 0x00, 0x00, 0x00, 0x00, 0x00, 0x00, 0x00,
    0x00, 0x00, 0x00, 0x00, 0x00, 0x00, 0x00, 0x00, 0x00, 0x00, 0x00, 0x00, 0x00, 0x00, 0x00, 0x00,
    0x00, 0x00, 0x00, 0x00, 0x00, 0x00, 0x00, 0x00, 0x00, 0x00, 0x00, 0x00, 0x00, 0x00, 0x00, 0x00,
    0x00, 0x00, 0x00, 0x00, 0x00, 0x00, 0x00, 0x00, 0x00, 0x00, 0x00, 0x00, 0x00, 0x00, 0x00, 0x00,
    0x00, 0x00, 0x00, 0x00, 0x00, 0x00, 0x00, 0x00, 0x00, 0x00, 0x00, 0x00, 0x00, 0x00, 0x00, 0x00,
    0x00, 0x00, 0x00, 0x00, 0x00, 0x00, 0x00, 0x00, 0x00, 0x00, 0x00, 0x00, 0x00, 0x00, 0x00, 0x00,
    0x00, 0x00, 0x00, 0x00, 0x00, 0x00, 0x00, 0x00, 0x00, 0x00, 0x00, 0x00, 0x00, 0x00, 0x00, 0x00,
    0x00, 0x00, 0x00, 0x00, 0x00, 0x00, 0x00, 0x00, 0x00, 0x00, 0x00, 0x00, 0x00, 0x00, 0x00, 0x00,
    0x00, 0x00, 0x00, 0x00, 0x00, 0x00, 0x00, 0x00, 0x00, 0x00, 0x00, 0x00, 0x00, 0x00, 0x00, 0x00,
    0x00, 0x00, 0x00, 0x00, 0x00, 0x00, 0x00, 0x00, 0x00, 0x00, 0x00, 0x00, 0x00, 0x00, 0x00, 0x00,
    0x00, 0x00, 0x00, 0x00, 0x00, 0x00, 0x00, 0x00, 0x00, 0x00, 0x00, 0x00, 0x00, 0x00, 0x00, 0x00,
    0x00, 0x00, 0x00, 0x00, 0x00, 0x00, 0x00, 0x00, 0x00, 0x00, 0x00, 0x00, 0x00, 0x00, 0x00, 0x00,
    0x00, 0x00, 0x00, 0x00, 0x00, 0x00, 0x00, 0x00, 0x00, 0x00, 0x00, 0x00, 0x00, 0x00, 0x00, 0x00,
    0x00, 0x00, 0x00, 0x00, 0x00, 0x00, 0x00, 0x00, 0x00, 0x00, 0x00, 0x00, 0x00, 0x00, 0x00, 0x00,
};
const u8 __attribute__((aligned(256))) sfx_pcm_arrow[SFX_PCM_ARROW_LEN] = {
    0x00, 0x00, 0x00, 0x00, 0x00, 0x00, 0x00, 0x00, 0x00, 0x00, 0x00, 0x00, 0x00, 0x00, 0x00, 0x00,
    0x00, 0x00, 0x00, 0x00, 0x00, 0x00, 0x00, 0x00, 0x00, 0x00, 0x00, 0x00, 0x00, 0x00, 0x00, 0x00,
    0x14, 0x14, 0x14, 0x14, 0x14, 0x14, 0x14, 0x14, 0x14, 0x14, 0x14, 0x14, 0x14, 0x14, 0x14, 0x14,
    0x14, 0x14, 0x14, 0x14, 0x14, 0x14, 0x14, 0x14, 0x14, 0x14, 0x14, 0x14, 0x14, 0x14, 0x14, 0x14,
    0x14, 0x14, 0x14, 0x14, 0x14, 0x14, 0x14, 0x14, 0x14, 0x14, 0x14, 0x14, 0x14, 0x14, 0x14, 0x14,
    0x14, 0x14, 0x14, 0x14, 0x14, 0x14, 0x14, 0x14, 0x14, 0x14, 0x14, 0x14, 0x14, 0x14, 0x14, 0x14,
    0x14, 0x14, 0x14, 0x14, 0x14, 0x14, 0x14, 0x14, 0x14, 0x14, 0x14, 0x14, 0x14, 0x14, 0x14, 0x14,
    0x14, 0x14, 0x14, 0x14, 0x14, 0x14, 0x14, 0x14, 0x14, 0x14, 0x14, 0x14, 0x14, 0x14, 0x14, 0x14,
    0x14, 0x14, 0x14, 0x14, 0x14, 0x14, 0x14, 0x14, 0x14, 0x14, 0x14, 0x14, 0x14, 0x14, 0x14, 0x14,
    0x14, 0x14, 0x14, 0x14, 0x14, 0x14, 0x14, 0x14, 0x14, 0x14, 0x14, 0x14, 0x14, 0x14, 0x14, 0x14,
    0x14, 0x14, 0x14, 0x14, 0x14, 0x14, 0x14, 0x14, 0x14, 0x14, 0x14, 0x14, 0x14, 0x14, 0x14, 0x14,
    0x14, 0x14, 0x14, 0x14, 0x14, 0x14, 0x14, 0x14, 0x14, 0x14, 0x14, 0x14, 0x14, 0x14, 0x14, 0x14,
    0x14, 0x14, 0x14, 0x14, 0x14, 0x14, 0x14, 0x14, 0x14, 0x14, 0x14, 0x14, 0x14, 0x14, 0x14, 0x14,
    0x14, 0x14, 0x14, 0x14, 0x14, 0x14, 0x14, 0x14, 0x14, 0x14, 0x14, 0x14, 0x14, 0x14, 0x14, 0x14,
    0x14, 0x14, 0x14, 0x14, 0x14, 0x14, 0x14, 0x14, 0x14, 0x14, 0x28, 0x28, 0x28, 0x28, 0x28, 0x28,
    0x28, 0x28, 0x28, 0x28, 0x28, 0x28, 0x28, 0x28, 0x28, 0x28, 0x28, 0x28, 0x28, 0x28, 0x28, 0x28,
    0x28, 0x28, 0x28, 0x28, 0x28, 0x28, 0x28, 0x28, 0x28, 0x28, 0x28, 0x28, 0x28, 0x28, 0x28, 0x28,
    0x28, 0x28, 0x28, 0x28, 0x28, 0x28, 0x28, 0x28, 0x28, 0x28, 0x28, 0x28, 0x28, 0x28, 0x28, 0x28,
    0x28, 0x28, 0x28, 0x28, 0x28, 0x28, 0x28, 0x28, 0x28, 0x28, 0x28, 0x28, 0x28, 0x28, 0x28, 0x28,
    0x28, 0x28, 0x28, 0x28, 0x28, 0x28, 0x28, 0x28, 0x28, 0x28, 0x28, 0x28, 0x28, 0x28, 0x28, 0x28,
    0x28, 0x28, 0x28, 0x28, 0x28, 0x28, 0x28, 0x28, 0x28, 0x28, 0x28, 0x28, 0x28, 0x28, 0x28, 0x28,
    0x28, 0x28, 0x28, 0x28, 0x28, 0x28, 0x28, 0x28, 0x28, 0x28, 0x28, 0x28, 0x28, 0x28, 0x28, 0x00,
    0x00, 0x00, 0x00, 0x00, 0x00, 0x00, 0x00, 0x00, 0x00, 0x00, 0x00, 0x00, 0x00, 0x00, 0x28, 0x28,
    0x28, 0x28, 0x28, 0x28, 0x28, 0x28, 0x28, 0x28, 0x28, 0x28, 0x28, 0x28, 0x28, 0x28, 0x28, 0x28,
    0x28, 0x28, 0x28, 0x28, 0x28, 0x28, 0x28, 0x28, 0x28, 0x28, 0x28, 0x28, 0x28, 0x28, 0x28, 0x28,
    0x28, 0x28, 0x28, 0x28, 0x28, 0x28, 0x28, 0x28, 0x28, 0x28, 0x28, 0x28, 0x28, 0x28, 0x28, 0x28,
    0x28, 0x28, 0x28, 0x28, 0x28, 0x28, 0x28, 0x28, 0x28, 0x28, 0x28, 0x28, 0x28, 0x28, 0x28, 0x28,
    0x28, 0x28, 0x28, 0x28, 0x28, 0x28, 0x28, 0x28, 0x28, 0x28, 0x28, 0x28, 0x28, 0x28, 0x28, 0x28,
    0x28, 0x28, 0x28, 0x28, 0x28, 0x28, 0x28, 0x28, 0x28, 0x28, 0x28, 0x28, 0x28, 0x28, 0x28, 0x28,
    0x28, 0x28, 0x28, 0x3C, 0x3C, 0x3C, 0x3C, 0x3C, 0x3C, 0x3C, 0x3C, 0x3C, 0x3C, 0x3C, 0x3C, 0x3C,
    0x3C, 0x3C, 0x3C, 0x3C, 0x3C, 0x3C, 0x3C, 0x3C, 0x3C, 0x3C, 0x3C, 0x3C, 0x3C, 0x3C, 0x3C, 0x3C,
    0x3C, 0x3C, 0x3C, 0x3C, 0x3C, 0x3C, 0x3C, 0x3C, 0x3C, 0x3C, 0x3C, 0x3C, 0x3C, 0x3C, 0x3C, 0x3C,
    0x3C, 0x3C, 0x3C, 0x3C, 0x3C, 0x3C, 0x00, 0x00, 0x00, 0x00, 0x00, 0x00, 0x00, 0x00, 0x00, 0x00,
    0x00, 0x00, 0x00, 0x00, 0x00, 0x3C, 0x3C, 0x3C, 0x3C, 0x3C, 0x3C, 0x3C, 0x3C, 0x3C, 0x3C, 0x3C,
    0x3C, 0x3C, 0x3C, 0x3C, 0x3C, 0x3C, 0x3C, 0x3C, 0x3C, 0x3C, 0x3C, 0x3C, 0x3C, 0x3C, 0x3C, 0x3C,
    0x3C, 0x3C, 0x3C, 0x3C, 0x3C, 0x3C, 0x3C, 0x3C, 0x3C, 0x3C, 0x3C, 0x3C, 0x3C, 0x3C, 0x3C, 0x3C,
    0x3C, 0x3C, 0x3C, 0x3C, 0x3C, 0x3C, 0x3C, 0x3C, 0x3C, 0x3C, 0x3C, 0x3C, 0x3C, 0x3C, 0x3C, 0x3C,
    0x3C, 0x3C, 0x3C, 0x3C, 0x3C, 0x3C, 0x3C, 0x3C, 0x3C, 0x3C, 0x3C, 0x3C, 0x3C, 0x3C, 0x3C, 0x3C,
    0x3C, 0x3C, 0x3C, 0x3C, 0x3C, 0x3C, 0x3C, 0x3C, 0x3C, 0x3C, 0x3C, 0x3C, 0x3C, 0x3C, 0x3C, 0x3C,
    0x3C, 0x3C, 0x3C, 0x3C, 0x3C, 0x00, 0x00, 0x00, 0x00, 0x00, 0x00, 0x00, 0x00, 0x3C, 0x3C, 0x3C,
    0x3C, 0x3C, 0x3C, 0x3C, 0x3C, 0x00, 0x00, 0x00, 0x00, 0x00, 0x00, 0x00, 0x00, 0x3C, 0x3C, 0x3C,
    0x3C, 0x3C, 0x3C, 0x3C, 0x3C, 0x3C, 0x3C, 0x3C, 0x3C, 0x3C, 0x3C, 0x3C, 0x3C, 0x3C, 0x3C, 0x3C,
    0x3C, 0x3C, 0x3C, 0x3C, 0x3C, 0x3C, 0x3C, 0x3C, 0x3C, 0x3C, 0x3C, 0x3C, 0x3C, 0x3C, 0x3C, 0x3C,
    0x3C, 0x3C, 0x3C, 0x3C, 0x3C, 0x3C, 0x3C, 0x3C, 0x3C, 0x3C, 0x3C, 0x3C, 0x64, 0x64, 0x64, 0x64,
    0x00, 0x00, 0x00, 0x00, 0x00, 0x00, 0x00, 0x00, 0x64, 0x64, 0x64, 0x64, 0x64, 0x64, 0x64, 0x64,
    0x64, 0x64, 0x64, 0x64, 0x64, 0x64, 0x64, 0x64, 0x64, 0x64, 0x64, 0x64, 0x00, 0x00, 0x64, 0x64,
    0x64, 0x64, 0x64, 0x64, 0x00, 0x00, 0x64, 0x64, 0x64, 0x64, 0x64, 0x64, 0x64, 0x64, 0x64, 0x64,
    0x64, 0x64, 0x64, 0x64, 0x64, 0x64, 0x64, 0x64, 0x00, 0x00, 0x00, 0x00, 0x64, 0x64, 0x64, 0x64,
    0x00, 0x00, 0x00, 0x00, 0x64, 0x64, 0x64, 0x64, 0x64, 0x64, 0x64, 0x64, 0x64, 0x64, 0x64, 0x64,
    0x64, 0x64, 0x64, 0x64, 0x00, 0x00, 0x64, 0x64, 0x00, 0x00, 0x64, 0x64, 0x00, 0x00, 0x64, 0x64,
    0x00, 0x00, 0x64, 0x64, 0x64, 0x64, 0x64, 0x64, 0x64, 0x64, 0x64, 0x64, 0x64, 0x64, 0x64, 0x64,
    0x00, 0x00, 0x00, 0x00, 0x00, 0x00, 0x00, 0x00, 0x00, 0x00, 0x00, 0x00, 0x00, 0x00, 0x00, 0x64,
    0x64, 0x64, 0x64, 0x64, 0x64, 0x64, 0x64, 0x64, 0x64, 0x64, 0x64, 0x00, 0x00, 0x64, 0x64, 0x64,
    0x64, 0x64, 0x64, 0x64, 0x64, 0x64, 0x64, 0x64, 0x64, 0x64, 0x64, 0x00, 0x00, 0x64, 0x64, 0x64,
    0x64, 0x64, 0x64, 0x64, 0x64, 0x64, 0x64, 0x00, 0x00, 0x00, 0x00, 0x64, 0x64, 0x64, 0x64, 0x64,
    0x64, 0x64, 0x64, 0x64, 0x64, 0x64, 0x64, 0x00, 0x00, 0x00, 0x00, 0x64, 0x64, 0x64, 0x64, 0x64,
    0x64, 0x64, 0x64, 0x00, 0x00, 0x64, 0x64, 0x00, 0x00, 0x64, 0x64, 0x64, 0x64, 0x64, 0x64, 0x64,
    0x64, 0x64, 0x64, 0x00, 0x00, 0x64, 0x64, 0x00, 0x00, 0x64, 0x64, 0x64, 0x64, 0x64, 0x64, 0x00,
    0x00, 0x00, 0x00, 0x00, 0x00, 0x00, 0x00, 0x00, 0x00, 0x64, 0x64, 0x64, 0x64, 0x64, 0x64, 0x64,
    0x64, 0x64, 0x64, 0x64, 0x64, 0x64, 0x64, 0x64, 0x64, 0x00, 0x00, 0x00, 0x00, 0x00, 0x00, 0x00,
    0x00, 0x00, 0x00, 0x00, 0x00, 0x00, 0x00, 0x00, 0x00, 0x64, 0x64, 0x64, 0x64, 0x64, 0x64, 0x64,
    0x00, 0x00, 0x00, 0x00, 0x64, 0x64, 0x64, 0x64, 0x64, 0x64, 0x64, 0x64, 0x64, 0x64, 0x64, 0x64,
    0x00, 0x00, 0x00, 0x00, 0x64, 0x64, 0x64, 0x64, 0x64, 0x64, 0x64, 0x64, 0x64, 0x64, 0x64, 0x64,
    0x00, 0x00, 0x00, 0x00, 0x64, 0x64, 0x64, 0x64, 0x64, 0x64, 0x64, 0x64, 0x64, 0x64, 0x64, 0x64,
    0x00, 0x00, 0x00, 0x00, 0x64, 0x64, 0x64, 0x64, 0x00, 0x00, 0x00, 0x00, 0x00, 0x00, 0x00, 0x00,
    0x64, 0x64, 0x64, 0x64, 0x64, 0x64, 0x64, 0x64, 0x00, 0x00, 0x00, 0x00, 0x00, 0x00, 0x00, 0x00,
    0x64, 0x64, 0x64, 0x64, 0x64, 0x64, 0x64, 0x64, 0x00, 0x00, 0x00, 0x00, 0x00, 0x00, 0x00, 0x00,
    0x64, 0x64, 0x64, 0x64, 0x64, 0x64, 0x64, 0x64, 0x00, 0x00, 0x00, 0x00, 0x00, 0x00, 0x00, 0x00,
    0x00, 0x00, 0x00, 0x00, 0x64, 0x64, 0x64, 0x64, 0x00, 0x00, 0x00, 0x00, 0x64, 0x64, 0x64, 0x64,
    0x00, 0x00, 0x00, 0x00, 0x64, 0x64, 0x64, 0x64, 0x00, 0x00, 0x00, 0x00, 0x64, 0x64, 0x64, 0x64,
    0x00, 0x00, 0x00, 0x00, 0x64, 0x64, 0x64, 0x00, 0x00, 0x00, 0x00, 0x64, 0x64, 0x64, 0x64, 0x00,
    0x00, 0x00, 0x00, 0x64, 0x64, 0x64, 0x64, 0x64, 0x64, 0x64, 0x64, 0x00, 0x00, 0x00, 0x00, 0x00,
    0x00, 0x00, 0x00, 0x00, 0x00, 0x00, 0x00, 0x00, 0x00, 0x00, 0x00, 0x00, 0x00, 0x00, 0x00, 0x00,
    0x00, 0x00, 0x00, 0x00, 0x00, 0x00, 0x00, 0x00, 0x00, 0x00, 0x00, 0x00, 0x00, 0x00, 0x00, 0x00,
    0x00, 0x00, 0x00, 0x00, 0x00, 0x00, 0x00, 0x00, 0x00, 0x00, 0x00, 0x00, 0x00, 0x00, 0x00, 0x00,
    0x00, 0x00, 0x00, 0x00, 0x00, 0x00, 0x00, 0x00, 0x00, 0x00, 0x00, 0x00, 0x00, 0x00, 0x00, 0x00,
    0x00, 0x00, 0x00, 0x00, 0x00, 0x00, 0x00, 0x00, 0x00, 0x00, 0x00, 0x00, 0x00, 0x00, 0x00, 0x00,
    0x00, 0x00, 0x00, 0x00, 0x00, 0x00, 0x00, 0x00, 0x00, 0x00, 0x00, 0x00, 0x00, 0x00, 0x00, 0x00,
    0x00, 0x00, 0x00, 0x00, 0x00, 0x00, 0x00, 0x00, 0x00, 0x00, 0x00, 0x00, 0x00, 0x00, 0x00, 0x00,
    0x00, 0x00, 0x00, 0x00, 0x00, 0x00, 0x00, 0x00, 0x00, 0x00, 0x00, 0x00, 0x00, 0x00, 0x00, 0x00,
};
const u8 __attribute__((aligned(256))) sfx_pcm_flame[SFX_PCM_FLAME_LEN] = {
    0x00, 0x00, 0x00, 0x00, 0x00, 0x00, 0x00, 0x00, 0x00, 0x00, 0x00, 0x00, 0x00, 0x00, 0x00, 0x00,
    0x07, 0x07, 0x07, 0x07, 0x07, 0x07, 0x07, 0x07, 0x07, 0x07, 0x07, 0x07, 0x07, 0x07, 0x07, 0x07,
    0x07, 0x07, 0x07, 0x07, 0x07, 0x07, 0x07, 0x07, 0x07, 0x07, 0x07, 0x07, 0x07, 0x07, 0x07, 0x07,
    0x07, 0x07, 0x07, 0x07, 0x07, 0x07, 0x07, 0x07, 0x07, 0x07, 0x07, 0x07, 0x07, 0x07, 0x07, 0x07,
    0x07, 0x07, 0x07, 0x07, 0x07, 0x07, 0x07, 0x07, 0x07, 0x07, 0x07, 0x07, 0x07, 0x07, 0x07, 0x07,
    0x07, 0x07, 0x07, 0x07, 0x07, 0x07, 0x07, 0x07, 0x07, 0x07, 0x07, 0x07, 0x07, 0x07, 0x07, 0x07,
    0x07, 0x07, 0x07, 0x07, 0x07, 0x07, 0x07, 0x07, 0x07, 0x07, 0x07, 0x07, 0x07, 0x07, 0x07, 0x07,
    0x07, 0x07, 0x07, 0x07, 0x07, 0x07, 0x07, 0x07, 0x07, 0x07, 0x07, 0x07, 0x07, 0x07, 0x07, 0x07,
    0x07, 0x07, 0x07, 0x07, 0x07, 0x07, 0x07, 0x07, 0x07, 0x07, 0x07, 0x07, 0x07, 0x07, 0x07, 0x07,
    0x07, 0x07, 0x07, 0x07, 0x07, 0x07, 0x07, 0x07, 0x07, 0x07, 0x07, 0x07, 0x07, 0x07, 0x07, 0x07,
    0x07, 0x07, 0x07, 0x07, 0x07, 0x07, 0x07, 0x07, 0x07, 0x07, 0x07, 0x07, 0x07, 0x07, 0x07, 0x07,
    0x07, 0x07, 0x07, 0x07, 0x07, 0x07, 0x07, 0x07, 0x07, 0x07, 0x07, 0x07, 0x07, 0x07, 0x07, 0x07,
    0x07, 0x07, 0x07, 0x07, 0x07, 0x07, 0x07, 0x07, 0x07, 0x07, 0x07, 0x07, 0x07, 0x07, 0x07, 0x07,
    0x07, 0x07, 0x07, 0x07, 0x07, 0x07, 0x07, 0x07, 0x07, 0x07, 0x07, 0x07, 0x07, 0x07, 0x07, 0x07,
    0x07, 0x07, 0x07, 0x07, 0x07, 0x07, 0x07, 0x07, 0x07, 0x07, 0x07, 0x07, 0x07, 0x07, 0x07, 0x00,
    0x00, 0x00, 0x00, 0x00, 0x00, 0x00, 0x00, 0x00, 0x00, 0x00, 0x00, 0x00, 0x00, 0x00, 0x00, 0x07,
    0x07, 0x07, 0x07, 0x07, 0x07, 0x07, 0x07, 0x07, 0x07, 0x07, 0x07, 0x07, 0x07, 0x07, 0x07, 0x07,
    0x07, 0x07, 0x07, 0x07, 0x07, 0x07, 0x07, 0x07, 0x07, 0x07, 0x07, 0x07, 0x07, 0x07, 0x07, 0x07,
    0x07, 0x07, 0x07, 0x07, 0x07, 0x07, 0x07, 0x07, 0x07, 0x07, 0x07, 0x07, 0x07, 0x07, 0x07, 0x07,
    0x07, 0x07, 0x07, 0x07, 0x07, 0x07, 0x07, 0x07, 0x07, 0x07, 0x07, 0x07, 0x07, 0x07, 0x07, 0x07,
    0x07, 0x07, 0x07, 0x07, 0x07, 0x07, 0x07, 0x07, 0x07, 0x07, 0x07, 0x07, 0x07, 0x07, 0x07, 0x07,
    0x07, 0x07, 0x07, 0x07, 0x07, 0x07, 0x07, 0x07, 0x07, 0x07, 0x07, 0x07, 0x07, 0x07, 0x07, 0x07,
    0x07, 0x07, 0x07, 0x07, 0x07, 0x07, 0x07, 0x07, 0x07, 0x07, 0x07, 0x07, 0x07, 0x07, 0x07, 0x07,
    0x07, 0x07, 0x07, 0x07, 0x07, 0x07, 0x07, 0x07, 0x07, 0x07, 0x07, 0x07, 0x07, 0x07, 0x07, 0x07,
    0x07, 0x07, 0x07, 0x07, 0x07, 0x07, 0x07, 0x07, 0x07, 0x07, 0x07, 0x07, 0x07, 0x07, 0x07, 0x07,
    0x07, 0x07, 0x07, 0x07, 0x07, 0x07, 0x07, 0x07, 0x07, 0x07, 0x07, 0x07, 0x07, 0x07, 0x07, 0x07,
    0x07, 0x07, 0x07, 0x07, 0x07, 0x07, 0x07, 0x07, 0x07, 0x07, 0x07, 0x07, 0x07, 0x07, 0x07, 0x07,
    0x07, 0x07, 0x07, 0x07, 0x07, 0x07, 0x07, 0x07, 0x07, 0x07, 0x07, 0x07, 0x07, 0x07, 0x07, 0x07,
    0x07, 0x07, 0x07, 0x07, 0x07, 0x07, 0x07, 0x07, 0x07, 0x07, 0x07, 0x07, 0x07, 0x07, 0x00, 0x00,
    0x00, 0x00, 0x00, 0x00, 0x00, 0x00, 0x00, 0x00, 0x00, 0x00, 0x00, 0x00, 0x00, 0x00, 0x00, 0x00,
    0x00, 0x00, 0x00, 0x00, 0x00, 0x00, 0x00, 0x00, 0x00, 0x00, 0x00, 0x00, 0x00, 0x00, 0x07, 0x07,
    0x07, 0x07, 0x07, 0x07, 0x07, 0x07, 0x07, 0x07, 0x07, 0x07, 0x07, 0x07, 0x07, 0x07, 0x07, 0x07,
    0x07, 0x07, 0x07, 0x07, 0x07, 0x07, 0x07, 0x07, 0x07, 0x07, 0x07, 0x07, 0x07, 0x07, 0x07, 0x07,
    0x07, 0x07, 0x07, 0x07, 0x07, 0x07, 0x07, 0x07, 0x07, 0x07, 0x07, 0x07, 0x07, 0x07, 0x07, 0x07,
    0x07, 0x07, 0x07, 0x07, 0x07, 0x07, 0x07, 0x07, 0x07, 0x07, 0x07, 0x07, 0x07, 0x07, 0x07, 0x07,
    0x07, 0x07, 0x07, 0x07, 0x07, 0x07, 0x07, 0x07, 0x07, 0x07, 0x07, 0x07, 0x07, 0x07, 0x07, 0x07,
    0x07, 0x07, 0x07, 0x07, 0x07, 0x07, 0x07, 0x07, 0x07, 0x07, 0x07, 0x07, 0x07, 0x07, 0x07, 0x07,
    0x07, 0x07, 0x07, 0x07, 0x07, 0x07, 0x07, 0x07, 0x07, 0x07, 0x07, 0x07, 0x07, 0x07, 0x07, 0x07,
    0x07, 0x07, 0x07, 0x07, 0x07, 0x07, 0x07, 0x07, 0x07, 0x07, 0x07, 0x07, 0x07, 0x07, 0x07, 0x07,
    0x07, 0x07, 0x07, 0x07, 0x07, 0x07, 0x07, 0x07, 0x07, 0x07, 0x07, 0x07, 0x07, 0x07, 0x07, 0x07,
    0x07, 0x07, 0x07, 0x07, 0x07, 0x07, 0x07, 0x07, 0x07, 0x07, 0x07, 0x07, 0x07, 0x07, 0x07, 0x07,
    0x07, 0x07, 0x07, 0x07, 0x07, 0x07, 0x07, 0x07, 0x07, 0x07, 0x07, 0x07, 0x07, 0x07, 0x07, 0x07,
    0x07, 0x07, 0x07, 0x07, 0x07, 0x07, 0x07, 0x07, 0x07, 0x07, 0x07, 0x07, 0x07, 0x00, 0x00, 0x00,
    0x00, 0x00, 0x00, 0x00, 0x00, 0x00, 0x00, 0x00, 0x00, 0x00, 0x00, 0x00, 0x00, 0x14, 0x14, 0x14,
    0x14, 0x14, 0x14, 0x14, 0x14, 0x14, 0x14, 0x14, 0x14, 0x14, 0x14, 0x14, 0x00, 0x00, 0x00, 0x00,
    0x00, 0x00, 0x00, 0x00, 0x00, 0x00, 0x00, 0x00, 0x00, 0x00, 0x00, 0x00, 0x14, 0x14, 0x14, 0x14,
    0x14, 0x14, 0x14, 0x14, 0x14, 0x14, 0x14, 0x14, 0x14, 0x14, 0x14, 0x14, 0x14, 0x14, 0x14, 0x14,
    0x14, 0x14, 0x14, 0x14, 0x14, 0x14, 0x14, 0x14, 0x14, 0x14, 0x14, 0x14, 0x14, 0x14, 0x14, 0x14,
    0x14, 0x14, 0x14, 0x14, 0x14, 0x14, 0x14, 0x14, 0x14, 0x14, 0x14, 0x14, 0x14, 0x14, 0x14, 0x14,
    0x14, 0x14, 0x14, 0x14, 0x14, 0x14, 0x14, 0x14, 0x14, 0x14, 0x14, 0x14, 0x14, 0x14, 0x14, 0x14,
    0x14, 0x14, 0x14, 0x14, 0x14, 0x14, 0x14, 0x14, 0x14, 0x14, 0x14, 0x14, 0x14, 0x14, 0x14, 0x14,
    0x14, 0x14, 0x14, 0x14, 0x14, 0x14, 0x14, 0x14, 0x14, 0x14, 0x14, 0x14, 0x14, 0x14, 0x14, 0x14,
    0x14, 0x14, 0x14, 0x14, 0x14, 0x14, 0x14, 0x14, 0x14, 0x14, 0x14, 0x14, 0x14, 0x14, 0x14, 0x14,
    0x14, 0x14, 0x14, 0x14, 0x14, 0x14, 0x14, 0x14, 0x14, 0x14, 0x14, 0x14, 0x14, 0x14, 0x14, 0x14,
    0x14, 0x14, 0x14, 0x14, 0x14, 0x14, 0x14, 0x14, 0x14, 0x14, 0x14, 0x14, 0x14, 0x14, 0x14, 0x14,
    0x14, 0x14, 0x14, 0x14, 0x14, 0x14, 0x14, 0x14, 0x14, 0x14, 0x14, 0x14, 0x14, 0x14, 0x14, 0x14,
    0x14, 0x14, 0x14, 0x14, 0x14, 0x14, 0x14, 0x14, 0x14, 0x14, 0x14, 0x00, 0x00, 0x00, 0x00, 0x00,
    0x00, 0x00, 0x00, 0x00, 0x00, 0x00, 0x00, 0x00, 0x00, 0x00, 0x00, 0x00, 0x00, 0x00, 0x00, 0x00,
    0x00, 0x00, 0x00, 0x00, 0x00, 0x00, 0x00, 0x00, 0x00, 0x00, 0x00, 0x00, 0x00, 0x00, 0x00, 0x00,
    0x00, 0x00, 0x00, 0x00, 0x00, 0x00, 0x00, 0x00, 0x00, 0x00, 0x00, 0x00, 0x00, 0x00, 0x00, 0x00,
    0x00, 0x00, 0x00, 0x00, 0x00, 0x00, 0x00, 0x00, 0x00, 0x00, 0x00, 0x14, 0x14, 0x14, 0x14, 0x14,
    0x14, 0x14, 0x14, 0x14, 0x14, 0x14, 0x14, 0x14, 0x14, 0x14, 0x14, 0x14, 0x14, 0x14, 0x14, 0x14,
    0x14, 0x14, 0x14, 0x14, 0x14, 0x14, 0x14, 0x14, 0x14, 0x14, 0x14, 0x14, 0x14, 0x14, 0x14, 0x14,
    0x14, 0x14, 0x14, 0x14, 0x14, 0x14, 0x14, 0x14, 0x14, 0x14, 0x14, 0x14, 0x14, 0x14, 0x14, 0x14,
    0x14, 0x14, 0x14, 0x14, 0x14, 0x14, 0x14, 0x14, 0x14, 0x14, 0x14, 0x14, 0x14, 0x14, 0x14, 0x14,
    0x14, 0x14, 0x14, 0x14, 0x14, 0x14, 0x14, 0x14, 0x14, 0x14, 0x14, 0x14, 0x14, 0x14, 0x14, 0x14,
    0x14, 0x14, 0x14, 0x14, 0x14, 0x14, 0x14, 0x14, 0x14, 0x14, 0x14, 0x14, 0x14, 0x14, 0x14, 0x14,
    0x14, 0x14, 0x14, 0x14, 0x14, 0x14, 0x14, 0x14, 0x14, 0x14, 0x14, 0x14, 0x14, 0x14, 0x14, 0x14,
    0x14, 0x14, 0x14, 0x14, 0x14, 0x14, 0x14, 0x14, 0x14, 0x14, 0x14, 0x14, 0x14, 0x14, 0x14, 0x14,
    0x14, 0x14, 0x14, 0x14, 0x14, 0x14, 0x14, 0x14, 0x14, 0x14, 0x14, 0x14, 0x14, 0x14, 0x14, 0x14,
    0x14, 0x14, 0x14, 0x14, 0x14, 0x14, 0x14, 0x14, 0x14, 0x14, 0x00, 0x00, 0x00, 0x00, 0x00, 0x00,
    0x00, 0x00, 0x00, 0x00, 0x00, 0x00, 0x00, 0x00, 0x00, 0x00, 0x14, 0x14, 0x14, 0x14, 0x14, 0x14,
    0x14, 0x14, 0x14, 0x14, 0x14, 0x14, 0x14, 0x14, 0x14, 0x14, 0x14, 0x14, 0x14, 0x14, 0x14, 0x28,
    0x28, 0x28, 0x28, 0x28, 0x28, 0x28, 0x28, 0x28, 0x28, 0x28, 0x28, 0x28, 0x28, 0x28, 0x28, 0x28,
    0x28, 0x28, 0x28, 0x28, 0x28, 0x28, 0x28, 0x28, 0x28, 0x28, 0x00, 0x00, 0x00, 0x00, 0x00, 0x00,
    0x00, 0x00, 0x00, 0x00, 0x00, 0x00, 0x00, 0x00, 0x00, 0x00, 0x28, 0x28, 0x28, 0x28, 0x28, 0x28,
    0x28, 0x28, 0x28, 0x28, 0x28, 0x28, 0x28, 0x28, 0x28, 0x28, 0x28, 0x28, 0x28, 0x28, 0x28, 0x28,
    0x28, 0x28, 0x28, 0x28, 0x28, 0x28, 0x28, 0x28, 0x28, 0x28, 0x28, 0x28, 0x28, 0x28, 0x28, 0x28,
    0x28, 0x28, 0x28, 0x28, 0x28, 0x28, 0x28, 0x28, 0x28, 0x28, 0x28, 0x28, 0x28, 0x28, 0x28, 0x28,
    0x28, 0x28, 0x28, 0x28, 0x28, 0x28, 0x28, 0x28, 0x28, 0x28, 0x28, 0x28, 0x28, 0x28, 0x28, 0x28,
    0x28, 0x28, 0x28, 0x28, 0x28, 0x28, 0x28, 0x28, 0x28, 0x28, 0x28, 0x28, 0x28, 0x28, 0x28, 0x28,
    0x28, 0x28, 0x28, 0x28, 0x28, 0x28, 0x28, 0x28, 0x28, 0x28, 0x28, 0x28, 0x28, 0x28, 0x28, 0x28,
    0x28, 0x28, 0x28, 0x28, 0x28, 0x28, 0x28, 0x28, 0x28, 0x28, 0x28, 0x28, 0x28, 0x28, 0x28, 0x28,
    0x28, 0x28, 0x28, 0x28, 0x28, 0x28, 0x28, 0x28, 0x28, 0x28, 0x28, 0x28, 0x28, 0x28, 0x28, 0x28,
    0x28, 0x28, 0x28, 0x28, 0x28, 0x28, 0x28, 0x28, 0x28, 0x00, 0x00, 0x00, 0x00, 0x00, 0x00, 0x00,
    0x00, 0x00, 0x00, 0x00, 0x00, 0x00, 0x00, 0x00, 0x00, 0x00, 0x00, 0x00, 0x00, 0x00, 0x00, 0x00,
    0x00, 0x00, 0x00, 0x00, 0x00, 0x00, 0x00, 0x00, 0x00, 0x28, 0x28, 0x28, 0x28, 0x28, 0x28, 0x28,
    0x28, 0x28, 0x28, 0x28, 0x28, 0x28, 0x28, 0x28, 0x28, 0x28, 0x28, 0x28, 0x28, 0x28, 0x28, 0x28,
    0x28, 0x28, 0x28, 0x28, 0x28, 0x28, 0x28, 0x28, 0x28, 0x00, 0x00, 0x00, 0x00, 0x00, 0x00, 0x00,
    0x00, 0x00, 0x00, 0x00, 0x00, 0x00, 0x00, 0x00, 0x00, 0x00, 0x00, 0x00, 0x00, 0x00, 0x00, 0x00,
    0x00, 0x00, 0x00, 0x00, 0x00, 0x00, 0x00, 0x00, 0x28, 0x28, 0x28, 0x28, 0x28, 0x28, 0x28, 0x28,
    0x28, 0x28, 0x28, 0x28, 0x28, 0x28, 0x28, 0x28, 0x28, 0x28, 0x28, 0x28, 0x28, 0x28, 0x28, 0x28,
    0x28, 0x28, 0x28, 0x28, 0x28, 0x28, 0x28, 0x28, 0x28, 0x28, 0x28, 0x28, 0x28, 0x28, 0x28, 0x28,
    0x28, 0x28, 0x28, 0x28, 0x28, 0x28, 0x28, 0x28, 0x28, 0x28, 0x28, 0x28, 0x28, 0x28, 0x28, 0x28,
    0x28, 0x28, 0x28, 0x28, 0x28, 0x28, 0x28, 0x28, 0x28, 0x28, 0x28, 0x28, 0x28, 0x28, 0x28, 0x28,
    0x28, 0x28, 0x28, 0x28, 0x28, 0x28, 0x28, 0x28, 0x28, 0x28, 0x28, 0x28, 0x28, 0x28, 0x28, 0x28,
    0x28, 0x28, 0x28, 0x28, 0x28, 0x28, 0x28, 0x28, 0x28, 0x28, 0x28, 0x28, 0x28, 0x28, 0x28, 0x28,
    0x28, 0x28, 0x28, 0x28, 0x28, 0x28, 0x28, 0x28, 0x28, 0x28, 0x28, 0x28, 0x28, 0x28, 0x28, 0x28,
    0x28, 0x28, 0x28, 0x28, 0x28, 0x28, 0x28, 0x28, 0x00, 0x00, 0x00, 0x00, 0x00, 0x00, 0x00, 0x00,
    0x00, 0x00, 0x00, 0x00, 0x00, 0x00, 0x00, 0x00, 0x28, 0x28, 0x28, 0x28, 0x28, 0x28, 0x28, 0x28,
    0x28, 0x28, 0x28, 0x28, 0x28, 0x28, 0x28, 0x00, 0x00, 0x00, 0x00, 0x00, 0x00, 0x00, 0x00, 0x00,
    0x00, 0x00, 0x00, 0x00, 0x00, 0x00, 0x00, 0x28, 0x28, 0x28, 0x28, 0x28, 0x28, 0x28, 0x28, 0x28,
    0x28, 0x28, 0x3C, 0x3C, 0x3C, 0x3C, 0x3C, 0x00, 0x00, 0x00, 0x00, 0x00, 0x00, 0x00, 0x00, 0x00,
    0x00, 0x00, 0x00, 0x00, 0x00, 0x00, 0x00, 0x3C, 0x3C, 0x3C, 0x3C, 0x3C, 0x3C, 0x3C, 0x3C, 0x3C,
    0x3C, 0x3C, 0x3C, 0x3C, 0x3C, 0x3C, 0x3C, 0x00, 0x00, 0x00, 0x00, 0x00, 0x00, 0x00, 0x00, 0x00,
    0x00, 0x00, 0x00, 0x00, 0x00, 0x00, 0x00, 0x3C, 0x3C, 0x3C, 0x3C, 0x3C, 0x3C, 0x3C, 0x3C, 0x3C,
    0x3C, 0x3C, 0x3C, 0x3C, 0x3C, 0x3C, 0x3C, 0x3C, 0x3C, 0x3C, 0x3C, 0x3C, 0x3C, 0x3C, 0x3C, 0x3C,
    0x3C, 0x3C, 0x3C, 0x3C, 0x3C, 0x3C, 0x3C, 0x3C, 0x3C, 0x3C, 0x3C, 0x3C, 0x3C, 0x3C, 0x3C, 0x3C,
    0x3C, 0x3C, 0x3C, 0x3C, 0x3C, 0x3C, 0x3C, 0x3C, 0x3C, 0x3C, 0x3C, 0x3C, 0x3C, 0x3C, 0x3C, 0x3C,
    0x3C, 0x3C, 0x3C, 0x3C, 0x3C, 0x3C, 0x3C, 0x3C, 0x3C, 0x3C, 0x3C, 0x3C, 0x3C, 0x3C, 0x3C, 0x3C,
    0x3C, 0x3C, 0x3C, 0x3C, 0x3C, 0x3C, 0x3C, 0x3C, 0x3C, 0x3C, 0x3C, 0x3C, 0x3C, 0x3C, 0x3C, 0x3C,
    0x3C, 0x3C, 0x3C, 0x3C, 0x3C, 0x3C, 0x3C, 0x3C, 0x3C, 0x3C, 0x3C, 0x3C, 0x3C, 0x3C, 0x3C, 0x3C,
    0x3C, 0x3C, 0x3C, 0x3C, 0x3C, 0x3C, 0x00, 0x00, 0x00, 0x00, 0x00, 0x00, 0x00, 0x00, 0x00, 0x00,
    0x00, 0x00, 0x00, 0x00, 0x00, 0x00, 0x00, 0x00, 0x00, 0x00, 0x00, 0x00, 0x00, 0x00, 0x00, 0x00,
    0x00, 0x00, 0x00, 0x00, 0x00, 0x00, 0x00, 0x00, 0x00, 0x00, 0x00, 0x00, 0x00, 0x00, 0x00, 0x00,
    0x00, 0x00, 0x00, 0x00, 0x00, 0x00, 0x00, 0x00, 0x00, 0x00, 0x00, 0x00, 0x00, 0x00, 0x00, 0x00,
    0x00, 0x00, 0x00, 0x00, 0x00, 0x00, 0x00, 0x00, 0x00, 0x00, 0x00, 0x00, 0x00, 0x00, 0x00, 0x00,
    0x00, 0x00, 0x00, 0x00, 0x00, 0x00, 0x00, 0x00, 0x00, 0x00, 0x00, 0x00, 0x00, 0x00, 0x00, 0x00,
    0x00, 0x00, 0x00, 0x00, 0x00, 0x00, 0x00, 0x00, 0x00, 0x00, 0x00, 0x00, 0x00, 0x00, 0x00, 0x00,
    0x00, 0x00, 0x00, 0x00, 0x00, 0x00, 0x00, 0x00, 0x00, 0x00, 0x00, 0x00, 0x00, 0x00, 0x00, 0x00,
    0x00, 0x00, 0x00, 0x00, 0x00, 0x00, 0x3C, 0x3C, 0x3C, 0x3C, 0x3C, 0x3C, 0x3C, 0x3C, 0x3C, 0x3C,
    0x3C, 0x3C, 0x3C, 0x3C, 0x3C, 0x3C, 0x3C, 0x3C, 0x3C, 0x3C, 0x3C, 0x3C, 0x3C, 0x3C, 0x3C, 0x3C,
    0x3C, 0x3C, 0x3C, 0x3C, 0x3C, 0x3C, 0x3C, 0x3C, 0x3C, 0x3C, 0x3C, 0x3C, 0x3C, 0x3C, 0x3C, 0x3C,
    0x3C, 0x3C, 0x3C, 0x3C, 0x3C, 0x3C, 0x3C, 0x3C, 0x3C, 0x3C, 0x3C, 0x3C, 0x3C, 0x3C, 0x3C, 0x3C,
    0x3C, 0x3C, 0x3C, 0x3C, 0x3C, 0x3C, 0x3C, 0x3C, 0x3C, 0x3C, 0x3C, 0x3C, 0x3C, 0x3C, 0x3C, 0x3C,
    0x3C, 0x3C, 0x3C, 0x3C, 0x3C, 0x3C, 0x3C, 0x3C, 0x3C, 0x3C, 0x3C, 0x3C, 0x3C, 0x3C, 0x3C, 0x3C,
    0x3C, 0x3C, 0x3C, 0x3C, 0x3C, 0x00, 0x00, 0x00, 0x00, 0x00, 0x00, 0x00, 0x00, 0x00, 0x00, 0x00,
    0x00, 0x00, 0x00, 0x00, 0x00, 0x3C, 0x3C, 0x3C, 0x3C, 0x3C, 0x3C, 0x3C, 0x3C, 0x3C, 0x3C, 0x3C,
    0x3C, 0x3C, 0x3C, 0x3C, 0x3C, 0x3C, 0x3C, 0x3C, 0x3C, 0x3C, 0x3C, 0x3C, 0x3C, 0x3C, 0x3C, 0x3C,
    0x3C, 0x3C, 0x3C, 0x3C, 0x3C, 0x3C, 0x3C, 0x3C, 0x3C, 0x3C, 0x3C, 0x3C, 0x3C, 0x3C, 0x3C, 0x3C,
    0x3C, 0x3C, 0x3C, 0x3C, 0x3C, 0x3C, 0x3C, 0x3C, 0x3C, 0x3C, 0x3C, 0x3C, 0x3C, 0x3C, 0x3C, 0x3C,
    0x3C, 0x3C, 0x3C, 0x3C, 0x43, 0x43, 0x43, 0x43, 0x43, 0x43, 0x43, 0x43, 0x43, 0x43, 0x43, 0x43,
    0x43, 0x43, 0x43, 0x43, 0x43, 0x43, 0x43, 0x43, 0x43, 0x43, 0x43, 0x43, 0x43, 0x43, 0x43, 0x43,
    0x43, 0x43, 0x43, 0x43, 0x43, 0x43, 0x43, 0x43, 0x43, 0x43, 0x43, 0x43, 0x43, 0x43, 0x43, 0x43,
    0x43, 0x43, 0x43, 0x43, 0x00, 0x00, 0x00, 0x00, 0x00, 0x00, 0x00, 0x00, 0x00, 0x00, 0x00, 0x00,
    0x00, 0x00, 0x00, 0x00, 0x43, 0x43, 0x43, 0x43, 0x43, 0x43, 0x43, 0x43, 0x43, 0x43, 0x43, 0x43,
    0x43, 0x43, 0x43, 0x43, 0x43, 0x43, 0x43, 0x43, 0x43, 0x43, 0x43, 0x43, 0x43, 0x43, 0x43, 0x43,
    0x43, 0x43, 0x43, 0x43, 0x43, 0x43, 0x43, 0x43, 0x43, 0x43, 0x43, 0x43, 0x43, 0x43, 0x43, 0x43,
    0x43, 0x43, 0x43, 0x43, 0x43, 0x43, 0x43, 0x43, 0x43, 0x43, 0x43, 0x43, 0x43, 0x43, 0x43, 0x43,
    0x43, 0x43, 0x43, 0x43, 0x43, 0x43, 0x43, 0x43, 0x43, 0x43, 0x43, 0x43, 0x43, 0x43, 0x43, 0x43,
    0x43, 0x43, 0x43, 0x43, 0x00, 0x00, 0x00, 0x00, 0x00, 0x00, 0x00, 0x00, 0x00, 0x00, 0x00, 0x00,
    0x00, 0x00, 0x00, 0x00, 0x00, 0x00, 0x00, 0x00, 0x00, 0x00, 0x00, 0x00, 0x00, 0x00, 0x00, 0x00,
    0x00, 0x00, 0x00, 0x00, 0x43, 0x43, 0x43, 0x43, 0x43, 0x43, 0x43, 0x43, 0x43, 0x43, 0x43, 0x43,
    0x43, 0x43, 0x43, 0x43, 0x43, 0x43, 0x43, 0x43, 0x43, 0x43, 0x43, 0x43, 0x43, 0x43, 0x43, 0x43,
    0x43, 0x43, 0x43, 0x43, 0x43, 0x43, 0x43, 0x43, 0x43, 0x43, 0x43, 0x43, 0x43, 0x43, 0x43, 0x43,
    0x43, 0x43, 0x43, 0x43, 0x43, 0x43, 0x43, 0x43, 0x43, 0x43, 0x43, 0x43, 0x43, 0x43, 0x43, 0x43,
    0x43, 0x43, 0x43, 0x43, 0x43, 0x43, 0x43, 0x43, 0x43, 0x43, 0x43, 0x43, 0x43, 0x43, 0x43, 0x43,
    0x43, 0x43, 0x43, 0x43, 0x43, 0x43, 0x43, 0x43, 0x43, 0x43, 0x43, 0x43, 0x43, 0x43, 0x43, 0x43,
    0x43, 0x43, 0x43, 0x00, 0x00, 0x00, 0x00, 0x00, 0x00, 0x00, 0x00, 0x00, 0x00, 0x00, 0x00, 0x00,
    0x00, 0x00, 0x00, 0x00, 0x00, 0x00, 0x00, 0x00, 0x00, 0x00, 0x00, 0x00, 0x00, 0x00, 0x00, 0x00,
    0x00, 0x00, 0x00, 0x43, 0x43, 0x43, 0x43, 0x43, 0x43, 0x43, 0x43, 0x43, 0x43, 0x43, 0x43, 0x43,
    0x43, 0x43, 0x43, 0x43, 0x43, 0x43, 0x43, 0x43, 0x43, 0x43, 0x43, 0x43, 0x43, 0x43, 0x43, 0x43,
    0x43, 0x43, 0x43, 0x43, 0x43, 0x43, 0x43, 0x43, 0x43, 0x43, 0x43, 0x43, 0x43, 0x43, 0x43, 0x43,
    0x43, 0x43, 0x43, 0x43, 0x43, 0x43, 0x43, 0x43, 0x43, 0x43, 0x43, 0x43, 0x43, 0x43, 0x43, 0x43,
    0x43, 0x43, 0x43, 0x00, 0x00, 0x00, 0x00, 0x00, 0x00, 0x00, 0x00, 0x00, 0x00, 0x00, 0x00, 0x00,
    0x00, 0x00, 0x00, 0x43, 0x43, 0x43, 0x43, 0x43, 0x43, 0x43, 0x43, 0x43, 0x43, 0x43, 0x43, 0x43,
    0x43, 0x43, 0x00, 0x00, 0x00, 0x00, 0x00, 0x00, 0x00, 0x00, 0x00, 0x00, 0x00, 0x00, 0x00, 0x00,
    0x00, 0x00, 0x43, 0x43, 0x43, 0x43, 0x43, 0x43, 0x43, 0x43, 0x43, 0x43, 0x43, 0x43, 0x43, 0x43,
    0x43, 0x43, 0x43, 0x43, 0x43, 0x43, 0x43, 0x43, 0x43, 0x43, 0x43, 0x43, 0x43, 0x43, 0x43, 0x43,
    0x43, 0x43, 0x43, 0x43, 0x43, 0x43, 0x43, 0x43, 0x43, 0x43, 0x43, 0x43, 0x43, 0x43, 0x43, 0x43,
    0x43, 0x43, 0x43, 0x43, 0x43, 0x43, 0x43, 0x5D, 0x5D, 0x5D, 0x5D, 0x5D, 0x5D, 0x5D, 0x5D, 0x5D,
    0x5D, 0x5D, 0x5D, 0x5D, 0x5D, 0x5D, 0x5D, 0x5D, 0x5D, 0x5D, 0x5D, 0x5D, 0x5D, 0x5D, 0x5D, 0x5D,
    0x5D, 0x5D, 0x00, 0x00, 0x00, 0x00, 0x00, 0x00, 0x00, 0x00, 0x00, 0x00, 0x00, 0x00, 0x00, 0x00,
    0x00, 0x00, 0x5D, 0x5D, 0x5D, 0x5D, 0x5D, 0x5D, 0x5D, 0x5D, 0x5D, 0x5D, 0x5D, 0x5D, 0x5D, 0x5D,
    0x5D, 0x5D, 0x00, 0x00, 0x00, 0x00, 0x00, 0x00, 0x00, 0x00, 0x00, 0x00, 0x00, 0x00, 0x00, 0x00,
    0x00, 0x00, 0x5D, 0x5D, 0x5D, 0x5D, 0x5D, 0x5D, 0x5D, 0x5D, 0x5D, 0x5D, 0x5D, 0x5D, 0x5D, 0x5D,
    0x5D, 0x5D, 0x5D, 0x5D, 0x5D, 0x5D, 0x5D, 0x5D, 0x5D, 0x5D, 0x5D, 0x5D, 0x5D, 0x5D, 0x5D, 0x5D,
    0x5D, 0x5D, 0x5D, 0x5D, 0x5D, 0x5D, 0x5D, 0x5D, 0x5D, 0x5D, 0x5D, 0x5D, 0x5D, 0x5D, 0x5D, 0x5D,
    0x5D, 0x00, 0x00, 0x00, 0x00, 0x00, 0x00, 0x00, 0x00, 0x00, 0x00, 0x00, 0x00, 0x00, 0x00, 0x00,
    0x00, 0x00, 0x00, 0x00, 0x00, 0x00, 0x00, 0x00, 0x00, 0x00, 0x00, 0x00, 0x00, 0x00, 0x00, 0x00,
    0x00, 0x00, 0x00, 0x00, 0x00, 0x00, 0x00, 0x00, 0x00, 0x00, 0x00, 0x00, 0x00, 0x00, 0x00, 0x00,
    0x00, 0x00, 0x00, 0x00, 0x00, 0x00, 0x00, 0x00, 0x00, 0x00, 0x00, 0x00, 0x00, 0x00, 0x00, 0x00,
    0x00, 0x5D, 0x5D, 0x5D, 0x5D, 0x5D, 0x5D, 0x5D, 0x5D, 0x5D, 0x5D, 0x5D, 0x5D, 0x5D, 0x5D, 0x5D,
    0x5D, 0x5D, 0x5D, 0x5D, 0x5D, 0x5D, 0x5D, 0x5D, 0x5D, 0x5D, 0x5D, 0x5D, 0x5D, 0x5D, 0x5D, 0x5D,
    0x5D, 0x5D, 0x5D, 0x5D, 0x5D, 0x5D, 0x5D, 0x5D, 0x5D, 0x5D, 0x5D, 0x5D, 0x5D, 0x5D, 0x5D, 0x5D,
    0x5D, 0x5D, 0x5D, 0x5D, 0x5D, 0x5D, 0x5D, 0x5D, 0x5D, 0x5D, 0x5D, 0x5D, 0x5D, 0x5D, 0x5D, 0x5D,
    0x5D, 0x00, 0x00, 0x00, 0x00, 0x00, 0x00, 0x00, 0x00, 0x00, 0x00, 0x00, 0x00, 0x00, 0x00, 0x00,
    0x00, 0x00, 0x00, 0x00, 0x00, 0x00, 0x00, 0x00, 0x00, 0x00, 0x00, 0x00, 0x00, 0x00, 0x00, 0x00,
    0x00, 0x00, 0x00, 0x00, 0x00, 0x00, 0x00, 0x00, 0x00, 0x00, 0x00, 0x00, 0x00, 0x00, 0x00, 0x00,
    0x00, 0x00, 0x00, 0x00, 0x00, 0x00, 0x00, 0x00, 0x00, 0x00, 0x00, 0x00, 0x00, 0x00, 0x00, 0x00,
    0x5D, 0x5D, 0x5D, 0x5D, 0x5D, 0x5D, 0x5D, 0x5D, 0x5D, 0x5D, 0x5D, 0x5D, 0x5D, 0x5D, 0x5D, 0x5D,
    0x5D, 0x5D, 0x5D, 0x5D, 0x5D, 0x5D, 0x5D, 0x5D, 0x5D, 0x5D, 0x5D, 0x5D, 0x5D, 0x5D, 0x5D, 0x5D,
    0x00, 0x00, 0x00, 0x00, 0x00, 0x00, 0x00, 0x00, 0x00, 0x00, 0x00, 0x00, 0x00, 0x00, 0x00, 0x00,
    0x5D, 0x5D, 0x5D, 0x5D, 0x5D, 0x5D, 0x5D, 0x5D, 0x5D, 0x5D, 0x5D, 0x5D, 0x5D, 0x5D, 0x5D, 0x5D,
    0x5D, 0x5D, 0x5D, 0x5D, 0x5D, 0x5D, 0x5D, 0x5D, 0x5D, 0x5D, 0x5D, 0x5D, 0x5D, 0x5D, 0x5D, 0x5D,
    0x5D, 0x5D, 0x5D, 0x5D, 0x5D, 0x5D, 0x5D, 0x5D, 0x5D, 0x5D, 0x5D, 0x5D, 0x5D, 0x5D, 0x5D, 0x5D,
    0x00, 0x00, 0x00, 0x00, 0x00, 0x00, 0x00, 0x00, 0x00, 0x00, 0x00, 0x00, 0x00, 0x00, 0x00, 0x00,
    0x5D, 0x5D, 0x5D, 0x5D, 0x5D, 0x5D, 0x5D, 0x5D, 0x5D, 0x5D, 0x5D, 0x5D, 0x5D, 0x5D, 0x5D, 0x5D,
    0x5D, 0x5D, 0x5D, 0x5D, 0x5D, 0x5D, 0x5D, 0x5D, 0x5D, 0x5D, 0x5D, 0x5D, 0x5D, 0x5D, 0x5D, 0x5D,
    0x5D, 0x5D, 0x5D, 0x5D, 0x5D, 0x5D, 0x5D, 0x5D, 0x5D, 0x5D, 0x64, 0x64, 0x64, 0x64, 0x64, 0x00,
    0x00, 0x00, 0x00, 0x00, 0x00, 0x00, 0x00, 0x00, 0x00, 0x00, 0x00, 0x00, 0x00, 0x00, 0x00, 0x64,
    0x64, 0x64, 0x64, 0x64, 0x64, 0x64, 0x64, 0x64, 0x64, 0x64, 0x64, 0x64, 0x64, 0x64, 0x64, 0x64,
    0x64, 0x64, 0x64, 0x64, 0x64, 0x64, 0x64, 0x64, 0x64, 0x64, 0x64, 0x64, 0x64, 0x64, 0x64, 0x64,
    0x64, 0x64, 0x64, 0x64, 0x64, 0x64, 0x64, 0x64, 0x64, 0x64, 0x64, 0x64, 0x64, 0x64, 0x64, 0x00,
    0x00, 0x00, 0x00, 0x00, 0x00, 0x00, 0x00, 0x00, 0x00, 0x00, 0x00, 0x00, 0x00, 0x00, 0x00, 0x64,
    0x64, 0x64, 0x64, 0x64, 0x64, 0x64, 0x64, 0x64, 0x64, 0x64, 0x64, 0x64, 0x64, 0x64, 0x64, 0x00,
    0x00, 0x00, 0x00, 0x00, 0x00, 0x00, 0x00, 0x00, 0x00, 0x00, 0x00, 0x00, 0x00, 0x00, 0x00, 0x00,
    0x00, 0x00, 0x00, 0x00, 0x00, 0x00, 0x00, 0x00, 0x00, 0x00, 0x00, 0x00, 0x00, 0x00, 0x00, 0x64,
    0x64, 0x64, 0x64, 0x64, 0x64, 0x64, 0x64, 0x64, 0x64, 0x64, 0x64, 0x64, 0x64, 0x64, 0x64, 0x64,
    0x64, 0x64, 0x64, 0x64, 0x64, 0x64, 0x64, 0x64, 0x64, 0x64, 0x64, 0x64, 0x64, 0x64, 0x00, 0x00,
    0x00, 0x00, 0x00, 0x00, 0x00, 0x00, 0x00, 0x00, 0x00, 0x00, 0x00, 0x00, 0x00, 0x00, 0x00, 0x00,
    0x00, 0x00, 0x00, 0x00, 0x00, 0x00, 0x00, 0x00, 0x00, 0x00, 0x00, 0x00, 0x00, 0x00, 0x64, 0x64,
    0x64, 0x64, 0x64, 0x64, 0x64, 0x64, 0x64, 0x64, 0x64, 0x64, 0x64, 0x64, 0x64, 0x64, 0x64, 0x64,
    0x64, 0x64, 0x64, 0x64, 0x64, 0x64, 0x64, 0x64, 0x64, 0x64, 0x64, 0x64, 0x64, 0x64, 0x00, 0x00,
    0x00, 0x00, 0x00, 0x00, 0x00, 0x00, 0x00, 0x00, 0x00, 0x00, 0x00, 0x00, 0x00, 0x00, 0x00, 0x00,
    0x00, 0x00, 0x00, 0x00, 0x00, 0x00, 0x00, 0x00, 0x00, 0x00, 0x00, 0x00, 0x00, 0x00, 0x64, 0x64,
    0x64, 0x64, 0x64, 0x64, 0x64, 0x64, 0x64, 0x64, 0x64, 0x64, 0x64, 0x64, 0x64, 0x64, 0x64, 0x64,
    0x64, 0x64, 0x64, 0x64, 0x64, 0x64, 0x64, 0x64, 0x64, 0x64, 0x64, 0x64, 0x64, 0x64, 0x00, 0x00,
    0x00, 0x00, 0x00, 0x00, 0x00, 0x00, 0x00, 0x00, 0x00, 0x00, 0x00, 0x00, 0x00, 0x00, 0x00, 0x00,
    0x00, 0x00, 0x00, 0x00, 0x00, 0x00, 0x00, 0x00, 0x00, 0x00, 0x00, 0x00, 0x00, 0x00, 0x00, 0x00,
    0x00, 0x00, 0x00, 0x00, 0x00, 0x00, 0x00, 0x00, 0x00, 0x00, 0x00, 0x00, 0x00, 0x00, 0x64, 0x64,
    0x64, 0x64, 0x64, 0x64, 0x64, 0x64, 0x64, 0x64, 0x64, 0x64, 0x64, 0x64, 0x64, 0x00, 0x00, 0x00,
    0x00, 0x00, 0x00, 0x00, 0x00, 0x00, 0x00, 0x00, 0x00, 0x00, 0x00, 0x00, 0x00, 0x64, 0x64, 0x64,
    0x64, 0x64, 0x64, 0x64, 0x64, 0x64, 0x64, 0x64, 0x64, 0x64, 0x64, 0x64, 0x64, 0x00, 0x00, 0x00,
    0x00, 0x00, 0x00, 0x00, 0x00, 0x00, 0x00, 0x00, 0x00, 0x00, 0x00, 0x00, 0x00, 0x64, 0x64, 0x64,
    0x64, 0x64, 0x64, 0x64, 0x64, 0x64, 0x64, 0x64, 0x64, 0x64, 0x64, 0x64, 0x64, 0x00, 0x00, 0x00,
    0x00, 0x00, 0x00, 0x00, 0x00, 0x00, 0x00, 0x00, 0x00, 0x00, 0x00, 0x00, 0x00, 0x64, 0x64, 0x64,
    0x64, 0x64, 0x64, 0x64, 0x64, 0x64, 0x64, 0x64, 0x64, 0x64, 0x64, 0x64, 0x64, 0x00, 0x00, 0x00,
    0x00, 0x00, 0x00, 0x00, 0x00, 0x00, 0x00, 0x00, 0x00, 0x00, 0x00, 0x00, 0x00, 0x64, 0x64, 0x64,
    0x64, 0x64, 0x64, 0x64, 0x64, 0x64, 0x64, 0x64, 0x64, 0x64, 0x64, 0x64, 0x64, 0x00, 0x00, 0x00,
    0x00, 0x00, 0x00, 0x00, 0x00, 0x00, 0x00, 0x00, 0x00, 0x00, 0x00, 0x00, 0x00, 0x64, 0x64, 0x64,
    0x64, 0x64, 0x64, 0x64, 0x64, 0x64, 0x64, 0x64, 0x64, 0x64, 0x64, 0x64, 0x64, 0x00, 0x00, 0x00,
    0x00, 0x00, 0x00, 0x00, 0x00, 0x00, 0x00, 0x00, 0x00, 0x00, 0x00, 0x00, 0x64, 0x64, 0x64, 0x64,
    0x64, 0x64, 0x64, 0x64, 0x64, 0x64, 0x64, 0x64, 0x64, 0x64, 0x64, 0x64, 0x64, 0x64, 0x64, 0x64,
    0x64, 0x64, 0x64, 0x64, 0x64, 0x64, 0x64, 0x64, 0x64, 0x64, 0x64, 0x64, 0x00, 0x00, 0x00, 0x00,
    0x00, 0x00, 0x00, 0x00, 0x00, 0x00, 0x00, 0x00, 0x00, 0x00, 0x00, 0x00, 0x00, 0x00, 0x00, 0x00,
    0x00, 0x00, 0x00, 0x00, 0x00, 0x00, 0x00, 0x00, 0x00, 0x00, 0x00, 0x00, 0x00, 0x00, 0x00, 0x00,
    0x00, 0x00, 0x00, 0x00, 0x00, 0x00, 0x00, 0x00, 0x00, 0x00, 0x00, 0x00, 0x00, 0x00, 0x00, 0x00,
    0x00, 0x00, 0x00, 0x00, 0x00, 0x00, 0x00, 0x00, 0x00, 0x00, 0x00, 0x00, 0x00, 0x00, 0x00, 0x00,
    0x00, 0x00, 0x00, 0x00, 0x00, 0x00, 0x00, 0x00, 0x00, 0x00, 0x00, 0x00, 0x00, 0x00, 0x00, 0x00,
    0x00, 0x00, 0x00, 0x00, 0x00, 0x00, 0x00, 0x00, 0x00, 0x00, 0x00, 0x00, 0x00, 0x00, 0x00, 0x00,
    0x00, 0x00, 0x00, 0x00, 0x00, 0x00, 0x00, 0x00, 0x00, 0x00, 0x00, 0x00, 0x00, 0x00, 0x00, 0x00,
    0x00, 0x00, 0x00, 0x00, 0x00, 0x00, 0x00, 0x00, 0x00, 0x00, 0x00, 0x00, 0x00, 0x00, 0x00, 0x00,
    0x00, 0x00, 0x00, 0x00, 0x00, 0x00, 0x00, 0x00, 0x00, 0x00, 0x00, 0x00, 0x00, 0x00, 0x00, 0x00,
    0x00, 0x00, 0x00, 0x00, 0x00, 0x00, 0x00, 0x00, 0x00, 0x00, 0x00, 0x00, 0x00, 0x00, 0x00, 0x00,
    0x00, 0x00, 0x00, 0x00, 0x00, 0x00, 0x00, 0x00, 0x00, 0x00, 0x00, 0x00, 0x00, 0x00, 0x00, 0x00,
    0x00, 0x00, 0x00, 0x00, 0x00, 0x00, 0x00, 0x00, 0x00, 0x00, 0x00, 0x00, 0x00, 0x00, 0x00, 0x00,
    0x00, 0x00, 0x00, 0x00, 0x00, 0x00, 0x00, 0x00, 0x00, 0x00, 0x00, 0x64, 0x64, 0x64, 0x64, 0x64,
    0x64, 0x64, 0x64, 0x64, 0x64, 0x64, 0x64, 0x64, 0x64, 0x64, 0x64, 0x00, 0x00, 0x00, 0x00, 0x00,
    0x00, 0x00, 0x00, 0x00, 0x00, 0x00, 0x00, 0x00, 0x00, 0x00, 0x00, 0x64, 0x64, 0x64, 0x64, 0x64,
    0x64, 0x64, 0x64, 0x64, 0x64, 0x64, 0x64, 0x64, 0x64, 0x64, 0x64, 0x64, 0x64, 0x64, 0x64, 0x64,
    0x64, 0x64, 0x64, 0x64, 0x64, 0x64, 0x64, 0x64, 0x64, 0x64, 0x64, 0x64, 0x64, 0x64, 0x64, 0x64,
    0x64, 0x64, 0x64, 0x64, 0x64, 0x64, 0x64, 0x64, 0x64, 0x64, 0x64, 0x64, 0x64, 0x64, 0x64, 0x64,
    0x64, 0x64, 0x64, 0x64, 0x64, 0x64, 0x64, 0x64, 0x64, 0x64, 0x64, 0x64, 0x64, 0x64, 0x64, 0x64,
    0x64, 0x64, 0x64, 0x64, 0x64, 0x64, 0x64, 0x64, 0x64, 0x64, 0x64, 0x64, 0x64, 0x64, 0x64, 0x64,
    0x64, 0x64, 0x64, 0x64, 0x64, 0x64, 0x64, 0x64, 0x64, 0x64, 0x64, 0x64, 0x64, 0x64, 0x64, 0x64,
    0x64, 0x64, 0x64, 0x64, 0x64, 0x64, 0x64, 0x64, 0x64, 0x64, 0x64, 0x64, 0x64, 0x64, 0x64, 0x64,
    0x64, 0x64, 0x64, 0x64, 0x64, 0x64, 0x64, 0x64, 0x64, 0x64, 0x64, 0x64, 0x64, 0x64, 0x64, 0x5D,
    0x5D, 0x5D, 0x5D, 0x5D, 0x5D, 0x5D, 0x5D, 0x5D, 0x5D, 0x5D, 0x5D, 0x5D, 0x5D, 0x5D, 0x5D, 0x5D,
    0x5D, 0x5D, 0x5D, 0x5D, 0x5D, 0x5D, 0x5D, 0x5D, 0x5D, 0x5D, 0x5D, 0x5D, 0x5D, 0x5D, 0x5D, 0x5D,
    0x5D, 0x5D, 0x5D, 0x5D, 0x5D, 0x5D, 0x5D, 0x5D, 0x5D, 0x5D, 0x5D, 0x5D, 0x5D, 0x5D, 0x5D, 0x5D,
    0x5D, 0x5D, 0x5D, 0x5D, 0x5D, 0x5D, 0x5D, 0x5D, 0x5D, 0x5D, 0x00, 0x00, 0x00, 0x00, 0x00, 0x00,
    0x00, 0x00, 0x00, 0x00, 0x00, 0x00, 0x00, 0x00, 0x00, 0x00, 0x00, 0x00, 0x00, 0x00, 0x00, 0x00,
    0x00, 0x00, 0x00, 0x00, 0x00, 0x00, 0x00, 0x00, 0x00, 0x00, 0x00, 0x00, 0x00, 0x00, 0x00, 0x00,
    0x00, 0x00, 0x00, 0x00, 0x00, 0x00, 0x00, 0x00, 0x00, 0x00, 0x5D, 0x5D, 0x5D, 0x5D, 0x5D, 0x5D,
    0x5D, 0x5D, 0x5D, 0x5D, 0x5D, 0x5D, 0x5D, 0x5D, 0x5D, 0x5D, 0x5D, 0x5D, 0x5D, 0x5D, 0x5D, 0x5D,
    0x5D, 0x5D, 0x5D, 0x5D, 0x5D, 0x5D, 0x5D, 0x5D, 0x5D, 0x5D, 0x5D, 0x5D, 0x5D, 0x5D, 0x5D, 0x5D,
    0x5D, 0x5D, 0x5D, 0x5D, 0x5D, 0x5D, 0x5D, 0x5D, 0x5D, 0x5D, 0x5D, 0x5D, 0x5D, 0x5D, 0x5D, 0x5D,
    0x5D, 0x5D, 0x5D, 0x5D, 0x5D, 0x5D, 0x5D, 0x5D, 0x5D, 0x5D, 0x5D, 0x5D, 0x5D, 0x5D, 0x5D, 0x5D,
    0x5D, 0x5D, 0x5D, 0x5D, 0x5D, 0x5D, 0x5D, 0x5D, 0x5D, 0x5D, 0x5D, 0x5D, 0x5D, 0x5D, 0x5D, 0x5D,
    0x5D, 0x5D, 0x5D, 0x5D, 0x5D, 0x5D, 0x5D, 0x5D, 0x5D, 0x5D, 0x5D, 0x5D, 0x5D, 0x5D, 0x5D, 0x5D,
    0x5D, 0x5D, 0x5D, 0x5D, 0x5D, 0x5D, 0x5D, 0x5D, 0x5D, 0x5D, 0x5D, 0x5D, 0x5D, 0x5D, 0x5D, 0x5D,
    0x5D, 0x5D, 0x5D, 0x5D, 0x5D, 0x5D, 0x5D, 0x5D, 0x5D, 0x5D, 0x5D, 0x5D, 0x5D, 0x5D, 0x5D, 0x5D,
    0x5D, 0x5D, 0x5D, 0x5D, 0x5D, 0x5D, 0x5D, 0x5D, 0x5D, 0x5D, 0x5D, 0x5D, 0x5D, 0x5D, 0x5D, 0x5D,
    0x5D, 0x5D, 0x5D, 0x5D, 0x5D, 0x5D, 0x5D, 0x5D, 0x5D, 0x5D, 0x5D, 0x5D, 0x5D, 0x5D, 0x5D, 0x5D,
    0x5D, 0x5D, 0x5D, 0x5D, 0x5D, 0x5D, 0x5D, 0x5D, 0x5D, 0x00, 0x00, 0x00, 0x00, 0x00, 0x00, 0x00,
    0x00, 0x00, 0x00, 0x00, 0x00, 0x00, 0x00, 0x00, 0x5D, 0x5D, 0x5D, 0x5D, 0x5D, 0x5D, 0x5D, 0x5D,
    0x5D, 0x5D, 0x5D, 0x5D, 0x5D, 0x5D, 0x5D, 0x5D, 0x5D, 0x5D, 0x5D, 0x5D, 0x5D, 0x5D, 0x5D, 0x5D,
    0x5D, 0x5D, 0x5D, 0x5D, 0x5D, 0x5D, 0x5D, 0x5D, 0x00, 0x00, 0x00, 0x00, 0x00, 0x00, 0x00, 0x00,
    0x00, 0x00, 0x00, 0x00, 0x00, 0x00, 0x00, 0x00, 0x5D, 0x5D, 0x5D, 0x5D, 0x5D, 0x5D, 0x5D, 0x5D,
    0x5D, 0x5D, 0x5D, 0x5D, 0x5D, 0x5D, 0x5D, 0x5D, 0x5D, 0x5D, 0x5D, 0x5D, 0x5D, 0x5D, 0x5D, 0x5D,
    0x5D, 0x5D, 0x5D, 0x5D, 0x5D, 0x5D, 0x5D, 0x5D, 0x5D, 0x5D, 0x5D, 0x5D, 0x5D, 0x5D, 0x5D, 0x5D,
    0x5D, 0x5D, 0x5D, 0x5D, 0x5D, 0x5D, 0x5D, 0x5D, 0x5D, 0x5D, 0x5D, 0x5D, 0x5D, 0x5D, 0x5D, 0x5D,
    0x5D, 0x5D, 0x5D, 0x5D, 0x5D, 0x5D, 0x5D, 0x5D, 0x5D, 0x5D, 0x5D, 0x5D, 0x5D, 0x5D, 0x5D, 0x5D,
    0x5D, 0x5D, 0x5D, 0x5D, 0x5D, 0x5D, 0x5D, 0x5D, 0x5D, 0x5D, 0x5D, 0x5D, 0x5D, 0x5D, 0x5D, 0x5D,
    0x5D, 0x5D, 0x5D, 0x5D, 0x5D, 0x5D, 0x5D, 0x5D, 0x5D, 0x5D, 0x5D, 0x5D, 0x5D, 0x5D, 0x5D, 0x5D,
    0x5D, 0x5D, 0x5D, 0x5D, 0x5D, 0x5D, 0x5D, 0x5D, 0x5D, 0x5D, 0x5D, 0x5D, 0x5D, 0x5D, 0x5D, 0x5D,
    0x5D, 0x5D, 0x5D, 0x5D, 0x5D, 0x5D, 0x5D, 0x5D, 0x5D, 0x5D, 0x5D, 0x5D, 0x5D, 0x5D, 0x5D, 0x5D,
    0x5D, 0x5D, 0x5D, 0x5D, 0x5D, 0x5D, 0x5D, 0x5D, 0x5D, 0x5D, 0x5D, 0x5D, 0x5D, 0x5D, 0x5D, 0x5D,
    0x5D, 0x5D, 0x5D, 0x5D, 0x5D, 0x5D, 0x5D, 0x00, 0x00, 0x00, 0x00, 0x00, 0x00, 0x00, 0x00, 0x00,
    0x00, 0x00, 0x00, 0x00, 0x00, 0x00, 0x00, 0x00, 0x00, 0x00, 0x00, 0x00, 0x00, 0x00, 0x00, 0x00,
    0x00, 0x00, 0x00, 0x00, 0x00, 0x00, 0x00, 0x5D, 0x5D, 0x5D, 0x5D, 0x5D, 0x5D, 0x5D, 0x5D, 0x5D,
    0x5D, 0x5D, 0x5D, 0x5D, 0x5D, 0x5D, 0x5D, 0x00, 0x00, 0x00, 0x00, 0x00, 0x00, 0x00, 0x00, 0x00,
    0x00, 0x00, 0x00, 0x00, 0x00, 0x00, 0x00, 0x00, 0x00, 0x00, 0x00, 0x00, 0x00, 0x00, 0x00, 0x00,
    0x00, 0x00, 0x00, 0x00, 0x00, 0x00, 0x00, 0x5D, 0x5D, 0x5D, 0x5D, 0x5D, 0x5D, 0x5D, 0x5D, 0x5D,
    0x5D, 0x5D, 0x5D, 0x5D, 0x5D, 0x5D, 0x5D, 0x5D, 0x5D, 0x5D, 0x5D, 0x5D, 0x5D, 0x5D, 0x5D, 0x5D,
    0x5D, 0x5D, 0x5D, 0x5D, 0x5D, 0x5D, 0x5D, 0x5D, 0x5D, 0x5D, 0x5D, 0x5D, 0x5D, 0x5D, 0x5D, 0x5D,
    0x5D, 0x5D, 0x5D, 0x5D, 0x5D, 0x5D, 0x5D, 0x5D, 0x5D, 0x5D, 0x5D, 0x5D, 0x5D, 0x5D, 0x5D, 0x5D,
    0x5D, 0x5D, 0x5D, 0x5D, 0x5D, 0x5D, 0x5D, 0x5D, 0x5D, 0x5D, 0x5D, 0x5D, 0x5D, 0x5D, 0x5D, 0x5D,
    0x5D, 0x5D, 0x5D, 0x5D, 0x5D, 0x5D, 0x5D, 0x5D, 0x5D, 0x5D, 0x5D, 0x5D, 0x5D, 0x5D, 0x5D, 0x5D,
    0x5D, 0x5D, 0x5D, 0x5D, 0x5D, 0x5D, 0x5D, 0x5D, 0x5D, 0x5D, 0x5D, 0x5D, 0x5D, 0x5D, 0x5D, 0x5D,
    0x5D, 0x5D, 0x5D, 0x5D, 0x5D, 0x5D, 0x5D, 0x5D, 0x5D, 0x5D, 0x5D, 0x5D, 0x5D, 0x5D, 0x5D, 0x5D,
    0x5D, 0x5D, 0x5D, 0x5D, 0x5D, 0x5D, 0x5D, 0x5D, 0x5D, 0x5D, 0x5D, 0x5D, 0x5D, 0x5D, 0x5D, 0x5D,
    0x5D, 0x5D, 0x5D, 0x5D, 0x5D, 0x5D, 0x00, 0x00, 0x00, 0x00, 0x00, 0x00, 0x00, 0x00, 0x00, 0x00,
    0x00, 0x00, 0x00, 0x00, 0x00, 0x00, 0x5D, 0x5D, 0x5D, 0x5D, 0x5D, 0x5D, 0x5D, 0x5D, 0x5D, 0x5D,
    0x5D, 0x5D, 0x5D, 0x5D, 0x5D, 0x5D, 0x00, 0x00, 0x00, 0x00, 0x00, 0x00, 0x00, 0x00, 0x00, 0x00,
    0x00, 0x00, 0x00, 0x00, 0x00, 0x00, 0x00, 0x00, 0x00, 0x00, 0x00, 0x00, 0x00, 0x00, 0x00, 0x00,
    0x00, 0x00, 0x00, 0x00, 0x00, 0x00, 0x5D, 0x5D, 0x5D, 0x5D, 0x5D, 0x5D, 0x5D, 0x5D, 0x5D, 0x5D,
    0x5D, 0x5D, 0x5D, 0x5D, 0x5D, 0x5D, 0x00, 0x00, 0x00, 0x00, 0x00, 0x00, 0x00, 0x00, 0x00, 0x00,
    0x00, 0x00, 0x00, 0x00, 0x00, 0x00, 0x5D, 0x5D, 0x5D, 0x5D, 0x5D, 0x5D, 0x5D, 0x5D, 0x5D, 0x5D,
    0x5D, 0x5D, 0x5D, 0x5D, 0x5D, 0x5D, 0x5D, 0x5D, 0x5D, 0x5D, 0x5D, 0x5D, 0x5D, 0x5D, 0x5D, 0x5D,
    0x5D, 0x5D, 0x5D, 0x5D, 0x5D, 0x5D, 0x5D, 0x5D, 0x5D, 0x5D, 0x5D, 0x5D, 0x5D, 0x5D, 0x5D, 0x5D,
    0x5D, 0x5D, 0x5D, 0x5D, 0x5D, 0x5D, 0x5D, 0x5D, 0x5D, 0x5D, 0x5D, 0x5D, 0x5D, 0x5D, 0x5D, 0x5D,
    0x5D, 0x5D, 0x5D, 0x5D, 0x5D, 0x5D, 0x5D, 0x5D, 0x5D, 0x5D, 0x5D, 0x5D, 0x5D, 0x5D, 0x5D, 0x5D,
    0x5D, 0x5D, 0x5D, 0x5D, 0x5D, 0x5D, 0x5D, 0x5D, 0x5D, 0x5D, 0x5D, 0x5D, 0x5D, 0x5D, 0x5D, 0x5D,
    0x5D, 0x5D, 0x5D, 0x5D, 0x5D, 0x5D, 0x5D, 0x5D, 0x5D, 0x5D, 0x5D, 0x5D, 0x5D, 0x5D, 0x5D, 0x5D,
    0x5D, 0x5D, 0x5D, 0x5D, 0x57, 0x57, 0x57, 0x57, 0x57, 0x57, 0x57, 0x57, 0x57, 0x57, 0x57, 0x57,
    0x57, 0x57, 0x57, 0x57, 0x57, 0x00, 0x00, 0x00, 0x00, 0x00, 0x00, 0x00, 0x00, 0x00, 0x00, 0x00,
    0x00, 0x00, 0x00, 0x00, 0x00, 0x00, 0x00, 0x00, 0x00, 0x00, 0x00, 0x00, 0x00, 0x00, 0x00, 0x00,
    0x00, 0x00, 0x00, 0x00, 0x00, 0x00, 0x00, 0x00, 0x00, 0x00, 0x00, 0x00, 0x00, 0x00, 0x00, 0x00,
    0x00, 0x00, 0x00, 0x00, 0x00, 0x57, 0x57, 0x57, 0x57, 0x57, 0x57, 0x57, 0x57, 0x57, 0x57, 0x57,
    0x57, 0x57, 0x57, 0x57, 0x00, 0x00, 0x00, 0x00, 0x00, 0x00, 0x00, 0x00, 0x00, 0x00, 0x00, 0x00,
    0x00, 0x00, 0x00, 0x00, 0x00, 0x00, 0x00, 0x00, 0x00, 0x00, 0x00, 0x00, 0x00, 0x00, 0x00, 0x00,
    0x00, 0x00, 0x00, 0x00, 0x00, 0x00, 0x00, 0x00, 0x00, 0x00, 0x00, 0x00, 0x00, 0x00, 0x00, 0x00,
    0x00, 0x00, 0x00, 0x00, 0x57, 0x57, 0x57, 0x57, 0x57, 0x57, 0x57, 0x57, 0x57, 0x57, 0x57, 0x57,
    0x57, 0x57, 0x57, 0x57, 0x57, 0x57, 0x57, 0x57, 0x57, 0x57, 0x57, 0x57, 0x57, 0x57, 0x57, 0x57,
    0x57, 0x57, 0x57, 0x57, 0x57, 0x57, 0x57, 0x57, 0x57, 0x57, 0x57, 0x57, 0x57, 0x57, 0x57, 0x57,
    0x57, 0x57, 0x57, 0x57, 0x57, 0x57, 0x57, 0x57, 0x57, 0x57, 0x57, 0x57, 0x57, 0x57, 0x57, 0x57,
    0x57, 0x57, 0x57, 0x57, 0x57, 0x57, 0x57, 0x57, 0x57, 0x57, 0x57, 0x57, 0x57, 0x57, 0x57, 0x57,
    0x57, 0x57, 0x57, 0x57, 0x57, 0x57, 0x57, 0x57, 0x57, 0x57, 0x57, 0x57, 0x57, 0x57, 0x57, 0x57,
    0x57, 0x57, 0x57, 0x57, 0x57, 0x57, 0x57, 0x57, 0x57, 0x57, 0x57, 0x57, 0x57, 0x57, 0x57, 0x57,
    0x57, 0x57, 0x57, 0x57, 0x00, 0x00, 0x00, 0x00, 0x00, 0x00, 0x00, 0x00, 0x00, 0x00, 0x00, 0x00,
    0x00, 0x00, 0x00, 0x57, 0x57, 0x57, 0x57, 0x57, 0x57, 0x57, 0x57, 0x57, 0x57, 0x57, 0x57, 0x57,
    0x57, 0x57, 0x57, 0x57, 0x57, 0x57, 0x57, 0x57, 0x57, 0x57, 0x57, 0x57, 0x57, 0x57, 0x57, 0x57,
    0x57, 0x57, 0x57, 0x00, 0x00, 0x00, 0x00, 0x00, 0x00, 0x00, 0x00, 0x00, 0x00, 0x00, 0x00, 0x00,
    0x00, 0x00, 0x00, 0x00, 0x00, 0x00, 0x00, 0x00, 0x00, 0x00, 0x00, 0x00, 0x00, 0x00, 0x00, 0x00,
    0x00, 0x00, 0x00, 0x57, 0x57, 0x57, 0x57, 0x57, 0x57, 0x57, 0x57, 0x57, 0x57, 0x57, 0x57, 0x57,
    0x57, 0x57, 0x57, 0x57, 0x57, 0x57, 0x57, 0x57, 0x57, 0x57, 0x57, 0x57, 0x57, 0x57, 0x57, 0x57,
    0x57, 0x57, 0x57, 0x00, 0x00, 0x00, 0x00, 0x00, 0x00, 0x00, 0x00, 0x00, 0x00, 0x00, 0x00, 0x00,
    0x00, 0x00, 0x00, 0x57, 0x57, 0x57, 0x57, 0x57, 0x57, 0x57, 0x57, 0x57, 0x57, 0x57, 0x57, 0x57,
    0x57, 0x57, 0x57, 0x57, 0x57, 0x57, 0x57, 0x57, 0x57, 0x57, 0x57, 0x57, 0x57, 0x57, 0x57, 0x57,
    0x57, 0x57, 0x57, 0x57, 0x57, 0x57, 0x57, 0x57, 0x57, 0x57, 0x57, 0x57, 0x57, 0x57, 0x57, 0x57,
    0x57, 0x57, 0x57, 0x57, 0x57, 0x57, 0x57, 0x57, 0x57, 0x57, 0x57, 0x57, 0x57, 0x57, 0x57, 0x57,
    0x57, 0x57, 0x57, 0x57, 0x57, 0x57, 0x57, 0x57, 0x57, 0x57, 0x57, 0x57, 0x57, 0x57, 0x57, 0x57,
    0x57, 0x57, 0x57, 0x57, 0x57, 0x57, 0x57, 0x57, 0x57, 0x57, 0x57, 0x57, 0x57, 0x57, 0x57, 0x57,
    0x57, 0x57, 0x00, 0x00, 0x00, 0x00, 0x00, 0x00, 0x00, 0x00, 0x00, 0x00, 0x00, 0x00, 0x00, 0x00,
    0x00, 0x00, 0x00, 0x00, 0x00, 0x00, 0x00, 0x00, 0x00, 0x00, 0x00, 0x00, 0x00, 0x00, 0x00, 0x00,
    0x00, 0x00, 0x57, 0x57, 0x57, 0x57, 0x57, 0x57, 0x57, 0x57, 0x57, 0x57, 0x57, 0x57, 0x57, 0x57,
    0x57, 0x57, 0x00, 0x00, 0x00, 0x00, 0x00, 0x00, 0x00, 0x00, 0x00, 0x00, 0x00, 0x00, 0x00, 0x00,
    0x00, 0x00, 0x57, 0x57, 0x57, 0x57, 0x57, 0x57, 0x57, 0x57, 0x57, 0x57, 0x57, 0x57, 0x57, 0x57,
    0x57, 0x57, 0x00, 0x00, 0x00, 0x00, 0x00, 0x00, 0x00, 0x00, 0x00, 0x00, 0x00, 0x00, 0x00, 0x00,
    0x00, 0x00, 0x57, 0x57, 0x57, 0x57, 0x57, 0x57, 0x57, 0x57, 0x57, 0x57, 0x57, 0x57, 0x57, 0x57,
    0x57, 0x57, 0x00, 0x00, 0x00, 0x00, 0x00, 0x00, 0x00, 0x00, 0x00, 0x00, 0x00, 0x00, 0x00, 0x00,
    0x00, 0x00, 0x00, 0x00, 0x00, 0x00, 0x00, 0x00, 0x00, 0x00, 0x00, 0x00, 0x00, 0x00, 0x00, 0x00,
    0x00, 0x57, 0x57, 0x57, 0x57, 0x57, 0x57, 0x57, 0x57, 0x57, 0x57, 0x57, 0x57, 0x57, 0x57, 0x57,
    0x57, 0x57, 0x57, 0x57, 0x57, 0x57, 0x57, 0x57, 0x57, 0x57, 0x57, 0x57, 0x57, 0x57, 0x57, 0x57,
    0x57, 0x57, 0x57, 0x57, 0x57, 0x57, 0x57, 0x57, 0x57, 0x57, 0x57, 0x57, 0x57, 0x57, 0x57, 0x57,
    0x57, 0x57, 0x57, 0x57, 0x57, 0x57, 0x57, 0x57, 0x57, 0x57, 0x57, 0x57, 0x57, 0x57, 0x57, 0x57,
    0x57, 0x57, 0x57, 0x57, 0x57, 0x57, 0x57, 0x57, 0x57, 0x57, 0x57, 0x57, 0x57, 0x57, 0x57, 0x57,
    0x57, 0x00, 0x00, 0x00, 0x00, 0x00, 0x00, 0x00, 0x00, 0x00, 0x00, 0x00, 0x00, 0x00, 0x00, 0x00,
    0x00, 0x57, 0x57, 0x57, 0x57, 0x57, 0x57, 0x57, 0x57, 0x57, 0x57, 0x57, 0x57, 0x57, 0x57, 0x57,
    0x57, 0x00, 0x00, 0x00, 0x00, 0x00, 0x00, 0x00, 0x00, 0x00, 0x00, 0x00, 0x00, 0x00, 0x00, 0x00,
    0x00, 0x00, 0x00, 0x00, 0x00, 0x00, 0x00, 0x00, 0x00, 0x00, 0x00, 0x00, 0x00, 0x00, 0x00, 0x00,
    0x00, 0x00, 0x00, 0x00, 0x00, 0x00, 0x00, 0x00, 0x00, 0x00, 0x00, 0x00, 0x00, 0x00, 0x00, 0x00,
    0x00, 0x00, 0x00, 0x00, 0x00, 0x00, 0x00, 0x00, 0x00, 0x00, 0x00, 0x00, 0x00, 0x00, 0x00, 0x00,
    0x00, 0x00, 0x00, 0x00, 0x00, 0x00, 0x00, 0x00, 0x00, 0x00, 0x00, 0x00, 0x00, 0x00, 0x00, 0x00,
    0x00, 0x00, 0x00, 0x00, 0x00, 0x00, 0x00, 0x00, 0x00, 0x00, 0x00, 0x00, 0x00, 0x00, 0x00, 0x00,
    0x57, 0x57, 0x57, 0x57, 0x57, 0x57, 0x57, 0x57, 0x57, 0x57, 0x57, 0x57, 0x57, 0x57, 0x57, 0x57,
    0x00, 0x00, 0x00, 0x00, 0x00, 0x00, 0x00, 0x00, 0x00, 0x00, 0x00, 0x00, 0x00, 0x00, 0x00, 0x00,
    0x57, 0x57, 0x57, 0x57, 0x57, 0x57, 0x57, 0x57, 0x57, 0x57, 0x57, 0x57, 0x57, 0x57, 0x57, 0x57,
    0x57, 0x57, 0x57, 0x57, 0x57, 0x57, 0x57, 0x57, 0x57, 0x57, 0x57, 0x57, 0x57, 0x57, 0x57, 0x57,
    0x57, 0x57, 0x57, 0x57, 0x57, 0x57, 0x57, 0x57, 0x57, 0x57, 0x57, 0x57, 0x57, 0x57, 0x57, 0x57,
    0x57, 0x57, 0x57, 0x57, 0x57, 0x57, 0x57, 0x57, 0x57, 0x57, 0x57, 0x57, 0x57, 0x57, 0x57, 0x57,
    0x00, 0x00, 0x00, 0x00, 0x00, 0x00, 0x00, 0x00, 0x00, 0x00, 0x00, 0x00, 0x00, 0x00, 0x00, 0x00,
    0x00, 0x00, 0x00, 0x00, 0x00, 0x00, 0x00, 0x00, 0x00, 0x00, 0x00, 0x00, 0x00, 0x00, 0x00, 0x00,
    0x00, 0x00, 0x00, 0x00, 0x00, 0x00, 0x00, 0x00, 0x00, 0x00, 0x00, 0x00, 0x00, 0x00, 0x00, 0x00,
    0x50, 0x50, 0x50, 0x50, 0x50, 0x50, 0x50, 0x50, 0x50, 0x50, 0x50, 0x50, 0x50, 0x50, 0x50, 0x50,
    0x50, 0x50, 0x50, 0x50, 0x50, 0x50, 0x50, 0x50, 0x50, 0x50, 0x50, 0x50, 0x50, 0x50, 0x50, 0x50,
    0x50, 0x50, 0x50, 0x50, 0x50, 0x50, 0x50, 0x50, 0x50, 0x50, 0x50, 0x50, 0x50, 0x50, 0x50, 0x50,
    0x50, 0x50, 0x50, 0x50, 0x50, 0x50, 0x50, 0x50, 0x50, 0x50, 0x50, 0x50, 0x50, 0x50, 0x50, 0x50,
    0x50, 0x50, 0x50, 0x50, 0x50, 0x50, 0x50, 0x50, 0x50, 0x50, 0x50, 0x50, 0x50, 0x50, 0x50, 0x00,
    0x00, 0x00, 0x00, 0x00, 0x00, 0x00, 0x00, 0x00, 0x00, 0x00, 0x00, 0x00, 0x00, 0x00, 0x00, 0x00,
    0x00, 0x00, 0x00, 0x00, 0x00, 0x00, 0x00, 0x00, 0x00, 0x00, 0x00, 0x00, 0x00, 0x00, 0x00, 0x00,
    0x00, 0x00, 0x00, 0x00, 0x00, 0x00, 0x00, 0x00, 0x00, 0x00, 0x00, 0x00, 0x00, 0x00, 0x00, 0x50,
    0x50, 0x50, 0x50, 0x50, 0x50, 0x50, 0x50, 0x50, 0x50, 0x50, 0x50, 0x50, 0x50, 0x50, 0x50, 0x50,
    0x50, 0x50, 0x50, 0x50, 0x50, 0x50, 0x50, 0x50, 0x50, 0x50, 0x50, 0x50, 0x50, 0x50, 0x50, 0x50,
    0x50, 0x50, 0x50, 0x50, 0x50, 0x50, 0x50, 0x50, 0x50, 0x50, 0x50, 0x50, 0x50, 0x50, 0x50, 0x00,
    0x00, 0x00, 0x00, 0x00, 0x00, 0x00, 0x00, 0x00, 0x00, 0x00, 0x00, 0x00, 0x00, 0x00, 0x50, 0x50,
    0x50, 0x50, 0x50, 0x50, 0x50, 0x50, 0x50, 0x50, 0x50, 0x50, 0x50, 0x50, 0x50, 0x50, 0x50, 0x50,
    0x50, 0x50, 0x50, 0x50, 0x50, 0x50, 0x50, 0x50, 0x50, 0x50, 0x50, 0x50, 0x50, 0x50, 0x00, 0x00,
    0x00, 0x00, 0x00, 0x00, 0x00, 0x00, 0x00, 0x00, 0x00, 0x00, 0x00, 0x00, 0x00, 0x00, 0x50, 0x50,
    0x50, 0x50, 0x50, 0x50, 0x50, 0x50, 0x50, 0x50, 0x50, 0x50, 0x50, 0x50, 0x50, 0x50, 0x50, 0x50,
    0x50, 0x50, 0x50, 0x50, 0x50, 0x50, 0x50, 0x50, 0x50, 0x50, 0x50, 0x50, 0x50, 0x50, 0x50, 0x50,
    0x50, 0x50, 0x50, 0x50, 0x50, 0x50, 0x50, 0x50, 0x50, 0x50, 0x50, 0x50, 0x50, 0x50, 0x50, 0x50,
    0x50, 0x50, 0x50, 0x50, 0x50, 0x50, 0x50, 0x50, 0x50, 0x50, 0x50, 0x50, 0x50, 0x50, 0x00, 0x00,
    0x00, 0x00, 0x00, 0x00, 0x00, 0x00, 0x00, 0x00, 0x00, 0x00, 0x00, 0x00, 0x00, 0x00, 0x50, 0x50,
    0x50, 0x50, 0x50, 0x50, 0x50, 0x50, 0x50, 0x50, 0x50, 0x50, 0x50, 0x50, 0x50, 0x50, 0x50, 0x50,
    0x50, 0x50, 0x50, 0x50, 0x50, 0x50, 0x50, 0x50, 0x50, 0x50, 0x50, 0x50, 0x50, 0x50, 0x00, 0x00,
    0x00, 0x00, 0x00, 0x00, 0x00, 0x00, 0x00, 0x00, 0x00, 0x00, 0x00, 0x00, 0x00, 0x50, 0x50, 0x50,
    0x50, 0x50, 0x50, 0x50, 0x50, 0x50, 0x50, 0x50, 0x50, 0x50, 0x50, 0x50, 0x50, 0x50, 0x50, 0x50,
    0x50, 0x50, 0x50, 0x50, 0x50, 0x50, 0x50, 0x50, 0x50, 0x50, 0x50, 0x50, 0x50, 0x00, 0x00, 0x00,
    0x00, 0x00, 0x00, 0x00, 0x00, 0x00, 0x00, 0x00, 0x00, 0x00, 0x00, 0x00, 0x00, 0x00, 0x00, 0x00,
    0x00, 0x00, 0x00, 0x00, 0x00, 0x00, 0x00, 0x00, 0x00, 0x00, 0x00, 0x00, 0x00, 0x50, 0x50, 0x50,
    0x50, 0x50, 0x50, 0x50, 0x50, 0x50, 0x50, 0x50, 0x50, 0x50, 0x50, 0x50, 0x43, 0x00, 0x00, 0x00,
    0x00, 0x00, 0x00, 0x00, 0x00, 0x00, 0x00, 0x00, 0x00, 0x00, 0x00, 0x00, 0x00, 0x00, 0x00, 0x00,
    0x00, 0x00, 0x00, 0x00, 0x00, 0x00, 0x00, 0x00, 0x00, 0x00, 0x00, 0x00, 0x00, 0x43, 0x43, 0x43,
    0x43, 0x43, 0x43, 0x43, 0x43, 0x43, 0x43, 0x43, 0x43, 0x43, 0x43, 0x43, 0x43, 0x43, 0x43, 0x43,
    0x43, 0x43, 0x43, 0x43, 0x43, 0x43, 0x43, 0x43, 0x43, 0x43, 0x43, 0x43, 0x43, 0x43, 0x43, 0x43,
    0x43, 0x43, 0x43, 0x43, 0x43, 0x43, 0x43, 0x43, 0x43, 0x43, 0x43, 0x43, 0x43, 0x00, 0x00, 0x00,
    0x00, 0x00, 0x00, 0x00, 0x00, 0x00, 0x00, 0x00, 0x00, 0x00, 0x00, 0x00, 0x00, 0x00, 0x00, 0x00,
    0x00, 0x00, 0x00, 0x00, 0x00, 0x00, 0x00, 0x00, 0x00, 0x00, 0x00, 0x00, 0x43, 0x43, 0x43, 0x43,
    0x43, 0x43, 0x43, 0x43, 0x43, 0x43, 0x43, 0x43, 0x43, 0x43, 0x43, 0x43, 0x00, 0x00, 0x00, 0x00,
    0x00, 0x00, 0x00, 0x00, 0x00, 0x00, 0x00, 0x00, 0x00, 0x00, 0x00, 0x00, 0x00, 0x00, 0x00, 0x00,
    0x00, 0x00, 0x00, 0x00, 0x00, 0x00, 0x00, 0x00, 0x00, 0x00, 0x00, 0x00, 0x43, 0x43, 0x43, 0x43,
    0x43, 0x43, 0x43, 0x43, 0x43, 0x43, 0x43, 0x43, 0x43, 0x43, 0x43, 0x43, 0x00, 0x00, 0x00, 0x00,
    0x00, 0x00, 0x00, 0x00, 0x00, 0x00, 0x00, 0x00, 0x00, 0x00, 0x00, 0x00, 0x43, 0x43, 0x43, 0x43,
    0x43, 0x43, 0x43, 0x43, 0x43, 0x43, 0x43, 0x43, 0x43, 0x43, 0x43, 0x43, 0x00, 0x00, 0x00, 0x00,
    0x00, 0x00, 0x00, 0x00, 0x00, 0x00, 0x00, 0x00, 0x00, 0x00, 0x00, 0x00, 0x00, 0x00, 0x00, 0x00,
    0x00, 0x00, 0x00, 0x00, 0x00, 0x00, 0x00, 0x00, 0x00, 0x00, 0x00, 0x00, 0x43, 0x43, 0x43, 0x43,
    0x43, 0x43, 0x43, 0x43, 0x43, 0x43, 0x43, 0x43, 0x43, 0x43, 0x43, 0x43, 0x00, 0x00, 0x00, 0x00,
    0x00, 0x00, 0x00, 0x00, 0x00, 0x00, 0x00, 0x00, 0x00, 0x00, 0x00, 0x43, 0x43, 0x43, 0x43, 0x43,
    0x43, 0x43, 0x43, 0x43, 0x43, 0x43, 0x43, 0x43, 0x43, 0x43, 0x43, 0x43, 0x43, 0x43, 0x43, 0x43,
    0x43, 0x43, 0x43, 0x43, 0x43, 0x43, 0x43, 0x43, 0x43, 0x43, 0x43, 0x00, 0x00, 0x00, 0x00, 0x00,
    0x00, 0x00, 0x00, 0x00, 0x00, 0x00, 0x00, 0x00, 0x00, 0x00, 0x00, 0x43, 0x43, 0x43, 0x43, 0x43,
    0x43, 0x43, 0x43, 0x43, 0x43, 0x43, 0x43, 0x43, 0x43, 0x43, 0x43, 0x00, 0x00, 0x00, 0x00, 0x00,
    0x00, 0x00, 0x00, 0x00, 0x00, 0x00, 0x00, 0x00, 0x00, 0x00, 0x00, 0x00, 0x00, 0x00, 0x00, 0x00,
    0x00, 0x00, 0x00, 0x00, 0x00, 0x00, 0x00, 0x00, 0x00, 0x00, 0x00, 0x43, 0x43, 0x43, 0x43, 0x43,
    0x43, 0x43, 0x43, 0x43, 0x43, 0x43, 0x43, 0x43, 0x43, 0x43, 0x43, 0x00, 0x00, 0x00, 0x00, 0x00,
    0x00, 0x00, 0x00, 0x00, 0x00, 0x00, 0x00, 0x00, 0x00, 0x00, 0x00, 0x00, 0x00, 0x00, 0x00, 0x00,
    0x00, 0x00, 0x00, 0x00, 0x00, 0x00, 0x00, 0x00, 0x00, 0x00, 0x00, 0x00, 0x00, 0x00, 0x00, 0x00,
    0x00, 0x00, 0x00, 0x00, 0x00, 0x00, 0x00, 0x00, 0x00, 0x00, 0x00, 0x00, 0x00, 0x00, 0x00, 0x00,
    0x00, 0x00, 0x00, 0x00, 0x00, 0x00, 0x00, 0x00, 0x00, 0x00, 0x00, 0x43, 0x43, 0x43, 0x43, 0x43,
    0x43, 0x43, 0x43, 0x43, 0x43, 0x43, 0x43, 0x43, 0x43, 0x43, 0x00, 0x00, 0x00, 0x00, 0x00, 0x00,
    0x00, 0x00, 0x00, 0x00, 0x00, 0x00, 0x00, 0x00, 0x00, 0x00, 0x00, 0x00, 0x00, 0x00, 0x00, 0x00,
    0x00, 0x00, 0x00, 0x00, 0x00, 0x00, 0x00, 0x00, 0x00, 0x00, 0x00, 0x00, 0x00, 0x00, 0x00, 0x00,
    0x00, 0x00, 0x00, 0x00, 0x00, 0x00, 0x00, 0x00, 0x00, 0x00, 0x43, 0x43, 0x43, 0x43, 0x43, 0x43,
    0x43, 0x43, 0x43, 0x43, 0x43, 0x43, 0x43, 0x43, 0x43, 0x43, 0x00, 0x00, 0x00, 0x00, 0x00, 0x00,
    0x00, 0x00, 0x00, 0x00, 0x00, 0x00, 0x00, 0x00, 0x00, 0x00, 0x00, 0x00, 0x00, 0x00, 0x00, 0x00,
    0x00, 0x00, 0x00, 0x00, 0x00, 0x00, 0x00, 0x00, 0x00, 0x00, 0x00, 0x00, 0x00, 0x00, 0x00, 0x00,
    0x00, 0x00, 0x00, 0x00, 0x00, 0x00, 0x00, 0x00, 0x00, 0x00, 0x43, 0x43, 0x43, 0x43, 0x43, 0x43,
    0x43, 0x43, 0x43, 0x43, 0x43, 0x43, 0x43, 0x43, 0x43, 0x43, 0x00, 0x00, 0x00, 0x00, 0x00, 0x00,
    0x00, 0x00, 0x00, 0x00, 0x00, 0x00, 0x00, 0x00, 0x00, 0x00, 0x00, 0x00, 0x00, 0x00, 0x00, 0x00,
    0x00, 0x00, 0x00, 0x00, 0x00, 0x00, 0x00, 0x00, 0x00, 0x00, 0x43, 0x43, 0x43, 0x43, 0x43, 0x43,
    0x43, 0x43, 0x43, 0x43, 0x43, 0x43, 0x43, 0x43, 0x43, 0x43, 0x43, 0x43, 0x43, 0x43, 0x43, 0x43,
    0x43, 0x43, 0x43, 0x43, 0x43, 0x43, 0x43, 0x43, 0x43, 0x43, 0x43, 0x43, 0x43, 0x43, 0x43, 0x43,
    0x43, 0x43, 0x43, 0x43, 0x43, 0x43, 0x43, 0x43, 0x43, 0x00, 0x00, 0x00, 0x00, 0x00, 0x00, 0x00,
    0x00, 0x00, 0x00, 0x00, 0x00, 0x00, 0x00, 0x00, 0x00, 0x00, 0x00, 0x00, 0x00, 0x00, 0x00, 0x00,
    0x00, 0x00, 0x00, 0x00, 0x00, 0x00, 0x00, 0x00, 0x00, 0x43, 0x43, 0x43, 0x43, 0x43, 0x43, 0x43,
    0x43, 0x43, 0x43, 0x43, 0x43, 0x43, 0x43, 0x43, 0x43, 0x43, 0x43, 0x43, 0x43, 0x43, 0x43, 0x43,
    0x43, 0x43, 0x43, 0x43, 0x43, 0x43, 0x43, 0x43, 0x43, 0x00, 0x00, 0x00, 0x00, 0x00, 0x00, 0x00,
    0x00, 0x00, 0x00, 0x00, 0x00, 0x00, 0x00, 0x00, 0x00, 0x00, 0x00, 0x00, 0x00, 0x00, 0x00, 0x00,
    0x00, 0x00, 0x00, 0x00, 0x00, 0x00, 0x00, 0x00, 0x00, 0x43, 0x43, 0x43, 0x43, 0x43, 0x43, 0x43,
    0x43, 0x43, 0x43, 0x43, 0x43, 0x43, 0x43, 0x43, 0x43, 0x43, 0x43, 0x43, 0x43, 0x43, 0x43, 0x43,
    0x43, 0x43, 0x43, 0x43, 0x43, 0x43, 0x43, 0x43, 0x43, 0x00, 0x00, 0x00, 0x00, 0x00, 0x00, 0x00,
    0x00, 0x00, 0x00, 0x00, 0x00, 0x00, 0x00, 0x00, 0x00, 0x00, 0x00, 0x00, 0x00, 0x00, 0x00, 0x00,
    0x00, 0x00, 0x00, 0x00, 0x00, 0x00, 0x00, 0x00, 0x43, 0x43, 0x43, 0x43, 0x43, 0x43, 0x43, 0x43,
    0x43, 0x43, 0x43, 0x43, 0x43, 0x43, 0x43, 0x43, 0x00, 0x00, 0x00, 0x00, 0x00, 0x00, 0x00, 0x00,
    0x00, 0x00, 0x00, 0x00, 0x00, 0x00, 0x00, 0x00, 0x43, 0x43, 0x43, 0x43, 0x43, 0x43, 0x43, 0x43,
    0x43, 0x43, 0x43, 0x43, 0x43, 0x43, 0x43, 0x43, 0x43, 0x43, 0x43, 0x43, 0x43, 0x43, 0x43, 0x43,
    0x43, 0x43, 0x43, 0x43, 0x43, 0x43, 0x43, 0x43, 0x00, 0x00, 0x00, 0x00, 0x00, 0x00, 0x00, 0x00,
    0x00, 0x00, 0x00, 0x00, 0x00, 0x00, 0x00, 0x00, 0x43, 0x43, 0x43, 0x43, 0x43, 0x43, 0x43, 0x43,
    0x43, 0x43, 0x43, 0x43, 0x43, 0x43, 0x43, 0x43, 0x00, 0x00, 0x00, 0x00, 0x00, 0x00, 0x00, 0x00,
    0x00, 0x00, 0x00, 0x00, 0x00, 0x00, 0x00, 0x00, 0x64, 0x64, 0x64, 0x64, 0x64, 0x64, 0x64, 0x64,
    0x64, 0x64, 0x64, 0x64, 0x64, 0x64, 0x64, 0x64, 0x00, 0x00, 0x00, 0x00, 0x00, 0x00, 0x00, 0x00,
    0x00, 0x00, 0x00, 0x00, 0x00, 0x00, 0x00, 0x00, 0x64, 0x64, 0x64, 0x64, 0x64, 0x64, 0x64, 0x64,
    0x64, 0x64, 0x64, 0x64, 0x64, 0x64, 0x64, 0x00, 0x00, 0x00, 0x00, 0x00, 0x00, 0x00, 0x00, 0x00,
    0x00, 0x00, 0x00, 0x00, 0x00, 0x00, 0x00, 0x64, 0x64, 0x64, 0x64, 0x64, 0x64, 0x64, 0x64, 0x64,
    0x64, 0x64, 0x64, 0x64, 0x64, 0x64, 0x64, 0x00, 0x00, 0x00, 0x00, 0x00, 0x00, 0x00, 0x00, 0x00,
    0x00, 0x00, 0x00, 0x00, 0x00, 0x00, 0x00, 0x64, 0x64, 0x64, 0x64, 0x64, 0x64, 0x64, 0x64, 0x64,
    0x64, 0x64, 0x64, 0x64, 0x64, 0x64, 0x64, 0x00, 0x00, 0x00, 0x00, 0x00, 0x00, 0x00, 0x00, 0x00,
    0x00, 0x00, 0x00, 0x00, 0x00, 0x00, 0x00, 0x00, 0x00, 0x00, 0x00, 0x00, 0x00, 0x00, 0x00, 0x00,
    0x00, 0x00, 0x00, 0x00, 0x00, 0x00, 0x00, 0x00, 0x00, 0x00, 0x00, 0x00, 0x00, 0x00, 0x00, 0x00,
    0x00, 0x00, 0x00, 0x00, 0x00, 0x00, 0x00, 0x64, 0x64, 0x64, 0x64, 0x64, 0x64, 0x64, 0x64, 0x64,
    0x64, 0x64, 0x64, 0x64, 0x64, 0x64, 0x64, 0x00, 0x00, 0x00, 0x00, 0x00, 0x00, 0x00, 0x00, 0x00,
    0x00, 0x00, 0x00, 0x00, 0x00, 0x00, 0x00, 0x00, 0x00, 0x00, 0x00, 0x00, 0x00, 0x00, 0x00, 0x00,
    0x00, 0x00, 0x00, 0x00, 0x00, 0x00, 0x00, 0x00, 0x00, 0x00, 0x00, 0x00, 0x00, 0x00, 0x00, 0x00,
    0x00, 0x00, 0x00, 0x00, 0x00, 0x00, 0x00, 0x00, 0x00, 0x00, 0x00, 0x00, 0x00, 0x00, 0x00, 0x00,
    0x00, 0x00, 0x00, 0x00, 0x00, 0x00, 0x00, 0x00, 0x00, 0x00, 0x00, 0x00, 0x00, 0x00, 0x00, 0x00,
    0x00, 0x00, 0x00, 0x00, 0x00, 0x00, 0x00, 0x00, 0x00, 0x00, 0x00, 0x00, 0x00, 0x00, 0x00, 0x00,
    0x00, 0x00, 0x00, 0x00, 0x00, 0x00, 0x00, 0x00, 0x00, 0x00, 0x00, 0x00, 0x00, 0x00, 0x00, 0x00,
    0x00, 0x00, 0x00, 0x00, 0x00, 0x00, 0x00, 0x00, 0x00, 0x00, 0x00, 0x00, 0x00, 0x00, 0x00, 0x00,
    0x00, 0x00, 0x00, 0x00, 0x00, 0x00, 0x00, 0x00, 0x00, 0x00, 0x00, 0x00, 0x00, 0x00, 0x00, 0x00,
    0x00, 0x00, 0x00, 0x00, 0x00, 0x00, 0x00, 0x00, 0x00, 0x00, 0x00, 0x00, 0x00, 0x00, 0x00, 0x00,
    0x00, 0x00, 0x00, 0x00, 0x00, 0x00, 0x00, 0x00, 0x00, 0x00, 0x00, 0x00, 0x00, 0x00, 0x00, 0x00,
    0x00, 0x00, 0x00, 0x00, 0x00, 0x00, 0x00, 0x00, 0x00, 0x00, 0x00, 0x00, 0x00, 0x00, 0x00, 0x00,
    0x00, 0x00, 0x00, 0x00, 0x00, 0x00, 0x00, 0x00, 0x00, 0x00, 0x00, 0x00, 0x00, 0x00, 0x00, 0x00,
    0x00, 0x00, 0x00, 0x00, 0x00, 0x00, 0x00, 0x00, 0x00, 0x00, 0x00, 0x00, 0x00, 0x00, 0x00, 0x00,
    0x00, 0x00, 0x00, 0x00, 0x00, 0x00, 0x00, 0x00, 0x00, 0x00, 0x00, 0x00, 0x00, 0x00, 0x00, 0x00,
    0x00, 0x00, 0x00, 0x00, 0x00, 0x00, 0x00, 0x00, 0x00, 0x00, 0x00, 0x00, 0x00, 0x00, 0x00, 0x00,
    0x00, 0x00, 0x00, 0x00, 0x00, 0x00, 0x00, 0x00, 0x00, 0x00, 0x00, 0x00, 0x00, 0x00, 0x00, 0x00,
};
const u8 __attribute__((aligned(256))) sfx_pcm_bomb[SFX_PCM_BOMB_LEN] = {
    0x00, 0x00, 0x00, 0x00, 0x00, 0x00, 0x00, 0x00, 0x00, 0x00, 0x00, 0x00, 0x00, 0x00, 0x00, 0x00,
    0x64, 0x64, 0x64, 0x64, 0x64, 0x64, 0x64, 0x64, 0x64, 0x64, 0x64, 0x64, 0x64, 0x64, 0x64, 0x64,
    0x64, 0x64, 0x64, 0x64, 0x64, 0x64, 0x64, 0x64, 0x64, 0x64, 0x64, 0x64, 0x64, 0x64, 0x64, 0x64,
    0x64, 0x64, 0x64, 0x64, 0x64, 0x64, 0x64, 0x64, 0x64, 0x64, 0x64, 0x64, 0x64, 0x64, 0x64, 0x64,
    0x64, 0x64, 0x64, 0x64, 0x64, 0x64, 0x64, 0x64, 0x64, 0x64, 0x64, 0x64, 0x64, 0x64, 0x64, 0x64,
    0x64, 0x64, 0x64, 0x64, 0x64, 0x64, 0x64, 0x64, 0x64, 0x64, 0x64, 0x64, 0x64, 0x64, 0x64, 0x64,
    0x64, 0x64, 0x64, 0x64, 0x64, 0x64, 0x64, 0x64, 0x64, 0x64, 0x64, 0x64, 0x64, 0x64, 0x64, 0x64,
    0x64, 0x64, 0x64, 0x64, 0x64, 0x64, 0x64, 0x64, 0x64, 0x64, 0x64, 0x64, 0x64, 0x64, 0x64, 0x64,
    0x64, 0x64, 0x64, 0x64, 0x64, 0x64, 0x64, 0x64, 0x64, 0x64, 0x64, 0x64, 0x64, 0x64, 0x64, 0x64,
    0x64, 0x64, 0x64, 0x64, 0x64, 0x64, 0x64, 0x64, 0x64, 0x64, 0x64, 0x64, 0x64, 0x64, 0x64, 0x64,
    0x64, 0x64, 0x64, 0x64, 0x64, 0x64, 0x64, 0x64, 0x64, 0x64, 0x64, 0x64, 0x64, 0x64, 0x64, 0x64,
    0x64, 0x64, 0x64, 0x64, 0x64, 0x64, 0x64, 0x64, 0x64, 0x64, 0x64, 0x64, 0x64, 0x64, 0x64, 0x64,
    0x64, 0x64, 0x64, 0x64, 0x64, 0x64, 0x64, 0x64, 0x64, 0x64, 0x64, 0x64, 0x64, 0x64, 0x64, 0x64,
    0x64, 0x64, 0x64, 0x64, 0x64, 0x64, 0x64, 0x64, 0x64, 0x64, 0x64, 0x64, 0x64, 0x64, 0x64, 0x64,
    0x64, 0x64, 0x64, 0x64, 0x64, 0x64, 0x64, 0x64, 0x64, 0x64, 0x64, 0x64, 0x64, 0x64, 0x64, 0x64,
    0x64, 0x64, 0x64, 0x64, 0x64, 0x64, 0x64, 0x64, 0x64, 0x64, 0x64, 0x64, 0x64, 0x64, 0x64, 0x00,
    0x00, 0x00, 0x00, 0x00, 0x00, 0x00, 0x00, 0x00, 0x00, 0x00, 0x00, 0x00, 0x00, 0x00, 0x00, 0x00,
    0x00, 0x00, 0x00, 0x00, 0x00, 0x00, 0x00, 0x00, 0x00, 0x00, 0x00, 0x00, 0x00, 0x00, 0x00, 0x64,
    0x64, 0x64, 0x64, 0x64, 0x64, 0x64, 0x64, 0x64, 0x64, 0x64, 0x64, 0x64, 0x64, 0x64, 0x64, 0x64,
    0x64, 0x64, 0x64, 0x64, 0x64, 0x64, 0x64, 0x64, 0x64, 0x64, 0x64, 0x64, 0x64, 0x64, 0x64, 0x64,
    0x64, 0x64, 0x64, 0x64, 0x64, 0x64, 0x64, 0x64, 0x64, 0x64, 0x64, 0x64, 0x64, 0x64, 0x64, 0x64,
    0x64, 0x64, 0x64, 0x64, 0x64, 0x64, 0x64, 0x64, 0x64, 0x64, 0x64, 0x64, 0x64, 0x64, 0x64, 0x64,
    0x64, 0x64, 0x64, 0x64, 0x64, 0x64, 0x64, 0x64, 0x64, 0x64, 0x64, 0x64, 0x64, 0x64, 0x64, 0x64,
    0x64, 0x64, 0x64, 0x64, 0x64, 0x64, 0x64, 0x64, 0x64, 0x64, 0x64, 0x64, 0x64, 0x64, 0x64, 0x64,
    0x64, 0x64, 0x64, 0x64, 0x64, 0x64, 0x64, 0x64, 0x64, 0x64, 0x64, 0x64, 0x64, 0x64, 0x64, 0x64,
    0x64, 0x64, 0x64, 0x64, 0x64, 0x64, 0x64, 0x64, 0x64, 0x64, 0x64, 0x64, 0x64, 0x64, 0x64, 0x64,
    0x64, 0x64, 0x64, 0x64, 0x64, 0x64, 0x64, 0x64, 0x64, 0x64, 0x64, 0x64, 0x64, 0x64, 0x64, 0x64,
    0x64, 0x64, 0x64, 0x64, 0x64, 0x64, 0x64, 0x64, 0x64, 0x64, 0x64, 0x64, 0x64, 0x64, 0x64, 0x64,
    0x64, 0x64, 0x64, 0x64, 0x64, 0x64, 0x64, 0x64, 0x64, 0x64, 0x64, 0x64, 0x64, 0x64, 0x64, 0x64,
    0x64, 0x64, 0x64, 0x64, 0x64, 0x64, 0x64, 0x64, 0x64, 0x64, 0x64, 0x64, 0x64, 0x64, 0x64, 0x64,
    0x64, 0x64, 0x64, 0x64, 0x64, 0x64, 0x64, 0x64, 0x64, 0x64, 0x64, 0x64, 0x64, 0x64, 0x64, 0x64,
    0x64, 0x64, 0x64, 0x64, 0x64, 0x64, 0x64, 0x64, 0x64, 0x64, 0x64, 0x64, 0x64, 0x64, 0x64, 0x64,
    0x64, 0x64, 0x64, 0x64, 0x64, 0x64, 0x64, 0x64, 0x64, 0x64, 0x64, 0x64, 0x64, 0x64, 0x64, 0x64,
    0x64, 0x64, 0x64, 0x64, 0x64, 0x64, 0x64, 0x64, 0x64, 0x64, 0x64, 0x64, 0x64, 0x64, 0x64, 0x64,
    0x64, 0x64, 0x64, 0x64, 0x64, 0x64, 0x64, 0x64, 0x64, 0x64, 0x64, 0x64, 0x64, 0x64, 0x64, 0x64,
    0x64, 0x64, 0x64, 0x64, 0x64, 0x64, 0x64, 0x64, 0x64, 0x64, 0x64, 0x64, 0x64, 0x64, 0x64, 0x64,
    0x64, 0x64, 0x64, 0x64, 0x64, 0x64, 0x64, 0x64, 0x64, 0x64, 0x64, 0x64, 0x64, 0x64, 0x64, 0x64,
    0x64, 0x64, 0x64, 0x64, 0x64, 0x64, 0x64, 0x64, 0x64, 0x64, 0x64, 0x64, 0x64, 0x64, 0x64, 0x64,
    0x64, 0x64, 0x64, 0x64, 0x64, 0x64, 0x64, 0x64, 0x64, 0x64, 0x64, 0x64, 0x64, 0x64, 0x64, 0x64,
    0x64, 0x64, 0x64, 0x64, 0x64, 0x64, 0x64, 0x64, 0x64, 0x64, 0x64, 0x64, 0x64, 0x64, 0x64, 0x64,
    0x64, 0x64, 0x64, 0x64, 0x64, 0x64, 0x64, 0x64, 0x64, 0x64, 0x64, 0x64, 0x64, 0x64, 0x64, 0x64,
    0x64, 0x64, 0x64, 0x64, 0x64, 0x64, 0x64, 0x64, 0x64, 0x64, 0x64, 0x64, 0x64, 0x64, 0x64, 0x64,
    0x64, 0x64, 0x64, 0x64, 0x64, 0x64, 0x64, 0x64, 0x64, 0x64, 0x64, 0x64, 0x64, 0x64, 0x64, 0x64,
    0x64, 0x64, 0x64, 0x64, 0x64, 0x64, 0x64, 0x64, 0x64, 0x64, 0x64, 0x64, 0x00, 0x00, 0x00, 0x00,
    0x00, 0x00, 0x00, 0x00, 0x00, 0x00, 0x00, 0x00, 0x00, 0x00, 0x00, 0x00, 0x64, 0x64, 0x64, 0x64,
    0x64, 0x64, 0x64, 0x64, 0x64, 0x64, 0x64, 0x64, 0x64, 0x64, 0x64, 0x64, 0x64, 0x64, 0x64, 0x64,
    0x64, 0x64, 0x64, 0x64, 0x64, 0x64, 0x64, 0x64, 0x64, 0x64, 0x64, 0x64, 0x64, 0x64, 0x64, 0x64,
    0x64, 0x64, 0x64, 0x64, 0x64, 0x64, 0x64, 0x64, 0x64, 0x64, 0x64, 0x64, 0x64, 0x64, 0x64, 0x64,
    0x64, 0x64, 0x64, 0x64, 0x64, 0x64, 0x64, 0x64, 0x64, 0x64, 0x64, 0x64, 0x64, 0x64, 0x64, 0x64,
    0x64, 0x64, 0x64, 0x64, 0x64, 0x64, 0x64, 0x64, 0x64, 0x64, 0x64, 0x64, 0x64, 0x64, 0x64, 0x64,
    0x64, 0x64, 0x64, 0x64, 0x64, 0x64, 0x64, 0x64, 0x64, 0x64, 0x64, 0x64, 0x64, 0x64, 0x64, 0x64,
    0x64, 0x64, 0x64, 0x64, 0x64, 0x64, 0x64, 0x64, 0x64, 0x64, 0x64, 0x64, 0x64, 0x64, 0x64, 0x64,
    0x64, 0x64, 0x64, 0x64, 0x64, 0x64, 0x64, 0x64, 0x64, 0x64, 0x64, 0x64, 0x64, 0x64, 0x64, 0x64,
    0x64, 0x64, 0x64, 0x64, 0x64, 0x64, 0x64, 0x64, 0x64, 0x64, 0x64, 0x64, 0x64, 0x64, 0x64, 0x64,
    0x64, 0x64, 0x64, 0x64, 0x64, 0x64, 0x64, 0x64, 0x64, 0x64, 0x64, 0x64, 0x64, 0x64, 0x64, 0x64,
    0x64, 0x64, 0x64, 0x64, 0x64, 0x64, 0x64, 0x64, 0x64, 0x64, 0x64, 0x64, 0x64, 0x64, 0x64, 0x64,
    0x64, 0x64, 0x64, 0x64, 0x64, 0x64, 0x64, 0x64, 0x64, 0x64, 0x64, 0x00, 0x00, 0x00, 0x00, 0x00,
    0x00, 0x00, 0x00, 0x00, 0x00, 0x00, 0x00, 0x00, 0x00, 0x00, 0x00, 0x64, 0x64, 0x64, 0x64, 0x64,
    0x64, 0x64, 0x64, 0x64, 0x64, 0x64, 0x00, 0x00, 0x00, 0x00, 0x00, 0x64, 0x64, 0x64, 0x64, 0x64,
    0x64, 0x64, 0x64, 0x64, 0x64, 0x64, 0x64, 0x64, 0x64, 0x64, 0x64, 0x64, 0x64, 0x64, 0x64, 0x64,
    0x64, 0x64, 0x64, 0x64, 0x64, 0x64, 0x64, 0x64, 0x64, 0x64, 0x64, 0x64, 0x64, 0x64, 0x64, 0x64,
    0x64, 0x64, 0x64, 0x64, 0x64, 0x64, 0x64, 0x64, 0x64, 0x64, 0x64, 0x64, 0x64, 0x64, 0x64, 0x64,
    0x64, 0x64, 0x64, 0x64, 0x64, 0x64, 0x64, 0x64, 0x64, 0x64, 0x64, 0x64, 0x64, 0x64, 0x64, 0x64,
    0x64, 0x64, 0x64, 0x64, 0x64, 0x64, 0x64, 0x64, 0x64, 0x64, 0x64, 0x64, 0x64, 0x64, 0x64, 0x64,
    0x64, 0x64, 0x64, 0x00, 0x00, 0x00, 0x00, 0x00, 0x00, 0x00, 0x00, 0x00, 0x00, 0x00, 0x00, 0x00,
    0x00, 0x00, 0x00, 0x00, 0x00, 0x00, 0x00, 0x00, 0x00, 0x00, 0x00, 0x00, 0x00, 0x00, 0x00, 0x00,
    0x00, 0x00, 0x64, 0x64, 0x64, 0x64, 0x64, 0x64, 0x64, 0x64, 0x64, 0x64, 0x64, 0x64, 0x64, 0x64,
    0x64, 0x64, 0x64, 0x64, 0x64, 0x64, 0x64, 0x64, 0x64, 0x64, 0x64, 0x64, 0x64, 0x64, 0x64, 0x64,
    0x64, 0x64, 0x64, 0x64, 0x64, 0x64, 0x64, 0x64, 0x64, 0x64, 0x64, 0x64, 0x64, 0x64, 0x64, 0x64,
    0x64, 0x64, 0x64, 0x64, 0x64, 0x64, 0x64, 0x64, 0x64, 0x64, 0x64, 0x64, 0x64, 0x64, 0x64, 0x64,
    0x64, 0x64, 0x64, 0x64, 0x64, 0x64, 0x64, 0x64, 0x64, 0x64, 0x64, 0x64, 0x64, 0x64, 0x64, 0x64,
    0x64, 0x64, 0x00, 0x00, 0x00, 0x00, 0x00, 0x00, 0x00, 0x00, 0x64, 0x64, 0x64, 0x64, 0x64, 0x64,
    0x64, 0x64, 0x64, 0x64, 0x64, 0x64, 0x64, 0x64, 0x64, 0x64, 0x64, 0x64, 0x64, 0x64, 0x64, 0x64,
    0x64, 0x64, 0x64, 0x64, 0x64, 0x64, 0x64, 0x64, 0x64, 0x64, 0x00, 0x00, 0x00, 0x00, 0x00, 0x00,
    0x00, 0x00, 0x00, 0x00, 0x00, 0x00, 0x00, 0x00, 0x00, 0x00, 0x64, 0x64, 0x64, 0x64, 0x64, 0x64,
    0x64, 0x64, 0x64, 0x64, 0x64, 0x64, 0x64, 0x64, 0x64, 0x64, 0x64, 0x64, 0x64, 0x64, 0x64, 0x64,
    0x64, 0x64, 0x64, 0x64, 0x64, 0x64, 0x64, 0x64, 0x64, 0x64, 0x64, 0x64, 0x64, 0x64, 0x64, 0x64,
    0x64, 0x64, 0x64, 0x64, 0x64, 0x64, 0x64, 0x64, 0x64, 0x64, 0x64, 0x64, 0x64, 0x64, 0x64, 0x64,
    0x64, 0x64, 0x64, 0x64, 0x64, 0x64, 0x64, 0x64, 0x64, 0x64, 0x64, 0x64, 0x64, 0x64, 0x64, 0x64,
    0x64, 0x64, 0x64, 0x64, 0x64, 0x64, 0x64, 0x64, 0x64, 0x64, 0x64, 0x64, 0x64, 0x64, 0x64, 0x64,
    0x64, 0x64, 0x64, 0x64, 0x64, 0x64, 0x64, 0x64, 0x64, 0x64, 0x64, 0x64, 0x64, 0x64, 0x64, 0x64,
    0x64, 0x64, 0x64, 0x64, 0x64, 0x64, 0x64, 0x64, 0x64, 0x64, 0x64, 0x64, 0x64, 0x64, 0x64, 0x64,
    0x64, 0x64, 0x64, 0x64, 0x64, 0x64, 0x64, 0x64, 0x64, 0x64, 0x64, 0x64, 0x64, 0x64, 0x64, 0x64,
    0x64, 0x64, 0x64, 0x64, 0x64, 0x64, 0x64, 0x64, 0x64, 0x00, 0x00, 0x00, 0x00, 0x00, 0x00, 0x00,
    0x00, 0x00, 0x00, 0x00, 0x00, 0x00, 0x00, 0x00, 0x00, 0x00, 0x00, 0x00, 0x00, 0x00, 0x00, 0x00,
    0x00, 0x00, 0x00, 0x00, 0x00, 0x00, 0x00, 0x00, 0x00, 0x64, 0x64, 0x64, 0x64, 0x64, 0x64, 0x64,
    0x64, 0x64, 0x64, 0x64, 0x64, 0x64, 0x64, 0x64, 0x64, 0x64, 0x64, 0x64, 0x64, 0x64, 0x64, 0x64,
    0x64, 0x64, 0x64, 0x64, 0x64, 0x64, 0x64, 0x64, 0x5D, 0x5D, 0x5D, 0x5D, 0x5D, 0x5D, 0x5D, 0x5D,
    0x5D, 0x5D, 0x5D, 0x5D, 0x5D, 0x5D, 0x5D, 0x5D, 0x00, 0x00, 0x00, 0x00, 0x00, 0x00, 0x00, 0x00,
    0x00, 0x00, 0x00, 0x00, 0x00, 0x00, 0x00, 0x00, 0x00, 0x00, 0x00, 0x00, 0x00, 0x00, 0x00, 0x00,
    0x00, 0x00, 0x00, 0x00, 0x00, 0x00, 0x00, 0x00, 0x00, 0x00, 0x00, 0x00, 0x00, 0x00, 0x00, 0x00,
    0x00, 0x00, 0x00, 0x00, 0x00, 0x00, 0x00, 0x00, 0x00, 0x00, 0x00, 0x00, 0x00, 0x00, 0x00, 0x00,
    0x00, 0x00, 0x00, 0x00, 0x00, 0x00, 0x00, 0x00, 0x5D, 0x5D, 0x5D, 0x5D, 0x5D, 0x5D, 0x5D, 0x5D,
    0x5D, 0x5D, 0x5D, 0x5D, 0x5D, 0x5D, 0x5D, 0x5D, 0x5D, 0x5D, 0x5D, 0x5D, 0x5D, 0x5D, 0x5D, 0x5D,
    0x5D, 0x5D, 0x5D, 0x5D, 0x5D, 0x5D, 0x5D, 0x5D, 0x5D, 0x5D, 0x5D, 0x5D, 0x5D, 0x5D, 0x5D, 0x5D,
    0x5D, 0x5D, 0x5D, 0x5D, 0x5D, 0x5D, 0x5D, 0x5D, 0x5D, 0x5D, 0x5D, 0x5D, 0x5D, 0x5D, 0x5D, 0x5D,
    0x5D, 0x5D, 0x5D, 0x5D, 0x5D, 0x5D, 0x5D, 0x5D, 0x5D, 0x5D, 0x5D, 0x5D, 0x5D, 0x5D, 0x5D, 0x5D,
    0x5D, 0x5D, 0x5D, 0x5D, 0x5D, 0x5D, 0x5D, 0x5D, 0x5D, 0x5D, 0x5D, 0x5D, 0x5D, 0x5D, 0x5D, 0x5D,
    0x5D, 0x5D, 0x5D, 0x5D, 0x5D, 0x5D, 0x5D, 0x5D, 0x5D, 0x5D, 0x5D, 0x5D, 0x5D, 0x5D, 0x5D, 0x5D,
    0x5D, 0x5D, 0x5D, 0x5D, 0x5D, 0x5D, 0x5D, 0x5D, 0x5D, 0x5D, 0x5D, 0x5D, 0x5D, 0x5D, 0x5D, 0x5D,
    0x5D, 0x5D, 0x5D, 0x5D, 0x5D, 0x5D, 0x5D, 0x5D, 0x5D, 0x5D, 0x5D, 0x5D, 0x5D, 0x5D, 0x5D, 0x5D,
    0x5D, 0x5D, 0x5D, 0x5D, 0x5D, 0x5D, 0x5D, 0x5D, 0x5D, 0x5D, 0x5D, 0x5D, 0x5D, 0x5D, 0x5D, 0x5D,
    0x5D, 0x5D, 0x57, 0x57, 0x57, 0x57, 0x57, 0x57, 0x57, 0x57, 0x57, 0x57, 0x57, 0x57, 0x57, 0x57,
    0x57, 0x57, 0x57, 0x57, 0x57, 0x57, 0x57, 0x57, 0x57, 0x57, 0x57, 0x57, 0x57, 0x57, 0x57, 0x57,
    0x57, 0x57, 0x57, 0x57, 0x57, 0x57, 0x57, 0x00, 0x00, 0x00, 0x00, 0x00, 0x00, 0x00, 0x00, 0x00,
    0x00, 0x00, 0x00, 0x00, 0x00, 0x00, 0x00, 0x57, 0x57, 0x57, 0x57, 0x57, 0x57, 0x57, 0x57, 0x57,
    0x57, 0x57, 0x57, 0x57, 0x57, 0x57, 0x57, 0x00, 0x00, 0x00, 0x00, 0x00, 0x00, 0x00, 0x00, 0x00,
    0x00, 0x00, 0x00, 0x00, 0x00, 0x00, 0x00, 0x57, 0x57, 0x57, 0x57, 0x57, 0x57, 0x57, 0x57, 0x57,
    0x57, 0x57, 0x57, 0x57, 0x57, 0x57, 0x00, 0x00, 0x00, 0x00, 0x00, 0x00, 0x00, 0x00, 0x00, 0x00,
    0x00, 0x00, 0x00, 0x00, 0x00, 0x00, 0x57, 0x57, 0x57, 0x57, 0x57, 0x57, 0x57, 0x57, 0x57, 0x57,
    0x57, 0x57, 0x57, 0x57, 0x57, 0x57, 0x00, 0x00, 0x00, 0x00, 0x00, 0x00, 0x00, 0x00, 0x00, 0x00,
    0x00, 0x00, 0x00, 0x00, 0x00, 0x00, 0x57, 0x57, 0x57, 0x57, 0x57, 0x57, 0x57, 0x57, 0x57, 0x57,
    0x57, 0x57, 0x57, 0x57, 0x57, 0x57, 0x57, 0x57, 0x57, 0x57, 0x57, 0x57, 0x57, 0x57, 0x57, 0x57,
    0x57, 0x57, 0x57, 0x57, 0x57, 0x57, 0x57, 0x57, 0x57, 0x57, 0x57, 0x57, 0x57, 0x57, 0x57, 0x57,
    0x57, 0x57, 0x57, 0x57, 0x57, 0x57, 0x57, 0x57, 0x57, 0x57, 0x57, 0x57, 0x57, 0x57, 0x57, 0x57,
    0x57, 0x57, 0x57, 0x57, 0x57, 0x57, 0x57, 0x57, 0x57, 0x57, 0x57, 0x57, 0x57, 0x57, 0x57, 0x57,
    0x57, 0x57, 0x57, 0x57, 0x57, 0x57, 0x57, 0x57, 0x57, 0x57, 0x57, 0x50, 0x50, 0x50, 0x50, 0x50,
    0x50, 0x50, 0x50, 0x50, 0x50, 0x50, 0x50, 0x50, 0x50, 0x50, 0x50, 0x50, 0x50, 0x50, 0x50, 0x50,
    0x50, 0x50, 0x50, 0x50, 0x50, 0x50, 0x50, 0x50, 0x50, 0x50, 0x50, 0x50, 0x50, 0x50, 0x50, 0x50,
    0x50, 0x50, 0x50, 0x50, 0x50, 0x50, 0x50, 0x50, 0x50, 0x50, 0x50, 0x50, 0x50, 0x50, 0x50, 0x50,
    0x50, 0x50, 0x50, 0x50, 0x50, 0x00, 0x00, 0x00, 0x00, 0x00, 0x00, 0x00, 0x00, 0x00, 0x00, 0x00,
    0x00, 0x00, 0x00, 0x00, 0x00, 0x00, 0x00, 0x00, 0x00, 0x00, 0x00, 0x00, 0x00, 0x00, 0x00, 0x00,
    0x00, 0x00, 0x00, 0x00, 0x00, 0x00, 0x00, 0x00, 0x00, 0x00, 0x00, 0x00, 0x00, 0x00, 0x00, 0x00,
    0x00, 0x00, 0x00, 0x00, 0x00, 0x00, 0x00, 0x00, 0x00, 0x00, 0x00, 0x00, 0x00, 0x00, 0x00, 0x00,
    0x00, 0x00, 0x00, 0x00, 0x00, 0x00, 0x00, 0x00, 0x00, 0x00, 0x00, 0x00, 0x00, 0x00, 0x00, 0x00,
    0x00, 0x00, 0x00, 0x00, 0x00, 0x00, 0x00, 0x00, 0x00, 0x00, 0x00, 0x00, 0x00, 0x00, 0x00, 0x00,
    0x00, 0x00, 0x00, 0x00, 0x00, 0x00, 0x00, 0x00, 0x00, 0x00, 0x00, 0x00, 0x00, 0x00, 0x00, 0x00,
    0x00, 0x00, 0x00, 0x00, 0x00, 0x00, 0x00, 0x00, 0x00, 0x00, 0x00, 0x00, 0x00, 0x00, 0x00, 0x00,
    0x00, 0x00, 0x00, 0x00, 0x00, 0x00, 0x00, 0x00, 0x00, 0x00, 0x00, 0x00, 0x00, 0x00, 0x00, 0x00,
    0x00, 0x00, 0x00, 0x00, 0x00, 0x00, 0x00, 0x00, 0x00, 0x00, 0x00, 0x00, 0x00, 0x00, 0x00, 0x00,
    0x00, 0x00, 0x00, 0x00, 0x00, 0x00, 0x00, 0x00, 0x00, 0x00, 0x00, 0x00, 0x00, 0x00, 0x00, 0x00,
    0x00, 0x00, 0x00, 0x00, 0x00, 0x00, 0x00, 0x00, 0x00, 0x00, 0x00, 0x00, 0x00, 0x00, 0x00, 0x00,
    0x00, 0x00, 0x00, 0x00, 0x00, 0x00, 0x00, 0x00, 0x00, 0x00, 0x00, 0x00, 0x00, 0x00, 0x00, 0x00,
    0x00, 0x00, 0x00, 0x00, 0x49, 0x49, 0x49, 0x49, 0x49, 0x49, 0x49, 0x49, 0x49, 0x49, 0x49, 0x49,
    0x49, 0x49, 0x49, 0x49, 0x49, 0x49, 0x49, 0x49, 0x49, 0x49, 0x49, 0x49, 0x49, 0x49, 0x49, 0x49,
    0x49, 0x49, 0x49, 0x49, 0x49, 0x49, 0x49, 0x49, 0x49, 0x49, 0x49, 0x49, 0x49, 0x49, 0x49, 0x49,
    0x49, 0x49, 0x49, 0x49, 0x49, 0x49, 0x49, 0x49, 0x49, 0x49, 0x49, 0x49, 0x49, 0x49, 0x49, 0x49,
    0x49, 0x49, 0x49, 0x49, 0x49, 0x49, 0x49, 0x49, 0x49, 0x49, 0x49, 0x49, 0x49, 0x49, 0x49, 0x49,
    0x49, 0x49, 0x49, 0x49, 0x49, 0x49, 0x49, 0x49, 0x49, 0x49, 0x49, 0x49, 0x49, 0x49, 0x49, 0x49,
    0x49, 0x49, 0x49, 0x49, 0x00, 0x00, 0x00, 0x00, 0x00, 0x00, 0x00, 0x00, 0x00, 0x00, 0x00, 0x00,
    0x00, 0x00, 0x00, 0x00, 0x49, 0x49, 0x49, 0x49, 0x49, 0x49, 0x49, 0x49, 0x49, 0x49, 0x49, 0x49,
    0x49, 0x49, 0x49, 0x49, 0x49, 0x49, 0x49, 0x49, 0x49, 0x49, 0x49, 0x49, 0x49, 0x49, 0x49, 0x49,
    0x49, 0x49, 0x49, 0x49, 0x49, 0x49, 0x49, 0x49, 0x49, 0x49, 0x49, 0x49, 0x49, 0x49, 0x49, 0x49,
    0x49, 0x49, 0x49, 0x49, 0x49, 0x49, 0x49, 0x49, 0x49, 0x49, 0x49, 0x49, 0x49, 0x49, 0x49, 0x49,
    0x49, 0x49, 0x49, 0x49, 0x49, 0x49, 0x49, 0x49, 0x49, 0x49, 0x49, 0x49, 0x49, 0x49, 0x49, 0x49,
    0x49, 0x49, 0x49, 0x49, 0x49, 0x49, 0x49, 0x49, 0x49, 0x49, 0x49, 0x49, 0x49, 0x49, 0x43, 0x43,
    0x43, 0x43, 0x43, 0x43, 0x43, 0x43, 0x43, 0x43, 0x43, 0x43, 0x43, 0x43, 0x43, 0x43, 0x43, 0x43,
    0x43, 0x43, 0x43, 0x43, 0x43, 0x43, 0x43, 0x43, 0x43, 0x43, 0x43, 0x43, 0x43, 0x43, 0x43, 0x43,
    0x43, 0x43, 0x43, 0x43, 0x43, 0x43, 0x43, 0x43, 0x43, 0x43, 0x43, 0x43, 0x43, 0x43, 0x43, 0x43,
    0x43, 0x43, 0x43, 0x00, 0x00, 0x00, 0x00, 0x00, 0x00, 0x00, 0x00, 0x00, 0x00, 0x00, 0x00, 0x00,
    0x00, 0x00, 0x00, 0x00, 0x00, 0x00, 0x00, 0x00, 0x00, 0x00, 0x00, 0x00, 0x00, 0x00, 0x00, 0x00,
    0x00, 0x00, 0x00, 0x43, 0x43, 0x43, 0x43, 0x43, 0x43, 0x43, 0x43, 0x43, 0x43, 0x43, 0x43, 0x43,
    0x43, 0x43, 0x43, 0x43, 0x43, 0x43, 0x43, 0x43, 0x43, 0x43, 0x43, 0x43, 0x43, 0x43, 0x43, 0x43,
    0x43, 0x43, 0x43, 0x43, 0x43, 0x43, 0x43, 0x43, 0x43, 0x43, 0x43, 0x43, 0x43, 0x43, 0x43, 0x43,
    0x43, 0x43, 0x43, 0x43, 0x43, 0x43, 0x43, 0x43, 0x43, 0x43, 0x43, 0x43, 0x43, 0x43, 0x43, 0x43,
    0x43, 0x43, 0x43, 0x43, 0x43, 0x43, 0x43, 0x43, 0x43, 0x43, 0x43, 0x43, 0x43, 0x43, 0x43, 0x43,
    0x43, 0x43, 0x43, 0x43, 0x43, 0x43, 0x43, 0x43, 0x43, 0x43, 0x43, 0x43, 0x43, 0x43, 0x43, 0x43,
    0x43, 0x43, 0x43, 0x43, 0x43, 0x43, 0x43, 0x43, 0x43, 0x43, 0x43, 0x43, 0x43, 0x43, 0x43, 0x43,
    0x43, 0x43, 0x43, 0x43, 0x43, 0x43, 0x43, 0x43, 0x43, 0x43, 0x43, 0x43, 0x43, 0x43, 0x43, 0x43,
    0x43, 0x43, 0x43, 0x43, 0x43, 0x43, 0x43, 0x43, 0x43, 0x43, 0x43, 0x43, 0x43, 0x43, 0x43, 0x43,
    0x43, 0x43, 0x43, 0x43, 0x43, 0x43, 0x43, 0x00, 0x00, 0x00, 0x00, 0x00, 0x00, 0x00, 0x00, 0x00,
    0x00, 0x00, 0x00, 0x00, 0x00, 0x00, 0x00, 0x00, 0x00, 0x00, 0x00, 0x00, 0x00, 0x00, 0x00, 0x00,
    0x00, 0x00, 0x3C, 0x3C, 0x3C, 0x3C, 0x3C, 0x3C, 0x3C, 0x3C, 0x3C, 0x3C, 0x3C, 0x3C, 0x3C, 0x3C,
    0x3C, 0x3C, 0x3C, 0x3C, 0x3C, 0x3C, 0x3C, 0x3C, 0x3C, 0x3C, 0x3C, 0x3C, 0x3C, 0x3C, 0x3C, 0x3C,
    0x3C, 0x3C, 0x3C, 0x3C, 0x3C, 0x3C, 0x3C, 0x3C, 0x3C, 0x3C, 0x3C, 0x3C, 0x3C, 0x3C, 0x3C, 0x3C,
    0x3C, 0x3C, 0x3C, 0x3C, 0x3C, 0x3C, 0x3C, 0x3C, 0x3C, 0x3C, 0x3C, 0x3C, 0x3C, 0x3C, 0x3C, 0x3C,
    0x3C, 0x3C, 0x3C, 0x3C, 0x3C, 0x3C, 0x3C, 0x3C, 0x3C, 0x3C, 0x3C, 0x3C, 0x3C, 0x3C, 0x3C, 0x3C,
    0x3C, 0x3C, 0x3C, 0x3C, 0x3C, 0x3C, 0x3C, 0x3C, 0x3C, 0x3C, 0x3C, 0x3C, 0x3C, 0x3C, 0x3C, 0x3C,
    0x3C, 0x00, 0x00, 0x00, 0x00, 0x00, 0x00, 0x00, 0x00, 0x00, 0x00, 0x00, 0x00, 0x00, 0x00, 0x00,
    0x00, 0x00, 0x00, 0x00, 0x00, 0x00, 0x00, 0x00, 0x00, 0x00, 0x00, 0x00, 0x00, 0x00, 0x00, 0x00,
    0x00, 0x3C, 0x3C, 0x3C, 0x3C, 0x3C, 0x3C, 0x3C, 0x3C, 0x3C, 0x3C, 0x3C, 0x3C, 0x3C, 0x3C, 0x3C,
    0x3C, 0x3C, 0x3C, 0x3C, 0x3C, 0x3C, 0x3C, 0x3C, 0x3C, 0x3C, 0x3C, 0x3C, 0x3C, 0x3C, 0x3C, 0x3C,
    0x3C, 0x3C, 0x3C, 0x3C, 0x3C, 0x3C, 0x3C, 0x3C, 0x3C, 0x3C, 0x3C, 0x3C, 0x3C, 0x3C, 0x3C, 0x3C,
    0x3C, 0x3C, 0x3C, 0x3C, 0x3C, 0x3C, 0x3C, 0x3C, 0x3C, 0x3C, 0x3C, 0x3C, 0x3C, 0x3C, 0x3C, 0x3C,
    0x3C, 0x00, 0x00, 0x00, 0x00, 0x00, 0x00, 0x00, 0x00, 0x00, 0x00, 0x00, 0x00, 0x00, 0x00, 0x00,
    0x00, 0x00, 0x00, 0x00, 0x00, 0x00, 0x00, 0x00, 0x00, 0x00, 0x00, 0x00, 0x00, 0x00, 0x00, 0x00,
    0x35, 0x35, 0x35, 0x35, 0x35, 0x35, 0x35, 0x35, 0x35, 0x35, 0x35, 0x35, 0x35, 0x35, 0x35, 0x35,
    0x35, 0x35, 0x35, 0x35, 0x35, 0x35, 0x35, 0x35, 0x35, 0x35, 0x35, 0x35, 0x35, 0x35, 0x35, 0x35,
    0x00, 0x00, 0x00, 0x00, 0x00, 0x00, 0x00, 0x00, 0x00, 0x00, 0x00, 0x00, 0x00, 0x00, 0x00, 0x00,
    0x00, 0x00, 0x00, 0x00, 0x00, 0x00, 0x00, 0x00, 0x00, 0x00, 0x00, 0x00, 0x00, 0x00, 0x00, 0x00,
    0x35, 0x35, 0x35, 0x35, 0x35, 0x35, 0x35, 0x35, 0x35, 0x35, 0x35, 0x35, 0x35, 0x35, 0x35, 0x35,
    0x35, 0x35, 0x35, 0x35, 0x35, 0x35, 0x35, 0x35, 0x35, 0x35, 0x35, 0x35, 0x35, 0x35, 0x35, 0x35,
    0x35, 0x35, 0x35, 0x35, 0x35, 0x35, 0x35, 0x35, 0x35, 0x35, 0x35, 0x35, 0x35, 0x35, 0x35, 0x35,
    0x35, 0x35, 0x35, 0x35, 0x35, 0x35, 0x35, 0x35, 0x35, 0x35, 0x35, 0x35, 0x35, 0x35, 0x35, 0x35,
    0x35, 0x35, 0x35, 0x35, 0x35, 0x35, 0x35, 0x35, 0x35, 0x35, 0x35, 0x35, 0x35, 0x35, 0x35, 0x35,
    0x35, 0x35, 0x35, 0x35, 0x35, 0x35, 0x35, 0x35, 0x35, 0x35, 0x35, 0x35, 0x35, 0x35, 0x35, 0x35,
    0x35, 0x35, 0x35, 0x35, 0x35, 0x35, 0x35, 0x35, 0x35, 0x35, 0x35, 0x35, 0x35, 0x35, 0x35, 0x35,
    0x35, 0x35, 0x35, 0x35, 0x35, 0x35, 0x35, 0x35, 0x35, 0x35, 0x35, 0x35, 0x35, 0x35, 0x35, 0x35,
    0x35, 0x35, 0x35, 0x35, 0x35, 0x35, 0x35, 0x35, 0x35, 0x35, 0x35, 0x35, 0x35, 0x35, 0x35, 0x35,
    0x35, 0x35, 0x35, 0x35, 0x35, 0x35, 0x35, 0x35, 0x35, 0x35, 0x00, 0x00, 0x00, 0x00, 0x00, 0x2F,
    0x2F, 0x2F, 0x2F, 0x2F, 0x2F, 0x2F, 0x2F, 0x2F, 0x2F, 0x2F, 0x2F, 0x2F, 0x2F, 0x2F, 0x2F, 0x00,
    0x00, 0x00, 0x00, 0x00, 0x00, 0x00, 0x00, 0x00, 0x00, 0x00, 0x00, 0x00, 0x00, 0x00, 0x00, 0x2F,
    0x2F, 0x2F, 0x2F, 0x2F, 0x2F, 0x2F, 0x2F, 0x2F, 0x2F, 0x2F, 0x2F, 0x2F, 0x2F, 0x2F, 0x2F, 0x2F,
    0x2F, 0x2F, 0x2F, 0x2F, 0x2F, 0x2F, 0x2F, 0x2F, 0x2F, 0x2F, 0x2F, 0x2F, 0x2F, 0x2F, 0x2F, 0x2F,
    0x2F, 0x2F, 0x2F, 0x2F, 0x2F, 0x2F, 0x2F, 0x2F, 0x2F, 0x2F, 0x2F, 0x2F, 0x2F, 0x2F, 0x2F, 0x00,
    0x00, 0x00, 0x00, 0x00, 0x00, 0x00, 0x00, 0x00, 0x00, 0x00, 0x00, 0x00, 0x00, 0x00, 0x00, 0x00,
    0x00, 0x00, 0x00, 0x00, 0x00, 0x00, 0x00, 0x00, 0x00, 0x00, 0x00, 0x00, 0x00, 0x00, 0x00, 0x00,
    0x00, 0x00, 0x00, 0x00, 0x00, 0x00, 0x00, 0x00, 0x00, 0x00, 0x00, 0x00, 0x00, 0x00, 0x00, 0x00,
    0x00, 0x00, 0x00, 0x00, 0x00, 0x00, 0x00, 0x00, 0x00, 0x00, 0x00, 0x00, 0x00, 0x00, 0x2F, 0x2F,
    0x2F, 0x2F, 0x2F, 0x2F, 0x2F, 0x2F, 0x2F, 0x2F, 0x2F, 0x2F, 0x2F, 0x2F, 0x2F, 0x2F, 0x2F, 0x2F,
    0x2F, 0x2F, 0x2F, 0x2F, 0x2F, 0x2F, 0x2F, 0x2F, 0x2F, 0x2F, 0x2F, 0x2F, 0x2F, 0x2F, 0x2F, 0x2F,
    0x2F, 0x2F, 0x2F, 0x2F, 0x2F, 0x2F, 0x2F, 0x2F, 0x2F, 0x2F, 0x2F, 0x2F, 0x2F, 0x2F, 0x2F, 0x2F,
    0x2F, 0x2F, 0x2F, 0x2F, 0x2F, 0x2F, 0x2F, 0x2F, 0x2F, 0x2F, 0x2F, 0x2F, 0x2F, 0x2F, 0x00, 0x00,
    0x00, 0x00, 0x00, 0x00, 0x00, 0x00, 0x00, 0x00, 0x00, 0x00, 0x00, 0x00, 0x00, 0x00, 0x00, 0x00,
    0x00, 0x00, 0x00, 0x00, 0x00, 0x00, 0x00, 0x00, 0x00, 0x00, 0x00, 0x00, 0x00, 0x00, 0x00, 0x00,
    0x00, 0x00, 0x00, 0x00, 0x00, 0x00, 0x00, 0x00, 0x00, 0x00, 0x00, 0x00, 0x00, 0x00, 0x00, 0x00,
    0x00, 0x00, 0x00, 0x00, 0x00, 0x00, 0x00, 0x00, 0x00, 0x00, 0x00, 0x00, 0x00, 0x00, 0x00, 0x00,
    0x00, 0x00, 0x00, 0x00, 0x00, 0x00, 0x00, 0x00, 0x00, 0x00, 0x00, 0x00, 0x00, 0x00, 0x00, 0x00,
    0x00, 0x00, 0x00, 0x00, 0x00, 0x00, 0x00, 0x00, 0x00, 0x00, 0x00, 0x00, 0x00, 0x00, 0x00, 0x00,
    0x00, 0x00, 0x00, 0x00, 0x00, 0x00, 0x00, 0x00, 0x00, 0x00, 0x00, 0x00, 0x00, 0x28, 0x28, 0x28,
    0x28, 0x28, 0x28, 0x28, 0x28, 0x28, 0x28, 0x28, 0x28, 0x28, 0x28, 0x28, 0x28, 0x28, 0x28, 0x28,
    0x28, 0x28, 0x28, 0x28, 0x28, 0x28, 0x28, 0x28, 0x28, 0x28, 0x28, 0x28, 0x28, 0x28, 0x28, 0x28,
    0x28, 0x28, 0x28, 0x28, 0x28, 0x28, 0x28, 0x28, 0x28, 0x28, 0x28, 0x28, 0x28, 0x28, 0x28, 0x28,
    0x28, 0x28, 0x28, 0x28, 0x28, 0x28, 0x28, 0x28, 0x28, 0x28, 0x28, 0x28, 0x28, 0x00, 0x00, 0x00,
    0x00, 0x00, 0x00, 0x00, 0x00, 0x00, 0x00, 0x00, 0x00, 0x00, 0x00, 0x00, 0x00, 0x00, 0x00, 0x00,
    0x00, 0x00, 0x00, 0x00, 0x00, 0x00, 0x00, 0x00, 0x00, 0x00, 0x00, 0x00, 0x00, 0x28, 0x28, 0x28,
    0x28, 0x28, 0x28, 0x28, 0x28, 0x28, 0x28, 0x28, 0x28, 0x28, 0x28, 0x28, 0x28, 0x28, 0x28, 0x28,
    0x28, 0x28, 0x28, 0x28, 0x28, 0x28, 0x28, 0x28, 0x28, 0x28, 0x28, 0x28, 0x28, 0x28, 0x28, 0x28,
    0x28, 0x28, 0x28, 0x28, 0x28, 0x28, 0x28, 0x28, 0x28, 0x28, 0x28, 0x28, 0x28, 0x28, 0x28, 0x28,
    0x28, 0x28, 0x28, 0x28, 0x28, 0x28, 0x28, 0x28, 0x28, 0x28, 0x28, 0x28, 0x28, 0x28, 0x28, 0x28,
    0x28, 0x28, 0x28, 0x28, 0x28, 0x28, 0x28, 0x28, 0x28, 0x28, 0x28, 0x28, 0x28, 0x28, 0x28, 0x28,
    0x28, 0x28, 0x28, 0x28, 0x28, 0x28, 0x28, 0x28, 0x28, 0x28, 0x28, 0x28, 0x00, 0x00, 0x00, 0x00,
    0x00, 0x00, 0x00, 0x00, 0x00, 0x00, 0x00, 0x00, 0x00, 0x00, 0x00, 0x00, 0x00, 0x00, 0x00, 0x00,
    0x00, 0x00, 0x00, 0x00, 0x00, 0x00, 0x00, 0x00, 0x00, 0x00, 0x00, 0x00, 0x28, 0x28, 0x28, 0x28,
    0x28, 0x28, 0x28, 0x28, 0x28, 0x28, 0x28, 0x28, 0x28, 0x28, 0x28, 0x28, 0x28, 0x28, 0x28, 0x28,
    0x28, 0x28, 0x28, 0x28, 0x28, 0x28, 0x28, 0x28, 0x28, 0x28, 0x28, 0x28, 0x28, 0x28, 0x28, 0x28,
    0x28, 0x28, 0x28, 0x28, 0x28, 0x28, 0x28, 0x28, 0x28, 0x28, 0x28, 0x28, 0x28, 0x28, 0x28, 0x28,
    0x28, 0x28, 0x28, 0x28, 0x28, 0x28, 0x28, 0x28, 0x28, 0x28, 0x28, 0x28, 0x28, 0x28, 0x28, 0x28,
    0x28, 0x28, 0x28, 0x28, 0x28, 0x28, 0x28, 0x28, 0x28, 0x28, 0x28, 0x28, 0x28, 0x28, 0x28, 0x28,
    0x28, 0x28, 0x28, 0x28, 0x28, 0x28, 0x28, 0x28, 0x28, 0x28, 0x28, 0x28, 0x00, 0x00, 0x00, 0x00,
    0x00, 0x00, 0x00, 0x00, 0x00, 0x00, 0x00, 0x00, 0x00, 0x00, 0x00, 0x00, 0x00, 0x00, 0x00, 0x00,
    0x00, 0x00, 0x00, 0x00, 0x00, 0x00, 0x00, 0x00, 0x00, 0x00, 0x00, 0x28, 0x28, 0x28, 0x28, 0x28,
    0x28, 0x28, 0x28, 0x28, 0x28, 0x28, 0x28, 0x28, 0x28, 0x28, 0x28, 0x28, 0x28, 0x28, 0x28, 0x28,
    0x28, 0x28, 0x28, 0x28, 0x28, 0x28, 0x21, 0x21, 0x21, 0x21, 0x21, 0x21, 0x21, 0x21, 0x21, 0x21,
    0x21, 0x21, 0x21, 0x21, 0x21, 0x21, 0x21, 0x21, 0x21, 0x21, 0x21, 0x21, 0x21, 0x21, 0x21, 0x21,
    0x21, 0x21, 0x21, 0x21, 0x21, 0x21, 0x21, 0x21, 0x21, 0x21, 0x21, 0x21, 0x21, 0x21, 0x21, 0x21,
    0x21, 0x21, 0x21, 0x21, 0x21, 0x21, 0x21, 0x21, 0x21, 0x21, 0x21, 0x21, 0x21, 0x21, 0x21, 0x21,
    0x21, 0x21, 0x21, 0x21, 0x21, 0x21, 0x21, 0x21, 0x21, 0x21, 0x21, 0x00, 0x00, 0x00, 0x00, 0x00,
    0x00, 0x00, 0x00, 0x00, 0x00, 0x00, 0x00, 0x00, 0x00, 0x00, 0x00, 0x00, 0x00, 0x00, 0x00, 0x00,
    0x00, 0x00, 0x00, 0x00, 0x00, 0x00, 0x00, 0x00, 0x00, 0x00, 0x00, 0x21, 0x21, 0x21, 0x21, 0x21,
    0x21, 0x21, 0x21, 0x21, 0x21, 0x21, 0x21, 0x21, 0x21, 0x21, 0x21, 0x21, 0x21, 0x21, 0x21, 0x21,
    0x21, 0x21, 0x21, 0x21, 0x21, 0x21, 0x21, 0x21, 0x21, 0x21, 0x00, 0x00, 0x00, 0x00, 0x00, 0x00,
    0x00, 0x00, 0x00, 0x00, 0x00, 0x00, 0x00, 0x00, 0x00, 0x00, 0x00, 0x00, 0x00, 0x00, 0x00, 0x00,
    0x00, 0x00, 0x00, 0x00, 0x00, 0x00, 0x00, 0x00, 0x00, 0x00, 0x00, 0x00, 0x00, 0x00, 0x00, 0x00,
    0x00, 0x00, 0x00, 0x00, 0x00, 0x00, 0x00, 0x00, 0x00, 0x00, 0x00, 0x00, 0x00, 0x00, 0x00, 0x00,
    0x00, 0x00, 0x00, 0x00, 0x00, 0x00, 0x00, 0x00, 0x00, 0x00, 0x21, 0x21, 0x21, 0x21, 0x21, 0x21,
    0x21, 0x21, 0x21, 0x21, 0x21, 0x21, 0x21, 0x21, 0x21, 0x21, 0x21, 0x21, 0x21, 0x21, 0x21, 0x21,
    0x21, 0x21, 0x21, 0x21, 0x21, 0x21, 0x21, 0x21, 0x21, 0x21, 0x21, 0x21, 0x21, 0x21, 0x21, 0x1B,
    0x1B, 0x1B, 0x1B, 0x1B, 0x1B, 0x1B, 0x1B, 0x1B, 0x1B, 0x1B, 0x00, 0x00, 0x00, 0x00, 0x00, 0x00,
    0x00, 0x00, 0x00, 0x00, 0x00, 0x00, 0x00, 0x00, 0x00, 0x00, 0x00, 0x00, 0x00, 0x00, 0x00, 0x00,
    0x00, 0x00, 0x00, 0x00, 0x00, 0x00, 0x00, 0x00, 0x00, 0x00, 0x1B, 0x1B, 0x1B, 0x1B, 0x1B, 0x1B,
    0x1B, 0x1B, 0x1B, 0x1B, 0x1B, 0x1B, 0x1B, 0x1B, 0x1B, 0x1B, 0x1B, 0x1B, 0x1B, 0x1B, 0x1B, 0x1B,
    0x1B, 0x1B, 0x1B, 0x1B, 0x1B, 0x1B, 0x1B, 0x1B, 0x1B, 0x1B, 0x00, 0x00, 0x00, 0x00, 0x00, 0x00,
    0x00, 0x00, 0x00, 0x00, 0x00, 0x00, 0x00, 0x00, 0x00, 0x00, 0x00, 0x00, 0x00, 0x00, 0x00, 0x00,
    0x00, 0x00, 0x00, 0x00, 0x00, 0x00, 0x00, 0x00, 0x00, 0x1B, 0x1B, 0x1B, 0x1B, 0x1B, 0x1B, 0x1B,
    0x1B, 0x1B, 0x1B, 0x1B, 0x1B, 0x1B, 0x1B, 0x1B, 0x1B, 0x1B, 0x1B, 0x1B, 0x1B, 0x1B, 0x1B, 0x1B,
    0x1B, 0x1B, 0x1B, 0x1B, 0x1B, 0x1B, 0x1B, 0x1B, 0x1B, 0x00, 0x00, 0x00, 0x00, 0x00, 0x00, 0x00,
    0x00, 0x00, 0x00, 0x00, 0x00, 0x00, 0x00, 0x00, 0x00, 0x00, 0x00, 0x00, 0x00, 0x00, 0x00, 0x00,
    0x00, 0x00, 0x00, 0x00, 0x00, 0x00, 0x00, 0x00, 0x00, 0x00, 0x00, 0x00, 0x00, 0x00, 0x00, 0x00,
    0x00, 0x00, 0x00, 0x00, 0x00, 0x00, 0x00, 0x00, 0x00, 0x1B, 0x1B, 0x1B, 0x1B, 0x1B, 0x1B, 0x1B,
    0x1B, 0x1B, 0x1B, 0x1B, 0x1B, 0x1B, 0x1B, 0x1B, 0x1B, 0x00, 0x00, 0x00, 0x00, 0x00, 0x00, 0x00,
    0x00, 0x00, 0x00, 0x00, 0x00, 0x00, 0x00, 0x00, 0x00, 0x1B, 0x1B, 0x1B, 0x1B, 0x1B, 0x1B, 0x1B,
    0x1B, 0x1B, 0x1B, 0x1B, 0x1B, 0x1B, 0x1B, 0x1B, 0x1B, 0x1B, 0x1B, 0x00, 0x00, 0x00, 0x00, 0x00,
    0x00, 0x1B, 0x1B, 0x1B, 0x1B, 0x1B, 0x1B, 0x00, 0x00, 0x00, 0x00, 0x00, 0x1B, 0x1B, 0x1B, 0x1B,
    0x1B, 0x1B, 0x00, 0x00, 0x00, 0x00, 0x00, 0x00, 0x1B, 0x1B, 0x1B, 0x1B, 0x1B, 0x1B, 0x00, 0x00,
    0x00, 0x00, 0x00, 0x00, 0x1B, 0x1B, 0x1B, 0x1B, 0x1B, 0x1B, 0x1B, 0x1B, 0x1B, 0x1B, 0x1B, 0x1B,
    0x00, 0x00, 0x00, 0x00, 0x00, 0x00, 0x00, 0x00, 0x00, 0x00, 0x00, 0x00, 0x00, 0x00, 0x00, 0x00,
    0x00, 0x00, 0x00, 0x00, 0x00, 0x00, 0x00, 0x00, 0x00, 0x00, 0x00, 0x00, 0x00, 0x00, 0x00, 0x00,
    0x00, 0x00, 0x00, 0x00, 0x00, 0x00, 0x00, 0x00, 0x00, 0x00, 0x00, 0x00, 0x00, 0x00, 0x00, 0x00,
    0x00, 0x00, 0x00, 0x00, 0x00, 0x00, 0x00, 0x00, 0x00, 0x00, 0x00, 0x00, 0x00, 0x00, 0x00, 0x00,
    0x00, 0x00, 0x00, 0x00, 0x00, 0x00, 0x00, 0x00, 0x00, 0x00, 0x00, 0x00, 0x00, 0x00, 0x1B, 0x1B,
    0x1B, 0x1B, 0x1B, 0x1B, 0x00, 0x00, 0x00, 0x00, 0x00, 0x00, 0x1B, 0x1B, 0x1B, 0x1B, 0x1B, 0x1B,
    0x1B, 0x1B, 0x1B, 0x1B, 0x1B, 0x1B, 0x1B, 0x1B, 0x1B, 0x1B, 0x1B, 0x1B, 0x1B, 0x1B, 0x1B, 0x1B,
    0x1B, 0x1B, 0x1B, 0x1B, 0x1B, 0x1B, 0x1B, 0x1B, 0x1B, 0x1B, 0x1B, 0x1B, 0x1B, 0x1B, 0x1B, 0x1B,
    0x1B, 0x1B, 0x1B, 0x1B, 0x1B, 0x1B, 0x1B, 0x1B, 0x1B, 0x1B, 0x1B, 0x1B, 0x1B, 0x1B, 0x1B, 0x1B,
    0x1B, 0x1B, 0x1B, 0x1B, 0x1B, 0x1B, 0x1B, 0x1B, 0x1B, 0x1B, 0x1B, 0x1B, 0x1B, 0x1B, 0x1B, 0x1B,
    0x1B, 0x00, 0x00, 0x00, 0x00, 0x00, 0x00, 0x00, 0x00, 0x00, 0x00, 0x00, 0x00, 0x00, 0x00, 0x00,
    0x00, 0x00, 0x00, 0x00, 0x00, 0x00, 0x00, 0x00, 0x00, 0x00, 0x00, 0x00, 0x00, 0x00, 0x00, 0x00,
    0x00, 0x00, 0x00, 0x00, 0x00, 0x00, 0x00, 0x00, 0x00, 0x00, 0x00, 0x00, 0x00, 0x14, 0x14, 0x14,
    0x14, 0x14, 0x14, 0x14, 0x14, 0x14, 0x14, 0x14, 0x14, 0x14, 0x14, 0x14, 0x14, 0x14, 0x14, 0x14,
    0x14, 0x14, 0x14, 0x14, 0x14, 0x14, 0x14, 0x14, 0x14, 0x14, 0x14, 0x14, 0x14, 0x14, 0x14, 0x14,
    0x14, 0x14, 0x14, 0x14, 0x14, 0x14, 0x14, 0x14, 0x14, 0x14, 0x14, 0x14, 0x14, 0x14, 0x14, 0x14,
    0x14, 0x14, 0x14, 0x14, 0x14, 0x14, 0x14, 0x14, 0x14, 0x14, 0x14, 0x14, 0x14, 0x14, 0x14, 0x14,
    0x14, 0x14, 0x14, 0x14, 0x14, 0x14, 0x14, 0x14, 0x14, 0x14, 0x14, 0x14, 0x14, 0x14, 0x14, 0x14,
    0x14, 0x14, 0x14, 0x14, 0x14, 0x14, 0x14, 0x14, 0x14, 0x14, 0x14, 0x14, 0x14, 0x14, 0x14, 0x14,
    0x14, 0x14, 0x14, 0x14, 0x14, 0x14, 0x14, 0x14, 0x14, 0x14, 0x14, 0x14, 0x14, 0x14, 0x14, 0x14,
    0x14, 0x14, 0x14, 0x14, 0x14, 0x14, 0x14, 0x14, 0x14, 0x14, 0x14, 0x14, 0x14, 0x14, 0x14, 0x14,
    0x14, 0x14, 0x14, 0x14, 0x14, 0x14, 0x14, 0x14, 0x14, 0x14, 0x14, 0x14, 0x14, 0x14, 0x14, 0x14,
    0x14, 0x14, 0x14, 0x14, 0x14, 0x14, 0x14, 0x14, 0x14, 0x14, 0x14, 0x14, 0x14, 0x14, 0x14, 0x14,
    0x14, 0x14, 0x14, 0x14, 0x14, 0x14, 0x14, 0x14, 0x14, 0x14, 0x14, 0x14, 0x14, 0x14, 0x14, 0x14,
    0x14, 0x14, 0x14, 0x14, 0x14, 0x14, 0x14, 0x14, 0x14, 0x14, 0x14, 0x14, 0x14, 0x14, 0x14, 0x14,
    0x14, 0x14, 0x14, 0x14, 0x14, 0x14, 0x14, 0x14, 0x14, 0x14, 0x14, 0x14, 0x14, 0x14, 0x14, 0x14,
    0x14, 0x14, 0x14, 0x14, 0x14, 0x14, 0x14, 0x14, 0x14, 0x14, 0x14, 0x14, 0x14, 0x14, 0x14, 0x14,
    0x14, 0x14, 0x14, 0x14, 0x14, 0x14, 0x14, 0x14, 0x14, 0x14, 0x14, 0x14, 0x14, 0x14, 0x14, 0x14,
    0x14, 0x14, 0x14, 0x14, 0x14, 0x14, 0x14, 0x14, 0x14, 0x14, 0x14, 0x14, 0x14, 0x14, 0x14, 0x14,
    0x14, 0x14, 0x14, 0x14, 0x14, 0x14, 0x14, 0x14, 0x14, 0x14, 0x14, 0x14, 0x14, 0x14, 0x14, 0x14,
    0x14, 0x14, 0x14, 0x14, 0x14, 0x14, 0x14, 0x14, 0x14, 0x14, 0x14, 0x14, 0x14, 0x14, 0x14, 0x14,
    0x14, 0x14, 0x14, 0x14, 0x14, 0x14, 0x14, 0x14, 0x14, 0x14, 0x14, 0x14, 0x14, 0x14, 0x14, 0x14,
    0x14, 0x14, 0x14, 0x14, 0x14, 0x14, 0x14, 0x14, 0x14, 0x14, 0x14, 0x14, 0x14, 0x14, 0x14, 0x14,
    0x14, 0x14, 0x14, 0x14, 0x14, 0x14, 0x14, 0x14, 0x14, 0x14, 0x14, 0x14, 0x14, 0x14, 0x14, 0x14,
    0x14, 0x14, 0x14, 0x14, 0x14, 0x14, 0x14, 0x14, 0x14, 0x14, 0x14, 0x00, 0x00, 0x00, 0x00, 0x00,
    0x00, 0x00, 0x00, 0x00, 0x00, 0x00, 0x00, 0x00, 0x00, 0x00, 0x00, 0x00, 0x00, 0x00, 0x00, 0x00,
    0x00, 0x00, 0x00, 0x00, 0x00, 0x00, 0x00, 0x00, 0x00, 0x00, 0x00, 0x14, 0x14, 0x14, 0x14, 0x14,
    0x14, 0x14, 0x14, 0x14, 0x14, 0x14, 0x14, 0x14, 0x14, 0x14, 0x14, 0x14, 0x14, 0x14, 0x14, 0x14,
    0x14, 0x14, 0x14, 0x14, 0x14, 0x14, 0x14, 0x14, 0x14, 0x14, 0x14, 0x14, 0x14, 0x14, 0x14, 0x14,
    0x14, 0x14, 0x14, 0x14, 0x14, 0x14, 0x14, 0x14, 0x14, 0x14, 0x14, 0x14, 0x14, 0x14, 0x14, 0x14,
    0x14, 0x14, 0x14, 0x14, 0x00, 0x00, 0x00, 0x00, 0x00, 0x00, 0x0D, 0x0D, 0x0D, 0x0D, 0x0D, 0x0D,
    0x0D, 0x0D, 0x0D, 0x0D, 0x0D, 0x0D, 0x0D, 0x0D, 0x0D, 0x0D, 0x0D, 0x0D, 0x0D, 0x0D, 0x0D, 0x0D,
    0x0D, 0x0D, 0x0D, 0x0D, 0x0D, 0x0D, 0x0D, 0x0D, 0x0D, 0x0D, 0x0D, 0x0D, 0x0D, 0x0D, 0x0D, 0x0D,
    0x0D, 0x0D, 0x0D, 0x0D, 0x0D, 0x0D, 0x0D, 0x0D, 0x0D, 0x0D, 0x0D, 0x0D, 0x0D, 0x0D, 0x0D, 0x0D,
    0x0D, 0x0D, 0x0D, 0x0D, 0x0D, 0x0D, 0x0D, 0x0D, 0x0D, 0x0D, 0x0D, 0x0D, 0x0D, 0x0D, 0x0D, 0x0D,
    0x0D, 0x0D, 0x0D, 0x0D, 0x0D, 0x0D, 0x0D, 0x0D, 0x0D, 0x0D, 0x0D, 0x0D, 0x0D, 0x0D, 0x0D, 0x0D,
    0x0D, 0x0D, 0x0D, 0x0D, 0x0D, 0x0D, 0x0D, 0x0D, 0x0D, 0x0D, 0x0D, 0x0D, 0x0D, 0x0D, 0x0D, 0x0D,
    0x0D, 0x0D, 0x0D, 0x0D, 0x0D, 0x0D, 0x0D, 0x0D, 0x0D, 0x0D, 0x0D, 0x0D, 0x0D, 0x0D, 0x0D, 0x0D,
    0x0D, 0x0D, 0x0D, 0x0D, 0x0D, 0x0D, 0x0D, 0x0D, 0x0D, 0x0D, 0x0D, 0x0D, 0x0D, 0x0D, 0x0D, 0x0D,
    0x0D, 0x0D, 0x0D, 0x0D, 0x0D, 0x0D, 0x0D, 0x0D, 0x0D, 0x0D, 0x0D, 0x0D, 0x0D, 0x0D, 0x0D, 0x0D,
    0x0D, 0x0D, 0x0D, 0x0D, 0x0D, 0x0D, 0x0D, 0x0D, 0x0D, 0x00, 0x00, 0x00, 0x00, 0x00, 0x00, 0x00,
    0x00, 0x00, 0x00, 0x00, 0x00, 0x00, 0x00, 0x00, 0x00, 0x00, 0x00, 0x00, 0x00, 0x00, 0x00, 0x00,
    0x00, 0x00, 0x00, 0x00, 0x00, 0x00, 0x00, 0x00, 0x00, 0x0D, 0x0D, 0x0D, 0x0D, 0x0D, 0x0D, 0x0D,
    0x0D, 0x0D, 0x0D, 0x0D, 0x0D, 0x0D, 0x0D, 0x0D, 0x0D, 0x00, 0x00, 0x00, 0x00, 0x00, 0x00, 0x00,
    0x00, 0x00, 0x00, 0x00, 0x00, 0x00, 0x00, 0x00, 0x00, 0x00, 0x00, 0x00, 0x00, 0x00, 0x00, 0x00,
    0x00, 0x00, 0x00, 0x00, 0x00, 0x00, 0x00, 0x00, 0x00, 0x00, 0x00, 0x00, 0x00, 0x00, 0x00, 0x00,
    0x00, 0x00, 0x00, 0x00, 0x00, 0x00, 0x00, 0x00, 0x00, 0x0D, 0x0D, 0x0D, 0x0D, 0x0D, 0x0D, 0x0D,
    0x0D, 0x0D, 0x0D, 0x0D, 0x0D, 0x0D, 0x0D, 0x0D, 0x0D, 0x0D, 0x0D, 0x0D, 0x0D, 0x0D, 0x0D, 0x0D,
    0x0D, 0x0D, 0x0D, 0x0D, 0x0D, 0x0D, 0x0D, 0x0D, 0x0D, 0x0D, 0x0D, 0x0D, 0x0D, 0x0D, 0x0D, 0x0D,
    0x0D, 0x0D, 0x0D, 0x0D, 0x0D, 0x0D, 0x0D, 0x0D, 0x0D, 0x0D, 0x0D, 0x0D, 0x0D, 0x0D, 0x0D, 0x0D,
    0x0D, 0x0D, 0x0D, 0x0D, 0x0D, 0x0D, 0x0D, 0x0D, 0x0D, 0x0D, 0x0D, 0x0D, 0x0D, 0x0D, 0x0D, 0x0D,
    0x0D, 0x0D, 0x0D, 0x0D, 0x0D, 0x0D, 0x0D, 0x0D, 0x0D, 0x0D, 0x0D, 0x0D, 0x0D, 0x0D, 0x0D, 0x0D,
    0x0D, 0x0D, 0x0D, 0x0D, 0x0D, 0x0D, 0x0D, 0x0D, 0x0D, 0x0D, 0x0D, 0x0D, 0x0D, 0x0D, 0x0D, 0x0D,
    0x0D, 0x0D, 0x0D, 0x0D, 0x0D, 0x0D, 0x0D, 0x0D, 0x0D, 0x0D, 0x0D, 0x0D, 0x0D, 0x0D, 0x0D, 0x0D,
    0x0D, 0x0D, 0x0D, 0x0D, 0x0D, 0x0D, 0x0D, 0x0D, 0x0D, 0x0D, 0x0D, 0x0D, 0x0D, 0x0D, 0x0D, 0x0D,
    0x0D, 0x0D, 0x0D, 0x0D, 0x0D, 0x0D, 0x0D, 0x0D, 0x0D, 0x0D, 0x0D, 0x0D, 0x0D, 0x0D, 0x0D, 0x0D,
    0x0D, 0x0D, 0x0D, 0x0D, 0x0D, 0x0D, 0x0D, 0x0D, 0x0D, 0x0D, 0x0D, 0x0D, 0x0D, 0x0D, 0x0D, 0x0D,
    0x0D, 0x0D, 0x0D, 0x0D, 0x0D, 0x0D, 0x0D, 0x0D, 0x0D, 0x0D, 0x0D, 0x0D, 0x0D, 0x0D, 0x0D, 0x0D,
    0x0D, 0x0D, 0x0D, 0x0D, 0x0D, 0x0D, 0x0D, 0x0D, 0x0D, 0x0D, 0x0D, 0x0D, 0x0D, 0x0D, 0x0D, 0x0D,
    0x0D, 0x0D, 0x0D, 0x0D, 0x0D, 0x0D, 0x0D, 0x07, 0x07, 0x07, 0x07, 0x07, 0x07, 0x07, 0x07, 0x07,
    0x07, 0x07, 0x07, 0x07, 0x07, 0x07, 0x07, 0x07, 0x07, 0x07, 0x07, 0x07, 0x07, 0x07, 0x07, 0x07,
    0x07, 0x07, 0x07, 0x07, 0x07, 0x07, 0x07, 0x07, 0x07, 0x07, 0x07, 0x07, 0x07, 0x07, 0x07, 0x07,
    0x07, 0x07, 0x07, 0x07, 0x07, 0x07, 0x07, 0x07, 0x07, 0x07, 0x07, 0x07, 0x07, 0x07, 0x07, 0x07,
    0x07, 0x07, 0x07, 0x07, 0x07, 0x07, 0x07, 0x07, 0x07, 0x07, 0x07, 0x07, 0x07, 0x07, 0x07, 0x07,
    0x07, 0x07, 0x07, 0x07, 0x07, 0x07, 0x07, 0x00, 0x00, 0x00, 0x00, 0x00, 0x00, 0x00, 0x00, 0x00,
    0x00, 0x00, 0x00, 0x00, 0x00, 0x00, 0x00, 0x00, 0x00, 0x00, 0x00, 0x00, 0x00, 0x00, 0x00, 0x00,
    0x00, 0x00, 0x00, 0x00, 0x00, 0x00, 0x00, 0x07, 0x07, 0x07, 0x07, 0x07, 0x07, 0x07, 0x07, 0x07,
    0x07, 0x07, 0x07, 0x07, 0x07, 0x07, 0x07, 0x07, 0x07, 0x07, 0x07, 0x07, 0x07, 0x07, 0x07, 0x07,
    0x07, 0x07, 0x07, 0x07, 0x07, 0x07, 0x07, 0x00, 0x00, 0x00, 0x00, 0x00, 0x00, 0x00, 0x00, 0x00,
    0x00, 0x00, 0x00, 0x00, 0x00, 0x00, 0x00, 0x00, 0x00, 0x00, 0x00, 0x00, 0x00, 0x00, 0x00, 0x00,
    0x00, 0x00, 0x00, 0x00, 0x00, 0x00, 0x00, 0x00, 0x00, 0x00, 0x00, 0x00, 0x00, 0x00, 0x00, 0x00,
    0x00, 0x00, 0x00, 0x00, 0x00, 0x00, 0x00, 0x00, 0x00, 0x00, 0x00, 0x00, 0x00, 0x00, 0x00, 0x00,
    0x00, 0x00, 0x00, 0x00, 0x00, 0x00, 0x00, 0x07, 0x07, 0x07, 0x07, 0x07, 0x07, 0x07, 0x07, 0x07,
    0x07, 0x07, 0x07, 0x07, 0x07, 0x07, 0x07, 0x07, 0x07, 0x07, 0x07, 0x07, 0x07, 0x07, 0x07, 0x07,
    0x00, 0x00, 0x00, 0x00, 0x00, 0x00, 0x00, 0x00, 0x00, 0x00, 0x00, 0x00, 0x00, 0x00, 0x00, 0x00,
    0x00, 0x00, 0x00, 0x00, 0x00, 0x00, 0x00, 0x00, 0x00, 0x00, 0x00, 0x00, 0x00, 0x00, 0x00, 0x00,
};
const u8 __attribute__((aligned(256))) sfx_pcm_sea[SFX_PCM_SEA_LEN] = {
    0x00, 0x07, 0x07, 0x07, 0x00, 0x07, 0x07, 0x07, 0x07, 0x07, 0x07, 0x00, 0x07, 0x07, 0x07, 0x00,
    0x07, 0x07, 0x00, 0x00, 0x07, 0x07, 0x07, 0x07, 0x07, 0x00, 0x00, 0x07, 0x07, 0x00, 0x00, 0x07,
    0x00, 0x07, 0x00, 0x07, 0x07, 0x07, 0x07, 0x00, 0x07, 0x00, 0x07, 0x00, 0x07, 0x00, 0x00, 0x00,
    0x00, 0x00, 0x07, 0x07, 0x07, 0x00, 0x00, 0x00, 0x00, 0x00, 0x00, 0x00, 0x07, 0x07, 0x07, 0x07,
    0x00, 0x07, 0x07, 0x00, 0x07, 0x07, 0x07, 0x07, 0x07, 0x07, 0x00, 0x07, 0x07, 0x07, 0x00, 0x00,
    0x07, 0x00, 0x00, 0x07, 0x07, 0x07, 0x07, 0x07, 0x00, 0x00, 0x07, 0x07, 0x00, 0x07, 0x00, 0x00,
    0x07, 0x00, 0x07, 0x07, 0x07, 0x07, 0x00, 0x07, 0x00, 0x07, 0x00, 0x00, 0x00, 0x07, 0x00, 0x00,
    0x00, 0x07, 0x07, 0x07, 0x00, 0x00, 0x00, 0x00, 0x00, 0x07, 0x07, 0x00, 0x00, 0x07, 0x07, 0x00,
    0x07, 0x07, 0x00, 0x07, 0x07, 0x07, 0x07, 0x00, 0x07, 0x00, 0x07, 0x00, 0x07, 0x00, 0x00, 0x07,
    0x00, 0x00, 0x07, 0x07, 0x07, 0x00, 0x00, 0x00, 0x00, 0x00, 0x00, 0x00, 0x07, 0x00, 0x00, 0x07,
    0x00, 0x07, 0x07, 0x00, 0x07, 0x07, 0x07, 0x07, 0x07, 0x07, 0x00, 0x00, 0x07, 0x00, 0x00, 0x00,
    0x07, 0x00, 0x00, 0x07, 0x07, 0x07, 0x07, 0x07, 0x00, 0x07, 0x00, 0x00, 0x07, 0x07, 0x00, 0x00,
    0x07, 0x00, 0x07, 0x07, 0x07, 0x07, 0x00, 0x00, 0x00, 0x07, 0x07, 0x00, 0x00, 0x00, 0x07, 0x07,
    0x00, 0x00, 0x07, 0x00, 0x00, 0x00, 0x00, 0x00, 0x00, 0x00, 0x07, 0x07, 0x00, 0x07, 0x00, 0x07,
    0x00, 0x00, 0x07, 0x07, 0x07, 0x07, 0x07, 0x07, 0x00, 0x07, 0x00, 0x00, 0x00, 0x00, 0x00, 0x0D,
    0x00, 0x0D, 0x0D, 0x0D, 0x0D, 0x0D, 0x00, 0x00, 0x00, 0x0D, 0x0D, 0x0D, 0x0D, 0x00, 0x00, 0x00,
    0x0D, 0x0D, 0x0D, 0x0D, 0x00, 0x0D, 0x0D, 0x00, 0x0D, 0x0D, 0x0D, 0x00, 0x0D, 0x0D, 0x00, 0x0D,
    0x0D, 0x0D, 0x00, 0x00, 0x0D, 0x00, 0x00, 0x0D, 0x0D, 0x00, 0x00, 0x0D, 0x00, 0x00, 0x0D, 0x0D,
    0x00, 0x0D, 0x00, 0x00, 0x0D, 0x00, 0x0D, 0x00, 0x0D, 0x00, 0x00, 0x0D, 0x00, 0x0D, 0x00, 0x00,
    0x00, 0x0D, 0x00, 0x00, 0x00, 0x00, 0x00, 0x00, 0x0D, 0x00, 0x00, 0x00, 0x00, 0x0D, 0x0D, 0x00,
    0x00, 0x0D, 0x0D, 0x0D, 0x0D, 0x0D, 0x00, 0x00, 0x0D, 0x0D, 0x0D, 0x00, 0x0D, 0x00, 0x0D, 0x00,
    0x0D, 0x0D, 0x0D, 0x0D, 0x00, 0x0D, 0x00, 0x0D, 0x0D, 0x00, 0x00, 0x00, 0x00, 0x00, 0x00, 0x0D,
    0x0D, 0x0D, 0x00, 0x00, 0x00, 0x00, 0x0D, 0x00, 0x0D, 0x0D, 0x0D, 0x0D, 0x0D, 0x00, 0x0D, 0x0D,
    0x00, 0x0D, 0x0D, 0x0D, 0x00, 0x00, 0x00, 0x0D, 0x0D, 0x0D, 0x0D, 0x00, 0x00, 0x0D, 0x00, 0x00,
    0x0D, 0x0D, 0x00, 0x0D, 0x0D, 0x00, 0x0D, 0x0D, 0x0D, 0x00, 0x0D, 0x00, 0x00, 0x0D, 0x00, 0x0D,
    0x00, 0x00, 0x0D, 0x00, 0x0D, 0x0D, 0x00, 0x0D, 0x00, 0x0D, 0x0D, 0x00, 0x0D, 0x00, 0x0D, 0x00,
    0x00, 0x0D, 0x00, 0x0D, 0x00, 0x00, 0x00, 0x00, 0x0D, 0x00, 0x00, 0x00, 0x00, 0x00, 0x0D, 0x00,
    0x00, 0x00, 0x00, 0x0D, 0x0D, 0x0D, 0x00, 0x00, 0x0D, 0x0D, 0x0D, 0x0D, 0x00, 0x00, 0x0D, 0x0D,
    0x0D, 0x00, 0x0D, 0x0D, 0x00, 0x0D, 0x00, 0x0D, 0x0D, 0x0D, 0x00, 0x0D, 0x00, 0x0D, 0x0D, 0x00,
    0x00, 0x0D, 0x00, 0x00, 0x00, 0x00, 0x14, 0x14, 0x00, 0x00, 0x00, 0x00, 0x14, 0x00, 0x14, 0x00,
    0x00, 0x14, 0x14, 0x14, 0x00, 0x14, 0x00, 0x14, 0x14, 0x14, 0x00, 0x00, 0x00, 0x00, 0x14, 0x00,
    0x14, 0x14, 0x00, 0x00, 0x00, 0x00, 0x14, 0x14, 0x00, 0x14, 0x14, 0x14, 0x00, 0x00, 0x00, 0x14,
    0x00, 0x14, 0x14, 0x14, 0x00, 0x14, 0x00, 0x00, 0x14, 0x14, 0x00, 0x14, 0x14, 0x00, 0x00, 0x00,
    0x14, 0x14, 0x00, 0x00, 0x00, 0x14, 0x00, 0x14, 0x00, 0x00, 0x14, 0x00, 0x14, 0x14, 0x00, 0x14,
    0x00, 0x14, 0x14, 0x00, 0x00, 0x00, 0x00, 0x14, 0x00, 0x00, 0x00, 0x14, 0x00, 0x00, 0x00, 0x00,
    0x14, 0x00, 0x14, 0x14, 0x14, 0x00, 0x00, 0x14, 0x14, 0x00, 0x00, 0x14, 0x14, 0x14, 0x00, 0x00,
    0x00, 0x14, 0x14, 0x00, 0x14, 0x00, 0x14, 0x00, 0x14, 0x00, 0x14, 0x14, 0x00, 0x14, 0x14, 0x00,
    0x14, 0x00, 0x00, 0x00, 0x00, 0x00, 0x00, 0x00, 0x00, 0x14, 0x00, 0x00, 0x00, 0x14, 0x00, 0x14,
    0x00, 0x14, 0x14, 0x14, 0x00, 0x14, 0x00, 0x14, 0x00, 0x14, 0x00, 0x00, 0x00, 0x00, 0x00, 0x00,
    0x14, 0x14, 0x00, 0x00, 0x00, 0x00, 0x00, 0x00, 0x00, 0x14, 0x14, 0x14, 0x14, 0x14, 0x00, 0x14,
    0x00, 0x14, 0x14, 0x14, 0x14, 0x14, 0x14, 0x00, 0x14, 0x14, 0x14, 0x14, 0x00, 0x00, 0x00, 0x00,
    0x14, 0x14, 0x14, 0x14, 0x14, 0x00, 0x00, 0x14, 0x14, 0x14, 0x00, 0x14, 0x14, 0x14, 0x00, 0x14,
    0x14, 0x14, 0x14, 0x00, 0x14, 0x00, 0x14, 0x14, 0x00, 0x00, 0x14, 0x14, 0x00, 0x00, 0x14, 0x14,
    0x14, 0x00, 0x00, 0x00, 0x00, 0x14, 0x00, 0x14, 0x00, 0x14, 0x00, 0x14, 0x00, 0x1B, 0x1B, 0x00,
    0x1B, 0x1B, 0x1B, 0x00, 0x00, 0x00, 0x00, 0x00, 0x00, 0x00, 0x00, 0x00, 0x1B, 0x00, 0x00, 0x1B,
    0x1B, 0x00, 0x1B, 0x1B, 0x1B, 0x1B, 0x1B, 0x1B, 0x1B, 0x1B, 0x00, 0x00, 0x1B, 0x00, 0x1B, 0x00,
    0x00, 0x1B, 0x1B, 0x1B, 0x1B, 0x1B, 0x1B, 0x1B, 0x00, 0x1B, 0x00, 0x00, 0x00, 0x00, 0x1B, 0x00,
    0x1B, 0x1B, 0x1B, 0x1B, 0x1B, 0x1B, 0x00, 0x00, 0x00, 0x1B, 0x1B, 0x1B, 0x00, 0x00, 0x00, 0x1B,
    0x1B, 0x1B, 0x1B, 0x1B, 0x00, 0x1B, 0x1B, 0x00, 0x1B, 0x1B, 0x00, 0x1B, 0x1B, 0x00, 0x1B, 0x1B,
    0x1B, 0x1B, 0x00, 0x00, 0x1B, 0x00, 0x00, 0x1B, 0x00, 0x00, 0x1B, 0x00, 0x00, 0x1B, 0x1B, 0x1B,
    0x00, 0x1B, 0x00, 0x00, 0x1B, 0x00, 0x00, 0x1B, 0x1B, 0x00, 0x1B, 0x00, 0x00, 0x00, 0x00, 0x00,
    0x00, 0x1B, 0x1B, 0x00, 0x1B, 0x00, 0x1B, 0x00, 0x00, 0x00, 0x1B, 0x1B, 0x1B, 0x1B, 0x1B, 0x00,
    0x1B, 0x00, 0x00, 0x00, 0x00, 0x00, 0x1B, 0x1B, 0x00, 0x1B, 0x1B, 0x1B, 0x1B, 0x00, 0x00, 0x00,
    0x1B, 0x1B, 0x1B, 0x1B, 0x00, 0x1B, 0x00, 0x00, 0x1B, 0x1B, 0x1B, 0x00, 0x1B, 0x1B, 0x00, 0x1B,
    0x1B, 0x1B, 0x00, 0x00, 0x00, 0x1B, 0x00, 0x1B, 0x1B, 0x00, 0x00, 0x1B, 0x00, 0x00, 0x1B, 0x1B,
    0x00, 0x1B, 0x1B, 0x00, 0x00, 0x00, 0x1B, 0x00, 0x1B, 0x00, 0x00, 0x1B, 0x00, 0x1B, 0x00, 0x00,
    0x1B, 0x00, 0x1B, 0x1B, 0x00, 0x00, 0x00, 0x00, 0x1B, 0x00, 0x00, 0x00, 0x00, 0x1B, 0x00, 0x00,
    0x00, 0x1B, 0x00, 0x1B, 0x1B, 0x1B, 0x00, 0x00, 0x1B, 0x1B, 0x1B, 0x00, 0x00, 0x1B, 0x1B, 0x00,
    0x00, 0x00, 0x1B, 0x1B, 0x00, 0x1B, 0x00, 0x21, 0x21, 0x00, 0x21, 0x00, 0x21, 0x00, 0x21, 0x21,
    0x00, 0x21, 0x00, 0x00, 0x00, 0x00, 0x21, 0x00, 0x00, 0x00, 0x00, 0x00, 0x00, 0x21, 0x00, 0x00,
    0x00, 0x21, 0x21, 0x21, 0x00, 0x00, 0x21, 0x21, 0x21, 0x21, 0x21, 0x00, 0x00, 0x21, 0x21, 0x00,
    0x21, 0x21, 0x00, 0x21, 0x00, 0x21, 0x21, 0x21, 0x21, 0x00, 0x21, 0x00, 0x21, 0x00, 0x00, 0x21,
    0x00, 0x00, 0x00, 0x00, 0x21, 0x21, 0x21, 0x00, 0x00, 0x00, 0x00, 0x00, 0x21, 0x00, 0x21, 0x00,
    0x00, 0x00, 0x21, 0x21, 0x21, 0x21, 0x21, 0x00, 0x00, 0x21, 0x00, 0x00, 0x00, 0x00, 0x21, 0x21,
    0x00, 0x21, 0x21, 0x21, 0x21, 0x00, 0x21, 0x00, 0x00, 0x21, 0x21, 0x21, 0x00, 0x21, 0x00, 0x00,
    0x21, 0x21, 0x21, 0x00, 0x00, 0x00, 0x21, 0x00, 0x21, 0x21, 0x00, 0x00, 0x00, 0x21, 0x00, 0x21,
    0x21, 0x00, 0x21, 0x21, 0x00, 0x00, 0x00, 0x21, 0x00, 0x21, 0x21, 0x00, 0x00, 0x00, 0x21, 0x00,
    0x00, 0x21, 0x00, 0x21, 0x21, 0x00, 0x00, 0x00, 0x21, 0x00, 0x21, 0x21, 0x00, 0x00, 0x21, 0x00,
    0x00, 0x00, 0x21, 0x00, 0x21, 0x21, 0x00, 0x00, 0x00, 0x21, 0x00, 0x21, 0x00, 0x00, 0x21, 0x21,
    0x00, 0x00, 0x00, 0x21, 0x00, 0x21, 0x21, 0x00, 0x00, 0x00, 0x00, 0x21, 0x00, 0x21, 0x00, 0x21,
    0x21, 0x00, 0x00, 0x00, 0x21, 0x00, 0x21, 0x21, 0x21, 0x00, 0x00, 0x00, 0x00, 0x00, 0x21, 0x00,
    0x21, 0x21, 0x00, 0x00, 0x00, 0x21, 0x21, 0x00, 0x21, 0x21, 0x21, 0x21, 0x00, 0x00, 0x00, 0x21,
    0x00, 0x21, 0x21, 0x00, 0x21, 0x00, 0x00, 0x21, 0x21, 0x21, 0x00, 0x21, 0x21, 0x00, 0x00, 0x00,
    0x28, 0x00, 0x00, 0x00, 0x28, 0x00, 0x28, 0x28, 0x00, 0x00, 0x28, 0x00, 0x28, 0x28, 0x00, 0x00,
    0x28, 0x28, 0x00, 0x00, 0x00, 0x28, 0x00, 0x28, 0x00, 0x00, 0x00, 0x28, 0x00, 0x28, 0x00, 0x28,
    0x00, 0x28, 0x28, 0x00, 0x00, 0x00, 0x00, 0x28, 0x00, 0x28, 0x00, 0x28, 0x28, 0x28, 0x00, 0x00,
    0x28, 0x28, 0x28, 0x28, 0x00, 0x28, 0x28, 0x00, 0x00, 0x00, 0x28, 0x28, 0x00, 0x28, 0x00, 0x28,
    0x28, 0x28, 0x00, 0x00, 0x28, 0x00, 0x28, 0x28, 0x00, 0x28, 0x00, 0x00, 0x00, 0x00, 0x28, 0x28,
    0x00, 0x28, 0x00, 0x00, 0x00, 0x28, 0x00, 0x00, 0x00, 0x28, 0x28, 0x28, 0x00, 0x28, 0x00, 0x00,
    0x00, 0x28, 0x28, 0x00, 0x00, 0x28, 0x28, 0x00, 0x28, 0x28, 0x00, 0x00, 0x00, 0x28, 0x28, 0x00,
    0x28, 0x00, 0x28, 0x00, 0x28, 0x00, 0x00, 0x28, 0x00, 0x28, 0x28, 0x00, 0x28, 0x00, 0x00, 0x00,
    0x00, 0x00, 0x00, 0x00, 0x28, 0x00, 0x00, 0x00, 0x28, 0x00, 0x00, 0x00, 0x28, 0x28, 0x28, 0x28,
    0x28, 0x28, 0x00, 0x00, 0x28, 0x28, 0x00, 0x00, 0x28, 0x28, 0x00, 0x28, 0x28, 0x28, 0x28, 0x28,
    0x00, 0x28, 0x00, 0x28, 0x00, 0x28, 0x00, 0x28, 0x00, 0x00, 0x28, 0x28, 0x28, 0x28, 0x00, 0x00,
    0x00, 0x00, 0x00, 0x00, 0x00, 0x00, 0x00, 0x28, 0x00, 0x28, 0x28, 0x28, 0x00, 0x28, 0x28, 0x28,
    0x28, 0x28, 0x28, 0x28, 0x28, 0x00, 0x00, 0x00, 0x28, 0x28, 0x00, 0x00, 0x28, 0x28, 0x28, 0x28,
    0x28, 0x28, 0x28, 0x00, 0x28, 0x28, 0x00, 0x28, 0x00, 0x28, 0x00, 0x28, 0x28, 0x28, 0x28, 0x28,
    0x28, 0x00, 0x00, 0x28, 0x00, 0x00, 0x00, 0x00, 0x00, 0x00, 0x2F, 0x2F, 0x2F, 0x2F, 0x2F, 0x00,
    0x2F, 0x00, 0x2F, 0x00, 0x2F, 0x2F, 0x00, 0x2F, 0x00, 0x00, 0x00, 0x2F, 0x00, 0x2F, 0x00, 0x00,
    0x00, 0x00, 0x00, 0x2F, 0x00, 0x00, 0x00, 0x2F, 0x2F, 0x00, 0x00, 0x00, 0x00, 0x2F, 0x2F, 0x2F,
    0x2F, 0x00, 0x00, 0x2F, 0x2F, 0x00, 0x2F, 0x00, 0x2F, 0x2F, 0x2F, 0x00, 0x2F, 0x2F, 0x2F, 0x00,
    0x2F, 0x00, 0x2F, 0x00, 0x00, 0x00, 0x00, 0x2F, 0x2F, 0x00, 0x00, 0x2F, 0x2F, 0x00, 0x00, 0x00,
    0x00, 0x00, 0x2F, 0x2F, 0x2F, 0x00, 0x2F, 0x00, 0x2F, 0x00, 0x2F, 0x00, 0x2F, 0x2F, 0x2F, 0x2F,
    0x00, 0x2F, 0x2F, 0x00, 0x00, 0x00, 0x00, 0x00, 0x00, 0x00, 0x00, 0x2F, 0x2F, 0x2F, 0x00, 0x00,
    0x2F, 0x00, 0x2F, 0x2F, 0x2F, 0x2F, 0x2F, 0x2F, 0x2F, 0x00, 0x2F, 0x2F, 0x00, 0x2F, 0x00, 0x00,
    0x00, 0x2F, 0x2F, 0x2F, 0x2F, 0x2F, 0x2F, 0x00, 0x00, 0x2F, 0x00, 0x00, 0x00, 0x2F, 0x2F, 0x00,
    0x2F, 0x2F, 0x2F, 0x2F, 0x2F, 0x00, 0x2F, 0x00, 0x00, 0x2F, 0x2F, 0x00, 0x2F, 0x00, 0x00, 0x2F,
    0x2F, 0x2F, 0x2F, 0x00, 0x00, 0x00, 0x2F, 0x00, 0x2F, 0x00, 0x00, 0x00, 0x2F, 0x00, 0x2F, 0x2F,
    0x2F, 0x00, 0x2F, 0x2F, 0x00, 0x00, 0x00, 0x00, 0x2F, 0x2F, 0x00, 0x00, 0x00, 0x2F, 0x2F, 0x00,
    0x00, 0x2F, 0x00, 0x2F, 0x2F, 0x2F, 0x00, 0x2F, 0x00, 0x2F, 0x2F, 0x00, 0x2F, 0x00, 0x2F, 0x00,
    0x00, 0x00, 0x2F, 0x2F, 0x00, 0x00, 0x00, 0x00, 0x2F, 0x00, 0x00, 0x2F, 0x00, 0x00, 0x00, 0x2F,
    0x00, 0x00, 0x2F, 0x2F, 0x00, 0x00, 0x2F, 0x00, 0x00, 0x00, 0x00, 0x2F, 0x2F, 0x00, 0x00, 0x2F,
    0x00, 0x2F, 0x00, 0x35, 0x00, 0x00, 0x35, 0x35, 0x35, 0x00, 0x35, 0x00, 0x35, 0x00, 0x00, 0x00,
    0x00, 0x00, 0x00, 0x35, 0x00, 0x35, 0x35, 0x00, 0x00, 0x00, 0x00, 0x00, 0x35, 0x35, 0x35, 0x35,
    0x35, 0x00, 0x00, 0x00, 0x35, 0x00, 0x35, 0x35, 0x35, 0x35, 0x00, 0x35, 0x35, 0x35, 0x35, 0x00,
    0x35, 0x35, 0x00, 0x00, 0x00, 0x35, 0x35, 0x35, 0x00, 0x00, 0x35, 0x35, 0x35, 0x00, 0x00, 0x35,
    0x00, 0x35, 0x35, 0x00, 0x35, 0x35, 0x00, 0x35, 0x00, 0x35, 0x35, 0x00, 0x35, 0x00, 0x00, 0x00,
    0x35, 0x00, 0x00, 0x35, 0x00, 0x00, 0x00, 0x00, 0x35, 0x00, 0x00, 0x00, 0x35, 0x35, 0x00, 0x00,
    0x35, 0x00, 0x00, 0x35, 0x35, 0x35, 0x00, 0x00, 0x35, 0x35, 0x00, 0x35, 0x00, 0x35, 0x00, 0x00,
    0x35, 0x00, 0x35, 0x35, 0x00, 0x35, 0x00, 0x35, 0x00, 0x00, 0x00, 0x00, 0x00, 0x35, 0x00, 0x00,
    0x00, 0x35, 0x00, 0x00, 0x00, 0x00, 0x00, 0x35, 0x35, 0x35, 0x35, 0x00, 0x00, 0x35, 0x35, 0x00,
    0x00, 0x35, 0x35, 0x35, 0x35, 0x00, 0x35, 0x35, 0x35, 0x00, 0x35, 0x00, 0x35, 0x00, 0x35, 0x00,
    0x35, 0x35, 0x35, 0x00, 0x00, 0x35, 0x35, 0x00, 0x00, 0x00, 0x00, 0x00, 0x00, 0x00, 0x00, 0x35,
    0x35, 0x00, 0x35, 0x00, 0x00, 0x35, 0x00, 0x00, 0x00, 0x35, 0x35, 0x00, 0x00, 0x35, 0x00, 0x35,
    0x00, 0x35, 0x35, 0x00, 0x00, 0x35, 0x35, 0x00, 0x35, 0x00, 0x35, 0x00, 0x00, 0x00, 0x00, 0x00,
    0x35, 0x00, 0x35, 0x00, 0x35, 0x00, 0x00, 0x00, 0x00, 0x00, 0x35, 0x35, 0x35, 0x35, 0x00, 0x00,
    0x00, 0x00, 0x00, 0x00, 0x35, 0x35, 0x35, 0x35, 0x00, 0x35, 0x35, 0x3C, 0x00, 0x3C, 0x3C, 0x3C,
    0x3C, 0x3C, 0x00, 0x3C, 0x3C, 0x3C, 0x00, 0x00, 0x3C, 0x3C, 0x00, 0x00, 0x3C, 0x3C, 0x3C, 0x3C,
    0x00, 0x00, 0x3C, 0x3C, 0x00, 0x3C, 0x00, 0x3C, 0x00, 0x3C, 0x00, 0x3C, 0x3C, 0x3C, 0x00, 0x3C,
    0x00, 0x3C, 0x00, 0x00, 0x00, 0x00, 0x00, 0x00, 0x00, 0x00, 0x3C, 0x3C, 0x00, 0x00, 0x00, 0x00,
    0x00, 0x3C, 0x3C, 0x3C, 0x3C, 0x3C, 0x3C, 0x3C, 0x00, 0x3C, 0x00, 0x3C, 0x3C, 0x3C, 0x3C, 0x00,
    0x3C, 0x3C, 0x3C, 0x3C, 0x3C, 0x3C, 0x00, 0x00, 0x00, 0x00, 0x3C, 0x3C, 0x3C, 0x00, 0x00, 0x3C,
    0x3C, 0x3C, 0x3C, 0x3C, 0x00, 0x3C, 0x3C, 0x3C, 0x00, 0x3C, 0x3C, 0x00, 0x3C, 0x00, 0x3C, 0x3C,
    0x3C, 0x3C, 0x00, 0x00, 0x3C, 0x3C, 0x00, 0x00, 0x3C, 0x00, 0x00, 0x00, 0x00, 0x3C, 0x3C, 0x3C,
    0x00, 0x3C, 0x00, 0x3C, 0x00, 0x3C, 0x00, 0x00, 0x3C, 0x3C, 0x3C, 0x00, 0x3C, 0x3C, 0x00, 0x00,
    0x00, 0x00, 0x00, 0x00, 0x00, 0x3C, 0x00, 0x3C, 0x3C, 0x00, 0x00, 0x3C, 0x3C, 0x3C, 0x00, 0x3C,
    0x3C, 0x00, 0x3C, 0x3C, 0x00, 0x3C, 0x3C, 0x3C, 0x3C, 0x3C, 0x3C, 0x3C, 0x00, 0x00, 0x3C, 0x00,
    0x00, 0x3C, 0x00, 0x00, 0x3C, 0x3C, 0x3C, 0x3C, 0x3C, 0x3C, 0x00, 0x3C, 0x00, 0x00, 0x3C, 0x00,
    0x00, 0x3C, 0x00, 0x3C, 0x3C, 0x3C, 0x3C, 0x3C, 0x00, 0x00, 0x00, 0x3C, 0x00, 0x00, 0x3C, 0x00,
    0x00, 0x00, 0x3C, 0x3C, 0x3C, 0x3C, 0x00, 0x3C, 0x3C, 0x00, 0x00, 0x3C, 0x00, 0x00, 0x3C, 0x3C,
    0x00, 0x3C, 0x3C, 0x3C, 0x00, 0x00, 0x3C, 0x00, 0x3C, 0x00, 0x00, 0x3C, 0x00, 0x3C, 0x00, 0x00,
    0x3C, 0x3C, 0x00, 0x3C, 0x00, 0x00, 0x00, 0x00, 0x43, 0x00, 0x00, 0x00, 0x00, 0x43, 0x00, 0x43,
    0x00, 0x00, 0x00, 0x43, 0x43, 0x43, 0x00, 0x00, 0x43, 0x43, 0x43, 0x00, 0x00, 0x00, 0x00, 0x43,
    0x43, 0x00, 0x43, 0x43, 0x00, 0x43, 0x00, 0x43, 0x43, 0x00, 0x43, 0x43, 0x43, 0x00, 0x43, 0x00,
    0x00, 0x43, 0x00, 0x00, 0x00, 0x00, 0x43, 0x00, 0x00, 0x43, 0x43, 0x00, 0x00, 0x00, 0x43, 0x00,
    0x00, 0x43, 0x43, 0x43, 0x00, 0x00, 0x43, 0x00, 0x43, 0x00, 0x43, 0x43, 0x00, 0x00, 0x43, 0x00,
    0x43, 0x43, 0x00, 0x43, 0x00, 0x00, 0x00, 0x00, 0x00, 0x43, 0x00, 0x43, 0x00, 0x00, 0x00, 0x43,
    0x00, 0x00, 0x00, 0x43, 0x43, 0x43, 0x43, 0x00, 0x00, 0x00, 0x00, 0x43, 0x43, 0x00, 0x00, 0x43,
    0x43, 0x00, 0x43, 0x43, 0x43, 0x00, 0x43, 0x00, 0x00, 0x00, 0x43, 0x43, 0x43, 0x43, 0x00, 0x00,
    0x00, 0x00, 0x00, 0x43, 0x00, 0x00, 0x43, 0x43, 0x00, 0x43, 0x43, 0x43, 0x00, 0x43, 0x43, 0x43,
    0x43, 0x00, 0x00, 0x43, 0x00, 0x43, 0x00, 0x00, 0x43, 0x43, 0x00, 0x00, 0x43, 0x43, 0x43, 0x00,
    0x43, 0x00, 0x00, 0x00, 0x00, 0x43, 0x00, 0x43, 0x00, 0x43, 0x00, 0x43, 0x43, 0x00, 0x00, 0x00,
    0x43, 0x43, 0x43, 0x00, 0x00, 0x00, 0x00, 0x00, 0x00, 0x00, 0x43, 0x00, 0x43, 0x43, 0x00, 0x43,
    0x43, 0x00, 0x43, 0x43, 0x43, 0x43, 0x43, 0x43, 0x00, 0x00, 0x00, 0x43, 0x00, 0x00, 0x43, 0x00,
    0x00, 0x43, 0x43, 0x43, 0x43, 0x43, 0x00, 0x43, 0x43, 0x00, 0x00, 0x43, 0x00, 0x00, 0x43, 0x00,
    0x43, 0x43, 0x43, 0x43, 0x00, 0x00, 0x43, 0x00, 0x43, 0x00, 0x00, 0x43, 0x00, 0x00, 0x00, 0x49,
    0x49, 0x49, 0x00, 0x49, 0x00, 0x00, 0x00, 0x00, 0x49, 0x00, 0x00, 0x49, 0x49, 0x00, 0x49, 0x49,
    0x00, 0x00, 0x00, 0x49, 0x49, 0x49, 0x00, 0x00, 0x49, 0x00, 0x49, 0x00, 0x00, 0x49, 0x00, 0x49,
    0x49, 0x00, 0x49, 0x49, 0x00, 0x49, 0x00, 0x00, 0x00, 0x00, 0x49, 0x00, 0x00, 0x00, 0x49, 0x00,
    0x00, 0x49, 0x00, 0x00, 0x00, 0x49, 0x49, 0x49, 0x00, 0x00, 0x49, 0x49, 0x00, 0x00, 0x49, 0x00,
    0x00, 0x49, 0x49, 0x00, 0x49, 0x49, 0x00, 0x49, 0x00, 0x49, 0x00, 0x49, 0x00, 0x00, 0x49, 0x49,
    0x00, 0x00, 0x00, 0x49, 0x00, 0x49, 0x00, 0x49, 0x49, 0x49, 0x49, 0x00, 0x00, 0x49, 0x00, 0x49,
    0x49, 0x00, 0x00, 0x00, 0x00, 0x00, 0x49, 0x49, 0x49, 0x00, 0x49, 0x00, 0x00, 0x00, 0x49, 0x00,
    0x49, 0x49, 0x49, 0x49, 0x00, 0x49, 0x49, 0x00, 0x00, 0x00, 0x49, 0x49, 0x00, 0x00, 0x00, 0x49,
    0x49, 0x49, 0x00, 0x00, 0x49, 0x00, 0x49, 0x49, 0x00, 0x49, 0x00, 0x49, 0x49, 0x00, 0x49, 0x49,
    0x00, 0x49, 0x00, 0x00, 0x00, 0x49, 0x00, 0x00, 0x00, 0x00, 0x49, 0x00, 0x00, 0x49, 0x00, 0x00,
    0x00, 0x49, 0x49, 0x00, 0x00, 0x49, 0x49, 0x49, 0x00, 0x00, 0x49, 0x00, 0x00, 0x49, 0x49, 0x00,
    0x49, 0x00, 0x49, 0x00, 0x49, 0x49, 0x00, 0x49, 0x00, 0x00, 0x49, 0x00, 0x49, 0x00, 0x00, 0x00,
    0x00, 0x00, 0x00, 0x49, 0x00, 0x00, 0x00, 0x49, 0x00, 0x00, 0x00, 0x00, 0x49, 0x49, 0x49, 0x49,
    0x49, 0x00, 0x00, 0x49, 0x49, 0x00, 0x00, 0x49, 0x49, 0x49, 0x00, 0x49, 0x49, 0x49, 0x49, 0x00,
    0x49, 0x00, 0x49, 0x00, 0x49, 0x00, 0x49, 0x50, 0x00, 0x00, 0x50, 0x50, 0x50, 0x00, 0x00, 0x00,
    0x00, 0x00, 0x00, 0x00, 0x00, 0x50, 0x00, 0x50, 0x00, 0x50, 0x50, 0x00, 0x50, 0x50, 0x50, 0x50,
    0x50, 0x50, 0x50, 0x00, 0x00, 0x00, 0x00, 0x00, 0x50, 0x00, 0x00, 0x50, 0x50, 0x50, 0x50, 0x50,
    0x50, 0x00, 0x50, 0x50, 0x50, 0x50, 0x00, 0x00, 0x50, 0x50, 0x50, 0x50, 0x50, 0x00, 0x50, 0x00,
    0x50, 0x50, 0x50, 0x00, 0x00, 0x50, 0x00, 0x50, 0x50, 0x50, 0x50, 0x00, 0x00, 0x00, 0x00, 0x50,
    0x50, 0x00, 0x50, 0x00, 0x00, 0x00, 0x50, 0x50, 0x50, 0x00, 0x50, 0x50, 0x50, 0x00, 0x50, 0x00,
    0x00, 0x00, 0x50, 0x50, 0x00, 0x50, 0x50, 0x00, 0x00, 0x50, 0x50, 0x00, 0x00, 0x00, 0x50, 0x50,
    0x00, 0x50, 0x00, 0x00, 0x50, 0x00, 0x50, 0x00, 0x50, 0x00, 0x50, 0x50, 0x00, 0x50, 0x00, 0x00,
    0x00, 0x50, 0x00, 0x00, 0x00, 0x00, 0x00, 0x00, 0x00, 0x50, 0x00, 0x00, 0x00, 0x50, 0x50, 0x00,
    0x00, 0x50, 0x50, 0x50, 0x50, 0x50, 0x50, 0x00, 0x00, 0x50, 0x50, 0x00, 0x50, 0x00, 0x50, 0x00,
    0x50, 0x50, 0x50, 0x50, 0x50, 0x00, 0x50, 0x00, 0x50, 0x00, 0x00, 0x00, 0x00, 0x00, 0x00, 0x50,
    0x50, 0x50, 0x50, 0x00, 0x00, 0x00, 0x00, 0x00, 0x50, 0x50, 0x50, 0x50, 0x50, 0x00, 0x50, 0x50,
    0x50, 0x00, 0x50, 0x50, 0x50, 0x50, 0x00, 0x50, 0x50, 0x50, 0x50, 0x00, 0x00, 0x50, 0x50, 0x00,
    0x00, 0x50, 0x50, 0x50, 0x00, 0x00, 0x50, 0x50, 0x50, 0x00, 0x50, 0x00, 0x50, 0x00, 0x50, 0x00,
    0x50, 0x50, 0x00, 0x50, 0x00, 0x50, 0x50, 0x00, 0x00, 0x00, 0x00, 0x00, 0x00, 0x00, 0x00, 0x50,
    0x00, 0x00, 0x00, 0x00, 0x57, 0x00, 0x57, 0x57, 0x57, 0x57, 0x57, 0x57, 0x57, 0x00, 0x00, 0x57,
    0x57, 0x57, 0x57, 0x00, 0x00, 0x00, 0x57, 0x00, 0x00, 0x00, 0x57, 0x00, 0x00, 0x00, 0x00, 0x57,
    0x57, 0x00, 0x57, 0x57, 0x00, 0x00, 0x57, 0x57, 0x00, 0x00, 0x57, 0x57, 0x57, 0x00, 0x57, 0x00,
    0x00, 0x57, 0x00, 0x57, 0x00, 0x57, 0x00, 0x57, 0x00, 0x57, 0x57, 0x00, 0x00, 0x00, 0x57, 0x00,
    0x00, 0x00, 0x00, 0x00, 0x00, 0x00, 0x00, 0x00, 0x57, 0x00, 0x57, 0x57, 0x00, 0x00, 0x57, 0x57,
    0x57, 0x57, 0x57, 0x57, 0x57, 0x57, 0x00, 0x00, 0x00, 0x57, 0x00, 0x57, 0x00, 0x57, 0x57, 0x57,
    0x57, 0x57, 0x57, 0x57, 0x00, 0x57, 0x57, 0x00, 0x00, 0x00, 0x00, 0x00, 0x57, 0x57, 0x57, 0x57,
    0x57, 0x57, 0x00, 0x00, 0x57, 0x00, 0x57, 0x57, 0x57, 0x57, 0x00, 0x57, 0x57, 0x57, 0x57, 0x57,
    0x00, 0x57, 0x00, 0x00, 0x00, 0x57, 0x57, 0x57, 0x00, 0x00, 0x57, 0x57, 0x57, 0x57, 0x00, 0x00,
    0x00, 0x57, 0x57, 0x00, 0x57, 0x57, 0x00, 0x57, 0x00, 0x57, 0x57, 0x57, 0x00, 0x57, 0x57, 0x00,
    0x57, 0x00, 0x00, 0x57, 0x00, 0x00, 0x00, 0x00, 0x57, 0x57, 0x00, 0x00, 0x57, 0x00, 0x00, 0x00,
    0x57, 0x00, 0x00, 0x57, 0x57, 0x57, 0x00, 0x57, 0x00, 0x57, 0x00, 0x00, 0x57, 0x57, 0x00, 0x00,
    0x57, 0x00, 0x57, 0x57, 0x00, 0x00, 0x00, 0x00, 0x00, 0x57, 0x00, 0x57, 0x00, 0x57, 0x00, 0x00,
    0x00, 0x57, 0x00, 0x57, 0x57, 0x57, 0x57, 0x00, 0x00, 0x00, 0x57, 0x57, 0x57, 0x00, 0x57, 0x00,
    0x57, 0x57, 0x00, 0x57, 0x57, 0x57, 0x57, 0x00, 0x00, 0x57, 0x5D, 0x00, 0x00, 0x00, 0x00, 0x5D,
    0x00, 0x00, 0x5D, 0x5D, 0x5D, 0x00, 0x5D, 0x00, 0x5D, 0x00, 0x5D, 0x5D, 0x5D, 0x00, 0x00, 0x5D,
    0x00, 0x5D, 0x5D, 0x00, 0x00, 0x00, 0x00, 0x00, 0x00, 0x5D, 0x5D, 0x00, 0x5D, 0x00, 0x00, 0x00,
    0x5D, 0x00, 0x5D, 0x5D, 0x5D, 0x5D, 0x5D, 0x00, 0x5D, 0x00, 0x00, 0x00, 0x5D, 0x5D, 0x00, 0x00,
    0x00, 0x5D, 0x5D, 0x5D, 0x5D, 0x00, 0x00, 0x00, 0x5D, 0x5D, 0x00, 0x5D, 0x00, 0x5D, 0x5D, 0x00,
    0x5D, 0x5D, 0x5D, 0x00, 0x5D, 0x5D, 0x00, 0x5D, 0x00, 0x00, 0x00, 0x00, 0x5D, 0x00, 0x00, 0x5D,
    0x5D, 0x00, 0x00, 0x5D, 0x00, 0x00, 0x00, 0x5D, 0x5D, 0x5D, 0x00, 0x00, 0x5D, 0x00, 0x5D, 0x00,
    0x5D, 0x00, 0x00, 0x5D, 0x5D, 0x00, 0x5D, 0x5D, 0x00, 0x5D, 0x00, 0x00, 0x00, 0x00, 0x00, 0x00,
    0x5D, 0x00, 0x5D, 0x00, 0x00, 0x5D, 0x00, 0x00, 0x00, 0x5D, 0x5D, 0x5D, 0x5D, 0x5D, 0x00, 0x00,
    0x00, 0x00, 0x5D, 0x00, 0x00, 0x5D, 0x5D, 0x00, 0x5D, 0x5D, 0x5D, 0x5D, 0x00, 0x5D, 0x5D, 0x5D,
    0x00, 0x00, 0x5D, 0x00, 0x5D, 0x00, 0x00, 0x5D, 0x5D, 0x5D, 0x00, 0x00, 0x5D, 0x5D, 0x00, 0x5D,
    0x00, 0x00, 0x00, 0x00, 0x5D, 0x00, 0x5D, 0x5D, 0x00, 0x5D, 0x00, 0x5D, 0x00, 0x00, 0x00, 0x5D,
    0x5D, 0x5D, 0x00, 0x5D, 0x5D, 0x5D, 0x5D, 0x00, 0x5D, 0x00, 0x00, 0x5D, 0x00, 0x00, 0x00, 0x00,
    0x00, 0x00, 0x5D, 0x5D, 0x5D, 0x00, 0x00, 0x00, 0x5D, 0x00, 0x00, 0x5D, 0x5D, 0x5D, 0x5D, 0x5D,
    0x00, 0x5D, 0x5D, 0x00, 0x5D, 0x5D, 0x00, 0x00, 0x5D, 0x00, 0x5D, 0x5D, 0x5D, 0x5D, 0x00, 0x00,
    0x5D, 0x00, 0x00, 0x64, 0x00, 0x64, 0x00, 0x00, 0x00, 0x64, 0x64, 0x64, 0x00, 0x64, 0x00, 0x00,
    0x64, 0x00, 0x00, 0x00, 0x00, 0x64, 0x64, 0x00, 0x64, 0x64, 0x00, 0x00, 0x00, 0x64, 0x00, 0x00,
    0x64, 0x64, 0x64, 0x00, 0x64, 0x00, 0x00, 0x64, 0x00, 0x64, 0x64, 0x00, 0x00, 0x64, 0x00, 0x64,
    0x64, 0x00, 0x00, 0x00, 0x64, 0x00, 0x00, 0x00, 0x64, 0x00, 0x64, 0x00, 0x00, 0x00, 0x64, 0x00,
    0x64, 0x64, 0x00, 0x00, 0x64, 0x64, 0x00, 0x00, 0x00, 0x00, 0x64, 0x64, 0x00, 0x00, 0x00, 0x64,
    0x00, 0x64, 0x00, 0x64, 0x00, 0x64, 0x64, 0x64, 0x00, 0x64, 0x00, 0x64, 0x64, 0x00, 0x00, 0x00,
    0x00, 0x00, 0x00, 0x00, 0x64, 0x64, 0x00, 0x00, 0x00, 0x00, 0x64, 0x00, 0x64, 0x64, 0x64, 0x64,
    0x64, 0x64, 0x00, 0x64, 0x00, 0x64, 0x64, 0x64, 0x00, 0x00, 0x00, 0x64, 0x64, 0x64, 0x64, 0x64,
    0x00, 0x00, 0x00, 0x00, 0x64, 0x64, 0x00, 0x64, 0x64, 0x00, 0x64, 0x64, 0x64, 0x64, 0x00, 0x64,
    0x64, 0x64, 0x00, 0x64, 0x00, 0x00, 0x64, 0x00, 0x00, 0x64, 0x64, 0x64, 0x00, 0x64, 0x00, 0x00,
    0x64, 0x00, 0x00, 0x64, 0x00, 0x00, 0x64, 0x64, 0x00, 0x00, 0x00, 0x00, 0x00, 0x64, 0x00, 0x00,
    0x64, 0x00, 0x00, 0x64, 0x00, 0x64, 0x00, 0x64, 0x64, 0x64, 0x64, 0x00, 0x00, 0x64, 0x00, 0x00,
    0x64, 0x00, 0x00, 0x00, 0x00, 0x00, 0x64, 0x64, 0x64, 0x00, 0x64, 0x00, 0x00, 0x64, 0x00, 0x00,
    0x64, 0x64, 0x64, 0x64, 0x00, 0x64, 0x64, 0x00, 0x00, 0x00, 0x64, 0x00, 0x00, 0x64, 0x00, 0x64,
    0x64, 0x64, 0x00, 0x00, 0x64, 0x00, 0x64, 0x64, 0x00, 0x00, 0x64, 0x00, 0x00, 0x00, 0x64, 0x64,
    0x00, 0x64, 0x00, 0x00, 0x00, 0x64, 0x00, 0x64, 0x00, 0x00, 0x64, 0x64, 0x00, 0x64, 0x00, 0x00,
    0x00, 0x64, 0x64, 0x00, 0x00, 0x00, 0x00, 0x64, 0x00, 0x64, 0x00, 0x00, 0x00, 0x64, 0x64, 0x00,
    0x64, 0x00, 0x64, 0x64, 0x64, 0x00, 0x00, 0x00, 0x00, 0x64, 0x64, 0x00, 0x64, 0x00, 0x00, 0x00,
    0x00, 0x64, 0x64, 0x00, 0x64, 0x64, 0x64, 0x00, 0x5D, 0x00, 0x00, 0x00, 0x5D, 0x5D, 0x5D, 0x00,
    0x5D, 0x00, 0x00, 0x5D, 0x5D, 0x00, 0x00, 0x00, 0x5D, 0x5D, 0x00, 0x5D, 0x5D, 0x00, 0x00, 0x00,
    0x5D, 0x00, 0x5D, 0x00, 0x5D, 0x5D, 0x00, 0x5D, 0x00, 0x00, 0x5D, 0x00, 0x5D, 0x5D, 0x00, 0x00,
    0x00, 0x00, 0x00, 0x5D, 0x00, 0x00, 0x00, 0x5D, 0x00, 0x00, 0x00, 0x5D, 0x00, 0x5D, 0x5D, 0x5D,
    0x5D, 0x00, 0x00, 0x57, 0x57, 0x00, 0x00, 0x00, 0x00, 0x00, 0x57, 0x57, 0x00, 0x00, 0x57, 0x00,
    0x57, 0x57, 0x00, 0x00, 0x00, 0x57, 0x57, 0x57, 0x00, 0x57, 0x00, 0x57, 0x00, 0x00, 0x00, 0x57,
    0x00, 0x57, 0x57, 0x00, 0x57, 0x57, 0x00, 0x00, 0x00, 0x00, 0x00, 0x57, 0x57, 0x00, 0x00, 0x00,
    0x57, 0x00, 0x00, 0x57, 0x00, 0x57, 0x57, 0x57, 0x57, 0x00, 0x57, 0x00, 0x50, 0x50, 0x00, 0x00,
    0x50, 0x00, 0x00, 0x00, 0x50, 0x50, 0x50, 0x00, 0x00, 0x00, 0x00, 0x50, 0x00, 0x50, 0x00, 0x00,
    0x50, 0x50, 0x00, 0x50, 0x50, 0x00, 0x50, 0x50, 0x50, 0x00, 0x00, 0x00, 0x00, 0x50, 0x00, 0x50,
    0x00, 0x00, 0x50, 0x00, 0x00, 0x50, 0x50, 0x00, 0x50, 0x50, 0x50, 0x00, 0x00, 0x00, 0x00, 0x50,
    0x00, 0x00, 0x50, 0x00, 0x50, 0x00, 0x00, 0x64, 0x64, 0x00, 0x64, 0x64, 0x64, 0x00, 0x00, 0x64,
    0x00, 0x00, 0x00, 0x00, 0x64, 0x00, 0x64, 0x00, 0x00, 0x64, 0x64, 0x00, 0x64, 0x00, 0x00, 0x64,
    0x64, 0x64, 0x00, 0x00, 0x00, 0x00, 0x64, 0x00, 0x64, 0x00, 0x00, 0x00, 0x64, 0x00, 0x64, 0x64,
    0x00, 0x64, 0x64, 0x64, 0x00, 0x00, 0x00, 0x00, 0x64, 0x64, 0x00, 0x00, 0x00, 0x64, 0x00, 0x00,
    0x64, 0x64, 0x00, 0x64, 0x64, 0x64, 0x00, 0x64, 0x00, 0x64, 0x64, 0x00, 0x00, 0x64, 0x00, 0x64,
    0x00, 0x00, 0x64, 0x64, 0x00, 0x00, 0x00, 0x00, 0x64, 0x00, 0x64, 0x00, 0x00, 0x00, 0x00, 0x64,
    0x00, 0x64, 0x00, 0x64, 0x64, 0x64, 0x64, 0x00, 0x00, 0x00, 0x00, 0x00, 0x00, 0x00, 0x00, 0x00,
    0x00, 0x00, 0x64, 0x64, 0x64, 0x00, 0x64, 0x64, 0x64, 0x64, 0x64, 0x5D, 0x5D, 0x5D, 0x5D, 0x5D,
    0x00, 0x5D, 0x5D, 0x00, 0x00, 0x5D, 0x5D, 0x5D, 0x5D, 0x5D, 0x5D, 0x5D, 0x5D, 0x5D, 0x00, 0x00,
    0x5D, 0x00, 0x5D, 0x00, 0x5D, 0x5D, 0x5D, 0x5D, 0x5D, 0x5D, 0x5D, 0x5D, 0x00, 0x5D, 0x00, 0x00,
    0x00, 0x00, 0x00, 0x5D, 0x5D, 0x5D, 0x5D, 0x5D, 0x5D, 0x5D, 0x00, 0x00, 0x00, 0x5D, 0x5D, 0x5D,
    0x5D, 0x00, 0x5D, 0x5D, 0x5D, 0x5D, 0x5D, 0x5D, 0x00, 0x5D, 0x5D, 0x00, 0x5D, 0x5D, 0x5D, 0x00,
    0x00, 0x5D, 0x5D, 0x5D, 0x5D, 0x5D, 0x00, 0x00, 0x5D, 0x00, 0x00, 0x5D, 0x5D, 0x00, 0x5D, 0x00,
    0x5D, 0x5D, 0x5D, 0x5D, 0x00, 0x5D, 0x00, 0x00, 0x5D, 0x00, 0x5D, 0x00, 0x00, 0x00, 0x00, 0x5D,
    0x5D, 0x5D, 0x00, 0x00, 0x00, 0x5D, 0x00, 0x00, 0x00, 0x00, 0x5D, 0x5D, 0x5D, 0x00, 0x5D, 0x64,
    0x00, 0x64, 0x64, 0x00, 0x00, 0x64, 0x64, 0x64, 0x00, 0x64, 0x64, 0x00, 0x00, 0x64, 0x00, 0x00,
    0x64, 0x00, 0x64, 0x00, 0x64, 0x64, 0x00, 0x00, 0x64, 0x00, 0x64, 0x00, 0x00, 0x64, 0x00, 0x00,
    0x00, 0x00, 0x00, 0x64, 0x00, 0x64, 0x00, 0x00, 0x00, 0x00, 0x64, 0x00, 0x00, 0x64, 0x64, 0x64,
    0x64, 0x00, 0x00, 0x00, 0x00, 0x64, 0x64, 0x64, 0x64, 0x00, 0x64, 0x00, 0x64, 0x00, 0x00, 0x00,
    0x64, 0x64, 0x64, 0x64, 0x00, 0x00, 0x00, 0x00, 0x00, 0x00, 0x00, 0x00, 0x64, 0x64, 0x00, 0x64,
    0x64, 0x64, 0x00, 0x64, 0x64, 0x64, 0x64, 0x64, 0x64, 0x64, 0x00, 0x64, 0x00, 0x00, 0x64, 0x64,
    0x00, 0x00, 0x64, 0x64, 0x64, 0x64, 0x64, 0x64, 0x00, 0x00, 0x00, 0x64, 0x00, 0x64, 0x00, 0x64,
    0x00, 0x64, 0x64, 0x64, 0x64, 0x64, 0x00, 0x64, 0x64, 0x00, 0x00, 0x00, 0x00, 0x00, 0x00, 0x00,
    0x64, 0x64, 0x64, 0x64, 0x00, 0x00, 0x64, 0x00, 0x64, 0x64, 0x64, 0x64, 0x64, 0x64, 0x00, 0x64,
    0x64, 0x64, 0x00, 0x64, 0x00, 0x00, 0x00, 0x64, 0x64, 0x64, 0x64, 0x64, 0x00, 0x00, 0x64, 0x64,
    0x00, 0x00, 0x00, 0x64, 0x64, 0x00, 0x64, 0x64, 0x64, 0x64, 0x00, 0x64, 0x00, 0x64, 0x00, 0x5D,
    0x5D, 0x00, 0x5D, 0x00, 0x00, 0x5D, 0x5D, 0x5D, 0x00, 0x00, 0x00, 0x00, 0x00, 0x00, 0x5D, 0x00,
    0x00, 0x00, 0x5D, 0x00, 0x5D, 0x5D, 0x00, 0x5D, 0x5D, 0x5D, 0x5D, 0x5D, 0x00, 0x00, 0x5D, 0x5D,
    0x00, 0x00, 0x00, 0x5D, 0x00, 0x00, 0x5D, 0x5D, 0x5D, 0x5D, 0x00, 0x5D, 0x00, 0x5D, 0x00, 0x5D,
    0x5D, 0x00, 0x00, 0x5D, 0x00, 0x5D, 0x5D, 0x5D, 0x00, 0x00, 0x00, 0x00, 0x00, 0x00, 0x64, 0x00,
    0x64, 0x00, 0x00, 0x00, 0x64, 0x64, 0x00, 0x64, 0x64, 0x64, 0x64, 0x64, 0x00, 0x00, 0x00, 0x00,
    0x64, 0x00, 0x00, 0x00, 0x00, 0x64, 0x64, 0x00, 0x64, 0x00, 0x64, 0x64, 0x00, 0x64, 0x00, 0x64,
    0x64, 0x64, 0x64, 0x00, 0x64, 0x00, 0x00, 0x00, 0x00, 0x64, 0x00, 0x00, 0x00, 0x00, 0x64, 0x64,
    0x64, 0x00, 0x00, 0x00, 0x64, 0x64, 0x64, 0x00, 0x00, 0x64, 0x64, 0x64, 0x00, 0x64, 0x64, 0x00,
    0x64, 0x64, 0x00, 0x64, 0x64, 0x00, 0x64, 0x00, 0x64, 0x64, 0x00, 0x00, 0x64, 0x00, 0x00, 0x64,
    0x00, 0x00, 0x64, 0x00, 0x00, 0x00, 0x00, 0x64, 0x00, 0x64, 0x00, 0x00, 0x64, 0x00, 0x00, 0x64,
    0x00, 0x00, 0x64, 0x64, 0x64, 0x00, 0x00, 0x00, 0x00, 0x64, 0x00, 0x00, 0x64, 0x00, 0x00, 0x64,
    0x00, 0x64, 0x64, 0x00, 0x64, 0x64, 0x64, 0x00, 0x00, 0x64, 0x00, 0x00, 0x64, 0x00, 0x00, 0x00,
    0x64, 0x00, 0x00, 0x64, 0x64, 0x00, 0x64, 0x00, 0x00, 0x64, 0x00, 0x00, 0x64, 0x64, 0x00, 0x00,
    0x64, 0x00, 0x64, 0x00, 0x00, 0x00, 0x64, 0x00, 0x00, 0x64, 0x00, 0x64, 0x00, 0x64, 0x00, 0x00,
    0x00, 0x00, 0x64, 0x64, 0x00, 0x00, 0x64, 0x00, 0x00, 0x00, 0x00, 0x00, 0x00, 0x5D, 0x5D, 0x5D,
    0x00, 0x5D, 0x00, 0x5D, 0x00, 0x00, 0x5D, 0x5D, 0x5D, 0x5D, 0x5D, 0x00, 0x5D, 0x5D, 0x00, 0x00,
    0x00, 0x00, 0x00, 0x5D, 0x00, 0x5D, 0x5D, 0x5D, 0x5D, 0x00, 0x00, 0x5D, 0x00, 0x5D, 0x5D, 0x5D,
    0x5D, 0x00, 0x00, 0x00, 0x5D, 0x5D, 0x5D, 0x00, 0x5D, 0x00, 0x5D, 0x00, 0x00, 0x5D, 0x00, 0x5D,
    0x5D, 0x00, 0x00, 0x64, 0x64, 0x64, 0x00, 0x00, 0x00, 0x00, 0x64, 0x00, 0x00, 0x00, 0x64, 0x00,
    0x64, 0x00, 0x64, 0x64, 0x00, 0x64, 0x64, 0x64, 0x00, 0x00, 0x64, 0x64, 0x00, 0x00, 0x00, 0x00,
    0x00, 0x64, 0x00, 0x00, 0x64, 0x64, 0x00, 0x64, 0x00, 0x64, 0x00, 0x64, 0x64, 0x64, 0x64, 0x00,
    0x00, 0x64, 0x00, 0x64, 0x00, 0x00, 0x00, 0x00, 0x00, 0x00, 0x64, 0x64, 0x64, 0x00, 0x64, 0x00,
    0x00, 0x00, 0x00, 0x64, 0x64, 0x64, 0x64, 0x64, 0x00, 0x64, 0x64, 0x00, 0x00, 0x00, 0x64, 0x64,
    0x64, 0x00, 0x64, 0x64, 0x64, 0x64, 0x00, 0x00, 0x64, 0x00, 0x64, 0x64, 0x00, 0x64, 0x64, 0x00,
    0x00, 0x64, 0x64, 0x64, 0x00, 0x64, 0x00, 0x00, 0x00, 0x64, 0x00, 0x00, 0x64, 0x00, 0x64, 0x00,
    0x64, 0x64, 0x00, 0x00, 0x00, 0x64, 0x64, 0x00, 0x00, 0x64, 0x00, 0x00, 0x00, 0x00, 0x00, 0x64,
    0x00, 0x64, 0x64, 0x00, 0x64, 0x00, 0x64, 0x00, 0x00, 0x64, 0x64, 0x64, 0x64, 0x00, 0x00, 0x00,
    0x64, 0x00, 0x00, 0x00, 0x00, 0x00, 0x64, 0x00, 0x64, 0x64, 0x64, 0x00, 0x64, 0x64, 0x00, 0x00,
    0x64, 0x64, 0x64, 0x64, 0x00, 0x00, 0x00, 0x64, 0x64, 0x00, 0x00, 0x64, 0x00, 0x64, 0x00, 0x64,
    0x64, 0x5D, 0x00, 0x5D, 0x5D, 0x00, 0x5D, 0x00, 0x5D, 0x00, 0x00, 0x00, 0x00, 0x00, 0x5D, 0x5D,
    0x00, 0x00, 0x5D, 0x00, 0x00, 0x5D, 0x5D, 0x00, 0x00, 0x5D, 0x00, 0x00, 0x5D, 0x00, 0x00, 0x00,
    0x5D, 0x5D, 0x5D, 0x00, 0x5D, 0x00, 0x5D, 0x00, 0x00, 0x5D, 0x00, 0x00, 0x5D, 0x5D, 0x00, 0x5D,
    0x5D, 0x00, 0x00, 0x00, 0x00, 0x00, 0x5D, 0x00, 0x00, 0x5D, 0x00, 0x64, 0x00, 0x00, 0x64, 0x00,
    0x64, 0x64, 0x64, 0x64, 0x00, 0x00, 0x64, 0x00, 0x00, 0x00, 0x00, 0x64, 0x00, 0x00, 0x00, 0x64,
    0x64, 0x64, 0x00, 0x64, 0x00, 0x00, 0x64, 0x64, 0x64, 0x00, 0x00, 0x64, 0x64, 0x00, 0x64, 0x64,
    0x00, 0x00, 0x00, 0x64, 0x00, 0x64, 0x64, 0x00, 0x64, 0x00, 0x64, 0x00, 0x00, 0x64, 0x00, 0x64,
    0x64, 0x00, 0x00, 0x00, 0x64, 0x00, 0x00, 0x00, 0x00, 0x00, 0x64, 0x00, 0x00, 0x00, 0x64, 0x00,
    0x64, 0x64, 0x00, 0x00, 0x64, 0x64, 0x64, 0x64, 0x00, 0x00, 0x64, 0x64, 0x00, 0x00, 0x00, 0x64,
    0x00, 0x64, 0x00, 0x64, 0x64, 0x64, 0x00, 0x64, 0x00, 0x64, 0x00, 0x64, 0x64, 0x00, 0x00, 0x00,
    0x00, 0x00, 0x64, 0x64, 0x00, 0x00, 0x00, 0x00, 0x00, 0x00, 0x64, 0x00, 0x64, 0x64, 0x64, 0x64,
    0x00, 0x64, 0x00, 0x64, 0x64, 0x64, 0x64, 0x64, 0x00, 0x00, 0x00, 0x64, 0x64, 0x64, 0x00, 0x00,
    0x00, 0x00, 0x64, 0x64, 0x64, 0x64, 0x00, 0x64, 0x64, 0x00, 0x64, 0x64, 0x00, 0x64, 0x64, 0x64,
    0x00, 0x64, 0x64, 0x64, 0x00, 0x00, 0x64, 0x00, 0x00, 0x64, 0x00, 0x00, 0x64, 0x00, 0x64, 0x64,
    0x00, 0x64, 0x00, 0x64, 0x64, 0x64, 0x64, 0x64, 0x64, 0x00, 0x00, 0x5D, 0x00, 0x5D, 0x00, 0x00,
    0x00, 0x00, 0x5D, 0x5D, 0x5D, 0x5D, 0x5D, 0x00, 0x5D, 0x00, 0x00, 0x00, 0x00, 0x5D, 0x5D, 0x5D,
    0x00, 0x5D, 0x5D, 0x5D, 0x5D, 0x00, 0x00, 0x00, 0x5D, 0x5D, 0x5D, 0x00, 0x5D, 0x5D, 0x00, 0x00,
    0x5D, 0x5D, 0x5D, 0x00, 0x5D, 0x5D, 0x00, 0x5D, 0x5D, 0x00, 0x00, 0x5D, 0x00, 0x5D, 0x00, 0x5D,
    0x5D, 0x00, 0x00, 0x5D, 0x00, 0x00, 0x64, 0x00, 0x64, 0x00, 0x00, 0x00, 0x00, 0x00, 0x64, 0x00,
    0x64, 0x00, 0x00, 0x64, 0x00, 0x00, 0x00, 0x00, 0x64, 0x64, 0x64, 0x64, 0x00, 0x00, 0x00, 0x00,
    0x64, 0x00, 0x00, 0x64, 0x64, 0x64, 0x00, 0x64, 0x64, 0x64, 0x00, 0x64, 0x64, 0x64, 0x00, 0x00,
    0x64, 0x00, 0x64, 0x64, 0x00, 0x00, 0x64, 0x64, 0x00, 0x00, 0x64, 0x64, 0x00, 0x64, 0x00, 0x00,
    0x00, 0x64, 0x00, 0x64, 0x00, 0x64, 0x00, 0x64, 0x00, 0x64, 0x00, 0x00, 0x00, 0x64, 0x64, 0x00,
    0x00, 0x00, 0x00, 0x00, 0x00, 0x00, 0x00, 0x00, 0x00, 0x64, 0x64, 0x00, 0x64, 0x00, 0x64, 0x64,
    0x64, 0x64, 0x64, 0x64, 0x64, 0x64, 0x64, 0x00, 0x64, 0x00, 0x00, 0x00, 0x00, 0x64, 0x64, 0x64,
    0x64, 0x64, 0x64, 0x64, 0x64, 0x00, 0x00, 0x00, 0x64, 0x64, 0x64, 0x00, 0x64, 0x64, 0x64, 0x64,
    0x64, 0x64, 0x64, 0x00, 0x64, 0x64, 0x00, 0x00, 0x64, 0x64, 0x64, 0x64, 0x00, 0x00, 0x64, 0x64,
    0x00, 0x64, 0x00, 0x00, 0x64, 0x64, 0x00, 0x64, 0x64, 0x64, 0x00, 0x64, 0x00, 0x64, 0x00, 0x00,
    0x00, 0x64, 0x00, 0x64, 0x00, 0x00, 0x64, 0x64, 0x00, 0x00, 0x00, 0x00, 0x00, 0x64, 0x64, 0x00,
    0x00, 0x00, 0x00, 0x5D, 0x00, 0x5D, 0x00, 0x5D, 0x5D, 0x5D, 0x5D, 0x00, 0x5D, 0x00, 0x5D, 0x5D,
    0x5D, 0x00, 0x00, 0x00, 0x00, 0x00, 0x5D, 0x5D, 0x5D, 0x00, 0x00, 0x00, 0x00, 0x5D, 0x5D, 0x00,
    0x5D, 0x5D, 0x5D, 0x5D, 0x00, 0x5D, 0x5D, 0x00, 0x5D, 0x5D, 0x5D, 0x00, 0x5D, 0x00, 0x00, 0x5D,
    0x5D, 0x5D, 0x00, 0x00, 0x5D, 0x00, 0x00, 0x5D, 0x5D, 0x00, 0x00, 0x00, 0x5D, 0x00, 0x64, 0x64,
    0x00, 0x64, 0x00, 0x00, 0x64, 0x00, 0x64, 0x00, 0x64, 0x64, 0x00, 0x00, 0x00, 0x64, 0x00, 0x00,
    0x00, 0x64, 0x00, 0x00, 0x00, 0x00, 0x00, 0x64, 0x00, 0x64, 0x64, 0x00, 0x00, 0x64, 0x64, 0x00,
    0x00, 0x64, 0x64, 0x64, 0x64, 0x00, 0x00, 0x00, 0x64, 0x00, 0x64, 0x00, 0x64, 0x00, 0x64, 0x00,
    0x64, 0x64, 0x64, 0x00, 0x64, 0x64, 0x00, 0x00, 0x00, 0x00, 0x00, 0x00, 0x00, 0x00, 0x00, 0x64,
    0x64, 0x00, 0x00, 0x64, 0x00, 0x64, 0x64, 0x64, 0x64, 0x64, 0x64, 0x64, 0x64, 0x00, 0x64, 0x00,
    0x64, 0x00, 0x00, 0x00, 0x64, 0x64, 0x64, 0x64, 0x64, 0x64, 0x64, 0x00, 0x00, 0x00, 0x00, 0x00,
    0x64, 0x64, 0x00, 0x00, 0x64, 0x64, 0x00, 0x64, 0x64, 0x00, 0x00, 0x64, 0x64, 0x64, 0x00, 0x64,
    0x00, 0x64, 0x00, 0x64, 0x00, 0x00, 0x64, 0x00, 0x64, 0x00, 0x64, 0x64, 0x00, 0x00, 0x00, 0x00,
    0x00, 0x00, 0x00, 0x64, 0x00, 0x00, 0x00, 0x00, 0x00, 0x64, 0x00, 0x64, 0x64, 0x64, 0x64, 0x64,
    0x64, 0x00, 0x00, 0x64, 0x64, 0x64, 0x64, 0x00, 0x00, 0x00, 0x64, 0x64, 0x64, 0x64, 0x64, 0x00,
    0x64, 0x00, 0x64, 0x64, 0x64, 0x00, 0x64, 0x64, 0x00, 0x64, 0x64, 0x64, 0x64, 0x00, 0x00, 0x00,
    0x00, 0x5D, 0x5D, 0x00, 0x00, 0x5D, 0x00, 0x00, 0x5D, 0x5D, 0x5D, 0x00, 0x5D, 0x5D, 0x5D, 0x00,
    0x5D, 0x00, 0x5D, 0x00, 0x00, 0x5D, 0x00, 0x5D, 0x5D, 0x00, 0x00, 0x5D, 0x5D, 0x00, 0x00, 0x00,
    0x00, 0x00, 0x5D, 0x00, 0x00, 0x00, 0x5D, 0x00, 0x5D, 0x00, 0x5D, 0x00, 0x5D, 0x5D, 0x5D, 0x5D,
    0x00, 0x00, 0x5D, 0x5D, 0x00, 0x00, 0x00, 0x00, 0x00, 0x00, 0x00, 0x64, 0x64, 0x64, 0x00, 0x64,
    0x00, 0x64, 0x00, 0x64, 0x64, 0x64, 0x64, 0x64, 0x64, 0x00, 0x64, 0x64, 0x00, 0x00, 0x00, 0x00,
    0x00, 0x00, 0x64, 0x64, 0x64, 0x64, 0x64, 0x00, 0x00, 0x64, 0x00, 0x64, 0x64, 0x64, 0x64, 0x64,
    0x00, 0x64, 0x64, 0x64, 0x64, 0x00, 0x64, 0x00, 0x00, 0x00, 0x64, 0x64, 0x64, 0x64, 0x00, 0x00,
    0x64, 0x64, 0x64, 0x00, 0x00, 0x00, 0x64, 0x64, 0x64, 0x00, 0x00, 0x00, 0x64, 0x00, 0x00, 0x00,
    0x64, 0x64, 0x64, 0x00, 0x64, 0x00, 0x64, 0x00, 0x64, 0x64, 0x00, 0x00, 0x64, 0x64, 0x00, 0x64,
    0x64, 0x00, 0x00, 0x00, 0x00, 0x00, 0x00, 0x64, 0x00, 0x64, 0x00, 0x64, 0x00, 0x00, 0x64, 0x00,
    0x64, 0x64, 0x64, 0x64, 0x64, 0x00, 0x00, 0x00, 0x00, 0x00, 0x00, 0x64, 0x00, 0x00, 0x00, 0x64,
    0x64, 0x64, 0x64, 0x00, 0x64, 0x64, 0x64, 0x64, 0x64, 0x00, 0x00, 0x64, 0x64, 0x00, 0x64, 0x64,
    0x64, 0x00, 0x00, 0x64, 0x64, 0x64, 0x64, 0x00, 0x64, 0x00, 0x64, 0x00, 0x00, 0x64, 0x64, 0x00,
    0x64, 0x00, 0x64, 0x64, 0x64, 0x00, 0x00, 0x00, 0x00, 0x00, 0x64, 0x00, 0x64, 0x00, 0x00, 0x00,
    0x00, 0x64, 0x64, 0x00, 0x64, 0x64, 0x5D, 0x5D, 0x00, 0x00, 0x00, 0x00, 0x5D, 0x5D, 0x5D, 0x00,
    0x5D, 0x00, 0x00, 0x5D, 0x5D, 0x5D, 0x00, 0x5D, 0x5D, 0x5D, 0x00, 0x5D, 0x5D, 0x00, 0x00, 0x00,
    0x5D, 0x00, 0x5D, 0x5D, 0x00, 0x00, 0x5D, 0x5D, 0x00, 0x00, 0x5D, 0x00, 0x5D, 0x5D, 0x00, 0x00,
    0x00, 0x5D, 0x00, 0x5D, 0x00, 0x5D, 0x00, 0x5D, 0x00, 0x00, 0x00, 0x5D, 0x00, 0x5D, 0x5D, 0x00,
    0x00, 0x00, 0x00, 0x00, 0x00, 0x00, 0x00, 0x64, 0x64, 0x00, 0x00, 0x00, 0x64, 0x00, 0x64, 0x64,
    0x64, 0x64, 0x64, 0x64, 0x64, 0x00, 0x64, 0x00, 0x64, 0x64, 0x00, 0x00, 0x00, 0x64, 0x64, 0x64,
    0x64, 0x00, 0x00, 0x00, 0x64, 0x00, 0x64, 0x00, 0x00, 0x64, 0x00, 0x64, 0x00, 0x00, 0x00, 0x00,
    0x64, 0x64, 0x00, 0x00, 0x00, 0x00, 0x64, 0x00, 0x00, 0x00, 0x00, 0x64, 0x64, 0x64, 0x00, 0x64,
    0x00, 0x64, 0x64, 0x64, 0x00, 0x00, 0x64, 0x64, 0x64, 0x00, 0x64, 0x64, 0x00, 0x00, 0x00, 0x00,
    0x64, 0x64, 0x00, 0x64, 0x00, 0x64, 0x64, 0x00, 0x00, 0x64, 0x00, 0x64, 0x64, 0x64, 0x00, 0x64,
    0x00, 0x00, 0x00, 0x00, 0x64, 0x00, 0x64, 0x00, 0x00, 0x00, 0x64, 0x64, 0x00, 0x00, 0x00, 0x64,
    0x64, 0x64, 0x00, 0x00, 0x00, 0x00, 0x64, 0x64, 0x00, 0x64, 0x00, 0x64, 0x64, 0x00, 0x64, 0x64,
    0x00, 0x64, 0x64, 0x64, 0x00, 0x64, 0x00, 0x00, 0x00, 0x00, 0x64, 0x00, 0x00, 0x64, 0x00, 0x00,
    0x64, 0x64, 0x00, 0x00, 0x00, 0x64, 0x64, 0x64, 0x00, 0x00, 0x64, 0x00, 0x00, 0x64, 0x00, 0x64,
    0x00, 0x64, 0x64, 0x00, 0x64, 0x64, 0x00, 0x64, 0x00, 0x00, 0x64, 0x00, 0x00, 0x00, 0x00, 0x00,
    0x5D, 0x00, 0x00, 0x5D, 0x00, 0x00, 0x00, 0x5D, 0x00, 0x00, 0x5D, 0x5D, 0x5D, 0x5D, 0x00, 0x00,
    0x5D, 0x00, 0x00, 0x5D, 0x5D, 0x00, 0x00, 0x5D, 0x00, 0x5D, 0x5D, 0x5D, 0x00, 0x5D, 0x00, 0x00,
    0x5D, 0x00, 0x5D, 0x00, 0x5D, 0x00, 0x00, 0x00, 0x5D, 0x5D, 0x00, 0x00, 0x00, 0x5D, 0x00, 0x00,
    0x00, 0x00, 0x00, 0x00, 0x5D, 0x5D, 0x00, 0x5D, 0x00, 0x5D, 0x00, 0x64, 0x64, 0x64, 0x64, 0x64,
    0x64, 0x00, 0x64, 0x00, 0x00, 0x00, 0x64, 0x00, 0x64, 0x00, 0x64, 0x64, 0x64, 0x64, 0x64, 0x00,
    0x00, 0x00, 0x64, 0x64, 0x00, 0x00, 0x00, 0x00, 0x00, 0x64, 0x64, 0x64, 0x64, 0x00, 0x64, 0x64,
    0x00, 0x64, 0x00, 0x64, 0x64, 0x64, 0x64, 0x00, 0x64, 0x64, 0x64, 0x00, 0x00, 0x64, 0x00, 0x00,
    0x00, 0x00, 0x64, 0x64, 0x64, 0x00, 0x00, 0x64, 0x64, 0x00, 0x64, 0x00, 0x00, 0x64, 0x64, 0x64,
    0x00, 0x64, 0x64, 0x00, 0x64, 0x00, 0x64, 0x00, 0x00, 0x00, 0x64, 0x00, 0x64, 0x64, 0x00, 0x00,
    0x64, 0x00, 0x00, 0x00, 0x00, 0x00, 0x64, 0x64, 0x00, 0x00, 0x00, 0x64, 0x00, 0x64, 0x00, 0x00,
    0x64, 0x64, 0x64, 0x64, 0x00, 0x64, 0x00, 0x64, 0x64, 0x00, 0x00, 0x00, 0x00, 0x64, 0x00, 0x5D,
    0x5D, 0x5D, 0x00, 0x00, 0x00, 0x00, 0x5D, 0x00, 0x5D, 0x5D, 0x5D, 0x00, 0x00, 0x00, 0x5D, 0x5D,
    0x00, 0x5D, 0x5D, 0x5D, 0x00, 0x00, 0x00, 0x5D, 0x5D, 0x00, 0x5D, 0x5D, 0x00, 0x5D, 0x00, 0x00,
    0x5D, 0x5D, 0x00, 0x5D, 0x5D, 0x00, 0x5D, 0x00, 0x00, 0x5D, 0x00, 0x00, 0x00, 0x5D, 0x00, 0x5D,
    0x00, 0x00, 0x5D, 0x00, 0x00, 0x00, 0x5D, 0x00, 0x00, 0x5D, 0x5D, 0x00, 0x00, 0x00, 0x00, 0x5D,
    0x00, 0x00, 0x5D, 0x5D, 0x00, 0x00, 0x5D, 0x00, 0x5D, 0x00, 0x5D, 0x5D, 0x5D, 0x00, 0x00, 0x5D,
    0x00, 0x5D, 0x00, 0x5D, 0x00, 0x5D, 0x5D, 0x00, 0x00, 0x00, 0x00, 0x5D, 0x5D, 0x5D, 0x00, 0x5D,
    0x5D, 0x00, 0x00, 0x00, 0x5D, 0x00, 0x5D, 0x5D, 0x5D, 0x00, 0x5D, 0x5D, 0x00, 0x00, 0x5D, 0x00,
    0x5D, 0x5D, 0x00, 0x00, 0x00, 0x64, 0x64, 0x00, 0x00, 0x64, 0x00, 0x64, 0x00, 0x00, 0x00, 0x64,
    0x00, 0x64, 0x64, 0x00, 0x64, 0x00, 0x64, 0x00, 0x00, 0x00, 0x00, 0x64, 0x64, 0x00, 0x00, 0x00,
    0x64, 0x00, 0x00, 0x00, 0x00, 0x00, 0x64, 0x64, 0x64, 0x00, 0x64, 0x00, 0x64, 0x64, 0x00, 0x00,
    0x64, 0x64, 0x64, 0x64, 0x00, 0x64, 0x64, 0x00, 0x00, 0x00, 0x00, 0x64, 0x00, 0x64, 0x00, 0x64,
    0x64, 0x64, 0x00, 0x00, 0x64, 0x00, 0x64, 0x64, 0x64, 0x00, 0x00, 0x00, 0x00, 0x00, 0x64, 0x64,
    0x00, 0x64, 0x00, 0x00, 0x00, 0x64, 0x64, 0x00, 0x64, 0x64, 0x64, 0x64, 0x00, 0x64, 0x00, 0x00,
    0x00, 0x64, 0x64, 0x00, 0x64, 0x00, 0x00, 0x64, 0x64, 0x64, 0x00, 0x00, 0x00, 0x64, 0x64, 0x00,
    0x64, 0x00, 0x00, 0x00, 0x64, 0x00, 0x64, 0x64, 0x00, 0x5D, 0x5D, 0x00, 0x5D, 0x00, 0x00, 0x00,
    0x5D, 0x5D, 0x00, 0x00, 0x00, 0x5D, 0x00, 0x00, 0x5D, 0x00, 0x00, 0x00, 0x5D, 0x5D, 0x00, 0x5D,
    0x00, 0x5D, 0x5D, 0x00, 0x00, 0x5D, 0x00, 0x00, 0x5D, 0x5D, 0x00, 0x5D, 0x00, 0x00, 0x00, 0x00,
    0x5D, 0x00, 0x5D, 0x00, 0x00, 0x5D, 0x00, 0x5D, 0x00, 0x00, 0x00, 0x5D, 0x5D, 0x00, 0x5D, 0x5D,
    0x5D, 0x00, 0x00, 0x00, 0x00, 0x00, 0x5D, 0x5D, 0x00, 0x00, 0x00, 0x5D, 0x00, 0x5D, 0x5D, 0x00,
    0x5D, 0x5D, 0x5D, 0x5D, 0x00, 0x5D, 0x00, 0x5D, 0x5D, 0x00, 0x00, 0x00, 0x5D, 0x00, 0x00, 0x5D,
    0x5D, 0x5D, 0x00, 0x00, 0x00, 0x00, 0x5D, 0x00, 0x5D, 0x5D, 0x00, 0x00, 0x5D, 0x00, 0x5D, 0x5D,
    0x00, 0x5D, 0x5D, 0x5D, 0x00, 0x00, 0x00, 0x5D, 0x00, 0x5D, 0x00, 0x00, 0x00, 0x64, 0x00, 0x00,
    0x64, 0x64, 0x00, 0x64, 0x64, 0x00, 0x00, 0x00, 0x00, 0x64, 0x64, 0x00, 0x00, 0x64, 0x00, 0x64,
    0x00, 0x00, 0x64, 0x00, 0x64, 0x64, 0x64, 0x00, 0x64, 0x00, 0x64, 0x00, 0x00, 0x00, 0x00, 0x64,
    0x00, 0x00, 0x00, 0x64, 0x64, 0x00, 0x00, 0x00, 0x00, 0x00, 0x64, 0x64, 0x64, 0x00, 0x00, 0x64,
    0x64, 0x00, 0x64, 0x00, 0x64, 0x64, 0x64, 0x64, 0x00, 0x64, 0x64, 0x00, 0x64, 0x00, 0x64, 0x00,
    0x00, 0x00, 0x00, 0x64, 0x64, 0x64, 0x00, 0x00, 0x64, 0x00, 0x00, 0x00, 0x00, 0x00, 0x64, 0x64,
    0x64, 0x00, 0x64, 0x64, 0x00, 0x64, 0x00, 0x00, 0x64, 0x64, 0x64, 0x64, 0x00, 0x64, 0x64, 0x00,
    0x00, 0x64, 0x00, 0x00, 0x00, 0x64, 0x00, 0x64, 0x64, 0x64, 0x00, 0x00, 0x64, 0x00, 0x64, 0x00,
    0x00, 0x5D, 0x5D, 0x00, 0x00, 0x00, 0x5D, 0x5D, 0x00, 0x5D, 0x00, 0x00, 0x00, 0x00, 0x5D, 0x00,
    0x5D, 0x00, 0x5D, 0x5D, 0x00, 0x5D, 0x00, 0x5D, 0x00, 0x5D, 0x00, 0x00, 0x00, 0x00, 0x5D, 0x00,
    0x5D, 0x5D, 0x00, 0x5D, 0x5D, 0x00, 0x00, 0x00, 0x00, 0x5D, 0x5D, 0x5D, 0x00, 0x00, 0x00, 0x5D,
    0x00, 0x00, 0x5D, 0x00, 0x5D, 0x5D, 0x5D, 0x00, 0x5D, 0x5D, 0x00, 0x5D, 0x5D, 0x00, 0x00, 0x5D,
    0x00, 0x00, 0x00, 0x5D, 0x5D, 0x00, 0x00, 0x5D, 0x00, 0x00, 0x5D, 0x00, 0x5D, 0x00, 0x00, 0x5D,
    0x5D, 0x00, 0x5D, 0x00, 0x5D, 0x00, 0x00, 0x5D, 0x00, 0x00, 0x00, 0x00, 0x5D, 0x00, 0x5D, 0x00,
    0x00, 0x00, 0x00, 0x00, 0x5D, 0x00, 0x00, 0x5D, 0x5D, 0x5D, 0x00, 0x00, 0x00, 0x00, 0x5D, 0x5D,
    0x5D, 0x5D, 0x00, 0x00, 0x5D, 0x00, 0x64, 0x64, 0x00, 0x64, 0x64, 0x64, 0x00, 0x64, 0x64, 0x64,
    0x00, 0x64, 0x00, 0x00, 0x00, 0x64, 0x00, 0x00, 0x64, 0x64, 0x00, 0x00, 0x64, 0x64, 0x00, 0x00,
    0x00, 0x64, 0x64, 0x00, 0x00, 0x64, 0x00, 0x64, 0x00, 0x64, 0x00, 0x64, 0x00, 0x64, 0x64, 0x00,
    0x64, 0x00, 0x64, 0x00, 0x00, 0x00, 0x00, 0x00, 0x00, 0x00, 0x00, 0x00, 0x64, 0x00, 0x00, 0x00,
    0x00, 0x00, 0x64, 0x64, 0x64, 0x64, 0x64, 0x64, 0x64, 0x64, 0x00, 0x00, 0x64, 0x64, 0x64, 0x64,
    0x00, 0x64, 0x64, 0x64, 0x64, 0x64, 0x64, 0x64, 0x00, 0x64, 0x00, 0x64, 0x64, 0x64, 0x00, 0x00,
    0x64, 0x64, 0x64, 0x64, 0x64, 0x64, 0x00, 0x00, 0x00, 0x00, 0x64, 0x64, 0x00, 0x64, 0x00, 0x00,
    0x64, 0x00, 0x00, 0x64, 0x64, 0x64, 0x00, 0x64, 0x00, 0x00, 0x00, 0x5D, 0x5D, 0x5D, 0x00, 0x00,
    0x5D, 0x00, 0x5D, 0x5D, 0x00, 0x00, 0x00, 0x5D, 0x5D, 0x00, 0x5D, 0x5D, 0x00, 0x5D, 0x00, 0x00,
    0x00, 0x5D, 0x00, 0x5D, 0x5D, 0x00, 0x5D, 0x00, 0x00, 0x5D, 0x00, 0x00, 0x00, 0x5D, 0x5D, 0x00,
    0x00, 0x00, 0x5D, 0x00, 0x00, 0x00, 0x5D, 0x00, 0x00, 0x5D, 0x5D, 0x00, 0x5D, 0x00, 0x5D, 0x5D,
    0x00, 0x00, 0x5D, 0x5D, 0x00, 0x00, 0x5D, 0x00, 0x5D, 0x00, 0x00, 0x00, 0x00, 0x5D, 0x00, 0x5D,
    0x00, 0x5D, 0x00, 0x5D, 0x00, 0x00, 0x00, 0x00, 0x5D, 0x5D, 0x5D, 0x00, 0x00, 0x00, 0x00, 0x00,
    0x00, 0x00, 0x00, 0x5D, 0x5D, 0x5D, 0x00, 0x5D, 0x5D, 0x00, 0x5D, 0x5D, 0x5D, 0x5D, 0x5D, 0x5D,
    0x5D, 0x00, 0x5D, 0x5D, 0x00, 0x00, 0x5D, 0x00, 0x00, 0x5D, 0x5D, 0x5D, 0x5D, 0x5D, 0x5D, 0x00,
    0x00, 0x64, 0x00, 0x64, 0x00, 0x00, 0x64, 0x00, 0x64, 0x64, 0x64, 0x64, 0x64, 0x00, 0x64, 0x00,
    0x00, 0x00, 0x00, 0x64, 0x00, 0x00, 0x00, 0x64, 0x64, 0x64, 0x64, 0x00, 0x00, 0x00, 0x64, 0x64,
    0x64, 0x00, 0x00, 0x64, 0x64, 0x00, 0x64, 0x64, 0x64, 0x00, 0x64, 0x64, 0x00, 0x64, 0x64, 0x00,
    0x64, 0x00, 0x64, 0x00, 0x00, 0x64, 0x64, 0x00, 0x00, 0x64, 0x00, 0x00, 0x64, 0x00, 0x00, 0x00,
    0x00, 0x00, 0x64, 0x00, 0x64, 0x00, 0x64, 0x00, 0x64, 0x00, 0x64, 0x00, 0x64, 0x64, 0x00, 0x64,
    0x64, 0x64, 0x00, 0x00, 0x64, 0x00, 0x00, 0x00, 0x00, 0x00, 0x00, 0x64, 0x00, 0x00, 0x64, 0x64,
    0x00, 0x64, 0x00, 0x00, 0x64, 0x64, 0x64, 0x64, 0x64, 0x00, 0x00, 0x64, 0x00, 0x64, 0x00, 0x00,
    0x00, 0x64, 0x00, 0x64, 0x5D, 0x5D, 0x5D, 0x00, 0x5D, 0x00, 0x00, 0x00, 0x00, 0x5D, 0x5D, 0x00,
    0x00, 0x00, 0x5D, 0x5D, 0x5D, 0x00, 0x00, 0x00, 0x5D, 0x5D, 0x5D, 0x00, 0x5D, 0x00, 0x5D, 0x5D,
    0x00, 0x5D, 0x5D, 0x00, 0x5D, 0x5D, 0x00, 0x5D, 0x5D, 0x00, 0x00, 0x00, 0x00, 0x5D, 0x00, 0x00,
    0x5D, 0x00, 0x00, 0x5D, 0x00, 0x00, 0x5D, 0x00, 0x5D, 0x5D, 0x5D, 0x00, 0x00, 0x5D, 0x00, 0x00,
    0x5D, 0x00, 0x00, 0x5D, 0x00, 0x00, 0x00, 0x5D, 0x5D, 0x00, 0x5D, 0x00, 0x00, 0x5D, 0x00, 0x00,
    0x5D, 0x00, 0x00, 0x5D, 0x5D, 0x00, 0x5D, 0x00, 0x00, 0x00, 0x5D, 0x00, 0x00, 0x5D, 0x00, 0x00,
    0x5D, 0x00, 0x5D, 0x00, 0x00, 0x00, 0x5D, 0x5D, 0x00, 0x00, 0x5D, 0x00, 0x00, 0x5D, 0x00, 0x00,
    0x00, 0x00, 0x5D, 0x5D, 0x00, 0x5D, 0x00, 0x5D, 0x00, 0x00, 0x64, 0x00, 0x00, 0x64, 0x64, 0x64,
    0x00, 0x64, 0x00, 0x00, 0x00, 0x00, 0x00, 0x64, 0x00, 0x00, 0x64, 0x00, 0x64, 0x64, 0x00, 0x00,
    0x00, 0x64, 0x64, 0x64, 0x64, 0x00, 0x00, 0x64, 0x00, 0x00, 0x00, 0x64, 0x00, 0x64, 0x64, 0x00,
    0x64, 0x00, 0x64, 0x64, 0x64, 0x64, 0x00, 0x64, 0x00, 0x64, 0x00, 0x00, 0x00, 0x64, 0x64, 0x64,
    0x00, 0x64, 0x64, 0x64, 0x00, 0x00, 0x00, 0x00, 0x00, 0x64, 0x64, 0x00, 0x64, 0x64, 0x00, 0x00,
    0x64, 0x64, 0x00, 0x64, 0x64, 0x64, 0x64, 0x00, 0x64, 0x00, 0x00, 0x64, 0x00, 0x64, 0x00, 0x64,
    0x00, 0x00, 0x64, 0x64, 0x64, 0x00, 0x00, 0x00, 0x64, 0x00, 0x00, 0x00, 0x00, 0x00, 0x00, 0x64,
    0x00, 0x64, 0x64, 0x00, 0x64, 0x64, 0x00, 0x00, 0x64, 0x64, 0x64, 0x64, 0x64, 0x00, 0x00, 0x00,
    0x5D, 0x00, 0x00, 0x5D, 0x00, 0x5D, 0x00, 0x5D, 0x5D, 0x5D, 0x5D, 0x00, 0x5D, 0x5D, 0x00, 0x00,
    0x5D, 0x00, 0x00, 0x00, 0x00, 0x00, 0x5D, 0x5D, 0x5D, 0x00, 0x00, 0x5D, 0x00, 0x5D, 0x00, 0x00,
    0x5D, 0x5D, 0x5D, 0x5D, 0x00, 0x5D, 0x5D, 0x00, 0x5D, 0x00, 0x00, 0x00, 0x00, 0x5D, 0x00, 0x5D,
    0x5D, 0x5D, 0x00, 0x00, 0x5D, 0x00, 0x00, 0x00, 0x5D, 0x5D, 0x5D, 0x00, 0x00, 0x00, 0x5D, 0x5D,
    0x00, 0x5D, 0x00, 0x00, 0x5D, 0x5D, 0x00, 0x5D, 0x5D, 0x00, 0x5D, 0x5D, 0x00, 0x5D, 0x00, 0x00,
    0x00, 0x5D, 0x00, 0x5D, 0x00, 0x00, 0x5D, 0x00, 0x00, 0x5D, 0x00, 0x00, 0x00, 0x5D, 0x5D, 0x00,
    0x00, 0x00, 0x00, 0x5D, 0x00, 0x00, 0x5D, 0x00, 0x00, 0x5D, 0x5D, 0x00, 0x5D, 0x00, 0x5D, 0x5D,
    0x5D, 0x00, 0x00, 0x64, 0x00, 0x00, 0x64, 0x00, 0x64, 0x00, 0x00, 0x00, 0x64, 0x00, 0x00, 0x00,
    0x64, 0x64, 0x00, 0x64, 0x64, 0x00, 0x64, 0x00, 0x64, 0x00, 0x00, 0x00, 0x64, 0x64, 0x00, 0x64,
    0x00, 0x00, 0x64, 0x00, 0x00, 0x00, 0x00, 0x00, 0x64, 0x64, 0x00, 0x64, 0x00, 0x00, 0x00, 0x64,
    0x00, 0x00, 0x64, 0x64, 0x64, 0x64, 0x00, 0x64, 0x00, 0x00, 0x00, 0x64, 0x64, 0x00, 0x00, 0x64,
    0x00, 0x64, 0x64, 0x64, 0x00, 0x00, 0x00, 0x64, 0x64, 0x00, 0x64, 0x00, 0x64, 0x00, 0x00, 0x00,
    0x64, 0x64, 0x00, 0x64, 0x64, 0x00, 0x64, 0x00, 0x00, 0x00, 0x00, 0x00, 0x64, 0x64, 0x00, 0x64,
    0x00, 0x00, 0x64, 0x00, 0x00, 0x00, 0x64, 0x64, 0x64, 0x64, 0x00, 0x64, 0x00, 0x00, 0x00, 0x64,
    0x00, 0x00, 0x64, 0x64, 0x00, 0x64, 0x64, 0x5D, 0x00, 0x00, 0x00, 0x5D, 0x5D, 0x00, 0x00, 0x5D,
    0x00, 0x5D, 0x00, 0x00, 0x5D, 0x5D, 0x00, 0x5D, 0x5D, 0x00, 0x5D, 0x00, 0x5D, 0x00, 0x00, 0x00,
    0x00, 0x5D, 0x00, 0x5D, 0x00, 0x00, 0x5D, 0x00, 0x00, 0x00, 0x00, 0x00, 0x5D, 0x5D, 0x5D, 0x00,
    0x00, 0x00, 0x00, 0x5D, 0x00, 0x00, 0x5D, 0x5D, 0x5D, 0x5D, 0x00, 0x5D, 0x5D, 0x00, 0x5D, 0x5D,
    0x5D, 0x00, 0x00, 0x5D, 0x00, 0x5D, 0x5D, 0x5D, 0x00, 0x00, 0x5D, 0x00, 0x00, 0x5D, 0x5D, 0x00,
    0x5D, 0x00, 0x00, 0x00, 0x5D, 0x5D, 0x00, 0x5D, 0x00, 0x00, 0x5D, 0x00, 0x5D, 0x00, 0x00, 0x00,
    0x5D, 0x5D, 0x00, 0x5D, 0x5D, 0x00, 0x00, 0x5D, 0x00, 0x00, 0x00, 0x5D, 0x00, 0x00, 0x5D, 0x00,
    0x00, 0x00, 0x00, 0x00, 0x5D, 0x00, 0x00, 0x5D, 0x5D, 0x00, 0x00, 0x64, 0x00, 0x00, 0x64, 0x64,
    0x64, 0x64, 0x00, 0x00, 0x64, 0x00, 0x64, 0x00, 0x64, 0x00, 0x00, 0x64, 0x00, 0x64, 0x64, 0x64,
    0x00, 0x64, 0x00, 0x00, 0x00, 0x00, 0x00, 0x00, 0x64, 0x00, 0x00, 0x00, 0x64, 0x64, 0x00, 0x00,
    0x00, 0x64, 0x64, 0x64, 0x64, 0x64, 0x00, 0x00, 0x64, 0x64, 0x00, 0x64, 0x00, 0x64, 0x64, 0x00,
    0x64, 0x64, 0x64, 0x64, 0x00, 0x64, 0x00, 0x64, 0x00, 0x00, 0x00, 0x00, 0x64, 0x00, 0x00, 0x64,
    0x64, 0x64, 0x00, 0x00, 0x00, 0x00, 0x00, 0x64, 0x64, 0x64, 0x00, 0x00, 0x64, 0x00, 0x64, 0x64,
    0x00, 0x64, 0x64, 0x64, 0x64, 0x00, 0x64, 0x64, 0x00, 0x64, 0x00, 0x00, 0x00, 0x64, 0x00, 0x00,
    0x64, 0x64, 0x64, 0x00, 0x00, 0x64, 0x00, 0x00, 0x00, 0x64, 0x64, 0x00, 0x00, 0x64, 0x00, 0x64,
    0x5D, 0x00, 0x5D, 0x00, 0x00, 0x5D, 0x5D, 0x00, 0x5D, 0x00, 0x5D, 0x00, 0x00, 0x00, 0x5D, 0x00,
    0x00, 0x00, 0x5D, 0x00, 0x5D, 0x00, 0x00, 0x00, 0x00, 0x00, 0x5D, 0x5D, 0x00, 0x00, 0x5D, 0x5D,
    0x00, 0x00, 0x00, 0x00, 0x5D, 0x5D, 0x5D, 0x5D, 0x00, 0x5D, 0x00, 0x5D, 0x00, 0x5D, 0x00, 0x5D,
    0x5D, 0x5D, 0x00, 0x5D, 0x5D, 0x5D, 0x00, 0x00, 0x00, 0x00, 0x00, 0x00, 0x00, 0x5D, 0x5D, 0x5D,
    0x5D, 0x5D, 0x5D, 0x00, 0x00, 0x00, 0x5D, 0x00, 0x5D, 0x5D, 0x00, 0x5D, 0x5D, 0x5D, 0x5D, 0x5D,
    0x5D, 0x00, 0x5D, 0x5D, 0x00, 0x00, 0x00, 0x5D, 0x00, 0x00, 0x5D, 0x5D, 0x5D, 0x5D, 0x5D, 0x00,
    0x00, 0x5D, 0x00, 0x5D, 0x5D, 0x00, 0x00, 0x5D, 0x00, 0x5D, 0x5D, 0x5D, 0x5D, 0x00, 0x5D, 0x00,
    0x00, 0x00, 0x5D, 0x00, 0x64, 0x00, 0x00, 0x00, 0x64, 0x64, 0x64, 0x00, 0x00, 0x00, 0x64, 0x64,
    0x00, 0x00, 0x00, 0x00, 0x64, 0x64, 0x00, 0x64, 0x64, 0x00, 0x64, 0x64, 0x00, 0x64, 0x00, 0x64,
    0x64, 0x64, 0x00, 0x64, 0x00, 0x00, 0x64, 0x00, 0x00, 0x64, 0x00, 0x00, 0x00, 0x00, 0x64, 0x64,
    0x00, 0x00, 0x00, 0x64, 0x00, 0x00, 0x64, 0x00, 0x00, 0x64, 0x64, 0x64, 0x00, 0x64, 0x00, 0x5D,
    0x5D, 0x00, 0x00, 0x5D, 0x00, 0x00, 0x5D, 0x00, 0x5D, 0x5D, 0x00, 0x00, 0x00, 0x00, 0x5D, 0x00,
    0x5D, 0x00, 0x00, 0x5D, 0x00, 0x00, 0x00, 0x5D, 0x00, 0x5D, 0x5D, 0x5D, 0x00, 0x00, 0x00, 0x00,
    0x5D, 0x00, 0x00, 0x5D, 0x5D, 0x00, 0x00, 0x00, 0x5D, 0x5D, 0x00, 0x5D, 0x5D, 0x5D, 0x00, 0x00,
    0x5D, 0x00, 0x5D, 0x00, 0x5D, 0x5D, 0x00, 0x5D, 0x00, 0x00, 0x57, 0x57, 0x00, 0x57, 0x00, 0x00,
    0x00, 0x00, 0x00, 0x57, 0x00, 0x00, 0x00, 0x57, 0x00, 0x57, 0x00, 0x00, 0x00, 0x57, 0x57, 0x57,
    0x57, 0x00, 0x00, 0x57, 0x57, 0x00, 0x57, 0x57, 0x57, 0x57, 0x57, 0x57, 0x00, 0x00, 0x00, 0x00,
    0x57, 0x00, 0x00, 0x00, 0x00, 0x57, 0x57, 0x57, 0x57, 0x57, 0x00, 0x57, 0x57, 0x57, 0x00, 0x00,
    0x57, 0x57, 0x57, 0x00, 0x50, 0x50, 0x50, 0x50, 0x00, 0x00, 0x50, 0x50, 0x00, 0x50, 0x00, 0x50,
    0x50, 0x00, 0x00, 0x50, 0x50, 0x50, 0x00, 0x50, 0x00, 0x50, 0x00, 0x00, 0x00, 0x00, 0x50, 0x00,
    0x50, 0x00, 0x50, 0x50, 0x00, 0x00, 0x00, 0x00, 0x00, 0x50, 0x50, 0x50, 0x00, 0x00, 0x00, 0x00,
    0x00, 0x50, 0x00, 0x50, 0x50, 0x50, 0x50, 0x00, 0x50, 0x50, 0x00, 0x50, 0x50, 0x50, 0x64, 0x00,
    0x00, 0x00, 0x64, 0x64, 0x64, 0x00, 0x00, 0x64, 0x00, 0x00, 0x64, 0x64, 0x64, 0x00, 0x64, 0x64,
    0x00, 0x64, 0x64, 0x00, 0x64, 0x00, 0x00, 0x64, 0x00, 0x64, 0x64, 0x00, 0x00, 0x64, 0x00, 0x00,
    0x64, 0x00, 0x00, 0x00, 0x64, 0x00, 0x00, 0x00, 0x64, 0x00, 0x64, 0x00, 0x00, 0x64, 0x00, 0x00,
    0x64, 0x64, 0x00, 0x00, 0x64, 0x64, 0x00, 0x00, 0x00, 0x00, 0x5D, 0x00, 0x00, 0x5D, 0x00, 0x5D,
    0x00, 0x5D, 0x00, 0x5D, 0x00, 0x5D, 0x5D, 0x5D, 0x00, 0x00, 0x5D, 0x00, 0x00, 0x00, 0x00, 0x00,
    0x00, 0x00, 0x00, 0x00, 0x5D, 0x5D, 0x00, 0x5D, 0x00, 0x00, 0x5D, 0x5D, 0x5D, 0x5D, 0x5D, 0x5D,
    0x5D, 0x5D, 0x00, 0x5D, 0x00, 0x00, 0x00, 0x5D, 0x00, 0x5D, 0x5D, 0x5D, 0x5D, 0x5D, 0x5D, 0x5D,
    0x00, 0x5D, 0x5D, 0x57, 0x57, 0x00, 0x57, 0x00, 0x00, 0x57, 0x00, 0x00, 0x57, 0x00, 0x00, 0x00,
    0x57, 0x57, 0x57, 0x00, 0x00, 0x00, 0x57, 0x00, 0x00, 0x57, 0x00, 0x00, 0x57, 0x57, 0x00, 0x57,
    0x57, 0x00, 0x57, 0x57, 0x00, 0x00, 0x57, 0x00, 0x00, 0x57, 0x00, 0x57, 0x00, 0x00, 0x57, 0x00,
    0x00, 0x57, 0x00, 0x57, 0x00, 0x00, 0x57, 0x00, 0x00, 0x00, 0x00, 0x57, 0x00, 0x00, 0x50, 0x00,
    0x00, 0x00, 0x00, 0x50, 0x00, 0x00, 0x50, 0x50, 0x50, 0x00, 0x00, 0x50, 0x00, 0x00, 0x50, 0x50,
    0x50, 0x00, 0x00, 0x50, 0x00, 0x50, 0x50, 0x00, 0x50, 0x00, 0x00, 0x50, 0x00, 0x50, 0x50, 0x00,
    0x50, 0x00, 0x00, 0x00, 0x50, 0x00, 0x00, 0x00, 0x50, 0x00, 0x00, 0x00, 0x50, 0x00, 0x00, 0x00,
    0x50, 0x50, 0x00, 0x00, 0x50, 0x50, 0x00, 0x00, 0x64, 0x64, 0x00, 0x00, 0x64, 0x64, 0x00, 0x64,
    0x00, 0x64, 0x00, 0x64, 0x00, 0x64, 0x00, 0x64, 0x00, 0x64, 0x00, 0x64, 0x00, 0x00, 0x00, 0x00,
    0x00, 0x00, 0x00, 0x00, 0x00, 0x00, 0x00, 0x00, 0x00, 0x00, 0x00, 0x64, 0x64, 0x64, 0x64, 0x64,
    0x64, 0x64, 0x64, 0x64, 0x64, 0x64, 0x64, 0x64, 0x64, 0x00, 0x64, 0x64, 0x64, 0x64, 0x64, 0x64,
    0x64, 0x64, 0x5D, 0x5D, 0x5D, 0x5D, 0x5D, 0x00, 0x00, 0x5D, 0x5D, 0x5D, 0x5D, 0x5D, 0x5D, 0x5D,
    0x5D, 0x5D, 0x5D, 0x5D, 0x5D, 0x00, 0x5D, 0x00, 0x00, 0x00, 0x00, 0x00, 0x5D, 0x5D, 0x5D, 0x00,
    0x00, 0x00, 0x00, 0x00, 0x00, 0x00, 0x5D, 0x5D, 0x5D, 0x5D, 0x00, 0x5D, 0x5D, 0x00, 0x5D, 0x5D,
    0x5D, 0x5D, 0x5D, 0x5D, 0x00, 0x5D, 0x5D, 0x5D, 0x00, 0x00, 0x5D, 0x00, 0x00, 0x57, 0x57, 0x57,
    0x57, 0x57, 0x00, 0x00, 0x57, 0x57, 0x00, 0x57, 0x00, 0x00, 0x57, 0x00, 0x57, 0x57, 0x57, 0x57,
    0x00, 0x57, 0x00, 0x57, 0x00, 0x00, 0x00, 0x57, 0x00, 0x00, 0x00, 0x57, 0x57, 0x57, 0x00, 0x00,
    0x00, 0x00, 0x00, 0x57, 0x57, 0x00, 0x00, 0x57, 0x57, 0x00, 0x57, 0x57, 0x00, 0x57, 0x57, 0x57,
    0x57, 0x00, 0x57, 0x00, 0x57, 0x00, 0x50, 0x00, 0x00, 0x50, 0x00, 0x00, 0x50, 0x50, 0x50, 0x00,
    0x00, 0x00, 0x00, 0x00, 0x00, 0x00, 0x50, 0x00, 0x00, 0x50, 0x00, 0x50, 0x50, 0x00, 0x50, 0x50,
    0x50, 0x50, 0x50, 0x50, 0x00, 0x00, 0x50, 0x00, 0x00, 0x00, 0x50, 0x00, 0x00, 0x50, 0x50, 0x50,
    0x50, 0x50, 0x00, 0x50, 0x00, 0x00, 0x50, 0x50, 0x00, 0x00, 0x50, 0x00, 0x50, 0x50, 0x50, 0x50,
    0x00, 0x00, 0x00, 0x64, 0x00, 0x64, 0x00, 0x64, 0x00, 0x00, 0x00, 0x64, 0x64, 0x64, 0x00, 0x64,
    0x64, 0x00, 0x00, 0x00, 0x00, 0x00, 0x00, 0x64, 0x64, 0x00, 0x64, 0x64, 0x00, 0x00, 0x64, 0x00,
    0x64, 0x64, 0x64, 0x64, 0x64, 0x00, 0x64, 0x00, 0x00, 0x64, 0x00, 0x64, 0x00, 0x00, 0x00, 0x64,
    0x64, 0x64, 0x00, 0x64, 0x64, 0x64, 0x64, 0x00, 0x00, 0x00, 0x64, 0x5D, 0x5D, 0x5D, 0x00, 0x5D,
    0x5D, 0x00, 0x5D, 0x5D, 0x5D, 0x00, 0x5D, 0x5D, 0x00, 0x5D, 0x5D, 0x5D, 0x00, 0x00, 0x5D, 0x00,
    0x00, 0x5D, 0x5D, 0x00, 0x00, 0x5D, 0x00, 0x00, 0x5D, 0x5D, 0x00, 0x5D, 0x00, 0x00, 0x5D, 0x00,
    0x5D, 0x00, 0x5D, 0x00, 0x00, 0x5D, 0x00, 0x5D, 0x00, 0x00, 0x00, 0x5D, 0x00, 0x00, 0x00, 0x00,
    0x00, 0x00, 0x5D, 0x00, 0x00, 0x00, 0x00, 0x57, 0x57, 0x00, 0x00, 0x57, 0x57, 0x57, 0x57, 0x57,
    0x00, 0x00, 0x57, 0x57, 0x57, 0x00, 0x57, 0x00, 0x57, 0x00, 0x57, 0x57, 0x57, 0x57, 0x00, 0x57,
    0x00, 0x57, 0x57, 0x00, 0x00, 0x00, 0x00, 0x00, 0x00, 0x57, 0x57, 0x57, 0x00, 0x00, 0x00, 0x00,
    0x57, 0x00, 0x57, 0x57, 0x57, 0x57, 0x57, 0x00, 0x57, 0x57, 0x00, 0x57, 0x57, 0x57, 0x00, 0x00,
    0x00, 0x50, 0x50, 0x50, 0x50, 0x00, 0x00, 0x50, 0x00, 0x00, 0x50, 0x50, 0x00, 0x50, 0x50, 0x00,
    0x50, 0x50, 0x50, 0x00, 0x50, 0x00, 0x00, 0x50, 0x00, 0x50, 0x00, 0x00, 0x50, 0x00, 0x00, 0x50,
    0x50, 0x00, 0x00, 0x00, 0x50, 0x00, 0x00, 0x00, 0x00, 0x50, 0x00, 0x00, 0x50, 0x00, 0x50, 0x00,
    0x50, 0x50, 0x00, 0x00, 0x50, 0x50, 0x50, 0x00, 0x00, 0x50, 0x00, 0x00, 0x00, 0x00, 0x00, 0x64,
    0x00, 0x64, 0x00, 0x64, 0x64, 0x00, 0x64, 0x00, 0x00, 0x64, 0x64, 0x00, 0x64, 0x64, 0x00, 0x64,
    0x00, 0x64, 0x64, 0x64, 0x00, 0x64, 0x00, 0x64, 0x64, 0x00, 0x00, 0x64, 0x00, 0x00, 0x00, 0x00,
    0x64, 0x64, 0x00, 0x00, 0x00, 0x00, 0x64, 0x00, 0x64, 0x00, 0x00, 0x64, 0x64, 0x64, 0x00, 0x64,
    0x00, 0x64, 0x64, 0x64, 0x00, 0x00, 0x00, 0x00, 0x5D, 0x00, 0x5D, 0x5D, 0x00, 0x00, 0x00, 0x00,
    0x5D, 0x5D, 0x00, 0x5D, 0x5D, 0x5D, 0x00, 0x00, 0x00, 0x5D, 0x00, 0x5D, 0x5D, 0x5D, 0x00, 0x5D,
    0x00, 0x00, 0x5D, 0x5D, 0x00, 0x5D, 0x5D, 0x00, 0x00, 0x00, 0x5D, 0x5D, 0x00, 0x00, 0x00, 0x5D,
    0x00, 0x5D, 0x00, 0x00, 0x5D, 0x00, 0x5D, 0x5D, 0x00, 0x5D, 0x00, 0x5D, 0x5D, 0x00, 0x00, 0x00,
    0x00, 0x57, 0x00, 0x00, 0x00, 0x57, 0x00, 0x00, 0x00, 0x00, 0x57, 0x00, 0x57, 0x57, 0x57, 0x00,
    0x00, 0x57, 0x57, 0x00, 0x00, 0x57, 0x57, 0x57, 0x00, 0x00, 0x00, 0x57, 0x57, 0x00, 0x57, 0x00,
    0x57, 0x00, 0x57, 0x00, 0x57, 0x57, 0x00, 0x57, 0x57, 0x00, 0x57, 0x00, 0x00, 0x00, 0x00, 0x00,
    0x00, 0x00, 0x00, 0x57, 0x00, 0x00, 0x57, 0x00, 0x00, 0x00, 0x50, 0x50, 0x50, 0x50, 0x50, 0x50,
    0x50, 0x00, 0x00, 0x50, 0x00, 0x00, 0x50, 0x50, 0x00, 0x50, 0x50, 0x50, 0x50, 0x50, 0x50, 0x00,
    0x50, 0x00, 0x00, 0x50, 0x00, 0x50, 0x00, 0x00, 0x50, 0x50, 0x50, 0x50, 0x50, 0x00, 0x00, 0x00,
    0x50, 0x00, 0x00, 0x00, 0x50, 0x50, 0x00, 0x00, 0x00, 0x00, 0x50, 0x50, 0x50, 0x50, 0x50, 0x00,
    0x00, 0x50, 0x50, 0x64, 0x00, 0x64, 0x64, 0x64, 0x00, 0x64, 0x64, 0x64, 0x64, 0x00, 0x64, 0x00,
    0x64, 0x64, 0x00, 0x00, 0x64, 0x64, 0x00, 0x00, 0x64, 0x64, 0x64, 0x00, 0x00, 0x00, 0x00, 0x64,
    0x00, 0x64, 0x00, 0x64, 0x00, 0x64, 0x00, 0x64, 0x64, 0x00, 0x64, 0x64, 0x64, 0x00, 0x00, 0x00,
    0x00, 0x00, 0x00, 0x00, 0x00, 0x00, 0x64, 0x00, 0x00, 0x64, 0x64, 0x00, 0x64, 0x64, 0x5D, 0x5D,
    0x5D, 0x5D, 0x5D, 0x5D, 0x00, 0x00, 0x5D, 0x00, 0x5D, 0x00, 0x00, 0x5D, 0x5D, 0x5D, 0x5D, 0x5D,
    0x5D, 0x5D, 0x00, 0x5D, 0x00, 0x00, 0x00, 0x00, 0x5D, 0x00, 0x5D, 0x5D, 0x5D, 0x5D, 0x5D, 0x5D,
    0x00, 0x00, 0x00, 0x5D, 0x5D, 0x5D, 0x00, 0x00, 0x00, 0x5D, 0x5D, 0x5D, 0x5D, 0x5D, 0x00, 0x5D,
    0x5D, 0x00, 0x5D, 0x5D, 0x00, 0x5D, 0x5D, 0x00, 0x57, 0x57, 0x57, 0x57, 0x00, 0x00, 0x57, 0x00,
    0x00, 0x57, 0x00, 0x00, 0x57, 0x00, 0x00, 0x57, 0x57, 0x57, 0x00, 0x57, 0x00, 0x00, 0x57, 0x00,
    0x00, 0x57, 0x00, 0x00, 0x57, 0x00, 0x57, 0x57, 0x00, 0x00, 0x00, 0x57, 0x00, 0x00, 0x57, 0x00,
    0x00, 0x57, 0x00, 0x00, 0x00, 0x57, 0x00, 0x57, 0x57, 0x00, 0x00, 0x57, 0x00, 0x00, 0x57, 0x00,
    0x00, 0x57, 0x50, 0x00, 0x00, 0x00, 0x50, 0x00, 0x50, 0x00, 0x00, 0x50, 0x00, 0x50, 0x00, 0x50,
    0x00, 0x00, 0x50, 0x50, 0x50, 0x00, 0x50, 0x50, 0x00, 0x50, 0x50, 0x50, 0x00, 0x00, 0x00, 0x50,
    0x00, 0x50, 0x50, 0x00, 0x00, 0x50, 0x00, 0x00, 0x50, 0x50, 0x00, 0x50, 0x50, 0x00, 0x00, 0x00,
    0x50, 0x00, 0x50, 0x00, 0x00, 0x50, 0x00, 0x50, 0x00, 0x00, 0x50, 0x00, 0x64, 0x64, 0x00, 0x00,
    0x00, 0x00, 0x64, 0x00, 0x00, 0x00, 0x00, 0x64, 0x00, 0x00, 0x00, 0x64, 0x00, 0x64, 0x64, 0x64,
    0x00, 0x00, 0x64, 0x64, 0x64, 0x00, 0x00, 0x64, 0x64, 0x00, 0x00, 0x00, 0x64, 0x64, 0x00, 0x64,
    0x00, 0x64, 0x64, 0x00, 0x64, 0x00, 0x64, 0x00, 0x64, 0x64, 0x00, 0x64, 0x00, 0x00, 0x00, 0x00,
    0x64, 0x00, 0x00, 0x00, 0x00, 0x00, 0x00, 0x5D, 0x00, 0x00, 0x00, 0x5D, 0x5D, 0x5D, 0x00, 0x00,
    0x5D, 0x5D, 0x5D, 0x5D, 0x5D, 0x00, 0x00, 0x5D, 0x5D, 0x00, 0x5D, 0x5D, 0x00, 0x5D, 0x00, 0x5D,
    0x5D, 0x5D, 0x5D, 0x00, 0x5D, 0x00, 0x5D, 0x00, 0x00, 0x5D, 0x00, 0x00, 0x00, 0x00, 0x5D, 0x5D,
    0x5D, 0x00, 0x00, 0x00, 0x00, 0x00, 0x5D, 0x00, 0x00, 0x5D, 0x5D, 0x5D, 0x00, 0x5D, 0x5D, 0x00,
    0x5D, 0x57, 0x57, 0x57, 0x00, 0x00, 0x57, 0x00, 0x57, 0x57, 0x00, 0x00, 0x57, 0x00, 0x00, 0x57,
    0x57, 0x57, 0x00, 0x57, 0x00, 0x00, 0x00, 0x57, 0x00, 0x57, 0x00, 0x00, 0x57, 0x00, 0x57, 0x57,
    0x00, 0x00, 0x00, 0x57, 0x57, 0x00, 0x00, 0x57, 0x00, 0x57, 0x57, 0x00, 0x57, 0x57, 0x00, 0x00,
    0x00, 0x57, 0x00, 0x57, 0x57, 0x00, 0x00, 0x00, 0x57, 0x00, 0x00, 0x50, 0x00, 0x50, 0x50, 0x00,
    0x00, 0x00, 0x50, 0x00, 0x50, 0x50, 0x00, 0x00, 0x50, 0x00, 0x00, 0x00, 0x50, 0x00, 0x50, 0x50,
    0x00, 0x00, 0x00, 0x50, 0x00, 0x50, 0x00, 0x00, 0x50, 0x50, 0x00, 0x00, 0x00, 0x50, 0x00, 0x50,
    0x50, 0x00, 0x00, 0x00, 0x00, 0x50, 0x00, 0x50, 0x00, 0x50, 0x50, 0x00, 0x00, 0x00, 0x50, 0x00,
    0x50, 0x50, 0x50, 0x00, 0x00, 0x00, 0x00, 0x00, 0x64, 0x00, 0x64, 0x64, 0x00, 0x00, 0x00, 0x64,
    0x64, 0x00, 0x64, 0x64, 0x64, 0x64, 0x00, 0x00, 0x00, 0x64, 0x00, 0x64, 0x64, 0x00, 0x64, 0x00,
    0x00, 0x64, 0x64, 0x64, 0x00, 0x64, 0x64, 0x00, 0x00, 0x00, 0x64, 0x00, 0x00, 0x00, 0x64, 0x00,
    0x64, 0x64, 0x00, 0x00, 0x64, 0x00, 0x64, 0x64, 0x00, 0x00, 0x64, 0x64, 0x00, 0x00, 0x00, 0x64,
    0x00, 0x5D, 0x00, 0x00, 0x00, 0x5D, 0x00, 0x5D, 0x00, 0x5D, 0x00, 0x5D, 0x5D, 0x00, 0x00, 0x00,
    0x00, 0x5D, 0x5D, 0x00, 0x00, 0x00, 0x00, 0x00, 0x00, 0x00, 0x5D, 0x00, 0x5D, 0x5D, 0x5D, 0x00,
    0x5D, 0x00, 0x5D, 0x5D, 0x5D, 0x5D, 0x5D, 0x5D, 0x00, 0x00, 0x00, 0x5D, 0x5D, 0x00, 0x00, 0x00,
    0x00, 0x5D, 0x5D, 0x5D, 0x5D, 0x5D, 0x00, 0x5D, 0x5D, 0x00, 0x5D, 0x00, 0x57, 0x57, 0x57, 0x57,
    0x00, 0x00, 0x00, 0x57, 0x57, 0x57, 0x00, 0x57, 0x00, 0x00, 0x00, 0x57, 0x57, 0x00, 0x00, 0x57,
    0x57, 0x00, 0x57, 0x57, 0x00, 0x00, 0x00, 0x57, 0x57, 0x00, 0x57, 0x00, 0x57, 0x00, 0x57, 0x00,
    0x00, 0x57, 0x00, 0x57, 0x57, 0x00, 0x57, 0x00, 0x00, 0x00, 0x00, 0x00, 0x00, 0x00, 0x57, 0x00,
    0x00, 0x00, 0x57, 0x00, 0x00, 0x00, 0x50, 0x50, 0x50, 0x50, 0x50, 0x50, 0x00, 0x00, 0x50, 0x50,
    0x00, 0x00, 0x50, 0x50, 0x00, 0x50, 0x50, 0x50, 0x50, 0x50, 0x00, 0x50, 0x00, 0x50, 0x00, 0x50,
    0x00, 0x50, 0x00, 0x00, 0x50, 0x50, 0x50, 0x50, 0x00, 0x00, 0x00, 0x00, 0x00, 0x00, 0x00, 0x00,
    0x00, 0x50, 0x00, 0x50, 0x50, 0x50, 0x00, 0x50, 0x50, 0x50, 0x50, 0x50, 0x50, 0x50, 0x50, 0x00,
    0x00, 0x00, 0x64, 0x64, 0x00, 0x00, 0x64, 0x64, 0x64, 0x64, 0x64, 0x64, 0x64, 0x00, 0x64, 0x64,
    0x00, 0x64, 0x00, 0x64, 0x00, 0x64, 0x64, 0x64, 0x64, 0x64, 0x64, 0x00, 0x00, 0x64, 0x00, 0x00,
    0x00, 0x00, 0x00, 0x00, 0x64, 0x64, 0x64, 0x64, 0x64, 0x00, 0x64, 0x00, 0x00, 0x64, 0x64, 0x64,
    0x64, 0x64, 0x00, 0x64, 0x64, 0x64, 0x64, 0x00, 0x00, 0x00, 0x64, 0x00, 0x64, 0x64, 0x64, 0x64,
    0x00, 0x00, 0x64, 0x64, 0x64, 0x00, 0x64, 0x64, 0x00, 0x00, 0x00, 0x64, 0x64, 0x64, 0x00, 0x64,
    0x00, 0x64, 0x64, 0x00, 0x00, 0x64, 0x00, 0x64, 0x64, 0x00, 0x64, 0x00, 0x64, 0x00, 0x00, 0x00,
    0x00, 0x64, 0x64, 0x00, 0x00, 0x64, 0x64, 0x00, 0x00, 0x00, 0x00, 0x00, 0x64, 0x64, 0x64, 0x00,
    0x64, 0x00, 0x64, 0x00, 0x64, 0x00, 0x64, 0x64, 0x64, 0x64, 0x00, 0x64, 0x64, 0x00, 0x00, 0x00,
    0x00, 0x00, 0x00, 0x00, 0x00, 0x64, 0x64, 0x64, 0x00, 0x00, 0x64, 0x00, 0x64, 0x64, 0x64, 0x64,
    0x64, 0x64, 0x64, 0x00, 0x64, 0x64, 0x00, 0x64, 0x00, 0x00, 0x00, 0x64, 0x64, 0x64, 0x64, 0x64,
    0x64, 0x00, 0x00, 0x64, 0x00, 0x00, 0x00, 0x64, 0x64, 0x00, 0x64, 0x64, 0x64, 0x64, 0x64, 0x00,
    0x64, 0x00, 0x00, 0x64, 0x64, 0x00, 0x64, 0x00, 0x00, 0x64, 0x64, 0x64, 0x64, 0x00, 0x00, 0x00,
    0x64, 0x00, 0x64, 0x00, 0x00, 0x00, 0x64, 0x00, 0x64, 0x64, 0x64, 0x00, 0x64, 0x64, 0x00, 0x00,
    0x00, 0x00, 0x64, 0x64, 0x00, 0x00, 0x00, 0x64, 0x64, 0x00, 0x00, 0x64, 0x00, 0x64, 0x64, 0x64,
    0x00, 0x64, 0x00, 0x64, 0x64, 0x00, 0x64, 0x00, 0x64, 0x00, 0x00, 0x00, 0x64, 0x64, 0x00, 0x00,
    0x00, 0x00, 0x64, 0x00, 0x00, 0x00, 0x00, 0x00, 0x64, 0x64, 0x00, 0x64, 0x00, 0x64, 0x64, 0x64,
    0x00, 0x00, 0x64, 0x64, 0x64, 0x64, 0x00, 0x64, 0x00, 0x00, 0x00, 0x00, 0x64, 0x64, 0x00, 0x64,
    0x00, 0x64, 0x64, 0x64, 0x00, 0x00, 0x00, 0x64, 0x64, 0x64, 0x00, 0x64, 0x00, 0x00, 0x00, 0x00,
    0x64, 0x64, 0x00, 0x00, 0x00, 0x00, 0x64, 0x64, 0x64, 0x64, 0x64, 0x00, 0x00, 0x00, 0x64, 0x00,
    0x64, 0x64, 0x64, 0x64, 0x00, 0x64, 0x64, 0x64, 0x64, 0x00, 0x64, 0x64, 0x00, 0x00, 0x00, 0x64,
    0x64, 0x64, 0x00, 0x00, 0x64, 0x64, 0x64, 0x00, 0x00, 0x64, 0x00, 0x64, 0x64, 0x00, 0x64, 0x64,
    0x00, 0x64, 0x00, 0x64, 0x64, 0x00, 0x64, 0x00, 0x00, 0x00, 0x64, 0x00, 0x00, 0x64, 0x00, 0x00,
    0x00, 0x00, 0x64, 0x00, 0x00, 0x00, 0x64, 0x64, 0x00, 0x00, 0x64, 0x00, 0x00, 0x64, 0x64, 0x64,
    0x00, 0x00, 0x64, 0x64, 0x00, 0x64, 0x00, 0x64, 0x00, 0x00, 0x64, 0x00, 0x64, 0x64, 0x00, 0x64,
    0x00, 0x64, 0x00, 0x00, 0x00, 0x00, 0x00, 0x64, 0x00, 0x00, 0x00, 0x64, 0x00, 0x00, 0x00, 0x00,
    0x00, 0x64, 0x64, 0x64, 0x64, 0x00, 0x00, 0x64, 0x64, 0x00, 0x00, 0x64, 0x64, 0x64, 0x64, 0x00,
    0x64, 0x64, 0x64, 0x00, 0x64, 0x00, 0x64, 0x00, 0x64, 0x00, 0x64, 0x64, 0x64, 0x00, 0x00, 0x64,
    0x64, 0x00, 0x00, 0x00, 0x00, 0x00, 0x00, 0x00, 0x00, 0x64, 0x64, 0x00, 0x64, 0x00, 0x64, 0x00,
    0x64, 0x64, 0x64, 0x64, 0x64, 0x64, 0x64, 0x00, 0x64, 0x00, 0x00, 0x00, 0x00, 0x00, 0x00, 0x64,
    0x64, 0x64, 0x64, 0x64, 0x64, 0x00, 0x00, 0x00, 0x64, 0x64, 0x64, 0x64, 0x64, 0x00, 0x64, 0x64,
    0x64, 0x64, 0x64, 0x00, 0x64, 0x64, 0x00, 0x64, 0x64, 0x64, 0x64, 0x00, 0x00, 0x00, 0x64, 0x64,
    0x64, 0x64, 0x00, 0x64, 0x64, 0x64, 0x00, 0x64, 0x64, 0x64, 0x64, 0x64, 0x00, 0x64, 0x64, 0x64,
    0x00, 0x00, 0x64, 0x64, 0x00, 0x00, 0x64, 0x64, 0x64, 0x64, 0x00, 0x00, 0x64, 0x64, 0x00, 0x64,
    0x00, 0x64, 0x00, 0x64, 0x00, 0x64, 0x64, 0x64, 0x00, 0x64, 0x00, 0x64, 0x00, 0x00, 0x00, 0x00,
    0x00, 0x00, 0x00, 0x00, 0x64, 0x64, 0x00, 0x00, 0x00, 0x00, 0x00, 0x64, 0x64, 0x64, 0x64, 0x64,
    0x64, 0x64, 0x00, 0x64, 0x00, 0x64, 0x64, 0x64, 0x64, 0x00, 0x64, 0x64, 0x64, 0x64, 0x64, 0x64,
    0x00, 0x00, 0x00, 0x00, 0x64, 0x64, 0x64, 0x00, 0x00, 0x64, 0x64, 0x64, 0x64, 0x64, 0x00, 0x64,
    0x64, 0x64, 0x00, 0x64, 0x64, 0x00, 0x64, 0x00, 0x64, 0x64, 0x64, 0x64, 0x00, 0x00, 0x64, 0x64,
    0x00, 0x00, 0x64, 0x00, 0x00, 0x00, 0x00, 0x64, 0x64, 0x64, 0x00, 0x64, 0x00, 0x64, 0x00, 0x64,
    0x00, 0x00, 0x64, 0x64, 0x64, 0x00, 0x64, 0x64, 0x00, 0x00, 0x00, 0x00, 0x00, 0x00, 0x00, 0x64,
    0x00, 0x64, 0x64, 0x00, 0x00, 0x64, 0x00, 0x64, 0x64, 0x64, 0x64, 0x64, 0x64, 0x00, 0x00, 0x00,
    0x64, 0x00, 0x64, 0x00, 0x00, 0x00, 0x64, 0x64, 0x64, 0x64, 0x64, 0x00, 0x64, 0x64, 0x00, 0x00,
    0x00, 0x00, 0x64, 0x64, 0x00, 0x64, 0x64, 0x64, 0x64, 0x00, 0x00, 0x64, 0x00, 0x64, 0x64, 0x64,
    0x00, 0x64, 0x00, 0x00, 0x00, 0x64, 0x00, 0x00, 0x64, 0x00, 0x00, 0x00, 0x64, 0x64, 0x64, 0x64,
    0x00, 0x64, 0x64, 0x00, 0x00, 0x64, 0x00, 0x00, 0x64, 0x64, 0x00, 0x64, 0x64, 0x64, 0x00, 0x00,
    0x64, 0x00, 0x64, 0x00, 0x00, 0x64, 0x00, 0x64, 0x00, 0x00, 0x64, 0x64, 0x00, 0x64, 0x00, 0x00,
    0x00, 0x00, 0x64, 0x00, 0x00, 0x00, 0x00, 0x64, 0x00, 0x64, 0x00, 0x00, 0x00, 0x64, 0x64, 0x64,
    0x00, 0x00, 0x64, 0x64, 0x64, 0x00, 0x00, 0x00, 0x00, 0x64, 0x64, 0x00, 0x64, 0x64, 0x00, 0x64,
    0x00, 0x64, 0x64, 0x00, 0x64, 0x64, 0x64, 0x00, 0x64, 0x00, 0x00, 0x64, 0x00, 0x00, 0x00, 0x00,
    0x64, 0x00, 0x00, 0x64, 0x64, 0x00, 0x00, 0x00, 0x64, 0x00, 0x00, 0x64, 0x64, 0x64, 0x00, 0x00,
    0x64, 0x00, 0x64, 0x00, 0x64, 0x64, 0x00, 0x00, 0x64, 0x00, 0x64, 0x64, 0x00, 0x64, 0x00, 0x00,
    0x00, 0x00, 0x00, 0x64, 0x00, 0x64, 0x00, 0x00, 0x00, 0x64, 0x00, 0x00, 0x00, 0x64, 0x64, 0x64,
    0x64, 0x00, 0x00, 0x00, 0x00, 0x64, 0x64, 0x00, 0x00, 0x64, 0x64, 0x00, 0x64, 0x64, 0x64, 0x00,
    0x64, 0x64, 0x64, 0x00, 0x64, 0x00, 0x64, 0x00, 0x64, 0x00, 0x00, 0x64, 0x64, 0x00, 0x00, 0x64,
    0x64, 0x00, 0x00, 0x00, 0x00, 0x00, 0x00, 0x00, 0x64, 0x00, 0x64, 0x00, 0x64, 0x00, 0x64, 0x00,
    0x64, 0x64, 0x64, 0x64, 0x64, 0x64, 0x00, 0x00, 0x00, 0x00, 0x00, 0x00, 0x00, 0x00, 0x00, 0x64,
    0x00, 0x64, 0x00, 0x64, 0x00, 0x64, 0x64, 0x00, 0x00, 0x00, 0x64, 0x64, 0x64, 0x00, 0x00, 0x00,
    0x00, 0x00, 0x00, 0x00, 0x64, 0x00, 0x64, 0x64, 0x00, 0x64, 0x64, 0x00, 0x64, 0x64, 0x64, 0x64,
    0x64, 0x64, 0x00, 0x00, 0x00, 0x64, 0x00, 0x00, 0x64, 0x00, 0x00, 0x64, 0x64, 0x64, 0x64, 0x64,
    0x00, 0x64, 0x64, 0x00, 0x00, 0x64, 0x00, 0x00, 0x64, 0x00, 0x64, 0x64, 0x64, 0x64, 0x00, 0x00,
    0x64, 0x00, 0x64, 0x00, 0x00, 0x64, 0x00, 0x00, 0x00, 0x64, 0x64, 0x64, 0x00, 0x64, 0x00, 0x00,
    0x00, 0x00, 0x64, 0x00, 0x00, 0x64, 0x64, 0x00, 0x64, 0x64, 0x00, 0x00, 0x00, 0x64, 0x64, 0x64,
    0x00, 0x00, 0x64, 0x00, 0x64, 0x00, 0x00, 0x64, 0x00, 0x64, 0x64, 0x00, 0x64, 0x64, 0x00, 0x64,
    0x00, 0x00, 0x00, 0x00, 0x64, 0x00, 0x00, 0x00, 0x64, 0x00, 0x00, 0x64, 0x00, 0x00, 0x00, 0x64,
    0x64, 0x64, 0x00, 0x00, 0x64, 0x64, 0x00, 0x00, 0x64, 0x00, 0x00, 0x64, 0x64, 0x00, 0x64, 0x64,
    0x00, 0x64, 0x00, 0x64, 0x00, 0x64, 0x00, 0x00, 0x64, 0x00, 0x64, 0x00, 0x00, 0x64, 0x00, 0x00,
    0x00, 0x00, 0x00, 0x00, 0x00, 0x64, 0x00, 0x00, 0x00, 0x00, 0x64, 0x00, 0x00, 0x64, 0x64, 0x64,
    0x64, 0x64, 0x64, 0x00, 0x00, 0x64, 0x64, 0x64, 0x00, 0x00, 0x64, 0x00, 0x64, 0x64, 0x64, 0x64,
    0x64, 0x00, 0x64, 0x00, 0x64, 0x64, 0x00, 0x00, 0x00, 0x64, 0x64, 0x64, 0x00, 0x00, 0x64, 0x00,
    0x64, 0x64, 0x00, 0x64, 0x00, 0x64, 0x64, 0x00, 0x64, 0x64, 0x00, 0x64, 0x00, 0x00, 0x00, 0x64,
    0x00, 0x00, 0x00, 0x00, 0x64, 0x00, 0x00, 0x64, 0x00, 0x00, 0x00, 0x64, 0x64, 0x00, 0x00, 0x64,
    0x64, 0x64, 0x00, 0x00, 0x64, 0x00, 0x00, 0x64, 0x64, 0x00, 0x64, 0x00, 0x64, 0x00, 0x64, 0x64,
    0x00, 0x64, 0x00, 0x00, 0x64, 0x00, 0x64, 0x00, 0x00, 0x00, 0x00, 0x00, 0x00, 0x64, 0x00, 0x00,
    0x00, 0x64, 0x00, 0x00, 0x00, 0x00, 0x64, 0x64, 0x64, 0x64, 0x64, 0x00, 0x00, 0x64, 0x64, 0x00,
    0x00, 0x64, 0x64, 0x64, 0x00, 0x64, 0x64, 0x64, 0x64, 0x00, 0x64, 0x00, 0x64, 0x00, 0x64, 0x00,
    0x64, 0x64, 0x00, 0x00, 0x64, 0x64, 0x64, 0x00, 0x00, 0x00, 0x00, 0x00, 0x00, 0x00, 0x00, 0x64,
    0x00, 0x64, 0x00, 0x64, 0x64, 0x00, 0x64, 0x64, 0x64, 0x64, 0x64, 0x64, 0x64, 0x00, 0x00, 0x00,
    0x00, 0x00, 0x64, 0x00, 0x00, 0x64, 0x64, 0x64, 0x64, 0x64, 0x64, 0x00, 0x64, 0x64, 0x64, 0x64,
    0x00, 0x00, 0x64, 0x00, 0x64, 0x64, 0x64, 0x64, 0x64, 0x00, 0x00, 0x64, 0x64, 0x64, 0x00, 0x64,
    0x00, 0x00, 0x00, 0x64, 0x64, 0x64, 0x64, 0x00, 0x64, 0x00, 0x64, 0x64, 0x00, 0x00, 0x00, 0x64,
    0x64, 0x00, 0x64, 0x64, 0x64, 0x00, 0x00, 0x00, 0x00, 0x64, 0x00, 0x64, 0x64, 0x00, 0x64, 0x00,
    0x64, 0x00, 0x00, 0x64, 0x64, 0x00, 0x00, 0x00, 0x64, 0x64, 0x00, 0x64, 0x00, 0x00, 0x64, 0x00,
    0x64, 0x00, 0x64, 0x00, 0x64, 0x64, 0x00, 0x64, 0x00, 0x00, 0x00, 0x64, 0x00, 0x00, 0x00, 0x00,
    0x00, 0x00, 0x00, 0x64, 0x00, 0x00, 0x00, 0x64, 0x64, 0x00, 0x00, 0x64, 0x64, 0x64, 0x64, 0x64,
    0x64, 0x00, 0x00, 0x64, 0x64, 0x00, 0x64, 0x00, 0x64, 0x00, 0x64, 0x64, 0x64, 0x64, 0x64, 0x00,
    0x64, 0x00, 0x64, 0x00, 0x00, 0x00, 0x00, 0x00, 0x00, 0x64, 0x64, 0x64, 0x64, 0x00, 0x00, 0x00,
    0x00, 0x00, 0x64, 0x64, 0x64, 0x64, 0x64, 0x00, 0x64, 0x64, 0x64, 0x00, 0x64, 0x64, 0x64, 0x64,
    0x00, 0x64, 0x64, 0x64, 0x64, 0x00, 0x00, 0x64, 0x64, 0x00, 0x00, 0x64, 0x64, 0x64, 0x00, 0x00,
    0x64, 0x64, 0x64, 0x00, 0x64, 0x00, 0x64, 0x00, 0x64, 0x00, 0x64, 0x64, 0x00, 0x64, 0x00, 0x64,
    0x64, 0x00, 0x00, 0x00, 0x00, 0x00, 0x00, 0x00, 0x00, 0x64, 0x00, 0x00, 0x00, 0x00, 0x64, 0x00,
    0x64, 0x64, 0x64, 0x64, 0x64, 0x64, 0x64, 0x00, 0x00, 0x64, 0x64, 0x64, 0x00, 0x00, 0x00, 0x64,
    0x64, 0x64, 0x64, 0x64, 0x64, 0x00, 0x64, 0x00, 0x64, 0x64, 0x00, 0x64, 0x64, 0x00, 0x64, 0x64,
    0x64, 0x64, 0x64, 0x00, 0x00, 0x00, 0x00, 0x64, 0x00, 0x00, 0x64, 0x00, 0x00, 0x64, 0x64, 0x64,
    0x64, 0x00, 0x64, 0x64, 0x64, 0x00, 0x00, 0x64, 0x00, 0x00, 0x00, 0x00, 0x00, 0x00, 0x00, 0x00,
    0x00, 0x00, 0x64, 0x00, 0x64, 0x64, 0x00, 0x00, 0x64, 0x64, 0x64, 0x64, 0x64, 0x64, 0x64, 0x64,
    0x00, 0x00, 0x00, 0x64, 0x00, 0x64, 0x00, 0x64, 0x64, 0x64, 0x64, 0x64, 0x64, 0x64, 0x00, 0x64,
    0x64, 0x00, 0x00, 0x00, 0x00, 0x00, 0x64, 0x64, 0x64, 0x64, 0x64, 0x64, 0x00, 0x00, 0x64, 0x00,
    0x64, 0x64, 0x64, 0x64, 0x00, 0x64, 0x64, 0x64, 0x64, 0x64, 0x00, 0x64, 0x00, 0x00, 0x00, 0x64,
    0x64, 0x64, 0x00, 0x00, 0x64, 0x64, 0x64, 0x64, 0x00, 0x00, 0x00, 0x64, 0x64, 0x00, 0x64, 0x64,
    0x00, 0x64, 0x00, 0x64, 0x64, 0x64, 0x00, 0x64, 0x64, 0x00, 0x64, 0x00, 0x00, 0x64, 0x00, 0x00,
    0x00, 0x00, 0x64, 0x64, 0x00, 0x00, 0x64, 0x00, 0x00, 0x00, 0x64, 0x00, 0x00, 0x64, 0x64, 0x64,
    0x00, 0x64, 0x00, 0x64, 0x00, 0x00, 0x64, 0x64, 0x00, 0x00, 0x64, 0x00, 0x64, 0x64, 0x00, 0x00,
    0x00, 0x00, 0x00, 0x64, 0x00, 0x64, 0x00, 0x64, 0x00, 0x00, 0x00, 0x64, 0x00, 0x64, 0x64, 0x64,
    0x64, 0x00, 0x00, 0x00, 0x00, 0x00, 0x00, 0x64, 0x64, 0x00, 0x00, 0x00, 0x64, 0x64, 0x64, 0x00,
    0x64, 0x64, 0x64, 0x64, 0x64, 0x00, 0x64, 0x00, 0x64, 0x64, 0x00, 0x64, 0x64, 0x00, 0x00, 0x64,
    0x64, 0x64, 0x64, 0x00, 0x00, 0x00, 0x00, 0x64, 0x00, 0x00, 0x64, 0x00, 0x64, 0x00, 0x64, 0x64,
    0x64, 0x00, 0x00, 0x64, 0x64, 0x00, 0x64, 0x00, 0x00, 0x00, 0x64, 0x00, 0x64, 0x64, 0x64, 0x64,
    0x64, 0x00, 0x64, 0x00, 0x00, 0x00, 0x64, 0x64, 0x00, 0x00, 0x00, 0x64, 0x64, 0x64, 0x64, 0x00,
    0x00, 0x00, 0x64, 0x64, 0x00, 0x64, 0x00, 0x64, 0x64, 0x00, 0x64, 0x64, 0x64, 0x00, 0x64, 0x64,
    0x00, 0x64, 0x00, 0x00, 0x00, 0x00, 0x64, 0x00, 0x00, 0x64, 0x64, 0x00, 0x00, 0x64, 0x00, 0x00,
    0x00, 0x64, 0x64, 0x64, 0x00, 0x00, 0x64, 0x00, 0x64, 0x00, 0x64, 0x00, 0x00, 0x64, 0x64, 0x00,
    0x64, 0x64, 0x00, 0x64, 0x00, 0x00, 0x00, 0x00, 0x00, 0x00, 0x64, 0x00, 0x64, 0x00, 0x00, 0x64,
    0x00, 0x00, 0x00, 0x64, 0x64, 0x64, 0x64, 0x64, 0x00, 0x00, 0x00, 0x00, 0x64, 0x00, 0x00, 0x64,
    0x64, 0x00, 0x64, 0x64, 0x64, 0x64, 0x00, 0x64, 0x64, 0x64, 0x00, 0x00, 0x64, 0x00, 0x64, 0x00,
    0x00, 0x64, 0x64, 0x64, 0x00, 0x00, 0x64, 0x64, 0x00, 0x64, 0x00, 0x00, 0x00, 0x00, 0x64, 0x00,
    0x64, 0x64, 0x00, 0x64, 0x00, 0x64, 0x00, 0x00, 0x00, 0x64, 0x64, 0x64, 0x00, 0x00, 0x00, 0x64,
    0x00, 0x00, 0x00, 0x00, 0x00, 0x64, 0x64, 0x00, 0x64, 0x64, 0x00, 0x5D, 0x5D, 0x00, 0x00, 0x5D,
    0x5D, 0x5D, 0x5D, 0x00, 0x5D, 0x00, 0x00, 0x5D, 0x00, 0x00, 0x5D, 0x00, 0x5D, 0x00, 0x5D, 0x5D,
    0x5D, 0x00, 0x00, 0x00, 0x5D, 0x00, 0x00, 0x5D, 0x00, 0x00, 0x00, 0x00, 0x00, 0x5D, 0x00, 0x5D,
    0x00, 0x00, 0x00, 0x5D, 0x5D, 0x5D, 0x00, 0x5D, 0x00, 0x00, 0x5D, 0x00, 0x00, 0x00, 0x00, 0x5D,
    0x5D, 0x00, 0x5D, 0x5D, 0x00, 0x00, 0x00, 0x5D, 0x00, 0x00, 0x5D, 0x5D, 0x5D, 0x00, 0x5D, 0x00,
    0x00, 0x5D, 0x00, 0x5D, 0x5D, 0x00, 0x00, 0x5D, 0x00, 0x5D, 0x5D, 0x00, 0x00, 0x00, 0x5D, 0x00,
    0x00, 0x00, 0x5D, 0x00, 0x5D, 0x00, 0x00, 0x00, 0x5D, 0x00, 0x5D, 0x5D, 0x00, 0x00, 0x5D, 0x5D,
    0x00, 0x00, 0x00, 0x00, 0x5D, 0x5D, 0x00, 0x00, 0x00, 0x5D, 0x00, 0x5D, 0x00, 0x5D, 0x00, 0x5D,
    0x5D, 0x5D, 0x00, 0x5D, 0x00, 0x5D, 0x5D, 0x00, 0x00, 0x00, 0x00, 0x00, 0x00, 0x00, 0x5D, 0x5D,
    0x00, 0x00, 0x00, 0x00, 0x5D, 0x00, 0x5D, 0x5D, 0x5D, 0x5D, 0x5D, 0x5D, 0x00, 0x5D, 0x00, 0x5D,
    0x5D, 0x5D, 0x00, 0x00, 0x00, 0x5D, 0x5D, 0x5D, 0x5D, 0x5D, 0x00, 0x00, 0x00, 0x00, 0x5D, 0x5D,
    0x00, 0x5D, 0x5D, 0x00, 0x5D, 0x5D, 0x5D, 0x5D, 0x00, 0x5D, 0x5D, 0x5D, 0x00, 0x5D, 0x00, 0x00,
    0x5D, 0x00, 0x00, 0x5D, 0x5D, 0x5D, 0x00, 0x00, 0x5D, 0x5D, 0x00, 0x00, 0x00, 0x5D, 0x00, 0x00,
    0x5D, 0x00, 0x5D, 0x5D, 0x00, 0x5D, 0x00, 0x5D, 0x00, 0x5D, 0x5D, 0x00, 0x00, 0x5D, 0x00, 0x00,
    0x00, 0x5D, 0x00, 0x00, 0x00, 0x00, 0x00, 0x00, 0x5D, 0x00, 0x5D, 0x00, 0x00, 0x5D, 0x5D, 0x00,
    0x00, 0x5D, 0x5D, 0x5D, 0x5D, 0x00, 0x00, 0x5D, 0x00, 0x00, 0x5D, 0x5D, 0x5D, 0x5D, 0x00, 0x5D,
    0x5D, 0x00, 0x00, 0x00, 0x5D, 0x00, 0x00, 0x5D, 0x00, 0x5D, 0x5D, 0x5D, 0x00, 0x00, 0x5D, 0x00,
    0x5D, 0x5D, 0x00, 0x00, 0x5D, 0x00, 0x00, 0x00, 0x5D, 0x5D, 0x00, 0x5D, 0x00, 0x00, 0x00, 0x5D,
    0x00, 0x5D, 0x00, 0x00, 0x5D, 0x5D, 0x00, 0x5D, 0x00, 0x00, 0x00, 0x5D, 0x5D, 0x00, 0x00, 0x00,
    0x00, 0x5D, 0x00, 0x5D, 0x00, 0x00, 0x00, 0x5D, 0x5D, 0x00, 0x5D, 0x00, 0x5D, 0x5D, 0x5D, 0x00,
    0x00, 0x00, 0x00, 0x5D, 0x5D, 0x00, 0x5D, 0x00, 0x00, 0x00, 0x00, 0x5D, 0x5D, 0x00, 0x5D, 0x5D,
    0x5D, 0x00, 0x5D, 0x00, 0x00, 0x00, 0x5D, 0x5D, 0x5D, 0x00, 0x5D, 0x00, 0x00, 0x5D, 0x5D, 0x00,
    0x00, 0x00, 0x5D, 0x5D, 0x00, 0x5D, 0x5D, 0x00, 0x00, 0x00, 0x5D, 0x00, 0x5D, 0x00, 0x5D, 0x5D,
    0x00, 0x5D, 0x00, 0x00, 0x5D, 0x00, 0x5D, 0x5D, 0x00, 0x00, 0x00, 0x00, 0x00, 0x5D, 0x00, 0x00,
    0x00, 0x5D, 0x00, 0x00, 0x00, 0x5D, 0x00, 0x5D, 0x5D, 0x5D, 0x5D, 0x00, 0x00, 0x5D, 0x5D, 0x00,
    0x00, 0x5D, 0x5D, 0x00, 0x00, 0x00, 0x5D, 0x5D, 0x5D, 0x00, 0x5D, 0x00, 0x5D, 0x00, 0x5D, 0x00,
    0x5D, 0x00, 0x5D, 0x5D, 0x00, 0x5D, 0x5D, 0x00, 0x00, 0x00, 0x00, 0x00, 0x00, 0x00, 0x00, 0x00,
    0x00, 0x5D, 0x00, 0x00, 0x5D, 0x00, 0x5D, 0x5D, 0x5D, 0x5D, 0x5D, 0x5D, 0x5D, 0x5D, 0x00, 0x5D,
    0x5D, 0x5D, 0x5D, 0x00, 0x5D, 0x00, 0x5D, 0x5D, 0x00, 0x00, 0x5D, 0x00, 0x00, 0x00, 0x5D, 0x5D,
    0x5D, 0x00, 0x00, 0x00, 0x00, 0x5D, 0x00, 0x5D, 0x00, 0x00, 0x5D, 0x5D, 0x00, 0x5D, 0x5D, 0x00,
    0x5D, 0x5D, 0x5D, 0x00, 0x00, 0x00, 0x00, 0x5D, 0x00, 0x5D, 0x00, 0x00, 0x5D, 0x00, 0x00, 0x5D,
    0x5D, 0x00, 0x5D, 0x5D, 0x5D, 0x00, 0x00, 0x00, 0x00, 0x5D, 0x00, 0x00, 0x5D, 0x00, 0x5D, 0x00,
    0x00, 0x5D, 0x5D, 0x00, 0x5D, 0x5D, 0x5D, 0x00, 0x00, 0x5D, 0x00, 0x00, 0x00, 0x00, 0x5D, 0x00,
    0x5D, 0x00, 0x00, 0x5D, 0x5D, 0x00, 0x5D, 0x00, 0x00, 0x5D, 0x5D, 0x5D, 0x00, 0x00, 0x00, 0x00,
    0x5D, 0x00, 0x5D, 0x00, 0x00, 0x00, 0x5D, 0x00, 0x5D, 0x5D, 0x00, 0x5D, 0x5D, 0x5D, 0x00, 0x00,
    0x00, 0x00, 0x5D, 0x5D, 0x00, 0x00, 0x00, 0x5D, 0x00, 0x00, 0x5D, 0x5D, 0x00, 0x5D, 0x5D, 0x5D,
    0x00, 0x5D, 0x00, 0x5D, 0x5D, 0x00, 0x00, 0x5D, 0x00, 0x5D, 0x00, 0x00, 0x5D, 0x5D, 0x00, 0x00,
    0x00, 0x00, 0x5D, 0x00, 0x5D, 0x00, 0x00, 0x00, 0x00, 0x5D, 0x00, 0x5D, 0x00, 0x5D, 0x5D, 0x5D,
    0x00, 0x00, 0x00, 0x00, 0x5D, 0x5D, 0x5D, 0x00, 0x00, 0x00, 0x00, 0x00, 0x5D, 0x5D, 0x00, 0x5D,
    0x5D, 0x5D, 0x00, 0x5D, 0x5D, 0x00, 0x5D, 0x5D, 0x5D, 0x5D, 0x00, 0x5D, 0x00, 0x00, 0x5D, 0x5D,
    0x00, 0x00, 0x5D, 0x00, 0x00, 0x5D, 0x5D, 0x5D, 0x00, 0x00, 0x5D, 0x00, 0x5D, 0x00, 0x5D, 0x5D,
    0x5D, 0x5D, 0x5D, 0x5D, 0x5D, 0x5D, 0x00, 0x5D, 0x00, 0x00, 0x00, 0x00, 0x00, 0x5D, 0x5D, 0x5D,
    0x5D, 0x5D, 0x5D, 0x5D, 0x00, 0x00, 0x00, 0x5D, 0x5D, 0x5D, 0x5D, 0x00, 0x5D, 0x5D, 0x5D, 0x5D,
    0x5D, 0x5D, 0x00, 0x5D, 0x5D, 0x00, 0x5D, 0x5D, 0x5D, 0x00, 0x00, 0x5D, 0x5D, 0x5D, 0x5D, 0x5D,
    0x00, 0x00, 0x5D, 0x00, 0x00, 0x5D, 0x5D, 0x00, 0x5D, 0x00, 0x5D, 0x5D, 0x5D, 0x5D, 0x00, 0x5D,
    0x00, 0x00, 0x5D, 0x00, 0x5D, 0x00, 0x00, 0x00, 0x00, 0x5D, 0x5D, 0x5D, 0x00, 0x00, 0x00, 0x5D,
    0x00, 0x00, 0x00, 0x00, 0x5D, 0x5D, 0x5D, 0x00, 0x5D, 0x5D, 0x00, 0x5D, 0x5D, 0x00, 0x00, 0x5D,
    0x5D, 0x5D, 0x00, 0x5D, 0x5D, 0x00, 0x00, 0x5D, 0x00, 0x00, 0x5D, 0x00, 0x5D, 0x00, 0x5D, 0x5D,
    0x00, 0x00, 0x5D, 0x00, 0x5D, 0x00, 0x00, 0x5D, 0x00, 0x00, 0x00, 0x00, 0x00, 0x5D, 0x00, 0x5D,
    0x00, 0x00, 0x00, 0x00, 0x5D, 0x00, 0x00, 0x5D, 0x5D, 0x5D, 0x5D, 0x00, 0x00, 0x00, 0x00, 0x5D,
    0x5D, 0x5D, 0x00, 0x00, 0x5D, 0x00, 0x5D, 0x5D, 0x5D, 0x00, 0x5D, 0x5D, 0x5D, 0x00, 0x5D, 0x5D,
    0x00, 0x5D, 0x00, 0x00, 0x00, 0x5D, 0x5D, 0x00, 0x00, 0x5D, 0x5D, 0x00, 0x00, 0x5D, 0x00, 0x00,
    0x00, 0x5D, 0x5D, 0x00, 0x5D, 0x00, 0x5D, 0x00, 0x5D, 0x00, 0x5D, 0x00, 0x00, 0x5D, 0x5D, 0x00,
    0x5D, 0x5D, 0x00, 0x00, 0x00, 0x5D, 0x00, 0x5D, 0x00, 0x5D, 0x00, 0x5D, 0x5D, 0x5D, 0x5D, 0x5D,
    0x00, 0x5D, 0x5D, 0x00, 0x00, 0x00, 0x00, 0x00, 0x00, 0x00, 0x5D, 0x5D, 0x5D, 0x5D, 0x00, 0x00,
    0x5D, 0x00, 0x5D, 0x5D, 0x5D, 0x5D, 0x5D, 0x5D, 0x00, 0x5D, 0x5D, 0x5D, 0x00, 0x5D, 0x00, 0x00,
    0x00, 0x5D, 0x5D, 0x5D, 0x5D, 0x5D, 0x00, 0x00, 0x5D, 0x5D, 0x00, 0x00, 0x00, 0x5D, 0x5D, 0x00,
    0x5D, 0x5D, 0x5D, 0x5D, 0x00, 0x5D, 0x00, 0x5D, 0x00, 0x5D, 0x5D, 0x00, 0x5D, 0x00, 0x00, 0x5D,
    0x5D, 0x5D, 0x00, 0x00, 0x00, 0x00, 0x00, 0x00, 0x5D, 0x00, 0x00, 0x00, 0x5D, 0x00, 0x5D, 0x5D,
    0x00, 0x5D, 0x5D, 0x5D, 0x5D, 0x5D, 0x00, 0x00, 0x5D, 0x5D, 0x00, 0x00, 0x00, 0x5D, 0x00, 0x00,
    0x5D, 0x5D, 0x5D, 0x5D, 0x00, 0x5D, 0x00, 0x5D, 0x00, 0x5D, 0x5D, 0x00, 0x00, 0x5D, 0x00, 0x5D,
    0x5D, 0x5D, 0x00, 0x00, 0x00, 0x00, 0x00, 0x00, 0x5D, 0x00, 0x5D, 0x00, 0x00, 0x00, 0x5D, 0x5D,
    0x00, 0x5D, 0x5D, 0x5D, 0x5D, 0x5D, 0x00, 0x00, 0x00, 0x00, 0x5D, 0x5D, 0x00, 0x5D, 0x00, 0x00,
    0x5D, 0x5D, 0x5D, 0x5D, 0x00, 0x5D, 0x5D, 0x5D, 0x00, 0x5D, 0x00, 0x00, 0x00, 0x5D, 0x00, 0x5D,
    0x5D, 0x5D, 0x00, 0x00, 0x5D, 0x5D, 0x00, 0x00, 0x00, 0x5D, 0x5D, 0x00, 0x00, 0x00, 0x5D, 0x5D,
    0x00, 0x5D, 0x00, 0x5D, 0x00, 0x5D, 0x5D, 0x00, 0x5D, 0x00, 0x5D, 0x5D, 0x00, 0x5D, 0x5D, 0x00,
    0x5D, 0x00, 0x5D, 0x5D, 0x00, 0x00, 0x5D, 0x00, 0x00, 0x5D, 0x00, 0x00, 0x5D, 0x00, 0x00, 0x00,
    0x00, 0x5D, 0x00, 0x5D, 0x00, 0x00, 0x5D, 0x00, 0x00, 0x5D, 0x00, 0x00, 0x5D, 0x5D, 0x5D, 0x00,
    0x00, 0x00, 0x00, 0x5D, 0x00, 0x00, 0x5D, 0x00, 0x00, 0x5D, 0x00, 0x5D, 0x5D, 0x00, 0x5D, 0x5D,
    0x5D, 0x00, 0x00, 0x5D, 0x00, 0x00, 0x5D, 0x00, 0x00, 0x00, 0x5D, 0x00, 0x00, 0x5D, 0x5D, 0x00,
    0x5D, 0x00, 0x00, 0x5D, 0x00, 0x00, 0x5D, 0x5D, 0x00, 0x00, 0x5D, 0x00, 0x5D, 0x00, 0x00, 0x00,
    0x5D, 0x00, 0x00, 0x5D, 0x00, 0x5D, 0x00, 0x5D, 0x00, 0x00, 0x00, 0x00, 0x5D, 0x5D, 0x00, 0x00,
    0x5D, 0x00, 0x00, 0x00, 0x00, 0x00, 0x00, 0x5D, 0x5D, 0x5D, 0x00, 0x5D, 0x00, 0x5D, 0x00, 0x00,
    0x5D, 0x5D, 0x5D, 0x5D, 0x5D, 0x00, 0x5D, 0x5D, 0x00, 0x00, 0x00, 0x00, 0x00, 0x5D, 0x00, 0x5D,
    0x5D, 0x5D, 0x5D, 0x00, 0x00, 0x5D, 0x00, 0x5D, 0x5D, 0x5D, 0x5D, 0x00, 0x00, 0x00, 0x5D, 0x5D,
    0x5D, 0x00, 0x5D, 0x00, 0x00, 0x00, 0x5D, 0x5D, 0x5D, 0x00, 0x5D, 0x5D, 0x00, 0x5D, 0x5D, 0x00,
    0x00, 0x00, 0x5D, 0x5D, 0x00, 0x5D, 0x5D, 0x00, 0x00, 0x5D, 0x00, 0x00, 0x5D, 0x00, 0x5D, 0x5D,
    0x00, 0x5D, 0x00, 0x00, 0x5D, 0x00, 0x5D, 0x00, 0x00, 0x5D, 0x00, 0x00, 0x00, 0x5D, 0x00, 0x00,
    0x00, 0x5D, 0x00, 0x5D, 0x00, 0x5D, 0x5D, 0x5D, 0x5D, 0x00, 0x00, 0x5D, 0x00, 0x5D, 0x00, 0x00,
    0x00, 0x00, 0x00, 0x00, 0x5D, 0x5D, 0x5D, 0x00, 0x5D, 0x00, 0x00, 0x00, 0x00, 0x5D, 0x5D, 0x5D,
    0x5D, 0x5D, 0x00, 0x5D, 0x5D, 0x00, 0x00, 0x00, 0x5D, 0x5D, 0x5D, 0x00, 0x5D, 0x5D, 0x5D, 0x5D,
    0x00, 0x00, 0x5D, 0x00, 0x5D, 0x5D, 0x00, 0x5D, 0x5D, 0x00, 0x00, 0x5D, 0x5D, 0x5D, 0x00, 0x5D,
    0x00, 0x00, 0x00, 0x5D, 0x00, 0x00, 0x5D, 0x00, 0x5D, 0x00, 0x5D, 0x5D, 0x00, 0x00, 0x00, 0x5D,
    0x5D, 0x00, 0x00, 0x5D, 0x00, 0x00, 0x00, 0x00, 0x00, 0x5D, 0x00, 0x5D, 0x5D, 0x00, 0x5D, 0x00,
    0x5D, 0x00, 0x00, 0x5D, 0x5D, 0x5D, 0x5D, 0x00, 0x00, 0x00, 0x5D, 0x00, 0x00, 0x00, 0x00, 0x00,
    0x5D, 0x00, 0x5D, 0x5D, 0x5D, 0x00, 0x5D, 0x5D, 0x00, 0x00, 0x5D, 0x5D, 0x5D, 0x5D, 0x00, 0x00,
    0x00, 0x5D, 0x5D, 0x00, 0x00, 0x5D, 0x00, 0x5D, 0x00, 0x5D, 0x5D, 0x5D, 0x00, 0x5D, 0x5D, 0x00,
    0x5D, 0x00, 0x5D, 0x00, 0x00, 0x00, 0x00, 0x00, 0x5D, 0x5D, 0x00, 0x00, 0x5D, 0x00, 0x00, 0x00,
    0x00, 0x00, 0x5D, 0x5D, 0x5D, 0x5D, 0x00, 0x5D, 0x00, 0x5D, 0x00, 0x00, 0x5D, 0x5D, 0x5D, 0x5D,
    0x00, 0x5D, 0x5D, 0x5D, 0x00, 0x00, 0x00, 0x00, 0x00, 0x5D, 0x00, 0x5D, 0x5D, 0x5D, 0x00, 0x00,
    0x5D, 0x5D, 0x00, 0x5D, 0x5D, 0x5D, 0x5D, 0x00, 0x00, 0x00, 0x5D, 0x5D, 0x5D, 0x5D, 0x00, 0x00,
    0x5D, 0x00, 0x00, 0x00, 0x00, 0x5D, 0x00, 0x00, 0x00, 0x5D, 0x5D, 0x5D, 0x00, 0x5D, 0x00, 0x00,
    0x5D, 0x5D, 0x5D, 0x00, 0x00, 0x5D, 0x5D, 0x00, 0x5D, 0x5D, 0x00, 0x00, 0x00, 0x5D, 0x00, 0x5D,
    0x5D, 0x00, 0x5D, 0x00, 0x5D, 0x00, 0x00, 0x5D, 0x00, 0x5D, 0x5D, 0x00, 0x00, 0x00, 0x5D, 0x00,
    0x00, 0x00, 0x00, 0x00, 0x5D, 0x00, 0x00, 0x00, 0x5D, 0x00, 0x5D, 0x5D, 0x00, 0x00, 0x5D, 0x5D,
    0x5D, 0x5D, 0x00, 0x00, 0x5D, 0x5D, 0x00, 0x00, 0x00, 0x5D, 0x00, 0x5D, 0x00, 0x5D, 0x5D, 0x5D,
    0x00, 0x5D, 0x00, 0x5D, 0x00, 0x5D, 0x5D, 0x00, 0x00, 0x00, 0x00, 0x00, 0x5D, 0x5D, 0x00, 0x00,
    0x00, 0x00, 0x00, 0x00, 0x5D, 0x00, 0x5D, 0x5D, 0x5D, 0x5D, 0x00, 0x5D, 0x00, 0x5D, 0x5D, 0x5D,
    0x5D, 0x5D, 0x00, 0x00, 0x00, 0x5D, 0x5D, 0x5D, 0x00, 0x00, 0x00, 0x00, 0x5D, 0x5D, 0x5D, 0x5D,
    0x00, 0x5D, 0x5D, 0x00, 0x5D, 0x5D, 0x00, 0x5D, 0x5D, 0x5D, 0x00, 0x5D, 0x5D, 0x5D, 0x00, 0x00,
    0x5D, 0x00, 0x00, 0x5D, 0x00, 0x00, 0x5D, 0x5D, 0x00, 0x00, 0x5D, 0x5D, 0x00, 0x5D, 0x00, 0x00,
    0x5D, 0x00, 0x00, 0x5D, 0x00, 0x5D, 0x00, 0x5D, 0x00, 0x5D, 0x00, 0x00, 0x00, 0x5D, 0x00, 0x00,
    0x5D, 0x00, 0x00, 0x00, 0x00, 0x00, 0x00, 0x00, 0x00, 0x5D, 0x5D, 0x00, 0x00, 0x5D, 0x00, 0x00,
    0x5D, 0x5D, 0x5D, 0x5D, 0x5D, 0x00, 0x5D, 0x5D, 0x00, 0x00, 0x5D, 0x5D, 0x5D, 0x00, 0x5D, 0x5D,
    0x00, 0x5D, 0x5D, 0x00, 0x00, 0x5D, 0x00, 0x5D, 0x00, 0x5D, 0x5D, 0x00, 0x00, 0x5D, 0x00, 0x00,
    0x5D, 0x00, 0x5D, 0x00, 0x00, 0x00, 0x00, 0x00, 0x5D, 0x00, 0x5D, 0x00, 0x00, 0x5D, 0x00, 0x00,
    0x00, 0x00, 0x5D, 0x5D, 0x5D, 0x5D, 0x00, 0x00, 0x00, 0x00, 0x5D, 0x00, 0x00, 0x5D, 0x5D, 0x5D,
    0x00, 0x5D, 0x5D, 0x5D, 0x00, 0x5D, 0x5D, 0x5D, 0x00, 0x00, 0x5D, 0x00, 0x5D, 0x5D, 0x00, 0x00,
    0x5D, 0x5D, 0x00, 0x00, 0x5D, 0x5D, 0x00, 0x5D, 0x00, 0x00, 0x00, 0x5D, 0x00, 0x5D, 0x00, 0x5D,
    0x00, 0x5D, 0x00, 0x5D, 0x00, 0x00, 0x00, 0x5D, 0x5D, 0x00, 0x00, 0x00, 0x00, 0x00, 0x00, 0x00,
    0x00, 0x00, 0x00, 0x5D, 0x5D, 0x00, 0x5D, 0x00, 0x5D, 0x5D, 0x5D, 0x5D, 0x5D, 0x5D, 0x5D, 0x5D,
    0x5D, 0x00, 0x5D, 0x00, 0x00, 0x00, 0x00, 0x5D, 0x5D, 0x5D, 0x5D, 0x5D, 0x5D, 0x5D, 0x5D, 0x00,
    0x00, 0x00, 0x5D, 0x5D, 0x5D, 0x00, 0x5D, 0x5D, 0x5D, 0x5D, 0x5D, 0x5D, 0x5D, 0x00, 0x5D, 0x5D,
    0x00, 0x5D, 0x5D, 0x00, 0x00, 0x5D, 0x5D, 0x5D, 0x5D, 0x5D, 0x5D, 0x00, 0x00, 0x5D, 0x00, 0x00,
    0x5D, 0x00, 0x5D, 0x00, 0x5D, 0x5D, 0x5D, 0x5D, 0x5D, 0x00, 0x5D, 0x00, 0x00, 0x5D, 0x00, 0x00,
    0x00, 0x00, 0x00, 0x5D, 0x5D, 0x5D, 0x5D, 0x00, 0x00, 0x00, 0x5D, 0x00, 0x00, 0x5D, 0x00, 0x5D,
    0x00, 0x5D, 0x5D, 0x5D, 0x5D, 0x00, 0x5D, 0x00, 0x5D, 0x5D, 0x5D, 0x00, 0x00, 0x00, 0x00, 0x00,
    0x5D, 0x5D, 0x5D, 0x00, 0x00, 0x00, 0x00, 0x57, 0x57, 0x00, 0x57, 0x57, 0x57, 0x57, 0x00, 0x57,
    0x57, 0x00, 0x57, 0x57, 0x57, 0x00, 0x57, 0x00, 0x00, 0x57, 0x57, 0x57, 0x00, 0x00, 0x57, 0x00,
    0x00, 0x57, 0x57, 0x00, 0x00, 0x00, 0x57, 0x00, 0x57, 0x57, 0x00, 0x57, 0x00, 0x00, 0x57, 0x00,
    0x57, 0x00, 0x57, 0x57, 0x00, 0x00, 0x00, 0x57, 0x00, 0x00, 0x00, 0x57, 0x00, 0x00, 0x00, 0x00,
    0x00, 0x57, 0x00, 0x57, 0x57, 0x00, 0x00, 0x57, 0x57, 0x00, 0x00, 0x57, 0x57, 0x57, 0x57, 0x00,
    0x00, 0x00, 0x57, 0x00, 0x57, 0x00, 0x57, 0x00, 0x57, 0x00, 0x57, 0x57, 0x57, 0x00, 0x57, 0x57,
    0x00, 0x00, 0x00, 0x00, 0x00, 0x00, 0x00, 0x00, 0x00, 0x57, 0x57, 0x00, 0x00, 0x57, 0x00, 0x57,
    0x57, 0x57, 0x57, 0x57, 0x57, 0x57, 0x57, 0x00, 0x57, 0x00, 0x57, 0x00, 0x00, 0x00, 0x57, 0x57,
    0x57, 0x57, 0x57, 0x57, 0x57, 0x00, 0x00, 0x00, 0x00, 0x00, 0x57, 0x57, 0x00, 0x57, 0x57, 0x57,
    0x57, 0x57, 0x57, 0x00, 0x57, 0x57, 0x57, 0x57, 0x00, 0x57, 0x00, 0x00, 0x57, 0x57, 0x57, 0x57,
    0x57, 0x00, 0x00, 0x57, 0x57, 0x57, 0x00, 0x00, 0x00, 0x57, 0x00, 0x57, 0x57, 0x57, 0x57, 0x00,
    0x57, 0x00, 0x57, 0x57, 0x00, 0x57, 0x57, 0x57, 0x57, 0x57, 0x57, 0x00, 0x00, 0x57, 0x57, 0x57,
    0x57, 0x00, 0x00, 0x00, 0x57, 0x57, 0x57, 0x57, 0x57, 0x00, 0x57, 0x00, 0x57, 0x57, 0x57, 0x00,
    0x57, 0x57, 0x00, 0x57, 0x57, 0x57, 0x57, 0x00, 0x00, 0x00, 0x00, 0x57, 0x57, 0x00, 0x00, 0x57,
    0x00, 0x00, 0x57, 0x57, 0x57, 0x00, 0x57, 0x57, 0x57, 0x00, 0x57, 0x00, 0x57, 0x00, 0x00, 0x57,
    0x00, 0x57, 0x57, 0x00, 0x00, 0x57, 0x57, 0x00, 0x00, 0x00, 0x00, 0x00, 0x57, 0x00, 0x00, 0x00,
    0x57, 0x00, 0x57, 0x00, 0x57, 0x00, 0x57, 0x57, 0x57, 0x57, 0x00, 0x00, 0x57, 0x57, 0x00, 0x00,
    0x00, 0x00, 0x00, 0x00, 0x00, 0x57, 0x57, 0x57, 0x00, 0x57, 0x00, 0x57, 0x00, 0x57, 0x57, 0x57,
    0x57, 0x57, 0x57, 0x00, 0x57, 0x57, 0x00, 0x00, 0x00, 0x00, 0x00, 0x00, 0x57, 0x57, 0x57, 0x57,
    0x57, 0x00, 0x00, 0x57, 0x00, 0x57, 0x57, 0x57, 0x57, 0x57, 0x00, 0x57, 0x57, 0x57, 0x57, 0x00,
    0x57, 0x00, 0x00, 0x00, 0x57, 0x57, 0x57, 0x57, 0x00, 0x00, 0x57, 0x57, 0x57, 0x00, 0x00, 0x00,
    0x57, 0x57, 0x00, 0x57, 0x57, 0x57, 0x00, 0x57, 0x00, 0x57, 0x57, 0x00, 0x57, 0x57, 0x00, 0x57,
    0x00, 0x00, 0x57, 0x57, 0x00, 0x00, 0x00, 0x00, 0x57, 0x00, 0x00, 0x57, 0x00, 0x00, 0x00, 0x57,
    0x00, 0x57, 0x00, 0x57, 0x57, 0x57, 0x00, 0x00, 0x57, 0x00, 0x00, 0x57, 0x57, 0x00, 0x00, 0x00,
    0x00, 0x00, 0x00, 0x00, 0x00, 0x57, 0x00, 0x00, 0x00, 0x57, 0x57, 0x57, 0x57, 0x00, 0x57, 0x57,
    0x57, 0x57, 0x57, 0x00, 0x00, 0x57, 0x57, 0x00, 0x57, 0x57, 0x57, 0x00, 0x00, 0x57, 0x57, 0x57,
    0x57, 0x00, 0x57, 0x00, 0x57, 0x00, 0x00, 0x57, 0x57, 0x00, 0x57, 0x00, 0x57, 0x57, 0x57, 0x00,
    0x00, 0x00, 0x00, 0x00, 0x57, 0x00, 0x57, 0x00, 0x00, 0x00, 0x00, 0x57, 0x57, 0x00, 0x57, 0x57,
    0x57, 0x57, 0x00, 0x00, 0x00, 0x00, 0x57, 0x57, 0x57, 0x00, 0x57, 0x00, 0x00, 0x57, 0x57, 0x57,
    0x00, 0x57, 0x57, 0x57, 0x00, 0x57, 0x57, 0x00, 0x00, 0x00, 0x57, 0x00, 0x57, 0x57, 0x00, 0x00,
    0x57, 0x57, 0x00, 0x00, 0x57, 0x00, 0x57, 0x57, 0x00, 0x00, 0x00, 0x57, 0x00, 0x57, 0x00, 0x57,
    0x00, 0x57, 0x00, 0x00, 0x00, 0x57, 0x00, 0x57, 0x57, 0x00, 0x00, 0x00, 0x00, 0x00, 0x00, 0x00,
    0x00, 0x57, 0x57, 0x00, 0x00, 0x00, 0x57, 0x00, 0x57, 0x57, 0x57, 0x57, 0x57, 0x57, 0x57, 0x00,
    0x57, 0x00, 0x57, 0x57, 0x00, 0x00, 0x00, 0x57, 0x57, 0x57, 0x57, 0x57, 0x57, 0x00, 0x00, 0x00,
    0x00, 0x57, 0x00, 0x57, 0x57, 0x00, 0x57, 0x57, 0x57, 0x57, 0x57, 0x00, 0x57, 0x57, 0x57, 0x00,
    0x00, 0x00, 0x57, 0x00, 0x00, 0x57, 0x57, 0x57, 0x57, 0x00, 0x00, 0x57, 0x57, 0x00, 0x57, 0x57,
    0x00, 0x00, 0x57, 0x00, 0x57, 0x57, 0x57, 0x00, 0x57, 0x00, 0x57, 0x57, 0x00, 0x57, 0x00, 0x57,
    0x57, 0x00, 0x00, 0x57, 0x00, 0x57, 0x57, 0x57, 0x00, 0x57, 0x00, 0x00, 0x00, 0x00, 0x57, 0x00,
    0x57, 0x00, 0x00, 0x00, 0x57, 0x57, 0x00, 0x00, 0x00, 0x57, 0x57, 0x57, 0x00, 0x00, 0x00, 0x00,
    0x57, 0x57, 0x00, 0x57, 0x00, 0x57, 0x57, 0x00, 0x57, 0x57, 0x00, 0x57, 0x57, 0x57, 0x00, 0x57,
    0x00, 0x00, 0x00, 0x00, 0x57, 0x00, 0x00, 0x57, 0x00, 0x00, 0x57, 0x57, 0x00, 0x00, 0x00, 0x57,
    0x57, 0x57, 0x00, 0x00, 0x57, 0x00, 0x00, 0x57, 0x00, 0x57, 0x00, 0x57, 0x57, 0x00, 0x57, 0x57,
    0x00, 0x57, 0x00, 0x00, 0x57, 0x00, 0x00, 0x00, 0x00, 0x00, 0x57, 0x00, 0x00, 0x57, 0x00, 0x00,
    0x00, 0x57, 0x00, 0x00, 0x57, 0x57, 0x57, 0x57, 0x00, 0x00, 0x57, 0x00, 0x00, 0x57, 0x57, 0x00,
    0x00, 0x57, 0x00, 0x57, 0x57, 0x57, 0x00, 0x57, 0x00, 0x00, 0x57, 0x00, 0x57, 0x00, 0x57, 0x00,
    0x00, 0x00, 0x57, 0x57, 0x00, 0x00, 0x00, 0x57, 0x00, 0x00, 0x00, 0x00, 0x00, 0x00, 0x57, 0x57,
    0x00, 0x57, 0x00, 0x57, 0x57, 0x00, 0x00, 0x57, 0x57, 0x57, 0x57, 0x57, 0x00, 0x57, 0x00, 0x00,
    0x00, 0x00, 0x57, 0x00, 0x57, 0x00, 0x57, 0x57, 0x57, 0x57, 0x00, 0x00, 0x00, 0x57, 0x57, 0x57,
    0x00, 0x00, 0x00, 0x00, 0x00, 0x57, 0x57, 0x57, 0x00, 0x57, 0x57, 0x00, 0x57, 0x57, 0x00, 0x57,
    0x57, 0x57, 0x57, 0x57, 0x57, 0x00, 0x00, 0x57, 0x00, 0x00, 0x00, 0x00, 0x57, 0x57, 0x57, 0x00,
    0x00, 0x57, 0x57, 0x00, 0x57, 0x00, 0x00, 0x57, 0x57, 0x57, 0x00, 0x57, 0x57, 0x00, 0x57, 0x00,
    0x57, 0x00, 0x00, 0x00, 0x57, 0x00, 0x57, 0x57, 0x00, 0x00, 0x57, 0x00, 0x00, 0x00, 0x00, 0x00,
    0x57, 0x57, 0x00, 0x00, 0x00, 0x57, 0x00, 0x57, 0x00, 0x00, 0x57, 0x57, 0x57, 0x57, 0x00, 0x57,
    0x00, 0x57, 0x57, 0x00, 0x00, 0x00, 0x00, 0x57, 0x00, 0x57, 0x57, 0x57, 0x00, 0x00, 0x00, 0x00,
    0x57, 0x00, 0x57, 0x57, 0x57, 0x00, 0x00, 0x00, 0x57, 0x57, 0x00, 0x57, 0x57, 0x57, 0x00, 0x00,
    0x00, 0x57, 0x57, 0x00, 0x57, 0x57, 0x00, 0x57, 0x00, 0x00, 0x57, 0x57, 0x00, 0x57, 0x57, 0x00,
    0x57, 0x00, 0x00, 0x57, 0x00, 0x00, 0x00, 0x57, 0x00, 0x57, 0x00, 0x00, 0x57, 0x00, 0x00, 0x00,
    0x57, 0x00, 0x00, 0x57, 0x57, 0x00, 0x00, 0x00, 0x00, 0x57, 0x00, 0x00, 0x57, 0x57, 0x00, 0x00,
    0x57, 0x00, 0x57, 0x00, 0x57, 0x57, 0x57, 0x00, 0x00, 0x57, 0x00, 0x57, 0x00, 0x57, 0x00, 0x00,
    0x00, 0x00, 0x00, 0x57, 0x57, 0x00, 0x57, 0x00, 0x00, 0x00, 0x00, 0x00, 0x00, 0x57, 0x57, 0x57,
    0x57, 0x00, 0x57, 0x00, 0x00, 0x00, 0x57, 0x57, 0x57, 0x57, 0x57, 0x00, 0x57, 0x57, 0x57, 0x00,
    0x00, 0x00, 0x57, 0x57, 0x00, 0x57, 0x57, 0x57, 0x57, 0x00, 0x00, 0x57, 0x57, 0x00, 0x57, 0x00,
    0x57, 0x00, 0x00, 0x00, 0x00, 0x57, 0x57, 0x00, 0x00, 0x00, 0x57, 0x00, 0x00, 0x00, 0x00, 0x00,
    0x57, 0x57, 0x57, 0x00, 0x57, 0x00, 0x57, 0x57, 0x00, 0x00, 0x57, 0x57, 0x57, 0x57, 0x00, 0x57,
    0x57, 0x00, 0x00, 0x00, 0x00, 0x57, 0x00, 0x57, 0x00, 0x57, 0x57, 0x57, 0x00, 0x00, 0x57, 0x00,
    0x57, 0x57, 0x57, 0x00, 0x00, 0x00, 0x00, 0x00, 0x57, 0x57, 0x00, 0x57, 0x00, 0x00, 0x00, 0x57,
    0x57, 0x00, 0x57, 0x57, 0x57, 0x57, 0x00, 0x57, 0x00, 0x00, 0x00, 0x57, 0x57, 0x00, 0x57, 0x00,
    0x00, 0x57, 0x57, 0x57, 0x00, 0x00, 0x00, 0x57, 0x57, 0x00, 0x57, 0x00, 0x00, 0x00, 0x57, 0x00,
    0x57, 0x57, 0x00, 0x57, 0x57, 0x00, 0x57, 0x00, 0x00, 0x00, 0x57, 0x57, 0x00, 0x00, 0x00, 0x57,
    0x00, 0x00, 0x57, 0x00, 0x00, 0x00, 0x57, 0x57, 0x00, 0x57, 0x00, 0x57, 0x57, 0x00, 0x00, 0x57,
    0x00, 0x00, 0x57, 0x57, 0x00, 0x57, 0x00, 0x00, 0x00, 0x00, 0x57, 0x00, 0x57, 0x00, 0x00, 0x57,
    0x00, 0x57, 0x00, 0x00, 0x00, 0x57, 0x57, 0x57, 0x00, 0x00, 0x00, 0x00, 0x57, 0x00, 0x00, 0x00,
    0x00, 0x57, 0x57, 0x00, 0x57, 0x57, 0x00, 0x57, 0x57, 0x57, 0x00, 0x00, 0x57, 0x57, 0x57, 0x00,
    0x57, 0x00, 0x00, 0x57, 0x00, 0x00, 0x57, 0x57, 0x00, 0x57, 0x00, 0x57, 0x57, 0x00, 0x00, 0x00,
    0x57, 0x00, 0x00, 0x57, 0x00, 0x00, 0x57, 0x00, 0x57, 0x57, 0x00, 0x57, 0x57, 0x57, 0x00, 0x00,
    0x00, 0x57, 0x00, 0x57, 0x00, 0x00, 0x00, 0x57, 0x00, 0x00, 0x57, 0x57, 0x00, 0x57, 0x57, 0x00,
    0x00, 0x00, 0x00, 0x57, 0x57, 0x00, 0x00, 0x57, 0x00, 0x57, 0x00, 0x00, 0x57, 0x00, 0x57, 0x57,
    0x57, 0x00, 0x57, 0x00, 0x57, 0x00, 0x00, 0x00, 0x00, 0x57, 0x00, 0x00, 0x00, 0x57, 0x57, 0x00,
    0x00, 0x00, 0x00, 0x00, 0x57, 0x57, 0x57, 0x00, 0x00, 0x57, 0x57, 0x00, 0x57, 0x00, 0x57, 0x57,
    0x57, 0x57, 0x00, 0x57, 0x57, 0x00, 0x57, 0x00, 0x57, 0x00, 0x00, 0x00, 0x00, 0x57, 0x57, 0x57,
    0x00, 0x00, 0x57, 0x00, 0x00, 0x00, 0x00, 0x00, 0x57, 0x57, 0x57, 0x00, 0x57, 0x57, 0x00, 0x57,
    0x00, 0x00, 0x57, 0x57, 0x57, 0x57, 0x00, 0x57, 0x57, 0x00, 0x00, 0x57, 0x00, 0x00, 0x00, 0x57,
    0x00, 0x57, 0x57, 0x57, 0x00, 0x00, 0x57, 0x00, 0x57, 0x00, 0x00, 0x57, 0x57, 0x00, 0x00, 0x00,
    0x57, 0x57, 0x00, 0x57, 0x00, 0x00, 0x00, 0x00, 0x57, 0x00, 0x57, 0x00, 0x57, 0x57, 0x00, 0x57,
    0x00, 0x00, 0x00, 0x57, 0x57, 0x57, 0x00, 0x00, 0x00, 0x00, 0x00, 0x57, 0x00, 0x00, 0x00, 0x57,
    0x57, 0x00, 0x57, 0x57, 0x00, 0x57, 0x57, 0x57, 0x57, 0x00, 0x00, 0x57, 0x57, 0x00, 0x57, 0x00,
    0x00, 0x57, 0x00, 0x00, 0x57, 0x57, 0x57, 0x00, 0x57, 0x00, 0x57, 0x00, 0x00, 0x00, 0x57, 0x00,
    0x00, 0x57, 0x00, 0x00, 0x57, 0x00, 0x57, 0x00, 0x00, 0x57, 0x57, 0x00, 0x57, 0x00, 0x57, 0x00,
    0x00, 0x57, 0x00, 0x00, 0x00, 0x00, 0x57, 0x00, 0x57, 0x00, 0x00, 0x00, 0x00, 0x00, 0x57, 0x00,
    0x00, 0x57, 0x57, 0x57, 0x00, 0x00, 0x00, 0x00, 0x57, 0x57, 0x57, 0x57, 0x00, 0x00, 0x57, 0x00,
    0x57, 0x57, 0x00, 0x57, 0x57, 0x57, 0x00, 0x57, 0x57, 0x57, 0x00, 0x57, 0x00, 0x00, 0x00, 0x57,
    0x00, 0x00, 0x57, 0x57, 0x00, 0x00, 0x57, 0x57, 0x00, 0x00, 0x00, 0x57, 0x57, 0x00, 0x00, 0x57,
    0x00, 0x57, 0x00, 0x57, 0x00, 0x57, 0x00, 0x57, 0x57, 0x00, 0x57, 0x00, 0x57, 0x00, 0x00, 0x00,
    0x00, 0x00, 0x00, 0x00, 0x00, 0x00, 0x57, 0x00, 0x00, 0x00, 0x00, 0x00, 0x57, 0x57, 0x57, 0x57,
    0x57, 0x57, 0x57, 0x57, 0x00, 0x00, 0x57, 0x57, 0x57, 0x57, 0x00, 0x57, 0x57, 0x57, 0x57, 0x57,
    0x57, 0x57, 0x00, 0x57, 0x00, 0x57, 0x57, 0x57, 0x00, 0x00, 0x57, 0x57, 0x57, 0x57, 0x57, 0x57,
    0x00, 0x00, 0x00, 0x00, 0x57, 0x57, 0x00, 0x57, 0x00, 0x57, 0x57, 0x57, 0x57, 0x57, 0x00, 0x57,
    0x57, 0x57, 0x00, 0x57, 0x00, 0x00, 0x00, 0x00, 0x57, 0x57, 0x57, 0x57, 0x00, 0x00, 0x57, 0x57,
    0x00, 0x00, 0x00, 0x57, 0x57, 0x57, 0x00, 0x57, 0x57, 0x57, 0x00, 0x57, 0x00, 0x57, 0x00, 0x57,
    0x57, 0x00, 0x57, 0x57, 0x00, 0x00, 0x57, 0x57, 0x57, 0x00, 0x00, 0x00, 0x57, 0x00, 0x00, 0x00,
    0x57, 0x00, 0x00, 0x57, 0x57, 0x00, 0x57, 0x00, 0x57, 0x57, 0x00, 0x00, 0x57, 0x57, 0x00, 0x00,
    0x57, 0x00, 0x57, 0x00, 0x00, 0x00, 0x00, 0x57, 0x00, 0x57, 0x00, 0x57, 0x00, 0x57, 0x00, 0x00,
    0x00, 0x00, 0x57, 0x57, 0x57, 0x00, 0x00, 0x00, 0x00, 0x00, 0x00, 0x00, 0x00, 0x57, 0x57, 0x57,
    0x00, 0x57, 0x57, 0x00, 0x57, 0x57, 0x57, 0x57, 0x57, 0x57, 0x57, 0x00, 0x57, 0x57, 0x00, 0x00,
    0x57, 0x00, 0x00, 0x57, 0x57, 0x57, 0x57, 0x57, 0x57, 0x00, 0x00, 0x57, 0x00, 0x57, 0x00, 0x00,
    0x57, 0x00, 0x57, 0x57, 0x57, 0x57, 0x57, 0x00, 0x57, 0x00, 0x00, 0x00, 0x00, 0x57, 0x00, 0x00,
    0x00, 0x57, 0x57, 0x57, 0x57, 0x00, 0x00, 0x00, 0x57, 0x57, 0x57, 0x00, 0x00, 0x57, 0x57, 0x00,
    0x57, 0x57, 0x57, 0x00, 0x57, 0x57, 0x00, 0x57, 0x57, 0x00, 0x57, 0x00, 0x57, 0x00, 0x00, 0x57,
    0x57, 0x00, 0x00, 0x57, 0x00, 0x00, 0x57, 0x00, 0x00, 0x00, 0x00, 0x00, 0x57, 0x00, 0x57, 0x00,
    0x57, 0x00, 0x00, 0x57, 0x00, 0x00, 0x57, 0x57, 0x57, 0x57, 0x00, 0x00, 0x00, 0x00, 0x00, 0x00,
    0x57, 0x00, 0x00, 0x57, 0x00, 0x57, 0x57, 0x57, 0x00, 0x57, 0x57, 0x57, 0x57, 0x57, 0x00, 0x00,
    0x57, 0x00, 0x00, 0x00, 0x57, 0x57, 0x00, 0x00, 0x57, 0x57, 0x57, 0x57, 0x00, 0x57, 0x00, 0x00,
    0x57, 0x00, 0x57, 0x00, 0x00, 0x00, 0x00, 0x57, 0x57, 0x00, 0x00, 0x00, 0x57, 0x57, 0x57, 0x00,
    0x00, 0x00, 0x57, 0x57, 0x57, 0x00, 0x57, 0x00, 0x57, 0x57, 0x00, 0x57, 0x57, 0x00, 0x57, 0x57,
    0x00, 0x57, 0x57, 0x00, 0x00, 0x00, 0x00, 0x57, 0x00, 0x00, 0x57, 0x00, 0x00, 0x57, 0x00, 0x00,
    0x57, 0x00, 0x57, 0x57, 0x57, 0x00, 0x00, 0x57, 0x00, 0x00, 0x57, 0x00, 0x00, 0x57, 0x00, 0x00,
    0x00, 0x57, 0x57, 0x00, 0x57, 0x00, 0x00, 0x57, 0x00, 0x00, 0x57, 0x00, 0x00, 0x57, 0x57, 0x00,
    0x50, 0x00, 0x00, 0x00, 0x50, 0x00, 0x00, 0x50, 0x00, 0x00, 0x50, 0x00, 0x50, 0x00, 0x00, 0x00,
    0x50, 0x50, 0x00, 0x00, 0x50, 0x00, 0x00, 0x50, 0x00, 0x00, 0x00, 0x00, 0x50, 0x50, 0x00, 0x50,
    0x00, 0x50, 0x00, 0x00, 0x50, 0x00, 0x00, 0x50, 0x50, 0x50, 0x00, 0x50, 0x00, 0x00, 0x00, 0x00,
    0x00, 0x50, 0x00, 0x00, 0x50, 0x00, 0x50, 0x50, 0x00, 0x00, 0x00, 0x50, 0x50, 0x50, 0x50, 0x00,
    0x00, 0x50, 0x00, 0x00, 0x00, 0x50, 0x00, 0x50, 0x50, 0x00, 0x50, 0x50, 0x50, 0x00, 0x50, 0x00,
    0x00, 0x50, 0x50, 0x00, 0x00, 0x00, 0x50, 0x00, 0x00, 0x50, 0x50, 0x00, 0x00, 0x00, 0x50, 0x00,
    0x50, 0x00, 0x50, 0x50, 0x00, 0x00, 0x50, 0x00, 0x50, 0x00, 0x50, 0x50, 0x00, 0x00, 0x00, 0x00,
    0x00, 0x50, 0x00, 0x50, 0x00, 0x00, 0x00, 0x00, 0x00, 0x50, 0x00, 0x00, 0x50, 0x50, 0x50, 0x00,
    0x00, 0x00, 0x50, 0x00, 0x00, 0x00, 0x00, 0x00, 0x00, 0x50, 0x00, 0x50, 0x50, 0x00, 0x50, 0x50,
    0x00, 0x00, 0x50, 0x50, 0x50, 0x50, 0x50, 0x00, 0x00, 0x00, 0x50, 0x00, 0x00, 0x50, 0x00, 0x50,
    0x00, 0x50, 0x50, 0x50, 0x50, 0x00, 0x50, 0x50, 0x00, 0x00, 0x50, 0x00, 0x00, 0x00, 0x00, 0x00,
    0x50, 0x50, 0x50, 0x00, 0x00, 0x50, 0x00, 0x50, 0x00, 0x00, 0x50, 0x50, 0x50, 0x50, 0x00, 0x50,
    0x50, 0x00, 0x50, 0x00, 0x00, 0x00, 0x00, 0x50, 0x00, 0x50, 0x50, 0x50, 0x00, 0x00, 0x50, 0x00,
    0x00, 0x00, 0x50, 0x50, 0x50, 0x00, 0x00, 0x00, 0x50, 0x50, 0x00, 0x50, 0x00, 0x00, 0x50, 0x50,
    0x00, 0x50, 0x50, 0x00, 0x50, 0x50, 0x00, 0x50, 0x00, 0x00, 0x00, 0x50, 0x00, 0x50, 0x00, 0x00,
    0x50, 0x00, 0x00, 0x50, 0x00, 0x00, 0x00, 0x50, 0x50, 0x00, 0x00, 0x00, 0x00, 0x50, 0x00, 0x00,
    0x50, 0x00, 0x00, 0x50, 0x50, 0x00, 0x50, 0x00, 0x50, 0x50, 0x50, 0x00, 0x00, 0x50, 0x00, 0x00,
    0x50, 0x00, 0x50, 0x00, 0x00, 0x00, 0x00, 0x50, 0x50, 0x00, 0x50, 0x00, 0x00, 0x50, 0x00, 0x00,
    0x00, 0x00, 0x50, 0x50, 0x50, 0x00, 0x50, 0x00, 0x00, 0x00, 0x50, 0x00, 0x00, 0x50, 0x50, 0x50,
    0x00, 0x50, 0x50, 0x00, 0x00, 0x00, 0x50, 0x50, 0x00, 0x00, 0x50, 0x00, 0x50, 0x50, 0x00, 0x00,
    0x50, 0x00, 0x00, 0x00, 0x00, 0x50, 0x50, 0x00, 0x00, 0x50, 0x00, 0x50, 0x50, 0x50, 0x00, 0x00,
    0x00, 0x50, 0x50, 0x00, 0x50, 0x00, 0x50, 0x00, 0x00, 0x00, 0x50, 0x50, 0x00, 0x50, 0x50, 0x00,
    0x50, 0x00, 0x00, 0x00, 0x00, 0x00, 0x50, 0x50, 0x00, 0x50, 0x00, 0x00, 0x50, 0x00, 0x00, 0x00,
    0x50, 0x50, 0x50, 0x50, 0x00, 0x50, 0x00, 0x00, 0x00, 0x50, 0x00, 0x00, 0x50, 0x50, 0x00, 0x50,
    0x50, 0x50, 0x00, 0x00, 0x00, 0x50, 0x50, 0x00, 0x00, 0x50, 0x00, 0x50, 0x00, 0x00, 0x50, 0x50,
    0x00, 0x50, 0x50, 0x00, 0x50, 0x00, 0x50, 0x00, 0x00, 0x00, 0x00, 0x50, 0x00, 0x50, 0x00, 0x00,
    0x50, 0x00, 0x00, 0x00, 0x00, 0x00, 0x50, 0x50, 0x50, 0x00, 0x00, 0x00, 0x00, 0x50, 0x00, 0x00,
    0x50, 0x50, 0x50, 0x50, 0x00, 0x50, 0x50, 0x00, 0x50, 0x50, 0x50, 0x00, 0x00, 0x50, 0x00, 0x50,
    0x50, 0x50, 0x00, 0x00, 0x50, 0x00, 0x00, 0x50, 0x50, 0x00, 0x50, 0x00, 0x00, 0x00, 0x50, 0x50,
    0x00, 0x50, 0x00, 0x00, 0x50, 0x00, 0x50, 0x00, 0x00, 0x00, 0x50, 0x50, 0x00, 0x50, 0x00, 0x00,
    0x00, 0x50, 0x00, 0x00, 0x00, 0x00, 0x50, 0x50, 0x00, 0x50, 0x00, 0x00, 0x00, 0x50, 0x50, 0x00,
    0x00, 0x50, 0x50, 0x50, 0x00, 0x50, 0x00, 0x00, 0x00, 0x50, 0x50, 0x00, 0x50, 0x00, 0x50, 0x00,
    0x50, 0x50, 0x00, 0x00, 0x00, 0x50, 0x50, 0x00, 0x50, 0x00, 0x00, 0x00, 0x00, 0x00, 0x00, 0x00,
    0x00, 0x00, 0x50, 0x00, 0x00, 0x00, 0x50, 0x50, 0x00, 0x00, 0x00, 0x50, 0x50, 0x50, 0x50, 0x50,
    0x00, 0x00, 0x50, 0x50, 0x00, 0x50, 0x00, 0x50, 0x50, 0x00, 0x50, 0x50, 0x50, 0x50, 0x00, 0x50,
    0x00, 0x50, 0x00, 0x00, 0x00, 0x00, 0x50, 0x00, 0x00, 0x50, 0x50, 0x50, 0x00, 0x00, 0x00, 0x00,
    0x00, 0x50, 0x50, 0x50, 0x00, 0x00, 0x50, 0x00, 0x50, 0x50, 0x00, 0x50, 0x50, 0x50, 0x50, 0x00,
    0x50, 0x50, 0x00, 0x50, 0x00, 0x00, 0x00, 0x50, 0x00, 0x00, 0x50, 0x50, 0x50, 0x00, 0x00, 0x50,
    0x00, 0x00, 0x00, 0x50, 0x50, 0x00, 0x00, 0x50, 0x00, 0x50, 0x50, 0x00, 0x50, 0x00, 0x00, 0x50,
    0x50, 0x00, 0x50, 0x00, 0x50, 0x00, 0x00, 0x00, 0x50, 0x00, 0x00, 0x00, 0x50, 0x00, 0x50, 0x00,
    0x00, 0x00, 0x00, 0x00, 0x50, 0x50, 0x00, 0x00, 0x50, 0x50, 0x00, 0x00, 0x00, 0x00, 0x50, 0x50,
    0x50, 0x50, 0x00, 0x50, 0x00, 0x50, 0x00, 0x50, 0x00, 0x50, 0x50, 0x50, 0x00, 0x50, 0x50, 0x50,
    0x00, 0x00, 0x00, 0x00, 0x00, 0x00, 0x00, 0x00, 0x50, 0x50, 0x00, 0x00, 0x50, 0x50, 0x00, 0x50,
    0x50, 0x50, 0x50, 0x50, 0x50, 0x50, 0x00, 0x50, 0x00, 0x50, 0x00, 0x50, 0x00, 0x00, 0x50, 0x50,
    0x50, 0x50, 0x50, 0x50, 0x00, 0x00, 0x00, 0x00, 0x00, 0x00, 0x00, 0x50, 0x00, 0x50, 0x50, 0x50,
    0x50, 0x50, 0x00, 0x50, 0x50, 0x50, 0x50, 0x00, 0x50, 0x00, 0x00, 0x00, 0x50, 0x00, 0x50, 0x00,
    0x00, 0x00, 0x50, 0x50, 0x50, 0x00, 0x00, 0x00, 0x50, 0x50, 0x00, 0x00, 0x00, 0x00, 0x50, 0x50,
    0x00, 0x50, 0x50, 0x00, 0x50, 0x50, 0x00, 0x50, 0x00, 0x50, 0x50, 0x50, 0x00, 0x50, 0x00, 0x00,
    0x50, 0x00, 0x00, 0x50, 0x00, 0x00, 0x00, 0x00, 0x50, 0x50, 0x00, 0x00, 0x00, 0x50, 0x00, 0x00,
    0x50, 0x00, 0x00, 0x50, 0x50, 0x50, 0x00, 0x50, 0x00, 0x50, 0x50, 0x00, 0x00, 0x50, 0x00, 0x00,
    0x50, 0x00, 0x50, 0x50, 0x00, 0x00, 0x00, 0x00, 0x50, 0x00, 0x50, 0x00, 0x00, 0x50, 0x00, 0x00,
    0x00, 0x50, 0x00, 0x50, 0x50, 0x50, 0x00, 0x00, 0x00, 0x00, 0x50, 0x00, 0x00, 0x50, 0x50, 0x00,
    0x00, 0x00, 0x50, 0x50, 0x00, 0x50, 0x50, 0x50, 0x00, 0x00, 0x50, 0x00, 0x50, 0x00, 0x50, 0x50,
    0x00, 0x50, 0x00, 0x00, 0x50, 0x50, 0x00, 0x50, 0x00, 0x00, 0x00, 0x00, 0x00, 0x50, 0x00, 0x00,
    0x00, 0x50, 0x00, 0x50, 0x00, 0x00, 0x00, 0x50, 0x50, 0x50, 0x50, 0x00, 0x00, 0x50, 0x50, 0x00,
    0x00, 0x00, 0x00, 0x50, 0x50, 0x00, 0x50, 0x50, 0x50, 0x00, 0x50, 0x00, 0x50, 0x00, 0x50, 0x50,
    0x50, 0x00, 0x50, 0x00, 0x00, 0x50, 0x50, 0x00, 0x00, 0x00, 0x00, 0x00, 0x00, 0x50, 0x50, 0x00,
    0x00, 0x00, 0x50, 0x00, 0x50, 0x00, 0x50, 0x50, 0x50, 0x50, 0x50, 0x00, 0x50, 0x00, 0x50, 0x50,
    0x00, 0x50, 0x00, 0x50, 0x00, 0x00, 0x00, 0x00, 0x50, 0x00, 0x50, 0x00, 0x50, 0x50, 0x00, 0x00,
    0x00, 0x00, 0x00, 0x50, 0x50, 0x50, 0x00, 0x00, 0x00, 0x00, 0x00, 0x50, 0x00, 0x50, 0x50, 0x50,
    0x50, 0x00, 0x50, 0x50, 0x00, 0x50, 0x50, 0x50, 0x50, 0x00, 0x00, 0x00, 0x50, 0x50, 0x50, 0x00,
    0x00, 0x50, 0x00, 0x00, 0x50, 0x50, 0x50, 0x00, 0x50, 0x50, 0x00, 0x50, 0x50, 0x00, 0x50, 0x00,
    0x00, 0x50, 0x00, 0x50, 0x50, 0x00, 0x00, 0x50, 0x00, 0x00, 0x50, 0x00, 0x00, 0x00, 0x50, 0x00,
    0x00, 0x00, 0x50, 0x00, 0x50, 0x00, 0x00, 0x50, 0x00, 0x00, 0x50, 0x50, 0x00, 0x00, 0x50, 0x50,
    0x00, 0x00, 0x00, 0x00, 0x50, 0x00, 0x00, 0x50, 0x00, 0x50, 0x00, 0x50, 0x00, 0x50, 0x00, 0x50,
    0x50, 0x50, 0x00, 0x00, 0x50, 0x00, 0x00, 0x00, 0x00, 0x00, 0x00, 0x00, 0x00, 0x00, 0x50, 0x50,
    0x00, 0x50, 0x00, 0x00, 0x50, 0x50, 0x50, 0x50, 0x50, 0x50, 0x50, 0x50, 0x00, 0x50, 0x00, 0x00,
    0x00, 0x50, 0x00, 0x50, 0x50, 0x50, 0x50, 0x50, 0x50, 0x50, 0x00, 0x00, 0x00, 0x50, 0x50, 0x00,
    0x00, 0x00, 0x50, 0x50, 0x50, 0x50, 0x50, 0x50, 0x00, 0x50, 0x50, 0x00, 0x50, 0x00, 0x50, 0x50,
    0x00, 0x50, 0x50, 0x50, 0x50, 0x50, 0x00, 0x00, 0x50, 0x00, 0x00, 0x00, 0x00, 0x50, 0x00, 0x00,
    0x50, 0x50, 0x50, 0x50, 0x00, 0x50, 0x00, 0x00, 0x50, 0x00, 0x00, 0x50, 0x00, 0x50, 0x00, 0x00,
    0x50, 0x00, 0x00, 0x00, 0x00, 0x50, 0x00, 0x00, 0x50, 0x00, 0x00, 0x00, 0x00, 0x50, 0x00, 0x00,
    0x50, 0x50, 0x50, 0x00, 0x00, 0x50, 0x00, 0x00, 0x50, 0x50, 0x50, 0x00, 0x00, 0x50, 0x00, 0x50,
    0x50, 0x00, 0x50, 0x00, 0x00, 0x50, 0x00, 0x50, 0x50, 0x00, 0x50, 0x00, 0x00, 0x00, 0x50, 0x00,
    0x00, 0x00, 0x50, 0x00, 0x00, 0x00, 0x50, 0x00, 0x00, 0x00, 0x50, 0x50, 0x00, 0x00, 0x50, 0x50,
    0x00, 0x00, 0x50, 0x50, 0x00, 0x00, 0x50, 0x50, 0x00, 0x50, 0x00, 0x50, 0x00, 0x50, 0x00, 0x50,
    0x00, 0x50, 0x00, 0x50, 0x00, 0x50, 0x00, 0x00, 0x00, 0x00, 0x00, 0x00, 0x00, 0x00, 0x00, 0x00,
    0x00, 0x00, 0x00, 0x00, 0x00, 0x50, 0x50, 0x50, 0x50, 0x50, 0x50, 0x50, 0x50, 0x50, 0x50, 0x50,
    0x50, 0x50, 0x50, 0x00, 0x50, 0x50, 0x50, 0x50, 0x50, 0x50, 0x50, 0x50, 0x50, 0x50, 0x50, 0x50,
    0x50, 0x00, 0x00, 0x50, 0x50, 0x50, 0x50, 0x50, 0x50, 0x50, 0x50, 0x50, 0x50, 0x50, 0x50, 0x00,
    0x50, 0x00, 0x50, 0x50, 0x50, 0x50, 0x50, 0x50, 0x50, 0x50, 0x50, 0x50, 0x50, 0x00, 0x00, 0x00,
    0x00, 0x50, 0x50, 0x50, 0x50, 0x50, 0x50, 0x50, 0x50, 0x50, 0x50, 0x00, 0x50, 0x50, 0x50, 0x00,
    0x50, 0x50, 0x50, 0x50, 0x50, 0x50, 0x50, 0x50, 0x50, 0x00, 0x00, 0x50, 0x50, 0x00, 0x00, 0x50,
    0x00, 0x50, 0x00, 0x00, 0x50, 0x00, 0x50, 0x50, 0x50, 0x50, 0x00, 0x50, 0x00, 0x50, 0x00, 0x00,
    0x00, 0x50, 0x00, 0x00, 0x00, 0x50, 0x50, 0x50, 0x00, 0x00, 0x00, 0x00, 0x00, 0x50, 0x50, 0x00,
    0x00, 0x50, 0x50, 0x00, 0x50, 0x50, 0x00, 0x50, 0x50, 0x50, 0x50, 0x00, 0x50, 0x00, 0x50, 0x00,
    0x50, 0x00, 0x00, 0x50, 0x00, 0x00, 0x50, 0x50, 0x50, 0x00, 0x00, 0x00, 0x00, 0x00, 0x00, 0x00,
    0x50, 0x00, 0x00, 0x50, 0x00, 0x50, 0x50, 0x00, 0x50, 0x50, 0x50, 0x50, 0x50, 0x50, 0x00, 0x00,
    0x50, 0x00, 0x00, 0x00, 0x50, 0x00, 0x00, 0x50, 0x50, 0x50, 0x50, 0x50, 0x00, 0x50, 0x00, 0x00,
    0x50, 0x50, 0x00, 0x00, 0x50, 0x00, 0x50, 0x50, 0x50, 0x50, 0x00, 0x00, 0x00, 0x50, 0x00, 0x50,
    0x00, 0x50, 0x00, 0x00, 0x00, 0x50, 0x50, 0x50, 0x00, 0x50, 0x50, 0x00, 0x00, 0x00, 0x00, 0x00,
    0x00, 0x50, 0x50, 0x00, 0x50, 0x50, 0x00, 0x00, 0x50, 0x00, 0x50, 0x50, 0x50, 0x50, 0x50, 0x00,
    0x50, 0x00, 0x00, 0x50, 0x00, 0x50, 0x00, 0x00, 0x00, 0x50, 0x50, 0x50, 0x50, 0x00, 0x00, 0x00,
    0x50, 0x00, 0x00, 0x00, 0x00, 0x50, 0x50, 0x00, 0x50, 0x50, 0x50, 0x00, 0x50, 0x50, 0x00, 0x00,
    0x50, 0x50, 0x50, 0x00, 0x50, 0x00, 0x00, 0x50, 0x50, 0x00, 0x00, 0x50, 0x00, 0x50, 0x00, 0x50,
    0x50, 0x00, 0x00, 0x00, 0x50, 0x00, 0x50, 0x00, 0x50, 0x00, 0x50, 0x00, 0x50, 0x00, 0x00, 0x50,
    0x00, 0x50, 0x00, 0x00, 0x00, 0x50, 0x00, 0x00, 0x00, 0x00, 0x00, 0x00, 0x50, 0x00, 0x00, 0x00,
    0x00, 0x50, 0x50, 0x00, 0x00, 0x50, 0x50, 0x50, 0x50, 0x50, 0x00, 0x00, 0x50, 0x50, 0x50, 0x00,
    0x50, 0x00, 0x50, 0x00, 0x50, 0x50, 0x50, 0x50, 0x00, 0x50, 0x00, 0x50, 0x50, 0x00, 0x00, 0x00,
    0x00, 0x00, 0x00, 0x50, 0x50, 0x50, 0x00, 0x00, 0x00, 0x00, 0x50, 0x00, 0x50, 0x50, 0x50, 0x50,
    0x50, 0x00, 0x50, 0x50, 0x00, 0x50, 0x50, 0x50, 0x00, 0x00, 0x00, 0x50, 0x50, 0x50, 0x50, 0x00,
    0x00, 0x50, 0x00, 0x00, 0x50, 0x50, 0x00, 0x50, 0x50, 0x00, 0x50, 0x50, 0x50, 0x00, 0x50, 0x00,
    0x00, 0x50, 0x00, 0x50, 0x00, 0x00, 0x50, 0x00, 0x00, 0x50, 0x50, 0x00, 0x00, 0x00, 0x50, 0x00,
    0x00, 0x00, 0x00, 0x50, 0x00, 0x00, 0x50, 0x00, 0x50, 0x00, 0x50, 0x50, 0x00, 0x00, 0x50, 0x50,
    0x50, 0x00, 0x00, 0x50, 0x00, 0x00, 0x00, 0x00, 0x00, 0x50, 0x00, 0x50, 0x00, 0x50, 0x50, 0x00,
    0x50, 0x00, 0x00, 0x50, 0x50, 0x50, 0x50, 0x00, 0x00, 0x00, 0x00, 0x00, 0x50, 0x00, 0x00, 0x00,
    0x50, 0x00, 0x50, 0x50, 0x50, 0x00, 0x50, 0x50, 0x50, 0x50, 0x00, 0x00, 0x50, 0x50, 0x00, 0x00,
    0x00, 0x50, 0x50, 0x00, 0x00, 0x50, 0x50, 0x50, 0x00, 0x50, 0x00, 0x50, 0x00, 0x50, 0x50, 0x00,
    0x50, 0x00, 0x50, 0x00, 0x50, 0x50, 0x00, 0x00, 0x00, 0x00, 0x50, 0x50, 0x00, 0x50, 0x50, 0x50,
    0x00, 0x00, 0x00, 0x50, 0x00, 0x50, 0x50, 0x50, 0x00, 0x50, 0x00, 0x00, 0x50, 0x50, 0x00, 0x50,
    0x50, 0x00, 0x00, 0x00, 0x50, 0x50, 0x00, 0x00, 0x00, 0x50, 0x00, 0x50, 0x00, 0x00, 0x50, 0x00,
    0x50, 0x50, 0x00, 0x50, 0x00, 0x50, 0x50, 0x00, 0x00, 0x00, 0x00, 0x50, 0x00, 0x00, 0x00, 0x50,
    0x00, 0x00, 0x00, 0x00, 0x50, 0x00, 0x50, 0x50, 0x50, 0x00, 0x00, 0x50, 0x50, 0x00, 0x00, 0x50,
    0x50, 0x50, 0x00, 0x00, 0x00, 0x50, 0x50, 0x00, 0x50, 0x00, 0x50, 0x00, 0x50, 0x00, 0x50, 0x50,
    0x00, 0x50, 0x50, 0x00, 0x50, 0x00, 0x00, 0x00, 0x00, 0x00, 0x00, 0x00, 0x00, 0x50, 0x00, 0x00,
    0x50, 0x00, 0x00, 0x00, 0x50, 0x50, 0x50, 0x50, 0x50, 0x50, 0x50, 0x00, 0x00, 0x50, 0x00, 0x00,
    0x50, 0x50, 0x00, 0x50, 0x50, 0x50, 0x50, 0x50, 0x50, 0x00, 0x49, 0x00, 0x00, 0x49, 0x00, 0x49,
    0x00, 0x00, 0x49, 0x49, 0x49, 0x49, 0x49, 0x00, 0x00, 0x00, 0x49, 0x00, 0x00, 0x00, 0x00, 0x49,
    0x00, 0x49, 0x49, 0x49, 0x49, 0x00, 0x49, 0x49, 0x00, 0x00, 0x49, 0x49, 0x49, 0x00, 0x00, 0x00,
    0x49, 0x49, 0x49, 0x00, 0x00, 0x49, 0x00, 0x49, 0x00, 0x49, 0x49, 0x00, 0x49, 0x49, 0x00, 0x49,
    0x49, 0x00, 0x49, 0x00, 0x00, 0x00, 0x00, 0x00, 0x49, 0x00, 0x00, 0x49, 0x00, 0x49, 0x00, 0x49,
    0x00, 0x49, 0x49, 0x00, 0x49, 0x49, 0x49, 0x00, 0x00, 0x00, 0x00, 0x00, 0x00, 0x00, 0x00, 0x00,
    0x49, 0x00, 0x00, 0x49, 0x49, 0x00, 0x49, 0x49, 0x49, 0x49, 0x49, 0x49, 0x49, 0x49, 0x00, 0x00,
    0x49, 0x00, 0x49, 0x00, 0x00, 0x49, 0x49, 0x49, 0x49, 0x49, 0x49, 0x49, 0x00, 0x49, 0x00, 0x00,
    0x00, 0x00, 0x49, 0x00, 0x49, 0x49, 0x49, 0x49, 0x49, 0x49, 0x00, 0x00, 0x00, 0x49, 0x49, 0x49,
    0x00, 0x00, 0x00, 0x49, 0x49, 0x49, 0x49, 0x49, 0x00, 0x49, 0x49, 0x00, 0x49, 0x49, 0x00, 0x49,
    0x49, 0x00, 0x49, 0x49, 0x49, 0x49, 0x00, 0x00, 0x49, 0x00, 0x00, 0x49, 0x00, 0x00, 0x49, 0x00,
    0x00, 0x49, 0x49, 0x49, 0x00, 0x49, 0x00, 0x00, 0x49, 0x00, 0x00, 0x49, 0x00, 0x00, 0x49, 0x00,
    0x49, 0x49, 0x00, 0x00, 0x00, 0x49, 0x00, 0x00, 0x49, 0x00, 0x00, 0x49, 0x00, 0x00, 0x00, 0x49,
    0x00, 0x49, 0x49, 0x00, 0x00, 0x49, 0x00, 0x00, 0x49, 0x00, 0x00, 0x49, 0x49, 0x00, 0x00, 0x00,
    0x49, 0x00, 0x49, 0x00, 0x00, 0x49, 0x00, 0x00, 0x49, 0x00, 0x49, 0x00, 0x49, 0x49, 0x00, 0x00,
    0x00, 0x00, 0x49, 0x00, 0x00, 0x49, 0x00, 0x00, 0x00, 0x00, 0x00, 0x49, 0x00, 0x49, 0x49, 0x49,
    0x00, 0x00, 0x49, 0x00, 0x00, 0x49, 0x49, 0x49, 0x49, 0x00, 0x00, 0x00, 0x49, 0x49, 0x00, 0x49,
    0x00, 0x00, 0x49, 0x00, 0x49, 0x00, 0x49, 0x49, 0x00, 0x00, 0x00, 0x00, 0x49, 0x00, 0x00, 0x00,
    0x00, 0x49, 0x00, 0x00, 0x00, 0x49, 0x00, 0x49, 0x49, 0x49, 0x00, 0x00, 0x49, 0x49, 0x49, 0x00,
    0x00, 0x49, 0x49, 0x00, 0x00, 0x00, 0x49, 0x49, 0x00, 0x49, 0x00, 0x49, 0x49, 0x00, 0x49, 0x00,
    0x49, 0x00, 0x49, 0x49, 0x00, 0x49, 0x00, 0x00, 0x00, 0x00, 0x49, 0x00, 0x00, 0x00, 0x00, 0x00,
    0x00, 0x49, 0x00, 0x00, 0x00, 0x49, 0x49, 0x49, 0x00, 0x00, 0x49, 0x49, 0x49, 0x49, 0x49, 0x00,
    0x00, 0x49, 0x49, 0x00, 0x49, 0x49, 0x00, 0x49, 0x00, 0x49, 0x49, 0x49, 0x49, 0x00, 0x49, 0x00,
    0x49, 0x00, 0x00, 0x49, 0x00, 0x00, 0x00, 0x00, 0x49, 0x49, 0x49, 0x00, 0x00, 0x00, 0x00, 0x00,
    0x49, 0x00, 0x00, 0x49, 0x49, 0x49, 0x00, 0x49, 0x49, 0x00, 0x49, 0x49, 0x49, 0x49, 0x00, 0x00,
    0x49, 0x00, 0x49, 0x49, 0x00, 0x00, 0x49, 0x00, 0x00, 0x49, 0x49, 0x49, 0x00, 0x49, 0x00, 0x00,
    0x00, 0x49, 0x00, 0x49, 0x00, 0x00, 0x49, 0x00, 0x49, 0x49, 0x00, 0x00, 0x00, 0x49, 0x49, 0x00,
    0x00, 0x00, 0x00, 0x49, 0x00, 0x00, 0x00, 0x49, 0x00, 0x49, 0x49, 0x00, 0x49, 0x00, 0x49, 0x49,
    0x49, 0x00, 0x00, 0x49, 0x49, 0x00, 0x00, 0x00, 0x49, 0x00, 0x00, 0x00, 0x00, 0x49, 0x49, 0x00,
    0x49, 0x00, 0x49, 0x00, 0x49, 0x49, 0x00, 0x00, 0x49, 0x49, 0x49, 0x00, 0x49, 0x00, 0x00, 0x49,
    0x00, 0x00, 0x49, 0x49, 0x00, 0x00, 0x00, 0x49, 0x00, 0x49, 0x49, 0x00, 0x00, 0x00, 0x00, 0x49,
    0x00, 0x49, 0x00, 0x49, 0x49, 0x00, 0x00, 0x00, 0x49, 0x00, 0x49, 0x49, 0x49, 0x00, 0x00, 0x00,
    0x00, 0x00, 0x49, 0x00, 0x49, 0x49, 0x00, 0x00, 0x00, 0x49, 0x49, 0x00, 0x49, 0x49, 0x49, 0x49,
    0x00, 0x00, 0x00, 0x49, 0x00, 0x49, 0x49, 0x00, 0x49, 0x00, 0x00, 0x49, 0x49, 0x49, 0x00, 0x49,
    0x49, 0x00, 0x00, 0x00, 0x49, 0x00, 0x00, 0x00, 0x49, 0x00, 0x49, 0x49, 0x00, 0x00, 0x49, 0x00,
    0x49, 0x49, 0x00, 0x00, 0x49, 0x49, 0x00, 0x00, 0x00, 0x49, 0x00, 0x49, 0x00, 0x00, 0x00, 0x49,
    0x00, 0x49, 0x00, 0x49, 0x00, 0x49, 0x49, 0x00, 0x00, 0x00, 0x00, 0x49, 0x49, 0x00, 0x00, 0x00,
    0x00, 0x00, 0x00, 0x00, 0x49, 0x00, 0x49, 0x49, 0x49, 0x00, 0x49, 0x00, 0x49, 0x49, 0x49, 0x49,
    0x49, 0x49, 0x00, 0x00, 0x00, 0x49, 0x49, 0x00, 0x00, 0x00, 0x00, 0x49, 0x49, 0x49, 0x49, 0x49,
    0x00, 0x49, 0x49, 0x00, 0x49, 0x00, 0x49, 0x49, 0x49, 0x00, 0x49, 0x49, 0x49, 0x49, 0x00, 0x00,
    0x49, 0x00, 0x00, 0x00, 0x00, 0x49, 0x49, 0x00, 0x00, 0x49, 0x49, 0x49, 0x00, 0x49, 0x00, 0x00,
    0x49, 0x49, 0x49, 0x00, 0x49, 0x00, 0x49, 0x00, 0x49, 0x49, 0x00, 0x00, 0x00, 0x49, 0x00, 0x49,
    0x49, 0x00, 0x00, 0x00, 0x00, 0x00, 0x00, 0x00, 0x49, 0x00, 0x00, 0x00, 0x49, 0x00, 0x00, 0x00,
    0x49, 0x49, 0x49, 0x49, 0x49, 0x49, 0x00, 0x00, 0x49, 0x49, 0x00, 0x00, 0x49, 0x49, 0x00, 0x49,
    0x49, 0x49, 0x49, 0x49, 0x00, 0x49, 0x00, 0x49, 0x00, 0x49, 0x00, 0x49, 0x00, 0x00, 0x49, 0x49,
    0x49, 0x49, 0x00, 0x00, 0x00, 0x00, 0x00, 0x00, 0x00, 0x00, 0x00, 0x49, 0x00, 0x49, 0x49, 0x49,
    0x00, 0x49, 0x49, 0x49, 0x49, 0x49, 0x49, 0x49, 0x49, 0x00, 0x00, 0x00, 0x49, 0x49, 0x00, 0x00,
    0x49, 0x49, 0x49, 0x49, 0x49, 0x49, 0x49, 0x00, 0x49, 0x49, 0x00, 0x49, 0x00, 0x49, 0x00, 0x49,
    0x49, 0x49, 0x49, 0x49, 0x49, 0x00, 0x00, 0x49, 0x00, 0x00, 0x00, 0x00, 0x00, 0x00, 0x49, 0x49,
    0x49, 0x49, 0x49, 0x00, 0x49, 0x00, 0x00, 0x49, 0x49, 0x49, 0x49, 0x49, 0x00, 0x49, 0x49, 0x49,
    0x49, 0x00, 0x00, 0x00, 0x49, 0x00, 0x49, 0x49, 0x49, 0x49, 0x00, 0x00, 0x49, 0x49, 0x49, 0x00,
    0x49, 0x49, 0x00, 0x00, 0x00, 0x49, 0x49, 0x49, 0x00, 0x49, 0x00, 0x49, 0x49, 0x00, 0x00, 0x49,
    0x00, 0x49, 0x49, 0x00, 0x49, 0x49, 0x00, 0x00, 0x00, 0x00, 0x49, 0x00, 0x49, 0x00, 0x00, 0x00,
    0x49, 0x00, 0x00, 0x49, 0x00, 0x49, 0x49, 0x49, 0x00, 0x00, 0x00, 0x00, 0x49, 0x49, 0x00, 0x00,
    0x49, 0x00, 0x00, 0x00, 0x49, 0x49, 0x00, 0x49, 0x49, 0x49, 0x00, 0x49, 0x00, 0x49, 0x00, 0x00,
    0x49, 0x49, 0x00, 0x00, 0x49, 0x00, 0x49, 0x49, 0x49, 0x49, 0x49, 0x49, 0x49, 0x00, 0x49, 0x49,
    0x00, 0x49, 0x00, 0x00, 0x00, 0x49, 0x49, 0x49, 0x49, 0x49, 0x49, 0x00, 0x00, 0x49, 0x00, 0x00,
    0x00, 0x49, 0x49, 0x00, 0x49, 0x49, 0x49, 0x49, 0x49, 0x00, 0x49, 0x00, 0x00, 0x49, 0x49, 0x00,
    0x49, 0x00, 0x00, 0x49, 0x49, 0x49, 0x49, 0x00, 0x00, 0x00, 0x49, 0x00, 0x49, 0x00, 0x00, 0x00,
    0x49, 0x00, 0x49, 0x49, 0x49, 0x00, 0x49, 0x49, 0x00, 0x00, 0x00, 0x00, 0x49, 0x49, 0x00, 0x00,
    0x00, 0x49, 0x49, 0x00, 0x00, 0x49, 0x00, 0x49, 0x49, 0x49, 0x00, 0x49, 0x00, 0x49, 0x49, 0x00,
    0x49, 0x00, 0x49, 0x00, 0x00, 0x00, 0x49, 0x49, 0x00, 0x00, 0x00, 0x00, 0x49, 0x00, 0x00, 0x00,
    0x00, 0x00, 0x49, 0x49, 0x00, 0x49, 0x00, 0x49, 0x49, 0x49, 0x00, 0x00, 0x49, 0x49, 0x49, 0x49,
    0x00, 0x49, 0x00, 0x00, 0x00, 0x00, 0x49, 0x49, 0x00, 0x49, 0x00, 0x49, 0x49, 0x49, 0x00, 0x00,
    0x00, 0x49, 0x49, 0x49, 0x00, 0x49, 0x00, 0x00, 0x00, 0x00, 0x49, 0x49, 0x00, 0x49, 0x49, 0x00,
    0x49, 0x49, 0x00, 0x00, 0x00, 0x49, 0x49, 0x49, 0x00, 0x49, 0x00, 0x00, 0x49, 0x00, 0x00, 0x49,
    0x00, 0x49, 0x49, 0x00, 0x49, 0x49, 0x00, 0x00, 0x00, 0x49, 0x00, 0x00, 0x49, 0x00, 0x00, 0x00,
    0x49, 0x00, 0x00, 0x49, 0x00, 0x49, 0x49, 0x00, 0x00, 0x49, 0x00, 0x49, 0x00, 0x49, 0x49, 0x00,
    0x49, 0x00, 0x00, 0x00, 0x49, 0x00, 0x00, 0x49, 0x00, 0x00, 0x00, 0x00, 0x49, 0x00, 0x00, 0x00,
    0x49, 0x49, 0x00, 0x00, 0x49, 0x00, 0x00, 0x49, 0x49, 0x49, 0x00, 0x00, 0x49, 0x49, 0x00, 0x49,
    0x00, 0x49, 0x00, 0x00, 0x49, 0x00, 0x49, 0x49, 0x00, 0x49, 0x00, 0x49, 0x00, 0x00, 0x00, 0x00,
    0x00, 0x49, 0x00, 0x00, 0x00, 0x49, 0x00, 0x00, 0x00, 0x00, 0x00, 0x49, 0x49, 0x49, 0x49, 0x00,
    0x00, 0x49, 0x49, 0x00, 0x00, 0x49, 0x49, 0x49, 0x49, 0x00, 0x49, 0x49, 0x49, 0x00, 0x49, 0x00,
    0x49, 0x00, 0x49, 0x00, 0x49, 0x49, 0x49, 0x00, 0x00, 0x49, 0x49, 0x00, 0x00, 0x00, 0x00, 0x00,
    0x00, 0x00, 0x00, 0x49, 0x49, 0x00, 0x49, 0x00, 0x49, 0x00, 0x49, 0x49, 0x49, 0x49, 0x49, 0x49,
    0x49, 0x00, 0x49, 0x00, 0x00, 0x00, 0x00, 0x00, 0x00, 0x49, 0x49, 0x49, 0x49, 0x49, 0x49, 0x00,
    0x00, 0x00, 0x49, 0x49, 0x49, 0x49, 0x49, 0x00, 0x49, 0x49, 0x49, 0x49, 0x49, 0x00, 0x49, 0x49,
    0x00, 0x49, 0x49, 0x49, 0x49, 0x00, 0x00, 0x49, 0x49, 0x49, 0x49, 0x00, 0x00, 0x49, 0x00, 0x00,
    0x49, 0x49, 0x49, 0x00, 0x49, 0x00, 0x49, 0x49, 0x49, 0x00, 0x49, 0x00, 0x00, 0x49, 0x00, 0x49,
    0x49, 0x00, 0x00, 0x00, 0x00, 0x49, 0x49, 0x00, 0x00, 0x00, 0x49, 0x00, 0x00, 0x00, 0x49, 0x00,
    0x49, 0x49, 0x49, 0x49, 0x00, 0x49, 0x00, 0x00, 0x00, 0x00, 0x00, 0x00, 0x00, 0x00, 0x49, 0x49,
    0x00, 0x00, 0x00, 0x00, 0x00, 0x49, 0x49, 0x49, 0x49, 0x49, 0x49, 0x49, 0x00, 0x49, 0x00, 0x49,
    0x49, 0x49, 0x49, 0x00, 0x49, 0x49, 0x49, 0x49, 0x49, 0x49, 0x00, 0x00, 0x00, 0x00, 0x49, 0x49,
    0x49, 0x00, 0x00, 0x49, 0x49, 0x49, 0x49, 0x49, 0x00, 0x49, 0x49, 0x49, 0x00, 0x49, 0x49, 0x00,
    0x49, 0x00, 0x49, 0x49, 0x49, 0x49, 0x00, 0x00, 0x49, 0x49, 0x00, 0x00, 0x49, 0x00, 0x00, 0x00,
    0x00, 0x49, 0x49, 0x49, 0x00, 0x49, 0x00, 0x49, 0x00, 0x49, 0x00, 0x00, 0x49, 0x49, 0x49, 0x00,
    0x49, 0x49, 0x00, 0x00, 0x00, 0x00, 0x00, 0x00, 0x00, 0x49, 0x00, 0x49, 0x49, 0x00, 0x00, 0x49,
    0x00, 0x49, 0x49, 0x49, 0x49, 0x49, 0x49, 0x00, 0x00, 0x00, 0x49, 0x00, 0x49, 0x00, 0x00, 0x00,
    0x49, 0x49, 0x49, 0x49, 0x49, 0x00, 0x49, 0x49, 0x00, 0x00, 0x00, 0x00, 0x49, 0x49, 0x00, 0x49,
    0x49, 0x49, 0x49, 0x00, 0x00, 0x49, 0x00, 0x49, 0x49, 0x49, 0x00, 0x49, 0x00, 0x00, 0x49, 0x49,
    0x49, 0x00, 0x49, 0x00, 0x00, 0x00, 0x49, 0x49, 0x00, 0x00, 0x00, 0x49, 0x00, 0x49, 0x49, 0x00,
    0x00, 0x00, 0x49, 0x49, 0x00, 0x49, 0x00, 0x49, 0x49, 0x00, 0x00, 0x00, 0x49, 0x00, 0x49, 0x49,
    0x00, 0x49, 0x00, 0x00, 0x00, 0x00, 0x49, 0x00, 0x49, 0x49, 0x00, 0x00, 0x49, 0x00, 0x00, 0x00,
    0x00, 0x49, 0x00, 0x49, 0x00, 0x00, 0x00, 0x49, 0x49, 0x49, 0x00, 0x00, 0x49, 0x49, 0x49, 0x00,
    0x00, 0x00, 0x00, 0x49, 0x49, 0x00, 0x49, 0x49, 0x00, 0x49, 0x00, 0x49, 0x49, 0x00, 0x49, 0x49,
    0x49, 0x00, 0x49, 0x00, 0x00, 0x49, 0x00, 0x00, 0x00, 0x00, 0x49, 0x00, 0x00, 0x49, 0x49, 0x00,
    0x00, 0x00, 0x49, 0x00, 0x00, 0x49, 0x49, 0x49, 0x00, 0x00, 0x49, 0x00, 0x49, 0x00, 0x49, 0x49,
    0x00, 0x00, 0x49, 0x00, 0x49, 0x49, 0x00, 0x49, 0x00, 0x00, 0x00, 0x00, 0x00, 0x49, 0x00, 0x49,
    0x00, 0x00, 0x00, 0x49, 0x00, 0x00, 0x00, 0x49, 0x49, 0x49, 0x49, 0x00, 0x00, 0x00, 0x00, 0x49,
    0x49, 0x00, 0x00, 0x49, 0x49, 0x00, 0x49, 0x49, 0x49, 0x00, 0x49, 0x49, 0x49, 0x00, 0x49, 0x00,
    0x49, 0x00, 0x49, 0x00, 0x00, 0x49, 0x49, 0x00, 0x00, 0x49, 0x49, 0x00, 0x00, 0x00, 0x00, 0x00,
    0x00, 0x00, 0x49, 0x00, 0x49, 0x00, 0x49, 0x00, 0x49, 0x00, 0x49, 0x49, 0x49, 0x49, 0x49, 0x49,
    0x00, 0x00, 0x00, 0x00, 0x00, 0x00, 0x00, 0x00, 0x00, 0x49, 0x49, 0x49, 0x49, 0x49, 0x00, 0x49,
    0x49, 0x49, 0x49, 0x49, 0x49, 0x49, 0x49, 0x00, 0x49, 0x49, 0x49, 0x49, 0x00, 0x00, 0x49, 0x49,
    0x49, 0x49, 0x49, 0x49, 0x49, 0x00, 0x00, 0x49, 0x49, 0x49, 0x00, 0x49, 0x00, 0x49, 0x49, 0x49,
    0x49, 0x49, 0x49, 0x00, 0x49, 0x49, 0x49, 0x49, 0x49, 0x49, 0x00, 0x49, 0x49, 0x00, 0x00, 0x49,
    0x00, 0x00, 0x49, 0x00, 0x49, 0x49, 0x49, 0x49, 0x00, 0x00, 0x49, 0x00, 0x49, 0x00, 0x00, 0x49,
    0x00, 0x00, 0x00, 0x49, 0x49, 0x49, 0x00, 0x49, 0x00, 0x00, 0x00, 0x00, 0x49, 0x00, 0x00, 0x49,
    0x49, 0x00, 0x49, 0x49, 0x00, 0x00, 0x00, 0x49, 0x49, 0x49, 0x00, 0x00, 0x49, 0x00, 0x49, 0x00,
    0x00, 0x49, 0x00, 0x49, 0x49, 0x00, 0x49, 0x49, 0x00, 0x49, 0x00, 0x00, 0x00, 0x00, 0x49, 0x00,
    0x00, 0x00, 0x49, 0x00, 0x00, 0x49, 0x00, 0x00, 0x00, 0x49, 0x49, 0x49, 0x00, 0x00, 0x49, 0x49,
    0x00, 0x00, 0x49, 0x00, 0x00, 0x49, 0x49, 0x00, 0x49, 0x49, 0x00, 0x49, 0x00, 0x49, 0x00, 0x49,
    0x00, 0x00, 0x49, 0x00, 0x49, 0x00, 0x00, 0x49, 0x00, 0x00, 0x00, 0x00, 0x00, 0x00, 0x00, 0x49,
    0x00, 0x00, 0x00, 0x00, 0x49, 0x00, 0x00, 0x49, 0x49, 0x49, 0x49, 0x49, 0x49, 0x00, 0x00, 0x49,
    0x49, 0x49, 0x00, 0x00, 0x49, 0x00, 0x49, 0x49, 0x49, 0x49, 0x49, 0x00, 0x49, 0x00, 0x49, 0x49,
    0x00, 0x49, 0x00, 0x00, 0x00, 0x49, 0x49, 0x49, 0x49, 0x00, 0x00, 0x00, 0x00, 0x49, 0x00, 0x00,
    0x00, 0x49, 0x49, 0x00, 0x49, 0x49, 0x49, 0x00, 0x49, 0x49, 0x49, 0x00, 0x00, 0x49, 0x49, 0x00,
    0x49, 0x00, 0x00, 0x49, 0x43, 0x00, 0x00, 0x43, 0x43, 0x00, 0x43, 0x00, 0x43, 0x00, 0x43, 0x00,
    0x00, 0x43, 0x43, 0x00, 0x43, 0x00, 0x43, 0x00, 0x43, 0x43, 0x00, 0x43, 0x00, 0x00, 0x43, 0x00,
    0x43, 0x00, 0x00, 0x00, 0x00, 0x00, 0x00, 0x43, 0x00, 0x00, 0x00, 0x43, 0x00, 0x00, 0x00, 0x00,
    0x43, 0x43, 0x43, 0x43, 0x43, 0x00, 0x00, 0x43, 0x43, 0x00, 0x00, 0x43, 0x43, 0x43, 0x00, 0x43,
    0x43, 0x43, 0x43, 0x00, 0x43, 0x00, 0x43, 0x00, 0x43, 0x00, 0x43, 0x43, 0x00, 0x00, 0x43, 0x43,
    0x43, 0x00, 0x00, 0x00, 0x00, 0x00, 0x00, 0x00, 0x00, 0x43, 0x00, 0x43, 0x00, 0x43, 0x43, 0x00,
    0x43, 0x43, 0x43, 0x43, 0x43, 0x43, 0x43, 0x00, 0x00, 0x00, 0x00, 0x00, 0x43, 0x00, 0x00, 0x43,
    0x43, 0x43, 0x43, 0x43, 0x43, 0x00, 0x43, 0x43, 0x43, 0x43, 0x00, 0x00, 0x43, 0x00, 0x43, 0x43,
    0x43, 0x43, 0x43, 0x00, 0x00, 0x43, 0x43, 0x43, 0x00, 0x43, 0x00, 0x00, 0x00, 0x43, 0x43, 0x43,
    0x43, 0x00, 0x43, 0x00, 0x43, 0x43, 0x00, 0x00, 0x00, 0x43, 0x43, 0x00, 0x43, 0x43, 0x43, 0x00,
    0x00, 0x00, 0x00, 0x43, 0x00, 0x43, 0x43, 0x00, 0x43, 0x00, 0x00, 0x43, 0x43, 0x00, 0x43, 0x43,
    0x43, 0x00, 0x00, 0x00, 0x43, 0x00, 0x00, 0x00, 0x43, 0x00, 0x43, 0x00, 0x00, 0x43, 0x43, 0x00,
    0x43, 0x43, 0x00, 0x00, 0x43, 0x43, 0x00, 0x00, 0x00, 0x00, 0x43, 0x00, 0x43, 0x00, 0x00, 0x43,
    0x00, 0x43, 0x00, 0x43, 0x00, 0x43, 0x43, 0x43, 0x43, 0x43, 0x43, 0x00, 0x00, 0x43, 0x43, 0x00,
    0x43, 0x00, 0x43, 0x00, 0x43, 0x43, 0x43, 0x43, 0x43, 0x00, 0x43, 0x00, 0x43, 0x00, 0x00, 0x00,
    0x00, 0x00, 0x00, 0x43, 0x43, 0x43, 0x43, 0x00, 0x00, 0x00, 0x00, 0x00, 0x43, 0x43, 0x43, 0x43,
    0x43, 0x00, 0x43, 0x43, 0x43, 0x00, 0x43, 0x43, 0x43, 0x43, 0x00, 0x43, 0x43, 0x43, 0x43, 0x00,
    0x00, 0x43, 0x43, 0x00, 0x00, 0x43, 0x43, 0x43, 0x00, 0x00, 0x43, 0x43, 0x43, 0x00, 0x43, 0x00,
    0x43, 0x00, 0x43, 0x00, 0x43, 0x43, 0x00, 0x43, 0x00, 0x43, 0x43, 0x00, 0x00, 0x00, 0x00, 0x00,
    0x00, 0x00, 0x00, 0x43, 0x00, 0x00, 0x00, 0x00, 0x43, 0x00, 0x43, 0x43, 0x43, 0x43, 0x43, 0x43,
    0x43, 0x00, 0x00, 0x43, 0x43, 0x43, 0x00, 0x00, 0x00, 0x43, 0x43, 0x43, 0x43, 0x43, 0x43, 0x00,
    0x43, 0x00, 0x43, 0x43, 0x00, 0x43, 0x43, 0x00, 0x43, 0x43, 0x43, 0x43, 0x43, 0x00, 0x00, 0x00,
    0x00, 0x43, 0x00, 0x00, 0x43, 0x00, 0x00, 0x43, 0x43, 0x43, 0x43, 0x00, 0x43, 0x43, 0x43, 0x00,
    0x00, 0x43, 0x00, 0x00, 0x43, 0x00, 0x43, 0x43, 0x43, 0x00, 0x00, 0x43, 0x43, 0x00, 0x43, 0x00,
    0x00, 0x43, 0x00, 0x00, 0x00, 0x43, 0x43, 0x00, 0x43, 0x00, 0x43, 0x00, 0x00, 0x00, 0x43, 0x00,
    0x00, 0x43, 0x43, 0x00, 0x43, 0x00, 0x00, 0x00, 0x00, 0x00, 0x43, 0x43, 0x00, 0x00, 0x43, 0x00,
    0x43, 0x43, 0x43, 0x43, 0x43, 0x43, 0x00, 0x00, 0x43, 0x00, 0x43, 0x43, 0x43, 0x43, 0x00, 0x43,
    0x43, 0x43, 0x43, 0x43, 0x00, 0x43, 0x00, 0x00, 0x00, 0x43, 0x43, 0x43, 0x00, 0x00, 0x43, 0x43,
    0x43, 0x43, 0x00, 0x00, 0x00, 0x43, 0x43, 0x00, 0x43, 0x43, 0x00, 0x43, 0x00, 0x43, 0x43, 0x43,
    0x00, 0x43, 0x43, 0x00, 0x43, 0x00, 0x00, 0x43, 0x00, 0x00, 0x00, 0x00, 0x43, 0x43, 0x00, 0x00,
    0x43, 0x00, 0x00, 0x00, 0x43, 0x00, 0x00, 0x43, 0x43, 0x43, 0x00, 0x43, 0x00, 0x43, 0x00, 0x00,
    0x43, 0x43, 0x00, 0x00, 0x43, 0x00, 0x43, 0x43, 0x00, 0x00, 0x00, 0x00, 0x00, 0x43, 0x00, 0x43,
    0x00, 0x43, 0x00, 0x00, 0x00, 0x43, 0x00, 0x43, 0x43, 0x43, 0x43, 0x00, 0x00, 0x00, 0x00, 0x00,
    0x00, 0x43, 0x43, 0x00, 0x00, 0x00, 0x43, 0x43, 0x43, 0x00, 0x43, 0x43, 0x43, 0x43, 0x43, 0x00,
    0x43, 0x00, 0x43, 0x43, 0x00, 0x43, 0x43, 0x00, 0x00, 0x43, 0x43, 0x43, 0x43, 0x00, 0x00, 0x00,
    0x00, 0x43, 0x00, 0x00, 0x43, 0x00, 0x43, 0x00, 0x43, 0x43, 0x43, 0x00, 0x43, 0x43, 0x43, 0x00,
    0x00, 0x43, 0x00, 0x00, 0x00, 0x00, 0x00, 0x43, 0x43, 0x00, 0x00, 0x43, 0x43, 0x00, 0x43, 0x00,
    0x00, 0x43, 0x43, 0x43, 0x43, 0x00, 0x43, 0x00, 0x43, 0x00, 0x43, 0x00, 0x00, 0x00, 0x43, 0x00,
    0x43, 0x43, 0x43, 0x00, 0x00, 0x00, 0x00, 0x00, 0x00, 0x00, 0x00, 0x43, 0x00, 0x00, 0x00, 0x00,
    0x43, 0x00, 0x00, 0x43, 0x43, 0x00, 0x00, 0x43, 0x00, 0x00, 0x00, 0x43, 0x43, 0x43, 0x00, 0x00,
    0x43, 0x00, 0x43, 0x00, 0x43, 0x00, 0x00, 0x43, 0x43, 0x00, 0x43, 0x43, 0x00, 0x43, 0x00, 0x00,
    0x00, 0x00, 0x00, 0x00, 0x43, 0x00, 0x43, 0x00, 0x00, 0x43, 0x00, 0x00, 0x00, 0x43, 0x43, 0x43,
    0x43, 0x43, 0x00, 0x00, 0x00, 0x00, 0x43, 0x00, 0x00, 0x43, 0x43, 0x00, 0x43, 0x43, 0x43, 0x43,
    0x00, 0x43, 0x43, 0x43, 0x00, 0x00, 0x43, 0x00, 0x43, 0x00, 0x00, 0x43, 0x43, 0x43, 0x00, 0x00,
    0x43, 0x43, 0x00, 0x43, 0x00, 0x00, 0x00, 0x00, 0x43, 0x00, 0x43, 0x43, 0x00, 0x43, 0x00, 0x43,
    0x00, 0x00, 0x00, 0x43, 0x43, 0x43, 0x00, 0x00, 0x00, 0x43, 0x00, 0x00, 0x00, 0x00, 0x00, 0x43,
    0x43, 0x00, 0x43, 0x43, 0x00, 0x43, 0x43, 0x00, 0x00, 0x43, 0x43, 0x43, 0x43, 0x00, 0x43, 0x00,
    0x00, 0x43, 0x00, 0x00, 0x43, 0x00, 0x43, 0x00, 0x43, 0x43, 0x43, 0x00, 0x00, 0x00, 0x43, 0x00,
    0x00, 0x43, 0x00, 0x00, 0x00, 0x00, 0x00, 0x43, 0x43, 0x00, 0x43, 0x43, 0x00, 0x00, 0x43, 0x00,
    0x00, 0x43, 0x43, 0x43, 0x43, 0x00, 0x43, 0x00, 0x00, 0x43, 0x00, 0x43, 0x00, 0x00, 0x43, 0x00,
    0x43, 0x43, 0x43, 0x00, 0x00, 0x00, 0x43, 0x00, 0x00, 0x00, 0x00, 0x43, 0x00, 0x00, 0x00, 0x43,
    0x43, 0x00, 0x43, 0x43, 0x43, 0x00, 0x00, 0x00, 0x43, 0x00, 0x00, 0x00, 0x43, 0x00, 0x43, 0x00,
    0x00, 0x00, 0x43, 0x00, 0x43, 0x43, 0x00, 0x00, 0x43, 0x43, 0x00, 0x00, 0x00, 0x00, 0x43, 0x43,
    0x00, 0x00, 0x00, 0x43, 0x00, 0x43, 0x00, 0x43, 0x00, 0x43, 0x43, 0x43, 0x00, 0x43, 0x00, 0x43,
    0x43, 0x00, 0x00, 0x00, 0x00, 0x00, 0x00, 0x00, 0x43, 0x43, 0x00, 0x00, 0x00, 0x00, 0x43, 0x00,
    0x43, 0x43, 0x43, 0x43, 0x43, 0x43, 0x00, 0x43, 0x00, 0x43, 0x43, 0x43, 0x00, 0x00, 0x00, 0x43,
    0x43, 0x43, 0x43, 0x43, 0x00, 0x00, 0x00, 0x00, 0x43, 0x43, 0x00, 0x43, 0x43, 0x00, 0x43, 0x43,
    0x43, 0x43, 0x00, 0x43, 0x43, 0x43, 0x00, 0x43, 0x00, 0x00, 0x43, 0x00, 0x00, 0x43, 0x43, 0x43,
    0x00, 0x00, 0x43, 0x43, 0x00, 0x00, 0x00, 0x43, 0x00, 0x00, 0x43, 0x00, 0x43, 0x43, 0x00, 0x43,
    0x00, 0x43, 0x00, 0x43, 0x43, 0x00, 0x00, 0x43, 0x00, 0x00, 0x00, 0x43, 0x00, 0x00, 0x00, 0x00,
    0x00, 0x00, 0x43, 0x00, 0x43, 0x00, 0x00, 0x43, 0x43, 0x00, 0x00, 0x43, 0x43, 0x43, 0x43, 0x43,
    0x00, 0x00, 0x00, 0x00, 0x43, 0x00, 0x43, 0x00, 0x43, 0x00, 0x43, 0x43, 0x43, 0x43, 0x00, 0x43,
    0x43, 0x43, 0x00, 0x00, 0x00, 0x00, 0x00, 0x00, 0x00, 0x43, 0x43, 0x43, 0x00, 0x00, 0x43, 0x43,
    0x00, 0x43, 0x43, 0x43, 0x43, 0x43, 0x43, 0x00, 0x43, 0x43, 0x00, 0x43, 0x00, 0x00, 0x43, 0x43,
    0x00, 0x43, 0x00, 0x00, 0x00, 0x43, 0x43, 0x00, 0x00, 0x00, 0x00, 0x43, 0x00, 0x43, 0x00, 0x00,
    0x00, 0x43, 0x43, 0x00, 0x43, 0x00, 0x43, 0x43, 0x43, 0x00, 0x00, 0x00, 0x00, 0x43, 0x43, 0x00,
    0x43, 0x00, 0x00, 0x00, 0x00, 0x43, 0x43, 0x00, 0x43, 0x43, 0x43, 0x00, 0x43, 0x00, 0x00, 0x00,
    0x43, 0x43, 0x43, 0x00, 0x43, 0x00, 0x00, 0x43, 0x43, 0x00, 0x00, 0x00, 0x43, 0x43, 0x00, 0x43,
    0x43, 0x00, 0x00, 0x00, 0x43, 0x00, 0x43, 0x00, 0x43, 0x43, 0x00, 0x43, 0x00, 0x00, 0x43, 0x00,
    0x43, 0x43, 0x00, 0x00, 0x00, 0x00, 0x00, 0x43, 0x00, 0x00, 0x00, 0x43, 0x00, 0x00, 0x00, 0x43,
    0x00, 0x43, 0x43, 0x43, 0x43, 0x00, 0x00, 0x43, 0x43, 0x00, 0x00, 0x43, 0x43, 0x00, 0x00, 0x00,
    0x43, 0x43, 0x43, 0x00, 0x43, 0x00, 0x43, 0x00, 0x43, 0x00, 0x43, 0x00, 0x43, 0x43, 0x00, 0x43,
    0x43, 0x00, 0x00, 0x00, 0x00, 0x00, 0x00, 0x00, 0x00, 0x00, 0x00, 0x43, 0x00, 0x00, 0x43, 0x00,
    0x43, 0x43, 0x43, 0x43, 0x43, 0x43, 0x43, 0x43, 0x43, 0x00, 0x00, 0x43, 0x00, 0x00, 0x00, 0x43,
    0x43, 0x43, 0x43, 0x43, 0x43, 0x43, 0x43, 0x00, 0x43, 0x00, 0x00, 0x43, 0x43, 0x00, 0x43, 0x43,
    0x43, 0x43, 0x43, 0x43, 0x43, 0x00, 0x00, 0x00, 0x43, 0x00, 0x43, 0x00, 0x00, 0x43, 0x43, 0x43,
    0x43, 0x43, 0x43, 0x00, 0x43, 0x00, 0x43, 0x00, 0x00, 0x43, 0x43, 0x00, 0x43, 0x43, 0x43, 0x00,
    0x00, 0x00, 0x00, 0x43, 0x00, 0x00, 0x43, 0x00, 0x43, 0x00, 0x00, 0x43, 0x43, 0x00, 0x43, 0x43,
    0x43, 0x00, 0x00, 0x43, 0x00, 0x00, 0x00, 0x00, 0x43, 0x00, 0x43, 0x00, 0x00, 0x43, 0x43, 0x00,
    0x43, 0x00, 0x00, 0x43, 0x43, 0x43, 0x00, 0x00, 0x00, 0x00, 0x43, 0x00, 0x43, 0x00, 0x00, 0x00,
    0x43, 0x00, 0x43, 0x43, 0x00, 0x43, 0x43, 0x43, 0x00, 0x00, 0x00, 0x00, 0x43, 0x43, 0x00, 0x00,
    0x00, 0x43, 0x00, 0x00, 0x43, 0x43, 0x00, 0x43, 0x43, 0x43, 0x00, 0x43, 0x00, 0x43, 0x43, 0x00,
    0x00, 0x43, 0x00, 0x43, 0x00, 0x00, 0x43, 0x43, 0x00, 0x00, 0x00, 0x00, 0x43, 0x00, 0x43, 0x00,
    0x00, 0x00, 0x00, 0x43, 0x00, 0x43, 0x00, 0x43, 0x43, 0x43, 0x00, 0x00, 0x00, 0x00, 0x43, 0x43,
    0x43, 0x00, 0x00, 0x00, 0x00, 0x00, 0x43, 0x43, 0x00, 0x43, 0x43, 0x43, 0x00, 0x43, 0x43, 0x00,
    0x43, 0x43, 0x43, 0x43, 0x00, 0x43, 0x00, 0x00, 0x43, 0x43, 0x00, 0x00, 0x43, 0x00, 0x00, 0x43,
    0x43, 0x43, 0x00, 0x00, 0x00, 0x43, 0x00, 0x43, 0x00, 0x43, 0x00, 0x00, 0x43, 0x00, 0x43, 0x43,
    0x00, 0x43, 0x43, 0x00, 0x00, 0x00, 0x00, 0x00, 0x00, 0x43, 0x00, 0x00, 0x00, 0x43, 0x00, 0x00,
    0x43, 0x00, 0x43, 0x43, 0x43, 0x43, 0x43, 0x00, 0x00, 0x43, 0x43, 0x00, 0x00, 0x43, 0x43, 0x00,
    0x43, 0x43, 0x43, 0x00, 0x00, 0x43, 0x43, 0x43, 0x43, 0x43, 0x00, 0x00, 0x43, 0x00, 0x00, 0x43,
    0x43, 0x00, 0x43, 0x00, 0x43, 0x43, 0x43, 0x43, 0x00, 0x43, 0x00, 0x00, 0x43, 0x00, 0x43, 0x00,
    0x00, 0x00, 0x00, 0x43, 0x43, 0x43, 0x00, 0x00, 0x00, 0x43, 0x00, 0x00, 0x00, 0x00, 0x43, 0x43,
    0x43, 0x00, 0x43, 0x43, 0x00, 0x43, 0x43, 0x00, 0x00, 0x43, 0x43, 0x43, 0x00, 0x43, 0x43, 0x00,
    0x00, 0x43, 0x00, 0x00, 0x43, 0x00, 0x43, 0x00, 0x43, 0x43, 0x00, 0x00, 0x43, 0x00, 0x43, 0x00,
    0x00, 0x43, 0x00, 0x00, 0x00, 0x00, 0x00, 0x43, 0x00, 0x43, 0x00, 0x00, 0x00, 0x00, 0x43, 0x00,
    0x00, 0x43, 0x43, 0x43, 0x43, 0x00, 0x00, 0x00, 0x00, 0x43, 0x43, 0x43, 0x00, 0x00, 0x43, 0x00,
    0x43, 0x43, 0x43, 0x00, 0x43, 0x43, 0x43, 0x00, 0x43, 0x43, 0x00, 0x43, 0x00, 0x00, 0x00, 0x43,
    0x43, 0x00, 0x00, 0x43, 0x43, 0x00, 0x00, 0x43, 0x00, 0x00, 0x00, 0x43, 0x43, 0x00, 0x43, 0x00,
    0x43, 0x00, 0x43, 0x00, 0x43, 0x00, 0x00, 0x43, 0x43, 0x00, 0x43, 0x00, 0x00, 0x00, 0x00, 0x00,
    0x00, 0x00, 0x00, 0x00, 0x43, 0x00, 0x43, 0x00, 0x00, 0x00, 0x43, 0x43, 0x43, 0x43, 0x43, 0x43,
    0x43, 0x43, 0x00, 0x00, 0x00, 0x00, 0x43, 0x43, 0x00, 0x43, 0x43, 0x43, 0x43, 0x43, 0x43, 0x43,
    0x00, 0x43, 0x43, 0x43, 0x00, 0x43, 0x00, 0x00, 0x00, 0x00, 0x00, 0x43, 0x43, 0x43, 0x43, 0x43,
    0x00, 0x00, 0x43, 0x43, 0x00, 0x00, 0x00, 0x43, 0x43, 0x00, 0x43, 0x43, 0x43, 0x43, 0x00, 0x43,
    0x00, 0x43, 0x00, 0x43, 0x43, 0x00, 0x43, 0x00, 0x00, 0x43, 0x43, 0x43, 0x00, 0x00, 0x00, 0x00,
    0x00, 0x00, 0x43, 0x00, 0x00, 0x00, 0x43, 0x00, 0x43, 0x43, 0x00, 0x43, 0x43, 0x43, 0x43, 0x43,
    0x00, 0x00, 0x43, 0x43, 0x00, 0x00, 0x00, 0x43, 0x00, 0x00, 0x43, 0x43, 0x43, 0x43, 0x00, 0x43,
    0x00, 0x43, 0x00, 0x43, 0x43, 0x00, 0x00, 0x43, 0x00, 0x43, 0x43, 0x43, 0x00, 0x00, 0x00, 0x00,
    0x00, 0x00, 0x43, 0x00, 0x43, 0x00, 0x00, 0x00, 0x43, 0x43, 0x00, 0x43, 0x43, 0x43, 0x43, 0x43,
    0x00, 0x00, 0x00, 0x00, 0x43, 0x43, 0x00, 0x43, 0x00, 0x00, 0x43, 0x43, 0x43, 0x43, 0x00, 0x43,
    0x43, 0x43, 0x00, 0x43, 0x00, 0x00, 0x00, 0x43, 0x00, 0x43, 0x43, 0x43, 0x00, 0x00, 0x43, 0x43,
    0x00, 0x00, 0x00, 0x43, 0x43, 0x00, 0x00, 0x00, 0x43, 0x43, 0x00, 0x43, 0x00, 0x43, 0x00, 0x43,
    0x43, 0x00, 0x43, 0x00, 0x43, 0x43, 0x00, 0x43, 0x00, 0x00, 0x00, 0x00, 0x00, 0x00, 0x43, 0x00,
    0x00, 0x00, 0x00, 0x43, 0x00, 0x00, 0x00, 0x43, 0x43, 0x43, 0x43, 0x43, 0x00, 0x00, 0x43, 0x43,
    0x43, 0x00, 0x00, 0x43, 0x43, 0x00, 0x43, 0x43, 0x43, 0x43, 0x00, 0x43, 0x00, 0x43, 0x43, 0x00,
    0x43, 0x00, 0x00, 0x43, 0x00, 0x43, 0x43, 0x00, 0x43, 0x43, 0x43, 0x00, 0x00, 0x43, 0x00, 0x00,
    0x43, 0x00, 0x00, 0x00, 0x43, 0x00, 0x00, 0x43, 0x43, 0x00, 0x43, 0x00, 0x00, 0x43, 0x00, 0x00,
    0x43, 0x43, 0x00, 0x00, 0x43, 0x00, 0x43, 0x00, 0x00, 0x00, 0x43, 0x00, 0x00, 0x43, 0x00, 0x3C,
    0x00, 0x3C, 0x00, 0x00, 0x00, 0x00, 0x3C, 0x3C, 0x00, 0x00, 0x3C, 0x00, 0x00, 0x00, 0x00, 0x00,
    0x00, 0x3C, 0x3C, 0x3C, 0x00, 0x3C, 0x00, 0x3C, 0x00, 0x00, 0x3C, 0x3C, 0x3C, 0x3C, 0x3C, 0x00,
    0x3C, 0x3C, 0x00, 0x00, 0x00, 0x00, 0x00, 0x3C, 0x00, 0x3C, 0x3C, 0x3C, 0x3C, 0x00, 0x00, 0x3C,
    0x00, 0x3C, 0x3C, 0x3C, 0x3C, 0x00, 0x00, 0x00, 0x3C, 0x3C, 0x3C, 0x00, 0x3C, 0x00, 0x00, 0x00,
    0x3C, 0x3C, 0x3C, 0x00, 0x3C, 0x3C, 0x00, 0x3C, 0x3C, 0x00, 0x00, 0x00, 0x3C, 0x3C, 0x00, 0x3C,
    0x3C, 0x00, 0x00, 0x3C, 0x00, 0x00, 0x3C, 0x00, 0x3C, 0x3C, 0x00, 0x3C, 0x00, 0x00, 0x3C, 0x00,
    0x3C, 0x00, 0x00, 0x3C, 0x00, 0x00, 0x00, 0x3C, 0x00, 0x00, 0x00, 0x3C, 0x00, 0x00, 0x00, 0x00,
    0x3C, 0x00, 0x00, 0x3C, 0x3C, 0x00, 0x00, 0x3C, 0x3C, 0x00, 0x00, 0x3C, 0x3C, 0x3C, 0x00, 0x00,
    0x3C, 0x00, 0x3C, 0x00, 0x3C, 0x00, 0x3C, 0x00, 0x3C, 0x00, 0x3C, 0x3C, 0x00, 0x3C, 0x00, 0x00,
    0x00, 0x00, 0x00, 0x00, 0x00, 0x00, 0x00, 0x00, 0x00, 0x3C, 0x00, 0x00, 0x3C, 0x00, 0x3C, 0x3C,
    0x00, 0x3C, 0x3C, 0x00, 0x00, 0x3C, 0x3C, 0x3C, 0x00, 0x3C, 0x00, 0x00, 0x00, 0x3C, 0x00, 0x00,
    0x3C, 0x00, 0x3C, 0x00, 0x3C, 0x3C, 0x00, 0x00, 0x00, 0x3C, 0x3C, 0x00, 0x00, 0x3C, 0x00, 0x00,
    0x00, 0x00, 0x00, 0x3C, 0x00, 0x3C, 0x3C, 0x00, 0x3C, 0x00, 0x3C, 0x00, 0x00, 0x3C, 0x3C, 0x3C,
    0x3C, 0x00, 0x00, 0x00, 0x3C, 0x00, 0x00, 0x00, 0x00, 0x00, 0x3C, 0x00, 0x3C, 0x3C, 0x3C, 0x00,
    0x3C, 0x3C, 0x00, 0x00, 0x3C, 0x3C, 0x3C, 0x3C, 0x00, 0x00, 0x00, 0x3C, 0x3C, 0x00, 0x00, 0x3C,
    0x00, 0x3C, 0x00, 0x3C, 0x3C, 0x3C, 0x00, 0x3C, 0x3C, 0x00, 0x3C, 0x00, 0x3C, 0x00, 0x00, 0x00,
    0x00, 0x00, 0x3C, 0x3C, 0x00, 0x00, 0x3C, 0x00, 0x00, 0x00, 0x00, 0x00, 0x3C, 0x3C, 0x3C, 0x3C,
    0x00, 0x3C, 0x00, 0x3C, 0x00, 0x00, 0x3C, 0x3C, 0x3C, 0x3C, 0x00, 0x3C, 0x3C, 0x3C, 0x00, 0x00,
    0x00, 0x00, 0x00, 0x3C, 0x00, 0x3C, 0x3C, 0x3C, 0x00, 0x00, 0x3C, 0x3C, 0x00, 0x3C, 0x3C, 0x3C,
    0x3C, 0x00, 0x00, 0x00, 0x3C, 0x3C, 0x00, 0x3C, 0x00, 0x3C, 0x00, 0x00, 0x3C, 0x3C, 0x3C, 0x00,
    0x3C, 0x3C, 0x00, 0x3C, 0x00, 0x00, 0x00, 0x00, 0x00, 0x3C, 0x00, 0x3C, 0x3C, 0x00, 0x00, 0x3C,
    0x00, 0x00, 0x00, 0x3C, 0x3C, 0x3C, 0x3C, 0x00, 0x00, 0x00, 0x3C, 0x00, 0x3C, 0x00, 0x00, 0x3C,
    0x3C, 0x00, 0x3C, 0x3C, 0x3C, 0x00, 0x00, 0x00, 0x3C, 0x00, 0x00, 0x00, 0x00, 0x00, 0x3C, 0x00,
    0x00, 0x00, 0x3C, 0x00, 0x3C, 0x3C, 0x00, 0x00, 0x3C, 0x3C, 0x3C, 0x3C, 0x00, 0x00, 0x3C, 0x3C,
    0x00, 0x00, 0x00, 0x3C, 0x00, 0x3C, 0x00, 0x3C, 0x3C, 0x3C, 0x00, 0x3C, 0x00, 0x3C, 0x00, 0x3C,
    0x3C, 0x00, 0x00, 0x00, 0x00, 0x00, 0x3C, 0x3C, 0x00, 0x00, 0x00, 0x00, 0x00, 0x00, 0x3C, 0x00,
    0x3C, 0x3C, 0x3C, 0x3C, 0x00, 0x3C, 0x00, 0x3C, 0x3C, 0x3C, 0x3C, 0x3C, 0x00, 0x00, 0x00, 0x3C,
    0x3C, 0x3C, 0x00, 0x00, 0x00, 0x00, 0x3C, 0x3C, 0x3C, 0x3C, 0x00, 0x3C, 0x3C, 0x00, 0x3C, 0x3C,
    0x00, 0x3C, 0x3C, 0x3C, 0x00, 0x3C, 0x3C, 0x3C, 0x00, 0x00, 0x3C, 0x00, 0x00, 0x3C, 0x00, 0x00,
    0x3C, 0x3C, 0x00, 0x00, 0x3C, 0x3C, 0x00, 0x3C, 0x00, 0x00, 0x3C, 0x00, 0x00, 0x3C, 0x00, 0x3C,
    0x00, 0x3C, 0x00, 0x3C, 0x00, 0x00, 0x00, 0x3C, 0x00, 0x00, 0x3C, 0x00, 0x00, 0x00, 0x00, 0x00,
    0x00, 0x00, 0x00, 0x3C, 0x3C, 0x00, 0x00, 0x3C, 0x00, 0x00, 0x3C, 0x3C, 0x3C, 0x3C, 0x3C, 0x3C,
    0x3C, 0x00, 0x3C, 0x00, 0x3C, 0x00, 0x00, 0x3C, 0x00, 0x3C, 0x3C, 0x3C, 0x3C, 0x3C, 0x3C, 0x00,
    0x00, 0x00, 0x00, 0x00, 0x3C, 0x00, 0x00, 0x00, 0x3C, 0x3C, 0x3C, 0x3C, 0x3C, 0x00, 0x3C, 0x3C,
    0x3C, 0x3C, 0x00, 0x00, 0x3C, 0x3C, 0x00, 0x3C, 0x3C, 0x3C, 0x3C, 0x00, 0x3C, 0x3C, 0x3C, 0x3C,
    0x00, 0x00, 0x00, 0x00, 0x3C, 0x00, 0x00, 0x3C, 0x3C, 0x3C, 0x00, 0x3C, 0x3C, 0x3C, 0x00, 0x3C,
    0x3C, 0x3C, 0x00, 0x00, 0x3C, 0x00, 0x3C, 0x3C, 0x00, 0x00, 0x3C, 0x3C, 0x00, 0x00, 0x3C, 0x3C,
    0x00, 0x3C, 0x00, 0x00, 0x00, 0x3C, 0x00, 0x3C, 0x00, 0x3C, 0x00, 0x3C, 0x00, 0x3C, 0x00, 0x00,
    0x00, 0x3C, 0x3C, 0x00, 0x00, 0x00, 0x00, 0x00, 0x00, 0x00, 0x00, 0x00, 0x00, 0x3C, 0x3C, 0x00,
    0x3C, 0x00, 0x3C, 0x3C, 0x3C, 0x3C, 0x3C, 0x3C, 0x3C, 0x3C, 0x3C, 0x00, 0x3C, 0x00, 0x00, 0x00,
    0x00, 0x3C, 0x3C, 0x3C, 0x3C, 0x3C, 0x3C, 0x3C, 0x3C, 0x00, 0x00, 0x00, 0x3C, 0x3C, 0x3C, 0x00,
    0x3C, 0x3C, 0x3C, 0x3C, 0x3C, 0x3C, 0x3C, 0x00, 0x3C, 0x3C, 0x00, 0x3C, 0x3C, 0x00, 0x00, 0x3C,
    0x3C, 0x3C, 0x3C, 0x3C, 0x3C, 0x00, 0x00, 0x3C, 0x00, 0x00, 0x3C, 0x00, 0x3C, 0x00, 0x3C, 0x3C,
    0x3C, 0x3C, 0x3C, 0x00, 0x3C, 0x00, 0x00, 0x3C, 0x00, 0x00, 0x00, 0x00, 0x00, 0x3C, 0x3C, 0x3C,
    0x3C, 0x00, 0x00, 0x00, 0x3C, 0x00, 0x00, 0x3C, 0x3C, 0x3C, 0x3C, 0x00, 0x3C, 0x3C, 0x3C, 0x00,
    0x3C, 0x3C, 0x00, 0x00, 0x3C, 0x00, 0x3C, 0x3C, 0x3C, 0x00, 0x00, 0x3C, 0x3C, 0x00, 0x00, 0x3C,
    0x00, 0x3C, 0x00, 0x00, 0x00, 0x3C, 0x3C, 0x00, 0x3C, 0x00, 0x3C, 0x00, 0x3C, 0x00, 0x00, 0x00,
    0x00, 0x3C, 0x3C, 0x00, 0x3C, 0x3C, 0x00, 0x00, 0x3C, 0x00, 0x00, 0x3C, 0x3C, 0x00, 0x00, 0x00,
    0x3C, 0x00, 0x3C, 0x3C, 0x00, 0x3C, 0x00, 0x00, 0x3C, 0x00, 0x3C, 0x00, 0x3C, 0x3C, 0x00, 0x00,
    0x00, 0x3C, 0x00, 0x00, 0x00, 0x3C, 0x00, 0x00, 0x00, 0x00, 0x00, 0x3C, 0x00, 0x3C, 0x3C, 0x00,
    0x00, 0x3C, 0x3C, 0x00, 0x00, 0x3C, 0x3C, 0x3C, 0x3C, 0x00, 0x00, 0x00, 0x3C, 0x00, 0x3C, 0x00,
    0x3C, 0x00, 0x3C, 0x00, 0x3C, 0x3C, 0x3C, 0x00, 0x3C, 0x3C, 0x00, 0x00, 0x00, 0x00, 0x00, 0x00,
    0x00, 0x00, 0x00, 0x3C, 0x3C, 0x00, 0x00, 0x3C, 0x00, 0x3C, 0x3C, 0x3C, 0x3C, 0x3C, 0x3C, 0x3C,
    0x3C, 0x00, 0x3C, 0x00, 0x3C, 0x00, 0x00, 0x00, 0x3C, 0x3C, 0x3C, 0x3C, 0x3C, 0x3C, 0x3C, 0x00,
    0x00, 0x00, 0x00, 0x00, 0x3C, 0x3C, 0x00, 0x3C, 0x3C, 0x3C, 0x3C, 0x3C, 0x3C, 0x00, 0x3C, 0x3C,
    0x3C, 0x3C, 0x00, 0x3C, 0x00, 0x00, 0x3C, 0x3C, 0x3C, 0x3C, 0x3C, 0x00, 0x00, 0x3C, 0x3C, 0x3C,
    0x00, 0x00, 0x00, 0x3C, 0x00, 0x3C, 0x3C, 0x3C, 0x3C, 0x00, 0x3C, 0x00, 0x3C, 0x3C, 0x00, 0x3C,
    0x3C, 0x00, 0x00, 0x00, 0x3C, 0x3C, 0x3C, 0x00, 0x00, 0x00, 0x00, 0x3C, 0x00, 0x00, 0x3C, 0x00,
    0x3C, 0x3C, 0x00, 0x3C, 0x3C, 0x00, 0x3C, 0x3C, 0x3C, 0x00, 0x00, 0x3C, 0x00, 0x00, 0x00, 0x3C,
    0x00, 0x00, 0x3C, 0x00, 0x00, 0x3C, 0x3C, 0x00, 0x3C, 0x00, 0x00, 0x3C, 0x3C, 0x00, 0x00, 0x00,
    0x3C, 0x3C, 0x3C, 0x00, 0x3C, 0x00, 0x3C, 0x00, 0x00, 0x3C, 0x00, 0x3C, 0x3C, 0x00, 0x00, 0x3C,
    0x3C, 0x00, 0x00, 0x00, 0x00, 0x00, 0x3C, 0x00, 0x00, 0x00, 0x3C, 0x00, 0x3C, 0x00, 0x3C, 0x00,
    0x3C, 0x3C, 0x3C, 0x3C, 0x00, 0x00, 0x3C, 0x3C, 0x00, 0x00, 0x00, 0x00, 0x00, 0x00, 0x00, 0x3C,
    0x3C, 0x3C, 0x00, 0x3C, 0x00, 0x3C, 0x00, 0x3C, 0x3C, 0x3C, 0x3C, 0x3C, 0x3C, 0x00, 0x3C, 0x3C,
    0x00, 0x00, 0x00, 0x00, 0x00, 0x00, 0x3C, 0x3C, 0x3C, 0x3C, 0x3C, 0x00, 0x00, 0x3C, 0x00, 0x3C,
    0x3C, 0x3C, 0x3C, 0x3C, 0x00, 0x3C, 0x3C, 0x3C, 0x3C, 0x00, 0x3C, 0x00, 0x00, 0x00, 0x3C, 0x3C,
    0x3C, 0x3C, 0x00, 0x00, 0x3C, 0x3C, 0x3C, 0x00, 0x00, 0x00, 0x3C, 0x3C, 0x00, 0x3C, 0x3C, 0x3C,
    0x00, 0x3C, 0x00, 0x3C, 0x3C, 0x00, 0x3C, 0x3C, 0x00, 0x3C, 0x00, 0x00, 0x3C, 0x3C, 0x00, 0x00,
    0x00, 0x00, 0x3C, 0x00, 0x00, 0x3C, 0x00, 0x00, 0x00, 0x3C, 0x00, 0x3C, 0x00, 0x3C, 0x3C, 0x3C,
    0x00, 0x00, 0x3C, 0x00, 0x00, 0x3C, 0x3C, 0x00, 0x00, 0x00, 0x00, 0x00, 0x3C, 0x3C, 0x00, 0x3C,
    0x00, 0x00, 0x3C, 0x00, 0x3C, 0x00, 0x3C, 0x3C, 0x3C, 0x3C, 0x00, 0x3C, 0x00, 0x00, 0x00, 0x3C,
    0x00, 0x00, 0x00, 0x00, 0x00, 0x3C, 0x3C, 0x3C, 0x00, 0x00, 0x00, 0x3C, 0x3C, 0x00, 0x00, 0x3C,
    0x3C, 0x3C, 0x3C, 0x00, 0x3C, 0x3C, 0x00, 0x3C, 0x3C, 0x00, 0x00, 0x00, 0x00, 0x00, 0x3C, 0x00,
    0x3C, 0x00, 0x00, 0x00, 0x00, 0x3C, 0x3C, 0x00, 0x3C, 0x3C, 0x3C, 0x3C, 0x00, 0x00, 0x00, 0x00,
    0x3C, 0x3C, 0x3C, 0x00, 0x3C, 0x00, 0x00, 0x3C, 0x3C, 0x3C, 0x00, 0x3C, 0x3C, 0x3C, 0x00, 0x3C,
    0x3C, 0x00, 0x00, 0x00, 0x3C, 0x00, 0x3C, 0x3C, 0x00, 0x00, 0x3C, 0x3C, 0x00, 0x00, 0x3C, 0x00,
    0x3C, 0x3C, 0x00, 0x00, 0x00, 0x3C, 0x00, 0x3C, 0x00, 0x3C, 0x00, 0x3C, 0x00, 0x00, 0x00, 0x3C,
    0x00, 0x3C, 0x3C, 0x00, 0x00, 0x00, 0x00, 0x00, 0x00, 0x00, 0x00, 0x3C, 0x3C, 0x00, 0x00, 0x00,
    0x3C, 0x00, 0x3C, 0x3C, 0x3C, 0x3C, 0x3C, 0x3C, 0x3C, 0x00, 0x3C, 0x00, 0x3C, 0x3C, 0x00, 0x00,
    0x00, 0x3C, 0x3C, 0x3C, 0x3C, 0x3C, 0x3C, 0x00, 0x00, 0x00, 0x00, 0x3C, 0x00, 0x3C, 0x3C, 0x00,
    0x3C, 0x3C, 0x3C, 0x3C, 0x3C, 0x00, 0x3C, 0x3C, 0x3C, 0x00, 0x00, 0x00, 0x3C, 0x00, 0x00, 0x3C,
    0x3C, 0x3C, 0x3C, 0x00, 0x00, 0x3C, 0x3C, 0x00, 0x3C, 0x3C, 0x00, 0x00, 0x3C, 0x00, 0x3C, 0x3C,
    0x3C, 0x00, 0x3C, 0x00, 0x3C, 0x00, 0x00, 0x3C, 0x00, 0x3C, 0x00, 0x00, 0x00, 0x3C, 0x3C, 0x00,
    0x00, 0x00, 0x00, 0x00, 0x3C, 0x00, 0x00, 0x00, 0x00, 0x3C, 0x3C, 0x00, 0x3C, 0x00, 0x3C, 0x3C,
    0x3C, 0x3C, 0x00, 0x00, 0x3C, 0x3C, 0x3C, 0x00, 0x3C, 0x00, 0x00, 0x00, 0x00, 0x3C, 0x3C, 0x3C,
    0x00, 0x00, 0x3C, 0x3C, 0x00, 0x3C, 0x3C, 0x3C, 0x00, 0x3C, 0x00, 0x00, 0x00, 0x00, 0x3C, 0x00,
    0x00, 0x3C, 0x00, 0x00, 0x3C, 0x3C, 0x00, 0x00, 0x00, 0x3C, 0x3C, 0x3C, 0x00, 0x00, 0x3C, 0x00,
    0x00, 0x3C, 0x00, 0x3C, 0x00, 0x3C, 0x3C, 0x00, 0x3C, 0x3C, 0x00, 0x3C, 0x00, 0x00, 0x3C, 0x00,
    0x00, 0x00, 0x00, 0x00, 0x3C, 0x00, 0x00, 0x3C, 0x00, 0x00, 0x00, 0x3C, 0x00, 0x00, 0x3C, 0x3C,
    0x3C, 0x3C, 0x00, 0x00, 0x3C, 0x00, 0x00, 0x3C, 0x3C, 0x00, 0x00, 0x3C, 0x00, 0x3C, 0x3C, 0x3C,
    0x00, 0x3C, 0x00, 0x00, 0x3C, 0x00, 0x3C, 0x00, 0x3C, 0x00, 0x00, 0x00, 0x3C, 0x3C, 0x00, 0x00,
    0x00, 0x3C, 0x00, 0x00, 0x00, 0x00, 0x00, 0x00, 0x3C, 0x3C, 0x00, 0x3C, 0x00, 0x3C, 0x3C, 0x00,
    0x00, 0x3C, 0x3C, 0x3C, 0x3C, 0x3C, 0x00, 0x3C, 0x00, 0x00, 0x00, 0x00, 0x3C, 0x00, 0x3C, 0x00,
    0x3C, 0x3C, 0x3C, 0x3C, 0x00, 0x00, 0x00, 0x3C, 0x3C, 0x3C, 0x00, 0x00, 0x00, 0x00, 0x00, 0x3C,
    0x3C, 0x3C, 0x00, 0x3C, 0x3C, 0x00, 0x3C, 0x3C, 0x00, 0x3C, 0x3C, 0x3C, 0x3C, 0x00, 0x3C, 0x3C,
    0x00, 0x00, 0x3C, 0x00, 0x00, 0x3C, 0x00, 0x00, 0x3C, 0x3C, 0x3C, 0x00, 0x00, 0x3C, 0x00, 0x3C,
    0x00, 0x00, 0x3C, 0x00, 0x00, 0x3C, 0x00, 0x3C, 0x3C, 0x00, 0x3C, 0x00, 0x00, 0x00, 0x00, 0x3C,
    0x00, 0x00, 0x3C, 0x00, 0x00, 0x00, 0x3C, 0x00, 0x00, 0x00, 0x3C, 0x3C, 0x00, 0x00, 0x00, 0x3C,
    0x00, 0x3C, 0x00, 0x00, 0x3C, 0x3C, 0x3C, 0x3C, 0x00, 0x3C, 0x00, 0x3C, 0x3C, 0x00, 0x00, 0x00,
    0x00, 0x3C, 0x00, 0x3C, 0x3C, 0x3C, 0x00, 0x00, 0x00, 0x00, 0x3C, 0x00, 0x3C, 0x3C, 0x3C, 0x00,
    0x00, 0x00, 0x3C, 0x3C, 0x00, 0x3C, 0x3C, 0x3C, 0x00, 0x00, 0x00, 0x3C, 0x3C, 0x00, 0x3C, 0x3C,
    0x00, 0x3C, 0x00, 0x00, 0x3C, 0x3C, 0x00, 0x3C, 0x3C, 0x00, 0x3C, 0x00, 0x00, 0x3C, 0x00, 0x00,
    0x00, 0x3C, 0x00, 0x3C, 0x00, 0x00, 0x3C, 0x00, 0x00, 0x00, 0x3C, 0x00, 0x00, 0x3C, 0x3C, 0x00,
    0x00, 0x00, 0x00, 0x3C, 0x00, 0x00, 0x3C, 0x3C, 0x00, 0x00, 0x3C, 0x00, 0x3C, 0x00, 0x3C, 0x3C,
    0x3C, 0x00, 0x00, 0x3C, 0x00, 0x3C, 0x00, 0x3C, 0x00, 0x00, 0x00, 0x00, 0x00, 0x3C, 0x3C, 0x00,
    0x3C, 0x00, 0x00, 0x00, 0x00, 0x00, 0x00, 0x3C, 0x3C, 0x3C, 0x3C, 0x00, 0x3C, 0x00, 0x00, 0x00,
    0x3C, 0x3C, 0x3C, 0x3C, 0x3C, 0x00, 0x3C, 0x3C, 0x3C, 0x00, 0x00, 0x00, 0x3C, 0x3C, 0x00, 0x3C,
    0x3C, 0x3C, 0x3C, 0x00, 0x00, 0x3C, 0x3C, 0x00, 0x3C, 0x3C, 0x00, 0x3C, 0x00, 0x00, 0x3C, 0x3C,
    0x3C, 0x00, 0x3C, 0x00, 0x3C, 0x00, 0x00, 0x3C, 0x00, 0x00, 0x00, 0x3C, 0x00, 0x3C, 0x3C, 0x00,
    0x00, 0x00, 0x00, 0x00, 0x3C, 0x00, 0x00, 0x3C, 0x3C, 0x00, 0x00, 0x00, 0x3C, 0x00, 0x3C, 0x3C,
    0x3C, 0x3C, 0x00, 0x3C, 0x3C, 0x3C, 0x00, 0x00, 0x3C, 0x00, 0x3C, 0x3C, 0x3C, 0x00, 0x00, 0x00,
    0x00, 0x00, 0x3C, 0x3C, 0x00, 0x3C, 0x00, 0x00, 0x00, 0x3C, 0x3C, 0x00, 0x3C, 0x3C, 0x3C, 0x3C,
    0x00, 0x3C, 0x00, 0x00, 0x00, 0x3C, 0x3C, 0x00, 0x3C, 0x00, 0x00, 0x3C, 0x3C, 0x3C, 0x00, 0x00,
    0x00, 0x3C, 0x3C, 0x00, 0x3C, 0x00, 0x00, 0x00, 0x3C, 0x00, 0x3C, 0x3C, 0x00, 0x3C, 0x3C, 0x00,
    0x3C, 0x00, 0x00, 0x00, 0x3C, 0x3C, 0x00, 0x00, 0x00, 0x3C, 0x00, 0x00, 0x3C, 0x00, 0x00, 0x00,
    0x3C, 0x3C, 0x00, 0x3C, 0x00, 0x3C, 0x3C, 0x00, 0x00, 0x3C, 0x00, 0x00, 0x3C, 0x3C, 0x00, 0x3C,
    0x00, 0x00, 0x00, 0x00, 0x3C, 0x00, 0x3C, 0x00, 0x00, 0x3C, 0x00, 0x35, 0x00, 0x00, 0x00, 0x35,
    0x35, 0x35, 0x00, 0x00, 0x00, 0x00, 0x35, 0x00, 0x00, 0x00, 0x00, 0x35, 0x35, 0x00, 0x35, 0x35,
    0x00, 0x35, 0x35, 0x35, 0x00, 0x00, 0x35, 0x35, 0x35, 0x00, 0x35, 0x00, 0x00, 0x35, 0x00, 0x00,
    0x35, 0x35, 0x00, 0x35, 0x00, 0x35, 0x35, 0x00, 0x00, 0x00, 0x35, 0x00, 0x00, 0x35, 0x00, 0x35,
    0x00, 0x00, 0x00, 0x00, 0x35, 0x00, 0x35, 0x35, 0x00, 0x00, 0x35, 0x00, 0x00, 0x00, 0x00, 0x35,
    0x35, 0x35, 0x00, 0x00, 0x00, 0x35, 0x00, 0x35, 0x00, 0x00, 0x35, 0x35, 0x35, 0x00, 0x35, 0x35,
    0x00, 0x35, 0x35, 0x00, 0x00, 0x00, 0x00, 0x35, 0x00, 0x35, 0x35, 0x00, 0x35, 0x00, 0x35, 0x00,
    0x00, 0x00, 0x00, 0x35, 0x00, 0x00, 0x00, 0x35, 0x35, 0x00, 0x00, 0x00, 0x00, 0x00, 0x35, 0x35,
    0x35, 0x00, 0x00, 0x35, 0x35, 0x00, 0x35, 0x00, 0x35, 0x35, 0x35, 0x35, 0x00, 0x35, 0x35, 0x00,
    0x35, 0x00, 0x35, 0x00, 0x00, 0x00, 0x00, 0x35, 0x35, 0x35, 0x00, 0x00, 0x35, 0x00, 0x00, 0x00,
    0x00, 0x00, 0x35, 0x35, 0x35, 0x00, 0x35, 0x35, 0x00, 0x35, 0x00, 0x00, 0x35, 0x35, 0x35, 0x35,
    0x00, 0x35, 0x35, 0x00, 0x00, 0x35, 0x00, 0x00, 0x00, 0x35, 0x00, 0x35, 0x35, 0x35, 0x00, 0x00,
    0x35, 0x00, 0x35, 0x00, 0x00, 0x35, 0x35, 0x00, 0x00, 0x00, 0x35, 0x35, 0x00, 0x35, 0x00, 0x00,
    0x00, 0x00, 0x35, 0x00, 0x35, 0x00, 0x35, 0x35, 0x00, 0x35, 0x00, 0x00, 0x00, 0x35, 0x35, 0x35,
    0x00, 0x00, 0x00, 0x00, 0x00, 0x35, 0x00, 0x00, 0x00, 0x35, 0x35, 0x00, 0x35, 0x35, 0x00, 0x35,
    0x35, 0x35, 0x35, 0x00, 0x00, 0x35, 0x35, 0x00, 0x35, 0x00, 0x00, 0x35, 0x00, 0x00, 0x35, 0x35,
    0x35, 0x00, 0x35, 0x00, 0x35, 0x00, 0x00, 0x00, 0x35, 0x00, 0x00, 0x35, 0x00, 0x35, 0x35, 0x00,
    0x00, 0x00, 0x00, 0x00, 0x35, 0x35, 0x00, 0x00, 0x35, 0x00, 0x00, 0x00, 0x35, 0x00, 0x35, 0x35,
    0x35, 0x35, 0x00, 0x35, 0x00, 0x35, 0x00, 0x00, 0x35, 0x35, 0x00, 0x00, 0x00, 0x35, 0x35, 0x35,
    0x00, 0x00, 0x00, 0x00, 0x00, 0x35, 0x00, 0x00, 0x35, 0x00, 0x35, 0x35, 0x00, 0x35, 0x35, 0x35,
    0x00, 0x35, 0x35, 0x35, 0x00, 0x35, 0x00, 0x00, 0x00, 0x35, 0x00, 0x00, 0x35, 0x35, 0x00, 0x00,
    0x35, 0x35, 0x00, 0x00, 0x00, 0x35, 0x35, 0x00, 0x00, 0x35, 0x00, 0x35, 0x00, 0x35, 0x00, 0x35,
    0x00, 0x35, 0x35, 0x00, 0x35, 0x00, 0x35, 0x00, 0x00, 0x00, 0x00, 0x00, 0x00, 0x00, 0x00, 0x00,
    0x35, 0x00, 0x00, 0x00, 0x00, 0x00, 0x35, 0x35, 0x35, 0x35, 0x35, 0x35, 0x35, 0x35, 0x00, 0x00,
    0x35, 0x35, 0x35, 0x35, 0x00, 0x35, 0x35, 0x35, 0x35, 0x35, 0x35, 0x35, 0x00, 0x35, 0x00, 0x35,
    0x35, 0x35, 0x00, 0x00, 0x35, 0x35, 0x35, 0x35, 0x35, 0x35, 0x00, 0x00, 0x00, 0x00, 0x35, 0x35,
    0x00, 0x35, 0x00, 0x35, 0x35, 0x35, 0x35, 0x35, 0x00, 0x35, 0x35, 0x35, 0x00, 0x35, 0x00, 0x00,
    0x00, 0x00, 0x35, 0x35, 0x35, 0x35, 0x00, 0x00, 0x35, 0x35, 0x00, 0x00, 0x00, 0x35, 0x35, 0x35,
    0x00, 0x35, 0x35, 0x35, 0x00, 0x35, 0x00, 0x35, 0x00, 0x35, 0x35, 0x00, 0x35, 0x35, 0x00, 0x00,
    0x35, 0x35, 0x00, 0x00, 0x00, 0x00, 0x00, 0x00, 0x35, 0x00, 0x00, 0x35, 0x00, 0x35, 0x00, 0x35,
    0x00, 0x35, 0x35, 0x35, 0x35, 0x35, 0x00, 0x00, 0x35, 0x00, 0x00, 0x00, 0x00, 0x00, 0x00, 0x00,
    0x35, 0x35, 0x35, 0x35, 0x00, 0x35, 0x00, 0x00, 0x35, 0x35, 0x35, 0x35, 0x35, 0x35, 0x00, 0x00,
    0x00, 0x00, 0x00, 0x00, 0x00, 0x00, 0x00, 0x35, 0x35, 0x35, 0x00, 0x35, 0x35, 0x00, 0x35, 0x35,
    0x35, 0x35, 0x35, 0x35, 0x35, 0x00, 0x35, 0x35, 0x00, 0x00, 0x35, 0x00, 0x00, 0x35, 0x35, 0x35,
    0x35, 0x35, 0x35, 0x00, 0x00, 0x35, 0x00, 0x35, 0x00, 0x00, 0x35, 0x00, 0x35, 0x35, 0x35, 0x35,
    0x35, 0x00, 0x35, 0x00, 0x00, 0x00, 0x00, 0x35, 0x00, 0x00, 0x00, 0x35, 0x35, 0x35, 0x35, 0x00,
    0x00, 0x00, 0x35, 0x35, 0x35, 0x00, 0x00, 0x35, 0x35, 0x00, 0x35, 0x35, 0x35, 0x00, 0x35, 0x35,
    0x00, 0x35, 0x35, 0x00, 0x35, 0x00, 0x35, 0x00, 0x00, 0x35, 0x35, 0x00, 0x00, 0x35, 0x00, 0x00,
    0x35, 0x00, 0x00, 0x00, 0x00, 0x00, 0x35, 0x00, 0x35, 0x00, 0x35, 0x00, 0x00, 0x35, 0x00, 0x00,
    0x35, 0x35, 0x35, 0x35, 0x00, 0x00, 0x00, 0x00, 0x00, 0x00, 0x35, 0x00, 0x00, 0x35, 0x00, 0x35,
    0x35, 0x35, 0x00, 0x35, 0x35, 0x35, 0x35, 0x35, 0x00, 0x00, 0x35, 0x00, 0x00, 0x00, 0x35, 0x35,
    0x00, 0x00, 0x35, 0x35, 0x35, 0x35, 0x00, 0x35, 0x00, 0x00, 0x35, 0x35, 0x00, 0x35, 0x00, 0x35,
    0x00, 0x35, 0x35, 0x35, 0x00, 0x00, 0x00, 0x35, 0x00, 0x35, 0x00, 0x00, 0x00, 0x00, 0x00, 0x00,
    0x35, 0x35, 0x00, 0x35, 0x35, 0x00, 0x00, 0x00, 0x00, 0x35, 0x35, 0x35, 0x35, 0x35, 0x00, 0x35,
    0x00, 0x00, 0x35, 0x00, 0x35, 0x35, 0x35, 0x00, 0x00, 0x00, 0x35, 0x00, 0x35, 0x35, 0x35, 0x00,
    0x00, 0x35, 0x00, 0x00, 0x35, 0x00, 0x00, 0x35, 0x00, 0x00, 0x00, 0x35, 0x35, 0x00, 0x35, 0x00,
    0x00, 0x35, 0x00, 0x00, 0x35, 0x00, 0x00, 0x35, 0x35, 0x00, 0x35, 0x00, 0x00, 0x00, 0x35, 0x00,
    0x00, 0x35, 0x00, 0x00, 0x35, 0x00, 0x35, 0x00, 0x00, 0x00, 0x35, 0x35, 0x00, 0x00, 0x35, 0x00,
    0x00, 0x35, 0x00, 0x00, 0x00, 0x00, 0x35, 0x35, 0x00, 0x35, 0x00, 0x35, 0x00, 0x00, 0x35, 0x00,
    0x00, 0x35, 0x35, 0x35, 0x00, 0x35, 0x00, 0x00, 0x00, 0x00, 0x00, 0x35, 0x00, 0x00, 0x35, 0x00,
    0x35, 0x35, 0x00, 0x00, 0x00, 0x35, 0x35, 0x35, 0x35, 0x00, 0x00, 0x35, 0x00, 0x00, 0x00, 0x35,
    0x00, 0x35, 0x35, 0x00, 0x35, 0x35, 0x35, 0x00, 0x35, 0x00, 0x00, 0x35, 0x35, 0x00, 0x00, 0x00,
    0x35, 0x00, 0x00, 0x35, 0x35, 0x00, 0x00, 0x00, 0x35, 0x00, 0x35, 0x00, 0x35, 0x35, 0x00, 0x00,
    0x35, 0x00, 0x35, 0x00, 0x35, 0x35, 0x00, 0x00, 0x00, 0x00, 0x00, 0x35, 0x00, 0x35, 0x00, 0x00,
    0x00, 0x00, 0x00, 0x35, 0x00, 0x35, 0x35, 0x35, 0x35, 0x00, 0x00, 0x00, 0x00, 0x35, 0x35, 0x35,
    0x35, 0x00, 0x00, 0x00, 0x35, 0x35, 0x35, 0x00, 0x35, 0x35, 0x35, 0x00, 0x35, 0x35, 0x35, 0x00,
    0x35, 0x35, 0x00, 0x35, 0x35, 0x00, 0x00, 0x35, 0x35, 0x00, 0x00, 0x35, 0x35, 0x00, 0x00, 0x35,
    0x00, 0x35, 0x00, 0x00, 0x35, 0x00, 0x00, 0x00, 0x00, 0x00, 0x35, 0x35, 0x35, 0x00, 0x00, 0x35,
    0x00, 0x35, 0x00, 0x00, 0x35, 0x35, 0x35, 0x35, 0x00, 0x35, 0x35, 0x00, 0x35, 0x00, 0x00, 0x00,
    0x00, 0x35, 0x00, 0x35, 0x35, 0x35, 0x00, 0x00, 0x35, 0x00, 0x00, 0x00, 0x35, 0x35, 0x35, 0x00,
    0x00, 0x00, 0x35, 0x35, 0x00, 0x35, 0x00, 0x00, 0x35, 0x35, 0x00, 0x35, 0x35, 0x00, 0x35, 0x35,
    0x00, 0x35, 0x00, 0x00, 0x00, 0x35, 0x00, 0x35, 0x00, 0x00, 0x35, 0x00, 0x00, 0x35, 0x00, 0x00,
    0x00, 0x35, 0x35, 0x00, 0x00, 0x00, 0x00, 0x35, 0x00, 0x00, 0x35, 0x00, 0x00, 0x35, 0x35, 0x00,
    0x35, 0x00, 0x35, 0x35, 0x35, 0x00, 0x00, 0x35, 0x00, 0x00, 0x35, 0x00, 0x35, 0x00, 0x00, 0x00,
    0x00, 0x35, 0x35, 0x00, 0x35, 0x00, 0x00, 0x35, 0x00, 0x00, 0x00, 0x00, 0x35, 0x35, 0x35, 0x00,
    0x35, 0x00, 0x00, 0x00, 0x35, 0x00, 0x00, 0x35, 0x35, 0x35, 0x00, 0x35, 0x35, 0x00, 0x00, 0x00,
    0x35, 0x35, 0x00, 0x00, 0x35, 0x00, 0x35, 0x35, 0x00, 0x00, 0x35, 0x00, 0x35, 0x35, 0x00, 0x35,
    0x00, 0x35, 0x00, 0x00, 0x00, 0x35, 0x00, 0x35, 0x00, 0x00, 0x00, 0x35, 0x00, 0x00, 0x00, 0x00,
    0x00, 0x35, 0x35, 0x00, 0x00, 0x00, 0x00, 0x35, 0x35, 0x00, 0x00, 0x35, 0x35, 0x35, 0x35, 0x00,
    0x35, 0x00, 0x35, 0x35, 0x35, 0x00, 0x35, 0x00, 0x35, 0x00, 0x35, 0x35, 0x35, 0x35, 0x00, 0x35,
    0x00, 0x00, 0x00, 0x35, 0x00, 0x00, 0x35, 0x35, 0x00, 0x35, 0x35, 0x35, 0x00, 0x00, 0x00, 0x35,
    0x35, 0x00, 0x00, 0x35, 0x00, 0x35, 0x00, 0x00, 0x35, 0x35, 0x00, 0x35, 0x35, 0x00, 0x35, 0x00,
    0x35, 0x00, 0x00, 0x00, 0x00, 0x35, 0x00, 0x35, 0x00, 0x00, 0x35, 0x00, 0x00, 0x00, 0x00, 0x00,
    0x35, 0x35, 0x35, 0x00, 0x00, 0x00, 0x00, 0x35, 0x00, 0x00, 0x35, 0x35, 0x35, 0x35, 0x00, 0x35,
    0x35, 0x00, 0x35, 0x35, 0x35, 0x00, 0x00, 0x35, 0x00, 0x35, 0x35, 0x35, 0x00, 0x00, 0x35, 0x00,
    0x00, 0x35, 0x35, 0x00, 0x35, 0x00, 0x00, 0x00, 0x35, 0x35, 0x00, 0x35, 0x00, 0x00, 0x35, 0x00,
    0x35, 0x00, 0x00, 0x00, 0x35, 0x35, 0x00, 0x35, 0x00, 0x00, 0x00, 0x35, 0x00, 0x00, 0x00, 0x00,
    0x35, 0x35, 0x00, 0x35, 0x00, 0x00, 0x00, 0x35, 0x35, 0x00, 0x00, 0x35, 0x35, 0x35, 0x00, 0x35,
    0x00, 0x00, 0x00, 0x35, 0x35, 0x00, 0x35, 0x00, 0x35, 0x00, 0x35, 0x35, 0x00, 0x00, 0x00, 0x35,
    0x35, 0x00, 0x35, 0x00, 0x00, 0x00, 0x00, 0x00, 0x00, 0x35, 0x00, 0x35, 0x35, 0x00, 0x35, 0x00,
    0x00, 0x00, 0x35, 0x35, 0x35, 0x35, 0x35, 0x00, 0x00, 0x00, 0x35, 0x00, 0x00, 0x00, 0x35, 0x35,
    0x00, 0x35, 0x35, 0x35, 0x35, 0x00, 0x35, 0x35, 0x00, 0x00, 0x35, 0x35, 0x00, 0x35, 0x00, 0x00,
    0x35, 0x35, 0x35, 0x35, 0x35, 0x35, 0x00, 0x00, 0x00, 0x00, 0x00, 0x35, 0x35, 0x35, 0x00, 0x00,
    0x35, 0x00, 0x35, 0x35, 0x00, 0x35, 0x35, 0x35, 0x35, 0x00, 0x35, 0x35, 0x00, 0x35, 0x00, 0x00,
    0x00, 0x35, 0x00, 0x00, 0x35, 0x35, 0x35, 0x00, 0x00, 0x35, 0x00, 0x00, 0x00, 0x35, 0x35, 0x00,
    0x00, 0x35, 0x00, 0x35, 0x35, 0x00, 0x35, 0x00, 0x00, 0x35, 0x35, 0x00, 0x35, 0x00, 0x35, 0x00,
    0x00, 0x00, 0x35, 0x00, 0x00, 0x00, 0x35, 0x00, 0x35, 0x00, 0x00, 0x00, 0x00, 0x00, 0x35, 0x35,
    0x00, 0x00, 0x35, 0x35, 0x00, 0x00, 0x00, 0x00, 0x35, 0x35, 0x35, 0x35, 0x00, 0x35, 0x00, 0x35,
    0x00, 0x35, 0x00, 0x35, 0x35, 0x35, 0x00, 0x35, 0x35, 0x35, 0x00, 0x00, 0x00, 0x00, 0x00, 0x00,
    0x00, 0x00, 0x35, 0x35, 0x00, 0x00, 0x35, 0x35, 0x00, 0x35, 0x35, 0x35, 0x35, 0x35, 0x35, 0x35,
    0x00, 0x35, 0x00, 0x35, 0x00, 0x35, 0x00, 0x00, 0x35, 0x35, 0x35, 0x35, 0x35, 0x35, 0x00, 0x00,
    0x00, 0x00, 0x00, 0x00, 0x00, 0x35, 0x00, 0x35, 0x35, 0x35, 0x35, 0x35, 0x00, 0x35, 0x35, 0x35,
    0x35, 0x35, 0x35, 0x00, 0x00, 0x00, 0x35, 0x35, 0x35, 0x35, 0x00, 0x00, 0x35, 0x35, 0x35, 0x35,
    0x35, 0x00, 0x35, 0x35, 0x00, 0x35, 0x35, 0x35, 0x00, 0x35, 0x00, 0x35, 0x35, 0x35, 0x35, 0x00,
    0x00, 0x35, 0x00, 0x00, 0x35, 0x35, 0x00, 0x00, 0x00, 0x00, 0x35, 0x35, 0x35, 0x35, 0x00, 0x00,
    0x00, 0x00, 0x35, 0x35, 0x00, 0x00, 0x00, 0x35, 0x00, 0x00, 0x35, 0x00, 0x00, 0x35, 0x35, 0x35,
    0x00, 0x35, 0x00, 0x35, 0x35, 0x00, 0x00, 0x35, 0x00, 0x00, 0x35, 0x00, 0x35, 0x35, 0x00, 0x00,
    0x00, 0x00, 0x35, 0x00, 0x35, 0x00, 0x00, 0x35, 0x00, 0x00, 0x00, 0x35, 0x00, 0x35, 0x35, 0x35,
    0x00, 0x00, 0x00, 0x00, 0x35, 0x00, 0x00, 0x35, 0x35, 0x00, 0x00, 0x00, 0x35, 0x35, 0x00, 0x35,
    0x35, 0x35, 0x00, 0x00, 0x35, 0x00, 0x35, 0x00, 0x35, 0x35, 0x00, 0x35, 0x00, 0x00, 0x35, 0x35,
    0x00, 0x35, 0x00, 0x00, 0x00, 0x00, 0x00, 0x35, 0x00, 0x00, 0x00, 0x35, 0x00, 0x35, 0x00, 0x00,
    0x00, 0x35, 0x35, 0x35, 0x35, 0x00, 0x00, 0x35, 0x35, 0x00, 0x00, 0x00, 0x00, 0x35, 0x35, 0x00,
    0x35, 0x35, 0x35, 0x00, 0x35, 0x00, 0x35, 0x00, 0x35, 0x35, 0x35, 0x00, 0x35, 0x00, 0x00, 0x35,
    0x35, 0x00, 0x00, 0x00, 0x00, 0x00, 0x00, 0x35, 0x35, 0x00, 0x00, 0x00, 0x35, 0x00, 0x35, 0x00,
    0x35, 0x35, 0x35, 0x35, 0x35, 0x00, 0x35, 0x00, 0x35, 0x35, 0x00, 0x00, 0x00, 0x00, 0x00, 0x35,
    0x35, 0x35, 0x35, 0x00, 0x00, 0x00, 0x00, 0x35, 0x00, 0x35, 0x35, 0x35, 0x35, 0x00, 0x35, 0x35,
    0x35, 0x00, 0x35, 0x35, 0x35, 0x00, 0x00, 0x00, 0x35, 0x35, 0x35, 0x00, 0x00, 0x35, 0x35, 0x00,
    0x00, 0x35, 0x35, 0x00, 0x35, 0x35, 0x35, 0x35, 0x35, 0x00, 0x00, 0x35, 0x00, 0x00, 0x35, 0x35,
    0x35, 0x00, 0x35, 0x35, 0x00, 0x35, 0x35, 0x00, 0x35, 0x00, 0x00, 0x35, 0x00, 0x35, 0x35, 0x00,
    0x00, 0x35, 0x00, 0x00, 0x35, 0x00, 0x00, 0x00, 0x35, 0x00, 0x00, 0x00, 0x35, 0x00, 0x35, 0x00,
    0x00, 0x35, 0x00, 0x00, 0x35, 0x35, 0x00, 0x00, 0x35, 0x35, 0x00, 0x00, 0x00, 0x00, 0x35, 0x00,
    0x00, 0x35, 0x00, 0x35, 0x00, 0x35, 0x00, 0x35, 0x00, 0x35, 0x35, 0x35, 0x00, 0x00, 0x35, 0x00,
    0x00, 0x00, 0x00, 0x00, 0x00, 0x00, 0x00, 0x00, 0x35, 0x35, 0x00, 0x35, 0x00, 0x00, 0x35, 0x35,
    0x35, 0x35, 0x35, 0x35, 0x35, 0x35, 0x00, 0x35, 0x00, 0x00, 0x00, 0x35, 0x00, 0x35, 0x35, 0x35,
    0x35, 0x35, 0x35, 0x35, 0x00, 0x00, 0x00, 0x35, 0x35, 0x00, 0x00, 0x00, 0x35, 0x35, 0x35, 0x35,
    0x35, 0x35, 0x00, 0x35, 0x35, 0x00, 0x35, 0x00, 0x35, 0x35, 0x00, 0x35, 0x35, 0x35, 0x35, 0x35,
    0x00, 0x00, 0x35, 0x00, 0x00, 0x00, 0x00, 0x35, 0x00, 0x00, 0x35, 0x35, 0x35, 0x35, 0x00, 0x35,
    0x00, 0x00, 0x35, 0x35, 0x2F, 0x00, 0x00, 0x2F, 0x00, 0x2F, 0x2F, 0x2F, 0x00, 0x00, 0x00, 0x2F,
    0x00, 0x2F, 0x2F, 0x00, 0x2F, 0x00, 0x00, 0x00, 0x2F, 0x2F, 0x00, 0x2F, 0x2F, 0x00, 0x00, 0x00,
    0x2F, 0x00, 0x00, 0x00, 0x2F, 0x2F, 0x00, 0x2F, 0x00, 0x00, 0x2F, 0x00, 0x2F, 0x2F, 0x00, 0x2F,
    0x00, 0x2F, 0x2F, 0x00, 0x2F, 0x00, 0x00, 0x00, 0x2F, 0x00, 0x00, 0x00, 0x2F, 0x00, 0x00, 0x00,
    0x2F, 0x00, 0x00, 0x00, 0x2F, 0x2F, 0x00, 0x00, 0x2F, 0x2F, 0x00, 0x00, 0x2F, 0x2F, 0x00, 0x00,
    0x2F, 0x2F, 0x00, 0x2F, 0x00, 0x2F, 0x00, 0x2F, 0x00, 0x2F, 0x00, 0x2F, 0x00, 0x2F, 0x00, 0x2F,
    0x00, 0x00, 0x00, 0x00, 0x00, 0x00, 0x00, 0x00, 0x00, 0x00, 0x00, 0x00, 0x00, 0x00, 0x00, 0x2F,
    0x2F, 0x2F, 0x2F, 0x2F, 0x2F, 0x2F, 0x2F, 0x2F, 0x2F, 0x2F, 0x2F, 0x2F, 0x2F, 0x00, 0x2F, 0x2F,
    0x2F, 0x2F, 0x2F, 0x2F, 0x2F, 0x2F, 0x2F, 0x2F, 0x2F, 0x2F, 0x2F, 0x00, 0x00, 0x2F, 0x2F, 0x2F,
    0x2F, 0x2F, 0x2F, 0x2F, 0x2F, 0x2F, 0x2F, 0x2F, 0x2F, 0x00, 0x2F, 0x00, 0x2F, 0x2F, 0x2F, 0x2F,
    0x2F, 0x2F, 0x2F, 0x2F, 0x2F, 0x2F, 0x2F, 0x00, 0x00, 0x00, 0x00, 0x2F, 0x2F, 0x2F, 0x2F, 0x2F,
    0x2F, 0x2F, 0x2F, 0x2F, 0x2F, 0x00, 0x2F, 0x2F, 0x2F, 0x00, 0x2F, 0x2F, 0x2F, 0x2F, 0x2F, 0x2F,
    0x2F, 0x2F, 0x2F, 0x00, 0x00, 0x2F, 0x2F, 0x00, 0x00, 0x2F, 0x2F, 0x2F, 0x2F, 0x2F, 0x2F, 0x2F,
    0x2F, 0x00, 0x2F, 0x00, 0x2F, 0x00, 0x2F, 0x00, 0x2F, 0x2F, 0x2F, 0x2F, 0x2F, 0x2F, 0x2F, 0x00,
    0x00, 0x00, 0x00, 0x00, 0x00, 0x00, 0x00, 0x2F, 0x2F, 0x2F, 0x2F, 0x2F, 0x2F, 0x00, 0x2F, 0x2F,
    0x2F, 0x2F, 0x2F, 0x2F, 0x2F, 0x00, 0x2F, 0x2F, 0x2F, 0x00, 0x2F, 0x00, 0x00, 0x2F, 0x00, 0x00,
    0x2F, 0x2F, 0x2F, 0x00, 0x00, 0x00, 0x00, 0x00, 0x00, 0x00, 0x2F, 0x00, 0x00, 0x2F, 0x00, 0x2F,
    0x2F, 0x00, 0x2F, 0x2F, 0x2F, 0x2F, 0x2F, 0x2F, 0x00, 0x00, 0x2F, 0x00, 0x00, 0x00, 0x2F, 0x00,
    0x00, 0x2F, 0x2F, 0x2F, 0x2F, 0x2F, 0x00, 0x2F, 0x00, 0x00, 0x2F, 0x2F, 0x00, 0x00, 0x2F, 0x00,
    0x2F, 0x2F, 0x2F, 0x2F, 0x00, 0x00, 0x00, 0x2F, 0x00, 0x2F, 0x00, 0x2F, 0x00, 0x00, 0x00, 0x2F,
    0x2F, 0x2F, 0x00, 0x2F, 0x2F, 0x00, 0x00, 0x00, 0x00, 0x00, 0x00, 0x2F, 0x2F, 0x00, 0x2F, 0x2F,
    0x00, 0x00, 0x2F, 0x00, 0x2F, 0x2F, 0x2F, 0x2F, 0x2F, 0x00, 0x2F, 0x00, 0x00, 0x2F, 0x00, 0x2F,
    0x00, 0x00, 0x00, 0x2F, 0x2F, 0x2F, 0x2F, 0x00, 0x00, 0x00, 0x2F, 0x00, 0x00, 0x00, 0x00, 0x2F,
    0x2F, 0x00, 0x2F, 0x2F, 0x2F, 0x00, 0x2F, 0x2F, 0x00, 0x00, 0x2F, 0x2F, 0x2F, 0x00, 0x2F, 0x00,
    0x00, 0x2F, 0x2F, 0x00, 0x00, 0x2F, 0x00, 0x2F, 0x00, 0x2F, 0x2F, 0x00, 0x00, 0x00, 0x2F, 0x00,
    0x2F, 0x00, 0x2F, 0x00, 0x00, 0x00, 0x00, 0x00, 0x2F, 0x00, 0x2F, 0x2F, 0x00, 0x00, 0x00, 0x00,
    0x00, 0x00, 0x2F, 0x2F, 0x2F, 0x2F, 0x00, 0x00, 0x00, 0x2F, 0x00, 0x2F, 0x2F, 0x2F, 0x2F, 0x2F,
    0x00, 0x2F, 0x2F, 0x2F, 0x00, 0x2F, 0x2F, 0x00, 0x00, 0x00, 0x2F, 0x2F, 0x2F, 0x2F, 0x00, 0x00,
    0x2F, 0x2F, 0x00, 0x2F, 0x00, 0x2F, 0x2F, 0x00, 0x00, 0x00, 0x00, 0x00, 0x00, 0x2F, 0x2F, 0x2F,
    0x00, 0x00, 0x00, 0x00, 0x2F, 0x00, 0x2F, 0x2F, 0x2F, 0x2F, 0x2F, 0x00, 0x2F, 0x2F, 0x00, 0x2F,
    0x2F, 0x2F, 0x00, 0x00, 0x00, 0x2F, 0x2F, 0x2F, 0x2F, 0x00, 0x00, 0x2F, 0x00, 0x00, 0x2F, 0x2F,
    0x00, 0x2F, 0x2F, 0x00, 0x2F, 0x2F, 0x2F, 0x00, 0x2F, 0x00, 0x00, 0x2F, 0x00, 0x2F, 0x00, 0x00,
    0x2F, 0x00, 0x00, 0x2F, 0x2F, 0x00, 0x00, 0x00, 0x2F, 0x00, 0x00, 0x00, 0x00, 0x2F, 0x00, 0x00,
    0x2F, 0x00, 0x2F, 0x00, 0x2F, 0x2F, 0x00, 0x00, 0x2F, 0x2F, 0x2F, 0x00, 0x00, 0x2F, 0x00, 0x00,
    0x00, 0x00, 0x00, 0x2F, 0x00, 0x2F, 0x00, 0x2F, 0x2F, 0x00, 0x2F, 0x00, 0x00, 0x2F, 0x2F, 0x2F,
    0x2F, 0x00, 0x00, 0x00, 0x00, 0x00, 0x2F, 0x00, 0x00, 0x00, 0x2F, 0x00, 0x2F, 0x2F, 0x2F, 0x00,
    0x2F, 0x2F, 0x2F, 0x2F, 0x00, 0x00, 0x2F, 0x2F, 0x00, 0x00, 0x00, 0x2F, 0x2F, 0x00, 0x00, 0x2F,
    0x2F, 0x2F, 0x00, 0x2F, 0x00, 0x2F, 0x00, 0x2F, 0x2F, 0x00, 0x2F, 0x00, 0x2F, 0x00, 0x2F, 0x2F,
    0x00, 0x00, 0x00, 0x00, 0x00, 0x00, 0x2F, 0x00, 0x00, 0x00, 0x00, 0x00, 0x00, 0x2F, 0x00, 0x2F,
    0x2F, 0x2F, 0x2F, 0x2F, 0x00, 0x00, 0x2F, 0x2F, 0x2F, 0x2F, 0x2F, 0x00, 0x00, 0x00, 0x2F, 0x2F,
    0x2F, 0x2F, 0x00, 0x2F, 0x00, 0x2F, 0x2F, 0x2F, 0x2F, 0x00, 0x2F, 0x2F, 0x00, 0x2F, 0x00, 0x2F,
    0x2F, 0x00, 0x00, 0x00, 0x00, 0x2F, 0x00, 0x00, 0x00, 0x2F, 0x00, 0x00, 0x00, 0x00, 0x2F, 0x00,
    0x2F, 0x2F, 0x2F, 0x00, 0x00, 0x2F, 0x2F, 0x00, 0x00, 0x2F, 0x2F, 0x2F, 0x00, 0x00, 0x00, 0x2F,
    0x2F, 0x00, 0x2F, 0x00, 0x2F, 0x00, 0x2F, 0x00, 0x2F, 0x2F, 0x00, 0x2F, 0x2F, 0x00, 0x2F, 0x00,
    0x00, 0x00, 0x00, 0x00, 0x00, 0x00, 0x00, 0x2F, 0x00, 0x00, 0x2F, 0x00, 0x00, 0x00, 0x2F, 0x2F,
    0x2F, 0x2F, 0x2F, 0x2F, 0x2F, 0x00, 0x00, 0x2F, 0x00, 0x00, 0x2F, 0x2F, 0x00, 0x2F, 0x2F, 0x2F,
    0x2F, 0x2F, 0x2F, 0x00, 0x2F, 0x00, 0x00, 0x2F, 0x00, 0x2F, 0x00, 0x00, 0x2F, 0x2F, 0x2F, 0x2F,
    0x2F, 0x00, 0x00, 0x00, 0x2F, 0x00, 0x00, 0x00, 0x00, 0x2F, 0x00, 0x2F, 0x2F, 0x2F, 0x2F, 0x00,
    0x2F, 0x2F, 0x00, 0x00, 0x2F, 0x2F, 0x2F, 0x00, 0x00, 0x00, 0x2F, 0x2F, 0x2F, 0x00, 0x00, 0x2F,
    0x00, 0x2F, 0x00, 0x2F, 0x2F, 0x00, 0x2F, 0x2F, 0x00, 0x2F, 0x2F, 0x00, 0x2F, 0x00, 0x00, 0x00,
    0x00, 0x00, 0x2F, 0x00, 0x00, 0x2F, 0x00, 0x00, 0x2F, 0x00, 0x00, 0x00, 0x2F, 0x2F, 0x2F, 0x2F,
    0x00, 0x00, 0x2F, 0x00, 0x00, 0x2F, 0x00, 0x00, 0x2F, 0x2F, 0x00, 0x2F, 0x2F, 0x2F, 0x00, 0x2F,
    0x00, 0x00, 0x2F, 0x00, 0x00, 0x2F, 0x00, 0x2F, 0x00, 0x00, 0x2F, 0x2F, 0x00, 0x00, 0x00, 0x2F,
    0x00, 0x00, 0x2F, 0x00, 0x2F, 0x2F, 0x00, 0x2F, 0x00, 0x00, 0x00, 0x00, 0x2F, 0x00, 0x2F, 0x2F,
    0x2F, 0x2F, 0x2F, 0x2F, 0x00, 0x00, 0x00, 0x2F, 0x2F, 0x2F, 0x00, 0x00, 0x00, 0x2F, 0x2F, 0x2F,
    0x2F, 0x2F, 0x00, 0x2F, 0x2F, 0x00, 0x2F, 0x2F, 0x00, 0x2F, 0x2F, 0x00, 0x2F, 0x2F, 0x2F, 0x2F,
    0x00, 0x00, 0x2F, 0x00, 0x00, 0x2F, 0x00, 0x00, 0x2F, 0x00, 0x00, 0x2F, 0x2F, 0x2F, 0x00, 0x2F,
    0x00, 0x00, 0x2F, 0x00, 0x00, 0x2F, 0x00, 0x00, 0x2F, 0x00, 0x2F, 0x2F, 0x00, 0x00, 0x00, 0x2F,
    0x00, 0x00, 0x2F, 0x00, 0x00, 0x2F, 0x00, 0x00, 0x00, 0x2F, 0x00, 0x2F, 0x2F, 0x00, 0x00, 0x2F,
    0x00, 0x00, 0x2F, 0x00, 0x00, 0x2F, 0x2F, 0x00, 0x00, 0x00, 0x2F, 0x00, 0x2F, 0x00, 0x00, 0x2F,
    0x00, 0x00, 0x2F, 0x00, 0x2F, 0x00, 0x2F, 0x2F, 0x00, 0x00, 0x00, 0x00, 0x2F, 0x00, 0x00, 0x2F,
    0x00, 0x00, 0x00, 0x00, 0x00, 0x2F, 0x00, 0x2F, 0x2F, 0x2F, 0x00, 0x00, 0x2F, 0x00, 0x00, 0x2F,
    0x2F, 0x2F, 0x2F, 0x00, 0x00, 0x00, 0x2F, 0x2F, 0x00, 0x2F, 0x00, 0x00, 0x2F, 0x00, 0x2F, 0x2F,
    0x2F, 0x00, 0x2F, 0x2F, 0x00, 0x2F, 0x00, 0x00, 0x00, 0x2F, 0x00, 0x00, 0x00, 0x2F, 0x2F, 0x00,
    0x00, 0x2F, 0x00, 0x00, 0x00, 0x2F, 0x2F, 0x00, 0x00, 0x2F, 0x2F, 0x00, 0x2F, 0x00, 0x2F, 0x00,
    0x00, 0x2F, 0x2F, 0x00, 0x2F, 0x00, 0x2F, 0x00, 0x2F, 0x00, 0x00, 0x00, 0x00, 0x2F, 0x00, 0x2F,
    0x00, 0x00, 0x00, 0x00, 0x2F, 0x00, 0x00, 0x00, 0x00, 0x00, 0x00, 0x2F, 0x00, 0x00, 0x00, 0x2F,
    0x2F, 0x2F, 0x00, 0x00, 0x2F, 0x2F, 0x2F, 0x2F, 0x2F, 0x00, 0x00, 0x2F, 0x2F, 0x00, 0x2F, 0x2F,
    0x00, 0x2F, 0x00, 0x2F, 0x2F, 0x2F, 0x2F, 0x00, 0x2F, 0x00, 0x2F, 0x00, 0x00, 0x2F, 0x00, 0x00,
    0x00, 0x00, 0x2F, 0x2F, 0x2F, 0x00, 0x00, 0x00, 0x00, 0x00, 0x2F, 0x00, 0x00, 0x2F, 0x2F, 0x2F,
    0x00, 0x2F, 0x2F, 0x00, 0x2F, 0x2F, 0x2F, 0x2F, 0x00, 0x00, 0x2F, 0x00, 0x2F, 0x2F, 0x00, 0x00,
    0x2F, 0x00, 0x00, 0x2F, 0x2F, 0x2F, 0x00, 0x2F, 0x00, 0x00, 0x00, 0x2F, 0x00, 0x2F, 0x00, 0x00,
    0x2F, 0x00, 0x2F, 0x2F, 0x00, 0x00, 0x00, 0x2F, 0x2F, 0x00, 0x00, 0x00, 0x00, 0x2F, 0x00, 0x00,
    0x00, 0x2F, 0x00, 0x2F, 0x2F, 0x00, 0x2F, 0x00, 0x2F, 0x2F, 0x2F, 0x00, 0x00, 0x2F, 0x2F, 0x00,
    0x00, 0x00, 0x2F, 0x00, 0x00, 0x00, 0x00, 0x2F, 0x2F, 0x00, 0x2F, 0x00, 0x2F, 0x00, 0x2F, 0x2F,
    0x00, 0x00, 0x2F, 0x2F, 0x2F, 0x00, 0x2F, 0x00, 0x00, 0x00, 0x00, 0x00, 0x00, 0x2F, 0x00, 0x2F,
    0x00, 0x2F, 0x2F, 0x00, 0x00, 0x00, 0x2F, 0x2F, 0x2F, 0x2F, 0x2F, 0x00, 0x00, 0x00, 0x00, 0x00,
    0x2F, 0x00, 0x2F, 0x2F, 0x00, 0x2F, 0x2F, 0x2F, 0x2F, 0x00, 0x2F, 0x2F, 0x2F, 0x2F, 0x00, 0x00,
    0x00, 0x2F, 0x00, 0x00, 0x2F, 0x2F, 0x2F, 0x2F, 0x2F, 0x2F, 0x00, 0x00, 0x00, 0x2F, 0x00, 0x2F,
    0x2F, 0x00, 0x2F, 0x00, 0x00, 0x2F, 0x2F, 0x2F, 0x00, 0x2F, 0x2F, 0x00, 0x00, 0x00, 0x2F, 0x00,
    0x00, 0x00, 0x2F, 0x00, 0x2F, 0x2F, 0x00, 0x00, 0x2F, 0x00, 0x2F, 0x2F, 0x00, 0x00, 0x2F, 0x2F,
    0x00, 0x00, 0x00, 0x2F, 0x00, 0x2F, 0x00, 0x00, 0x00, 0x2F, 0x00, 0x2F, 0x00, 0x2F, 0x00, 0x2F,
    0x2F, 0x00, 0x00, 0x00, 0x00, 0x2F, 0x2F, 0x00, 0x00, 0x00, 0x00, 0x00, 0x00, 0x00, 0x2F, 0x00,
    0x2F, 0x2F, 0x2F, 0x00, 0x2F, 0x00, 0x2F, 0x2F, 0x2F, 0x2F, 0x2F, 0x2F, 0x00, 0x00, 0x00, 0x2F,
    0x2F, 0x00, 0x00, 0x00, 0x00, 0x2F, 0x2F, 0x2F, 0x2F, 0x2F, 0x00, 0x2F, 0x2F, 0x00, 0x2F, 0x00,
    0x2F, 0x2F, 0x2F, 0x00, 0x2F, 0x2F, 0x2F, 0x2F, 0x00, 0x00, 0x2F, 0x00, 0x00, 0x00, 0x00, 0x2F,
    0x2F, 0x00, 0x00, 0x2F, 0x2F, 0x2F, 0x00, 0x2F, 0x00, 0x00, 0x2F, 0x2F, 0x2F, 0x00, 0x2F, 0x00,
    0x2F, 0x00, 0x2F, 0x2F, 0x00, 0x00, 0x00, 0x2F, 0x00, 0x2F, 0x2F, 0x00, 0x00, 0x00, 0x00, 0x00,
    0x00, 0x2F, 0x00, 0x2F, 0x2F, 0x00, 0x00, 0x00, 0x2F, 0x00, 0x2F, 0x2F, 0x2F, 0x2F, 0x2F, 0x00,
    0x00, 0x00, 0x2F, 0x00, 0x2F, 0x2F, 0x00, 0x00, 0x00, 0x2F, 0x2F, 0x2F, 0x2F, 0x00, 0x2F, 0x2F,
    0x00, 0x00, 0x00, 0x2F, 0x00, 0x2F, 0x2F, 0x00, 0x2F, 0x2F, 0x2F, 0x00, 0x00, 0x2F, 0x00, 0x00,
    0x00, 0x00, 0x00, 0x00, 0x00, 0x2F, 0x00, 0x2F, 0x2F, 0x2F, 0x00, 0x2F, 0x2F, 0x2F, 0x2F, 0x2F,
    0x2F, 0x2F, 0x2F, 0x00, 0x00, 0x00, 0x2F, 0x2F, 0x00, 0x00, 0x2F, 0x2F, 0x2F, 0x2F, 0x2F, 0x2F,
    0x2F, 0x00, 0x2F, 0x2F, 0x00, 0x2F, 0x00, 0x2F, 0x00, 0x2F, 0x2F, 0x2F, 0x2F, 0x2F, 0x2F, 0x00,
    0x00, 0x2F, 0x00, 0x00, 0x00, 0x00, 0x00, 0x00, 0x2F, 0x2F, 0x2F, 0x2F, 0x2F, 0x00, 0x2F, 0x00,
    0x00, 0x2F, 0x2F, 0x2F, 0x2F, 0x2F, 0x00, 0x2F, 0x2F, 0x2F, 0x2F, 0x00, 0x00, 0x00, 0x2F, 0x00,
    0x2F, 0x2F, 0x2F, 0x2F, 0x00, 0x00, 0x2F, 0x2F, 0x2F, 0x00, 0x2F, 0x2F, 0x00, 0x00, 0x00, 0x2F,
    0x2F, 0x2F, 0x00, 0x2F, 0x00, 0x2F, 0x2F, 0x00, 0x00, 0x2F, 0x00, 0x2F, 0x2F, 0x00, 0x2F, 0x2F,
    0x00, 0x00, 0x00, 0x00, 0x2F, 0x00, 0x2F, 0x00, 0x00, 0x00, 0x2F, 0x00, 0x00, 0x2F, 0x00, 0x2F,
    0x2F, 0x2F, 0x00, 0x00, 0x00, 0x00, 0x2F, 0x2F, 0x00, 0x00, 0x2F, 0x00, 0x00, 0x00, 0x2F, 0x2F,
    0x00, 0x2F, 0x2F, 0x2F, 0x00, 0x2F, 0x00, 0x2F, 0x00, 0x00, 0x2F, 0x2F, 0x00, 0x2F, 0x00, 0x00,
    0x2F, 0x2F, 0x00, 0x00, 0x00, 0x00, 0x00, 0x2F, 0x00, 0x2F, 0x00, 0x00, 0x00, 0x2F, 0x00, 0x2F,
    0x00, 0x2F, 0x2F, 0x2F, 0x2F, 0x00, 0x00, 0x00, 0x00, 0x2F, 0x2F, 0x00, 0x00, 0x00, 0x00, 0x00,
    0x2F, 0x2F, 0x2F, 0x00, 0x2F, 0x2F, 0x2F, 0x00, 0x2F, 0x00, 0x2F, 0x00, 0x00, 0x2F, 0x2F, 0x2F,
    0x2F, 0x00, 0x00, 0x00, 0x2F, 0x00, 0x2F, 0x00, 0x00, 0x00, 0x2F, 0x00, 0x2F, 0x2F, 0x2F, 0x00,
    0x2F, 0x2F, 0x00, 0x00, 0x00, 0x00, 0x2F, 0x2F, 0x00, 0x00, 0x00, 0x2F, 0x2F, 0x00, 0x00, 0x2F,
    0x00, 0x2F, 0x2F, 0x2F, 0x00, 0x2F, 0x00, 0x2F, 0x2F, 0x00, 0x2F, 0x00, 0x2F, 0x00, 0x00, 0x00,
    0x2F, 0x2F, 0x00, 0x00, 0x00, 0x00, 0x2F, 0x00, 0x00, 0x00, 0x00, 0x00, 0x2F, 0x2F, 0x00, 0x2F,
    0x00, 0x2F, 0x2F, 0x2F, 0x00, 0x00, 0x2F, 0x2F, 0x2F, 0x2F, 0x00, 0x2F, 0x00, 0x00, 0x00, 0x00,
    0x2F, 0x2F, 0x00, 0x2F, 0x00, 0x2F, 0x2F, 0x2F, 0x00, 0x00, 0x00, 0x2F, 0x2F, 0x2F, 0x00, 0x2F,
    0x00, 0x00, 0x00, 0x00, 0x2F, 0x2F, 0x00, 0x2F, 0x2F, 0x00, 0x2F, 0x2F, 0x00, 0x00, 0x00, 0x2F,
    0x2F, 0x2F, 0x00, 0x2F, 0x00, 0x00, 0x2F, 0x00, 0x00, 0x2F, 0x00, 0x2F, 0x2F, 0x00, 0x2F, 0x2F,
    0x00, 0x00, 0x00, 0x2F, 0x00, 0x00, 0x2F, 0x00, 0x00, 0x00, 0x2F, 0x00, 0x00, 0x2F, 0x00, 0x2F,
    0x2F, 0x00, 0x00, 0x2F, 0x00, 0x00, 0x2F, 0x2F, 0x00, 0x00, 0x2F, 0x00, 0x00, 0x00, 0x2F, 0x00,
    0x2F, 0x00, 0x00, 0x2F, 0x00, 0x2F, 0x00, 0x2F, 0x00, 0x00, 0x2F, 0x2F, 0x00, 0x00, 0x00, 0x00,
    0x2F, 0x00, 0x00, 0x00, 0x00, 0x00, 0x00, 0x2F, 0x00, 0x2F, 0x00, 0x2F, 0x2F, 0x2F, 0x00, 0x00,
    0x2F, 0x2F, 0x00, 0x2F, 0x00, 0x2F, 0x00, 0x00, 0x00, 0x00, 0x00, 0x2F, 0x00, 0x00, 0x00, 0x28,
    0x00, 0x00, 0x00, 0x00, 0x00, 0x28, 0x28, 0x28, 0x28, 0x00, 0x00, 0x28, 0x28, 0x00, 0x00, 0x28,
    0x28, 0x28, 0x28, 0x00, 0x28, 0x28, 0x28, 0x00, 0x28, 0x00, 0x28, 0x00, 0x28, 0x00, 0x28, 0x28,
    0x28, 0x00, 0x00, 0x28, 0x28, 0x00, 0x00, 0x00, 0x00, 0x00, 0x00, 0x00, 0x00, 0x28, 0x28, 0x00,
    0x28, 0x00, 0x28, 0x00, 0x28, 0x28, 0x28, 0x28, 0x28, 0x28, 0x28, 0x00, 0x28, 0x00, 0x00, 0x00,
    0x00, 0x00, 0x00, 0x28, 0x28, 0x28, 0x28, 0x28, 0x28, 0x00, 0x00, 0x00, 0x28, 0x28, 0x28, 0x28,
    0x28, 0x00, 0x28, 0x28, 0x28, 0x28, 0x28, 0x00, 0x28, 0x28, 0x00, 0x28, 0x28, 0x28, 0x28, 0x00,
    0x00, 0x28, 0x28, 0x28, 0x28, 0x00, 0x00, 0x28, 0x00, 0x00, 0x28, 0x28, 0x28, 0x00, 0x28, 0x00,
    0x28, 0x28, 0x28, 0x00, 0x28, 0x00, 0x00, 0x28, 0x00, 0x28, 0x28, 0x00, 0x00, 0x00, 0x00, 0x28,
    0x28, 0x00, 0x00, 0x00, 0x28, 0x00, 0x00, 0x00, 0x28, 0x00, 0x28, 0x28, 0x28, 0x00, 0x28, 0x00,
    0x28, 0x28, 0x00, 0x00, 0x28, 0x28, 0x00, 0x00, 0x00, 0x28, 0x28, 0x00, 0x00, 0x00, 0x00, 0x28,
    0x00, 0x28, 0x00, 0x28, 0x00, 0x28, 0x28, 0x00, 0x28, 0x00, 0x28, 0x28, 0x28, 0x00, 0x00, 0x00,
    0x00, 0x00, 0x00, 0x00, 0x28, 0x00, 0x00, 0x00, 0x00, 0x28, 0x28, 0x00, 0x00, 0x28, 0x28, 0x28,
    0x28, 0x28, 0x00, 0x28, 0x28, 0x28, 0x00, 0x28, 0x28, 0x00, 0x28, 0x00, 0x28, 0x28, 0x28, 0x28,
    0x00, 0x00, 0x28, 0x28, 0x00, 0x00, 0x28, 0x00, 0x00, 0x00, 0x00, 0x28, 0x28, 0x28, 0x00, 0x28,
    0x00, 0x28, 0x00, 0x28, 0x00, 0x00, 0x28, 0x28, 0x28, 0x00, 0x28, 0x28, 0x00, 0x00, 0x00, 0x00,
    0x00, 0x00, 0x00, 0x28, 0x00, 0x28, 0x28, 0x00, 0x00, 0x28, 0x00, 0x28, 0x28, 0x28, 0x28, 0x28,
    0x28, 0x00, 0x00, 0x00, 0x28, 0x00, 0x28, 0x00, 0x00, 0x00, 0x28, 0x28, 0x28, 0x28, 0x28, 0x00,
    0x28, 0x28, 0x00, 0x00, 0x00, 0x00, 0x28, 0x28, 0x00, 0x28, 0x28, 0x28, 0x28, 0x00, 0x00, 0x28,
    0x00, 0x28, 0x28, 0x28, 0x00, 0x28, 0x00, 0x00, 0x28, 0x28, 0x28, 0x00, 0x28, 0x00, 0x00, 0x00,
    0x28, 0x28, 0x00, 0x00, 0x00, 0x28, 0x00, 0x28, 0x28, 0x00, 0x00, 0x00, 0x28, 0x28, 0x00, 0x28,
    0x00, 0x28, 0x28, 0x00, 0x00, 0x00, 0x28, 0x00, 0x28, 0x28, 0x00, 0x28, 0x00, 0x00, 0x00, 0x00,
    0x28, 0x00, 0x28, 0x28, 0x00, 0x00, 0x00, 0x28, 0x00, 0x00, 0x00, 0x28, 0x28, 0x28, 0x00, 0x00,
    0x00, 0x28, 0x00, 0x28, 0x28, 0x00, 0x00, 0x28, 0x28, 0x00, 0x28, 0x28, 0x00, 0x28, 0x28, 0x00,
    0x00, 0x00, 0x28, 0x00, 0x28, 0x00, 0x28, 0x00, 0x00, 0x28, 0x00, 0x00, 0x28, 0x00, 0x28, 0x28,
    0x00, 0x00, 0x00, 0x00, 0x28, 0x00, 0x00, 0x28, 0x28, 0x00, 0x00, 0x00, 0x28, 0x00, 0x00, 0x28,
    0x28, 0x28, 0x00, 0x00, 0x28, 0x00, 0x28, 0x00, 0x28, 0x28, 0x00, 0x00, 0x28, 0x00, 0x28, 0x28,
    0x00, 0x28, 0x00, 0x00, 0x00, 0x00, 0x00, 0x28, 0x00, 0x28, 0x00, 0x00, 0x00, 0x28, 0x00, 0x00,
    0x00, 0x28, 0x28, 0x28, 0x28, 0x00, 0x00, 0x00, 0x00, 0x28, 0x28, 0x00, 0x00, 0x28, 0x28, 0x00,
    0x28, 0x28, 0x28, 0x00, 0x28, 0x28, 0x28, 0x00, 0x28, 0x00, 0x28, 0x00, 0x28, 0x00, 0x00, 0x28,
    0x28, 0x00, 0x00, 0x28, 0x28, 0x00, 0x00, 0x00, 0x00, 0x00, 0x00, 0x00, 0x28, 0x00, 0x28, 0x00,
    0x28, 0x00, 0x28, 0x00, 0x28, 0x28, 0x28, 0x28, 0x28, 0x28, 0x00, 0x00, 0x00, 0x00, 0x00, 0x00,
    0x00, 0x00, 0x00, 0x28, 0x28, 0x28, 0x28, 0x28, 0x00, 0x28, 0x28, 0x28, 0x28, 0x28, 0x28, 0x28,
    0x28, 0x00, 0x28, 0x28, 0x28, 0x28, 0x00, 0x00, 0x28, 0x28, 0x28, 0x28, 0x28, 0x28, 0x28, 0x00,
    0x00, 0x28, 0x28, 0x28, 0x00, 0x28, 0x00, 0x28, 0x28, 0x28, 0x28, 0x28, 0x28, 0x00, 0x28, 0x00,
    0x28, 0x28, 0x00, 0x00, 0x00, 0x00, 0x28, 0x28, 0x28, 0x28, 0x28, 0x00, 0x00, 0x00, 0x00, 0x28,
    0x00, 0x28, 0x28, 0x28, 0x00, 0x28, 0x28, 0x28, 0x28, 0x00, 0x28, 0x28, 0x28, 0x00, 0x00, 0x00,
    0x28, 0x28, 0x00, 0x00, 0x28, 0x28, 0x28, 0x00, 0x00, 0x28, 0x28, 0x00, 0x28, 0x28, 0x00, 0x00,
    0x00, 0x28, 0x28, 0x28, 0x00, 0x00, 0x28, 0x00, 0x28, 0x00, 0x00, 0x28, 0x00, 0x28, 0x28, 0x00,
    0x28, 0x28, 0x00, 0x28, 0x00, 0x00, 0x00, 0x00, 0x28, 0x00, 0x00, 0x00, 0x28, 0x00, 0x00, 0x28,
    0x00, 0x00, 0x00, 0x28, 0x28, 0x28, 0x00, 0x00, 0x28, 0x28, 0x00, 0x00, 0x28, 0x00, 0x00, 0x28,
    0x28, 0x00, 0x28, 0x28, 0x00, 0x28, 0x00, 0x28, 0x00, 0x28, 0x00, 0x00, 0x28, 0x00, 0x28, 0x00,
    0x00, 0x28, 0x00, 0x00, 0x00, 0x00, 0x00, 0x00, 0x00, 0x28, 0x00, 0x00, 0x00, 0x00, 0x28, 0x00,
    0x00, 0x28, 0x28, 0x28, 0x28, 0x28, 0x28, 0x00, 0x00, 0x28, 0x28, 0x28, 0x00, 0x00, 0x28, 0x00,
    0x28, 0x28, 0x28, 0x28, 0x28, 0x00, 0x28, 0x00, 0x28, 0x28, 0x00, 0x28, 0x00, 0x00, 0x00, 0x28,
    0x28, 0x28, 0x28, 0x00, 0x00, 0x00, 0x00, 0x28, 0x00, 0x00, 0x00, 0x28, 0x28, 0x00, 0x28, 0x28,
    0x28, 0x00, 0x28, 0x28, 0x28, 0x00, 0x00, 0x28, 0x28, 0x00, 0x28, 0x00, 0x00, 0x28, 0x28, 0x00,
    0x00, 0x28, 0x28, 0x00, 0x28, 0x00, 0x28, 0x00, 0x00, 0x00, 0x28, 0x00, 0x28, 0x00, 0x28, 0x00,
    0x28, 0x00, 0x00, 0x00, 0x00, 0x00, 0x28, 0x28, 0x00, 0x00, 0x00, 0x00, 0x00, 0x00, 0x00, 0x00,
    0x28, 0x28, 0x28, 0x28, 0x00, 0x28, 0x00, 0x28, 0x28, 0x28, 0x28, 0x28, 0x28, 0x28, 0x00, 0x28,
    0x28, 0x28, 0x00, 0x00, 0x00, 0x00, 0x28, 0x28, 0x00, 0x28, 0x28, 0x28, 0x28, 0x00, 0x28, 0x00,
    0x28, 0x00, 0x28, 0x00, 0x28, 0x28, 0x00, 0x00, 0x28, 0x28, 0x28, 0x00, 0x00, 0x00, 0x00, 0x00,
    0x00, 0x00, 0x00, 0x28, 0x00, 0x28, 0x00, 0x28, 0x28, 0x00, 0x28, 0x28, 0x28, 0x28, 0x28, 0x28,
    0x28, 0x00, 0x00, 0x00, 0x00, 0x00, 0x28, 0x00, 0x00, 0x28, 0x28, 0x28, 0x28, 0x28, 0x28, 0x00,
    0x28, 0x28, 0x28, 0x28, 0x00, 0x00, 0x28, 0x00, 0x28, 0x28, 0x28, 0x28, 0x28, 0x00, 0x00, 0x28,
    0x28, 0x28, 0x00, 0x28, 0x00, 0x00, 0x00, 0x28, 0x28, 0x28, 0x28, 0x00, 0x28, 0x00, 0x28, 0x28,
    0x00, 0x00, 0x00, 0x28, 0x28, 0x00, 0x28, 0x28, 0x28, 0x00, 0x00, 0x00, 0x00, 0x28, 0x00, 0x28,
    0x28, 0x00, 0x28, 0x00, 0x00, 0x28, 0x28, 0x00, 0x28, 0x28, 0x28, 0x00, 0x00, 0x00, 0x28, 0x00,
    0x00, 0x00, 0x28, 0x00, 0x28, 0x00, 0x00, 0x28, 0x28, 0x00, 0x28, 0x28, 0x00, 0x00, 0x28, 0x28,
    0x00, 0x00, 0x00, 0x00, 0x28, 0x00, 0x28, 0x00, 0x00, 0x28, 0x00, 0x28, 0x00, 0x28, 0x00, 0x28,
    0x28, 0x28, 0x00, 0x00, 0x00, 0x00, 0x28, 0x00, 0x00, 0x00, 0x00, 0x00, 0x00, 0x00, 0x28, 0x28,
    0x00, 0x28, 0x28, 0x28, 0x00, 0x00, 0x28, 0x28, 0x28, 0x28, 0x28, 0x28, 0x00, 0x28, 0x00, 0x00,
    0x28, 0x28, 0x00, 0x28, 0x00, 0x28, 0x28, 0x28, 0x28, 0x28, 0x00, 0x00, 0x00, 0x28, 0x00, 0x00,
    0x28, 0x28, 0x28, 0x28, 0x00, 0x28, 0x28, 0x28, 0x28, 0x00, 0x00, 0x28, 0x28, 0x00, 0x00, 0x28,
    0x28, 0x28, 0x00, 0x00, 0x28, 0x28, 0x28, 0x00, 0x28, 0x00, 0x28, 0x00, 0x28, 0x00, 0x28, 0x28,
    0x00, 0x28, 0x00, 0x28, 0x28, 0x00, 0x00, 0x00, 0x00, 0x00, 0x00, 0x00, 0x00, 0x28, 0x00, 0x00,
    0x00, 0x00, 0x28, 0x00, 0x28, 0x28, 0x28, 0x28, 0x28, 0x28, 0x28, 0x00, 0x00, 0x28, 0x28, 0x28,
    0x00, 0x00, 0x00, 0x28, 0x28, 0x28, 0x28, 0x28, 0x28, 0x00, 0x28, 0x00, 0x28, 0x28, 0x00, 0x28,
    0x28, 0x00, 0x28, 0x28, 0x28, 0x28, 0x28, 0x00, 0x00, 0x00, 0x00, 0x28, 0x00, 0x00, 0x28, 0x00,
    0x00, 0x28, 0x28, 0x28, 0x28, 0x00, 0x28, 0x28, 0x28, 0x00, 0x00, 0x28, 0x00, 0x00, 0x28, 0x00,
    0x28, 0x28, 0x28, 0x00, 0x00, 0x28, 0x28, 0x00, 0x28, 0x00, 0x00, 0x28, 0x00, 0x00, 0x00, 0x28,
    0x28, 0x00, 0x28, 0x00, 0x28, 0x00, 0x00, 0x00, 0x28, 0x00, 0x00, 0x28, 0x28, 0x00, 0x28, 0x00,
    0x00, 0x00, 0x00, 0x00, 0x28, 0x28, 0x00, 0x00, 0x28, 0x00, 0x28, 0x00, 0x00, 0x00, 0x28, 0x28,
    0x28, 0x28, 0x00, 0x28, 0x00, 0x28, 0x00, 0x00, 0x00, 0x00, 0x28, 0x28, 0x00, 0x28, 0x28, 0x28,
    0x00, 0x00, 0x00, 0x00, 0x00, 0x28, 0x28, 0x28, 0x00, 0x28, 0x00, 0x00, 0x28, 0x28, 0x00, 0x28,
    0x28, 0x28, 0x28, 0x00, 0x28, 0x28, 0x00, 0x00, 0x28, 0x28, 0x00, 0x28, 0x28, 0x00, 0x28, 0x00,
    0x00, 0x28, 0x00, 0x00, 0x00, 0x00, 0x28, 0x28, 0x00, 0x00, 0x28, 0x00, 0x00, 0x00, 0x28, 0x00,
    0x00, 0x28, 0x28, 0x28, 0x00, 0x28, 0x00, 0x28, 0x00, 0x00, 0x28, 0x28, 0x00, 0x00, 0x28, 0x00,
    0x28, 0x28, 0x00, 0x00, 0x00, 0x00, 0x00, 0x28, 0x00, 0x28, 0x00, 0x28, 0x00, 0x00, 0x00, 0x28,
    0x00, 0x28, 0x28, 0x28, 0x28, 0x00, 0x00, 0x00, 0x00, 0x00, 0x00, 0x28, 0x28, 0x00, 0x00, 0x00,
    0x28, 0x28, 0x28, 0x00, 0x28, 0x28, 0x28, 0x28, 0x28, 0x00, 0x28, 0x00, 0x28, 0x28, 0x00, 0x28,
    0x28, 0x00, 0x00, 0x28, 0x28, 0x28, 0x28, 0x00, 0x00, 0x00, 0x00, 0x28, 0x00, 0x00, 0x28, 0x00,
    0x28, 0x00, 0x28, 0x28, 0x28, 0x00, 0x28, 0x28, 0x28, 0x00, 0x00, 0x28, 0x00, 0x00, 0x00, 0x00,
    0x00, 0x28, 0x28, 0x00, 0x00, 0x28, 0x28, 0x00, 0x28, 0x00, 0x00, 0x28, 0x28, 0x28, 0x28, 0x00,
    0x28, 0x00, 0x28, 0x00, 0x28, 0x00, 0x00, 0x00, 0x28, 0x00, 0x28, 0x28, 0x28, 0x00, 0x00, 0x00,
    0x00, 0x00, 0x00, 0x00, 0x28, 0x28, 0x00, 0x00, 0x00, 0x28, 0x28, 0x00, 0x28, 0x28, 0x28, 0x28,
    0x28, 0x28, 0x00, 0x28, 0x00, 0x28, 0x28, 0x00, 0x28, 0x00, 0x00, 0x28, 0x28, 0x28, 0x28, 0x28,
    0x00, 0x00, 0x00, 0x00, 0x28, 0x00, 0x00, 0x00, 0x28, 0x00, 0x28, 0x28, 0x28, 0x28, 0x00, 0x28,
    0x28, 0x28, 0x00, 0x28, 0x00, 0x00, 0x00, 0x28, 0x28, 0x28, 0x28, 0x28, 0x00, 0x00, 0x00, 0x00,
    0x28, 0x00, 0x00, 0x28, 0x28, 0x00, 0x28, 0x28, 0x28, 0x28, 0x00, 0x28, 0x28, 0x28, 0x00, 0x00,
    0x28, 0x00, 0x28, 0x00, 0x00, 0x28, 0x28, 0x28, 0x00, 0x00, 0x28, 0x28, 0x00, 0x28, 0x00, 0x00,
    0x00, 0x00, 0x28, 0x00, 0x28, 0x28, 0x00, 0x28, 0x00, 0x28, 0x00, 0x00, 0x00, 0x28, 0x28, 0x28,
    0x00, 0x00, 0x00, 0x28, 0x00, 0x00, 0x00, 0x00, 0x00, 0x28, 0x28, 0x00, 0x28, 0x28, 0x00, 0x28,
    0x28, 0x00, 0x00, 0x28, 0x28, 0x28, 0x28, 0x00, 0x28, 0x00, 0x00, 0x28, 0x00, 0x00, 0x28, 0x00,
    0x28, 0x00, 0x28, 0x28, 0x28, 0x00, 0x00, 0x00, 0x28, 0x00, 0x00, 0x28, 0x00, 0x00, 0x00, 0x00,
    0x00, 0x28, 0x28, 0x00, 0x28, 0x28, 0x00, 0x00, 0x28, 0x00, 0x00, 0x28, 0x28, 0x28, 0x28, 0x00,
    0x28, 0x00, 0x00, 0x28, 0x00, 0x28, 0x00, 0x00, 0x28, 0x00, 0x28, 0x28, 0x28, 0x00, 0x00, 0x00,
    0x28, 0x00, 0x00, 0x00, 0x00, 0x28, 0x00, 0x00, 0x00, 0x28, 0x28, 0x00, 0x28, 0x28, 0x00, 0x00,
    0x28, 0x28, 0x28, 0x00, 0x00, 0x28, 0x28, 0x00, 0x28, 0x00, 0x00, 0x28, 0x00, 0x28, 0x00, 0x28,
    0x28, 0x00, 0x28, 0x00, 0x28, 0x00, 0x00, 0x00, 0x28, 0x00, 0x00, 0x00, 0x00, 0x00, 0x28, 0x00,
    0x00, 0x00, 0x00, 0x00, 0x28, 0x28, 0x00, 0x00, 0x28, 0x28, 0x28, 0x00, 0x00, 0x00, 0x00, 0x00,
    0x00, 0x00, 0x28, 0x28, 0x00, 0x00, 0x00, 0x00, 0x28, 0x00, 0x28, 0x28, 0x28, 0x28, 0x28, 0x28,
    0x00, 0x28, 0x00, 0x28, 0x28, 0x28, 0x00, 0x00, 0x00, 0x28, 0x28, 0x28, 0x28, 0x28, 0x00, 0x00,
    0x00, 0x00, 0x28, 0x28, 0x00, 0x28, 0x28, 0x00, 0x28, 0x28, 0x28, 0x28, 0x00, 0x28, 0x28, 0x28,
    0x00, 0x28, 0x00, 0x00, 0x28, 0x00, 0x00, 0x28, 0x28, 0x28, 0x00, 0x00, 0x28, 0x28, 0x00, 0x00,
    0x00, 0x28, 0x00, 0x00, 0x28, 0x00, 0x28, 0x28, 0x00, 0x28, 0x00, 0x28, 0x00, 0x28, 0x28, 0x00,
    0x00, 0x28, 0x00, 0x00, 0x00, 0x28, 0x00, 0x00, 0x00, 0x00, 0x00, 0x00, 0x28, 0x00, 0x28, 0x00,
    0x00, 0x28, 0x28, 0x00, 0x00, 0x28, 0x28, 0x28, 0x28, 0x28, 0x00, 0x00, 0x00, 0x00, 0x28, 0x00,
    0x28, 0x00, 0x28, 0x00, 0x28, 0x28, 0x28, 0x28, 0x00, 0x28, 0x28, 0x28, 0x00, 0x00, 0x00, 0x00,
    0x00, 0x00, 0x00, 0x28, 0x28, 0x28, 0x00, 0x00, 0x28, 0x28, 0x00, 0x28, 0x28, 0x28, 0x28, 0x28,
    0x28, 0x00, 0x28, 0x28, 0x00, 0x28, 0x00, 0x28, 0x00, 0x00, 0x28, 0x28, 0x28, 0x28, 0x28, 0x00,
    0x00, 0x28, 0x00, 0x00, 0x00, 0x00, 0x00, 0x28, 0x00, 0x28, 0x28, 0x28, 0x28, 0x00, 0x28, 0x00,
    0x00, 0x28, 0x28, 0x28, 0x28, 0x00, 0x00, 0x00, 0x28, 0x28, 0x28, 0x00, 0x00, 0x00, 0x28, 0x00,
    0x28, 0x28, 0x28, 0x00, 0x28, 0x00, 0x28, 0x00, 0x00, 0x00, 0x28, 0x28, 0x28, 0x00, 0x28, 0x00,
    0x00, 0x28, 0x28, 0x00, 0x00, 0x00, 0x28, 0x28, 0x00, 0x28, 0x28, 0x00, 0x00, 0x00, 0x28, 0x00,
    0x28, 0x00, 0x28, 0x28, 0x00, 0x28, 0x00, 0x00, 0x28, 0x00, 0x28, 0x28, 0x00, 0x00, 0x00, 0x00,
    0x00, 0x28, 0x00, 0x00, 0x00, 0x28, 0x00, 0x00, 0x00, 0x28, 0x00, 0x28, 0x28, 0x28, 0x28, 0x00,
    0x00, 0x28, 0x28, 0x00, 0x00, 0x28, 0x28, 0x00, 0x00, 0x00, 0x21, 0x21, 0x21, 0x00, 0x21, 0x00,
    0x21, 0x00, 0x21, 0x00, 0x21, 0x00, 0x21, 0x21, 0x00, 0x21, 0x21, 0x00, 0x00, 0x00, 0x00, 0x00,
    0x00, 0x00, 0x00, 0x00, 0x00, 0x21, 0x00, 0x00, 0x21, 0x00, 0x21, 0x21, 0x21, 0x21, 0x21, 0x21,
    0x21, 0x21, 0x21, 0x00, 0x00, 0x21, 0x00, 0x00, 0x00, 0x21, 0x21, 0x21, 0x21, 0x21, 0x21, 0x21,
    0x21, 0x00, 0x21, 0x00, 0x00, 0x21, 0x21, 0x00, 0x21, 0x21, 0x21, 0x21, 0x21, 0x21, 0x21, 0x00,
    0x00, 0x00, 0x21, 0x00, 0x21, 0x00, 0x00, 0x21, 0x21, 0x21, 0x21, 0x21, 0x21, 0x00, 0x21, 0x21,
    0x00, 0x00, 0x00, 0x00, 0x21, 0x00, 0x21, 0x21, 0x21, 0x21, 0x21, 0x00, 0x00, 0x21, 0x00, 0x21,
    0x21, 0x21, 0x00, 0x00, 0x00, 0x21, 0x21, 0x21, 0x21, 0x00, 0x21, 0x00, 0x00, 0x00, 0x21, 0x21,
    0x00, 0x21, 0x21, 0x00, 0x21, 0x21, 0x21, 0x00, 0x00, 0x00, 0x21, 0x21, 0x00, 0x21, 0x21, 0x21,
    0x00, 0x00, 0x00, 0x00, 0x21, 0x00, 0x21, 0x00, 0x00, 0x00, 0x21, 0x00, 0x21, 0x21, 0x00, 0x21,
    0x21, 0x21, 0x00, 0x00, 0x00, 0x00, 0x21, 0x21, 0x00, 0x00, 0x00, 0x21, 0x00, 0x00, 0x21, 0x21,
    0x00, 0x21, 0x21, 0x21, 0x00, 0x21, 0x00, 0x21, 0x21, 0x00, 0x00, 0x21, 0x00, 0x21, 0x00, 0x00,
    0x21, 0x21, 0x00, 0x00, 0x00, 0x00, 0x21, 0x00, 0x21, 0x00, 0x00, 0x00, 0x00, 0x21, 0x00, 0x21,
    0x00, 0x21, 0x21, 0x21, 0x00, 0x00, 0x00, 0x00, 0x21, 0x21, 0x21, 0x00, 0x00, 0x00, 0x00, 0x00,
    0x21, 0x21, 0x00, 0x21, 0x21, 0x21, 0x00, 0x21, 0x21, 0x00, 0x21, 0x21, 0x21, 0x21, 0x00, 0x21,
    0x00, 0x00, 0x21, 0x21, 0x00, 0x00, 0x21, 0x00, 0x00, 0x21, 0x21, 0x21, 0x00, 0x00, 0x00, 0x21,
    0x00, 0x21, 0x00, 0x21, 0x00, 0x00, 0x21, 0x00, 0x21, 0x21, 0x00, 0x21, 0x21, 0x00, 0x00, 0x00,
    0x00, 0x00, 0x00, 0x21, 0x00, 0x00, 0x00, 0x21, 0x00, 0x00, 0x21, 0x00, 0x21, 0x21, 0x21, 0x21,
    0x21, 0x00, 0x00, 0x21, 0x21, 0x00, 0x00, 0x21, 0x00, 0x00, 0x00, 0x21, 0x21, 0x21, 0x21, 0x00,
    0x21, 0x00, 0x21, 0x00, 0x21, 0x00, 0x00, 0x21, 0x21, 0x00, 0x21, 0x21, 0x21, 0x00, 0x00, 0x00,
    0x00, 0x00, 0x00, 0x00, 0x21, 0x00, 0x21, 0x00, 0x00, 0x21, 0x21, 0x00, 0x21, 0x21, 0x21, 0x21,
    0x21, 0x21, 0x00, 0x00, 0x00, 0x00, 0x00, 0x00, 0x21, 0x21, 0x21, 0x00, 0x21, 0x21, 0x00, 0x21,
    0x21, 0x00, 0x00, 0x21, 0x21, 0x21, 0x00, 0x21, 0x21, 0x00, 0x00, 0x21, 0x00, 0x00, 0x21, 0x00,
    0x21, 0x00, 0x21, 0x21, 0x00, 0x00, 0x21, 0x00, 0x21, 0x00, 0x00, 0x21, 0x00, 0x00, 0x00, 0x00,
    0x00, 0x21, 0x00, 0x21, 0x00, 0x00, 0x00, 0x00, 0x21, 0x00, 0x00, 0x21, 0x21, 0x21, 0x21, 0x00,
    0x00, 0x00, 0x00, 0x21, 0x21, 0x21, 0x00, 0x00, 0x21, 0x00, 0x21, 0x21, 0x21, 0x00, 0x21, 0x21,
    0x21, 0x00, 0x21, 0x21, 0x00, 0x21, 0x00, 0x00, 0x00, 0x21, 0x21, 0x00, 0x00, 0x21, 0x21, 0x00,
    0x00, 0x21, 0x00, 0x00, 0x00, 0x21, 0x21, 0x00, 0x21, 0x00, 0x21, 0x00, 0x21, 0x00, 0x21, 0x00,
    0x00, 0x21, 0x21, 0x00, 0x21, 0x00, 0x00, 0x00, 0x00, 0x00, 0x00, 0x00, 0x00, 0x00, 0x21, 0x00,
    0x21, 0x00, 0x00, 0x00, 0x21, 0x21, 0x21, 0x21, 0x21, 0x21, 0x21, 0x21, 0x00, 0x00, 0x00, 0x00,
    0x21, 0x21, 0x00, 0x21, 0x21, 0x21, 0x21, 0x21, 0x21, 0x21, 0x00, 0x21, 0x21, 0x21, 0x00, 0x21,
    0x00, 0x00, 0x21, 0x21, 0x21, 0x21, 0x21, 0x21, 0x00, 0x00, 0x21, 0x21, 0x00, 0x00, 0x00, 0x21,
    0x00, 0x21, 0x21, 0x21, 0x21, 0x21, 0x00, 0x21, 0x00, 0x21, 0x00, 0x21, 0x21, 0x00, 0x00, 0x00,
    0x21, 0x21, 0x21, 0x21, 0x00, 0x00, 0x00, 0x00, 0x00, 0x00, 0x21, 0x00, 0x21, 0x21, 0x00, 0x00,
    0x21, 0x00, 0x21, 0x21, 0x00, 0x21, 0x21, 0x21, 0x21, 0x21, 0x00, 0x00, 0x21, 0x21, 0x00, 0x00,
    0x00, 0x21, 0x00, 0x00, 0x21, 0x21, 0x21, 0x21, 0x00, 0x21, 0x00, 0x21, 0x00, 0x21, 0x21, 0x00,
    0x00, 0x21, 0x00, 0x21, 0x21, 0x21, 0x00, 0x00, 0x00, 0x00, 0x00, 0x00, 0x21, 0x00, 0x21, 0x00,
    0x00, 0x00, 0x21, 0x21, 0x00, 0x21, 0x21, 0x21, 0x21, 0x21, 0x00, 0x00, 0x00, 0x00, 0x21, 0x21,
    0x00, 0x21, 0x00, 0x00, 0x21, 0x21, 0x21, 0x21, 0x00, 0x21, 0x21, 0x21, 0x00, 0x21, 0x00, 0x00,
    0x00, 0x21, 0x00, 0x21, 0x21, 0x21, 0x00, 0x00, 0x21, 0x21, 0x00, 0x00, 0x00, 0x21, 0x21, 0x00,
    0x00, 0x00, 0x21, 0x21, 0x00, 0x21, 0x00, 0x21, 0x00, 0x21, 0x21, 0x00, 0x21, 0x00, 0x21, 0x21,
    0x00, 0x21, 0x00, 0x00, 0x00, 0x00, 0x00, 0x00, 0x21, 0x00, 0x00, 0x00, 0x00, 0x21, 0x00, 0x00,
    0x00, 0x21, 0x21, 0x21, 0x21, 0x21, 0x00, 0x00, 0x21, 0x21, 0x21, 0x00, 0x00, 0x21, 0x21, 0x00,
    0x21, 0x21, 0x21, 0x21, 0x00, 0x21, 0x00, 0x21, 0x21, 0x00, 0x21, 0x00, 0x21, 0x00, 0x00, 0x21,
    0x21, 0x21, 0x00, 0x00, 0x00, 0x00, 0x21, 0x00, 0x00, 0x00, 0x00, 0x00, 0x21, 0x00, 0x21, 0x21,
    0x00, 0x21, 0x21, 0x21, 0x00, 0x00, 0x21, 0x21, 0x21, 0x21, 0x00, 0x00, 0x00, 0x21, 0x00, 0x00,
    0x21, 0x21, 0x00, 0x21, 0x00, 0x21, 0x21, 0x21, 0x00, 0x21, 0x00, 0x21, 0x00, 0x00, 0x00, 0x00,
    0x21, 0x21, 0x00, 0x00, 0x21, 0x00, 0x00, 0x00, 0x00, 0x00, 0x00, 0x21, 0x21, 0x21, 0x00, 0x21,
    0x00, 0x21, 0x00, 0x00, 0x21, 0x21, 0x21, 0x21, 0x21, 0x00, 0x21, 0x21, 0x00, 0x00, 0x00, 0x00,
    0x00, 0x21, 0x00, 0x21, 0x21, 0x21, 0x21, 0x00, 0x00, 0x21, 0x00, 0x21, 0x21, 0x21, 0x21, 0x00,
    0x00, 0x00, 0x21, 0x21, 0x21, 0x00, 0x21, 0x00, 0x00, 0x00, 0x21, 0x21, 0x21, 0x00, 0x21, 0x21,
    0x00, 0x21, 0x21, 0x00, 0x00, 0x00, 0x21, 0x21, 0x00, 0x21, 0x21, 0x00, 0x00, 0x21, 0x00, 0x00,
    0x21, 0x00, 0x21, 0x21, 0x00, 0x21, 0x00, 0x00, 0x21, 0x00, 0x21, 0x00, 0x00, 0x21, 0x00, 0x00,
    0x00, 0x21, 0x00, 0x00, 0x00, 0x21, 0x00, 0x00, 0x00, 0x00, 0x21, 0x00, 0x00, 0x21, 0x21, 0x00,
    0x00, 0x21, 0x21, 0x00, 0x00, 0x21, 0x21, 0x21, 0x00, 0x00, 0x21, 0x00, 0x21, 0x00, 0x21, 0x00,
    0x21, 0x00, 0x21, 0x00, 0x21, 0x21, 0x00, 0x21, 0x00, 0x00, 0x00, 0x00, 0x00, 0x00, 0x00, 0x00,
    0x00, 0x00, 0x00, 0x21, 0x00, 0x00, 0x00, 0x21, 0x21, 0x21, 0x21, 0x21, 0x21, 0x21, 0x21, 0x21,
    0x21, 0x00, 0x00, 0x21, 0x21, 0x00, 0x21, 0x21, 0x21, 0x21, 0x21, 0x21, 0x21, 0x21, 0x21, 0x00,
    0x21, 0x00, 0x21, 0x00, 0x00, 0x21, 0x21, 0x21, 0x21, 0x21, 0x21, 0x21, 0x21, 0x00, 0x00, 0x00,
    0x00, 0x00, 0x21, 0x00, 0x21, 0x00, 0x00, 0x21, 0x21, 0x21, 0x21, 0x00, 0x00, 0x00, 0x21, 0x00,
    0x00, 0x00, 0x00, 0x00, 0x21, 0x00, 0x21, 0x21, 0x21, 0x00, 0x21, 0x21, 0x00, 0x00, 0x21, 0x21,
    0x21, 0x21, 0x00, 0x00, 0x00, 0x21, 0x21, 0x00, 0x00, 0x21, 0x00, 0x21, 0x00, 0x21, 0x21, 0x21,
    0x00, 0x21, 0x21, 0x00, 0x21, 0x00, 0x21, 0x00, 0x00, 0x00, 0x00, 0x00, 0x21, 0x21, 0x00, 0x00,
    0x21, 0x00, 0x00, 0x00, 0x00, 0x00, 0x21, 0x21, 0x21, 0x21, 0x00, 0x21, 0x00, 0x21, 0x00, 0x00,
    0x21, 0x21, 0x21, 0x21, 0x00, 0x21, 0x21, 0x21, 0x00, 0x00, 0x00, 0x00, 0x00, 0x21, 0x00, 0x21,
    0x21, 0x21, 0x00, 0x00, 0x21, 0x21, 0x00, 0x21, 0x21, 0x21, 0x21, 0x00, 0x00, 0x00, 0x21, 0x21,
    0x00, 0x21, 0x00, 0x21, 0x00, 0x00, 0x21, 0x21, 0x21, 0x00, 0x21, 0x21, 0x00, 0x21, 0x00, 0x00,
    0x00, 0x00, 0x00, 0x21, 0x00, 0x21, 0x21, 0x00, 0x00, 0x21, 0x00, 0x00, 0x00, 0x21, 0x21, 0x21,
    0x21, 0x00, 0x00, 0x00, 0x21, 0x00, 0x21, 0x00, 0x00, 0x21, 0x21, 0x00, 0x21, 0x21, 0x21, 0x00,
    0x21, 0x21, 0x00, 0x00, 0x00, 0x00, 0x21, 0x00, 0x21, 0x00, 0x00, 0x21, 0x21, 0x00, 0x00, 0x21,
    0x00, 0x21, 0x21, 0x21, 0x00, 0x00, 0x00, 0x00, 0x21, 0x00, 0x21, 0x00, 0x21, 0x00, 0x00, 0x00,
    0x21, 0x21, 0x00, 0x21, 0x21, 0x21, 0x00, 0x00, 0x00, 0x00, 0x00, 0x00, 0x00, 0x00, 0x00, 0x00,
    0x21, 0x21, 0x00, 0x00, 0x00, 0x00, 0x00, 0x00, 0x21, 0x00, 0x21, 0x21, 0x21, 0x21, 0x00, 0x21,
    0x00, 0x21, 0x21, 0x21, 0x21, 0x21, 0x00, 0x00, 0x00, 0x21, 0x21, 0x21, 0x00, 0x00, 0x00, 0x00,
    0x21, 0x21, 0x21, 0x21, 0x00, 0x21, 0x21, 0x00, 0x21, 0x21, 0x00, 0x21, 0x21, 0x21, 0x00, 0x21,
    0x21, 0x21, 0x00, 0x00, 0x21, 0x00, 0x00, 0x21, 0x00, 0x00, 0x21, 0x21, 0x00, 0x00, 0x21, 0x21,
    0x00, 0x21, 0x00, 0x00, 0x21, 0x00, 0x00, 0x21, 0x00, 0x21, 0x00, 0x21, 0x00, 0x21, 0x00, 0x00,
    0x00, 0x21, 0x00, 0x00, 0x21, 0x00, 0x00, 0x00, 0x00, 0x00, 0x00, 0x00, 0x00, 0x21, 0x21, 0x00,
    0x00, 0x21, 0x00, 0x00, 0x21, 0x21, 0x21, 0x21, 0x21, 0x21, 0x21, 0x00, 0x21, 0x00, 0x21, 0x00,
    0x00, 0x21, 0x00, 0x21, 0x21, 0x21, 0x21, 0x21, 0x21, 0x00, 0x00, 0x00, 0x00, 0x00, 0x21, 0x00,
    0x00, 0x00, 0x21, 0x21, 0x21, 0x21, 0x21, 0x00, 0x21, 0x21, 0x21, 0x21, 0x00, 0x00, 0x21, 0x21,
    0x00, 0x21, 0x21, 0x21, 0x21, 0x00, 0x00, 0x21, 0x21, 0x21, 0x00, 0x21, 0x00, 0x21, 0x00, 0x00,
    0x21, 0x21, 0x21, 0x00, 0x21, 0x00, 0x21, 0x21, 0x00, 0x00, 0x00, 0x00, 0x00, 0x21, 0x00, 0x21,
    0x21, 0x00, 0x00, 0x00, 0x00, 0x21, 0x00, 0x21, 0x21, 0x21, 0x21, 0x00, 0x00, 0x00, 0x21, 0x00,
    0x21, 0x21, 0x21, 0x00, 0x00, 0x21, 0x00, 0x21, 0x00, 0x00, 0x00, 0x21, 0x21, 0x00, 0x00, 0x00,
    0x00, 0x00, 0x00, 0x00, 0x00, 0x00, 0x00, 0x21, 0x21, 0x00, 0x21, 0x00, 0x21, 0x21, 0x21, 0x21,
    0x21, 0x21, 0x21, 0x21, 0x21, 0x00, 0x21, 0x00, 0x00, 0x00, 0x00, 0x21, 0x21, 0x21, 0x21, 0x21,
    0x21, 0x21, 0x21, 0x00, 0x00, 0x00, 0x21, 0x21, 0x21, 0x00, 0x21, 0x21, 0x21, 0x21, 0x21, 0x21,
    0x21, 0x00, 0x21, 0x21, 0x00, 0x21, 0x21, 0x00, 0x00, 0x21, 0x21, 0x21, 0x21, 0x21, 0x21, 0x00,
    0x00, 0x21, 0x00, 0x00, 0x21, 0x00, 0x21, 0x00, 0x21, 0x21, 0x21, 0x21, 0x21, 0x00, 0x21, 0x00,
    0x00, 0x21, 0x00, 0x00, 0x00, 0x00, 0x00, 0x21, 0x21, 0x21, 0x21, 0x00, 0x00, 0x00, 0x21, 0x00,
    0x00, 0x21, 0x21, 0x21, 0x21, 0x00, 0x21, 0x21, 0x21, 0x00, 0x21, 0x21, 0x00, 0x00, 0x21, 0x00,
    0x21, 0x21, 0x21, 0x00, 0x00, 0x21, 0x21, 0x00, 0x00, 0x21, 0x00, 0x21, 0x00, 0x00, 0x00, 0x21,
    0x21, 0x00, 0x21, 0x00, 0x21, 0x00, 0x21, 0x00, 0x00, 0x00, 0x00, 0x21, 0x21, 0x00, 0x21, 0x00,
    0x00, 0x00, 0x00, 0x00, 0x00, 0x00, 0x21, 0x21, 0x21, 0x00, 0x21, 0x00, 0x00, 0x00, 0x21, 0x21,
    0x21, 0x21, 0x21, 0x21, 0x00, 0x21, 0x21, 0x00, 0x00, 0x00, 0x21, 0x21, 0x00, 0x21, 0x21, 0x21,
    0x21, 0x21, 0x00, 0x00, 0x21, 0x00, 0x21, 0x21, 0x00, 0x21, 0x00, 0x00, 0x21, 0x00, 0x00, 0x21,
    0x21, 0x21, 0x21, 0x00, 0x00, 0x00, 0x21, 0x00, 0x21, 0x00, 0x21, 0x00, 0x21, 0x00, 0x21, 0x21,
    0x21, 0x00, 0x21, 0x21, 0x00, 0x00, 0x00, 0x00, 0x00, 0x00, 0x00, 0x00, 0x00, 0x21, 0x21, 0x00,
    0x00, 0x21, 0x00, 0x21, 0x21, 0x21, 0x21, 0x21, 0x21, 0x21, 0x21, 0x00, 0x21, 0x00, 0x21, 0x00,
    0x00, 0x00, 0x21, 0x21, 0x21, 0x21, 0x21, 0x21, 0x21, 0x00, 0x00, 0x00, 0x00, 0x00, 0x21, 0x21,
    0x00, 0x21, 0x21, 0x21, 0x21, 0x21, 0x21, 0x00, 0x21, 0x21, 0x21, 0x21, 0x00, 0x21, 0x00, 0x00,
    0x21, 0x21, 0x21, 0x21, 0x21, 0x00, 0x00, 0x21, 0x21, 0x21, 0x00, 0x00, 0x00, 0x21, 0x00, 0x21,
    0x21, 0x21, 0x21, 0x00, 0x21, 0x00, 0x21, 0x21, 0x00, 0x21, 0x21, 0x00, 0x00, 0x00, 0x21, 0x21,
    0x21, 0x00, 0x00, 0x00, 0x00, 0x21, 0x00, 0x00, 0x21, 0x00, 0x21, 0x21, 0x00, 0x21, 0x21, 0x00,
    0x21, 0x21, 0x21, 0x00, 0x00, 0x21, 0x00, 0x00, 0x00, 0x21, 0x00, 0x00, 0x21, 0x00, 0x00, 0x21,
    0x21, 0x00, 0x21, 0x00, 0x00, 0x21, 0x21, 0x00, 0x00, 0x21, 0x00, 0x00, 0x21, 0x00, 0x21, 0x00,
    0x00, 0x00, 0x21, 0x00, 0x21, 0x00, 0x21, 0x00, 0x00, 0x21, 0x00, 0x00, 0x00, 0x00, 0x21, 0x21,
    0x00, 0x00, 0x00, 0x00, 0x00, 0x00, 0x21, 0x00, 0x00, 0x21, 0x21, 0x21, 0x00, 0x21, 0x00, 0x21,
    0x21, 0x21, 0x21, 0x21, 0x00, 0x00, 0x00, 0x00, 0x00, 0x21, 0x21, 0x21, 0x00, 0x21, 0x00, 0x21,
    0x00, 0x21, 0x21, 0x21, 0x21, 0x21, 0x21, 0x00, 0x21, 0x21, 0x00, 0x00, 0x00, 0x00, 0x00, 0x00,
    0x21, 0x21, 0x21, 0x21, 0x21, 0x00, 0x00, 0x21, 0x00, 0x21, 0x21, 0x21, 0x21, 0x21, 0x00, 0x21,
    0x21, 0x21, 0x21, 0x00, 0x21, 0x00, 0x00, 0x00, 0x21, 0x21, 0x21, 0x21, 0x00, 0x00, 0x21, 0x21,
    0x21, 0x00, 0x00, 0x00, 0x21, 0x21, 0x00, 0x21, 0x21, 0x21, 0x00, 0x21, 0x00, 0x21, 0x21, 0x00,
    0x21, 0x21, 0x00, 0x21, 0x00, 0x00, 0x21, 0x21, 0x00, 0x00, 0x00, 0x00, 0x21, 0x00, 0x00, 0x21,
    0x00, 0x00, 0x00, 0x21, 0x00, 0x21, 0x00, 0x21, 0x21, 0x21, 0x00, 0x00, 0x21, 0x00, 0x00, 0x21,
    0x21, 0x00, 0x00, 0x00, 0x00, 0x00, 0x21, 0x21, 0x00, 0x21, 0x00, 0x00, 0x21, 0x00, 0x21, 0x00,
    0x21, 0x21, 0x21, 0x21, 0x00, 0x1B, 0x00, 0x00, 0x00, 0x1B, 0x00, 0x00, 0x00, 0x00, 0x00, 0x1B,
    0x1B, 0x1B, 0x00, 0x00, 0x00, 0x1B, 0x1B, 0x00, 0x00, 0x1B, 0x1B, 0x1B, 0x1B, 0x00, 0x1B, 0x1B,
    0x00, 0x1B, 0x1B, 0x00, 0x1B, 0x00, 0x1B, 0x00, 0x1B, 0x1B, 0x1B, 0x00, 0x00, 0x1B, 0x00, 0x00,
    0x1B, 0x00, 0x00, 0x00, 0x00, 0x00, 0x00, 0x1B, 0x1B, 0x00, 0x1B, 0x00, 0x00, 0x1B, 0x00, 0x00,
    0x1B, 0x1B, 0x1B, 0x1B, 0x1B, 0x00, 0x1B, 0x00, 0x00, 0x00, 0x1B, 0x00, 0x00, 0x1B, 0x00, 0x1B,
    0x1B, 0x1B, 0x00, 0x00, 0x1B, 0x1B, 0x00, 0x00, 0x1B, 0x00, 0x1B, 0x1B, 0x00, 0x00, 0x00, 0x1B,
    0x00, 0x1B, 0x00, 0x1B, 0x00, 0x1B, 0x00, 0x00, 0x00, 0x1B, 0x00, 0x1B, 0x1B, 0x00, 0x00, 0x00,
    0x00, 0x00, 0x00, 0x00, 0x00, 0x1B, 0x1B, 0x00, 0x00, 0x00, 0x1B, 0x00, 0x1B, 0x1B, 0x1B, 0x1B,
    0x1B, 0x1B, 0x1B, 0x00, 0x1B, 0x00, 0x1B, 0x1B, 0x00, 0x00, 0x00, 0x1B, 0x1B, 0x1B, 0x1B, 0x1B,
    0x1B, 0x00, 0x00, 0x00, 0x00, 0x1B, 0x00, 0x1B, 0x1B, 0x00, 0x1B, 0x1B, 0x1B, 0x1B, 0x1B, 0x00,
    0x1B, 0x1B, 0x1B, 0x00, 0x00, 0x00, 0x1B, 0x00, 0x00, 0x1B, 0x1B, 0x1B, 0x1B, 0x00, 0x00, 0x1B,
    0x1B, 0x00, 0x1B, 0x1B, 0x00, 0x00, 0x1B, 0x00, 0x1B, 0x1B, 0x1B, 0x00, 0x1B, 0x00, 0x1B, 0x00,
    0x00, 0x1B, 0x00, 0x1B, 0x00, 0x00, 0x00, 0x1B, 0x1B, 0x00, 0x00, 0x00, 0x00, 0x00, 0x1B, 0x00,
    0x00, 0x00, 0x00, 0x1B, 0x1B, 0x00, 0x1B, 0x00, 0x1B, 0x1B, 0x1B, 0x1B, 0x00, 0x00, 0x1B, 0x1B,
    0x1B, 0x00, 0x1B, 0x00, 0x00, 0x00, 0x00, 0x1B, 0x1B, 0x1B, 0x00, 0x1B, 0x00, 0x1B, 0x1B, 0x00,
    0x00, 0x00, 0x1B, 0x1B, 0x1B, 0x00, 0x1B, 0x1B, 0x00, 0x00, 0x00, 0x00, 0x1B, 0x00, 0x1B, 0x1B,
    0x00, 0x1B, 0x1B, 0x00, 0x00, 0x1B, 0x00, 0x1B, 0x1B, 0x1B, 0x00, 0x00, 0x00, 0x1B, 0x00, 0x00,
    0x1B, 0x00, 0x1B, 0x00, 0x00, 0x00, 0x1B, 0x1B, 0x00, 0x00, 0x00, 0x00, 0x00, 0x00, 0x1B, 0x00,
    0x00, 0x1B, 0x00, 0x00, 0x00, 0x1B, 0x00, 0x00, 0x1B, 0x1B, 0x1B, 0x1B, 0x00, 0x00, 0x1B, 0x00,
    0x00, 0x1B, 0x1B, 0x00, 0x00, 0x1B, 0x00, 0x1B, 0x1B, 0x1B, 0x00, 0x1B, 0x00, 0x00, 0x1B, 0x00,
    0x1B, 0x00, 0x1B, 0x00, 0x00, 0x00, 0x1B, 0x1B, 0x00, 0x00, 0x00, 0x1B, 0x00, 0x00, 0x00, 0x00,
    0x00, 0x00, 0x1B, 0x1B, 0x00, 0x1B, 0x00, 0x1B, 0x1B, 0x00, 0x00, 0x1B, 0x1B, 0x1B, 0x1B, 0x1B,
    0x00, 0x1B, 0x00, 0x00, 0x00, 0x00, 0x1B, 0x00, 0x1B, 0x00, 0x1B, 0x1B, 0x1B, 0x1B, 0x00, 0x00,
    0x00, 0x1B, 0x1B, 0x1B, 0x00, 0x00, 0x00, 0x00, 0x00, 0x1B, 0x1B, 0x1B, 0x00, 0x1B, 0x1B, 0x00,
    0x1B, 0x1B, 0x00, 0x1B, 0x1B, 0x1B, 0x1B, 0x00, 0x1B, 0x1B, 0x00, 0x00, 0x1B, 0x00, 0x00, 0x1B,
    0x00, 0x00, 0x1B, 0x1B, 0x1B, 0x00, 0x00, 0x1B, 0x00, 0x1B, 0x00, 0x00, 0x1B, 0x00, 0x00, 0x1B,
    0x00, 0x1B, 0x1B, 0x00, 0x1B, 0x00, 0x00, 0x00, 0x00, 0x1B, 0x00, 0x00, 0x1B, 0x00, 0x00, 0x00,
    0x1B, 0x00, 0x00, 0x00, 0x1B, 0x1B, 0x1B, 0x00, 0x00, 0x1B, 0x00, 0x00, 0x1B, 0x1B, 0x00, 0x00,
    0x1B, 0x1B, 0x00, 0x1B, 0x1B, 0x00, 0x1B, 0x00, 0x00, 0x1B, 0x00, 0x1B, 0x00, 0x1B, 0x00, 0x1B,
    0x00, 0x00, 0x1B, 0x00, 0x00, 0x00, 0x1B, 0x00, 0x00, 0x00, 0x00, 0x00, 0x00, 0x00, 0x00, 0x1B,
    0x00, 0x00, 0x00, 0x00, 0x00, 0x1B, 0x1B, 0x00, 0x1B, 0x1B, 0x00, 0x1B, 0x00, 0x00, 0x1B, 0x1B,
    0x00, 0x1B, 0x1B, 0x00, 0x1B, 0x00, 0x00, 0x1B, 0x00, 0x00, 0x00, 0x1B, 0x00, 0x1B, 0x00, 0x00,
    0x1B, 0x00, 0x00, 0x00, 0x1B, 0x00, 0x00, 0x1B, 0x1B, 0x00, 0x00, 0x00, 0x00, 0x1B, 0x00, 0x00,
    0x1B, 0x1B, 0x00, 0x00, 0x1B, 0x00, 0x1B, 0x00, 0x1B, 0x1B, 0x1B, 0x00, 0x00, 0x1B, 0x00, 0x1B,
    0x00, 0x1B, 0x00, 0x00, 0x00, 0x00, 0x00, 0x1B, 0x1B, 0x00, 0x1B, 0x00, 0x00, 0x00, 0x00, 0x00,
    0x00, 0x1B, 0x1B, 0x1B, 0x1B, 0x00, 0x1B, 0x00, 0x00, 0x00, 0x1B, 0x1B, 0x1B, 0x1B, 0x1B, 0x00,
    0x1B, 0x1B, 0x1B, 0x00, 0x00, 0x00, 0x1B, 0x1B, 0x00, 0x1B, 0x1B, 0x1B, 0x1B, 0x00, 0x00, 0x1B,
    0x1B, 0x00, 0x1B, 0x1B, 0x00, 0x1B, 0x00, 0x00, 0x1B, 0x1B, 0x1B, 0x00, 0x1B, 0x00, 0x1B, 0x00,
    0x00, 0x1B, 0x00, 0x00, 0x00, 0x1B, 0x00, 0x1B, 0x1B, 0x00, 0x00, 0x00, 0x00, 0x00, 0x1B, 0x00,
    0x00, 0x1B, 0x1B, 0x00, 0x00, 0x00, 0x1B, 0x00, 0x1B, 0x1B, 0x1B, 0x1B, 0x00, 0x00, 0x1B, 0x00,
    0x1B, 0x00, 0x1B, 0x1B, 0x00, 0x00, 0x00, 0x1B, 0x1B, 0x1B, 0x00, 0x1B, 0x00, 0x00, 0x00, 0x00,
    0x00, 0x1B, 0x00, 0x1B, 0x1B, 0x00, 0x1B, 0x1B, 0x00, 0x00, 0x00, 0x1B, 0x1B, 0x1B, 0x1B, 0x00,
    0x00, 0x00, 0x1B, 0x00, 0x00, 0x1B, 0x00, 0x1B, 0x1B, 0x00, 0x1B, 0x1B, 0x1B, 0x00, 0x1B, 0x00,
    0x00, 0x00, 0x1B, 0x00, 0x1B, 0x1B, 0x00, 0x1B, 0x1B, 0x00, 0x1B, 0x00, 0x00, 0x00, 0x1B, 0x1B,
    0x00, 0x00, 0x00, 0x1B, 0x00, 0x00, 0x1B, 0x00, 0x00, 0x00, 0x1B, 0x1B, 0x00, 0x1B, 0x00, 0x1B,
    0x1B, 0x00, 0x00, 0x1B, 0x00, 0x00, 0x1B, 0x1B, 0x00, 0x1B, 0x00, 0x00, 0x00, 0x00, 0x1B, 0x00,
    0x1B, 0x00, 0x00, 0x1B, 0x00, 0x1B, 0x00, 0x00, 0x00, 0x1B, 0x1B, 0x1B, 0x00, 0x00, 0x00, 0x00,
    0x1B, 0x00, 0x00, 0x00, 0x00, 0x1B, 0x1B, 0x00, 0x1B, 0x1B, 0x00, 0x1B, 0x1B, 0x1B, 0x00, 0x00,
    0x1B, 0x1B, 0x1B, 0x00, 0x1B, 0x00, 0x00, 0x1B, 0x00, 0x00, 0x1B, 0x1B, 0x00, 0x1B, 0x00, 0x1B,
    0x1B, 0x00, 0x00, 0x00, 0x1B, 0x00, 0x00, 0x1B, 0x00, 0x1B, 0x00, 0x00, 0x00, 0x00, 0x1B, 0x00,
    0x1B, 0x1B, 0x00, 0x00, 0x1B, 0x00, 0x00, 0x00, 0x00, 0x1B, 0x1B, 0x1B, 0x00, 0x00, 0x00, 0x1B,
    0x00, 0x1B, 0x00, 0x00, 0x1B, 0x1B, 0x1B, 0x00, 0x1B, 0x1B, 0x00, 0x1B, 0x1B, 0x00, 0x00, 0x00,
    0x00, 0x1B, 0x00, 0x1B, 0x1B, 0x00, 0x00, 0x1B, 0x00, 0x00, 0x1B, 0x00, 0x1B, 0x1B, 0x1B, 0x00,
    0x00, 0x00, 0x1B, 0x00, 0x1B, 0x00, 0x00, 0x1B, 0x00, 0x00, 0x00, 0x1B, 0x1B, 0x00, 0x1B, 0x1B,
    0x00, 0x00, 0x00, 0x00, 0x1B, 0x00, 0x00, 0x1B, 0x1B, 0x00, 0x1B, 0x00, 0x00, 0x1B, 0x00, 0x1B,
    0x1B, 0x1B, 0x00, 0x00, 0x00, 0x00, 0x1B, 0x00, 0x00, 0x00, 0x00, 0x00, 0x1B, 0x1B, 0x1B, 0x00,
    0x1B, 0x1B, 0x00, 0x1B, 0x00, 0x00, 0x1B, 0x1B, 0x1B, 0x1B, 0x00, 0x1B, 0x1B, 0x00, 0x00, 0x1B,
    0x00, 0x00, 0x00, 0x1B, 0x00, 0x1B, 0x1B, 0x1B, 0x00, 0x00, 0x1B, 0x00, 0x1B, 0x00, 0x00, 0x1B,
    0x1B, 0x00, 0x00, 0x00, 0x1B, 0x1B, 0x00, 0x1B, 0x00, 0x00, 0x00, 0x00, 0x1B, 0x00, 0x1B, 0x00,
    0x1B, 0x1B, 0x00, 0x1B, 0x00, 0x00, 0x00, 0x1B, 0x1B, 0x1B, 0x00, 0x00, 0x00, 0x00, 0x00, 0x1B,
    0x00, 0x00, 0x00, 0x1B, 0x1B, 0x00, 0x1B, 0x1B, 0x00, 0x1B, 0x1B, 0x1B, 0x1B, 0x00, 0x00, 0x1B,
    0x1B, 0x00, 0x1B, 0x00, 0x00, 0x1B, 0x00, 0x00, 0x1B, 0x1B, 0x1B, 0x00, 0x1B, 0x00, 0x1B, 0x00,
    0x00, 0x00, 0x1B, 0x00, 0x00, 0x1B, 0x00, 0x1B, 0x1B, 0x00, 0x00, 0x00, 0x00, 0x00, 0x1B, 0x1B,
    0x00, 0x00, 0x1B, 0x00, 0x00, 0x00, 0x1B, 0x00, 0x1B, 0x1B, 0x1B, 0x1B, 0x00, 0x1B, 0x00, 0x1B,
    0x00, 0x00, 0x1B, 0x1B, 0x00, 0x00, 0x00, 0x1B, 0x1B, 0x1B, 0x00, 0x00, 0x00, 0x00, 0x00, 0x1B,
    0x00, 0x1B, 0x00, 0x1B, 0x1B, 0x00, 0x1B, 0x1B, 0x00, 0x1B, 0x1B, 0x1B, 0x1B, 0x00, 0x00, 0x00,
    0x00, 0x00, 0x1B, 0x00, 0x00, 0x1B, 0x00, 0x00, 0x1B, 0x1B, 0x1B, 0x00, 0x1B, 0x1B, 0x1B, 0x1B,
    0x00, 0x00, 0x1B, 0x00, 0x00, 0x1B, 0x00, 0x1B, 0x1B, 0x00, 0x00, 0x1B, 0x1B, 0x00, 0x1B, 0x00,
    0x1B, 0x00, 0x00, 0x00, 0x00, 0x00, 0x00, 0x00, 0x00, 0x00, 0x1B, 0x00, 0x00, 0x00, 0x00, 0x00,
    0x1B, 0x1B, 0x1B, 0x1B, 0x1B, 0x1B, 0x1B, 0x1B, 0x00, 0x00, 0x1B, 0x1B, 0x1B, 0x1B, 0x00, 0x1B,
    0x1B, 0x1B, 0x1B, 0x1B, 0x1B, 0x1B, 0x00, 0x1B, 0x00, 0x1B, 0x1B, 0x1B, 0x00, 0x00, 0x1B, 0x1B,
    0x1B, 0x1B, 0x1B, 0x1B, 0x00, 0x00, 0x00, 0x00, 0x1B, 0x1B, 0x00, 0x1B, 0x00, 0x1B, 0x1B, 0x1B,
    0x1B, 0x1B, 0x00, 0x1B, 0x1B, 0x1B, 0x00, 0x1B, 0x00, 0x00, 0x00, 0x00, 0x1B, 0x1B, 0x1B, 0x1B,
    0x00, 0x00, 0x1B, 0x1B, 0x00, 0x00, 0x00, 0x1B, 0x1B, 0x1B, 0x00, 0x1B, 0x1B, 0x1B, 0x00, 0x1B,
    0x00, 0x1B, 0x00, 0x1B, 0x1B, 0x00, 0x1B, 0x1B, 0x00, 0x00, 0x1B, 0x1B, 0x00, 0x00, 0x00, 0x00,
    0x00, 0x00, 0x1B, 0x00, 0x00, 0x1B, 0x00, 0x1B, 0x00, 0x1B, 0x00, 0x1B, 0x1B, 0x1B, 0x1B, 0x1B,
    0x00, 0x00, 0x1B, 0x00, 0x00, 0x00, 0x00, 0x00, 0x00, 0x00, 0x1B, 0x1B, 0x1B, 0x1B, 0x00, 0x1B,
    0x00, 0x00, 0x1B, 0x1B, 0x1B, 0x1B, 0x1B, 0x1B, 0x00, 0x1B, 0x1B, 0x1B, 0x00, 0x00, 0x00, 0x1B,
    0x00, 0x1B, 0x1B, 0x1B, 0x1B, 0x1B, 0x00, 0x00, 0x1B, 0x1B, 0x00, 0x1B, 0x1B, 0x00, 0x00, 0x00,
    0x1B, 0x1B, 0x1B, 0x1B, 0x00, 0x1B, 0x00, 0x1B, 0x00, 0x00, 0x1B, 0x00, 0x1B, 0x1B, 0x00, 0x1B,
    0x1B, 0x1B, 0x00, 0x00, 0x00, 0x00, 0x00, 0x1B, 0x1B, 0x1B, 0x1B, 0x00, 0x1B, 0x00, 0x00, 0x00,
    0x00, 0x1B, 0x00, 0x00, 0x00, 0x1B, 0x1B, 0x1B, 0x1B, 0x00, 0x00, 0x00, 0x1B, 0x1B, 0x1B, 0x00,
    0x00, 0x1B, 0x1B, 0x00, 0x1B, 0x1B, 0x1B, 0x00, 0x1B, 0x1B, 0x00, 0x1B, 0x1B, 0x00, 0x1B, 0x00,
    0x1B, 0x00, 0x00, 0x1B, 0x1B, 0x00, 0x00, 0x1B, 0x00, 0x00, 0x1B, 0x00, 0x00, 0x00, 0x00, 0x00,
    0x1B, 0x00, 0x1B, 0x00, 0x1B, 0x00, 0x00, 0x1B, 0x00, 0x00, 0x1B, 0x1B, 0x1B, 0x1B, 0x00, 0x00,
    0x00, 0x00, 0x00, 0x00, 0x1B, 0x00, 0x00, 0x1B, 0x00, 0x1B, 0x1B, 0x1B, 0x00, 0x1B, 0x1B, 0x1B,
    0x1B, 0x1B, 0x00, 0x00, 0x1B, 0x00, 0x00, 0x00, 0x1B, 0x1B, 0x00, 0x00, 0x1B, 0x1B, 0x1B, 0x1B,
    0x00, 0x1B, 0x00, 0x00, 0x1B, 0x1B, 0x00, 0x1B, 0x00, 0x1B, 0x00, 0x1B, 0x1B, 0x1B, 0x00, 0x00,
    0x00, 0x1B, 0x00, 0x1B, 0x00, 0x00, 0x00, 0x00, 0x00, 0x00, 0x1B, 0x1B, 0x00, 0x1B, 0x1B, 0x00,
    0x00, 0x00, 0x00, 0x1B, 0x1B, 0x1B, 0x1B, 0x1B, 0x00, 0x1B, 0x00, 0x00, 0x1B, 0x00, 0x1B, 0x1B,
    0x1B, 0x00, 0x1B, 0x1B, 0x1B, 0x1B, 0x00, 0x00, 0x00, 0x1B, 0x00, 0x00, 0x00, 0x1B, 0x1B, 0x00,
    0x00, 0x1B, 0x1B, 0x1B, 0x00, 0x1B, 0x1B, 0x00, 0x00, 0x1B, 0x1B, 0x00, 0x1B, 0x00, 0x1B, 0x00,
    0x1B, 0x1B, 0x00, 0x00, 0x1B, 0x00, 0x1B, 0x00, 0x1B, 0x00, 0x00, 0x00, 0x00, 0x00, 0x00, 0x1B,
    0x1B, 0x00, 0x00, 0x00, 0x1B, 0x1B, 0x00, 0x00, 0x1B, 0x00, 0x00, 0x1B, 0x00, 0x00, 0x00, 0x00,
    0x1B, 0x1B, 0x00, 0x1B, 0x00, 0x1B, 0x00, 0x00, 0x1B, 0x00, 0x00, 0x1B, 0x1B, 0x1B, 0x00, 0x1B,
    0x00, 0x00, 0x00, 0x00, 0x00, 0x1B, 0x00, 0x00, 0x1B, 0x00, 0x1B, 0x1B, 0x00, 0x00, 0x00, 0x1B,
    0x1B, 0x1B, 0x1B, 0x00, 0x00, 0x1B, 0x00, 0x00, 0x00, 0x1B, 0x00, 0x1B, 0x1B, 0x00, 0x1B, 0x1B,
    0x1B, 0x00, 0x1B, 0x00, 0x00, 0x1B, 0x1B, 0x00, 0x00, 0x00, 0x1B, 0x00, 0x00, 0x1B, 0x1B, 0x00,
    0x00, 0x00, 0x1B, 0x00, 0x1B, 0x00, 0x1B, 0x1B, 0x00, 0x00, 0x1B, 0x00, 0x1B, 0x00, 0x1B, 0x1B,
    0x00, 0x00, 0x00, 0x00, 0x00, 0x1B, 0x00, 0x1B, 0x00, 0x00, 0x00, 0x00, 0x00, 0x1B, 0x00, 0x1B,
    0x1B, 0x1B, 0x1B, 0x00, 0x00, 0x00, 0x00, 0x1B, 0x1B, 0x1B, 0x1B, 0x00, 0x00, 0x00, 0x1B, 0x1B,
    0x1B, 0x00, 0x1B, 0x1B, 0x1B, 0x00, 0x1B, 0x1B, 0x1B, 0x00, 0x1B, 0x1B, 0x00, 0x1B, 0x1B, 0x00,
    0x00, 0x1B, 0x1B, 0x00, 0x00, 0x1B, 0x1B, 0x00, 0x00, 0x1B, 0x00, 0x00, 0x1B, 0x00, 0x1B, 0x00,
    0x1B, 0x00, 0x1B, 0x00, 0x1B, 0x00, 0x1B, 0x00, 0x00, 0x1B, 0x00, 0x00, 0x00, 0x00, 0x00, 0x00,
    0x00, 0x00, 0x00, 0x00, 0x00, 0x00, 0x1B, 0x00, 0x00, 0x1B, 0x1B, 0x1B, 0x1B, 0x1B, 0x1B, 0x1B,
    0x1B, 0x1B, 0x1B, 0x1B, 0x00, 0x00, 0x1B, 0x00, 0x1B, 0x00, 0x00, 0x00, 0x1B, 0x1B, 0x00, 0x1B,
    0x00, 0x00, 0x1B, 0x1B, 0x00, 0x1B, 0x1B, 0x00, 0x1B, 0x1B, 0x00, 0x1B, 0x00, 0x00, 0x00, 0x1B,
    0x00, 0x1B, 0x00, 0x00, 0x1B, 0x00, 0x00, 0x1B, 0x00, 0x00, 0x00, 0x1B, 0x1B, 0x00, 0x00, 0x00,
    0x00, 0x1B, 0x00, 0x00, 0x1B, 0x00, 0x00, 0x1B, 0x1B, 0x00, 0x1B, 0x00, 0x1B, 0x1B, 0x1B, 0x00,
    0x00, 0x1B, 0x00, 0x00, 0x1B, 0x00, 0x1B, 0x00, 0x00, 0x00, 0x00, 0x1B, 0x1B, 0x00, 0x1B, 0x00,
    0x00, 0x1B, 0x00, 0x00, 0x00, 0x00, 0x1B, 0x1B, 0x1B, 0x00, 0x1B, 0x00, 0x00, 0x00, 0x1B, 0x00,
    0x00, 0x1B, 0x1B, 0x1B, 0x00, 0x1B, 0x1B, 0x00, 0x00, 0x00, 0x1B, 0x1B, 0x00, 0x00, 0x1B, 0x00,
    0x1B, 0x1B, 0x00, 0x00, 0x1B, 0x00, 0x1B, 0x1B, 0x00, 0x1B, 0x00, 0x1B, 0x00, 0x00, 0x00, 0x1B,
    0x00, 0x1B, 0x00, 0x00, 0x00, 0x1B, 0x00, 0x00, 0x00, 0x00, 0x00, 0x1B, 0x1B, 0x00, 0x00, 0x00,
    0x00, 0x1B, 0x1B, 0x00, 0x00, 0x1B, 0x1B, 0x1B, 0x1B, 0x00, 0x1B, 0x00, 0x1B, 0x1B, 0x1B, 0x00,
    0x1B, 0x00, 0x1B, 0x00, 0x1B, 0x1B, 0x1B, 0x00, 0x00, 0x00, 0x00, 0x1B, 0x1B, 0x00, 0x00, 0x00,
    0x00, 0x00, 0x00, 0x1B, 0x1B, 0x00, 0x1B, 0x1B, 0x1B, 0x00, 0x1B, 0x00, 0x1B, 0x1B, 0x1B, 0x14,
    0x14, 0x00, 0x14, 0x00, 0x00, 0x14, 0x14, 0x00, 0x00, 0x00, 0x00, 0x14, 0x14, 0x14, 0x14, 0x00,
    0x00, 0x00, 0x00, 0x00, 0x14, 0x00, 0x00, 0x00, 0x00, 0x00, 0x14, 0x14, 0x14, 0x00, 0x00, 0x00,
    0x00, 0x14, 0x00, 0x00, 0x14, 0x14, 0x14, 0x14, 0x00, 0x14, 0x14, 0x00, 0x14, 0x14, 0x14, 0x00,
    0x00, 0x14, 0x00, 0x14, 0x14, 0x14, 0x00, 0x00, 0x14, 0x00, 0x00, 0x14, 0x14, 0x00, 0x14, 0x00,
    0x00, 0x00, 0x14, 0x14, 0x00, 0x14, 0x00, 0x00, 0x14, 0x00, 0x14, 0x00, 0x00, 0x00, 0x14, 0x14,
    0x00, 0x14, 0x00, 0x00, 0x00, 0x14, 0x00, 0x00, 0x00, 0x00, 0x14, 0x14, 0x00, 0x14, 0x00, 0x00,
    0x00, 0x14, 0x14, 0x00, 0x00, 0x14, 0x14, 0x14, 0x00, 0x14, 0x00, 0x00, 0x00, 0x14, 0x14, 0x00,
    0x14, 0x00, 0x14, 0x00, 0x14, 0x14, 0x00, 0x00, 0x00, 0x14, 0x14, 0x00, 0x14, 0x00, 0x00, 0x00,
    0x00, 0x00, 0x00, 0x14, 0x00, 0x14, 0x14, 0x00, 0x14, 0x00, 0x00, 0x00, 0x14, 0x14, 0x14, 0x14,
    0x14, 0x00, 0x00, 0x00, 0x14, 0x00, 0x00, 0x00, 0x14, 0x14, 0x00, 0x14, 0x14, 0x14, 0x14, 0x00,
    0x14, 0x14, 0x00, 0x00, 0x14, 0x14, 0x00, 0x14, 0x00, 0x00, 0x14, 0x14, 0x14, 0x00, 0x00, 0x14,
    0x00, 0x14, 0x00, 0x14, 0x00, 0x00, 0x00, 0x14, 0x00, 0x14, 0x14, 0x00, 0x14, 0x00, 0x00, 0x00,
    0x00, 0x00, 0x00, 0x14, 0x14, 0x00, 0x00, 0x00, 0x14, 0x00, 0x00, 0x00, 0x14, 0x14, 0x14, 0x14,
    0x14, 0x00, 0x14, 0x00, 0x14, 0x14, 0x00, 0x00, 0x14, 0x14, 0x00, 0x14, 0x00, 0x14, 0x14, 0x00,
    0x14, 0x00, 0x00, 0x14, 0x14, 0x00, 0x14, 0x00, 0x14, 0x00, 0x00, 0x00, 0x14, 0x00, 0x00, 0x00,
    0x14, 0x00, 0x14, 0x00, 0x00, 0x00, 0x00, 0x00, 0x14, 0x14, 0x00, 0x00, 0x14, 0x14, 0x00, 0x00,
    0x00, 0x00, 0x14, 0x14, 0x14, 0x14, 0x00, 0x14, 0x00, 0x14, 0x00, 0x14, 0x00, 0x14, 0x14, 0x14,
    0x00, 0x14, 0x14, 0x14, 0x00, 0x00, 0x00, 0x00, 0x00, 0x00, 0x00, 0x00, 0x14, 0x14, 0x00, 0x00,
    0x14, 0x14, 0x00, 0x14, 0x14, 0x14, 0x14, 0x14, 0x14, 0x14, 0x00, 0x14, 0x00, 0x14, 0x00, 0x14,
    0x00, 0x00, 0x14, 0x14, 0x14, 0x14, 0x14, 0x14, 0x00, 0x00, 0x00, 0x00, 0x00, 0x00, 0x00, 0x14,
    0x00, 0x14, 0x14, 0x14, 0x14, 0x14, 0x00, 0x14, 0x14, 0x14, 0x14, 0x14, 0x14, 0x00, 0x00, 0x00,
    0x14, 0x14, 0x14, 0x14, 0x00, 0x00, 0x14, 0x14, 0x14, 0x14, 0x14, 0x00, 0x14, 0x14, 0x00, 0x14,
    0x14, 0x14, 0x00, 0x14, 0x00, 0x14, 0x14, 0x14, 0x14, 0x00, 0x00, 0x14, 0x00, 0x00, 0x14, 0x14,
    0x00, 0x00, 0x00, 0x00, 0x14, 0x14, 0x14, 0x00, 0x14, 0x00, 0x00, 0x14, 0x00, 0x14, 0x00, 0x14,
    0x14, 0x14, 0x00, 0x14, 0x14, 0x00, 0x00, 0x00, 0x14, 0x00, 0x00, 0x00, 0x00, 0x00, 0x14, 0x14,
    0x00, 0x00, 0x14, 0x00, 0x14, 0x14, 0x00, 0x00, 0x14, 0x14, 0x14, 0x14, 0x00, 0x14, 0x00, 0x14,
    0x00, 0x00, 0x00, 0x14, 0x00, 0x14, 0x00, 0x14, 0x14, 0x14, 0x00, 0x00, 0x00, 0x00, 0x14, 0x00,
    0x00, 0x14, 0x14, 0x00, 0x00, 0x00, 0x14, 0x14, 0x00, 0x14, 0x14, 0x14, 0x00, 0x00, 0x14, 0x00,
    0x14, 0x00, 0x14, 0x14, 0x00, 0x14, 0x00, 0x00, 0x14, 0x14, 0x00, 0x14, 0x00, 0x00, 0x00, 0x00,
    0x00, 0x14, 0x00, 0x00, 0x00, 0x14, 0x00, 0x14, 0x00, 0x00, 0x00, 0x14, 0x14, 0x14, 0x14, 0x00,
    0x00, 0x14, 0x14, 0x00, 0x00, 0x00, 0x00, 0x14, 0x14, 0x00, 0x14, 0x14, 0x14, 0x00, 0x14, 0x00,
    0x14, 0x00, 0x14, 0x14, 0x14, 0x00, 0x14, 0x00, 0x00, 0x14, 0x14, 0x00, 0x00, 0x00, 0x00, 0x00,
    0x00, 0x14, 0x14, 0x00, 0x00, 0x00, 0x14, 0x00, 0x14, 0x00, 0x14, 0x14, 0x14, 0x14, 0x14, 0x00,
    0x14, 0x00, 0x14, 0x14, 0x00, 0x00, 0x00, 0x00, 0x00, 0x14, 0x14, 0x14, 0x14, 0x00, 0x00, 0x00,
    0x00, 0x14, 0x00, 0x14, 0x14, 0x14, 0x14, 0x00, 0x14, 0x14, 0x14, 0x00, 0x14, 0x14, 0x14, 0x00,
    0x00, 0x00, 0x14, 0x14, 0x14, 0x00, 0x00, 0x14, 0x14, 0x00, 0x00, 0x14, 0x14, 0x00, 0x14, 0x14,
    0x00, 0x14, 0x14, 0x00, 0x14, 0x00, 0x14, 0x00, 0x14, 0x00, 0x14, 0x00, 0x00, 0x14, 0x00, 0x00,
    0x14, 0x00, 0x00, 0x00, 0x00, 0x00, 0x00, 0x00, 0x00, 0x00, 0x14, 0x00, 0x00, 0x14, 0x00, 0x00,
    0x14, 0x14, 0x14, 0x14, 0x14, 0x14, 0x14, 0x14, 0x00, 0x00, 0x14, 0x00, 0x00, 0x14, 0x14, 0x14,
    0x00, 0x00, 0x14, 0x14, 0x00, 0x00, 0x00, 0x00, 0x14, 0x00, 0x00, 0x14, 0x00, 0x14, 0x00, 0x14,
    0x00, 0x14, 0x00, 0x14, 0x14, 0x14, 0x00, 0x00, 0x14, 0x00, 0x00, 0x00, 0x00, 0x00, 0x00, 0x00,
    0x00, 0x00, 0x14, 0x14, 0x00, 0x14, 0x00, 0x00, 0x14, 0x14, 0x14, 0x14, 0x14, 0x14, 0x14, 0x14,
    0x00, 0x14, 0x00, 0x00, 0x00, 0x14, 0x00, 0x14, 0x14, 0x14, 0x14, 0x14, 0x14, 0x14, 0x00, 0x00,
    0x00, 0x14, 0x14, 0x00, 0x00, 0x00, 0x14, 0x14, 0x14, 0x14, 0x14, 0x14, 0x00, 0x14, 0x14, 0x00,
    0x14, 0x00, 0x14, 0x14, 0x00, 0x14, 0x14, 0x14, 0x14, 0x14, 0x00, 0x00, 0x14, 0x00, 0x00, 0x00,
    0x00, 0x14, 0x00, 0x00, 0x14, 0x14, 0x14, 0x14, 0x00, 0x14, 0x00, 0x00, 0x14, 0x14, 0x14, 0x00,
    0x00, 0x14, 0x00, 0x14, 0x14, 0x14, 0x00, 0x00, 0x00, 0x14, 0x00, 0x14, 0x14, 0x00, 0x14, 0x00,
    0x00, 0x00, 0x14, 0x14, 0x00, 0x14, 0x14, 0x00, 0x00, 0x00, 0x14, 0x00, 0x00, 0x00, 0x14, 0x14,
    0x00, 0x14, 0x00, 0x00, 0x14, 0x00, 0x14, 0x14, 0x00, 0x00, 0x14, 0x14, 0x00, 0x14, 0x00, 0x00,
    0x00, 0x14, 0x00, 0x00, 0x00, 0x14, 0x00, 0x14, 0x00, 0x14, 0x00, 0x00, 0x00, 0x14, 0x14, 0x00,
    0x00, 0x14, 0x14, 0x00, 0x00, 0x00, 0x00, 0x00, 0x00, 0x14, 0x14, 0x00, 0x14, 0x00, 0x14, 0x00,
    0x14, 0x00, 0x14, 0x14, 0x14, 0x14, 0x14, 0x14, 0x00, 0x14, 0x00, 0x00, 0x00, 0x00, 0x00, 0x00,
    0x00, 0x00, 0x00, 0x00, 0x00, 0x00, 0x00, 0x00, 0x00, 0x14, 0x14, 0x14, 0x14, 0x14, 0x14, 0x14,
    0x14, 0x14, 0x14, 0x14, 0x14, 0x14, 0x14, 0x00, 0x14, 0x14, 0x14, 0x14, 0x14, 0x14, 0x14, 0x14,
    0x14, 0x14, 0x14, 0x14, 0x14, 0x00, 0x00, 0x14, 0x14, 0x14, 0x14, 0x14, 0x14, 0x14, 0x14, 0x14,
    0x14, 0x14, 0x14, 0x00, 0x14, 0x00, 0x14, 0x14, 0x14, 0x14, 0x14, 0x14, 0x14, 0x14, 0x14, 0x14,
    0x14, 0x00, 0x00, 0x00, 0x00, 0x14, 0x14, 0x14, 0x14, 0x14, 0x14, 0x14, 0x14, 0x14, 0x14, 0x00,
    0x14, 0x14, 0x14, 0x00, 0x14, 0x14, 0x14, 0x14, 0x14, 0x14, 0x14, 0x14, 0x14, 0x00, 0x00, 0x14,
    0x14, 0x00, 0x00, 0x14, 0x14, 0x14, 0x14, 0x14, 0x14, 0x14, 0x14, 0x00, 0x14, 0x00, 0x14, 0x00,
    0x14, 0x00, 0x14, 0x14, 0x14, 0x14, 0x14, 0x14, 0x14, 0x00, 0x00, 0x00, 0x00, 0x00, 0x00, 0x00,
    0x00, 0x14, 0x14, 0x14, 0x14, 0x14, 0x14, 0x00, 0x14, 0x14, 0x14, 0x14, 0x14, 0x14, 0x14, 0x00,
    0x14, 0x14, 0x14, 0x14, 0x14, 0x00, 0x00, 0x14, 0x14, 0x14, 0x14, 0x14, 0x14, 0x00, 0x00, 0x14,
    0x14, 0x14, 0x14, 0x00, 0x14, 0x00, 0x14, 0x14, 0x14, 0x14, 0x14, 0x00, 0x14, 0x00, 0x14, 0x14,
    0x14, 0x00, 0x00, 0x00, 0x00, 0x14, 0x14, 0x14, 0x14, 0x00, 0x00, 0x00, 0x00, 0x14, 0x14, 0x00,
    0x00, 0x14, 0x00, 0x00, 0x14, 0x14, 0x00, 0x00, 0x14, 0x00, 0x14, 0x14, 0x14, 0x14, 0x00, 0x00,
    0x00, 0x14, 0x00, 0x14, 0x00, 0x14, 0x00, 0x00, 0x00, 0x14, 0x14, 0x14, 0x00, 0x14, 0x14, 0x00,
    0x00, 0x00, 0x00, 0x00, 0x00, 0x14, 0x14, 0x00, 0x14, 0x14, 0x00, 0x00, 0x14, 0x00, 0x14, 0x14,
    0x14, 0x14, 0x14, 0x00, 0x14, 0x00, 0x00, 0x14, 0x00, 0x14, 0x00, 0x00, 0x00, 0x14, 0x14, 0x14,
    0x14, 0x00, 0x00, 0x00, 0x14, 0x00, 0x00, 0x00, 0x00, 0x14, 0x14, 0x00, 0x14, 0x14, 0x14, 0x00,
    0x14, 0x14, 0x00, 0x00, 0x14, 0x14, 0x14, 0x00, 0x14, 0x00, 0x00, 0x14, 0x14, 0x00, 0x00, 0x14,
    0x00, 0x14, 0x00, 0x14, 0x14, 0x00, 0x00, 0x00, 0x14, 0x00, 0x14, 0x00, 0x14, 0x00, 0x00, 0x00,
    0x00, 0x00, 0x14, 0x00, 0x14, 0x14, 0x00, 0x00, 0x00, 0x00, 0x00, 0x00, 0x14, 0x14, 0x14, 0x14,
    0x00, 0x00, 0x00, 0x14, 0x00, 0x14, 0x14, 0x14, 0x14, 0x14, 0x00, 0x14, 0x14, 0x14, 0x00, 0x14,
    0x14, 0x00, 0x00, 0x00, 0x14, 0x14, 0x14, 0x14, 0x00, 0x00, 0x14, 0x14, 0x00, 0x00, 0x14, 0x00,
    0x14, 0x14, 0x00, 0x14, 0x14, 0x14, 0x00, 0x14, 0x00, 0x14, 0x00, 0x14, 0x00, 0x00, 0x00, 0x14,
    0x00, 0x00, 0x14, 0x14, 0x00, 0x00, 0x00, 0x00, 0x00, 0x00, 0x00, 0x14, 0x14, 0x00, 0x00, 0x14,
    0x00, 0x14, 0x00, 0x14, 0x14, 0x14, 0x14, 0x14, 0x14, 0x14, 0x00, 0x14, 0x14, 0x00, 0x14, 0x14,
    0x14, 0x00, 0x14, 0x00, 0x00, 0x14, 0x00, 0x14, 0x00, 0x00, 0x14, 0x00, 0x00, 0x14, 0x14, 0x00,
    0x00, 0x00, 0x14, 0x00, 0x00, 0x00, 0x00, 0x14, 0x00, 0x00, 0x14, 0x00, 0x14, 0x00, 0x14, 0x14,
    0x00, 0x00, 0x14, 0x14, 0x14, 0x00, 0x00, 0x14, 0x00, 0x00, 0x00, 0x00, 0x00, 0x14, 0x00, 0x14,
    0x00, 0x14, 0x14, 0x00, 0x14, 0x00, 0x00, 0x14, 0x14, 0x14, 0x14, 0x00, 0x00, 0x00, 0x00, 0x00,
    0x14, 0x00, 0x00, 0x00, 0x14, 0x00, 0x14, 0x14, 0x14, 0x00, 0x14, 0x14, 0x14, 0x14, 0x00, 0x00,
    0x14, 0x14, 0x00, 0x00, 0x00, 0x14, 0x14, 0x00, 0x00, 0x14, 0x14, 0x14, 0x00, 0x14, 0x00, 0x14,
    0x00, 0x14, 0x14, 0x00, 0x14, 0x00, 0x14, 0x00, 0x14, 0x14, 0x00, 0x00, 0x00, 0x00, 0x00, 0x00,
    0x14, 0x00, 0x00, 0x00, 0x00, 0x00, 0x00, 0x14, 0x00, 0x14, 0x14, 0x14, 0x14, 0x14, 0x00, 0x00,
    0x14, 0x14, 0x14, 0x14, 0x14, 0x00, 0x00, 0x00, 0x14, 0x14, 0x14, 0x14, 0x00, 0x14, 0x00, 0x14,
    0x14, 0x14, 0x14, 0x00, 0x14, 0x14, 0x00, 0x14, 0x14, 0x14, 0x00, 0x00, 0x00, 0x00, 0x14, 0x14,
    0x14, 0x00, 0x00, 0x14, 0x00, 0x00, 0x14, 0x14, 0x00, 0x14, 0x14, 0x14, 0x00, 0x14, 0x14, 0x00,
    0x14, 0x00, 0x00, 0x14, 0x00, 0x14, 0x00, 0x00, 0x14, 0x14, 0x00, 0x00, 0x14, 0x00, 0x00, 0x00,
    0x14, 0x00, 0x14, 0x14, 0x00, 0x14, 0x14, 0x00, 0x14, 0x00, 0x00, 0x00, 0x00, 0x00, 0x00, 0x00,
    0x00, 0x14, 0x00, 0x00, 0x14, 0x00, 0x00, 0x00, 0x14, 0x14, 0x14, 0x14, 0x14, 0x14, 0x14, 0x00,
    0x00, 0x14, 0x00, 0x00, 0x14, 0x14, 0x00, 0x14, 0x14, 0x14, 0x14, 0x14, 0x14, 0x00, 0x14, 0x00,
    0x00, 0x14, 0x00, 0x14, 0x00, 0x00, 0x14, 0x14, 0x14, 0x14, 0x14, 0x00, 0x00, 0x00, 0x14, 0x00,
    0x00, 0x00, 0x00, 0x14, 0x00, 0x14, 0x14, 0x14, 0x14, 0x00, 0x14, 0x14, 0x00, 0x00, 0x14, 0x14,
    0x14, 0x00, 0x00, 0x00, 0x14, 0x14, 0x14, 0x00, 0x00, 0x14, 0x00, 0x14, 0x00, 0x14, 0x14, 0x00,
    0x14, 0x14, 0x00, 0x14, 0x14, 0x00, 0x14, 0x00, 0x00, 0x00, 0x00, 0x00, 0x14, 0x00, 0x00, 0x14,
    0x00, 0x00, 0x14, 0x00, 0x00, 0x00, 0x14, 0x14, 0x14, 0x14, 0x00, 0x00, 0x14, 0x00, 0x00, 0x14,
    0x00, 0x00, 0x14, 0x14, 0x00, 0x14, 0x14, 0x14, 0x00, 0x14, 0x00, 0x00, 0x14, 0x00, 0x00, 0x14,
    0x00, 0x14, 0x00, 0x00, 0x14, 0x14, 0x00, 0x00, 0x00, 0x14, 0x00, 0x00, 0x14, 0x00, 0x00, 0x00,
    0x00, 0x14, 0x00, 0x14, 0x00, 0x14, 0x14, 0x00, 0x00, 0x14, 0x00, 0x00, 0x14, 0x14, 0x14, 0x00,
    0x00, 0x00, 0x00, 0x00, 0x14, 0x00, 0x14, 0x00, 0x00, 0x14, 0x00, 0x14, 0x14, 0x00, 0x14, 0x14,
    0x14, 0x14, 0x00, 0x00, 0x00, 0x00, 0x14, 0x00, 0x00, 0x00, 0x14, 0x00, 0x14, 0x00, 0x00, 0x14,
    0x00, 0x00, 0x14, 0x00, 0x00, 0x14, 0x14, 0x14, 0x00, 0x14, 0x00, 0x00, 0x14, 0x00, 0x00, 0x14,
    0x00, 0x00, 0x14, 0x00, 0x14, 0x14, 0x00, 0x00, 0x00, 0x14, 0x00, 0x00, 0x14, 0x00, 0x00, 0x14,
    0x00, 0x00, 0x00, 0x14, 0x00, 0x14, 0x14, 0x00, 0x00, 0x14, 0x00, 0x00, 0x14, 0x00, 0x00, 0x14,
    0x14, 0x00, 0x00, 0x00, 0x14, 0x00, 0x14, 0x00, 0x00, 0x14, 0x00, 0x00, 0x14, 0x00, 0x14, 0x00,
    0x14, 0x14, 0x00, 0x00, 0x00, 0x00, 0x14, 0x00, 0x00, 0x14, 0x00, 0x00, 0x00, 0x00, 0x00, 0x14,
    0x00, 0x14, 0x14, 0x14, 0x00, 0x00, 0x14, 0x00, 0x00, 0x14, 0x14, 0x14, 0x14, 0x00, 0x00, 0x00,
    0x14, 0x14, 0x00, 0x14, 0x00, 0x00, 0x14, 0x00, 0x14, 0x14, 0x14, 0x00, 0x14, 0x14, 0x00, 0x14,
    0x00, 0x00, 0x00, 0x14, 0x00, 0x00, 0x00, 0x14, 0x14, 0x00, 0x00, 0x14, 0x00, 0x00, 0x00, 0x14,
    0x14, 0x00, 0x00, 0x14, 0x14, 0x00, 0x14, 0x00, 0x14, 0x00, 0x00, 0x14, 0x14, 0x00, 0x14, 0x00,
    0x14, 0x00, 0x14, 0x00, 0x00, 0x00, 0x00, 0x00, 0x14, 0x00, 0x14, 0x00, 0x00, 0x00, 0x00, 0x00,
    0x00, 0x00, 0x14, 0x14, 0x14, 0x14, 0x00, 0x00, 0x00, 0x00, 0x14, 0x14, 0x14, 0x14, 0x14, 0x14,
    0x00, 0x14, 0x14, 0x14, 0x00, 0x14, 0x14, 0x14, 0x00, 0x14, 0x14, 0x14, 0x14, 0x14, 0x00, 0x00,
    0x14, 0x14, 0x00, 0x00, 0x14, 0x00, 0x00, 0x14, 0x00, 0x00, 0x00, 0x00, 0x14, 0x14, 0x14, 0x00,
    0x00, 0x00, 0x00, 0x00, 0x14, 0x00, 0x00, 0x14, 0x14, 0x14, 0x00, 0x14, 0x14, 0x00, 0x14, 0x14,
    0x14, 0x14, 0x00, 0x00, 0x14, 0x00, 0x14, 0x14, 0x00, 0x00, 0x0D, 0x00, 0x00, 0x0D, 0x0D, 0x0D,
    0x00, 0x0D, 0x00, 0x00, 0x00, 0x0D, 0x00, 0x0D, 0x00, 0x00, 0x0D, 0x00, 0x0D, 0x0D, 0x00, 0x00,
    0x00, 0x0D, 0x0D, 0x00, 0x00, 0x00, 0x00, 0x0D, 0x00, 0x00, 0x00, 0x0D, 0x00, 0x0D, 0x0D, 0x00,
    0x0D, 0x00, 0x0D, 0x0D, 0x0D, 0x00, 0x00, 0x0D, 0x0D, 0x00, 0x00, 0x00, 0x0D, 0x00, 0x00, 0x00,
    0x00, 0x0D, 0x0D, 0x00, 0x0D, 0x00, 0x0D, 0x00, 0x0D, 0x0D, 0x00, 0x00, 0x0D, 0x0D, 0x0D, 0x00,
    0x0D, 0x00, 0x00, 0x00, 0x00, 0x00, 0x00, 0x0D, 0x00, 0x0D, 0x00, 0x0D, 0x0D, 0x00, 0x00, 0x00,
    0x0D, 0x0D, 0x0D, 0x0D, 0x0D, 0x00, 0x00, 0x00, 0x00, 0x00, 0x0D, 0x00, 0x0D, 0x0D, 0x00, 0x0D,
    0x0D, 0x0D, 0x0D, 0x00, 0x0D, 0x0D, 0x0D, 0x0D, 0x00, 0x00, 0x00, 0x0D, 0x00, 0x00, 0x0D, 0x0D,
    0x0D, 0x00, 0x00, 0x0D, 0x0D, 0x0D, 0x00, 0x0D, 0x0D, 0x00, 0x00, 0x0D, 0x00, 0x0D, 0x0D, 0x00,
    0x0D, 0x00, 0x0D, 0x0D, 0x00, 0x00, 0x0D, 0x00, 0x0D, 0x00, 0x00, 0x00, 0x0D, 0x00, 0x00, 0x00,
    0x00, 0x0D, 0x00, 0x0D, 0x00, 0x00, 0x00, 0x00, 0x0D, 0x0D, 0x00, 0x00, 0x0D, 0x0D, 0x00, 0x0D,
    0x00, 0x00, 0x00, 0x0D, 0x00, 0x0D, 0x00, 0x0D, 0x00, 0x0D, 0x0D, 0x00, 0x00, 0x00, 0x00, 0x0D,
    0x0D, 0x00, 0x00, 0x00, 0x00, 0x00, 0x00, 0x00, 0x0D, 0x00, 0x0D, 0x0D, 0x0D, 0x00, 0x0D, 0x00,
    0x0D, 0x0D, 0x0D, 0x0D, 0x0D, 0x0D, 0x00, 0x00, 0x00, 0x0D, 0x0D, 0x00, 0x00, 0x00, 0x00, 0x0D,
    0x0D, 0x0D, 0x0D, 0x0D, 0x00, 0x0D, 0x0D, 0x00, 0x0D, 0x00, 0x0D, 0x0D, 0x0D, 0x00, 0x0D, 0x0D,
    0x0D, 0x0D, 0x00, 0x00, 0x0D, 0x00, 0x00, 0x00, 0x00, 0x0D, 0x0D, 0x00, 0x00, 0x0D, 0x0D, 0x0D,
    0x00, 0x0D, 0x00, 0x00, 0x0D, 0x0D, 0x0D, 0x00, 0x0D, 0x00, 0x0D, 0x00, 0x0D, 0x0D, 0x00, 0x00,
    0x00, 0x0D, 0x00, 0x0D, 0x0D, 0x00, 0x00, 0x00, 0x00, 0x00, 0x00, 0x0D, 0x00, 0x0D, 0x0D, 0x00,
    0x00, 0x00, 0x0D, 0x00, 0x0D, 0x0D, 0x0D, 0x0D, 0x0D, 0x00, 0x00, 0x00, 0x0D, 0x00, 0x0D, 0x0D,
    0x00, 0x00, 0x00, 0x0D, 0x0D, 0x0D, 0x0D, 0x00, 0x0D, 0x0D, 0x00, 0x00, 0x00, 0x0D, 0x00, 0x0D,
    0x0D, 0x00, 0x0D, 0x0D, 0x0D, 0x00, 0x00, 0x0D, 0x00, 0x0D, 0x0D, 0x00, 0x00, 0x00, 0x0D, 0x00,
    0x00, 0x0D, 0x0D, 0x00, 0x0D, 0x00, 0x00, 0x00, 0x0D, 0x00, 0x0D, 0x0D, 0x00, 0x00, 0x0D, 0x00,
    0x0D, 0x00, 0x00, 0x00, 0x0D, 0x0D, 0x00, 0x00, 0x00, 0x0D, 0x00, 0x0D, 0x00, 0x00, 0x00, 0x00,
    0x0D, 0x0D, 0x00, 0x0D, 0x00, 0x0D, 0x0D, 0x0D, 0x0D, 0x00, 0x00, 0x0D, 0x00, 0x00, 0x00, 0x00,
    0x00, 0x00, 0x0D, 0x0D, 0x0D, 0x0D, 0x0D, 0x00, 0x0D, 0x00, 0x00, 0x0D, 0x0D, 0x0D, 0x0D, 0x0D,
    0x00, 0x0D, 0x0D, 0x0D, 0x0D, 0x00, 0x00, 0x00, 0x0D, 0x00, 0x0D, 0x0D, 0x0D, 0x0D, 0x00, 0x00,
    0x0D, 0x0D, 0x0D, 0x00, 0x0D, 0x0D, 0x00, 0x00, 0x00, 0x0D, 0x0D, 0x0D, 0x00, 0x0D, 0x00, 0x0D,
    0x0D, 0x00, 0x00, 0x0D, 0x00, 0x0D, 0x0D, 0x00, 0x0D, 0x0D, 0x00, 0x00, 0x00, 0x00, 0x0D, 0x00,
    0x0D, 0x00, 0x00, 0x00, 0x0D, 0x00, 0x00, 0x0D, 0x00, 0x0D, 0x0D, 0x0D, 0x00, 0x00, 0x00, 0x00,
    0x0D, 0x0D, 0x00, 0x00, 0x0D, 0x00, 0x00, 0x00, 0x0D, 0x0D, 0x00, 0x0D, 0x0D, 0x0D, 0x00, 0x0D,
    0x00, 0x0D, 0x00, 0x00, 0x0D, 0x0D, 0x00, 0x0D, 0x00, 0x00, 0x0D, 0x0D, 0x00, 0x00, 0x00, 0x00,
    0x00, 0x0D, 0x00, 0x0D, 0x00, 0x00, 0x00, 0x0D, 0x00, 0x0D, 0x00, 0x0D, 0x0D, 0x0D, 0x0D, 0x00,
    0x00, 0x00, 0x00, 0x0D, 0x0D, 0x00, 0x00, 0x00, 0x00, 0x00, 0x0D, 0x0D, 0x0D, 0x00, 0x0D, 0x0D,
    0x0D, 0x00, 0x0D, 0x00, 0x0D, 0x0D, 0x0D, 0x0D, 0x00, 0x0D, 0x0D, 0x00, 0x00, 0x0D, 0x0D, 0x00,
    0x00, 0x00, 0x00, 0x0D, 0x0D, 0x0D, 0x00, 0x00, 0x0D, 0x00, 0x0D, 0x00, 0x0D, 0x00, 0x0D, 0x0D,
    0x0D, 0x00, 0x0D, 0x0D, 0x00, 0x0D, 0x00, 0x00, 0x00, 0x00, 0x00, 0x00, 0x00, 0x0D, 0x0D, 0x00,
    0x00, 0x0D, 0x0D, 0x00, 0x0D, 0x00, 0x0D, 0x00, 0x00, 0x00, 0x0D, 0x0D, 0x00, 0x00, 0x00, 0x00,
    0x0D, 0x00, 0x00, 0x00, 0x00, 0x00, 0x0D, 0x0D, 0x00, 0x0D, 0x00, 0x0D, 0x0D, 0x0D, 0x00, 0x00,
    0x0D, 0x0D, 0x0D, 0x0D, 0x00, 0x0D, 0x00, 0x00, 0x00, 0x00, 0x0D, 0x0D, 0x00, 0x0D, 0x00, 0x0D,
    0x0D, 0x0D, 0x00, 0x00, 0x00, 0x0D, 0x0D, 0x0D, 0x00, 0x0D, 0x00, 0x00, 0x00, 0x00, 0x0D, 0x0D,
    0x00, 0x0D, 0x0D, 0x00, 0x0D, 0x0D, 0x00, 0x00, 0x00, 0x0D, 0x0D, 0x0D, 0x00, 0x0D, 0x00, 0x00,
    0x0D, 0x00, 0x00, 0x0D, 0x00, 0x0D, 0x0D, 0x00, 0x0D, 0x0D, 0x00, 0x00, 0x00, 0x0D, 0x00, 0x00,
    0x0D, 0x00, 0x00, 0x00, 0x0D, 0x00, 0x00, 0x0D, 0x00, 0x0D, 0x0D, 0x00, 0x00, 0x0D, 0x00, 0x00,
    0x0D, 0x0D, 0x00, 0x00, 0x0D, 0x00, 0x00, 0x00, 0x0D, 0x00, 0x0D, 0x00, 0x00, 0x0D, 0x00, 0x0D,
    0x00, 0x0D, 0x00, 0x00, 0x0D, 0x0D, 0x00, 0x00, 0x00, 0x00, 0x0D, 0x00, 0x00, 0x00, 0x00, 0x00,
    0x00, 0x0D, 0x00, 0x0D, 0x00, 0x0D, 0x0D, 0x0D, 0x00, 0x00, 0x0D, 0x0D, 0x0D, 0x0D, 0x0D, 0x00,
    0x00, 0x00, 0x00, 0x00, 0x0D, 0x0D, 0x00, 0x0D, 0x00, 0x0D, 0x0D, 0x0D, 0x0D, 0x00, 0x0D, 0x0D,
    0x0D, 0x0D, 0x00, 0x0D, 0x00, 0x00, 0x00, 0x00, 0x0D, 0x0D, 0x0D, 0x00, 0x00, 0x0D, 0x0D, 0x0D,
    0x00, 0x00, 0x00, 0x0D, 0x0D, 0x0D, 0x00, 0x0D, 0x0D, 0x0D, 0x0D, 0x00, 0x00, 0x0D, 0x0D, 0x00,
    0x00, 0x00, 0x00, 0x00, 0x00, 0x00, 0x00, 0x0D, 0x0D, 0x00, 0x0D, 0x00, 0x0D, 0x00, 0x0D, 0x0D,
    0x0D, 0x0D, 0x0D, 0x0D, 0x0D, 0x00, 0x0D, 0x00, 0x00, 0x00, 0x00, 0x00, 0x00, 0x0D, 0x0D, 0x0D,
    0x0D, 0x0D, 0x0D, 0x00, 0x00, 0x00, 0x0D, 0x0D, 0x0D, 0x0D, 0x0D, 0x00, 0x0D, 0x0D, 0x0D, 0x0D,
    0x0D, 0x00, 0x0D, 0x0D, 0x00, 0x0D, 0x0D, 0x0D, 0x0D, 0x00, 0x00, 0x0D, 0x0D, 0x0D, 0x0D, 0x00,
    0x00, 0x0D, 0x00, 0x00, 0x0D, 0x0D, 0x0D, 0x00, 0x0D, 0x00, 0x0D, 0x0D, 0x0D, 0x00, 0x0D, 0x00,
    0x00, 0x0D, 0x00, 0x0D, 0x0D, 0x00, 0x00, 0x00, 0x00, 0x0D, 0x0D, 0x00, 0x00, 0x00, 0x0D, 0x00,
    0x00, 0x00, 0x0D, 0x00, 0x0D, 0x0D, 0x0D, 0x00, 0x0D, 0x00, 0x0D, 0x0D, 0x00, 0x00, 0x0D, 0x0D,
    0x00, 0x00, 0x00, 0x0D, 0x0D, 0x00, 0x00, 0x00, 0x00, 0x0D, 0x00, 0x0D, 0x00, 0x0D, 0x00, 0x0D,
    0x0D, 0x00, 0x0D, 0x00, 0x0D, 0x0D, 0x0D, 0x00, 0x00, 0x00, 0x00, 0x00, 0x00, 0x00, 0x0D, 0x00,
    0x00, 0x00, 0x00, 0x0D, 0x0D, 0x00, 0x0D, 0x0D, 0x0D, 0x0D, 0x0D, 0x0D, 0x00, 0x00, 0x0D, 0x0D,
    0x0D, 0x00, 0x0D, 0x00, 0x00, 0x0D, 0x0D, 0x0D, 0x0D, 0x0D, 0x00, 0x0D, 0x00, 0x0D, 0x0D, 0x00,
    0x00, 0x00, 0x0D, 0x00, 0x0D, 0x0D, 0x0D, 0x0D, 0x00, 0x00, 0x00, 0x00, 0x0D, 0x00, 0x0D, 0x0D,
    0x00, 0x00, 0x0D, 0x00, 0x0D, 0x0D, 0x00, 0x00, 0x00, 0x00, 0x00, 0x00, 0x00, 0x0D, 0x00, 0x0D,
    0x0D, 0x00, 0x00, 0x0D, 0x00, 0x0D, 0x0D, 0x0D, 0x0D, 0x0D, 0x0D, 0x00, 0x00, 0x00, 0x0D, 0x00,
    0x0D, 0x00, 0x00, 0x00, 0x0D, 0x0D, 0x0D, 0x0D, 0x0D, 0x00, 0x0D, 0x0D, 0x00, 0x00, 0x00, 0x00,
    0x0D, 0x0D, 0x00, 0x0D, 0x0D, 0x0D, 0x0D, 0x00, 0x00, 0x0D, 0x00, 0x0D, 0x0D, 0x0D, 0x00, 0x0D,
    0x00, 0x00, 0x0D, 0x0D, 0x0D, 0x00, 0x0D, 0x00, 0x00, 0x00, 0x0D, 0x0D, 0x00, 0x00, 0x00, 0x0D,
    0x00, 0x0D, 0x0D, 0x00, 0x00, 0x00, 0x0D, 0x0D, 0x00, 0x0D, 0x00, 0x0D, 0x0D, 0x00, 0x00, 0x00,
    0x0D, 0x00, 0x0D, 0x0D, 0x00, 0x0D, 0x00, 0x00, 0x00, 0x00, 0x0D, 0x00, 0x0D, 0x0D, 0x00, 0x00,
    0x00, 0x0D, 0x00, 0x00, 0x00, 0x0D, 0x0D, 0x0D, 0x00, 0x00, 0x00, 0x0D, 0x00, 0x0D, 0x0D, 0x00,
    0x00, 0x0D, 0x0D, 0x00, 0x0D, 0x0D, 0x00, 0x0D, 0x0D, 0x00, 0x00, 0x00, 0x0D, 0x00, 0x0D, 0x00,
    0x0D, 0x00, 0x00, 0x0D, 0x00, 0x00, 0x0D, 0x00, 0x0D, 0x0D, 0x00, 0x00, 0x00, 0x00, 0x00, 0x00,
    0x0D, 0x00, 0x00, 0x0D, 0x00, 0x00, 0x00, 0x0D, 0x00, 0x0D, 0x0D, 0x0D, 0x0D, 0x0D, 0x00, 0x00,
    0x0D, 0x00, 0x00, 0x0D, 0x0D, 0x00, 0x00, 0x00, 0x0D, 0x0D, 0x0D, 0x0D, 0x00, 0x0D, 0x00, 0x00,
    0x0D, 0x00, 0x0D, 0x00, 0x0D, 0x0D, 0x00, 0x0D, 0x0D, 0x0D, 0x00, 0x00, 0x0D, 0x0D, 0x0D, 0x00,
    0x00, 0x00, 0x00, 0x0D, 0x0D, 0x00, 0x00, 0x0D, 0x0D, 0x00, 0x0D, 0x0D, 0x0D, 0x00, 0x0D, 0x0D,
    0x0D, 0x00, 0x0D, 0x00, 0x0D, 0x00, 0x0D, 0x00, 0x00, 0x0D, 0x0D, 0x00, 0x00, 0x0D, 0x0D, 0x00,
    0x00, 0x00, 0x00, 0x00, 0x00, 0x00, 0x0D, 0x00, 0x0D, 0x00, 0x0D, 0x00, 0x0D, 0x00, 0x0D, 0x0D,
    0x0D, 0x0D, 0x0D, 0x0D, 0x00, 0x00, 0x00, 0x00, 0x00, 0x00, 0x00, 0x00, 0x00, 0x0D, 0x0D, 0x0D,
    0x0D, 0x0D, 0x00, 0x0D, 0x0D, 0x0D, 0x0D, 0x0D, 0x0D, 0x0D, 0x0D, 0x00, 0x0D, 0x0D, 0x0D, 0x0D,
    0x00, 0x00, 0x0D, 0x0D, 0x0D, 0x0D, 0x0D, 0x0D, 0x0D, 0x00, 0x00, 0x0D, 0x0D, 0x0D, 0x00, 0x0D,
    0x00, 0x0D, 0x0D, 0x0D, 0x0D, 0x0D, 0x0D, 0x00, 0x0D, 0x00, 0x0D, 0x0D, 0x00, 0x00, 0x00, 0x00,
    0x0D, 0x0D, 0x0D, 0x0D, 0x0D, 0x00, 0x00, 0x00, 0x00, 0x0D, 0x00, 0x0D, 0x0D, 0x0D, 0x00, 0x0D,
    0x0D, 0x0D, 0x0D, 0x00, 0x0D, 0x0D, 0x0D, 0x00, 0x00, 0x00, 0x0D, 0x0D, 0x00, 0x00, 0x0D, 0x0D,
    0x0D, 0x00, 0x00, 0x0D, 0x0D, 0x00, 0x0D, 0x0D, 0x00, 0x0D, 0x00, 0x0D, 0x00, 0x0D, 0x0D, 0x00,
    0x0D, 0x00, 0x0D, 0x00, 0x00, 0x0D, 0x00, 0x00, 0x00, 0x00, 0x00, 0x00, 0x0D, 0x00, 0x00, 0x00,
    0x00, 0x00, 0x0D, 0x00, 0x00, 0x0D, 0x0D, 0x0D, 0x0D, 0x0D, 0x00, 0x00, 0x0D, 0x0D, 0x0D, 0x0D,
    0x00, 0x00, 0x0D, 0x00, 0x0D, 0x00, 0x0D, 0x00, 0x00, 0x0D, 0x0D, 0x00, 0x0D, 0x0D, 0x00, 0x0D,
    0x00, 0x0D, 0x00, 0x0D, 0x00, 0x00, 0x0D, 0x00, 0x0D, 0x00, 0x00, 0x0D, 0x00, 0x00, 0x00, 0x00,
    0x00, 0x00, 0x00, 0x0D, 0x00, 0x00, 0x00, 0x00, 0x0D, 0x00, 0x00, 0x0D, 0x0D, 0x0D, 0x0D, 0x0D,
    0x0D, 0x00, 0x00, 0x0D, 0x0D, 0x0D, 0x00, 0x00, 0x0D, 0x00, 0x0D, 0x0D, 0x0D, 0x0D, 0x0D, 0x00,
    0x0D, 0x00, 0x0D, 0x0D, 0x00, 0x0D, 0x00, 0x00, 0x00, 0x0D, 0x0D, 0x0D, 0x0D, 0x00, 0x00, 0x00,
    0x00, 0x0D, 0x00, 0x00, 0x00, 0x0D, 0x0D, 0x00, 0x0D, 0x0D, 0x0D, 0x00, 0x0D, 0x0D, 0x0D, 0x00,
    0x00, 0x0D, 0x0D, 0x00, 0x0D, 0x00, 0x00, 0x0D, 0x0D, 0x00, 0x00, 0x0D, 0x0D, 0x00, 0x0D, 0x00,
    0x0D, 0x00, 0x00, 0x00, 0x0D, 0x00, 0x0D, 0x00, 0x0D, 0x00, 0x0D, 0x00, 0x00, 0x00, 0x00, 0x00,
    0x0D, 0x0D, 0x00, 0x00, 0x00, 0x00, 0x00, 0x00, 0x00, 0x00, 0x0D, 0x0D, 0x0D, 0x0D, 0x00, 0x0D,
    0x00, 0x0D, 0x0D, 0x0D, 0x0D, 0x0D, 0x0D, 0x0D, 0x00, 0x0D, 0x0D, 0x0D, 0x00, 0x00, 0x00, 0x00,
    0x0D, 0x0D, 0x0D, 0x0D, 0x0D, 0x0D, 0x00, 0x00, 0x0D, 0x0D, 0x00, 0x0D, 0x0D, 0x0D, 0x00, 0x0D,
    0x0D, 0x0D, 0x0D, 0x0D, 0x00, 0x0D, 0x00, 0x0D, 0x00, 0x00, 0x0D, 0x0D, 0x00, 0x00, 0x0D, 0x0D,
    0x0D, 0x0D, 0x00, 0x00, 0x00, 0x00, 0x00, 0x0D, 0x00, 0x0D, 0x00, 0x0D, 0x00, 0x0D, 0x00, 0x00,
    0x0D, 0x00, 0x00, 0x0D, 0x0D, 0x0D, 0x0D, 0x0D, 0x0D, 0x00, 0x0D, 0x0D, 0x0D, 0x0D, 0x00, 0x00,
    0x0D, 0x00, 0x0D, 0x0D, 0x0D, 0x0D, 0x0D, 0x00, 0x00, 0x0D, 0x0D, 0x0D, 0x00, 0x0D, 0x00, 0x00,
    0x00, 0x0D, 0x0D, 0x0D, 0x0D, 0x00, 0x0D, 0x00, 0x0D, 0x0D, 0x00, 0x00, 0x00, 0x0D, 0x0D, 0x00,
    0x0D, 0x0D, 0x0D, 0x00, 0x00, 0x00, 0x00, 0x0D, 0x00, 0x0D, 0x0D, 0x00, 0x0D, 0x00, 0x00, 0x0D,
    0x0D, 0x00, 0x0D, 0x0D, 0x0D, 0x00, 0x00, 0x00, 0x0D, 0x00, 0x00, 0x00, 0x0D, 0x00, 0x0D, 0x00,
    0x00, 0x0D, 0x0D, 0x00, 0x0D, 0x0D, 0x00, 0x00, 0x0D, 0x0D, 0x00, 0x00, 0x00, 0x00, 0x0D, 0x00,
    0x0D, 0x00, 0x00, 0x0D, 0x00, 0x0D, 0x00, 0x0D, 0x00, 0x0D, 0x0D, 0x0D, 0x00, 0x00, 0x00, 0x00,
    0x0D, 0x00, 0x00, 0x00, 0x00, 0x00, 0x00, 0x00, 0x0D, 0x0D, 0x00, 0x0D, 0x0D, 0x0D, 0x00, 0x00,
    0x0D, 0x0D, 0x0D, 0x0D, 0x0D, 0x0D, 0x00, 0x0D, 0x00, 0x00, 0x0D, 0x0D, 0x00, 0x0D, 0x00, 0x0D,
    0x0D, 0x0D, 0x0D, 0x0D, 0x00, 0x00, 0x00, 0x0D, 0x00, 0x0D, 0x00, 0x00, 0x00, 0x00, 0x0D, 0x0D,
    0x0D, 0x0D, 0x00, 0x0D, 0x0D, 0x00, 0x00, 0x00, 0x00, 0x0D, 0x0D, 0x0D, 0x00, 0x0D, 0x0D, 0x0D,
    0x00, 0x00, 0x0D, 0x00, 0x0D, 0x0D, 0x0D, 0x00, 0x0D, 0x0D, 0x00, 0x00, 0x0D, 0x0D, 0x00, 0x0D,
    0x00, 0x00, 0x00, 0x0D, 0x0D, 0x00, 0x00, 0x0D, 0x00, 0x00, 0x00, 0x00, 0x0D, 0x00, 0x0D, 0x0D,
    0x0D, 0x0D, 0x0D, 0x0D, 0x0D, 0x00, 0x00, 0x0D, 0x0D, 0x0D, 0x00, 0x00, 0x00, 0x0D, 0x0D, 0x0D,
    0x0D, 0x0D, 0x0D, 0x00, 0x0D, 0x00, 0x0D, 0x0D, 0x00, 0x0D, 0x0D, 0x00, 0x0D, 0x0D, 0x0D, 0x0D,
    0x0D, 0x00, 0x00, 0x00, 0x00, 0x0D, 0x00, 0x00, 0x0D, 0x00, 0x00, 0x0D, 0x0D, 0x0D, 0x0D, 0x00,
    0x0D, 0x0D, 0x0D, 0x00, 0x00, 0x0D, 0x00, 0x00, 0x0D, 0x00, 0x0D, 0x0D, 0x0D, 0x00, 0x00, 0x0D,
    0x0D, 0x00, 0x0D, 0x00, 0x00, 0x0D, 0x00, 0x00, 0x00, 0x0D, 0x0D, 0x00, 0x0D, 0x00, 0x0D, 0x00,
    0x00, 0x00, 0x0D, 0x00, 0x00, 0x07, 0x07, 0x00, 0x07, 0x00, 0x00, 0x00, 0x00, 0x00, 0x07, 0x07,
    0x00, 0x00, 0x07, 0x00, 0x07, 0x00, 0x00, 0x00, 0x07, 0x07, 0x07, 0x07, 0x00, 0x07, 0x00, 0x07,
    0x00, 0x00, 0x00, 0x00, 0x07, 0x07, 0x00, 0x07, 0x07, 0x07, 0x00, 0x00, 0x00, 0x00, 0x00, 0x07,
    0x07, 0x07, 0x00, 0x07, 0x00, 0x00, 0x07, 0x07, 0x00, 0x07, 0x07, 0x07, 0x07, 0x00, 0x07, 0x07,
    0x00, 0x00, 0x00, 0x07, 0x00, 0x07, 0x00, 0x00, 0x07, 0x07, 0x07, 0x00, 0x00, 0x07, 0x00, 0x07,
    0x07, 0x00, 0x00, 0x00, 0x00, 0x07, 0x00, 0x07, 0x07, 0x00, 0x07, 0x00, 0x00, 0x00, 0x07, 0x00,
    0x07, 0x07, 0x07, 0x00, 0x00, 0x00, 0x07, 0x00, 0x00, 0x00, 0x07, 0x07, 0x00, 0x00, 0x00, 0x07,
    0x00, 0x07, 0x00, 0x07, 0x00, 0x07, 0x00, 0x00, 0x00, 0x07, 0x00, 0x07, 0x07, 0x07, 0x07, 0x00,
    0x00, 0x00, 0x00, 0x00, 0x00, 0x07, 0x07, 0x00, 0x00, 0x00, 0x07, 0x07, 0x07, 0x00, 0x07, 0x07,
    0x07, 0x07, 0x07, 0x00, 0x07, 0x00, 0x07, 0x07, 0x00, 0x07, 0x07, 0x00, 0x00, 0x07, 0x07, 0x07,
    0x07, 0x00, 0x00, 0x00, 0x00, 0x07, 0x00, 0x00, 0x07, 0x00, 0x07, 0x00, 0x07, 0x07, 0x07, 0x00,
    0x07, 0x07, 0x07, 0x00, 0x00, 0x07, 0x00, 0x00, 0x00, 0x00, 0x00, 0x07, 0x07, 0x00, 0x00, 0x07,
    0x07, 0x00, 0x07, 0x00, 0x00, 0x07, 0x07, 0x07, 0x07, 0x00, 0x07, 0x00, 0x07, 0x00, 0x07, 0x00,
    0x00, 0x00, 0x07, 0x00, 0x07, 0x07, 0x07, 0x00, 0x00, 0x00, 0x00, 0x00, 0x00, 0x00, 0x07, 0x07,
    0x00, 0x00, 0x00, 0x07, 0x07, 0x00, 0x07, 0x07, 0x07, 0x07, 0x07, 0x07, 0x00, 0x07, 0x00, 0x07,
    0x07, 0x00, 0x07, 0x00, 0x00, 0x07, 0x07, 0x07, 0x07, 0x07, 0x00, 0x00, 0x00, 0x00, 0x07, 0x00,
    0x00, 0x00, 0x07, 0x00, 0x07, 0x07, 0x07, 0x07, 0x00, 0x07, 0x07, 0x07, 0x00, 0x00, 0x07, 0x07,
    0x00, 0x00, 0x00, 0x07, 0x07, 0x07, 0x00, 0x00, 0x07, 0x07, 0x00, 0x07, 0x00, 0x07, 0x00, 0x07,
    0x07, 0x00, 0x07, 0x07, 0x00, 0x07, 0x00, 0x07, 0x00, 0x00, 0x00, 0x00, 0x00, 0x00, 0x07, 0x00,
    0x00, 0x07, 0x00, 0x00, 0x00, 0x00, 0x00, 0x07, 0x07, 0x00, 0x00, 0x00, 0x07, 0x00, 0x07, 0x07,
    0x00, 0x07, 0x00, 0x07, 0x00, 0x00, 0x00, 0x07, 0x07, 0x07, 0x00, 0x00, 0x00, 0x07, 0x00, 0x00,
    0x00, 0x00, 0x00, 0x07, 0x07, 0x00, 0x07, 0x07, 0x00, 0x07, 0x07, 0x00, 0x00, 0x07, 0x07, 0x07,
    0x07, 0x00, 0x07, 0x00, 0x00, 0x07, 0x00, 0x00, 0x07, 0x00, 0x07, 0x00, 0x07, 0x07, 0x07, 0x00,
    0x00, 0x00, 0x07, 0x00, 0x00, 0x07, 0x00, 0x00, 0x00, 0x00, 0x00, 0x07, 0x07, 0x00, 0x07, 0x07,
    0x00, 0x00, 0x07, 0x00, 0x00, 0x07, 0x07, 0x07, 0x07, 0x00, 0x07, 0x00, 0x00, 0x07, 0x00, 0x07,
    0x00, 0x00, 0x07, 0x00, 0x07, 0x07, 0x07, 0x00, 0x00, 0x00, 0x07, 0x00, 0x00, 0x00, 0x00, 0x07,
    0x00, 0x00, 0x00, 0x07, 0x07, 0x00, 0x07, 0x07, 0x00, 0x00, 0x07, 0x07, 0x07, 0x00, 0x00, 0x07,
    0x07, 0x00, 0x07, 0x00, 0x00, 0x07, 0x00, 0x07, 0x00, 0x07, 0x07, 0x00, 0x07, 0x00, 0x07, 0x00,
    0x00, 0x00, 0x07, 0x00, 0x00, 0x00, 0x00, 0x00, 0x07, 0x00, 0x00, 0x00, 0x00, 0x00, 0x07, 0x07,
    0x00, 0x00, 0x07, 0x07, 0x07, 0x07, 0x00, 0x00, 0x07, 0x07, 0x07, 0x07, 0x00, 0x07, 0x00, 0x07,
    0x00, 0x07, 0x07, 0x07, 0x00, 0x07, 0x00, 0x07, 0x07, 0x07, 0x00, 0x00, 0x00, 0x00, 0x00, 0x00,
    0x07, 0x07, 0x00, 0x00, 0x00, 0x00, 0x07, 0x07, 0x00, 0x07, 0x07, 0x07, 0x07, 0x07, 0x00, 0x07,
    0x00, 0x07, 0x07, 0x07, 0x07, 0x07, 0x00, 0x07, 0x07, 0x07, 0x00, 0x07, 0x00, 0x00, 0x07, 0x00,
    0x00, 0x07, 0x07, 0x07, 0x00, 0x00, 0x07, 0x07, 0x00, 0x00, 0x00, 0x07, 0x00, 0x00, 0x07, 0x00,
    0x07, 0x07, 0x00, 0x07, 0x00, 0x07, 0x00, 0x07, 0x07, 0x00, 0x00, 0x07, 0x00, 0x00, 0x00, 0x07,
    0x00, 0x00, 0x00, 0x00, 0x00, 0x00, 0x07, 0x00, 0x07, 0x00, 0x00, 0x07, 0x07, 0x00, 0x00, 0x07,
    0x07, 0x07, 0x07, 0x07, 0x00, 0x00, 0x00, 0x00, 0x07, 0x00, 0x07, 0x00, 0x07, 0x00, 0x07, 0x07,
    0x07, 0x07, 0x00, 0x07, 0x07, 0x07, 0x00, 0x00, 0x00, 0x00, 0x00, 0x00, 0x00, 0x07, 0x07, 0x07,
    0x00, 0x00, 0x07, 0x07, 0x00, 0x07, 0x07, 0x07, 0x07, 0x07, 0x07, 0x00, 0x07, 0x07, 0x00, 0x07,
    0x00, 0x07, 0x00, 0x00, 0x07, 0x07, 0x07, 0x07, 0x07, 0x00, 0x00, 0x07, 0x00, 0x00, 0x00, 0x00,
    0x00, 0x07, 0x00, 0x07, 0x07, 0x07, 0x07, 0x00, 0x07, 0x00, 0x00, 0x07, 0x07, 0x07, 0x07, 0x00,
    0x00, 0x00, 0x07, 0x07, 0x07, 0x00, 0x00, 0x00, 0x07, 0x00, 0x07, 0x07, 0x07, 0x00, 0x07, 0x07,
    0x00, 0x07, 0x07, 0x00, 0x07, 0x07, 0x00, 0x00, 0x00, 0x07, 0x07, 0x00, 0x00, 0x07, 0x00, 0x00,
    0x07, 0x00, 0x00, 0x07, 0x00, 0x07, 0x07, 0x00, 0x07, 0x00, 0x07, 0x00, 0x00, 0x07, 0x00, 0x00,
    0x07, 0x00, 0x00, 0x00, 0x07, 0x00, 0x00, 0x00, 0x00, 0x00, 0x07, 0x00, 0x00, 0x00, 0x00, 0x07,
    0x00, 0x00, 0x00, 0x07, 0x00, 0x07, 0x07, 0x07, 0x07, 0x00, 0x00, 0x07, 0x07, 0x00, 0x00, 0x07,
    0x07, 0x00, 0x00, 0x00, 0x07, 0x07, 0x07, 0x00, 0x07, 0x00, 0x07, 0x00, 0x07, 0x00, 0x07, 0x00,
    0x07, 0x07, 0x00, 0x07, 0x07, 0x00, 0x00, 0x00, 0x00, 0x00, 0x00, 0x00, 0x00, 0x00, 0x00, 0x07,
    0x00, 0x00, 0x07, 0x00, 0x07, 0x07, 0x07, 0x07, 0x07, 0x07, 0x07, 0x07, 0x07, 0x00, 0x00, 0x07,
    0x00, 0x00, 0x00, 0x07, 0x07, 0x07, 0x07, 0x07, 0x07, 0x07, 0x07, 0x00, 0x07, 0x00, 0x00, 0x07,
    0x07, 0x00, 0x07, 0x07, 0x07, 0x07, 0x07, 0x07, 0x07, 0x00, 0x00, 0x00, 0x07, 0x00, 0x07, 0x00,
    0x00, 0x07, 0x07, 0x07, 0x07, 0x07, 0x07, 0x00, 0x07, 0x07, 0x00, 0x00, 0x00, 0x00, 0x07, 0x00,
    0x07, 0x07, 0x07, 0x07, 0x07, 0x00, 0x00, 0x07, 0x00, 0x07, 0x07, 0x07, 0x00, 0x00, 0x00, 0x07,
    0x07, 0x07, 0x07, 0x00, 0x07, 0x00, 0x00, 0x00, 0x07, 0x07, 0x00, 0x07, 0x07, 0x00, 0x07, 0x07,
    0x07, 0x00, 0x00, 0x00, 0x07, 0x07, 0x00, 0x07, 0x00, 0x00, 0x07, 0x00, 0x00, 0x07, 0x07, 0x00,
    0x07, 0x07, 0x00, 0x07, 0x00, 0x00, 0x00, 0x07, 0x00, 0x00, 0x07, 0x00, 0x07, 0x00, 0x00, 0x07,
    0x00, 0x00, 0x00, 0x07, 0x07, 0x00, 0x00, 0x07, 0x00, 0x00, 0x00, 0x00, 0x07, 0x00, 0x00, 0x07,
    0x07, 0x00, 0x07, 0x00, 0x07, 0x07, 0x00, 0x07, 0x00, 0x00, 0x07, 0x07, 0x00, 0x00, 0x00, 0x00,
    0x07, 0x00, 0x07, 0x00, 0x00, 0x00, 0x00, 0x07, 0x00, 0x07, 0x00, 0x07, 0x07, 0x07, 0x00, 0x00,
    0x00, 0x00, 0x07, 0x07, 0x07, 0x00, 0x00, 0x00, 0x00, 0x00, 0x07, 0x07, 0x00, 0x07, 0x07, 0x07,
    0x00, 0x07, 0x07, 0x00, 0x07, 0x07, 0x07, 0x07, 0x00, 0x07, 0x00, 0x00, 0x07, 0x07, 0x00, 0x00,
    0x07, 0x00, 0x00, 0x07, 0x07, 0x07, 0x00, 0x00, 0x00, 0x07, 0x00, 0x07, 0x00, 0x07, 0x00, 0x00,
    0x07, 0x00, 0x07, 0x07, 0x00, 0x07, 0x07, 0x00, 0x00, 0x00, 0x00, 0x00, 0x00, 0x07, 0x00, 0x00,
    0x00, 0x07, 0x00, 0x00, 0x07, 0x00, 0x07, 0x07, 0x07, 0x07, 0x07, 0x00, 0x00, 0x07, 0x07, 0x00,
    0x00, 0x07, 0x00, 0x00, 0x00, 0x07, 0x07, 0x07, 0x07, 0x00, 0x07, 0x00, 0x07, 0x00, 0x07, 0x00,
    0x00, 0x07, 0x07, 0x00, 0x07, 0x07, 0x07, 0x00, 0x00, 0x00, 0x00, 0x00, 0x00, 0x00, 0x07, 0x00,
    0x07, 0x00, 0x00, 0x07, 0x07, 0x00, 0x07, 0x07, 0x07, 0x07, 0x07, 0x07, 0x00, 0x00, 0x00, 0x00,
    0x07, 0x00, 0x07, 0x00, 0x00, 0x07, 0x07, 0x07, 0x07, 0x07, 0x00, 0x07, 0x07, 0x07, 0x00, 0x00,
    0x00, 0x00, 0x07, 0x00, 0x07, 0x07, 0x07, 0x07, 0x00, 0x00, 0x07, 0x07, 0x00, 0x07, 0x07, 0x07,
    0x00, 0x00, 0x00, 0x07, 0x07, 0x07, 0x00, 0x07, 0x00, 0x07, 0x00, 0x00, 0x07, 0x07, 0x00, 0x00,
    0x00, 0x00, 0x07, 0x00, 0x00, 0x07, 0x07, 0x07, 0x07, 0x00, 0x00, 0x00, 0x00, 0x07, 0x07, 0x07,
    0x00, 0x00, 0x07, 0x00, 0x07, 0x07, 0x07, 0x00, 0x07, 0x07, 0x07, 0x00, 0x07, 0x07, 0x00, 0x07,
    0x00, 0x00, 0x00, 0x07, 0x07, 0x00, 0x00, 0x07, 0x07, 0x00, 0x00, 0x07, 0x00, 0x00, 0x00, 0x07,
    0x07, 0x00, 0x07, 0x00, 0x07, 0x00, 0x07, 0x00, 0x07, 0x00, 0x00, 0x07, 0x07, 0x00, 0x07, 0x00,
    0x00, 0x00, 0x00, 0x00, 0x00, 0x00, 0x00, 0x00, 0x07, 0x00, 0x07, 0x00, 0x00, 0x00, 0x07, 0x07,
    0x07, 0x07, 0x07, 0x07, 0x07, 0x07, 0x00, 0x00, 0x00, 0x00, 0x07, 0x07, 0x00, 0x07, 0x07, 0x07,
    0x07, 0x07, 0x07, 0x07, 0x00, 0x07, 0x07, 0x07, 0x00, 0x07, 0x00, 0x00, 0x07, 0x07, 0x07, 0x07,
    0x07, 0x07, 0x00, 0x00, 0x07, 0x07, 0x00, 0x00, 0x00, 0x07, 0x00, 0x07, 0x07, 0x07, 0x07, 0x07,
    0x00, 0x07, 0x00, 0x07, 0x00, 0x07, 0x07, 0x00, 0x00, 0x00, 0x07, 0x07, 0x07, 0x07, 0x00, 0x00,
    0x00, 0x00, 0x00, 0x00, 0x07, 0x00, 0x07, 0x07, 0x00, 0x07, 0x07, 0x07, 0x00, 0x07, 0x07, 0x07,
    0x07, 0x07, 0x00, 0x00, 0x00, 0x07, 0x00, 0x00, 0x07, 0x07, 0x00, 0x00, 0x07, 0x07, 0x07, 0x07,
    0x00, 0x07, 0x07, 0x00, 0x00, 0x07, 0x00, 0x07, 0x00, 0x07, 0x00, 0x07, 0x07, 0x07, 0x00, 0x00,
    0x07, 0x00, 0x07, 0x00, 0x00, 0x00, 0x00, 0x00, 0x07, 0x00, 0x00, 0x00, 0x07, 0x07, 0x00, 0x07,
    0x07, 0x07, 0x07, 0x07, 0x00, 0x00, 0x00, 0x00, 0x07, 0x07, 0x00, 0x07, 0x00, 0x00, 0x07, 0x07,
    0x07, 0x07, 0x00, 0x07, 0x07, 0x07, 0x00, 0x07, 0x00, 0x00, 0x00, 0x07, 0x00, 0x07, 0x07, 0x07,
    0x00, 0x00, 0x07, 0x07, 0x00, 0x00, 0x00, 0x07, 0x07, 0x00, 0x00, 0x00, 0x07, 0x07, 0x00, 0x07,
    0x00, 0x07, 0x00, 0x07, 0x07, 0x00, 0x07, 0x00, 0x07, 0x07, 0x00, 0x07, 0x00, 0x00, 0x00, 0x00,
    0x00, 0x00, 0x07, 0x00, 0x00, 0x00, 0x00, 0x07, 0x00, 0x00, 0x00, 0x07, 0x07, 0x07, 0x07, 0x07,
    0x00, 0x00, 0x07, 0x07, 0x07, 0x00, 0x00, 0x07, 0x07, 0x00, 0x07, 0x07, 0x07, 0x07, 0x00, 0x07,
    0x00, 0x07, 0x07, 0x00, 0x07, 0x00, 0x07, 0x00, 0x00, 0x07, 0x07, 0x07, 0x00, 0x00, 0x00, 0x00,
    0x07, 0x00, 0x00, 0x00, 0x00, 0x00, 0x07, 0x00, 0x07, 0x07, 0x00, 0x07, 0x07, 0x07, 0x00, 0x00,
    0x07, 0x07, 0x07, 0x07, 0x00, 0x00, 0x00, 0x07, 0x00, 0x00, 0x07, 0x07, 0x00, 0x07, 0x00, 0x07,
    0x07, 0x07, 0x00, 0x07, 0x07, 0x00, 0x00, 0x07, 0x00, 0x07, 0x00, 0x00, 0x00, 0x00, 0x07, 0x07,
    0x00, 0x00, 0x07, 0x00, 0x07, 0x00, 0x00, 0x00, 0x00, 0x07, 0x07, 0x07, 0x00, 0x07, 0x00, 0x07,
    0x00, 0x00, 0x00, 0x00, 0x07, 0x07, 0x07, 0x00, 0x07, 0x07, 0x00, 0x00, 0x00, 0x00, 0x00, 0x07,
    0x07, 0x00, 0x00, 0x07, 0x00, 0x07, 0x07, 0x07, 0x07, 0x00, 0x00, 0x00, 0x07, 0x07, 0x07, 0x00,
    0x07, 0x00, 0x00, 0x00, 0x07, 0x07, 0x07, 0x00, 0x07, 0x07, 0x00, 0x07, 0x07, 0x00, 0x00, 0x00,
    0x07, 0x07, 0x00, 0x07, 0x07, 0x00, 0x00, 0x07, 0x00, 0x00, 0x07, 0x00, 0x07, 0x07, 0x00, 0x07,
    0x00, 0x00, 0x07, 0x00, 0x07, 0x00, 0x00, 0x07, 0x00, 0x00, 0x00, 0x07, 0x00, 0x00, 0x00, 0x07,
    0x00, 0x00, 0x00, 0x00, 0x07, 0x00, 0x00, 0x07, 0x07, 0x00, 0x00, 0x07, 0x07, 0x00, 0x00, 0x07,
    0x07, 0x07, 0x00, 0x00, 0x07, 0x00, 0x07, 0x00, 0x07, 0x00, 0x07, 0x00, 0x07, 0x00, 0x07, 0x07,
    0x00, 0x07, 0x00, 0x00, 0x00, 0x00, 0x00, 0x00, 0x00, 0x00, 0x00, 0x00, 0x00, 0x07, 0x00, 0x00,
    0x00, 0x07, 0x07, 0x07, 0x07, 0x07, 0x07, 0x07, 0x07, 0x07, 0x07, 0x00, 0x00, 0x07, 0x07, 0x00,
    0x07, 0x07, 0x07, 0x07, 0x07, 0x07, 0x07, 0x07, 0x07, 0x00, 0x07, 0x00, 0x07, 0x00, 0x00, 0x07,
    0x07, 0x07, 0x07, 0x07, 0x07, 0x07, 0x07, 0x00, 0x00, 0x00, 0x00, 0x00, 0x07, 0x00, 0x07, 0x07,
    0x07, 0x07, 0x07, 0x07, 0x07, 0x00, 0x07, 0x07, 0x07, 0x07, 0x00, 0x00, 0x00, 0x07, 0x07, 0x07,
    0x07, 0x07, 0x07, 0x00, 0x00, 0x07, 0x07, 0x07, 0x00, 0x07, 0x07, 0x00, 0x07, 0x07, 0x07, 0x07,
    0x07, 0x00, 0x07, 0x00, 0x07, 0x07, 0x00, 0x00, 0x07, 0x00, 0x00, 0x07, 0x07, 0x00, 0x07, 0x00,
    0x07, 0x00, 0x00, 0x00, 0x00, 0x00, 0x07, 0x07, 0x00, 0x00, 0x07, 0x00, 0x00, 0x00, 0x00, 0x00,
    0x07, 0x07, 0x07, 0x07, 0x00, 0x07, 0x00, 0x07, 0x00, 0x00, 0x07, 0x07, 0x07, 0x07, 0x00, 0x07,
    0x07, 0x07, 0x00, 0x00, 0x00, 0x00, 0x00, 0x07, 0x00, 0x07, 0x07, 0x07, 0x00, 0x00, 0x07, 0x07,
    0x00, 0x07, 0x07, 0x07, 0x07, 0x00, 0x00, 0x00, 0x07, 0x07, 0x00, 0x07, 0x00, 0x07, 0x00, 0x00,
    0x07, 0x07, 0x07, 0x00, 0x07, 0x07, 0x00, 0x07, 0x00, 0x00, 0x00, 0x00, 0x00, 0x07, 0x00, 0x07,
    0x07, 0x00, 0x00, 0x07, 0x00, 0x00, 0x00, 0x07, 0x07, 0x07, 0x07, 0x00, 0x00, 0x00, 0x07, 0x00,
    0x07, 0x00, 0x00, 0x07, 0x07, 0x00, 0x07, 0x07, 0x07, 0x00, 0x07, 0x07, 0x00, 0x00, 0x00, 0x00,
    0x07, 0x00, 0x07, 0x00, 0x00, 0x07, 0x07, 0x00, 0x00, 0x07, 0x00, 0x07, 0x07, 0x07, 0x00, 0x00,
    0x00, 0x00, 0x07, 0x00, 0x07, 0x00, 0x07, 0x00, 0x00, 0x00, 0x07, 0x07, 0x00, 0x07, 0x07, 0x00,
    0x00, 0x00, 0x00, 0x00, 0x00, 0x00, 0x00, 0x00, 0x00, 0x00, 0x00, 0x00, 0x00, 0x00, 0x00, 0x00,
    0x00, 0x00, 0x00, 0x00, 0x00, 0x00, 0x00, 0x00, 0x00, 0x00, 0x00, 0x00, 0x00, 0x00, 0x00, 0x00,
    0x00, 0x00, 0x00, 0x00, 0x00, 0x00, 0x00, 0x00, 0x00, 0x00, 0x00, 0x00, 0x00, 0x00, 0x00, 0x00,
    0x00, 0x00, 0x00, 0x00, 0x00, 0x00, 0x00, 0x00, 0x00, 0x00, 0x00, 0x00, 0x00, 0x00, 0x00, 0x00,
    0x00, 0x00, 0x00, 0x00, 0x00, 0x00, 0x00, 0x00, 0x00, 0x00, 0x00, 0x00, 0x00, 0x00, 0x00, 0x00,
    0x00, 0x00, 0x00, 0x00, 0x00, 0x00, 0x00, 0x00, 0x00, 0x00, 0x00, 0x00, 0x00, 0x00, 0x00, 0x00,
    0x00, 0x00, 0x00, 0x00, 0x00, 0x00, 0x00, 0x00, 0x00, 0x00, 0x00, 0x00, 0x00, 0x00, 0x00, 0x00,
    0x00, 0x00, 0x00, 0x00, 0x00, 0x00, 0x00, 0x00, 0x00, 0x00, 0x00, 0x00, 0x00, 0x00, 0x00, 0x00,
    0x00, 0x00, 0x00, 0x00, 0x00, 0x00, 0x00, 0x00, 0x00, 0x00, 0x00, 0x00, 0x00, 0x00, 0x00, 0x00,
    0x00, 0x00, 0x00, 0x00, 0x00, 0x00, 0x00, 0x00, 0x00, 0x00, 0x00, 0x00, 0x00, 0x00, 0x00, 0x00,
    0x00, 0x00, 0x00, 0x00, 0x00, 0x00, 0x00, 0x00, 0x00, 0x00, 0x00, 0x00, 0x00, 0x00, 0x00, 0x00,
    0x00, 0x00, 0x00, 0x00, 0x00, 0x00, 0x00, 0x00, 0x00, 0x00, 0x00, 0x00, 0x00, 0x00, 0x00, 0x00,
    0x00, 0x00, 0x00, 0x00, 0x00, 0x00, 0x00, 0x00, 0x00, 0x00, 0x00, 0x00, 0x00, 0x00, 0x00, 0x00,
    0x00, 0x00, 0x00, 0x00, 0x00, 0x00, 0x00, 0x00, 0x00, 0x00, 0x00, 0x00, 0x00, 0x00, 0x00, 0x00,
    0x00, 0x00, 0x00, 0x00, 0x00, 0x00, 0x00, 0x00, 0x00, 0x00, 0x00, 0x00, 0x00, 0x00, 0x00, 0x00,
    0x00, 0x00, 0x00, 0x00, 0x00, 0x00, 0x00, 0x00, 0x00, 0x00, 0x00, 0x00, 0x00, 0x00, 0x00, 0x00,
    0x00, 0x00, 0x00, 0x00, 0x00, 0x00, 0x00, 0x00, 0x00, 0x00, 0x00, 0x00, 0x00, 0x00, 0x00, 0x00,
    0x00, 0x00, 0x00, 0x00, 0x00, 0x00, 0x00, 0x00, 0x00, 0x00, 0x00, 0x00, 0x00, 0x00, 0x00, 0x00,
    0x00, 0x00, 0x00, 0x00, 0x00, 0x00, 0x00, 0x00, 0x00, 0x00, 0x00, 0x00, 0x00, 0x00, 0x00, 0x00,
    0x00, 0x00, 0x00, 0x00, 0x00, 0x00, 0x00, 0x00, 0x00, 0x00, 0x00, 0x00, 0x00, 0x00, 0x00, 0x00,
    0x00, 0x00, 0x00, 0x00, 0x00, 0x00, 0x00, 0x00, 0x00, 0x00, 0x00, 0x00, 0x00, 0x00, 0x00, 0x00,
    0x00, 0x00, 0x00, 0x00, 0x00, 0x00, 0x00, 0x00, 0x00, 0x00, 0x00, 0x00, 0x00, 0x00, 0x00, 0x00,
    0x00, 0x00, 0x00, 0x00, 0x00, 0x00, 0x00, 0x00, 0x00, 0x00, 0x00, 0x00, 0x00, 0x00, 0x00, 0x00,
    0x00, 0x00, 0x00, 0x00, 0x00, 0x00, 0x00, 0x00, 0x00, 0x00, 0x00, 0x00, 0x00, 0x00, 0x00, 0x00,
    0x00, 0x00, 0x00, 0x00, 0x00, 0x00, 0x00, 0x00, 0x00, 0x00, 0x00, 0x00, 0x00, 0x00, 0x00, 0x00,
    0x00, 0x00, 0x00, 0x00, 0x00, 0x00, 0x00, 0x00, 0x00, 0x00, 0x00, 0x00, 0x00, 0x00, 0x00, 0x00,
    0x00, 0x00, 0x00, 0x00, 0x00, 0x00, 0x00, 0x00, 0x00, 0x00, 0x00, 0x00, 0x00, 0x00, 0x00, 0x00,
    0x00, 0x00, 0x00, 0x00, 0x00, 0x00, 0x00, 0x00, 0x00, 0x00, 0x00, 0x00, 0x00, 0x00, 0x00, 0x00,
    0x00, 0x00, 0x00, 0x00, 0x00, 0x00, 0x00, 0x00, 0x00, 0x00, 0x00, 0x00, 0x00, 0x00, 0x00, 0x00,
    0x00, 0x00, 0x00, 0x00, 0x00, 0x00, 0x00, 0x00, 0x00, 0x00, 0x00, 0x00, 0x00, 0x00, 0x00, 0x00,
    0x00, 0x00, 0x00, 0x00, 0x00, 0x00, 0x00, 0x00, 0x00, 0x00, 0x00, 0x00, 0x00, 0x00, 0x00, 0x00,
    0x00, 0x00, 0x00, 0x00, 0x00, 0x00, 0x00, 0x00, 0x00, 0x00, 0x00, 0x00, 0x00, 0x00, 0x00, 0x00,
    0x00, 0x00, 0x00, 0x00, 0x00, 0x00, 0x00, 0x00, 0x00, 0x00, 0x00, 0x00, 0x00, 0x00, 0x00, 0x00,
    0x00, 0x00, 0x00, 0x00, 0x00, 0x00, 0x00, 0x00, 0x00, 0x00, 0x00, 0x00, 0x00, 0x00, 0x00, 0x00,
    0x00, 0x00, 0x00, 0x00, 0x00, 0x00, 0x00, 0x00, 0x00, 0x00, 0x00, 0x00, 0x00, 0x00, 0x00, 0x00,
    0x00, 0x00, 0x00, 0x00, 0x00, 0x00, 0x00, 0x00, 0x00, 0x00, 0x00, 0x00, 0x00, 0x00, 0x00, 0x00,
    0x00, 0x00, 0x00, 0x00, 0x00, 0x00, 0x00, 0x00, 0x00, 0x00, 0x00, 0x00, 0x00, 0x00, 0x00, 0x00,
    0x00, 0x00, 0x00, 0x00, 0x00, 0x00, 0x00, 0x00, 0x00, 0x00, 0x00, 0x00, 0x00, 0x00, 0x00, 0x00,
    0x00, 0x00, 0x00, 0x00, 0x00, 0x00, 0x00, 0x00, 0x00, 0x00, 0x00, 0x00, 0x00, 0x00, 0x00, 0x00,
    0x00, 0x00, 0x00, 0x00, 0x00, 0x00, 0x00, 0x00, 0x00, 0x00, 0x00, 0x00, 0x00, 0x00, 0x00, 0x00,
    0x00, 0x00, 0x00, 0x00, 0x00, 0x00, 0x00, 0x00, 0x00, 0x00, 0x00, 0x00, 0x00, 0x00, 0x00, 0x00,
    0x00, 0x00, 0x00, 0x00, 0x00, 0x00, 0x00, 0x00, 0x00, 0x00, 0x00, 0x00, 0x00, 0x00, 0x00, 0x00,
    0x00, 0x00, 0x00, 0x00, 0x00, 0x00, 0x00, 0x00, 0x00, 0x00, 0x00, 0x00, 0x00, 0x00, 0x00, 0x00,
    0x00, 0x00, 0x00, 0x00, 0x00, 0x00, 0x00, 0x00, 0x00, 0x00, 0x00, 0x00, 0x00, 0x00, 0x00, 0x00,
    0x00, 0x00, 0x00, 0x00, 0x00, 0x00, 0x00, 0x00, 0x00, 0x00, 0x00, 0x00, 0x00, 0x00, 0x00, 0x00,
    0x00, 0x00, 0x00, 0x00, 0x00, 0x00, 0x00, 0x00, 0x00, 0x00, 0x00, 0x00, 0x00, 0x00, 0x00, 0x00,
    0x00, 0x00, 0x00, 0x00, 0x00, 0x00, 0x00, 0x00, 0x00, 0x00, 0x00, 0x00, 0x00, 0x00, 0x00, 0x00,
    0x00, 0x00, 0x00, 0x00, 0x00, 0x00, 0x00, 0x00, 0x00, 0x00, 0x00, 0x00, 0x00, 0x00, 0x00, 0x00,
    0x00, 0x00, 0x00, 0x00, 0x00, 0x00, 0x00, 0x00, 0x00, 0x00, 0x00, 0x00, 0x00, 0x00, 0x00, 0x00,
    0x00, 0x00, 0x00, 0x00, 0x00, 0x00, 0x00, 0x00, 0x00, 0x00, 0x00, 0x00, 0x00, 0x00, 0x00, 0x00,
    0x00, 0x00, 0x00, 0x00, 0x00, 0x00, 0x00, 0x00, 0x00, 0x00, 0x00, 0x00, 0x00, 0x00, 0x00, 0x00,
    0x00, 0x00, 0x00, 0x00, 0x00, 0x00, 0x00, 0x00, 0x00, 0x00, 0x00, 0x00, 0x00, 0x00, 0x00, 0x00,
    0x00, 0x00, 0x00, 0x00, 0x00, 0x00, 0x00, 0x00, 0x00, 0x00, 0x00, 0x00, 0x00, 0x00, 0x00, 0x00,
    0x00, 0x00, 0x00, 0x00, 0x00, 0x00, 0x00, 0x00, 0x00, 0x00, 0x00, 0x00, 0x00, 0x00, 0x00, 0x00,
    0x00, 0x00, 0x00, 0x00, 0x00, 0x00, 0x00, 0x00, 0x00, 0x00, 0x00, 0x00, 0x00, 0x00, 0x00, 0x00,
    0x00, 0x00, 0x00, 0x00, 0x00, 0x00, 0x00, 0x00, 0x00, 0x00, 0x00, 0x00, 0x00, 0x00, 0x00, 0x00,
    0x00, 0x00, 0x00, 0x00, 0x00, 0x00, 0x00, 0x00, 0x00, 0x00, 0x00, 0x00, 0x00, 0x00, 0x00, 0x00,
    0x00, 0x00, 0x00, 0x00, 0x00, 0x00, 0x00, 0x00, 0x00, 0x00, 0x00, 0x00, 0x00, 0x00, 0x00, 0x00,
    0x00, 0x00, 0x00, 0x00, 0x00, 0x00, 0x00, 0x00, 0x00, 0x00, 0x00, 0x00, 0x00, 0x00, 0x00, 0x00,
    0x00, 0x00, 0x00, 0x00, 0x00, 0x00, 0x00, 0x00, 0x00, 0x00, 0x00, 0x00, 0x00, 0x00, 0x00, 0x00,
    0x00, 0x00, 0x00, 0x00, 0x00, 0x00, 0x00, 0x00, 0x00, 0x00, 0x00, 0x00, 0x00, 0x00, 0x00, 0x00,
    0x00, 0x00, 0x00, 0x00, 0x00, 0x00, 0x00, 0x00, 0x00, 0x00, 0x00, 0x00, 0x00, 0x00, 0x00, 0x00,
    0x00, 0x00, 0x00, 0x00, 0x00, 0x00, 0x00, 0x00, 0x00, 0x00, 0x00, 0x00, 0x00, 0x00, 0x00, 0x00,
    0x00, 0x00, 0x00, 0x00, 0x00, 0x00, 0x00, 0x00, 0x00, 0x00, 0x00, 0x00, 0x00, 0x00, 0x00, 0x00,
    0x00, 0x00, 0x00, 0x00, 0x00, 0x00, 0x00, 0x00, 0x00, 0x00, 0x00, 0x00, 0x00, 0x00, 0x00, 0x00,
    0x00, 0x00, 0x00, 0x00, 0x00, 0x00, 0x00, 0x00, 0x00, 0x00, 0x00, 0x00, 0x00, 0x00, 0x00, 0x00,
    0x00, 0x00, 0x00, 0x00, 0x00, 0x00, 0x00, 0x00, 0x00, 0x00, 0x00, 0x00, 0x00, 0x00, 0x00, 0x00,
    0x00, 0x00, 0x00, 0x00, 0x00, 0x00, 0x00, 0x00, 0x00, 0x00, 0x00, 0x00, 0x00, 0x00, 0x00, 0x00,
    0x00, 0x00, 0x00, 0x00, 0x00, 0x00, 0x00, 0x00, 0x00, 0x00, 0x00, 0x00, 0x00, 0x00, 0x00, 0x00,
    0x00, 0x00, 0x00, 0x00, 0x00, 0x00, 0x00, 0x00, 0x00, 0x00, 0x00, 0x00, 0x00, 0x00, 0x00, 0x00,
    0x00, 0x00, 0x00, 0x00, 0x00, 0x00, 0x00, 0x00, 0x00, 0x00, 0x00, 0x00, 0x00, 0x00, 0x00, 0x00,
    0x00, 0x00, 0x00, 0x00, 0x00, 0x00, 0x00, 0x00, 0x00, 0x00, 0x00, 0x00, 0x00, 0x00, 0x00, 0x00,
    0x00, 0x00, 0x00, 0x00, 0x00, 0x00, 0x00, 0x00, 0x00, 0x00, 0x00, 0x00, 0x00, 0x00, 0x00, 0x00,
    0x00, 0x00, 0x00, 0x00, 0x00, 0x00, 0x00, 0x00, 0x00, 0x00, 0x00, 0x00, 0x00, 0x00, 0x00, 0x00,
    0x00, 0x00, 0x00, 0x00, 0x00, 0x00, 0x00, 0x00, 0x00, 0x00, 0x00, 0x00, 0x00, 0x00, 0x00, 0x00,
    0x00, 0x00, 0x00, 0x00, 0x00, 0x00, 0x00, 0x00, 0x00, 0x00, 0x00, 0x00, 0x00, 0x00, 0x00, 0x00,
    0x00, 0x00, 0x00, 0x00, 0x00, 0x00, 0x00, 0x00, 0x00, 0x00, 0x00, 0x00, 0x00, 0x00, 0x00, 0x00,
    0x00, 0x00, 0x00, 0x00, 0x00, 0x00, 0x00, 0x00, 0x00, 0x00, 0x00, 0x00, 0x00, 0x00, 0x00, 0x00,
    0x00, 0x00, 0x00, 0x00, 0x00, 0x00, 0x00, 0x00, 0x00, 0x00, 0x00, 0x00, 0x00, 0x00, 0x00, 0x00,
    0x00, 0x00, 0x00, 0x00, 0x00, 0x00, 0x00, 0x00, 0x00, 0x00, 0x00, 0x00, 0x00, 0x00, 0x00, 0x00,
    0x00, 0x00, 0x00, 0x00, 0x00, 0x00, 0x00, 0x00, 0x00, 0x00, 0x00, 0x00, 0x00, 0x00, 0x00, 0x00,
    0x00, 0x00, 0x00, 0x00, 0x00, 0x00, 0x00, 0x00, 0x00, 0x00, 0x00, 0x00, 0x00, 0x00, 0x00, 0x00,
    0x00, 0x00, 0x00, 0x00, 0x00, 0x00, 0x00, 0x00, 0x00, 0x00, 0x00, 0x00, 0x00, 0x00, 0x00, 0x00,
    0x00, 0x00, 0x00, 0x00, 0x00, 0x00, 0x00, 0x00, 0x00, 0x00, 0x00, 0x00, 0x00, 0x00, 0x00, 0x00,
    0x00, 0x00, 0x00, 0x00, 0x00, 0x00, 0x00, 0x00, 0x00, 0x00, 0x00, 0x00, 0x00, 0x00, 0x00, 0x00,
    0x00, 0x00, 0x00, 0x00, 0x00, 0x00, 0x00, 0x00, 0x00, 0x00, 0x00, 0x00, 0x00, 0x00, 0x00, 0x00,
    0x00, 0x00, 0x00, 0x00, 0x00, 0x00, 0x00, 0x00, 0x00, 0x00, 0x00, 0x00, 0x00, 0x00, 0x00, 0x00,
    0x00, 0x00, 0x00, 0x00, 0x00, 0x00, 0x00, 0x00, 0x00, 0x00, 0x00, 0x00, 0x00, 0x00, 0x00, 0x00,
    0x00, 0x00, 0x00, 0x00, 0x00, 0x00, 0x00, 0x00, 0x00, 0x00, 0x00, 0x00, 0x00, 0x00, 0x00, 0x00,
    0x00, 0x00, 0x00, 0x00, 0x00, 0x00, 0x00, 0x00, 0x00, 0x00, 0x00, 0x00, 0x00, 0x00, 0x00, 0x00,
    0x00, 0x00, 0x00, 0x00, 0x00, 0x00, 0x00, 0x00, 0x00, 0x00, 0x00, 0x00, 0x00, 0x00, 0x00, 0x00,
    0x00, 0x00, 0x00, 0x00, 0x00, 0x00, 0x00, 0x00, 0x00, 0x00, 0x00, 0x00, 0x00, 0x00, 0x00, 0x00,
    0x00, 0x00, 0x00, 0x00, 0x00, 0x00, 0x00, 0x00, 0x00, 0x00, 0x00, 0x00, 0x00, 0x00, 0x00, 0x00,
    0x00, 0x00, 0x00, 0x00, 0x00, 0x00, 0x00, 0x00, 0x00, 0x00, 0x00, 0x00, 0x00, 0x00, 0x00, 0x00,
    0x00, 0x00, 0x00, 0x00, 0x00, 0x00, 0x00, 0x00, 0x00, 0x00, 0x00, 0x00, 0x00, 0x00, 0x00, 0x00,
    0x00, 0x00, 0x00, 0x00, 0x00, 0x00, 0x00, 0x00, 0x00, 0x00, 0x00, 0x00, 0x00, 0x00, 0x00, 0x00,
    0x00, 0x00, 0x00, 0x00, 0x00, 0x00, 0x00, 0x00, 0x00, 0x00, 0x00, 0x00, 0x00, 0x00, 0x00, 0x00,
    0x00, 0x00, 0x00, 0x00, 0x00, 0x00, 0x00, 0x00, 0x00, 0x00, 0x00, 0x00, 0x00, 0x00, 0x00, 0x00,
    0x00, 0x00, 0x00, 0x00, 0x00, 0x00, 0x00, 0x00, 0x00, 0x00, 0x00, 0x00, 0x00, 0x00, 0x00, 0x00,
    0x00, 0x00, 0x00, 0x00, 0x00, 0x00, 0x00, 0x00, 0x00, 0x00, 0x00, 0x00, 0x00, 0x00, 0x00, 0x00,
    0x00, 0x00, 0x00, 0x00, 0x00, 0x00, 0x00, 0x00, 0x00, 0x00, 0x00, 0x00, 0x00, 0x00, 0x00, 0x00,
    0x00, 0x00, 0x00, 0x00, 0x00, 0x00, 0x00, 0x00, 0x00, 0x00, 0x00, 0x00, 0x00, 0x00, 0x00, 0x00,
    0x00, 0x00, 0x00, 0x00, 0x00, 0x00, 0x00, 0x00, 0x00, 0x00, 0x00, 0x00, 0x00, 0x00, 0x00, 0x00,
    0x00, 0x00, 0x00, 0x00, 0x00, 0x00, 0x00, 0x00, 0x00, 0x00, 0x00, 0x00, 0x00, 0x00, 0x00, 0x00,
    0x00, 0x00, 0x00, 0x00, 0x00, 0x00, 0x00, 0x00, 0x00, 0x00, 0x00, 0x00, 0x00, 0x00, 0x00, 0x00,
    0x00, 0x00, 0x00, 0x00, 0x00, 0x00, 0x00, 0x00, 0x00, 0x00, 0x00, 0x00, 0x00, 0x00, 0x00, 0x00,
    0x00, 0x00, 0x00, 0x00, 0x00, 0x00, 0x00, 0x00, 0x00, 0x00, 0x00, 0x00, 0x00, 0x00, 0x00, 0x00,
    0x00, 0x00, 0x00, 0x00, 0x00, 0x00, 0x00, 0x00, 0x00, 0x00, 0x00, 0x00, 0x00, 0x00, 0x00, 0x00,
    0x00, 0x00, 0x00, 0x00, 0x00, 0x00, 0x00, 0x00, 0x00, 0x00, 0x00, 0x00, 0x00, 0x00, 0x00, 0x00,
    0x00, 0x00, 0x00, 0x00, 0x00, 0x00, 0x00, 0x00, 0x00, 0x00, 0x00, 0x00, 0x00, 0x00, 0x00, 0x00,
    0x00, 0x00, 0x00, 0x00, 0x00, 0x00, 0x00, 0x00, 0x00, 0x00, 0x00, 0x00, 0x00, 0x00, 0x00, 0x00,
    0x00, 0x00, 0x00, 0x00, 0x00, 0x00, 0x00, 0x00, 0x00, 0x00, 0x00, 0x00, 0x00, 0x00, 0x00, 0x00,
    0x00, 0x00, 0x00, 0x00, 0x00, 0x00, 0x00, 0x00, 0x00, 0x00, 0x00, 0x00, 0x00, 0x00, 0x00, 0x00,
    0x00, 0x00, 0x00, 0x00, 0x00, 0x00, 0x00, 0x00, 0x00, 0x00, 0x00, 0x00, 0x00, 0x00, 0x00, 0x00,
    0x00, 0x00, 0x00, 0x00, 0x00, 0x00, 0x00, 0x00, 0x00, 0x00, 0x00, 0x00, 0x00, 0x00, 0x00, 0x00,
    0x00, 0x00, 0x00, 0x00, 0x00, 0x00, 0x00, 0x00, 0x00, 0x00, 0x00, 0x00, 0x00, 0x00, 0x00, 0x00,
    0x00, 0x00, 0x00, 0x00, 0x00, 0x00, 0x00, 0x00, 0x00, 0x00, 0x00, 0x00, 0x00, 0x00, 0x00, 0x00,
    0x00, 0x00, 0x00, 0x00, 0x00, 0x00, 0x00, 0x00, 0x00, 0x00, 0x00, 0x00, 0x00, 0x00, 0x00, 0x00,
    0x00, 0x00, 0x00, 0x00, 0x00, 0x00, 0x00, 0x00, 0x00, 0x00, 0x00, 0x00, 0x00, 0x00, 0x00, 0x00,
    0x00, 0x00, 0x00, 0x00, 0x00, 0x00, 0x00, 0x00, 0x00, 0x00, 0x00, 0x00, 0x00, 0x00, 0x00, 0x00,
    0x00, 0x00, 0x00, 0x00, 0x00, 0x00, 0x00, 0x00, 0x00, 0x00, 0x00, 0x00, 0x00, 0x00, 0x00, 0x00,
    0x00, 0x00, 0x00, 0x00, 0x00, 0x00, 0x00, 0x00, 0x00, 0x00, 0x00, 0x00, 0x00, 0x00, 0x00, 0x00,
    0x00, 0x00, 0x00, 0x00, 0x00, 0x00, 0x00, 0x00, 0x00, 0x00, 0x00, 0x00, 0x00, 0x00, 0x00, 0x00,
    0x00, 0x00, 0x00, 0x00, 0x00, 0x00, 0x00, 0x00, 0x00, 0x00, 0x00, 0x00, 0x00, 0x00, 0x00, 0x00,
    0x00, 0x00, 0x00, 0x00, 0x00, 0x00, 0x00, 0x00, 0x00, 0x00, 0x00, 0x00, 0x00, 0x00, 0x00, 0x00,
    0x00, 0x00, 0x00, 0x00, 0x00, 0x00, 0x00, 0x00, 0x00, 0x00, 0x00, 0x00, 0x00, 0x00, 0x00, 0x00,
    0x00, 0x00, 0x00, 0x00, 0x00, 0x00, 0x00, 0x00, 0x00, 0x00, 0x00, 0x00, 0x00, 0x00, 0x00, 0x00,
    0x00, 0x00, 0x00, 0x00, 0x00, 0x00, 0x00, 0x00, 0x00, 0x00, 0x00, 0x00, 0x00, 0x00, 0x00, 0x00,
    0x00, 0x00, 0x00, 0x00, 0x00, 0x00, 0x00, 0x00, 0x00, 0x00, 0x00, 0x00, 0x00, 0x00, 0x00, 0x00,
    0x00, 0x00, 0x00, 0x00, 0x00, 0x00, 0x00, 0x00, 0x00, 0x00, 0x00, 0x00, 0x00, 0x00, 0x00, 0x00,
    0x00, 0x00, 0x00, 0x00, 0x00, 0x00, 0x00, 0x00, 0x00, 0x00, 0x00, 0x00, 0x00, 0x00, 0x00, 0x00,
    0x00, 0x00, 0x00, 0x00, 0x00, 0x00, 0x00, 0x00, 0x00, 0x00, 0x00, 0x00, 0x00, 0x00, 0x00, 0x00,
    0x00, 0x00, 0x00, 0x00, 0x00, 0x00, 0x00, 0x00, 0x00, 0x00, 0x00, 0x00, 0x00, 0x00, 0x00, 0x00,
    0x00, 0x00, 0x00, 0x00, 0x00, 0x00, 0x00, 0x00, 0x00, 0x00, 0x00, 0x00, 0x00, 0x00, 0x00, 0x00,
    0x00, 0x00, 0x00, 0x00, 0x00, 0x00, 0x00, 0x00, 0x00, 0x00, 0x00, 0x00, 0x00, 0x00, 0x00, 0x00,
    0x00, 0x00, 0x00, 0x00, 0x00, 0x00, 0x00, 0x00, 0x00, 0x00, 0x00, 0x00, 0x00, 0x00, 0x00, 0x00,
    0x00, 0x00, 0x00, 0x00, 0x00, 0x00, 0x00, 0x00, 0x00, 0x00, 0x00, 0x00, 0x00, 0x00, 0x00, 0x00,
    0x00, 0x00, 0x00, 0x00, 0x00, 0x00, 0x00, 0x00, 0x00, 0x00, 0x00, 0x00, 0x00, 0x00, 0x00, 0x00,
    0x00, 0x00, 0x00, 0x00, 0x00, 0x00, 0x00, 0x00, 0x00, 0x00, 0x00, 0x00, 0x00, 0x00, 0x00, 0x00,
    0x00, 0x00, 0x00, 0x00, 0x00, 0x00, 0x00, 0x00, 0x00, 0x00, 0x00, 0x00, 0x00, 0x00, 0x00, 0x00,
    0x00, 0x00, 0x00, 0x00, 0x00, 0x00, 0x00, 0x00, 0x00, 0x00, 0x00, 0x00, 0x00, 0x00, 0x00, 0x00,
    0x00, 0x00, 0x00, 0x00, 0x00, 0x00, 0x00, 0x00, 0x00, 0x00, 0x00, 0x00, 0x00, 0x00, 0x00, 0x00,
    0x00, 0x00, 0x00, 0x00, 0x00, 0x00, 0x00, 0x00, 0x00, 0x00, 0x00, 0x00, 0x00, 0x00, 0x00, 0x00,
    0x00, 0x00, 0x00, 0x00, 0x00, 0x00, 0x00, 0x00, 0x00, 0x00, 0x00, 0x00, 0x00, 0x00, 0x00, 0x00,
    0x00, 0x00, 0x00, 0x00, 0x00, 0x00, 0x00, 0x00, 0x00, 0x00, 0x00, 0x00, 0x00, 0x00, 0x00, 0x00,
    0x00, 0x00, 0x00, 0x00, 0x00, 0x00, 0x00, 0x00, 0x00, 0x00, 0x00, 0x00, 0x00, 0x00, 0x00, 0x00,
    0x00, 0x00, 0x00, 0x00, 0x00, 0x00, 0x00, 0x00, 0x00, 0x00, 0x00, 0x00, 0x00, 0x00, 0x00, 0x00,
    0x00, 0x00, 0x00, 0x00, 0x00, 0x00, 0x00, 0x00, 0x00, 0x00, 0x00, 0x00, 0x00, 0x00, 0x00, 0x00,
    0x00, 0x00, 0x00, 0x00, 0x00, 0x00, 0x00, 0x00, 0x00, 0x00, 0x00, 0x00, 0x00, 0x00, 0x00, 0x00,
    0x00, 0x00, 0x00, 0x00, 0x00, 0x00, 0x00, 0x00, 0x00, 0x00, 0x00, 0x00, 0x00, 0x00, 0x00, 0x00,
    0x00, 0x00, 0x00, 0x00, 0x00, 0x00, 0x00, 0x00, 0x00, 0x00, 0x00, 0x00, 0x00, 0x00, 0x00, 0x00,
    0x00, 0x00, 0x00, 0x00, 0x00, 0x00, 0x00, 0x00, 0x00, 0x00, 0x00, 0x00, 0x00, 0x00, 0x00, 0x00,
    0x00, 0x00, 0x00, 0x00, 0x00, 0x00, 0x00, 0x00, 0x00, 0x00, 0x00, 0x00, 0x00, 0x00, 0x00, 0x00,
    0x00, 0x00, 0x00, 0x00, 0x00, 0x00, 0x00, 0x00, 0x00, 0x00, 0x00, 0x00, 0x00, 0x00, 0x00, 0x00,
    0x00, 0x00, 0x00, 0x00, 0x00, 0x00, 0x00, 0x00, 0x00, 0x00, 0x00, 0x00, 0x00, 0x00, 0x00, 0x00,
    0x00, 0x00, 0x00, 0x00, 0x00, 0x00, 0x00, 0x00, 0x00, 0x00, 0x00, 0x00, 0x00, 0x00, 0x00, 0x00,
    0x00, 0x00, 0x00, 0x00, 0x00, 0x00, 0x00, 0x00, 0x00, 0x00, 0x00, 0x00, 0x00, 0x00, 0x00, 0x00,
    0x00, 0x00, 0x00, 0x00, 0x00, 0x00, 0x00, 0x00, 0x00, 0x00, 0x00, 0x00, 0x00, 0x00, 0x00, 0x00,
    0x00, 0x00, 0x00, 0x00, 0x00, 0x00, 0x00, 0x00, 0x00, 0x00, 0x00, 0x00, 0x00, 0x00, 0x00, 0x00,
    0x00, 0x00, 0x00, 0x00, 0x00, 0x00, 0x00, 0x00, 0x00, 0x00, 0x00, 0x00, 0x00, 0x00, 0x00, 0x00,
    0x00, 0x00, 0x00, 0x00, 0x00, 0x00, 0x00, 0x00, 0x00, 0x00, 0x00, 0x00, 0x00, 0x00, 0x00, 0x00,
    0x00, 0x00, 0x00, 0x00, 0x00, 0x00, 0x00, 0x00, 0x00, 0x00, 0x00, 0x00, 0x00, 0x00, 0x00, 0x00,
    0x00, 0x00, 0x00, 0x00, 0x00, 0x00, 0x00, 0x00, 0x00, 0x00, 0x00, 0x00, 0x00, 0x00, 0x00, 0x00,
    0x00, 0x00, 0x00, 0x00, 0x00, 0x00, 0x00, 0x00, 0x00, 0x00, 0x00, 0x00, 0x00, 0x00, 0x00, 0x00,
    0x00, 0x00, 0x00, 0x00, 0x00, 0x00, 0x00, 0x00, 0x00, 0x00, 0x00, 0x00, 0x00, 0x00, 0x00, 0x00,
    0x00, 0x00, 0x00, 0x00, 0x00, 0x00, 0x00, 0x00, 0x00, 0x00, 0x00, 0x00, 0x00, 0x00, 0x00, 0x00,
    0x00, 0x00, 0x00, 0x00, 0x00, 0x00, 0x00, 0x00, 0x00, 0x00, 0x00, 0x00, 0x00, 0x00, 0x00, 0x00,
    0x00, 0x00, 0x00, 0x00, 0x00, 0x00, 0x00, 0x00, 0x00, 0x00, 0x00, 0x00, 0x00, 0x00, 0x00, 0x00,
    0x00, 0x00, 0x00, 0x00, 0x00, 0x00, 0x00, 0x00, 0x00, 0x00, 0x00, 0x00, 0x00, 0x00, 0x00, 0x00,
    0x00, 0x00, 0x00, 0x00, 0x00, 0x00, 0x00, 0x00, 0x00, 0x00, 0x00, 0x00, 0x00, 0x00, 0x00, 0x00,
    0x00, 0x00, 0x00, 0x00, 0x00, 0x00, 0x00, 0x00, 0x00, 0x00, 0x00, 0x00, 0x00, 0x00, 0x00, 0x00,
    0x00, 0x00, 0x00, 0x00, 0x00, 0x00, 0x00, 0x00, 0x00, 0x00, 0x00, 0x00, 0x00, 0x00, 0x00, 0x00,
    0x00, 0x00, 0x00, 0x00, 0x00, 0x00, 0x00, 0x00, 0x00, 0x00, 0x00, 0x00, 0x00, 0x00, 0x00, 0x00,
    0x00, 0x00, 0x00, 0x00, 0x00, 0x00, 0x00, 0x00, 0x00, 0x00, 0x00, 0x00, 0x00, 0x00, 0x00, 0x00,
    0x00, 0x00, 0x00, 0x00, 0x00, 0x00, 0x00, 0x00, 0x00, 0x00, 0x00, 0x00, 0x00, 0x00, 0x00, 0x00,
    0x00, 0x00, 0x00, 0x00, 0x00, 0x00, 0x00, 0x00, 0x00, 0x00, 0x00, 0x00, 0x00, 0x00, 0x00, 0x00,
    0x00, 0x00, 0x00, 0x00, 0x00, 0x00, 0x00, 0x00, 0x00, 0x00, 0x00, 0x00, 0x00, 0x00, 0x00, 0x00,
    0x00, 0x00, 0x00, 0x00, 0x00, 0x00, 0x00, 0x00, 0x00, 0x00, 0x00, 0x00, 0x00, 0x00, 0x00, 0x00,
    0x00, 0x00, 0x00, 0x00, 0x00, 0x00, 0x00, 0x00, 0x00, 0x00, 0x00, 0x00, 0x00, 0x00, 0x00, 0x00,
    0x00, 0x00, 0x00, 0x00, 0x00, 0x00, 0x00, 0x00, 0x00, 0x00, 0x00, 0x00, 0x00, 0x00, 0x00, 0x00,
    0x00, 0x00, 0x00, 0x00, 0x00, 0x00, 0x00, 0x00, 0x00, 0x00, 0x00, 0x00, 0x00, 0x00, 0x00, 0x00,
    0x00, 0x00, 0x00, 0x00, 0x00, 0x00, 0x00, 0x00, 0x00, 0x00, 0x00, 0x00, 0x00, 0x00, 0x00, 0x00,
    0x00, 0x00, 0x00, 0x00, 0x00, 0x00, 0x00, 0x00, 0x00, 0x00, 0x00, 0x00, 0x00, 0x00, 0x00, 0x00,
    0x00, 0x00, 0x00, 0x00, 0x00, 0x00, 0x00, 0x00, 0x00, 0x00, 0x00, 0x00, 0x00, 0x00, 0x00, 0x00,
    0x00, 0x00, 0x00, 0x00, 0x00, 0x00, 0x00, 0x00, 0x00, 0x00, 0x00, 0x00, 0x00, 0x00, 0x00, 0x00,
    0x00, 0x00, 0x00, 0x00, 0x00, 0x00, 0x00, 0x00, 0x00, 0x00, 0x00, 0x00, 0x00, 0x00, 0x00, 0x00,
    0x00, 0x00, 0x00, 0x00, 0x00, 0x00, 0x00, 0x00, 0x00, 0x00, 0x00, 0x00, 0x00, 0x00, 0x00, 0x00,
    0x00, 0x00, 0x00, 0x00, 0x00, 0x00, 0x00, 0x00, 0x00, 0x00, 0x00, 0x00, 0x00, 0x00, 0x00, 0x00,
    0x00, 0x00, 0x00, 0x00, 0x00, 0x00, 0x00, 0x00, 0x00, 0x00, 0x00, 0x00, 0x00, 0x00, 0x00, 0x00,
    0x00, 0x00, 0x00, 0x00, 0x00, 0x00, 0x00, 0x00, 0x00, 0x00, 0x00, 0x00, 0x00, 0x00, 0x00, 0x00,
    0x00, 0x00, 0x00, 0x00, 0x00, 0x00, 0x00, 0x00, 0x00, 0x00, 0x00, 0x00, 0x00, 0x00, 0x00, 0x00,
    0x00, 0x00, 0x00, 0x00, 0x00, 0x00, 0x00, 0x00, 0x00, 0x00, 0x00, 0x00, 0x00, 0x00, 0x00, 0x00,
    0x00, 0x00, 0x00, 0x00, 0x00, 0x00, 0x00, 0x00, 0x00, 0x00, 0x00, 0x00, 0x00, 0x00, 0x00, 0x00,
    0x00, 0x00, 0x00, 0x00, 0x00, 0x00, 0x00, 0x00, 0x00, 0x00, 0x00, 0x00, 0x00, 0x00, 0x00, 0x00,
    0x00, 0x00, 0x00, 0x00, 0x00, 0x00, 0x00, 0x00, 0x00, 0x00, 0x00, 0x00, 0x00, 0x00, 0x00, 0x00,
    0x00, 0x00, 0x00, 0x00, 0x00, 0x00, 0x00, 0x00, 0x00, 0x00, 0x00, 0x00, 0x00, 0x00, 0x00, 0x00,
    0x00, 0x00, 0x00, 0x00, 0x00, 0x00, 0x00, 0x00, 0x00, 0x00, 0x00, 0x00, 0x00, 0x00, 0x00, 0x00,
    0x00, 0x00, 0x00, 0x00, 0x00, 0x00, 0x00, 0x00, 0x00, 0x00, 0x00, 0x00, 0x00, 0x00, 0x00, 0x00,
    0x00, 0x00, 0x00, 0x00, 0x00, 0x00, 0x00, 0x00, 0x00, 0x00, 0x00, 0x00, 0x00, 0x00, 0x00, 0x00,
    0x00, 0x00, 0x00, 0x00, 0x00, 0x00, 0x00, 0x00, 0x00, 0x00, 0x00, 0x00, 0x00, 0x00, 0x00, 0x00,
    0x00, 0x00, 0x00, 0x00, 0x00, 0x00, 0x00, 0x00, 0x00, 0x00, 0x00, 0x00, 0x00, 0x00, 0x00, 0x00,
    0x00, 0x00, 0x00, 0x00, 0x00, 0x00, 0x00, 0x00, 0x00, 0x00, 0x00, 0x00, 0x00, 0x00, 0x00, 0x00,
    0x00, 0x00, 0x00, 0x00, 0x00, 0x00, 0x00, 0x00, 0x00, 0x00, 0x00, 0x00, 0x00, 0x00, 0x00, 0x00,
    0x00, 0x00, 0x00, 0x00, 0x00, 0x00, 0x00, 0x00, 0x00, 0x00, 0x00, 0x00, 0x00, 0x00, 0x00, 0x00,
    0x00, 0x00, 0x00, 0x00, 0x00, 0x00, 0x00, 0x00, 0x00, 0x00, 0x00, 0x00, 0x00, 0x00, 0x00, 0x00,
    0x00, 0x00, 0x00, 0x00, 0x00, 0x00, 0x00, 0x00, 0x00, 0x00, 0x00, 0x00, 0x00, 0x00, 0x00, 0x00,
    0x00, 0x00, 0x00, 0x00, 0x00, 0x00, 0x00, 0x00, 0x00, 0x00, 0x00, 0x00, 0x00, 0x00, 0x00, 0x00,
    0x00, 0x00, 0x00, 0x00, 0x00, 0x00, 0x00, 0x00, 0x00, 0x00, 0x00, 0x00, 0x00, 0x00, 0x00, 0x00,
    0x00, 0x00, 0x00, 0x00, 0x00, 0x00, 0x00, 0x00, 0x00, 0x00, 0x00, 0x00, 0x00, 0x00, 0x00, 0x00,
    0x00, 0x00, 0x00, 0x00, 0x00, 0x00, 0x00, 0x00, 0x00, 0x00, 0x00, 0x00, 0x00, 0x00, 0x00, 0x00,
    0x00, 0x00, 0x00, 0x00, 0x00, 0x00, 0x00, 0x00, 0x00, 0x00, 0x00, 0x00, 0x00, 0x00, 0x00, 0x00,
    0x00, 0x00, 0x00, 0x00, 0x00, 0x00, 0x00, 0x00, 0x00, 0x00, 0x00, 0x00, 0x00, 0x00, 0x00, 0x00,
    0x00, 0x00, 0x00, 0x00, 0x00, 0x00, 0x00, 0x00, 0x00, 0x00, 0x00, 0x00, 0x00, 0x00, 0x00, 0x00,
    0x00, 0x00, 0x00, 0x00, 0x00, 0x00, 0x00, 0x00, 0x00, 0x00, 0x00, 0x00, 0x00, 0x00, 0x00, 0x00,
    0x00, 0x00, 0x00, 0x00, 0x00, 0x00, 0x00, 0x00, 0x00, 0x00, 0x00, 0x00, 0x00, 0x00, 0x00, 0x00,
    0x00, 0x00, 0x00, 0x00, 0x00, 0x00, 0x00, 0x00, 0x00, 0x00, 0x00, 0x00, 0x00, 0x00, 0x00, 0x00,
    0x00, 0x00, 0x00, 0x00, 0x00, 0x00, 0x00, 0x00, 0x00, 0x00, 0x00, 0x00, 0x00, 0x00, 0x00, 0x00,
    0x00, 0x00, 0x00, 0x00, 0x00, 0x00, 0x00, 0x00, 0x00, 0x00, 0x00, 0x00, 0x00, 0x00, 0x00, 0x00,
    0x00, 0x00, 0x00, 0x00, 0x00, 0x00, 0x00, 0x00, 0x00, 0x00, 0x00, 0x00, 0x00, 0x00, 0x00, 0x00,
    0x00, 0x00, 0x00, 0x00, 0x00, 0x00, 0x00, 0x00, 0x00, 0x00, 0x00, 0x00, 0x00, 0x00, 0x00, 0x00,
    0x00, 0x00, 0x00, 0x00, 0x00, 0x00, 0x00, 0x00, 0x00, 0x00, 0x00, 0x00, 0x00, 0x00, 0x00, 0x00,
    0x00, 0x00, 0x00, 0x00, 0x00, 0x00, 0x00, 0x00, 0x00, 0x00, 0x00, 0x00, 0x00, 0x00, 0x00, 0x00,
    0x00, 0x00, 0x00, 0x00, 0x00, 0x00, 0x00, 0x00, 0x00, 0x00, 0x00, 0x00, 0x00, 0x00, 0x00, 0x00,
    0x00, 0x00, 0x00, 0x00, 0x00, 0x00, 0x00, 0x00, 0x00, 0x00, 0x00, 0x00, 0x00, 0x00, 0x00, 0x00,
    0x00, 0x00, 0x00, 0x00, 0x00, 0x00, 0x00, 0x00, 0x00, 0x00, 0x00, 0x00, 0x00, 0x00, 0x00, 0x00,
    0x00, 0x00, 0x00, 0x00, 0x00, 0x00, 0x00, 0x00, 0x00, 0x00, 0x00, 0x00, 0x00, 0x00, 0x00, 0x00,
    0x00, 0x00, 0x00, 0x00, 0x00, 0x00, 0x00, 0x00, 0x00, 0x00, 0x00, 0x00, 0x00, 0x00, 0x00, 0x00,
    0x00, 0x00, 0x00, 0x00, 0x00, 0x00, 0x00, 0x00, 0x00, 0x00, 0x00, 0x00, 0x00, 0x00, 0x00, 0x00,
    0x00, 0x00, 0x00, 0x00, 0x00, 0x00, 0x00, 0x00, 0x00, 0x00, 0x00, 0x00, 0x00, 0x00, 0x00, 0x00,
    0x00, 0x00, 0x00, 0x00, 0x00, 0x00, 0x00, 0x00, 0x00, 0x00, 0x00, 0x00, 0x00, 0x00, 0x00, 0x00,
    0x00, 0x00, 0x00, 0x00, 0x00, 0x00, 0x00, 0x00, 0x00, 0x00, 0x00, 0x00, 0x00, 0x00, 0x00, 0x00,
    0x00, 0x00, 0x00, 0x00, 0x00, 0x00, 0x00, 0x00, 0x00, 0x00, 0x00, 0x00, 0x00, 0x00, 0x00, 0x00,
    0x00, 0x00, 0x00, 0x00, 0x00, 0x00, 0x00, 0x00, 0x00, 0x00, 0x00, 0x00, 0x00, 0x00, 0x00, 0x00,
    0x00, 0x00, 0x00, 0x00, 0x00, 0x00, 0x00, 0x00, 0x00, 0x00, 0x00, 0x00, 0x00, 0x00, 0x00, 0x00,
    0x00, 0x00, 0x00, 0x00, 0x00, 0x00, 0x00, 0x00, 0x00, 0x00, 0x00, 0x00, 0x00, 0x00, 0x00, 0x00,
    0x00, 0x00, 0x00, 0x00, 0x00, 0x00, 0x00, 0x00, 0x00, 0x00, 0x00, 0x00, 0x00, 0x00, 0x00, 0x00,
    0x00, 0x00, 0x00, 0x00, 0x00, 0x00, 0x00, 0x00, 0x00, 0x00, 0x00, 0x00, 0x00, 0x00, 0x00, 0x00,
    0x00, 0x00, 0x00, 0x00, 0x00, 0x00, 0x00, 0x00, 0x00, 0x00, 0x00, 0x00, 0x00, 0x00, 0x00, 0x00,
    0x00, 0x00, 0x00, 0x00, 0x00, 0x00, 0x00, 0x00, 0x00, 0x00, 0x00, 0x00, 0x00, 0x00, 0x00, 0x00,
    0x00, 0x00, 0x00, 0x00, 0x00, 0x00, 0x00, 0x00, 0x00, 0x00, 0x00, 0x00, 0x00, 0x00, 0x00, 0x00,
    0x00, 0x00, 0x00, 0x00, 0x00, 0x00, 0x00, 0x00, 0x00, 0x00, 0x00, 0x00, 0x00, 0x00, 0x00, 0x00,
    0x00, 0x00, 0x00, 0x00, 0x00, 0x00, 0x00, 0x00, 0x00, 0x00, 0x00, 0x00, 0x00, 0x00, 0x00, 0x00,
    0x00, 0x00, 0x00, 0x00, 0x00, 0x00, 0x00, 0x00, 0x00, 0x00, 0x00, 0x00, 0x00, 0x00, 0x00, 0x00,
    0x00, 0x00, 0x00, 0x00, 0x00, 0x00, 0x00, 0x00, 0x00, 0x00, 0x00, 0x00, 0x00, 0x00, 0x00, 0x00,
    0x00, 0x00, 0x00, 0x00, 0x00, 0x00, 0x00, 0x00, 0x00, 0x00, 0x00, 0x00, 0x00, 0x00, 0x00, 0x00,
    0x00, 0x00, 0x00, 0x00, 0x00, 0x00, 0x00, 0x00, 0x00, 0x00, 0x00, 0x00, 0x00, 0x00, 0x00, 0x00,
    0x00, 0x00, 0x00, 0x00, 0x00, 0x00, 0x00, 0x00, 0x00, 0x00, 0x00, 0x00, 0x00, 0x00, 0x00, 0x00,
    0x00, 0x00, 0x00, 0x00, 0x00, 0x00, 0x00, 0x00, 0x00, 0x00, 0x00, 0x00, 0x00, 0x00, 0x00, 0x00,
    0x00, 0x00, 0x00, 0x00, 0x00, 0x00, 0x00, 0x00, 0x00, 0x00, 0x00, 0x00, 0x00, 0x00, 0x00, 0x00,
    0x00, 0x00, 0x00, 0x00, 0x00, 0x00, 0x00, 0x00, 0x00, 0x00, 0x00, 0x00, 0x00, 0x00, 0x00, 0x00,
    0x00, 0x00, 0x00, 0x00, 0x00, 0x00, 0x00, 0x00, 0x00, 0x00, 0x00, 0x00, 0x00, 0x00, 0x00, 0x00,
    0x00, 0x00, 0x00, 0x00, 0x00, 0x00, 0x00, 0x00, 0x00, 0x00, 0x00, 0x00, 0x00, 0x00, 0x00, 0x00,
    0x00, 0x00, 0x00, 0x00, 0x00, 0x00, 0x00, 0x00, 0x00, 0x00, 0x00, 0x00, 0x00, 0x00, 0x00, 0x00,
    0x00, 0x00, 0x00, 0x00, 0x00, 0x00, 0x00, 0x00, 0x00, 0x00, 0x00, 0x00, 0x00, 0x00, 0x00, 0x00,
    0x00, 0x00, 0x00, 0x00, 0x00, 0x00, 0x00, 0x00, 0x00, 0x00, 0x00, 0x00, 0x00, 0x00, 0x00, 0x00,
    0x00, 0x00, 0x00, 0x00, 0x00, 0x00, 0x00, 0x00, 0x00, 0x00, 0x00, 0x00, 0x00, 0x00, 0x00, 0x00,
    0x00, 0x00, 0x00, 0x00, 0x00, 0x00, 0x00, 0x00, 0x00, 0x00, 0x00, 0x00, 0x00, 0x00, 0x00, 0x00,
    0x00, 0x00, 0x00, 0x00, 0x00, 0x00, 0x00, 0x00, 0x00, 0x00, 0x00, 0x00, 0x00, 0x00, 0x00, 0x00,
    0x00, 0x00, 0x00, 0x00, 0x00, 0x00, 0x00, 0x00, 0x00, 0x00, 0x00, 0x00, 0x00, 0x00, 0x00, 0x00,
    0x00, 0x00, 0x00, 0x00, 0x00, 0x00, 0x00, 0x00, 0x00, 0x00, 0x00, 0x00, 0x00, 0x00, 0x00, 0x00,
    0x00, 0x00, 0x00, 0x00, 0x00, 0x00, 0x00, 0x00, 0x00, 0x00, 0x00, 0x00, 0x00, 0x00, 0x00, 0x00,
    0x00, 0x00, 0x00, 0x00, 0x00, 0x00, 0x00, 0x00, 0x00, 0x00, 0x00, 0x00, 0x00, 0x00, 0x00, 0x00,
    0x00, 0x00, 0x00, 0x00, 0x00, 0x00, 0x00, 0x00, 0x00, 0x00, 0x00, 0x00, 0x00, 0x00, 0x00, 0x00,
    0x00, 0x00, 0x00, 0x00, 0x00, 0x00, 0x00, 0x00, 0x00, 0x00, 0x00, 0x00, 0x00, 0x00, 0x00, 0x00,
    0x00, 0x00, 0x00, 0x00, 0x00, 0x00, 0x00, 0x00, 0x00, 0x00, 0x00, 0x00, 0x00, 0x00, 0x00, 0x00,
    0x00, 0x00, 0x00, 0x00, 0x00, 0x00, 0x00, 0x00, 0x00, 0x00, 0x00, 0x00, 0x00, 0x00, 0x00, 0x00,
    0x00, 0x00, 0x00, 0x00, 0x00, 0x00, 0x00, 0x00, 0x00, 0x00, 0x00, 0x00, 0x00, 0x00, 0x00, 0x00,
    0x00, 0x00, 0x00, 0x00, 0x00, 0x00, 0x00, 0x00, 0x00, 0x00, 0x00, 0x00, 0x00, 0x00, 0x00, 0x00,
    0x00, 0x00, 0x00, 0x00, 0x00, 0x00, 0x00, 0x00, 0x00, 0x00, 0x00, 0x00, 0x00, 0x00, 0x00, 0x00,
    0x00, 0x00, 0x00, 0x00, 0x00, 0x00, 0x00, 0x00, 0x00, 0x00, 0x00, 0x00, 0x00, 0x00, 0x00, 0x00,
    0x00, 0x00, 0x00, 0x00, 0x00, 0x00, 0x00, 0x00, 0x00, 0x00, 0x00, 0x00, 0x00, 0x00, 0x00, 0x00,
    0x00, 0x00, 0x00, 0x00, 0x00, 0x00, 0x00, 0x00, 0x00, 0x00, 0x00, 0x00, 0x00, 0x00, 0x00, 0x00,
    0x00, 0x00, 0x00, 0x00, 0x00, 0x00, 0x00, 0x00, 0x00, 0x00, 0x00, 0x00, 0x00, 0x00, 0x00, 0x00,
    0x00, 0x00, 0x00, 0x00, 0x00, 0x00, 0x00, 0x00, 0x00, 0x00, 0x00, 0x00, 0x00, 0x00, 0x00, 0x00,
    0x00, 0x00, 0x00, 0x00, 0x00, 0x00, 0x00, 0x00, 0x00, 0x00, 0x00, 0x00, 0x00, 0x00, 0x00, 0x00,
    0x00, 0x00, 0x00, 0x00, 0x00, 0x00, 0x00, 0x00, 0x00, 0x00, 0x00, 0x00, 0x00, 0x00, 0x00, 0x00,
    0x00, 0x00, 0x00, 0x00, 0x00, 0x00, 0x00, 0x00, 0x00, 0x00, 0x00, 0x00, 0x00, 0x00, 0x00, 0x00,
    0x00, 0x00, 0x00, 0x00, 0x00, 0x00, 0x00, 0x00, 0x00, 0x00, 0x00, 0x00, 0x00, 0x00, 0x00, 0x00,
    0x00, 0x00, 0x00, 0x00, 0x00, 0x00, 0x00, 0x00, 0x00, 0x00, 0x00, 0x00, 0x00, 0x00, 0x00, 0x00,
    0x00, 0x00, 0x00, 0x00, 0x00, 0x00, 0x00, 0x00, 0x00, 0x00, 0x00, 0x00, 0x00, 0x00, 0x00, 0x00,
    0x00, 0x00, 0x00, 0x00, 0x00, 0x00, 0x00, 0x00, 0x00, 0x00, 0x00, 0x00, 0x00, 0x00, 0x00, 0x00,
    0x00, 0x00, 0x00, 0x00, 0x00, 0x00, 0x00, 0x00, 0x00, 0x00, 0x00, 0x00, 0x00, 0x00, 0x00, 0x00,
    0x00, 0x00, 0x00, 0x00, 0x00, 0x00, 0x00, 0x00, 0x00, 0x00, 0x00, 0x00, 0x00, 0x00, 0x00, 0x00,
    0x00, 0x00, 0x00, 0x00, 0x00, 0x00, 0x00, 0x00, 0x00, 0x00, 0x00, 0x00, 0x00, 0x00, 0x00, 0x00,
    0x00, 0x00, 0x00, 0x00, 0x00, 0x00, 0x00, 0x00, 0x00, 0x00, 0x00, 0x00, 0x00, 0x00, 0x00, 0x00,
    0x00, 0x00, 0x00, 0x00, 0x00, 0x00, 0x00, 0x00, 0x00, 0x00, 0x00, 0x00, 0x00, 0x00, 0x00, 0x00,
    0x00, 0x00, 0x00, 0x00, 0x00, 0x00, 0x00, 0x00, 0x00, 0x00, 0x00, 0x00, 0x00, 0x00, 0x00, 0x00,
    0x00, 0x00, 0x00, 0x00, 0x00, 0x00, 0x00, 0x00, 0x00, 0x00, 0x00, 0x00, 0x00, 0x00, 0x00, 0x00,
    0x00, 0x00, 0x00, 0x00, 0x00, 0x00, 0x00, 0x00, 0x00, 0x00, 0x00, 0x00, 0x00, 0x00, 0x00, 0x00,
    0x00, 0x00, 0x00, 0x00, 0x00, 0x00, 0x00, 0x00, 0x00, 0x00, 0x00, 0x00, 0x00, 0x00, 0x00, 0x00,
    0x00, 0x00, 0x00, 0x00, 0x00, 0x00, 0x00, 0x00, 0x00, 0x00, 0x00, 0x00, 0x00, 0x00, 0x00, 0x00,
    0x00, 0x00, 0x00, 0x00, 0x00, 0x00, 0x00, 0x00, 0x00, 0x00, 0x00, 0x00, 0x00, 0x00, 0x00, 0x00,
    0x00, 0x00, 0x00, 0x00, 0x00, 0x00, 0x00, 0x00, 0x00, 0x00, 0x00, 0x00, 0x00, 0x00, 0x00, 0x00,
    0x00, 0x00, 0x00, 0x00, 0x00, 0x00, 0x00, 0x00, 0x00, 0x00, 0x00, 0x00, 0x00, 0x00, 0x00, 0x00,
    0x00, 0x00, 0x00, 0x00, 0x00, 0x00, 0x00, 0x00, 0x00, 0x00, 0x00, 0x00, 0x00, 0x00, 0x00, 0x00,
    0x00, 0x00, 0x00, 0x00, 0x00, 0x00, 0x00, 0x00, 0x00, 0x00, 0x00, 0x00, 0x00, 0x00, 0x00, 0x00,
    0x00, 0x00, 0x00, 0x00, 0x00, 0x00, 0x00, 0x00, 0x00, 0x00, 0x00, 0x00, 0x00, 0x00, 0x00, 0x00,
    0x00, 0x00, 0x00, 0x00, 0x00, 0x00, 0x00, 0x00, 0x00, 0x00, 0x00, 0x00, 0x00, 0x00, 0x00, 0x00,
    0x00, 0x00, 0x00, 0x00, 0x00, 0x00, 0x00, 0x00, 0x00, 0x00, 0x00, 0x00, 0x00, 0x00, 0x00, 0x00,
    0x00, 0x00, 0x00, 0x00, 0x00, 0x00, 0x00, 0x00, 0x00, 0x00, 0x00, 0x00, 0x00, 0x00, 0x00, 0x00,
    0x00, 0x00, 0x00, 0x00, 0x00, 0x00, 0x00, 0x00, 0x00, 0x00, 0x00, 0x00, 0x00, 0x00, 0x00, 0x00,
    0x00, 0x00, 0x00, 0x00, 0x00, 0x00, 0x00, 0x00, 0x00, 0x00, 0x00, 0x00, 0x00, 0x00, 0x00, 0x00,
    0x00, 0x00, 0x00, 0x00, 0x00, 0x00, 0x00, 0x00, 0x00, 0x00, 0x00, 0x00, 0x00, 0x00, 0x00, 0x00,
    0x00, 0x00, 0x00, 0x00, 0x00, 0x00, 0x00, 0x00, 0x00, 0x00, 0x00, 0x00, 0x00, 0x00, 0x00, 0x00,
    0x00, 0x00, 0x00, 0x00, 0x00, 0x00, 0x00, 0x00, 0x00, 0x00, 0x00, 0x00, 0x00, 0x00, 0x00, 0x00,
    0x00, 0x00, 0x00, 0x00, 0x00, 0x00, 0x00, 0x00, 0x00, 0x00, 0x00, 0x00, 0x00, 0x00, 0x00, 0x00,
    0x00, 0x00, 0x00, 0x00, 0x00, 0x00, 0x00, 0x00, 0x00, 0x00, 0x00, 0x00, 0x00, 0x00, 0x00, 0x00,
    0x00, 0x00, 0x00, 0x00, 0x00, 0x00, 0x00, 0x00, 0x00, 0x00, 0x00, 0x00, 0x00, 0x00, 0x00, 0x00,
    0x00, 0x00, 0x00, 0x00, 0x00, 0x00, 0x00, 0x00, 0x00, 0x00, 0x00, 0x00, 0x00, 0x00, 0x00, 0x00,
    0x00, 0x00, 0x00, 0x00, 0x00, 0x00, 0x00, 0x00, 0x00, 0x00, 0x00, 0x00, 0x00, 0x00, 0x00, 0x00,
    0x00, 0x00, 0x00, 0x00, 0x00, 0x00, 0x00, 0x00, 0x00, 0x00, 0x00, 0x00, 0x00, 0x00, 0x00, 0x00,
    0x00, 0x00, 0x00, 0x00, 0x00, 0x00, 0x00, 0x00, 0x00, 0x00, 0x00, 0x00, 0x00, 0x00, 0x00, 0x00,
    0x00, 0x00, 0x00, 0x00, 0x00, 0x00, 0x00, 0x00, 0x00, 0x00, 0x00, 0x00, 0x00, 0x00, 0x00, 0x00,
    0x00, 0x00, 0x00, 0x00, 0x00, 0x00, 0x00, 0x00, 0x00, 0x00, 0x00, 0x00, 0x00, 0x00, 0x00, 0x00,
    0x00, 0x00, 0x00, 0x00, 0x00, 0x00, 0x00, 0x00, 0x00, 0x00, 0x00, 0x00, 0x00, 0x00, 0x00, 0x00,
    0x00, 0x00, 0x00, 0x00, 0x00, 0x00, 0x00, 0x00, 0x00, 0x00, 0x00, 0x00, 0x00, 0x00, 0x00, 0x00,
    0x00, 0x00, 0x00, 0x00, 0x00, 0x00, 0x00, 0x00, 0x00, 0x00, 0x00, 0x00, 0x00, 0x00, 0x00, 0x00,
    0x00, 0x00, 0x00, 0x00, 0x00, 0x00, 0x00, 0x00, 0x00, 0x00, 0x00, 0x00, 0x00, 0x00, 0x00, 0x00,
    0x00, 0x00, 0x00, 0x00, 0x00, 0x00, 0x00, 0x00, 0x00, 0x00, 0x00, 0x00, 0x00, 0x00, 0x00, 0x00,
    0x00, 0x00, 0x00, 0x00, 0x00, 0x00, 0x00, 0x00, 0x00, 0x00, 0x00, 0x00, 0x00, 0x00, 0x00, 0x00,
    0x00, 0x00, 0x00, 0x00, 0x00, 0x00, 0x00, 0x00, 0x00, 0x00, 0x00, 0x00, 0x00, 0x00, 0x00, 0x00,
    0x00, 0x00, 0x00, 0x00, 0x00, 0x00, 0x00, 0x00, 0x00, 0x00, 0x00, 0x00, 0x00, 0x00, 0x00, 0x00,
    0x00, 0x00, 0x00, 0x00, 0x00, 0x00, 0x00, 0x00, 0x00, 0x00, 0x00, 0x00, 0x00, 0x00, 0x00, 0x00,
    0x00, 0x00, 0x00, 0x00, 0x00, 0x00, 0x00, 0x00, 0x00, 0x00, 0x00, 0x00, 0x00, 0x00, 0x00, 0x00,
    0x00, 0x00, 0x00, 0x00, 0x00, 0x00, 0x00, 0x00, 0x00, 0x00, 0x00, 0x00, 0x00, 0x00, 0x00, 0x00,
    0x00, 0x00, 0x00, 0x00, 0x00, 0x00, 0x00, 0x00, 0x00, 0x00, 0x00, 0x00, 0x00, 0x00, 0x00, 0x00,
    0x00, 0x00, 0x00, 0x00, 0x00, 0x00, 0x00, 0x00, 0x00, 0x00, 0x00, 0x00, 0x00, 0x00, 0x00, 0x00,
    0x00, 0x00, 0x00, 0x00, 0x00, 0x00, 0x00, 0x00, 0x00, 0x00, 0x00, 0x00, 0x00, 0x00, 0x00, 0x00,
    0x00, 0x00, 0x00, 0x00, 0x00, 0x00, 0x00, 0x00, 0x00, 0x00, 0x00, 0x00, 0x00, 0x00, 0x00, 0x00,
    0x00, 0x00, 0x00, 0x00, 0x00, 0x00, 0x00, 0x00, 0x00, 0x00, 0x00, 0x00, 0x00, 0x00, 0x00, 0x00,
    0x00, 0x00, 0x00, 0x00, 0x00, 0x00, 0x00, 0x00, 0x00, 0x00, 0x00, 0x00, 0x00, 0x00, 0x00, 0x00,
    0x00, 0x00, 0x00, 0x00, 0x00, 0x00, 0x00, 0x00, 0x00, 0x00, 0x00, 0x00, 0x00, 0x00, 0x00, 0x00,
    0x00, 0x00, 0x00, 0x00, 0x00, 0x00, 0x00, 0x00, 0x00, 0x00, 0x00, 0x00, 0x00, 0x00, 0x00, 0x00,
    0x00, 0x00, 0x00, 0x00, 0x00, 0x00, 0x00, 0x00, 0x00, 0x00, 0x00, 0x00, 0x00, 0x00, 0x00, 0x00,
    0x00, 0x00, 0x00, 0x00, 0x00, 0x00, 0x00, 0x00, 0x00, 0x00, 0x00, 0x00, 0x00, 0x00, 0x00, 0x00,
    0x00, 0x00, 0x00, 0x00, 0x00, 0x00, 0x00, 0x00, 0x00, 0x00, 0x00, 0x00, 0x00, 0x00, 0x00, 0x00,
    0x00, 0x00, 0x00, 0x00, 0x00, 0x00, 0x00, 0x00, 0x00, 0x00, 0x00, 0x00, 0x00, 0x00, 0x00, 0x00,
    0x00, 0x00, 0x00, 0x00, 0x00, 0x00, 0x00, 0x00, 0x00, 0x00, 0x00, 0x00, 0x00, 0x00, 0x00, 0x00,
    0x00, 0x00, 0x00, 0x00, 0x00, 0x00, 0x00, 0x00, 0x00, 0x00, 0x00, 0x00, 0x00, 0x00, 0x00, 0x00,
    0x00, 0x00, 0x00, 0x00, 0x00, 0x00, 0x00, 0x00, 0x00, 0x00, 0x00, 0x00, 0x00, 0x00, 0x00, 0x00,
    0x00, 0x00, 0x00, 0x00, 0x00, 0x00, 0x00, 0x00, 0x00, 0x00, 0x00, 0x00, 0x00, 0x00, 0x00, 0x00,
    0x00, 0x00, 0x00, 0x00, 0x00, 0x00, 0x00, 0x00, 0x00, 0x00, 0x00, 0x00, 0x00, 0x00, 0x00, 0x00,
    0x00, 0x00, 0x00, 0x00, 0x00, 0x00, 0x00, 0x00, 0x00, 0x00, 0x00, 0x00, 0x00, 0x00, 0x00, 0x00,
    0x00, 0x00, 0x00, 0x00, 0x00, 0x00, 0x00, 0x00, 0x00, 0x00, 0x00, 0x00, 0x00, 0x00, 0x00, 0x00,
    0x00, 0x00, 0x00, 0x00, 0x00, 0x00, 0x00, 0x00, 0x00, 0x00, 0x00, 0x00, 0x00, 0x00, 0x00, 0x00,
    0x00, 0x00, 0x00, 0x00, 0x00, 0x00, 0x00, 0x00, 0x00, 0x00, 0x00, 0x00, 0x00, 0x00, 0x00, 0x00,
    0x00, 0x00, 0x00, 0x00, 0x00, 0x00, 0x00, 0x00, 0x00, 0x00, 0x00, 0x00, 0x00, 0x00, 0x00, 0x00,
    0x00, 0x00, 0x00, 0x00, 0x00, 0x00, 0x00, 0x00, 0x00, 0x00, 0x00, 0x00, 0x00, 0x00, 0x00, 0x00,
    0x00, 0x00, 0x00, 0x00, 0x00, 0x00, 0x00, 0x00, 0x00, 0x00, 0x00, 0x00, 0x00, 0x00, 0x00, 0x00,
    0x00, 0x00, 0x00, 0x00, 0x00, 0x00, 0x00, 0x00, 0x00, 0x00, 0x00, 0x00, 0x00, 0x00, 0x00, 0x00,
    0x00, 0x00, 0x00, 0x00, 0x00, 0x00, 0x00, 0x00, 0x00, 0x00, 0x00, 0x00, 0x00, 0x00, 0x00, 0x00,
    0x00, 0x00, 0x00, 0x00, 0x00, 0x00, 0x00, 0x00, 0x00, 0x00, 0x00, 0x00, 0x00, 0x00, 0x00, 0x00,
    0x00, 0x00, 0x00, 0x00, 0x00, 0x00, 0x00, 0x00, 0x00, 0x00, 0x00, 0x00, 0x00, 0x00, 0x00, 0x00,
    0x00, 0x00, 0x00, 0x00, 0x00, 0x00, 0x00, 0x00, 0x00, 0x00, 0x00, 0x00, 0x00, 0x00, 0x00, 0x00,
    0x00, 0x00, 0x00, 0x00, 0x00, 0x00, 0x00, 0x00, 0x00, 0x00, 0x00, 0x00, 0x00, 0x00, 0x00, 0x00,
    0x00, 0x00, 0x00, 0x00, 0x00, 0x00, 0x00, 0x00, 0x00, 0x00, 0x00, 0x00, 0x00, 0x00, 0x00, 0x00,
    0x00, 0x00, 0x00, 0x00, 0x00, 0x00, 0x00, 0x00, 0x00, 0x00, 0x00, 0x00, 0x00, 0x00, 0x00, 0x00,
    0x00, 0x00, 0x00, 0x00, 0x00, 0x00, 0x00, 0x00, 0x00, 0x00, 0x00, 0x00, 0x00, 0x00, 0x00, 0x00,
    0x00, 0x00, 0x00, 0x00, 0x00, 0x00, 0x00, 0x00, 0x00, 0x00, 0x00, 0x00, 0x00, 0x00, 0x00, 0x00,
    0x00, 0x00, 0x00, 0x00, 0x00, 0x00, 0x00, 0x00, 0x00, 0x00, 0x00, 0x00, 0x00, 0x00, 0x00, 0x00,
    0x00, 0x00, 0x00, 0x00, 0x00, 0x00, 0x00, 0x00, 0x00, 0x00, 0x00, 0x00, 0x00, 0x00, 0x00, 0x00,
    0x00, 0x00, 0x00, 0x00, 0x00, 0x00, 0x00, 0x00, 0x00, 0x00, 0x00, 0x00, 0x00, 0x00, 0x00, 0x00,
    0x00, 0x00, 0x00, 0x00, 0x00, 0x00, 0x00, 0x00, 0x00, 0x00, 0x00, 0x00, 0x00, 0x00, 0x00, 0x00,
    0x00, 0x00, 0x00, 0x00, 0x00, 0x00, 0x00, 0x00, 0x00, 0x00, 0x00, 0x00, 0x00, 0x00, 0x00, 0x00,
    0x00, 0x00, 0x00, 0x00, 0x00, 0x00, 0x00, 0x00, 0x00, 0x00, 0x00, 0x00, 0x00, 0x00, 0x00, 0x00,
    0x00, 0x00, 0x00, 0x00, 0x00, 0x00, 0x00, 0x00, 0x00, 0x00, 0x00, 0x00, 0x00, 0x00, 0x00, 0x00,
    0x00, 0x00, 0x00, 0x00, 0x00, 0x00, 0x00, 0x00, 0x00, 0x00, 0x00, 0x00, 0x00, 0x00, 0x00, 0x00,
    0x00, 0x00, 0x00, 0x00, 0x00, 0x00, 0x00, 0x00, 0x00, 0x00, 0x00, 0x00, 0x00, 0x00, 0x00, 0x00,
    0x00, 0x00, 0x00, 0x00, 0x00, 0x00, 0x00, 0x00, 0x00, 0x00, 0x00, 0x00, 0x00, 0x00, 0x00, 0x00,
    0x00, 0x00, 0x00, 0x00, 0x00, 0x00, 0x00, 0x00, 0x00, 0x00, 0x00, 0x00, 0x00, 0x00, 0x00, 0x00,
    0x00, 0x00, 0x00, 0x00, 0x00, 0x00, 0x00, 0x00, 0x00, 0x00, 0x00, 0x00, 0x00, 0x00, 0x00, 0x00,
    0x00, 0x00, 0x00, 0x00, 0x00, 0x00, 0x00, 0x00, 0x00, 0x00, 0x00, 0x00, 0x00, 0x00, 0x00, 0x00,
    0x00, 0x00, 0x00, 0x00, 0x00, 0x00, 0x00, 0x00, 0x00, 0x00, 0x00, 0x00, 0x00, 0x00, 0x00, 0x00,
    0x00, 0x00, 0x00, 0x00, 0x00, 0x00, 0x00, 0x00, 0x00, 0x00, 0x00, 0x00, 0x00, 0x00, 0x00, 0x00,
    0x00, 0x00, 0x00, 0x00, 0x00, 0x00, 0x00, 0x00, 0x00, 0x00, 0x00, 0x00, 0x00, 0x00, 0x00, 0x00,
    0x00, 0x00, 0x00, 0x00, 0x00, 0x00, 0x00, 0x00, 0x00, 0x00, 0x00, 0x00, 0x00, 0x00, 0x00, 0x00,
    0x00, 0x00, 0x00, 0x00, 0x00, 0x00, 0x00, 0x00, 0x00, 0x00, 0x00, 0x00, 0x00, 0x00, 0x00, 0x00,
    0x00, 0x00, 0x00, 0x00, 0x00, 0x00, 0x00, 0x00, 0x00, 0x00, 0x00, 0x00, 0x00, 0x00, 0x00, 0x00,
    0x00, 0x00, 0x00, 0x00, 0x00, 0x00, 0x00, 0x00, 0x00, 0x00, 0x00, 0x00, 0x00, 0x00, 0x00, 0x00,
    0x00, 0x00, 0x00, 0x00, 0x00, 0x00, 0x00, 0x00, 0x00, 0x00, 0x00, 0x00, 0x00, 0x00, 0x00, 0x00,
    0x00, 0x00, 0x00, 0x00, 0x00, 0x00, 0x00, 0x00, 0x00, 0x00, 0x00, 0x00, 0x00, 0x00, 0x00, 0x00,
    0x00, 0x00, 0x00, 0x00, 0x00, 0x00, 0x00, 0x00, 0x00, 0x00, 0x00, 0x00, 0x00, 0x00, 0x00, 0x00,
    0x00, 0x00, 0x00, 0x00, 0x00, 0x00, 0x00, 0x00, 0x00, 0x00, 0x00, 0x00, 0x00, 0x00, 0x00, 0x00,
    0x00, 0x00, 0x00, 0x00, 0x00, 0x00, 0x00, 0x00, 0x00, 0x00, 0x00, 0x00, 0x00, 0x00, 0x00, 0x00,
    0x00, 0x00, 0x00, 0x00, 0x00, 0x00, 0x00, 0x00, 0x00, 0x00, 0x00, 0x00, 0x00, 0x00, 0x00, 0x00,
    0x00, 0x00, 0x00, 0x00, 0x00, 0x00, 0x00, 0x00, 0x00, 0x00, 0x00, 0x00, 0x00, 0x00, 0x00, 0x00,
    0x00, 0x00, 0x00, 0x00, 0x00, 0x00, 0x00, 0x00, 0x00, 0x00, 0x00, 0x00, 0x00, 0x00, 0x00, 0x00,
    0x00, 0x00, 0x00, 0x00, 0x00, 0x00, 0x00, 0x00, 0x00, 0x00, 0x00, 0x00, 0x00, 0x00, 0x00, 0x00,
    0x00, 0x00, 0x00, 0x00, 0x00, 0x00, 0x00, 0x00, 0x00, 0x00, 0x00, 0x00, 0x00, 0x00, 0x00, 0x00,
    0x00, 0x00, 0x00, 0x00, 0x00, 0x00, 0x00, 0x00, 0x00, 0x00, 0x00, 0x00, 0x00, 0x00, 0x00, 0x00,
    0x00, 0x00, 0x00, 0x00, 0x00, 0x00, 0x00, 0x00, 0x00, 0x00, 0x00, 0x00, 0x00, 0x00, 0x00, 0x00,
    0x00, 0x00, 0x00, 0x00, 0x00, 0x00, 0x00, 0x00, 0x00, 0x00, 0x00, 0x00, 0x00, 0x00, 0x00, 0x00,
    0x00, 0x00, 0x00, 0x00, 0x00, 0x00, 0x00, 0x00, 0x00, 0x00, 0x00, 0x00, 0x00, 0x00, 0x00, 0x00,
    0x00, 0x00, 0x00, 0x00, 0x00, 0x00, 0x00, 0x00, 0x00, 0x00, 0x00, 0x00, 0x00, 0x00, 0x00, 0x00,
    0x00, 0x00, 0x00, 0x00, 0x00, 0x00, 0x00, 0x00, 0x00, 0x00, 0x00, 0x00, 0x00, 0x00, 0x00, 0x00,
    0x00, 0x00, 0x00, 0x00, 0x00, 0x00, 0x00, 0x00, 0x00, 0x00, 0x00, 0x00, 0x00, 0x00, 0x00, 0x00,
    0x00, 0x00, 0x00, 0x00, 0x00, 0x00, 0x00, 0x00, 0x00, 0x00, 0x00, 0x00, 0x00, 0x00, 0x00, 0x00,
    0x00, 0x00, 0x00, 0x00, 0x00, 0x00, 0x00, 0x00, 0x00, 0x00, 0x00, 0x00, 0x00, 0x00, 0x00, 0x00,
    0x00, 0x00, 0x00, 0x00, 0x00, 0x00, 0x00, 0x00, 0x00, 0x00, 0x00, 0x00, 0x00, 0x00, 0x00, 0x00,
    0x00, 0x00, 0x00, 0x00, 0x00, 0x00, 0x00, 0x00, 0x00, 0x00, 0x00, 0x00, 0x00, 0x00, 0x00, 0x00,
    0x00, 0x00, 0x00, 0x00, 0x00, 0x00, 0x00, 0x00, 0x00, 0x00, 0x00, 0x00, 0x00, 0x00, 0x00, 0x00,
    0x00, 0x00, 0x00, 0x00, 0x00, 0x00, 0x00, 0x00, 0x00, 0x00, 0x00, 0x00, 0x00, 0x00, 0x00, 0x00,
    0x00, 0x00, 0x00, 0x00, 0x00, 0x00, 0x00, 0x00, 0x00, 0x00, 0x00, 0x00, 0x00, 0x00, 0x00, 0x00,
    0x00, 0x00, 0x00, 0x00, 0x00, 0x00, 0x00, 0x00, 0x00, 0x00, 0x00, 0x00, 0x00, 0x00, 0x00, 0x00,
    0x00, 0x00, 0x00, 0x00, 0x00, 0x00, 0x00, 0x00, 0x00, 0x00, 0x00, 0x00, 0x00, 0x00, 0x00, 0x00,
    0x00, 0x00, 0x00, 0x00, 0x00, 0x00, 0x00, 0x00, 0x00, 0x00, 0x00, 0x00, 0x00, 0x00, 0x00, 0x00,
    0x00, 0x00, 0x00, 0x00, 0x00, 0x00, 0x00, 0x00, 0x00, 0x00, 0x00, 0x00, 0x00, 0x00, 0x00, 0x00,
    0x00, 0x00, 0x00, 0x00, 0x00, 0x00, 0x00, 0x00, 0x00, 0x00, 0x00, 0x00, 0x00, 0x00, 0x00, 0x00,
    0x00, 0x00, 0x00, 0x00, 0x00, 0x00, 0x00, 0x00, 0x00, 0x00, 0x00, 0x00, 0x00, 0x00, 0x00, 0x00,
    0x00, 0x00, 0x00, 0x00, 0x00, 0x00, 0x00, 0x00, 0x00, 0x00, 0x00, 0x00, 0x00, 0x00, 0x00, 0x00,
    0x00, 0x00, 0x00, 0x00, 0x00, 0x00, 0x00, 0x00, 0x00, 0x00, 0x00, 0x00, 0x00, 0x00, 0x00, 0x00,
    0x00, 0x00, 0x00, 0x00, 0x00, 0x00, 0x00, 0x00, 0x00, 0x00, 0x00, 0x00, 0x00, 0x00, 0x00, 0x00,
    0x00, 0x00, 0x00, 0x00, 0x00, 0x00, 0x00, 0x00, 0x00, 0x00, 0x00, 0x00, 0x00, 0x00, 0x00, 0x00,
    0x00, 0x00, 0x00, 0x00, 0x00, 0x00, 0x00, 0x00, 0x00, 0x00, 0x00, 0x00, 0x00, 0x00, 0x00, 0x00,
    0x00, 0x00, 0x00, 0x00, 0x00, 0x00, 0x00, 0x00, 0x00, 0x00, 0x00, 0x00, 0x00, 0x00, 0x00, 0x00,
    0x00, 0x00, 0x00, 0x00, 0x00, 0x00, 0x00, 0x00, 0x00, 0x00, 0x00, 0x00, 0x00, 0x00, 0x00, 0x00,
    0x00, 0x00, 0x00, 0x00, 0x00, 0x00, 0x00, 0x00, 0x00, 0x00, 0x00, 0x00, 0x00, 0x00, 0x00, 0x00,
    0x00, 0x00, 0x00, 0x00, 0x00, 0x00, 0x00, 0x00, 0x00, 0x00, 0x00, 0x00, 0x00, 0x00, 0x00, 0x00,
    0x00, 0x00, 0x00, 0x00, 0x00, 0x00, 0x00, 0x00, 0x00, 0x00, 0x00, 0x00, 0x00, 0x00, 0x00, 0x00,
    0x00, 0x00, 0x00, 0x00, 0x00, 0x00, 0x00, 0x00, 0x00, 0x00, 0x00, 0x00, 0x00, 0x00, 0x00, 0x00,
    0x00, 0x00, 0x00, 0x00, 0x00, 0x00, 0x00, 0x00, 0x00, 0x00, 0x00, 0x00, 0x00, 0x00, 0x00, 0x00,
    0x00, 0x00, 0x00, 0x00, 0x00, 0x00, 0x00, 0x00, 0x00, 0x00, 0x00, 0x00, 0x00, 0x00, 0x00, 0x00,
    0x00, 0x00, 0x00, 0x00, 0x00, 0x00, 0x00, 0x00, 0x00, 0x00, 0x00, 0x00, 0x00, 0x00, 0x00, 0x00,
    0x00, 0x00, 0x00, 0x00, 0x00, 0x00, 0x00, 0x00, 0x00, 0x00, 0x00, 0x00, 0x00, 0x00, 0x00, 0x00,
    0x00, 0x00, 0x00, 0x00, 0x00, 0x00, 0x00, 0x00, 0x00, 0x00, 0x00, 0x00, 0x00, 0x00, 0x00, 0x00,
    0x00, 0x00, 0x00, 0x00, 0x00, 0x00, 0x00, 0x00, 0x00, 0x00, 0x00, 0x00, 0x00, 0x00, 0x00, 0x00,
    0x00, 0x00, 0x00, 0x00, 0x00, 0x00, 0x00, 0x00, 0x00, 0x00, 0x00, 0x00, 0x00, 0x00, 0x00, 0x00,
    0x00, 0x00, 0x00, 0x00, 0x00, 0x00, 0x00, 0x00, 0x00, 0x00, 0x00, 0x00, 0x00, 0x00, 0x00, 0x00,
    0x00, 0x00, 0x00, 0x00, 0x00, 0x00, 0x00, 0x00, 0x00, 0x00, 0x00, 0x00, 0x00, 0x00, 0x00, 0x00,
    0x00, 0x00, 0x00, 0x00, 0x00, 0x00, 0x00, 0x00, 0x00, 0x00, 0x00, 0x00, 0x00, 0x00, 0x00, 0x00,
    0x00, 0x00, 0x00, 0x00, 0x00, 0x00, 0x00, 0x00, 0x00, 0x00, 0x00, 0x00, 0x00, 0x00, 0x00, 0x00,
    0x00, 0x00, 0x00, 0x00, 0x00, 0x00, 0x00, 0x00, 0x00, 0x00, 0x00, 0x00, 0x00, 0x00, 0x00, 0x00,
    0x00, 0x00, 0x00, 0x00, 0x00, 0x00, 0x00, 0x00, 0x00, 0x00, 0x00, 0x00, 0x00, 0x00, 0x00, 0x00,
    0x00, 0x00, 0x00, 0x00, 0x00, 0x00, 0x00, 0x00, 0x00, 0x00, 0x00, 0x00, 0x00, 0x00, 0x00, 0x00,
    0x00, 0x00, 0x00, 0x00, 0x00, 0x00, 0x00, 0x00, 0x00, 0x00, 0x00, 0x00, 0x00, 0x00, 0x00, 0x00,
    0x00, 0x00, 0x00, 0x00, 0x00, 0x00, 0x00, 0x00, 0x00, 0x00, 0x00, 0x00, 0x00, 0x00, 0x00, 0x00,
    0x00, 0x00, 0x00, 0x00, 0x00, 0x00, 0x00, 0x00, 0x00, 0x00, 0x00, 0x00, 0x00, 0x00, 0x00, 0x00,
    0x00, 0x00, 0x00, 0x00, 0x00, 0x00, 0x00, 0x00, 0x00, 0x00, 0x00, 0x00, 0x00, 0x00, 0x00, 0x00,
    0x00, 0x00, 0x00, 0x00, 0x00, 0x00, 0x00, 0x00, 0x00, 0x00, 0x00, 0x00, 0x00, 0x00, 0x00, 0x00,
    0x00, 0x00, 0x00, 0x00, 0x00, 0x00, 0x00, 0x00, 0x00, 0x00, 0x00, 0x00, 0x00, 0x00, 0x00, 0x00,
    0x00, 0x00, 0x00, 0x00, 0x00, 0x00, 0x00, 0x00, 0x00, 0x00, 0x00, 0x00, 0x00, 0x00, 0x00, 0x00,
    0x00, 0x00, 0x00, 0x00, 0x00, 0x00, 0x00, 0x00, 0x00, 0x00, 0x00, 0x00, 0x00, 0x00, 0x00, 0x00,
    0x00, 0x00, 0x00, 0x00, 0x00, 0x00, 0x00, 0x00, 0x00, 0x00, 0x00, 0x00, 0x00, 0x00, 0x00, 0x00,
    0x00, 0x00, 0x00, 0x00, 0x00, 0x00, 0x00, 0x00, 0x00, 0x00, 0x00, 0x00, 0x00, 0x00, 0x00, 0x00,
    0x00, 0x00, 0x00, 0x00, 0x00, 0x00, 0x00, 0x00, 0x00, 0x00, 0x00, 0x00, 0x00, 0x00, 0x00, 0x00,
    0x00, 0x00, 0x00, 0x00, 0x00, 0x00, 0x00, 0x00, 0x00, 0x00, 0x00, 0x00, 0x00, 0x00, 0x00, 0x00,
    0x00, 0x00, 0x00, 0x00, 0x00, 0x00, 0x00, 0x00, 0x00, 0x00, 0x00, 0x00, 0x00, 0x00, 0x00, 0x00,
    0x00, 0x00, 0x00, 0x00, 0x00, 0x00, 0x00, 0x00, 0x00, 0x00, 0x00, 0x00, 0x00, 0x00, 0x00, 0x00,
    0x00, 0x00, 0x00, 0x00, 0x00, 0x00, 0x00, 0x00, 0x00, 0x00, 0x00, 0x00, 0x00, 0x00, 0x00, 0x00,
    0x00, 0x00, 0x00, 0x00, 0x00, 0x00, 0x00, 0x00, 0x00, 0x00, 0x00, 0x00, 0x00, 0x00, 0x00, 0x00,
    0x00, 0x00, 0x00, 0x00, 0x00, 0x00, 0x00, 0x00, 0x00, 0x00, 0x00, 0x00, 0x00, 0x00, 0x00, 0x00,
    0x00, 0x00, 0x00, 0x00, 0x00, 0x00, 0x00, 0x00, 0x00, 0x00, 0x00, 0x00, 0x00, 0x00, 0x00, 0x00,
    0x00, 0x00, 0x00, 0x00, 0x00, 0x00, 0x00, 0x00, 0x00, 0x00, 0x00, 0x00, 0x00, 0x00, 0x00, 0x00,
    0x00, 0x00, 0x00, 0x00, 0x00, 0x00, 0x00, 0x00, 0x00, 0x00, 0x00, 0x00, 0x00, 0x00, 0x00, 0x00,
    0x00, 0x00, 0x00, 0x00, 0x00, 0x00, 0x00, 0x00, 0x00, 0x00, 0x00, 0x00, 0x00, 0x00, 0x00, 0x00,
    0x00, 0x00, 0x00, 0x00, 0x00, 0x00, 0x00, 0x00, 0x00, 0x00, 0x00, 0x00, 0x00, 0x00, 0x00, 0x00,
    0x00, 0x00, 0x00, 0x00, 0x00, 0x00, 0x00, 0x00, 0x00, 0x00, 0x00, 0x00, 0x00, 0x00, 0x00, 0x00,
    0x00, 0x00, 0x00, 0x00, 0x00, 0x00, 0x00, 0x00, 0x00, 0x00, 0x00, 0x00, 0x00, 0x00, 0x00, 0x00,
    0x00, 0x00, 0x00, 0x00, 0x00, 0x00, 0x00, 0x00, 0x00, 0x00, 0x00, 0x00, 0x00, 0x00, 0x00, 0x00,
    0x00, 0x00, 0x00, 0x00, 0x00, 0x00, 0x00, 0x00, 0x00, 0x00, 0x00, 0x00, 0x00, 0x00, 0x00, 0x00,
    0x00, 0x00, 0x00, 0x00, 0x00, 0x00, 0x00, 0x00, 0x00, 0x00, 0x00, 0x00, 0x00, 0x00, 0x00, 0x00,
    0x00, 0x00, 0x00, 0x00, 0x00, 0x00, 0x00, 0x00, 0x00, 0x00, 0x00, 0x00, 0x00, 0x00, 0x00, 0x00,
    0x00, 0x00, 0x00, 0x00, 0x00, 0x00, 0x00, 0x00, 0x00, 0x00, 0x00, 0x00, 0x00, 0x00, 0x00, 0x00,
    0x00, 0x00, 0x00, 0x00, 0x00, 0x00, 0x00, 0x00, 0x00, 0x00, 0x00, 0x00, 0x00, 0x00, 0x00, 0x00,
    0x00, 0x00, 0x00, 0x00, 0x00, 0x00, 0x00, 0x00, 0x00, 0x00, 0x00, 0x00, 0x00, 0x00, 0x00, 0x00,
    0x00, 0x00, 0x00, 0x00, 0x00, 0x00, 0x00, 0x00, 0x00, 0x00, 0x00, 0x00, 0x00, 0x00, 0x00, 0x00,
    0x00, 0x00, 0x00, 0x00, 0x00, 0x00, 0x00, 0x00, 0x00, 0x00, 0x00, 0x00, 0x00, 0x00, 0x00, 0x00,
    0x00, 0x00, 0x00, 0x00, 0x00, 0x00, 0x00, 0x00, 0x00, 0x00, 0x00, 0x00, 0x00, 0x00, 0x00, 0x00,
    0x00, 0x00, 0x00, 0x00, 0x00, 0x00, 0x00, 0x00, 0x00, 0x00, 0x00, 0x00, 0x00, 0x00, 0x00, 0x00,
    0x00, 0x00, 0x00, 0x00, 0x00, 0x00, 0x00, 0x00, 0x00, 0x00, 0x00, 0x00, 0x00, 0x00, 0x00, 0x00,
    0x00, 0x00, 0x00, 0x00, 0x00, 0x00, 0x00, 0x00, 0x00, 0x00, 0x00, 0x00, 0x00, 0x00, 0x00, 0x00,
    0x00, 0x00, 0x00, 0x00, 0x00, 0x00, 0x00, 0x00, 0x00, 0x00, 0x00, 0x00, 0x00, 0x00, 0x00, 0x00,
    0x00, 0x00, 0x00, 0x00, 0x00, 0x00, 0x00, 0x00, 0x00, 0x00, 0x00, 0x00, 0x00, 0x00, 0x00, 0x00,
    0x00, 0x00, 0x00, 0x00, 0x00, 0x00, 0x00, 0x00, 0x00, 0x00, 0x00, 0x00, 0x00, 0x00, 0x00, 0x00,
    0x00, 0x00, 0x00, 0x00, 0x00, 0x00, 0x00, 0x00, 0x00, 0x00, 0x00, 0x00, 0x00, 0x00, 0x00, 0x00,
    0x00, 0x00, 0x00, 0x00, 0x00, 0x00, 0x00, 0x00, 0x00, 0x00, 0x00, 0x00, 0x00, 0x00, 0x00, 0x00,
    0x00, 0x00, 0x00, 0x00, 0x00, 0x00, 0x00, 0x00, 0x00, 0x00, 0x00, 0x00, 0x00, 0x00, 0x00, 0x00,
    0x00, 0x00, 0x00, 0x00, 0x00, 0x00, 0x00, 0x00, 0x00, 0x00, 0x00, 0x00, 0x00, 0x00, 0x00, 0x00,
    0x00, 0x00, 0x00, 0x00, 0x00, 0x00, 0x00, 0x00, 0x00, 0x00, 0x00, 0x00, 0x00, 0x00, 0x00, 0x00,
    0x00, 0x00, 0x00, 0x00, 0x00, 0x00, 0x00, 0x00, 0x00, 0x00, 0x00, 0x00, 0x00, 0x00, 0x00, 0x00,
    0x00, 0x00, 0x00, 0x00, 0x00, 0x00, 0x00, 0x00, 0x00, 0x00, 0x00, 0x00, 0x00, 0x00, 0x00, 0x00,
    0x00, 0x00, 0x00, 0x00, 0x00, 0x00, 0x00, 0x00, 0x00, 0x00, 0x00, 0x00, 0x00, 0x00, 0x00, 0x00,
    0x00, 0x00, 0x00, 0x00, 0x00, 0x00, 0x00, 0x00, 0x00, 0x00, 0x00, 0x00, 0x00, 0x00, 0x00, 0x00,
    0x00, 0x00, 0x00, 0x00, 0x00, 0x00, 0x00, 0x00, 0x00, 0x00, 0x00, 0x00, 0x00, 0x00, 0x00, 0x00,
    0x00, 0x00, 0x00, 0x00, 0x00, 0x00, 0x00, 0x00, 0x00, 0x00, 0x00, 0x00, 0x00, 0x00, 0x00, 0x00,
    0x00, 0x00, 0x00, 0x00, 0x00, 0x00, 0x00, 0x00, 0x00, 0x00, 0x00, 0x00, 0x00, 0x00, 0x00, 0x00,
    0x00, 0x00, 0x00, 0x00, 0x00, 0x00, 0x00, 0x00, 0x00, 0x00, 0x00, 0x00, 0x00, 0x00, 0x00, 0x00,
    0x00, 0x00, 0x00, 0x00, 0x00, 0x00, 0x00, 0x00, 0x00, 0x00, 0x00, 0x00, 0x00, 0x00, 0x00, 0x00,
    0x00, 0x00, 0x00, 0x00, 0x00, 0x00, 0x00, 0x00, 0x00, 0x00, 0x00, 0x00, 0x00, 0x00, 0x00, 0x00,
    0x00, 0x00, 0x00, 0x00, 0x00, 0x00, 0x00, 0x00, 0x00, 0x00, 0x00, 0x00, 0x00, 0x00, 0x00, 0x00,
    0x00, 0x00, 0x00, 0x00, 0x00, 0x00, 0x00, 0x00, 0x00, 0x00, 0x00, 0x00, 0x00, 0x00, 0x00, 0x00,
    0x00, 0x00, 0x00, 0x00, 0x00, 0x00, 0x00, 0x00, 0x00, 0x00, 0x00, 0x00, 0x00, 0x00, 0x00, 0x00,
    0x00, 0x00, 0x00, 0x00, 0x00, 0x00, 0x00, 0x00, 0x00, 0x00, 0x00, 0x00, 0x00, 0x00, 0x00, 0x00,
    0x00, 0x00, 0x00, 0x00, 0x00, 0x00, 0x00, 0x00, 0x00, 0x00, 0x00, 0x00, 0x00, 0x00, 0x00, 0x00,
    0x00, 0x00, 0x00, 0x00, 0x00, 0x00, 0x00, 0x00, 0x00, 0x00, 0x00, 0x00, 0x00, 0x00, 0x00, 0x00,
    0x00, 0x00, 0x00, 0x00, 0x00, 0x00, 0x00, 0x00, 0x00, 0x00, 0x00, 0x00, 0x00, 0x00, 0x00, 0x00,
    0x00, 0x00, 0x00, 0x00, 0x00, 0x00, 0x00, 0x00, 0x00, 0x00, 0x00, 0x00, 0x00, 0x00, 0x00, 0x00,
    0x00, 0x00, 0x00, 0x00, 0x00, 0x00, 0x00, 0x00, 0x00, 0x00, 0x00, 0x00, 0x00, 0x00, 0x00, 0x00,
    0x00, 0x00, 0x00, 0x00, 0x00, 0x00, 0x00, 0x00, 0x00, 0x00, 0x00, 0x00, 0x00, 0x00, 0x00, 0x00,
    0x00, 0x00, 0x00, 0x00, 0x00, 0x00, 0x00, 0x00, 0x00, 0x00, 0x00, 0x00, 0x00, 0x00, 0x00, 0x00,
    0x00, 0x00, 0x00, 0x00, 0x00, 0x00, 0x00, 0x00, 0x00, 0x00, 0x00, 0x00, 0x00, 0x00, 0x00, 0x00,
    0x00, 0x00, 0x00, 0x00, 0x00, 0x00, 0x00, 0x00, 0x00, 0x00, 0x00, 0x00, 0x00, 0x00, 0x00, 0x00,
    0x00, 0x00, 0x00, 0x00, 0x00, 0x00, 0x00, 0x00, 0x00, 0x00, 0x00, 0x00, 0x00, 0x00, 0x00, 0x00,
    0x00, 0x00, 0x00, 0x00, 0x00, 0x00, 0x00, 0x00, 0x00, 0x00, 0x00, 0x00, 0x00, 0x00, 0x00, 0x00,
    0x00, 0x00, 0x00, 0x00, 0x00, 0x00, 0x00, 0x00, 0x00, 0x00, 0x00, 0x00, 0x00, 0x00, 0x00, 0x00,
    0x00, 0x00, 0x00, 0x00, 0x00, 0x00, 0x00, 0x00, 0x00, 0x00, 0x00, 0x00, 0x00, 0x00, 0x00, 0x00,
    0x00, 0x00, 0x00, 0x00, 0x00, 0x00, 0x00, 0x00, 0x00, 0x00, 0x00, 0x00, 0x00, 0x00, 0x00, 0x00,
    0x00, 0x00, 0x00, 0x00, 0x00, 0x00, 0x00, 0x00, 0x00, 0x00, 0x00, 0x00, 0x00, 0x00, 0x00, 0x00,
    0x00, 0x00, 0x00, 0x00, 0x00, 0x00, 0x00, 0x00, 0x00, 0x00, 0x00, 0x00, 0x00, 0x00, 0x00, 0x00,
    0x00, 0x00, 0x00, 0x00, 0x00, 0x00, 0x00, 0x00, 0x00, 0x00, 0x00, 0x00, 0x00, 0x00, 0x00, 0x00,
    0x00, 0x00, 0x00, 0x00, 0x00, 0x00, 0x00, 0x00, 0x00, 0x00, 0x00, 0x00, 0x00, 0x00, 0x00, 0x00,
    0x00, 0x00, 0x00, 0x00, 0x00, 0x00, 0x00, 0x00, 0x00, 0x00, 0x00, 0x00, 0x00, 0x00, 0x00, 0x00,
    0x00, 0x00, 0x00, 0x00, 0x00, 0x00, 0x00, 0x00, 0x00, 0x00, 0x00, 0x00, 0x00, 0x00, 0x00, 0x00,
    0x00, 0x00, 0x00, 0x00, 0x00, 0x00, 0x00, 0x00, 0x00, 0x00, 0x00, 0x00, 0x00, 0x00, 0x00, 0x00,
    0x00, 0x00, 0x00, 0x00, 0x00, 0x00, 0x00, 0x00, 0x00, 0x00, 0x00, 0x00, 0x00, 0x00, 0x00, 0x00,
    0x00, 0x00, 0x00, 0x00, 0x00, 0x00, 0x00, 0x00, 0x00, 0x00, 0x00, 0x00, 0x00, 0x00, 0x00, 0x00,
    0x00, 0x00, 0x00, 0x00, 0x00, 0x00, 0x00, 0x00, 0x00, 0x00, 0x00, 0x00, 0x00, 0x00, 0x00, 0x00,
    0x00, 0x00, 0x00, 0x00, 0x00, 0x00, 0x00, 0x00, 0x00, 0x00, 0x00, 0x00, 0x00, 0x00, 0x00, 0x00,
    0x00, 0x00, 0x00, 0x00, 0x00, 0x00, 0x00, 0x00, 0x00, 0x00, 0x00, 0x00, 0x00, 0x00, 0x00, 0x00,
    0x00, 0x00, 0x00, 0x00, 0x00, 0x00, 0x00, 0x00, 0x00, 0x00, 0x00, 0x00, 0x00, 0x00, 0x00, 0x00,
    0x00, 0x00, 0x00, 0x00, 0x00, 0x00, 0x00, 0x00, 0x00, 0x00, 0x00, 0x00, 0x00, 0x00, 0x00, 0x00,
    0x00, 0x00, 0x00, 0x00, 0x00, 0x00, 0x00, 0x00, 0x00, 0x00, 0x00, 0x00, 0x00, 0x00, 0x00, 0x00,
    0x00, 0x00, 0x00, 0x00, 0x00, 0x00, 0x00, 0x00, 0x00, 0x00, 0x00, 0x00, 0x00, 0x00, 0x00, 0x00,
    0x00, 0x00, 0x00, 0x00, 0x00, 0x00, 0x00, 0x00, 0x00, 0x00, 0x00, 0x00, 0x00, 0x00, 0x00, 0x00,
    0x00, 0x00, 0x00, 0x00, 0x00, 0x00, 0x00, 0x00, 0x00, 0x00, 0x00, 0x00, 0x00, 0x00, 0x00, 0x00,
    0x00, 0x00, 0x00, 0x00, 0x00, 0x00, 0x00, 0x00, 0x00, 0x00, 0x00, 0x00, 0x00, 0x00, 0x00, 0x00,
    0x00, 0x00, 0x00, 0x00, 0x00, 0x00, 0x00, 0x00, 0x00, 0x00, 0x00, 0x00, 0x00, 0x00, 0x00, 0x00,
    0x00, 0x00, 0x00, 0x00, 0x00, 0x00, 0x00, 0x00, 0x00, 0x00, 0x00, 0x00, 0x00, 0x00, 0x00, 0x00,
    0x00, 0x00, 0x00, 0x00, 0x00, 0x00, 0x00, 0x00, 0x00, 0x00, 0x00, 0x00, 0x00, 0x00, 0x00, 0x00,
    0x00, 0x00, 0x00, 0x00, 0x00, 0x00, 0x00, 0x00, 0x00, 0x00, 0x00, 0x00, 0x00, 0x00, 0x00, 0x00,
    0x00, 0x00, 0x00, 0x00, 0x00, 0x00, 0x00, 0x00, 0x00, 0x00, 0x00, 0x00, 0x00, 0x00, 0x00, 0x00,
    0x00, 0x00, 0x00, 0x00, 0x00, 0x00, 0x00, 0x00, 0x00, 0x00, 0x00, 0x00, 0x00, 0x00, 0x00, 0x00,
    0x00, 0x00, 0x00, 0x00, 0x00, 0x00, 0x00, 0x00, 0x00, 0x00, 0x00, 0x00, 0x00, 0x00, 0x00, 0x00,
    0x00, 0x00, 0x00, 0x00, 0x00, 0x00, 0x00, 0x00, 0x00, 0x00, 0x00, 0x00, 0x00, 0x00, 0x00, 0x00,
    0x00, 0x00, 0x00, 0x00, 0x00, 0x00, 0x00, 0x00, 0x00, 0x00, 0x00, 0x00, 0x00, 0x00, 0x00, 0x00,
    0x00, 0x00, 0x00, 0x00, 0x00, 0x00, 0x00, 0x00, 0x00, 0x00, 0x00, 0x00, 0x00, 0x00, 0x00, 0x00,
    0x00, 0x00, 0x00, 0x00, 0x00, 0x00, 0x00, 0x00, 0x00, 0x00, 0x00, 0x00, 0x00, 0x00, 0x00, 0x00,
    0x00, 0x00, 0x00, 0x00, 0x00, 0x00, 0x00, 0x00, 0x00, 0x00, 0x00, 0x00, 0x00, 0x00, 0x00, 0x00,
    0x00, 0x00, 0x00, 0x00, 0x00, 0x00, 0x00, 0x00, 0x00, 0x00, 0x00, 0x00, 0x00, 0x00, 0x00, 0x00,
    0x00, 0x00, 0x00, 0x00, 0x00, 0x00, 0x00, 0x00, 0x00, 0x00, 0x00, 0x00, 0x00, 0x00, 0x00, 0x00,
    0x00, 0x00, 0x00, 0x00, 0x00, 0x00, 0x00, 0x00, 0x00, 0x00, 0x00, 0x00, 0x00, 0x00, 0x00, 0x00,
    0x00, 0x00, 0x00, 0x00, 0x00, 0x00, 0x00, 0x00, 0x00, 0x00, 0x00, 0x00, 0x00, 0x00, 0x00, 0x00,
    0x00, 0x00, 0x00, 0x00, 0x00, 0x00, 0x00, 0x00, 0x00, 0x00, 0x00, 0x00, 0x00, 0x00, 0x00, 0x00,
    0x00, 0x00, 0x00, 0x00, 0x00, 0x00, 0x00, 0x00, 0x00, 0x00, 0x00, 0x00, 0x00, 0x00, 0x00, 0x00,
    0x00, 0x00, 0x00, 0x00, 0x00, 0x00, 0x00, 0x00, 0x00, 0x00, 0x00, 0x00, 0x00, 0x00, 0x00, 0x00,
    0x00, 0x00, 0x00, 0x00, 0x00, 0x00, 0x00, 0x00, 0x00, 0x00, 0x00, 0x00, 0x00, 0x00, 0x00, 0x00,
    0x00, 0x00, 0x00, 0x00, 0x00, 0x00, 0x00, 0x00, 0x00, 0x00, 0x00, 0x00, 0x00, 0x00, 0x00, 0x00,
    0x00, 0x00, 0x00, 0x00, 0x00, 0x00, 0x00, 0x00, 0x00, 0x00, 0x00, 0x00, 0x00, 0x00, 0x00, 0x00,
    0x00, 0x00, 0x00, 0x00, 0x00, 0x00, 0x00, 0x00, 0x00, 0x00, 0x00, 0x00, 0x00, 0x00, 0x00, 0x00,
    0x00, 0x00, 0x00, 0x00, 0x00, 0x00, 0x00, 0x00, 0x00, 0x00, 0x00, 0x00, 0x00, 0x00, 0x00, 0x00,
    0x00, 0x00, 0x00, 0x00, 0x00, 0x00, 0x00, 0x00, 0x00, 0x00, 0x00, 0x00, 0x00, 0x00, 0x00, 0x00,
    0x00, 0x00, 0x00, 0x00, 0x00, 0x00, 0x00, 0x00, 0x00, 0x00, 0x00, 0x00, 0x00, 0x00, 0x00, 0x00,
    0x00, 0x00, 0x00, 0x00, 0x00, 0x00, 0x00, 0x00, 0x00, 0x00, 0x00, 0x00, 0x00, 0x00, 0x00, 0x00,
    0x00, 0x00, 0x00, 0x00, 0x00, 0x00, 0x00, 0x00, 0x00, 0x00, 0x00, 0x00, 0x00, 0x00, 0x00, 0x00,
    0x00, 0x00, 0x00, 0x00, 0x00, 0x00, 0x00, 0x00, 0x00, 0x00, 0x00, 0x00, 0x00, 0x00, 0x00, 0x00,
    0x00, 0x00, 0x00, 0x00, 0x00, 0x00, 0x00, 0x00, 0x00, 0x00, 0x00, 0x00, 0x00, 0x00, 0x00, 0x00,
    0x00, 0x00, 0x00, 0x00, 0x00, 0x00, 0x00, 0x00, 0x00, 0x00, 0x00, 0x00, 0x00, 0x00, 0x00, 0x00,
    0x00, 0x00, 0x00, 0x00, 0x00, 0x00, 0x00, 0x00, 0x00, 0x00, 0x00, 0x00, 0x00, 0x00, 0x00, 0x00,
    0x00, 0x00, 0x00, 0x00, 0x00, 0x00, 0x00, 0x00, 0x00, 0x00, 0x00, 0x00, 0x00, 0x00, 0x00, 0x00,
    0x00, 0x00, 0x00, 0x00, 0x00, 0x00, 0x00, 0x00, 0x00, 0x00, 0x00, 0x00, 0x00, 0x00, 0x00, 0x00,
    0x00, 0x00, 0x00, 0x00, 0x00, 0x00, 0x00, 0x00, 0x00, 0x00, 0x00, 0x00, 0x00, 0x00, 0x00, 0x00,
    0x00, 0x00, 0x00, 0x00, 0x00, 0x00, 0x00, 0x00, 0x00, 0x00, 0x00, 0x00, 0x00, 0x00, 0x00, 0x00,
    0x00, 0x00, 0x00, 0x00, 0x00, 0x00, 0x00, 0x00, 0x00, 0x00, 0x00, 0x00, 0x00, 0x00, 0x00, 0x00,
    0x00, 0x00, 0x00, 0x00, 0x00, 0x00, 0x00, 0x00, 0x00, 0x00, 0x00, 0x00, 0x00, 0x00, 0x00, 0x00,
    0x00, 0x00, 0x00, 0x00, 0x00, 0x00, 0x00, 0x00, 0x00, 0x00, 0x00, 0x00, 0x00, 0x00, 0x00, 0x00,
    0x00, 0x00, 0x00, 0x00, 0x00, 0x00, 0x00, 0x00, 0x00, 0x00, 0x00, 0x00, 0x00, 0x00, 0x00, 0x00,
    0x00, 0x00, 0x00, 0x00, 0x00, 0x00, 0x00, 0x00, 0x00, 0x00, 0x00, 0x00, 0x00, 0x00, 0x00, 0x00,
    0x00, 0x00, 0x00, 0x00, 0x00, 0x00, 0x00, 0x00, 0x00, 0x00, 0x00, 0x00, 0x00, 0x00, 0x00, 0x00,
    0x00, 0x00, 0x00, 0x00, 0x00, 0x00, 0x00, 0x00, 0x00, 0x00, 0x00, 0x00, 0x00, 0x00, 0x00, 0x00,
    0x00, 0x00, 0x00, 0x00, 0x00, 0x00, 0x00, 0x00, 0x00, 0x00, 0x00, 0x00, 0x00, 0x00, 0x00, 0x00,
    0x00, 0x00, 0x00, 0x00, 0x00, 0x00, 0x00, 0x00, 0x00, 0x00, 0x00, 0x00, 0x00, 0x00, 0x00, 0x00,
    0x00, 0x00, 0x00, 0x00, 0x00, 0x00, 0x00, 0x00, 0x00, 0x00, 0x00, 0x00, 0x00, 0x00, 0x00, 0x00,
    0x00, 0x00, 0x00, 0x00, 0x00, 0x00, 0x00, 0x00, 0x00, 0x00, 0x00, 0x00, 0x00, 0x00, 0x00, 0x00,
    0x00, 0x00, 0x00, 0x00, 0x00, 0x00, 0x00, 0x00, 0x00, 0x00, 0x00, 0x00, 0x00, 0x00, 0x00, 0x00,
    0x00, 0x00, 0x00, 0x00, 0x00, 0x00, 0x00, 0x00, 0x00, 0x00, 0x00, 0x00, 0x00, 0x00, 0x00, 0x00,
    0x00, 0x00, 0x00, 0x00, 0x00, 0x00, 0x00, 0x00, 0x00, 0x00, 0x00, 0x00, 0x00, 0x00, 0x00, 0x00,
    0x00, 0x00, 0x00, 0x00, 0x00, 0x00, 0x00, 0x00, 0x00, 0x00, 0x00, 0x00, 0x00, 0x00, 0x00, 0x00,
    0x00, 0x00, 0x00, 0x00, 0x00, 0x00, 0x00, 0x00, 0x00, 0x00, 0x00, 0x00, 0x00, 0x00, 0x00, 0x00,
    0x00, 0x00, 0x00, 0x00, 0x00, 0x00, 0x00, 0x00, 0x00, 0x00, 0x00, 0x00, 0x00, 0x00, 0x00, 0x00,
    0x00, 0x00, 0x00, 0x00, 0x00, 0x00, 0x00, 0x00, 0x00, 0x00, 0x00, 0x00, 0x00, 0x00, 0x00, 0x00,
    0x00, 0x00, 0x00, 0x00, 0x00, 0x00, 0x00, 0x00, 0x00, 0x00, 0x00, 0x00, 0x00, 0x00, 0x00, 0x00,
    0x00, 0x00, 0x00, 0x00, 0x00, 0x00, 0x00, 0x00, 0x00, 0x00, 0x00, 0x00, 0x00, 0x00, 0x00, 0x00,
    0x00, 0x00, 0x00, 0x00, 0x00, 0x00, 0x00, 0x00, 0x00, 0x00, 0x00, 0x00, 0x00, 0x00, 0x00, 0x00,
    0x00, 0x00, 0x00, 0x00, 0x00, 0x00, 0x00, 0x00, 0x00, 0x00, 0x00, 0x00, 0x00, 0x00, 0x00, 0x00,
    0x00, 0x00, 0x00, 0x00, 0x00, 0x00, 0x00, 0x00, 0x00, 0x00, 0x00, 0x00, 0x00, 0x00, 0x00, 0x00,
    0x00, 0x00, 0x00, 0x00, 0x00, 0x00, 0x00, 0x00, 0x00, 0x00, 0x00, 0x00, 0x00, 0x00, 0x00, 0x00,
    0x00, 0x00, 0x00, 0x00, 0x00, 0x00, 0x00, 0x00, 0x00, 0x00, 0x00, 0x00, 0x00, 0x00, 0x00, 0x00,
    0x00, 0x00, 0x00, 0x00, 0x00, 0x00, 0x00, 0x00, 0x00, 0x00, 0x00, 0x00, 0x00, 0x00, 0x00, 0x00,
    0x00, 0x00, 0x00, 0x00, 0x00, 0x00, 0x00, 0x00, 0x00, 0x00, 0x00, 0x00, 0x00, 0x00, 0x00, 0x00,
    0x00, 0x00, 0x00, 0x00, 0x00, 0x00, 0x00, 0x00, 0x00, 0x00, 0x00, 0x00, 0x00, 0x00, 0x00, 0x00,
    0x00, 0x00, 0x00, 0x00, 0x00, 0x00, 0x00, 0x00, 0x00, 0x00, 0x00, 0x00, 0x00, 0x00, 0x00, 0x00,
    0x00, 0x00, 0x00, 0x00, 0x00, 0x00, 0x00, 0x00, 0x00, 0x00, 0x00, 0x00, 0x00, 0x00, 0x00, 0x00,
    0x00, 0x00, 0x00, 0x00, 0x00, 0x00, 0x00, 0x00, 0x00, 0x00, 0x00, 0x00, 0x00, 0x00, 0x00, 0x00,
    0x00, 0x00, 0x00, 0x00, 0x00, 0x00, 0x00, 0x00, 0x00, 0x00, 0x00, 0x00, 0x00, 0x00, 0x00, 0x00,
    0x00, 0x00, 0x00, 0x00, 0x00, 0x00, 0x00, 0x00, 0x00, 0x00, 0x00, 0x00, 0x00, 0x00, 0x00, 0x00,
    0x00, 0x00, 0x00, 0x00, 0x00, 0x00, 0x00, 0x00, 0x00, 0x00, 0x00, 0x00, 0x00, 0x00, 0x00, 0x00,
    0x00, 0x00, 0x00, 0x00, 0x00, 0x00, 0x00, 0x00, 0x00, 0x00, 0x00, 0x00, 0x00, 0x00, 0x00, 0x00,
    0x00, 0x00, 0x00, 0x00, 0x00, 0x00, 0x00, 0x00, 0x00, 0x00, 0x00, 0x00, 0x00, 0x00, 0x00, 0x00,
    0x00, 0x00, 0x00, 0x00, 0x00, 0x00, 0x00, 0x00, 0x00, 0x00, 0x00, 0x00, 0x00, 0x00, 0x00, 0x00,
    0x00, 0x00, 0x00, 0x00, 0x00, 0x00, 0x00, 0x00, 0x00, 0x00, 0x00, 0x00, 0x00, 0x00, 0x00, 0x00,
    0x00, 0x00, 0x00, 0x00, 0x00, 0x00, 0x00, 0x00, 0x00, 0x00, 0x00, 0x00, 0x00, 0x00, 0x00, 0x00,
    0x00, 0x00, 0x00, 0x00, 0x00, 0x00, 0x00, 0x00, 0x00, 0x00, 0x00, 0x00, 0x00, 0x00, 0x00, 0x00,
    0x00, 0x00, 0x00, 0x00, 0x00, 0x00, 0x00, 0x00, 0x00, 0x00, 0x00, 0x00, 0x00, 0x00, 0x00, 0x00,
    0x00, 0x00, 0x00, 0x00, 0x00, 0x00, 0x00, 0x00, 0x00, 0x00, 0x00, 0x00, 0x00, 0x00, 0x00, 0x00,
    0x00, 0x00, 0x00, 0x00, 0x00, 0x00, 0x00, 0x00, 0x00, 0x00, 0x00, 0x00, 0x00, 0x00, 0x00, 0x00,
    0x00, 0x00, 0x00, 0x00, 0x00, 0x00, 0x00, 0x00, 0x00, 0x00, 0x00, 0x00, 0x00, 0x00, 0x00, 0x00,
    0x00, 0x00, 0x00, 0x00, 0x00, 0x00, 0x00, 0x00, 0x00, 0x00, 0x00, 0x00, 0x00, 0x00, 0x00, 0x00,
    0x00, 0x00, 0x00, 0x00, 0x00, 0x00, 0x00, 0x00, 0x00, 0x00, 0x00, 0x00, 0x00, 0x00, 0x00, 0x00,
    0x00, 0x00, 0x00, 0x00, 0x00, 0x00, 0x00, 0x00, 0x00, 0x00, 0x00, 0x00, 0x00, 0x00, 0x00, 0x00,
    0x00, 0x00, 0x00, 0x00, 0x00, 0x00, 0x00, 0x00, 0x00, 0x00, 0x00, 0x00, 0x00, 0x00, 0x00, 0x00,
    0x00, 0x00, 0x00, 0x00, 0x00, 0x00, 0x00, 0x00, 0x00, 0x00, 0x00, 0x00, 0x00, 0x00, 0x00, 0x00,
    0x00, 0x00, 0x00, 0x00, 0x00, 0x00, 0x00, 0x00, 0x00, 0x00, 0x00, 0x00, 0x00, 0x00, 0x00, 0x00,
    0x00, 0x00, 0x00, 0x00, 0x00, 0x00, 0x00, 0x00, 0x00, 0x00, 0x00, 0x00, 0x00, 0x00, 0x00, 0x00,
    0x00, 0x00, 0x00, 0x00, 0x00, 0x00, 0x00, 0x00, 0x00, 0x00, 0x00, 0x00, 0x00, 0x00, 0x00, 0x00,
    0x00, 0x00, 0x00, 0x00, 0x00, 0x00, 0x00, 0x00, 0x00, 0x00, 0x00, 0x00, 0x00, 0x00, 0x00, 0x00,
    0x00, 0x00, 0x00, 0x00, 0x00, 0x00, 0x00, 0x00, 0x00, 0x00, 0x00, 0x00, 0x00, 0x00, 0x00, 0x00,
    0x00, 0x00, 0x00, 0x00, 0x00, 0x00, 0x00, 0x00, 0x00, 0x00, 0x00, 0x00, 0x00, 0x00, 0x00, 0x00,
    0x00, 0x00, 0x00, 0x00, 0x00, 0x00, 0x00, 0x00, 0x00, 0x00, 0x00, 0x00, 0x00, 0x00, 0x00, 0x00,
    0x00, 0x00, 0x00, 0x00, 0x00, 0x00, 0x00, 0x00, 0x00, 0x00, 0x00, 0x00, 0x00, 0x00, 0x00, 0x00,
    0x00, 0x00, 0x00, 0x00, 0x00, 0x00, 0x00, 0x00, 0x00, 0x00, 0x00, 0x00, 0x00, 0x00, 0x00, 0x00,
    0x00, 0x00, 0x00, 0x00, 0x00, 0x00, 0x00, 0x00, 0x00, 0x00, 0x00, 0x00, 0x00, 0x00, 0x00, 0x00,
    0x00, 0x00, 0x00, 0x00, 0x00, 0x00, 0x00, 0x00, 0x00, 0x00, 0x00, 0x00, 0x00, 0x00, 0x00, 0x00,
    0x00, 0x00, 0x00, 0x00, 0x00, 0x00, 0x00, 0x00, 0x00, 0x00, 0x00, 0x00, 0x00, 0x00, 0x00, 0x00,
    0x00, 0x00, 0x00, 0x00, 0x00, 0x00, 0x00, 0x00, 0x00, 0x00, 0x00, 0x00, 0x00, 0x00, 0x00, 0x00,
    0x00, 0x00, 0x00, 0x00, 0x00, 0x00, 0x00, 0x00, 0x00, 0x00, 0x00, 0x00, 0x00, 0x00, 0x00, 0x00,
    0x00, 0x00, 0x00, 0x00, 0x00, 0x00, 0x00, 0x00, 0x00, 0x00, 0x00, 0x00, 0x00, 0x00, 0x00, 0x00,
    0x00, 0x00, 0x00, 0x00, 0x00, 0x00, 0x00, 0x00, 0x00, 0x00, 0x00, 0x00, 0x00, 0x00, 0x00, 0x00,
    0x00, 0x00, 0x00, 0x00, 0x00, 0x00, 0x00, 0x00, 0x00, 0x00, 0x00, 0x00, 0x00, 0x00, 0x00, 0x00,
    0x00, 0x00, 0x00, 0x00, 0x00, 0x00, 0x00, 0x00, 0x00, 0x00, 0x00, 0x00, 0x00, 0x00, 0x00, 0x00,
    0x00, 0x00, 0x00, 0x00, 0x00, 0x00, 0x00, 0x00, 0x00, 0x00, 0x00, 0x00, 0x00, 0x00, 0x00, 0x00,
    0x00, 0x00, 0x00, 0x00, 0x00, 0x00, 0x00, 0x00, 0x00, 0x00, 0x00, 0x00, 0x00, 0x00, 0x00, 0x00,
    0x00, 0x00, 0x00, 0x00, 0x00, 0x00, 0x00, 0x00, 0x00, 0x00, 0x00, 0x00, 0x00, 0x00, 0x00, 0x00,
    0x00, 0x00, 0x00, 0x00, 0x00, 0x00, 0x00, 0x00, 0x00, 0x00, 0x00, 0x00, 0x00, 0x00, 0x00, 0x00,
    0x00, 0x00, 0x00, 0x00, 0x00, 0x00, 0x00, 0x00, 0x00, 0x00, 0x00, 0x00, 0x00, 0x00, 0x00, 0x00,
    0x00, 0x00, 0x00, 0x00, 0x00, 0x00, 0x00, 0x00, 0x00, 0x00, 0x00, 0x00, 0x00, 0x00, 0x00, 0x00,
    0x00, 0x00, 0x00, 0x00, 0x00, 0x00, 0x00, 0x00, 0x00, 0x00, 0x00, 0x00, 0x00, 0x00, 0x00, 0x00,
    0x00, 0x00, 0x00, 0x00, 0x00, 0x00, 0x00, 0x00, 0x00, 0x00, 0x00, 0x00, 0x00, 0x00, 0x00, 0x00,
    0x00, 0x00, 0x00, 0x00, 0x00, 0x00, 0x00, 0x00, 0x00, 0x00, 0x00, 0x00, 0x00, 0x00, 0x00, 0x00,
    0x00, 0x00, 0x00, 0x00, 0x00, 0x00, 0x00, 0x00, 0x00, 0x00, 0x00, 0x00, 0x00, 0x00, 0x00, 0x00,
    0x00, 0x00, 0x00, 0x00, 0x00, 0x00, 0x00, 0x00, 0x00, 0x00, 0x00, 0x00, 0x00, 0x00, 0x00, 0x00,
    0x00, 0x00, 0x00, 0x00, 0x00, 0x00, 0x00, 0x00, 0x00, 0x00, 0x00, 0x00, 0x00, 0x00, 0x00, 0x00,
    0x00, 0x00, 0x00, 0x00, 0x00, 0x00, 0x00, 0x00, 0x00, 0x00, 0x00, 0x00, 0x00, 0x00, 0x00, 0x00,
    0x00, 0x00, 0x00, 0x00, 0x00, 0x00, 0x00, 0x00, 0x00, 0x00, 0x00, 0x00, 0x00, 0x00, 0x00, 0x00,
    0x00, 0x00, 0x00, 0x00, 0x00, 0x00, 0x00, 0x00, 0x00, 0x00, 0x00, 0x00, 0x00, 0x00, 0x00, 0x00,
    0x00, 0x00, 0x00, 0x00, 0x00, 0x00, 0x00, 0x00, 0x00, 0x00, 0x00, 0x00, 0x00, 0x00, 0x00, 0x00,
    0x00, 0x00, 0x00, 0x00, 0x00, 0x00, 0x00, 0x00, 0x00, 0x00, 0x00, 0x00, 0x00, 0x00, 0x00, 0x00,
    0x00, 0x00, 0x00, 0x00, 0x00, 0x00, 0x00, 0x00, 0x00, 0x00, 0x00, 0x00, 0x00, 0x00, 0x00, 0x00,
    0x00, 0x00, 0x00, 0x00, 0x00, 0x00, 0x00, 0x00, 0x00, 0x00, 0x00, 0x00, 0x00, 0x00, 0x00, 0x00,
    0x00, 0x00, 0x00, 0x00, 0x00, 0x00, 0x00, 0x00, 0x00, 0x00, 0x00, 0x00, 0x00, 0x00, 0x00, 0x00,
    0x00, 0x00, 0x00, 0x00, 0x00, 0x00, 0x00, 0x00, 0x00, 0x00, 0x00, 0x00, 0x00, 0x00, 0x00, 0x00,
    0x00, 0x00, 0x00, 0x00, 0x00, 0x00, 0x00, 0x00, 0x00, 0x00, 0x00, 0x00, 0x00, 0x00, 0x00, 0x00,
    0x00, 0x00, 0x00, 0x00, 0x00, 0x00, 0x00, 0x00, 0x00, 0x00, 0x00, 0x00, 0x00, 0x00, 0x00, 0x00,
    0x00, 0x00, 0x00, 0x00, 0x00, 0x00, 0x00, 0x00, 0x00, 0x00, 0x00, 0x00, 0x00, 0x00, 0x00, 0x00,
    0x00, 0x00, 0x00, 0x00, 0x00, 0x00, 0x00, 0x00, 0x00, 0x00, 0x00, 0x00, 0x00, 0x00, 0x00, 0x00,
    0x00, 0x00, 0x00, 0x00, 0x00, 0x00, 0x00, 0x00, 0x00, 0x00, 0x00, 0x00, 0x00, 0x00, 0x00, 0x00,
    0x00, 0x00, 0x00, 0x00, 0x00, 0x00, 0x00, 0x00, 0x00, 0x00, 0x00, 0x00, 0x00, 0x00, 0x00, 0x00,
    0x00, 0x00, 0x00, 0x00, 0x00, 0x00, 0x00, 0x00, 0x00, 0x00, 0x00, 0x00, 0x00, 0x00, 0x00, 0x00,
    0x00, 0x00, 0x00, 0x00, 0x00, 0x00, 0x00, 0x00, 0x00, 0x00, 0x00, 0x00, 0x00, 0x00, 0x00, 0x00,
    0x00, 0x00, 0x00, 0x00, 0x00, 0x00, 0x00, 0x00, 0x00, 0x00, 0x00, 0x00, 0x00, 0x00, 0x00, 0x00,
    0x00, 0x00, 0x00, 0x00, 0x00, 0x00, 0x00, 0x00, 0x00, 0x00, 0x00, 0x00, 0x00, 0x00, 0x00, 0x00,
    0x00, 0x00, 0x00, 0x00, 0x00, 0x00, 0x00, 0x00, 0x00, 0x00, 0x00, 0x00, 0x00, 0x00, 0x00, 0x00,
    0x00, 0x00, 0x00, 0x00, 0x00, 0x00, 0x00, 0x00, 0x00, 0x00, 0x00, 0x00, 0x00, 0x00, 0x00, 0x00,
    0x00, 0x00, 0x00, 0x00, 0x00, 0x00, 0x00, 0x00, 0x00, 0x00, 0x00, 0x00, 0x00, 0x00, 0x00, 0x00,
    0x00, 0x00, 0x00, 0x00, 0x00, 0x00, 0x00, 0x00, 0x00, 0x00, 0x00, 0x00, 0x00, 0x00, 0x00, 0x00,
    0x00, 0x00, 0x00, 0x00, 0x00, 0x00, 0x00, 0x00, 0x00, 0x00, 0x00, 0x00, 0x00, 0x00, 0x00, 0x00,
    0x00, 0x00, 0x00, 0x00, 0x00, 0x00, 0x00, 0x00, 0x00, 0x00, 0x00, 0x00, 0x00, 0x00, 0x00, 0x00,
    0x00, 0x00, 0x00, 0x00, 0x00, 0x00, 0x00, 0x00, 0x00, 0x00, 0x00, 0x00, 0x00, 0x00, 0x00, 0x00,
    0x00, 0x00, 0x00, 0x00, 0x00, 0x00, 0x00, 0x00, 0x00, 0x00, 0x00, 0x00, 0x00, 0x00, 0x00, 0x00,
    0x00, 0x00, 0x00, 0x00, 0x00, 0x00, 0x00, 0x00, 0x00, 0x00, 0x00, 0x00, 0x00, 0x00, 0x00, 0x00,
    0x00, 0x00, 0x00, 0x00, 0x00, 0x00, 0x00, 0x00, 0x00, 0x00, 0x00, 0x00, 0x00, 0x00, 0x00, 0x00,
    0x00, 0x00, 0x00, 0x00, 0x00, 0x00, 0x00, 0x00, 0x00, 0x00, 0x00, 0x00, 0x00, 0x00, 0x00, 0x00,
    0x00, 0x00, 0x00, 0x00, 0x00, 0x00, 0x00, 0x00, 0x00, 0x00, 0x00, 0x00, 0x00, 0x00, 0x00, 0x00,
    0x00, 0x00, 0x00, 0x00, 0x00, 0x00, 0x00, 0x00, 0x00, 0x00, 0x00, 0x00, 0x00, 0x00, 0x00, 0x00,
    0x00, 0x00, 0x00, 0x00, 0x00, 0x00, 0x00, 0x00, 0x00, 0x00, 0x00, 0x00, 0x00, 0x00, 0x00, 0x00,
    0x00, 0x00, 0x00, 0x00, 0x00, 0x00, 0x00, 0x00, 0x00, 0x00, 0x00, 0x00, 0x00, 0x00, 0x00, 0x00,
    0x00, 0x00, 0x00, 0x00, 0x00, 0x00, 0x00, 0x00, 0x00, 0x00, 0x00, 0x00, 0x00, 0x00, 0x00, 0x00,
    0x00, 0x00, 0x00, 0x00, 0x00, 0x00, 0x00, 0x00, 0x00, 0x00, 0x00, 0x00, 0x00, 0x00, 0x00, 0x00,
    0x00, 0x00, 0x00, 0x00, 0x00, 0x00, 0x00, 0x00, 0x00, 0x00, 0x00, 0x00, 0x00, 0x00, 0x00, 0x00,
    0x00, 0x00, 0x00, 0x00, 0x00, 0x00, 0x00, 0x00, 0x00, 0x00, 0x00, 0x00, 0x00, 0x00, 0x00, 0x00,
    0x00, 0x00, 0x00, 0x00, 0x00, 0x00, 0x00, 0x00, 0x00, 0x00, 0x00, 0x00, 0x00, 0x00, 0x00, 0x00,
    0x00, 0x00, 0x00, 0x00, 0x00, 0x00, 0x00, 0x00, 0x00, 0x00, 0x00, 0x00, 0x00, 0x00, 0x00, 0x00,
    0x00, 0x00, 0x00, 0x00, 0x00, 0x00, 0x00, 0x00, 0x00, 0x00, 0x00, 0x00, 0x00, 0x00, 0x00, 0x00,
    0x00, 0x00, 0x00, 0x00, 0x00, 0x00, 0x00, 0x00, 0x00, 0x00, 0x00, 0x00, 0x00, 0x00, 0x00, 0x00,
    0x00, 0x00, 0x00, 0x00, 0x00, 0x00, 0x00, 0x00, 0x00, 0x00, 0x00, 0x00, 0x00, 0x00, 0x00, 0x00,
    0x00, 0x00, 0x00, 0x00, 0x00, 0x00, 0x00, 0x00, 0x00, 0x00, 0x00, 0x00, 0x00, 0x00, 0x00, 0x00,
    0x00, 0x00, 0x00, 0x00, 0x00, 0x00, 0x00, 0x00, 0x00, 0x00, 0x00, 0x00, 0x00, 0x00, 0x00, 0x00,
    0x00, 0x00, 0x00, 0x00, 0x00, 0x00, 0x00, 0x00, 0x00, 0x00, 0x00, 0x00, 0x00, 0x00, 0x00, 0x00,
    0x00, 0x00, 0x00, 0x00, 0x00, 0x00, 0x00, 0x00, 0x00, 0x00, 0x00, 0x00, 0x00, 0x00, 0x00, 0x00,
    0x00, 0x00, 0x00, 0x00, 0x00, 0x00, 0x00, 0x00, 0x00, 0x00, 0x00, 0x00, 0x00, 0x00, 0x00, 0x00,
    0x00, 0x00, 0x00, 0x00, 0x00, 0x00, 0x00, 0x00, 0x00, 0x00, 0x00, 0x00, 0x00, 0x00, 0x00, 0x00,
    0x00, 0x00, 0x00, 0x00, 0x00, 0x00, 0x00, 0x00, 0x00, 0x00, 0x00, 0x00, 0x00, 0x00, 0x00, 0x00,
    0x00, 0x00, 0x00, 0x00, 0x00, 0x00, 0x00, 0x00, 0x00, 0x00, 0x00, 0x00, 0x00, 0x00, 0x00, 0x00,
};
