/* sfx_pcm.c - auto-generated by tools/extract_dmc_samples.py
 * DO NOT EDIT BY HAND. */
#include "sfx_pcm.h"

const u8 __attribute__((aligned(256))) sfx_pcm_sfx_01[6400] = {
    0x7C, 0x72, 0x76, 0x7E, 0x76, 0x72, 0x7E, 0x7A, 0x72, 0x76, 0x76, 0x6C, 0x6C, 0x76, 0x72, 0x7A,
    0x7E, 0x72, 0x76, 0x7E, 0x76, 0x72, 0x7E, 0x7A, 0x72, 0x78, 0x7E, 0x74, 0x74, 0x7E, 0x78, 0x72,
    0x7C, 0x7C, 0x72, 0x6A, 0x70, 0x76, 0x6C, 0x6C, 0x76, 0x72, 0x78, 0x84, 0x84, 0x7A, 0x72, 0x7A,
    0x7C, 0x7C, 0x7C, 0x7E, 0x86, 0x7E, 0x74, 0x74, 0x7E, 0x78, 0x6E, 0x6A, 0x74, 0x74, 0x68, 0x62,
    0x6A, 0x74, 0x74, 0x68, 0x62, 0x68, 0x74, 0x74, 0x6A, 0x62, 0x68, 0x74, 0x76, 0x6A, 0x6E, 0x6A,
    0x72, 0x7C, 0x84, 0x84, 0x78, 0x72, 0x7A, 0x84, 0x84, 0x7A, 0x7E, 0x7A, 0x82, 0x8E, 0x8A, 0x8E,
    0x88, 0x82, 0x8C, 0x94, 0x98, 0x8E, 0x8C, 0x8C, 0x8C, 0x98, 0x9E, 0x9A, 0xA4, 0xA6, 0x9A, 0x98,
    0xA0, 0xAA, 0xAE, 0xA2, 0xA6, 0xA0, 0x9A, 0xA4, 0xAC, 0xB6, 0xC0, 0xC6, 0xBE, 0xB4, 0xB4, 0xBE,
    0xC8, 0xCE, 0xC6, 0xBA, 0xBE, 0xC6, 0xC2, 0xCA, 0xD4, 0xD6, 0xDE, 0xEA, 0xEE, 0xE4, 0xDA, 0xDE,
    0xE8, 0xEE, 0xE6, 0xDC, 0xD2, 0xD6, 0xDE, 0xDA, 0xE4, 0xEC, 0xF6, 0xFC, 0xFC, 0xFA, 0xF0, 0xE6,
    0xDE, 0xE4, 0xEA, 0xE0, 0xD8, 0xCE, 0xD2, 0xCA, 0xC2, 0xC8, 0xD2, 0xDA, 0xD6, 0xDE, 0xE2, 0xD6,
    0xCE, 0xC6, 0xCE, 0xD2, 0xC8, 0xBE, 0xC4, 0xCA, 0xC2, 0xC8, 0xD2, 0xCE, 0xD4, 0xDA, 0xD0, 0xC8,
    0xBE, 0xC4, 0xCA, 0xC2, 0xB8, 0xB8, 0xC2, 0xBE, 0xC6, 0xD0, 0xD0, 0xD0, 0xCE, 0xC2, 0xBE, 0xC8,
    0xC8, 0xBC, 0xB6, 0xB8, 0xB6, 0xC2, 0xCA, 0xC6, 0xCA, 0xC2, 0xB6, 0xBA, 0xC2, 0xBA, 0xB6, 0xC0,
    0xC2, 0xCA, 0xD2, 0xCA, 0xC2, 0xB6, 0xBA, 0xC2, 0xBC, 0xB0, 0xB0, 0xB0, 0xB2, 0xBA, 0xB2, 0xA8,
    0xA8, 0xB2, 0xAC, 0xA6, 0xA8, 0xA6, 0xB2, 0xAE, 0xA4, 0x9E, 0xA8, 0xA8, 0x9E, 0x96, 0x9E, 0xA2,
    0x98, 0x8E, 0x92, 0x9A, 0x92, 0x88, 0x88, 0x92, 0x8C, 0x86, 0x90, 0x90, 0x86, 0x7E, 0x82, 0x7A,
    0x70, 0x70, 0x7A, 0x74, 0x6E, 0x78, 0x78, 0x6E, 0x74, 0x7A, 0x70, 0x70, 0x7A, 0x76, 0x6E, 0x76,
    0x7A, 0x6E, 0x72, 0x7A, 0x72, 0x6E, 0x78, 0x78, 0x6E, 0x72, 0x6A, 0x66, 0x72, 0x6E, 0x66, 0x6E,
    0x72, 0x66, 0x68, 0x6A, 0x66, 0x6E, 0x72, 0x66, 0x6A, 0x72, 0x6E, 0x78, 0x78, 0x6E, 0x72, 0x7C,
    0x70, 0x70, 0x70, 0x66, 0x6C, 0x72, 0x68, 0x68, 0x68, 0x5C, 0x66, 0x6A, 0x66, 0x72, 0x6E, 0x66,
    0x6A, 0x60, 0x60, 0x6A, 0x66, 0x6E, 0x72, 0x66, 0x6A, 0x66, 0x5C, 0x68, 0x68, 0x68, 0x72, 0x6C,
    0x66, 0x6A, 0x5E, 0x60, 0x62, 0x5E, 0x66, 0x6A, 0x5E, 0x62, 0x5C, 0x54, 0x60, 0x60, 0x60, 0x6A,
    0x62, 0x5E, 0x68, 0x68, 0x6A, 0x74, 0x6A, 0x66, 0x6C, 0x66, 0x6C, 0x72, 0x68, 0x68, 0x72, 0x6E,
    0x66, 0x6A, 0x60, 0x60, 0x6A, 0x64, 0x5E, 0x62, 0x56, 0x58, 0x62, 0x5C, 0x56, 0x60, 0x60, 0x56,
    0x5C, 0x62, 0x58, 0x58, 0x58, 0x4C, 0x56, 0x5A, 0x50, 0x50, 0x5A, 0x54, 0x4E, 0x58, 0x58, 0x4E,
    0x54, 0x5A, 0x50, 0x50, 0x5A, 0x56, 0x4E, 0x56, 0x5A, 0x50, 0x46, 0x4C, 0x52, 0x48, 0x48, 0x52,
    0x4E, 0x46, 0x4E, 0x58, 0x58, 0x4E, 0x54, 0x5A, 0x52, 0x48, 0x4A, 0x52, 0x52, 0x4A, 0x46, 0x52,
    0x4E, 0x44, 0x3E, 0x46, 0x52, 0x50, 0x52, 0x4E, 0x56, 0x5A, 0x4E, 0x46, 0x4C, 0x56, 0x5A, 0x4E,
    0x52, 0x5C, 0x66, 0x6A, 0x60, 0x56, 0x4E, 0x54, 0x5E, 0x62, 0x56, 0x5A, 0x56, 0x5C, 0x68, 0x68,
    0x5E, 0x54, 0x4E, 0x56, 0x60, 0x60, 0x56, 0x5C, 0x62, 0x5E, 0x68, 0x72, 0x6E, 0x64, 0x5A, 0x56,
    0x62, 0x6A, 0x72, 0x6A, 0x66, 0x72, 0x70, 0x72, 0x7E, 0x80, 0x80, 0x80, 0x74, 0x6E, 0x76, 0x7E,
    0x88, 0x86, 0x7C, 0x76, 0x80, 0x80, 0x80, 0x8C, 0x92, 0x8E, 0x98, 0x98, 0x8E, 0x86, 0x8C, 0x96,
    0xA0, 0xA0, 0x94, 0x8E, 0x96, 0x98, 0x98, 0xA2, 0xAC, 0xB2, 0xAE, 0xBA, 0xB6, 0xAE, 0xA2, 0xA6,
    0xB0, 0xBA, 0xB6, 0xAC, 0xA6, 0xB0, 0xB0, 0xA6, 0xAA, 0xB6, 0xBA, 0xB6, 0xC2, 0xBE, 0xB4, 0xAA,
    0xA6, 0xB0, 0xBA, 0xB6, 0xAA, 0xA6, 0xB0, 0xAE, 0xB2, 0xBC, 0xC6, 0xC8, 0xC8, 0xD2, 0xCC, 0xC2,
    0xBE, 0xCA, 0xC6, 0xBE, 0xB2, 0xAE, 0xB2, 0xA6, 0xAA, 0xB4, 0xBA, 0xB8, 0xB8, 0xAE, 0xA6, 0xAC,
    0xB8, 0xB8, 0xAE, 0xA6, 0xAA, 0xA6, 0xAE, 0xBA, 0xB8, 0xBA, 0xB4, 0xA8, 0xA8, 0xB2, 0xAE, 0xA2,
    0xA0, 0xA0, 0xA0, 0xAA, 0xA4, 0x9A, 0x92, 0x88, 0x88, 0x94, 0x8A, 0x88, 0x88, 0x88, 0x92, 0x9A,
    0x94, 0x88, 0x82, 0x8A, 0x92, 0x8C, 0x82, 0x7E, 0x8A, 0x92, 0x8E, 0x82, 0x7E, 0x88, 0x88, 0x7C,
    0x76, 0x7E, 0x88, 0x88, 0x7E, 0x76, 0x7E, 0x82, 0x76, 0x7A, 0x82, 0x82, 0x7A, 0x76, 0x82, 0x7E,
    0x74, 0x6E, 0x78, 0x78, 0x6E, 0x74, 0x7A, 0x72, 0x68, 0x68, 0x66, 0x5A, 0x56, 0x60, 0x60, 0x56,
    0x5C, 0x62, 0x58, 0x58, 0x62, 0x5E, 0x56, 0x5E, 0x62, 0x56, 0x5A, 0x62, 0x5A, 0x56, 0x62, 0x5E,
    0x56, 0x5C, 0x62, 0x58, 0x58, 0x56, 0x4C, 0x56, 0x5A, 0x4E, 0x52, 0x5A, 0x54, 0x4E, 0x58, 0x58,
    0x5A, 0x64, 0x5A, 0x56, 0x62, 0x5E, 0x56, 0x5A, 0x50, 0x50, 0x5A, 0x56, 0x4C, 0x56, 0x58, 0x58,
    0x62, 0x5C, 0x56, 0x60, 0x60, 0x60, 0x6C, 0x62, 0x5E, 0x62, 0x56, 0x5A, 0x62, 0x5E, 0x68, 0x68,
    0x68, 0x74, 0x6A, 0x66, 0x6A, 0x5E, 0x62, 0x62, 0x5E, 0x68, 0x68, 0x68, 0x74, 0x6A, 0x66, 0x6A,
    0x5E, 0x62, 0x62, 0x5E, 0x68, 0x68, 0x5E, 0x62, 0x62, 0x5E, 0x68, 0x68, 0x5E, 0x64, 0x6A, 0x66,
    0x72, 0x6E, 0x66, 0x6E, 0x72, 0x66, 0x6A, 0x66, 0x5C, 0x66, 0x6A, 0x5E, 0x62, 0x6A, 0x62, 0x5E,
    0x6A, 0x66, 0x5E, 0x62, 0x5A, 0x56, 0x62, 0x5E, 0x56, 0x5E, 0x62, 0x56, 0x5A, 0x62, 0x5A, 0x56,
    0x60, 0x60, 0x56, 0x5C, 0x62, 0x58, 0x58, 0x62, 0x5C, 0x56, 0x60, 0x62, 0x56, 0x5A, 0x62, 0x5A,
    0x50, 0x50, 0x5A, 0x54, 0x4E, 0x58, 0x58, 0x4E, 0x46, 0x4C, 0x52, 0x48, 0x48, 0x52, 0x5A, 0x52,
    0x4E, 0x58, 0x62, 0x5E, 0x56, 0x5E, 0x68, 0x68, 0x5E, 0x56, 0x5E, 0x62, 0x58, 0x4E, 0x52, 0x5E,
    0x62, 0x58, 0x4E, 0x52, 0x5E, 0x62, 0x5A, 0x4E, 0x52, 0x5C, 0x62, 0x5A, 0x50, 0x46, 0x4A, 0x54,
    0x5A, 0x50, 0x50, 0x50, 0x52, 0x5E, 0x62, 0x58, 0x4E, 0x46, 0x4C, 0x56, 0x60, 0x60, 0x56, 0x5A,
    0x56, 0x5E, 0x6A, 0x66, 0x6A, 0x64, 0x5E, 0x68, 0x72, 0x7A, 0x76, 0x6A, 0x68, 0x68, 0x68, 0x74,
    0x7A, 0x76, 0x80, 0x80, 0x74, 0x6E, 0x76, 0x80, 0x82, 0x7E, 0x74, 0x7E, 0x80, 0x80, 0x8A, 0x94,
    0x9A, 0x96, 0x9A, 0x8E, 0x86, 0x7E, 0x84, 0x90, 0x90, 0x86, 0x7E, 0x74, 0x80, 0x80, 0x80, 0x8C,
    0x94, 0x9E, 0xA6, 0xB0, 0xB0, 0xA4, 0x9E, 0xA6, 0xB0, 0xB0, 0xA6, 0x9C, 0x96, 0xA0, 0xA0, 0xA2,
    0xAC, 0xB6, 0xBA, 0xB6, 0xC2, 0xBE, 0xB4, 0xAE, 0xB8, 0xC0, 0xC2, 0xBC, 0xB2, 0xAE, 0xB8, 0xB8,
    0xBA, 0xC6, 0xCA, 0xC6, 0xD2, 0xCE, 0xC4, 0xBE, 0xC6, 0xD0, 0xD0, 0xC4, 0xBE, 0xC6, 0xC8, 0xC8,
    0xD4, 0xDA, 0xD8, 0xDA, 0xD0, 0xC6, 0xBE, 0xC6, 0xCA, 0xC0, 0xB6, 0xBA, 0xB4, 0xAE, 0xB8, 0xB8,
    0xAE, 0xA6, 0x9A, 0x96, 0xA0, 0xAA, 0xA6, 0x9E, 0xA2, 0x9E, 0xA8, 0xB2, 0xAC, 0xA4, 0x98, 0x98,
    0xA2, 0xAA, 0xA4, 0x9E, 0xA0, 0xA0, 0xAC, 0xB2, 0xAC, 0xA0, 0xA0, 0xAA, 0xA6, 0x9C, 0x92, 0x8E,
    0x9A, 0x96, 0x8C, 0x82, 0x7E, 0x8A, 0x86, 0x7C, 0x76, 0x7E, 0x80, 0x76, 0x6E, 0x74, 0x7A, 0x72,
    0x68, 0x6A, 0x72, 0x6C, 0x60, 0x5E, 0x6A, 0x66, 0x5E, 0x66, 0x6A, 0x60, 0x56, 0x5C, 0x62, 0x58,
    0x58, 0x62, 0x5E, 0x56, 0x5E, 0x64, 0x5E, 0x62, 0x6A, 0x62, 0x5E, 0x68, 0x68, 0x5E, 0x64, 0x6A,
    0x60, 0x60, 0x6A, 0x64, 0x5E, 0x68, 0x68, 0x5E, 0x64, 0x6A, 0x62, 0x5E, 0x6A, 0x66, 0x5C, 0x66,
    0x68, 0x68, 0x72, 0x6C, 0x66, 0x6E, 0x72, 0x66, 0x6A, 0x64, 0x5E, 0x68, 0x68, 0x5E, 0x64, 0x6A,
    0x60, 0x60, 0x64, 0x5E, 0x64, 0x6A, 0x60, 0x60, 0x62, 0x5E, 0x66, 0x6A, 0x5E, 0x62, 0x5E, 0x56,
    0x5A, 0x50, 0x50, 0x5A, 0x56, 0x5E, 0x62, 0x56, 0x5A, 0x56, 0x4C, 0x56, 0x50, 0x50, 0x5A, 0x56,
    0x5E, 0x62, 0x56, 0x5A, 0x56, 0x4C, 0x58, 0x58, 0x58, 0x64, 0x5C, 0x56, 0x5A, 0x4E, 0x52, 0x5C,
    0x52, 0x4E, 0x52, 0x46, 0x4A, 0x52, 0x4A, 0x46, 0x52, 0x4E, 0x54, 0x5A, 0x50, 0x50, 0x5A, 0x56,
    0x4C, 0x58, 0x58, 0x58, 0x62, 0x5C, 0x56, 0x60, 0x60, 0x56, 0x5C, 0x62, 0x5A, 0x56, 0x62, 0x5E,
    0x56, 0x5A, 0x50, 0x50, 0x5A, 0x62, 0x5E, 0x66, 0x6A, 0x5E, 0x62, 0x6A, 0x62, 0x58, 0x58, 0x62,
    0x5C, 0x56, 0x60, 0x60, 0x56, 0x5A, 0x62, 0x5A, 0x58, 0x60, 0x62, 0x5C, 0x56, 0x60, 0x60, 0x56,
    0x5C, 0x62, 0x62, 0x58, 0x58, 0x62, 0x5C, 0x52, 0x4E, 0x5A, 0x56, 0x4C, 0x46, 0x4E, 0x52, 0x46,
    0x3E, 0x44, 0x4E, 0x52, 0x48, 0x3E, 0x42, 0x4E, 0x52, 0x48, 0x42, 0x4A, 0x56, 0x58, 0x58, 0x58,
    0x58, 0x64, 0x6A, 0x62, 0x58, 0x52, 0x5A, 0x64, 0x6A, 0x60, 0x60, 0x60, 0x62, 0x6E, 0x72, 0x68,
    0x5E, 0x56, 0x5C, 0x68, 0x6A, 0x5E, 0x56, 0x5A, 0x56, 0x5E, 0x6A, 0x68, 0x6A, 0x64, 0x58, 0x58,
    0x62, 0x6A, 0x66, 0x58, 0x58, 0x58, 0x5A, 0x64, 0x6E, 0x70, 0x70, 0x70, 0x64, 0x5E, 0x66, 0x70,
    0x78, 0x78, 0x6A, 0x68, 0x68, 0x68, 0x72, 0x7C, 0x82, 0x7E, 0x88, 0x88, 0x7E, 0x76, 0x7E, 0x86,
    0x90, 0x90, 0x84, 0x7E, 0x88, 0x88, 0x88, 0x92, 0x9C, 0xA2, 0x9E, 0xAA, 0xA6, 0x9C, 0x96, 0x9E,
    0xA8, 0xB2, 0xAE, 0xA4, 0x9A, 0x98, 0x98, 0x8E, 0x92, 0x9E, 0xA2, 0x9E, 0xAA, 0xA6, 0x9C, 0x92,
    0x8E, 0x9A, 0xA2, 0x9E, 0x92, 0x8E, 0x9A, 0x96, 0x9A, 0xA4, 0xAE, 0xB0, 0xB0, 0xB0, 0xA2, 0x9E,
    0xA6, 0xB2, 0xAE, 0xA6, 0x9A, 0x98, 0x98, 0x98, 0xA4, 0xAA, 0xA4, 0x98, 0x90, 0x86, 0x82, 0x8E,
    0x92, 0x90, 0x86, 0x8A, 0x84, 0x84, 0x90, 0x90, 0x86, 0x7C, 0x72, 0x6E, 0x78, 0x82, 0x7E, 0x74,
    0x6A, 0x66, 0x70, 0x7A, 0x74, 0x6A, 0x60, 0x60, 0x6A, 0x72, 0x6A, 0x66, 0x68, 0x68, 0x74, 0x7A,
    0x74, 0x68, 0x68, 0x72, 0x7A, 0x74, 0x68, 0x68, 0x72, 0x7A, 0x74, 0x6A, 0x66, 0x72, 0x6E, 0x64,
    0x5E, 0x66, 0x68, 0x5E, 0x56, 0x5C, 0x66, 0x6A, 0x5E, 0x62, 0x6A, 0x64, 0x58, 0x58, 0x62, 0x62,
    0x5E, 0x66, 0x6A, 0x5E, 0x56, 0x5C, 0x62, 0x58, 0x58, 0x62, 0x5E, 0x56, 0x5E, 0x62, 0x60, 0x56,
    0x5C, 0x62, 0x58, 0x58, 0x62, 0x5E, 0x56, 0x5E, 0x62, 0x56, 0x5A, 0x62, 0x5A, 0x56, 0x62, 0x5E,
    0x56, 0x5E, 0x62, 0x58, 0x58, 0x62, 0x5E, 0x66, 0x6A, 0x5E, 0x62, 0x6A, 0x62, 0x5E, 0x68, 0x68,
    0x5E, 0x62, 0x5A, 0x56, 0x62, 0x5E, 0x56, 0x5E, 0x62, 0x56, 0x5A, 0x62, 0x5E, 0x66, 0x6A, 0x5E,
    0x62, 0x6A, 0x66, 0x70, 0x70, 0x66, 0x6A, 0x62, 0x5E, 0x62, 0x56, 0x5A, 0x62, 0x5E, 0x68, 0x68,
    0x68, 0x74, 0x6A, 0x66, 0x6A, 0x5E, 0x62, 0x62, 0x5E, 0x62, 0x56, 0x5A, 0x62, 0x5E, 0x68, 0x68,
    0x68, 0x72, 0x6C, 0x66, 0x70, 0x70, 0x66, 0x6A, 0x62, 0x5E, 0x6A, 0x68, 0x5E, 0x64, 0x6A, 0x60,
    0x60, 0x62, 0x5E, 0x66, 0x6A, 0x5E, 0x62, 0x6A, 0x64, 0x5E, 0x68, 0x68, 0x5E, 0x62, 0x5A, 0x56,
    0x60, 0x62, 0x5E, 0x64, 0x6A, 0x60, 0x60, 0x6A, 0x64, 0x5E, 0x68, 0x68, 0x5E, 0x64, 0x6A, 0x60,
    0x60, 0x6A, 0x66, 0x5E, 0x66, 0x6A, 0x68, 0x5E, 0x64, 0x6A, 0x60, 0x60, 0x6A, 0x66, 0x5E, 0x66,
    0x68, 0x5E, 0x56, 0x5C, 0x62, 0x58, 0x58, 0x62, 0x6A, 0x64, 0x5E, 0x68, 0x6A, 0x66, 0x5E, 0x66,
    0x6A, 0x60, 0x56, 0x5A, 0x66, 0x6A, 0x60, 0x56, 0x5A, 0x62, 0x5A, 0x50, 0x50, 0x5C, 0x62, 0x62,
    0x58, 0x58, 0x62, 0x6A, 0x64, 0x5A, 0x50, 0x50, 0x5C, 0x62, 0x5C, 0x50, 0x50, 0x5A, 0x62, 0x5C,
    0x52, 0x48, 0x48, 0x52, 0x5C, 0x62, 0x58, 0x58, 0x58, 0x5A, 0x66, 0x6A, 0x60, 0x56, 0x4E, 0x54,
    0x5E, 0x68, 0x68, 0x5E, 0x56, 0x4A, 0x46, 0x50, 0x5A, 0x56, 0x4C, 0x42, 0x3E, 0x4A, 0x52, 0x5C,
    0x62, 0x5A, 0x4E, 0x50, 0x4E, 0x54, 0x5E, 0x68, 0x68, 0x68, 0x66, 0x5A, 0x56, 0x60, 0x6A, 0x72,
    0x6C, 0x62, 0x5E, 0x6A, 0x66, 0x6C, 0x76, 0x80, 0x80, 0x80, 0x7E, 0x72, 0x6A, 0x66, 0x72, 0x7A,
    0x82, 0x7A, 0x72, 0x66, 0x6A, 0x66, 0x6C, 0x76, 0x80, 0x80, 0x82, 0x8A, 0x82, 0x78, 0x78, 0x82,
    0x8C, 0x92, 0x8A, 0x80, 0x76, 0x7A, 0x76, 0x7E, 0x88, 0x92, 0x8E, 0x92, 0x8C, 0x82, 0x78, 0x78,
    0x84, 0x8A, 0x82, 0x78, 0x6E, 0x72, 0x6E, 0x74, 0x80, 0x88, 0x88, 0x7C, 0x74, 0x68, 0x68, 0x72,
    0x7A, 0x76, 0x68, 0x68, 0x68, 0x68, 0x74, 0x7E, 0x82, 0x78, 0x6E, 0x66, 0x6C, 0x76, 0x7A, 0x6E,
    0x66, 0x5C, 0x56, 0x5E, 0x68, 0x68, 0x5C, 0x54, 0x4E, 0x58, 0x60, 0x62, 0x5C, 0x52, 0x4E, 0x58,
    0x62, 0x5E, 0x54, 0x4A, 0x46, 0x52, 0x5A, 0x56, 0x4A, 0x46, 0x50, 0x5A, 0x56, 0x4A, 0x46, 0x50,
    0x5A, 0x56, 0x4C, 0x46, 0x50, 0x50, 0x44, 0x44, 0x4C, 0x56, 0x5A, 0x4E, 0x52, 0x5A, 0x52, 0x48,
    0x48, 0x52, 0x5A, 0x52, 0x4E, 0x5A, 0x56, 0x4E, 0x54, 0x5E, 0x62, 0x56, 0x5A, 0x62, 0x5A, 0x56,
    0x62, 0x5E, 0x56, 0x5C, 0x62, 0x58, 0x58, 0x62, 0x62, 0x5A, 0x56, 0x62, 0x5E, 0x56, 0x5E, 0x62,
    0x58, 0x58, 0x62, 0x5C, 0x56, 0x60, 0x60, 0x56, 0x5A, 0x52, 0x4E, 0x58, 0x58, 0x4E, 0x54, 0x5A,
    0x50, 0x50, 0x5A, 0x54, 0x4E, 0x58, 0x58, 0x58, 0x62, 0x62, 0x5E, 0x68, 0x68, 0x5E, 0x64, 0x6A,
    0x60, 0x60, 0x60, 0x54, 0x5E, 0x62, 0x58, 0x58, 0x62, 0x5E, 0x66, 0x68, 0x68, 0x72, 0x6C, 0x66,
    0x6A, 0x60, 0x60, 0x5E, 0x54, 0x5E, 0x60, 0x60, 0x6A, 0x66, 0x6C, 0x72, 0x66, 0x6A, 0x66, 0x5E,
    0x64, 0x60, 0x60, 0x64, 0x5E, 0x66, 0x6A, 0x66, 0x72, 0x6E, 0x66, 0x6E, 0x72, 0x66, 0x6A, 0x64,
    0x5E, 0x68, 0x68, 0x5E, 0x62, 0x62, 0x5E, 0x68, 0x68, 0x5E, 0x64, 0x6A, 0x60, 0x60, 0x6A, 0x64,
    0x5E, 0x62, 0x58, 0x58, 0x62, 0x62, 0x5E, 0x68, 0x68, 0x5E, 0x64, 0x6A, 0x60, 0x60, 0x6A, 0x66,
    0x5E, 0x66, 0x6A, 0x5E, 0x62, 0x6A, 0x62, 0x5E, 0x68, 0x68, 0x5E, 0x64, 0x6A, 0x60, 0x60, 0x6A,
    0x72, 0x6A, 0x66, 0x72, 0x6E, 0x66, 0x6E, 0x72, 0x68, 0x5E, 0x62, 0x6C, 0x62, 0x5E, 0x68, 0x72,
    0x6E, 0x64, 0x70, 0x70, 0x66, 0x5E, 0x64, 0x6E, 0x72, 0x66, 0x6A, 0x72, 0x72, 0x6A, 0x60, 0x60,
    0x6A, 0x64, 0x5A, 0x56, 0x62, 0x6A, 0x66, 0x5A, 0x56, 0x60, 0x6A, 0x66, 0x5C, 0x52, 0x4E, 0x5A,
    0x56, 0x4C, 0x42, 0x3E, 0x48, 0x52, 0x5A, 0x54, 0x48, 0x48, 0x52, 0x5A, 0x54, 0x4A, 0x40, 0x40,
    0x4A, 0x54, 0x5A, 0x52, 0x48, 0x3E, 0x42, 0x4C, 0x56, 0x5A, 0x50, 0x46, 0x3E, 0x44, 0x4E, 0x58,
    0x62, 0x5E, 0x54, 0x4A, 0x46, 0x52, 0x5A, 0x62, 0x5C, 0x52, 0x48, 0x3E, 0x42, 0x4C, 0x56, 0x5A,
    0x4E, 0x46, 0x3C, 0x36, 0x3E, 0x48, 0x52, 0x5A, 0x54, 0x4A, 0x40, 0x40, 0x4C, 0x54, 0x5E, 0x62,
    0x60, 0x56, 0x4E, 0x52, 0x4E, 0x58, 0x60, 0x6A, 0x64, 0x5E, 0x62, 0x56, 0x4E, 0x52, 0x5E, 0x66,
    0x70, 0x70, 0x64, 0x5E, 0x62, 0x58, 0x58, 0x62, 0x6C, 0x72, 0x70, 0x70, 0x66, 0x5E, 0x64, 0x6E,
    0x78, 0x82, 0x7E, 0x72, 0x70, 0x70, 0x70, 0x7A, 0x84, 0x8A, 0x82, 0x78, 0x6E, 0x66, 0x6C, 0x76,
    0x80, 0x80, 0x76, 0x6E, 0x62, 0x5E, 0x68, 0x72, 0x7A, 0x74, 0x6A, 0x62, 0x56, 0x5A, 0x64, 0x6A,
    0x62, 0x58, 0x4E, 0x46, 0x4C, 0x56, 0x5A, 0x4E, 0x46, 0x3E, 0x46, 0x4E, 0x58, 0x56, 0x4C, 0x42,
    0x3E, 0x48, 0x52, 0x4E, 0x44, 0x3E, 0x46, 0x50, 0x5A, 0x62, 0x5C, 0x50, 0x50, 0x5A, 0x62, 0x5C,
    0x52, 0x4E, 0x58, 0x62, 0x5E, 0x52, 0x4E, 0x58, 0x62, 0x5E, 0x52, 0x4E, 0x56, 0x62, 0x5E, 0x56,
    0x5E, 0x62, 0x60, 0x56, 0x5A, 0x66, 0x6A, 0x60, 0x60, 0x6A, 0x64, 0x5A, 0x56, 0x60, 0x62, 0x5E,
    0x56, 0x5E, 0x62, 0x56, 0x5A, 0x64, 0x64, 0x58, 0x58, 0x62, 0x5C, 0x56, 0x5E, 0x62, 0x56, 0x5A,
    0x64, 0x5A, 0x56, 0x60, 0x6A, 0x64, 0x5E, 0x64, 0x60, 0x5A, 0x62, 0x6A, 0x62, 0x5E, 0x6A, 0x66,
    0x5E, 0x66, 0x6A, 0x60, 0x60, 0x62, 0x5C, 0x56, 0x60, 0x60, 0x62, 0x6C, 0x62, 0x5E, 0x68, 0x68,
    0x5E, 0x64, 0x6A, 0x60, 0x60, 0x6A, 0x64, 0x5E, 0x62, 0x56, 0x5A, 0x62, 0x5C, 0x56, 0x60, 0x60,
    0x62, 0x6C, 0x62, 0x60, 0x60, 0x56, 0x5C, 0x62, 0x5E, 0x64, 0x5E, 0x62, 0x6A, 0x66, 0x70, 0x70,
    0x72, 0x7A, 0x76, 0x80, 0x80, 0x76, 0x7A, 0x74, 0x6E, 0x72, 0x66, 0x6A, 0x64, 0x5E, 0x62, 0x56,
    0x5A, 0x62, 0x62, 0x5E, 0x68, 0x68, 0x5E, 0x64, 0x6A, 0x60, 0x60, 0x60, 0x56, 0x5C, 0x64, 0x60,
    0x60, 0x6A, 0x64, 0x5E, 0x68, 0x68, 0x5E, 0x64, 0x6A, 0x60, 0x5E, 0x6A, 0x66, 0x5E, 0x62, 0x60,
    0x56, 0x5A, 0x62, 0x5A, 0x56, 0x62, 0x5E, 0x5A, 0x66, 0x6A, 0x60, 0x60, 0x6A, 0x64, 0x5E, 0x68,
    0x68, 0x5E, 0x62, 0x6A, 0x62, 0x60, 0x6A, 0x72, 0x6C, 0x66, 0x70, 0x70, 0x66, 0x6A, 0x76, 0x7A,
    0x70, 0x70, 0x7A, 0x74, 0x6A, 0x66, 0x72, 0x6E, 0x64, 0x5E, 0x68, 0x68, 0x5E, 0x56, 0x5C, 0x62,
    0x60, 0x58, 0x5A, 0x64, 0x6A, 0x62, 0x58, 0x58, 0x64, 0x64, 0x5A, 0x50, 0x50, 0x5A, 0x54, 0x4A,
    0x42, 0x48, 0x52, 0x5A, 0x54, 0x4A, 0x42, 0x48, 0x54, 0x5A, 0x54, 0x48, 0x48, 0x52, 0x5C, 0x62,
    0x5A, 0x50, 0x46, 0x4A, 0x56, 0x5A, 0x50, 0x48, 0x3E, 0x44, 0x4C, 0x58, 0x58, 0x4E, 0x46, 0x3E,
    0x46, 0x4E, 0x5A, 0x56, 0x4C, 0x42, 0x3E, 0x48, 0x52, 0x5C, 0x62, 0x5A, 0x50, 0x46, 0x42, 0x4C,
    0x56, 0x5A, 0x50, 0x46, 0x3C, 0x36, 0x3E, 0x48, 0x52, 0x5A, 0x54, 0x4A, 0x42, 0x36, 0x3A, 0x44,
    0x4E, 0x52, 0x48, 0x40, 0x34, 0x2E, 0x36, 0x40, 0x48, 0x52, 0x54, 0x4A, 0x42, 0x38, 0x2E, 0x32,
    0x3C, 0x46, 0x4A, 0x3E, 0x36, 0x2C, 0x26, 0x2E, 0x38, 0x42, 0x4C, 0x52, 0x4A, 0x40, 0x38, 0x2E,
    0x34, 0x3E, 0x46, 0x52, 0x4E, 0x44, 0x3A, 0x36, 0x40, 0x48, 0x52, 0x5A, 0x52, 0x48, 0x40, 0x36,
    0x3A, 0x46, 0x4E, 0x54, 0x4E, 0x46, 0x3C, 0x36, 0x40, 0x48, 0x52, 0x5A, 0x54, 0x4A, 0x40, 0x40,
    0x4C, 0x54, 0x5A, 0x50, 0x48, 0x3E, 0x44, 0x4E, 0x56, 0x62, 0x5E, 0x54, 0x4A, 0x46, 0x50, 0x5A,
    0x56, 0x4C, 0x42, 0x3E, 0x48, 0x52, 0x5A, 0x54, 0x4A, 0x42, 0x48, 0x54, 0x5A, 0x54, 0x48, 0x48,
    0x52, 0x5C, 0x62, 0x5A, 0x50, 0x50, 0x5C, 0x62, 0x5A, 0x50, 0x50, 0x5A, 0x62, 0x5C, 0x50, 0x50,
    0x5A, 0x62, 0x5C, 0x52, 0x50, 0x58, 0x5A, 0x54, 0x4E, 0x58, 0x58, 0x4E, 0x46, 0x4C, 0x56, 0x5A,
    0x4E, 0x52, 0x5A, 0x54, 0x48, 0x48, 0x52, 0x52, 0x4E, 0x56, 0x60, 0x60, 0x56, 0x5C, 0x62, 0x58,
    0x58, 0x62, 0x5C, 0x56, 0x5E, 0x68, 0x68, 0x5E, 0x64, 0x6A, 0x60, 0x60, 0x6A, 0x64, 0x5E, 0x68,
    0x68, 0x5E, 0x62, 0x6A, 0x62, 0x5E, 0x6A, 0x66, 0x5E, 0x66, 0x6A, 0x60, 0x60, 0x6A, 0x64, 0x5E,
    0x68, 0x68, 0x5E, 0x62, 0x62, 0x5E, 0x6A, 0x66, 0x5E, 0x66, 0x6A, 0x60, 0x60, 0x6A, 0x64, 0x5E,
    0x64, 0x5E, 0x62, 0x6A, 0x62, 0x5E, 0x68, 0x68, 0x6A, 0x74, 0x6A, 0x68, 0x68, 0x5E, 0x62, 0x62,
    0x5E, 0x64, 0x5E, 0x62, 0x6A, 0x66, 0x70, 0x70, 0x72, 0x7A, 0x76, 0x80, 0x80, 0x76, 0x7A, 0x74,
    0x6E, 0x72, 0x66, 0x6A, 0x64, 0x5E, 0x68, 0x68, 0x62, 0x6A, 0x62, 0x5E, 0x68, 0x68, 0x5E, 0x64,
    0x6A, 0x60, 0x60, 0x6A, 0x64, 0x64, 0x6A, 0x60, 0x60, 0x6A, 0x64, 0x5E, 0x68, 0x68, 0x5E, 0x64,
    0x6A, 0x60, 0x60, 0x6A, 0x66, 0x5E, 0x66, 0x6A, 0x5E, 0x62, 0x6A, 0x62, 0x5E, 0x6A, 0x68, 0x5E,
    0x64, 0x6A, 0x60, 0x60, 0x6A, 0x64, 0x5E, 0x66, 0x70, 0x70, 0x66, 0x6E, 0x72, 0x68, 0x68, 0x72,
    0x6C, 0x62, 0x5E, 0x6A, 0x66, 0x5C, 0x66, 0x6A, 0x60, 0x56, 0x5A, 0x62, 0x5A, 0x50, 0x50, 0x5A,
    0x54, 0x4A, 0x46, 0x50, 0x50, 0x44, 0x3E, 0x46, 0x50, 0x50, 0x44, 0x42, 0x4E, 0x52, 0x48, 0x3E,
    0x42, 0x4C, 0x56, 0x52, 0x46, 0x4A, 0x54, 0x5A, 0x52, 0x46, 0x42, 0x4C, 0x56, 0x5A, 0x50, 0x46,
    0x42, 0x4C, 0x56, 0x5A, 0x50, 0x46, 0x42, 0x4E, 0x56, 0x60, 0x60, 0x54, 0x4E, 0x56, 0x60, 0x64,
    0x5E, 0x54, 0x4A, 0x46, 0x50, 0x5A, 0x62, 0x5C, 0x52, 0x48, 0x48, 0x52, 0x5C, 0x62, 0x5A, 0x50,
    0x46, 0x4A, 0x56, 0x5E, 0x68, 0x68, 0x5C, 0x54, 0x4A, 0x46, 0x50, 0x5A, 0x62, 0x5C, 0x52, 0x48,
    0x48, 0x54, 0x5C, 0x66, 0x6A, 0x60, 0x56, 0x4C, 0x42, 0x46, 0x50, 0x5A, 0x62, 0x5C, 0x52, 0x48,
    0x42, 0x4A, 0x54, 0x5C, 0x68, 0x68, 0x5E, 0x56, 0x4C, 0x42, 0x46, 0x52, 0x5A, 0x62, 0x5A, 0x52,
    0x48, 0x3E, 0x42, 0x4E, 0x56, 0x60, 0x60, 0x56, 0x4C, 0x42, 0x38, 0x38, 0x42, 0x4C, 0x52, 0x4A,
    0x40, 0x36, 0x3A, 0x44, 0x4E, 0x56, 0x62, 0x5E, 0x54, 0x4C, 0x42, 0x48, 0x52, 0x5A, 0x62, 0x5A,
    0x50, 0x46, 0x4A, 0x54, 0x5C, 0x68, 0x68, 0x5E, 0x54, 0x4E, 0x56, 0x60, 0x6A, 0x66, 0x5C, 0x52,
    0x4E, 0x58, 0x62, 0x6A, 0x64, 0x5A, 0x50, 0x50, 0x5C, 0x62, 0x5A, 0x52, 0x46, 0x4A, 0x54, 0x5E,
    0x62, 0x58, 0x4E, 0x46, 0x4C, 0x56, 0x5A, 0x50, 0x46, 0x4C, 0x54, 0x60, 0x60, 0x56, 0x4E, 0x54,
    0x5E, 0x62, 0x58, 0x4E, 0x52, 0x5E, 0x62, 0x58, 0x4E, 0x52, 0x5A, 0x52, 0x48, 0x48, 0x52, 0x5A,
    0x52, 0x4E, 0x58, 0x62, 0x5E, 0x56, 0x5E, 0x68, 0x68, 0x5E, 0x64, 0x6A, 0x62, 0x56, 0x5A, 0x62,
    0x62, 0x5A, 0x56, 0x62, 0x5E, 0x56, 0x5E, 0x64, 0x5E, 0x62, 0x6A, 0x64, 0x58, 0x58, 0x62, 0x5E,
    0x56, 0x5E, 0x62, 0x56, 0x5A, 0x62, 0x62, 0x5E, 0x68, 0x68, 0x5E, 0x64, 0x6E, 0x72, 0x66, 0x6A,
    0x64, 0x5E, 0x68, 0x6A, 0x66, 0x5E, 0x62, 0x60, 0x5E, 0x6A, 0x66, 0x5E, 0x66, 0x6A, 0x5E, 0x62,
    0x6A, 0x62, 0x5E, 0x68, 0x68, 0x5E, 0x64, 0x6A, 0x60, 0x60, 0x62, 0x5E, 0x64, 0x6C, 0x68, 0x68,
    0x66, 0x5C, 0x68, 0x68, 0x68, 0x72, 0x6E, 0x72, 0x70, 0x70, 0x7A, 0x76, 0x7C, 0x82, 0x7E, 0x84,
    0x7C, 0x7C, 0x82, 0x7E, 0x8A, 0x86, 0x7E, 0x82, 0x78, 0x78, 0x78, 0x6E, 0x72, 0x6A, 0x66, 0x72,
    0x6E, 0x66, 0x6E, 0x72, 0x68, 0x68, 0x72, 0x6C, 0x66, 0x70, 0x70, 0x66, 0x6A, 0x62, 0x5E, 0x68,
    0x68, 0x5E, 0x64, 0x6A, 0x60, 0x60, 0x6A, 0x64, 0x5E, 0x68, 0x68, 0x5E, 0x62, 0x6A, 0x62, 0x5E,
    0x6A, 0x66, 0x5E, 0x64, 0x70, 0x70, 0x70, 0x7A, 0x74, 0x6A, 0x66, 0x72, 0x6E, 0x66, 0x6E, 0x72,
    0x66, 0x6A, 0x72, 0x6C, 0x60, 0x60, 0x6A, 0x66, 0x5E, 0x66, 0x6A, 0x60, 0x56, 0x5C, 0x64, 0x58,
    0x58, 0x62, 0x6A, 0x64, 0x5E, 0x68, 0x6A, 0x66, 0x5E, 0x64, 0x70, 0x70, 0x66, 0x5E, 0x64, 0x6A,
    0x60, 0x56, 0x5A, 0x64, 0x6A, 0x62, 0x58, 0x58, 0x64, 0x6A, 0x62, 0x58, 0x58, 0x64, 0x6A, 0x64,
    0x58, 0x58, 0x62, 0x6A, 0x64, 0x5A, 0x50, 0x50, 0x5A, 0x64, 0x6A, 0x60, 0x56, 0x5A, 0x64, 0x6E,
    0x72, 0x68, 0x5E, 0x56, 0x5C, 0x66, 0x6A, 0x5E, 0x56, 0x4C, 0x46, 0x4E, 0x58, 0x58, 0x4C, 0x44,
    0x3E, 0x48, 0x50, 0x5A, 0x62, 0x5A, 0x52, 0x48, 0x4A, 0x54, 0x5E, 0x62, 0x58, 0x50, 0x44, 0x44,
    0x4E, 0x56, 0x62, 0x5E, 0x54, 0x4C, 0x40, 0x40, 0x4A, 0x52, 0x5A, 0x52, 0x48, 0x40, 0x36, 0x3C,
    0x46, 0x4E, 0x58, 0x5A, 0x56, 0x4C, 0x42, 0x38, 0x38, 0x42, 0x4C, 0x52, 0x48, 0x40, 0x36, 0x32,
    0x3C, 0x46, 0x50, 0x58, 0x62, 0x5C, 0x52, 0x4A, 0x40, 0x40, 0x4C, 0x54, 0x60, 0x60, 0x56, 0x4E,
    0x44, 0x44, 0x50, 0x58, 0x62, 0x6A, 0x64, 0x5A, 0x50, 0x46, 0x4A, 0x54, 0x5E, 0x62, 0x56, 0x4E,
    0x44, 0x44, 0x4E, 0x58, 0x62, 0x5E, 0x54, 0x4A, 0x40, 0x40, 0x4A, 0x54, 0x5A, 0x52, 0x48, 0x42,
    0x4C, 0x54, 0x5E, 0x68, 0x68, 0x5E, 0x54, 0x4E, 0x56, 0x60, 0x5E, 0x54, 0x4A, 0x46, 0x50, 0x58,
    0x62, 0x5C, 0x52, 0x48, 0x48, 0x52, 0x5A, 0x54, 0x4A, 0x42, 0x4A, 0x52, 0x5C, 0x62, 0x58, 0x50,
    0x52, 0x5C, 0x62, 0x5A, 0x50, 0x50, 0x5C, 0x62, 0x62, 0x58, 0x52, 0x5A, 0x62, 0x5C, 0x50, 0x50,
    0x5A, 0x62, 0x5C, 0x50, 0x4E, 0x5A, 0x56, 0x4C, 0x46, 0x4E, 0x58, 0x58, 0x4C, 0x56, 0x5A, 0x50,
    0x46, 0x4A, 0x54, 0x5A, 0x50, 0x50, 0x5A, 0x54, 0x4E, 0x56, 0x60, 0x60, 0x56, 0x5C, 0x62, 0x58,
    0x58, 0x62, 0x62, 0x5E, 0x68, 0x6A, 0x5E, 0x5A, 0x66, 0x6A, 0x60, 0x60, 0x6A, 0x64, 0x5E, 0x68,
    0x68, 0x5E, 0x62, 0x6A, 0x62, 0x5E, 0x6A, 0x66, 0x5E, 0x66, 0x6A, 0x5E, 0x62, 0x6A, 0x62, 0x5E,
    0x68, 0x68, 0x5E, 0x64, 0x6A, 0x60, 0x60, 0x6A, 0x64, 0x5E, 0x68, 0x68, 0x5E, 0x62, 0x62, 0x5E,
    0x68, 0x68, 0x5E, 0x64, 0x6A, 0x62, 0x68, 0x68, 0x5E, 0x62, 0x5E, 0x68, 0x68, 0x5E, 0x62, 0x60,
    0x5E, 0x64, 0x5E, 0x62, 0x62, 0x5E, 0x68, 0x68, 0x5E, 0x62, 0x5E, 0x68, 0x68, 0x68, 0x66, 0x5C,
    0x68, 0x68, 0x68, 0x6A, 0x66, 0x6E, 0x74, 0x6E, 0x72, 0x7A, 0x72, 0x6E, 0x78, 0x78, 0x6E, 0x74,
    0x7A, 0x70, 0x70, 0x7A, 0x74, 0x6E, 0x78, 0x78, 0x6E, 0x72, 0x7A, 0x72, 0x6E, 0x7A, 0x76, 0x6C,
    0x66, 0x70, 0x70, 0x66, 0x62, 0x6E, 0x72, 0x68, 0x5E, 0x62, 0x6C, 0x72, 0x68, 0x60, 0x56, 0x5A,
    0x64, 0x6E, 0x72, 0x66, 0x5E, 0x54, 0x54, 0x60, 0x68, 0x72, 0x6C, 0x62, 0x5A, 0x50, 0x46, 0x4A,
    0x54, 0x5E, 0x62, 0x56, 0x4E, 0x44, 0x44, 0x50, 0x58, 0x62, 0x5E, 0x54, 0x4A, 0x46, 0x52, 0x5A,
    0x62, 0x5C, 0x50, 0x50, 0x5A, 0x62, 0x5C, 0x52, 0x4E, 0x5A, 0x56, 0x4E, 0x56, 0x60, 0x60, 0x56,
    0x5C, 0x62, 0x58, 0x58, 0x62, 0x62, 0x5E, 0x66, 0x6A, 0x5E, 0x62, 0x62, 0x5E, 0x60, 0x5E, 0x6A,
    0x66, 0x5E, 0x66, 0x6A, 0x5E, 0x62, 0x6C, 0x62, 0x5E, 0x68, 0x72, 0x6E, 0x64, 0x70, 0x70, 0x68,
    0x5E, 0x64, 0x6A, 0x62, 0x58, 0x58, 0x64, 0x6A, 0x6A, 0x60, 0x56, 0x5A, 0x64, 0x6E, 0x72, 0x68,
    0x5E, 0x56, 0x5C, 0x66, 0x70, 0x72, 0x6E, 0x64, 0x5A, 0x50, 0x50, 0x5A, 0x64, 0x6A, 0x62, 0x58,
    0x4E, 0x46, 0x4C, 0x56, 0x60, 0x6A, 0x66, 0x5C, 0x54, 0x48, 0x48, 0x52, 0x5A, 0x54, 0x4A, 0x42,
    0x48, 0x52, 0x5C, 0x62, 0x58, 0x58, 0x62, 0x62, 0x5C, 0x56, 0x60, 0x6A, 0x66, 0x5E, 0x66, 0x6A,
    0x5E, 0x62, 0x6A, 0x6A, 0x62, 0x68, 0x68, 0x5C, 0x66, 0x68, 0x68, 0x68, 0x62, 0x6C, 0x62, 0x5E,
    0x68, 0x68, 0x5E, 0x64, 0x6A, 0x68, 0x5E, 0x62, 0x6C, 0x62, 0x5E, 0x68, 0x72, 0x6E, 0x62, 0x66,
    0x70, 0x70, 0x64, 0x5E, 0x64, 0x70, 0x70, 0x66, 0x5E, 0x52, 0x56, 0x60, 0x6A, 0x66, 0x5C, 0x52,
    0x4E, 0x58, 0x62, 0x6C, 0x72, 0x6A, 0x60, 0x56, 0x4E, 0x46, 0x4E, 0x56, 0x62, 0x5E, 0x54, 0x4C,
    0x42, 0x48, 0x52, 0x5A, 0x66, 0x6A, 0x60, 0x58, 0x4E, 0x54, 0x5E, 0x62, 0x60, 0x56, 0x4E, 0x54,
    0x5E, 0x62, 0x60, 0x56, 0x5C, 0x66, 0x6A, 0x5E, 0x5A, 0x64, 0x6A, 0x62, 0x60, 0x6A, 0x72, 0x6C,
    0x66, 0x70, 0x70, 0x66, 0x5E, 0x64, 0x6E, 0x78, 0x76, 0x7A, 0x74, 0x6E, 0x72, 0x66, 0x5E, 0x62,
    0x6C, 0x60, 0x60, 0x6A, 0x72, 0x6C, 0x66, 0x70, 0x7A, 0x76, 0x6E, 0x74, 0x80, 0x80, 0x76, 0x6E,
    0x74, 0x80, 0x80, 0x76, 0x6E, 0x66, 0x6C, 0x78, 0x78, 0x6E, 0x66, 0x5A, 0x56, 0x60, 0x6A, 0x72,
    0x6C, 0x62, 0x5A, 0x4E, 0x52, 0x5C, 0x64, 0x70, 0x70, 0x66, 0x5E, 0x54, 0x4E, 0x58, 0x60, 0x6A,
    0x72, 0x6A, 0x62, 0x58, 0x58, 0x64, 0x6C, 0x72, 0x68, 0x60, 0x56, 0x4E, 0x54, 0x60, 0x60, 0x56,
    0x4E, 0x54, 0x60, 0x60, 0x56, 0x4E, 0x54, 0x5A, 0x50, 0x50, 0x5A, 0x64, 0x6A, 0x62, 0x5E, 0x6A,
    0x66, 0x5C, 0x56, 0x60, 0x60, 0x62, 0x5E, 0x66, 0x6A, 0x68, 0x68, 0x5E, 0x64, 0x6E, 0x72, 0x68,
    0x5E, 0x64, 0x6A, 0x60, 0x60, 0x6A, 0x72, 0x72, 0x6A, 0x66, 0x72, 0x7A, 0x76, 0x6A, 0x66, 0x70,
    0x7A, 0x76, 0x6C, 0x62, 0x5E, 0x6A, 0x72, 0x7A, 0x72, 0x6A, 0x5E, 0x62, 0x6C, 0x76, 0x7A, 0x70,
    0x66, 0x5E, 0x54, 0x4E, 0x58, 0x60, 0x6A, 0x66, 0x5A, 0x52, 0x48, 0x48, 0x54, 0x5C, 0x66, 0x6A,
    0x5E, 0x56, 0x4C, 0x46, 0x4E, 0x58, 0x62, 0x5E, 0x54, 0x4A, 0x46, 0x52, 0x5A, 0x62, 0x5C, 0x50,
    0x50, 0x5A, 0x62, 0x5C, 0x56, 0x60, 0x6A, 0x66, 0x5A, 0x56, 0x5E, 0x6A, 0x66, 0x5E, 0x64, 0x70,
    0x70, 0x66, 0x5E, 0x54, 0x4A, 0x40, 0x3A, 0x42, 0x46, 0x4C, 0x56, 0x60, 0x6A, 0x74, 0x7C, 0x86,
    0x8A, 0x80, 0x76, 0x7C, 0x82, 0x7A, 0x70, 0x70, 0x7C, 0x82, 0x7A, 0x70, 0x66, 0x6A, 0x74, 0x7A,
    0x72, 0x68, 0x5E, 0x62, 0x6C, 0x76, 0x7A, 0x6E, 0x66, 0x5C, 0x56, 0x60, 0x68, 0x72, 0x6E, 0x62,
    0x5A, 0x50, 0x50, 0x5C, 0x64, 0x6E, 0x72, 0x68, 0x5E, 0x54, 0x4A, 0x46, 0x50, 0x5A, 0x62, 0x5C,
    0x52, 0x48, 0x48, 0x52, 0x5C, 0x66, 0x6A, 0x60, 0x56, 0x4E, 0x54, 0x60, 0x60, 0x56, 0x4E, 0x54,
    0x5E, 0x68, 0x68, 0x5E, 0x56, 0x5C, 0x62, 0x58, 0x4E, 0x52, 0x5E, 0x62, 0x5A, 0x4E, 0x52, 0x5C,
    0x66, 0x6A, 0x60, 0x58, 0x4C, 0x44, 0x3A, 0x36, 0x40, 0x4A, 0x54, 0x5E, 0x62, 0x58, 0x58, 0x64,
    0x6A, 0x66, 0x70, 0x78, 0x82, 0x82, 0x7C, 0x70, 0x70, 0x7A, 0x82, 0x7C, 0x72, 0x68, 0x68, 0x74,
    0x7A, 0x74, 0x68, 0x60, 0x56, 0x52, 0x5C, 0x66, 0x6A, 0x5E, 0x56, 0x4C, 0x46, 0x4E, 0x58, 0x62,
    0x6A, 0x64, 0x5A, 0x50, 0x46, 0x3E, 0x44, 0x4E, 0x58, 0x58, 0x4E, 0x44, 0x3E, 0x46, 0x50, 0x5A,
    0x64, 0x64, 0x5A, 0x52, 0x46, 0x4A, 0x54, 0x5E, 0x62, 0x58, 0x4E, 0x52, 0x5C, 0x66, 0x6A, 0x5E,
    0x56, 0x5A, 0x66, 0x6A, 0x60, 0x56, 0x5A, 0x66, 0x6A, 0x68, 0x5E, 0x62, 0x6C, 0x72, 0x68, 0x60,
    0x56, 0x4C, 0x42, 0x3E, 0x48, 0x52, 0x5A, 0x64, 0x6E, 0x78, 0x78, 0x78, 0x84, 0x8A, 0x82, 0x78,
    0x6E, 0x72, 0x7E, 0x82, 0x78, 0x70, 0x66, 0x6A, 0x76, 0x7A, 0x70, 0x66, 0x5E, 0x64, 0x6E, 0x78,
    0x78, 0x6C, 0x64, 0x5A, 0x56, 0x60, 0x6A, 0x72, 0x6C, 0x62, 0x58, 0x4E, 0x52, 0x5C, 0x66, 0x70,
    0x70, 0x66, 0x5E, 0x52, 0x4E, 0x58, 0x62, 0x6C, 0x72, 0x6A, 0x60, 0x56, 0x52, 0x5C, 0x64, 0x70,
    0x70, 0x66, 0x5E, 0x52, 0x4E, 0x58, 0x62, 0x5E, 0x54, 0x4A, 0x46, 0x50, 0x5A, 0x62, 0x5C, 0x52,
    0x50, 0x5A, 0x62, 0x5E, 0x52, 0x4E, 0x58, 0x62, 0x6A, 0x64, 0x58, 0x58, 0x62, 0x6A, 0x74, 0x7E,
    0x86, 0x92, 0x8E, 0x84, 0x7C, 0x72, 0x68, 0x62, 0x5E, 0x54, 0x4A, 0x42, 0x48, 0x52, 0x5A, 0x52,
    0x4C, 0x50, 0x5A, 0x64, 0x6A, 0x62, 0x58, 0x4E, 0x52, 0x5C, 0x62, 0x60, 0x58, 0x4E, 0x52, 0x5E,
    0x66, 0x70, 0x70, 0x66, 0x5C, 0x52, 0x48, 0x48, 0x52, 0x5C, 0x62, 0x5A, 0x50, 0x46, 0x4A, 0x54,
    0x5E, 0x66, 0x70, 0x70, 0x64, 0x5C, 0x50, 0x50, 0x5A, 0x62, 0x6C, 0x72, 0x68, 0x60, 0x56, 0x52,
    0x5E, 0x66, 0x70, 0x70, 0x64, 0x5C, 0x56, 0x60, 0x68, 0x72, 0x6C, 0x62, 0x58, 0x58, 0x62, 0x6A,
    0x6A, 0x62, 0x58, 0x58, 0x64, 0x6A, 0x64, 0x58, 0x52, 0x5A, 0x64, 0x6C, 0x76, 0x80, 0x80, 0x74,
    0x6C, 0x62, 0x5A, 0x50, 0x50, 0x5C, 0x62, 0x5A, 0x50, 0x50, 0x5A, 0x64, 0x6A, 0x60, 0x58, 0x4E,
    0x54, 0x5C, 0x68, 0x68, 0x5E, 0x54, 0x54, 0x5E, 0x66, 0x72, 0x6E, 0x64, 0x5C, 0x50, 0x50, 0x5A,
    0x64, 0x6A, 0x62, 0x58, 0x4E, 0x4A, 0x54, 0x5E, 0x66, 0x70, 0x6E, 0x64, 0x5C, 0x52, 0x48, 0x48,
    0x52, 0x5C, 0x62, 0x58, 0x50, 0x46, 0x4A, 0x56, 0x5E, 0x68, 0x72, 0x6E, 0x64, 0x5A, 0x50, 0x50,
    0x5A, 0x64, 0x6A, 0x62, 0x58, 0x4E, 0x52, 0x5C, 0x66, 0x6A, 0x5E, 0x56, 0x4E, 0x56, 0x5E, 0x68,
    0x68, 0x5C, 0x56, 0x56, 0x60, 0x68, 0x6A, 0x64, 0x5A, 0x52, 0x46, 0x4A, 0x54, 0x5C, 0x66, 0x70,
    0x70, 0x66, 0x5C, 0x56, 0x60, 0x68, 0x72, 0x6C, 0x64, 0x58, 0x58, 0x62, 0x6A, 0x72, 0x6A, 0x60,
    0x5A, 0x62, 0x6C, 0x76, 0x7A, 0x70, 0x66, 0x5C, 0x56, 0x5E, 0x68, 0x72, 0x6E, 0x64, 0x5C, 0x50,
    0x50, 0x5A, 0x62, 0x6E, 0x72, 0x68, 0x5E, 0x56, 0x4C, 0x46, 0x50, 0x58, 0x62, 0x5E, 0x54, 0x4A,
    0x48, 0x52, 0x5A, 0x64, 0x6E, 0x72, 0x68, 0x5E, 0x54, 0x4E, 0x56, 0x60, 0x6A, 0x72, 0x6C, 0x62,
    0x58, 0x58, 0x62, 0x6C, 0x72, 0x70, 0x68, 0x5E, 0x54, 0x54, 0x5E, 0x68, 0x68, 0x5E, 0x54, 0x4E,
    0x56, 0x60, 0x6A, 0x6A, 0x64, 0x5A, 0x50, 0x46, 0x4A, 0x54, 0x5C, 0x68, 0x68, 0x5E, 0x54, 0x4E,
    0x4E, 0x58, 0x62, 0x6A, 0x64, 0x5A, 0x52, 0x46, 0x4A, 0x54, 0x5E, 0x62, 0x58, 0x4E, 0x4A, 0x54,
    0x5E, 0x68, 0x72, 0x6E, 0x64, 0x5C, 0x50, 0x50, 0x5A, 0x64, 0x6A, 0x62, 0x58, 0x4E, 0x52, 0x5C,
    0x66, 0x6E, 0x78, 0x78, 0x6C, 0x64, 0x5A, 0x52, 0x58, 0x62, 0x6C, 0x72, 0x68, 0x60, 0x56, 0x52,
    0x5E, 0x66, 0x70, 0x7A, 0x76, 0x6C, 0x62, 0x58, 0x58, 0x62, 0x6C, 0x76, 0x7A, 0x70, 0x68, 0x5C,
    0x5C, 0x66, 0x6E, 0x7A, 0x76, 0x6C, 0x64, 0x58, 0x58, 0x62, 0x6C, 0x72, 0x6A, 0x60, 0x56, 0x52,
    0x5C, 0x66, 0x70, 0x74, 0x6E, 0x64, 0x5C, 0x52, 0x48, 0x48, 0x52, 0x5C, 0x62, 0x58, 0x50, 0x46,
    0x4A, 0x56, 0x5E, 0x68, 0x72, 0x6E, 0x64, 0x5A, 0x50, 0x50, 0x5A, 0x64, 0x6A, 0x62, 0x58, 0x58,
    0x64, 0x6C, 0x76, 0x80, 0x80, 0x76, 0x6C, 0x62, 0x58, 0x58, 0x62, 0x6A, 0x76, 0x7A, 0x70, 0x68,
    0x5E, 0x56, 0x5E, 0x66, 0x70, 0x72, 0x6E, 0x62, 0x5A, 0x50, 0x50, 0x5C, 0x64, 0x6E, 0x72, 0x68,
    0x5E, 0x54, 0x4E, 0x56, 0x60, 0x6A, 0x72, 0x6C, 0x62, 0x58, 0x50, 0x46, 0x4C, 0x56, 0x5E, 0x62,
    0x5E, 0x54, 0x4E, 0x4E, 0x58, 0x60, 0x6A, 0x72, 0x6C, 0x62, 0x58, 0x4E, 0x46, 0x4C, 0x56, 0x60,
    0x6A, 0x66, 0x5C, 0x52, 0x4E, 0x58, 0x62, 0x6C, 0x76, 0x72, 0x68, 0x60, 0x54, 0x4E, 0x56, 0x60,
    0x68, 0x72, 0x6E, 0x62, 0x5A, 0x52, 0x58, 0x64, 0x6C, 0x76, 0x7A, 0x70, 0x66, 0x5C, 0x52, 0x4E,
    0x58, 0x62, 0x6A, 0x64, 0x5A, 0x50, 0x50, 0x5A, 0x64, 0x6C, 0x78, 0x78, 0x6E, 0x64, 0x5C, 0x52,
    0x4E, 0x5A, 0x62, 0x6C, 0x72, 0x6A, 0x60, 0x56, 0x5A, 0x66, 0x6E, 0x78, 0x78, 0x6E, 0x64, 0x5A,
    0x50, 0x50, 0x5A, 0x62, 0x6E, 0x72, 0x68, 0x60, 0x54, 0x54, 0x5E, 0x68, 0x70, 0x7A, 0x74, 0x6A,
    0x62, 0x58, 0x4E, 0x52, 0x5C, 0x66, 0x6A, 0x5E, 0x56, 0x4E, 0x56, 0x5E, 0x68, 0x72, 0x7A, 0x74,
    0x6A, 0x60, 0x56, 0x4E, 0x54, 0x5E, 0x66, 0x72, 0x6E, 0x64, 0x5A, 0x56, 0x60, 0x68, 0x74, 0x7A,
    0x72, 0x68, 0x60, 0x56, 0x4E, 0x54, 0x5E, 0x68, 0x72, 0x6E, 0x62, 0x5E, 0x60, 0x68, 0x72, 0x7C,
    0x82, 0x80, 0x78, 0x6E, 0x66, 0x5A, 0x56, 0x60, 0x68, 0x72, 0x6C, 0x62, 0x5A, 0x52, 0x5A, 0x64,
    0x6C, 0x76, 0x78, 0x6E, 0x66, 0x5C, 0x52, 0x4E, 0x58, 0x62, 0x6A, 0x64, 0x5A, 0x50, 0x4E, 0x52,
    0x5C, 0x66, 0x70, 0x72, 0x6E, 0x64, 0x5C, 0x50, 0x50, 0x5A, 0x62, 0x6E, 0x72, 0x68, 0x60, 0x56,
    0x56, 0x5C, 0x66, 0x70, 0x7A, 0x76, 0x6C, 0x62, 0x58, 0x52, 0x5A, 0x64, 0x6E, 0x72, 0x68, 0x5E,
    0x56, 0x56, 0x5E, 0x68, 0x70, 0x7A, 0x74, 0x6A, 0x62, 0x58, 0x4E, 0x52, 0x5C, 0x66, 0x68, 0x5E,
    0x56, 0x4E, 0x56, 0x60, 0x68, 0x72, 0x7A, 0x74, 0x6A, 0x60, 0x56, 0x4E, 0x54, 0x5E, 0x66, 0x72,
    0x6E, 0x64, 0x5A, 0x56, 0x60, 0x6A, 0x74, 0x7A, 0x7A, 0x70, 0x68, 0x5E, 0x56, 0x56, 0x5E, 0x68,
    0x72, 0x6E, 0x64, 0x5A, 0x56, 0x62, 0x6A, 0x74, 0x7E, 0x82, 0x78, 0x6E, 0x64, 0x5A, 0x56, 0x60,
    0x6A, 0x72, 0x6C, 0x62, 0x58, 0x52, 0x5A, 0x64, 0x6C, 0x78, 0x78, 0x6E, 0x66, 0x5C, 0x52, 0x4E,
    0x5A, 0x62, 0x6C, 0x72, 0x6A, 0x60, 0x56, 0x5A, 0x66, 0x6E, 0x78, 0x78, 0x6E, 0x64, 0x5A, 0x50,
    0x50, 0x5A, 0x62, 0x6E, 0x72, 0x68, 0x60, 0x56, 0x5C, 0x66, 0x6E, 0x78, 0x82, 0x7E, 0x72, 0x6A,
    0x60, 0x56, 0x5A, 0x64, 0x6E, 0x78, 0x78, 0x6E, 0x66, 0x66, 0x6E, 0x78, 0x80, 0x82, 0x7C, 0x72,
    0x68, 0x60, 0x56, 0x5C, 0x66, 0x6E, 0x74, 0x6E, 0x66, 0x5A, 0x56, 0x60, 0x68, 0x72, 0x7A, 0x72,
    0x6A, 0x60, 0x56, 0x4E, 0x54, 0x5E, 0x68, 0x72, 0x6E, 0x64, 0x5A, 0x56, 0x60, 0x6A, 0x74, 0x7A,
    0x72, 0x68, 0x5E, 0x54, 0x4E, 0x56, 0x60, 0x68, 0x72, 0x6C, 0x64, 0x58, 0x58, 0x62, 0x6A, 0x74,
    0x7E, 0x82, 0x78, 0x6E, 0x64, 0x5A, 0x56, 0x60, 0x6A, 0x72, 0x72, 0x6A, 0x60, 0x5A, 0x5E, 0x64,
    0x6E, 0x78, 0x78, 0x6E, 0x64, 0x5C, 0x52, 0x4E, 0x5A, 0x62, 0x6C, 0x72, 0x68, 0x60, 0x56, 0x5A,
    0x66, 0x6E, 0x78, 0x7A, 0x76, 0x6C, 0x62, 0x58, 0x52, 0x5A, 0x64, 0x6E, 0x72, 0x68, 0x5E, 0x56,
    0x5C, 0x66, 0x70, 0x78, 0x82, 0x7C, 0x72, 0x6A, 0x60, 0x56, 0x5A, 0x64, 0x6E, 0x72, 0x66, 0x5E,
    0x56, 0x5E, 0x66, 0x70, 0x7A, 0x82, 0x7C, 0x72, 0x68, 0x5E, 0x56, 0x5C, 0x66, 0x6E, 0x7A, 0x76,
    0x6C, 0x62, 0x5C, 0x60, 0x6A, 0x74, 0x7A, 0x72, 0x68, 0x60, 0x56, 0x4E, 0x54, 0x5E, 0x68, 0x72,
    0x6E, 0x64, 0x5A, 0x56, 0x62, 0x6A, 0x74, 0x7E, 0x82, 0x78, 0x6E, 0x66, 0x5A, 0x56, 0x60, 0x68,
    0x72, 0x6C, 0x62, 0x58, 0x58, 0x62, 0x6C, 0x74, 0x7E, 0x80, 0x76, 0x6E, 0x64, 0x5A, 0x56, 0x60,
    0x6A, 0x74, 0x7A, 0x72, 0x68, 0x6A, 0x6E, 0x74, 0x7E, 0x86, 0x80, 0x76, 0x6C, 0x64, 0x58, 0x58,
    0x62, 0x6A, 0x76, 0x7A, 0x70, 0x68, 0x5C, 0x5C, 0x66, 0x6E, 0x78, 0x78, 0x6C, 0x64, 0x5A, 0x50,
    0x50, 0x5C, 0x64, 0x6E, 0x72, 0x68, 0x5E, 0x56, 0x5C, 0x66, 0x70, 0x78, 0x7A, 0x74, 0x6A, 0x62,
    0x58, 0x4E, 0x52, 0x5E, 0x66, 0x70, 0x70, 0x66, 0x5C, 0x5C, 0x60, 0x68, 0x72, 0x7A, 0x74, 0x6A,
    0x60, 0x56, 0x4E, 0x54, 0x5E, 0x66, 0x72, 0x6E, 0x64, 0x5C, 0x5C, 0x60, 0x6A, 0x74, 0x7A, 0x7A,
    0x70, 0x68, 0x5E, 0x56, 0x5E, 0x68, 0x70, 0x7A, 0x76, 0x6C, 0x62, 0x5C, 0x60, 0x6A, 0x74, 0x7E,
    0x7A, 0x70, 0x66, 0x5C, 0x52, 0x56, 0x60, 0x6A, 0x72, 0x72, 0x6A, 0x60, 0x5E, 0x62, 0x6C, 0x74,
    0x80, 0x80, 0x76, 0x6E, 0x64, 0x5A, 0x56, 0x62, 0x6A, 0x74, 0x7A, 0x72, 0x68, 0x5E, 0x5E, 0x64,
    0x6E, 0x78, 0x7A, 0x76, 0x6C, 0x62, 0x58, 0x58, 0x62, 0x6A, 0x76, 0x7A, 0x70, 0x66, 0x5E, 0x5E,
    0x66, 0x70, 0x78, 0x7A, 0x74, 0x6A, 0x62, 0x58, 0x52, 0x5A, 0x64, 0x6E, 0x72, 0x70, 0x66, 0x5E,
    0x5E, 0x66, 0x70, 0x7A, 0x82, 0x7C, 0x72, 0x68, 0x60, 0x56, 0x5C, 0x66, 0x6E, 0x7A, 0x76, 0x6C,
    0x62, 0x5E, 0x68, 0x70, 0x7A, 0x82, 0x7A, 0x70, 0x68, 0x5E, 0x56, 0x5C, 0x66, 0x70, 0x7A, 0x76,
    0x6A, 0x66, 0x6E, 0x70, 0x7A, 0x84, 0x84, 0x7A, 0x70, 0x66, 0x5C, 0x56, 0x5E, 0x68, 0x70, 0x7A,
    0x74, 0x6A, 0x62, 0x5C, 0x62, 0x6A, 0x76, 0x7A, 0x70, 0x66, 0x62, 0x5E, 0x52, 0x56, 0x60, 0x6A,
    0x72, 0x72, 0x6A, 0x60, 0x5C, 0x62, 0x66, 0x6C, 0x78, 0x78, 0x6E, 0x64, 0x5C, 0x58, 0x58, 0x62,
    0x6A, 0x74, 0x7A, 0x70, 0x68, 0x5E, 0x64, 0x68, 0x6E, 0x7A, 0x78, 0x6E, 0x64, 0x62, 0x58, 0x58,
    0x62, 0x6C, 0x76, 0x7A, 0x70, 0x66, 0x5E, 0x64, 0x66, 0x70, 0x78, 0x7A, 0x74, 0x6A, 0x62, 0x58,
    0x56, 0x5A, 0x64, 0x6E, 0x72, 0x70, 0x64, 0x5E, 0x62, 0x66, 0x70, 0x7A, 0x7E, 0x74, 0x6A, 0x62,
    0x60, 0x56, 0x5C, 0x66, 0x6E, 0x7A, 0x76, 0x6C, 0x62, 0x5E, 0x68, 0x72, 0x7C, 0x82, 0x7A, 0x70,
    0x68, 0x5E, 0x56, 0x5C, 0x66, 0x70, 0x7A, 0x76, 0x6C, 0x62, 0x60, 0x66, 0x6A, 0x74, 0x7A, 0x7A,
    0x70, 0x66, 0x5C, 0x5A, 0x5E, 0x68, 0x70, 0x7A, 0x74, 0x6A, 0x60, 0x60, 0x66, 0x6A, 0x76, 0x7E,
    0x78, 0x6E, 0x64, 0x62, 0x5A, 0x56, 0x62, 0x6A, 0x74, 0x7A, 0x72, 0x68, 0x5E, 0x62, 0x6C, 0x76,
    0x7E, 0x78, 0x6E, 0x64, 0x62, 0x5A, 0x58, 0x62, 0x6A, 0x76, 0x7A, 0x70, 0x68, 0x5E, 0x64, 0x66,
    0x6E, 0x78, 0x7A, 0x76, 0x6A, 0x62, 0x58, 0x58, 0x64, 0x6C, 0x76, 0x7A, 0x70, 0x66, 0x5E, 0x64,
    0x68, 0x70, 0x78, 0x7A, 0x74, 0x6A, 0x62, 0x60, 0x56, 0x5A, 0x66, 0x6E, 0x78, 0x78, 0x6C, 0x64,
    0x60, 0x68, 0x70, 0x7C, 0x7C, 0x72, 0x68, 0x62, 0x60, 0x56, 0x5C, 0x66, 0x70, 0x7A, 0x76, 0x6C,
    0x62, 0x5E, 0x68, 0x72, 0x7C, 0x82, 0x7A, 0x70, 0x68, 0x5E, 0x56, 0x5E, 0x68, 0x70, 0x7A, 0x74,
    0x6C, 0x60, 0x60, 0x66, 0x6A, 0x74, 0x7E, 0x7A, 0x70, 0x66, 0x62, 0x5C, 0x5E, 0x68, 0x72, 0x7A,
    0x7A, 0x72, 0x68, 0x5E, 0x62, 0x6C, 0x74, 0x7E, 0x78, 0x6E, 0x64, 0x62, 0x5A, 0x56, 0x62, 0x6A,
    0x74, 0x7A, 0x72, 0x68, 0x5E, 0x62, 0x66, 0x6E, 0x78, 0x7A, 0x76, 0x6C, 0x62, 0x58, 0x58, 0x62,
    0x6A, 0x76, 0x7A, 0x70, 0x66, 0x5E, 0x64, 0x66, 0x6E, 0x78, 0x7A, 0x74, 0x6A, 0x62, 0x5A, 0x5A,
    0x62, 0x6C, 0x76, 0x7A, 0x6E, 0x66, 0x5E, 0x64, 0x68, 0x70, 0x7A, 0x7E, 0x74, 0x6A, 0x62, 0x60,
    0x56, 0x5C, 0x66, 0x6E, 0x7A, 0x76, 0x6C, 0x62, 0x5E, 0x66, 0x68, 0x74, 0x7A, 0x74, 0x68, 0x66,
    0x5E, 0x56, 0x5C, 0x66, 0x70, 0x7A, 0x76, 0x6C, 0x62, 0x60, 0x66, 0x6A, 0x74, 0x7A, 0x7A, 0x70,
    0x66, 0x5C, 0x5A, 0x5E, 0x68, 0x70, 0x7A, 0x82, 0x7C, 0x70, 0x70, 0x74, 0x76, 0x7C, 0x82, 0x78,
    0x6E, 0x6A, 0x66, 0x60, 0x60, 0x68, 0x72, 0x7A, 0x74, 0x6A, 0x60, 0x60, 0x64, 0x66, 0x6E, 0x76,
    0x70, 0x66, 0x64, 0x62, 0x5C, 0x5C, 0x62, 0x6A, 0x74, 0x7A, 0x70, 0x68, 0x5E, 0x62, 0x64, 0x70,
    0x76, 0x72, 0x6E, 0x66, 0x64, 0x60, 0x5E, 0x62, 0x6C, 0x76, 0x7A, 0x70, 0x66, 0x5E, 0x64, 0x68,
    0x6E, 0x7A, 0x76, 0x6C, 0x68, 0x66, 0x60, 0x5C, 0x64, 0x6C, 0x78, 0x78, 0x6E, 0x64, 0x64, 0x66,
    0x66, 0x70, 0x7A, 0x7A, 0x74, 0x6A, 0x66, 0x62, 0x5E, 0x64, 0x6E, 0x78, 0x7C, 0x76, 0x6C, 0x64,
    0x64, 0x68, 0x6E, 0x72, 0x7A, 0x72, 0x6A, 0x68, 0x64, 0x5E, 0x64, 0x70, 0x78, 0x82, 0x7E, 0x74,
    0x6A, 0x66, 0x66, 0x6A, 0x76, 0x7A, 0x74, 0x70, 0x6A, 0x66, 0x60, 0x5E, 0x68, 0x72, 0x7A, 0x74,
    0x6A, 0x62, 0x66, 0x66, 0x6A, 0x76, 0x7A, 0x78, 0x6E, 0x6A, 0x64, 0x60, 0x60, 0x68, 0x72, 0x7A,
    0x7A, 0x72, 0x66, 0x62, 0x66, 0x6C, 0x6E, 0x78, 0x78, 0x6C, 0x6A, 0x64, 0x60, 0x60, 0x6A, 0x72,
    0x7E, 0x82, 0x78, 0x6E, 0x66, 0x66, 0x6C, 0x70, 0x78, 0x78, 0x6C, 0x6A, 0x68, 0x62, 0x5E, 0x62,
    0x6C, 0x76, 0x7A, 0x70, 0x66, 0x64, 0x66, 0x66, 0x70, 0x78, 0x7A, 0x74, 0x6C, 0x68, 0x62, 0x5E,
    0x62, 0x6E, 0x76, 0x7C, 0x76, 0x6E, 0x64, 0x64, 0x68, 0x72, 0x7A, 0x7A, 0x72, 0x6A, 0x68, 0x62,
    0x5E, 0x64, 0x6E, 0x76, 0x82, 0x7E, 0x74, 0x6A, 0x66, 0x66, 0x68, 0x74, 0x7A, 0x72, 0x6A, 0x6A,
    0x66, 0x60, 0x5E, 0x66, 0x70, 0x7A, 0x76, 0x6A, 0x62, 0x62, 0x66, 0x6A, 0x76, 0x7A, 0x78, 0x6E,
    0x6A, 0x66, 0x60, 0x60, 0x68, 0x72, 0x7A, 0x7A, 0x72, 0x68, 0x62, 0x66, 0x6A, 0x76, 0x7A, 0x78,
    0x6E, 0x6A, 0x66, 0x64, 0x62, 0x68, 0x72, 0x7C, 0x82, 0x7A, 0x70, 0x66, 0x66, 0x66, 0x6E, 0x78,
    0x78, 0x6C, 0x6A, 0x64, 0x60, 0x60, 0x6A, 0x74, 0x7E, 0x82, 0x80, 0x76, 0x76, 0x76, 0x76, 0x76,
    0x7A, 0x76, 0x70, 0x6E, 0x6A, 0x68, 0x66, 0x6A, 0x76, 0x7A, 0x70, 0x66, 0x62, 0x64, 0x66, 0x66,
    0x68, 0x6E, 0x6E, 0x6C, 0x68, 0x66, 0x62, 0x64, 0x66, 0x6E, 0x76, 0x72, 0x6E, 0x64, 0x62, 0x66,
    0x66, 0x6A, 0x6E, 0x72, 0x6C, 0x6A, 0x68, 0x64, 0x62, 0x64, 0x6E, 0x78, 0x78, 0x6C, 0x66, 0x66,
    0x66, 0x68, 0x6C, 0x6E, 0x72, 0x70, 0x6A, 0x6A, 0x6A, 0x66, 0x66, 0x70, 0x78, 0x7A, 0x74, 0x6A,
    0x64, 0x68, 0x6A, 0x6C, 0x6E, 0x72, 0x70, 0x6A, 0x6A, 0x6A, 0x66, 0x68, 0x70, 0x7A, 0x7A, 0x74,
    0x6A, 0x66, 0x68, 0x6A, 0x6C, 0x70, 0x72, 0x72, 0x6E, 0x6A, 0x6A, 0x68, 0x66, 0x6A, 0x74, 0x7A,
    0x72, 0x6A, 0x68, 0x68, 0x6A, 0x6C, 0x70, 0x76, 0x72, 0x70, 0x6C, 0x6A, 0x68, 0x64, 0x6A, 0x74,
    0x7A, 0x78, 0x70, 0x66, 0x66, 0x6A, 0x6C, 0x70, 0x76, 0x74, 0x72, 0x6E, 0x6A, 0x6A, 0x66, 0x6A,
    0x76, 0x7A, 0x78, 0x6E, 0x66, 0x66, 0x6A, 0x6A, 0x6E, 0x70, 0x72, 0x72, 0x6E, 0x6A, 0x6A, 0x66,
    0x66, 0x6E, 0x78, 0x78, 0x6C, 0x6A, 0x6A, 0x6A, 0x6E, 0x6E, 0x74, 0x74, 0x70, 0x6A, 0x6A, 0x6A,
    0x66, 0x66, 0x6E, 0x78, 0x7A, 0x76, 0x6A, 0x66, 0x68, 0x6C, 0x6E, 0x72, 0x72, 0x72, 0x70, 0x6A,
    0x6A, 0x6A, 0x66, 0x70, 0x78, 0x7A, 0x74, 0x6A, 0x64, 0x68, 0x6A, 0x6C, 0x70, 0x74, 0x74, 0x6E,
    0x6A, 0x6A, 0x68, 0x66, 0x68, 0x72, 0x7A, 0x74, 0x6A, 0x66, 0x6A, 0x6A, 0x6C, 0x70, 0x76, 0x72,
    0x70, 0x6C, 0x6A, 0x68, 0x66, 0x6A, 0x74, 0x7A, 0x7A, 0x70, 0x68, 0x66, 0x6A, 0x6C, 0x70, 0x76,
    0x72, 0x6C, 0x6A, 0x6A, 0x6A, 0x68, 0x6A, 0x76, 0x7A, 0x78, 0x70, 0x66, 0x66, 0x6A, 0x6A, 0x6E,
    0x70, 0x72, 0x72, 0x6C, 0x6A, 0x6A, 0x66, 0x66, 0x6C, 0x78, 0x78, 0x6E, 0x66, 0x66, 0x6A, 0x6A,
    0x6E, 0x72, 0x76, 0x70, 0x6E, 0x6A, 0x6A, 0x66, 0x66, 0x6E, 0x78, 0x82, 0x82, 0x7E, 0x7C, 0x7A,
    0x7A, 0x78, 0x74, 0x72, 0x74, 0x70, 0x70, 0x7A, 0x86, 0x86, 0x80, 0x80, 0x80, 0x80, 0x80, 0x80,
    0x80, 0x80, 0x80, 0x80, 0x80, 0x80, 0x80, 0x80, 0x80, 0x80, 0x80, 0x80, 0x80, 0x80, 0x80, 0x80,
    0x80, 0x80, 0x80, 0x80, 0x80, 0x80, 0x80, 0x80, 0x80, 0x80, 0x80, 0x80, 0x80, 0x80, 0x80, 0x80,
    0x80, 0x80, 0x80, 0x80, 0x80, 0x80, 0x80, 0x80, 0x80, 0x80, 0x80, 0x80, 0x80, 0x80, 0x80, 0x80,
    0x80, 0x80, 0x80, 0x80, 0x80, 0x80, 0x80, 0x80, 0x80, 0x80, 0x80, 0x80, 0x80, 0x80, 0x80, 0x80,
};

const u8 __attribute__((aligned(256))) sfx_pcm_sfx_02[10496] = {
    0x84, 0x8A, 0x80, 0x78, 0x6E, 0x6A, 0x76, 0x7E, 0x88, 0x86, 0x82, 0x8C, 0x94, 0xA0, 0xA0, 0x96,
    0x8C, 0x84, 0x78, 0x78, 0x82, 0x8A, 0x96, 0x92, 0x88, 0x80, 0x76, 0x7C, 0x86, 0x8E, 0x96, 0x8E,
    0x84, 0x84, 0x8E, 0x96, 0xA2, 0x9E, 0x9A, 0x9A, 0x96, 0x90, 0x86, 0x7C, 0x76, 0x7E, 0x88, 0x88,
    0x86, 0x86, 0x8C, 0x98, 0x98, 0x8E, 0x84, 0x7C, 0x70, 0x70, 0x7A, 0x82, 0x8C, 0x96, 0x9A, 0x8E,
    0x86, 0x7C, 0x7C, 0x86, 0x90, 0x9A, 0x96, 0x8A, 0x86, 0x90, 0x98, 0xA4, 0xA4, 0x9A, 0x92, 0x88,
    0x7E, 0x7A, 0x86, 0x8E, 0x98, 0x98, 0x8E, 0x86, 0x8E, 0x96, 0xA0, 0xA6, 0x9C, 0x94, 0x8A, 0x86,
    0x92, 0x9A, 0xA4, 0xA4, 0x9A, 0x9A, 0x9E, 0x94, 0x8C, 0x82, 0x7A, 0x82, 0x8A, 0x96, 0x9A, 0x96,
    0x90, 0x8E, 0x8E, 0x8E, 0x96, 0x90, 0x86, 0x7C, 0x76, 0x76, 0x7E, 0x8A, 0x8E, 0x84, 0x7A, 0x7E,
    0x88, 0x92, 0x9A, 0xA6, 0xA2, 0x98, 0x90, 0x86, 0x7C, 0x7C, 0x88, 0x90, 0x9A, 0x9E, 0x9C, 0x92,
    0x90, 0x86, 0x7E, 0x74, 0x6E, 0x76, 0x80, 0x8A, 0x94, 0x9A, 0x92, 0x88, 0x7E, 0x7A, 0x84, 0x88,
    0x80, 0x80, 0x8A, 0x94, 0x9C, 0xA8, 0xA8, 0xA6, 0x9E, 0x94, 0x8A, 0x88, 0x8E, 0x86, 0x7C, 0x72,
    0x6E, 0x78, 0x82, 0x8C, 0x8C, 0x82, 0x7A, 0x6E, 0x72, 0x7C, 0x86, 0x8E, 0x98, 0x98, 0x8C, 0x86,
    0x8E, 0x98, 0xA2, 0xA6, 0x9C, 0x92, 0x88, 0x88, 0x92, 0x9C, 0xA6, 0xA2, 0x98, 0x92, 0x96, 0x9C,
    0xA6, 0xAA, 0xA0, 0x96, 0x96, 0x9C, 0xA8, 0xAE, 0xA8, 0x9C, 0x9C, 0xA6, 0xAE, 0xA8, 0x9E, 0x94,
    0x8A, 0x82, 0x88, 0x92, 0x96, 0x94, 0x8A, 0x90, 0x98, 0xA4, 0xA4, 0x9A, 0x92, 0x88, 0x7E, 0x76,
    0x7C, 0x86, 0x90, 0x9A, 0xA2, 0x9C, 0x92, 0x8E, 0x98, 0xA2, 0x9E, 0x92, 0x8A, 0x82, 0x8A, 0x92,
    0x9C, 0xA2, 0x98, 0x90, 0x84, 0x84, 0x8A, 0x82, 0x78, 0x78, 0x84, 0x8C, 0x96, 0x9E, 0xAA, 0xAE,
    0xA4, 0x9A, 0x92, 0x88, 0x7E, 0x76, 0x7C, 0x86, 0x90, 0x98, 0xA2, 0x9C, 0x92, 0x88, 0x82, 0x8A,
    0x94, 0x96, 0x96, 0xA0, 0xAA, 0xA6, 0x9A, 0x96, 0x9E, 0xA8, 0xA8, 0x9C, 0x96, 0x9E, 0xA8, 0xB2,
    0xBC, 0xC2, 0xBA, 0xB2, 0xA6, 0xAA, 0xB2, 0xAC, 0xA2, 0x98, 0x8E, 0x86, 0x8C, 0x98, 0x98, 0x92,
    0x96, 0x9C, 0x9C, 0x90, 0x8A, 0x92, 0x9A, 0xA6, 0xA2, 0x98, 0x8E, 0x92, 0x9C, 0xA6, 0xAE, 0xB8,
    0xB8, 0xAC, 0xA6, 0xAA, 0xA0, 0x98, 0x8C, 0x86, 0x8C, 0x98, 0x98, 0x8E, 0x86, 0x8C, 0x96, 0xA0,
    0xA6, 0x9C, 0x94, 0x8A, 0x86, 0x90, 0x9A, 0xA4, 0xA6, 0xA2, 0x98, 0x90, 0x84, 0x84, 0x8E, 0x96,
    0x90, 0x92, 0x9C, 0xA4, 0xAE, 0xA8, 0xA8, 0xA6, 0x9C, 0x92, 0x88, 0x7E, 0x7A, 0x7E, 0x84, 0x90,
    0x90, 0x86, 0x7E, 0x84, 0x90, 0x90, 0x88, 0x86, 0x8C, 0x92, 0x94, 0x96, 0x8E, 0x84, 0x7A, 0x76,
    0x80, 0x88, 0x94, 0x94, 0x8A, 0x82, 0x88, 0x94, 0x94, 0x8A, 0x82, 0x78, 0x78, 0x84, 0x8C, 0x96,
    0xA0, 0xA0, 0x96, 0x8C, 0x82, 0x78, 0x78, 0x82, 0x8A, 0x96, 0x9A, 0xA0, 0xA2, 0xAA, 0xB4, 0xBE,
    0xC2, 0xB8, 0xAE, 0xA4, 0x9A, 0x96, 0xA0, 0xA8, 0xB4, 0xB4, 0xAA, 0xA6, 0xA0, 0x96, 0x8C, 0x84,
    0x7A, 0x74, 0x7A, 0x82, 0x8C, 0x96, 0xA0, 0xA0, 0x96, 0x8E, 0x96, 0x92, 0x88, 0x7E, 0x76, 0x7C,
    0x86, 0x90, 0x96, 0x8E, 0x84, 0x7A, 0x76, 0x80, 0x8A, 0x86, 0x82, 0x84, 0x88, 0x8A, 0x92, 0x9C,
    0xA6, 0xAE, 0xB8, 0xB8, 0xAC, 0xA4, 0x9A, 0xA0, 0xAA, 0xB2, 0xBA, 0xB2, 0xAA, 0x9E, 0x9A, 0xA4,
    0xAE, 0xAA, 0xA0, 0x96, 0x8E, 0x94, 0x98, 0x90, 0x88, 0x7E, 0x84, 0x8E, 0x96, 0xA0, 0xAA, 0xA6,
    0x9E, 0xA0, 0xA6, 0xA0, 0x96, 0x8C, 0x82, 0x7A, 0x80, 0x8A, 0x94, 0x9A, 0x92, 0x88, 0x88, 0x8E,
    0x84, 0x7C, 0x70, 0x70, 0x7A, 0x82, 0x7C, 0x7E, 0x88, 0x92, 0x9A, 0xA4, 0xA4, 0x98, 0x90, 0x86,
    0x7C, 0x7C, 0x88, 0x90, 0x9A, 0x96, 0x94, 0x9E, 0xA6, 0xB2, 0xAE, 0xA4, 0x9C, 0x92, 0x98, 0xA2,
    0xAC, 0xB2, 0xB0, 0xB8, 0xB8, 0xB4, 0xAC, 0xA2, 0x9A, 0x90, 0x8A, 0x94, 0x9C, 0xA8, 0xA8, 0xA0,
    0x9E, 0xA4, 0xA4, 0x98, 0x90, 0x86, 0x8A, 0x96, 0x9A, 0x90, 0x86, 0x8A, 0x94, 0x9E, 0xA6, 0xA0,
    0x96, 0x8C, 0x86, 0x8E, 0x98, 0xA2, 0xA6, 0x9C, 0x92, 0x94, 0x98, 0xA2, 0xAA, 0xA4, 0x98, 0x98,
    0xA2, 0xAA, 0xA4, 0x9A, 0x96, 0x98, 0xA2, 0x9C, 0x9C, 0xA0, 0xA8, 0xB2, 0xBC, 0xBC, 0xB2, 0xA8,
    0xA0, 0x94, 0x94, 0x9A, 0x96, 0x90, 0x90, 0x9C, 0xA4, 0xAE, 0xA8, 0x9E, 0x96, 0x8C, 0x82, 0x86,
    0x92, 0x96, 0x8C, 0x86, 0x8E, 0x98, 0xA2, 0xA6, 0x9C, 0x92, 0x88, 0x82, 0x8A, 0x94, 0x9E, 0xA2,
    0x98, 0x96, 0x9A, 0xA6, 0xAA, 0xA0, 0x96, 0x8E, 0x84, 0x7E, 0x86, 0x92, 0x8E, 0x92, 0x9E, 0xA6,
    0xA2, 0x96, 0x8E, 0x86, 0x8E, 0x98, 0x98, 0x8E, 0x86, 0x7A, 0x7E, 0x88, 0x92, 0x9A, 0x94, 0x8A,
    0x80, 0x7A, 0x82, 0x8C, 0x8C, 0x80, 0x7A, 0x82, 0x8A, 0x94, 0x9A, 0x90, 0x86, 0x8A, 0x94, 0x9C,
    0xA6, 0xA0, 0x96, 0x8C, 0x86, 0x8E, 0x98, 0xA2, 0xA6, 0x9E, 0xA2, 0x98, 0x98, 0xA0, 0x9C, 0x94,
    0x8A, 0x80, 0x76, 0x6E, 0x64, 0x64, 0x68, 0x70, 0x7A, 0x84, 0x84, 0x7A, 0x70, 0x66, 0x6A, 0x74,
    0x7E, 0x86, 0x82, 0x8A, 0x94, 0x9E, 0xA6, 0xA6, 0x9E, 0x94, 0x8C, 0x82, 0x86, 0x92, 0x9A, 0xA4,
    0xAE, 0xB6, 0xC0, 0xC6, 0xBC, 0xB4, 0xAA, 0xA0, 0x9A, 0xA2, 0xAC, 0xAC, 0xA0, 0x98, 0x8E, 0x92,
    0x9E, 0xA2, 0x98, 0x96, 0x9A, 0xA4, 0xA4, 0x98, 0x90, 0x86, 0x82, 0x8E, 0x96, 0xA0, 0xA0, 0x94,
    0x8C, 0x82, 0x86, 0x92, 0x96, 0x8C, 0x84, 0x78, 0x78, 0x82, 0x8A, 0x94, 0x9E, 0xA2, 0x96, 0x8E,
    0x86, 0x8E, 0x96, 0x9E, 0x9E, 0xA4, 0xA4, 0x9A, 0x92, 0x86, 0x8A, 0x94, 0x9E, 0xA8, 0xB0, 0xBA,
    0xBE, 0xB4, 0xAA, 0xA0, 0x96, 0x92, 0x9A, 0x96, 0x92, 0x98, 0xA2, 0xAA, 0xB6, 0xB2, 0xA8, 0xA0,
    0x96, 0x9C, 0x9C, 0x90, 0x88, 0x7E, 0x84, 0x8E, 0x96, 0xA0, 0xAA, 0xA6, 0x9C, 0x92, 0x8A, 0x90,
    0x9A, 0xA4, 0xAA, 0xA2, 0x98, 0x98, 0xA4, 0xAA, 0xA6, 0xA2, 0x96, 0x8E, 0x86, 0x86, 0x86, 0x88,
    0x92, 0x9C, 0xA4, 0xAE, 0xB2, 0xA6, 0x9E, 0x92, 0x94, 0x92, 0x86, 0x7E, 0x74, 0x74, 0x7E, 0x88,
    0x92, 0x9C, 0x9C, 0x92, 0x8A, 0x7E, 0x82, 0x86, 0x7A, 0x72, 0x68, 0x68, 0x74, 0x7C, 0x86, 0x82,
    0x76, 0x6E, 0x66, 0x6E, 0x76, 0x80, 0x86, 0x84, 0x7C, 0x72, 0x6E, 0x7A, 0x82, 0x8C, 0x8C, 0x80,
    0x7A, 0x82, 0x8C, 0x96, 0x9A, 0x90, 0x86, 0x7E, 0x74, 0x6E, 0x78, 0x80, 0x8A, 0x94, 0x9C, 0xA6,
    0xA0, 0x96, 0x8E, 0x86, 0x8E, 0x96, 0xA2, 0xA6, 0x9C, 0x92, 0x96, 0xA0, 0xAA, 0xB2, 0xAC, 0xA2,
    0x98, 0x92, 0x9A, 0x94, 0x8A, 0x82, 0x7A, 0x82, 0x8A, 0x96, 0x9A, 0x90, 0x88, 0x7C, 0x7C, 0x86,
    0x86, 0x80, 0x76, 0x6C, 0x66, 0x6E, 0x78, 0x82, 0x8A, 0x92, 0x8A, 0x80, 0x78, 0x6E, 0x66, 0x66,
    0x6E, 0x78, 0x82, 0x8A, 0x84, 0x7A, 0x76, 0x82, 0x8A, 0x94, 0x94, 0x88, 0x80, 0x76, 0x7A, 0x84,
    0x8E, 0x96, 0x90, 0x86, 0x7C, 0x76, 0x80, 0x88, 0x92, 0x96, 0x8C, 0x82, 0x86, 0x92, 0x8E, 0x84,
    0x7A, 0x7E, 0x88, 0x92, 0x9A, 0x96, 0x92, 0x88, 0x80, 0x76, 0x7C, 0x86, 0x90, 0x98, 0xA2, 0x9C,
    0x9C, 0xA8, 0xAE, 0xA6, 0x9E, 0x92, 0x8E, 0x92, 0x86, 0x7E, 0x74, 0x6E, 0x76, 0x80, 0x8A, 0x94,
    0x9A, 0x92, 0x88, 0x88, 0x92, 0x9C, 0xA6, 0xA2, 0x98, 0x8E, 0x86, 0x8C, 0x96, 0xA0, 0xAA, 0xB2,
    0xAC, 0xA2, 0x9A, 0x90, 0x86, 0x7C, 0x72, 0x6E, 0x78, 0x82, 0x8A, 0x94, 0x9A, 0x90, 0x88, 0x7E,
    0x74, 0x6C, 0x62, 0x58, 0x56, 0x5A, 0x64, 0x6E, 0x78, 0x82, 0x86, 0x7C, 0x72, 0x6A, 0x60, 0x56,
    0x56, 0x5C, 0x66, 0x70, 0x78, 0x82, 0x86, 0x82, 0x78, 0x72, 0x7A, 0x84, 0x8E, 0x92, 0x88, 0x80,
    0x74, 0x74, 0x7E, 0x88, 0x90, 0x9A, 0x9C, 0x96, 0x9E, 0xA8, 0xB2, 0xB6, 0xAC, 0xA2, 0x9A, 0x8E,
    0x8A, 0x94, 0x9C, 0xA6, 0xA0, 0x9A, 0xA4, 0xAC, 0xAE, 0xAA, 0x9E, 0x96, 0x8C, 0x8C, 0x96, 0xA0,
    0xA6, 0x9C, 0x94, 0x8A, 0x86, 0x80, 0x76, 0x7C, 0x86, 0x8E, 0x98, 0xA2, 0xA6, 0xA4, 0x9A, 0x90,
    0x86, 0x82, 0x8C, 0x94, 0xA0, 0xA0, 0x96, 0x8E, 0x94, 0x9E, 0xA6, 0xA6, 0x9E, 0x94, 0x8A, 0x80,
    0x7A, 0x82, 0x8C, 0x94, 0x9E, 0xA8, 0xB2, 0xAC, 0xAC, 0xB2, 0xA8, 0xA0, 0xA2, 0xAC, 0xB2, 0xA8,
    0xA2, 0xA0, 0x94, 0x8E, 0x8E, 0x88, 0x7E, 0x76, 0x6E, 0x76, 0x7E, 0x88, 0x92, 0x9A, 0x94, 0x8A,
    0x82, 0x80, 0x7E, 0x82, 0x86, 0x90, 0x98, 0xA2, 0xAC, 0xAC, 0xA2, 0x98, 0x90, 0x84, 0x84, 0x8E,
    0x98, 0xA0, 0xAA, 0xAC, 0xA2, 0x9A, 0x90, 0x86, 0x82, 0x8C, 0x96, 0xA0, 0xAA, 0xAE, 0xA4, 0x9A,
    0x92, 0x86, 0x82, 0x86, 0x8C, 0x8C, 0x80, 0x78, 0x6E, 0x74, 0x7E, 0x86, 0x90, 0x9A, 0x96, 0x8A,
    0x82, 0x7A, 0x80, 0x8A, 0x94, 0x9A, 0x90, 0x88, 0x7E, 0x7A, 0x86, 0x8E, 0x98, 0x96, 0x92, 0x9C,
    0xA6, 0xB0, 0xB0, 0xA6, 0x9C, 0x94, 0x88, 0x86, 0x92, 0x9A, 0x98, 0x92, 0x8E, 0x9A, 0xA2, 0xA8,
    0xA2, 0x9A, 0x90, 0x86, 0x7C, 0x7C, 0x86, 0x90, 0x9A, 0xA2, 0xAC, 0xAE, 0xAE, 0xA8, 0x9E, 0x96,
    0x8A, 0x86, 0x90, 0x9A, 0x9E, 0x94, 0x8A, 0x80, 0x80, 0x8A, 0x92, 0x9E, 0x9A, 0x90, 0x86, 0x7E,
    0x84, 0x8E, 0x96, 0xA2, 0xA6, 0x9C, 0x94, 0x8A, 0x82, 0x8A, 0x94, 0x98, 0x92, 0x88, 0x7E, 0x82,
    0x8C, 0x92, 0x8A, 0x80, 0x80, 0x8C, 0x94, 0x9E, 0xA6, 0xA0, 0x96, 0x8C, 0x82, 0x84, 0x88, 0x92,
    0x9A, 0x94, 0x8A, 0x80, 0x76, 0x6E, 0x74, 0x7E, 0x86, 0x90, 0x9A, 0xA4, 0xA6, 0xA2, 0x98, 0x90,
    0x84, 0x84, 0x8E, 0x96, 0xA2, 0x9E, 0x94, 0x8E, 0x96, 0xA0, 0xAA, 0xB4, 0xBA, 0xB2, 0xA8, 0xA0,
    0x96, 0x8E, 0x94, 0xA0, 0xA0, 0xA0, 0xAC, 0xB4, 0xC0, 0xC0, 0xB6, 0xAE, 0xA4, 0x9A, 0x96, 0x98,
    0xA2, 0x9E, 0x92, 0x8A, 0x82, 0x8A, 0x92, 0x9C, 0xA2, 0x98, 0x96, 0x96, 0x94, 0x8A, 0x82, 0x78,
    0x78, 0x84, 0x8C, 0x96, 0xA0, 0xA6, 0xA6, 0x9C, 0x94, 0x88, 0x88, 0x92, 0x9A, 0xA6, 0xA2, 0x98,
    0x90, 0x86, 0x8C, 0x96, 0x9E, 0x9E, 0x9A, 0xA2, 0xAE, 0xB2, 0xB0, 0xA6, 0x9E, 0x94, 0x8E, 0x96,
    0xA0, 0xA0, 0x94, 0x8C, 0x82, 0x88, 0x92, 0x9A, 0xA4, 0xAE, 0xB6, 0xB0, 0xA6, 0x9C, 0x92, 0x8A,
    0x80, 0x76, 0x6C, 0x66, 0x6E, 0x78, 0x80, 0x8A, 0x94, 0x94, 0x88, 0x82, 0x8A, 0x92, 0x9C, 0xA2,
    0x98, 0x90, 0x84, 0x84, 0x86, 0x8E, 0x98, 0xA2, 0xAC, 0xB4, 0xB6, 0xB0, 0xA6, 0x9E, 0x94, 0x8A,
    0x8E, 0x98, 0xA2, 0xAA, 0xA4, 0x98, 0x98, 0xA2, 0xAA, 0xB4, 0xB4, 0xA8, 0xA0, 0x96, 0x8C, 0x84,
    0x78, 0x78, 0x82, 0x8A, 0x94, 0x9A, 0x92, 0x98, 0xA2, 0xAC, 0xAC, 0xA2, 0x98, 0x8E, 0x84, 0x7E,
    0x86, 0x90, 0x9A, 0x9E, 0x94, 0x92, 0x96, 0xA0, 0xA6, 0xA4, 0x9C, 0x92, 0x88, 0x82, 0x8A, 0x94,
    0x9A, 0x98, 0x96, 0x8E, 0x84, 0x84, 0x8E, 0x96, 0x90, 0x84, 0x84, 0x8E, 0x96, 0xA2, 0x9E, 0x94,
    0x8C, 0x82, 0x78, 0x78, 0x84, 0x8C, 0x96, 0x92, 0x88, 0x7E, 0x76, 0x7E, 0x86, 0x90, 0x96, 0x8C,
    0x86, 0x8E, 0x96, 0x96, 0x8E, 0x84, 0x84, 0x8E, 0x98, 0xA2, 0xAC, 0xAC, 0xA2, 0x98, 0x8E, 0x92,
    0x9C, 0xA2, 0x9A, 0x90, 0x86, 0x7C, 0x76, 0x7E, 0x88, 0x92, 0x9A, 0xA2, 0x9A, 0x90, 0x88, 0x7E,
    0x74, 0x6C, 0x60, 0x60, 0x6A, 0x72, 0x7C, 0x86, 0x8A, 0x7E, 0x76, 0x6C, 0x6C, 0x78, 0x7E, 0x78,
    0x6C, 0x6C, 0x76, 0x80, 0x8A, 0x92, 0x9C, 0xA2, 0x9A, 0x9E, 0x9E, 0x9C, 0x94, 0x8A, 0x80, 0x80,
    0x8C, 0x92, 0x8A, 0x82, 0x78, 0x7A, 0x84, 0x8C, 0x96, 0xA0, 0xA6, 0x9E, 0x94, 0x8A, 0x80, 0x7A,
    0x82, 0x8C, 0x94, 0x9E, 0xA8, 0xB2, 0xAC, 0xAC, 0xB2, 0xA8, 0xA0, 0xA2, 0xAC, 0xB2, 0xAA, 0xA0,
    0x96, 0x92, 0x9E, 0xA6, 0xB0, 0xB0, 0xA6, 0x9C, 0x92, 0x94, 0x98, 0xA2, 0xAA, 0xB6, 0xB2, 0xA8,
    0x9E, 0x96, 0x8C, 0x8C, 0x98, 0xA0, 0xAA, 0xA8, 0xA4, 0x9A, 0x90, 0x86, 0x7E, 0x74, 0x6A, 0x66,
    0x70, 0x7A, 0x7E, 0x72, 0x6A, 0x70, 0x7A, 0x82, 0x8C, 0x8E, 0x98, 0x98, 0x94, 0x8C, 0x82, 0x78,
    0x78, 0x82, 0x8A, 0x94, 0x9E, 0xA8, 0xAE, 0xA6, 0x9C, 0x92, 0x8A, 0x80, 0x76, 0x7A, 0x86, 0x8E,
    0x98, 0x9E, 0xA2, 0xAE, 0xB2, 0xAA, 0xB0, 0xBA, 0xBC, 0xB4, 0xAA, 0xA0, 0x96, 0x92, 0x9C, 0xA6,
    0xB0, 0xB0, 0xA6, 0x9C, 0x94, 0x88, 0x88, 0x92, 0x9A, 0x94, 0x8A, 0x80, 0x7A, 0x82, 0x8C, 0x96,
    0x9E, 0xA8, 0xB2, 0xBC, 0xBC, 0xB2, 0xA8, 0x9E, 0x96, 0x8C, 0x82, 0x78, 0x76, 0x7A, 0x84, 0x8C,
    0x96, 0x92, 0x98, 0xA4, 0xA4, 0x9A, 0x92, 0x88, 0x7E, 0x76, 0x7C, 0x86, 0x90, 0x9A, 0xA2, 0xAC,
    0xAC, 0xA0, 0x98, 0x8E, 0x84, 0x84, 0x88, 0x90, 0x9A, 0xA4, 0xA4, 0x9E, 0xA8, 0xB0, 0xAE, 0xA4,
    0x9C, 0x92, 0x98, 0xA2, 0xAC, 0xB2, 0xAA, 0xA0, 0x96, 0x92, 0x9C, 0xA4, 0xB0, 0xB0, 0xA6, 0x9C,
    0x94, 0x8A, 0x86, 0x92, 0x9A, 0xA4, 0xA4, 0x98, 0x90, 0x86, 0x8A, 0x96, 0x9A, 0x90, 0x88, 0x7C,
    0x7C, 0x86, 0x90, 0x96, 0x9A, 0xA4, 0xAC, 0xB6, 0xB0, 0xA6, 0x9E, 0x94, 0x8A, 0x8E, 0x9A, 0xA2,
    0xAC, 0xB6, 0xB2, 0xA8, 0xA6, 0x9E, 0x94, 0x8A, 0x80, 0x7A, 0x82, 0x8C, 0x96, 0xA0, 0xA6, 0x9E,
    0x94, 0x94, 0x9E, 0xA6, 0xA0, 0x96, 0x8C, 0x86, 0x90, 0x98, 0xA2, 0xA8, 0xA4, 0x9A, 0x90, 0x90,
    0x9C, 0xA4, 0xAE, 0xAA, 0x9E, 0x9A, 0xA4, 0xAE, 0xAA, 0xA0, 0x96, 0x8C, 0x86, 0x8E, 0x98, 0xA0,
    0xAA, 0xA4, 0x9A, 0x92, 0x88, 0x7E, 0x82, 0x8C, 0x96, 0xA0, 0xAA, 0xA8, 0xA4, 0x9A, 0x92, 0x98,
    0xA2, 0xA6, 0x9A, 0x92, 0x88, 0x88, 0x92, 0x9C, 0xA6, 0xB0, 0xB0, 0xA6, 0x9C, 0x92, 0x8A, 0x80,
    0x78, 0x76, 0x7C, 0x86, 0x8E, 0x98, 0xA2, 0xAC, 0xAC, 0xA0, 0x98, 0x8E, 0x94, 0x94, 0x8A, 0x82,
    0x76, 0x7A, 0x84, 0x8E, 0x96, 0xA0, 0x9E, 0x94, 0x8A, 0x86, 0x82, 0x76, 0x6E, 0x66, 0x6E, 0x76,
    0x80, 0x8A, 0x92, 0x8C, 0x82, 0x78, 0x6E, 0x66, 0x6C, 0x76, 0x80, 0x86, 0x86, 0x7E, 0x72, 0x6E,
    0x78, 0x80, 0x8C, 0x8C, 0x82, 0x7A, 0x80, 0x8A, 0x94, 0x9E, 0xA6, 0xA6, 0x9E, 0x94, 0x8C, 0x82,
    0x86, 0x90, 0x9A, 0xA2, 0x9C, 0x90, 0x90, 0x96, 0x96, 0x9C, 0x9E, 0x98, 0x8E, 0x86, 0x8A, 0x84,
    0x80, 0x78, 0x76, 0x7C, 0x84, 0x8E, 0x98, 0xA2, 0x9E, 0x94, 0x8A, 0x82, 0x76, 0x7A, 0x84, 0x8C,
    0x96, 0xA0, 0xAA, 0xB2, 0xBC, 0xC6, 0xC2, 0xB8, 0xAE, 0xA4, 0x9A, 0x92, 0x88, 0x7E, 0x76, 0x7C,
    0x86, 0x90, 0x98, 0xA2, 0x9C, 0x92, 0x8A, 0x80, 0x76, 0x7A, 0x84, 0x8E, 0x98, 0xA2, 0x9E, 0x9C,
    0xA6, 0xAE, 0xB8, 0xC2, 0xC4, 0xBE, 0xC6, 0xC0, 0xB6, 0xB2, 0xBC, 0xC6, 0xD0, 0xD0, 0xC6, 0xBC,
    0xB4, 0xA8, 0xA8, 0xAE, 0xA4, 0x9C, 0x92, 0x8E, 0x9A, 0xA2, 0xAC, 0xAC, 0xA0, 0x98, 0x8E, 0x94,
    0x94, 0x8A, 0x82, 0x76, 0x7A, 0x84, 0x8E, 0x96, 0x90, 0x86, 0x7C, 0x74, 0x6A, 0x6E, 0x7A, 0x82,
    0x8C, 0x96, 0xA0, 0xA0, 0x96, 0x8C, 0x82, 0x7A, 0x70, 0x6A, 0x72, 0x7C, 0x86, 0x90, 0x96, 0x8E,
    0x84, 0x84, 0x90, 0x96, 0x90, 0x84, 0x7E, 0x7A, 0x70, 0x66, 0x6A, 0x74, 0x7C, 0x88, 0x90, 0x9A,
    0x9E, 0x94, 0x8A, 0x84, 0x88, 0x92, 0x9A, 0x92, 0x8A, 0x80, 0x7A, 0x84, 0x8C, 0x96, 0xA0, 0xA6,
    0x9E, 0x94, 0x8A, 0x86, 0x90, 0x9A, 0x96, 0x9C, 0xA6, 0xA6, 0xA0, 0x96, 0x8C, 0x82, 0x7A, 0x80,
    0x8C, 0x8C, 0x82, 0x7A, 0x70, 0x66, 0x6A, 0x74, 0x7E, 0x88, 0x90, 0x9A, 0xA2, 0x9C, 0x92, 0x88,
    0x7E, 0x76, 0x6A, 0x6E, 0x78, 0x80, 0x8A, 0x94, 0x9E, 0xA8, 0xAE, 0xA6, 0x9C, 0x94, 0x8A, 0x82,
    0x86, 0x86, 0x8C, 0x96, 0xA0, 0xA8, 0xB2, 0xB6, 0xAA, 0xA2, 0x98, 0x8E, 0x8A, 0x94, 0x9E, 0xA6,
    0xB2, 0xB6, 0xAC, 0xA4, 0xA4, 0xA8, 0xB2, 0xBA, 0xB4, 0xAA, 0xA0, 0x9A, 0xA2, 0xAC, 0xB6, 0xBA,
    0xB0, 0xA6, 0x9E, 0x92, 0x8E, 0x98, 0xA2, 0xAA, 0xB4, 0xB4, 0xA8, 0xA0, 0x96, 0x8E, 0x8E, 0x96,
    0xA0, 0xAA, 0xAE, 0xA4, 0x9A, 0x90, 0x90, 0x9A, 0xA2, 0xAE, 0xAA, 0xA0, 0x96, 0x8C, 0x86, 0x8E,
    0x96, 0x98, 0xA2, 0xAC, 0xB6, 0xBA, 0xB0, 0xA6, 0x9C, 0x94, 0x8A, 0x82, 0x76, 0x7A, 0x84, 0x8E,
    0x96, 0xA0, 0xA2, 0xA4, 0xA4, 0x9E, 0x9A, 0x8E, 0x86, 0x7C, 0x72, 0x76, 0x80, 0x8A, 0x94, 0x9E,
    0x9A, 0x90, 0x8A, 0x92, 0x9C, 0xA6, 0xAA, 0xA0, 0x96, 0x8C, 0x8C, 0x96, 0xA0, 0xAA, 0xB2, 0xBC,
    0xC2, 0xB8, 0xB0, 0xA6, 0x9C, 0x96, 0x98, 0xA0, 0xAA, 0xAC, 0xA6, 0xAE, 0xB8, 0xB8, 0xAE, 0xA4,
    0x9A, 0x92, 0x88, 0x82, 0x8C, 0x94, 0xA0, 0xA0, 0x9A, 0x9E, 0x96, 0x94, 0x8A, 0x80, 0x7A, 0x84,
    0x8E, 0x92, 0x88, 0x80, 0x74, 0x74, 0x7E, 0x86, 0x86, 0x7E, 0x7A, 0x86, 0x8E, 0x98, 0x98, 0x8C,
    0x84, 0x7A, 0x7E, 0x88, 0x92, 0x9A, 0x94, 0x88, 0x88, 0x92, 0x9A, 0xA6, 0xA2, 0x98, 0x90, 0x86,
    0x7C, 0x7C, 0x86, 0x90, 0x9A, 0xA4, 0xA4, 0x9E, 0xA8, 0xB2, 0xAE, 0xA4, 0x9C, 0x90, 0x88, 0x7E,
    0x7A, 0x86, 0x8E, 0x98, 0xA0, 0xAC, 0xAC, 0xA2, 0x9A, 0x96, 0x9A, 0x9A, 0x94, 0x88, 0x88, 0x92,
    0x9A, 0x94, 0x8A, 0x80, 0x7A, 0x82, 0x8C, 0x96, 0x9A, 0x90, 0x88, 0x7C, 0x7C, 0x86, 0x8E, 0x88,
    0x8A, 0x94, 0x9E, 0xA6, 0xB0, 0xB0, 0xA4, 0x9C, 0x92, 0x88, 0x88, 0x92, 0x9C, 0xA6, 0xAE, 0xB0,
    0xBA, 0xC2, 0xC8, 0xC0, 0xC0, 0xC6, 0xBE, 0xB4, 0xB4, 0xC0, 0xC8, 0xD2, 0xDC, 0xDC, 0xD2, 0xC8,
    0xBE, 0xB6, 0xAC, 0xA2, 0x98, 0x90, 0x84, 0x84, 0x86, 0x8E, 0x98, 0xA2, 0xA6, 0x9A, 0x92, 0x88,
    0x88, 0x92, 0x9A, 0x94, 0x96, 0xA2, 0xA6, 0x9E, 0x92, 0x96, 0x98, 0x92, 0x96, 0x9A, 0xA6, 0xAA,
    0xA0, 0x96, 0x8C, 0x8C, 0x96, 0xA0, 0xAA, 0xA6, 0x9C, 0x92, 0x8A, 0x90, 0x9A, 0xA4, 0xA4, 0x9A,
    0x90, 0x86, 0x7E, 0x74, 0x6A, 0x6E, 0x7A, 0x82, 0x8C, 0x94, 0xA0, 0xA0, 0x96, 0x8C, 0x84, 0x7A,
    0x76, 0x82, 0x8A, 0x94, 0x9E, 0xA2, 0x98, 0x96, 0x9A, 0xA6, 0xAA, 0xA0, 0x96, 0x8E, 0x84, 0x7E,
    0x88, 0x90, 0x9A, 0x9E, 0x92, 0x8A, 0x80, 0x80, 0x8C, 0x94, 0x9E, 0x9A, 0x90, 0x86, 0x7C, 0x74,
    0x68, 0x68, 0x72, 0x7A, 0x84, 0x8E, 0x92, 0x88, 0x7E, 0x74, 0x6A, 0x66, 0x70, 0x7A, 0x84, 0x8C,
    0x96, 0xA0, 0xAA, 0xA8, 0xA4, 0x9C, 0x90, 0x88, 0x7E, 0x7A, 0x84, 0x8E, 0x92, 0x98, 0xA4, 0xAC,
    0xB6, 0xB2, 0xA8, 0x9E, 0x96, 0x9C, 0xA6, 0xA0, 0x96, 0x8E, 0x92, 0xA0, 0xA0, 0xA0, 0xAA, 0xB4,
    0xB4, 0xAA, 0xA0, 0x96, 0x8C, 0x8C, 0x96, 0x9E, 0xAA, 0xA6, 0x9C, 0x94, 0x8A, 0x90, 0x9A, 0xA4,
    0xA4, 0x9A, 0x90, 0x8E, 0x8E, 0x84, 0x7C, 0x70, 0x70, 0x7A, 0x84, 0x8C, 0x96, 0x98, 0x92, 0x9A,
    0x94, 0x8A, 0x82, 0x78, 0x6E, 0x72, 0x7E, 0x86, 0x90, 0x9A, 0x96, 0x8C, 0x82, 0x7A, 0x6E, 0x72,
    0x7C, 0x84, 0x8E, 0x98, 0xA2, 0x9E, 0x94, 0x8A, 0x80, 0x80, 0x88, 0x84, 0x7C, 0x70, 0x70, 0x76,
    0x6E, 0x74, 0x7E, 0x88, 0x92, 0x9A, 0x96, 0x8A, 0x88, 0x8A, 0x8A, 0x8E, 0x8C, 0x82, 0x78, 0x6E,
    0x72, 0x7C, 0x86, 0x8E, 0x88, 0x7E, 0x74, 0x6E, 0x76, 0x80, 0x8A, 0x8E, 0x84, 0x7A, 0x76, 0x78,
    0x82, 0x8A, 0x86, 0x82, 0x78, 0x6E, 0x66, 0x6C, 0x76, 0x80, 0x8A, 0x92, 0x9C, 0x9C, 0x90, 0x88,
    0x7E, 0x76, 0x6A, 0x66, 0x70, 0x78, 0x82, 0x8C, 0x96, 0x9E, 0x98, 0x8E, 0x86, 0x7A, 0x76, 0x80,
    0x88, 0x92, 0x9C, 0xA6, 0xA2, 0x98, 0x8E, 0x84, 0x7A, 0x7E, 0x88, 0x90, 0x9A, 0xA4, 0xAE, 0xB6,
    0xB6, 0xAE, 0xB4, 0xB4, 0xA8, 0xA8, 0xB2, 0xBC, 0xBC, 0xB2, 0xAA, 0x9E, 0xA2, 0xAC, 0xB2, 0xAA,
    0xA0, 0x96, 0x92, 0x9E, 0xA6, 0xB0, 0xB0, 0xA6, 0x9C, 0x92, 0x8A, 0x80, 0x7A, 0x84, 0x8C, 0x98,
    0x98, 0x94, 0x8E, 0x84, 0x84, 0x90, 0x98, 0xA2, 0x9E, 0x92, 0x8A, 0x80, 0x76, 0x7A, 0x84, 0x8E,
    0x98, 0xA0, 0xA6, 0xA4, 0x9C, 0x92, 0x88, 0x7E, 0x7A, 0x7A, 0x72, 0x68, 0x68, 0x72, 0x7C, 0x84,
    0x86, 0x80, 0x7A, 0x82, 0x8C, 0x8A, 0x80, 0x78, 0x6E, 0x66, 0x6C, 0x78, 0x80, 0x8A, 0x84, 0x84,
    0x8E, 0x98, 0xA2, 0x9E, 0x94, 0x8A, 0x82, 0x88, 0x92, 0x9C, 0xA4, 0xAE, 0xA8, 0x9E, 0x96, 0x8C,
    0x82, 0x86, 0x90, 0x9A, 0xA4, 0xAE, 0xAA, 0xA0, 0x96, 0x8E, 0x94, 0x9E, 0xA0, 0x9A, 0xA2, 0xAA,
    0xA6, 0xA2, 0x98, 0x8E, 0x86, 0x8C, 0x96, 0x9A, 0x8E, 0x92, 0x9C, 0xA6, 0xAE, 0xA8, 0x9E, 0x94,
    0x8C, 0x82, 0x88, 0x92, 0x9A, 0xA2, 0x9A, 0x90, 0x90, 0x9A, 0xA2, 0x9C, 0x90, 0x90, 0x9A, 0xA2,
    0xAC, 0xB6, 0xB2, 0xA6, 0x9E, 0x94, 0x94, 0xA0, 0xA6, 0x9E, 0x96, 0x8C, 0x86, 0x90, 0x98, 0xA4,
    0xA4, 0x9A, 0x92, 0x88, 0x88, 0x94, 0x9C, 0xA6, 0xA0, 0x96, 0x8E, 0x86, 0x8E, 0x96, 0xA0, 0xAA,
    0xB2, 0xAC, 0xA2, 0x98, 0x92, 0x9A, 0xA4, 0xA4, 0x98, 0x92, 0x9A, 0x94, 0x94, 0xA0, 0xA8, 0xB2,
    0xAE, 0xA4, 0x9A, 0x90, 0x88, 0x7C, 0x7C, 0x86, 0x8E, 0x98, 0xA2, 0xA6, 0x9C, 0x92, 0x88, 0x80,
    0x76, 0x6E, 0x74, 0x7E, 0x88, 0x92, 0x9A, 0x94, 0x8A, 0x86, 0x88, 0x92, 0x8C, 0x82, 0x7E, 0x88,
    0x92, 0x9C, 0x9C, 0x92, 0x88, 0x7E, 0x82, 0x8C, 0x96, 0x9E, 0xA8, 0xA6, 0x9C, 0x94, 0x8A, 0x90,
    0x9A, 0xA4, 0xA4, 0x9A, 0x90, 0x90, 0x9A, 0xA2, 0x9C, 0x92, 0x88, 0x82, 0x8C, 0x94, 0x9E, 0xA8,
    0xB0, 0xBA, 0xB4, 0xAA, 0xA2, 0x98, 0x8E, 0x92, 0x9E, 0xA2, 0x98, 0x90, 0x84, 0x84, 0x8E, 0x96,
    0xA0, 0xA0, 0x94, 0x8E, 0x96, 0xA0, 0xA0, 0x94, 0x8E, 0x96, 0xA0, 0xA8, 0xAE, 0xA4, 0x9C, 0x90,
    0x90, 0x9A, 0xA2, 0x9C, 0x92, 0x88, 0x88, 0x92, 0x9C, 0xA6, 0xAE, 0xB6, 0xB0, 0xA4, 0xA4, 0xAA,
    0xA2, 0xA8, 0xB2, 0xBC, 0xC2, 0xBA, 0xB0, 0xB0, 0xBC, 0xC2, 0xBA, 0xC0, 0xC0, 0xB4, 0xAE, 0xB4,
    0xC0, 0xC8, 0xD2, 0xDA, 0xD4, 0xCA, 0xC0, 0xB6, 0xAE, 0xB4, 0xBE, 0xC2, 0xB8, 0xAE, 0xA4, 0x9A,
    0x96, 0xA0, 0xA6, 0x9E, 0x94, 0x8A, 0x86, 0x92, 0x9A, 0xA4, 0xAA, 0xA2, 0x96, 0x9A, 0x9E, 0x96,
    0x98, 0x9E, 0xAA, 0xAE, 0xA4, 0x9A, 0x90, 0x88, 0x7E, 0x7A, 0x84, 0x8E, 0x98, 0xA2, 0xAA, 0xA6,
    0xA4, 0x98, 0x92, 0x9A, 0xA4, 0xA4, 0x9A, 0x90, 0x86, 0x8A, 0x94, 0x9E, 0xA6, 0xA0, 0x96, 0x8C,
    0x84, 0x7A, 0x74, 0x7A, 0x82, 0x8C, 0x96, 0xA0, 0xA6, 0xAA, 0xB4, 0xBE, 0xBA, 0xB0, 0xA6, 0x9E,
    0x94, 0x96, 0xA0, 0xA8, 0xB2, 0xAC, 0xA2, 0x9A, 0x92, 0x9A, 0xA2, 0xAE, 0xB2, 0xA8, 0x9E, 0x96,
    0x8C, 0x86, 0x90, 0x98, 0xA2, 0xA6, 0x9A, 0x92, 0x88, 0x7E, 0x74, 0x6E, 0x76, 0x80, 0x88, 0x92,
    0x9C, 0xA6, 0xA2, 0x98, 0x8E, 0x86, 0x7C, 0x7C, 0x88, 0x8E, 0x8A, 0x94, 0x9C, 0xA6, 0xAE, 0xA6,
    0x9C, 0x94, 0x8A, 0x82, 0x88, 0x92, 0x9C, 0xA2, 0x9A, 0x8E, 0x92, 0x8E, 0x86, 0x8E, 0x98, 0xA2,
    0xA6, 0x9C, 0x92, 0x94, 0x98, 0xA2, 0xAA, 0xA4, 0x9A, 0x90, 0x86, 0x7E, 0x84, 0x8E, 0x92, 0x86,
    0x7E, 0x74, 0x74, 0x7E, 0x88, 0x92, 0x9A, 0xA6, 0xAA, 0xA6, 0xA0, 0x9E, 0x9C, 0x92, 0x8A, 0x80,
    0x76, 0x72, 0x7C, 0x86, 0x90, 0x9A, 0x9E, 0x94, 0x8A, 0x8E, 0x88, 0x7E, 0x76, 0x7C, 0x86, 0x90,
    0x96, 0x8E, 0x84, 0x7A, 0x76, 0x80, 0x8A, 0x94, 0x94, 0x88, 0x82, 0x86, 0x8A, 0x96, 0x9A, 0x92,
    0x86, 0x8A, 0x8E, 0x82, 0x7A, 0x7C, 0x82, 0x86, 0x84, 0x7A, 0x7E, 0x88, 0x92, 0x9C, 0xA6, 0xA2,
    0x98, 0x8E, 0x86, 0x7A, 0x7E, 0x88, 0x90, 0x9A, 0xA4, 0xA4, 0x98, 0x90, 0x86, 0x8C, 0x8C, 0x82,
    0x7A, 0x80, 0x8A, 0x94, 0x9E, 0xA6, 0xA0, 0x96, 0x8C, 0x86, 0x8E, 0x98, 0x96, 0x92, 0x9C, 0xA6,
    0xB0, 0xB0, 0xA6, 0x9C, 0x92, 0x96, 0xA0, 0xA6, 0x9E, 0x94, 0x8A, 0x86, 0x88, 0x92, 0x96, 0x94,
    0x88, 0x82, 0x86, 0x8A, 0x94, 0x9E, 0xA6, 0xA0, 0x96, 0x8C, 0x86, 0x8E, 0x98, 0xA2, 0xAC, 0xAC,
    0xA2, 0x98, 0x8E, 0x86, 0x7C, 0x72, 0x76, 0x82, 0x86, 0x7E, 0x84, 0x8E, 0x98, 0xA2, 0xAA, 0xA4,
    0x9A, 0x96, 0xA2, 0xAA, 0xB4, 0xB4, 0xAA, 0xA0, 0x96, 0x9A, 0xA6, 0xAA, 0xA0, 0x98, 0x8C, 0x8C,
    0x92, 0x8A, 0x80, 0x80, 0x8C, 0x94, 0x9E, 0xA8, 0xA8, 0x9C, 0x94, 0x8A, 0x8E, 0x98, 0xA2, 0xAC,
    0xB6, 0xB2, 0xA8, 0xA0, 0x96, 0x8C, 0x82, 0x78, 0x72, 0x7A, 0x84, 0x8C, 0x96, 0x9E, 0x98, 0x8E,
    0x84, 0x7A, 0x72, 0x66, 0x6A, 0x74, 0x7A, 0x7A, 0x80, 0x8A, 0x8E, 0x8C, 0x82, 0x88, 0x8E, 0x8C,
    0x84, 0x7A, 0x7E, 0x88, 0x92, 0x9A, 0x94, 0x8A, 0x80, 0x7A, 0x82, 0x8C, 0x8C, 0x88, 0x82, 0x8A,
    0x94, 0x9E, 0xA2, 0x98, 0x90, 0x86, 0x8C, 0x96, 0x9E, 0x98, 0x8E, 0x84, 0x7E, 0x86, 0x8A, 0x88,
    0x7C, 0x76, 0x7E, 0x88, 0x90, 0x9A, 0xA2, 0x9C, 0x92, 0x88, 0x7E, 0x76, 0x7C, 0x86, 0x90, 0x96,
    0x8E, 0x84, 0x84, 0x90, 0x98, 0xA2, 0x9E, 0x96, 0x96, 0x96, 0x90, 0x8E, 0x94, 0x9E, 0xA6, 0xB0,
    0xB0, 0xAC, 0xA4, 0x9A, 0x9E, 0x98, 0x8C, 0x84, 0x7A, 0x7E, 0x88, 0x92, 0x9C, 0xA6, 0xA2, 0x98,
    0x90, 0x84, 0x7E, 0x7A, 0x76, 0x82, 0x8A, 0x94, 0x9E, 0xA2, 0x98, 0x8E, 0x84, 0x7C, 0x72, 0x6A,
    0x70, 0x7A, 0x84, 0x8E, 0x96, 0xA0, 0xAA, 0xAE, 0xA4, 0x9A, 0x90, 0x86, 0x82, 0x8C, 0x94, 0xA0,
    0xA0, 0x96, 0x8E, 0x94, 0xA0, 0xA0, 0x96, 0x8E, 0x84, 0x84, 0x90, 0x98, 0xA2, 0x9C, 0x92, 0x8A,
    0x80, 0x76, 0x7A, 0x84, 0x8E, 0x98, 0xA2, 0x9E, 0x94, 0x8C, 0x82, 0x88, 0x92, 0x9C, 0xA2, 0x9A,
    0x90, 0x86, 0x82, 0x8A, 0x82, 0x7A, 0x70, 0x6A, 0x74, 0x7C, 0x86, 0x8A, 0x7E, 0x76, 0x6C, 0x6C,
    0x78, 0x80, 0x8A, 0x88, 0x82, 0x7E, 0x88, 0x92, 0x9A, 0xA4, 0xAA, 0xA0, 0x98, 0x8E, 0x84, 0x7A,
    0x72, 0x68, 0x68, 0x74, 0x7C, 0x86, 0x8E, 0x88, 0x8A, 0x94, 0x9C, 0xA6, 0xA0, 0x96, 0x8E, 0x94,
    0x9E, 0xA8, 0xAE, 0xA6, 0x9C, 0x92, 0x8A, 0x80, 0x76, 0x7A, 0x84, 0x8E, 0x96, 0x90, 0x84, 0x84,
    0x86, 0x8E, 0x88, 0x7E, 0x74, 0x6E, 0x76, 0x80, 0x8A, 0x92, 0x9A, 0x92, 0x8A, 0x7E, 0x7A, 0x84,
    0x8C, 0x96, 0xA0, 0xAA, 0xB2, 0xAC, 0xA2, 0x98, 0x90, 0x86, 0x8C, 0x96, 0x9E, 0xA6, 0x9E, 0x96,
    0x8A, 0x86, 0x90, 0x9A, 0x96, 0x92, 0x9E, 0xA6, 0xB2, 0xAE, 0xA4, 0x9C, 0x92, 0x96, 0xA2, 0xA6,
    0x9C, 0x9A, 0x92, 0x88, 0x7E, 0x76, 0x7C, 0x86, 0x90, 0x96, 0x8E, 0x84, 0x7A, 0x76, 0x80, 0x8A,
    0x86, 0x7A, 0x72, 0x6A, 0x72, 0x7A, 0x86, 0x8A, 0x86, 0x82, 0x7E, 0x74, 0x6E, 0x76, 0x80, 0x8A,
    0x8E, 0x84, 0x7A, 0x7E, 0x8A, 0x92, 0x9A, 0x94, 0x88, 0x88, 0x8E, 0x84, 0x7C, 0x72, 0x6E, 0x7A,
    0x82, 0x8E, 0x8A, 0x86, 0x92, 0x9A, 0xA4, 0xA4, 0x9A, 0x90, 0x86, 0x8A, 0x94, 0x9E, 0xA6, 0xB2,
    0xAE, 0xA4, 0x9C, 0x92, 0x88, 0x88, 0x94, 0x9C, 0xA6, 0xA6, 0xA8, 0xB2, 0xBA, 0xB4, 0xAA, 0xA0,
    0x9A, 0xA4, 0xAC, 0xB6, 0xC0, 0xC6, 0xBE, 0xB4, 0xAA, 0xA0, 0x9A, 0xA2, 0xAC, 0xAC, 0xA2, 0x98,
    0x8E, 0x92, 0x9C, 0xA4, 0xA6, 0xA0, 0x96, 0x92, 0x9E, 0xA6, 0xB0, 0xB0, 0xA4, 0x9E, 0xA6, 0xB0,
    0xB6, 0xB6, 0xAC, 0xA2, 0x9A, 0x90, 0x86, 0x7E, 0x84, 0x8E, 0x98, 0xA0, 0xAA, 0xB4, 0xB4, 0xA8,
    0xA2, 0xA6, 0xAC, 0xAC, 0xA2, 0x98, 0x90, 0x84, 0x82, 0x8E, 0x96, 0xA2, 0xA0, 0x94, 0x8C, 0x82,
    0x88, 0x92, 0x9A, 0xA4, 0xA6, 0xA2, 0x9C, 0xA2, 0xAC, 0xB4, 0xC0, 0xC0, 0xB6, 0xAE, 0xA4, 0x9A,
    0x96, 0xA2, 0xA6, 0x9C, 0x96, 0x96, 0xA0, 0xA8, 0xB4, 0xB4, 0xAE, 0xB6, 0xB0, 0xA6, 0xA2, 0xAE,
    0xB6, 0xC0, 0xC0, 0xB4, 0xAC, 0xA2, 0x98, 0x8E, 0x8A, 0x94, 0x9C, 0xA8, 0xA8, 0x9E, 0x96, 0x8A,
    0x82, 0x78, 0x76, 0x76, 0x7C, 0x86, 0x8E, 0x98, 0xA2, 0xAC, 0xAC, 0xA2, 0x98, 0x8E, 0x92, 0x9E,
    0xA2, 0x98, 0x90, 0x86, 0x7C, 0x76, 0x7E, 0x88, 0x92, 0x9C, 0xA2, 0x9A, 0x90, 0x86, 0x8A, 0x94,
    0x9E, 0x9A, 0x90, 0x86, 0x7E, 0x84, 0x8E, 0x90, 0x86, 0x7E, 0x76, 0x7C, 0x88, 0x8E, 0x8E, 0x84,
    0x84, 0x90, 0x96, 0x90, 0x84, 0x84, 0x8A, 0x82, 0x78, 0x78, 0x84, 0x8C, 0x96, 0x92, 0x98, 0x96,
    0x8A, 0x86, 0x8E, 0x9A, 0x9E, 0x96, 0x9E, 0x9A, 0x90, 0x8A, 0x94, 0x9C, 0xA6, 0xAA, 0x9E, 0x96,
    0x8A, 0x8E, 0x92, 0x8E, 0x88, 0x8A, 0x96, 0x9E, 0xA6, 0x9E, 0x96, 0x8C, 0x86, 0x8E, 0x9A, 0x96,
    0x9A, 0xA6, 0xAE, 0xAA, 0x9E, 0x96, 0x8C, 0x82, 0x86, 0x90, 0x9A, 0xA2, 0x9C, 0x92, 0x8E, 0x8E,
    0x86, 0x7C, 0x72, 0x6E, 0x6E, 0x6E, 0x74, 0x7E, 0x86, 0x8E, 0x86, 0x8A, 0x96, 0x9A, 0x92, 0x98,
    0xA4, 0xA4, 0x9E, 0xA6, 0xB0, 0xB0, 0xA4, 0x9E, 0xA6, 0xA2, 0x96, 0x8E, 0x84, 0x7A, 0x7E, 0x8A,
    0x8E, 0x86, 0x7A, 0x7E, 0x88, 0x90, 0x9A, 0x94, 0x8A, 0x80, 0x78, 0x6E, 0x72, 0x7E, 0x86, 0x8E,
    0x86, 0x7E, 0x74, 0x6E, 0x78, 0x80, 0x8C, 0x8C, 0x82, 0x7A, 0x80, 0x8A, 0x8E, 0x84, 0x7A, 0x70,
    0x70, 0x7A, 0x84, 0x8E, 0x8A, 0x80, 0x78, 0x76, 0x7C, 0x86, 0x90, 0x96, 0x8E, 0x84, 0x7A, 0x76,
    0x82, 0x86, 0x8A, 0x94, 0x9E, 0xA6, 0xA6, 0x9E, 0x94, 0x8A, 0x82, 0x88, 0x8E, 0x92, 0x9E, 0xA6,
    0xA0, 0x96, 0x8E, 0x84, 0x7A, 0x70, 0x70, 0x7A, 0x84, 0x8E, 0x96, 0xA0, 0xA6, 0x9E, 0x94, 0x94,
    0xA0, 0xA6, 0x9E, 0x94, 0x8A, 0x86, 0x90, 0x9A, 0xA4, 0xA4, 0x9A, 0x90, 0x88, 0x7C, 0x7C, 0x86,
    0x8E, 0x98, 0x98, 0x8C, 0x86, 0x8E, 0x98, 0x98, 0x8C, 0x86, 0x8C, 0x98, 0x98, 0x8E, 0x84, 0x7A,
    0x7E, 0x88, 0x92, 0x9A, 0x94, 0x8A, 0x88, 0x90, 0x9A, 0x94, 0x94, 0xA0, 0xA8, 0xB2, 0xAE, 0xA4,
    0x9A, 0x90, 0x86, 0x8A, 0x94, 0x9E, 0xA6, 0xB0, 0xB0, 0xA4, 0x9C, 0x92, 0x88, 0x88, 0x94, 0x9A,
    0x92, 0x88, 0x80, 0x76, 0x6E, 0x74, 0x7E, 0x88, 0x8E, 0x8E, 0x94, 0x9E, 0xA2, 0x96, 0x8E, 0x84,
    0x84, 0x88, 0x90, 0x9A, 0xA4, 0xA4, 0x9A, 0x90, 0x8E, 0x86, 0x7C, 0x74, 0x6A, 0x70, 0x7A, 0x82,
    0x8C, 0x96, 0xA0, 0xA0, 0x96, 0x8C, 0x82, 0x78, 0x78, 0x82, 0x8A, 0x96, 0x92, 0x88, 0x7E, 0x76,
    0x6C, 0x6C, 0x78, 0x80, 0x8A, 0x92, 0x9E, 0xA2, 0x98, 0x8E, 0x92, 0x94, 0x8A, 0x80, 0x7A, 0x76,
    0x72, 0x7E, 0x86, 0x8E, 0x8E, 0x92, 0x9C, 0xA6, 0xB0, 0xB0, 0xA6, 0x9C, 0x92, 0x96, 0xA0, 0xAA,
    0xB2, 0xAC, 0xA2, 0x98, 0x92, 0x9A, 0xA4, 0xA4, 0x98, 0x92, 0x9A, 0xA4, 0xA4, 0x9A, 0x92, 0x98,
    0xA2, 0xA6, 0xA2, 0x9A, 0x90, 0x90, 0x9C, 0xA2, 0x9A, 0x9C, 0xA2, 0xA6, 0x9C, 0x92, 0x88, 0x80,
    0x76, 0x6C, 0x66, 0x6E, 0x78, 0x82, 0x8A, 0x86, 0x82, 0x78, 0x72, 0x7A, 0x78, 0x72, 0x6E, 0x78,
    0x82, 0x8C, 0x94, 0x9E, 0xA6, 0xA0, 0x96, 0x8C, 0x86, 0x90, 0x98, 0xA2, 0xA4, 0x9E, 0xA6, 0xB0,
    0xB0, 0xA6, 0x9C, 0x92, 0x88, 0x88, 0x92, 0x9A, 0xA6, 0xA2, 0x98, 0x8E, 0x84, 0x82, 0x84, 0x88,
    0x90, 0x9A, 0xA4, 0xA2, 0x9E, 0xA6, 0xA0, 0x9E, 0xA4, 0xAA, 0xA0, 0x98, 0x8C, 0x8C, 0x96, 0x9E,
    0x98, 0x8E, 0x8A, 0x94, 0x9E, 0x9A, 0x8E, 0x86, 0x86, 0x8C, 0x98, 0x9A, 0x9A, 0xA4, 0xA6, 0xA2,
    0x98, 0x92, 0x9A, 0xA4, 0xA4, 0x98, 0x90, 0x86, 0x8A, 0x94, 0x9E, 0xA6, 0xA0, 0x94, 0x94, 0x9E,
    0xA6, 0xA6, 0x9E, 0x94, 0x8C, 0x82, 0x88, 0x92, 0x9C, 0xA2, 0x9A, 0x90, 0x90, 0x9A, 0xA4, 0xAE,
    0xAC, 0xA8, 0x9E, 0x94, 0x8C, 0x82, 0x78, 0x6E, 0x66, 0x66, 0x6E, 0x76, 0x80, 0x8A, 0x94, 0x94,
    0x8A, 0x80, 0x76, 0x7A, 0x84, 0x8E, 0x96, 0x96, 0x9A, 0x9E, 0x92, 0x8A, 0x80, 0x80, 0x8C, 0x92,
    0x8A, 0x80, 0x80, 0x8A, 0x94, 0x9E, 0x9A, 0x90, 0x8A, 0x94, 0x9C, 0xA6, 0xAA, 0x9E, 0x96, 0x9A,
    0xA6, 0xA8, 0xA6, 0x9E, 0x94, 0x8C, 0x86, 0x90, 0x98, 0xA4, 0xA4, 0x9A, 0x92, 0x8C, 0x92, 0x96,
    0x8C, 0x82, 0x86, 0x92, 0x9A, 0xA2, 0x9A, 0x96, 0x90, 0x8C, 0x84, 0x7C, 0x7A, 0x80, 0x8A, 0x92,
    0x9C, 0x9C, 0x90, 0x8A, 0x92, 0x9C, 0x9C, 0x92, 0x88, 0x86, 0x7E, 0x72, 0x6E, 0x78, 0x80, 0x8C,
    0x8C, 0x82, 0x7A, 0x80, 0x8A, 0x8E, 0x84, 0x7A, 0x70, 0x70, 0x7A, 0x84, 0x8E, 0x98, 0x98, 0x8E,
    0x84, 0x7C, 0x72, 0x6E, 0x7A, 0x82, 0x8C, 0x96, 0xA0, 0xA6, 0xA6, 0x9C, 0x94, 0x8A, 0x82, 0x8A,
    0x92, 0x9C, 0xA6, 0xAE, 0xA8, 0x9E, 0x94, 0x8C, 0x82, 0x88, 0x88, 0x84, 0x7C, 0x76, 0x80, 0x8A,
    0x8E, 0x86, 0x86, 0x90, 0x90, 0x8A, 0x94, 0x9C, 0xA8, 0xA8, 0xA6, 0x9E, 0x94, 0x8A, 0x80, 0x7A,
    0x7E, 0x74, 0x74, 0x78, 0x80, 0x88, 0x94, 0x94, 0x8A, 0x80, 0x78, 0x6E, 0x6A, 0x76, 0x7E, 0x7A,
    0x6E, 0x6A, 0x74, 0x7E, 0x88, 0x88, 0x7E, 0x76, 0x7C, 0x88, 0x88, 0x86, 0x86, 0x8C, 0x8C, 0x80,
    0x78, 0x76, 0x7C, 0x86, 0x8E, 0x96, 0x8E, 0x8A, 0x8A, 0x8E, 0x96, 0x96, 0x8E, 0x8A, 0x96, 0x98,
    0x90, 0x86, 0x82, 0x8E, 0x96, 0xA0, 0xAA, 0xB2, 0xBA, 0xB2, 0xA8, 0xA0, 0x96, 0x8E, 0x94, 0x9E,
    0xA8, 0xB2, 0xBA, 0xB4, 0xAA, 0xA0, 0x98, 0x8E, 0x84, 0x7A, 0x76, 0x80, 0x8A, 0x94, 0x94, 0x8A,
    0x82, 0x88, 0x94, 0x94, 0x8A, 0x82, 0x88, 0x92, 0x9C, 0xA2, 0x9A, 0x90, 0x88, 0x84, 0x7C, 0x72,
    0x76, 0x82, 0x86, 0x84, 0x7A, 0x7E, 0x88, 0x92, 0x9A, 0x94, 0x8A, 0x88, 0x90, 0x9A, 0x94, 0x94,
    0x9A, 0x90, 0x88, 0x7C, 0x7C, 0x86, 0x8E, 0x88, 0x7E, 0x74, 0x6E, 0x76, 0x82, 0x86, 0x8C, 0x92,
    0x8E, 0x88, 0x88, 0x94, 0x9C, 0xA6, 0xA2, 0x96, 0x92, 0x9A, 0xA6, 0xA2, 0x98, 0x90, 0x86, 0x8C,
    0x96, 0x98, 0x92, 0x96, 0x9A, 0xA6, 0xA8, 0xA6, 0xA0, 0x96, 0x8C, 0x84, 0x88, 0x90, 0x9A, 0x9C,
    0x92, 0x8A, 0x80, 0x76, 0x72, 0x7C, 0x86, 0x8E, 0x9A, 0x9E, 0x96, 0x96, 0x96, 0x90, 0x86, 0x7E,
    0x84, 0x8E, 0x98, 0xA2, 0xAA, 0xB4, 0xB4, 0xA8, 0xA0, 0x96, 0x9A, 0xA6, 0xAA, 0xA0, 0x98, 0x8C,
    0x8C, 0x96, 0x9E, 0x98, 0x8E, 0x84, 0x7E, 0x86, 0x90, 0x9A, 0x9E, 0x96, 0x9E, 0xA8, 0xA8, 0xA4,
    0x9C, 0x94, 0x88, 0x88, 0x92, 0x9C, 0xA2, 0xA6, 0xAA, 0x9E, 0x96, 0x8C, 0x84, 0x7A, 0x70, 0x66,
    0x6A, 0x74, 0x7E, 0x86, 0x7E, 0x82, 0x8C, 0x96, 0x9E, 0xA8, 0xA8, 0x9C, 0x94, 0x8A, 0x86, 0x88,
    0x92, 0x9C, 0xA6, 0xA2, 0x98, 0x8E, 0x84, 0x7A, 0x7E, 0x88, 0x90, 0x9A, 0x94, 0x8A, 0x80, 0x7A,
    0x82, 0x8C, 0x8C, 0x84, 0x88, 0x92, 0x9A, 0xA4, 0xA4, 0x98, 0x90, 0x84, 0x84, 0x8E, 0x96, 0xA0,
    0xA0, 0x94, 0x8C, 0x82, 0x78, 0x70, 0x66, 0x5E, 0x66, 0x6E, 0x78, 0x82, 0x8A, 0x96, 0x92, 0x88,
    0x7E, 0x76, 0x6C, 0x6C, 0x78, 0x7E, 0x7A, 0x84, 0x8C, 0x96, 0x9E, 0x98, 0x8C, 0x8C, 0x96, 0x9E,
    0x98, 0x8C, 0x8C, 0x96, 0x9E, 0x9A, 0x8E, 0x8A, 0x94, 0x9E, 0xA6, 0xA0, 0x96, 0x8E, 0x94, 0xA0,
    0xA0, 0x96, 0x8E, 0x82, 0x86, 0x90, 0x98, 0xA2, 0x9C, 0x92, 0x88, 0x82, 0x8A, 0x94, 0x94, 0x8A,
    0x82, 0x88, 0x86, 0x7A, 0x76, 0x7E, 0x88, 0x92, 0x9C, 0xA4, 0xA6, 0xB0, 0xB0, 0xA4, 0x9C, 0x92,
    0x96, 0xA2, 0xA6, 0xA4, 0x9C, 0x92, 0x88, 0x7E, 0x76, 0x6C, 0x6C, 0x78, 0x80, 0x8A, 0x84, 0x84,
    0x90, 0x96, 0x8E, 0x86, 0x7A, 0x76, 0x80, 0x8A, 0x92, 0x9C, 0xA2, 0x9A, 0x8E, 0x92, 0x96, 0x8A,
    0x82, 0x86, 0x92, 0x9A, 0xA2, 0x9A, 0x92, 0x86, 0x82, 0x8C, 0x96, 0x9C, 0x98, 0x92, 0x94, 0x9C,
    0xA4, 0xA8, 0xAE, 0xA6, 0x9C, 0x94, 0x88, 0x88, 0x92, 0x9A, 0xA6, 0xAA, 0xA0, 0x98, 0x8C, 0x8C,
    0x96, 0x9E, 0xA8, 0xB2, 0xB6, 0xAA, 0xA2, 0x98, 0x98, 0xA4, 0xAA, 0xA4, 0x98, 0x98, 0xA2, 0xA6,
    0x9A, 0x92, 0x88, 0x8A, 0x8E, 0x94, 0x94, 0x88, 0x80, 0x76, 0x7C, 0x84, 0x8E, 0x96, 0x90, 0x86,
    0x8C, 0x92, 0x88, 0x80, 0x82, 0x8C, 0x94, 0x9E, 0x98, 0x8E, 0x86, 0x7C, 0x72, 0x68, 0x68, 0x74,
    0x7A, 0x7A, 0x70, 0x70, 0x7A, 0x82, 0x7C, 0x70, 0x70, 0x7A, 0x82, 0x8C, 0x96, 0xA0, 0xA6, 0x9E,
    0x94, 0x94, 0x9E, 0xA8, 0xB2, 0xAE, 0xA4, 0x9A, 0x90, 0x88, 0x88, 0x94, 0x94, 0x8A, 0x80, 0x80,
    0x8C, 0x94, 0x9E, 0x9A, 0x8E, 0x8A, 0x94, 0x9E, 0x9A, 0x8E, 0x8A, 0x92, 0x9E, 0x9A, 0x90, 0x88,
    0x7E, 0x74, 0x74, 0x7E, 0x88, 0x92, 0x9C, 0x9C, 0x96, 0x9E, 0x98, 0x8C, 0x8C, 0x96, 0x9E, 0x98,
    0x8E, 0x84, 0x7E, 0x86, 0x90, 0x98, 0xA4, 0xAA, 0xA6, 0xA2, 0x96, 0x92, 0x9C, 0xA6, 0xA2, 0x98,
    0x90, 0x86, 0x8C, 0x8C, 0x80, 0x7A, 0x82, 0x8C, 0x8C, 0x80, 0x7A, 0x82, 0x8A, 0x94, 0x9A, 0x90,
    0x88, 0x7C, 0x7C, 0x86, 0x8E, 0x88, 0x7E, 0x76, 0x76, 0x76, 0x72, 0x66, 0x6A, 0x74, 0x7E, 0x86,
    0x90, 0x96, 0x8C, 0x84, 0x78, 0x78, 0x82, 0x8A, 0x94, 0x9E, 0xA2, 0x98, 0x8E, 0x92, 0x98, 0x92,
    0x88, 0x7E, 0x82, 0x8E, 0x8A, 0x86, 0x90, 0x9A, 0x9E, 0x92, 0x8A, 0x80, 0x80, 0x8C, 0x94, 0x9E,
    0x9A, 0x8E, 0x8A, 0x94, 0x9E, 0x9A, 0x8E, 0x8A, 0x94, 0x9C, 0xA6, 0xAA, 0x9E, 0x96, 0x96, 0x9E,
    0xA2, 0x98, 0x8E, 0x84, 0x84, 0x8E, 0x98, 0xA2, 0x9E, 0x94, 0x8A, 0x82, 0x88, 0x92, 0x9C, 0xA2,
    0x9A, 0x9C, 0xA2, 0xA6, 0x9E, 0xA6, 0xB0, 0xB0, 0xA6, 0x9E, 0x92, 0x96, 0x98, 0x8E, 0x86, 0x8C,
    0x96, 0xA0, 0xA6, 0x9E, 0x94, 0x8A, 0x86, 0x88, 0x92, 0x9A, 0xA6, 0xAA, 0xA0, 0x98, 0x8C, 0x8C,
    0x96, 0x9E, 0xAA, 0xA6, 0xAA, 0xB6, 0xBE, 0xBA, 0xAE, 0xA6, 0x9C, 0x92, 0x88, 0x88, 0x92, 0x9A,
    0x94, 0x96, 0xA2, 0xA6, 0x9E, 0x94, 0x94, 0xA0, 0xA8, 0xB2, 0xAC, 0xA2, 0x9A, 0x90, 0x86, 0x7C,
    0x7C, 0x86, 0x8E, 0x88, 0x86, 0x8C, 0x96, 0x9E, 0xA8, 0xA8, 0x9C, 0x94, 0x8A, 0x80, 0x76, 0x7A,
    0x84, 0x86, 0x82, 0x76, 0x72, 0x7C, 0x84, 0x8E, 0x98, 0xA2, 0xAA, 0xA6, 0xAE, 0xAA, 0x9E, 0x96,
    0x8C, 0x8C, 0x98, 0x9E, 0x98, 0x8C, 0x86, 0x86, 0x8E, 0x9A, 0x96, 0x8C, 0x84, 0x7A, 0x80, 0x8A,
    0x92, 0x9C, 0xA6, 0xB0, 0xB0, 0xA6, 0x9C, 0x92, 0x8A, 0x7E, 0x7A, 0x82, 0x8E, 0x8A, 0x82, 0x82,
    0x8A, 0x94, 0x9E, 0xA2, 0x98, 0x96, 0x9C, 0x9C, 0x92, 0x88, 0x7E, 0x82, 0x8C, 0x96, 0xA0, 0xA8,
    0xB2, 0xB6, 0xAA, 0xA2, 0x98, 0x98, 0xA0, 0x9C, 0x92, 0x88, 0x88, 0x92, 0x9C, 0xA6, 0xA2, 0x96,
    0x92, 0x9A, 0xA6, 0xA2, 0x98, 0x90, 0x86, 0x8A, 0x96, 0x9A, 0x90, 0x86, 0x8A, 0x94, 0x9E, 0xA8,
    0xB2, 0xAE, 0xA4, 0x9A, 0x92, 0x98, 0xA4, 0xA4, 0x9E, 0x9E, 0xA8, 0xA8, 0x9C, 0x94, 0x8A, 0x90,
    0x96, 0x96, 0x8C, 0x84, 0x78, 0x78, 0x82, 0x8A, 0x94, 0x9E, 0xA0, 0x9E, 0x96, 0x8C, 0x86, 0x86,
    0x90, 0x9A, 0xA4, 0xA4, 0x9A, 0x92, 0x98, 0x96, 0x8C, 0x82, 0x7A, 0x80, 0x8A, 0x94, 0x9A, 0x92,
    0x88, 0x7E, 0x7A, 0x84, 0x8C, 0x98, 0x98, 0x92, 0x96, 0x9C, 0x9A, 0x90, 0x88, 0x7E, 0x84, 0x8E,
    0x98, 0x9E, 0x96, 0x8C, 0x84, 0x7A, 0x72, 0x78, 0x84, 0x86, 0x86, 0x8E, 0x9A, 0x96, 0x92, 0x9E,
    0xA6, 0xA2, 0x96, 0x94, 0x96, 0x9E, 0xA6, 0xA0, 0x96, 0x8C, 0x86, 0x90, 0x90, 0x86, 0x7E, 0x84,
    0x8E, 0x98, 0xA2, 0xA6, 0x9C, 0x96, 0x98, 0xA0, 0xAA, 0xA6, 0x9A, 0x96, 0x98, 0xA2, 0x9E, 0x92,
    0x8E, 0x96, 0xA2, 0xA6, 0xAC, 0xB2, 0xAA, 0xA0, 0x96, 0x92, 0x9C, 0xA6, 0xA2, 0x96, 0x8E, 0x84,
    0x7A, 0x7E, 0x88, 0x92, 0x9A, 0x96, 0x92, 0x88, 0x7E, 0x76, 0x6C, 0x6C, 0x78, 0x80, 0x8A, 0x94,
    0x9C, 0xA6, 0xA6, 0xA0, 0x94, 0x94, 0x9E, 0xA6, 0xB2, 0xAE, 0xA4, 0x9A, 0x96, 0x90, 0x86, 0x7E,
    0x76, 0x7E, 0x86, 0x92, 0x96, 0x8C, 0x84, 0x7A, 0x76, 0x7A, 0x82, 0x8C, 0x96, 0xA0, 0xA6, 0x9E,
    0x94, 0x8A, 0x82, 0x78, 0x6E, 0x72, 0x7C, 0x86, 0x8E, 0x88, 0x7C, 0x7C, 0x86, 0x86, 0x80, 0x76,
    0x72, 0x7E, 0x86, 0x90, 0x98, 0xA4, 0xAA, 0xA6, 0xA2, 0x96, 0x92, 0x9C, 0xA6, 0xA2, 0x98, 0x8E,
    0x86, 0x8C, 0x96, 0x9A, 0x90, 0x86, 0x8A, 0x96, 0x9A, 0x90, 0x86, 0x8A, 0x94, 0x9E, 0xA6, 0xA0,
    0x96, 0x8C, 0x86, 0x88, 0x90, 0x9A, 0xA4, 0xAA, 0xA2, 0x98, 0x94, 0x9A, 0xA2, 0x9C, 0x90, 0x90,
    0x96, 0x8C, 0x84, 0x78, 0x78, 0x82, 0x8A, 0x94, 0x9E, 0xA8, 0xAE, 0xA6, 0x9C, 0x92, 0x8E, 0x96,
    0x96, 0x8E, 0x84, 0x7E, 0x88, 0x90, 0x9C, 0x9C, 0x92, 0x8A, 0x90, 0x9A, 0xA4, 0xA4, 0x9A, 0x96,
    0x98, 0xA2, 0xAA, 0xA4, 0x98, 0x98, 0xA2, 0xAA, 0xB4, 0xB6, 0xB2, 0xA6, 0x9E, 0x92, 0x96, 0x9A,
    0x90, 0x8E, 0x92, 0x9E, 0xA2, 0x98, 0x90, 0x84, 0x84, 0x88, 0x8E, 0x9A, 0x96, 0x8C, 0x86, 0x8E,
    0x9A, 0x96, 0x92, 0x96, 0x8A, 0x82, 0x76, 0x72, 0x7C, 0x84, 0x90, 0x90, 0x86, 0x7E, 0x84, 0x88,
    0x80, 0x7A, 0x82, 0x8C, 0x96, 0xA0, 0xA6, 0x9E, 0x94, 0x94, 0x9E, 0xA6, 0xA0, 0xA2, 0xAE, 0xAC,
    0xA0, 0x98, 0x8E, 0x84, 0x7E, 0x86, 0x90, 0x9A, 0x9E, 0x94, 0x8A, 0x86, 0x88, 0x92, 0x9A, 0x94,
    0x88, 0x88, 0x92, 0x9A, 0x94, 0x88, 0x88, 0x8E, 0x86, 0x7C, 0x7C, 0x88, 0x8E, 0x86, 0x7C, 0x74,
    0x6A, 0x66, 0x72, 0x7A, 0x84, 0x8E, 0x96, 0xA0, 0xA0, 0x94, 0x8E, 0x96, 0xA0, 0xA0, 0x94, 0x8E,
    0x94, 0xA0, 0xA0, 0x96, 0x8C, 0x86, 0x8E, 0x98, 0xA2, 0xAA, 0xA4, 0x9A, 0x90, 0x8A, 0x92, 0x9C,
    0x9C, 0x92, 0x88, 0x7E, 0x82, 0x8E, 0x92, 0x8E, 0x88, 0x88, 0x94, 0x9A, 0x92, 0x88, 0x7E, 0x7A,
    0x86, 0x8E, 0x98, 0x98, 0x8E, 0x84, 0x7A, 0x70, 0x70, 0x7A, 0x82, 0x8E, 0x8A, 0x80, 0x7A, 0x82,
    0x8C, 0x8C, 0x80, 0x7A, 0x82, 0x8C, 0x8C, 0x82, 0x78, 0x6E, 0x72, 0x7C, 0x86, 0x8E, 0x88, 0x8A,
    0x94, 0x9A, 0x92, 0x8E, 0x88, 0x7C, 0x76, 0x7E, 0x86, 0x92, 0x96, 0x8C, 0x82, 0x86, 0x88, 0x84,
    0x7E, 0x84, 0x8E, 0x98, 0x9E, 0x96, 0x8C, 0x82, 0x7E, 0x88, 0x92, 0x96, 0x9C, 0xA6, 0xAE, 0xA8,
    0x9E, 0x94, 0x8E, 0x96, 0xA2, 0x9E, 0x94, 0x8A, 0x86, 0x90, 0x96, 0x94, 0x8E, 0x96, 0x9E, 0xAA,
    0xAE, 0xA4, 0x9C, 0x90, 0x90, 0x9A, 0xA2, 0xA6, 0xA2, 0x98, 0x92, 0x9A, 0xA4, 0xA4, 0x98, 0x92,
    0x98, 0x9A, 0x94, 0x8A, 0x80, 0x78, 0x76, 0x7C, 0x86, 0x8E, 0x98, 0x98, 0x8C, 0x86, 0x8E, 0x8A,
    0x7E, 0x7A, 0x84, 0x8E, 0x98, 0x98, 0x8E, 0x86, 0x7A, 0x7E, 0x88, 0x92, 0x9A, 0xA6, 0xA2, 0x9E,
    0xA4, 0xA6, 0x9C, 0x92, 0x8A, 0x80, 0x7A, 0x82, 0x8C, 0x96, 0xA0, 0xA6, 0x9E, 0x94, 0x8A, 0x82,
    0x78, 0x78, 0x84, 0x8C, 0x96, 0x90, 0x86, 0x7E, 0x76, 0x76, 0x7E, 0x88, 0x92, 0x9A, 0x94, 0x88,
    0x88, 0x92, 0x9A, 0x94, 0x8A, 0x86, 0x90, 0x9A, 0xA4, 0xA4, 0x9A, 0x90, 0x88, 0x86, 0x8C, 0x92,
    0x8A, 0x90, 0x9A, 0xA4, 0xAA, 0xA2, 0x98, 0x8E, 0x8A, 0x94, 0x9E, 0xA8, 0xA8, 0x9E, 0x96, 0x9E,
    0x9A, 0x90, 0x86, 0x7E, 0x84, 0x8E, 0x98, 0x9E, 0x96, 0x8C, 0x82, 0x78, 0x78, 0x82, 0x8A, 0x8C,
    0x90, 0x98, 0xA2, 0x9E, 0x94, 0x8A, 0x86, 0x90, 0x9A, 0xA0, 0x9A, 0x92, 0x88, 0x8A, 0x8E, 0x84,
    0x7A, 0x70, 0x66, 0x6A, 0x74, 0x7E, 0x86, 0x90, 0x96, 0x8E, 0x82, 0x86, 0x82, 0x7A, 0x82, 0x8C,
    0x96, 0x9A, 0x90, 0x86, 0x7C, 0x76, 0x76, 0x80, 0x88, 0x94, 0x94, 0x8C, 0x8E, 0x88, 0x7E, 0x74,
    0x6E, 0x76, 0x80, 0x88, 0x94, 0x94, 0x8A, 0x86, 0x88, 0x92, 0x9A, 0x94, 0x88, 0x88, 0x92, 0x9A,
    0xA4, 0xA4, 0x98, 0x90, 0x86, 0x8A, 0x96, 0x92, 0x88, 0x82, 0x8A, 0x94, 0x9A, 0x90, 0x8A, 0x92,
    0x9C, 0xA2, 0x9A, 0x90, 0x88, 0x84, 0x7E, 0x86, 0x90, 0x9A, 0x9E, 0x96, 0x9A, 0x92, 0x90, 0x8A,
    0x94, 0x9A, 0x92, 0x8C, 0x92, 0x96, 0x98, 0x9E, 0x9A, 0x96, 0x90, 0x84, 0x84, 0x8E, 0x98, 0xA2,
    0xA6, 0xA4, 0x9A, 0x90, 0x88, 0x7E, 0x82, 0x8E, 0x96, 0xA2, 0x9E, 0x9A, 0x9E, 0x9E, 0x9A, 0x8E,
    0x86, 0x86, 0x8C, 0x98, 0x98, 0x8E, 0x8E, 0x8E, 0x8A, 0x82, 0x82, 0x8A, 0x94, 0x9A, 0x98, 0x92,
    0x92, 0x8E, 0x82, 0x86, 0x90, 0x9A, 0x9E, 0x9C, 0x92, 0x8A, 0x8E, 0x92, 0x9C, 0x9C, 0x92, 0x88,
    0x88, 0x8C, 0x94, 0x9E, 0x9E, 0x9E, 0x9C, 0x9A, 0x94, 0x88, 0x86, 0x8A, 0x92, 0x9C, 0x9A, 0x92,
    0x94, 0x96, 0x9C, 0x9C, 0x90, 0x8A, 0x92, 0x9C, 0x9E, 0x9A, 0x90, 0x86, 0x8A, 0x94, 0x9A, 0x98,
    0x90, 0x8E, 0x90, 0x8A, 0x86, 0x8A, 0x90, 0x9C, 0xA2, 0x9A, 0x90, 0x8E, 0x92, 0x9C, 0x9E, 0x9A,
    0x98, 0x8E, 0x86, 0x86, 0x8E, 0x92, 0x86, 0x7E, 0x82, 0x8E, 0x96, 0xA0, 0xA6, 0x9E, 0x92, 0x8E,
    0x92, 0x88, 0x7E, 0x7A, 0x86, 0x8E, 0x98, 0xA2, 0xA2, 0xA2, 0xA2, 0x98, 0x8E, 0x86, 0x7C, 0x7A,
    0x7E, 0x88, 0x92, 0x9A, 0x98, 0x96, 0x90, 0x8E, 0x8E, 0x94, 0x9E, 0x9A, 0x90, 0x8E, 0x92, 0x8E,
    0x8A, 0x8A, 0x8A, 0x92, 0x94, 0x9E, 0xA0, 0x9A, 0x98, 0x94, 0x92, 0x8A, 0x80, 0x80, 0x8C, 0x94,
    0x9E, 0x9A, 0x8E, 0x86, 0x86, 0x8C, 0x98, 0x98, 0x8E, 0x86, 0x80, 0x86, 0x8E, 0x90, 0x9A, 0xA4,
    0xA6, 0xA2, 0x98, 0x8E, 0x8E, 0x94, 0x94, 0x90, 0x8A, 0x90, 0x94, 0x94, 0x8A, 0x8A, 0x92, 0x9C,
    0xA4, 0xA6, 0xA0, 0x96, 0x8E, 0x8E, 0x8E, 0x8A, 0x90, 0x9A, 0x9A, 0x94, 0x8A, 0x80, 0x80, 0x8C,
    0x94, 0x9E, 0xA2, 0x96, 0x8E, 0x84, 0x84, 0x88, 0x90, 0x9A, 0xA0, 0x9A, 0x96, 0x98, 0xA2, 0x9E,
    0x94, 0x8A, 0x86, 0x86, 0x7E, 0x82, 0x86, 0x8E, 0x98, 0x98, 0x8C, 0x86, 0x8C, 0x98, 0x98, 0x94,
    0x8E, 0x8E, 0x96, 0xA0, 0xA6, 0x9C, 0x94, 0x8A, 0x86, 0x90, 0x9A, 0xA0, 0x9A, 0x92, 0x88, 0x7E,
    0x76, 0x7C, 0x86, 0x90, 0x9A, 0x98, 0x94, 0x8E, 0x90, 0x98, 0xA2, 0xA6, 0x9A, 0x92, 0x88, 0x88,
    0x92, 0x9C, 0x9E, 0x9A, 0x90, 0x86, 0x7C, 0x76, 0x7E, 0x88, 0x92, 0x9A, 0xA4, 0xA6, 0xA2, 0x98,
    0x8E, 0x84, 0x84, 0x8E, 0x98, 0xA2, 0x9E, 0x92, 0x8E, 0x96, 0xA2, 0x9E, 0x9C, 0x9E, 0x9E, 0x98,
    0x8E, 0x84, 0x7E, 0x82, 0x84, 0x88, 0x92, 0x9C, 0xA4, 0xA6, 0xA0, 0x96, 0x8E, 0x82, 0x86, 0x90,
    0x96, 0x8E, 0x84, 0x84, 0x90, 0x98, 0xA2, 0x9E, 0x92, 0x8E, 0x90, 0x98, 0x9C, 0x94, 0x94, 0xA0,
    0xA8, 0xA8, 0xA4, 0x9C, 0x92, 0x88, 0x86, 0x8A, 0x94, 0x9E, 0xA8, 0xA8, 0x9E, 0x94, 0x8A, 0x86,
    0x88, 0x92, 0x94, 0x8E, 0x8E, 0x90, 0x92, 0x9A, 0xA0, 0x9C, 0xA0, 0xA0, 0x9A, 0x96, 0x8A, 0x82,
    0x7A, 0x82, 0x8A, 0x94, 0x9A, 0x98, 0x90, 0x86, 0x82, 0x84, 0x8E, 0x98, 0xA2, 0xA6, 0x9C, 0x92,
    0x88, 0x88, 0x92, 0x9C, 0xA2, 0xA6, 0xAA, 0x9E, 0x96, 0x8C, 0x82, 0x7E, 0x88, 0x92, 0x8C, 0x8C,
    0x90, 0x98, 0x9E, 0x94, 0x8C, 0x88, 0x88, 0x8C, 0x8E, 0x94, 0x98, 0x9E, 0xAA, 0xA6, 0x9C, 0x94,
    0x8A, 0x82, 0x88, 0x94, 0x96, 0x96, 0x9E, 0xAA, 0xAE, 0xA4, 0x9A, 0x92, 0x88, 0x88, 0x92, 0x9C,
    0x9C, 0x90, 0x88, 0x84, 0x8C, 0x8C, 0x8C, 0x90, 0x98, 0xA4, 0xA4, 0x9A, 0x92, 0x86, 0x8A, 0x94,
    0x9C, 0xA6, 0xA0, 0x96, 0x8C, 0x8A, 0x8A, 0x8A, 0x8A, 0x8A, 0x94, 0x9E, 0xA2, 0xA0, 0x96, 0x92,
    0x8E, 0x94, 0x98, 0x98, 0x8E, 0x84, 0x84, 0x88, 0x90, 0x9A, 0x98, 0x94, 0x8A, 0x80, 0x7A, 0x82,
    0x8C, 0x96, 0xA0, 0xA6, 0x9E, 0x9C, 0x92, 0x8A, 0x8E, 0x8E, 0x8C, 0x84, 0x7A, 0x7E, 0x88, 0x92,
    0x9A, 0x96, 0x92, 0x88, 0x82, 0x8C, 0x94, 0x9E, 0xA0, 0x96, 0x8E, 0x86, 0x86, 0x86, 0x90, 0x9A,
    0xA4, 0xA4, 0x9A, 0x90, 0x8E, 0x92, 0x9C, 0xA2, 0x9A, 0x90, 0x92, 0x9C, 0xA2, 0x9A, 0x90, 0x86,
    0x8A, 0x94, 0x9E, 0x9A, 0x8E, 0x86, 0x86, 0x8C, 0x96, 0x9A, 0x96, 0x8C, 0x84, 0x82, 0x86, 0x92,
    0x9A, 0x98, 0x92, 0x8E, 0x98, 0xA2, 0x9E, 0x92, 0x8E, 0x90, 0x98, 0x9C, 0x94, 0x8E, 0x92, 0x98,
    0x98, 0x94, 0x8A, 0x86, 0x82, 0x88, 0x8C, 0x94, 0x9A, 0x9C, 0x9C, 0x96, 0x92, 0x8C, 0x82, 0x88,
    0x92, 0x9A, 0x96, 0x92, 0x8A, 0x8A, 0x92, 0x9C, 0xA6, 0xA2, 0x98, 0x8E, 0x86, 0x84, 0x84, 0x88,
    0x90, 0x9A, 0x9E, 0x9C, 0x92, 0x88, 0x86, 0x8A, 0x94, 0x9E, 0x9A, 0x8E, 0x86, 0x86, 0x8E, 0x98,
    0x9E, 0x9E, 0x9A, 0x96, 0x92, 0x92, 0x90, 0x84, 0x82, 0x86, 0x90, 0x98, 0x9A, 0x94, 0x8C, 0x90,
    0x90, 0x8E, 0x8E, 0x8E, 0x8C, 0x88, 0x82, 0x8A, 0x94, 0x9E, 0xA2, 0xA2, 0xA2, 0x9C, 0x9A, 0x92,
    0x8A, 0x8A, 0x86, 0x86, 0x86, 0x8E, 0x98, 0x9E, 0x9C, 0x96, 0x92, 0x88, 0x88, 0x8A, 0x8A, 0x84,
    0x84, 0x88, 0x92, 0x9A, 0xA6, 0xAA, 0xA6, 0x9E, 0x9A, 0x94, 0x8A, 0x82, 0x76, 0x7A, 0x84, 0x8C,
    0x96, 0x9E, 0x96, 0x8C, 0x86, 0x8E, 0x92, 0x96, 0x9A, 0xA4, 0xAA, 0xA2, 0x98, 0x8E, 0x86, 0x7C,
    0x7C, 0x88, 0x8A, 0x92, 0x9C, 0xA6, 0xA2, 0x98, 0x8E, 0x86, 0x8C, 0x92, 0x88, 0x82, 0x86, 0x8C,
    0x96, 0x9E, 0xA8, 0xA8, 0xA4, 0x9C, 0x92, 0x88, 0x80, 0x74, 0x74, 0x7E, 0x88, 0x90, 0x9A, 0x9C,
    0x98, 0x92, 0x86, 0x82, 0x86, 0x8C, 0x94, 0x90, 0x8E, 0x8E, 0x92, 0x92, 0x90, 0x8A, 0x92, 0x9A,
    0xA6, 0xA2, 0x98, 0x90, 0x8E, 0x8E, 0x90, 0x90, 0x8E, 0x86, 0x8A, 0x90, 0x94, 0xA0, 0xA0, 0x9C,
    0x94, 0x8A, 0x80, 0x80, 0x8A, 0x92, 0x9E, 0x9A, 0x90, 0x8A, 0x92, 0x9C, 0xA6, 0xAA, 0x9E, 0x96,
    0x8C, 0x8C, 0x96, 0x9E, 0x96, 0x8E, 0x84, 0x84, 0x88, 0x90, 0x9A, 0x9C, 0xA0, 0xA0, 0x9E, 0x98,
    0x8C, 0x84, 0x80, 0x88, 0x90, 0x9A, 0xA2, 0x9E, 0x9A, 0x90, 0x86, 0x7E, 0x84, 0x8E, 0x98, 0x9A,
    0xA2, 0x9E, 0x9E, 0x9A, 0x96, 0x90, 0x84, 0x84, 0x90, 0x90, 0x8C, 0x8A, 0x8C, 0x96, 0x9E, 0xAA,
    0xA6, 0x9C, 0x94, 0x8A, 0x86, 0x88, 0x94, 0x94, 0x90, 0x8E, 0x88, 0x82, 0x84, 0x8E, 0x96, 0xA0,
    0xA6, 0x9C, 0x94, 0x8A, 0x80, 0x7A, 0x82, 0x8C, 0x96, 0x9A, 0x96, 0x90, 0x84, 0x84, 0x8E, 0x96,
    0x96, 0x8C, 0x8C, 0x8E, 0x8E, 0x88, 0x80, 0x84, 0x8C, 0x96, 0xA0, 0xA0, 0x94, 0x8E, 0x8E, 0x96,
    0x9C, 0x96, 0x92, 0x8E, 0x8E, 0x8E, 0x92, 0x9A, 0x9A, 0x92, 0x88, 0x86, 0x86, 0x8A, 0x8C, 0x96,
    0xA0, 0xAA, 0xA6, 0x9C, 0x92, 0x88, 0x84, 0x8C, 0x8C, 0x8C, 0x92, 0x96, 0xA4, 0xA4, 0x9C, 0x92,
    0x88, 0x88, 0x8C, 0x8E, 0x92, 0x96, 0x9C, 0x96, 0x8C, 0x82, 0x7E, 0x80, 0x8A, 0x94, 0x96, 0x92,
    0x88, 0x88, 0x92, 0x9A, 0x96, 0x92, 0x88, 0x86, 0x8A, 0x94, 0x9E, 0xA6, 0xA0, 0x96, 0x8C, 0x82,
    0x7E, 0x88, 0x92, 0x9A, 0x9A, 0x94, 0x92, 0x98, 0xA2, 0xA2, 0x9A, 0x92, 0x88, 0x82, 0x8C, 0x94,
    0x96, 0x92, 0x94, 0x94, 0x8E, 0x8A, 0x86, 0x92, 0x9A, 0xA4, 0xA4, 0x9A, 0x90, 0x88, 0x7C, 0x7C,
    0x86, 0x90, 0x98, 0xA2, 0xA6, 0x9A, 0x92, 0x88, 0x88, 0x94, 0x9C, 0xA6, 0xB0, 0xB0, 0xA6, 0x9C,
    0x92, 0x88, 0x88, 0x92, 0x9A, 0xA6, 0xA2, 0x98, 0x8E, 0x86, 0x7C, 0x7C, 0x88, 0x90, 0x9A, 0x9A,
    0x9C, 0xA0, 0xA6, 0xA2, 0x9E, 0x94, 0x8A, 0x82, 0x88, 0x92, 0x9C, 0x9C, 0x96, 0x96, 0x96, 0x94,
    0x92, 0x92, 0x92, 0x90, 0x86, 0x7E, 0x84, 0x8E, 0x98, 0xA2, 0xAA, 0xA4, 0x9A, 0x90, 0x88, 0x7E,
    0x82, 0x8E, 0x96, 0xA2, 0xA6, 0xAC, 0xAC, 0xA2, 0x98, 0x90, 0x86, 0x82, 0x8E, 0x92, 0x96, 0x9A,
    0xA4, 0xAA, 0xA6, 0xA0, 0x96, 0x8E, 0x86, 0x86, 0x90, 0x96, 0x94, 0x8E, 0x82, 0x86, 0x90, 0x9A,
    0x9E, 0x94, 0x8A, 0x86, 0x90, 0x9A, 0x9E, 0x9C, 0x90, 0x90, 0x9A, 0xA4, 0xA4, 0x9A, 0x90, 0x88,
    0x7E, 0x7C, 0x86, 0x8E, 0x98, 0x98, 0x94, 0x8E, 0x92, 0x96, 0x90, 0x8C, 0x8C, 0x96, 0x9A, 0x98,
    0x8E, 0x86, 0x7A, 0x7E, 0x88, 0x92, 0x9A, 0x9A, 0x92, 0x88, 0x82, 0x8A, 0x94, 0x9E, 0xA2, 0x98,
    0x8E, 0x86, 0x7C, 0x7C, 0x88, 0x90, 0x9A, 0xA4, 0xA4, 0x98, 0x90, 0x86, 0x82, 0x8C, 0x94, 0x94,
    0x8E, 0x8A, 0x8E, 0x8E, 0x92, 0x98, 0xA2, 0xA2, 0x9C, 0x92, 0x88, 0x82, 0x8A, 0x94, 0x94, 0x8A,
    0x8A, 0x92, 0x9A, 0x9A, 0x9A, 0x90, 0x8C, 0x8A, 0x86, 0x86, 0x88, 0x90, 0x9A, 0xA4, 0xAA, 0xA2,
    0x98, 0x8E, 0x84, 0x82, 0x7A, 0x72, 0x78, 0x82, 0x8C, 0x96, 0x92, 0x86, 0x88, 0x94, 0x96, 0x92,
    0x88, 0x80, 0x76, 0x7C, 0x86, 0x8E, 0x96, 0x8E, 0x84, 0x7E, 0x7E, 0x88, 0x90, 0x9C, 0x9C, 0x92,
    0x8A, 0x82, 0x8A, 0x92, 0x92, 0x8A, 0x90, 0x9A, 0xA2, 0xAA, 0xA2, 0x9A, 0x8E, 0x8A, 0x94, 0x9A,
    0x92, 0x8C, 0x92, 0x9A, 0x9A, 0x96, 0x94, 0x90, 0x86, 0x7E, 0x84, 0x88, 0x90, 0x9A, 0x98, 0x94,
    0x8E, 0x98, 0x9A, 0x96, 0x8C, 0x86, 0x8C, 0x8C, 0x92, 0x94, 0x92, 0x92, 0x98, 0x9E, 0x9C, 0x94,
    0x8A, 0x82, 0x88, 0x92, 0x9A, 0xA6, 0xA2, 0x98, 0x8E, 0x86, 0x8C, 0x96, 0x98, 0x96, 0x96, 0x9A,
    0xA0, 0x9A, 0x90, 0x88, 0x86, 0x8C, 0x96, 0x9E, 0x98, 0x8E, 0x84, 0x84, 0x90, 0x98, 0xA2, 0xA6,
    0x9C, 0x92, 0x88, 0x88, 0x92, 0x9A, 0x94, 0x94, 0x98, 0x9A, 0x9A, 0x94, 0x8A, 0x86, 0x88, 0x92,
    0x9C, 0xA6, 0xA2, 0x98, 0x8E, 0x86, 0x8C, 0x96, 0x9E, 0x9E, 0x9E, 0x9C, 0x92, 0x8A, 0x7E, 0x82,
    0x8C, 0x94, 0x9E, 0x9A, 0x98, 0x8C, 0x86, 0x8E, 0x98, 0x9E, 0x9E, 0x94, 0x8A, 0x82, 0x88, 0x92,
    0x9C, 0xA2, 0x9A, 0x90, 0x88, 0x7E, 0x84, 0x86, 0x88, 0x8A, 0x90, 0x9C, 0x9C, 0x92, 0x8A, 0x8E,
    0x92, 0x96, 0x96, 0x96, 0x90, 0x84, 0x84, 0x86, 0x8E, 0x94, 0x8E, 0x88, 0x8C, 0x96, 0xA0, 0xA0,
    0x9C, 0x96, 0x8A, 0x8E, 0x98, 0x9E, 0x96, 0x8C, 0x86, 0x88, 0x90, 0x9A, 0x9A, 0x94, 0x88, 0x82,
    0x86, 0x8A, 0x96, 0x9A, 0x90, 0x8A, 0x92, 0x98, 0x92, 0x8A, 0x80, 0x80, 0x8C, 0x94, 0x9E, 0x9A,
    0x8E, 0x8A, 0x94, 0x9E, 0x9A, 0x90, 0x86, 0x7E, 0x84, 0x8E, 0x98, 0xA2, 0xA6, 0x9C, 0x92, 0x88,
    0x88, 0x8C, 0x92, 0x92, 0x92, 0x88, 0x86, 0x8A, 0x96, 0x9A, 0x96, 0x90, 0x86, 0x8C, 0x96, 0x9E,
    0x98, 0x8E, 0x92, 0x98, 0x9A, 0x90, 0x86, 0x7E, 0x7E, 0x86, 0x8E, 0x9A, 0x9E, 0x9A, 0x94, 0x88,
    0x88, 0x92, 0x9A, 0x98, 0x92, 0x96, 0x9C, 0x9E, 0x94, 0x8A, 0x82, 0x7A, 0x82, 0x8A, 0x96, 0x92,
    0x8E, 0x94, 0x98, 0x9C, 0x9E, 0x9E, 0x98, 0x8E, 0x86, 0x86, 0x8E, 0x98, 0x98, 0x8E, 0x86, 0x8C,
    0x98, 0x98, 0x94, 0x8E, 0x94, 0xA0, 0xA0, 0x96, 0x8E, 0x86, 0x8E, 0x98, 0x9E, 0x9E, 0xA2, 0x9E,
    0x9A, 0x90, 0x88, 0x7C, 0x7C, 0x86, 0x8E, 0x98, 0x9E, 0x9C, 0x98, 0x96, 0x90, 0x86, 0x82, 0x82,
    0x7A, 0x7C, 0x80, 0x8A, 0x94, 0x9E, 0x9A, 0x90, 0x86, 0x7E, 0x84, 0x8E, 0x98, 0x9E, 0x9E, 0x9E,
    0x9C, 0x98, 0x96, 0x8E, 0x84, 0x7A, 0x76, 0x80, 0x88, 0x92, 0x96, 0x92, 0x88, 0x82, 0x8A, 0x90,
    0x8A, 0x86, 0x84, 0x86, 0x8A, 0x94, 0x9E, 0x9A, 0x8E, 0x8A, 0x94, 0x9E, 0x9C, 0x98, 0x8E, 0x86,
    0x8C, 0x96, 0x9A, 0x90, 0x86, 0x8A, 0x96, 0x9E, 0xA6, 0x9E, 0x96, 0x8C, 0x82, 0x7A, 0x80, 0x8A,
    0x94, 0x9A, 0x98, 0x90, 0x86, 0x7C, 0x76, 0x7E, 0x88, 0x90, 0x9C, 0x9C, 0x92, 0x88, 0x82, 0x82,
    0x8C, 0x94, 0x9E, 0xA2, 0x96, 0x8E, 0x82, 0x86, 0x90, 0x9A, 0x9E, 0x94, 0x8A, 0x86, 0x90, 0x9A,
    0x98, 0x94, 0x8A, 0x82, 0x86, 0x8A, 0x8E, 0x8E, 0x96, 0xA0, 0xA6, 0xA4, 0x9C, 0x92, 0x92, 0x96,
    0x96, 0x8C, 0x82, 0x86, 0x90, 0x9A, 0xA4, 0xA6, 0xA2, 0x98, 0x8E, 0x86, 0x8C, 0x96, 0x9A, 0x94,
    0x92, 0x90, 0x8C, 0x86, 0x88, 0x92, 0x90, 0x8E, 0x8E, 0x96, 0xA0, 0xA2, 0x9E, 0x92, 0x8E, 0x8A,
    0x90, 0x9C, 0xA2, 0x9A, 0x90, 0x8A, 0x8C, 0x8C, 0x8A, 0x8A, 0x8E, 0x9A, 0x9E, 0x94, 0x8A, 0x86,
    0x92, 0x9A, 0x98, 0x92, 0x94, 0x98, 0x9A, 0x96, 0x8C, 0x82, 0x7A, 0x80, 0x8A, 0x94, 0x9A, 0x96,
    0x92, 0x90, 0x8C, 0x8A, 0x8A, 0x8A, 0x90, 0x92, 0x92, 0x92, 0x92, 0x92, 0x8E, 0x8E, 0x8E, 0x8E,
    0x8E, 0x90, 0x92, 0x8E, 0x8E, 0x90, 0x98, 0x9A, 0x94, 0x92, 0x96, 0x96, 0x94, 0x92, 0x8E, 0x90,
    0x92, 0x98, 0x9A, 0x9A, 0x9A, 0x92, 0x88, 0x7E, 0x7A, 0x84, 0x8E, 0x98, 0x9A, 0x96, 0x8C, 0x8A,
    0x8E, 0x94, 0x8E, 0x8C, 0x94, 0x9E, 0xA0, 0x9C, 0x96, 0x8A, 0x8C, 0x98, 0x9E, 0x96, 0x8C, 0x8C,
    0x90, 0x90, 0x8E, 0x86, 0x86, 0x86, 0x90, 0x98, 0xA2, 0xA4, 0x9A, 0x92, 0x8A, 0x92, 0x9C, 0xA2,
    0x9A, 0x90, 0x86, 0x82, 0x8C, 0x94, 0xA0, 0xA6, 0xA6, 0x9C, 0x94, 0x8A, 0x86, 0x92, 0x9A, 0x96,
    0x94, 0x88, 0x88, 0x92, 0x9A, 0x94, 0x88, 0x88, 0x8C, 0x92, 0x9E, 0xA2, 0x9A, 0x90, 0x90, 0x94,
    0x96, 0x96, 0x92, 0x8E, 0x86, 0x86, 0x8E, 0x98, 0x9E, 0x9E, 0x94, 0x8A, 0x8E, 0x9A, 0x9E, 0x9A,
    0x94, 0x8A, 0x80, 0x80, 0x86, 0x8A, 0x96, 0x9E, 0xA6, 0x9E, 0x96, 0x8A, 0x86, 0x8E, 0x8E, 0x8E,
    0x90, 0x96, 0x9A, 0x96, 0x96, 0x98, 0x9E, 0xA2, 0x98, 0x90, 0x84, 0x84, 0x8A, 0x8E, 0x9A, 0xA0,
    0xA2, 0x9C, 0x92, 0x88, 0x86, 0x86, 0x8C, 0x96, 0x92, 0x88, 0x7E, 0x84, 0x8E, 0x96, 0x9C, 0x9E,
    0xA2, 0xA8, 0xA2, 0x98, 0x90, 0x8E, 0x8C, 0x88, 0x82, 0x76, 0x7A, 0x84, 0x8C, 0x96, 0x96, 0x90,
    0x90, 0x92, 0x8C, 0x8A, 0x90, 0x92, 0x94, 0x9A, 0x9E, 0xA0, 0x9C, 0x96, 0x8C, 0x82, 0x7E, 0x8A,
    0x92, 0x9C, 0x9C, 0x90, 0x8A, 0x90, 0x9C, 0x9C, 0x92, 0x88, 0x84, 0x8A, 0x92, 0x92, 0x92, 0x94,
    0x9A, 0xA2, 0xA2, 0x9A, 0x90, 0x86, 0x8A, 0x8E, 0x8E, 0x92, 0x98, 0x98, 0x94, 0x92, 0x92, 0x90,
    0x90, 0x94, 0x9A, 0x9E, 0x9A, 0x90, 0x86, 0x88, 0x8C, 0x96, 0x9E, 0x9E, 0x96, 0x8C, 0x8A, 0x8A,
    0x8E, 0x92, 0x9C, 0xA2, 0x9A, 0x96, 0x96, 0x94, 0x8C, 0x82, 0x78, 0x78, 0x82, 0x8C, 0x96, 0x9C,
    0xA0, 0xA0, 0x94, 0x8E, 0x8E, 0x8A, 0x8A, 0x8E, 0x94, 0x9C, 0x98, 0x90, 0x8E, 0x92, 0x92, 0x96,
    0x96, 0x92, 0x8E, 0x84, 0x84, 0x88, 0x90, 0x9C, 0x9C, 0x9A, 0x9A, 0xA0, 0xA6, 0xA4, 0x9C, 0x92,
    0x88, 0x88, 0x92, 0x9C, 0xA6, 0xA2, 0x98, 0x92, 0x94, 0x98, 0x92, 0x8E, 0x94, 0x98, 0x98, 0x94,
    0x98, 0x98, 0x92, 0x8E, 0x82, 0x86, 0x90, 0x98, 0xA2, 0x9E, 0x9E, 0x9E, 0x98, 0x8E, 0x86, 0x86,
    0x8E, 0x96, 0x8E, 0x86, 0x86, 0x8E, 0x96, 0x90, 0x86, 0x86, 0x8C, 0x96, 0xA0, 0xA6, 0x9C, 0x94,
    0x8A, 0x86, 0x8C, 0x8E, 0x94, 0x9E, 0x9E, 0x9E, 0x98, 0x8C, 0x86, 0x86, 0x90, 0x9A, 0x96, 0x8A,
    0x86, 0x8A, 0x90, 0x96, 0x96, 0x96, 0x9E, 0x9A, 0x8E, 0x8C, 0x8E, 0x96, 0x9C, 0x98, 0x8E, 0x8A,
    0x90, 0x8A, 0x84, 0x8A, 0x92, 0x9C, 0x9C, 0x90, 0x8A, 0x8E, 0x94, 0x9C, 0x98, 0x92, 0x92, 0x92,
    0x8C, 0x88, 0x88, 0x90, 0x9A, 0xA4, 0xAA, 0xA2, 0x98, 0x8E, 0x8E, 0x8E, 0x90, 0x92, 0x92, 0x92,
    0x94, 0x9A, 0x9A, 0x98, 0x90, 0x94, 0x9A, 0x92, 0x88, 0x88, 0x8E, 0x8E, 0x8C, 0x8E, 0x9A, 0xA2,
    0xAC, 0xAC, 0xA2, 0x98, 0x8E, 0x8A, 0x8C, 0x90, 0x92, 0x98, 0x9E, 0x9E, 0x9C, 0x98, 0x96, 0x92,
    0x8E, 0x8E, 0x8E, 0x8A, 0x7E, 0x7A, 0x84, 0x8C, 0x96, 0x9C, 0x96, 0x8E, 0x92, 0x96, 0xA0, 0xA0,
    0x96, 0x8C, 0x82, 0x7E, 0x88, 0x92, 0x9C, 0x9C, 0x90, 0x8E, 0x88, 0x86, 0x8C, 0x96, 0x9E, 0x9E,
    0x96, 0x8C, 0x8C, 0x8E, 0x8A, 0x8A, 0x8A, 0x94, 0x9E, 0x9C, 0x98, 0x8E, 0x84, 0x7A, 0x7E, 0x88,
    0x92, 0x9A, 0xA4, 0xA4, 0xA0, 0x98, 0x8E, 0x86, 0x84, 0x82, 0x82, 0x86, 0x88, 0x8C, 0x96, 0xA0,
    0xA6, 0x9E, 0x94, 0x8A, 0x82, 0x88, 0x92, 0x9C, 0x9C, 0x9A, 0x9A, 0x98, 0x94, 0x92, 0x8A, 0x84,
    0x88, 0x92, 0x9C, 0x9E, 0x9A, 0x90, 0x8A, 0x92, 0x9C, 0xA2, 0xA0, 0x98, 0x8E, 0x84, 0x84, 0x88,
    0x90, 0x9A, 0x96, 0x94, 0x8A, 0x86, 0x92, 0x96, 0x94, 0x8A, 0x82, 0x88, 0x92, 0x9C, 0xA2, 0xA2,
    0x98, 0x90, 0x8C, 0x8C, 0x8E, 0x8E, 0x88, 0x8A, 0x8E, 0x94, 0xA0, 0xA0, 0x96, 0x8E, 0x84, 0x84,
    0x88, 0x90, 0x9A, 0xA4, 0xA4, 0x9A, 0x90, 0x8A, 0x92, 0x96, 0x92, 0x88, 0x84, 0x8A, 0x92, 0x94,
    0x9A, 0x9E, 0x9E, 0x9C, 0x94, 0x8A, 0x82, 0x86, 0x8A, 0x94, 0x9A, 0x92, 0x8A, 0x8A, 0x92, 0x9E,
    0x9C, 0x98, 0x8E, 0x8A, 0x94, 0x9E, 0x9A, 0x90, 0x88, 0x86, 0x8C, 0x98, 0x98, 0x94, 0x92, 0x8E,
    0x8C, 0x8A, 0x8E, 0x90, 0x9C, 0x9C, 0x92, 0x88, 0x88, 0x94, 0x96, 0x9A, 0x9A, 0x9A, 0x96, 0x8C,
    0x86, 0x86, 0x88, 0x92, 0x96, 0x9C, 0xA0, 0x98, 0x96, 0x8E, 0x8E, 0x8E, 0x8E, 0x8E, 0x8E, 0x8E,
    0x92, 0x94, 0x96, 0x96, 0x90, 0x8C, 0x8C, 0x8E, 0x8E, 0x90, 0x94, 0x9A, 0x92, 0x92, 0x98, 0xA4,
    0xA4, 0x9A, 0x92, 0x86, 0x82, 0x8C, 0x94, 0xA0, 0xA0, 0x96, 0x8E, 0x84, 0x84, 0x90, 0x96, 0x8E,
    0x88, 0x8C, 0x96, 0x9E, 0x9C, 0x9A, 0x94, 0x8A, 0x82, 0x86, 0x8A, 0x94, 0x9E, 0xA2, 0x98, 0x8E,
    0x88, 0x8C, 0x8E, 0x96, 0xA2, 0xA6, 0x9C, 0x94, 0x88, 0x88, 0x92, 0x9A, 0x9A, 0x92, 0x88, 0x7E,
    0x7A, 0x84, 0x8E, 0x98, 0x9E, 0x96, 0x8E, 0x94, 0x9E, 0x9E, 0x98, 0x8C, 0x86, 0x86, 0x8E, 0x9A,
    0x96, 0x8E, 0x8E, 0x96, 0xA0, 0xA6, 0xA4, 0x9C, 0x92, 0x88, 0x88, 0x94, 0x9A, 0x98, 0x90, 0x90,
    0x94, 0x9A, 0x9A, 0x96, 0x92, 0x86, 0x7E, 0x84, 0x8E, 0x96, 0x96, 0x90, 0x8C, 0x96, 0x9A, 0x96,
    0x96, 0x96, 0x94, 0x8A, 0x8A, 0x90, 0x98, 0x94, 0x8C, 0x82, 0x88, 0x92, 0x9A, 0x9A, 0x96, 0x96,
    0x92, 0x8E, 0x8A, 0x8A, 0x8C, 0x90, 0x94, 0x96, 0x9C, 0xA2, 0xA0, 0x98, 0x8E, 0x84, 0x84, 0x8E,
    0x98, 0x9E, 0x9A, 0x96, 0x92, 0x88, 0x82, 0x8A, 0x8C, 0x96, 0x9E, 0x9E, 0x96, 0x8C, 0x84, 0x82,
    0x88, 0x92, 0x9A, 0x9A, 0x94, 0x88, 0x88, 0x8E, 0x8E, 0x92, 0x94, 0x94, 0x90, 0x8E, 0x94, 0x9E,
    0x9E, 0x9E, 0x96, 0x8C, 0x8A, 0x8E, 0x98, 0x9A, 0x96, 0x90, 0x96, 0x9E, 0x98, 0x8E, 0x84, 0x84,
    0x90, 0x96, 0x98, 0x9A, 0x9A, 0x9A, 0x92, 0x90, 0x86, 0x7E, 0x86, 0x8E, 0x90, 0x9A, 0xA2, 0x9C,
    0x92, 0x96, 0x96, 0x92, 0x8C, 0x82, 0x7E, 0x88, 0x92, 0x9C, 0x9E, 0x9A, 0x90, 0x8A, 0x8E, 0x94,
    0x98, 0x98, 0x92, 0x8E, 0x84, 0x84, 0x8E, 0x96, 0x96, 0x9C, 0x9E, 0xA6, 0xA2, 0x96, 0x8E, 0x84,
    0x82, 0x86, 0x90, 0x92, 0x94, 0x98, 0x92, 0x96, 0x96, 0x96, 0x8C, 0x86, 0x88, 0x90, 0x9A, 0x9A,
    0x94, 0x8C, 0x90, 0x96, 0x92, 0x8E, 0x8E, 0x92, 0x94, 0x9A, 0x9A, 0x9C, 0x9E, 0x9A, 0x98, 0x8E,
    0x84, 0x7E, 0x88, 0x90, 0x9A, 0x9E, 0xA2, 0xA2, 0xA0, 0x96, 0x8E, 0x84, 0x84, 0x88, 0x92, 0x96,
    0x90, 0x94, 0x96, 0x96, 0x92, 0x8E, 0x8E, 0x8E, 0x8E, 0x8E, 0x8A, 0x8A, 0x8C, 0x98, 0x9A, 0x98,
    0x8C, 0x8C, 0x92, 0x96, 0xA2, 0x9E, 0x94, 0x8A, 0x82, 0x88, 0x92, 0x9C, 0x9E, 0x9A, 0x90, 0x90,
    0x94, 0x96, 0x94, 0x90, 0x90, 0x94, 0x96, 0x94, 0x88, 0x86, 0x86, 0x88, 0x8C, 0x96, 0x9E, 0xAA,
    0xA6, 0x9C, 0x92, 0x8E, 0x96, 0x98, 0x9A, 0x9A, 0x92, 0x88, 0x84, 0x8A, 0x8E, 0x8E, 0x92, 0x92,
    0x8E, 0x86, 0x8C, 0x96, 0x9E, 0x9E, 0x96, 0x8E, 0x8E, 0x8A, 0x8A, 0x8E, 0x94, 0x94, 0x88, 0x82,
    0x8A, 0x92, 0x9C, 0xA2, 0x98, 0x90, 0x86, 0x8A, 0x8C, 0x8E, 0x8E, 0x8E, 0x8C, 0x8C, 0x92, 0x94,
    0x92, 0x92, 0x94, 0x96, 0x96, 0x98, 0x9E, 0x9C, 0x94, 0x8A, 0x86, 0x92, 0x94, 0x92, 0x92, 0x96,
    0x9A, 0x9A, 0x96, 0x8C, 0x90, 0x92, 0x9A, 0xA0, 0x9C, 0x92, 0x8A, 0x80, 0x80, 0x84, 0x8C, 0x96,
    0xA0, 0xA0, 0x9C, 0x94, 0x8A, 0x82, 0x88, 0x92, 0x9A, 0x96, 0x96, 0x98, 0x9E, 0x9A, 0x94, 0x88,
    0x88, 0x8A, 0x92, 0x9C, 0x9C, 0x98, 0x96, 0x8E, 0x86, 0x8C, 0x90, 0x96, 0x92, 0x8E, 0x88, 0x8E,
    0x96, 0xA0, 0xA0, 0x94, 0x8C, 0x82, 0x88, 0x90, 0x9C, 0x9C, 0x92, 0x94, 0x9A, 0x96, 0x92, 0x8C,
    0x8A, 0x8E, 0x8E, 0x8E, 0x92, 0x96, 0x9E, 0x9E, 0x9A, 0x96, 0x94, 0x88, 0x82, 0x82, 0x8C, 0x94,
    0x9E, 0xA0, 0x9E, 0x96, 0x8C, 0x84, 0x80, 0x88, 0x8A, 0x8C, 0x8E, 0x96, 0x9A, 0xA0, 0xA2, 0xA2,
    0x9A, 0x92, 0x88, 0x82, 0x8A, 0x8A, 0x8C, 0x90, 0x9A, 0xA2, 0x9E, 0x9A, 0x90, 0x88, 0x7E, 0x82,
    0x8E, 0x96, 0xA0, 0xA6, 0x9E, 0x94, 0x8A, 0x82, 0x82, 0x88, 0x8C, 0x8E, 0x96, 0x9A, 0x9A, 0x96,
    0x90, 0x90, 0x92, 0x92, 0x90, 0x8E, 0x8E, 0x92, 0x96, 0x96, 0x94, 0x8C, 0x8A, 0x8E, 0x9A, 0x9E,
    0x94, 0x8E, 0x8A, 0x8A, 0x92, 0x98, 0x92, 0x8E, 0x90, 0x94, 0x96, 0x9C, 0x9E, 0x9E, 0x98, 0x8E,
    0x84, 0x7E, 0x82, 0x88, 0x92, 0x9C, 0xA2, 0xA2, 0x98, 0x90, 0x84, 0x84, 0x86, 0x86, 0x88, 0x92,
    0x9C, 0x9E, 0x9C, 0x90, 0x92, 0x96, 0x92, 0x8C, 0x84, 0x88, 0x92, 0x9A, 0xA6, 0xA2, 0x98, 0x8E,
    0x8A, 0x84, 0x7C, 0x80, 0x88, 0x92, 0x9C, 0xA2, 0x9A, 0x90, 0x86, 0x8A, 0x94, 0x96, 0x96, 0x90,
    0x8C, 0x8C, 0x92, 0x94, 0x96, 0x94, 0x92, 0x8E, 0x92, 0x92, 0x92, 0x96, 0x9A, 0x94, 0x88, 0x86,
    0x86, 0x86, 0x8C, 0x90, 0x96, 0xA2, 0xA0, 0x9C, 0x92, 0x8E, 0x8E, 0x90, 0x92, 0x92, 0x8E, 0x8A,
    0x90, 0x94, 0x9A, 0x9A, 0x90, 0x8A, 0x8A, 0x8C, 0x90, 0x92, 0x92, 0x90, 0x8E, 0x8E, 0x8A, 0x8E,
    0x98, 0x9A, 0x96, 0x8A, 0x8A, 0x8A, 0x90, 0x92, 0x8E, 0x90, 0x92, 0x98, 0xA2, 0x9C, 0x92, 0x8A,
    0x8E, 0x92, 0x9C, 0xA2, 0x9A, 0x90, 0x88, 0x8C, 0x8C, 0x8A, 0x8A, 0x90, 0x9A, 0x9A, 0x94, 0x8E,
    0x90, 0x94, 0x94, 0x8E, 0x8A, 0x86, 0x8C, 0x90, 0x9C, 0x9C, 0x92, 0x88, 0x82, 0x8A, 0x94, 0x9A,
    0x9A, 0x9A, 0x9A, 0x9A, 0x9A, 0x92, 0x8A, 0x88, 0x88, 0x8C, 0x90, 0x96, 0x98, 0x96, 0x8C, 0x86,
    0x8E, 0x98, 0x9E, 0x96, 0x8C, 0x8C, 0x90, 0x96, 0x94, 0x8E, 0x94, 0x96, 0x96, 0x92, 0x8E, 0x92,
    0x92, 0x90, 0x8E, 0x8E, 0x94, 0x96, 0x96, 0x90, 0x86, 0x86, 0x86, 0x8A, 0x90, 0x9A, 0xA4, 0xA4,
    0xA0, 0x9A, 0x8E, 0x86, 0x86, 0x86, 0x8E, 0x90, 0x9A, 0x9A, 0x96, 0x92, 0x94, 0x98, 0x9C, 0x9E,
    0x9E, 0x9A, 0x90, 0x86, 0x7C, 0x7C, 0x86, 0x90, 0x9A, 0xA2, 0xA0, 0x9A, 0x96, 0x90, 0x88, 0x8C,
    0x8E, 0x94, 0x94, 0x8E, 0x8A, 0x94, 0x9E, 0x9C, 0x98, 0x92, 0x92, 0x8C, 0x82, 0x7E, 0x80, 0x8C,
    0x94, 0x9E, 0xA2, 0x98, 0x8E, 0x92, 0x98, 0x92, 0x8E, 0x8E, 0x8E, 0x8E, 0x90, 0x92, 0x98, 0xA2,
    0x9E, 0x9C, 0x92, 0x92, 0x96, 0x94, 0x8C, 0x82, 0x82, 0x88, 0x92, 0x9C, 0xA6, 0xA2, 0x98, 0x8E,
    0x8C, 0x92, 0x96, 0x9C, 0x98, 0x8C, 0x8A, 0x8A, 0x8E, 0x94, 0x94, 0x92, 0x8E, 0x8E, 0x90, 0x9A,
    0x9A, 0x98, 0x92, 0x8E, 0x8E, 0x92, 0x96, 0x90, 0x8E, 0x98, 0x9E, 0x9C, 0x94, 0x8A, 0x84, 0x88,
    0x92, 0x9C, 0xA2, 0x9A, 0x90, 0x8C, 0x86, 0x86, 0x8E, 0x98, 0xA2, 0xA6, 0x9E, 0x9C, 0x90, 0x90,
    0x94, 0x8C, 0x86, 0x86, 0x90, 0x9A, 0x98, 0x94, 0x8E, 0x98, 0x9E, 0x98, 0x94, 0x8C, 0x82, 0x88,
    0x8E, 0x92, 0x96, 0x9C, 0x9E, 0x98, 0x96, 0x96, 0x9A, 0x96, 0x90, 0x88, 0x8C, 0x92, 0x96, 0x92,
    0x92, 0x96, 0x96, 0x94, 0x90, 0x8E, 0x8E, 0x90, 0x96, 0x92, 0x8E, 0x8E, 0x92, 0x9A, 0x9A, 0x92,
    0x8A, 0x8A, 0x8C, 0x94, 0x96, 0x90, 0x90, 0x9C, 0xA2, 0xA2, 0x9A, 0x90, 0x86, 0x86, 0x8E, 0x94,
    0x98, 0x98, 0x8E, 0x8E, 0x96, 0x9E, 0x9E, 0x96, 0x8C, 0x88, 0x8E, 0x92, 0x92, 0x96, 0x9C, 0x9E,
    0x9E, 0x98, 0x8C, 0x86, 0x86, 0x8E, 0x94, 0x8E, 0x92, 0x94, 0x98, 0x9A, 0xA0, 0x9E, 0x94, 0x8C,
    0x80, 0x80, 0x8A, 0x94, 0x9E, 0x9C, 0x98, 0x90, 0x86, 0x8C, 0x96, 0xA0, 0xA0, 0x9C, 0x96, 0x8A,
    0x86, 0x88, 0x92, 0x9C, 0xA2, 0xA2, 0xA0, 0x98, 0x8E, 0x8A, 0x8A, 0x86, 0x82, 0x88, 0x8C, 0x94,
    0x9E, 0x9A, 0x98, 0x8C, 0x86, 0x8A, 0x8E, 0x96, 0x94, 0x92, 0x8E, 0x8E, 0x90, 0x98, 0x9A, 0x96,
    0x94, 0x88, 0x88, 0x8C, 0x92, 0x9E, 0xA2, 0x9E, 0x98, 0x8C, 0x8C, 0x8E, 0x8E, 0x94, 0x96, 0x9C,
    0x9C, 0x98, 0x94, 0x8E, 0x94, 0x94, 0x8E, 0x8A, 0x90, 0x94, 0x9A, 0x9A, 0x92, 0x90, 0x8E, 0x8E,
    0x8E, 0x8E, 0x90, 0x92, 0x9A, 0x96, 0x96, 0x96, 0x96, 0x92, 0x8E, 0x8E, 0x90, 0x92, 0x96, 0x9A,
    0x9A, 0x9A, 0x90, 0x8A, 0x8A, 0x8C, 0x8E, 0x96, 0x9C, 0x98, 0x94, 0x8C, 0x8A, 0x8E, 0x90, 0x9C,
    0x9C, 0x96, 0x92, 0x88, 0x82, 0x8A, 0x94, 0x9A, 0x98, 0x92, 0x94, 0x9A, 0x96, 0x92, 0x86, 0x82,
    0x8A, 0x96, 0x9A, 0x96, 0x90, 0x84, 0x84, 0x8E, 0x96, 0x9A, 0x96, 0x8C, 0x86, 0x88, 0x90, 0x9A,
    0x9E, 0x94, 0x8A, 0x8E, 0x90, 0x9C, 0x9C, 0x96, 0x92, 0x8A, 0x8C, 0x90, 0x92, 0x8A, 0x88, 0x8A,
    0x92, 0x9A, 0x94, 0x92, 0x92, 0x96, 0x9A, 0x94, 0x90, 0x8A, 0x8A, 0x90, 0x8C, 0x8C, 0x90, 0x98,
    0x9C, 0x96, 0x96, 0x9A, 0x96, 0x90, 0x8C, 0x86, 0x86, 0x8A, 0x8E, 0x90, 0x94, 0x9A, 0x9E, 0x9A,
    0x94, 0x90, 0x90, 0x8E, 0x8E, 0x90, 0x92, 0x92, 0x8C, 0x8C, 0x92, 0x96, 0x9A, 0x94, 0x90, 0x8A,
    0x8E, 0x92, 0x9C, 0xA2, 0x9A, 0x90, 0x86, 0x8A, 0x8E, 0x94, 0x94, 0x8E, 0x92, 0x9C, 0xA2, 0x9A,
    0x90, 0x86, 0x7E, 0x84, 0x8E, 0x94, 0x8E, 0x8A, 0x92, 0x94, 0x96, 0x94, 0x92, 0x8C, 0x86, 0x86,
    0x90, 0x96, 0x9A, 0x9A, 0x9A, 0x98, 0x96, 0x96, 0x96, 0x94, 0x90, 0x88, 0x82, 0x84, 0x8C, 0x96,
    0xA0, 0xA0, 0x96, 0x8C, 0x86, 0x8E, 0x96, 0x94, 0x92, 0x8C, 0x8C, 0x98, 0x98, 0x94, 0x8C, 0x82,
    0x84, 0x88, 0x92, 0x9C, 0x9C, 0x92, 0x88, 0x7E, 0x82, 0x8C, 0x96, 0x9E, 0x98, 0x8E, 0x86, 0x86,
    0x8E, 0x98, 0x9A, 0x9A, 0x9A, 0x98, 0x96, 0x90, 0x8C, 0x8A, 0x8A, 0x8A, 0x90, 0x9A, 0x9A, 0x94,
    0x92, 0x94, 0x8E, 0x8A, 0x8A, 0x8C, 0x90, 0x92, 0x96, 0x96, 0x94, 0x8E, 0x92, 0x98, 0x9C, 0x94,
    0x92, 0x8A, 0x84, 0x8A, 0x94, 0x9A, 0x92, 0x88, 0x82, 0x82, 0x8C, 0x96, 0xA0, 0xA0, 0x96, 0x8E,
    0x90, 0x96, 0x98, 0x96, 0x8E, 0x88, 0x8E, 0x98, 0x9A, 0x9A, 0x96, 0x8C, 0x88, 0x86, 0x86, 0x8A,
    0x94, 0x96, 0x9E, 0x98, 0x8E, 0x94, 0x98, 0x9A, 0x90, 0x86, 0x80, 0x84, 0x8E, 0x98, 0x9A, 0x9C,
    0x9C, 0x98, 0x92, 0x86, 0x82, 0x8C, 0x94, 0x9E, 0x98, 0x96, 0x8E, 0x8E, 0x92, 0x90, 0x8C, 0x8C,
    0x8E, 0x94, 0x98, 0x98, 0x94, 0x90, 0x8A, 0x8E, 0x92, 0x98, 0xA0, 0x9C, 0x94, 0x8A, 0x86, 0x88,
    0x94, 0x96, 0x96, 0x92, 0x92, 0x8E, 0x8A, 0x8A, 0x8E, 0x98, 0x9E, 0x94, 0x8C, 0x82, 0x7E, 0x88,
    0x92, 0x9A, 0x96, 0x96, 0x98, 0x9A, 0x96, 0x94, 0x88, 0x88, 0x8E, 0x92, 0x9C, 0x98, 0x96, 0x90,
    0x8A, 0x8A, 0x8A, 0x8A, 0x8E, 0x90, 0x9A, 0xA2, 0x9A, 0x92, 0x88, 0x88, 0x8C, 0x96, 0x9C, 0x98,
    0x90, 0x8E, 0x8E, 0x8E, 0x90, 0x92, 0x92, 0x92, 0x8C, 0x8A, 0x8A, 0x8E, 0x92, 0x9C, 0xA0, 0xA0,
    0x96, 0x8E, 0x88, 0x8E, 0x92, 0x94, 0x92, 0x92, 0x94, 0x98, 0x9E, 0x98, 0x94, 0x8C, 0x82, 0x86,
    0x90, 0x96, 0x94, 0x92, 0x96, 0x96, 0x96, 0x8E, 0x90, 0x96, 0x9A, 0x96, 0x90, 0x8E, 0x94, 0xA0,
    0xA0, 0x96, 0x8E, 0x8E, 0x8E, 0x96, 0x90, 0x84, 0x84, 0x86, 0x8E, 0x98, 0x98, 0x94, 0x8E, 0x92,
    0x96, 0x96, 0x96, 0x8C, 0x82, 0x84, 0x88, 0x92, 0x9C, 0xA0, 0x9A, 0x90, 0x8C, 0x8A, 0x8A, 0x8E,
    0x92, 0x8C, 0x8A, 0x8A, 0x8C, 0x96, 0x9E, 0x98, 0x8C, 0x8C, 0x94, 0x90, 0x8A, 0x8E, 0x8E, 0x8E,
    0x92, 0x92, 0x92, 0x94, 0x9A, 0x9A, 0x90, 0x8A, 0x8A, 0x94, 0x96, 0x94, 0x8E, 0x92, 0x96, 0x9C,
    0x9C, 0x98, 0x90, 0x86, 0x7E, 0x84, 0x88, 0x90, 0x9A, 0xA4, 0xA4, 0x9A, 0x90, 0x8E, 0x90, 0x94,
    0x94, 0x88, 0x86, 0x8A, 0x94, 0x9A, 0x9A, 0x9A, 0x98, 0x8E, 0x84, 0x82, 0x86, 0x90, 0x98, 0x94,
    0x8E, 0x8E, 0x90, 0x94, 0x96, 0x9A, 0x96, 0x92, 0x8C, 0x8C, 0x8E, 0x94, 0x96, 0x96, 0x8E, 0x8A,
    0x8A, 0x8E, 0x92, 0x98, 0xA2, 0x9E, 0x9C, 0x92, 0x88, 0x80, 0x84, 0x86, 0x8E, 0x98, 0xA2, 0x9E,
    0x94, 0x8E, 0x8C, 0x88, 0x88, 0x8A, 0x8A, 0x8E, 0x98, 0x9C, 0x9E, 0x94, 0x8E, 0x8E, 0x90, 0x94,
    0x96, 0x9C, 0x9E, 0x9E, 0x96, 0x8E, 0x84, 0x7E, 0x88, 0x8E, 0x8E, 0x8E, 0x8E, 0x96, 0xA0, 0xAA,
    0xA6, 0x9C, 0x92, 0x88, 0x82, 0x82, 0x8C, 0x94, 0xA0, 0xA0, 0x9C, 0x96, 0x8C, 0x8A, 0x8A, 0x86,
    0x82, 0x86, 0x8C, 0x98, 0x9E, 0x96, 0x8C, 0x86, 0x86, 0x90, 0x96, 0x92, 0x8E, 0x8E, 0x90, 0x96,
    0x98, 0x98, 0x94, 0x8A, 0x82, 0x8A, 0x94, 0x9A, 0x98, 0x92, 0x90, 0x8E, 0x8E, 0x92, 0x96, 0x9C,
    0x96, 0x8C, 0x8A, 0x8E, 0x98, 0x9A, 0x9A, 0x94, 0x8A, 0x8E, 0x98, 0x9A, 0x96, 0x8A, 0x86, 0x90,
    0x98, 0xA2, 0x9C, 0x9A, 0x90, 0x8A, 0x90, 0x94, 0x9A, 0x96, 0x92, 0x86, 0x8A, 0x8E, 0x92, 0x94,
    0x9A, 0x9E, 0x94, 0x8C, 0x8A, 0x90, 0x9A, 0x9A, 0x96, 0x92, 0x8C, 0x92, 0x96, 0x96, 0x96, 0x94,
    0x90, 0x8E, 0x92, 0x94, 0x94, 0x90, 0x8A, 0x8E, 0x92, 0x98, 0x98, 0x96, 0x8E, 0x88, 0x8E, 0x92,
    0x8E, 0x8A, 0x8A, 0x90, 0x92, 0x96, 0x96, 0x98, 0x9C, 0x92, 0x8C, 0x88, 0x8A, 0x8E, 0x94, 0x98,
    0x94, 0x98, 0x9A, 0x96, 0x94, 0x8A, 0x8A, 0x8E, 0x90, 0x94, 0x96, 0x9E, 0x98, 0x8E, 0x88, 0x8E,
    0x92, 0x98, 0x98, 0x94, 0x8E, 0x8E, 0x8E, 0x90, 0x90, 0x8C, 0x8A, 0x8E, 0x98, 0x9A, 0x9A, 0x94,
    0x8C, 0x90, 0x92, 0x9A, 0xA0, 0x9A, 0x90, 0x88, 0x86, 0x8A, 0x96, 0x94, 0x92, 0x92, 0x92, 0x8E,
    0x8E, 0x90, 0x96, 0x98, 0x98, 0x92, 0x8E, 0x8A, 0x8E, 0x90, 0x94, 0x96, 0x92, 0x90, 0x90, 0x94,
    0x96, 0x96, 0x90, 0x8E, 0x8E, 0x90, 0x8E, 0x8E, 0x92, 0x96, 0x9A, 0x94, 0x90, 0x8E, 0x8E, 0x92,
    0x8C, 0x8C, 0x90, 0x98, 0x9C, 0x94, 0x8C, 0x8A, 0x90, 0x96, 0x9A, 0x9A, 0x96, 0x92, 0x86, 0x84,
    0x86, 0x8C, 0x98, 0x98, 0x94, 0x94, 0x9A, 0x9A, 0x98, 0x8E, 0x8A, 0x88, 0x8A, 0x90, 0x92, 0x9A,
    0xA0, 0x9C, 0x9A, 0x90, 0x8A, 0x94, 0x9A, 0x9A, 0x90, 0x8E, 0x8E, 0x8E, 0x8E, 0x90, 0x96, 0x96,
    0x96, 0x94, 0x90, 0x8E, 0x90, 0x90, 0x8C, 0x86, 0x86, 0x88, 0x92, 0x9C, 0xA2, 0x9A, 0x90, 0x90,
    0x92, 0x92, 0x8C, 0x8A, 0x8C, 0x8E, 0x94, 0x9A, 0x9C, 0xA0, 0x96, 0x90, 0x8A, 0x8E, 0x92, 0x98,
    0x98, 0x94, 0x8A, 0x86, 0x8E, 0x92, 0x98, 0x94, 0x90, 0x8E, 0x8E, 0x90, 0x94, 0x9A, 0x9E, 0x98,
    0x94, 0x8E, 0x82, 0x84, 0x88, 0x92, 0x9A, 0x96, 0x94, 0x92, 0x90, 0x8C, 0x8A, 0x8C, 0x96, 0x9A,
    0x8A, 0x80, 0x80, 0x80, 0x80, 0x80, 0x80, 0x80, 0x80, 0x80, 0x80, 0x80, 0x80, 0x80, 0x80, 0x80,
    0x80, 0x80, 0x80, 0x80, 0x80, 0x80, 0x80, 0x80, 0x80, 0x80, 0x80, 0x80, 0x80, 0x80, 0x80, 0x80,
    0x80, 0x80, 0x80, 0x80, 0x80, 0x80, 0x80, 0x80, 0x80, 0x80, 0x80, 0x80, 0x80, 0x80, 0x80, 0x80,
    0x80, 0x80, 0x80, 0x80, 0x80, 0x80, 0x80, 0x80, 0x80, 0x80, 0x80, 0x80, 0x80, 0x80, 0x80, 0x80,
    0x80, 0x80, 0x80, 0x80, 0x80, 0x80, 0x80, 0x80, 0x80, 0x80, 0x80, 0x80, 0x80, 0x80, 0x80, 0x80,
    0x80, 0x80, 0x80, 0x80, 0x80, 0x80, 0x80, 0x80, 0x80, 0x80, 0x80, 0x80, 0x80, 0x80, 0x80, 0x80,
    0x80, 0x80, 0x80, 0x80, 0x80, 0x80, 0x80, 0x80, 0x80, 0x80, 0x80, 0x80, 0x80, 0x80, 0x80, 0x80,
};

const u8 __attribute__((aligned(256))) sfx_pcm_sfx_03[5632] = {
    0x84, 0x8A, 0x90, 0x96, 0x9C, 0xA2, 0xAA, 0xAA, 0xA2, 0x9E, 0x96, 0x92, 0x8A, 0x86, 0x7E, 0x7E,
    0x86, 0x8C, 0x92, 0x92, 0x92, 0x92, 0x9C, 0x98, 0x96, 0x94, 0x92, 0x96, 0x96, 0x94, 0x8C, 0x88,
    0x82, 0x7A, 0x76, 0x76, 0x76, 0x7E, 0x84, 0x7E, 0x7E, 0x86, 0x86, 0x8A, 0x90, 0x8A, 0x84, 0x8A,
    0x8E, 0x8E, 0x8E, 0x92, 0x98, 0x9E, 0x9C, 0x94, 0x90, 0x88, 0x84, 0x7C, 0x78, 0x80, 0x86, 0x8C,
    0x8E, 0x8A, 0x8A, 0x84, 0x82, 0x88, 0x8A, 0x84, 0x7E, 0x78, 0x72, 0x72, 0x72, 0x78, 0x7E, 0x86,
    0x8A, 0x92, 0x98, 0x9E, 0xA4, 0xAA, 0xAA, 0xA2, 0x9E, 0x9E, 0x98, 0x92, 0x94, 0x9A, 0x98, 0x90,
    0x94, 0x96, 0x90, 0x8A, 0x84, 0x7E, 0x80, 0x88, 0x82, 0x7C, 0x76, 0x72, 0x72, 0x72, 0x6E, 0x6E,
    0x6A, 0x64, 0x5E, 0x58, 0x52, 0x4C, 0x52, 0x58, 0x5E, 0x64, 0x6A, 0x70, 0x76, 0x7C, 0x84, 0x8A,
    0x90, 0x96, 0x9C, 0x9E, 0x98, 0x92, 0x8C, 0x86, 0x80, 0x7A, 0x74, 0x6E, 0x6E, 0x6E, 0x74, 0x7A,
    0x80, 0x86, 0x8C, 0x92, 0x9A, 0x9E, 0xA6, 0xA6, 0x9E, 0x98, 0x92, 0x8C, 0x86, 0x80, 0x7A, 0x74,
    0x6E, 0x70, 0x76, 0x74, 0x6E, 0x70, 0x76, 0x7C, 0x82, 0x80, 0x78, 0x7C, 0x84, 0x8A, 0x8E, 0x8E,
    0x8E, 0x90, 0x98, 0x92, 0x8C, 0x92, 0x98, 0x9E, 0x9C, 0x96, 0x98, 0x9E, 0x9C, 0x96, 0x90, 0x8A,
    0x84, 0x7C, 0x78, 0x70, 0x6C, 0x64, 0x62, 0x68, 0x6E, 0x74, 0x7A, 0x80, 0x86, 0x8C, 0x8E, 0x88,
    0x82, 0x82, 0x82, 0x82, 0x82, 0x7C, 0x76, 0x70, 0x68, 0x64, 0x5C, 0x58, 0x60, 0x66, 0x6C, 0x72,
    0x78, 0x7E, 0x84, 0x8A, 0x90, 0x96, 0x9C, 0xA4, 0xA0, 0x9E, 0x9C, 0x96, 0x8E, 0x8E, 0x8C, 0x86,
    0x86, 0x86, 0x8E, 0x8E, 0x86, 0x80, 0x7A, 0x7A, 0x84, 0x80, 0x7E, 0x7E, 0x76, 0x70, 0x68, 0x66,
    0x66, 0x66, 0x62, 0x5C, 0x54, 0x50, 0x58, 0x5C, 0x64, 0x6A, 0x70, 0x76, 0x7C, 0x82, 0x88, 0x8E,
    0x94, 0x9A, 0xA0, 0xA6, 0xAC, 0xA6, 0xA0, 0x9A, 0x94, 0x8E, 0x86, 0x88, 0x8A, 0x8A, 0x90, 0x8E,
    0x8E, 0x8E, 0x8E, 0x8E, 0x8E, 0x8C, 0x86, 0x80, 0x7A, 0x74, 0x6E, 0x70, 0x76, 0x7C, 0x82, 0x88,
    0x8E, 0x94, 0x9A, 0xA0, 0xA8, 0xAE, 0xB4, 0xB0, 0xA8, 0xA2, 0x9C, 0x96, 0x90, 0x8A, 0x84, 0x7E,
    0x78, 0x72, 0x72, 0x6E, 0x68, 0x62, 0x5C, 0x54, 0x50, 0x56, 0x5C, 0x64, 0x6A, 0x70, 0x76, 0x7C,
    0x82, 0x88, 0x8E, 0x94, 0x9A, 0xA0, 0xA6, 0xAC, 0xB2, 0xB8, 0xBA, 0xB4, 0xAE, 0xA8, 0xA2, 0x9C,
    0x96, 0x90, 0x88, 0x84, 0x7C, 0x7A, 0x80, 0x86, 0x8C, 0x92, 0x98, 0x9E, 0x9C, 0x9A, 0x98, 0x92,
    0x8C, 0x86, 0x80, 0x7A, 0x7C, 0x84, 0x88, 0x90, 0x94, 0x9C, 0x9E, 0x9E, 0x9C, 0x94, 0x8E, 0x88,
    0x82, 0x7C, 0x82, 0x88, 0x8E, 0x94, 0x8E, 0x88, 0x82, 0x7C, 0x76, 0x6E, 0x6E, 0x6E, 0x6E, 0x70,
    0x78, 0x7C, 0x84, 0x88, 0x90, 0x92, 0x8E, 0x8E, 0x8E, 0x8E, 0x94, 0x9A, 0xA0, 0xA2, 0x9A, 0x9A,
    0x9A, 0x9E, 0xA6, 0xAA, 0xB2, 0xB2, 0xAA, 0xA6, 0x9E, 0x98, 0x92, 0x8C, 0x86, 0x80, 0x7A, 0x74,
    0x6E, 0x68, 0x62, 0x64, 0x6A, 0x6E, 0x6E, 0x6E, 0x6E, 0x70, 0x78, 0x7C, 0x84, 0x88, 0x90, 0x96,
    0x9C, 0xA2, 0xA8, 0xAE, 0xB4, 0xBA, 0xC0, 0xBA, 0xB4, 0xAE, 0xA8, 0xA2, 0x9C, 0x96, 0x90, 0x8A,
    0x84, 0x7E, 0x78, 0x70, 0x6C, 0x74, 0x7A, 0x80, 0x86, 0x8C, 0x92, 0x98, 0x9E, 0x9E, 0x9E, 0x98,
    0x92, 0x8C, 0x86, 0x80, 0x7A, 0x74, 0x6E, 0x6E, 0x6E, 0x76, 0x7A, 0x7A, 0x7A, 0x72, 0x6E, 0x66,
    0x66, 0x6E, 0x74, 0x7A, 0x80, 0x86, 0x8C, 0x92, 0x98, 0x9E, 0x9C, 0x96, 0x96, 0x96, 0x96, 0x96,
    0x98, 0xA0, 0x9A, 0x9A, 0x98, 0x90, 0x8A, 0x84, 0x7E, 0x78, 0x72, 0x6C, 0x66, 0x60, 0x5A, 0x54,
    0x4E, 0x50, 0x56, 0x5C, 0x62, 0x68, 0x6E, 0x74, 0x7C, 0x82, 0x88, 0x8E, 0x94, 0x9A, 0xA0, 0xA6,
    0xAC, 0xB2, 0xB8, 0xBE, 0xC4, 0xBE, 0xB8, 0xB2, 0xAC, 0xA6, 0xA0, 0x9A, 0x94, 0x8E, 0x88, 0x80,
    0x7A, 0x74, 0x6E, 0x68, 0x62, 0x5C, 0x56, 0x50, 0x4A, 0x4C, 0x52, 0x58, 0x5E, 0x64, 0x6A, 0x70,
    0x76, 0x7C, 0x82, 0x88, 0x8E, 0x8C, 0x84, 0x82, 0x82, 0x84, 0x8C, 0x92, 0x98, 0x9E, 0xA4, 0x9E,
    0x9E, 0x9A, 0x94, 0x8E, 0x88, 0x82, 0x7C, 0x82, 0x88, 0x8E, 0x94, 0x9C, 0xA0, 0xA8, 0xAC, 0xA4,
    0x9E, 0x98, 0x92, 0x8C, 0x86, 0x80, 0x7A, 0x74, 0x6E, 0x68, 0x6E, 0x74, 0x7A, 0x80, 0x86, 0x8C,
    0x86, 0x7E, 0x7E, 0x86, 0x8A, 0x92, 0x92, 0x8A, 0x84, 0x7E, 0x78, 0x72, 0x6C, 0x6A, 0x6A, 0x60,
    0x64, 0x6A, 0x70, 0x76, 0x7C, 0x82, 0x88, 0x8E, 0x94, 0x9A, 0xA2, 0xA8, 0xAE, 0xB4, 0xBA, 0xC0,
    0xC6, 0xCA, 0xC6, 0xC0, 0xBE, 0xBC, 0xB6, 0xB0, 0xAA, 0xA4, 0x9E, 0x98, 0x92, 0x8C, 0x86, 0x80,
    0x7A, 0x72, 0x6C, 0x66, 0x60, 0x5A, 0x54, 0x4E, 0x48, 0x46, 0x4C, 0x52, 0x58, 0x5E, 0x64, 0x6A,
    0x70, 0x76, 0x7C, 0x82, 0x88, 0x8E, 0x94, 0x9C, 0xA0, 0xA8, 0xAC, 0xB4, 0xB6, 0xB6, 0xBE, 0xC4,
    0xC6, 0xC6, 0xC6, 0xCA, 0xCA, 0xD2, 0xD2, 0xCC, 0xC6, 0xC0, 0xBA, 0xB4, 0xAE, 0xA8, 0xA2, 0x9A,
    0x94, 0x8E, 0x88, 0x82, 0x7C, 0x76, 0x70, 0x6A, 0x64, 0x5E, 0x58, 0x5E, 0x64, 0x6A, 0x70, 0x76,
    0x7C, 0x82, 0x88, 0x8E, 0x94, 0x9C, 0xA0, 0xA8, 0xAC, 0xA4, 0x9E, 0x98, 0x96, 0x9C, 0xA2, 0xA8,
    0xAA, 0xA4, 0x9E, 0x98, 0x92, 0x8C, 0x86, 0x80, 0x7A, 0x74, 0x6E, 0x66, 0x62, 0x5A, 0x5A, 0x62,
    0x68, 0x6E, 0x74, 0x7A, 0x80, 0x86, 0x8C, 0x92, 0x98, 0x9E, 0xA4, 0xAA, 0xB2, 0xB2, 0xB2, 0xB2,
    0xB2, 0xB2, 0xAA, 0xAA, 0xA8, 0xA0, 0x9A, 0x94, 0x8E, 0x88, 0x82, 0x7C, 0x82, 0x82, 0x82, 0x82,
    0x7E, 0x7E, 0x7A, 0x74, 0x6E, 0x68, 0x62, 0x5C, 0x56, 0x50, 0x48, 0x44, 0x4C, 0x52, 0x58, 0x5E,
    0x64, 0x66, 0x62, 0x62, 0x5C, 0x62, 0x68, 0x6E, 0x74, 0x7A, 0x80, 0x86, 0x8C, 0x92, 0x9A, 0x9E,
    0xA6, 0xA6, 0xA2, 0xA2, 0x9A, 0x9C, 0xA2, 0xA8, 0xAE, 0xB4, 0xBA, 0xB8, 0xB2, 0xAC, 0xA6, 0xA0,
    0x9A, 0x94, 0x8E, 0x88, 0x82, 0x7C, 0x76, 0x70, 0x68, 0x62, 0x5C, 0x56, 0x50, 0x4A, 0x44, 0x4A,
    0x4A, 0x4E, 0x54, 0x5A, 0x60, 0x66, 0x6C, 0x72, 0x78, 0x7E, 0x84, 0x8A, 0x90, 0x96, 0x9C, 0xA4,
    0xAA, 0xB0, 0xB6, 0xBC, 0xBE, 0xB8, 0xB2, 0xAC, 0xA6, 0xA0, 0x9A, 0x94, 0x92, 0x9A, 0x9A, 0x94,
    0x8E, 0x88, 0x82, 0x7A, 0x76, 0x6E, 0x6E, 0x6E, 0x72, 0x72, 0x78, 0x7E, 0x84, 0x8A, 0x90, 0x96,
    0x96, 0x96, 0x96, 0x96, 0x94, 0x8C, 0x90, 0x96, 0x9E, 0x9E, 0x9E, 0x9E, 0x9C, 0x94, 0x8E, 0x88,
    0x82, 0x7C, 0x82, 0x88, 0x8E, 0x94, 0x96, 0x96, 0x92, 0x8C, 0x86, 0x80, 0x7A, 0x74, 0x6E, 0x68,
    0x6E, 0x6E, 0x72, 0x78, 0x80, 0x84, 0x7C, 0x7A, 0x80, 0x86, 0x8C, 0x8E, 0x8E, 0x8A, 0x84, 0x82,
    0x88, 0x8E, 0x96, 0x96, 0x90, 0x8A, 0x84, 0x7E, 0x76, 0x72, 0x6A, 0x66, 0x5E, 0x5E, 0x66, 0x6C,
    0x72, 0x78, 0x7E, 0x84, 0x8A, 0x90, 0x96, 0x9C, 0xA2, 0xA8, 0xAE, 0xAC, 0xA6, 0xA0, 0x9A, 0x94,
    0x8C, 0x86, 0x80, 0x7A, 0x74, 0x6E, 0x68, 0x62, 0x5C, 0x62, 0x68, 0x6E, 0x74, 0x7A, 0x80, 0x86,
    0x8C, 0x92, 0x92, 0x96, 0x9C, 0x96, 0x90, 0x88, 0x82, 0x7C, 0x76, 0x70, 0x6A, 0x64, 0x62, 0x68,
    0x6E, 0x74, 0x7A, 0x80, 0x86, 0x8C, 0x92, 0x98, 0x9E, 0xA4, 0xAA, 0xB2, 0xB6, 0xB6, 0xB6, 0xAE,
    0xA8, 0xA2, 0x9C, 0x96, 0x90, 0x8A, 0x84, 0x7E, 0x78, 0x72, 0x74, 0x7A, 0x80, 0x86, 0x8C, 0x92,
    0x90, 0x8A, 0x84, 0x7C, 0x78, 0x70, 0x6A, 0x64, 0x6A, 0x70, 0x76, 0x76, 0x6E, 0x68, 0x62, 0x5C,
    0x5A, 0x5A, 0x5E, 0x64, 0x6A, 0x70, 0x76, 0x7C, 0x82, 0x88, 0x90, 0x94, 0x9C, 0xA0, 0x98, 0x92,
    0x8C, 0x86, 0x80, 0x7E, 0x84, 0x8A, 0x90, 0x96, 0x9C, 0xA2, 0xAA, 0xAA, 0xA4, 0x9E, 0x98, 0x92,
    0x8C, 0x86, 0x7E, 0x78, 0x72, 0x6C, 0x66, 0x60, 0x5A, 0x5A, 0x62, 0x68, 0x6E, 0x74, 0x7A, 0x80,
    0x86, 0x8C, 0x92, 0x98, 0x9E, 0x9E, 0x9E, 0x96, 0x92, 0x92, 0x92, 0x92, 0x92, 0x8A, 0x84, 0x7E,
    0x78, 0x7E, 0x7E, 0x82, 0x88, 0x82, 0x7C, 0x76, 0x70, 0x6A, 0x64, 0x6A, 0x70, 0x76, 0x7C, 0x84,
    0x88, 0x90, 0x92, 0x8C, 0x86, 0x80, 0x7A, 0x74, 0x6E, 0x68, 0x66, 0x6C, 0x72, 0x78, 0x7E, 0x82,
    0x82, 0x88, 0x8E, 0x94, 0x9A, 0xA0, 0xA8, 0xAA, 0xA6, 0x9E, 0x9E, 0xA6, 0xAC, 0xB2, 0xB8, 0xBE,
    0xBE, 0xBE, 0xB6, 0xB6, 0xB4, 0xB2, 0xB0, 0xA8, 0xA4, 0x9E, 0x98, 0x92, 0x8C, 0x84, 0x7E, 0x78,
    0x72, 0x6C, 0x72, 0x78, 0x7E, 0x84, 0x8A, 0x90, 0x8A, 0x84, 0x7E, 0x78, 0x72, 0x6C, 0x66, 0x60,
    0x66, 0x6C, 0x72, 0x78, 0x80, 0x86, 0x8C, 0x92, 0x98, 0x9E, 0xA4, 0xA6, 0xA0, 0x9A, 0x94, 0x8E,
    0x88, 0x82, 0x7C, 0x7A, 0x82, 0x82, 0x7A, 0x7A, 0x80, 0x86, 0x8E, 0x92, 0x9A, 0xA0, 0xA6, 0xAA,
    0xAA, 0xB0, 0xB6, 0xBC, 0xC2, 0xC8, 0xCE, 0xCC, 0xC6, 0xC0, 0xBA, 0xB4, 0xAE, 0xA8, 0xA2, 0x9C,
    0x96, 0x8E, 0x8A, 0x82, 0x82, 0x82, 0x82, 0x84, 0x8C, 0x92, 0x98, 0x9E, 0xA4, 0xAA, 0xB0, 0xB6,
    0xBC, 0xB6, 0xB2, 0xB2, 0xB4, 0xBC, 0xBE, 0xBA, 0xB4, 0xAC, 0xA6, 0xA0, 0x9A, 0x94, 0x92, 0x98,
    0x9E, 0xA4, 0xAA, 0xB0, 0xB2, 0xAC, 0xA6, 0xA0, 0x9A, 0x94, 0x8E, 0x88, 0x82, 0x7C, 0x74, 0x70,
    0x68, 0x64, 0x6C, 0x72, 0x78, 0x7E, 0x84, 0x8A, 0x90, 0x92, 0x92, 0x9C, 0x98, 0x92, 0x8C, 0x86,
    0x80, 0x7A, 0x74, 0x6E, 0x70, 0x78, 0x7C, 0x84, 0x88, 0x90, 0x8A, 0x8C, 0x8E, 0x8E, 0x8C, 0x84,
    0x7E, 0x78, 0x7E, 0x84, 0x7E, 0x78, 0x7E, 0x7C, 0x82, 0x80, 0x7E, 0x7E, 0x82, 0x8A, 0x8E, 0x96,
    0x9C, 0xA2, 0xA8, 0xAE, 0xB4, 0xBA, 0xC0, 0xC6, 0xC6, 0xC6, 0xC0, 0xBA, 0xB4, 0xB2, 0xBA, 0xBA,
    0xB4, 0xAE, 0xA6, 0xA2, 0x9A, 0x9A, 0xA2, 0xA2, 0x9A, 0x94, 0x92, 0x98, 0x9E, 0xA4, 0xAA, 0xA8,
    0xA2, 0x9C, 0x96, 0x90, 0x8A, 0x84, 0x7E, 0x78, 0x72, 0x74, 0x7C, 0x80, 0x88, 0x8C, 0x94, 0x96,
    0x96, 0x94, 0x8C, 0x92, 0x98, 0x92, 0x8C, 0x86, 0x7E, 0x7E, 0x7E, 0x82, 0x88, 0x8E, 0x94, 0x9A,
    0xA0, 0xA8, 0xAE, 0xB4, 0xB0, 0xA8, 0xA2, 0x9C, 0x96, 0x90, 0x8A, 0x84, 0x7E, 0x78, 0x76, 0x7C,
    0x82, 0x88, 0x8E, 0x96, 0x96, 0x8E, 0x8A, 0x82, 0x7E, 0x76, 0x70, 0x6A, 0x64, 0x5E, 0x58, 0x52,
    0x54, 0x5A, 0x60, 0x66, 0x6C, 0x72, 0x70, 0x6A, 0x6A, 0x6A, 0x70, 0x76, 0x7C, 0x82, 0x88, 0x90,
    0x96, 0x9C, 0xA2, 0xA8, 0xAE, 0xB4, 0xAE, 0xAE, 0xAA, 0xA4, 0x9E, 0x98, 0x92, 0x8C, 0x86, 0x80,
    0x7A, 0x74, 0x7A, 0x80, 0x86, 0x8C, 0x94, 0x98, 0xA0, 0xA2, 0xA2, 0xA0, 0x98, 0x96, 0x9C, 0xA2,
    0xA8, 0xAA, 0xA4, 0x9E, 0x98, 0x92, 0x8E, 0x8E, 0x88, 0x82, 0x7C, 0x76, 0x6E, 0x6A, 0x62, 0x5E,
    0x56, 0x56, 0x5E, 0x64, 0x6A, 0x70, 0x76, 0x7C, 0x82, 0x80, 0x7A, 0x74, 0x6E, 0x70, 0x76, 0x7C,
    0x82, 0x88, 0x90, 0x8C, 0x84, 0x88, 0x90, 0x96, 0x9C, 0x96, 0x96, 0x92, 0x8C, 0x86, 0x80, 0x7A,
    0x74, 0x7A, 0x80, 0x86, 0x8C, 0x92, 0x98, 0x92, 0x8C, 0x86, 0x80, 0x78, 0x72, 0x6C, 0x68, 0x60,
    0x5E, 0x5E, 0x62, 0x68, 0x6E, 0x74, 0x7A, 0x80, 0x86, 0x8C, 0x92, 0x98, 0x9E, 0xA4, 0xAA, 0xB2,
    0xB6, 0xBE, 0xBE, 0xB6, 0xB0, 0xAA, 0xA4, 0x9E, 0x98, 0x92, 0x8C, 0x86, 0x80, 0x7A, 0x7C, 0x82,
    0x88, 0x8E, 0x94, 0x9A, 0x98, 0x90, 0x8C, 0x84, 0x80, 0x78, 0x74, 0x6C, 0x6A, 0x6A, 0x6C, 0x74,
    0x7A, 0x80, 0x86, 0x8C, 0x92, 0x98, 0x9E, 0xA4, 0xAA, 0xB0, 0xAA, 0xA4, 0x9E, 0x98, 0x92, 0x8A,
    0x84, 0x7E, 0x78, 0x72, 0x6C, 0x66, 0x60, 0x5E, 0x64, 0x6A, 0x70, 0x76, 0x7C, 0x82, 0x88, 0x8E,
    0x94, 0x9A, 0xA0, 0xA6, 0xAE, 0xAE, 0xAE, 0xAA, 0xA2, 0x9C, 0x96, 0x90, 0x8A, 0x84, 0x7E, 0x80,
    0x86, 0x8C, 0x92, 0x98, 0x9E, 0xA4, 0xAC, 0xA8, 0xA6, 0xA4, 0x9C, 0x98, 0x90, 0x8C, 0x84, 0x7E,
    0x78, 0x72, 0x6C, 0x66, 0x60, 0x66, 0x6C, 0x72, 0x78, 0x72, 0x74, 0x7A, 0x80, 0x86, 0x8C, 0x86,
    0x80, 0x86, 0x8C, 0x94, 0x9A, 0xA0, 0xA6, 0xAC, 0xB2, 0xB2, 0xB6, 0xBC, 0xB6, 0xB0, 0xAA, 0xA4,
    0x9E, 0x98, 0x92, 0x8C, 0x86, 0x80, 0x7A, 0x72, 0x6E, 0x66, 0x66, 0x6E, 0x74, 0x7A, 0x80, 0x86,
    0x8C, 0x92, 0x98, 0x9E, 0xA2, 0xA2, 0xA0, 0x9A, 0x94, 0x8E, 0x8E, 0x8E, 0x94, 0x9A, 0xA0, 0xA6,
    0xAE, 0xB2, 0xBA, 0xBA, 0xB2, 0xAC, 0xA6, 0xA0, 0x9A, 0x96, 0x96, 0x98, 0x9E, 0xA4, 0xAA, 0xB0,
    0xAA, 0xA4, 0x9E, 0x98, 0x92, 0x8C, 0x86, 0x80, 0x78, 0x74, 0x6C, 0x6A, 0x70, 0x76, 0x7C, 0x82,
    0x88, 0x8E, 0x94, 0x9A, 0xA0, 0xA2, 0xA2, 0x9E, 0x96, 0x96, 0x9E, 0x9E, 0x96, 0x92, 0x8A, 0x86,
    0x7E, 0x7A, 0x72, 0x72, 0x7A, 0x80, 0x86, 0x8C, 0x92, 0x98, 0x9E, 0xA4, 0xAA, 0xB2, 0xB2, 0xAC,
    0xA6, 0xA0, 0x9A, 0x94, 0x8E, 0x86, 0x80, 0x7A, 0x74, 0x6E, 0x68, 0x62, 0x5E, 0x5E, 0x60, 0x66,
    0x6C, 0x72, 0x78, 0x7E, 0x82, 0x7E, 0x76, 0x76, 0x76, 0x7A, 0x7A, 0x7E, 0x7E, 0x82, 0x8A, 0x90,
    0x96, 0x9C, 0xA2, 0xA8, 0xAE, 0xB4, 0xB6, 0xB0, 0xAA, 0xA4, 0x9E, 0x98, 0x92, 0x92, 0x92, 0x92,
    0x90, 0x8E, 0x8E, 0x86, 0x80, 0x7A, 0x74, 0x70, 0x68, 0x66, 0x64, 0x60, 0x62, 0x62, 0x64, 0x6A,
    0x70, 0x76, 0x7C, 0x7E, 0x7E, 0x7E, 0x86, 0x86, 0x82, 0x82, 0x82, 0x82, 0x8A, 0x8E, 0x96, 0x96,
    0x9A, 0xA0, 0xA6, 0xA4, 0x9E, 0x98, 0x96, 0x96, 0x9A, 0xA0, 0xA6, 0xAC, 0xB4, 0xAE, 0xAE, 0xAC,
    0xA4, 0xA8, 0xA0, 0x9C, 0x94, 0x92, 0x96, 0x96, 0x9C, 0xA2, 0xA8, 0xAA, 0xA6, 0xA6, 0xA0, 0x9A,
    0x94, 0x8E, 0x88, 0x82, 0x7C, 0x76, 0x6E, 0x6A, 0x62, 0x64, 0x66, 0x66, 0x6E, 0x74, 0x7A, 0x80,
    0x86, 0x8C, 0x92, 0x98, 0x9E, 0xA4, 0xAA, 0xB0, 0xB6, 0xBC, 0xC2, 0xC0, 0xB8, 0xB4, 0xAC, 0xA6,
    0xA0, 0x9A, 0x94, 0x8E, 0x88, 0x82, 0x7C, 0x76, 0x70, 0x76, 0x7C, 0x82, 0x88, 0x82, 0x82, 0x7E,
    0x78, 0x72, 0x6C, 0x74, 0x78, 0x80, 0x82, 0x7C, 0x76, 0x70, 0x6A, 0x64, 0x62, 0x68, 0x6E, 0x74,
    0x7A, 0x80, 0x86, 0x8C, 0x92, 0x98, 0x9E, 0xA4, 0xAA, 0xB2, 0xB6, 0xB6, 0xB6, 0xAE, 0xAE, 0xAE,
    0xAE, 0xA6, 0xA0, 0x9A, 0x94, 0x8E, 0x88, 0x82, 0x7C, 0x76, 0x70, 0x6A, 0x64, 0x5E, 0x58, 0x52,
    0x54, 0x5C, 0x60, 0x68, 0x64, 0x5C, 0x62, 0x68, 0x6E, 0x74, 0x7A, 0x80, 0x86, 0x8C, 0x92, 0x98,
    0x9E, 0xA4, 0xAA, 0xB2, 0xB2, 0xB2, 0xAE, 0xA6, 0xA2, 0x9A, 0x94, 0x8E, 0x88, 0x82, 0x7C, 0x76,
    0x70, 0x6A, 0x64, 0x62, 0x68, 0x6E, 0x74, 0x7A, 0x7A, 0x7A, 0x76, 0x76, 0x76, 0x72, 0x72, 0x6E,
    0x66, 0x68, 0x6A, 0x6A, 0x72, 0x72, 0x72, 0x6C, 0x66, 0x60, 0x5A, 0x5C, 0x62, 0x68, 0x6E, 0x74,
    0x7A, 0x80, 0x86, 0x8C, 0x92, 0x98, 0xA0, 0xA6, 0xAC, 0xA8, 0xA0, 0x9A, 0x94, 0x8E, 0x88, 0x82,
    0x7C, 0x76, 0x70, 0x76, 0x7A, 0x7A, 0x78, 0x72, 0x6C, 0x64, 0x60, 0x66, 0x6C, 0x74, 0x7A, 0x80,
    0x86, 0x8C, 0x92, 0x98, 0x9C, 0x94, 0x92, 0x98, 0x9E, 0xA4, 0xAA, 0xB0, 0xB2, 0xAC, 0xA6, 0xA0,
    0x9A, 0x94, 0x8E, 0x86, 0x82, 0x7A, 0x76, 0x6E, 0x6E, 0x76, 0x7C, 0x82, 0x88, 0x8E, 0x94, 0x9A,
    0xA0, 0xA6, 0xAC, 0xB2, 0xB8, 0xBE, 0xBC, 0xB6, 0xB0, 0xAA, 0xA4, 0x9C, 0x96, 0x90, 0x8A, 0x84,
    0x7E, 0x78, 0x72, 0x6C, 0x66, 0x60, 0x66, 0x6C, 0x72, 0x78, 0x7E, 0x84, 0x8A, 0x90, 0x96, 0x9C,
    0xA4, 0xA6, 0xA6, 0xA6, 0xA6, 0xA8, 0xB0, 0xB6, 0xBC, 0xC2, 0xC8, 0xCE, 0xD4, 0xD6, 0xD0, 0xCA,
    0xC4, 0xBE, 0xB8, 0xB2, 0xAC, 0xA6, 0xA6, 0xA2, 0x9A, 0x96, 0x8E, 0x88, 0x82, 0x7E, 0x7E, 0x78,
    0x72, 0x6C, 0x66, 0x60, 0x5A, 0x5C, 0x62, 0x68, 0x6E, 0x74, 0x7A, 0x82, 0x82, 0x84, 0x8C, 0x90,
    0x98, 0x9E, 0xA4, 0xAA, 0xAA, 0xA2, 0x9C, 0x96, 0x90, 0x8A, 0x84, 0x7E, 0x78, 0x72, 0x6E, 0x6E,
    0x70, 0x76, 0x7C, 0x82, 0x82, 0x86, 0x8E, 0x94, 0x9A, 0xA0, 0xA6, 0xAC, 0xAE, 0xA8, 0xA2, 0x9C,
    0x96, 0x96, 0x96, 0x9C, 0xA2, 0xA8, 0xAE, 0xB6, 0xB6, 0xB0, 0xAA, 0xA4, 0x9E, 0x96, 0x90, 0x8A,
    0x84, 0x7E, 0x78, 0x72, 0x6C, 0x66, 0x60, 0x5E, 0x64, 0x6A, 0x70, 0x72, 0x6C, 0x66, 0x60, 0x58,
    0x5C, 0x5E, 0x60, 0x68, 0x6C, 0x74, 0x7A, 0x80, 0x86, 0x8C, 0x92, 0x98, 0x9E, 0xA4, 0xAA, 0xB0,
    0xB6, 0xBC, 0xC2, 0xC8, 0xCE, 0xCC, 0xC6, 0xC0, 0xBA, 0xB4, 0xAE, 0xB0, 0xB8, 0xBA, 0xB4, 0xAE,
    0xA8, 0xA2, 0x9C, 0x96, 0x90, 0x8A, 0x84, 0x7E, 0x78, 0x72, 0x6C, 0x66, 0x5E, 0x5E, 0x66, 0x6A,
    0x72, 0x76, 0x7E, 0x7E, 0x76, 0x72, 0x6A, 0x6A, 0x72, 0x78, 0x7E, 0x84, 0x8A, 0x8E, 0x8E, 0x8C,
    0x8A, 0x92, 0x96, 0x9E, 0xA2, 0xAA, 0xAA, 0xAC, 0xAE, 0xB0, 0xB8, 0xB2, 0xAC, 0xA6, 0xA0, 0x9A,
    0x94, 0x8E, 0x88, 0x82, 0x7C, 0x76, 0x70, 0x6A, 0x64, 0x6A, 0x70, 0x76, 0x7C, 0x84, 0x86, 0x86,
    0x86, 0x8A, 0x92, 0x96, 0x9E, 0x9E, 0xA2, 0xA8, 0xAE, 0xB4, 0xBA, 0xC0, 0xC6, 0xCC, 0xD2, 0xD2,
    0xD2, 0xCC, 0xC6, 0xC0, 0xBA, 0xB4, 0xAC, 0xA6, 0xA0, 0x9A, 0x94, 0x8E, 0x88, 0x82, 0x7C, 0x76,
    0x72, 0x72, 0x74, 0x7A, 0x80, 0x86, 0x8C, 0x92, 0x98, 0x9E, 0xA4, 0xAC, 0xA8, 0xA0, 0x9A, 0x94,
    0x8E, 0x88, 0x82, 0x7C, 0x76, 0x70, 0x76, 0x7C, 0x82, 0x88, 0x82, 0x7C, 0x82, 0x80, 0x7A, 0x7A,
    0x76, 0x70, 0x78, 0x7C, 0x84, 0x88, 0x90, 0x92, 0x8C, 0x86, 0x80, 0x7E, 0x84, 0x8A, 0x90, 0x96,
    0x9C, 0xA2, 0xA8, 0xAE, 0xB4, 0xB6, 0xAE, 0xAE, 0xB4, 0xAC, 0xA8, 0xA0, 0x9A, 0x94, 0x8E, 0x88,
    0x82, 0x7C, 0x76, 0x70, 0x6A, 0x64, 0x5E, 0x58, 0x52, 0x54, 0x5A, 0x60, 0x66, 0x6C, 0x72, 0x78,
    0x80, 0x84, 0x8C, 0x92, 0x98, 0x92, 0x92, 0x9A, 0x9A, 0x9E, 0xA4, 0xAA, 0xB0, 0xAA, 0xA4, 0x9E,
    0x98, 0x92, 0x8E, 0x8E, 0x8E, 0x8E, 0x8E, 0x94, 0x98, 0x90, 0x8A, 0x84, 0x7E, 0x78, 0x72, 0x6C,
    0x6A, 0x70, 0x76, 0x7C, 0x82, 0x88, 0x8E, 0x96, 0x96, 0x90, 0x8A, 0x84, 0x7E, 0x76, 0x72, 0x6A,
    0x6A, 0x72, 0x76, 0x76, 0x76, 0x76, 0x78, 0x7E, 0x84, 0x8A, 0x90, 0x96, 0x9C, 0xA2, 0xA8, 0xAE,
    0xB4, 0xBA, 0xC2, 0xC2, 0xBA, 0xBA, 0xB8, 0xB0, 0xAA, 0xA4, 0x9E, 0x98, 0x92, 0x8C, 0x86, 0x88,
    0x8E, 0x94, 0x9A, 0xA0, 0x9A, 0x94, 0x8E, 0x88, 0x82, 0x7C, 0x74, 0x70, 0x68, 0x66, 0x66, 0x68,
    0x70, 0x6E, 0x74, 0x7A, 0x80, 0x86, 0x8C, 0x92, 0x98, 0x9E, 0xA4, 0x9E, 0x9A, 0x9A, 0x9A, 0x9C,
    0x9E, 0x9E, 0xA4, 0xA2, 0xA2, 0xA2, 0x9A, 0x94, 0x8E, 0x88, 0x82, 0x7C, 0x76, 0x78, 0x7E, 0x84,
    0x8A, 0x8A, 0x8A, 0x84, 0x7C, 0x7A, 0x7A, 0x7C, 0x84, 0x88, 0x90, 0x92, 0x92, 0x90, 0x88, 0x86,
    0x86, 0x86, 0x88, 0x8A, 0x8A, 0x8C, 0x88, 0x86, 0x84, 0x7C, 0x80, 0x86, 0x86, 0x8A, 0x92, 0x96,
    0x9E, 0x9E, 0x9E, 0x9A, 0x92, 0x8C, 0x86, 0x80, 0x7A, 0x76, 0x76, 0x72, 0x72, 0x72, 0x72, 0x78,
    0x7E, 0x84, 0x8A, 0x90, 0x96, 0x9E, 0xA2, 0xAA, 0xA8, 0xA6, 0xA6, 0x9E, 0x98, 0x96, 0x96, 0x8E,
    0x88, 0x82, 0x84, 0x8A, 0x90, 0x96, 0x9A, 0x9A, 0x98, 0x90, 0x8C, 0x84, 0x80, 0x78, 0x7C, 0x82,
    0x82, 0x82, 0x82, 0x82, 0x8A, 0x8A, 0x8E, 0x92, 0x92, 0x92, 0x8A, 0x8C, 0x92, 0x92, 0x96, 0x9C,
    0x96, 0x90, 0x8A, 0x84, 0x7C, 0x78, 0x70, 0x6A, 0x64, 0x62, 0x68, 0x6E, 0x74, 0x7A, 0x80, 0x86,
    0x8C, 0x92, 0x98, 0x9E, 0xA4, 0xAA, 0xB0, 0xB6, 0xBE, 0xBE, 0xBE, 0xBA, 0xB2, 0xAC, 0xA6, 0xA0,
    0x9A, 0x94, 0x8E, 0x88, 0x82, 0x7C, 0x76, 0x70, 0x6A, 0x66, 0x66, 0x62, 0x62, 0x64, 0x6C, 0x70,
    0x78, 0x7C, 0x84, 0x80, 0x78, 0x7C, 0x84, 0x8A, 0x90, 0x96, 0x9C, 0x96, 0x96, 0x92, 0x8C, 0x92,
    0x98, 0x9E, 0xA4, 0xAA, 0xB0, 0xAA, 0xAA, 0xA6, 0xA0, 0x9A, 0x92, 0x8C, 0x86, 0x82, 0x82, 0x7C,
    0x76, 0x70, 0x6A, 0x64, 0x62, 0x66, 0x66, 0x6E, 0x6E, 0x6E, 0x6E, 0x74, 0x7A, 0x80, 0x86, 0x8C,
    0x94, 0x9A, 0xA0, 0xA6, 0xAC, 0xB2, 0xB8, 0xBA, 0xB4, 0xAE, 0xA8, 0xA2, 0x9C, 0x96, 0x98, 0x9A,
    0x9C, 0xA4, 0xA0, 0x9A, 0x94, 0x8E, 0x88, 0x80, 0x7A, 0x74, 0x7A, 0x80, 0x86, 0x8C, 0x92, 0x90,
    0x8A, 0x84, 0x7E, 0x78, 0x72, 0x6E, 0x6E, 0x70, 0x76, 0x7C, 0x82, 0x88, 0x90, 0x94, 0x9C, 0xA0,
    0x98, 0x92, 0x8C, 0x86, 0x80, 0x7E, 0x7E, 0x80, 0x8A, 0x8A, 0x86, 0x86, 0x80, 0x7A, 0x72, 0x72,
    0x76, 0x76, 0x7E, 0x82, 0x8A, 0x8A, 0x8A, 0x86, 0x86, 0x86, 0x8E, 0x94, 0x9A, 0xA0, 0xA6, 0xAA,
    0xAA, 0xAA, 0xAA, 0xAA, 0xAA, 0xA8, 0xA2, 0x9C, 0x96, 0x90, 0x88, 0x84, 0x7C, 0x80, 0x88, 0x8E,
    0x8E, 0x86, 0x80, 0x7A, 0x74, 0x7A, 0x7A, 0x7E, 0x84, 0x8A, 0x92, 0x92, 0x92, 0x8E, 0x88, 0x82,
    0x7C, 0x84, 0x88, 0x90, 0x96, 0x9C, 0x96, 0x90, 0x8A, 0x84, 0x8A, 0x90, 0x8A, 0x86, 0x86, 0x80,
    0x7A, 0x72, 0x72, 0x76, 0x76, 0x7E, 0x82, 0x88, 0x90, 0x94, 0x8C, 0x86, 0x80, 0x7A, 0x7A, 0x82,
    0x88, 0x8E, 0x94, 0x9A, 0xA0, 0xA6, 0xAA, 0xAA, 0xA8, 0xA2, 0x9C, 0x96, 0x90, 0x88, 0x8C, 0x92,
    0x9A, 0x9E, 0x9E, 0x9E, 0xA2, 0xA2, 0x9A, 0x9A, 0x96, 0x90, 0x8A, 0x84, 0x7E, 0x78, 0x72, 0x6A,
    0x6A, 0x6A, 0x6E, 0x76, 0x7A, 0x82, 0x82, 0x82, 0x7E, 0x80, 0x88, 0x8E, 0x94, 0x9A, 0xA0, 0xA2,
    0x9C, 0xA2, 0xA2, 0xA2, 0x9E, 0x9E, 0x98, 0x92, 0x8C, 0x86, 0x80, 0x86, 0x86, 0x8C, 0x8E, 0x8E,
    0x8E, 0x8E, 0x86, 0x80, 0x7A, 0x74, 0x6E, 0x6A, 0x6A, 0x6C, 0x72, 0x78, 0x7E, 0x84, 0x8A, 0x90,
    0x96, 0x9C, 0xA4, 0xA0, 0x98, 0x94, 0x8C, 0x86, 0x80, 0x86, 0x8C, 0x92, 0x96, 0x96, 0x94, 0x8E,
    0x88, 0x86, 0x86, 0x86, 0x88, 0x90, 0x8A, 0x8A, 0x88, 0x80, 0x7C, 0x74, 0x72, 0x78, 0x7E, 0x84,
    0x8A, 0x90, 0x96, 0x9C, 0x9E, 0x98, 0x92, 0x8C, 0x8A, 0x90, 0x96, 0x9C, 0x96, 0x90, 0x8A, 0x84,
    0x7E, 0x76, 0x72, 0x72, 0x72, 0x72, 0x78, 0x7E, 0x84, 0x8A, 0x90, 0x96, 0x9C, 0xA2, 0xA8, 0xAE,
    0xB2, 0xB2, 0xB0, 0xA8, 0xA4, 0x9C, 0x98, 0x90, 0x8E, 0x8E, 0x86, 0x80, 0x7A, 0x74, 0x6E, 0x68,
    0x62, 0x5C, 0x56, 0x56, 0x56, 0x56, 0x5A, 0x60, 0x66, 0x6C, 0x72, 0x78, 0x7E, 0x84, 0x8C, 0x90,
    0x98, 0x9A, 0x96, 0x96, 0x90, 0x8E, 0x92, 0x92, 0x98, 0x9E, 0xA4, 0xA6, 0xA0, 0x9A, 0x94, 0x8E,
    0x88, 0x82, 0x7C, 0x74, 0x72, 0x72, 0x6C, 0x74, 0x70, 0x78, 0x7A, 0x7A, 0x82, 0x86, 0x86, 0x8A,
    0x8A, 0x8A, 0x88, 0x8C, 0x8E, 0x90, 0x92, 0x94, 0x9C, 0xA0, 0xA8, 0xA4, 0x9C, 0x96, 0x90, 0x8A,
    0x84, 0x7E, 0x7E, 0x86, 0x8C, 0x92, 0x98, 0x9E, 0x9C, 0x9A, 0x9A, 0x90, 0x8E, 0x8E, 0x8E, 0x8A,
    0x8A, 0x86, 0x7E, 0x7A, 0x7A, 0x76, 0x76, 0x76, 0x76, 0x7C, 0x82, 0x86, 0x86, 0x8C, 0x92, 0x96,
    0x96, 0x96, 0x96, 0x90, 0x8A, 0x84, 0x7E, 0x78, 0x7E, 0x7E, 0x82, 0x8A, 0x8E, 0x8E, 0x92, 0x92,
    0x98, 0x9A, 0x9A, 0xA2, 0xA2, 0xA2, 0x9C, 0x96, 0x90, 0x8A, 0x8A, 0x8A, 0x90, 0x96, 0x9E, 0x9E,
    0x9E, 0xA0, 0x9A, 0x9A, 0x98, 0x90, 0x8A, 0x84, 0x7E, 0x78, 0x72, 0x6C, 0x66, 0x60, 0x66, 0x6C,
    0x72, 0x78, 0x7E, 0x84, 0x8A, 0x90, 0x98, 0x9C, 0xA4, 0x9E, 0x9E, 0x9C, 0x94, 0x8E, 0x88, 0x82,
    0x7C, 0x82, 0x86, 0x86, 0x8C, 0x92, 0x98, 0x92, 0x92, 0x8E, 0x8E, 0x8E, 0x8E, 0x8E, 0x8A, 0x8A,
    0x8A, 0x8C, 0x8E, 0x8A, 0x8A, 0x84, 0x7E, 0x78, 0x72, 0x74, 0x7A, 0x80, 0x86, 0x8E, 0x8E, 0x88,
    0x80, 0x84, 0x86, 0x88, 0x90, 0x8A, 0x86, 0x7E, 0x7E, 0x86, 0x8C, 0x92, 0x98, 0x92, 0x8C, 0x92,
    0x98, 0x9E, 0xA4, 0xA6, 0xA6, 0xA2, 0x9C, 0x96, 0x90, 0x88, 0x86, 0x8A, 0x92, 0x92, 0x92, 0x8C,
    0x86, 0x80, 0x7A, 0x74, 0x72, 0x78, 0x7E, 0x84, 0x8A, 0x90, 0x92, 0x8C, 0x86, 0x7E, 0x7E, 0x84,
    0x8A, 0x90, 0x98, 0x9A, 0x9A, 0x9A, 0x9E, 0x9E, 0xA2, 0xA2, 0xA2, 0xA2, 0x9C, 0x96, 0x90, 0x8A,
    0x84, 0x7E, 0x76, 0x76, 0x7C, 0x7A, 0x7A, 0x78, 0x76, 0x76, 0x76, 0x76, 0x7E, 0x84, 0x8A, 0x90,
    0x96, 0x9C, 0x96, 0x90, 0x8A, 0x84, 0x7E, 0x78, 0x7E, 0x84, 0x8A, 0x90, 0x98, 0x9A, 0x9A, 0x98,
    0x90, 0x8E, 0x92, 0x92, 0x98, 0x9E, 0xA4, 0xA6, 0xA2, 0xA2, 0x9C, 0x96, 0x90, 0x8E, 0x92, 0x92,
    0x92, 0x92, 0x8C, 0x86, 0x7E, 0x7E, 0x82, 0x82, 0x88, 0x80, 0x7C, 0x74, 0x72, 0x72, 0x6A, 0x6C,
    0x72, 0x78, 0x7E, 0x84, 0x8A, 0x90, 0x96, 0x9C, 0xA4, 0xA0, 0x9E, 0x9E, 0x9E, 0x9E, 0x9E, 0x9A,
    0x9A, 0x98, 0x90, 0x8A, 0x84, 0x7E, 0x78, 0x7E, 0x7E, 0x82, 0x88, 0x8E, 0x94, 0x9A, 0xA0, 0x9A,
    0x94, 0x8E, 0x88, 0x82, 0x7A, 0x7A, 0x7A, 0x78, 0x7E, 0x7E, 0x80, 0x88, 0x8E, 0x92, 0x92, 0x96,
    0x96, 0x96, 0x96, 0x96, 0x92, 0x92, 0x8E, 0x8E, 0x8A, 0x8A, 0x84, 0x82, 0x82, 0x7C, 0x7E, 0x7E,
    0x7A, 0x7A, 0x7A, 0x7A, 0x7E, 0x7E, 0x84, 0x86, 0x86, 0x86, 0x86, 0x86, 0x86, 0x86, 0x8E, 0x8E,
    0x90, 0x98, 0x9C, 0xA4, 0xAA, 0xB0, 0xB6, 0xBC, 0xB6, 0xB0, 0xAA, 0xA4, 0x9E, 0x98, 0x92, 0x8C,
    0x8A, 0x88, 0x82, 0x7C, 0x76, 0x6E, 0x6E, 0x6E, 0x74, 0x78, 0x72, 0x72, 0x72, 0x72, 0x78, 0x7E,
    0x84, 0x8A, 0x90, 0x96, 0x9C, 0x9E, 0x9E, 0x9A, 0x94, 0x8E, 0x86, 0x86, 0x8A, 0x8A, 0x92, 0x92,
    0x92, 0x8E, 0x86, 0x80, 0x7A, 0x74, 0x6E, 0x68, 0x62, 0x5E, 0x5E, 0x60, 0x66, 0x6C, 0x72, 0x78,
    0x7E, 0x84, 0x8A, 0x90, 0x98, 0x9A, 0x9A, 0x9A, 0x98, 0x96, 0x96, 0x8E, 0x88, 0x82, 0x7C, 0x82,
    0x88, 0x8E, 0x94, 0x9A, 0x98, 0x92, 0x8C, 0x86, 0x80, 0x7E, 0x7E, 0x7C, 0x82, 0x82, 0x84, 0x8C,
    0x8A, 0x90, 0x96, 0x9A, 0x9A, 0x9A, 0x9A, 0x94, 0x8E, 0x8A, 0x8A, 0x84, 0x7E, 0x76, 0x76, 0x7A,
    0x7A, 0x80, 0x86, 0x8C, 0x84, 0x7E, 0x7A, 0x7A, 0x7A, 0x82, 0x80, 0x7E, 0x84, 0x8A, 0x90, 0x96,
    0x9C, 0xA2, 0xA0, 0x9E, 0xA4, 0xAA, 0xAE, 0xAE, 0xAC, 0xA4, 0xA0, 0x98, 0x94, 0x8C, 0x86, 0x80,
    0x7A, 0x74, 0x6E, 0x6A, 0x6A, 0x6A, 0x66, 0x68, 0x6E, 0x74, 0x7A, 0x80, 0x86, 0x8C, 0x92, 0x98,
    0x9E, 0xA4, 0x9C, 0x9A, 0x9A, 0x9C, 0xA4, 0xA6, 0xA2, 0xA2, 0x9C, 0x96, 0x90, 0x8A, 0x8A, 0x8A,
    0x90, 0x8A, 0x84, 0x7E, 0x78, 0x72, 0x6A, 0x6A, 0x72, 0x76, 0x7E, 0x84, 0x8A, 0x90, 0x92, 0x8C,
    0x88, 0x90, 0x92, 0x94, 0x96, 0x96, 0x96, 0x9C, 0x9E, 0xA0, 0xA8, 0xA4, 0x9E, 0x98, 0x92, 0x8A,
    0x86, 0x86, 0x86, 0x84, 0x7C, 0x7A, 0x7A, 0x7E, 0x84, 0x8A, 0x8A, 0x82, 0x84, 0x7E, 0x80, 0x86,
    0x8C, 0x94, 0x96, 0x96, 0x94, 0x92, 0x92, 0x92, 0x94, 0x96, 0x96, 0x96, 0x92, 0x8E, 0x8E, 0x88,
    0x8E, 0x8E, 0x92, 0x92, 0x92, 0x92, 0x8E, 0x8E, 0x8A, 0x86, 0x86, 0x82, 0x82, 0x7A, 0x74, 0x72,
    0x72, 0x72, 0x72, 0x7A, 0x80, 0x86, 0x8A, 0x8A, 0x8A, 0x8A, 0x8A, 0x8A, 0x8E, 0x8E, 0x8E, 0x8E,
    0x90, 0x92, 0x94, 0x9C, 0x9E, 0xA0, 0xA2, 0xA2, 0x9E, 0x9E, 0x9A, 0x94, 0x8E, 0x90, 0x92, 0x94,
    0x96, 0x96, 0x92, 0x92, 0x8E, 0x86, 0x86, 0x86, 0x86, 0x88, 0x8A, 0x8A, 0x86, 0x86, 0x80, 0x7A,
    0x74, 0x6E, 0x68, 0x6E, 0x6E, 0x72, 0x78, 0x7E, 0x84, 0x8A, 0x92, 0x92, 0x92, 0x8E, 0x8A, 0x8A,
    0x8A, 0x8A, 0x92, 0x92, 0x92, 0x92, 0x92, 0x92, 0x8A, 0x86, 0x7E, 0x80, 0x82, 0x82, 0x8A, 0x90,
    0x96, 0x9C, 0xA2, 0xA0, 0x98, 0x94, 0x8C, 0x92, 0x92, 0x94, 0x9A, 0x9A, 0x9A, 0x92, 0x8C, 0x86,
    0x80, 0x7A, 0x7A, 0x76, 0x72, 0x72, 0x74, 0x7A, 0x7A, 0x7E, 0x84, 0x86, 0x86, 0x86, 0x84, 0x82,
    0x82, 0x86, 0x86, 0x8A, 0x92, 0x96, 0x96, 0x96, 0x96, 0x90, 0x8E, 0x8E, 0x8E, 0x8E, 0x8E, 0x8E,
    0x92, 0x92, 0x92, 0x8E, 0x8E, 0x86, 0x82, 0x7A, 0x7A, 0x82, 0x88, 0x8A, 0x8A, 0x8A, 0x8E, 0x8E,
    0x94, 0x9A, 0x9A, 0x9A, 0x92, 0x92, 0x90, 0x8E, 0x8E, 0x8E, 0x8E, 0x90, 0x92, 0x92, 0x90, 0x88,
    0x82, 0x7E, 0x7E, 0x7E, 0x86, 0x8C, 0x92, 0x98, 0x9E, 0xA4, 0x9E, 0x98, 0x92, 0x8C, 0x86, 0x80,
    0x86, 0x84, 0x7C, 0x78, 0x70, 0x6E, 0x6E, 0x70, 0x78, 0x7E, 0x84, 0x86, 0x80, 0x86, 0x86, 0x8A,
    0x90, 0x96, 0x9E, 0x9E, 0x9A, 0x9A, 0x9A, 0x9A, 0xA2, 0xA2, 0x9E, 0x9E, 0x96, 0x92, 0x8A, 0x86,
    0x7E, 0x80, 0x82, 0x82, 0x8A, 0x8E, 0x8E, 0x8E, 0x8E, 0x8A, 0x8A, 0x8C, 0x8E, 0x90, 0x96, 0x96,
    0x96, 0x8E, 0x88, 0x84, 0x7C, 0x7A, 0x7A, 0x7E, 0x7C, 0x78, 0x7C, 0x78, 0x7C, 0x7E, 0x7E, 0x88,
    0x84, 0x8A, 0x88, 0x82, 0x7C, 0x74, 0x78, 0x80, 0x84, 0x8C, 0x92, 0x98, 0x9E, 0xA2, 0xA2, 0xA6,
    0xA6, 0xAA, 0xAA, 0xAA, 0xAA, 0xA4, 0x9E, 0x98, 0x92, 0x8C, 0x86, 0x86, 0x86, 0x8C, 0x84, 0x88,
    0x80, 0x7E, 0x7E, 0x76, 0x70, 0x6A, 0x6A, 0x6A, 0x6E, 0x6E, 0x72, 0x72, 0x72, 0x70, 0x74, 0x76,
    0x78, 0x80, 0x84, 0x8A, 0x92, 0x96, 0x9E, 0x9E, 0xA2, 0xA2, 0xA6, 0xA6, 0xA8, 0xAA, 0xAA, 0xAA,
    0xA6, 0xA0, 0x9A, 0x94, 0x8E, 0x88, 0x82, 0x7C, 0x82, 0x82, 0x86, 0x8E, 0x8E, 0x8E, 0x8A, 0x8A,
    0x84, 0x7E, 0x78, 0x72, 0x72, 0x72, 0x72, 0x76, 0x7C, 0x7A, 0x82, 0x82, 0x7E, 0x7E, 0x7E, 0x7E,
    0x7E, 0x82, 0x8A, 0x8E, 0x96, 0x9A, 0xA2, 0xA0, 0x9E, 0x9E, 0x96, 0x92, 0x92, 0x94, 0x96, 0x98,
    0x9A, 0x9C, 0x9E, 0x9A, 0x9A, 0x9C, 0xA0, 0x96, 0x96, 0x94, 0x8E, 0x86, 0x82, 0x7A, 0x7C, 0x7E,
    0x7E, 0x7A, 0x7A, 0x76, 0x76, 0x72, 0x72, 0x72, 0x72, 0x76, 0x76, 0x7A, 0x7A, 0x7E, 0x7E, 0x82,
    0x8A, 0x8E, 0x96, 0x9C, 0xA2, 0xA2, 0xA2, 0xA2, 0xA2, 0xA8, 0xA2, 0xA2, 0x9E, 0x9A, 0x9A, 0x94,
    0x92, 0x9A, 0x9A, 0x9A, 0x96, 0x90, 0x88, 0x86, 0x86, 0x7E, 0x7A, 0x72, 0x6E, 0x6E, 0x6E, 0x76,
    0x7A, 0x7A, 0x7E, 0x7E, 0x84, 0x86, 0x86, 0x88, 0x84, 0x82, 0x86, 0x86, 0x8C, 0x94, 0x96, 0x96,
    0x94, 0x92, 0x92, 0x90, 0x96, 0x96, 0x9A, 0x9A, 0x92, 0x94, 0x8E, 0x8A, 0x8A, 0x8C, 0x94, 0x90,
    0x8A, 0x8C, 0x84, 0x82, 0x82, 0x82, 0x7E, 0x7E, 0x78, 0x74, 0x7C, 0x82, 0x88, 0x8E, 0x94, 0x9A,
    0x9A, 0x9A, 0x9A, 0x96, 0x90, 0x8A, 0x82, 0x82, 0x86, 0x86, 0x8E, 0x94, 0x98, 0x92, 0x92, 0x8E,
    0x8E, 0x88, 0x82, 0x7C, 0x76, 0x78, 0x7E, 0x84, 0x8A, 0x8E, 0x8E, 0x8E, 0x8E, 0x90, 0x98, 0x9A,
    0x9A, 0x98, 0x90, 0x8C, 0x84, 0x8A, 0x8E, 0x8E, 0x8E, 0x86, 0x86, 0x86, 0x86, 0x86, 0x86, 0x82,
    0x7C, 0x76, 0x76, 0x76, 0x76, 0x7A, 0x80, 0x86, 0x8C, 0x94, 0x96, 0x96, 0x94, 0x92, 0x92, 0x92,
    0x92, 0x92, 0x8E, 0x8E, 0x8A, 0x8A, 0x8A, 0x8A, 0x8A, 0x84, 0x8A, 0x8A, 0x8E, 0x92, 0x92, 0x92,
    0x92, 0x8A, 0x86, 0x86, 0x86, 0x86, 0x86, 0x86, 0x88, 0x8A, 0x8C, 0x8E, 0x88, 0x8C, 0x82, 0x82,
    0x80, 0x7E, 0x7E, 0x7E, 0x80, 0x86, 0x8C, 0x92, 0x92, 0x92, 0x92, 0x92, 0x8E, 0x8E, 0x8E, 0x8C,
    0x92, 0x92, 0x96, 0x96, 0x96, 0x96, 0x96, 0x94, 0x8E, 0x88, 0x86, 0x86, 0x86, 0x86, 0x82, 0x82,
    0x7E, 0x76, 0x76, 0x76, 0x7C, 0x82, 0x86, 0x86, 0x8C, 0x86, 0x86, 0x82, 0x82, 0x82, 0x86, 0x86,
    0x8C, 0x92, 0x92, 0x92, 0x8A, 0x8A, 0x8A, 0x90, 0x92, 0x92, 0x9A, 0x9E, 0x9E, 0x9E, 0x96, 0x90,
    0x8A, 0x86, 0x86, 0x86, 0x86, 0x86, 0x86, 0x82, 0x82, 0x84, 0x86, 0x86, 0x86, 0x86, 0x84, 0x80,
    0x82, 0x82, 0x84, 0x86, 0x86, 0x8E, 0x8E, 0x92, 0x92, 0x92, 0x92, 0x8E, 0x8E, 0x8E, 0x8E, 0x92,
    0x9A, 0x9A, 0x9A, 0x96, 0x96, 0x92, 0x8A, 0x8A, 0x86, 0x86, 0x82, 0x82, 0x7E, 0x7E, 0x7A, 0x7A,
    0x7A, 0x7A, 0x7E, 0x7E, 0x82, 0x82, 0x82, 0x82, 0x82, 0x82, 0x82, 0x82, 0x82, 0x82, 0x88, 0x8A,
    0x8C, 0x8E, 0x8E, 0x98, 0x9A, 0x9A, 0x9E, 0x9E, 0xA2, 0xA2, 0xA0, 0x9E, 0x9E, 0x9E, 0x96, 0x96,
    0x94, 0x8E, 0x86, 0x86, 0x82, 0x84, 0x86, 0x88, 0x8A, 0x8A, 0x86, 0x86, 0x82, 0x7C, 0x76, 0x78,
    0x7E, 0x7C, 0x82, 0x88, 0x82, 0x7A, 0x7A, 0x7A, 0x7E, 0x86, 0x8C, 0x8E, 0x8E, 0x8E, 0x8E, 0x92,
    0x96, 0x96, 0x9C, 0x96, 0x96, 0x92, 0x92, 0x92, 0x92, 0x92, 0x92, 0x8E, 0x8E, 0x8A, 0x82, 0x7E,
    0x76, 0x76, 0x76, 0x7C, 0x7E, 0x80, 0x82, 0x84, 0x86, 0x82, 0x82, 0x84, 0x86, 0x88, 0x8E, 0x94,
    0x9A, 0x9A, 0x9A, 0x94, 0x96, 0x96, 0x98, 0x9A, 0x9A, 0x98, 0x90, 0x8A, 0x8A, 0x86, 0x86, 0x82,
    0x82, 0x7E, 0x7E, 0x7A, 0x7A, 0x76, 0x76, 0x76, 0x76, 0x7A, 0x82, 0x86, 0x8E, 0x8E, 0x92, 0x92,
    0x94, 0x9C, 0x98, 0xA0, 0xA2, 0x9C, 0x96, 0x90, 0x96, 0x9C, 0x96, 0x92, 0x92, 0x8E, 0x8E, 0x8A,
    0x8A, 0x82, 0x7E, 0x78, 0x80, 0x82, 0x82, 0x82, 0x82, 0x7A, 0x7A, 0x82, 0x88, 0x8E, 0x8C, 0x8A,
    0x88, 0x82, 0x82, 0x82, 0x8A, 0x8A, 0x8C, 0x94, 0x9A, 0x9A, 0x9A, 0x9A, 0x98, 0x90, 0x8E, 0x8E,
    0x8E, 0x90, 0x92, 0x92, 0x92, 0x90, 0x8A, 0x8A, 0x86, 0x7E, 0x7E, 0x7C, 0x7A, 0x78, 0x76, 0x76,
    0x7A, 0x7A, 0x80, 0x82, 0x82, 0x80, 0x7E, 0x7E, 0x7E, 0x82, 0x88, 0x8E, 0x92, 0x92, 0x98, 0x9E,
    0x9E, 0x9E, 0x9E, 0x9E, 0x9E, 0x9E, 0x9E, 0x9E, 0x9E, 0x9E, 0x96, 0x90, 0x8E, 0x8E, 0x86, 0x82,
    0x82, 0x84, 0x88, 0x84, 0x88, 0x82, 0x82, 0x80, 0x7E, 0x7C, 0x7A, 0x78, 0x76, 0x7C, 0x7A, 0x82,
    0x80, 0x86, 0x84, 0x82, 0x80, 0x7C, 0x7E, 0x7E, 0x80, 0x86, 0x8C, 0x92, 0x9A, 0x9A, 0x9A, 0x96,
    0x96, 0x92, 0x94, 0x96, 0x98, 0x9C, 0x9A, 0x9C, 0x96, 0x96, 0x92, 0x92, 0x8E, 0x8A, 0x8A, 0x86,
    0x86, 0x86, 0x86, 0x8C, 0x92, 0x92, 0x92, 0x8E, 0x8E, 0x86, 0x80, 0x7C, 0x7E, 0x7E, 0x80, 0x82,
    0x84, 0x88, 0x80, 0x84, 0x7A, 0x7A, 0x78, 0x76, 0x76, 0x76, 0x78, 0x7E, 0x84, 0x8A, 0x90, 0x96,
    0x96, 0x96, 0x96, 0x96, 0x96, 0x96, 0x98, 0x9A, 0x9A, 0x9C, 0x96, 0x96, 0x92, 0x92, 0x8E, 0x90,
    0x92, 0x92, 0x8E, 0x8E, 0x8A, 0x82, 0x7E, 0x7E, 0x7A, 0x7A, 0x7A, 0x7A, 0x7A, 0x7A, 0x7A, 0x7A,
    0x7E, 0x7E, 0x84, 0x8A, 0x90, 0x96, 0x96, 0x9A, 0x9A, 0x9A, 0x9A, 0x96, 0x96, 0x92, 0x92, 0x8E,
    0x90, 0x88, 0x86, 0x84, 0x82, 0x80, 0x7C, 0x84, 0x82, 0x82, 0x82, 0x82, 0x82, 0x88, 0x8A, 0x8C,
    0x94, 0x96, 0x96, 0x94, 0x8E, 0x8E, 0x8E, 0x8A, 0x8A, 0x88, 0x86, 0x90, 0x8C, 0x92, 0x90, 0x8E,
    0x8C, 0x8A, 0x8A, 0x82, 0x82, 0x82, 0x82, 0x86, 0x8A, 0x8A, 0x8A, 0x8A, 0x8A, 0x86, 0x86, 0x86,
    0x86, 0x86, 0x8A, 0x8E, 0x8E, 0x8E, 0x8E, 0x8A, 0x8A, 0x8A, 0x86, 0x86, 0x86, 0x86, 0x86, 0x80,
    0x86, 0x86, 0x8A, 0x8A, 0x8E, 0x8E, 0x8E, 0x8E, 0x90, 0x92, 0x92, 0x92, 0x92, 0x92, 0x92, 0x94,
    0x90, 0x8E, 0x8C, 0x8A, 0x88, 0x86, 0x86, 0x86, 0x86, 0x88, 0x82, 0x82, 0x86, 0x86, 0x8A, 0x8A,
    0x88, 0x80, 0x7E, 0x7E, 0x82, 0x88, 0x8E, 0x96, 0x96, 0x98, 0x9C, 0x98, 0x9C, 0x96, 0x96, 0x94,
    0x92, 0x90, 0x8E, 0x8C, 0x84, 0x86, 0x82, 0x82, 0x82, 0x82, 0x82, 0x86, 0x86, 0x86, 0x86, 0x82,
    0x82, 0x7E, 0x7E, 0x7E, 0x82, 0x82, 0x8A, 0x8A, 0x8A, 0x8A, 0x8A, 0x8A, 0x8A, 0x8C, 0x8E, 0x8E,
    0x8E, 0x8E, 0x8E, 0x8A, 0x8A, 0x8A, 0x8A, 0x8A, 0x88, 0x8C, 0x8E, 0x90, 0x92, 0x8C, 0x8E, 0x86,
    0x86, 0x84, 0x82, 0x82, 0x82, 0x86, 0x86, 0x86, 0x86, 0x86, 0x84, 0x82, 0x82, 0x86, 0x86, 0x8A,
    0x8A, 0x8E, 0x8E, 0x8E, 0x8E, 0x8E, 0x8E, 0x8E, 0x8E, 0x8E, 0x8E, 0x92, 0x92, 0x96, 0x96, 0x96,
    0x96, 0x92, 0x92, 0x8A, 0x8A, 0x8A, 0x8E, 0x8E, 0x8E, 0x8E, 0x88, 0x86, 0x86, 0x7E, 0x80, 0x82,
    0x82, 0x8A, 0x8E, 0x8E, 0x8C, 0x8A, 0x88, 0x86, 0x84, 0x82, 0x86, 0x86, 0x8A, 0x8A, 0x88, 0x86,
    0x84, 0x80, 0x82, 0x80, 0x84, 0x8A, 0x92, 0x92, 0x96, 0x94, 0x90, 0x92, 0x92, 0x92, 0x8E, 0x86,
    0x86, 0x84, 0x82, 0x82, 0x86, 0x86, 0x8A, 0x8A, 0x8E, 0x8E, 0x94, 0x8E, 0x8E, 0x8E, 0x8E, 0x8E,
    0x8E, 0x8E, 0x8E, 0x8E, 0x8A, 0x8A, 0x82, 0x82, 0x82, 0x86, 0x86, 0x8A, 0x8A, 0x88, 0x86, 0x86,
    0x80, 0x86, 0x86, 0x86, 0x86, 0x86, 0x86, 0x8A, 0x8A, 0x90, 0x8E, 0x94, 0x96, 0x98, 0x9C, 0x9A,
    0x9C, 0x98, 0x96, 0x94, 0x8E, 0x86, 0x86, 0x8A, 0x8A, 0x8A, 0x8A, 0x8A, 0x8A, 0x86, 0x82, 0x82,
    0x82, 0x7E, 0x80, 0x82, 0x84, 0x88, 0x84, 0x88, 0x84, 0x82, 0x82, 0x86, 0x8A, 0x8A, 0x88, 0x84,
    0x86, 0x84, 0x8A, 0x8A, 0x8E, 0x8E, 0x8E, 0x8E, 0x8E, 0x8E, 0x8E, 0x8E, 0x8E, 0x92, 0x92, 0x92,
    0x96, 0x96, 0x96, 0x96, 0x96, 0x9C, 0x96, 0x96, 0x92, 0x92, 0x8E, 0x8E, 0x88, 0x82, 0x7C, 0x7A,
    0x7A, 0x7A, 0x7A, 0x7A, 0x7A, 0x7A, 0x7A, 0x7A, 0x82, 0x82, 0x84, 0x8A, 0x8A, 0x8A, 0x8C, 0x94,
    0x9A, 0xA0, 0x9A, 0x9A, 0x98, 0x8E, 0x8E, 0x8C, 0x8A, 0x88, 0x86, 0x86, 0x86, 0x86, 0x86, 0x86,
    0x8A, 0x8A, 0x8E, 0x8E, 0x92, 0x90, 0x88, 0x82, 0x82, 0x82, 0x88, 0x8E, 0x8E, 0x8E, 0x88, 0x86,
    0x8C, 0x8A, 0x92, 0x92, 0x92, 0x92, 0x92, 0x92, 0x92, 0x8C, 0x8A, 0x8A, 0x8A, 0x86, 0x86, 0x82,
    0x82, 0x7E, 0x7E, 0x7E, 0x7E, 0x82, 0x82, 0x82, 0x82, 0x82, 0x82, 0x82, 0x82, 0x84, 0x86, 0x88,
    0x90, 0x92, 0x92, 0x92, 0x92, 0x92, 0x94, 0x96, 0x98, 0x9A, 0x9A, 0x96, 0x96, 0x94, 0x8A, 0x8A,
    0x88, 0x86, 0x86, 0x8A, 0x8A, 0x8A, 0x8A, 0x8C, 0x86, 0x86, 0x82, 0x82, 0x80, 0x7E, 0x7E, 0x7C,
    0x82, 0x82, 0x86, 0x86, 0x8A, 0x8E, 0x8E, 0x94, 0x8E, 0x8E, 0x8E, 0x8E, 0x94, 0x96, 0x96, 0x9C,
    0x96, 0x96, 0x92, 0x92, 0x8E, 0x8E, 0x8E, 0x90, 0x8C, 0x8A, 0x88, 0x86, 0x86, 0x86, 0x86, 0x86,
    0x86, 0x84, 0x82, 0x82, 0x7C, 0x7E, 0x7E, 0x80, 0x82, 0x82, 0x8A, 0x88, 0x8E, 0x8C, 0x8A, 0x8A,
    0x8E, 0x8E, 0x92, 0x92, 0x96, 0x96, 0x96, 0x96, 0x92, 0x92, 0x92, 0x92, 0x92, 0x92, 0x94, 0x8E,
    0x8E, 0x8A, 0x8A, 0x86, 0x80, 0x82, 0x82, 0x82, 0x86, 0x86, 0x8A, 0x8A, 0x90, 0x8A, 0x8A, 0x8A,
    0x8A, 0x88, 0x86, 0x86, 0x86, 0x86, 0x86, 0x86, 0x86, 0x88, 0x8A, 0x8A, 0x8A, 0x8A, 0x8A, 0x8C,
    0x8E, 0x8E, 0x8E, 0x92, 0x92, 0x92, 0x92, 0x92, 0x92, 0x90, 0x88, 0x86, 0x84, 0x82, 0x82, 0x86,
    0x86, 0x8A, 0x8A, 0x8E, 0x8E, 0x8E, 0x8E, 0x8A, 0x82, 0x82, 0x88, 0x82, 0x80, 0x80, 0x80, 0x80,
    0x80, 0x80, 0x80, 0x80, 0x80, 0x80, 0x80, 0x80, 0x80, 0x80, 0x80, 0x80, 0x80, 0x80, 0x80, 0x80,
    0x80, 0x80, 0x80, 0x80, 0x80, 0x80, 0x80, 0x80, 0x80, 0x80, 0x80, 0x80, 0x80, 0x80, 0x80, 0x80,
    0x80, 0x80, 0x80, 0x80, 0x80, 0x80, 0x80, 0x80, 0x80, 0x80, 0x80, 0x80, 0x80, 0x80, 0x80, 0x80,
    0x80, 0x80, 0x80, 0x80, 0x80, 0x80, 0x80, 0x80, 0x80, 0x80, 0x80, 0x80, 0x80, 0x80, 0x80, 0x80,
    0x80, 0x80, 0x80, 0x80, 0x80, 0x80, 0x80, 0x80, 0x80, 0x80, 0x80, 0x80, 0x80, 0x80, 0x80, 0x80,
    0x80, 0x80, 0x80, 0x80, 0x80, 0x80, 0x80, 0x80, 0x80, 0x80, 0x80, 0x80, 0x80, 0x80, 0x80, 0x80,
    0x80, 0x80, 0x80, 0x80, 0x80, 0x80, 0x80, 0x80, 0x80, 0x80, 0x80, 0x80, 0x80, 0x80, 0x80, 0x80,
    0x80, 0x80, 0x80, 0x80, 0x80, 0x80, 0x80, 0x80, 0x80, 0x80, 0x80, 0x80, 0x80, 0x80, 0x80, 0x80,
    0x80, 0x80, 0x80, 0x80, 0x80, 0x80, 0x80, 0x80, 0x80, 0x80, 0x80, 0x80, 0x80, 0x80, 0x80, 0x80,
    0x80, 0x80, 0x80, 0x80, 0x80, 0x80, 0x80, 0x80, 0x80, 0x80, 0x80, 0x80, 0x80, 0x80, 0x80, 0x80,
    0x80, 0x80, 0x80, 0x80, 0x80, 0x80, 0x80, 0x80, 0x80, 0x80, 0x80, 0x80, 0x80, 0x80, 0x80, 0x80,
    0x80, 0x80, 0x80, 0x80, 0x80, 0x80, 0x80, 0x80, 0x80, 0x80, 0x80, 0x80, 0x80, 0x80, 0x80, 0x80,
    0x80, 0x80, 0x80, 0x80, 0x80, 0x80, 0x80, 0x80, 0x80, 0x80, 0x80, 0x80, 0x80, 0x80, 0x80, 0x80,
    0x80, 0x80, 0x80, 0x80, 0x80, 0x80, 0x80, 0x80, 0x80, 0x80, 0x80, 0x80, 0x80, 0x80, 0x80, 0x80,
    0x80, 0x80, 0x80, 0x80, 0x80, 0x80, 0x80, 0x80, 0x80, 0x80, 0x80, 0x80, 0x80, 0x80, 0x80, 0x80,
};

const u8 __attribute__((aligned(256))) sfx_pcm_sfx_04[768] = {
    0x7E, 0x7A, 0x76, 0x76, 0x76, 0x74, 0x74, 0x80, 0x86, 0x86, 0x7E, 0x74, 0x72, 0x76, 0x76, 0x78,
    0x7C, 0x7E, 0x7E, 0x78, 0x76, 0x76, 0x74, 0x72, 0x76, 0x82, 0x86, 0x7C, 0x74, 0x72, 0x76, 0x76,
    0x78, 0x7E, 0x82, 0x7C, 0x7A, 0x76, 0x76, 0x74, 0x72, 0x78, 0x82, 0x8C, 0x8E, 0x8C, 0x88, 0x86,
    0x86, 0x84, 0x80, 0x7E, 0x7E, 0x7C, 0x7C, 0x86, 0x8E, 0x96, 0x8E, 0x86, 0x7C, 0x72, 0x68, 0x60,
    0x56, 0x4C, 0x42, 0x3A, 0x30, 0x3A, 0x3C, 0x3C, 0x3C, 0x3E, 0x4A, 0x52, 0x56, 0x4A, 0x42, 0x38,
    0x38, 0x44, 0x4C, 0x56, 0x60, 0x6A, 0x72, 0x7C, 0x86, 0x90, 0x96, 0x8E, 0x84, 0x7C, 0x72, 0x68,
    0x5E, 0x56, 0x4C, 0x42, 0x3A, 0x2E, 0x2A, 0x34, 0x3C, 0x46, 0x50, 0x5A, 0x62, 0x6C, 0x76, 0x7E,
    0x7A, 0x82, 0x84, 0x84, 0x90, 0x96, 0x8E, 0x86, 0x7A, 0x76, 0x72, 0x6A, 0x72, 0x7C, 0x86, 0x8E,
    0x98, 0xA2, 0xAA, 0xB6, 0xB2, 0xA8, 0xA0, 0x96, 0x8C, 0x82, 0x7A, 0x70, 0x66, 0x5C, 0x54, 0x4A,
    0x40, 0x3A, 0x42, 0x4C, 0x56, 0x60, 0x68, 0x72, 0x7C, 0x86, 0x82, 0x86, 0x92, 0x9A, 0xA4, 0xAE,
    0xB6, 0xB0, 0xA6, 0x9C, 0x92, 0x8A, 0x80, 0x7A, 0x84, 0x8C, 0x96, 0xA0, 0xAA, 0xAE, 0xA4, 0x9A,
    0x92, 0x88, 0x7E, 0x76, 0x6C, 0x62, 0x58, 0x50, 0x44, 0x44, 0x44, 0x38, 0x32, 0x3A, 0x44, 0x4C,
    0x56, 0x60, 0x68, 0x74, 0x74, 0x6A, 0x6E, 0x78, 0x82, 0x8C, 0x94, 0x9E, 0x98, 0x8E, 0x86, 0x7C,
    0x72, 0x68, 0x68, 0x72, 0x7C, 0x86, 0x8E, 0x98, 0x9E, 0x96, 0x8C, 0x82, 0x78, 0x70, 0x66, 0x5C,
    0x52, 0x4A, 0x40, 0x3A, 0x42, 0x4C, 0x4A, 0x40, 0x3A, 0x42, 0x4C, 0x56, 0x5E, 0x68, 0x72, 0x7A,
    0x86, 0x82, 0x7A, 0x80, 0x8C, 0x8C, 0x8C, 0x8C, 0x8E, 0x86, 0x7C, 0x74, 0x6A, 0x60, 0x56, 0x52,
    0x5C, 0x66, 0x70, 0x78, 0x82, 0x8C, 0x96, 0x92, 0x88, 0x7E, 0x74, 0x6C, 0x62, 0x58, 0x50, 0x46,
    0x3C, 0x32, 0x2A, 0x2E, 0x26, 0x22, 0x2C, 0x36, 0x40, 0x48, 0x52, 0x5C, 0x66, 0x6E, 0x76, 0x6E,
    0x6A, 0x76, 0x7E, 0x88, 0x90, 0x9C, 0x9C, 0x92, 0x8A, 0x80, 0x76, 0x6C, 0x62, 0x66, 0x70, 0x7A,
    0x82, 0x8C, 0x96, 0xA0, 0xA6, 0x9E, 0x94, 0x8A, 0x82, 0x78, 0x6E, 0x66, 0x5C, 0x52, 0x48, 0x3E,
    0x3A, 0x44, 0x44, 0x3A, 0x40, 0x4A, 0x52, 0x5C, 0x66, 0x70, 0x78, 0x84, 0x84, 0x84, 0x90, 0x98,
    0xA2, 0xAA, 0xB6, 0xB2, 0xA8, 0xA0, 0x96, 0x8C, 0x82, 0x78, 0x72, 0x7A, 0x84, 0x8C, 0x96, 0xA0,
    0xAA, 0xAE, 0xA4, 0x9A, 0x90, 0x88, 0x7E, 0x74, 0x6A, 0x62, 0x58, 0x4E, 0x46, 0x3A, 0x3E, 0x3A,
    0x2E, 0x26, 0x22, 0x2E, 0x36, 0x40, 0x4A, 0x54, 0x5C, 0x66, 0x6E, 0x6C, 0x6C, 0x6C, 0x76, 0x7E,
    0x88, 0x92, 0x9C, 0x9C, 0x92, 0x88, 0x7E, 0x76, 0x6C, 0x62, 0x66, 0x70, 0x7A, 0x84, 0x8E, 0x96,
    0xA0, 0xA6, 0x9E, 0x94, 0x8A, 0x80, 0x78, 0x6E, 0x64, 0x5A, 0x52, 0x48, 0x3E, 0x34, 0x34, 0x3E,
    0x46, 0x40, 0x34, 0x34, 0x3E, 0x46, 0x50, 0x5A, 0x64, 0x6C, 0x76, 0x7E, 0x76, 0x72, 0x7C, 0x86,
    0x90, 0x98, 0xA2, 0xA6, 0x9A, 0x92, 0x88, 0x7E, 0x76, 0x6C, 0x62, 0x66, 0x70, 0x7A, 0x84, 0x8E,
    0x96, 0xA0, 0xA6, 0x9E, 0x94, 0x8A, 0x80, 0x78, 0x6E, 0x64, 0x5A, 0x52, 0x48, 0x3E, 0x34, 0x2C,
    0x22, 0x26, 0x2E, 0x24, 0x24, 0x2E, 0x36, 0x40, 0x4A, 0x54, 0x5C, 0x66, 0x70, 0x76, 0x6C, 0x6C,
    0x76, 0x7E, 0x88, 0x92, 0x9C, 0xA4, 0xAE, 0xA8, 0x9E, 0x96, 0x8C, 0x82, 0x7A, 0x6E, 0x6A, 0x74,
    0x7C, 0x86, 0x90, 0x9A, 0xA2, 0xAC, 0xB6, 0xB2, 0xA8, 0x9E, 0x94, 0x8A, 0x82, 0x78, 0x6E, 0x64,
    0x5C, 0x52, 0x48, 0x3E, 0x36, 0x2C, 0x24, 0x18, 0x18, 0x22, 0x2A, 0x34, 0x3E, 0x48, 0x52, 0x5A,
    0x64, 0x6E, 0x76, 0x70, 0x6A, 0x74, 0x7C, 0x7C, 0x7C, 0x7C, 0x7E, 0x74, 0x6C, 0x60, 0x5A, 0x50,
    0x70, 0x80, 0x80, 0x80, 0x80, 0x80, 0x80, 0x80, 0x80, 0x80, 0x80, 0x80, 0x80, 0x80, 0x80, 0x80,
    0x80, 0x80, 0x80, 0x80, 0x80, 0x80, 0x80, 0x80, 0x80, 0x80, 0x80, 0x80, 0x80, 0x80, 0x80, 0x80,
    0x80, 0x80, 0x80, 0x80, 0x80, 0x80, 0x80, 0x80, 0x80, 0x80, 0x80, 0x80, 0x80, 0x80, 0x80, 0x80,
    0x80, 0x80, 0x80, 0x80, 0x80, 0x80, 0x80, 0x80, 0x80, 0x80, 0x80, 0x80, 0x80, 0x80, 0x80, 0x80,
    0x80, 0x80, 0x80, 0x80, 0x80, 0x80, 0x80, 0x80, 0x80, 0x80, 0x80, 0x80, 0x80, 0x80, 0x80, 0x80,
    0x80, 0x80, 0x80, 0x80, 0x80, 0x80, 0x80, 0x80, 0x80, 0x80, 0x80, 0x80, 0x80, 0x80, 0x80, 0x80,
    0x80, 0x80, 0x80, 0x80, 0x80, 0x80, 0x80, 0x80, 0x80, 0x80, 0x80, 0x80, 0x80, 0x80, 0x80, 0x80,
    0x80, 0x80, 0x80, 0x80, 0x80, 0x80, 0x80, 0x80, 0x80, 0x80, 0x80, 0x80, 0x80, 0x80, 0x80, 0x80,
    0x80, 0x80, 0x80, 0x80, 0x80, 0x80, 0x80, 0x80, 0x80, 0x80, 0x80, 0x80, 0x80, 0x80, 0x80, 0x80,
    0x80, 0x80, 0x80, 0x80, 0x80, 0x80, 0x80, 0x80, 0x80, 0x80, 0x80, 0x80, 0x80, 0x80, 0x80, 0x80,
    0x80, 0x80, 0x80, 0x80, 0x80, 0x80, 0x80, 0x80, 0x80, 0x80, 0x80, 0x80, 0x80, 0x80, 0x80, 0x80,
    0x80, 0x80, 0x80, 0x80, 0x80, 0x80, 0x80, 0x80, 0x80, 0x80, 0x80, 0x80, 0x80, 0x80, 0x80, 0x80,
    0x80, 0x80, 0x80, 0x80, 0x80, 0x80, 0x80, 0x80, 0x80, 0x80, 0x80, 0x80, 0x80, 0x80, 0x80, 0x80,
    0x80, 0x80, 0x80, 0x80, 0x80, 0x80, 0x80, 0x80, 0x80, 0x80, 0x80, 0x80, 0x80, 0x80, 0x80, 0x80,
};

const u8 __attribute__((aligned(256))) sfx_pcm_sfx_05[12800] = {
    0x84, 0x86, 0x86, 0x86, 0x80, 0x78, 0x72, 0x76, 0x7E, 0x84, 0x8C, 0x92, 0x9A, 0xA0, 0xA8, 0xAE,
    0xB6, 0xB6, 0xB4, 0xAC, 0xA6, 0x9E, 0x98, 0x90, 0x96, 0x9E, 0xA6, 0xA6, 0x9C, 0xA2, 0xA8, 0xB0,
    0xB2, 0xAA, 0xA2, 0x9C, 0x94, 0x92, 0x9A, 0x98, 0x90, 0x8E, 0x8A, 0x82, 0x84, 0x8C, 0x92, 0x9A,
    0xA0, 0xA8, 0xAE, 0xAA, 0xA2, 0x9C, 0x94, 0x8E, 0x86, 0x82, 0x88, 0x8A, 0x8A, 0x8C, 0x94, 0x9C,
    0xA2, 0xAA, 0xB2, 0xB6, 0xB2, 0xAA, 0xA6, 0xA4, 0x9C, 0x96, 0x8E, 0x88, 0x80, 0x7A, 0x7E, 0x86,
    0x8C, 0x94, 0x9A, 0x96, 0x90, 0x98, 0x9A, 0x92, 0x8C, 0x84, 0x8C, 0x8E, 0x86, 0x88, 0x90, 0x96,
    0x9E, 0xA4, 0xAC, 0xB2, 0xBA, 0xC2, 0xCA, 0xCA, 0xC2, 0xBA, 0xB4, 0xAC, 0xA6, 0xA6, 0x9E, 0x9A,
    0xA0, 0xA6, 0xAE, 0xB6, 0xBA, 0xBA, 0xBA, 0xC2, 0xC0, 0xB8, 0xB2, 0xAA, 0xA4, 0x9C, 0x96, 0x8E,
    0x88, 0x90, 0x92, 0x8A, 0x8E, 0x94, 0x9C, 0x9E, 0x96, 0x98, 0xA0, 0x98, 0x92, 0x8A, 0x8C, 0x94,
    0x8E, 0x86, 0x86, 0x88, 0x90, 0x96, 0x9E, 0xA4, 0xA6, 0x9C, 0xA2, 0xA6, 0xA0, 0x98, 0x92, 0x8A,
    0x84, 0x7C, 0x7A, 0x82, 0x80, 0x78, 0x7E, 0x86, 0x8C, 0x94, 0x9A, 0x9A, 0x98, 0x8E, 0x90, 0x98,
    0x92, 0x8C, 0x94, 0x96, 0x8E, 0x92, 0x98, 0xA0, 0xA6, 0xAE, 0xB6, 0xBC, 0xB4, 0xAE, 0xA6, 0xA8,
    0xB0, 0xAA, 0xA2, 0x9C, 0x94, 0x92, 0x9A, 0xA0, 0xAA, 0xAA, 0xA0, 0xA6, 0xAA, 0xA4, 0x9C, 0x96,
    0x8E, 0x88, 0x80, 0x7E, 0x86, 0x8C, 0x94, 0x96, 0x9A, 0xA2, 0xA0, 0x98, 0x9E, 0xA6, 0xAE, 0xAC,
    0xA4, 0x9E, 0x96, 0x90, 0x88, 0x82, 0x86, 0x8C, 0x94, 0x9A, 0xA2, 0xA0, 0x98, 0xA0, 0xA6, 0xAE,
    0xAC, 0xA4, 0xAC, 0xAE, 0xA6, 0xA8, 0xB0, 0xB6, 0xBA, 0xB6, 0xBC, 0xC2, 0xBE, 0xC0, 0xCA, 0xCA,
    0xC2, 0xBA, 0xB4, 0xAC, 0xAA, 0xB2, 0xB0, 0xA8, 0xA0, 0x9E, 0xA6, 0xAC, 0xB4, 0xBA, 0xBE, 0xB8,
    0xB0, 0xAA, 0xAE, 0xB4, 0xAC, 0xA6, 0xA6, 0x9E, 0x98, 0x96, 0x96, 0x9E, 0xA6, 0xAC, 0xB4, 0xB6,
    0xAE, 0xA8, 0xA0, 0xA6, 0xAA, 0xA2, 0xA4, 0xAC, 0xB2, 0xB8, 0xAE, 0xAE, 0xB6, 0xBE, 0xC4, 0xBA,
    0xBC, 0xBE, 0xB6, 0xB0, 0xA8, 0xA2, 0x9A, 0x94, 0x8C, 0x92, 0x9A, 0x9A, 0xA0, 0xA8, 0xA2, 0x9E,
    0xA6, 0xAC, 0xB2, 0xAE, 0xA8, 0xB0, 0xB2, 0xAA, 0xAE, 0xB4, 0xAC, 0xA6, 0xA6, 0xA8, 0xB0, 0xB2,
    0xB0, 0xAE, 0xAC, 0xA4, 0x9E, 0x96, 0x90, 0x88, 0x82, 0x7A, 0x76, 0x7C, 0x84, 0x8A, 0x92, 0x98,
    0xA0, 0xA2, 0x9A, 0x9C, 0xA6, 0xA6, 0xAA, 0xB2, 0xB0, 0xA8, 0xA6, 0xA6, 0xAE, 0xAC, 0xA4, 0xAA,
    0xB2, 0xBA, 0xB8, 0xB0, 0xAA, 0xA2, 0x9C, 0x94, 0x8E, 0x92, 0x98, 0xA0, 0xA2, 0x9A, 0x94, 0x8C,
    0x94, 0x96, 0x8E, 0x90, 0x98, 0x92, 0x8A, 0x84, 0x7C, 0x74, 0x6E, 0x6A, 0x72, 0x72, 0x6A, 0x6E,
    0x76, 0x7C, 0x84, 0x8A, 0x92, 0x96, 0x90, 0x8A, 0x82, 0x7C, 0x74, 0x7C, 0x82, 0x8A, 0x88, 0x80,
    0x86, 0x8E, 0x94, 0x9C, 0xA2, 0x9E, 0x96, 0x90, 0x88, 0x82, 0x86, 0x8C, 0x94, 0x9A, 0xA2, 0xA0,
    0x98, 0xA0, 0xA6, 0xAE, 0xAC, 0xA4, 0x9E, 0x96, 0x8E, 0x90, 0x98, 0x92, 0x8C, 0x96, 0x94, 0x8E,
    0x86, 0x88, 0x90, 0x96, 0x9E, 0x9C, 0x94, 0x9C, 0x9E, 0x96, 0x90, 0x88, 0x8E, 0x96, 0x9E, 0xA4,
    0xAC, 0xB2, 0xBA, 0xC2, 0xC2, 0xB8, 0xB6, 0xB4, 0xAC, 0xA4, 0x9E, 0x96, 0x90, 0x88, 0x86, 0x8E,
    0x8C, 0x84, 0x8C, 0x8E, 0x86, 0x88, 0x90, 0x98, 0x9A, 0x92, 0x8C, 0x84, 0x7E, 0x7A, 0x80, 0x88,
    0x8E, 0x8A, 0x84, 0x8C, 0x94, 0x9A, 0xA2, 0xA8, 0xA0, 0x9E, 0xA6, 0xA4, 0x9C, 0x94, 0x8E, 0x86,
    0x88, 0x90, 0x96, 0x9A, 0x92, 0x94, 0x9C, 0x96, 0x92, 0x98, 0xA0, 0xA6, 0xA2, 0x9C, 0x94, 0x92,
    0x9A, 0xA0, 0xA8, 0xB0, 0xB2, 0xAA, 0xAC, 0xAE, 0xAE, 0xAE, 0xA6, 0xA0, 0x98, 0x92, 0x8A, 0x82,
    0x82, 0x8A, 0x92, 0x98, 0xA0, 0xA6, 0xAE, 0xAA, 0xA6, 0xA6, 0xA6, 0x9E, 0x96, 0x90, 0x88, 0x86,
    0x8E, 0x94, 0x9C, 0x96, 0x92, 0x98, 0xA0, 0xA6, 0xAE, 0xB4, 0xBE, 0xBE, 0xB6, 0xAE, 0xA8, 0xA0,
    0x9E, 0xA6, 0xA4, 0x9C, 0x94, 0x92, 0x9A, 0xA0, 0xA6, 0xA6, 0xA4, 0x9A, 0x96, 0x96, 0x8E, 0x8E,
    0x88, 0x80, 0x7A, 0x7E, 0x86, 0x8C, 0x94, 0x9A, 0xA2, 0xA8, 0xA0, 0x9E, 0xA6, 0xA4, 0x9C, 0x94,
    0x8E, 0x86, 0x88, 0x90, 0x96, 0x9E, 0xA4, 0xAC, 0xB2, 0xAE, 0xA6, 0xA0, 0x98, 0x92, 0x8A, 0x84,
    0x8C, 0x8E, 0x86, 0x88, 0x90, 0x88, 0x86, 0x8E, 0x94, 0x9C, 0x96, 0x8E, 0x86, 0x88, 0x90, 0x8A,
    0x82, 0x7C, 0x74, 0x6E, 0x72, 0x78, 0x70, 0x6E, 0x76, 0x7E, 0x84, 0x7C, 0x76, 0x6E, 0x70, 0x78,
    0x80, 0x86, 0x8E, 0x8C, 0x84, 0x82, 0x82, 0x88, 0x90, 0x96, 0x9E, 0xA4, 0xAC, 0xAE, 0xA4, 0xAA,
    0xB0, 0xB8, 0xBA, 0xB2, 0xAA, 0xA4, 0x9C, 0x9A, 0xA2, 0xA8, 0xB0, 0xA8, 0xA6, 0xAE, 0xB4, 0xBC,
    0xC2, 0xC6, 0xBE, 0xBE, 0xC8, 0xC2, 0xBE, 0xC4, 0xCA, 0xD2, 0xD0, 0xC8, 0xC0, 0xBA, 0xB2, 0xB4,
    0xBC, 0xC4, 0xC6, 0xBE, 0xB8, 0xB0, 0xA8, 0xA6, 0xA6, 0xAC, 0xB4, 0xAE, 0xB0, 0xB8, 0xC0, 0xC6,
    0xC6, 0xC6, 0xCC, 0xCE, 0xC6, 0xBE, 0xB8, 0xB0, 0xAE, 0xB6, 0xBC, 0xC4, 0xBE, 0xB6, 0xAE, 0xA8,
    0xA0, 0xA6, 0xAE, 0xB6, 0xB4, 0xAE, 0xA6, 0xA2, 0xA6, 0xA6, 0xAE, 0xB6, 0xBC, 0xB4, 0xB2, 0xBA,
    0xB8, 0xB0, 0xB8, 0xBA, 0xB2, 0xAC, 0xA4, 0x9E, 0x96, 0x96, 0x98, 0xA0, 0xA6, 0xAA, 0xA4, 0x9C,
    0x96, 0x9A, 0xA0, 0xA8, 0xAA, 0xA2, 0x9A, 0x94, 0x9C, 0xA2, 0xAA, 0xB2, 0xB6, 0xB6, 0xB2, 0xAA,
    0xA4, 0x9C, 0xA2, 0xAA, 0xB2, 0xB2, 0xA8, 0xA2, 0x9A, 0x94, 0x8C, 0x86, 0x8A, 0x90, 0x88, 0x82,
    0x7A, 0x72, 0x6C, 0x74, 0x7A, 0x82, 0x86, 0x86, 0x90, 0x92, 0x8A, 0x8C, 0x94, 0x9A, 0x9E, 0x98,
    0x90, 0x8A, 0x8E, 0x94, 0x9C, 0xA2, 0xAA, 0xA8, 0xA0, 0x98, 0x96, 0x9E, 0xA4, 0xAC, 0xB4, 0xB6,
    0xAE, 0xA8, 0xA2, 0xA6, 0xA6, 0xAC, 0xB4, 0xBA, 0xB6, 0xAE, 0xA8, 0xA6, 0xA6, 0xAE, 0xB2, 0xAC,
    0xA6, 0x9E, 0x96, 0x90, 0x98, 0x9E, 0xA6, 0xA4, 0x9C, 0x96, 0x8E, 0x86, 0x88, 0x90, 0x96, 0x9A,
    0x94, 0x8C, 0x86, 0x8A, 0x90, 0x98, 0x9E, 0xA6, 0xA4, 0x9C, 0x94, 0x92, 0x9A, 0xA0, 0xA8, 0xA0,
    0x9E, 0xA6, 0xA4, 0x9C, 0xA2, 0xAA, 0xB2, 0xB0, 0xA8, 0xA2, 0x9C, 0xA6, 0xA6, 0x9E, 0x96, 0x90,
    0x88, 0x86, 0x8E, 0x94, 0x9C, 0x94, 0x92, 0x9A, 0xA0, 0xA8, 0xA2, 0x9A, 0x92, 0x94, 0x9C, 0xA2,
    0xA6, 0xA0, 0x98, 0x92, 0x8A, 0x86, 0x8C, 0x92, 0x9A, 0x98, 0x90, 0x88, 0x82, 0x7A, 0x7C, 0x84,
    0x8C, 0x8E, 0x86, 0x80, 0x78, 0x7E, 0x86, 0x8C, 0x94, 0x9A, 0x96, 0x92, 0x98, 0xA0, 0xA6, 0xAE,
    0xB2, 0xAC, 0xA6, 0x9E, 0x96, 0x90, 0x98, 0x9E, 0xA6, 0xA4, 0x9C, 0x94, 0x92, 0x9A, 0xA0, 0xA8,
    0xAE, 0xB2, 0xAC, 0xA4, 0x9E, 0xA2, 0xA8, 0xB0, 0xB2, 0xAA, 0xA2, 0x9C, 0x94, 0x92, 0x9A, 0x98,
    0x90, 0x8A, 0x82, 0x7A, 0x7C, 0x84, 0x7E, 0x7A, 0x80, 0x88, 0x8E, 0x8A, 0x84, 0x8E, 0x8C, 0x8A,
    0x92, 0x96, 0x90, 0x8A, 0x82, 0x7A, 0x76, 0x7C, 0x82, 0x8A, 0x90, 0x98, 0x92, 0x8E, 0x96, 0x9C,
    0xA2, 0x9E, 0x96, 0x90, 0x88, 0x82, 0x86, 0x8C, 0x94, 0x96, 0x8E, 0x86, 0x80, 0x88, 0x8E, 0x96,
    0x96, 0x94, 0x8C, 0x86, 0x7E, 0x80, 0x88, 0x8E, 0x96, 0x9C, 0xA4, 0xAA, 0xA6, 0xA0, 0xA8, 0xAE,
    0xB6, 0xB2, 0xAC, 0xA4, 0x9E, 0x96, 0x98, 0xA0, 0xA8, 0xAE, 0xB6, 0xBC, 0xC4, 0xBE, 0xBA, 0xC2,
    0xC0, 0xB8, 0xB2, 0xAC, 0xB6, 0xB6, 0xAE, 0xA6, 0xA0, 0xA8, 0xAA, 0xA2, 0x9A, 0x96, 0x9C, 0xA2,
    0xAA, 0xB2, 0xB6, 0xB6, 0xB2, 0xAA, 0xA4, 0x9C, 0xA2, 0xAA, 0xB2, 0xB2, 0xA8, 0xAE, 0xB4, 0xAC,
    0xAA, 0xB2, 0xAE, 0xA8, 0xB0, 0xB2, 0xAA, 0xA6, 0xA6, 0xAA, 0xB2, 0xBA, 0xB8, 0xB0, 0xA8, 0xA6,
    0xAE, 0xB4, 0xBA, 0xB6, 0xAE, 0xA8, 0xA0, 0x9A, 0x9E, 0xA6, 0xAC, 0xB4, 0xBA, 0xC2, 0xC8, 0xC0,
    0xBE, 0xC6, 0xC4, 0xBC, 0xB6, 0xAE, 0xA6, 0xA0, 0x98, 0x92, 0x8E, 0x96, 0x94, 0x8C, 0x86, 0x80,
    0x78, 0x76, 0x80, 0x7A, 0x7C, 0x84, 0x86, 0x7E, 0x76, 0x70, 0x78, 0x7E, 0x86, 0x8C, 0x94, 0x8E,
    0x8A, 0x92, 0x98, 0x9E, 0x9A, 0x92, 0x8C, 0x84, 0x7E, 0x82, 0x8A, 0x90, 0x98, 0x9E, 0xA6, 0xAC,
    0xA4, 0xA2, 0xAA, 0xA8, 0xA0, 0x9A, 0x92, 0x8A, 0x84, 0x7E, 0x82, 0x8A, 0x90, 0x98, 0x9E, 0x9A,
    0x92, 0x8C, 0x8A, 0x92, 0x8E, 0x88, 0x80, 0x7A, 0x72, 0x6A, 0x66, 0x6C, 0x72, 0x7A, 0x80, 0x88,
    0x82, 0x7A, 0x72, 0x74, 0x7C, 0x76, 0x70, 0x7A, 0x78, 0x72, 0x6A, 0x66, 0x6C, 0x72, 0x7A, 0x82,
    0x88, 0x80, 0x7E, 0x86, 0x8C, 0x94, 0x8E, 0x86, 0x7E, 0x78, 0x72, 0x76, 0x7E, 0x84, 0x8C, 0x92,
    0x8E, 0x86, 0x80, 0x7E, 0x88, 0x82, 0x7C, 0x74, 0x72, 0x7A, 0x80, 0x88, 0x80, 0x7E, 0x86, 0x8C,
    0x94, 0x9A, 0xA2, 0xA2, 0xA0, 0x98, 0x9E, 0xA6, 0xAE, 0xAE, 0xA6, 0x9E, 0x98, 0x90, 0x8E, 0x96,
    0x9E, 0xA4, 0x9C, 0x96, 0x8E, 0x90, 0x98, 0x90, 0x8E, 0x96, 0x94, 0x8C, 0x92, 0x98, 0x8E, 0x90,
    0x96, 0x9E, 0xA2, 0x9E, 0x9E, 0x96, 0x8E, 0x88, 0x80, 0x7A, 0x72, 0x74, 0x7C, 0x84, 0x8A, 0x92,
    0x98, 0xA0, 0xA8, 0xAA, 0xA2, 0xA4, 0xAC, 0xA6, 0xA2, 0xA8, 0xB0, 0xB6, 0xB2, 0xAC, 0xA2, 0xA4,
    0xA6, 0xA8, 0xB0, 0xB8, 0xBA, 0xB2, 0xAC, 0xA4, 0x9E, 0x96, 0x8E, 0x88, 0x80, 0x78, 0x76, 0x7C,
    0x84, 0x8A, 0x92, 0x98, 0xA0, 0xA2, 0x9A, 0x9E, 0xA4, 0x9C, 0x9A, 0xA2, 0xA0, 0x98, 0xA0, 0xA6,
    0xAE, 0xB4, 0xBC, 0xC4, 0xC6, 0xBE, 0xB8, 0xB0, 0xAA, 0xAA, 0xA4, 0x9C, 0x96, 0x8E, 0x88, 0x80,
    0x7E, 0x86, 0x8E, 0x94, 0x9C, 0x9E, 0x96, 0x98, 0xA0, 0x9A, 0x92, 0x8A, 0x84, 0x7E, 0x82, 0x8A,
    0x90, 0x98, 0x9E, 0xA6, 0xAC, 0xB4, 0xB6, 0xAE, 0xA6, 0xA0, 0x98, 0x92, 0x8A, 0x82, 0x7C, 0x74,
    0x6E, 0x66, 0x68, 0x70, 0x76, 0x7E, 0x86, 0x84, 0x7C, 0x82, 0x8A, 0x92, 0x92, 0x8A, 0x82, 0x7C,
    0x74, 0x72, 0x7A, 0x82, 0x88, 0x90, 0x96, 0x9E, 0xA6, 0xAA, 0xA6, 0x9E, 0x96, 0x90, 0x88, 0x82,
    0x7A, 0x74, 0x6C, 0x66, 0x6A, 0x72, 0x78, 0x80, 0x86, 0x8E, 0x92, 0x8C, 0x86, 0x7E, 0x76, 0x70,
    0x68, 0x66, 0x6E, 0x74, 0x7C, 0x82, 0x8A, 0x90, 0x98, 0xA0, 0xA6, 0xA4, 0x9C, 0x94, 0x8E, 0x86,
    0x80, 0x78, 0x70, 0x6A, 0x62, 0x5E, 0x64, 0x6A, 0x72, 0x78, 0x80, 0x86, 0x86, 0x8E, 0x94, 0x9C,
    0x96, 0x92, 0x9A, 0x98, 0x92, 0x96, 0x9E, 0xA2, 0xA2, 0xAA, 0xB2, 0xB6, 0xB0, 0xA8, 0xA6, 0xAE,
    0xB2, 0xAC, 0xA6, 0x9E, 0x98, 0x90, 0x88, 0x86, 0x8E, 0x94, 0x9C, 0x96, 0x92, 0x98, 0xA0, 0xA6,
    0xAE, 0xB4, 0xAC, 0xA6, 0x9E, 0x9A, 0x98, 0x90, 0x8E, 0x96, 0x9C, 0xA4, 0xAC, 0xAE, 0xA6, 0xA0,
    0x98, 0x92, 0x8A, 0x84, 0x7C, 0x76, 0x6E, 0x6A, 0x70, 0x78, 0x7E, 0x86, 0x8C, 0x94, 0x96, 0x8E,
    0x90, 0x98, 0x90, 0x8A, 0x82, 0x7C, 0x74, 0x7A, 0x82, 0x8A, 0x88, 0x80, 0x86, 0x8E, 0x94, 0x9C,
    0xA2, 0x9E, 0x98, 0xA0, 0xA2, 0x9A, 0x92, 0x8C, 0x94, 0x96, 0x8E, 0x88, 0x80, 0x88, 0x8E, 0x96,
    0x94, 0x8C, 0x94, 0x96, 0x90, 0x88, 0x82, 0x7A, 0x76, 0x7C, 0x84, 0x8A, 0x86, 0x80, 0x88, 0x8E,
    0x96, 0x9E, 0xA4, 0xAC, 0xAE, 0xA6, 0xA0, 0x98, 0x90, 0x8E, 0x96, 0x94, 0x8C, 0x92, 0x9A, 0xA0,
    0xA8, 0xAE, 0xB6, 0xBA, 0xB4, 0xAC, 0xA6, 0x9E, 0x98, 0xA0, 0xA6, 0xAE, 0xAC, 0xA4, 0x9C, 0x9A,
    0xA2, 0xA8, 0xB0, 0xB8, 0xBA, 0xB4, 0xAC, 0xA6, 0xA6, 0xA6, 0xA0, 0x9E, 0xA8, 0xA2, 0x9C, 0x94,
    0x92, 0x9A, 0x96, 0x98, 0xA0, 0xA2, 0x9A, 0x94, 0x8C, 0x84, 0x82, 0x8A, 0x90, 0x96, 0x96, 0x94,
    0x8A, 0x8C, 0x92, 0x9A, 0xA0, 0xA8, 0xAA, 0xA2, 0x9A, 0x94, 0x9C, 0xA2, 0xAA, 0xB0, 0xB8, 0xB0,
    0xAA, 0xA2, 0xA4, 0xA6, 0xAA, 0xAE, 0xA6, 0xA0, 0x98, 0x92, 0x8C, 0x82, 0x82, 0x8A, 0x92, 0x98,
    0x90, 0x8A, 0x82, 0x84, 0x8C, 0x94, 0x9A, 0xA2, 0xA0, 0x98, 0x90, 0x8E, 0x96, 0x9C, 0xA4, 0xA6,
    0xA8, 0xB2, 0xB0, 0xAA, 0xAE, 0xB4, 0xAC, 0xAA, 0xB2, 0xAE, 0xAA, 0xAE, 0xAA, 0xA2, 0xA4, 0xAC,
    0xB4, 0xB6, 0xAE, 0xA8, 0xA0, 0xA6, 0xAA, 0xA4, 0x9C, 0x96, 0x8E, 0x88, 0x7E, 0x7E, 0x86, 0x8E,
    0x94, 0x8C, 0x86, 0x7E, 0x80, 0x88, 0x90, 0x92, 0x8A, 0x8C, 0x94, 0x8C, 0x8A, 0x92, 0x98, 0xA0,
    0xA6, 0xAA, 0xA4, 0x9C, 0x96, 0x9A, 0xA0, 0xA8, 0xAA, 0xA2, 0x9A, 0x94, 0x8C, 0x8A, 0x92, 0x96,
    0x98, 0xA0, 0xA2, 0x9A, 0x94, 0x8C, 0x92, 0x9A, 0x9A, 0x98, 0x90, 0x8A, 0x86, 0x8C, 0x94, 0x9A,
    0x96, 0x90, 0x98, 0x9E, 0xA6, 0xA4, 0x9C, 0x94, 0x8E, 0x86, 0x88, 0x90, 0x96, 0x9C, 0x92, 0x94,
    0x96, 0x9A, 0xA2, 0xAA, 0xAA, 0xA0, 0x9A, 0x94, 0x8C, 0x8A, 0x92, 0x9A, 0x9A, 0xA0, 0xA2, 0x9A,
    0x9C, 0xA4, 0x9C, 0x9A, 0xA2, 0xA0, 0x98, 0x9E, 0xA6, 0xA6, 0xA4, 0x9C, 0xA2, 0xA6, 0xA0, 0x98,
    0x92, 0x96, 0x9C, 0xA4, 0xA6, 0xA6, 0x9E, 0x98, 0x90, 0x8A, 0x82, 0x84, 0x8C, 0x84, 0x82, 0x8A,
    0x88, 0x80, 0x86, 0x8E, 0x96, 0x94, 0x8E, 0x86, 0x80, 0x88, 0x8E, 0x96, 0x94, 0x8C, 0x84, 0x7E,
    0x76, 0x78, 0x80, 0x86, 0x8E, 0x96, 0x9C, 0xA4, 0xAC, 0xAE, 0xA6, 0xA0, 0x98, 0x9E, 0xA4, 0x9A,
    0x9A, 0xA4, 0xA6, 0xA8, 0xB0, 0xB6, 0xBE, 0xBC, 0xB4, 0xAC, 0xAA, 0xB2, 0xB8, 0xC0, 0xB8, 0xB6,
    0xBE, 0xBC, 0xB6, 0xB6, 0xB8, 0xC2, 0xC8, 0xCE, 0xCA, 0xC4, 0xCC, 0xCE, 0xC6, 0xBE, 0xB6, 0xB2,
    0xB2, 0xAA, 0xA2, 0x9C, 0xA4, 0xAA, 0xB2, 0xB8, 0xBE, 0xBA, 0xB2, 0xAC, 0xA4, 0x9E, 0x96, 0x8E,
    0x88, 0x86, 0x90, 0x8A, 0x86, 0x86, 0x8A, 0x92, 0x9A, 0xA0, 0x98, 0x92, 0x8A, 0x8C, 0x94, 0x9C,
    0x9E, 0x96, 0x98, 0xA0, 0x9A, 0x96, 0x9C, 0xA4, 0xAA, 0xB2, 0xB8, 0xB0, 0xAE, 0xB6, 0xB2, 0xAC,
    0xA4, 0x9E, 0x96, 0x98, 0xA0, 0x98, 0x96, 0x9E, 0xA4, 0xAC, 0xB4, 0xB6, 0xB0, 0xA8, 0xA6, 0xAE,
    0xB2, 0xAC, 0xA4, 0x9E, 0x96, 0x90, 0x98, 0x98, 0x96, 0x9E, 0xA4, 0xA6, 0xA6, 0x9E, 0xA0, 0xA8,
    0xB0, 0xB2, 0xAA, 0xA4, 0x9C, 0xA2, 0xA8, 0x9E, 0xA0, 0xA8, 0xAE, 0xB6, 0xB6, 0xB4, 0xAE, 0xA6,
    0xA0, 0xA8, 0xAE, 0xB6, 0xB4, 0xAC, 0xA4, 0x9E, 0x96, 0x98, 0xA0, 0xA6, 0xAA, 0xA2, 0x9E, 0x9E,
    0xA2, 0xAA, 0xB0, 0xB2, 0xAA, 0xA2, 0x9C, 0x94, 0x8E, 0x86, 0x88, 0x90, 0x88, 0x8E, 0x96, 0x9C,
    0xA4, 0xAC, 0xB2, 0xBA, 0xB8, 0xB0, 0xAA, 0xA2, 0x9C, 0x94, 0x8E, 0x92, 0x9A, 0xA0, 0xA8, 0xAE,
    0xAA, 0xA4, 0xAC, 0xB2, 0xBA, 0xB8, 0xB0, 0xAA, 0xA2, 0x9A, 0x94, 0x8C, 0x86, 0x7E, 0x76, 0x78,
    0x80, 0x86, 0x8E, 0x94, 0x9C, 0xA4, 0xA6, 0xA6, 0xA0, 0x98, 0x92, 0x8A, 0x84, 0x7C, 0x76, 0x6E,
    0x70, 0x78, 0x7E, 0x86, 0x8E, 0x94, 0x9A, 0x96, 0x8E, 0x88, 0x80, 0x7A, 0x72, 0x6A, 0x66, 0x6C,
    0x72, 0x7A, 0x80, 0x88, 0x8E, 0x96, 0x9E, 0xA2, 0x9E, 0x96, 0x8E, 0x88, 0x80, 0x78, 0x76, 0x7E,
    0x7C, 0x74, 0x7A, 0x82, 0x88, 0x90, 0x96, 0x9E, 0xA4, 0xAC, 0xAE, 0xA6, 0x9E, 0x98, 0x90, 0x8E,
    0x96, 0x9C, 0xA4, 0xAA, 0xB2, 0xBA, 0xC0, 0xC6, 0xC2, 0xBA, 0xB4, 0xAC, 0xA6, 0x9E, 0x96, 0x90,
    0x88, 0x82, 0x84, 0x8C, 0x94, 0x9A, 0xA2, 0xAA, 0xB0, 0xB8, 0xBA, 0xB2, 0xAC, 0xA4, 0xAA, 0xB2,
    0xBA, 0xB8, 0xB0, 0xAA, 0xA2, 0x9E, 0xA4, 0xAA, 0xB2, 0xB6, 0xB0, 0xAA, 0xA2, 0x9A, 0x94, 0x8C,
    0x86, 0x7E, 0x78, 0x72, 0x76, 0x7E, 0x86, 0x8C, 0x94, 0x9A, 0xA2, 0xAA, 0xAE, 0xAE, 0xB6, 0xBA,
    0xB4, 0xB2, 0xBA, 0xB6, 0xB0, 0xA8, 0xA2, 0x9A, 0x9C, 0xA4, 0xAC, 0xAE, 0xA6, 0xA0, 0x98, 0x90,
    0x8E, 0x96, 0x94, 0x8C, 0x86, 0x7E, 0x7E, 0x80, 0x86, 0x8E, 0x94, 0x9C, 0x9E, 0x96, 0x8E, 0x88,
    0x90, 0x92, 0x8A, 0x84, 0x7C, 0x74, 0x72, 0x7A, 0x80, 0x88, 0x8E, 0x96, 0x9C, 0xA4, 0xAA, 0xA6,
    0x9E, 0x98, 0x90, 0x8A, 0x82, 0x7C, 0x74, 0x74, 0x76, 0x78, 0x80, 0x88, 0x8E, 0x96, 0x94, 0x8C,
    0x86, 0x82, 0x8A, 0x88, 0x80, 0x7A, 0x76, 0x7C, 0x84, 0x8A, 0x92, 0x98, 0xA0, 0xA6, 0xAE, 0xAC,
    0xA4, 0x9C, 0x9A, 0x9A, 0x98, 0x90, 0x98, 0x9A, 0x92, 0x94, 0x9C, 0xA4, 0xA6, 0xA6, 0xA0, 0x98,
    0x92, 0x8A, 0x84, 0x7C, 0x7A, 0x76, 0x70, 0x78, 0x7E, 0x86, 0x8E, 0x94, 0x9C, 0xA2, 0xAA, 0xAE,
    0xAE, 0xB8, 0xBA, 0xB2, 0xB4, 0xBC, 0xB6, 0xAE, 0xA8, 0xA0, 0x9A, 0x9E, 0xA4, 0xAC, 0xAE, 0xA6,
    0x9E, 0x98, 0xA0, 0xA2, 0x9A, 0x94, 0x8C, 0x84, 0x7E, 0x76, 0x78, 0x80, 0x86, 0x8E, 0x94, 0x9C,
    0xA2, 0x9E, 0x9A, 0xA0, 0xA8, 0xAE, 0xB6, 0xBC, 0xB4, 0xAE, 0xA6, 0xA8, 0xB0, 0xB8, 0xBE, 0xC6,
    0xC4, 0xBC, 0xB6, 0xAE, 0xA6, 0xA8, 0xB0, 0xAA, 0xA2, 0x9C, 0x94, 0x8E, 0x92, 0x98, 0xA0, 0xA2,
    0x9A, 0x92, 0x8C, 0x94, 0x9A, 0xA2, 0xA6, 0xA6, 0xA2, 0x9A, 0x92, 0x94, 0x9C, 0xA2, 0xAA, 0xB0,
    0xB8, 0xBE, 0xBA, 0xB2, 0xAC, 0xAA, 0xB2, 0xAE, 0xA8, 0xA0, 0x9A, 0x92, 0x8A, 0x84, 0x8C, 0x92,
    0x9A, 0x98, 0x90, 0x96, 0x9E, 0xA6, 0xAC, 0xB2, 0xAE, 0xA6, 0xA0, 0x98, 0x92, 0x96, 0x9C, 0xA4,
    0xA6, 0xA6, 0x9E, 0x98, 0x90, 0x8E, 0x96, 0x9C, 0xA4, 0x9C, 0x9A, 0xA2, 0xA0, 0x98, 0x9E, 0xA6,
    0xAE, 0xAC, 0xA4, 0x9E, 0x9A, 0xA0, 0xA8, 0xAE, 0xAA, 0xA4, 0x9C, 0x9A, 0xA2, 0xA0, 0x98, 0x90,
    0x8E, 0x96, 0x9C, 0xA4, 0x9E, 0x96, 0x8E, 0x90, 0x98, 0x9E, 0xA2, 0x9C, 0x94, 0x8E, 0x92, 0x98,
    0xA0, 0xA6, 0xAE, 0xAC, 0xA4, 0x9C, 0x9A, 0xA2, 0xA0, 0x98, 0x9E, 0xA6, 0xA6, 0xAC, 0xB4, 0xBA,
    0xC2, 0xC6, 0xC0, 0xBA, 0xB2, 0xAA, 0xA4, 0x9C, 0x96, 0x9A, 0x9A, 0x9A, 0x9E, 0xA6, 0xA4, 0x9C,
    0xA4, 0xAA, 0xB2, 0xB0, 0xA8, 0xA2, 0x9A, 0x94, 0x8C, 0x84, 0x7E, 0x76, 0x6E, 0x6E, 0x78, 0x7E,
    0x86, 0x8C, 0x94, 0x9A, 0xA2, 0xA8, 0xA0, 0x9E, 0xA6, 0xAC, 0xB4, 0xBC, 0xBE, 0xB6, 0xB0, 0xA8,
    0xAE, 0xB6, 0xBE, 0xBC, 0xB4, 0xAE, 0xA6, 0xA0, 0x98, 0x92, 0x8A, 0x84, 0x7C, 0x7A, 0x82, 0x88,
    0x90, 0x98, 0x9E, 0xA6, 0xA4, 0x9C, 0x96, 0x92, 0x9A, 0x98, 0x90, 0x8A, 0x82, 0x7A, 0x7A, 0x82,
    0x8A, 0x90, 0x98, 0x9A, 0x92, 0x8A, 0x84, 0x7C, 0x7A, 0x82, 0x80, 0x78, 0x70, 0x6E, 0x76, 0x7C,
    0x84, 0x8A, 0x92, 0x9A, 0x98, 0x90, 0x8A, 0x84, 0x8E, 0x8E, 0x86, 0x7E, 0x78, 0x70, 0x6E, 0x76,
    0x7C, 0x84, 0x8C, 0x8E, 0x86, 0x88, 0x90, 0x98, 0x9A, 0x92, 0x94, 0x9C, 0x96, 0x92, 0x98, 0xA0,
    0xA6, 0xAE, 0xB4, 0xBC, 0xBE, 0xB6, 0xAE, 0xA8, 0xA0, 0x9A, 0x92, 0x94, 0x9C, 0x94, 0x92, 0x9A,
    0xA0, 0xA8, 0xB0, 0xB2, 0xAA, 0xA4, 0x9C, 0xA2, 0xA6, 0xA0, 0x98, 0x92, 0x8A, 0x86, 0x8C, 0x92,
    0x9A, 0xA2, 0xA8, 0xB0, 0xB6, 0xBE, 0xBC, 0xB4, 0xAE, 0xA6, 0xA0, 0x98, 0x92, 0x8A, 0x86, 0x86,
    0x86, 0x86, 0x8A, 0x92, 0x98, 0x9A, 0x92, 0x96, 0x9C, 0xA4, 0xA6, 0x9E, 0x98, 0x90, 0x88, 0x86,
    0x8E, 0x94, 0x9C, 0xA2, 0xAA, 0xB2, 0xB0, 0xA8, 0xA2, 0x9C, 0xA6, 0xA6, 0x9E, 0xA2, 0xA8, 0xA0,
    0x9E, 0xA6, 0xAE, 0xB4, 0xBC, 0xBE, 0xB6, 0xB8, 0xC0, 0xC8, 0xCA, 0xC2, 0xBC, 0xB4, 0xAE, 0xAA,
    0xB0, 0xB8, 0xBE, 0xC6, 0xCC, 0xC4, 0xC2, 0xCA, 0xC6, 0xC0, 0xB8, 0xB6, 0xBE, 0xBC, 0xB4, 0xBC,
    0xBE, 0xB6, 0xB8, 0xC0, 0xC6, 0xCA, 0xC2, 0xBC, 0xB4, 0xBA, 0xBE, 0xB8, 0xB0, 0xAA, 0xA2, 0x9C,
    0x94, 0x92, 0x9A, 0xA2, 0xA6, 0xA2, 0xA6, 0xAE, 0xAC, 0xA4, 0x9C, 0x9A, 0xA2, 0xA0, 0x98, 0x9E,
    0xA4, 0x9A, 0x9C, 0xA2, 0xAA, 0xB0, 0xA8, 0xA2, 0x9A, 0x9E, 0xA4, 0xAC, 0xAE, 0xA6, 0xA0, 0x98,
    0xA0, 0xA2, 0x9A, 0x94, 0x8C, 0x92, 0x96, 0x8E, 0x90, 0x98, 0x92, 0x8A, 0x84, 0x7C, 0x76, 0x7A,
    0x80, 0x78, 0x76, 0x7E, 0x84, 0x8C, 0x94, 0x9A, 0xA2, 0xA8, 0xAE, 0xAA, 0xA2, 0x9A, 0x94, 0x8C,
    0x92, 0x96, 0x90, 0x88, 0x82, 0x86, 0x8A, 0x84, 0x7C, 0x76, 0x6E, 0x68, 0x70, 0x72, 0x6A, 0x6C,
    0x74, 0x7A, 0x82, 0x8A, 0x90, 0x98, 0x9E, 0xA2, 0x9A, 0x9C, 0xA4, 0xAA, 0xB2, 0xB8, 0xBA, 0xB0,
    0xB6, 0xBC, 0xC4, 0xC6, 0xBE, 0xC0, 0xC8, 0xD0, 0xD2, 0xCA, 0xC4, 0xBC, 0xC4, 0xC6, 0xBE, 0xC0,
    0xC8, 0xCE, 0xD4, 0xCA, 0xCC, 0xD2, 0xDA, 0xDE, 0xD8, 0xD0, 0xCA, 0xC2, 0xBC, 0xB4, 0xAE, 0xA6,
    0xA8, 0xB0, 0xB6, 0xBE, 0xC6, 0xCC, 0xD2, 0xCE, 0xC6, 0xC0, 0xB8, 0xB2, 0xB6, 0xBA, 0xB4, 0xAC,
    0xA6, 0xA8, 0xB2, 0xB2, 0xB6, 0xBE, 0xC6, 0xC4, 0xBC, 0xB6, 0xAE, 0xA8, 0xA0, 0x98, 0x92, 0x8A,
    0x8C, 0x94, 0x9A, 0xA2, 0xA8, 0xB0, 0xB6, 0xB2, 0xAA, 0xA4, 0x9C, 0x96, 0x98, 0xA0, 0x98, 0x96,
    0x9E, 0xA4, 0xAC, 0xB4, 0xBA, 0xC2, 0xC0, 0xB8, 0xB2, 0xAA, 0xA2, 0xA4, 0xAC, 0xB2, 0xBA, 0xC0,
    0xC6, 0xC6, 0xC2, 0xBC, 0xC4, 0xCA, 0xD2, 0xD0, 0xC8, 0xC0, 0xBE, 0xC6, 0xC4, 0xBC, 0xC4, 0xC6,
    0xBE, 0xB8, 0xB0, 0xB6, 0xBE, 0xC4, 0xCC, 0xD2, 0xCE, 0xC8, 0xC0, 0xBE, 0xC6, 0xC4, 0xBA, 0xB6,
    0xB6, 0xB2, 0xBA, 0xC0, 0xC8, 0xCE, 0xD6, 0xD4, 0xCC, 0xC6, 0xC2, 0xCA, 0xC8, 0xC0, 0xBA, 0xB4,
    0xAA, 0xAA, 0xB2, 0xBA, 0xC0, 0xC8, 0xCA, 0xC2, 0xBA, 0xB4, 0xAC, 0xAA, 0xB2, 0xB0, 0xA8, 0xA2,
    0x9A, 0x92, 0x94, 0x9C, 0xA2, 0xA6, 0x9E, 0x9E, 0xA8, 0xA2, 0x9E, 0xA4, 0xAC, 0xB2, 0xB0, 0xA6,
    0xA6, 0xA2, 0x9E, 0xA6, 0xAC, 0xB4, 0xBA, 0xC2, 0xC0, 0xB8, 0xB2, 0xAE, 0xB6, 0xB4, 0xAC, 0xA6,
    0xA0, 0xAA, 0xA8, 0xA6, 0xAE, 0xB2, 0xAC, 0xAA, 0xB2, 0xBA, 0xC0, 0xB8, 0xB2, 0xAA, 0xA4, 0x9C,
    0xA4, 0xA6, 0x9E, 0xA0, 0xA8, 0xAE, 0xB2, 0xAC, 0xA4, 0x9E, 0x96, 0x8E, 0x88, 0x80, 0x7A, 0x7C,
    0x84, 0x7C, 0x7A, 0x82, 0x88, 0x90, 0x88, 0x86, 0x8E, 0x8C, 0x84, 0x7C, 0x7A, 0x82, 0x88, 0x90,
    0x96, 0x9E, 0xA4, 0xAC, 0xB2, 0xAE, 0xA8, 0xB0, 0xB6, 0xBE, 0xBC, 0xB4, 0xAC, 0xAA, 0xB2, 0xB0,
    0xA8, 0xA0, 0x9E, 0xA6, 0xA4, 0x9C, 0x96, 0x8E, 0x88, 0x80, 0x7A, 0x7E, 0x84, 0x8C, 0x8E, 0x84,
    0x8A, 0x90, 0x98, 0x9A, 0x92, 0x94, 0x9C, 0x94, 0x92, 0x9A, 0x98, 0x90, 0x96, 0x9E, 0xA4, 0xAC,
    0xB4, 0xAE, 0xAA, 0xB0, 0xB8, 0xBE, 0xBA, 0xB4, 0xBC, 0xBE, 0xB6, 0xAE, 0xA8, 0xB0, 0xB2, 0xAA,
    0xAC, 0xB4, 0xBC, 0xBE, 0xB6, 0xB0, 0xA8, 0xAE, 0xB2, 0xAA, 0xAC, 0xB4, 0xBA, 0xC2, 0xC8, 0xD0,
    0xD6, 0xDE, 0xE2, 0xDC, 0xD6, 0xCE, 0xCE, 0xD0, 0xD8, 0xDA, 0xD2, 0xCC, 0xC4, 0xCA, 0xD2, 0xDA,
    0xD8, 0xD0, 0xCA, 0xC2, 0xBC, 0xB4, 0xAE, 0xA6, 0xA0, 0xA8, 0xAA, 0xA2, 0xA6, 0xAA, 0xA6, 0xA6,
    0x9E, 0xA0, 0xA6, 0xA2, 0x9A, 0x96, 0x94, 0x8C, 0x92, 0x96, 0x90, 0x88, 0x82, 0x86, 0x8E, 0x94,
    0x9C, 0xA2, 0x9E, 0x98, 0xA0, 0xA2, 0x9A, 0x94, 0x8C, 0x84, 0x7E, 0x76, 0x78, 0x80, 0x88, 0x8A,
    0x82, 0x7C, 0x76, 0x7A, 0x82, 0x86, 0x80, 0x7A, 0x7E, 0x86, 0x8C, 0x94, 0x9A, 0xA2, 0xA8, 0xB0,
    0xB2, 0xAA, 0xAC, 0xB4, 0xAE, 0xA6, 0x9E, 0x98, 0x90, 0x96, 0x9A, 0x94, 0x8C, 0x8A, 0x86, 0x7E,
    0x78, 0x76, 0x80, 0x7A, 0x74, 0x7C, 0x7E, 0x76, 0x78, 0x80, 0x88, 0x8A, 0x82, 0x7C, 0x74, 0x7A,
    0x82, 0x8A, 0x88, 0x80, 0x86, 0x8C, 0x82, 0x82, 0x8A, 0x92, 0x98, 0xA0, 0xA2, 0x9A, 0x9E, 0xA4,
    0x9C, 0x9A, 0xA2, 0xA0, 0x98, 0x90, 0x8A, 0x82, 0x84, 0x8C, 0x92, 0x9A, 0xA0, 0xA8, 0xAE, 0xB6,
    0xBA, 0xB6, 0xB6, 0xAE, 0xA6, 0xA0, 0x98, 0x92, 0x8A, 0x8C, 0x94, 0x9C, 0xA2, 0xAA, 0xA8, 0xA0,
    0xA6, 0xAE, 0xB6, 0xBC, 0xC4, 0xBE, 0xBA, 0xC0, 0xC8, 0xCE, 0xCA, 0xC4, 0xBC, 0xBA, 0xC2, 0xCA,
    0xD0, 0xC8, 0xC2, 0xBA, 0xBC, 0xC4, 0xBC, 0xB6, 0xAE, 0xB0, 0xB8, 0xB2, 0xAA, 0xA4, 0x9C, 0x96,
    0x8E, 0x8A, 0x90, 0x98, 0x9E, 0x9A, 0x94, 0x9C, 0xA2, 0xAA, 0xB2, 0xB8, 0xB0, 0xAE, 0xB6, 0xB4,
    0xAC, 0xB2, 0xBA, 0xC2, 0xC0, 0xB8, 0xB2, 0xAC, 0xB6, 0xB6, 0xAE, 0xB2, 0xB8, 0xB0, 0xAE, 0xB6,
    0xB4, 0xAC, 0xA4, 0x9E, 0x96, 0x98, 0xA0, 0xA8, 0xAA, 0xA2, 0xA4, 0xAC, 0xA6, 0xA2, 0xAA, 0xB0,
    0xB8, 0xB2, 0xAE, 0xB4, 0xBC, 0xC2, 0xCA, 0xCE, 0xC8, 0xC2, 0xBA, 0xB2, 0xAC, 0xB4, 0xBA, 0xC2,
    0xC0, 0xB8, 0xB2, 0xAA, 0xA6, 0xAC, 0xB2, 0xAE, 0xA8, 0xB2, 0xB0, 0xAA, 0xA2, 0x9E, 0xA4, 0xAA,
    0xB2, 0xBA, 0xC0, 0xB8, 0xB6, 0xBE, 0xC4, 0xCC, 0xC6, 0xBE, 0xB6, 0xB0, 0xA8, 0xA0, 0x9E, 0xA4,
    0xAC, 0xB2, 0xBA, 0xC0, 0xB8, 0xB6, 0xBE, 0xBA, 0xB4, 0xAC, 0xAA, 0xB2, 0xB8, 0xC0, 0xC8, 0xCE,
    0xD6, 0xD4, 0xCC, 0xC6, 0xC2, 0xCA, 0xC8, 0xC0, 0xBA, 0xB4, 0xBE, 0xBC, 0xB6, 0xBA, 0xC2, 0xC6,
    0xC6, 0xCE, 0xD6, 0xDC, 0xE4, 0xE6, 0xDE, 0xD8, 0xD0, 0xC8, 0xC6, 0xCE, 0xCC, 0xC4, 0xBE, 0xB6,
    0xAE, 0xB0, 0xB8, 0xBE, 0xC4, 0xBA, 0xBA, 0xC2, 0xBE, 0xB8, 0xC0, 0xC2, 0xBA, 0xB2, 0xAC, 0xA4,
    0xA2, 0xAA, 0xB0, 0xB8, 0xC0, 0xC2, 0xBA, 0xBC, 0xC4, 0xBE, 0xB6, 0xB0, 0xA8, 0xA2, 0xA6, 0xAE,
    0xB4, 0xBC, 0xC2, 0xCA, 0xCE, 0xC8, 0xC2, 0xBA, 0xB4, 0xAC, 0xB4, 0xB6, 0xAE, 0xB0, 0xB8, 0xB2,
    0xAA, 0xA2, 0xA4, 0xAC, 0xB2, 0xB6, 0xB0, 0xA8, 0xA2, 0x9A, 0x94, 0x8C, 0x8A, 0x92, 0x98, 0xA0,
    0xA8, 0xAE, 0xB6, 0xB4, 0xAC, 0xA6, 0xA2, 0xAA, 0xA8, 0xA0, 0x9A, 0x96, 0x9C, 0xA4, 0xA6, 0xAA,
    0xB2, 0xB8, 0xBA, 0xB2, 0xB6, 0xBC, 0xC4, 0xC6, 0xBE, 0xB8, 0xB0, 0xA8, 0xA6, 0xAE, 0xB4, 0xB6,
    0xBA, 0xBE, 0xB6, 0xB0, 0xA8, 0xAE, 0xB2, 0xAC, 0xA4, 0x9E, 0x9E, 0xA0, 0xA8, 0xAE, 0xB6, 0xBE,
    0xC4, 0xBC, 0xB6, 0xAE, 0xB0, 0xB8, 0xC0, 0xC2, 0xBA, 0xB4, 0xAC, 0xB2, 0xB8, 0xAE, 0xAE, 0xB6,
    0xB2, 0xAA, 0xA4, 0x9C, 0x96, 0x8E, 0x88, 0x80, 0x7A, 0x7A, 0x7C, 0x84, 0x8A, 0x92, 0x9A, 0xA0,
    0xA8, 0xA2, 0x9C, 0xA6, 0xA4, 0x9C, 0x96, 0x90, 0x88, 0x86, 0x8E, 0x96, 0x9C, 0xA4, 0xAA, 0xB2,
    0xB0, 0xA8, 0xA0, 0x9A, 0x92, 0x8C, 0x84, 0x8A, 0x8E, 0x86, 0x88, 0x90, 0x96, 0x9E, 0xA6, 0xA6,
    0x9C, 0x96, 0x90, 0x88, 0x80, 0x7A, 0x7C, 0x84, 0x8C, 0x92, 0x9A, 0xA0, 0xA8, 0xA0, 0x9E, 0xA6,
    0xAC, 0xB4, 0xAE, 0xA6, 0x9E, 0x9E, 0xA8, 0xA2, 0x9E, 0xA4, 0xAC, 0xB2, 0xAE, 0xA8, 0xA0, 0x9A,
    0x92, 0x8A, 0x84, 0x7E, 0x7E, 0x76, 0x78, 0x80, 0x86, 0x8E, 0x96, 0x94, 0x8C, 0x92, 0x96, 0x90,
    0x88, 0x82, 0x86, 0x8A, 0x84, 0x8C, 0x92, 0x9A, 0xA0, 0xA8, 0xAA, 0xA2, 0x9C, 0x94, 0x9A, 0xA2,
    0xAA, 0xB0, 0xB8, 0xB2, 0xAE, 0xB6, 0xBC, 0xC4, 0xCA, 0xD2, 0xD8, 0xE0, 0xE6, 0xE2, 0xDC, 0xD4,
    0xD2, 0xDA, 0xE2, 0xE8, 0xF0, 0xF2, 0xEA, 0xE4, 0xDC, 0xE4, 0xE6, 0xDE, 0xD8, 0xD0, 0xCA, 0xC2,
    0xBA, 0xBC, 0xC2, 0xCA, 0xCE, 0xC8, 0xC0, 0xBA, 0xB2, 0xAC, 0xA4, 0x9E, 0x96, 0x98, 0xA0, 0xA8,
    0xAA, 0xA2, 0xA4, 0xAA, 0xA6, 0xA6, 0xA0, 0x98, 0x92, 0x8A, 0x84, 0x7A, 0x7A, 0x82, 0x8A, 0x90,
    0x98, 0xA0, 0xA6, 0xAE, 0xB2, 0xAC, 0xA6, 0x9E, 0x98, 0x90, 0x88, 0x86, 0x8E, 0x8C, 0x84, 0x7E,
    0x80, 0x8A, 0x88, 0x82, 0x7A, 0x72, 0x6C, 0x64, 0x5E, 0x56, 0x52, 0x58, 0x5E, 0x66, 0x6C, 0x74,
    0x7C, 0x7E, 0x76, 0x78, 0x80, 0x88, 0x8A, 0x82, 0x7C, 0x76, 0x7A, 0x7A, 0x80, 0x88, 0x8E, 0x8A,
    0x84, 0x7C, 0x7A, 0x82, 0x80, 0x78, 0x80, 0x82, 0x7A, 0x7C, 0x7E, 0x82, 0x8A, 0x90, 0x98, 0xA0,
    0xA6, 0xAE, 0xB4, 0xBC, 0xC2, 0xBE, 0xB8, 0xC0, 0xC2, 0xBA, 0xBE, 0xC4, 0xBC, 0xBA, 0xC2, 0xC8,
    0xD0, 0xC8, 0xC6, 0xCE, 0xCC, 0xC6, 0xC6, 0xC6, 0xC0, 0xB8, 0xB2, 0xAA, 0xA6, 0xAC, 0xB4, 0xBA,
    0xB6, 0xB0, 0xA8, 0xA6, 0xAE, 0xAC, 0xA4, 0xAC, 0xAE, 0xA6, 0xA0, 0x98, 0x90, 0x8E, 0x96, 0x9C,
    0xA4, 0xAA, 0xB2, 0xB8, 0xC0, 0xC6, 0xC2, 0xBC, 0xC6, 0xC6, 0xBE, 0xB6, 0xB0, 0xA8, 0xA6, 0xAE,
    0xAC, 0xA4, 0x9E, 0x96, 0x8E, 0x8E, 0x8E, 0x8A, 0x84, 0x8E, 0x8C, 0x84, 0x7E, 0x7A, 0x80, 0x88,
    0x8E, 0x8A, 0x86, 0x8C, 0x94, 0x9A, 0xA2, 0xA6, 0xA6, 0xA2, 0x9A, 0x94, 0x8C, 0x92, 0x9A, 0xA2,
    0xA0, 0x98, 0x92, 0x8A, 0x84, 0x7C, 0x7A, 0x76, 0x70, 0x7A, 0x7A, 0x72, 0x6A, 0x64, 0x6C, 0x72,
    0x7A, 0x78, 0x70, 0x78, 0x7E, 0x86, 0x8C, 0x94, 0x8E, 0x8A, 0x92, 0x98, 0x9E, 0xA6, 0xAA, 0xA4,
    0x9C, 0x96, 0x8E, 0x88, 0x90, 0x92, 0x8A, 0x82, 0x7C, 0x84, 0x8A, 0x92, 0x90, 0x88, 0x90, 0x96,
    0x9E, 0x9C, 0x94, 0x8E, 0x86, 0x7E, 0x7E, 0x88, 0x8E, 0x96, 0x9C, 0xA4, 0xAA, 0xA8, 0xA0, 0x98,
    0x96, 0x96, 0x94, 0x8C, 0x94, 0x9A, 0xA2, 0xA8, 0xB0, 0xB6, 0xBE, 0xC6, 0xC4, 0xBC, 0xB6, 0xAE,
    0xA8, 0xA6, 0xB0, 0xAA, 0xA4, 0x9C, 0x96, 0x8E, 0x90, 0x98, 0x90, 0x8E, 0x96, 0x94, 0x8C, 0x94,
    0x96, 0x8E, 0x88, 0x82, 0x86, 0x8E, 0x94, 0x9C, 0xA2, 0xAA, 0xAE, 0xA8, 0xA6, 0xA6, 0xA4, 0x9C,
    0x94, 0x8E, 0x86, 0x7E, 0x7A, 0x7E, 0x86, 0x8E, 0x94, 0x9C, 0xA4, 0xA6, 0x9E, 0x98, 0x92, 0x96,
    0x9C, 0x92, 0x92, 0x9A, 0xA2, 0xA8, 0xA0, 0x9E, 0xA6, 0xAE, 0xB4, 0xBC, 0xBE, 0xB6, 0xB8, 0xC0,
    0xBA, 0xB2, 0xAA, 0xAC, 0xB4, 0xBA, 0xC2, 0xCA, 0xC8, 0xC0, 0xBA, 0xB4, 0xAC, 0xAA, 0xB2, 0xAE,
    0xA8, 0xA0, 0x9E, 0xA6, 0xA4, 0x9C, 0xA4, 0xAA, 0xB2, 0xB0, 0xA8, 0xA2, 0x9E, 0xA6, 0xA4, 0x9C,
    0xA2, 0xAA, 0xB0, 0xB8, 0xBE, 0xBA, 0xB4, 0xBC, 0xBE, 0xB6, 0xAE, 0xA8, 0xB0, 0xB2, 0xAA, 0xAC,
    0xB4, 0xBA, 0xC2, 0xCA, 0xD0, 0xD8, 0xD2, 0xCA, 0xC2, 0xC4, 0xCC, 0xD2, 0xD8, 0xCE, 0xCE, 0xD6,
    0xDE, 0xE4, 0xEC, 0xEE, 0xE6, 0xE0, 0xD8, 0xD0, 0xCA, 0xC2, 0xC4, 0xCC, 0xC4, 0xC2, 0xC8, 0xD0,
    0xD6, 0xDE, 0xE2, 0xDC, 0xDA, 0xDA, 0xD6, 0xCE, 0xC8, 0xC0, 0xBA, 0xB2, 0xAE, 0xB4, 0xBA, 0xC2,
    0xC8, 0xD0, 0xD6, 0xD2, 0xCA, 0xCC, 0xD4, 0xCE, 0xC6, 0xC0, 0xB8, 0xB2, 0xAA, 0xA6, 0xA6, 0xAA,
    0xB2, 0xAE, 0xA8, 0xB0, 0xB2, 0xAA, 0xA2, 0x9C, 0x94, 0x92, 0x9A, 0xA0, 0xA8, 0xAE, 0xB6, 0xBC,
    0xC4, 0xCA, 0xC6, 0xBE, 0xB8, 0xB6, 0xC0, 0xBA, 0xB4, 0xAC, 0xA6, 0x9E, 0xA0, 0xA8, 0xA0, 0x9A,
    0x92, 0x8C, 0x84, 0x7C, 0x7A, 0x82, 0x88, 0x90, 0x96, 0x9E, 0xA4, 0xAC, 0xB2, 0xBA, 0xBE, 0xB8,
    0xB0, 0xAA, 0xAE, 0xB4, 0xAC, 0xAA, 0xB2, 0xBA, 0xC0, 0xB8, 0xB2, 0xAA, 0xA4, 0x9C, 0x96, 0x8E,
    0x88, 0x80, 0x7A, 0x7E, 0x86, 0x8C, 0x94, 0x9A, 0xA2, 0xA8, 0xB0, 0xB6, 0xBE, 0xBC, 0xB4, 0xAC,
    0xA6, 0x9E, 0x98, 0x92, 0x96, 0x9E, 0xA6, 0xAC, 0xB4, 0xBA, 0xBE, 0xB8, 0xB0, 0xAA, 0xAE, 0xB4,
    0xAC, 0xA6, 0xA6, 0x9E, 0x98, 0x90, 0x8E, 0x8E, 0x96, 0x9C, 0xA4, 0xA6, 0x9E, 0x98, 0x90, 0x8A,
    0x82, 0x7C, 0x74, 0x6E, 0x72, 0x7A, 0x80, 0x88, 0x8E, 0x96, 0x9C, 0xA4, 0xAA, 0xB2, 0xB0, 0xA8,
    0xA0, 0x9E, 0xA6, 0xAC, 0xB4, 0xAE, 0xA6, 0x9E, 0x98, 0x90, 0x8A, 0x86, 0x8C, 0x94, 0x9A, 0x96,
    0x90, 0x88, 0x86, 0x8E, 0x96, 0x9A, 0x9A, 0x9A, 0xA2, 0xA0, 0x98, 0xA0, 0xA6, 0xAE, 0xB4, 0xBA,
    0xB6, 0xB6, 0xAE, 0xB0, 0xB8, 0xBE, 0xC2, 0xBC, 0xB4, 0xAE, 0xA6, 0xA0, 0x98, 0x92, 0x8A, 0x8C,
    0x94, 0x9C, 0x9E, 0x96, 0x98, 0xA0, 0x9A, 0x92, 0x8A, 0x84, 0x7C, 0x82, 0x8A, 0x92, 0x92, 0x88,
    0x8E, 0x94, 0x9C, 0x9E, 0x96, 0x8E, 0x88, 0x90, 0x92, 0x8A, 0x82, 0x7C, 0x84, 0x8A, 0x92, 0x98,
    0xA0, 0x9A, 0x92, 0x8A, 0x8C, 0x94, 0x8E, 0x86, 0x80, 0x78, 0x72, 0x76, 0x7E, 0x84, 0x8C, 0x92,
    0x9A, 0xA0, 0x98, 0x92, 0x8A, 0x8C, 0x94, 0x8C, 0x86, 0x7E, 0x80, 0x88, 0x8E, 0x96, 0x9C, 0xA4,
    0xA6, 0xAA, 0xB0, 0xA8, 0xA2, 0x9A, 0x9E, 0xA4, 0x9C, 0x9A, 0xA2, 0xA8, 0xB0, 0xB8, 0xBE, 0xC6,
    0xC4, 0xBC, 0xB6, 0xAE, 0xA8, 0xA0, 0x98, 0x92, 0x92, 0x8C, 0x84, 0x7E, 0x82, 0x88, 0x90, 0x96,
    0x9E, 0x9C, 0x94, 0x8C, 0x86, 0x7E, 0x80, 0x88, 0x8E, 0x96, 0x9E, 0xA4, 0xAC, 0xB2, 0xAE, 0xA8,
    0xA0, 0x98, 0x92, 0x8A, 0x84, 0x7C, 0x76, 0x6E, 0x6A, 0x70, 0x76, 0x7E, 0x86, 0x8C, 0x84, 0x7E,
    0x76, 0x78, 0x80, 0x86, 0x8A, 0x82, 0x84, 0x8C, 0x92, 0x96, 0x90, 0x88, 0x80, 0x86, 0x8A, 0x86,
    0x86, 0x7E, 0x80, 0x88, 0x90, 0x96, 0x9E, 0xA6, 0xAA, 0xA6, 0xA6, 0x9E, 0xA0, 0xA8, 0xA2, 0x9E,
    0xA6, 0xA4, 0x9C, 0x96, 0x90, 0x88, 0x86, 0x8E, 0x96, 0x9A, 0x94, 0x8E, 0x86, 0x7E, 0x7A, 0x80,
    0x86, 0x8E, 0x94, 0x9C, 0xA2, 0xAA, 0xB2, 0xB8, 0xC0, 0xBA, 0xB4, 0xBE, 0xBE, 0xB4, 0xBA, 0xBE,
    0xB8, 0xB0, 0xAA, 0xA2, 0x9C, 0xA4, 0xAA, 0xB2, 0xB0, 0xA8, 0xA2, 0x9A, 0x92, 0x8C, 0x86, 0x8A,
    0x92, 0x98, 0xA0, 0xA6, 0xAE, 0xB4, 0xAC, 0xAA, 0xB2, 0xAE, 0xA6, 0xA0, 0x98, 0x96, 0x94, 0x8C,
    0x94, 0x96, 0x8E, 0x90, 0x98, 0x92, 0x8A, 0x82, 0x84, 0x8C, 0x86, 0x7E, 0x78, 0x76, 0x76, 0x7E,
    0x84, 0x8C, 0x8E, 0x86, 0x8A, 0x90, 0x98, 0x9E, 0xA6, 0xA4, 0x9C, 0x94, 0x92, 0x9A, 0x98, 0x90,
    0x8A, 0x86, 0x8E, 0x94, 0x9A, 0x96, 0x90, 0x9A, 0x9A, 0x92, 0x8A, 0x84, 0x7C, 0x76, 0x6E, 0x70,
    0x78, 0x80, 0x86, 0x8E, 0x94, 0x9C, 0xA2, 0xAA, 0xB2, 0xB0, 0xA8, 0xAE, 0xB2, 0xAC, 0xA4, 0x9E,
    0x96, 0x92, 0x98, 0xA0, 0xA6, 0xAE, 0xB2, 0xAC, 0xA6, 0x9E, 0x98, 0x90, 0x98, 0x9A, 0x92, 0x94,
    0x9C, 0x96, 0x92, 0x98, 0xA0, 0xA6, 0xAE, 0xB2, 0xAC, 0xA4, 0x9E, 0xA2, 0xA8, 0x9E, 0xA0, 0xA2,
    0xA4, 0xAC, 0xB2, 0xBA, 0xC2, 0xC8, 0xCE, 0xCA, 0xC2, 0xBA, 0xBC, 0xC4, 0xBE, 0xBA, 0xC0, 0xC8,
    0xCE, 0xD6, 0xDC, 0xE4, 0xE6, 0xDE, 0xD6, 0xD0, 0xC8, 0xC6, 0xCE, 0xCC, 0xC4, 0xBC, 0xBA, 0xBE,
    0xC0, 0xC8, 0xCE, 0xD2, 0xCA, 0xC4, 0xBC, 0xB6, 0xB0, 0xBA, 0xBA, 0xB2, 0xAA, 0xA6, 0xAC, 0xB2,
    0xBA, 0xC2, 0xC8, 0xD0, 0xD2, 0xCA, 0xC4, 0xBC, 0xB4, 0xB2, 0xBA, 0xB8, 0xB0, 0xB6, 0xBE, 0xC4,
    0xCC, 0xD2, 0xCE, 0xC6, 0xC0, 0xB8, 0xB2, 0xAA, 0xA4, 0x9C, 0x9A, 0xA2, 0xA6, 0xA8, 0xB0, 0xB6,
    0xBE, 0xC4, 0xCC, 0xC6, 0xBE, 0xB8, 0xB0, 0xAA, 0xAE, 0xB4, 0xAA, 0xAA, 0xB2, 0xBA, 0xC0, 0xC8,
    0xCA, 0xC2, 0xC4, 0xCC, 0xC4, 0xBE, 0xB6, 0xB2, 0xB2, 0xA8, 0xA2, 0x9A, 0x96, 0x96, 0x8C, 0x8A,
    0x90, 0x98, 0x9E, 0x9A, 0x94, 0x9C, 0x9E, 0x96, 0x9A, 0xA0, 0xA8, 0xAE, 0xB6, 0xB4, 0xAC, 0xA4,
    0xA2, 0xAA, 0xB0, 0xB8, 0xC0, 0xC2, 0xBC, 0xB4, 0xAC, 0xA6, 0x9E, 0x98, 0x90, 0x8A, 0x8E, 0x94,
    0x8C, 0x86, 0x7E, 0x76, 0x70, 0x78, 0x7A, 0x72, 0x74, 0x7C, 0x84, 0x86, 0x7E, 0x80, 0x88, 0x8E,
    0x96, 0x9C, 0xA4, 0xA6, 0x9E, 0x98, 0x90, 0x88, 0x86, 0x8E, 0x94, 0x9A, 0x96, 0x8E, 0x90, 0x98,
    0xA0, 0xA2, 0x9A, 0x94, 0x8C, 0x92, 0x9A, 0xA2, 0xA0, 0x98, 0x92, 0x8E, 0x94, 0x9C, 0xA2, 0xAA,
    0xB0, 0xB8, 0xBA, 0xB2, 0xAA, 0xA4, 0x9C, 0x9A, 0xA2, 0xA0, 0x98, 0x9E, 0xA6, 0xAE, 0xAC, 0xA4,
    0x9E, 0x96, 0x90, 0x88, 0x82, 0x7A, 0x76, 0x7C, 0x84, 0x8A, 0x92, 0x98, 0xA0, 0xA6, 0xAE, 0xB6,
    0xB6, 0xBC, 0xBE, 0xB6, 0xB0, 0xA8, 0xA6, 0xA4, 0xA2, 0xA4, 0xAA, 0xB2, 0xB8, 0xAE, 0xAE, 0xB6,
    0xB2, 0xAC, 0xA4, 0x9C, 0x96, 0x8E, 0x8A, 0x90, 0x96, 0x9E, 0xA4, 0xAC, 0xA4, 0xA2, 0xA6, 0xA8,
    0xB0, 0xAA, 0xA6, 0xAC, 0xB4, 0xBA, 0xB6, 0xB0, 0xB8, 0xBE, 0xC6, 0xC4, 0xBC, 0xB4, 0xAE, 0xA6,
    0xA8, 0xB0, 0xA8, 0xA6, 0xAE, 0xB4, 0xBC, 0xC2, 0xCA, 0xD2, 0xD0, 0xC8, 0xC2, 0xBE, 0xC4, 0xCC,
    0xD2, 0xCE, 0xC8, 0xC0, 0xBE, 0xC6, 0xCE, 0xD2, 0xCE, 0xCE, 0xC6, 0xC0, 0xB8, 0xB0, 0xAE, 0xB6,
    0xB4, 0xAC, 0xA6, 0xA2, 0xA8, 0xB0, 0xB6, 0xBE, 0xC4, 0xCC, 0xCE, 0xC6, 0xCA, 0xD0, 0xC8, 0xC2,
    0xBA, 0xBC, 0xC4, 0xCA, 0xD2, 0xDA, 0xE0, 0xE6, 0xE2, 0xDA, 0xD4, 0xCC, 0xC6, 0xBE, 0xB6, 0xB0,
    0xA8, 0xA2, 0xA6, 0xAC, 0xB4, 0xBC, 0xC2, 0xCA, 0xCE, 0xC8, 0xC2, 0xBA, 0xB4, 0xAC, 0xA4, 0xA2,
    0xAA, 0xB0, 0xB8, 0xBE, 0xC6, 0xCE, 0xCE, 0xC4, 0xBE, 0xB6, 0xB0, 0xA8, 0xA2, 0x9A, 0x96, 0x96,
    0x96, 0x8E, 0x90, 0x98, 0xA0, 0xA6, 0xAE, 0xAC, 0xA4, 0x9E, 0x9A, 0xA2, 0xA8, 0xAE, 0xAA, 0xA2,
    0x9C, 0x94, 0x8E, 0x86, 0x80, 0x88, 0x8A, 0x82, 0x7A, 0x74, 0x6C, 0x6A, 0x72, 0x78, 0x80, 0x86,
    0x8E, 0x96, 0x9C, 0xA4, 0xAA, 0xB2, 0xBA, 0xBA, 0xB0, 0xB6, 0xBA, 0xB6, 0xB6, 0xAE, 0xA6, 0xA0,
    0x98, 0x92, 0x8A, 0x8C, 0x94, 0x8C, 0x86, 0x7E, 0x78, 0x72, 0x76, 0x7E, 0x84, 0x8C, 0x92, 0x9A,
    0xA2, 0xA8, 0xAE, 0xAE, 0xB6, 0xBA, 0xB4, 0xB2, 0xBA, 0xB6, 0xB6, 0xB2, 0xAA, 0xA2, 0x9C, 0x94,
    0x9C, 0x9E, 0x96, 0x90, 0x88, 0x82, 0x7A, 0x72, 0x72, 0x7C, 0x82, 0x8A, 0x90, 0x98, 0x9E, 0xA6,
    0xAC, 0xB4, 0xBA, 0xC2, 0xC0, 0xB8, 0xC0, 0xC6, 0xC6, 0xC4, 0xBC, 0xC4, 0xC6, 0xBE, 0xB8, 0xB0,
    0xAA, 0xA2, 0x9C, 0x94, 0x8E, 0x86, 0x82, 0x88, 0x8E, 0x96, 0x9E, 0xA4, 0xAC, 0xB2, 0xBA, 0xC0,
    0xC8, 0xD0, 0xD2, 0xCA, 0xCC, 0xD4, 0xCE, 0xC6, 0xC0, 0xB8, 0xB2, 0xAA, 0xA2, 0x9C, 0x94, 0x8E,
    0x86, 0x80, 0x78, 0x76, 0x7E, 0x84, 0x8C, 0x94, 0x96, 0x8E, 0x90, 0x98, 0xA0, 0xA2, 0x9A, 0x94,
    0x8C, 0x92, 0x9A, 0xA2, 0xA2, 0x9A, 0x92, 0x8C, 0x84, 0x82, 0x82, 0x80, 0x78, 0x70, 0x6E, 0x76,
    0x7C, 0x84, 0x8A, 0x92, 0x9A, 0xA0, 0xA8, 0xAE, 0xB6, 0xBA, 0xBA, 0xC4, 0xC6, 0xC6, 0xC0, 0xB8,
    0xB2, 0xAA, 0xA4, 0x9C, 0x9A, 0xA2, 0xA0, 0x98, 0x90, 0x8A, 0x82, 0x84, 0x8C, 0x8E, 0x92, 0x9A,
    0xA0, 0xA8, 0xAE, 0xB6, 0xBC, 0xC4, 0xCA, 0xD2, 0xD6, 0xD0, 0xC8, 0xC2, 0xBA, 0xB4, 0xAC, 0xAA,
    0xB2, 0xB8, 0xC0, 0xBA, 0xB2, 0xAA, 0xA4, 0x9C, 0x96, 0x8E, 0x86, 0x86, 0x90, 0x8A, 0x86, 0x8C,
    0x94, 0x9A, 0xA2, 0xA8, 0xB0, 0xB2, 0xAA, 0xAC, 0xB4, 0xAC, 0xA6, 0x9E, 0x98, 0x90, 0x8A, 0x82,
    0x7E, 0x84, 0x8A, 0x86, 0x7E, 0x78, 0x76, 0x80, 0x7A, 0x74, 0x6C, 0x6A, 0x72, 0x7A, 0x80, 0x88,
    0x8E, 0x96, 0x9C, 0xA4, 0xAC, 0xAE, 0xA6, 0xA0, 0x98, 0x9E, 0xA2, 0x9A, 0x94, 0x8C, 0x92, 0x96,
    0x90, 0x88, 0x82, 0x7A, 0x76, 0x7A, 0x7C, 0x7E, 0x80, 0x88, 0x8E, 0x96, 0x9E, 0xA4, 0xAC, 0xB4,
    0xB6, 0xAE, 0xB0, 0xB8, 0xB2, 0xAA, 0xA4, 0x9C, 0x96, 0x9A, 0xA0, 0xA8, 0xAE, 0xB6, 0xB4, 0xAC,
    0xA4, 0x9E, 0x96, 0x90, 0x8A, 0x8E, 0x96, 0x9E, 0xA4, 0xAC, 0xB2, 0xBA, 0xC0, 0xC8, 0xCE, 0xCA,
    0xC4, 0xCE, 0xCE, 0xC6, 0xBE, 0xB8, 0xB0, 0xAE, 0xB6, 0xBC, 0xC4, 0xBC, 0xB6, 0xAE, 0xB0, 0xB8,
    0xB2, 0xAA, 0xA2, 0xA4, 0xAC, 0xB2, 0xBA, 0xBE, 0xBE, 0xC8, 0xC2, 0xBC, 0xB4, 0xB2, 0xBA, 0xB6,
    0xB0, 0xA8, 0xA6, 0xAE, 0xB4, 0xBC, 0xBE, 0xBE, 0xB6, 0xB0, 0xAA, 0xAE, 0xB2, 0xAA, 0xA6, 0xA6,
    0xAA, 0xB2, 0xB8, 0xC0, 0xC6, 0xC2, 0xBC, 0xC4, 0xC6, 0xBE, 0xB8, 0xB0, 0xB8, 0xBA, 0xB2, 0xB4,
    0xBC, 0xC2, 0xCA, 0xD2, 0xD0, 0xC8, 0xC2, 0xBA, 0xB4, 0xAC, 0xA6, 0xA6, 0xA8, 0xB0, 0xB6, 0xBE,
    0xC6, 0xCC, 0xD4, 0xD6, 0xCE, 0xC8, 0xC0, 0xB8, 0xB6, 0xBE, 0xBC, 0xB4, 0xAE, 0xAA, 0xB0, 0xB8,
    0xBE, 0xC6, 0xCA, 0xC4, 0xBC, 0xB6, 0xAE, 0xA8, 0xA0, 0x9E, 0xA6, 0xAC, 0xB4, 0xBA, 0xC4, 0xC6,
    0xC8, 0xD0, 0xCA, 0xC2, 0xBA, 0xB4, 0xAC, 0xB2, 0xB6, 0xB0, 0xA8, 0xA6, 0xAE, 0xB4, 0xBC, 0xBE,
    0xB6, 0xAE, 0xA8, 0xA0, 0x9E, 0xA6, 0xA4, 0x9C, 0x94, 0x92, 0x9A, 0xA0, 0xA8, 0xA2, 0x9E, 0xA6,
    0xA6, 0xA6, 0x9E, 0x96, 0x90, 0x88, 0x82, 0x7A, 0x76, 0x7C, 0x82, 0x8A, 0x92, 0x98, 0xA0, 0xA2,
    0x9A, 0x94, 0x8C, 0x94, 0x96, 0x8E, 0x88, 0x80, 0x86, 0x8E, 0x94, 0x96, 0x8C, 0x92, 0x96, 0x96,
    0x92, 0x88, 0x86, 0x84, 0x7C, 0x76, 0x6E, 0x70, 0x78, 0x7E, 0x86, 0x8E, 0x94, 0x9C, 0xA2, 0xAA,
    0xAE, 0xB0, 0xB2, 0xB6, 0xBC, 0xB4, 0xAC, 0xA6, 0xA6, 0xA6, 0xA0, 0x9E, 0xA6, 0xA4, 0x9C, 0x94,
    0x8E, 0x86, 0x88, 0x90, 0x96, 0x9E, 0xA6, 0xA4, 0x9C, 0xA2, 0xA6, 0xA6, 0xA8, 0xAE, 0xB6, 0xBC,
    0xC4, 0xCA, 0xD2, 0xD0, 0xC8, 0xC0, 0xBE, 0xC6, 0xC4, 0xBC, 0xC4, 0xC6, 0xBE, 0xB8, 0xB0, 0xAA,
    0xA2, 0xA2, 0xA4, 0xAC, 0xA6, 0xA6, 0xA0, 0x9E, 0xA6, 0xAE, 0xAE, 0xB4, 0xBC, 0xC2, 0xCA, 0xD0,
    0xD8, 0xDA, 0xD2, 0xCC, 0xC4, 0xBE, 0xB6, 0xB0, 0xA8, 0xA2, 0x9A, 0x96, 0x9C, 0xA4, 0xAA, 0xB2,
    0xB8, 0xC0, 0xC6, 0xCE, 0xCC, 0xC4, 0xBC, 0xBA, 0xBA, 0xC0, 0xC8, 0xCA, 0xCA, 0xC2, 0xC4, 0xCC,
    0xC6, 0xBE, 0xB8, 0xB0, 0xAA, 0xAE, 0xB2, 0xAC, 0xA4, 0x9E, 0x96, 0x90, 0x98, 0x9A, 0x92, 0x94,
    0x9C, 0xA4, 0xAA, 0xB2, 0xB8, 0xC0, 0xC8, 0xCA, 0xC2, 0xBC, 0xB4, 0xAE, 0xAA, 0xB2, 0xB2, 0xAA,
    0xA2, 0x9A, 0x94, 0x8C, 0x86, 0x7E, 0x78, 0x70, 0x6A, 0x62, 0x64, 0x6C, 0x64, 0x62, 0x6A, 0x70,
    0x78, 0x7E, 0x86, 0x8C, 0x94, 0x9A, 0xA2, 0xA8, 0xB2, 0xB2, 0xAA, 0xA2, 0x9C, 0x94, 0x8E, 0x86,
    0x88, 0x90, 0x88, 0x82, 0x7A, 0x74, 0x6C, 0x74, 0x76, 0x70, 0x68, 0x66, 0x6E, 0x76, 0x7C, 0x84,
    0x8A, 0x92, 0x96, 0x90, 0x88, 0x82, 0x7A, 0x74, 0x7C, 0x7E, 0x76, 0x70, 0x68, 0x6E, 0x76, 0x7E,
    0x84, 0x8C, 0x92, 0x9A, 0xA0, 0xA8, 0xAE, 0xAA, 0xA4, 0x9C, 0x9A, 0xA2, 0xAA, 0xB0, 0xB8, 0xBA,
    0xB2, 0xAA, 0xA6, 0xAA, 0xB4, 0xB6, 0xB8, 0xC0, 0xC6, 0xCE, 0xD6, 0xD4, 0xCC, 0xC6, 0xBE, 0xB8,
    0xB0, 0xAA, 0xA2, 0x9C, 0x94, 0x92, 0x9A, 0xA2, 0xA8, 0xB0, 0xB6, 0xBE, 0xC6, 0xCA, 0xC6, 0xBE,
    0xB6, 0xB0, 0xA8, 0xA2, 0x9E, 0xA6, 0xA4, 0x9C, 0x96, 0x90, 0x9A, 0x9A, 0x92, 0x96, 0x9C, 0xA4,
    0xAA, 0xB2, 0xB0, 0xA8, 0xB0, 0xB6, 0xBE, 0xBC, 0xB4, 0xBC, 0xBE, 0xB6, 0xB8, 0xC0, 0xBA, 0xBA,
    0xB4, 0xAC, 0xA6, 0x9E, 0x96, 0x96, 0x96, 0x9E, 0x9A, 0x94, 0x8C, 0x8A, 0x92, 0x98, 0xA0, 0xA8,
    0xAE, 0xB6, 0xBC, 0xC2, 0xBE, 0xB6, 0xB0, 0xA8, 0xA2, 0x9A, 0x94, 0x8A, 0x8A, 0x92, 0x9A, 0xA0,
    0xA8, 0xAA, 0xA2, 0xA4, 0xAC, 0xAE, 0xAE, 0xA6, 0xA0, 0x9A, 0x9E, 0xA6, 0xAC, 0xB4, 0xBC, 0xC2,
    0xC6, 0xC0, 0xB8, 0xB2, 0xAA, 0xA4, 0x9C, 0x94, 0x8E, 0x86, 0x80, 0x88, 0x8A, 0x86, 0x86, 0x84,
    0x7C, 0x7A, 0x7E, 0x80, 0x88, 0x8E, 0x94, 0x8A, 0x8C, 0x94, 0x9A, 0xA2, 0xA8, 0xB0, 0xB6, 0xB2,
    0xAC, 0xA4, 0xA2, 0xAA, 0xB2, 0xB8, 0xB0, 0xAE, 0xB6, 0xB4, 0xAC, 0xA6, 0x9E, 0x96, 0x90, 0x8A,
    0x8E, 0x96, 0x9C, 0xA4, 0xAA, 0xA6, 0x9E, 0x9E, 0x9E, 0xA6, 0xAE, 0xB2, 0xAE, 0xB2, 0xBA, 0xC0,
    0xC8, 0xC0, 0xBE, 0xC6, 0xC4, 0xBC, 0xC4, 0xC6, 0xC0, 0xB8, 0xB2, 0xAA, 0xA4, 0x9A, 0x9A, 0xA2,
    0xAA, 0xB0, 0xB8, 0xBE, 0xC6, 0xC4, 0xBC, 0xB4, 0xAE, 0xA6, 0xA0, 0x9A, 0x9E, 0xA6, 0xAC, 0xB4,
    0xBC, 0xC2, 0xC6, 0xC0, 0xB8, 0xB2, 0xAA, 0xA4, 0x9C, 0x96, 0x8E, 0x92, 0x98, 0x90, 0x8A, 0x82,
    0x84, 0x8C, 0x92, 0x9A, 0xA2, 0xA8, 0xB0, 0xAA, 0xA6, 0xAE, 0xB4, 0xBA, 0xB6, 0xAE, 0xA8, 0xA0,
    0x9A, 0x9E, 0xA4, 0xAC, 0xAE, 0xA6, 0x9E, 0x98, 0x90, 0x8E, 0x96, 0x9C, 0xA4, 0x9C, 0x9A, 0xA2,
    0xA8, 0xB0, 0xB6, 0xBE, 0xC6, 0xC6, 0xBC, 0xB6, 0xAE, 0xA8, 0xA0, 0x9A, 0x92, 0x8C, 0x84, 0x82,
    0x8A, 0x90, 0x98, 0x90, 0x8E, 0x96, 0x9C, 0xA4, 0x9E, 0x96, 0x90, 0x88, 0x82, 0x7A, 0x76, 0x7C,
    0x84, 0x8A, 0x92, 0x98, 0xA0, 0xA8, 0xAE, 0xB6, 0xBA, 0xB4, 0xAE, 0xA6, 0xA0, 0x98, 0x90, 0x8A,
    0x82, 0x7E, 0x7E, 0x82, 0x8A, 0x90, 0x98, 0x9E, 0xA6, 0xAA, 0xA4, 0x9C, 0x96, 0x8E, 0x88, 0x90,
    0x92, 0x8A, 0x8C, 0x94, 0x9C, 0xA2, 0xAA, 0xA8, 0xA0, 0xA8, 0xAA, 0xA2, 0xA4, 0xAC, 0xA6, 0xA2,
    0xA2, 0xA8, 0xAE, 0xB6, 0xB4, 0xAC, 0xAA, 0xB2, 0xBA, 0xC0, 0xB8, 0xB2, 0xAA, 0xA4, 0x9C, 0x94,
    0x8E, 0x86, 0x88, 0x90, 0x96, 0x9E, 0xA4, 0xAC, 0xB2, 0xBA, 0xBE, 0xB8, 0xB0, 0xAA, 0xA2, 0x9C,
    0xA4, 0xA6, 0x9E, 0x98, 0x90, 0x98, 0x9E, 0xA6, 0xA4, 0x9C, 0x96, 0x8E, 0x86, 0x88, 0x90, 0x8A,
    0x84, 0x7A, 0x7A, 0x82, 0x8A, 0x90, 0x98, 0x9A, 0x92, 0x8A, 0x84, 0x8C, 0x8E, 0x86, 0x80, 0x78,
    0x70, 0x6E, 0x76, 0x7C, 0x84, 0x7E, 0x7A, 0x80, 0x88, 0x8E, 0x8A, 0x84, 0x7C, 0x7A, 0x82, 0x7E,
    0x78, 0x80, 0x86, 0x8E, 0x94, 0x9C, 0xA4, 0xAA, 0xB2, 0xB0, 0xA8, 0xAE, 0xB2, 0xAA, 0xAC, 0xB4,
    0xBA, 0xC0, 0xB6, 0xB6, 0xBE, 0xBA, 0xB4, 0xBC, 0xBE, 0xB6, 0xB8, 0xC0, 0xC6, 0xC2, 0xBA, 0xBC,
    0xC4, 0xBC, 0xB6, 0xAE, 0xB0, 0xB8, 0xBE, 0xC2, 0xBC, 0xB4, 0xAE, 0xA6, 0x9E, 0x98, 0x90, 0x8A,
    0x8C, 0x94, 0x9C, 0xA2, 0xAA, 0xA8, 0xA0, 0xA8, 0xAA, 0xA2, 0xA4, 0xAC, 0xB4, 0xB6, 0xAE, 0xA8,
    0xA0, 0x9A, 0x96, 0x9C, 0xA4, 0xAC, 0xA6, 0xA2, 0xA6, 0xA6, 0xAE, 0xB6, 0xBC, 0xC4, 0xC6, 0xBE,
    0xB8, 0xB0, 0xB6, 0xBE, 0xC6, 0xCC, 0xD2, 0xCE, 0xC6, 0xC0, 0xB8, 0xB2, 0xAA, 0xA4, 0x9C, 0x9A,
    0xA2, 0xAA, 0xB0, 0xB8, 0xBA, 0xB2, 0xAC, 0xA4, 0x9C, 0x9A, 0xA2, 0xA8, 0xB0, 0xAA, 0xA2, 0x9A,
    0x9C, 0xA4, 0x9E, 0x9A, 0xA0, 0xA8, 0xAE, 0xB6, 0xBC, 0xC4, 0xC6, 0xBE, 0xB6, 0xB0, 0xB8, 0xBA,
    0xB2, 0xB4, 0xBC, 0xC4, 0xCA, 0xD2, 0xD0, 0xC8, 0xC2, 0xBA, 0xB2, 0xB4, 0xBC, 0xC2, 0xC8, 0xD0,
    0xD2, 0xCA, 0xCE, 0xD4, 0xCC, 0xC6, 0xBE, 0xC0, 0xC8, 0xD0, 0xD2, 0xCA, 0xC4, 0xBC, 0xB6, 0xAE,
    0xA6, 0xA6, 0xA6, 0xAE, 0xB6, 0xBC, 0xC4, 0xC6, 0xBE, 0xC0, 0xC8, 0xCA, 0xC2, 0xC6, 0xCC, 0xC4,
    0xBE, 0xB6, 0xB0, 0xA8, 0xA0, 0x9A, 0x92, 0x94, 0x9C, 0xA2, 0xA8, 0x9E, 0xA0, 0xA8, 0xAE, 0xB6,
    0xBC, 0xC4, 0xCA, 0xC8, 0xC0, 0xB8, 0xB2, 0xAA, 0xA2, 0x9C, 0x94, 0x8E, 0x86, 0x86, 0x88, 0x90,
    0x92, 0x8A, 0x84, 0x7C, 0x7A, 0x7A, 0x80, 0x88, 0x8E, 0x96, 0x9C, 0x94, 0x92, 0x9A, 0xA2, 0xA8,
    0xA0, 0x9A, 0x92, 0x8C, 0x84, 0x8A, 0x92, 0x9A, 0x98, 0x90, 0x8A, 0x86, 0x8C, 0x94, 0x9A, 0xA2,
    0xA6, 0xA0, 0x98, 0x92, 0x8A, 0x86, 0x8C, 0x92, 0x9A, 0xA2, 0xA8, 0xB0, 0xB2, 0xAA, 0xA4, 0x9C,
    0x96, 0x8E, 0x88, 0x80, 0x7A, 0x7A, 0x7A, 0x74, 0x72, 0x7A, 0x82, 0x88, 0x90, 0x96, 0x9E, 0x9C,
    0x94, 0x8C, 0x8A, 0x92, 0x90, 0x88, 0x8E, 0x96, 0x9E, 0xA4, 0xAC, 0xB2, 0xBA, 0xC0, 0xC8, 0xCE,
    0xCA, 0xC6, 0xCC, 0xD4, 0xDA, 0xE2, 0xE6, 0xE6, 0xE6, 0xEE, 0xEC, 0xE4, 0xDC, 0xD6, 0xCE, 0xD0,
    0xD8, 0xDE, 0xE6, 0xEE, 0xEC, 0xE4, 0xDE, 0xD6, 0xD6, 0xD8, 0xDE, 0xDA, 0xD4, 0xDC, 0xDE, 0xD6,
    0xCE, 0xC8, 0xC0, 0xBA, 0xB2, 0xAC, 0xA4, 0xAC, 0xAE, 0xA6, 0xA0, 0x98, 0x9E, 0xA6, 0xAC, 0xB4,
    0xBA, 0xC2, 0xC6, 0xC0, 0xB8, 0xB2, 0xAA, 0xA4, 0x9C, 0x9A, 0xA2, 0xA8, 0xB0, 0xB8, 0xBA, 0xB2,
    0xB4, 0xBC, 0xBE, 0xBE, 0xB8, 0xB0, 0xA8, 0xA2, 0x9C, 0xA6, 0xA4, 0x9E, 0x96, 0x92, 0x98, 0xA0,
    0xA6, 0xAE, 0xB4, 0xBC, 0xBE, 0xB6, 0xB0, 0xA8, 0xB0, 0xB2, 0xAA, 0xAC, 0xB4, 0xBC, 0xBE, 0xBE,
    0xB8, 0xB0, 0xAA, 0xA4, 0xAC, 0xAE, 0xA6, 0xAA, 0xB0, 0xB8, 0xBE, 0xC6, 0xCE, 0xD2, 0xCE, 0xC4,
    0xC2, 0xC0, 0xBE, 0xC8, 0xCE, 0xD6, 0xD4, 0xCC, 0xC6, 0xC0, 0xCA, 0xC8, 0xC2, 0xBA, 0xB6, 0xBC,
    0xC4, 0xCA, 0xD2, 0xD8, 0xD0, 0xCA, 0xC2, 0xC4, 0xCC, 0xC4, 0xC2, 0xCA, 0xD0, 0xD8, 0xE0, 0xE2,
    0xDC, 0xD4, 0xCE, 0xC6, 0xC2, 0xC8, 0xD0, 0xD6, 0xDE, 0xE4, 0xDC, 0xD6, 0xCE, 0xD0, 0xD8, 0xD0,
    0xCA, 0xC2, 0xBC, 0xB4, 0xBA, 0xC2, 0xCA, 0xC8, 0xC0, 0xBA, 0xB4, 0xBE, 0xBC, 0xB6, 0xAE, 0xAA,
    0xB0, 0xB8, 0xBE, 0xBE, 0xBC, 0xB4, 0xB2, 0xBA, 0xB8, 0xB0, 0xA8, 0xA2, 0x9A, 0x9C, 0xA4, 0xAA,
    0xB2, 0xB8, 0xC0, 0xC6, 0xC2, 0xBE, 0xC4, 0xCC, 0xD2, 0xDA, 0xE0, 0xD8, 0xD6, 0xDE, 0xDC, 0xD4,
    0xCC, 0xCA, 0xD2, 0xD8, 0xE0, 0xE8, 0xEA, 0xE2, 0xDC, 0xD4, 0xDA, 0xDE, 0xD8, 0xD0, 0xCA, 0xC2,
    0xBE, 0xC4, 0xCA, 0xD2, 0xD0, 0xC8, 0xC0, 0xBA, 0xB2, 0xAC, 0xA4, 0xAC, 0xAE, 0xA6, 0xA0, 0x98,
    0x9E, 0xA2, 0x9A, 0x9C, 0xA4, 0xAA, 0xB2, 0xB8, 0xC0, 0xC6, 0xC2, 0xBC, 0xB4, 0xB2, 0xBA, 0xC2,
    0xC8, 0xC0, 0xBA, 0xB2, 0xAA, 0xAA, 0xA6, 0x9E, 0x98, 0x90, 0x88, 0x82, 0x7A, 0x7A, 0x7C, 0x82,
    0x8A, 0x90, 0x98, 0xA0, 0xA6, 0xAE, 0xB2, 0xAC, 0xA6, 0x9E, 0x96, 0x92, 0x96, 0x9E, 0xA6, 0xA6,
    0xA6, 0xAA, 0xAE, 0xA6, 0xA0, 0x98, 0x92, 0x8A, 0x84, 0x7C, 0x76, 0x7A, 0x80, 0x88, 0x8E, 0x96,
    0x9E, 0xA4, 0x9C, 0x9A, 0xA2, 0xA0, 0x98, 0x9E, 0xA6, 0xAC, 0xB4, 0xBC, 0xC2, 0xC6, 0xC0, 0xB8,
    0xB2, 0xAA, 0xA4, 0xAC, 0xAE, 0xA6, 0xAA, 0xB0, 0xB8, 0xBA, 0xB2, 0xAC, 0xA4, 0xAC, 0xB2, 0xBA,
    0xB8, 0xB0, 0xAA, 0xA2, 0x9C, 0x94, 0x8E, 0x8E, 0x90, 0x98, 0xA0, 0xA6, 0xA2, 0x9C, 0x94, 0x8E,
    0x86, 0x88, 0x90, 0x88, 0x86, 0x8E, 0x94, 0x9C, 0xA2, 0xAA, 0xB2, 0xB8, 0xBE, 0xBA, 0xB2, 0xAC,
    0xA4, 0x9E, 0xA2, 0xA8, 0xB0, 0xB2, 0xAA, 0xAE, 0xB2, 0xAC, 0xA6, 0x9E, 0x96, 0x96, 0x90, 0x8E,
    0x96, 0x9C, 0xA4, 0x9E, 0x96, 0x90, 0x88, 0x82, 0x86, 0x8E, 0x94, 0x9C, 0xA2, 0x9E, 0x98, 0x90,
    0x8E, 0x96, 0x9E, 0xA4, 0xAC, 0xAE, 0xA6, 0xA0, 0x98, 0x9E, 0x9A, 0x92, 0x8C, 0x86, 0x8A, 0x92,
    0x98, 0xA0, 0xA6, 0xA2, 0x9C, 0x94, 0x92, 0x9A, 0xA2, 0xA8, 0xB0, 0xB2, 0xAA, 0xAC, 0xB4, 0xBC,
    0xBE, 0xB6, 0xB8, 0xC0, 0xBA, 0xB2, 0xAC, 0xA4, 0x9C, 0xA2, 0xA6, 0xA6, 0xA8, 0xAE, 0xAA, 0xA4,
    0xAC, 0xB2, 0xBA, 0xC2, 0xC8, 0xD0, 0xD2, 0xCA, 0xC4, 0xBC, 0xC4, 0xC6, 0xBE, 0xB8, 0xB0, 0xAA,
    0xA2, 0x9A, 0x9C, 0xA2, 0xAA, 0xAE, 0xA8, 0xA2, 0x9A, 0x9C, 0xA4, 0xAC, 0xB2, 0xBA, 0xC2, 0xC6,
    0xC2, 0xBA, 0xB2, 0xAC, 0xA6, 0xAA, 0xB2, 0xB8, 0xC0, 0xC6, 0xC2, 0xBA, 0xB4, 0xB2, 0xBA, 0xC2,
    0xC8, 0xC0, 0xBA, 0xB2, 0xB4, 0xBC, 0xC4, 0xCA, 0xD2, 0xD0, 0xC8, 0xC6, 0xC2, 0xBA, 0xB4, 0xAC,
    0xA6, 0xA8, 0xB0, 0xB8, 0xBE, 0xBA, 0xB2, 0xAC, 0xA4, 0x9E, 0x96, 0x92, 0x98, 0x9E, 0xA6, 0xA4,
    0x9C, 0x96, 0x8E, 0x86, 0x80, 0x78, 0x70, 0x6E, 0x74, 0x7C, 0x82, 0x8A, 0x92, 0x98, 0x9A, 0x90,
    0x96, 0x96, 0x9C, 0xA4, 0xAA, 0xB2, 0xB8, 0xB0, 0xAA, 0xA2, 0xA4, 0xAC, 0xB4, 0xB6, 0xAE, 0xB0,
    0xB8, 0xBE, 0xC2, 0xBA, 0xB6, 0xB6, 0xAE, 0xA6, 0xA0, 0xA8, 0xAE, 0xB6, 0xBC, 0xB4, 0xAE, 0xA6,
    0xA8, 0xB0, 0xA8, 0xA2, 0x9A, 0x9C, 0xA4, 0xAA, 0xAE, 0xA6, 0xA0, 0x98, 0x9E, 0xA6, 0xAE, 0xAE,
    0xA6, 0x9E, 0x9A, 0xA0, 0xA6, 0xAE, 0xB6, 0xBA, 0xB4, 0xAE, 0xA6, 0xA0, 0x98, 0x9E, 0xA6, 0xAE,
    0xAC, 0xA4, 0xAA, 0xAE, 0xA6, 0xA8, 0xAE, 0xB6, 0xBA, 0xB4, 0xAE, 0xA6, 0xA8, 0xB0, 0xB8, 0xBE,
    0xC6, 0xC4, 0xBC, 0xC4, 0xC6, 0xBE, 0xC0, 0xC8, 0xC2, 0xBA, 0xB4, 0xAC, 0xA4, 0xAA, 0xAE, 0xA8,
    0xA0, 0x9A, 0x92, 0x8E, 0x8E, 0x92, 0x9A, 0x98, 0x90, 0x8E, 0x8E, 0x96, 0x9C, 0xA4, 0x9C, 0x9A,
    0xA2, 0xA8, 0xAE, 0xAA, 0xA2, 0x9C, 0x94, 0x8E, 0x86, 0x82, 0x88, 0x90, 0x96, 0x94, 0x8C, 0x84,
    0x7E, 0x76, 0x6E, 0x6A, 0x6E, 0x76, 0x7E, 0x84, 0x8C, 0x92, 0x9A, 0xA2, 0xA0, 0x98, 0x92, 0x8A,
    0x84, 0x82, 0x8A, 0x92, 0x98, 0x90, 0x8E, 0x96, 0x94, 0x8C, 0x84, 0x82, 0x8A, 0x90, 0x98, 0x92,
    0x8A, 0x82, 0x84, 0x8C, 0x86, 0x7E, 0x76, 0x78, 0x80, 0x86, 0x8E, 0x94, 0x9A, 0xA4, 0xA6, 0xA6,
    0xA0, 0x9E, 0xA6, 0xA4, 0x9C, 0xA4, 0xA6, 0x9E, 0x98, 0x90, 0x96, 0x9E, 0xA4, 0xAC, 0xB2, 0xAE,
    0xA6, 0xA0, 0x98, 0x96, 0x92, 0x8C, 0x84, 0x82, 0x8A, 0x92, 0x98, 0xA0, 0xA6, 0xAE, 0xAC, 0xA4,
    0x9C, 0x9A, 0xA2, 0xA0, 0x98, 0x9E, 0xA6, 0xA6, 0xA4, 0x9C, 0xA2, 0xA8, 0xB0, 0xB2, 0xAA, 0xA2,
    0x9C, 0x94, 0x8E, 0x86, 0x88, 0x90, 0x96, 0x9E, 0xA6, 0xAC, 0xB4, 0xBC, 0xBE, 0xB6, 0xB0, 0xA8,
    0xAE, 0xB4, 0xAC, 0xA6, 0xA6, 0x9E, 0x9A, 0xA0, 0xA6, 0xAE, 0xAC, 0xA4, 0x9C, 0x96, 0x8E, 0x88,
    0x80, 0x78, 0x76, 0x7E, 0x84, 0x8C, 0x92, 0x9A, 0xA0, 0xA8, 0xAE, 0xAA, 0xA2, 0x9C, 0x94, 0x8E,
    0x86, 0x80, 0x88, 0x8A, 0x82, 0x84, 0x8C, 0x94, 0x96, 0x8E, 0x90, 0x98, 0x9E, 0xA6, 0xAE, 0xAC,
    0xA4, 0xAA, 0xB0, 0xA6, 0xA8, 0xAE, 0xB6, 0xBA, 0xB4, 0xAC, 0xA6, 0x9E, 0x98, 0x90, 0x8E, 0x96,
    0x9C, 0xA4, 0xAC, 0xAE, 0xA6, 0xA0, 0x98, 0x92, 0x8E, 0x94, 0x9C, 0xA2, 0xAA, 0xAE, 0xA8, 0xA0,
    0x9A, 0x92, 0x8C, 0x94, 0x96, 0x8E, 0x88, 0x80, 0x88, 0x8E, 0x96, 0x9C, 0xA2, 0x9E, 0x96, 0x90,
    0x88, 0x82, 0x86, 0x8E, 0x94, 0x9C, 0xA2, 0x9E, 0x98, 0xA0, 0xA2, 0x9A, 0x92, 0x8C, 0x94, 0x9A,
    0xA2, 0xA8, 0xB0, 0xB8, 0xBA, 0xB2, 0xB4, 0xBC, 0xC2, 0xC6, 0xC0, 0xB8, 0xB2, 0xAA, 0xA4, 0xAC,
    0xAE, 0xA6, 0x9E, 0x98, 0xA0, 0xA6, 0xAE, 0xB6, 0xBC, 0xC4, 0xC6, 0xBE, 0xB8, 0xB0, 0xAA, 0xA2,
    0x9C, 0x94, 0x8E, 0x92, 0x9A, 0xA2, 0xA2, 0x9A, 0x92, 0x8E, 0x94, 0x9C, 0xA2, 0xAA, 0xB0, 0xB8,
    0xBA, 0xB2, 0xAC, 0xA4, 0x9C, 0x9A, 0xA2, 0xA0, 0x98, 0x92, 0x8A, 0x84, 0x7C, 0x76, 0x7A, 0x80,
    0x76, 0x76, 0x7E, 0x86, 0x8C, 0x94, 0x9A, 0xA2, 0xAA, 0xB0, 0xB8, 0xBA, 0xB2, 0xAC, 0xA4, 0x9E,
    0x96, 0x90, 0x88, 0x82, 0x86, 0x8E, 0x92, 0x8C, 0x86, 0x7E, 0x7A, 0x7A, 0x7E, 0x86, 0x8E, 0x94,
    0x9C, 0xA2, 0xAA, 0xB0, 0xB6, 0xB2, 0xAA, 0xA2, 0x9C, 0x94, 0x9A, 0xA2, 0xAA, 0xA8, 0xA6, 0xAE,
    0xB4, 0xBC, 0xBE, 0xB4, 0xBA, 0xBE, 0xB8, 0xB0, 0xAE, 0xAC, 0xA4, 0x9E, 0x96, 0x8E, 0x88, 0x82,
    0x86, 0x8E, 0x96, 0x96, 0x96, 0x8E, 0x8A, 0x90, 0x98, 0x9E, 0xA6, 0xAC, 0xB4, 0xB6, 0xAE, 0xB2,
    0xB8, 0xB0, 0xAA, 0xA2, 0xA4, 0xAC, 0xB2, 0xBA, 0xC2, 0xC8, 0xD0, 0xD8, 0xDA, 0xD4, 0xCC, 0xC6,
    0xBE, 0xBA, 0xC0, 0xC8, 0xCE, 0xCA, 0xC4, 0xBC, 0xB6, 0xAE, 0xAA, 0xA8, 0xA0, 0x9E, 0xA6, 0xAC,
    0xB4, 0xAE, 0xA6, 0x9E, 0x98, 0x90, 0x96, 0x9A, 0x9A, 0x9C, 0xA2, 0xAA, 0xB0, 0xB8, 0xBE, 0xC6,
    0xC4, 0xBC, 0xB4, 0xB2, 0xBA, 0xB8, 0xB0, 0xA8, 0xA6, 0xAE, 0xB4, 0xBC, 0xB6, 0xAE, 0xA6, 0xA8,
    0xB0, 0xB6, 0xBA, 0xB4, 0xAC, 0xA6, 0x9E, 0x98, 0x90, 0x8A, 0x82, 0x84, 0x8C, 0x94, 0x9A, 0xA2,
    0xA8, 0xAE, 0xAA, 0xA2, 0x9A, 0x9C, 0xA4, 0x9E, 0x9A, 0xA0, 0xA8, 0xAE, 0xAA, 0xA4, 0x9C, 0x96,
    0x8E, 0x90, 0x98, 0xA0, 0xA6, 0xAE, 0xAC, 0xA4, 0x9C, 0x96, 0x8E, 0x90, 0x98, 0x9E, 0xA2, 0x9C,
    0x94, 0x8E, 0x8E, 0x8E, 0x8E, 0x90, 0x96, 0x9E, 0xA2, 0x9C, 0x96, 0x8E, 0x86, 0x82, 0x88, 0x8E,
    0x96, 0x9C, 0xA4, 0xAA, 0xB2, 0xBA, 0xB8, 0xB0, 0xB6, 0xBA, 0xB4, 0xAC, 0xA6, 0x9E, 0x98, 0x90,
    0x8E, 0x96, 0x96, 0x94, 0x8C, 0x8A, 0x92, 0x98, 0xA0, 0xA6, 0xA2, 0x9A, 0x94, 0x8C, 0x92, 0x9A,
    0xA2, 0xA0, 0x98, 0x9E, 0x9E, 0xA4, 0xAC, 0xB2, 0xBA, 0xBE, 0xB8, 0xB2, 0xAA, 0xA2, 0x9C, 0x94,
    0x92, 0x9A, 0x98, 0x90, 0x96, 0x9E, 0xA6, 0xA4, 0x9C, 0xA2, 0xAA, 0xB0, 0xB8, 0xBE, 0xBA, 0xB2,
    0xAC, 0xA4, 0x9E, 0x9E, 0x9E, 0x98, 0x92, 0x8A, 0x8C, 0x94, 0x9A, 0xA2, 0xAA, 0xB0, 0xB6, 0xB2,
    0xAA, 0xA4, 0x9C, 0x96, 0x9A, 0xA0, 0x96, 0x96, 0x9E, 0xA6, 0xAC, 0xB4, 0xB6, 0xAE, 0xB0, 0xB8,
    0xC0, 0xC2, 0xBA, 0xB4, 0xAC, 0xA6, 0x9E, 0x96, 0x98, 0xA0, 0xA6, 0xAE, 0xB6, 0xB6, 0xAC, 0xA6,
    0xA0, 0x98, 0x92, 0x8A, 0x8C, 0x94, 0x9C, 0xA2, 0xAA, 0xA8, 0xA6, 0xA2, 0x9E, 0xA6, 0xAC, 0xB4,
    0xAE, 0xAA, 0xB2, 0xB0, 0xAA, 0xA2, 0x9E, 0xA4, 0xAC, 0xB2, 0xBA, 0xBE, 0xB8, 0xB2, 0xAA, 0xA2,
    0x9C, 0x94, 0x8E, 0x86, 0x88, 0x90, 0x96, 0x9E, 0xA4, 0xAC, 0xB2, 0xAE, 0xA6, 0xA0, 0x98, 0x92,
    0x8A, 0x84, 0x8C, 0x8E, 0x86, 0x88, 0x90, 0x98, 0x9E, 0xA6, 0xA4, 0x9C, 0xA4, 0xA6, 0x9E, 0x98,
    0x90, 0x8A, 0x82, 0x7A, 0x7C, 0x84, 0x8A, 0x92, 0x92, 0x98, 0x9E, 0xA6, 0xAC, 0xB4, 0xBA, 0xC2,
    0xC0, 0xB8, 0xC0, 0xC6, 0xCE, 0xCC, 0xC4, 0xBC, 0xBA, 0xC2, 0xC0, 0xB8, 0xB2, 0xAA, 0xA2, 0xA2,
    0xAA, 0xB2, 0xB8, 0xC0, 0xC2, 0xBA, 0xB2, 0xAC, 0xA4, 0x9E, 0x96, 0x92, 0x90, 0x88, 0x82, 0x7A,
    0x74, 0x6E, 0x72, 0x7A, 0x80, 0x88, 0x8E, 0x96, 0x9C, 0xA4, 0xA6, 0x9C, 0x9A, 0x9A, 0xA0, 0xA2,
    0x9A, 0x9C, 0xA4, 0xAC, 0xAE, 0xA6, 0xA0, 0x98, 0x90, 0x8E, 0x96, 0x94, 0x8C, 0x92, 0x9A, 0xA0,
    0xA8, 0xAE, 0xAA, 0xA4, 0x9C, 0x9A, 0xA2, 0xAA, 0xB0, 0xB8, 0xBA, 0xB2, 0xAC, 0xA4, 0x9E, 0x9E,
    0x96, 0x90, 0x88, 0x80, 0x7E, 0x86, 0x8C, 0x92, 0x8E, 0x88, 0x92, 0x92, 0x8A, 0x82, 0x7E, 0x84,
    0x8A, 0x92, 0x9A, 0xA0, 0xA6, 0xA2, 0x9A, 0x94, 0x8C, 0x86, 0x7E, 0x76, 0x78, 0x80, 0x86, 0x8E,
    0x94, 0x9C, 0xA2, 0xAA, 0xAE, 0xA8, 0xA0, 0x9A, 0x92, 0x8C, 0x84, 0x7E, 0x76, 0x6E, 0x6A, 0x6E,
    0x76, 0x7E, 0x84, 0x8A, 0x86, 0x86, 0x80, 0x78, 0x72, 0x76, 0x76, 0x7C, 0x84, 0x8A, 0x92, 0x98,
    0xA0, 0xA2, 0x9A, 0x92, 0x8C, 0x84, 0x82, 0x8A, 0x90, 0x98, 0x92, 0x8A, 0x82, 0x84, 0x8C, 0x92,
    0x9A, 0xA0, 0xA8, 0xAE, 0xAA, 0xA2, 0x9C, 0x94, 0x8E, 0x90, 0x98, 0x90, 0x8E, 0x96, 0x9C, 0xA4,
    0xAC, 0xB2, 0xBA, 0xB8, 0xB0, 0xAA, 0xA6, 0xAE, 0xB4, 0xBC, 0xB6, 0xAE, 0xA8, 0xA6, 0xAE, 0xB6,
    0xBC, 0xB4, 0xB2, 0xBA, 0xC2, 0xC8, 0xC0, 0xBA, 0xB2, 0xB4, 0xBC, 0xB6, 0xAE, 0xA6, 0xA8, 0xB0,
    0xAA, 0xA6, 0xAC, 0xB4, 0xBC, 0xBE, 0xBE, 0xB8, 0xB0, 0xAA, 0xAC, 0xB4, 0xBC, 0xC2, 0xCA, 0xC8,
    0xC0, 0xB8, 0xB6, 0xBE, 0xC4, 0xCC, 0xD2, 0xDA, 0xE2, 0xE0, 0xD8, 0xD2, 0xCE, 0xD4, 0xDC, 0xE2,
    0xDE, 0xD8, 0xD0, 0xCE, 0xD6, 0xD4, 0xCC, 0xC4, 0xBE, 0xB6, 0xB0, 0xAA, 0xAE, 0xB6, 0xBC, 0xC4,
    0xCC, 0xD2, 0xDA, 0xE2, 0xE0, 0xDA, 0xD2, 0xCC, 0xD4, 0xDA, 0xDA, 0xD8, 0xD0, 0xC8, 0xC2, 0xBA,
    0xB6, 0xB6, 0xBC, 0xBE, 0xB6, 0xB0, 0xA8, 0xAE, 0xB6, 0xBC, 0xC4, 0xCA, 0xD2, 0xD6, 0xD0, 0xC8,
    0xC2, 0xC6, 0xCC, 0xD4, 0xD6, 0xCE, 0xC6, 0xC0, 0xC8, 0xCE, 0xD6, 0xD4, 0xCC, 0xD4, 0xD6, 0xCE,
    0xC8, 0xC0, 0xBA, 0xB2, 0xAA, 0xAC, 0xB4, 0xBA, 0xC0, 0xB8, 0xB6, 0xB6, 0xBE, 0xC4, 0xCA, 0xC6,
    0xBE, 0xB8, 0xB0, 0xA8, 0xA2, 0x9A, 0x94, 0x8C, 0x84, 0x82, 0x88, 0x90, 0x96, 0x9E, 0xA2, 0x9E,
    0x9E, 0x96, 0x8E, 0x88, 0x80, 0x7E, 0x86, 0x8C, 0x94, 0x9C, 0xA2, 0xAA, 0xB0, 0xB6, 0xB2, 0xAA,
    0xA2, 0x9C, 0x94, 0x8E, 0x86, 0x80, 0x78, 0x72, 0x76, 0x7E, 0x84, 0x8C, 0x92, 0x9A, 0xA0, 0xA8,
    0xAE, 0xB6, 0xBE, 0xC2, 0xBE, 0xB6, 0xAE, 0xA8, 0xA0, 0x9A, 0x96, 0x9E, 0x9C, 0x96, 0x96, 0x98,
    0xA0, 0xA8, 0xAE, 0xAA, 0xA4, 0x9C, 0x9A, 0xA2, 0xAA, 0xB0, 0xB8, 0xBA, 0xB2, 0xAC, 0xA4, 0x9E,
    0x96, 0x8E, 0x88, 0x80, 0x7A, 0x76, 0x76, 0x74, 0x6E, 0x66, 0x62, 0x68, 0x70, 0x76, 0x7E, 0x84,
    0x8C, 0x92, 0x9A, 0xA0, 0xA8, 0xB0, 0xB6, 0xBE, 0xC4, 0xCA, 0xC6, 0xBE, 0xB8, 0xB0, 0xA8, 0xA2,
    0x9A, 0x94, 0x8C, 0x86, 0x7E, 0x7A, 0x80, 0x88, 0x8A, 0x82, 0x7C, 0x74, 0x6E, 0x66, 0x68, 0x70,
    0x76, 0x7E, 0x84, 0x8C, 0x94, 0x9A, 0x9E, 0x98, 0x90, 0x8A, 0x8E, 0x96, 0x9C, 0xA2, 0xAA, 0xA6,
    0xA8, 0xAE, 0xAE, 0xB6, 0xB4, 0xAC, 0xA4, 0x9E, 0x96, 0x90, 0x88, 0x8E, 0x92, 0x8A, 0x8C, 0x94,
    0x8E, 0x86, 0x80, 0x78, 0x72, 0x76, 0x7E, 0x84, 0x8C, 0x92, 0x9A, 0xA0, 0x98, 0x92, 0x8A, 0x8C,
    0x94, 0x9C, 0x9E, 0x98, 0xA0, 0xA8, 0xAE, 0xB6, 0xBC, 0xC4, 0xCA, 0xC6, 0xBE, 0xB8, 0xB0, 0xAA,
    0xAE, 0xB4, 0xBC, 0xBE, 0xB6, 0xB0, 0xA8, 0xA0, 0x9A, 0x92, 0x8C, 0x84, 0x7E, 0x76, 0x70, 0x68,
    0x62, 0x66, 0x6E, 0x74, 0x7C, 0x82, 0x8A, 0x90, 0x98, 0xA0, 0xA6, 0xAE, 0xB2, 0xAC, 0xA6, 0x9E,
    0x98, 0x90, 0x98, 0x9A, 0x92, 0x8C, 0x84, 0x7E, 0x7A, 0x82, 0x80, 0x78, 0x72, 0x6C, 0x76, 0x76,
    0x6E, 0x66, 0x60, 0x58, 0x56, 0x5E, 0x64, 0x6C, 0x74, 0x7A, 0x82, 0x88, 0x90, 0x96, 0x9E, 0xA6,
    0xA4, 0x9C, 0xA2, 0xAA, 0xB0, 0xB8, 0xBE, 0xBE, 0xBC, 0xB4, 0xAE, 0xA6, 0x9E, 0x98, 0x90, 0x8A,
    0x82, 0x84, 0x8C, 0x86, 0x7E, 0x76, 0x70, 0x68, 0x60, 0x5E, 0x64, 0x6C, 0x72, 0x7A, 0x80, 0x8A,
    0x88, 0x86, 0x84, 0x7C, 0x84, 0x8A, 0x92, 0x9A, 0xA0, 0x98, 0x92, 0x92, 0x8C, 0x84, 0x7C, 0x7A,
    0x7A, 0x80, 0x88, 0x8E, 0x96, 0x9E, 0x9E, 0x96, 0x8E, 0x8A, 0x90, 0x8A, 0x82, 0x7A, 0x74, 0x6C,
    0x66, 0x5E, 0x60, 0x68, 0x6E, 0x76, 0x7E, 0x84, 0x8C, 0x92, 0x9A, 0xA2, 0xA0, 0x98, 0x92, 0x8E,
    0x94, 0x9C, 0xA2, 0xAA, 0xB0, 0xB8, 0xBE, 0xC6, 0xC4, 0xBC, 0xB4, 0xAE, 0xA6, 0xA8, 0xB0, 0xB8,
    0xBA, 0xB2, 0xAC, 0xA4, 0x9E, 0x96, 0x90, 0x88, 0x82, 0x86, 0x8C, 0x84, 0x82, 0x8A, 0x92, 0x98,
    0xA0, 0xA6, 0xAE, 0xB4, 0xBC, 0xC4, 0xCA, 0xD2, 0xD0, 0xC8, 0xC2, 0xBA, 0xB4, 0xAC, 0xA6, 0x9E,
    0x9A, 0x9E, 0x9E, 0xA6, 0xA4, 0x9A, 0x96, 0x96, 0x8E, 0x86, 0x80, 0x88, 0x8A, 0x82, 0x84, 0x8C,
    0x92, 0x9A, 0xA0, 0xA8, 0xAE, 0xB6, 0xBA, 0xB4, 0xAC, 0xA6, 0x9E, 0x98, 0x90, 0x8E, 0x96, 0x9E,
    0xA4, 0xAC, 0xB2, 0xBA, 0xC0, 0xC8, 0xD0, 0xD6, 0xD6, 0xD4, 0xCC, 0xC6, 0xBE, 0xB8, 0xB0, 0xAA,
    0xA2, 0x9A, 0x94, 0x8C, 0x86, 0x7E, 0x78, 0x80, 0x86, 0x86, 0x84, 0x7C, 0x74, 0x72, 0x7A, 0x80,
    0x88, 0x8E, 0x96, 0x9E, 0x9C, 0x96, 0x96, 0x98, 0xA0, 0xA8, 0xAE, 0xB6, 0xBC, 0xC4, 0xC6, 0xBE,
    0xB6, 0xB0, 0xA8, 0xA2, 0x9A, 0x94, 0x8C, 0x92, 0x9A, 0xA2, 0xA0, 0x98, 0x9E, 0xA2, 0x9A, 0x96,
    0x96, 0x9A, 0x9A, 0xA0, 0xA8, 0xAE, 0xAC, 0xA2, 0x9E, 0xA2, 0xAA, 0xB2, 0xB8, 0xC0, 0xC6, 0xC6,
    0xC4, 0xBC, 0xB6, 0xAE, 0xA6, 0xA8, 0xB0, 0xAA, 0xA2, 0x9C, 0x94, 0x8C, 0x8A, 0x8A, 0x90, 0x98,
    0x9E, 0xA6, 0xA4, 0x9C, 0x96, 0x8E, 0x90, 0x98, 0x9E, 0xA6, 0xAE, 0xB4, 0xBA, 0xB6, 0xAE, 0xA8,
    0xA0, 0x9A, 0x9E, 0xA2, 0x9C, 0x94, 0x8E, 0x86, 0x80, 0x88, 0x8E, 0x96, 0x94, 0x8C, 0x84, 0x82,
    0x8A, 0x90, 0x96, 0x96, 0x92, 0x8A, 0x84, 0x7C, 0x76, 0x72, 0x78, 0x80, 0x86, 0x8E, 0x96, 0x9C,
    0xA4, 0xA6, 0xA8, 0xB0, 0xA8, 0xA6, 0xAE, 0xAC, 0xA4, 0x9C, 0x9A, 0xA2, 0xA8, 0xB0, 0xB6, 0xBA,
    0xB2, 0xB4, 0xBC, 0xB6, 0xB2, 0xB8, 0xC0, 0xC6, 0xC2, 0xBC, 0xB4, 0xB2, 0xB6, 0xAE, 0xA8, 0xA0,
    0x9A, 0x92, 0x94, 0x9C, 0xA4, 0xA6, 0x9E, 0x98, 0x90, 0x96, 0x9E, 0xA6, 0xA6, 0x9E, 0x96, 0x92,
    0x96, 0x92, 0x8A, 0x8C, 0x94, 0x9C, 0xA2, 0xAA, 0xB2, 0xB8, 0xC0, 0xC2, 0xBA, 0xB4, 0xAC, 0xA6,
    0x9E, 0x98, 0x90, 0x8E, 0x8A, 0x82, 0x82, 0x84, 0x8A, 0x92, 0x96, 0x90, 0x8A, 0x82, 0x7A, 0x7A,
    0x74, 0x6E, 0x66, 0x68, 0x70, 0x76, 0x7E, 0x84, 0x8C, 0x92, 0x9A, 0x9E, 0x98, 0x90, 0x8A, 0x82,
    0x7E, 0x84, 0x8C, 0x92, 0x9A, 0xA0, 0xA8, 0xAA, 0xA2, 0x9C, 0x94, 0x8E, 0x86, 0x80, 0x76, 0x76,
    0x72, 0x6A, 0x62, 0x62, 0x6C, 0x72, 0x7A, 0x80, 0x88, 0x8E, 0x96, 0x9A, 0x96, 0x9A, 0xA2, 0xA0,
    0x98, 0xA0, 0xA6, 0xAE, 0xB4, 0xBC, 0xC4, 0xC6, 0xC6, 0xC0, 0xB8, 0xBE, 0xC2, 0xBC, 0xB4, 0xAE,
    0xA6, 0xA0, 0x98, 0x96, 0x9E, 0xA6, 0xAC, 0xB4, 0xBA, 0xC2, 0xC0, 0xB8, 0xB2, 0xAA, 0xA2, 0x9C,
    0x94, 0x8C, 0x8A, 0x90, 0x98, 0x9E, 0x9A, 0x92, 0x8C, 0x84, 0x82, 0x7E, 0x78, 0x80, 0x86, 0x8E,
    0x96, 0x9A, 0x94, 0x8E, 0x86, 0x7E, 0x7E, 0x88, 0x8E, 0x96, 0x94, 0x8C, 0x92, 0x9A, 0xA2, 0xA2,
    0x98, 0x92, 0x8C, 0x84, 0x7C, 0x76, 0x78, 0x80, 0x88, 0x8E, 0x96, 0x9C, 0xA4, 0x9C, 0x9A, 0xA2,
    0xA0, 0x98, 0x90, 0x8E, 0x94, 0x9C, 0xA2, 0xAA, 0xAE, 0xA8, 0xA0, 0x9A, 0x9E, 0xA4, 0x9C, 0x96,
    0x8E, 0x86, 0x88, 0x90, 0x92, 0x8A, 0x84, 0x7C, 0x76, 0x7A, 0x82, 0x88, 0x90, 0x96, 0x9A, 0x94,
    0x8C, 0x86, 0x86, 0x86, 0x80, 0x78, 0x72, 0x74, 0x7C, 0x84, 0x8A, 0x92, 0x90, 0x88, 0x82, 0x7A,
    0x72, 0x6C, 0x66, 0x6A, 0x72, 0x78, 0x80, 0x86, 0x8E, 0x92, 0x8C, 0x84, 0x7E, 0x76, 0x72, 0x76,
    0x76, 0x7E, 0x7C, 0x74, 0x7C, 0x82, 0x8A, 0x90, 0x98, 0x92, 0x8A, 0x82, 0x84, 0x8C, 0x92, 0x96,
    0x90, 0x88, 0x82, 0x7A, 0x74, 0x6C, 0x6A, 0x72, 0x7A, 0x80, 0x88, 0x8E, 0x96, 0x9E, 0xA2, 0x9E,
    0x96, 0x8E, 0x88, 0x82, 0x86, 0x8E, 0x94, 0x9C, 0xA2, 0x9E, 0x9A, 0xA0, 0xA8, 0xAE, 0xB6, 0xBC,
    0xC4, 0xCC, 0xCE, 0xC6, 0xC0, 0xB8, 0xB6, 0xBE, 0xC4, 0xCC, 0xC6, 0xBE, 0xB8, 0xB0, 0xA8, 0xA2,
    0x9E, 0xA4, 0xAC, 0xB2, 0xBA, 0xBA, 0xC0, 0xC8, 0xCE, 0xD6, 0xDA, 0xD4, 0xCE, 0xC6, 0xC0, 0xB8,
    0xB2, 0xAA, 0xA4, 0x9A, 0x9A, 0x96, 0x8E, 0x88, 0x80, 0x7A, 0x72, 0x6A, 0x64, 0x5C, 0x56, 0x5A,
    0x60, 0x68, 0x70, 0x76, 0x7E, 0x84, 0x8C, 0x92, 0x9A, 0x98, 0x90, 0x88, 0x86, 0x8E, 0x94, 0x9C,
    0x96, 0x8E, 0x86, 0x86, 0x90, 0x8A, 0x82, 0x7C, 0x74, 0x72, 0x7A, 0x80, 0x88, 0x8A, 0x82, 0x7C,
    0x74, 0x7A, 0x82, 0x8A, 0x90, 0x98, 0x9E, 0xA6, 0xAE, 0xAE, 0xAE, 0xA6, 0x9E, 0x98, 0x90, 0x8A,
    0x82, 0x7C, 0x74, 0x6E, 0x6E, 0x70, 0x78, 0x70, 0x6E, 0x76, 0x7C, 0x84, 0x8A, 0x92, 0x9A, 0xA0,
    0xA6, 0xA2, 0x9A, 0x94, 0x8C, 0x86, 0x7E, 0x7A, 0x80, 0x86, 0x8E, 0x8C, 0x84, 0x7C, 0x76, 0x6E,
    0x70, 0x78, 0x7E, 0x86, 0x8E, 0x8E, 0x8E, 0x92, 0x96, 0x8E, 0x88, 0x82, 0x86, 0x8E, 0x94, 0x9C,
    0xA2, 0xAA, 0xAE, 0xA8, 0xA2, 0x9A, 0x92, 0x8C, 0x84, 0x7E, 0x76, 0x78, 0x80, 0x88, 0x8A, 0x82,
    0x84, 0x8C, 0x92, 0x96, 0x90, 0x88, 0x82, 0x86, 0x8E, 0x94, 0x9C, 0xA2, 0xAA, 0xB0, 0xB8, 0xBA,
    0xB2, 0xAC, 0xA4, 0x9C, 0x96, 0x8E, 0x88, 0x80, 0x78, 0x76, 0x7C, 0x84, 0x8A, 0x92, 0x96, 0x96,
    0x98, 0x9E, 0x9A, 0x94, 0x8C, 0x84, 0x7E, 0x76, 0x70, 0x68, 0x66, 0x6E, 0x74, 0x7C, 0x82, 0x8A,
    0x90, 0x98, 0x9A, 0x92, 0x8A, 0x84, 0x7C, 0x76, 0x7A, 0x82, 0x88, 0x90, 0x96, 0x9E, 0xA4, 0xAC,
    0xB2, 0xBA, 0xB8, 0xB0, 0xA8, 0xA6, 0xAE, 0xAC, 0xA4, 0x9E, 0x96, 0x8E, 0x90, 0x98, 0x9E, 0xA6,
    0xAC, 0xB4, 0xBA, 0xB6, 0xB0, 0xA8, 0xA2, 0x9A, 0x9C, 0xA4, 0xAC, 0xAE, 0xA6, 0xA0, 0x98, 0x9E,
    0xA6, 0xAC, 0xB4, 0xB6, 0xAE, 0xA6, 0xA0, 0x98, 0x92, 0x8A, 0x86, 0x8C, 0x94, 0x9A, 0xA2, 0xA8,
    0xB0, 0xB2, 0xAA, 0xA4, 0x9C, 0x94, 0x8E, 0x86, 0x86, 0x86, 0x82, 0x7E, 0x86, 0x8C, 0x92, 0x9A,
    0x9E, 0x98, 0x90, 0x8A, 0x82, 0x7E, 0x84, 0x8A, 0x92, 0x9A, 0xA0, 0xA8, 0xAE, 0xB6, 0xB4, 0xAC,
    0xA6, 0x9E, 0x98, 0x90, 0x88, 0x82, 0x7A, 0x72, 0x72, 0x7C, 0x82, 0x8A, 0x90, 0x98, 0x9E, 0xA6,
    0xAA, 0xA4, 0x9E, 0x96, 0x8E, 0x8A, 0x90, 0x96, 0x9E, 0xA4, 0xAC, 0xAE, 0xAE, 0xA8, 0xA0, 0x9A,
    0x92, 0x8E, 0x94, 0x9C, 0xA2, 0xAA, 0xAE, 0xA8, 0xA0, 0x9A, 0x92, 0x8C, 0x84, 0x82, 0x8A, 0x90,
    0x98, 0xA0, 0xA2, 0x9A, 0x94, 0x8C, 0x92, 0x9A, 0xA0, 0xA8, 0xB0, 0xB2, 0xB2, 0xAC, 0xA4, 0x9E,
    0x96, 0x90, 0x88, 0x86, 0x86, 0x8C, 0x94, 0x9C, 0xA2, 0xAA, 0xA8, 0xA6, 0xA2, 0x9A, 0x94, 0x8C,
    0x86, 0x7E, 0x7A, 0x80, 0x88, 0x8E, 0x96, 0x9C, 0xA4, 0xAC, 0xB2, 0xBA, 0xBE, 0xB8, 0xB2, 0xAA,
    0xA4, 0x9C, 0x96, 0x8E, 0x86, 0x80, 0x7A, 0x7E, 0x86, 0x8C, 0x92, 0x92, 0x9A, 0x9E, 0x98, 0x90,
    0x8A, 0x82, 0x7E, 0x84, 0x8A, 0x92, 0x98, 0xA0, 0xA8, 0xAE, 0xB6, 0xBC, 0xC2, 0xBE, 0xB6, 0xB0,
    0xA8, 0xA0, 0xA6, 0xA4, 0x9C, 0x94, 0x92, 0x92, 0x90, 0x88, 0x80, 0x7A, 0x72, 0x6C, 0x64, 0x62,
    0x6A, 0x70, 0x78, 0x80, 0x86, 0x8E, 0x8C, 0x84, 0x7E, 0x7A, 0x80, 0x88, 0x8E, 0x96, 0x9E, 0xA4,
    0xAC, 0xB2, 0xBA, 0xBE, 0xB8, 0xB2, 0xAA, 0xA4, 0x9C, 0x94, 0x8E, 0x86, 0x80, 0x78, 0x7E, 0x86,
    0x8E, 0x94, 0x9C, 0x9E, 0x9E, 0x98, 0x92, 0x92, 0x96, 0x9C, 0x94, 0x8E, 0x86, 0x7E, 0x78, 0x70,
    0x6E, 0x76, 0x7C, 0x84, 0x8A, 0x92, 0x9A, 0xA0, 0xA6, 0xA2, 0x9A, 0x94, 0x8C, 0x86, 0x7E, 0x78,
    0x70, 0x6E, 0x76, 0x7E, 0x84, 0x8C, 0x92, 0x9A, 0x98, 0x90, 0x88, 0x82, 0x7A, 0x7C, 0x84, 0x8A,
    0x92, 0x98, 0xA0, 0xA8, 0xAE, 0xB6, 0xBA, 0xB4, 0xAE, 0xA6, 0xA0, 0x98, 0x90, 0x8A, 0x82, 0x7C,
    0x74, 0x72, 0x7A, 0x80, 0x88, 0x8E, 0x96, 0x9C, 0xA4, 0xA6, 0x9E, 0x96, 0x90, 0x88, 0x82, 0x86,
    0x8E, 0x94, 0x9C, 0xA2, 0xA6, 0xA6, 0xA0, 0x98, 0x92, 0x8A, 0x84, 0x7C, 0x7A, 0x82, 0x88, 0x90,
    0x96, 0x9E, 0x9E, 0x9C, 0x94, 0x92, 0x92, 0x98, 0x9A, 0x92, 0x8A, 0x84, 0x7C, 0x7A, 0x7A, 0x82,
    0x88, 0x90, 0x96, 0x9E, 0xA4, 0xAA, 0xA6, 0x9E, 0x96, 0x90, 0x88, 0x80, 0x7E, 0x84, 0x8C, 0x92,
    0x9A, 0xA0, 0xA8, 0xAA, 0xAA, 0xA2, 0x9C, 0x94, 0x8E, 0x86, 0x7E, 0x78, 0x80, 0x86, 0x8E, 0x8C,
    0x84, 0x8A, 0x92, 0x98, 0xA0, 0xA6, 0xAE, 0xB2, 0xAC, 0xA4, 0x9E, 0x96, 0x90, 0x88, 0x86, 0x8E,
    0x96, 0x9C, 0xA4, 0xA6, 0xA2, 0xA0, 0x98, 0x90, 0x8E, 0x94, 0x92, 0x92, 0x8E, 0x86, 0x86, 0x88,
    0x8E, 0x96, 0x9A, 0x94, 0x9C, 0xA2, 0xAA, 0xB0, 0xB8, 0xBA, 0xB2, 0xAC, 0xA4, 0x9C, 0x96, 0x8E,
    0x90, 0x96, 0x96, 0x94, 0x8A, 0x8C, 0x94, 0x9A, 0x9E, 0x98, 0x90, 0x8A, 0x8E, 0x96, 0x9C, 0xA4,
    0xA6, 0x9E, 0x98, 0x90, 0x8E, 0x96, 0x94, 0x8C, 0x84, 0x82, 0x8A, 0x90, 0x98, 0x9E, 0xA2, 0x9C,
    0x94, 0x8E, 0x86, 0x80, 0x78, 0x76, 0x76, 0x76, 0x76, 0x7C, 0x84, 0x8A, 0x92, 0x98, 0xA0, 0xA2,
    0x9A, 0x94, 0x8C, 0x92, 0x9A, 0xA2, 0xA0, 0x98, 0x92, 0x8A, 0x84, 0x7C, 0x76, 0x6E, 0x6A, 0x70,
    0x78, 0x7E, 0x86, 0x8A, 0x86, 0x86, 0x7E, 0x78, 0x70, 0x76, 0x7E, 0x86, 0x8C, 0x94, 0x9A, 0x9A,
    0xA0, 0xA8, 0xAE, 0xAA, 0xAA, 0xA6, 0xA6, 0xA6, 0x9E, 0x98, 0x90, 0x8A, 0x82, 0x7A, 0x76, 0x7C,
    0x82, 0x8A, 0x90, 0x98, 0xA0, 0xA2, 0x9A, 0x94, 0x8C, 0x86, 0x7E, 0x76, 0x76, 0x7E, 0x86, 0x8C,
    0x94, 0x9A, 0xA2, 0xA0, 0x98, 0x90, 0x8A, 0x8A, 0x8C, 0x94, 0x8C, 0x86, 0x7E, 0x78, 0x72, 0x76,
    0x7E, 0x84, 0x8C, 0x92, 0x9A, 0xA2, 0xA2, 0xA0, 0x9A, 0x92, 0x8C, 0x84, 0x7E, 0x76, 0x78, 0x80,
    0x88, 0x8E, 0x96, 0x9C, 0xA2, 0x9E, 0x96, 0x90, 0x88, 0x86, 0x8E, 0x92, 0x8A, 0x8A, 0x92, 0x9A,
    0xA0, 0xA8, 0xB0, 0xB6, 0xB4, 0xAC, 0xA4, 0x9E, 0x96, 0x90, 0x88, 0x80, 0x7A, 0x72, 0x6C, 0x66,
    0x6A, 0x72, 0x78, 0x80, 0x86, 0x8E, 0x96, 0x9C, 0xA4, 0xA6, 0xA8, 0xB2, 0xB6, 0xB6, 0xBE, 0xBC,
    0xB4, 0xAC, 0xA6, 0x9E, 0x98, 0x90, 0x8E, 0x8E, 0x94, 0x9C, 0xA2, 0xA2, 0xA0, 0x98, 0x90, 0x8A,
    0x82, 0x7A, 0x76, 0x7C, 0x82, 0x8A, 0x90, 0x98, 0x9A, 0x92, 0x8C, 0x84, 0x7C, 0x7A, 0x82, 0x88,
    0x90, 0x96, 0x92, 0x8C, 0x84, 0x7E, 0x76, 0x72, 0x76, 0x76, 0x7E, 0x86, 0x8C, 0x94, 0x9A, 0xA2,
    0xA0, 0x98, 0x90, 0x8A, 0x82, 0x84, 0x8C, 0x92, 0x9A, 0xA0, 0xA8, 0xAE, 0xAE, 0xAC, 0xA4, 0x9C,
    0x96, 0x8E, 0x8A, 0x90, 0x96, 0x9E, 0xA2, 0xA2, 0x9C, 0x96, 0x8E, 0x86, 0x80, 0x78, 0x76, 0x7E,
    0x84, 0x8C, 0x92, 0x9A, 0x9A, 0x98, 0x90, 0x8A, 0x82, 0x82, 0x82, 0x8C, 0x8E, 0x90, 0x98, 0x9E,
    0xA6, 0xA4, 0x9C, 0x94, 0x8E, 0x86, 0x7E, 0x7E, 0x88, 0x8E, 0x96, 0x9A, 0x9A, 0x96, 0x8E, 0x88,
    0x80, 0x7A, 0x72, 0x6E, 0x74, 0x7C, 0x82, 0x8A, 0x90, 0x98, 0x9E, 0xA6, 0xA4, 0x9C, 0x96, 0x96,
    0x8E, 0x88, 0x80, 0x7A, 0x7A, 0x76, 0x7C, 0x82, 0x8A, 0x92, 0x98, 0xA0, 0xA6, 0xA2, 0x9C, 0x94,
    0x8C, 0x86, 0x7E, 0x7A, 0x7A, 0x7E, 0x86, 0x8C, 0x94, 0x9A, 0xA2, 0xAA, 0xB0, 0xB6, 0xB2, 0xB2,
    0xAC, 0xA4, 0x9E, 0x96, 0x8E, 0x88, 0x80, 0x7E, 0x86, 0x8C, 0x94, 0x9A, 0xA2, 0xAA, 0xAE, 0xAA,
    0xA2, 0x9A, 0x94, 0x8C, 0x84, 0x82, 0x88, 0x80, 0x7E, 0x86, 0x8E, 0x94, 0x9C, 0xA2, 0xA2, 0xA2,
    0xA8, 0xB0, 0xB6, 0xBE, 0xBC, 0xB4, 0xAE, 0xA6, 0xA0, 0x98, 0x92, 0x8A, 0x82, 0x82, 0x84, 0x8A,
    0x92, 0x98, 0xA0, 0xA2, 0x9A, 0x94, 0x8C, 0x84, 0x82, 0x8A, 0x8E, 0x88, 0x82, 0x7A, 0x7C, 0x84,
    0x8A, 0x92, 0x9A, 0xA0, 0xA8, 0xB0, 0xB2, 0xAE, 0xAC, 0xA4, 0x9E, 0x96, 0x90, 0x88, 0x82, 0x7A,
    0x76, 0x7C, 0x82, 0x8A, 0x92, 0x98, 0xA0, 0xA2, 0x9A, 0x94, 0x8C, 0x86, 0x7E, 0x76, 0x70, 0x68,
    0x66, 0x66, 0x6C, 0x74, 0x7A, 0x82, 0x88, 0x90, 0x98, 0x9E, 0x9C, 0x94, 0x8C, 0x86, 0x7E, 0x76,
    0x78, 0x80, 0x86, 0x8E, 0x94, 0x9C, 0x9E, 0x9E, 0x98, 0x90, 0x8A, 0x82, 0x7A, 0x74, 0x6C, 0x66,
    0x6A, 0x70, 0x78, 0x80, 0x86, 0x8E, 0x8E, 0x92, 0x9A, 0xA2, 0xA8, 0xAE, 0xAA, 0xAA, 0xA2, 0x9C,
    0x94, 0x8E, 0x86, 0x80, 0x78, 0x76, 0x7E, 0x84, 0x8C, 0x92, 0x9A, 0x98, 0x90, 0x88, 0x82, 0x7A,
    0x7C, 0x84, 0x8A, 0x8A, 0x92, 0x98, 0xA0, 0xA8, 0xAA, 0xA4, 0x9C, 0x96, 0x8E, 0x8A, 0x90, 0x98,
    0x9A, 0x9C, 0xA6, 0xAA, 0xA6, 0xA6, 0x9E, 0x98, 0x90, 0x8A, 0x82, 0x86, 0x84, 0x82, 0x7E, 0x76,
    0x70, 0x68, 0x62, 0x5E, 0x64, 0x6C, 0x72, 0x7A, 0x82, 0x88, 0x90, 0x96, 0x9E, 0xA2, 0x9E, 0xA2,
    0xA2, 0xA8, 0xB0, 0xB6, 0xB2, 0xAA, 0xA4, 0x9C, 0x96, 0x8E, 0x86, 0x88, 0x90, 0x96, 0x9E, 0xA2,
    0xA2, 0xA2, 0x9E, 0x96, 0x90, 0x88, 0x82, 0x7A, 0x7C, 0x84, 0x8A, 0x92, 0x98, 0xA0, 0x9A, 0x9E,
    0xA4, 0xAC, 0xAE, 0xA6, 0x9E, 0x9E, 0x98, 0x92, 0x8A, 0x84, 0x7C, 0x7A, 0x82, 0x8A, 0x90, 0x98,
    0x9E, 0xA6, 0xA4, 0x9C, 0x96, 0x8E, 0x86, 0x80, 0x7A, 0x7E, 0x86, 0x8C, 0x94, 0x9A, 0xA2, 0xA6,
    0xA0, 0x98, 0x90, 0x8E, 0x8E, 0x92, 0x9C, 0x9E, 0xA2, 0xA2, 0xA8, 0xAA, 0xA2, 0x9C, 0x94, 0x8E,
    0x86, 0x86, 0x82, 0x80, 0x7C, 0x7E, 0x82, 0x84, 0x8A, 0x92, 0x96, 0x90, 0x8A, 0x82, 0x84, 0x8C,
    0x94, 0x9C, 0x9E, 0x96, 0x96, 0x92, 0x96, 0x9E, 0xA4, 0xAC, 0xB4, 0xB6, 0xAE, 0xA8, 0xA0, 0x9A,
    0x92, 0x8E, 0x94, 0x9A, 0x96, 0x90, 0x88, 0x82, 0x82, 0x7A, 0x7A, 0x74, 0x72, 0x76, 0x78, 0x80,
    0x86, 0x8E, 0x94, 0x9C, 0xA4, 0xAA, 0xAE, 0xA8, 0xA0, 0x9A, 0x92, 0x8C, 0x82, 0x82, 0x86, 0x86,
    0x88, 0x90, 0x96, 0x9E, 0x9C, 0x94, 0x92, 0x92, 0x9A, 0x98, 0x90, 0x96, 0x96, 0x96, 0x94, 0x8E,
    0x92, 0x92, 0x92, 0x96, 0x96, 0x94, 0x8A, 0x86, 0x86, 0x7E, 0x80, 0x8A, 0x8E, 0x90, 0x92, 0x94,
    0x9C, 0xA4, 0xA6, 0x9E, 0x98, 0x90, 0x8A, 0x86, 0x8C, 0x94, 0x9A, 0xA2, 0xA8, 0xA0, 0x9A, 0x9A,
    0x9E, 0xA4, 0x9C, 0x96, 0x8E, 0x86, 0x82, 0x88, 0x8E, 0x96, 0x9C, 0xA2, 0x9E, 0x96, 0x90, 0x88,
    0x82, 0x7A, 0x76, 0x76, 0x7C, 0x82, 0x8A, 0x88, 0x86, 0x88, 0x8E, 0x96, 0x9C, 0xA4, 0xAA, 0xB2,
    0xB0, 0xA8, 0xA2, 0x9A, 0x92, 0x8C, 0x86, 0x8A, 0x92, 0x98, 0xA0, 0xA6, 0xA6, 0xA4, 0x9C, 0x94,
    0x8E, 0x86, 0x80, 0x78, 0x72, 0x6A, 0x6C, 0x74, 0x7A, 0x82, 0x8A, 0x90, 0x98, 0x9E, 0xA6, 0xAC,
    0xB4, 0xBA, 0xB6, 0xAE, 0xA8, 0xA0, 0x9A, 0x92, 0x8C, 0x84, 0x82, 0x8A, 0x92, 0x96, 0x96, 0x92,
    0x8A, 0x84, 0x7C, 0x76, 0x6E, 0x66, 0x66, 0x68, 0x6E, 0x76, 0x7C, 0x84, 0x8C, 0x92, 0x9A, 0xA0,
    0xA8, 0xAA, 0xAE, 0xB2, 0xB2, 0xAE, 0xA6, 0x9E, 0x98, 0x90, 0x8E, 0x92, 0x8C, 0x84, 0x82, 0x7E,
    0x7A, 0x7A, 0x7A, 0x7A, 0x7A, 0x72, 0x74, 0x76, 0x78, 0x82, 0x88, 0x90, 0x96, 0x9E, 0xA4, 0xAC,
    0xB2, 0xB2, 0xB0, 0xA8, 0xA2, 0x9A, 0x92, 0x8C, 0x86, 0x8A, 0x88, 0x84, 0x88, 0x8A, 0x8E, 0x96,
    0x9C, 0x9E, 0x9E, 0xA2, 0xA2, 0xA6, 0xA2, 0xA0, 0x9E, 0x9C, 0x96, 0x96, 0x92, 0x90, 0x88, 0x82,
    0x82, 0x7C, 0x74, 0x6E, 0x72, 0x7A, 0x80, 0x88, 0x8E, 0x96, 0x9C, 0xA4, 0xA6, 0x9E, 0x98, 0x90,
    0x88, 0x80, 0x7E, 0x84, 0x8C, 0x92, 0x9A, 0xA0, 0xA8, 0xAA, 0xA2, 0x9A, 0x94, 0x8C, 0x84, 0x82,
    0x82, 0x82, 0x88, 0x8E, 0x96, 0x9C, 0x94, 0x8E, 0x86, 0x88, 0x90, 0x98, 0x9E, 0xA6, 0xA4, 0x9C,
    0x96, 0x8E, 0x88, 0x80, 0x7E, 0x7E, 0x7E, 0x82, 0x84, 0x86, 0x88, 0x92, 0x98, 0xA0, 0xA2, 0x9E,
    0x9C, 0x94, 0x9A, 0x9A, 0x9A, 0x9A, 0x9E, 0x9A, 0x9A, 0x94, 0x8E, 0x92, 0x92, 0x96, 0x98, 0xA0,
    0xA6, 0xAC, 0xB4, 0xB6, 0xAE, 0xA6, 0xA0, 0x98, 0x92, 0x8A, 0x82, 0x7C, 0x84, 0x8A, 0x92, 0x90,
    0x8A, 0x8A, 0x8C, 0x96, 0x9C, 0xA4, 0xA6, 0xA8, 0xAA, 0xB0, 0xB6, 0xBE, 0xC4, 0xBC, 0xB6, 0xAE,
    0xA6, 0xA0, 0x98, 0x92, 0x8A, 0x8A, 0x8A, 0x84, 0x82, 0x82, 0x82, 0x82, 0x78, 0x74, 0x6A, 0x6C,
    0x6E, 0x72, 0x7A, 0x80, 0x88, 0x8E, 0x96, 0x9C, 0xA4, 0xAA, 0xB2, 0xB6, 0xB6, 0xB2, 0xAA, 0xA2,
    0x9C, 0x94, 0x8E, 0x86, 0x86, 0x88, 0x8E, 0x96, 0x9A, 0x96, 0x96, 0x8C, 0x86, 0x7E, 0x7E, 0x80,
    0x86, 0x8E, 0x94, 0x9C, 0x9C, 0x9A, 0x98, 0x96, 0x92, 0x8A, 0x82, 0x84, 0x86, 0x8A, 0x92, 0x98,
    0xA0, 0xA6, 0xA2, 0x9A, 0x94, 0x8C, 0x86, 0x7E, 0x7A, 0x7A, 0x7E, 0x7E, 0x84, 0x8C, 0x94, 0x9A,
    0xA2, 0xA8, 0xAE, 0xAE, 0xAE, 0xB2, 0xAC, 0xA4, 0x9E, 0x96, 0x90, 0x88, 0x82, 0x7A, 0x76, 0x7C,
    0x84, 0x8A, 0x92, 0x98, 0xA0, 0xA2, 0x9A, 0x94, 0x8C, 0x84, 0x82, 0x86, 0x88, 0x90, 0x96, 0x9E,
    0xA4, 0xA6, 0xA6, 0x9E, 0x98, 0x90, 0x8A, 0x8A, 0x86, 0x86, 0x8A, 0x8A, 0x92, 0x90, 0x88, 0x80,
    0x86, 0x8A, 0x8C, 0x94, 0x9C, 0x9E, 0x96, 0x90, 0x88, 0x82, 0x7E, 0x84, 0x8A, 0x8A, 0x92, 0x98,
    0xA0, 0xA6, 0xAE, 0xAC, 0xA4, 0x9C, 0x96, 0x8E, 0x90, 0x92, 0x96, 0x9E, 0xA4, 0xAE, 0xAE, 0xA6,
    0xA6, 0xA0, 0x98, 0x92, 0x96, 0x96, 0x96, 0x96, 0x8E, 0x86, 0x80, 0x78, 0x70, 0x6E, 0x76, 0x7C,
    0x84, 0x8A, 0x92, 0x98, 0x9E, 0x9A, 0x92, 0x8C, 0x84, 0x82, 0x8A, 0x8A, 0x90, 0x98, 0x9E, 0xA6,
    0xAA, 0xAA, 0xA6, 0x9E, 0x96, 0x90, 0x88, 0x86, 0x8E, 0x96, 0x94, 0x8C, 0x86, 0x7E, 0x7A, 0x7A,
    0x7E, 0x86, 0x8C, 0x94, 0x9A, 0xA2, 0x9E, 0x9A, 0x9A, 0x92, 0x8A, 0x82, 0x82, 0x82, 0x8A, 0x92,
    0x98, 0xA0, 0xA6, 0xA6, 0xA4, 0x9C, 0x96, 0x8E, 0x86, 0x82, 0x80, 0x7C, 0x7E, 0x82, 0x84, 0x8A,
    0x92, 0x98, 0xA0, 0xA2, 0x9A, 0x92, 0x94, 0x9A, 0x9A, 0x9E, 0x96, 0x90, 0x88, 0x86, 0x8A, 0x8C,
    0x94, 0x96, 0x98, 0x9C, 0x98, 0x96, 0x92, 0x8C, 0x82, 0x84, 0x86, 0x88, 0x8A, 0x8E, 0x98, 0x9A,
    0x9E, 0xA2, 0xA2, 0x9E, 0x9A, 0x98, 0x96, 0x92, 0x92, 0x8E, 0x8E, 0x8C, 0x92, 0x96, 0x96, 0x90,
    0x8E, 0x8A, 0x8C, 0x90, 0x8C, 0x8A, 0x8E, 0x8E, 0x8E, 0x90, 0x92, 0x94, 0x94, 0x90, 0x92, 0x92,
    0x92, 0x92, 0x96, 0x96, 0x96, 0x96, 0x96, 0x9A, 0x9A, 0x9E, 0x9E, 0x9E, 0x9A, 0x92, 0x8E, 0x92,
    0x9A, 0x9A, 0x98, 0x90, 0x8A, 0x82, 0x84, 0x86, 0x8A, 0x92, 0x9A, 0x98, 0x96, 0x92, 0x8A, 0x84,
    0x7C, 0x76, 0x7A, 0x82, 0x88, 0x90, 0x96, 0x9E, 0xA4, 0xAA, 0xA6, 0x9E, 0x96, 0x92, 0x96, 0x9E,
    0xA2, 0x9C, 0x94, 0x8E, 0x8E, 0x8E, 0x90, 0x92, 0x96, 0x9A, 0x96, 0x94, 0x92, 0x9A, 0x98, 0x90,
    0x88, 0x82, 0x7A, 0x76, 0x76, 0x7A, 0x82, 0x88, 0x90, 0x96, 0x9E, 0xA6, 0xAC, 0xB2, 0xAE, 0xA6,
    0xA0, 0x98, 0x92, 0x8A, 0x82, 0x7C, 0x74, 0x72, 0x7A, 0x7A, 0x80, 0x86, 0x8E, 0x94, 0x9C, 0x94,
    0x92, 0x92, 0x98, 0x9A, 0x9A, 0x9A, 0x94, 0x9C, 0xA2, 0xA2, 0x9E, 0x9A, 0x9A, 0x90, 0x8E, 0x8E,
    0x94, 0x96, 0x96, 0x8E, 0x88, 0x80, 0x7A, 0x72, 0x74, 0x76, 0x7A, 0x82, 0x8A, 0x90, 0x98, 0x9A,
    0x9C, 0x9E, 0x9E, 0x9E, 0x9C, 0xA2, 0xA6, 0xA8, 0xAA, 0xA6, 0xA4, 0x9E, 0x9E, 0x96, 0x96, 0x96,
    0x92, 0x88, 0x86, 0x8A, 0x8A, 0x86, 0x86, 0x80, 0x78, 0x72, 0x76, 0x76, 0x7C, 0x84, 0x8A, 0x92,
    0x92, 0x98, 0xA0, 0xA2, 0xA4, 0xAE, 0xAE, 0xAE, 0xAE, 0xA8, 0xA0, 0x98, 0x92, 0x8A, 0x8C, 0x8E,
    0x92, 0x98, 0x96, 0x92, 0x90, 0x8E, 0x8E, 0x94, 0x9C, 0x9E, 0x96, 0x90, 0x88, 0x82, 0x7A, 0x76,
    0x76, 0x7A, 0x82, 0x8A, 0x90, 0x98, 0x9A, 0x9A, 0x96, 0x96, 0x96, 0x8E, 0x88, 0x7E, 0x7E, 0x86,
    0x8E, 0x96, 0x9C, 0xA4, 0xA6, 0xA2, 0xA0, 0x9A, 0x9A, 0x94, 0x98, 0x94, 0x92, 0x92, 0x92, 0x90,
    0x8E, 0x8E, 0x8E, 0x92, 0x92, 0x92, 0x8E, 0x8E, 0x8E, 0x8A, 0x8A, 0x8A, 0x8A, 0x86, 0x86, 0x7E,
    0x7E, 0x80, 0x88, 0x8E, 0x94, 0x9E, 0x9E, 0xA2, 0xA6, 0xA6, 0xA0, 0x98, 0x92, 0x8A, 0x8A, 0x8C,
    0x92, 0x9A, 0xA0, 0xA8, 0xAA, 0xA2, 0x9C, 0x92, 0x92, 0x8E, 0x8A, 0x88, 0x80, 0x7A, 0x7E, 0x86,
    0x8C, 0x94, 0x96, 0x96, 0x92, 0x92, 0x90, 0x8E, 0x8C, 0x8A, 0x86, 0x7E, 0x7E, 0x80, 0x88, 0x8E,
    0x96, 0x9C, 0xA4, 0xA6, 0xA6, 0xA0, 0x96, 0x96, 0x92, 0x8E, 0x8E, 0x94, 0x96, 0x9A, 0x98, 0x96,
    0x90, 0x8A, 0x82, 0x84, 0x86, 0x8A, 0x90, 0x8E, 0x90, 0x92, 0x90, 0x8E, 0x92, 0x92, 0x92, 0x92,
    0x92, 0x96, 0x96, 0x98, 0x92, 0x8E, 0x8C, 0x86, 0x86, 0x88, 0x8E, 0x8E, 0x96, 0x9E, 0xA4, 0xAC,
    0xAE, 0xAE, 0xA6, 0xA6, 0xA2, 0x9A, 0x92, 0x8C, 0x86, 0x8A, 0x92, 0x98, 0xA0, 0xA6, 0xA2, 0x9A,
    0x94, 0x8C, 0x86, 0x7E, 0x78, 0x70, 0x68, 0x66, 0x6E, 0x74, 0x7C, 0x82, 0x8A, 0x90, 0x98, 0xA0,
    0xA2, 0x9E, 0x9C, 0x94, 0x8E, 0x8A, 0x8A, 0x90, 0x92, 0x96, 0x94, 0x90, 0x94, 0x96, 0x98, 0xA2,
    0xA2, 0xA2, 0x9A, 0x94, 0x8C, 0x84, 0x7E, 0x76, 0x76, 0x78, 0x7E, 0x86, 0x8C, 0x94, 0x9A, 0xA2,
    0xA0, 0x9E, 0x9A, 0x98, 0x96, 0x94, 0x92, 0x8C, 0x8A, 0x86, 0x88, 0x8A, 0x8E, 0x96, 0x9E, 0x9E,
    0xA2, 0x9E, 0x9A, 0x98, 0x90, 0x8A, 0x8A, 0x84, 0x7E, 0x7E, 0x82, 0x8A, 0x90, 0x98, 0x9E, 0x9E,
    0x9C, 0x96, 0x94, 0x92, 0x98, 0x96, 0x96, 0x92, 0x92, 0x8E, 0x8C, 0x86, 0x86, 0x7E, 0x7A, 0x7A,
    0x7E, 0x7E, 0x84, 0x8C, 0x92, 0x9A, 0xA0, 0xA2, 0xA0, 0x9A, 0x92, 0x94, 0x96, 0x9A, 0x9A, 0x9E,
    0x9E, 0x9E, 0x9A, 0x96, 0x94, 0x8C, 0x86, 0x86, 0x82, 0x80, 0x7E, 0x7E, 0x7E, 0x7E, 0x82, 0x84,
    0x86, 0x88, 0x90, 0x96, 0x9E, 0xA6, 0xAA, 0xAA, 0xA6, 0x9E, 0x98, 0x96, 0x96, 0x96, 0x96, 0x96,
    0x96, 0x9A, 0x9A, 0xA0, 0xA2, 0xA2, 0x9A, 0x94, 0x8C, 0x84, 0x7E, 0x76, 0x72, 0x76, 0x76, 0x7E,
    0x84, 0x8C, 0x94, 0x9A, 0xA2, 0xA6, 0xA6, 0xA2, 0x9A, 0x92, 0x94, 0x96, 0x9A, 0x9E, 0x9A, 0x98,
    0x96, 0x9C, 0x9A, 0x96, 0x96, 0x8E, 0x8E, 0x8E, 0x8E, 0x8E, 0x8E, 0x8C, 0x8C, 0x92, 0x92, 0x96,
    0x92, 0x90, 0x8E, 0x8E, 0x8E, 0x8C, 0x8A, 0x8A, 0x8A, 0x90, 0x96, 0x96, 0x9A, 0x9A, 0x9C, 0x96,
    0x92, 0x90, 0x88, 0x86, 0x86, 0x8A, 0x8C, 0x94, 0x9A, 0x9A, 0xA0, 0xA2, 0xA2, 0xA2, 0xA2, 0xA2,
    0xA2, 0xA2, 0xA0, 0x96, 0x92, 0x88, 0x86, 0x82, 0x82, 0x7C, 0x7A, 0x7E, 0x80, 0x88, 0x8E, 0x92,
    0x92, 0x92, 0x92, 0x92, 0x92, 0x92, 0x92, 0x8A, 0x8E, 0x8E, 0x94, 0x9C, 0xA2, 0xAA, 0xAE, 0xA8,
    0xA2, 0x9A, 0x94, 0x8C, 0x8A, 0x8A, 0x90, 0x98, 0x9E, 0x9A, 0x92, 0x8E, 0x8C, 0x8A, 0x86, 0x82,
    0x86, 0x86, 0x8E, 0x96, 0x9A, 0x9A, 0x96, 0x92, 0x90, 0x86, 0x86, 0x86, 0x86, 0x8C, 0x8E, 0x92,
    0x92, 0x96, 0x96, 0x96, 0x92, 0x92, 0x92, 0x94, 0x9A, 0xA2, 0xA6, 0xA2, 0xA2, 0x9A, 0x92, 0x8C,
    0x8A, 0x8C, 0x8E, 0x90, 0x98, 0xA0, 0xA2, 0xA2, 0x9C, 0x94, 0x8E, 0x86, 0x7E, 0x7A, 0x7A, 0x7E,
    0x86, 0x8A, 0x86, 0x86, 0x8A, 0x8A, 0x90, 0x92, 0x92, 0x92, 0x94, 0x9A, 0x9A, 0x9E, 0x9E, 0x9E,
    0x9A, 0x9A, 0x9A, 0x9C, 0x9E, 0x9E, 0x9E, 0x9A, 0x98, 0x92, 0x8A, 0x86, 0x86, 0x8C, 0x8E, 0x90,
    0x98, 0xA0, 0xA2, 0x9A, 0x94, 0x8C, 0x86, 0x86, 0x7E, 0x7E, 0x80, 0x86, 0x86, 0x8C, 0x94, 0x9A,
    0x9A, 0x96, 0x96, 0x90, 0x8E, 0x8A, 0x8C, 0x8E, 0x92, 0x92, 0x98, 0x9A, 0x9A, 0x9A, 0x9A, 0x9C,
    0x9E, 0xA2, 0x9E, 0x9E, 0x98, 0x96, 0x94, 0x90, 0x8E, 0x8C, 0x86, 0x7E, 0x80, 0x82, 0x88, 0x8A,
    0x8C, 0x96, 0x9A, 0x9A, 0xA2, 0xA0, 0x9E, 0x9A, 0x92, 0x8C, 0x84, 0x7E, 0x82, 0x8A, 0x90, 0x98,
    0x9A, 0x9C, 0x9E, 0xA2, 0xA4, 0xA6, 0x9E, 0x9E, 0x98, 0x90, 0x8A, 0x82, 0x7E, 0x82, 0x84, 0x86,
    0x88, 0x90, 0x96, 0x9E, 0xA6, 0xAA, 0xAA, 0xA6, 0x9E, 0x98, 0x90, 0x8E, 0x8A, 0x82, 0x7C, 0x84,
    0x86, 0x88, 0x92, 0x96, 0x96, 0x96, 0x9A, 0x9A, 0x9A, 0x9A, 0x9A, 0x98, 0x96, 0x96, 0x96, 0x9C,
    0xA2, 0xA2, 0xA4, 0x9E, 0x9A, 0x98, 0x96, 0x94, 0x92, 0x8E, 0x84, 0x82, 0x80, 0x7E, 0x7E, 0x7E,
    0x82, 0x82, 0x84, 0x8A, 0x8A, 0x92, 0x92, 0x90, 0x8E, 0x8E, 0x92, 0x94, 0x9A, 0xA2, 0xAA, 0xAE,
    0xAA, 0xAA, 0xA2, 0xA2, 0x9E, 0x9C, 0x9A, 0x98, 0x90, 0x8A, 0x8A, 0x86, 0x86, 0x84, 0x80, 0x84,
    0x86, 0x88, 0x8A, 0x8E, 0x8E, 0x94, 0x98, 0x94, 0x92, 0x90, 0x8A, 0x8A, 0x8A, 0x8C, 0x94, 0x9A,
    0x9C, 0x9E, 0xA0, 0xA2, 0x9A, 0x9A, 0x94, 0x8C, 0x8A, 0x8A, 0x8A, 0x90, 0x98, 0x98, 0x96, 0x94,
    0x8E, 0x8E, 0x8E, 0x8E, 0x90, 0x92, 0x96, 0x96, 0x9A, 0x9A, 0x96, 0x96, 0x96, 0x92, 0x90, 0x8E,
    0x8E, 0x8E, 0x8C, 0x8A, 0x8A, 0x8A, 0x8A, 0x8A, 0x8A, 0x8C, 0x8E, 0x92, 0x94, 0x96, 0x98, 0x9A,
    0x9A, 0x9A, 0x96, 0x94, 0x8C, 0x8A, 0x8A, 0x90, 0x98, 0x9A, 0x9E, 0x9E, 0x9E, 0x9E, 0x9E, 0x96,
    0x96, 0x90, 0x88, 0x86, 0x82, 0x84, 0x86, 0x8A, 0x92, 0x98, 0xA0, 0xA2, 0xA2, 0x9C, 0x92, 0x92,
    0x8E, 0x86, 0x7E, 0x7A, 0x7A, 0x7E, 0x86, 0x8C, 0x94, 0x9A, 0xA2, 0xA6, 0xA6, 0xA2, 0xA0, 0x9E,
    0x9C, 0x96, 0x96, 0x8E, 0x88, 0x86, 0x86, 0x86, 0x8A, 0x8C, 0x94, 0x9A, 0x9E, 0x9E, 0x98, 0x96,
    0x94, 0x8A, 0x86, 0x84, 0x82, 0x82, 0x82, 0x86, 0x90, 0x92, 0x94, 0x9A, 0x9A, 0x98, 0x96, 0x92,
    0x92, 0x96, 0x94, 0x92, 0x8E, 0x8E, 0x8E, 0x8E, 0x8E, 0x8E, 0x98, 0x9A, 0x9A, 0x9A, 0x9A, 0x9A,
    0x9A, 0x98, 0x92, 0x92, 0x8E, 0x8E, 0x8E, 0x8E, 0x92, 0x98, 0x96, 0x96, 0x92, 0x8A, 0x84, 0x82,
    0x82, 0x8A, 0x8A, 0x90, 0x98, 0x9A, 0x9C, 0x9E, 0x9E, 0x9E, 0x96, 0x8E, 0x8E, 0x88, 0x86, 0x8A,
    0x8C, 0x94, 0x9A, 0xA2, 0xA2, 0xA0, 0x9E, 0x9A, 0x92, 0x8C, 0x8A, 0x8A, 0x8A, 0x8A, 0x8A, 0x8A,
    0x8A, 0x8A, 0x8A, 0x8A, 0x8A, 0x8A, 0x8A, 0x8A, 0x8E, 0x8E, 0x96, 0x96, 0x96, 0x96, 0x96, 0x96,
    0x98, 0x9A, 0x9E, 0xA2, 0xA2, 0xA2, 0xA2, 0xA0, 0x96, 0x96, 0x92, 0x92, 0x8A, 0x8A, 0x86, 0x86,
    0x86, 0x88, 0x90, 0x96, 0x94, 0x92, 0x8E, 0x8E, 0x86, 0x86, 0x86, 0x82, 0x80, 0x7E, 0x7E, 0x82,
    0x8C, 0x8E, 0x90, 0x98, 0xA0, 0xA6, 0xA6, 0xA6, 0xA4, 0xA2, 0x9E, 0x9E, 0x98, 0x96, 0x92, 0x92,
    0x8E, 0x8E, 0x8E, 0x92, 0x92, 0x96, 0x92, 0x90, 0x8E, 0x8C, 0x88, 0x8C, 0x8E, 0x8A, 0x88, 0x86,
    0x84, 0x80, 0x84, 0x86, 0x8A, 0x8A, 0x90, 0x98, 0xA0, 0xA2, 0xA2, 0x9E, 0x9C, 0x96, 0x8E, 0x8E,
    0x8A, 0x8E, 0x8E, 0x96, 0x96, 0x9C, 0x9E, 0x9E, 0x9E, 0x9E, 0x9A, 0x9A, 0x92, 0x8E, 0x8E, 0x8E,
    0x8E, 0x8E, 0x90, 0x92, 0x8E, 0x8C, 0x84, 0x7C, 0x7A, 0x82, 0x82, 0x88, 0x8E, 0x96, 0x9A, 0x9A,
    0x9A, 0x96, 0x96, 0x92, 0x92, 0x92, 0x92, 0x92, 0x94, 0x96, 0x9A, 0x9A, 0x9A, 0x9A, 0x9A, 0x9A,
    0x9A, 0x96, 0x96, 0x90, 0x94, 0x90, 0x8E, 0x8A, 0x8A, 0x86, 0x86, 0x8A, 0x8A, 0x8E, 0x90, 0x98,
    0x9A, 0x9A, 0x96, 0x94, 0x92, 0x90, 0x8E, 0x8E, 0x8E, 0x8E, 0x92, 0x92, 0x92, 0x92, 0x94, 0x8E,
    0x90, 0x92, 0x94, 0x98, 0x9A, 0x9C, 0xA0, 0x9C, 0x9A, 0x98, 0x92, 0x92, 0x94, 0x96, 0x96, 0x96,
    0x96, 0x96, 0x92, 0x92, 0x90, 0x8E, 0x8C, 0x8A, 0x8A, 0x8A, 0x92, 0x92, 0x96, 0x92, 0x8E, 0x8C,
    0x8A, 0x8A, 0x8A, 0x8E, 0x8E, 0x98, 0x9A, 0x9C, 0xA0, 0x9C, 0x9A, 0x98, 0x96, 0x92, 0x92, 0x92,
    0x94, 0x96, 0x96, 0x96, 0x96, 0x92, 0x90, 0x8A, 0x8A, 0x8A, 0x8C, 0x8E, 0x90, 0x92, 0x96, 0x92,
    0x90, 0x8E, 0x8E, 0x8E, 0x8E, 0x8E, 0x8E, 0x8E, 0x8E, 0x8E, 0x8E, 0x8A, 0x8C, 0x8E, 0x90, 0x94,
    0x96, 0x98, 0x9A, 0x9C, 0x9E, 0x9E, 0x9E, 0x9E, 0x9E, 0x98, 0x92, 0x92, 0x8E, 0x8E, 0x8E, 0x92,
    0x92, 0x9A, 0x9A, 0x9A, 0x9A, 0x96, 0x94, 0x8C, 0x86, 0x86, 0x82, 0x82, 0x82, 0x82, 0x86, 0x8A,
    0x8A, 0x92, 0x9A, 0xA0, 0xA2, 0xA0, 0x9E, 0x9C, 0x92, 0x92, 0x8E, 0x8E, 0x8E, 0x90, 0x96, 0x96,
    0x9A, 0x9C, 0x9E, 0xA2, 0xA0, 0x9E, 0x98, 0x90, 0x8A, 0x82, 0x82, 0x7E, 0x7E, 0x82, 0x82, 0x88,
    0x8E, 0x8E, 0x96, 0x96, 0x9C, 0x9E, 0x9E, 0x9E, 0x9E, 0x9A, 0x9A, 0x94, 0x92, 0x92, 0x92, 0x92,
    0x92, 0x92, 0x92, 0x92, 0x92, 0x92, 0x92, 0x92, 0x92, 0x92, 0x92, 0x92, 0x92, 0x92, 0x92, 0x92,
    0x92, 0x96, 0x98, 0x9A, 0x9A, 0x9A, 0x94, 0x8E, 0x8E, 0x8E, 0x8E, 0x8E, 0x90, 0x92, 0x92, 0x92,
    0x92, 0x92, 0x92, 0x90, 0x8E, 0x8A, 0x8A, 0x8A, 0x8C, 0x94, 0x9A, 0x9A, 0x9E, 0x9E, 0x9E, 0x9A,
    0x9A, 0x96, 0x96, 0x94, 0x92, 0x92, 0x92, 0x92, 0x92, 0x8E, 0x8E, 0x8E, 0x8E, 0x8E, 0x90, 0x92,
    0x92, 0x90, 0x8E, 0x8C, 0x8A, 0x86, 0x88, 0x90, 0x8E, 0x98, 0x9A, 0x9C, 0x9E, 0x9E, 0x9C, 0x9A,
    0x98, 0x92, 0x92, 0x8E, 0x8E, 0x8E, 0x92, 0x94, 0x96, 0x98, 0x98, 0x96, 0x94, 0x90, 0x8E, 0x8C,
    0x8A, 0x8A, 0x8A, 0x8A, 0x8A, 0x8C, 0x8E, 0x92, 0x94, 0x96, 0x98, 0x9A, 0x9A, 0x9A, 0x9A, 0x94,
    0x8C, 0x8A, 0x8A, 0x8E, 0x90, 0x98, 0x9A, 0x9C, 0xA0, 0x9C, 0x9A, 0x96, 0x8E, 0x8E, 0x8A, 0x8A,
    0x8A, 0x8A, 0x8A, 0x8A, 0x92, 0x96, 0x96, 0x96, 0x92, 0x92, 0x8E, 0x8E, 0x8E, 0x8E, 0x8E, 0x8E,
    0x90, 0x92, 0x94, 0x96, 0x9A, 0x9C, 0x9E, 0x9E, 0x9E, 0x9A, 0x9A, 0x92, 0x92, 0x8C, 0x8A, 0x8A,
    0x8A, 0x8A, 0x8E, 0x90, 0x92, 0x94, 0x96, 0x9A, 0x9A, 0x9A, 0x98, 0x96, 0x94, 0x92, 0x8E, 0x8E,
    0x8E, 0x90, 0x92, 0x92, 0x96, 0x96, 0x9A, 0x9A, 0x9C, 0x96, 0x92, 0x90, 0x88, 0x86, 0x86, 0x8A,
    0x8A, 0x8C, 0x8E, 0x90, 0x92, 0x96, 0x98, 0x9A, 0x9A, 0x9A, 0x9A, 0x9A, 0x9E, 0x9E, 0x9A, 0x9A,
    0x9E, 0xA4, 0x9C, 0x96, 0x88, 0x80, 0x80, 0x80, 0x80, 0x80, 0x80, 0x80, 0x80, 0x80, 0x80, 0x80,
    0x80, 0x80, 0x80, 0x80, 0x80, 0x80, 0x80, 0x80, 0x80, 0x80, 0x80, 0x80, 0x80, 0x80, 0x80, 0x80,
    0x80, 0x80, 0x80, 0x80, 0x80, 0x80, 0x80, 0x80, 0x80, 0x80, 0x80, 0x80, 0x80, 0x80, 0x80, 0x80,
    0x80, 0x80, 0x80, 0x80, 0x80, 0x80, 0x80, 0x80, 0x80, 0x80, 0x80, 0x80, 0x80, 0x80, 0x80, 0x80,
    0x80, 0x80, 0x80, 0x80, 0x80, 0x80, 0x80, 0x80, 0x80, 0x80, 0x80, 0x80, 0x80, 0x80, 0x80, 0x80,
    0x80, 0x80, 0x80, 0x80, 0x80, 0x80, 0x80, 0x80, 0x80, 0x80, 0x80, 0x80, 0x80, 0x80, 0x80, 0x80,
    0x80, 0x80, 0x80, 0x80, 0x80, 0x80, 0x80, 0x80, 0x80, 0x80, 0x80, 0x80, 0x80, 0x80, 0x80, 0x80,
};

const u8 __attribute__((aligned(256))) sfx_pcm_sfx_06[7936] = {
    0x7C, 0x7E, 0x82, 0x76, 0x6E, 0x64, 0x64, 0x6E, 0x76, 0x70, 0x64, 0x64, 0x6A, 0x60, 0x58, 0x4E,
    0x44, 0x3E, 0x46, 0x50, 0x5A, 0x64, 0x6A, 0x62, 0x66, 0x70, 0x7A, 0x82, 0x7C, 0x70, 0x70, 0x7A,
    0x82, 0x8E, 0x8A, 0x80, 0x78, 0x6E, 0x74, 0x74, 0x68, 0x60, 0x56, 0x5A, 0x66, 0x6A, 0x60, 0x56,
    0x5A, 0x64, 0x6C, 0x6E, 0x68, 0x5E, 0x5C, 0x64, 0x6E, 0x78, 0x82, 0x86, 0x7C, 0x72, 0x78, 0x78,
    0x6E, 0x64, 0x5C, 0x50, 0x50, 0x5A, 0x62, 0x5C, 0x5C, 0x68, 0x70, 0x7A, 0x74, 0x6A, 0x62, 0x5A,
    0x62, 0x6C, 0x70, 0x6A, 0x60, 0x56, 0x5A, 0x64, 0x6A, 0x62, 0x68, 0x66, 0x62, 0x6E, 0x76, 0x72,
    0x66, 0x62, 0x6C, 0x76, 0x72, 0x66, 0x62, 0x6A, 0x64, 0x58, 0x58, 0x62, 0x6A, 0x64, 0x5A, 0x56,
    0x60, 0x6A, 0x66, 0x5A, 0x56, 0x60, 0x68, 0x74, 0x74, 0x6A, 0x62, 0x6A, 0x66, 0x62, 0x6E, 0x6E,
    0x78, 0x82, 0x8C, 0x8C, 0x82, 0x78, 0x70, 0x66, 0x5E, 0x62, 0x62, 0x68, 0x6E, 0x66, 0x6C, 0x78,
    0x78, 0x6E, 0x66, 0x5C, 0x52, 0x48, 0x40, 0x36, 0x3A, 0x46, 0x4E, 0x58, 0x60, 0x6C, 0x6C, 0x66,
    0x70, 0x78, 0x84, 0x84, 0x7A, 0x72, 0x78, 0x82, 0x86, 0x7C, 0x72, 0x68, 0x60, 0x56, 0x4C, 0x42,
    0x46, 0x50, 0x5A, 0x62, 0x6C, 0x6A, 0x60, 0x5A, 0x62, 0x5C, 0x52, 0x4A, 0x42, 0x4A, 0x54, 0x5E,
    0x62, 0x58, 0x50, 0x44, 0x44, 0x4A, 0x42, 0x38, 0x3A, 0x44, 0x4C, 0x56, 0x60, 0x60, 0x54, 0x4E,
    0x56, 0x52, 0x46, 0x3E, 0x36, 0x3C, 0x46, 0x50, 0x56, 0x4E, 0x54, 0x5E, 0x60, 0x5A, 0x62, 0x5C,
    0x5C, 0x68, 0x70, 0x7A, 0x84, 0x84, 0x7A, 0x70, 0x68, 0x5C, 0x5C, 0x62, 0x5A, 0x60, 0x6A, 0x74,
    0x7A, 0x72, 0x68, 0x68, 0x6E, 0x64, 0x5C, 0x50, 0x50, 0x5A, 0x64, 0x6E, 0x76, 0x80, 0x86, 0x7E,
    0x74, 0x6A, 0x60, 0x58, 0x4E, 0x4E, 0x4E, 0x50, 0x58, 0x62, 0x5C, 0x5C, 0x66, 0x6E, 0x68, 0x5E,
    0x54, 0x4E, 0x56, 0x60, 0x6A, 0x74, 0x7A, 0x72, 0x68, 0x68, 0x6E, 0x64, 0x6E, 0x6A, 0x68, 0x72,
    0x7A, 0x86, 0x82, 0x7E, 0x8A, 0x92, 0x8C, 0x82, 0x78, 0x72, 0x7A, 0x84, 0x8E, 0x92, 0x8A, 0x92,
    0x8E, 0x84, 0x7E, 0x86, 0x7E, 0x82, 0x84, 0x7E, 0x86, 0x90, 0x90, 0x84, 0x7E, 0x86, 0x82, 0x76,
    0x6E, 0x64, 0x5A, 0x5E, 0x6A, 0x6E, 0x6A, 0x76, 0x72, 0x68, 0x62, 0x6A, 0x64, 0x66, 0x6A, 0x62,
    0x6A, 0x74, 0x74, 0x68, 0x62, 0x68, 0x74, 0x74, 0x6A, 0x62, 0x68, 0x68, 0x5C, 0x56, 0x5E, 0x58,
    0x58, 0x5E, 0x52, 0x4C, 0x40, 0x40, 0x46, 0x3E, 0x44, 0x4E, 0x58, 0x62, 0x6A, 0x74, 0x74, 0x68,
    0x60, 0x56, 0x5C, 0x5C, 0x50, 0x4A, 0x52, 0x4E, 0x42, 0x3A, 0x30, 0x3A, 0x36, 0x32, 0x3E, 0x46,
    0x50, 0x5A, 0x64, 0x6A, 0x62, 0x68, 0x72, 0x7A, 0x82, 0x7A, 0x7E, 0x8A, 0x8E, 0x86, 0x8C, 0x98,
    0x98, 0x8E, 0x86, 0x8C, 0x8A, 0x86, 0x92, 0x9A, 0x94, 0x94, 0xA0, 0xA6, 0x9E, 0x94, 0x8C, 0x82,
    0x78, 0x6E, 0x72, 0x7C, 0x86, 0x8E, 0x98, 0x98, 0x8C, 0x84, 0x7A, 0x80, 0x80, 0x74, 0x6E, 0x76,
    0x7A, 0x80, 0x8C, 0x8C, 0x84, 0x7A, 0x70, 0x66, 0x5E, 0x54, 0x54, 0x60, 0x68, 0x72, 0x7C, 0x7C,
    0x70, 0x68, 0x5E, 0x64, 0x64, 0x5E, 0x68, 0x70, 0x7A, 0x84, 0x8A, 0x82, 0x78, 0x6E, 0x6A, 0x74,
    0x7E, 0x88, 0x8E, 0x8C, 0x86, 0x8C, 0x98, 0x98, 0x8E, 0x86, 0x8E, 0x8A, 0x88, 0x8E, 0x86, 0x7C,
    0x7C, 0x88, 0x90, 0x9A, 0x96, 0x8A, 0x86, 0x8E, 0x86, 0x7E, 0x7C, 0x7C, 0x88, 0x90, 0x9C, 0x9C,
    0x94, 0x8A, 0x90, 0x90, 0x84, 0x7C, 0x72, 0x76, 0x80, 0x8A, 0x92, 0x8A, 0x82, 0x78, 0x72, 0x7A,
    0x74, 0x6A, 0x60, 0x5A, 0x62, 0x6C, 0x6A, 0x66, 0x6E, 0x66, 0x6A, 0x76, 0x7A, 0x70, 0x6E, 0x66,
    0x6C, 0x76, 0x7E, 0x8A, 0x88, 0x7C, 0x76, 0x7E, 0x7A, 0x6E, 0x6A, 0x72, 0x6E, 0x78, 0x78, 0x72,
    0x7C, 0x86, 0x82, 0x78, 0x70, 0x66, 0x6C, 0x6A, 0x66, 0x72, 0x7A, 0x76, 0x6A, 0x62, 0x58, 0x50,
    0x44, 0x44, 0x4A, 0x42, 0x48, 0x54, 0x54, 0x4E, 0x56, 0x50, 0x46, 0x42, 0x4C, 0x56, 0x60, 0x68,
    0x72, 0x7A, 0x72, 0x76, 0x82, 0x86, 0x7E, 0x72, 0x76, 0x7A, 0x6E, 0x66, 0x6C, 0x6C, 0x60, 0x58,
    0x4E, 0x44, 0x44, 0x4E, 0x56, 0x4E, 0x52, 0x5E, 0x62, 0x5A, 0x62, 0x5E, 0x5C, 0x62, 0x5A, 0x60,
    0x6A, 0x74, 0x7A, 0x72, 0x76, 0x82, 0x86, 0x7E, 0x86, 0x82, 0x76, 0x72, 0x7A, 0x74, 0x74, 0x80,
    0x86, 0x7E, 0x72, 0x76, 0x7A, 0x72, 0x7A, 0x84, 0x8C, 0x96, 0xA0, 0xAA, 0xA6, 0x9C, 0x96, 0x98,
    0xA0, 0xA0, 0x94, 0x8E, 0x96, 0xA0, 0xA0, 0x94, 0x8C, 0x82, 0x78, 0x6E, 0x6A, 0x74, 0x6A, 0x6E,
    0x70, 0x6C, 0x66, 0x6C, 0x6C, 0x60, 0x5E, 0x56, 0x5C, 0x5C, 0x50, 0x4A, 0x52, 0x5C, 0x66, 0x6A,
    0x62, 0x6A, 0x66, 0x5C, 0x52, 0x4A, 0x40, 0x40, 0x4C, 0x52, 0x4A, 0x40, 0x40, 0x4C, 0x4C, 0x42,
    0x46, 0x50, 0x5A, 0x64, 0x6C, 0x78, 0x78, 0x72, 0x7A, 0x74, 0x6A, 0x60, 0x5A, 0x62, 0x5C, 0x54,
    0x50, 0x48, 0x3E, 0x44, 0x44, 0x3E, 0x46, 0x3E, 0x42, 0x4C, 0x52, 0x4A, 0x40, 0x42, 0x4C, 0x52,
    0x4A, 0x50, 0x50, 0x4A, 0x54, 0x5C, 0x68, 0x68, 0x62, 0x6C, 0x62, 0x66, 0x6A, 0x5E, 0x56, 0x4A,
    0x4C, 0x58, 0x60, 0x6A, 0x74, 0x7E, 0x82, 0x7E, 0x78, 0x6C, 0x64, 0x5A, 0x52, 0x58, 0x62, 0x6C,
    0x72, 0x6A, 0x70, 0x7A, 0x84, 0x8A, 0x82, 0x86, 0x92, 0x96, 0x8C, 0x82, 0x86, 0x92, 0x96, 0x8E,
    0x82, 0x86, 0x8A, 0x7E, 0x76, 0x7C, 0x7C, 0x70, 0x68, 0x5E, 0x54, 0x54, 0x5E, 0x66, 0x5E, 0x62,
    0x6C, 0x76, 0x80, 0x76, 0x7A, 0x7C, 0x76, 0x7E, 0x88, 0x88, 0x7C, 0x76, 0x7E, 0x78, 0x78, 0x7E,
    0x74, 0x7E, 0x7A, 0x70, 0x66, 0x5E, 0x64, 0x70, 0x70, 0x6A, 0x72, 0x6C, 0x6C, 0x78, 0x7E, 0x76,
    0x7A, 0x86, 0x8E, 0x96, 0x8E, 0x86, 0x7C, 0x76, 0x7E, 0x8A, 0x86, 0x7C, 0x74, 0x6E, 0x7A, 0x76,
    0x72, 0x7A, 0x72, 0x68, 0x68, 0x72, 0x7A, 0x86, 0x82, 0x80, 0x8A, 0x92, 0x8C, 0x82, 0x78, 0x70,
    0x66, 0x6C, 0x76, 0x7E, 0x86, 0x7E, 0x84, 0x84, 0x7A, 0x72, 0x78, 0x82, 0x8C, 0x96, 0x9E, 0x98,
    0x8C, 0x8C, 0x92, 0x8A, 0x80, 0x82, 0x86, 0x7C, 0x86, 0x8E, 0x90, 0x9A, 0xA4, 0xAE, 0xAA, 0xA0,
    0x98, 0x8E, 0x94, 0x94, 0x88, 0x80, 0x76, 0x7A, 0x86, 0x8A, 0x80, 0x8A, 0x84, 0x84, 0x8A, 0x80,
    0x78, 0x6C, 0x6C, 0x76, 0x7E, 0x8A, 0x86, 0x82, 0x8A, 0x82, 0x78, 0x6E, 0x6A, 0x74, 0x7E, 0x86,
    0x90, 0x96, 0x8C, 0x84, 0x78, 0x78, 0x7E, 0x76, 0x7C, 0x7C, 0x70, 0x6A, 0x72, 0x7C, 0x7C, 0x72,
    0x68, 0x5E, 0x54, 0x54, 0x5E, 0x68, 0x70, 0x7A, 0x7C, 0x72, 0x6A, 0x70, 0x70, 0x64, 0x5E, 0x66,
    0x6E, 0x70, 0x7A, 0x82, 0x7A, 0x7E, 0x8A, 0x8E, 0x84, 0x7C, 0x72, 0x6E, 0x7A, 0x7E, 0x84, 0x84,
    0x78, 0x72, 0x7A, 0x76, 0x6A, 0x66, 0x68, 0x72, 0x7A, 0x84, 0x8A, 0x82, 0x78, 0x78, 0x84, 0x8A,
    0x82, 0x78, 0x7A, 0x7E, 0x76, 0x7E, 0x7A, 0x70, 0x66, 0x5C, 0x54, 0x4A, 0x42, 0x42, 0x4A, 0x54,
    0x5E, 0x68, 0x6E, 0x66, 0x6C, 0x6C, 0x60, 0x58, 0x4E, 0x52, 0x5C, 0x66, 0x70, 0x7A, 0x76, 0x6C,
    0x62, 0x5A, 0x4E, 0x52, 0x56, 0x4E, 0x56, 0x60, 0x6A, 0x6E, 0x64, 0x5A, 0x52, 0x46, 0x42, 0x4C,
    0x54, 0x5E, 0x68, 0x6E, 0x66, 0x6C, 0x76, 0x78, 0x70, 0x66, 0x6C, 0x6C, 0x66, 0x70, 0x7A, 0x76,
    0x6C, 0x62, 0x58, 0x4E, 0x46, 0x44, 0x3E, 0x48, 0x50, 0x5A, 0x5C, 0x56, 0x5E, 0x5A, 0x4E, 0x4A,
    0x52, 0x4E, 0x58, 0x60, 0x6A, 0x72, 0x6C, 0x60, 0x5E, 0x6A, 0x72, 0x7E, 0x7A, 0x76, 0x82, 0x8A,
    0x94, 0x9C, 0xA6, 0xAE, 0xA8, 0x9C, 0x9C, 0xA6, 0xAE, 0xBA, 0xB6, 0xAC, 0xA6, 0xAE, 0xA8, 0x9E,
    0x96, 0x8C, 0x82, 0x86, 0x92, 0x96, 0x8C, 0x82, 0x7A, 0x70, 0x66, 0x5E, 0x64, 0x70, 0x70, 0x6A,
    0x72, 0x6E, 0x6A, 0x60, 0x58, 0x4E, 0x44, 0x44, 0x4E, 0x58, 0x62, 0x6A, 0x74, 0x7A, 0x70, 0x68,
    0x5E, 0x54, 0x4E, 0x56, 0x50, 0x46, 0x4A, 0x52, 0x4A, 0x40, 0x38, 0x2E, 0x24, 0x1A, 0x1E, 0x28,
    0x32, 0x3A, 0x46, 0x42, 0x3E, 0x4A, 0x52, 0x4E, 0x42, 0x40, 0x42, 0x48, 0x54, 0x54, 0x4A, 0x42,
    0x4A, 0x46, 0x44, 0x4A, 0x42, 0x46, 0x4A, 0x54, 0x5C, 0x66, 0x70, 0x7A, 0x82, 0x8A, 0x82, 0x88,
    0x88, 0x82, 0x8C, 0x82, 0x86, 0x90, 0x96, 0x8E, 0x94, 0x92, 0x8C, 0x8E, 0x86, 0x7C, 0x72, 0x6E,
    0x78, 0x82, 0x7E, 0x72, 0x6E, 0x76, 0x6E, 0x72, 0x76, 0x6A, 0x62, 0x56, 0x5A, 0x64, 0x6C, 0x76,
    0x80, 0x8A, 0x8E, 0x86, 0x8E, 0x8A, 0x80, 0x76, 0x6E, 0x74, 0x72, 0x68, 0x60, 0x56, 0x58, 0x52,
    0x50, 0x56, 0x4E, 0x44, 0x44, 0x4E, 0x56, 0x4E, 0x52, 0x5C, 0x66, 0x6E, 0x6E, 0x66, 0x5C, 0x56,
    0x5E, 0x68, 0x68, 0x5C, 0x54, 0x4A, 0x42, 0x3E, 0x3A, 0x42, 0x3C, 0x30, 0x30, 0x3A, 0x42, 0x3C,
    0x3E, 0x48, 0x50, 0x5A, 0x54, 0x54, 0x60, 0x68, 0x72, 0x6E, 0x62, 0x5A, 0x52, 0x5A, 0x56, 0x4A,
    0x46, 0x4E, 0x5A, 0x56, 0x52, 0x5E, 0x66, 0x60, 0x56, 0x4C, 0x46, 0x4E, 0x58, 0x60, 0x6A, 0x72,
    0x6C, 0x60, 0x5E, 0x5E, 0x56, 0x5C, 0x66, 0x70, 0x7A, 0x82, 0x8C, 0x8C, 0x80, 0x78, 0x6E, 0x74,
    0x74, 0x68, 0x62, 0x56, 0x5A, 0x5C, 0x56, 0x60, 0x56, 0x5A, 0x5E, 0x52, 0x4A, 0x50, 0x5A, 0x62,
    0x6C, 0x76, 0x72, 0x6E, 0x6E, 0x64, 0x5A, 0x52, 0x48, 0x42, 0x4A, 0x54, 0x5E, 0x68, 0x6E, 0x66,
    0x5C, 0x5E, 0x62, 0x5A, 0x62, 0x6C, 0x6C, 0x66, 0x70, 0x78, 0x84, 0x84, 0x7E, 0x86, 0x80, 0x76,
    0x72, 0x7E, 0x86, 0x90, 0x90, 0x84, 0x7C, 0x72, 0x78, 0x78, 0x6E, 0x66, 0x6E, 0x6A, 0x66, 0x72,
    0x7A, 0x74, 0x6A, 0x68, 0x6E, 0x66, 0x6A, 0x76, 0x7E, 0x86, 0x7E, 0x84, 0x84, 0x7A, 0x72, 0x7A,
    0x76, 0x72, 0x7E, 0x86, 0x90, 0x9A, 0x9E, 0x94, 0x8A, 0x8E, 0x9A, 0x9E, 0x96, 0x9E, 0xA6, 0xB0,
    0xB6, 0xAC, 0xA4, 0x9A, 0x90, 0x8A, 0x92, 0x8C, 0x8C, 0x98, 0xA0, 0xAA, 0xA4, 0xA2, 0xA2, 0x98,
    0x8E, 0x86, 0x7C, 0x76, 0x80, 0x88, 0x92, 0x9C, 0x9C, 0x92, 0x98, 0x98, 0x8C, 0x84, 0x7A, 0x70,
    0x6E, 0x72, 0x7A, 0x72, 0x76, 0x78, 0x6E, 0x66, 0x5A, 0x5E, 0x68, 0x70, 0x7A, 0x84, 0x8E, 0x92,
    0x88, 0x7E, 0x84, 0x84, 0x78, 0x72, 0x66, 0x6A, 0x6C, 0x62, 0x5A, 0x50, 0x46, 0x42, 0x4E, 0x56,
    0x60, 0x6A, 0x72, 0x7C, 0x86, 0x82, 0x76, 0x72, 0x7A, 0x72, 0x76, 0x80, 0x86, 0x7E, 0x74, 0x6A,
    0x60, 0x56, 0x4E, 0x44, 0x44, 0x50, 0x58, 0x62, 0x6C, 0x74, 0x7E, 0x86, 0x80, 0x76, 0x6C, 0x62,
    0x5A, 0x60, 0x6A, 0x74, 0x7C, 0x86, 0x82, 0x76, 0x72, 0x7A, 0x72, 0x6E, 0x68, 0x5E, 0x56, 0x56,
    0x5E, 0x68, 0x6E, 0x66, 0x5C, 0x52, 0x48, 0x40, 0x36, 0x3C, 0x46, 0x4E, 0x58, 0x62, 0x6A, 0x76,
    0x7A, 0x70, 0x66, 0x6A, 0x74, 0x7A, 0x72, 0x68, 0x5E, 0x54, 0x4E, 0x56, 0x60, 0x60, 0x54, 0x4E,
    0x54, 0x60, 0x62, 0x62, 0x6A, 0x62, 0x66, 0x70, 0x7A, 0x82, 0x80, 0x7A, 0x76, 0x80, 0x8A, 0x86,
    0x7A, 0x72, 0x68, 0x60, 0x54, 0x54, 0x5E, 0x66, 0x5E, 0x62, 0x66, 0x5A, 0x52, 0x48, 0x48, 0x54,
    0x5A, 0x52, 0x56, 0x62, 0x66, 0x5C, 0x52, 0x56, 0x58, 0x4E, 0x46, 0x4C, 0x56, 0x60, 0x66, 0x5E,
    0x54, 0x56, 0x5A, 0x4E, 0x46, 0x3C, 0x3C, 0x46, 0x50, 0x58, 0x64, 0x64, 0x5A, 0x52, 0x58, 0x58,
    0x4C, 0x46, 0x4E, 0x58, 0x62, 0x6C, 0x6E, 0x76, 0x72, 0x66, 0x62, 0x6A, 0x62, 0x66, 0x70, 0x7A,
    0x82, 0x8E, 0x8A, 0x80, 0x78, 0x6E, 0x64, 0x5C, 0x58, 0x50, 0x46, 0x4A, 0x54, 0x5E, 0x66, 0x60,
    0x56, 0x4C, 0x46, 0x50, 0x58, 0x62, 0x6C, 0x76, 0x7A, 0x70, 0x66, 0x5E, 0x54, 0x4A, 0x42, 0x36,
    0x32, 0x3C, 0x44, 0x50, 0x50, 0x46, 0x3E, 0x44, 0x50, 0x50, 0x4A, 0x52, 0x5C, 0x5C, 0x50, 0x4A,
    0x50, 0x50, 0x4A, 0x46, 0x50, 0x5A, 0x62, 0x6C, 0x72, 0x6E, 0x68, 0x6A, 0x6E, 0x64, 0x6E, 0x68,
    0x5E, 0x56, 0x4E, 0x54, 0x60, 0x60, 0x56, 0x4E, 0x42, 0x46, 0x50, 0x5A, 0x62, 0x6C, 0x76, 0x80,
    0x86, 0x7E, 0x84, 0x84, 0x7E, 0x88, 0x7E, 0x76, 0x6A, 0x66, 0x70, 0x7A, 0x76, 0x6C, 0x62, 0x5A,
    0x50, 0x50, 0x5C, 0x64, 0x6E, 0x78, 0x78, 0x72, 0x7A, 0x72, 0x6A, 0x60, 0x5E, 0x56, 0x5E, 0x5A,
    0x58, 0x5E, 0x56, 0x4C, 0x4E, 0x52, 0x46, 0x40, 0x3E, 0x44, 0x4E, 0x56, 0x4E, 0x52, 0x5C, 0x66,
    0x6E, 0x68, 0x5C, 0x5C, 0x62, 0x5A, 0x50, 0x50, 0x5C, 0x62, 0x5A, 0x60, 0x60, 0x56, 0x4C, 0x42,
    0x38, 0x38, 0x42, 0x4A, 0x54, 0x5E, 0x68, 0x70, 0x7A, 0x74, 0x74, 0x7A, 0x6E, 0x66, 0x5C, 0x5C,
    0x66, 0x70, 0x7A, 0x76, 0x6C, 0x62, 0x5A, 0x62, 0x5E, 0x5A, 0x62, 0x5A, 0x60, 0x6A, 0x74, 0x7A,
    0x74, 0x68, 0x68, 0x6E, 0x66, 0x6A, 0x6E, 0x78, 0x82, 0x8A, 0x94, 0x94, 0x88, 0x82, 0x8A, 0x84,
    0x84, 0x90, 0x98, 0xA2, 0xAC, 0xAC, 0xA2, 0x9A, 0x8E, 0x92, 0x96, 0x8A, 0x82, 0x86, 0x8A, 0x94,
    0x9A, 0x92, 0x88, 0x7E, 0x7A, 0x82, 0x7A, 0x70, 0x70, 0x7A, 0x84, 0x8C, 0x96, 0x9A, 0x8E, 0x86,
    0x7A, 0x7E, 0x82, 0x7A, 0x82, 0x8C, 0x96, 0x9A, 0x90, 0x86, 0x7E, 0x74, 0x6A, 0x62, 0x6A, 0x6E,
    0x72, 0x7E, 0x86, 0x90, 0x90, 0x84, 0x7C, 0x72, 0x78, 0x78, 0x72, 0x7C, 0x84, 0x90, 0x90, 0x8A,
    0x92, 0x8C, 0x82, 0x7A, 0x78, 0x6E, 0x64, 0x5E, 0x5A, 0x52, 0x5A, 0x64, 0x64, 0x5E, 0x68, 0x5E,
    0x62, 0x6C, 0x76, 0x7E, 0x78, 0x6E, 0x6A, 0x76, 0x7E, 0x88, 0x88, 0x7C, 0x74, 0x6A, 0x62, 0x56,
    0x52, 0x5A, 0x52, 0x4A, 0x40, 0x3A, 0x42, 0x3C, 0x3C, 0x48, 0x4E, 0x46, 0x4C, 0x56, 0x5E, 0x68,
    0x6E, 0x64, 0x5C, 0x50, 0x50, 0x5A, 0x62, 0x5C, 0x56, 0x60, 0x68, 0x68, 0x5C, 0x56, 0x5E, 0x68,
    0x68, 0x5C, 0x56, 0x5E, 0x68, 0x70, 0x7A, 0x82, 0x7C, 0x72, 0x68, 0x62, 0x6A, 0x64, 0x64, 0x70,
    0x76, 0x6E, 0x64, 0x5A, 0x52, 0x48, 0x3E, 0x42, 0x4C, 0x56, 0x60, 0x6A, 0x72, 0x7C, 0x7E, 0x86,
    0x80, 0x76, 0x6E, 0x6C, 0x6A, 0x70, 0x7A, 0x7E, 0x76, 0x7E, 0x7A, 0x70, 0x66, 0x5C, 0x52, 0x56,
    0x60, 0x68, 0x72, 0x6C, 0x6C, 0x70, 0x76, 0x6E, 0x72, 0x7E, 0x82, 0x7A, 0x82, 0x8C, 0x8C, 0x82,
    0x7A, 0x6E, 0x72, 0x74, 0x6E, 0x76, 0x80, 0x8A, 0x94, 0x9A, 0x92, 0x88, 0x88, 0x94, 0x9A, 0x94,
    0x88, 0x88, 0x92, 0x9A, 0x96, 0x92, 0x88, 0x80, 0x76, 0x7C, 0x7C, 0x70, 0x6A, 0x72, 0x7C, 0x84,
    0x8E, 0x96, 0x8E, 0x92, 0x94, 0x8A, 0x82, 0x88, 0x92, 0x9C, 0xA6, 0xAE, 0xA8, 0x9E, 0x96, 0x8C,
    0x82, 0x78, 0x6E, 0x6A, 0x74, 0x7E, 0x86, 0x90, 0x96, 0x8C, 0x84, 0x7A, 0x70, 0x6A, 0x72, 0x7C,
    0x86, 0x90, 0x96, 0x8E, 0x84, 0x7C, 0x72, 0x68, 0x5E, 0x5E, 0x5C, 0x56, 0x60, 0x68, 0x72, 0x76,
    0x6A, 0x62, 0x66, 0x72, 0x76, 0x6C, 0x62, 0x58, 0x4E, 0x4A, 0x52, 0x4A, 0x42, 0x38, 0x32, 0x3C,
    0x44, 0x4E, 0x58, 0x60, 0x6A, 0x74, 0x7E, 0x82, 0x7A, 0x82, 0x80, 0x7C, 0x72, 0x68, 0x60, 0x54,
    0x54, 0x5A, 0x50, 0x48, 0x3E, 0x3A, 0x44, 0x4E, 0x58, 0x62, 0x6A, 0x74, 0x76, 0x80, 0x80, 0x7A,
    0x82, 0x7E, 0x7A, 0x70, 0x68, 0x5E, 0x64, 0x64, 0x58, 0x50, 0x46, 0x3C, 0x3C, 0x46, 0x50, 0x5A,
    0x64, 0x6C, 0x76, 0x7E, 0x8A, 0x86, 0x84, 0x8E, 0x8E, 0x88, 0x8A, 0x8E, 0x82, 0x7A, 0x70, 0x68,
    0x5E, 0x54, 0x4A, 0x4E, 0x58, 0x62, 0x6C, 0x74, 0x7E, 0x88, 0x90, 0x9A, 0x94, 0x96, 0x9A, 0x8E,
    0x86, 0x7C, 0x74, 0x6A, 0x60, 0x56, 0x4E, 0x44, 0x3E, 0x48, 0x50, 0x5C, 0x5C, 0x56, 0x5E, 0x68,
    0x68, 0x5C, 0x56, 0x5E, 0x68, 0x68, 0x5E, 0x54, 0x4A, 0x4A, 0x48, 0x3E, 0x36, 0x3C, 0x46, 0x50,
    0x5A, 0x62, 0x6C, 0x76, 0x80, 0x82, 0x8A, 0x90, 0x8C, 0x82, 0x78, 0x70, 0x64, 0x64, 0x6A, 0x60,
    0x58, 0x4C, 0x4C, 0x54, 0x56, 0x60, 0x6A, 0x72, 0x7C, 0x86, 0x90, 0x9A, 0x9E, 0x94, 0x8A, 0x82,
    0x78, 0x72, 0x7A, 0x84, 0x82, 0x78, 0x70, 0x66, 0x5C, 0x52, 0x4E, 0x56, 0x4E, 0x52, 0x5C, 0x66,
    0x70, 0x7A, 0x76, 0x74, 0x7A, 0x70, 0x68, 0x5E, 0x54, 0x4A, 0x46, 0x50, 0x50, 0x44, 0x3E, 0x46,
    0x42, 0x36, 0x32, 0x3C, 0x44, 0x4E, 0x58, 0x62, 0x6A, 0x74, 0x74, 0x68, 0x62, 0x6A, 0x66, 0x5A,
    0x56, 0x5E, 0x56, 0x4E, 0x42, 0x3E, 0x44, 0x46, 0x4A, 0x54, 0x5E, 0x68, 0x70, 0x7A, 0x7C, 0x76,
    0x7E, 0x78, 0x6E, 0x66, 0x5E, 0x66, 0x6E, 0x7A, 0x7E, 0x74, 0x6C, 0x62, 0x58, 0x52, 0x5A, 0x64,
    0x6E, 0x76, 0x82, 0x8A, 0x94, 0x94, 0x8E, 0x96, 0x8E, 0x86, 0x7A, 0x76, 0x80, 0x8A, 0x86, 0x7C,
    0x76, 0x7E, 0x78, 0x6E, 0x6C, 0x74, 0x7E, 0x86, 0x8A, 0x8E, 0x84, 0x7A, 0x7E, 0x80, 0x76, 0x6E,
    0x74, 0x7E, 0x86, 0x86, 0x7E, 0x72, 0x76, 0x7A, 0x70, 0x6E, 0x72, 0x7E, 0x86, 0x8E, 0x86, 0x8A,
    0x8C, 0x82, 0x7A, 0x80, 0x7E, 0x7A, 0x86, 0x8E, 0x98, 0x98, 0x8C, 0x84, 0x7A, 0x70, 0x6C, 0x72,
    0x7C, 0x86, 0x8E, 0x98, 0x9E, 0x94, 0x8C, 0x80, 0x80, 0x86, 0x7E, 0x74, 0x74, 0x80, 0x88, 0x92,
    0x8E, 0x84, 0x7A, 0x70, 0x66, 0x6A, 0x74, 0x7C, 0x88, 0x8E, 0x92, 0x96, 0x8A, 0x82, 0x78, 0x7A,
    0x7E, 0x72, 0x6E, 0x76, 0x82, 0x86, 0x7C, 0x74, 0x68, 0x68, 0x6E, 0x66, 0x5C, 0x5C, 0x68, 0x6E,
    0x66, 0x6C, 0x70, 0x6A, 0x60, 0x56, 0x4E, 0x42, 0x3E, 0x48, 0x52, 0x5A, 0x64, 0x6A, 0x62, 0x56,
    0x5A, 0x5E, 0x52, 0x4A, 0x4E, 0x5A, 0x5E, 0x56, 0x5C, 0x5E, 0x58, 0x4E, 0x4C, 0x44, 0x38, 0x38,
    0x42, 0x4A, 0x54, 0x5E, 0x68, 0x72, 0x76, 0x78, 0x7E, 0x82, 0x78, 0x6E, 0x6E, 0x6C, 0x66, 0x6E,
    0x68, 0x5E, 0x54, 0x4E, 0x56, 0x60, 0x6A, 0x6C, 0x66, 0x6E, 0x6E, 0x70, 0x7A, 0x84, 0x8E, 0x98,
    0x98, 0x8E, 0x86, 0x8E, 0x8A, 0x88, 0x8E, 0x84, 0x7C, 0x72, 0x6A, 0x6A, 0x72, 0x70, 0x6A, 0x66,
    0x70, 0x76, 0x7A, 0x84, 0x8E, 0x98, 0xA2, 0x9E, 0x94, 0x8C, 0x82, 0x78, 0x6E, 0x64, 0x5E, 0x66,
    0x70, 0x78, 0x82, 0x8C, 0x96, 0x92, 0x88, 0x82, 0x84, 0x8C, 0x92, 0x90, 0x8A, 0x92, 0x8C, 0x82,
    0x7A, 0x72, 0x7A, 0x76, 0x6A, 0x62, 0x5A, 0x62, 0x5E, 0x5C, 0x66, 0x6E, 0x78, 0x82, 0x8C, 0x92,
    0x8A, 0x80, 0x76, 0x72, 0x7A, 0x72, 0x68, 0x60, 0x56, 0x4C, 0x42, 0x3A, 0x30, 0x2A, 0x32, 0x2C,
    0x2C, 0x38, 0x40, 0x4A, 0x54, 0x5E, 0x66, 0x70, 0x7A, 0x76, 0x6C, 0x62, 0x58, 0x4E, 0x52, 0x56,
    0x4A, 0x42, 0x36, 0x3A, 0x3E, 0x32, 0x2E, 0x38, 0x42, 0x4A, 0x54, 0x5E, 0x5A, 0x50, 0x46, 0x3E,
    0x44, 0x42, 0x38, 0x32, 0x3A, 0x44, 0x4E, 0x58, 0x60, 0x6A, 0x74, 0x74, 0x68, 0x62, 0x6A, 0x72,
    0x7E, 0x82, 0x78, 0x6E, 0x72, 0x7C, 0x7E, 0x86, 0x90, 0x9A, 0x9E, 0x94, 0x8A, 0x80, 0x78, 0x6E,
    0x64, 0x5A, 0x5E, 0x68, 0x72, 0x7C, 0x84, 0x90, 0x90, 0x86, 0x7E, 0x74, 0x6A, 0x68, 0x6E, 0x66,
    0x5C, 0x5C, 0x62, 0x5A, 0x62, 0x6A, 0x76, 0x7A, 0x72, 0x78, 0x84, 0x84, 0x7E, 0x88, 0x80, 0x82,
    0x86, 0x82, 0x7A, 0x70, 0x68, 0x5E, 0x5E, 0x64, 0x62, 0x56, 0x52, 0x5C, 0x64, 0x6E, 0x78, 0x82,
    0x8A, 0x84, 0x7A, 0x72, 0x68, 0x5E, 0x54, 0x54, 0x5E, 0x68, 0x72, 0x6E, 0x6C, 0x76, 0x76, 0x70,
    0x64, 0x64, 0x6E, 0x76, 0x80, 0x8A, 0x8E, 0x84, 0x7A, 0x70, 0x68, 0x5E, 0x54, 0x4A, 0x4E, 0x50,
    0x4E, 0x4E, 0x42, 0x44, 0x48, 0x50, 0x5A, 0x54, 0x54, 0x60, 0x68, 0x72, 0x7C, 0x7C, 0x72, 0x6A,
    0x70, 0x7C, 0x7C, 0x76, 0x7E, 0x78, 0x6E, 0x64, 0x5C, 0x52, 0x58, 0x62, 0x6A, 0x72, 0x6A, 0x66,
    0x68, 0x72, 0x7A, 0x76, 0x7E, 0x88, 0x8E, 0x86, 0x8E, 0x8A, 0x86, 0x8E, 0x86, 0x7C, 0x72, 0x6A,
    0x62, 0x6A, 0x74, 0x7C, 0x86, 0x8E, 0x88, 0x7E, 0x74, 0x6A, 0x62, 0x68, 0x72, 0x7C, 0x84, 0x8E,
    0x8A, 0x7E, 0x76, 0x6C, 0x64, 0x58, 0x58, 0x5E, 0x54, 0x4A, 0x4E, 0x58, 0x62, 0x6A, 0x76, 0x72,
    0x6E, 0x7A, 0x82, 0x7E, 0x72, 0x6A, 0x62, 0x68, 0x74, 0x74, 0x6A, 0x62, 0x56, 0x5A, 0x64, 0x6A,
    0x62, 0x68, 0x72, 0x7C, 0x84, 0x8E, 0x8A, 0x7E, 0x76, 0x6C, 0x62, 0x5A, 0x4E, 0x4A, 0x52, 0x5E,
    0x5A, 0x56, 0x62, 0x6A, 0x64, 0x5A, 0x52, 0x48, 0x3E, 0x42, 0x4E, 0x56, 0x60, 0x6A, 0x72, 0x7C,
    0x82, 0x78, 0x70, 0x66, 0x5C, 0x52, 0x4A, 0x44, 0x4A, 0x52, 0x5C, 0x66, 0x70, 0x70, 0x64, 0x5E,
    0x52, 0x58, 0x58, 0x52, 0x5C, 0x64, 0x6E, 0x70, 0x6A, 0x72, 0x6C, 0x6E, 0x72, 0x68, 0x6C, 0x72,
    0x7E, 0x7A, 0x72, 0x78, 0x84, 0x84, 0x7A, 0x72, 0x68, 0x5E, 0x54, 0x4E, 0x56, 0x60, 0x6A, 0x72,
    0x7C, 0x86, 0x82, 0x78, 0x6E, 0x66, 0x6E, 0x6A, 0x5E, 0x5A, 0x62, 0x6C, 0x6C, 0x60, 0x58, 0x4E,
    0x54, 0x54, 0x48, 0x42, 0x4A, 0x52, 0x5E, 0x62, 0x58, 0x4E, 0x52, 0x56, 0x4A, 0x42, 0x36, 0x38,
    0x44, 0x4A, 0x42, 0x46, 0x52, 0x56, 0x4C, 0x42, 0x48, 0x48, 0x42, 0x4C, 0x54, 0x5E, 0x68, 0x70,
    0x7A, 0x74, 0x76, 0x7A, 0x72, 0x7A, 0x84, 0x84, 0x7E, 0x88, 0x7E, 0x84, 0x84, 0x7E, 0x88, 0x8E,
    0x84, 0x84, 0x8A, 0x82, 0x78, 0x78, 0x84, 0x8A, 0x82, 0x78, 0x70, 0x66, 0x5C, 0x52, 0x56, 0x60,
    0x6A, 0x74, 0x6A, 0x6E, 0x70, 0x6A, 0x72, 0x7C, 0x7C, 0x70, 0x68, 0x5E, 0x62, 0x6E, 0x72, 0x6A,
    0x6E, 0x72, 0x7C, 0x86, 0x8E, 0x88, 0x7E, 0x7A, 0x86, 0x8E, 0x98, 0x98, 0x8C, 0x84, 0x7A, 0x70,
    0x66, 0x62, 0x6C, 0x74, 0x80, 0x80, 0x76, 0x6E, 0x62, 0x66, 0x70, 0x76, 0x6E, 0x62, 0x66, 0x6A,
    0x62, 0x6A, 0x74, 0x7C, 0x86, 0x8E, 0x88, 0x7C, 0x7C, 0x82, 0x7A, 0x80, 0x8A, 0x94, 0x9A, 0x92,
    0x88, 0x7E, 0x7A, 0x84, 0x8E, 0x98, 0x98, 0x92, 0x9A, 0x94, 0x88, 0x88, 0x92, 0x9A, 0x94, 0x8A,
    0x80, 0x76, 0x6E, 0x6E, 0x76, 0x7E, 0x88, 0x8E, 0x86, 0x8C, 0x92, 0x8A, 0x92, 0x8E, 0x84, 0x7A,
    0x70, 0x68, 0x5E, 0x5C, 0x64, 0x6E, 0x68, 0x68, 0x74, 0x7C, 0x86, 0x90, 0x90, 0x86, 0x7C, 0x72,
    0x6A, 0x60, 0x56, 0x4E, 0x4E, 0x56, 0x5A, 0x50, 0x46, 0x40, 0x44, 0x4E, 0x58, 0x62, 0x5C, 0x5C,
    0x66, 0x6E, 0x68, 0x5E, 0x54, 0x4E, 0x56, 0x60, 0x60, 0x54, 0x4E, 0x56, 0x60, 0x6A, 0x6E, 0x64,
    0x5C, 0x50, 0x50, 0x5A, 0x64, 0x6C, 0x78, 0x78, 0x6E, 0x66, 0x5C, 0x52, 0x48, 0x42, 0x44, 0x3C,
    0x3C, 0x46, 0x50, 0x5A, 0x64, 0x64, 0x5A, 0x52, 0x5A, 0x56, 0x52, 0x5E, 0x66, 0x70, 0x7A, 0x84,
    0x8C, 0x96, 0x90, 0x90, 0x9C, 0xA4, 0xAE, 0xAE, 0xB0, 0xB6, 0xAC, 0xA4, 0x9A, 0x96, 0xA2, 0xAA,
    0xB4, 0xB4, 0xA8, 0xA0, 0x9C, 0xA4, 0xA4, 0x9E, 0xA6, 0x9E, 0x96, 0x8C, 0x82, 0x7A, 0x6E, 0x72,
    0x76, 0x6A, 0x62, 0x68, 0x72, 0x7A, 0x84, 0x8E, 0x8A, 0x80, 0x76, 0x6C, 0x62, 0x66, 0x70, 0x7A,
    0x82, 0x7C, 0x7E, 0x86, 0x86, 0x7E, 0x74, 0x6A, 0x66, 0x6E, 0x66, 0x5C, 0x5C, 0x66, 0x70, 0x78,
    0x84, 0x84, 0x7A, 0x72, 0x78, 0x76, 0x72, 0x7E, 0x84, 0x86, 0x7E, 0x76, 0x6E, 0x76, 0x70, 0x70,
    0x7A, 0x84, 0x8C, 0x96, 0x9A, 0x8E, 0x8A, 0x86, 0x8E, 0x98, 0x9E, 0x96, 0x8C, 0x8E, 0x92, 0x88,
    0x7E, 0x82, 0x8C, 0x96, 0x9E, 0x98, 0x8C, 0x8C, 0x92, 0x8A, 0x90, 0x9A, 0xA4, 0xAA, 0xA2, 0x98,
    0x8E, 0x8A, 0x94, 0x9C, 0xA8, 0xA8, 0x9E, 0x96, 0x9C, 0x9A, 0x90, 0x86, 0x7E, 0x84, 0x8E, 0x90,
    0x88, 0x7E, 0x84, 0x84, 0x78, 0x72, 0x78, 0x84, 0x86, 0x82, 0x7A, 0x80, 0x7E, 0x74, 0x6C, 0x62,
    0x68, 0x72, 0x7C, 0x84, 0x8E, 0x88, 0x88, 0x94, 0x9A, 0xA6, 0xA0, 0xA0, 0xA6, 0x9C, 0x94, 0x96,
    0xA0, 0xA8, 0xB2, 0xAC, 0xA2, 0x9E, 0xA6, 0x9E, 0x96, 0x8A, 0x86, 0x90, 0x9A, 0x96, 0x8C, 0x82,
    0x7A, 0x6E, 0x72, 0x76, 0x6A, 0x62, 0x68, 0x66, 0x62, 0x6C, 0x76, 0x80, 0x8A, 0x8E, 0x84, 0x7A,
    0x7E, 0x8A, 0x8E, 0x86, 0x7C, 0x72, 0x70, 0x68, 0x5E, 0x54, 0x4A, 0x42, 0x42, 0x4A, 0x54, 0x5C,
    0x66, 0x70, 0x7A, 0x76, 0x6C, 0x62, 0x5A, 0x60, 0x6A, 0x6E, 0x6E, 0x76, 0x70, 0x66, 0x5E, 0x54,
    0x4A, 0x40, 0x40, 0x4A, 0x54, 0x5C, 0x68, 0x68, 0x62, 0x6A, 0x64, 0x66, 0x70, 0x78, 0x82, 0x8C,
    0x8C, 0x80, 0x78, 0x6E, 0x74, 0x74, 0x6E, 0x78, 0x80, 0x7E, 0x72, 0x6E, 0x76, 0x80, 0x80, 0x74,
    0x6C, 0x62, 0x58, 0x54, 0x5A, 0x64, 0x6E, 0x6A, 0x5E, 0x56, 0x4E, 0x56, 0x52, 0x4E, 0x5A, 0x62,
    0x6C, 0x76, 0x80, 0x86, 0x7E, 0x74, 0x6A, 0x66, 0x70, 0x7A, 0x74, 0x74, 0x7A, 0x70, 0x68, 0x5E,
    0x5C, 0x56, 0x5E, 0x68, 0x68, 0x5C, 0x54, 0x4A, 0x50, 0x5A, 0x62, 0x6A, 0x64, 0x58, 0x58, 0x62,
    0x6A, 0x76, 0x72, 0x68, 0x62, 0x66, 0x5C, 0x52, 0x4E, 0x5A, 0x62, 0x6C, 0x6C, 0x62, 0x5A, 0x62,
    0x6A, 0x74, 0x7A, 0x72, 0x78, 0x84, 0x84, 0x7E, 0x86, 0x80, 0x76, 0x6C, 0x66, 0x6E, 0x6E, 0x72,
    0x76, 0x6E, 0x76, 0x7E, 0x88, 0x92, 0x9A, 0x94, 0x88, 0x88, 0x8E, 0x86, 0x7C, 0x72, 0x68, 0x62,
    0x6A, 0x74, 0x74, 0x6A, 0x62, 0x68, 0x72, 0x7C, 0x86, 0x8E, 0x88, 0x7E, 0x74, 0x6E, 0x76, 0x80,
    0x8A, 0x8E, 0x84, 0x7A, 0x7E, 0x8A, 0x8E, 0x84, 0x7A, 0x7E, 0x88, 0x92, 0x9A, 0x94, 0x8E, 0x8A,
    0x7E, 0x76, 0x6E, 0x74, 0x80, 0x86, 0x7E, 0x74, 0x6C, 0x62, 0x5A, 0x60, 0x6C, 0x6C, 0x62, 0x5A,
    0x50, 0x46, 0x3C, 0x36, 0x3E, 0x48, 0x52, 0x5A, 0x62, 0x5A, 0x5C, 0x60, 0x6A, 0x74, 0x7E, 0x7A,
    0x70, 0x6A, 0x72, 0x7E, 0x7A, 0x76, 0x80, 0x8A, 0x84, 0x7E, 0x7A, 0x6E, 0x6A, 0x72, 0x7E, 0x82,
    0x78, 0x6E, 0x72, 0x76, 0x6A, 0x62, 0x68, 0x72, 0x76, 0x6C, 0x62, 0x66, 0x72, 0x76, 0x6C, 0x62,
    0x66, 0x70, 0x7A, 0x82, 0x7C, 0x72, 0x68, 0x62, 0x6A, 0x76, 0x72, 0x6E, 0x76, 0x6E, 0x72, 0x7E,
    0x82, 0x78, 0x6E, 0x72, 0x7C, 0x86, 0x90, 0x86, 0x8A, 0x8C, 0x86, 0x8E, 0x88, 0x7E, 0x74, 0x6E,
    0x76, 0x72, 0x68, 0x5E, 0x56, 0x56, 0x60, 0x60, 0x56, 0x56, 0x5C, 0x68, 0x68, 0x62, 0x6A, 0x74,
    0x74, 0x68, 0x60, 0x56, 0x4C, 0x4C, 0x56, 0x5E, 0x58, 0x4E, 0x44, 0x3A, 0x32, 0x38, 0x42, 0x4C,
    0x56, 0x5E, 0x68, 0x68, 0x5C, 0x54, 0x4A, 0x4E, 0x5A, 0x5E, 0x56, 0x5E, 0x5A, 0x4E, 0x4A, 0x52,
    0x5C, 0x5C, 0x50, 0x4A, 0x52, 0x4E, 0x42, 0x3E, 0x48, 0x52, 0x5A, 0x66, 0x6C, 0x6E, 0x66, 0x6A,
    0x6C, 0x66, 0x6E, 0x68, 0x5E, 0x5A, 0x66, 0x6E, 0x78, 0x78, 0x6E, 0x64, 0x5E, 0x5A, 0x4E, 0x4A,
    0x54, 0x5E, 0x66, 0x70, 0x76, 0x6E, 0x62, 0x66, 0x6A, 0x62, 0x6A, 0x70, 0x6A, 0x66, 0x70, 0x7A,
    0x76, 0x6C, 0x62, 0x58, 0x4E, 0x52, 0x5C, 0x64, 0x70, 0x78, 0x82, 0x84, 0x7C, 0x72, 0x78, 0x78,
    0x6E, 0x6C, 0x62, 0x66, 0x72, 0x76, 0x6C, 0x64, 0x5A, 0x50, 0x46, 0x3E, 0x44, 0x4E, 0x56, 0x60,
    0x6A, 0x74, 0x74, 0x6A, 0x60, 0x58, 0x4C, 0x4C, 0x52, 0x4A, 0x50, 0x5C, 0x5C, 0x56, 0x60, 0x68,
    0x72, 0x76, 0x6E, 0x76, 0x70, 0x70, 0x7C, 0x82, 0x7C, 0x70, 0x68, 0x5E, 0x56, 0x5C, 0x66, 0x70,
    0x76, 0x6E, 0x64, 0x5A, 0x56, 0x60, 0x6A, 0x74, 0x74, 0x6A, 0x60, 0x56, 0x5A, 0x5C, 0x52, 0x4A,
    0x50, 0x5A, 0x64, 0x6A, 0x62, 0x58, 0x4E, 0x4A, 0x54, 0x5E, 0x68, 0x68, 0x62, 0x6A, 0x64, 0x58,
    0x58, 0x62, 0x6C, 0x74, 0x7E, 0x80, 0x7A, 0x82, 0x8C, 0x8C, 0x80, 0x78, 0x6E, 0x74, 0x74, 0x6A,
    0x62, 0x68, 0x72, 0x7C, 0x86, 0x8E, 0x88, 0x7E, 0x74, 0x6A, 0x62, 0x58, 0x58, 0x64, 0x6A, 0x64,
    0x58, 0x58, 0x62, 0x6C, 0x74, 0x80, 0x82, 0x76, 0x6E, 0x62, 0x66, 0x6A, 0x5E, 0x56, 0x4C, 0x42,
    0x3E, 0x46, 0x3E, 0x42, 0x4C, 0x56, 0x60, 0x6A, 0x72, 0x7C, 0x82, 0x7A, 0x70, 0x66, 0x5C, 0x54,
    0x4A, 0x4E, 0x5A, 0x56, 0x4C, 0x44, 0x42, 0x48, 0x52, 0x5C, 0x66, 0x6E, 0x78, 0x7E, 0x76, 0x6C,
    0x62, 0x5E, 0x68, 0x72, 0x6E, 0x74, 0x7E, 0x86, 0x7E, 0x82, 0x86, 0x78, 0x76, 0x70, 0x66, 0x5C,
    0x52, 0x4A, 0x50, 0x5A, 0x5E, 0x5C, 0x52, 0x58, 0x60, 0x6A, 0x74, 0x7E, 0x78, 0x78, 0x7E, 0x74,
    0x6C, 0x6E, 0x78, 0x80, 0x8A, 0x94, 0x9E, 0xA2, 0x98, 0x8E, 0x84, 0x84, 0x8E, 0x96, 0x90, 0x86,
    0x7C, 0x72, 0x70, 0x66, 0x6A, 0x74, 0x7A, 0x72, 0x68, 0x5E, 0x5A, 0x62, 0x62, 0x68, 0x70, 0x7A,
    0x84, 0x8E, 0x8A, 0x7E, 0x7A, 0x82, 0x7C, 0x70, 0x70, 0x7A, 0x82, 0x7E, 0x72, 0x6E, 0x78, 0x82,
    0x7E, 0x72, 0x6A, 0x60, 0x58, 0x4C, 0x4C, 0x56, 0x60, 0x68, 0x72, 0x74, 0x6C, 0x62, 0x68, 0x68,
    0x62, 0x6C, 0x76, 0x72, 0x66, 0x5E, 0x56, 0x5C, 0x66, 0x70, 0x76, 0x6C, 0x64, 0x5A, 0x56, 0x62,
    0x6A, 0x66, 0x5A, 0x56, 0x56, 0x56, 0x5A, 0x66, 0x6A, 0x60, 0x58, 0x4C, 0x4C, 0x56, 0x5E, 0x68,
    0x72, 0x7C, 0x82, 0x7A, 0x80, 0x80, 0x76, 0x6C, 0x62, 0x58, 0x58, 0x5E, 0x5C, 0x52, 0x56, 0x60,
    0x6A, 0x6E, 0x64, 0x5A, 0x56, 0x60, 0x6A, 0x64, 0x64, 0x68, 0x70, 0x7A, 0x84, 0x84, 0x7A, 0x70,
    0x68, 0x5C, 0x5C, 0x62, 0x5A, 0x60, 0x6A, 0x6C, 0x66, 0x6E, 0x78, 0x82, 0x86, 0x7C, 0x72, 0x68,
    0x66, 0x66, 0x5E, 0x52, 0x56, 0x60, 0x6A, 0x72, 0x7C, 0x7C, 0x70, 0x68, 0x5E, 0x64, 0x64, 0x5E,
    0x68, 0x70, 0x7C, 0x7C, 0x76, 0x80, 0x8A, 0x86, 0x7C, 0x72, 0x6A, 0x60, 0x60, 0x6C, 0x74, 0x7E,
    0x7A, 0x70, 0x66, 0x5C, 0x52, 0x56, 0x60, 0x6A, 0x72, 0x70, 0x6A, 0x66, 0x72, 0x7A, 0x74, 0x76,
    0x7A, 0x70, 0x66, 0x6A, 0x76, 0x7E, 0x86, 0x80, 0x76, 0x6C, 0x62, 0x5A, 0x4E, 0x52, 0x5C, 0x64,
    0x6E, 0x78, 0x78, 0x6C, 0x64, 0x5A, 0x50, 0x50, 0x56, 0x4E, 0x56, 0x5E, 0x68, 0x6E, 0x66, 0x6C,
    0x6A, 0x60, 0x58, 0x4E, 0x44, 0x44, 0x50, 0x58, 0x5A, 0x62, 0x6C, 0x76, 0x80, 0x8A, 0x86, 0x82,
    0x8E, 0x96, 0x90, 0x84, 0x84, 0x8A, 0x82, 0x78, 0x6E, 0x6A, 0x74, 0x7E, 0x88, 0x88, 0x7E, 0x74,
    0x6C, 0x62, 0x5A, 0x58, 0x4C, 0x44, 0x3A, 0x36, 0x40, 0x4A, 0x54, 0x5C, 0x66, 0x6E, 0x66, 0x60,
    0x66, 0x6A, 0x62, 0x68, 0x74, 0x76, 0x6A, 0x62, 0x56, 0x5A, 0x5E, 0x56, 0x5E, 0x68, 0x72, 0x76,
    0x6C, 0x62, 0x66, 0x70, 0x7A, 0x82, 0x7C, 0x72, 0x68, 0x66, 0x5E, 0x54, 0x4A, 0x46, 0x50, 0x5A,
    0x54, 0x54, 0x5A, 0x50, 0x46, 0x4A, 0x54, 0x5E, 0x68, 0x6E, 0x66, 0x5C, 0x52, 0x4A, 0x40, 0x40,
    0x4C, 0x54, 0x5E, 0x68, 0x72, 0x76, 0x6C, 0x62, 0x5A, 0x50, 0x46, 0x3E, 0x32, 0x36, 0x40, 0x48,
    0x52, 0x4E, 0x4C, 0x40, 0x3A, 0x3E, 0x42, 0x4E, 0x56, 0x60, 0x6A, 0x66, 0x5C, 0x52, 0x4A, 0x50,
    0x5C, 0x5C, 0x52, 0x4A, 0x50, 0x5A, 0x62, 0x6C, 0x76, 0x72, 0x66, 0x5E, 0x56, 0x5E, 0x5A, 0x58,
    0x62, 0x6A, 0x74, 0x7E, 0x82, 0x76, 0x6E, 0x72, 0x7E, 0x82, 0x78, 0x6E, 0x72, 0x7E, 0x82, 0x7A,
    0x80, 0x8C, 0x8C, 0x82, 0x7A, 0x80, 0x80, 0x74, 0x6E, 0x76, 0x70, 0x70, 0x7C, 0x84, 0x86, 0x82,
    0x76, 0x72, 0x7C, 0x84, 0x90, 0x90, 0x86, 0x7E, 0x84, 0x8E, 0x98, 0xA0, 0xAA, 0xA6, 0x9A, 0x96,
    0xA0, 0xAA, 0xA6, 0x9A, 0x96, 0x9E, 0x98, 0x8E, 0x84, 0x7A, 0x72, 0x78, 0x82, 0x8A, 0x94, 0x9E,
    0xA8, 0xA8, 0x9C, 0x96, 0x9E, 0xA4, 0xA0, 0x96, 0x8C, 0x82, 0x7C, 0x80, 0x86, 0x7E, 0x74, 0x74,
    0x80, 0x88, 0x92, 0x9C, 0x9C, 0x90, 0x8A, 0x90, 0x9C, 0x9C, 0x92, 0x8A, 0x90, 0x9C, 0x9C, 0x96,
    0x9E, 0x98, 0x8E, 0x84, 0x7C, 0x72, 0x76, 0x82, 0x86, 0x7E, 0x7E, 0x86, 0x92, 0x8E, 0x84, 0x7C,
    0x72, 0x68, 0x5E, 0x56, 0x4C, 0x4C, 0x58, 0x60, 0x6A, 0x66, 0x64, 0x5A, 0x50, 0x46, 0x4A, 0x54,
    0x5E, 0x68, 0x70, 0x7A, 0x7E, 0x72, 0x6A, 0x60, 0x56, 0x4C, 0x44, 0x3A, 0x3E, 0x4A, 0x52, 0x5C,
    0x66, 0x6E, 0x78, 0x82, 0x8A, 0x84, 0x7A, 0x70, 0x68, 0x5E, 0x64, 0x64, 0x5C, 0x60, 0x6A, 0x74,
    0x74, 0x6A, 0x62, 0x68, 0x72, 0x7C, 0x82, 0x78, 0x70, 0x66, 0x5C, 0x52, 0x4A, 0x40, 0x3E, 0x3E,
    0x34, 0x2A, 0x2E, 0x38, 0x42, 0x4C, 0x56, 0x5E, 0x68, 0x72, 0x7C, 0x84, 0x8E, 0x92, 0x86, 0x7E,
    0x74, 0x6A, 0x62, 0x58, 0x4E, 0x44, 0x44, 0x50, 0x50, 0x46, 0x3E, 0x34, 0x2E, 0x36, 0x40, 0x4A,
    0x54, 0x5C, 0x66, 0x62, 0x56, 0x52, 0x5C, 0x64, 0x70, 0x70, 0x72, 0x76, 0x7C, 0x7A, 0x70, 0x66,
    0x5E, 0x52, 0x56, 0x5A, 0x50, 0x5A, 0x54, 0x4A, 0x42, 0x3A, 0x42, 0x4C, 0x54, 0x5E, 0x66, 0x60,
    0x54, 0x54, 0x5E, 0x66, 0x62, 0x6A, 0x74, 0x7C, 0x86, 0x90, 0x90, 0x86, 0x7C, 0x72, 0x76, 0x82,
    0x86, 0x7C, 0x74, 0x6A, 0x60, 0x56, 0x4E, 0x44, 0x3A, 0x30, 0x2A, 0x32, 0x3C, 0x44, 0x4E, 0x58,
    0x62, 0x6A, 0x74, 0x7A, 0x70, 0x68, 0x5C, 0x5C, 0x62, 0x58, 0x50, 0x46, 0x44, 0x4A, 0x42, 0x38,
    0x38, 0x3E, 0x34, 0x2C, 0x20, 0x20, 0x2A, 0x32, 0x3C, 0x46, 0x50, 0x5A, 0x62, 0x6C, 0x6A, 0x66,
    0x70, 0x7A, 0x84, 0x86, 0x82, 0x78, 0x6E, 0x66, 0x5C, 0x52, 0x4A, 0x50, 0x4E, 0x44, 0x3C, 0x32,
    0x28, 0x28, 0x34, 0x3C, 0x46, 0x50, 0x50, 0x4C, 0x46, 0x4C, 0x56, 0x60, 0x66, 0x5C, 0x5A, 0x52,
    0x48, 0x42, 0x42, 0x4C, 0x56, 0x60, 0x66, 0x60, 0x54, 0x54, 0x54, 0x48, 0x40, 0x36, 0x2C, 0x26,
    0x30, 0x38, 0x42, 0x4C, 0x54, 0x5E, 0x68, 0x68, 0x5C, 0x56, 0x5E, 0x68, 0x70, 0x7A, 0x84, 0x8E,
    0x8A, 0x80, 0x76, 0x6E, 0x74, 0x7E, 0x82, 0x78, 0x6E, 0x64, 0x5A, 0x52, 0x4A, 0x52, 0x4C, 0x4C,
    0x56, 0x60, 0x6A, 0x72, 0x7C, 0x86, 0x8E, 0x98, 0x98, 0x8C, 0x84, 0x7A, 0x72, 0x66, 0x64, 0x66,
    0x6C, 0x6A, 0x60, 0x5E, 0x56, 0x4A, 0x4E, 0x50, 0x4A, 0x52, 0x5C, 0x66, 0x70, 0x78, 0x82, 0x7E,
    0x72, 0x6A, 0x60, 0x56, 0x5A, 0x64, 0x6E, 0x78, 0x80, 0x8A, 0x94, 0x9C, 0x9E, 0x98, 0x8E, 0x86,
    0x7C, 0x72, 0x68, 0x60, 0x56, 0x4C, 0x42, 0x46, 0x4E, 0x4C, 0x46, 0x3A, 0x3E, 0x48, 0x52, 0x5A,
    0x64, 0x64, 0x5C, 0x60, 0x6A, 0x74, 0x7C, 0x86, 0x8E, 0x88, 0x7E, 0x74, 0x6A, 0x62, 0x56, 0x5A,
    0x64, 0x6A, 0x62, 0x68, 0x68, 0x5E, 0x5E, 0x62, 0x66, 0x72, 0x76, 0x6C, 0x66, 0x6E, 0x78, 0x82,
    0x8C, 0x8E, 0x8A, 0x80, 0x78, 0x6E, 0x74, 0x74, 0x68, 0x60, 0x56, 0x52, 0x54, 0x5E, 0x68, 0x6E,
    0x66, 0x5C, 0x56, 0x5E, 0x68, 0x72, 0x7C, 0x82, 0x7A, 0x70, 0x66, 0x62, 0x6A, 0x62, 0x5A, 0x4E,
    0x4A, 0x54, 0x5E, 0x5A, 0x50, 0x4A, 0x52, 0x5C, 0x5E, 0x5A, 0x4E, 0x46, 0x3C, 0x3C, 0x48, 0x50,
    0x5A, 0x62, 0x6C, 0x6E, 0x76, 0x6E, 0x72, 0x76, 0x6A, 0x62, 0x68, 0x72, 0x7C, 0x82, 0x7A, 0x80,
    0x80, 0x7A, 0x84, 0x8E, 0x8A, 0x7E, 0x7C, 0x7E, 0x72, 0x6A, 0x60, 0x5A, 0x62, 0x6C, 0x6C, 0x60,
    0x5A, 0x62, 0x6C, 0x6C, 0x60, 0x5A, 0x5E, 0x54, 0x54, 0x5E, 0x68, 0x72, 0x7A, 0x84, 0x8A, 0x82,
    0x78, 0x6E, 0x66, 0x5A, 0x56, 0x50, 0x48, 0x4C, 0x54, 0x5E, 0x5A, 0x50, 0x46, 0x42, 0x3C, 0x30,
    0x30, 0x3A, 0x42, 0x4C, 0x56, 0x60, 0x66, 0x5E, 0x54, 0x4A, 0x46, 0x50, 0x5A, 0x62, 0x6C, 0x72,
    0x68, 0x60, 0x56, 0x4C, 0x42, 0x3E, 0x3A, 0x2E, 0x2A, 0x34, 0x3E, 0x48, 0x50, 0x5A, 0x62, 0x5E,
    0x68, 0x68, 0x62, 0x6C, 0x74, 0x7E, 0x88, 0x8E, 0x8E, 0x84, 0x86, 0x8A, 0x80, 0x76, 0x6C, 0x62,
    0x5E, 0x68, 0x72, 0x7A, 0x84, 0x8A, 0x80, 0x78, 0x6E, 0x64, 0x5C, 0x52, 0x56, 0x62, 0x66, 0x5C,
    0x52, 0x4A, 0x48, 0x42, 0x4C, 0x54, 0x60, 0x60, 0x56, 0x4C, 0x46, 0x4E, 0x58, 0x5E, 0x56, 0x5A,
    0x66, 0x6A, 0x60, 0x56, 0x4E, 0x42, 0x3E, 0x48, 0x50, 0x5A, 0x64, 0x6A, 0x62, 0x68, 0x68, 0x5C,
    0x56, 0x5E, 0x68, 0x72, 0x76, 0x6C, 0x62, 0x68, 0x68, 0x5E, 0x54, 0x4E, 0x58, 0x58, 0x4E, 0x46,
    0x3E, 0x46, 0x50, 0x58, 0x62, 0x5E, 0x52, 0x4E, 0x4E, 0x48, 0x3C, 0x3C, 0x46, 0x4E, 0x5A, 0x56,
    0x4C, 0x42, 0x3A, 0x30, 0x30, 0x3C, 0x44, 0x4E, 0x58, 0x58, 0x4E, 0x44, 0x3A, 0x3C, 0x40, 0x46,
    0x3E, 0x44, 0x4E, 0x58, 0x5E, 0x56, 0x4C, 0x4C, 0x58, 0x5E, 0x56, 0x4C, 0x44, 0x3A, 0x32, 0x38,
    0x42, 0x4C, 0x56, 0x5E, 0x6A, 0x66, 0x5C, 0x54, 0x4A, 0x50, 0x5A, 0x64, 0x6A, 0x62, 0x66, 0x72,
    0x7A, 0x84, 0x8E, 0x96, 0x90, 0x86, 0x7E, 0x84, 0x90, 0x90, 0x86, 0x7E, 0x74, 0x6A, 0x66, 0x70,
    0x7A, 0x82, 0x84, 0x8E, 0x98, 0xA2, 0x9E, 0x94, 0x8A, 0x80, 0x78, 0x6E, 0x64, 0x62, 0x5A, 0x50,
    0x46, 0x3E, 0x34, 0x2A, 0x20, 0x20, 0x2A, 0x34, 0x3E, 0x46, 0x50, 0x5A, 0x62, 0x5C, 0x52, 0x4E,
    0x5A, 0x62, 0x5E, 0x52, 0x4E, 0x56, 0x4E, 0x46, 0x3A, 0x3E, 0x48, 0x52, 0x4E, 0x44, 0x3E, 0x46,
    0x50, 0x5A, 0x64, 0x6E, 0x76, 0x76, 0x70, 0x66, 0x5C, 0x52, 0x4A, 0x40, 0x38, 0x36, 0x3E, 0x3A,
    0x36, 0x42, 0x4A, 0x54, 0x5E, 0x68, 0x6E, 0x66, 0x5C, 0x54, 0x4A, 0x42, 0x48, 0x54, 0x54, 0x4A,
    0x42, 0x36, 0x3A, 0x44, 0x4C, 0x56, 0x56, 0x5A, 0x5E, 0x54, 0x4A, 0x4E, 0x5A, 0x62, 0x6C, 0x76,
    0x72, 0x68, 0x5E, 0x54, 0x4C, 0x40, 0x40, 0x4A, 0x52, 0x4C, 0x4C, 0x58, 0x5E, 0x56, 0x4C, 0x4C,
    0x56, 0x60, 0x6A, 0x72, 0x7C, 0x82, 0x78, 0x70, 0x66, 0x5C, 0x52, 0x4A, 0x40, 0x40, 0x4C, 0x54,
    0x5E, 0x5E, 0x62, 0x66, 0x5C, 0x52, 0x4A, 0x40, 0x36, 0x2E, 0x34, 0x3E, 0x48, 0x50, 0x5A, 0x62,
    0x5A, 0x50, 0x48, 0x3E, 0x42, 0x4E, 0x56, 0x60, 0x6A, 0x72, 0x7C, 0x82, 0x7A, 0x6E, 0x72, 0x76,
    0x6A, 0x62, 0x58, 0x58, 0x62, 0x6C, 0x76, 0x80, 0x80, 0x76, 0x6C, 0x62, 0x66, 0x72, 0x76, 0x6E,
    0x62, 0x66, 0x70, 0x7A, 0x7E, 0x74, 0x6A, 0x60, 0x58, 0x4E, 0x52, 0x5C, 0x66, 0x70, 0x7A, 0x76,
    0x6C, 0x62, 0x5A, 0x50, 0x4E, 0x4C, 0x46, 0x4E, 0x58, 0x62, 0x66, 0x5C, 0x52, 0x48, 0x48, 0x52,
    0x5C, 0x66, 0x6E, 0x78, 0x7E, 0x76, 0x6C, 0x62, 0x58, 0x50, 0x46, 0x3C, 0x3C, 0x48, 0x50, 0x5A,
    0x62, 0x6E, 0x72, 0x68, 0x60, 0x54, 0x54, 0x5E, 0x66, 0x70, 0x76, 0x74, 0x6C, 0x62, 0x58, 0x58,
    0x64, 0x6C, 0x76, 0x72, 0x68, 0x5E, 0x54, 0x4A, 0x4E, 0x58, 0x62, 0x6A, 0x64, 0x5A, 0x56, 0x60,
    0x6A, 0x74, 0x7A, 0x78, 0x70, 0x66, 0x5E, 0x54, 0x4E, 0x50, 0x58, 0x62, 0x6C, 0x72, 0x6E, 0x68,
    0x5E, 0x56, 0x4C, 0x42, 0x46, 0x52, 0x5A, 0x64, 0x6E, 0x76, 0x80, 0x86, 0x7C, 0x74, 0x6A, 0x60,
    0x56, 0x4E, 0x44, 0x44, 0x50, 0x58, 0x5A, 0x64, 0x64, 0x5A, 0x50, 0x46, 0x4A, 0x54, 0x5E, 0x68,
    0x70, 0x7A, 0x84, 0x8A, 0x82, 0x78, 0x6E, 0x6C, 0x6C, 0x62, 0x5A, 0x5A, 0x56, 0x4C, 0x42, 0x3A,
    0x30, 0x2A, 0x34, 0x3C, 0x46, 0x50, 0x56, 0x4E, 0x44, 0x44, 0x50, 0x58, 0x62, 0x6C, 0x74, 0x7E,
    0x86, 0x80, 0x76, 0x6C, 0x62, 0x58, 0x50, 0x46, 0x42, 0x4E, 0x56, 0x60, 0x66, 0x64, 0x5C, 0x58,
    0x60, 0x60, 0x56, 0x4C, 0x44, 0x38, 0x38, 0x42, 0x4A, 0x54, 0x5E, 0x68, 0x6E, 0x66, 0x5C, 0x52,
    0x4A, 0x40, 0x36, 0x3A, 0x44, 0x4E, 0x58, 0x62, 0x5E, 0x54, 0x4A, 0x42, 0x48, 0x52, 0x5C, 0x64,
    0x6E, 0x78, 0x82, 0x7E, 0x74, 0x6A, 0x60, 0x58, 0x4E, 0x44, 0x3A, 0x3E, 0x48, 0x50, 0x5A, 0x64,
    0x6E, 0x6A, 0x5E, 0x56, 0x4C, 0x4C, 0x56, 0x60, 0x6A, 0x6E, 0x6C, 0x62, 0x58, 0x50, 0x44, 0x44,
    0x4E, 0x56, 0x60, 0x66, 0x64, 0x5C, 0x58, 0x60, 0x60, 0x56, 0x4C, 0x42, 0x42, 0x48, 0x52, 0x5C,
    0x64, 0x70, 0x70, 0x66, 0x5E, 0x54, 0x4A, 0x46, 0x50, 0x5A, 0x64, 0x6E, 0x72, 0x70, 0x66, 0x5E,
    0x54, 0x4A, 0x42, 0x48, 0x54, 0x54, 0x4E, 0x56, 0x60, 0x6A, 0x74, 0x7A, 0x72, 0x68, 0x60, 0x56,
    0x4E, 0x56, 0x5E, 0x68, 0x6E, 0x6A, 0x64, 0x58, 0x58, 0x5A, 0x5A, 0x54, 0x4C, 0x50, 0x58, 0x62,
    0x5E, 0x64, 0x6E, 0x78, 0x82, 0x7E, 0x74, 0x6A, 0x62, 0x56, 0x5A, 0x60, 0x5A, 0x52, 0x56, 0x62,
    0x66, 0x5C, 0x52, 0x56, 0x60, 0x6A, 0x6C, 0x64, 0x58, 0x58, 0x5E, 0x56, 0x4C, 0x4C, 0x58, 0x60,
    0x6A, 0x64, 0x5A, 0x52, 0x48, 0x3E, 0x3E, 0x3E, 0x3E, 0x48, 0x52, 0x5A, 0x64, 0x6A, 0x62, 0x58,
    0x58, 0x64, 0x6A, 0x62, 0x58, 0x50, 0x46, 0x3C, 0x32, 0x36, 0x40, 0x4A, 0x52, 0x4E, 0x4A, 0x40,
    0x3A, 0x42, 0x4C, 0x56, 0x60, 0x62, 0x6A, 0x74, 0x74, 0x70, 0x6E, 0x6E, 0x66, 0x5C, 0x52, 0x48,
    0x3E, 0x42, 0x4C, 0x56, 0x5E, 0x68, 0x68, 0x5C, 0x54, 0x4A, 0x40, 0x40, 0x4A, 0x54, 0x5E, 0x68,
    0x68, 0x5E, 0x56, 0x50, 0x56, 0x5A, 0x4E, 0x46, 0x3C, 0x3C, 0x48, 0x50, 0x5A, 0x64, 0x6A, 0x68,
    0x60, 0x56, 0x4E, 0x44, 0x3E, 0x48, 0x50, 0x5A, 0x64, 0x6A, 0x62, 0x58, 0x4E, 0x52, 0x5A, 0x52,
    0x56, 0x62, 0x6A, 0x74, 0x7E, 0x7A, 0x70, 0x66, 0x5C, 0x54, 0x4A, 0x40, 0x36, 0x2E, 0x34, 0x3E,
    0x46, 0x50, 0x5A, 0x64, 0x6C, 0x6E, 0x78, 0x7E, 0x82, 0x84, 0x7A, 0x72, 0x68, 0x5E, 0x56, 0x56,
    0x5E, 0x68, 0x6A, 0x66, 0x5C, 0x52, 0x48, 0x3E, 0x42, 0x4C, 0x54, 0x60, 0x60, 0x56, 0x4E, 0x42,
    0x46, 0x50, 0x5A, 0x5E, 0x54, 0x4C, 0x40, 0x3A, 0x3E, 0x42, 0x4C, 0x56, 0x60, 0x6A, 0x66, 0x5C,
    0x52, 0x4A, 0x50, 0x5A, 0x64, 0x6E, 0x76, 0x76, 0x70, 0x66, 0x5C, 0x52, 0x56, 0x62, 0x6A, 0x6A,
    0x64, 0x5A, 0x50, 0x46, 0x3E, 0x44, 0x4E, 0x58, 0x60, 0x62, 0x5C, 0x52, 0x4A, 0x4A, 0x52, 0x56,
    0x5C, 0x66, 0x6E, 0x68, 0x5E, 0x54, 0x4A, 0x46, 0x50, 0x5A, 0x62, 0x62, 0x5A, 0x50, 0x48, 0x3E,
    0x36, 0x3E, 0x48, 0x50, 0x5A, 0x64, 0x6E, 0x6A, 0x60, 0x5E, 0x56, 0x4C, 0x44, 0x40, 0x40, 0x4A,
    0x54, 0x5E, 0x66, 0x6E, 0x66, 0x5C, 0x54, 0x4A, 0x42, 0x42, 0x4A, 0x54, 0x5C, 0x66, 0x70, 0x7A,
    0x7C, 0x7A, 0x72, 0x68, 0x60, 0x56, 0x4C, 0x46, 0x4E, 0x58, 0x62, 0x6A, 0x76, 0x72, 0x68, 0x5E,
    0x56, 0x4A, 0x4E, 0x4A, 0x48, 0x52, 0x5A, 0x66, 0x6A, 0x6A, 0x72, 0x7A, 0x84, 0x84, 0x78, 0x70,
    0x66, 0x5C, 0x52, 0x4A, 0x4A, 0x52, 0x5A, 0x64, 0x6A, 0x60, 0x58, 0x4C, 0x4A, 0x56, 0x52, 0x48,
    0x42, 0x4C, 0x54, 0x5E, 0x68, 0x72, 0x7A, 0x76, 0x74, 0x68, 0x60, 0x56, 0x4E, 0x42, 0x3E, 0x48,
    0x52, 0x5A, 0x64, 0x6A, 0x60, 0x58, 0x4E, 0x44, 0x3C, 0x32, 0x2E, 0x32, 0x3A, 0x44, 0x4E, 0x56,
    0x62, 0x66, 0x5C, 0x52, 0x4A, 0x40, 0x40, 0x4C, 0x54, 0x5E, 0x66, 0x66, 0x5E, 0x54, 0x4A, 0x42,
    0x38, 0x2E, 0x32, 0x3E, 0x46, 0x50, 0x56, 0x5A, 0x64, 0x6E, 0x76, 0x72, 0x6E, 0x64, 0x5C, 0x52,
    0x48, 0x3E, 0x42, 0x4C, 0x54, 0x60, 0x60, 0x56, 0x4C, 0x42, 0x46, 0x50, 0x52, 0x5A, 0x64, 0x6E,
    0x72, 0x66, 0x5E, 0x54, 0x54, 0x60, 0x62, 0x6A, 0x72, 0x6E, 0x6A, 0x60, 0x58, 0x4C, 0x4C, 0x4C,
    0x48, 0x40, 0x36, 0x2C, 0x26, 0x2E, 0x38, 0x42, 0x4A, 0x54, 0x5C, 0x68, 0x68, 0x68, 0x6C, 0x74,
    0x7E, 0x78, 0x6E, 0x66, 0x5C, 0x52, 0x4E, 0x58, 0x62, 0x6A, 0x6A, 0x6A, 0x60, 0x56, 0x4E, 0x44,
    0x44, 0x50, 0x58, 0x64, 0x64, 0x64, 0x70, 0x76, 0x6E, 0x66, 0x64, 0x5A, 0x52, 0x46, 0x42, 0x4C,
    0x56, 0x5E, 0x68, 0x6E, 0x64, 0x5C, 0x52, 0x48, 0x42, 0x4A, 0x54, 0x5E, 0x68, 0x6E, 0x66, 0x5C,
    0x56, 0x56, 0x60, 0x66, 0x68, 0x6C, 0x72, 0x68, 0x60, 0x56, 0x4E, 0x4C, 0x48, 0x46, 0x48, 0x4C,
    0x54, 0x5E, 0x5A, 0x4E, 0x4A, 0x54, 0x5C, 0x66, 0x60, 0x5C, 0x5A, 0x64, 0x6E, 0x78, 0x7E, 0x76,
    0x6C, 0x64, 0x58, 0x58, 0x62, 0x5E, 0x52, 0x4C, 0x48, 0x42, 0x3E, 0x3C, 0x40, 0x46, 0x50, 0x5A,
    0x64, 0x6C, 0x76, 0x70, 0x66, 0x5E, 0x54, 0x4A, 0x4E, 0x4E, 0x52, 0x5C, 0x66, 0x62, 0x5A, 0x5A,
    0x62, 0x5C, 0x5C, 0x5E, 0x5E, 0x56, 0x5A, 0x5A, 0x5C, 0x5E, 0x56, 0x4E, 0x4C, 0x46, 0x50, 0x56,
    0x58, 0x5C, 0x66, 0x6E, 0x68, 0x5E, 0x54, 0x4E, 0x56, 0x60, 0x6A, 0x6E, 0x64, 0x60, 0x68, 0x68,
    0x5E, 0x56, 0x4A, 0x4E, 0x58, 0x60, 0x6A, 0x64, 0x5A, 0x52, 0x48, 0x3E, 0x3E, 0x44, 0x50, 0x50,
    0x4C, 0x52, 0x5C, 0x66, 0x6E, 0x7A, 0x76, 0x6C, 0x62, 0x5A, 0x50, 0x50, 0x5C, 0x64, 0x6E, 0x6E,
    0x68, 0x5E, 0x54, 0x4A, 0x42, 0x38, 0x32, 0x3C, 0x44, 0x4E, 0x58, 0x60, 0x6A, 0x74, 0x7E, 0x82,
    0x78, 0x6E, 0x64, 0x5C, 0x52, 0x4A, 0x50, 0x5A, 0x5E, 0x5A, 0x50, 0x48, 0x3E, 0x34, 0x2E, 0x2E,
    0x38, 0x42, 0x4A, 0x54, 0x5E, 0x68, 0x70, 0x74, 0x7A, 0x7A, 0x72, 0x68, 0x5E, 0x56, 0x5A, 0x52,
    0x4A, 0x46, 0x42, 0x42, 0x42, 0x40, 0x3A, 0x3E, 0x42, 0x4E, 0x56, 0x60, 0x68, 0x72, 0x7A, 0x7A,
    0x72, 0x68, 0x5E, 0x54, 0x4E, 0x52, 0x4C, 0x50, 0x54, 0x5C, 0x66, 0x66, 0x68, 0x6C, 0x6C, 0x68,
    0x66, 0x60, 0x5C, 0x5A, 0x54, 0x4A, 0x48, 0x40, 0x36, 0x3A, 0x46, 0x4E, 0x58, 0x62, 0x6C, 0x6C,
    0x62, 0x58, 0x50, 0x46, 0x4C, 0x56, 0x5E, 0x68, 0x72, 0x6E, 0x62, 0x5A, 0x50, 0x4A, 0x4A, 0x4C,
    0x56, 0x60, 0x60, 0x56, 0x4E, 0x54, 0x5E, 0x68, 0x6E, 0x66, 0x5C, 0x52, 0x48, 0x46, 0x46, 0x4A,
    0x4C, 0x50, 0x58, 0x62, 0x6A, 0x68, 0x62, 0x5E, 0x64, 0x60, 0x64, 0x64, 0x60, 0x58, 0x58, 0x5C,
    0x5E, 0x66, 0x70, 0x7A, 0x7E, 0x74, 0x6A, 0x62, 0x58, 0x4E, 0x46, 0x4C, 0x58, 0x58, 0x52, 0x54,
    0x5C, 0x66, 0x6E, 0x70, 0x74, 0x7A, 0x86, 0x8A, 0x80, 0x76, 0x6E, 0x64, 0x5A, 0x52, 0x52, 0x4E,
    0x4A, 0x4A, 0x48, 0x40, 0x36, 0x34, 0x36, 0x3E, 0x48, 0x50, 0x5A, 0x64, 0x6E, 0x76, 0x7E, 0x7E,
    0x76, 0x6C, 0x62, 0x58, 0x50, 0x4E, 0x52, 0x5E, 0x60, 0x5E, 0x58, 0x4C, 0x46, 0x46, 0x50, 0x58,
    0x64, 0x64, 0x60, 0x5E, 0x58, 0x4C, 0x4C, 0x4E, 0x56, 0x60, 0x6A, 0x6E, 0x64, 0x5A, 0x50, 0x48,
    0x40, 0x44, 0x46, 0x4E, 0x58, 0x62, 0x6A, 0x74, 0x76, 0x78, 0x78, 0x6E, 0x64, 0x5A, 0x52, 0x48,
    0x3E, 0x42, 0x4C, 0x56, 0x60, 0x6A, 0x66, 0x5C, 0x52, 0x4A, 0x4E, 0x52, 0x5C, 0x64, 0x6E, 0x6E,
    0x68, 0x5E, 0x54, 0x50, 0x4E, 0x50, 0x54, 0x5A, 0x54, 0x4A, 0x50, 0x52, 0x5A, 0x64, 0x64, 0x58,
    0x50, 0x46, 0x4C, 0x52, 0x56, 0x60, 0x68, 0x74, 0x74, 0x6A, 0x62, 0x56, 0x58, 0x5C, 0x64, 0x70,
    0x76, 0x70, 0x6C, 0x64, 0x5A, 0x5E, 0x5E, 0x5E, 0x54, 0x4A, 0x42, 0x38, 0x38, 0x44, 0x4C, 0x56,
    0x60, 0x66, 0x5E, 0x54, 0x4A, 0x4E, 0x52, 0x5A, 0x64, 0x6E, 0x72, 0x70, 0x66, 0x5E, 0x54, 0x4E,
    0x58, 0x5E, 0x56, 0x4C, 0x44, 0x42, 0x48, 0x52, 0x5A, 0x66, 0x6A, 0x62, 0x60, 0x56, 0x4C, 0x48,
    0x4E, 0x58, 0x62, 0x6C, 0x6E, 0x6A, 0x60, 0x58, 0x4C, 0x4A, 0x46, 0x48, 0x4A, 0x52, 0x5C, 0x64,
    0x6A, 0x60, 0x5A, 0x60, 0x64, 0x64, 0x58, 0x50, 0x50, 0x54, 0x5C, 0x60, 0x62, 0x60, 0x5C, 0x54,
    0x4A, 0x4C, 0x50, 0x52, 0x5C, 0x62, 0x66, 0x6C, 0x66, 0x62, 0x5E, 0x5C, 0x58, 0x56, 0x56, 0x5C,
    0x60, 0x5A, 0x56, 0x52, 0x58, 0x54, 0x54, 0x56, 0x56, 0x58, 0x5C, 0x5C, 0x5A, 0x5A, 0x5A, 0x5C,
    0x5E, 0x5E, 0x5E, 0x60, 0x64, 0x66, 0x66, 0x62, 0x56, 0x5A, 0x62, 0x62, 0x5A, 0x50, 0x4A, 0x4E,
    0x52, 0x60, 0x60, 0x5E, 0x56, 0x4C, 0x42, 0x3E, 0x48, 0x52, 0x5C, 0x64, 0x6E, 0x72, 0x68, 0x5E,
    0x5A, 0x66, 0x6A, 0x60, 0x58, 0x56, 0x56, 0x5A, 0x60, 0x60, 0x5C, 0x5C, 0x62, 0x58, 0x50, 0x46,
    0x3E, 0x3E, 0x46, 0x50, 0x58, 0x62, 0x6C, 0x76, 0x7A, 0x70, 0x66, 0x5C, 0x52, 0x4A, 0x40, 0x3A,
    0x42, 0x44, 0x4E, 0x56, 0x62, 0x5E, 0x58, 0x5E, 0x62, 0x62, 0x5E, 0x62, 0x6C, 0x68, 0x62, 0x60,
    0x56, 0x56, 0x5C, 0x5E, 0x58, 0x4E, 0x46, 0x3C, 0x3C, 0x40, 0x4A, 0x52, 0x5C, 0x62, 0x66, 0x66,
    0x66, 0x66, 0x6C, 0x70, 0x70, 0x6C, 0x68, 0x64, 0x5E, 0x5E, 0x58, 0x4E, 0x52, 0x52, 0x4E, 0x4A,
    0x3E, 0x3C, 0x3E, 0x46, 0x50, 0x58, 0x5A, 0x64, 0x6A, 0x6E, 0x76, 0x76, 0x76, 0x6C, 0x62, 0x58,
    0x52, 0x56, 0x5C, 0x5E, 0x5A, 0x58, 0x56, 0x5A, 0x66, 0x62, 0x58, 0x50, 0x46, 0x3E, 0x3E, 0x46,
    0x50, 0x5A, 0x62, 0x62, 0x5E, 0x5E, 0x58, 0x4C, 0x46, 0x4E, 0x58, 0x60, 0x6A, 0x6C, 0x68, 0x64,
    0x60, 0x5E, 0x5C, 0x5A, 0x5A, 0x58, 0x56, 0x56, 0x5A, 0x5A, 0x58, 0x56, 0x56, 0x52, 0x52, 0x50,
    0x4E, 0x48, 0x44, 0x4C, 0x54, 0x60, 0x66, 0x6A, 0x70, 0x6C, 0x62, 0x58, 0x52, 0x52, 0x5C, 0x66,
    0x70, 0x70, 0x66, 0x5C, 0x5A, 0x54, 0x50, 0x46, 0x42, 0x4C, 0x56, 0x5E, 0x5E, 0x5A, 0x5A, 0x56,
    0x54, 0x50, 0x48, 0x46, 0x4C, 0x56, 0x5E, 0x6A, 0x6E, 0x6C, 0x62, 0x5E, 0x58, 0x54, 0x5A, 0x60,
    0x60, 0x5E, 0x58, 0x4C, 0x4C, 0x4E, 0x56, 0x56, 0x58, 0x5A, 0x56, 0x5A, 0x5A, 0x5A, 0x5C, 0x5E,
    0x5E, 0x5A, 0x56, 0x50, 0x4E, 0x54, 0x58, 0x60, 0x6A, 0x72, 0x78, 0x72, 0x6E, 0x68, 0x5E, 0x54,
    0x4E, 0x56, 0x60, 0x6A, 0x6E, 0x64, 0x5A, 0x50, 0x48, 0x3E, 0x34, 0x2E, 0x36, 0x40, 0x4A, 0x54,
    0x5C, 0x66, 0x68, 0x66, 0x5E, 0x54, 0x52, 0x56, 0x5C, 0x5E, 0x5A, 0x5C, 0x60, 0x68, 0x6C, 0x66,
    0x5C, 0x52, 0x48, 0x40, 0x3E, 0x42, 0x4C, 0x56, 0x60, 0x6A, 0x68, 0x64, 0x60, 0x5E, 0x5A, 0x56,
    0x50, 0x50, 0x52, 0x58, 0x62, 0x66, 0x6A, 0x64, 0x60, 0x56, 0x52, 0x4C, 0x44, 0x48, 0x50, 0x5A,
    0x64, 0x68, 0x62, 0x5E, 0x5C, 0x5E, 0x5E, 0x5C, 0x58, 0x56, 0x50, 0x4C, 0x44, 0x42, 0x46, 0x48,
    0x52, 0x5C, 0x66, 0x6A, 0x68, 0x5E, 0x5C, 0x60, 0x62, 0x66, 0x66, 0x64, 0x5E, 0x5A, 0x50, 0x4E,
    0x4A, 0x46, 0x46, 0x46, 0x48, 0x4C, 0x4E, 0x54, 0x5E, 0x68, 0x70, 0x72, 0x6E, 0x62, 0x5E, 0x5E,
    0x5E, 0x5E, 0x5E, 0x62, 0x66, 0x6C, 0x66, 0x5C, 0x52, 0x4A, 0x3E, 0x3A, 0x3E, 0x44, 0x4E, 0x58,
    0x62, 0x6A, 0x6E, 0x6C, 0x60, 0x5A, 0x5E, 0x64, 0x66, 0x60, 0x60, 0x62, 0x60, 0x5C, 0x56, 0x56,
    0x56, 0x56, 0x54, 0x54, 0x5A, 0x5C, 0x5A, 0x56, 0x56, 0x56, 0x52, 0x52, 0x52, 0x5C, 0x60, 0x62,
    0x62, 0x5E, 0x5A, 0x54, 0x4C, 0x50, 0x52, 0x5A, 0x62, 0x66, 0x6A, 0x6A, 0x6A, 0x6A, 0x6A, 0x6A,
    0x60, 0x56, 0x4E, 0x4C, 0x48, 0x42, 0x46, 0x4A, 0x54, 0x5A, 0x5A, 0x5A, 0x5A, 0x5A, 0x5A, 0x52,
    0x54, 0x58, 0x62, 0x6C, 0x76, 0x72, 0x68, 0x5E, 0x54, 0x52, 0x56, 0x60, 0x66, 0x5E, 0x56, 0x54,
    0x50, 0x4A, 0x4E, 0x52, 0x5C, 0x64, 0x60, 0x5A, 0x56, 0x4E, 0x4E, 0x50, 0x56, 0x58, 0x5C, 0x5E,
    0x5E, 0x5A, 0x5A, 0x5A, 0x64, 0x6E, 0x6C, 0x68, 0x5E, 0x54, 0x52, 0x56, 0x58, 0x62, 0x6A, 0x6A,
    0x62, 0x58, 0x50, 0x46, 0x42, 0x44, 0x50, 0x50, 0x4E, 0x52, 0x54, 0x5A, 0x5A, 0x5A, 0x60, 0x64,
    0x66, 0x66, 0x62, 0x62, 0x64, 0x66, 0x66, 0x64, 0x60, 0x56, 0x4E, 0x4E, 0x56, 0x58, 0x62, 0x6A,
    0x64, 0x5A, 0x50, 0x4E, 0x46, 0x46, 0x4C, 0x50, 0x58, 0x62, 0x62, 0x5E, 0x5A, 0x54, 0x52, 0x56,
    0x58, 0x5E, 0x62, 0x62, 0x62, 0x64, 0x68, 0x68, 0x66, 0x60, 0x5C, 0x5A, 0x56, 0x52, 0x46, 0x48,
    0x4C, 0x52, 0x56, 0x60, 0x62, 0x6A, 0x66, 0x62, 0x58, 0x50, 0x46, 0x4C, 0x56, 0x60, 0x62, 0x66,
    0x68, 0x6E, 0x6A, 0x66, 0x60, 0x56, 0x4C, 0x46, 0x4A, 0x4C, 0x52, 0x5C, 0x64, 0x6E, 0x74, 0x6E,
    0x66, 0x5C, 0x56, 0x52, 0x46, 0x4A, 0x4E, 0x54, 0x5E, 0x5E, 0x60, 0x62, 0x62, 0x62, 0x60, 0x5E,
    0x5E, 0x64, 0x6A, 0x6A, 0x68, 0x62, 0x60, 0x5C, 0x5A, 0x50, 0x4A, 0x48, 0x46, 0x48, 0x4A, 0x4A,
    0x50, 0x54, 0x5A, 0x58, 0x56, 0x58, 0x5C, 0x64, 0x6E, 0x76, 0x72, 0x6E, 0x68, 0x66, 0x62, 0x60,
    0x56, 0x52, 0x4E, 0x4E, 0x4A, 0x4A, 0x4E, 0x50, 0x54, 0x58, 0x5E, 0x5C, 0x5A, 0x54, 0x52, 0x52,
    0x58, 0x62, 0x64, 0x68, 0x68, 0x62, 0x60, 0x54, 0x52, 0x52, 0x56, 0x62, 0x60, 0x5C, 0x56, 0x56,
    0x56, 0x58, 0x5C, 0x5E, 0x62, 0x60, 0x5E, 0x5C, 0x5A, 0x56, 0x56, 0x56, 0x52, 0x52, 0x52, 0x52,
    0x52, 0x56, 0x58, 0x5C, 0x60, 0x62, 0x62, 0x60, 0x5C, 0x54, 0x52, 0x58, 0x60, 0x64, 0x66, 0x66,
    0x66, 0x60, 0x5E, 0x54, 0x4E, 0x4C, 0x4C, 0x52, 0x5A, 0x66, 0x6A, 0x68, 0x5E, 0x5A, 0x54, 0x4A,
    0x42, 0x42, 0x4A, 0x54, 0x5C, 0x66, 0x6E, 0x6E, 0x6A, 0x68, 0x62, 0x5E, 0x58, 0x4E, 0x4E, 0x4E,
    0x52, 0x58, 0x62, 0x68, 0x64, 0x5E, 0x5A, 0x50, 0x4C, 0x4A, 0x4A, 0x4E, 0x58, 0x5A, 0x62, 0x62,
    0x5E, 0x5A, 0x5A, 0x5E, 0x58, 0x56, 0x56, 0x56, 0x56, 0x5C, 0x62, 0x62, 0x62, 0x62, 0x62, 0x5C,
    0x58, 0x56, 0x56, 0x56, 0x5C, 0x5E, 0x5E, 0x58, 0x4E, 0x48, 0x4C, 0x52, 0x56, 0x60, 0x64, 0x66,
    0x66, 0x62, 0x58, 0x56, 0x4E, 0x52, 0x56, 0x60, 0x68, 0x6A, 0x66, 0x64, 0x58, 0x52, 0x52, 0x52,
    0x52, 0x52, 0x52, 0x52, 0x52, 0x52, 0x52, 0x52, 0x56, 0x5A, 0x5E, 0x5E, 0x5E, 0x5E, 0x60, 0x64,
    0x6A, 0x6A, 0x6A, 0x68, 0x5E, 0x5C, 0x5A, 0x54, 0x50, 0x4E, 0x4E, 0x54, 0x5E, 0x5A, 0x58, 0x54,
    0x4E, 0x4E, 0x4C, 0x48, 0x46, 0x4A, 0x54, 0x56, 0x5E, 0x6A, 0x6E, 0x6E, 0x6C, 0x68, 0x66, 0x60,
    0x5C, 0x5A, 0x56, 0x56, 0x58, 0x5C, 0x5C, 0x58, 0x56, 0x52, 0x54, 0x56, 0x50, 0x4E, 0x4A, 0x4A,
    0x4E, 0x50, 0x56, 0x5E, 0x68, 0x6A, 0x66, 0x64, 0x5A, 0x54, 0x54, 0x56, 0x5C, 0x60, 0x66, 0x66,
    0x66, 0x64, 0x62, 0x5A, 0x56, 0x56, 0x56, 0x56, 0x5A, 0x56, 0x50, 0x44, 0x44, 0x4A, 0x4E, 0x58,
    0x60, 0x62, 0x62, 0x5E, 0x5A, 0x5A, 0x5A, 0x5A, 0x5C, 0x60, 0x62, 0x62, 0x62, 0x62, 0x60, 0x5E,
    0x5A, 0x5A, 0x56, 0x54, 0x50, 0x4E, 0x50, 0x54, 0x56, 0x5E, 0x64, 0x60, 0x5C, 0x5A, 0x56, 0x56,
    0x56, 0x58, 0x5A, 0x5A, 0x5A, 0x58, 0x58, 0x5C, 0x5E, 0x62, 0x66, 0x66, 0x62, 0x5C, 0x58, 0x5E,
    0x5E, 0x5E, 0x5E, 0x5C, 0x5A, 0x58, 0x54, 0x52, 0x52, 0x56, 0x5A, 0x5E, 0x58, 0x54, 0x52, 0x52,
    0x54, 0x5A, 0x62, 0x64, 0x66, 0x62, 0x60, 0x5C, 0x5A, 0x5A, 0x5E, 0x5E, 0x5E, 0x5C, 0x5A, 0x54,
    0x52, 0x52, 0x56, 0x5A, 0x5C, 0x5C, 0x58, 0x56, 0x56, 0x56, 0x56, 0x56, 0x56, 0x56, 0x54, 0x54,
    0x58, 0x5A, 0x5E, 0x60, 0x64, 0x66, 0x66, 0x66, 0x66, 0x5C, 0x58, 0x56, 0x56, 0x58, 0x5C, 0x62,
    0x62, 0x60, 0x5E, 0x56, 0x4E, 0x4C, 0x4A, 0x4A, 0x4A, 0x52, 0x54, 0x5E, 0x68, 0x6A, 0x68, 0x64,
    0x5C, 0x58, 0x56, 0x56, 0x5C, 0x60, 0x62, 0x66, 0x68, 0x68, 0x64, 0x5A, 0x50, 0x4A, 0x46, 0x46,
    0x4A, 0x4E, 0x56, 0x5A, 0x5E, 0x64, 0x66, 0x66, 0x66, 0x62, 0x5C, 0x5A, 0x5A, 0x5A, 0x5A, 0x5A,
    0x5A, 0x5A, 0x5A, 0x5A, 0x5A, 0x5A, 0x5A, 0x5A, 0x5A, 0x5A, 0x5C, 0x60, 0x62, 0x62, 0x5E, 0x56,
    0x56, 0x56, 0x56, 0x58, 0x5A, 0x5A, 0x5A, 0x5A, 0x58, 0x54, 0x52, 0x52, 0x56, 0x60, 0x62, 0x66,
    0x66, 0x64, 0x60, 0x5E, 0x5E, 0x5A, 0x5A, 0x5A, 0x58, 0x56, 0x56, 0x56, 0x58, 0x5A, 0x5A, 0x58,
    0x54, 0x50, 0x50, 0x56, 0x58, 0x62, 0x64, 0x66, 0x66, 0x64, 0x5E, 0x5A, 0x56, 0x56, 0x58, 0x5C,
    0x5E, 0x62, 0x5E, 0x5A, 0x58, 0x54, 0x52, 0x52, 0x52, 0x52, 0x56, 0x58, 0x5C, 0x60, 0x62, 0x62,
    0x62, 0x5C, 0x52, 0x52, 0x54, 0x5A, 0x62, 0x64, 0x66, 0x62, 0x60, 0x56, 0x54, 0x52, 0x52, 0x52,
    0x52, 0x5C, 0x5E, 0x5E, 0x5C, 0x58, 0x56, 0x56, 0x56, 0x56, 0x58, 0x5C, 0x5E, 0x62, 0x64, 0x66,
    0x64, 0x62, 0x5C, 0x58, 0x52, 0x52, 0x52, 0x54, 0x58, 0x5A, 0x5E, 0x60, 0x62, 0x62, 0x5E, 0x5C,
    0x58, 0x56, 0x56, 0x5A, 0x5A, 0x5E, 0x60, 0x62, 0x62, 0x5C, 0x58, 0x50, 0x4E, 0x52, 0x52, 0x54,
    0x58, 0x5C, 0x5E, 0x62, 0x62, 0x62, 0x62, 0x66, 0x64, 0x62, 0x66, 0x6A, 0x5A, 0x72, 0x80, 0x80,
    0x80, 0x80, 0x80, 0x80, 0x80, 0x80, 0x80, 0x80, 0x80, 0x80, 0x80, 0x80, 0x80, 0x80, 0x80, 0x80,
    0x80, 0x80, 0x80, 0x80, 0x80, 0x80, 0x80, 0x80, 0x80, 0x80, 0x80, 0x80, 0x80, 0x80, 0x80, 0x80,
    0x80, 0x80, 0x80, 0x80, 0x80, 0x80, 0x80, 0x80, 0x80, 0x80, 0x80, 0x80, 0x80, 0x80, 0x80, 0x80,
    0x80, 0x80, 0x80, 0x80, 0x80, 0x80, 0x80, 0x80, 0x80, 0x80, 0x80, 0x80, 0x80, 0x80, 0x80, 0x80,
    0x80, 0x80, 0x80, 0x80, 0x80, 0x80, 0x80, 0x80, 0x80, 0x80, 0x80, 0x80, 0x80, 0x80, 0x80, 0x80,
    0x80, 0x80, 0x80, 0x80, 0x80, 0x80, 0x80, 0x80, 0x80, 0x80, 0x80, 0x80, 0x80, 0x80, 0x80, 0x80,
    0x80, 0x80, 0x80, 0x80, 0x80, 0x80, 0x80, 0x80, 0x80, 0x80, 0x80, 0x80, 0x80, 0x80, 0x80, 0x80,
    0x80, 0x80, 0x80, 0x80, 0x80, 0x80, 0x80, 0x80, 0x80, 0x80, 0x80, 0x80, 0x80, 0x80, 0x80, 0x80,
    0x80, 0x80, 0x80, 0x80, 0x80, 0x80, 0x80, 0x80, 0x80, 0x80, 0x80, 0x80, 0x80, 0x80, 0x80, 0x80,
};

const u8 __attribute__((aligned(256))) sfx_pcm_sfx_07[15104] = {
    0x84, 0x8C, 0x86, 0x7E, 0x78, 0x70, 0x6A, 0x6E, 0x74, 0x7C, 0x82, 0x8A, 0x88, 0x80, 0x88, 0x8E,
    0x96, 0x9C, 0xA2, 0x9E, 0x96, 0x8E, 0x88, 0x80, 0x78, 0x76, 0x7C, 0x84, 0x8A, 0x92, 0x96, 0x90,
    0x88, 0x82, 0x7A, 0x76, 0x7C, 0x82, 0x8A, 0x92, 0x98, 0x90, 0x8A, 0x82, 0x84, 0x8C, 0x92, 0x9A,
    0xA2, 0xA0, 0x9A, 0x9A, 0x9A, 0x96, 0x94, 0x8E, 0x86, 0x80, 0x78, 0x76, 0x7E, 0x86, 0x8A, 0x86,
    0x86, 0x86, 0x88, 0x90, 0x98, 0x9A, 0x92, 0x8C, 0x84, 0x7E, 0x76, 0x6E, 0x70, 0x78, 0x7E, 0x86,
    0x8C, 0x94, 0x9A, 0x96, 0x90, 0x88, 0x82, 0x7A, 0x7C, 0x84, 0x8C, 0x92, 0x9A, 0x98, 0x90, 0x88,
    0x86, 0x8E, 0x94, 0x9C, 0xA2, 0xA6, 0xA0, 0x98, 0x92, 0x8A, 0x84, 0x7C, 0x7A, 0x82, 0x8A, 0x90,
    0x98, 0x9A, 0x92, 0x8C, 0x84, 0x8A, 0x92, 0x9A, 0xA0, 0xA6, 0xA2, 0x9A, 0x94, 0x8C, 0x86, 0x8A,
    0x92, 0x98, 0xA0, 0xA6, 0xA4, 0x9C, 0x9A, 0x9C, 0x9E, 0x96, 0x90, 0x88, 0x82, 0x7A, 0x7C, 0x84,
    0x8A, 0x92, 0x9A, 0x98, 0x96, 0x92, 0x8E, 0x8E, 0x8E, 0x8E, 0x92, 0x98, 0x90, 0x88, 0x82, 0x7A,
    0x76, 0x76, 0x7A, 0x82, 0x88, 0x90, 0x88, 0x82, 0x7A, 0x7C, 0x84, 0x8A, 0x92, 0x98, 0xA0, 0xA6,
    0xA2, 0x9A, 0x94, 0x8C, 0x86, 0x7E, 0x7A, 0x80, 0x86, 0x8E, 0x94, 0x9C, 0x9E, 0x9E, 0x96, 0x92,
    0x92, 0x88, 0x82, 0x7A, 0x74, 0x6E, 0x72, 0x7A, 0x80, 0x88, 0x8E, 0x96, 0x9A, 0x94, 0x8C, 0x86,
    0x7E, 0x78, 0x80, 0x86, 0x86, 0x84, 0x7C, 0x82, 0x8A, 0x92, 0x98, 0x9E, 0xA8, 0xAA, 0xA6, 0xA4,
    0x9C, 0x96, 0x8E, 0x88, 0x86, 0x8E, 0x8A, 0x84, 0x7C, 0x76, 0x6E, 0x70, 0x78, 0x80, 0x86, 0x8E,
    0x8C, 0x84, 0x7E, 0x76, 0x6E, 0x70, 0x78, 0x7E, 0x86, 0x8C, 0x94, 0x9A, 0x96, 0x90, 0x88, 0x86,
    0x8E, 0x96, 0x9C, 0xA4, 0xA6, 0x9E, 0x98, 0x90, 0x88, 0x86, 0x8E, 0x94, 0x9C, 0xA2, 0xA6, 0xA0,
    0x98, 0x92, 0x96, 0x96, 0x9C, 0xA4, 0xAA, 0xA6, 0xA0, 0x98, 0x96, 0x96, 0x9E, 0xA4, 0xAC, 0xAE,
    0xA6, 0xA0, 0x98, 0x9E, 0xA6, 0xAE, 0xAC, 0xA4, 0x9E, 0x96, 0x90, 0x88, 0x82, 0x86, 0x8C, 0x94,
    0x96, 0x96, 0x8E, 0x8A, 0x90, 0x96, 0x9E, 0xA6, 0xA4, 0x9C, 0x96, 0x8E, 0x88, 0x80, 0x78, 0x76,
    0x7C, 0x84, 0x8A, 0x92, 0x98, 0xA0, 0xA2, 0x9A, 0x92, 0x8C, 0x94, 0x9A, 0xA2, 0xA0, 0x98, 0x90,
    0x8A, 0x82, 0x84, 0x8C, 0x92, 0x9A, 0xA2, 0xA0, 0x98, 0x92, 0x8A, 0x84, 0x82, 0x8C, 0x86, 0x80,
    0x78, 0x76, 0x7E, 0x86, 0x8C, 0x94, 0x9A, 0xA2, 0xAA, 0xAE, 0xAA, 0xA2, 0x9A, 0x94, 0x8C, 0x86,
    0x7E, 0x76, 0x78, 0x80, 0x86, 0x8E, 0x94, 0x9C, 0xA2, 0x9E, 0x98, 0x90, 0x8A, 0x82, 0x84, 0x8C,
    0x94, 0x96, 0x96, 0x98, 0xA0, 0xA8, 0xAA, 0xA2, 0x9C, 0x94, 0x9A, 0xA2, 0xAA, 0xAA, 0xA2, 0x9A,
    0x96, 0x9C, 0xA4, 0xAA, 0xB2, 0xB8, 0xC0, 0xC2, 0xBA, 0xB4, 0xAC, 0xA6, 0xAA, 0xB2, 0xB0, 0xA8,
    0xA2, 0x9A, 0x94, 0x8C, 0x86, 0x8A, 0x92, 0x98, 0x9A, 0x90, 0x96, 0x96, 0x9C, 0x9E, 0x96, 0x8E,
    0x88, 0x90, 0x96, 0x9E, 0xA6, 0xA6, 0x9C, 0x96, 0x8E, 0x90, 0x98, 0x9E, 0xA6, 0xAC, 0xB4, 0xBA,
    0xB6, 0xB0, 0xA8, 0xA8, 0xAA, 0xA2, 0x9C, 0x94, 0x8E, 0x86, 0x88, 0x90, 0x98, 0x9A, 0x92, 0x8C,
    0x84, 0x8A, 0x92, 0x98, 0xA0, 0xA6, 0xA2, 0x9A, 0x94, 0x8C, 0x86, 0x8A, 0x90, 0x98, 0xA0, 0xA6,
    0xA6, 0xA4, 0x9C, 0x96, 0x8E, 0x88, 0x80, 0x86, 0x8E, 0x96, 0x94, 0x8C, 0x92, 0x9A, 0xA0, 0xA8,
    0xAE, 0xAA, 0xA6, 0xAC, 0xA4, 0x9E, 0x96, 0x90, 0x88, 0x82, 0x7A, 0x7C, 0x7E, 0x82, 0x8A, 0x92,
    0x90, 0x88, 0x82, 0x7E, 0x86, 0x8C, 0x92, 0x8E, 0x86, 0x86, 0x86, 0x90, 0x92, 0x94, 0x96, 0x94,
    0x8E, 0x86, 0x80, 0x78, 0x76, 0x7E, 0x84, 0x8C, 0x94, 0x96, 0x8E, 0x88, 0x80, 0x86, 0x8E, 0x96,
    0x96, 0x8E, 0x86, 0x80, 0x78, 0x76, 0x7E, 0x86, 0x8C, 0x94, 0x9A, 0xA2, 0xA0, 0x98, 0x92, 0x8A,
    0x82, 0x7C, 0x76, 0x7A, 0x82, 0x8A, 0x90, 0x98, 0x9A, 0x9C, 0xA2, 0xA2, 0xAA, 0xB2, 0xB8, 0xC0,
    0xC2, 0xBA, 0xB4, 0xAC, 0xA4, 0x9E, 0x96, 0x98, 0xA0, 0xA6, 0xAE, 0xB6, 0xB4, 0xAC, 0xA6, 0xA6,
    0xA0, 0x98, 0x92, 0x8A, 0x84, 0x7C, 0x76, 0x76, 0x78, 0x80, 0x88, 0x8E, 0x96, 0x9E, 0xA4, 0x9C,
    0x96, 0x8E, 0x90, 0x98, 0x92, 0x8A, 0x84, 0x7C, 0x76, 0x7A, 0x82, 0x88, 0x90, 0x96, 0x92, 0x8C,
    0x84, 0x7E, 0x76, 0x78, 0x80, 0x88, 0x8A, 0x82, 0x82, 0x84, 0x86, 0x8A, 0x8A, 0x90, 0x98, 0x9E,
    0xA6, 0xAC, 0xB4, 0xBA, 0xB6, 0xAE, 0xA8, 0xA0, 0x9A, 0x9C, 0xA4, 0xAC, 0xB2, 0xBA, 0xB8, 0xB0,
    0xA8, 0xA2, 0x9A, 0x9C, 0xA4, 0xAA, 0xAE, 0xA6, 0xA0, 0x9A, 0x92, 0x8E, 0x94, 0x96, 0x96, 0x8E,
    0x88, 0x80, 0x7E, 0x86, 0x8C, 0x94, 0x9C, 0xA2, 0xAA, 0xA8, 0xA0, 0x9E, 0x9E, 0xA6, 0xA4, 0x9C,
    0x96, 0x8E, 0x88, 0x80, 0x7A, 0x7E, 0x86, 0x8C, 0x94, 0x9A, 0x98, 0x90, 0x88, 0x86, 0x8E, 0x8C,
    0x84, 0x7C, 0x76, 0x6E, 0x70, 0x78, 0x7E, 0x82, 0x7A, 0x7C, 0x84, 0x8A, 0x92, 0x98, 0xA0, 0xA6,
    0xA2, 0x9C, 0x94, 0x8C, 0x86, 0x7E, 0x7A, 0x80, 0x86, 0x8E, 0x94, 0x9C, 0x94, 0x92, 0x9A, 0xA0,
    0xA8, 0xAE, 0xB2, 0xAC, 0xA4, 0x9E, 0x96, 0x92, 0x98, 0xA0, 0xA6, 0xAE, 0xB2, 0xB2, 0xB2, 0xBA,
    0xB8, 0xB6, 0xB2, 0xAA, 0xA4, 0x9C, 0x94, 0x8C, 0x8A, 0x90, 0x98, 0xA0, 0xA6, 0xAC, 0xA4, 0x9E,
    0x9E, 0xA2, 0xA8, 0xA0, 0x9A, 0x92, 0x8A, 0x84, 0x8C, 0x92, 0x9A, 0x98, 0x90, 0x88, 0x86, 0x8E,
    0x94, 0x9C, 0xA2, 0xA6, 0xA0, 0x98, 0x92, 0x8A, 0x86, 0x8C, 0x94, 0x9A, 0xA2, 0xA8, 0xA0, 0x9A,
    0x92, 0x94, 0x96, 0x9A, 0xA2, 0xAA, 0xA8, 0xA0, 0x9A, 0x96, 0x9E, 0xA4, 0xAA, 0xA6, 0x9E, 0x98,
    0x96, 0x96, 0x9E, 0xA4, 0x9A, 0x9C, 0x9E, 0xA0, 0xA8, 0xB0, 0xB6, 0xBE, 0xBC, 0xB4, 0xAE, 0xA6,
    0x9E, 0x98, 0x90, 0x96, 0x9A, 0x96, 0x96, 0x8C, 0x92, 0x98, 0xA0, 0xA8, 0xAE, 0xAC, 0xA4, 0x9C,
    0x96, 0x8E, 0x86, 0x80, 0x88, 0x8E, 0x96, 0x94, 0x8C, 0x86, 0x8A, 0x92, 0x98, 0x9E, 0xA6, 0xA4,
    0x9C, 0x94, 0x8E, 0x86, 0x82, 0x88, 0x8E, 0x96, 0x9E, 0xA4, 0x9C, 0x96, 0x96, 0x98, 0xA0, 0xA8,
    0xAA, 0xA2, 0x9C, 0x94, 0x8E, 0x86, 0x7E, 0x80, 0x86, 0x8E, 0x92, 0x8C, 0x94, 0x9A, 0xA2, 0xA6,
    0xA0, 0x9A, 0x92, 0x8A, 0x84, 0x8C, 0x92, 0x9A, 0x98, 0x90, 0x8A, 0x82, 0x7A, 0x7C, 0x84, 0x8A,
    0x92, 0x9A, 0x9A, 0x92, 0x8A, 0x84, 0x7C, 0x7A, 0x82, 0x8A, 0x90, 0x88, 0x82, 0x7A, 0x7C, 0x84,
    0x8A, 0x92, 0x9A, 0x98, 0x90, 0x8A, 0x86, 0x8C, 0x94, 0x9A, 0xA2, 0xA6, 0xA0, 0x98, 0x92, 0x8A,
    0x86, 0x8C, 0x92, 0x9A, 0xA0, 0xA8, 0xA0, 0x9E, 0xA2, 0x9C, 0x94, 0x9A, 0x9E, 0x9E, 0x98, 0x90,
    0x8A, 0x82, 0x7C, 0x74, 0x6E, 0x66, 0x62, 0x66, 0x66, 0x6E, 0x76, 0x7C, 0x84, 0x86, 0x7E, 0x78,
    0x70, 0x68, 0x66, 0x6E, 0x74, 0x7C, 0x82, 0x86, 0x80, 0x88, 0x8E, 0x96, 0x9C, 0xA4, 0xA6, 0xA6,
    0x9E, 0x98, 0x90, 0x8A, 0x82, 0x84, 0x8C, 0x92, 0x9A, 0xA2, 0xA8, 0xB0, 0xB6, 0xBE, 0xC6, 0xC4,
    0xBC, 0xB6, 0xAE, 0xA8, 0xA0, 0x9A, 0x9E, 0xA4, 0xAC, 0xAE, 0xA6, 0x9E, 0x98, 0x90, 0x8E, 0x96,
    0x9C, 0xA4, 0x9E, 0x96, 0x96, 0x98, 0xA0, 0xA6, 0xA4, 0x9C, 0x94, 0x8E, 0x86, 0x82, 0x88, 0x90,
    0x96, 0x9E, 0xA2, 0x9C, 0x96, 0x8E, 0x86, 0x80, 0x88, 0x8E, 0x96, 0x94, 0x8C, 0x86, 0x7E, 0x76,
    0x78, 0x80, 0x86, 0x8E, 0x94, 0x9C, 0xA2, 0x9E, 0x96, 0x90, 0x88, 0x86, 0x8E, 0x94, 0x9C, 0x9E,
    0x9E, 0xA0, 0xA8, 0xA2, 0x9A, 0x92, 0x8C, 0x86, 0x8A, 0x92, 0x98, 0xA0, 0xA6, 0xAE, 0xB4, 0xBC,
    0xBE, 0xB6, 0xAE, 0xA8, 0xA0, 0x9A, 0x92, 0x94, 0x9A, 0x96, 0x96, 0x92, 0x98, 0xA0, 0xA8, 0xAE,
    0xB6, 0xB4, 0xAC, 0xA6, 0x9E, 0x98, 0x96, 0xA0, 0x9A, 0x94, 0x8C, 0x86, 0x7E, 0x80, 0x88, 0x90,
    0x96, 0x9E, 0xA4, 0xAA, 0xA6, 0x9E, 0x96, 0x90, 0x8A, 0x8E, 0x96, 0x9C, 0xA4, 0xAA, 0xA6, 0xA0,
    0x98, 0x96, 0x9E, 0xA6, 0xAA, 0xA6, 0xA6, 0x9E, 0x96, 0x90, 0x88, 0x86, 0x86, 0x86, 0x86, 0x8A,
    0x92, 0x98, 0xA0, 0xA6, 0xAE, 0xB2, 0xAC, 0xA4, 0x9E, 0x96, 0x92, 0x98, 0x92, 0x8A, 0x82, 0x7C,
    0x74, 0x72, 0x7A, 0x80, 0x88, 0x90, 0x96, 0x9E, 0x9C, 0x94, 0x8E, 0x86, 0x7E, 0x7E, 0x88, 0x82,
    0x7A, 0x74, 0x6C, 0x66, 0x6A, 0x70, 0x78, 0x7E, 0x86, 0x84, 0x7C, 0x74, 0x6E, 0x66, 0x68, 0x70,
    0x76, 0x7E, 0x86, 0x86, 0x86, 0x7E, 0x78, 0x6E, 0x6E, 0x76, 0x7E, 0x84, 0x8C, 0x8E, 0x86, 0x7E,
    0x78, 0x80, 0x86, 0x8E, 0x94, 0x9A, 0x96, 0x8E, 0x86, 0x80, 0x78, 0x70, 0x6E, 0x74, 0x7C, 0x82,
    0x8A, 0x92, 0x98, 0xA0, 0xA6, 0xA2, 0x9C, 0x94, 0x8E, 0x86, 0x88, 0x90, 0x98, 0x9E, 0xA6, 0xA4,
    0x9C, 0x94, 0x92, 0x9A, 0xA0, 0xA8, 0xAE, 0xB2, 0xAC, 0xA4, 0x9E, 0x96, 0x90, 0x98, 0x9A, 0x92,
    0x8A, 0x84, 0x7C, 0x7A, 0x82, 0x88, 0x90, 0x98, 0x9A, 0x92, 0x8C, 0x84, 0x7E, 0x7A, 0x82, 0x86,
    0x86, 0x82, 0x7A, 0x74, 0x6C, 0x66, 0x68, 0x70, 0x78, 0x7E, 0x86, 0x8E, 0x92, 0x8C, 0x86, 0x7E,
    0x78, 0x70, 0x68, 0x66, 0x66, 0x6C, 0x74, 0x7A, 0x82, 0x8A, 0x8A, 0x82, 0x7A, 0x76, 0x7C, 0x84,
    0x8A, 0x92, 0x96, 0x90, 0x8A, 0x82, 0x7C, 0x76, 0x7A, 0x82, 0x8A, 0x90, 0x96, 0x92, 0x8A, 0x84,
    0x7C, 0x76, 0x7A, 0x82, 0x88, 0x90, 0x96, 0x92, 0x8C, 0x84, 0x82, 0x8A, 0x92, 0x90, 0x88, 0x82,
    0x7A, 0x7C, 0x84, 0x8A, 0x92, 0x9A, 0x98, 0x96, 0x92, 0x8A, 0x84, 0x7C, 0x76, 0x7A, 0x82, 0x88,
    0x90, 0x96, 0x9E, 0xA4, 0x9C, 0x9A, 0xA2, 0xA8, 0xB0, 0xAA, 0xA2, 0x9A, 0x94, 0x8C, 0x92, 0x8E,
    0x88, 0x80, 0x7A, 0x72, 0x6E, 0x74, 0x7C, 0x82, 0x8A, 0x90, 0x98, 0x9A, 0x92, 0x8A, 0x84, 0x8C,
    0x92, 0x9A, 0xA0, 0xA6, 0xA2, 0x9A, 0x94, 0x8C, 0x86, 0x8A, 0x92, 0x98, 0xA0, 0xA6, 0xAE, 0xB2,
    0xAC, 0xA4, 0x9E, 0x96, 0x90, 0x88, 0x82, 0x7A, 0x72, 0x6E, 0x72, 0x7A, 0x82, 0x88, 0x90, 0x98,
    0x9A, 0x94, 0x8C, 0x84, 0x7E, 0x76, 0x70, 0x68, 0x62, 0x5A, 0x56, 0x56, 0x5A, 0x62, 0x68, 0x70,
    0x78, 0x7E, 0x86, 0x84, 0x7C, 0x76, 0x6E, 0x66, 0x60, 0x58, 0x56, 0x56, 0x5C, 0x64, 0x6A, 0x72,
    0x78, 0x80, 0x86, 0x86, 0x84, 0x7C, 0x74, 0x72, 0x7A, 0x80, 0x88, 0x90, 0x92, 0x8A, 0x84, 0x7C,
    0x74, 0x72, 0x78, 0x80, 0x86, 0x8E, 0x94, 0x9C, 0x9E, 0x96, 0x9A, 0xA0, 0xA8, 0xAE, 0xB6, 0xB4,
    0xAC, 0xA4, 0x9E, 0x96, 0x90, 0x8A, 0x8E, 0x96, 0x9C, 0xA4, 0xA6, 0x9C, 0x9A, 0xA0, 0xA8, 0xAE,
    0xAE, 0xAC, 0xA4, 0x9C, 0x96, 0x8E, 0x8A, 0x90, 0x96, 0x9E, 0xA6, 0xA4, 0x9C, 0x96, 0x8E, 0x88,
    0x86, 0x82, 0x7A, 0x76, 0x7C, 0x84, 0x8A, 0x92, 0x98, 0xA0, 0xA6, 0xA6, 0xA4, 0x9C, 0x96, 0x8E,
    0x86, 0x80, 0x88, 0x8E, 0x96, 0x9C, 0xA4, 0x9E, 0x96, 0x8E, 0x90, 0x98, 0x9E, 0xA6, 0xA6, 0xA4,
    0x9E, 0x96, 0x90, 0x88, 0x82, 0x7A, 0x7C, 0x84, 0x8C, 0x92, 0x9A, 0xA0, 0xA8, 0xB0, 0xB2, 0xAA,
    0xAC, 0xB4, 0xAE, 0xA6, 0x9E, 0xA0, 0xA8, 0xAE, 0xB2, 0xAC, 0xA4, 0xA2, 0xA0, 0x98, 0x90, 0x8E,
    0x8E, 0x8C, 0x84, 0x7C, 0x76, 0x6E, 0x70, 0x78, 0x7E, 0x86, 0x8E, 0x94, 0x9A, 0x96, 0x8E, 0x88,
    0x82, 0x82, 0x7E, 0x7E, 0x82, 0x82, 0x8A, 0x92, 0x98, 0xA0, 0xA6, 0xAE, 0xAC, 0xA4, 0x9E, 0x96,
    0x8E, 0x88, 0x82, 0x86, 0x8E, 0x94, 0x9C, 0xA2, 0xAA, 0xAE, 0xA8, 0xA0, 0x9A, 0x92, 0x8C, 0x84,
    0x82, 0x8A, 0x90, 0x98, 0xA0, 0xA6, 0xAE, 0xAC, 0xA4, 0x9E, 0x96, 0x8E, 0x88, 0x82, 0x86, 0x86,
    0x8E, 0x8E, 0x84, 0x7E, 0x78, 0x70, 0x6E, 0x76, 0x7E, 0x84, 0x8C, 0x92, 0x9A, 0x98, 0x90, 0x88,
    0x82, 0x7A, 0x7C, 0x84, 0x8A, 0x92, 0x9A, 0x98, 0x90, 0x8A, 0x84, 0x7C, 0x7A, 0x82, 0x8A, 0x90,
    0x98, 0x9A, 0x92, 0x94, 0x9C, 0xA4, 0xAA, 0xB2, 0xB0, 0xA8, 0xA2, 0x9A, 0x92, 0x8C, 0x84, 0x8A,
    0x92, 0x9A, 0x98, 0x96, 0x92, 0x8C, 0x94, 0x9A, 0xA4, 0xA6, 0xA6, 0xA0, 0x9A, 0x92, 0x8A, 0x84,
    0x7C, 0x7A, 0x82, 0x88, 0x90, 0x96, 0x9E, 0xA4, 0xAC, 0xAE, 0xAE, 0xAE, 0xA8, 0xA0, 0x9A, 0x92,
    0x8C, 0x86, 0x8A, 0x92, 0x9A, 0x9E, 0x98, 0x92, 0x8A, 0x84, 0x7E, 0x82, 0x8A, 0x92, 0x98, 0x9E,
    0x9A, 0x92, 0x8C, 0x84, 0x7E, 0x82, 0x8A, 0x90, 0x98, 0x9E, 0xA6, 0xA4, 0x9C, 0x96, 0x8E, 0x88,
    0x80, 0x86, 0x8E, 0x96, 0x96, 0x94, 0x8E, 0x86, 0x7E, 0x80, 0x88, 0x8E, 0x92, 0x8C, 0x84, 0x7E,
    0x82, 0x8A, 0x90, 0x98, 0x9E, 0xA6, 0xA4, 0x9C, 0x96, 0x8E, 0x88, 0x82, 0x86, 0x86, 0x8E, 0x94,
    0x9A, 0x96, 0x8E, 0x88, 0x80, 0x7A, 0x72, 0x6E, 0x74, 0x7C, 0x82, 0x8A, 0x90, 0x98, 0x9E, 0xA6,
    0xA6, 0xA4, 0x9C, 0x96, 0x8E, 0x88, 0x82, 0x86, 0x8E, 0x94, 0x9C, 0xA2, 0x9E, 0x96, 0x90, 0x8E,
    0x96, 0x9E, 0xA4, 0xAC, 0xB2, 0xBA, 0xB8, 0xB0, 0xA8, 0xA2, 0x9A, 0x94, 0x8C, 0x92, 0x9A, 0xA2,
    0xA0, 0x9E, 0xA6, 0xAE, 0xB4, 0xBC, 0xC2, 0xBE, 0xB6, 0xB0, 0xA8, 0xA2, 0x9A, 0x96, 0x96, 0x9A,
    0xA2, 0xA0, 0x98, 0x90, 0x8A, 0x82, 0x84, 0x8C, 0x92, 0x9A, 0xA2, 0xA2, 0x98, 0x96, 0x96, 0x96,
    0x94, 0x8E, 0x86, 0x80, 0x78, 0x76, 0x7E, 0x86, 0x8C, 0x94, 0x9A, 0xA2, 0xA6, 0xA6, 0xA2, 0x9A,
    0x94, 0x8C, 0x86, 0x8A, 0x92, 0x98, 0xA0, 0xA6, 0xA2, 0x9A, 0x94, 0x8C, 0x86, 0x88, 0x90, 0x98,
    0x9E, 0x9E, 0x9C, 0x9C, 0xA4, 0xAA, 0xB2, 0xB2, 0xB0, 0xAA, 0xA2, 0x9C, 0x94, 0x8E, 0x92, 0x9A,
    0xA2, 0xA2, 0x9A, 0x92, 0x8C, 0x84, 0x82, 0x8A, 0x90, 0x98, 0xA0, 0xA6, 0xAE, 0xB6, 0xB4, 0xAC,
    0xA6, 0x9E, 0x98, 0x90, 0x8A, 0x82, 0x7C, 0x74, 0x6E, 0x66, 0x68, 0x70, 0x78, 0x7E, 0x86, 0x8C,
    0x94, 0x96, 0x8E, 0x88, 0x80, 0x88, 0x8E, 0x96, 0x9C, 0xA2, 0x9E, 0x96, 0x90, 0x88, 0x82, 0x86,
    0x86, 0x8C, 0x94, 0x9A, 0xA2, 0xA8, 0xB0, 0xB6, 0xB6, 0xB4, 0xAC, 0xA4, 0x9E, 0x96, 0x90, 0x8A,
    0x8E, 0x96, 0x9E, 0xA4, 0xAA, 0xA6, 0x9E, 0x96, 0x98, 0xA0, 0xA6, 0xAC, 0xB4, 0xB6, 0xAE, 0xA6,
    0xA0, 0x98, 0x92, 0x8A, 0x82, 0x7C, 0x76, 0x7A, 0x82, 0x88, 0x90, 0x98, 0x9A, 0x92, 0x94, 0x9C,
    0xA2, 0xAA, 0xAE, 0xA8, 0xA2, 0x9A, 0x94, 0x8C, 0x86, 0x7E, 0x80, 0x88, 0x90, 0x96, 0x9E, 0x9C,
    0x94, 0x92, 0x92, 0x98, 0xA0, 0xA6, 0xA6, 0xA4, 0x9C, 0x94, 0x8E, 0x86, 0x82, 0x88, 0x8E, 0x96,
    0x9A, 0x9A, 0x96, 0x96, 0x8E, 0x86, 0x80, 0x88, 0x8E, 0x96, 0x94, 0x8C, 0x84, 0x82, 0x8A, 0x90,
    0x96, 0x9E, 0xA2, 0x9C, 0x94, 0x8E, 0x86, 0x80, 0x78, 0x76, 0x7E, 0x86, 0x8C, 0x94, 0x96, 0x8E,
    0x88, 0x80, 0x78, 0x76, 0x7E, 0x84, 0x8C, 0x94, 0x96, 0x90, 0x88, 0x86, 0x8E, 0x94, 0x96, 0x94,
    0x8E, 0x86, 0x82, 0x88, 0x8E, 0x96, 0x9E, 0xA4, 0xAC, 0xAE, 0xA6, 0xA0, 0x98, 0x90, 0x8E, 0x96,
    0x9C, 0xA2, 0x9E, 0x96, 0x90, 0x88, 0x82, 0x7A, 0x76, 0x7C, 0x84, 0x8A, 0x92, 0x98, 0xA0, 0xA2,
    0x9A, 0x94, 0x8C, 0x86, 0x7E, 0x76, 0x70, 0x68, 0x60, 0x5E, 0x64, 0x6C, 0x72, 0x7A, 0x80, 0x88,
    0x8A, 0x82, 0x7A, 0x74, 0x6C, 0x6A, 0x72, 0x78, 0x80, 0x78, 0x72, 0x6A, 0x6C, 0x74, 0x7A, 0x82,
    0x88, 0x90, 0x98, 0x9E, 0xA4, 0x9A, 0x9C, 0x9E, 0x9E, 0x9E, 0x98, 0x90, 0x8A, 0x82, 0x7C, 0x84,
    0x8A, 0x92, 0x90, 0x88, 0x82, 0x7A, 0x76, 0x7C, 0x84, 0x8A, 0x92, 0x98, 0xA0, 0xA6, 0xA2, 0x9A,
    0x94, 0x8C, 0x86, 0x7E, 0x7A, 0x80, 0x86, 0x8E, 0x96, 0x9C, 0xA4, 0xAA, 0xB2, 0xB0, 0xA8, 0xB0,
    0xB2, 0xAA, 0xA4, 0x9C, 0xA2, 0xAA, 0xB2, 0xB2, 0xAA, 0xA2, 0x9C, 0x94, 0x92, 0x9A, 0xA2, 0xA8,
    0xB0, 0xB2, 0xAA, 0xA4, 0x9C, 0x94, 0x92, 0x96, 0x98, 0xA0, 0xA6, 0xAE, 0xB6, 0xB4, 0xAC, 0xA6,
    0x9E, 0x98, 0x90, 0x8A, 0x8E, 0x94, 0x9C, 0xA2, 0xAA, 0xA8, 0xA6, 0xA2, 0x9A, 0x92, 0x8C, 0x84,
    0x7E, 0x76, 0x70, 0x68, 0x66, 0x6E, 0x74, 0x7E, 0x7C, 0x76, 0x6E, 0x68, 0x70, 0x76, 0x7E, 0x86,
    0x8C, 0x8E, 0x92, 0x9A, 0x98, 0x96, 0x92, 0x8A, 0x84, 0x7C, 0x76, 0x7A, 0x82, 0x88, 0x90, 0x96,
    0x9E, 0xA4, 0xAC, 0xAE, 0xA6, 0x9E, 0x98, 0x90, 0x8A, 0x82, 0x7A, 0x76, 0x7C, 0x82, 0x8A, 0x90,
    0x98, 0x9E, 0x9E, 0xA6, 0xAC, 0xB4, 0xAE, 0xAA, 0xB0, 0xB8, 0xBE, 0xBA, 0xB2, 0xAC, 0xA4, 0x9E,
    0x96, 0x92, 0x98, 0x9E, 0xA6, 0xAC, 0xB2, 0xAE, 0xA6, 0x9E, 0x98, 0x90, 0x88, 0x86, 0x8C, 0x94,
    0x9A, 0x96, 0x8E, 0x88, 0x80, 0x7A, 0x7C, 0x84, 0x8C, 0x92, 0x9A, 0xA2, 0xA8, 0xB0, 0xB6, 0xBE,
    0xBC, 0xB4, 0xAE, 0xA6, 0xA0, 0x98, 0x90, 0x8A, 0x82, 0x7C, 0x76, 0x76, 0x7A, 0x82, 0x88, 0x8E,
    0x96, 0x92, 0x94, 0x9C, 0xA2, 0xA6, 0x9E, 0x98, 0x90, 0x8A, 0x82, 0x7C, 0x76, 0x7A, 0x82, 0x88,
    0x90, 0x96, 0x9E, 0xA4, 0xAC, 0xAE, 0xA6, 0x9E, 0x98, 0x90, 0x8A, 0x82, 0x84, 0x86, 0x8A, 0x92,
    0x9A, 0xA0, 0xA8, 0xA0, 0x9E, 0xA6, 0xAC, 0xB2, 0xAE, 0xA6, 0xA0, 0x98, 0x92, 0x96, 0x9E, 0xA4,
    0xAA, 0xB2, 0xB0, 0xA8, 0xA0, 0x9A, 0x92, 0x94, 0x9C, 0xA4, 0xAA, 0xB2, 0xB0, 0xA8, 0xA2, 0x9A,
    0x94, 0x8C, 0x86, 0x8A, 0x92, 0x98, 0xA0, 0xA6, 0xA2, 0x9C, 0x94, 0x8E, 0x86, 0x88, 0x90, 0x98,
    0x9A, 0x92, 0x8C, 0x84, 0x7C, 0x7A, 0x82, 0x88, 0x90, 0x96, 0x96, 0x9C, 0xA4, 0xAA, 0xB2, 0xB6,
    0xB0, 0xA8, 0xA2, 0x9A, 0x94, 0x8C, 0x8A, 0x92, 0x98, 0xA0, 0xA8, 0xAE, 0xB6, 0xB4, 0xAC, 0xA6,
    0xA6, 0xA0, 0x98, 0x92, 0x8A, 0x84, 0x7C, 0x7A, 0x82, 0x8A, 0x90, 0x98, 0x9E, 0xA6, 0xA4, 0x9C,
    0x94, 0x92, 0x9A, 0xA0, 0xA8, 0xA2, 0x9A, 0x94, 0x8C, 0x86, 0x8A, 0x92, 0x98, 0xA0, 0xA6, 0xA6,
    0xA4, 0x9C, 0x96, 0x8E, 0x90, 0x98, 0xA0, 0xA6, 0xAE, 0xAC, 0xA4, 0x9C, 0x9A, 0xA2, 0xA8, 0xB0,
    0xAA, 0xA2, 0x9C, 0x94, 0x8E, 0x86, 0x88, 0x90, 0x98, 0x9E, 0xA6, 0xAA, 0xA4, 0x9E, 0x96, 0x8E,
    0x88, 0x80, 0x7E, 0x86, 0x8C, 0x94, 0x9C, 0xA2, 0xAA, 0xA8, 0xA6, 0xA2, 0x9A, 0x94, 0x92, 0x9A,
    0xA2, 0xA6, 0xA0, 0x98, 0x92, 0x8A, 0x86, 0x8C, 0x92, 0x9A, 0xA2, 0xA8, 0xB0, 0xB2, 0xAA, 0xA4,
    0x9C, 0x96, 0x8E, 0x88, 0x80, 0x78, 0x76, 0x76, 0x7C, 0x84, 0x8A, 0x92, 0x98, 0xA0, 0xA6, 0xAE,
    0xAC, 0xA4, 0x9C, 0x96, 0x8E, 0x90, 0x98, 0x92, 0x8A, 0x82, 0x7C, 0x76, 0x7A, 0x82, 0x88, 0x90,
    0x96, 0x9E, 0xA2, 0x9C, 0x94, 0x8E, 0x86, 0x86, 0x80, 0x7A, 0x72, 0x6A, 0x66, 0x6A, 0x72, 0x7A,
    0x80, 0x88, 0x90, 0x92, 0x8C, 0x84, 0x7E, 0x76, 0x70, 0x66, 0x66, 0x6E, 0x76, 0x7C, 0x84, 0x86,
    0x86, 0x7E, 0x78, 0x70, 0x6E, 0x76, 0x7C, 0x84, 0x8C, 0x8E, 0x86, 0x80, 0x7A, 0x7E, 0x86, 0x8C,
    0x94, 0x9A, 0xA2, 0xA6, 0xA6, 0xA2, 0x9A, 0x92, 0x8C, 0x84, 0x82, 0x8A, 0x90, 0x98, 0xA0, 0xA2,
    0x9A, 0x94, 0x8C, 0x92, 0x96, 0x96, 0x98, 0x9E, 0x9E, 0x9C, 0x94, 0x8E, 0x84, 0x8A, 0x88, 0x82,
    0x82, 0x78, 0x76, 0x76, 0x7A, 0x82, 0x8A, 0x90, 0x98, 0xA0, 0xA2, 0x9A, 0x94, 0x8C, 0x86, 0x7E,
    0x76, 0x76, 0x80, 0x86, 0x8E, 0x94, 0x9C, 0xA2, 0xAA, 0xB0, 0xB8, 0xBE, 0xC6, 0xC4, 0xBC, 0xB6,
    0xAE, 0xA6, 0xA0, 0x98, 0x92, 0x8A, 0x84, 0x7C, 0x76, 0x7A, 0x82, 0x88, 0x90, 0x96, 0x9E, 0xA2,
    0x9C, 0x96, 0x8E, 0x86, 0x80, 0x78, 0x76, 0x7E, 0x84, 0x8C, 0x92, 0x9A, 0xA2, 0xA0, 0x98, 0x9E,
    0xA6, 0xAC, 0xB4, 0xBA, 0xC2, 0xC8, 0xC0, 0xBE, 0xC6, 0xC2, 0xBC, 0xB4, 0xB2, 0xBA, 0xC0, 0xC8,
    0xD0, 0xD2, 0xCA, 0xC4, 0xBC, 0xB6, 0xAE, 0xA6, 0xA8, 0xB0, 0xAA, 0xA2, 0x9C, 0x94, 0x8E, 0x92,
    0x98, 0xA0, 0xA6, 0xAE, 0xAC, 0xA4, 0x9C, 0x96, 0x8E, 0x90, 0x98, 0x92, 0x8A, 0x82, 0x7C, 0x76,
    0x7A, 0x82, 0x88, 0x90, 0x96, 0x92, 0x8A, 0x84, 0x7C, 0x76, 0x6E, 0x6A, 0x70, 0x76, 0x7E, 0x84,
    0x8C, 0x94, 0x9A, 0xA2, 0xA0, 0x98, 0x92, 0x8A, 0x84, 0x7C, 0x76, 0x6E, 0x6A, 0x70, 0x78, 0x7E,
    0x86, 0x8C, 0x94, 0x96, 0x8E, 0x86, 0x80, 0x88, 0x8E, 0x96, 0x94, 0x8C, 0x86, 0x7E, 0x7E, 0x78,
    0x70, 0x6A, 0x66, 0x6C, 0x74, 0x7A, 0x82, 0x88, 0x90, 0x96, 0x9E, 0x9C, 0x94, 0x8C, 0x86, 0x86,
    0x88, 0x90, 0x98, 0x9A, 0x92, 0x8C, 0x84, 0x7C, 0x7A, 0x80, 0x88, 0x8E, 0x96, 0x9C, 0xA6, 0xA6,
    0x9E, 0x96, 0x90, 0x88, 0x86, 0x8E, 0x96, 0x9A, 0x96, 0x9A, 0xA2, 0xA6, 0xA6, 0xA2, 0x9A, 0x94,
    0x8C, 0x84, 0x7E, 0x7A, 0x80, 0x88, 0x8E, 0x8A, 0x82, 0x7C, 0x74, 0x6E, 0x66, 0x68, 0x70, 0x76,
    0x7E, 0x84, 0x8C, 0x94, 0x9A, 0xA2, 0xA0, 0x98, 0x92, 0x8A, 0x84, 0x7C, 0x76, 0x6E, 0x6A, 0x70,
    0x78, 0x7E, 0x86, 0x8C, 0x94, 0x9C, 0xA2, 0xAA, 0xAE, 0xA8, 0xA2, 0x9A, 0x94, 0x8C, 0x84, 0x82,
    0x86, 0x86, 0x88, 0x8E, 0x96, 0x9C, 0xA4, 0xAA, 0xB2, 0xB6, 0xB0, 0xA8, 0xA2, 0x9A, 0x94, 0x8C,
    0x8A, 0x92, 0x98, 0xA0, 0xA8, 0xAE, 0xB6, 0xB4, 0xAC, 0xA4, 0xA2, 0xA6, 0xA8, 0xB0, 0xB6, 0xBA,
    0xB4, 0xAC, 0xA6, 0x9E, 0x9A, 0xA0, 0xA8, 0xAE, 0xB6, 0xBA, 0xB4, 0xAE, 0xA6, 0xA0, 0x98, 0x90,
    0x8E, 0x96, 0x9C, 0xA4, 0xAA, 0xB2, 0xB6, 0xB0, 0xAA, 0xA2, 0x9C, 0x94, 0x8E, 0x8E, 0x90, 0x98,
    0xA0, 0xA6, 0xAE, 0xAC, 0xA4, 0x9C, 0x96, 0x8E, 0x90, 0x98, 0x9E, 0xA6, 0xAE, 0xAC, 0xA4, 0x9E,
    0x96, 0x90, 0x88, 0x86, 0x8E, 0x96, 0x96, 0x9A, 0xA2, 0xAA, 0xB0, 0xB8, 0xBA, 0xB2, 0xAC, 0xA4,
    0x9E, 0x96, 0x8E, 0x88, 0x80, 0x7A, 0x76, 0x7C, 0x84, 0x8A, 0x92, 0x9A, 0xA0, 0xA2, 0xA0, 0xA6,
    0xA4, 0x9E, 0x9E, 0x96, 0x90, 0x88, 0x80, 0x7A, 0x72, 0x74, 0x7C, 0x82, 0x8A, 0x90, 0x98, 0x9E,
    0x9A, 0x92, 0x8A, 0x8A, 0x92, 0x9A, 0xA0, 0xA8, 0xAA, 0xA2, 0x9A, 0x94, 0x8C, 0x8A, 0x92, 0x98,
    0xA0, 0xA6, 0xAE, 0xB6, 0xBC, 0xC2, 0xBE, 0xB6, 0xB0, 0xA8, 0xA2, 0x9A, 0x96, 0x96, 0x9A, 0xA2,
    0xAA, 0xB0, 0xA8, 0xA6, 0xAE, 0xB6, 0xBC, 0xB4, 0xAE, 0xA6, 0xA0, 0x98, 0x92, 0x8A, 0x82, 0x84,
    0x8C, 0x92, 0x9A, 0xA0, 0xA2, 0x98, 0x9E, 0x9C, 0x96, 0x96, 0x8E, 0x88, 0x80, 0x7A, 0x7E, 0x86,
    0x8C, 0x94, 0x8E, 0x86, 0x7E, 0x78, 0x72, 0x76, 0x7E, 0x84, 0x86, 0x86, 0x7E, 0x7A, 0x80, 0x88,
    0x8E, 0x96, 0x9A, 0x94, 0x8E, 0x86, 0x7E, 0x7A, 0x80, 0x86, 0x8E, 0x94, 0x9C, 0x96, 0x8E, 0x86,
    0x88, 0x90, 0x96, 0x9E, 0xA6, 0xA6, 0x9E, 0x96, 0x90, 0x88, 0x82, 0x7A, 0x7C, 0x84, 0x8C, 0x92,
    0x9A, 0xA0, 0xA8, 0xA0, 0x9E, 0xA6, 0xAC, 0xB4, 0xAE, 0xA6, 0xA0, 0x98, 0x92, 0x8A, 0x84, 0x7C,
    0x7A, 0x82, 0x8A, 0x90, 0x98, 0xA0, 0xA6, 0xAE, 0xAC, 0xA4, 0x9E, 0x96, 0x96, 0x98, 0x9A, 0x9A,
    0x94, 0x8C, 0x86, 0x8A, 0x92, 0x9A, 0x9A, 0x92, 0x8A, 0x84, 0x7C, 0x7A, 0x82, 0x8A, 0x90, 0x98,
    0x9A, 0x92, 0x8C, 0x84, 0x7C, 0x7A, 0x82, 0x88, 0x90, 0x8A, 0x86, 0x8C, 0x94, 0x9A, 0xA2, 0xA8,
    0xB0, 0xB2, 0xAA, 0xA2, 0x9C, 0x94, 0x8E, 0x86, 0x88, 0x90, 0x96, 0x9E, 0xA4, 0xAE, 0xAE, 0xB2,
    0xBA, 0xC2, 0xC6, 0xC6, 0xC2, 0xBC, 0xC6, 0xC4, 0xBE, 0xB6, 0xB2, 0xB8, 0xC0, 0xC6, 0xCE, 0xD4,
    0xDC, 0xDE, 0xD6, 0xD0, 0xC8, 0xC2, 0xBA, 0xB2, 0xAC, 0xA4, 0x9E, 0x96, 0x90, 0x88, 0x82, 0x86,
    0x86, 0x8C, 0x94, 0x9A, 0xA2, 0xA6, 0xA0, 0x9A, 0x92, 0x8A, 0x84, 0x8C, 0x92, 0x9A, 0x98, 0x90,
    0x96, 0x9E, 0xA6, 0xA4, 0x9C, 0x96, 0x90, 0x9A, 0x9A, 0x90, 0x96, 0x96, 0x9C, 0xA4, 0xAA, 0xA8,
    0xA0, 0x98, 0x92, 0x8A, 0x8C, 0x94, 0x9A, 0xA2, 0xAA, 0xA8, 0xA0, 0x9A, 0x92, 0x8A, 0x8C, 0x94,
    0x9A, 0xA2, 0xA6, 0xA0, 0x9A, 0x92, 0x8C, 0x84, 0x7E, 0x76, 0x6E, 0x6A, 0x70, 0x76, 0x7E, 0x84,
    0x8C, 0x92, 0x9A, 0xA2, 0xA0, 0x98, 0x92, 0x8A, 0x84, 0x7C, 0x76, 0x7A, 0x82, 0x88, 0x90, 0x96,
    0x9E, 0xA4, 0x9C, 0x96, 0x96, 0x98, 0xA0, 0xA8, 0xAA, 0xA2, 0x9C, 0x94, 0x8E, 0x86, 0x7E, 0x80,
    0x88, 0x8E, 0x94, 0x9C, 0x9E, 0x96, 0x8E, 0x88, 0x80, 0x7E, 0x86, 0x8E, 0x94, 0x9C, 0x9E, 0x96,
    0x90, 0x88, 0x82, 0x7A, 0x74, 0x6C, 0x66, 0x6A, 0x72, 0x78, 0x80, 0x86, 0x8E, 0x92, 0x8C, 0x84,
    0x7E, 0x76, 0x70, 0x68, 0x66, 0x6E, 0x74, 0x7C, 0x82, 0x8A, 0x92, 0x98, 0x9E, 0xA8, 0xAA, 0xA6,
    0xA4, 0x9C, 0x96, 0x8E, 0x88, 0x80, 0x7A, 0x7E, 0x84, 0x8C, 0x92, 0x92, 0x9A, 0xA0, 0xA8, 0xAE,
    0xB6, 0xB4, 0xAC, 0xA6, 0x9E, 0x96, 0x98, 0xA0, 0xA6, 0xA4, 0x9C, 0x94, 0x8C, 0x92, 0x98, 0xA0,
    0xA2, 0x9E, 0xA6, 0xAC, 0xB4, 0xB6, 0xAE, 0xA8, 0xA0, 0x98, 0x92, 0x8A, 0x8C, 0x94, 0x9A, 0xA2,
    0xAA, 0xA8, 0xA0, 0x9A, 0x94, 0x8C, 0x8A, 0x92, 0x9A, 0xA0, 0xA6, 0xA2, 0x9A, 0x92, 0x8E, 0x8E,
    0x8E, 0x86, 0x80, 0x78, 0x70, 0x6E, 0x76, 0x7C, 0x84, 0x8A, 0x92, 0x9A, 0x9A, 0x90, 0x96, 0x9A,
    0x94, 0x8C, 0x86, 0x7E, 0x78, 0x70, 0x6E, 0x76, 0x7C, 0x84, 0x8C, 0x92, 0x9A, 0x98, 0x90, 0x8A,
    0x82, 0x7C, 0x74, 0x6E, 0x72, 0x7A, 0x80, 0x88, 0x8E, 0x96, 0x9C, 0xA4, 0x9E, 0x96, 0x8E, 0x88,
    0x80, 0x7E, 0x86, 0x86, 0x84, 0x7C, 0x76, 0x6E, 0x70, 0x78, 0x72, 0x6E, 0x74, 0x7C, 0x82, 0x8A,
    0x90, 0x98, 0x9A, 0x92, 0x8A, 0x86, 0x8A, 0x8A, 0x8A, 0x8E, 0x8E, 0x8A, 0x82, 0x7A, 0x74, 0x6E,
    0x72, 0x7A, 0x80, 0x88, 0x8E, 0x8A, 0x82, 0x7C, 0x74, 0x6E, 0x72, 0x78, 0x80, 0x86, 0x8E, 0x8C,
    0x84, 0x7C, 0x76, 0x76, 0x78, 0x80, 0x88, 0x8A, 0x86, 0x84, 0x7C, 0x76, 0x6E, 0x66, 0x66, 0x70,
    0x76, 0x7E, 0x84, 0x8C, 0x92, 0x9A, 0x9E, 0x98, 0x92, 0x8A, 0x84, 0x7C, 0x74, 0x6E, 0x66, 0x68,
    0x70, 0x76, 0x7E, 0x84, 0x8C, 0x92, 0x9A, 0x9E, 0x98, 0x90, 0x8A, 0x82, 0x7C, 0x76, 0x7A, 0x82,
    0x8A, 0x90, 0x98, 0x9E, 0xA6, 0xA4, 0x9C, 0x96, 0x8E, 0x88, 0x80, 0x7A, 0x7E, 0x86, 0x8C, 0x94,
    0x9A, 0xA2, 0xA8, 0xB0, 0xB6, 0xB6, 0xB4, 0xAC, 0xB4, 0xB6, 0xAE, 0xA6, 0xA8, 0xB0, 0xB6, 0xBE,
    0xBC, 0xB4, 0xAE, 0xA6, 0x9E, 0xA0, 0xA8, 0xAE, 0xB2, 0xAC, 0xA4, 0x9E, 0x96, 0x92, 0x98, 0x9E,
    0xA6, 0xAE, 0xB2, 0xAC, 0xA6, 0x9E, 0x98, 0x90, 0x88, 0x82, 0x7A, 0x7C, 0x84, 0x8A, 0x90, 0x9A,
    0x98, 0x96, 0x92, 0x8A, 0x84, 0x82, 0x8A, 0x92, 0x98, 0xA0, 0xA2, 0x9A, 0x94, 0x8C, 0x84, 0x7E,
    0x76, 0x78, 0x80, 0x86, 0x8E, 0x94, 0x9C, 0xA4, 0xA6, 0xA6, 0xA0, 0x98, 0x92, 0x8A, 0x84, 0x7C,
    0x7A, 0x7A, 0x78, 0x70, 0x68, 0x66, 0x6E, 0x74, 0x7C, 0x84, 0x86, 0x86, 0x80, 0x78, 0x7E, 0x86,
    0x8E, 0x8E, 0x84, 0x7E, 0x76, 0x70, 0x68, 0x66, 0x6E, 0x74, 0x7C, 0x82, 0x8A, 0x88, 0x80, 0x88,
    0x8E, 0x96, 0x9C, 0xA2, 0x9E, 0x96, 0x90, 0x88, 0x82, 0x86, 0x8E, 0x94, 0x9C, 0xA2, 0xAA, 0xAE,
    0xA8, 0xA2, 0x9A, 0x92, 0x8C, 0x84, 0x82, 0x8A, 0x90, 0x98, 0x9E, 0xA6, 0xAE, 0xAC, 0xA4, 0x9E,
    0x96, 0x8E, 0x8E, 0x98, 0x9E, 0xA4, 0x9A, 0x9A, 0xA2, 0xAA, 0xA8, 0xA6, 0xA2, 0x9A, 0x94, 0x8C,
    0x86, 0x8A, 0x92, 0x98, 0x9A, 0x90, 0x8E, 0x94, 0x9C, 0xA2, 0xAA, 0xAE, 0xA8, 0xA0, 0x9A, 0x92,
    0x8C, 0x84, 0x82, 0x8A, 0x92, 0x98, 0xA0, 0xA2, 0x9A, 0x94, 0x8C, 0x92, 0x9A, 0xA2, 0xA0, 0x98,
    0x92, 0x8E, 0x94, 0x9C, 0xA2, 0xAA, 0xB2, 0xB6, 0xB0, 0xAA, 0xA2, 0x9C, 0x94, 0x92, 0x9A, 0xA0,
    0xA8, 0xA0, 0x9A, 0x92, 0x8C, 0x86, 0x8A, 0x92, 0x98, 0xA0, 0xA6, 0xA2, 0x9A, 0x94, 0x8C, 0x86,
    0x8A, 0x90, 0x98, 0x9E, 0xA6, 0xA4, 0x9C, 0x94, 0x8E, 0x86, 0x88, 0x90, 0x96, 0x9E, 0xA6, 0xAC,
    0xB2, 0xAE, 0xA6, 0xA0, 0x98, 0x92, 0x96, 0x9C, 0xA4, 0xA6, 0x9E, 0x96, 0x90, 0x98, 0x9A, 0x92,
    0x94, 0x9C, 0xA4, 0xAA, 0xB2, 0xB0, 0xA8, 0xA2, 0x9A, 0x94, 0x8C, 0x86, 0x7E, 0x7A, 0x80, 0x88,
    0x8E, 0x96, 0x9C, 0xA4, 0xA6, 0x9E, 0x98, 0x90, 0x88, 0x82, 0x7A, 0x74, 0x6E, 0x72, 0x7A, 0x80,
    0x88, 0x90, 0x96, 0x9A, 0x94, 0x8C, 0x86, 0x86, 0x88, 0x92, 0x92, 0x8A, 0x82, 0x7E, 0x84, 0x8A,
    0x92, 0x9A, 0x9E, 0x9A, 0x92, 0x8A, 0x84, 0x7E, 0x82, 0x8A, 0x90, 0x98, 0x9E, 0xA6, 0xAA, 0xA4,
    0x9C, 0x96, 0x8E, 0x8A, 0x90, 0x98, 0x9E, 0xA6, 0xA4, 0x9C, 0x96, 0x8E, 0x90, 0x98, 0xA0, 0xA2,
    0x9A, 0x94, 0x8C, 0x86, 0x82, 0x88, 0x90, 0x96, 0x9E, 0xA4, 0xAC, 0xB4, 0xBA, 0xB8, 0xB0, 0xA8,
    0xA2, 0x9A, 0x92, 0x8C, 0x94, 0x9A, 0xA2, 0xA0, 0x98, 0x92, 0x8A, 0x82, 0x84, 0x8C, 0x92, 0x9A,
    0xA2, 0xA2, 0x9A, 0x92, 0x8C, 0x94, 0x9A, 0xA2, 0xA0, 0x98, 0x90, 0x8E, 0x96, 0x9C, 0xA4, 0xAC,
    0xAE, 0xA6, 0xA0, 0x98, 0x92, 0x8E, 0x94, 0x9C, 0xA2, 0x9E, 0x96, 0x90, 0x88, 0x86, 0x8E, 0x94,
    0x9C, 0xA2, 0xAA, 0xB2, 0xB8, 0xB0, 0xAA, 0xA2, 0xA4, 0xAC, 0xA4, 0xA2, 0xA8, 0xB0, 0xB6, 0xBE,
    0xC2, 0xBC, 0xB4, 0xAE, 0xB2, 0xB8, 0xC0, 0xC2, 0xBA, 0xBC, 0xC4, 0xBC, 0xB6, 0xAE, 0xB0, 0xB8,
    0xBE, 0xC6, 0xCE, 0xD4, 0xDA, 0xD6, 0xCE, 0xC8, 0xC0, 0xBA, 0xB2, 0xAE, 0xB4, 0xBC, 0xC2, 0xC0,
    0xB8, 0xB0, 0xAA, 0xA2, 0x9A, 0x96, 0x9A, 0xA2, 0xA6, 0xA0, 0x98, 0x92, 0x8A, 0x86, 0x8C, 0x92,
    0x9A, 0xA0, 0xAA, 0xAA, 0xA2, 0x9A, 0x94, 0x9C, 0x9E, 0x96, 0x96, 0x98, 0xA0, 0xA6, 0xAE, 0xAC,
    0xA4, 0x9E, 0x96, 0x8E, 0x88, 0x80, 0x7A, 0x7E, 0x84, 0x8C, 0x92, 0x9A, 0xA0, 0xAA, 0xA8, 0xA6,
    0xA4, 0x9C, 0x94, 0x92, 0x9A, 0xA0, 0xA8, 0xA0, 0x9A, 0x92, 0x8C, 0x86, 0x8A, 0x92, 0x98, 0xA0,
    0xA6, 0xA2, 0x9A, 0x94, 0x8C, 0x86, 0x7E, 0x76, 0x76, 0x76, 0x7E, 0x86, 0x8C, 0x94, 0x9A, 0xA2,
    0xA6, 0xA8, 0xB0, 0xB6, 0xBE, 0xBC, 0xB4, 0xAE, 0xA6, 0xA0, 0x98, 0x92, 0x96, 0x9E, 0xA4, 0xAC,
    0xB2, 0xB0, 0xA8, 0xA0, 0x9A, 0x92, 0x94, 0x9C, 0xA4, 0xAA, 0xB2, 0xB0, 0xA8, 0xA2, 0x9A, 0x94,
    0x8C, 0x86, 0x8A, 0x92, 0x98, 0xA0, 0xA6, 0xA2, 0x9A, 0x94, 0x8C, 0x86, 0x7E, 0x78, 0x70, 0x6E,
    0x76, 0x7C, 0x84, 0x8A, 0x92, 0x9A, 0xA0, 0xA6, 0xA2, 0x9A, 0x94, 0x8C, 0x86, 0x7E, 0x7A, 0x80,
    0x86, 0x8E, 0x8A, 0x8C, 0x94, 0x9A, 0xA2, 0xAA, 0xB0, 0xA8, 0xA2, 0x9A, 0x94, 0x8C, 0x84, 0x82,
    0x8A, 0x90, 0x98, 0x9E, 0xA2, 0x9C, 0x94, 0x8E, 0x92, 0x90, 0x86, 0x86, 0x8E, 0x96, 0x9C, 0xA4,
    0xA6, 0x9E, 0x98, 0x92, 0x96, 0x96, 0x9E, 0xA4, 0xAA, 0xA6, 0x9E, 0x98, 0x90, 0x8A, 0x82, 0x7E,
    0x84, 0x8C, 0x92, 0x8E, 0x88, 0x80, 0x7A, 0x72, 0x74, 0x7C, 0x82, 0x8A, 0x92, 0x98, 0xA0, 0xA8,
    0xAA, 0xA6, 0xA4, 0x9E, 0x9E, 0x9E, 0x98, 0x90, 0x8A, 0x82, 0x7C, 0x74, 0x72, 0x7A, 0x82, 0x88,
    0x90, 0x96, 0x9E, 0x9C, 0x94, 0x8C, 0x8A, 0x90, 0x88, 0x82, 0x78, 0x76, 0x7C, 0x84, 0x8A, 0x92,
    0x96, 0x90, 0x88, 0x82, 0x7A, 0x76, 0x7C, 0x82, 0x8A, 0x92, 0x98, 0x90, 0x8A, 0x82, 0x84, 0x86,
    0x8A, 0x92, 0x9A, 0x98, 0x90, 0x8A, 0x84, 0x8E, 0x8C, 0x86, 0x7E, 0x7A, 0x7E, 0x7E, 0x86, 0x86,
    0x84, 0x7C, 0x7A, 0x82, 0x88, 0x90, 0x98, 0x9E, 0xA6, 0xA4, 0x9C, 0x96, 0x8E, 0x88, 0x80, 0x7A,
    0x7E, 0x86, 0x8C, 0x94, 0x9A, 0xA2, 0xA6, 0xA0, 0x9A, 0x92, 0x8A, 0x84, 0x8C, 0x8E, 0x86, 0x80,
    0x78, 0x7E, 0x86, 0x8C, 0x94, 0x9A, 0xA2, 0xA6, 0xA0, 0x98, 0x92, 0x8A, 0x86, 0x8C, 0x92, 0x9A,
    0x98, 0x90, 0x98, 0x9E, 0xA6, 0xAC, 0xB4, 0xAE, 0xA6, 0x9E, 0x98, 0x90, 0x96, 0x9E, 0xA6, 0xA4,
    0x9C, 0x96, 0x8E, 0x88, 0x86, 0x86, 0x8E, 0x94, 0x96, 0x96, 0x8E, 0x86, 0x82, 0x86, 0x86, 0x8E,
    0x94, 0x9C, 0xA4, 0xA6, 0x9E, 0x98, 0x90, 0x8A, 0x86, 0x8C, 0x94, 0x9A, 0xA2, 0xAA, 0xAE, 0xAA,
    0xA2, 0x9A, 0x94, 0x8C, 0x86, 0x7E, 0x78, 0x70, 0x76, 0x7E, 0x86, 0x84, 0x7C, 0x82, 0x8A, 0x90,
    0x98, 0x9E, 0xA6, 0xAA, 0xA4, 0x9C, 0x96, 0x9A, 0xA0, 0xA8, 0xAE, 0xB6, 0xB4, 0xAC, 0xA4, 0x9E,
    0x96, 0x98, 0xA0, 0xA8, 0xAA, 0xA2, 0x9C, 0x94, 0x8E, 0x88, 0x92, 0x90, 0x8A, 0x82, 0x7E, 0x84,
    0x8C, 0x92, 0x9A, 0xA0, 0xA8, 0xAA, 0xA2, 0x9C, 0x94, 0x8C, 0x8A, 0x92, 0x98, 0xA0, 0xA6, 0xAE,
    0xB6, 0xB4, 0xAC, 0xA6, 0x9E, 0x98, 0x90, 0x8A, 0x82, 0x7C, 0x74, 0x72, 0x7A, 0x80, 0x88, 0x90,
    0x96, 0x9E, 0x9C, 0x94, 0x8E, 0x86, 0x80, 0x78, 0x72, 0x6A, 0x66, 0x6C, 0x74, 0x7A, 0x7A, 0x7A,
    0x80, 0x88, 0x8E, 0x8E, 0x8C, 0x84, 0x82, 0x8A, 0x8E, 0x8E, 0x8A, 0x82, 0x7A, 0x7C, 0x84, 0x8A,
    0x92, 0x9A, 0x98, 0x90, 0x8A, 0x84, 0x7C, 0x7A, 0x82, 0x8A, 0x8E, 0x8A, 0x8A, 0x82, 0x84, 0x8C,
    0x94, 0x9A, 0xA2, 0xA0, 0x98, 0x92, 0x8A, 0x86, 0x8C, 0x92, 0x9A, 0x9E, 0x98, 0x90, 0x8A, 0x82,
    0x7C, 0x84, 0x8A, 0x8A, 0x88, 0x80, 0x78, 0x76, 0x7E, 0x84, 0x8C, 0x94, 0x9A, 0xA2, 0xA0, 0x98,
    0x92, 0x8A, 0x84, 0x7C, 0x76, 0x7A, 0x82, 0x88, 0x90, 0x96, 0x92, 0x8C, 0x84, 0x82, 0x8A, 0x90,
    0x98, 0xA0, 0xA2, 0x9A, 0x96, 0x96, 0x96, 0x96, 0x8E, 0x8E, 0x8E, 0x96, 0x9E, 0xA4, 0xAC, 0xB2,
    0xAE, 0xAE, 0xA8, 0xA2, 0x9A, 0x9E, 0x9C, 0x94, 0x8E, 0x86, 0x80, 0x78, 0x7E, 0x86, 0x8E, 0x94,
    0x9C, 0xA4, 0xA6, 0xA0, 0x98, 0x90, 0x8A, 0x82, 0x7E, 0x7E, 0x76, 0x7A, 0x80, 0x88, 0x8E, 0x96,
    0x9E, 0xA2, 0x9C, 0x96, 0x8E, 0x88, 0x80, 0x78, 0x72, 0x6A, 0x6C, 0x74, 0x7A, 0x82, 0x88, 0x90,
    0x96, 0x9E, 0xA4, 0xAC, 0xAE, 0xA6, 0x9E, 0x98, 0x90, 0x8A, 0x82, 0x84, 0x8C, 0x94, 0x9A, 0xA2,
    0xA0, 0x98, 0x92, 0x8E, 0x96, 0x9C, 0xA2, 0x9E, 0x96, 0x90, 0x88, 0x82, 0x86, 0x8C, 0x94, 0x9A,
    0xA2, 0xA0, 0x98, 0x90, 0x8A, 0x82, 0x7C, 0x76, 0x7A, 0x82, 0x88, 0x90, 0x96, 0x9E, 0xA2, 0x9C,
    0x94, 0x8E, 0x86, 0x82, 0x88, 0x90, 0x96, 0x9E, 0xA2, 0x9C, 0x96, 0x8E, 0x88, 0x80, 0x88, 0x8A,
    0x82, 0x7C, 0x74, 0x6C, 0x6A, 0x70, 0x78, 0x7E, 0x86, 0x8A, 0x84, 0x7C, 0x76, 0x6E, 0x6A, 0x70,
    0x76, 0x7E, 0x86, 0x8A, 0x86, 0x86, 0x7E, 0x80, 0x88, 0x8E, 0x96, 0x9E, 0xA4, 0xAA, 0xA6, 0x9E,
    0x98, 0x90, 0x8A, 0x82, 0x7C, 0x74, 0x6C, 0x66, 0x68, 0x70, 0x78, 0x7E, 0x86, 0x8E, 0x8C, 0x84,
    0x8A, 0x92, 0x98, 0xA0, 0xA6, 0xA2, 0x9A, 0x94, 0x8E, 0x92, 0x9A, 0xA0, 0xA8, 0xAE, 0xAA, 0xA4,
    0x9C, 0x94, 0x8E, 0x86, 0x80, 0x78, 0x76, 0x7E, 0x84, 0x8C, 0x94, 0x96, 0x8E, 0x88, 0x80, 0x86,
    0x86, 0x8E, 0x8E, 0x84, 0x7E, 0x78, 0x70, 0x6E, 0x76, 0x7E, 0x84, 0x8C, 0x92, 0x9A, 0x98, 0x90,
    0x88, 0x82, 0x7A, 0x7C, 0x84, 0x8A, 0x92, 0x98, 0xA0, 0xA6, 0xAE, 0xB2, 0xAC, 0xA4, 0x9E, 0x96,
    0x90, 0x88, 0x86, 0x8E, 0x96, 0x9C, 0xA4, 0xA6, 0x9E, 0x98, 0x90, 0x88, 0x86, 0x8E, 0x94, 0x9C,
    0x96, 0x92, 0x98, 0xA0, 0xA6, 0xAE, 0xB2, 0xAC, 0xA4, 0x9E, 0x96, 0x92, 0x98, 0x9E, 0xA6, 0xA4,
    0x9A, 0x9A, 0x96, 0x8E, 0x88, 0x80, 0x78, 0x76, 0x7C, 0x84, 0x8A, 0x92, 0x96, 0x90, 0x88, 0x82,
    0x7A, 0x76, 0x7C, 0x82, 0x8A, 0x88, 0x80, 0x78, 0x72, 0x6A, 0x6C, 0x74, 0x7A, 0x82, 0x8A, 0x88,
    0x86, 0x82, 0x82, 0x7C, 0x74, 0x6E, 0x72, 0x7A, 0x80, 0x88, 0x8E, 0x8A, 0x84, 0x7C, 0x7A, 0x82,
    0x88, 0x90, 0x98, 0x9A, 0x92, 0x8C, 0x84, 0x8A, 0x8E, 0x88, 0x80, 0x7A, 0x72, 0x6E, 0x74, 0x7C,
    0x82, 0x8A, 0x90, 0x88, 0x86, 0x8E, 0x96, 0x9C, 0xA4, 0xA6, 0x9E, 0x98, 0x90, 0x88, 0x86, 0x8E,
    0x94, 0x9C, 0xA2, 0xAA, 0xB2, 0xB2, 0xA8, 0xA2, 0x9A, 0x94, 0x8C, 0x86, 0x88, 0x90, 0x98, 0x9E,
    0xA6, 0xA6, 0xA6, 0xAA, 0xB2, 0xBA, 0xB8, 0xB0, 0xAA, 0xA2, 0x9A, 0x9C, 0xA4, 0xAA, 0xB2, 0xB8,
    0xC0, 0xC6, 0xC2, 0xBC, 0xB4, 0xAC, 0xA6, 0x9E, 0x98, 0xA0, 0xA6, 0xAE, 0xAC, 0xA4, 0x9E, 0x96,
    0x8E, 0x90, 0x98, 0x9E, 0xA6, 0xA6, 0xA4, 0x9E, 0x96, 0x92, 0x98, 0xA0, 0xA6, 0xAE, 0xB4, 0xAC,
    0xA6, 0x9E, 0xA0, 0xA8, 0xB0, 0xB6, 0xB6, 0xB4, 0xAC, 0xA6, 0x9E, 0x98, 0x90, 0x8A, 0x82, 0x7E,
    0x84, 0x8C, 0x92, 0x9A, 0xA0, 0xA8, 0xAE, 0xB6, 0xB4, 0xAC, 0xA4, 0xA2, 0xA6, 0xA8, 0xB0, 0xAA,
    0xA2, 0x9A, 0x94, 0x8C, 0x86, 0x82, 0x88, 0x90, 0x96, 0x9E, 0xA2, 0x9C, 0x94, 0x8E, 0x86, 0x82,
    0x88, 0x8E, 0x96, 0x9C, 0xA4, 0xA6, 0xA6, 0x9E, 0x9E, 0xA0, 0xA6, 0xAE, 0xB4, 0xBC, 0xC2, 0xBE,
    0xB6, 0xB0, 0xA8, 0xA2, 0x9A, 0x96, 0x9C, 0xA4, 0xA6, 0x9E, 0x98, 0x96, 0x96, 0x9E, 0xA4, 0xAC,
    0xB4, 0xB6, 0xAE, 0xB0, 0xB8, 0xB2, 0xAA, 0xA2, 0xA4, 0xAC, 0xB2, 0xB8, 0xC0, 0xC2, 0xBA, 0xB2,
    0xAC, 0xA4, 0x9E, 0x96, 0x8E, 0x8A, 0x90, 0x96, 0x9E, 0xA4, 0xAA, 0xA6, 0x9E, 0x98, 0x90, 0x88,
    0x82, 0x7A, 0x76, 0x76, 0x76, 0x7A, 0x82, 0x88, 0x90, 0x96, 0x9E, 0xA4, 0xAC, 0xAE, 0xA6, 0xA0,
    0x98, 0x90, 0x8E, 0x96, 0x9C, 0xA2, 0x9E, 0x96, 0x90, 0x88, 0x82, 0x7A, 0x76, 0x7C, 0x84, 0x8A,
    0x92, 0x98, 0xA0, 0xA2, 0x9A, 0x94, 0x8C, 0x86, 0x8A, 0x92, 0x98, 0xA0, 0x9A, 0x92, 0x8C, 0x84,
    0x7E, 0x82, 0x8A, 0x90, 0x92, 0x8A, 0x82, 0x7A, 0x76, 0x7A, 0x82, 0x8A, 0x8E, 0x8E, 0x8A, 0x82,
    0x84, 0x8C, 0x94, 0x96, 0x8E, 0x88, 0x80, 0x86, 0x8A, 0x84, 0x7C, 0x76, 0x7A, 0x82, 0x88, 0x8E,
    0x96, 0x92, 0x94, 0x9C, 0x96, 0x8E, 0x86, 0x88, 0x90, 0x96, 0x9E, 0x9C, 0x94, 0x9C, 0x9E, 0x96,
    0x90, 0x8A, 0x8E, 0x96, 0x9C, 0xA4, 0xAA, 0xA6, 0xA0, 0x98, 0x92, 0x8A, 0x8C, 0x92, 0x8E, 0x8E,
    0x86, 0x88, 0x90, 0x98, 0x9E, 0xA6, 0xA4, 0x9C, 0x96, 0x8E, 0x86, 0x88, 0x90, 0x96, 0x9A, 0x94,
    0x9C, 0xA2, 0xAA, 0xAE, 0xA8, 0xA2, 0x9A, 0x92, 0x8C, 0x84, 0x82, 0x8A, 0x90, 0x98, 0xA0, 0xA2,
    0x9C, 0x94, 0x8E, 0x8E, 0x8E, 0x88, 0x80, 0x7A, 0x72, 0x6E, 0x6E, 0x6E, 0x6E, 0x70, 0x78, 0x80,
    0x86, 0x8E, 0x8C, 0x84, 0x8C, 0x92, 0x9A, 0x98, 0x90, 0x96, 0x9E, 0xA6, 0xA6, 0x9C, 0xA2, 0xA8,
    0xB0, 0xB2, 0xAA, 0xA2, 0x9C, 0xA4, 0xA6, 0x9E, 0x98, 0x90, 0x88, 0x82, 0x7A, 0x7C, 0x84, 0x8C,
    0x8E, 0x86, 0x80, 0x7A, 0x7E, 0x86, 0x8C, 0x94, 0x9A, 0x96, 0x8E, 0x88, 0x80, 0x7A, 0x72, 0x6E,
    0x74, 0x7A, 0x82, 0x88, 0x8E, 0x8A, 0x82, 0x7A, 0x74, 0x6E, 0x72, 0x7A, 0x80, 0x88, 0x8E, 0x8A,
    0x84, 0x7C, 0x7A, 0x82, 0x8A, 0x90, 0x88, 0x82, 0x7A, 0x72, 0x6E, 0x74, 0x7A, 0x82, 0x88, 0x90,
    0x8A, 0x82, 0x7A, 0x76, 0x76, 0x7A, 0x82, 0x88, 0x90, 0x96, 0x92, 0x8A, 0x84, 0x7C, 0x76, 0x78,
    0x82, 0x86, 0x86, 0x8E, 0x94, 0x9C, 0xA4, 0xA6, 0xA6, 0xA0, 0x98, 0x92, 0x8A, 0x82, 0x82, 0x8C,
    0x8E, 0x90, 0x98, 0x9E, 0xA6, 0xA2, 0x9C, 0x94, 0x8E, 0x86, 0x7E, 0x78, 0x70, 0x6E, 0x76, 0x7C,
    0x84, 0x8A, 0x92, 0x9A, 0xA0, 0xA6, 0xA2, 0x9A, 0x92, 0x92, 0x9A, 0xA2, 0xA6, 0xA0, 0x98, 0x92,
    0x8A, 0x86, 0x8C, 0x92, 0x9A, 0xA0, 0xA6, 0xA2, 0x9A, 0x92, 0x8C, 0x84, 0x7C, 0x7A, 0x80, 0x88,
    0x8E, 0x96, 0x9A, 0x94, 0x8C, 0x86, 0x8A, 0x90, 0x98, 0x9A, 0x92, 0x8C, 0x84, 0x8C, 0x92, 0x9A,
    0x98, 0x90, 0x8A, 0x82, 0x7A, 0x7C, 0x84, 0x8A, 0x92, 0x9A, 0x9A, 0x92, 0x8A, 0x84, 0x8C, 0x92,
    0x9A, 0x96, 0x90, 0x98, 0x9E, 0xA6, 0xAC, 0xB2, 0xAE, 0xA6, 0x9E, 0x98, 0x90, 0x88, 0x86, 0x8C,
    0x94, 0x9A, 0xA2, 0xA8, 0xB0, 0xB2, 0xAA, 0xA2, 0x9C, 0x94, 0x8E, 0x86, 0x88, 0x90, 0x98, 0x9A,
    0x92, 0x8C, 0x84, 0x7E, 0x76, 0x6E, 0x70, 0x78, 0x7E, 0x86, 0x8C, 0x8E, 0x8E, 0x92, 0x98, 0xA0,
    0xA2, 0x9A, 0x92, 0x8C, 0x84, 0x82, 0x86, 0x88, 0x90, 0x96, 0x9E, 0xA6, 0xA4, 0x9C, 0x96, 0x8E,
    0x8E, 0x88, 0x82, 0x7A, 0x74, 0x6C, 0x6A, 0x72, 0x7A, 0x80, 0x88, 0x8E, 0x96, 0x9E, 0xA2, 0x9C,
    0x96, 0x8E, 0x88, 0x80, 0x78, 0x76, 0x7E, 0x84, 0x8C, 0x92, 0x96, 0x90, 0x88, 0x82, 0x7A, 0x74,
    0x6C, 0x6A, 0x72, 0x7A, 0x80, 0x88, 0x8E, 0x96, 0x9C, 0xA4, 0x9E, 0x96, 0x8E, 0x90, 0x98, 0x92,
    0x8A, 0x84, 0x7C, 0x7A, 0x76, 0x70, 0x78, 0x80, 0x86, 0x8E, 0x8E, 0x8E, 0x92, 0x9A, 0xA2, 0xA8,
    0xB0, 0xB2, 0xAA, 0xA4, 0x9C, 0x94, 0x92, 0x9A, 0xA0, 0xA8, 0xAE, 0xB2, 0xAC, 0xA4, 0x9E, 0x96,
    0x92, 0x98, 0x9E, 0xA6, 0xA4, 0x9C, 0x94, 0x92, 0x9A, 0xA0, 0xA8, 0xA0, 0x9A, 0x92, 0x94, 0x9C,
    0xA4, 0xA6, 0xA6, 0xA0, 0x98, 0x92, 0x8E, 0x94, 0x9A, 0xA2, 0x9E, 0x9A, 0x9E, 0x9E, 0xA6, 0xA4,
    0x9C, 0x94, 0x8E, 0x86, 0x80, 0x78, 0x72, 0x6A, 0x66, 0x6C, 0x72, 0x7A, 0x80, 0x8A, 0x88, 0x86,
    0x84, 0x7A, 0x74, 0x72, 0x7C, 0x76, 0x76, 0x70, 0x6E, 0x76, 0x7C, 0x84, 0x8A, 0x92, 0x9A, 0xA0,
    0xA6, 0xA2, 0x9A, 0x94, 0x8C, 0x86, 0x8A, 0x92, 0x98, 0xA0, 0xA6, 0xA2, 0x9C, 0xA4, 0xAA, 0xB2,
    0xB0, 0xA8, 0xA0, 0x9A, 0x92, 0x8C, 0x86, 0x8A, 0x92, 0x98, 0xA0, 0xA6, 0xA2, 0x9A, 0x94, 0x8C,
    0x84, 0x82, 0x82, 0x86, 0x86, 0x8E, 0x96, 0x9C, 0xA4, 0xA6, 0x9E, 0xA0, 0xA8, 0xA0, 0x9E, 0x9E,
    0xA4, 0xAC, 0xA6, 0x9E, 0x98, 0x90, 0x8A, 0x8E, 0x96, 0x9C, 0x9E, 0x96, 0x8E, 0x88, 0x90, 0x96,
    0x9E, 0x9C, 0x94, 0x8C, 0x86, 0x86, 0x88, 0x90, 0x98, 0x9A, 0x9A, 0x9C, 0xA4, 0xA6, 0xA6, 0xA0,
    0x98, 0x92, 0x96, 0x9C, 0xA4, 0xA6, 0x9E, 0x96, 0x90, 0x88, 0x86, 0x8E, 0x94, 0x9C, 0xA4, 0xA6,
    0x9E, 0x98, 0x90, 0x96, 0x9E, 0xA4, 0xA6, 0xA6, 0x9E, 0x96, 0x90, 0x88, 0x82, 0x86, 0x8C, 0x94,
    0x9A, 0xA2, 0xA0, 0x98, 0x90, 0x8E, 0x96, 0x9C, 0xA4, 0xAC, 0xAE, 0xAA, 0xA8, 0xA0, 0x9A, 0x92,
    0x8C, 0x84, 0x7E, 0x76, 0x70, 0x68, 0x66, 0x66, 0x6E, 0x74, 0x7C, 0x82, 0x8A, 0x92, 0x96, 0x92,
    0x8A, 0x82, 0x7C, 0x76, 0x7A, 0x82, 0x88, 0x90, 0x96, 0x96, 0x96, 0x9C, 0x9E, 0x96, 0x8E, 0x88,
    0x80, 0x7E, 0x86, 0x8E, 0x94, 0x8C, 0x86, 0x7E, 0x80, 0x88, 0x8E, 0x96, 0x9E, 0x9C, 0x94, 0x8E,
    0x8A, 0x90, 0x98, 0x9E, 0xA6, 0xAA, 0xA4, 0x9E, 0x96, 0x9A, 0xA0, 0xA8, 0xAA, 0xA6, 0xA4, 0x9C,
    0x96, 0x8E, 0x86, 0x88, 0x90, 0x96, 0x9E, 0xA6, 0xA4, 0x9C, 0x96, 0x8E, 0x8E, 0x8E, 0x96, 0x92,
    0x8C, 0x84, 0x82, 0x8A, 0x92, 0x98, 0xA0, 0xA2, 0x9A, 0x96, 0x94, 0x8E, 0x8E, 0x88, 0x80, 0x7A,
    0x7A, 0x7C, 0x84, 0x8C, 0x92, 0x9A, 0x9E, 0x98, 0x92, 0x8A, 0x8E, 0x94, 0x9C, 0x9E, 0x96, 0x90,
    0x88, 0x86, 0x82, 0x7A, 0x74, 0x6C, 0x72, 0x7A, 0x80, 0x88, 0x8E, 0x8A, 0x82, 0x7C, 0x7A, 0x82,
    0x8A, 0x8E, 0x88, 0x82, 0x7A, 0x72, 0x6E, 0x74, 0x7A, 0x82, 0x88, 0x90, 0x98, 0x9A, 0x92, 0x8C,
    0x84, 0x7E, 0x76, 0x6E, 0x6E, 0x78, 0x7E, 0x86, 0x8C, 0x94, 0x9A, 0xA2, 0xA6, 0xA6, 0xA2, 0x9A,
    0x94, 0x8C, 0x84, 0x82, 0x8A, 0x90, 0x98, 0x9E, 0xA6, 0xAE, 0xAC, 0xA4, 0x9E, 0x96, 0x90, 0x88,
    0x82, 0x86, 0x8A, 0x86, 0x86, 0x7E, 0x76, 0x78, 0x80, 0x86, 0x8E, 0x8C, 0x86, 0x86, 0x88, 0x92,
    0x90, 0x88, 0x8E, 0x96, 0x9C, 0xA4, 0xAA, 0xA6, 0xA6, 0xA0, 0x98, 0x92, 0x8A, 0x84, 0x7C, 0x7A,
    0x7E, 0x76, 0x72, 0x76, 0x76, 0x7E, 0x84, 0x8C, 0x94, 0x96, 0x90, 0x88, 0x82, 0x7A, 0x74, 0x6A,
    0x6A, 0x72, 0x7A, 0x80, 0x78, 0x72, 0x6A, 0x6C, 0x74, 0x7C, 0x82, 0x8A, 0x88, 0x80, 0x78, 0x76,
    0x7E, 0x84, 0x8A, 0x86, 0x86, 0x86, 0x88, 0x90, 0x8A, 0x84, 0x7C, 0x76, 0x76, 0x78, 0x80, 0x88,
    0x8E, 0x96, 0x94, 0x8C, 0x8A, 0x8A, 0x8A, 0x90, 0x96, 0x96, 0x94, 0x8A, 0x8C, 0x94, 0x9A, 0x98,
    0x90, 0x88, 0x82, 0x86, 0x8C, 0x94, 0x9C, 0xA2, 0xAA, 0xB0, 0xB8, 0xBA, 0xB2, 0xAC, 0xA4, 0x9C,
    0x96, 0x8E, 0x90, 0x98, 0x9E, 0xA6, 0xAC, 0xB4, 0xBA, 0xB6, 0xAE, 0xA8, 0xA0, 0x9A, 0x92, 0x8C,
    0x84, 0x7E, 0x76, 0x78, 0x80, 0x88, 0x8E, 0x96, 0x94, 0x8C, 0x86, 0x82, 0x8A, 0x90, 0x98, 0x92,
    0x8A, 0x82, 0x82, 0x8A, 0x92, 0x98, 0xA0, 0xA2, 0x9A, 0x94, 0x8C, 0x86, 0x86, 0x7E, 0x78, 0x70,
    0x76, 0x7E, 0x86, 0x86, 0x86, 0x7C, 0x7A, 0x80, 0x88, 0x8E, 0x96, 0x9A, 0x94, 0x8E, 0x86, 0x8A,
    0x90, 0x98, 0x9A, 0x92, 0x94, 0x9C, 0x94, 0x8E, 0x86, 0x80, 0x78, 0x7E, 0x86, 0x8E, 0x8C, 0x84,
    0x7E, 0x76, 0x70, 0x6E, 0x78, 0x7E, 0x86, 0x86, 0x8A, 0x92, 0x8E, 0x8E, 0x88, 0x86, 0x8E, 0x94,
    0x9C, 0xA4, 0xA6, 0x9E, 0x98, 0x90, 0x96, 0x9E, 0xA6, 0xA4, 0x9C, 0x96, 0x90, 0x88, 0x86, 0x8E,
    0x96, 0x9C, 0x94, 0x94, 0x96, 0x98, 0xA0, 0xA8, 0xAA, 0xA6, 0xA4, 0x9C, 0x96, 0x8E, 0x88, 0x86,
    0x86, 0x8E, 0x94, 0x9E, 0x9E, 0x96, 0x8E, 0x88, 0x80, 0x7A, 0x72, 0x74, 0x7C, 0x84, 0x8A, 0x92,
    0x98, 0xA0, 0x98, 0x96, 0x96, 0x96, 0x96, 0x8E, 0x86, 0x7E, 0x80, 0x88, 0x8E, 0x96, 0x9C, 0xA4,
    0xAA, 0xB2, 0xB6, 0xB0, 0xAA, 0xA2, 0x9A, 0x94, 0x9C, 0xA2, 0xAA, 0xA8, 0xA0, 0x9A, 0x92, 0x8A,
    0x8C, 0x94, 0x9A, 0x9E, 0x98, 0x90, 0x8A, 0x82, 0x7E, 0x84, 0x8A, 0x92, 0x9A, 0xA0, 0x98, 0x96,
    0x9E, 0xA4, 0xAA, 0xA6, 0xA6, 0x9E, 0x98, 0x90, 0x8A, 0x86, 0x8C, 0x94, 0x9A, 0xA2, 0xA2, 0xA8,
    0xAA, 0xA2, 0x9A, 0x94, 0x8C, 0x86, 0x7E, 0x76, 0x70, 0x68, 0x66, 0x6E, 0x74, 0x7C, 0x82, 0x86,
    0x7E, 0x80, 0x88, 0x8E, 0x96, 0x9C, 0xA4, 0xAA, 0xA6, 0xA0, 0x98, 0x92, 0x8A, 0x86, 0x86, 0x8A,
    0x92, 0x9A, 0xA0, 0xA6, 0xA2, 0x9A, 0x92, 0x8C, 0x84, 0x7C, 0x7A, 0x80, 0x88, 0x8E, 0x96, 0x9A,
    0x94, 0x8C, 0x86, 0x7E, 0x78, 0x80, 0x86, 0x8E, 0x8C, 0x86, 0x86, 0x8A, 0x92, 0x98, 0xA0, 0xA6,
    0xA2, 0x9A, 0x94, 0x8E, 0x86, 0x82, 0x88, 0x90, 0x96, 0x9E, 0xA2, 0x9C, 0x96, 0x8E, 0x86, 0x80,
    0x78, 0x72, 0x6A, 0x64, 0x5E, 0x62, 0x6A, 0x72, 0x78, 0x80, 0x86, 0x8E, 0x96, 0x94, 0x8C, 0x86,
    0x7E, 0x78, 0x70, 0x6A, 0x6E, 0x74, 0x7C, 0x7E, 0x7A, 0x82, 0x88, 0x90, 0x96, 0x9E, 0x9C, 0x94,
    0x8C, 0x8A, 0x92, 0x98, 0xA0, 0x9A, 0x92, 0x8A, 0x8A, 0x92, 0x9A, 0xA0, 0x98, 0x92, 0x8A, 0x8C,
    0x94, 0x9C, 0xA4, 0xA6, 0x9E, 0x98, 0x90, 0x8E, 0x96, 0x9C, 0xA2, 0x9E, 0x96, 0x90, 0x88, 0x82,
    0x86, 0x8E, 0x94, 0x9C, 0xA2, 0x9E, 0x98, 0x90, 0x8A, 0x82, 0x84, 0x8C, 0x94, 0x96, 0x8E, 0x88,
    0x80, 0x88, 0x8A, 0x82, 0x7C, 0x76, 0x7A, 0x82, 0x88, 0x90, 0x96, 0x9E, 0xA6, 0xA6, 0xAA, 0xB2,
    0xB0, 0xA8, 0xA0, 0x9A, 0x92, 0x94, 0x9C, 0xA4, 0xA6, 0xA6, 0xA0, 0x98, 0x92, 0x8A, 0x84, 0x7C,
    0x76, 0x6E, 0x6A, 0x70, 0x78, 0x7E, 0x86, 0x8C, 0x84, 0x82, 0x8A, 0x92, 0x98, 0x90, 0x8A, 0x82,
    0x7C, 0x76, 0x7A, 0x82, 0x88, 0x90, 0x96, 0x9E, 0xA2, 0x9C, 0x94, 0x8E, 0x92, 0x98, 0x90, 0x8A,
    0x82, 0x84, 0x8C, 0x94, 0x9A, 0xA2, 0xA0, 0x98, 0x92, 0x8A, 0x82, 0x84, 0x8C, 0x92, 0x9A, 0x9A,
    0x98, 0x92, 0x92, 0x94, 0x9C, 0xA4, 0xA6, 0xA8, 0xB0, 0xA8, 0xA2, 0x9A, 0x92, 0x8C, 0x86, 0x8A,
    0x92, 0x98, 0xA0, 0xA8, 0xAA, 0xA2, 0x9C, 0x94, 0x8E, 0x8A, 0x90, 0x98, 0x9E, 0xA6, 0xAC, 0xB4,
    0xB6, 0xAE, 0xA6, 0xA0, 0x98, 0x96, 0x9E, 0xA4, 0xAC, 0xA4, 0x9E, 0x96, 0x98, 0xA0, 0xA6, 0xA2,
    0x9C, 0x94, 0x8E, 0x86, 0x88, 0x8E, 0x8E, 0x98, 0x92, 0x8C, 0x84, 0x7E, 0x76, 0x78, 0x80, 0x88,
    0x8E, 0x96, 0x94, 0x8C, 0x86, 0x88, 0x92, 0x90, 0x88, 0x82, 0x7E, 0x84, 0x8C, 0x92, 0x9A, 0x9E,
    0x98, 0x90, 0x8A, 0x82, 0x7C, 0x74, 0x6E, 0x66, 0x68, 0x70, 0x78, 0x7A, 0x7A, 0x74, 0x6C, 0x72,
    0x7A, 0x82, 0x80, 0x78, 0x72, 0x6E, 0x74, 0x7C, 0x82, 0x8A, 0x90, 0x98, 0x9E, 0xA6, 0xA4, 0x9C,
    0x94, 0x92, 0x9A, 0xA0, 0xA8, 0xB0, 0xB2, 0xAA, 0xA4, 0x9C, 0x96, 0x8E, 0x86, 0x88, 0x8E, 0x96,
    0x94, 0x8C, 0x86, 0x7E, 0x80, 0x88, 0x90, 0x96, 0x9E, 0x9C, 0x94, 0x8C, 0x8A, 0x92, 0x98, 0xA0,
    0x9A, 0x92, 0x8A, 0x8C, 0x94, 0x9A, 0x9E, 0x98, 0x90, 0x8A, 0x82, 0x7C, 0x74, 0x72, 0x7A, 0x80,
    0x88, 0x90, 0x96, 0x9E, 0x9C, 0x94, 0x9C, 0x9E, 0x96, 0x90, 0x88, 0x8E, 0x96, 0x9E, 0x9E, 0x96,
    0x8E, 0x88, 0x80, 0x7E, 0x86, 0x8E, 0x94, 0x9C, 0xA2, 0xAA, 0xA8, 0xA6, 0xA2, 0x9A, 0x92, 0x94,
    0x9C, 0xA2, 0xA6, 0x9E, 0x98, 0x90, 0x8A, 0x84, 0x8E, 0x8E, 0x86, 0x7E, 0x78, 0x80, 0x86, 0x8E,
    0x8C, 0x84, 0x7C, 0x7A, 0x82, 0x88, 0x90, 0x98, 0x9A, 0x92, 0x8C, 0x84, 0x7E, 0x7A, 0x80, 0x88,
    0x8E, 0x8A, 0x82, 0x7C, 0x76, 0x76, 0x76, 0x76, 0x70, 0x68, 0x66, 0x6C, 0x74, 0x7C, 0x82, 0x8A,
    0x90, 0x96, 0x92, 0x8A, 0x84, 0x7C, 0x76, 0x7A, 0x82, 0x88, 0x90, 0x96, 0x9E, 0xA4, 0x9C, 0x96,
    0x8E, 0x92, 0x96, 0x96, 0x92, 0x8A, 0x84, 0x7C, 0x82, 0x8A, 0x90, 0x88, 0x86, 0x8E, 0x94, 0x9E,
    0x9C, 0x96, 0x8E, 0x88, 0x80, 0x7E, 0x86, 0x8E, 0x94, 0x9C, 0x9E, 0x96, 0x90, 0x88, 0x90, 0x96,
    0x9E, 0x9C, 0x94, 0x8E, 0x8A, 0x90, 0x98, 0x9E, 0xA6, 0xAA, 0xA4, 0x9C, 0x96, 0x96, 0x98, 0xA0,
    0xA2, 0x9A, 0x92, 0x8C, 0x84, 0x82, 0x8A, 0x90, 0x98, 0xA0, 0xA2, 0x9A, 0x94, 0x8C, 0x86, 0x82,
    0x88, 0x90, 0x96, 0x9E, 0xA4, 0x9A, 0x9C, 0x9E, 0xA0, 0xA8, 0xA0, 0x9E, 0xA6, 0xAC, 0xB4, 0xAE,
    0xA6, 0x9E, 0x98, 0x90, 0x96, 0x9A, 0x92, 0x8C, 0x86, 0x8A, 0x92, 0x98, 0xA0, 0xA6, 0xA2, 0x9A,
    0x94, 0x8C, 0x86, 0x86, 0x88, 0x90, 0x96, 0x9E, 0xA4, 0xAA, 0xA6, 0x9E, 0x96, 0x90, 0x8A, 0x8E,
    0x96, 0x9C, 0xA4, 0xAA, 0xA6, 0xA8, 0xB0, 0xB6, 0xBE, 0xBC, 0xB4, 0xAC, 0xA6, 0x9E, 0x96, 0x90,
    0x88, 0x86, 0x8E, 0x94, 0x9C, 0x96, 0x92, 0x9A, 0xA0, 0xA8, 0xA2, 0x9C, 0x94, 0x92, 0x9A, 0xA2,
    0xA8, 0xB0, 0xB2, 0xAA, 0xA4, 0x9C, 0x94, 0x8E, 0x86, 0x80, 0x78, 0x7E, 0x86, 0x8E, 0x8C, 0x86,
    0x86, 0x88, 0x90, 0x98, 0x9E, 0xA6, 0xAA, 0xA4, 0x9C, 0x96, 0x8E, 0x88, 0x80, 0x78, 0x76, 0x7C,
    0x84, 0x86, 0x86, 0x7E, 0x78, 0x72, 0x76, 0x7E, 0x84, 0x8C, 0x92, 0x9A, 0xA0, 0xAA, 0xA8, 0xA6,
    0xAE, 0xAC, 0xA4, 0x9E, 0x96, 0x8E, 0x88, 0x90, 0x96, 0x9E, 0x9C, 0x94, 0x8E, 0x86, 0x86, 0x88,
    0x90, 0x96, 0x9A, 0x94, 0x8C, 0x86, 0x7E, 0x7A, 0x80, 0x88, 0x8E, 0x96, 0x9C, 0xA4, 0xAA, 0xB2,
    0xB0, 0xA8, 0xA2, 0x9A, 0x92, 0x8C, 0x84, 0x7C, 0x7A, 0x82, 0x88, 0x8E, 0x8A, 0x82, 0x82, 0x84,
    0x8A, 0x92, 0x98, 0xA0, 0xA2, 0x98, 0x96, 0x96, 0x9C, 0x9E, 0x96, 0x90, 0x88, 0x80, 0x7E, 0x86,
    0x8C, 0x94, 0x9A, 0xA2, 0xA8, 0xB0, 0xB6, 0xB2, 0xAA, 0xA4, 0x9E, 0x96, 0x9A, 0x9E, 0x9E, 0x9A,
    0x92, 0x8C, 0x84, 0x8C, 0x92, 0x9A, 0xA0, 0xA8, 0xA2, 0x9A, 0x92, 0x94, 0x9C, 0xA2, 0xA6, 0xA0,
    0x98, 0x92, 0x8A, 0x84, 0x8C, 0x92, 0x9A, 0x98, 0x90, 0x88, 0x86, 0x8E, 0x94, 0x9C, 0xA4, 0xAA,
    0xB2, 0xB0, 0xA8, 0xA2, 0x9A, 0x92, 0x94, 0x9C, 0xA2, 0xA8, 0xA0, 0x9E, 0x9E, 0xA6, 0xAA, 0xA4,
    0x9E, 0x96, 0x8E, 0x88, 0x90, 0x96, 0x96, 0x94, 0x8C, 0x86, 0x7E, 0x76, 0x78, 0x80, 0x86, 0x8E,
    0x94, 0x9C, 0xA2, 0x9E, 0x9E, 0x98, 0x92, 0x8A, 0x86, 0x86, 0x8A, 0x92, 0x9A, 0xA0, 0xA8, 0xA2,
    0x9A, 0x92, 0x94, 0x9C, 0x96, 0x8E, 0x88, 0x80, 0x7A, 0x7E, 0x86, 0x8C, 0x94, 0x9A, 0x98, 0x90,
    0x88, 0x82, 0x7A, 0x7C, 0x84, 0x8C, 0x92, 0x9A, 0x98, 0x90, 0x96, 0x96, 0x9E, 0x9C, 0x94, 0x8E,
    0x86, 0x7E, 0x7E, 0x86, 0x8E, 0x94, 0x9C, 0x9E, 0x96, 0x8E, 0x88, 0x80, 0x7A, 0x72, 0x74, 0x7C,
    0x84, 0x86, 0x86, 0x88, 0x90, 0x96, 0x9C, 0x92, 0x94, 0x9A, 0xA2, 0xA6, 0xA0, 0x9A, 0x92, 0x96,
    0x96, 0x9A, 0xA4, 0xA6, 0xA0, 0x98, 0x92, 0x8A, 0x86, 0x8C, 0x92, 0x8E, 0x86, 0x7E, 0x80, 0x88,
    0x8E, 0x96, 0x9C, 0xA4, 0xA6, 0x9E, 0x98, 0x96, 0x98, 0x9E, 0xA6, 0xAA, 0xA4, 0x9E, 0x96, 0x96,
    0x98, 0xA0, 0xA2, 0x9A, 0x94, 0x8C, 0x92, 0x9A, 0xA0, 0xA6, 0xA6, 0xAE, 0xB2, 0xAC, 0xA4, 0x9E,
    0x96, 0x92, 0x98, 0x9E, 0xA6, 0xA4, 0x9C, 0x94, 0x8E, 0x86, 0x80, 0x7A, 0x7E, 0x86, 0x8C, 0x94,
    0x9A, 0x96, 0x96, 0x90, 0x88, 0x82, 0x7A, 0x74, 0x6C, 0x6A, 0x72, 0x7A, 0x80, 0x88, 0x8E, 0x96,
    0x9C, 0xA4, 0xA6, 0xA6, 0xA0, 0x98, 0x92, 0x96, 0x9E, 0xA4, 0xAC, 0xB2, 0xAE, 0xA6, 0xA0, 0x98,
    0x96, 0x94, 0x8C, 0x84, 0x7E, 0x76, 0x78, 0x80, 0x88, 0x8E, 0x96, 0x94, 0x8C, 0x86, 0x7E, 0x78,
    0x76, 0x76, 0x7E, 0x86, 0x8C, 0x94, 0x9A, 0xA2, 0xA6, 0xA0, 0x9A, 0x92, 0x8A, 0x84, 0x7C, 0x76,
    0x6E, 0x70, 0x78, 0x7E, 0x86, 0x8E, 0x8C, 0x84, 0x7E, 0x78, 0x82, 0x86, 0x86, 0x82, 0x7A, 0x74,
    0x72, 0x7A, 0x82, 0x88, 0x90, 0x96, 0x9E, 0xA6, 0xAA, 0xA6, 0xA6, 0x9E, 0x98, 0x90, 0x96, 0x9E,
    0xA6, 0xA4, 0x9C, 0x96, 0x8E, 0x86, 0x86, 0x8E, 0x96, 0x9C, 0x94, 0x8E, 0x86, 0x88, 0x90, 0x98,
    0x9A, 0x92, 0x8C, 0x84, 0x8A, 0x92, 0x9A, 0xA0, 0xA6, 0xA2, 0x9A, 0x94, 0x8C, 0x86, 0x86, 0x88,
    0x90, 0x98, 0x9E, 0xA6, 0xAA, 0xA4, 0x9E, 0x96, 0x96, 0x98, 0xA0, 0xA2, 0x9A, 0x94, 0x8C, 0x94,
    0x96, 0x8E, 0x88, 0x80, 0x7A, 0x76, 0x7C, 0x84, 0x8A, 0x92, 0x98, 0xA0, 0xA6, 0xAE, 0xAC, 0xA4,
    0x9C, 0x96, 0x8E, 0x90, 0x96, 0x96, 0x92, 0x8A, 0x84, 0x7C, 0x82, 0x8A, 0x90, 0x98, 0x9E, 0x9A,
    0x94, 0x8C, 0x8A, 0x92, 0x9A, 0xA0, 0xA6, 0xA2, 0x9A, 0x96, 0x96, 0x9A, 0xA2, 0xAA, 0xA8, 0xA0,
    0x98, 0x96, 0x9E, 0xA4, 0xAA, 0xB2, 0xB6, 0xB6, 0xB0, 0xAA, 0xA2, 0x9C, 0x94, 0x92, 0x9A, 0x98,
    0x90, 0x8E, 0x8E, 0x96, 0x9C, 0xA2, 0x9E, 0x96, 0x8E, 0x88, 0x82, 0x86, 0x86, 0x8C, 0x94, 0x9A,
    0x96, 0x90, 0x88, 0x86, 0x8E, 0x96, 0x9C, 0x94, 0x92, 0x96, 0x8E, 0x88, 0x80, 0x7A, 0x72, 0x74,
    0x7C, 0x82, 0x8A, 0x92, 0x90, 0x88, 0x82, 0x7E, 0x86, 0x86, 0x86, 0x7E, 0x7A, 0x80, 0x88, 0x8E,
    0x96, 0x9C, 0xA4, 0xA6, 0x9E, 0x98, 0x90, 0x98, 0x9E, 0xA6, 0xA4, 0x9C, 0xA2, 0xAA, 0xAE, 0xA8,
    0xA2, 0x9A, 0x92, 0x8C, 0x84, 0x7E, 0x82, 0x88, 0x90, 0x96, 0x9E, 0x9C, 0x94, 0x8C, 0x86, 0x86,
    0x88, 0x90, 0x98, 0x9A, 0x92, 0x8C, 0x84, 0x8A, 0x92, 0x9A, 0x9A, 0x92, 0x8A, 0x84, 0x8C, 0x8E,
    0x86, 0x7E, 0x78, 0x80, 0x86, 0x8E, 0x8C, 0x84, 0x7E, 0x76, 0x70, 0x66, 0x66, 0x6E, 0x76, 0x7C,
    0x84, 0x8A, 0x92, 0x98, 0xA0, 0xA2, 0x9A, 0x92, 0x8C, 0x94, 0x9A, 0xA2, 0xA0, 0x98, 0x90, 0x8E,
    0x96, 0x9C, 0xA2, 0x9E, 0x96, 0x90, 0x88, 0x86, 0x8E, 0x96, 0x9C, 0xA4, 0xAA, 0xA6, 0xA0, 0x98,
    0x92, 0x8A, 0x8C, 0x94, 0x9C, 0x9E, 0x96, 0x90, 0x88, 0x80, 0x7E, 0x86, 0x8C, 0x94, 0x8E, 0x8E,
    0x86, 0x88, 0x90, 0x96, 0x9A, 0x94, 0x8C, 0x86, 0x7E, 0x7A, 0x80, 0x86, 0x8E, 0x96, 0x9A, 0x94,
    0x8E, 0x86, 0x80, 0x78, 0x70, 0x6E, 0x76, 0x7C, 0x84, 0x8A, 0x8E, 0x88, 0x80, 0x7A, 0x7E, 0x84,
    0x8C, 0x8E, 0x86, 0x7E, 0x78, 0x80, 0x86, 0x8E, 0x8C, 0x84, 0x7C, 0x76, 0x6E, 0x70, 0x78, 0x7E,
    0x86, 0x8E, 0x8E, 0x84, 0x8A, 0x92, 0x98, 0x9A, 0x90, 0x8E, 0x8C, 0x84, 0x7E, 0x76, 0x78, 0x80,
    0x88, 0x8E, 0x96, 0x94, 0x8C, 0x86, 0x80, 0x8A, 0x88, 0x86, 0x82, 0x7C, 0x84, 0x8C, 0x92, 0x9A,
    0x9E, 0x98, 0x90, 0x8A, 0x82, 0x7C, 0x84, 0x8A, 0x92, 0x96, 0x98, 0xA0, 0xA6, 0xAE, 0xAC, 0xA4,
    0x9E, 0x96, 0x8E, 0x90, 0x98, 0x9E, 0xA2, 0x9C, 0x94, 0x8E, 0x86, 0x88, 0x90, 0x96, 0x96, 0x94,
    0x8C, 0x94, 0x9A, 0xA2, 0xA8, 0xAE, 0xAA, 0xA2, 0x9A, 0x94, 0x8E, 0x92, 0x9A, 0xA0, 0xA6, 0xA6,
    0xA2, 0x9C, 0x94, 0x92, 0x9A, 0xA2, 0xA8, 0xA0, 0x9A, 0x92, 0x94, 0x9A, 0x9A, 0x96, 0x8E, 0x88,
    0x80, 0x78, 0x76, 0x76, 0x7C, 0x84, 0x8A, 0x90, 0x98, 0x9A, 0x92, 0x8A, 0x84, 0x8C, 0x8E, 0x86,
    0x7E, 0x78, 0x80, 0x86, 0x8E, 0x94, 0x9A, 0x96, 0x8E, 0x88, 0x80, 0x7A, 0x7E, 0x86, 0x8C, 0x94,
    0x9A, 0xA2, 0xA8, 0x9E, 0xA0, 0xA2, 0xA4, 0xA4, 0x9C, 0x96, 0x8E, 0x88, 0x80, 0x7A, 0x7E, 0x86,
    0x8C, 0x94, 0x9A, 0xA2, 0xA6, 0xA0, 0x9A, 0x92, 0x8A, 0x84, 0x7C, 0x76, 0x7A, 0x80, 0x88, 0x8E,
    0x96, 0x94, 0x8C, 0x84, 0x7E, 0x76, 0x76, 0x78, 0x7E, 0x86, 0x8E, 0x94, 0x9C, 0x96, 0x8E, 0x86,
    0x86, 0x8E, 0x96, 0x9C, 0x94, 0x8E, 0x86, 0x88, 0x90, 0x98, 0x9E, 0xA6, 0xA4, 0x9C, 0x96, 0x8E,
    0x86, 0x86, 0x88, 0x90, 0x92, 0x8A, 0x8C, 0x94, 0x9A, 0xA0, 0xA8, 0xAA, 0xA2, 0x9A, 0x94, 0x8C,
    0x8A, 0x92, 0x9A, 0xA0, 0xA8, 0xAA, 0xA2, 0x9C, 0x94, 0x9C, 0x9E, 0x96, 0x90, 0x88, 0x82, 0x7E,
    0x84, 0x8C, 0x92, 0x9A, 0x9E, 0x98, 0x90, 0x8A, 0x82, 0x7C, 0x74, 0x7A, 0x82, 0x8A, 0x8A, 0x8E,
    0x8E, 0x96, 0x9C, 0xA2, 0x9E, 0x96, 0x90, 0x88, 0x86, 0x8E, 0x94, 0x9C, 0x9E, 0x9E, 0x96, 0x90,
    0x88, 0x86, 0x8E, 0x8C, 0x84, 0x7C, 0x76, 0x6E, 0x66, 0x68, 0x70, 0x76, 0x7E, 0x84, 0x8C, 0x92,
    0x96, 0x90, 0x88, 0x82, 0x86, 0x84, 0x7A, 0x7A, 0x82, 0x8A, 0x90, 0x98, 0x9A, 0x92, 0x8C, 0x84,
    0x7C, 0x76, 0x76, 0x78, 0x80, 0x86, 0x8E, 0x96, 0x94, 0x8E, 0x8E, 0x8E, 0x88, 0x80, 0x7A, 0x72,
    0x6E, 0x74, 0x7A, 0x82, 0x8A, 0x90, 0x96, 0x92, 0x8A, 0x86, 0x86, 0x8A, 0x92, 0x9A, 0x98, 0x90,
    0x8A, 0x86, 0x8C, 0x94, 0x9A, 0xA2, 0xA6, 0xA0, 0x98, 0x92, 0x8A, 0x86, 0x8C, 0x94, 0x96, 0x8E,
    0x88, 0x82, 0x86, 0x8E, 0x94, 0x9A, 0x96, 0x8E, 0x8A, 0x90, 0x96, 0x9E, 0xA2, 0x9C, 0x94, 0x8E,
    0x86, 0x86, 0x80, 0x7E, 0x86, 0x8C, 0x94, 0x9C, 0x9E, 0x96, 0x98, 0x9A, 0x92, 0x92, 0x8A, 0x8C,
    0x94, 0x9A, 0x98, 0x8E, 0x8E, 0x8E, 0x96, 0x96, 0x9A, 0x9C, 0x9E, 0x96, 0x96, 0x90, 0x8A, 0x82,
    0x84, 0x8C, 0x94, 0x9A, 0xA2, 0xA6, 0xA6, 0xA2, 0x9A, 0x94, 0x8C, 0x86, 0x7E, 0x80, 0x88, 0x90,
    0x96, 0x9E, 0xA4, 0x9C, 0x9A, 0x9E, 0x9E, 0x9E, 0x98, 0x92, 0x8A, 0x86, 0x86, 0x8A, 0x92, 0x9A,
    0x98, 0x90, 0x8E, 0x8E, 0x8E, 0x8E, 0x84, 0x82, 0x82, 0x88, 0x90, 0x96, 0x9A, 0x9A, 0x94, 0x92,
    0x92, 0x90, 0x88, 0x82, 0x86, 0x8E, 0x94, 0x9C, 0x9E, 0x9E, 0x98, 0x90, 0x8A, 0x8E, 0x8E, 0x94,
    0x9C, 0x9E, 0x96, 0x90, 0x86, 0x88, 0x8A, 0x8C, 0x94, 0x9C, 0x9E, 0x9E, 0x9E, 0x9E, 0x9A, 0x9A,
    0x94, 0x8C, 0x86, 0x86, 0x88, 0x92, 0x98, 0x9E, 0x9A, 0x92, 0x92, 0x94, 0x96, 0x98, 0xA0, 0x98,
    0x92, 0x8A, 0x8C, 0x94, 0x9C, 0x9E, 0x9E, 0x98, 0x90, 0x88, 0x86, 0x8C, 0x94, 0x9A, 0x9A, 0x98,
    0x8E, 0x8E, 0x8E, 0x8E, 0x8C, 0x84, 0x8A, 0x8A, 0x92, 0x98, 0xA0, 0xA2, 0x9A, 0x94, 0x8E, 0x8E,
    0x92, 0x9A, 0x9E, 0x9E, 0x9A, 0x9A, 0x94, 0x8C, 0x86, 0x86, 0x88, 0x92, 0x92, 0x8A, 0x82, 0x7E,
    0x84, 0x8A, 0x92, 0x98, 0xA0, 0xA6, 0xA2, 0x9A, 0x94, 0x8C, 0x92, 0x8E, 0x86, 0x80, 0x7A, 0x7E,
    0x86, 0x8C, 0x94, 0x9A, 0xA2, 0xA2, 0xA2, 0xA2, 0xA2, 0x9A, 0x94, 0x8C, 0x86, 0x7E, 0x7A, 0x7A,
    0x7E, 0x86, 0x8C, 0x94, 0x9A, 0x9A, 0x96, 0x96, 0x90, 0x8E, 0x8E, 0x8E, 0x94, 0x9C, 0x9E, 0x96,
    0x90, 0x8C, 0x90, 0x92, 0x8E, 0x8C, 0x8A, 0x8A, 0x8A, 0x92, 0x92, 0x96, 0x9E, 0xA2, 0x9C, 0x9A,
    0x98, 0x96, 0x92, 0x90, 0x8A, 0x82, 0x7E, 0x84, 0x8A, 0x92, 0x9A, 0xA0, 0x98, 0x92, 0x8A, 0x86,
    0x86, 0x8A, 0x92, 0x9A, 0x98, 0x90, 0x8A, 0x82, 0x82, 0x82, 0x8C, 0x8E, 0x90, 0x98, 0xA0, 0xA6,
    0xA6, 0xA4, 0x9C, 0x96, 0x8E, 0x8E, 0x90, 0x98, 0x92, 0x92, 0x8A, 0x8A, 0x92, 0x92, 0x98, 0x90,
    0x8A, 0x8A, 0x8C, 0x94, 0x9A, 0xA4, 0xA6, 0xA6, 0xA0, 0x9A, 0x92, 0x8E, 0x8E, 0x8E, 0x8E, 0x8A,
    0x90, 0x98, 0x9A, 0x9A, 0x94, 0x8C, 0x84, 0x7E, 0x82, 0x88, 0x90, 0x96, 0x9E, 0xA2, 0x9C, 0x94,
    0x8E, 0x86, 0x82, 0x86, 0x86, 0x8E, 0x94, 0x9C, 0x9E, 0x9E, 0x96, 0x96, 0x98, 0xA0, 0xA2, 0x9A,
    0x94, 0x8C, 0x86, 0x86, 0x86, 0x80, 0x7E, 0x86, 0x86, 0x8C, 0x92, 0x9A, 0x98, 0x90, 0x88, 0x86,
    0x8E, 0x94, 0x9A, 0x96, 0x96, 0x8E, 0x8E, 0x8E, 0x96, 0x9E, 0xA6, 0xA4, 0x9C, 0x96, 0x90, 0x88,
    0x86, 0x8E, 0x96, 0x9E, 0x9E, 0x9E, 0x96, 0x90, 0x88, 0x80, 0x7A, 0x76, 0x7C, 0x84, 0x8C, 0x92,
    0x9A, 0x98, 0x96, 0x92, 0x8E, 0x8E, 0x92, 0x9A, 0xA2, 0xA6, 0xA0, 0x9A, 0x92, 0x8A, 0x84, 0x8C,
    0x92, 0x9A, 0x9E, 0x9E, 0x9A, 0x92, 0x8C, 0x84, 0x7C, 0x76, 0x7A, 0x80, 0x88, 0x8E, 0x96, 0x9C,
    0xA4, 0xA6, 0xA6, 0x9E, 0x98, 0x90, 0x8A, 0x82, 0x84, 0x8C, 0x94, 0x9A, 0xA2, 0xA0, 0x98, 0x90,
    0x8E, 0x96, 0x9C, 0xA4, 0x9E, 0x9A, 0x9E, 0x9E, 0x9E, 0x9A, 0x94, 0x8C, 0x86, 0x7E, 0x80, 0x82,
    0x86, 0x86, 0x8E, 0x94, 0x9C, 0xA4, 0xA6, 0xA6, 0xA0, 0x98, 0x92, 0x8A, 0x82, 0x84, 0x8C, 0x92,
    0x96, 0x90, 0x88, 0x82, 0x86, 0x8C, 0x94, 0x9A, 0xA2, 0xA0, 0x98, 0x90, 0x8E, 0x8E, 0x94, 0x9A,
    0x9A, 0x96, 0x90, 0x98, 0x9E, 0xA8, 0xAA, 0xA6, 0xA6, 0x9E, 0x96, 0x90, 0x88, 0x86, 0x86, 0x8E,
    0x94, 0x9C, 0xA2, 0xAA, 0xA8, 0xA0, 0x9A, 0x92, 0x8A, 0x86, 0x86, 0x8A, 0x92, 0x96, 0x90, 0x8E,
    0x8E, 0x8E, 0x92, 0x92, 0x9C, 0x9E, 0x9E, 0x9E, 0xA0, 0xA2, 0x9A, 0x9A, 0x96, 0x8E, 0x86, 0x80,
    0x7A, 0x7E, 0x86, 0x8C, 0x94, 0x9A, 0x9A, 0x98, 0x90, 0x88, 0x82, 0x82, 0x84, 0x8C, 0x92, 0x9A,
    0xA2, 0xA6, 0xA0, 0x9A, 0x92, 0x8C, 0x86, 0x8A, 0x92, 0x98, 0xA2, 0xA2, 0xA6, 0xAA, 0xA4, 0x9C,
    0x96, 0x8E, 0x88, 0x80, 0x7E, 0x86, 0x8E, 0x94, 0x8C, 0x8C, 0x8E, 0x90, 0x98, 0x9E, 0x9A, 0x92,
    0x8A, 0x8A, 0x86, 0x88, 0x8A, 0x8E, 0x8E, 0x96, 0x96, 0x9C, 0xA4, 0xAA, 0xA6, 0x9E, 0x98, 0x90,
    0x8A, 0x82, 0x84, 0x8C, 0x92, 0x96, 0x96, 0x98, 0xA0, 0xA6, 0xAE, 0xAC, 0xA4, 0x9E, 0x96, 0x90,
    0x88, 0x86, 0x8E, 0x94, 0x9C, 0x9E, 0x96, 0x8E, 0x86, 0x86, 0x86, 0x8E, 0x8A, 0x8C, 0x8E, 0x92,
    0x9A, 0xA0, 0xA8, 0xA2, 0x9A, 0x94, 0x8C, 0x86, 0x8A, 0x92, 0x98, 0xA0, 0xA6, 0xA2, 0x9A, 0x94,
    0x8C, 0x8A, 0x8A, 0x8A, 0x8A, 0x8A, 0x8A, 0x8C, 0x94, 0x9C, 0xA2, 0xA2, 0xA0, 0x98, 0x92, 0x92,
    0x8C, 0x94, 0x96, 0x9A, 0x98, 0x90, 0x8A, 0x82, 0x86, 0x86, 0x8C, 0x92, 0x9A, 0x98, 0x96, 0x92,
    0x8A, 0x84, 0x7A, 0x7C, 0x82, 0x8A, 0x90, 0x98, 0x9E, 0xA6, 0xA2, 0x9E, 0x9E, 0x96, 0x8E, 0x8A,
    0x8E, 0x8E, 0x8E, 0x8A, 0x84, 0x7C, 0x7A, 0x82, 0x88, 0x90, 0x98, 0x9A, 0x96, 0x94, 0x8C, 0x86,
    0x82, 0x88, 0x90, 0x96, 0x9E, 0xA2, 0x9C, 0x94, 0x8E, 0x86, 0x86, 0x86, 0x86, 0x8E, 0x96, 0x9C,
    0xA4, 0xA6, 0x9E, 0x98, 0x90, 0x8E, 0x8E, 0x94, 0x9C, 0xA2, 0x9E, 0x96, 0x8E, 0x8E, 0x96, 0x9E,
    0xA2, 0x9C, 0x94, 0x8E, 0x86, 0x88, 0x90, 0x96, 0x9E, 0x9C, 0x94, 0x8C, 0x86, 0x86, 0x88, 0x90,
    0x98, 0x9A, 0x9A, 0x94, 0x8E, 0x86, 0x82, 0x82, 0x86, 0x8E, 0x96, 0x9A, 0x96, 0x96, 0x8E, 0x90,
    0x98, 0xA0, 0xA2, 0x9A, 0x94, 0x8E, 0x8E, 0x92, 0x9A, 0x9A, 0x9A, 0x90, 0x8E, 0x92, 0x92, 0x9C,
    0x96, 0x96, 0x90, 0x88, 0x86, 0x82, 0x84, 0x8A, 0x8A, 0x92, 0x9A, 0x9A, 0x9E, 0x9A, 0x9A, 0x94,
    0x92, 0x8E, 0x86, 0x82, 0x88, 0x8E, 0x96, 0x9A, 0x96, 0x96, 0x8C, 0x8A, 0x8A, 0x90, 0x98, 0x9E,
    0xA6, 0xA4, 0x9C, 0x96, 0x8E, 0x86, 0x86, 0x82, 0x86, 0x86, 0x8C, 0x94, 0x9A, 0x9E, 0x9E, 0x98,
    0x92, 0x8A, 0x86, 0x86, 0x8A, 0x92, 0x9A, 0xA0, 0x98, 0x92, 0x8A, 0x86, 0x86, 0x8A, 0x92, 0x9A,
    0x9E, 0x9E, 0x9A, 0x98, 0x96, 0x94, 0x92, 0x92, 0x90, 0x88, 0x82, 0x82, 0x86, 0x8C, 0x94, 0x9A,
    0x9A, 0x98, 0x90, 0x8E, 0x90, 0x92, 0x8E, 0x8E, 0x8E, 0x8E, 0x8E, 0x8A, 0x8A, 0x82, 0x86, 0x8C,
    0x94, 0x9A, 0xA2, 0xA2, 0xA2, 0xA2, 0xA2, 0x9A, 0x9A, 0x94, 0x8C, 0x8A, 0x8A, 0x88, 0x86, 0x86,
    0x86, 0x8C, 0x94, 0x9C, 0x9E, 0x9E, 0x98, 0x96, 0x92, 0x8A, 0x86, 0x8A, 0x8A, 0x8A, 0x88, 0x80,
    0x86, 0x86, 0x8E, 0x94, 0x9C, 0xA2, 0xAA, 0xA8, 0xA6, 0xA2, 0x9A, 0x9A, 0x94, 0x8C, 0x86, 0x7E,
    0x76, 0x76, 0x80, 0x86, 0x8E, 0x94, 0x9C, 0x9E, 0x96, 0x90, 0x88, 0x86, 0x8E, 0x92, 0x94, 0x96,
    0x9A, 0xA2, 0xA8, 0xAA, 0xA2, 0x9A, 0x94, 0x8C, 0x86, 0x7E, 0x7A, 0x80, 0x88, 0x8A, 0x8C, 0x96,
    0x9C, 0xA4, 0xA6, 0x9E, 0x98, 0x90, 0x8A, 0x86, 0x8E, 0x92, 0x8E, 0x86, 0x82, 0x86, 0x86, 0x8E,
    0x96, 0x9C, 0xA4, 0xAA, 0xA6, 0xA6, 0xA0, 0x98, 0x92, 0x8A, 0x84, 0x7C, 0x74, 0x72, 0x78, 0x80,
    0x86, 0x8E, 0x94, 0x9E, 0x9C, 0x9A, 0x98, 0x8E, 0x88, 0x80, 0x86, 0x86, 0x8C, 0x92, 0x92, 0x8E,
    0x8E, 0x8E, 0x8E, 0x92, 0x92, 0x92, 0x8C, 0x8A, 0x92, 0x98, 0xA0, 0xA6, 0xA2, 0x9A, 0x94, 0x8E,
    0x8E, 0x8E, 0x8E, 0x90, 0x92, 0x8E, 0x8C, 0x84, 0x8C, 0x8E, 0x92, 0x98, 0xA0, 0xA2, 0x9E, 0x9C,
    0x94, 0x8E, 0x86, 0x7E, 0x80, 0x88, 0x8E, 0x96, 0x9E, 0x9C, 0x94, 0x8E, 0x8A, 0x90, 0x98, 0x9E,
    0xA6, 0xAA, 0xA4, 0x9E, 0x96, 0x8E, 0x88, 0x90, 0x96, 0x9E, 0x9C, 0x94, 0x8E, 0x86, 0x82, 0x86,
    0x88, 0x8E, 0x96, 0x9A, 0x9C, 0x9E, 0xA2, 0xA0, 0x9E, 0x9A, 0x92, 0x8A, 0x84, 0x82, 0x82, 0x8A,
    0x92, 0x98, 0xA0, 0xA2, 0x9E, 0x9C, 0x94, 0x8E, 0x86, 0x7E, 0x80, 0x88, 0x8E, 0x96, 0x9A, 0x9A,
    0xA2, 0x9E, 0x9E, 0xA0, 0x98, 0x96, 0x94, 0x8C, 0x84, 0x82, 0x8A, 0x92, 0x90, 0x8E, 0x8C, 0x88,
    0x8C, 0x94, 0x9A, 0xA2, 0xAA, 0xA8, 0xA0, 0x9A, 0x94, 0x8C, 0x86, 0x86, 0x88, 0x92, 0x96, 0x92,
    0x92, 0x8E, 0x8C, 0x84, 0x82, 0x82, 0x88, 0x90, 0x96, 0x9E, 0xA6, 0xA4, 0x9C, 0x96, 0x8E, 0x88,
    0x80, 0x7A, 0x7E, 0x84, 0x8C, 0x92, 0x9A, 0x96, 0x96, 0x92, 0x8A, 0x82, 0x84, 0x8C, 0x94, 0x96,
    0x96, 0x90, 0x88, 0x8E, 0x8E, 0x8E, 0x8E, 0x84, 0x82, 0x82, 0x88, 0x90, 0x96, 0x9E, 0xA2, 0x9C,
    0x96, 0x8E, 0x8E, 0x90, 0x98, 0x9A, 0x9A, 0x94, 0x92, 0x8E, 0x8E, 0x8E, 0x8E, 0x8E, 0x96, 0x9A,
    0x9A, 0x94, 0x8E, 0x86, 0x86, 0x86, 0x88, 0x8A, 0x8C, 0x94, 0x9C, 0xA2, 0xAA, 0xA8, 0xA0, 0x9A,
    0x92, 0x8A, 0x86, 0x86, 0x8A, 0x8E, 0x88, 0x90, 0x92, 0x96, 0x9C, 0xA4, 0xA6, 0x9E, 0x96, 0x90,
    0x88, 0x86, 0x8A, 0x8C, 0x8E, 0x92, 0x92, 0x9A, 0x9A, 0x98, 0x92, 0x8A, 0x82, 0x7E, 0x7E, 0x82,
    0x8A, 0x90, 0x96, 0x96, 0x92, 0x8A, 0x86, 0x8A, 0x92, 0x9A, 0x98, 0x96, 0x92, 0x8A, 0x86, 0x86,
    0x8A, 0x92, 0x98, 0xA0, 0xA6, 0xA2, 0x9A, 0x94, 0x8C, 0x86, 0x7E, 0x80, 0x88, 0x8E, 0x98, 0x9A,
    0x9A, 0x94, 0x92, 0x92, 0x98, 0xA0, 0xA2, 0xA2, 0x9A, 0x94, 0x8C, 0x84, 0x82, 0x88, 0x90, 0x96,
    0x96, 0x94, 0x92, 0x94, 0x96, 0x8E, 0x8E, 0x88, 0x86, 0x8E, 0x96, 0x9C, 0xA4, 0xA6, 0x9E, 0x98,
    0x90, 0x88, 0x82, 0x7A, 0x7C, 0x84, 0x8A, 0x92, 0x98, 0xA0, 0xA6, 0xA2, 0x9A, 0x94, 0x8C, 0x86,
    0x88, 0x90, 0x98, 0x9E, 0xA6, 0xAE, 0xB2, 0xAE, 0xA6, 0x9E, 0x98, 0x90, 0x88, 0x86, 0x8C, 0x94,
    0x9A, 0xA2, 0xA6, 0xA0, 0x98, 0x92, 0x8A, 0x84, 0x7C, 0x7A, 0x82, 0x8A, 0x90, 0x98, 0x9C, 0x98,
    0x9E, 0x9E, 0xA4, 0xA6, 0xA2, 0xA0, 0x98, 0x92, 0x8A, 0x82, 0x82, 0x8C, 0x92, 0x9A, 0xA0, 0x98,
    0x96, 0x96, 0x96, 0x96, 0x94, 0x92, 0x92, 0x92, 0x92, 0x92, 0x8A, 0x84, 0x7E, 0x82, 0x8A, 0x90,
    0x98, 0x9E, 0xA6, 0xAA, 0xA4, 0x9C, 0x96, 0x8E, 0x88, 0x80, 0x7E, 0x86, 0x8C, 0x94, 0x9A, 0xA4,
    0xA6, 0xA8, 0xB0, 0xAA, 0xA2, 0x9A, 0x94, 0x8C, 0x84, 0x82, 0x88, 0x90, 0x92, 0x96, 0x96, 0x9C,
    0xA4, 0xAA, 0xA6, 0xA6, 0xA0, 0x98, 0x92, 0x8A, 0x86, 0x86, 0x8A, 0x92, 0x96, 0x96, 0x92, 0x8A,
    0x82, 0x84, 0x8C, 0x92, 0x9A, 0x9E, 0x98, 0x92, 0x8A, 0x86, 0x8C, 0x92, 0x9A, 0x9E, 0x9E, 0x9A,
    0x90, 0x8E, 0x94, 0x9C, 0xA4, 0xA6, 0x9E, 0x98, 0x90, 0x8A, 0x82, 0x7A, 0x7C, 0x82, 0x8A, 0x90,
    0x9A, 0x98, 0x96, 0x92, 0x8E, 0x92, 0x92, 0x96, 0x8E, 0x8E, 0x8A, 0x8E, 0x96, 0x9A, 0x9A, 0x96,
    0x8E, 0x88, 0x80, 0x7A, 0x7E, 0x86, 0x8C, 0x94, 0x9A, 0x9A, 0x98, 0x90, 0x8A, 0x82, 0x84, 0x8C,
    0x94, 0x9A, 0xA2, 0xA0, 0x98, 0x92, 0x8A, 0x84, 0x7A, 0x7A, 0x82, 0x8A, 0x90, 0x98, 0x9E, 0xA6,
    0xA4, 0x9C, 0x94, 0x8E, 0x86, 0x80, 0x88, 0x8E, 0x96, 0x92, 0x92, 0x8C, 0x8A, 0x90, 0x8C, 0x90,
    0x92, 0x94, 0x9E, 0xA2, 0xA2, 0x9E, 0x96, 0x90, 0x88, 0x82, 0x86, 0x8C, 0x94, 0x96, 0x8C, 0x8A,
    0x8A, 0x8E, 0x98, 0x9A, 0x9A, 0x9A, 0x96, 0x8E, 0x8E, 0x8A, 0x88, 0x86, 0x86, 0x86, 0x8C, 0x92,
    0x9A, 0xA0, 0xA8, 0xAA, 0xA2, 0x9A, 0x94, 0x8C, 0x84, 0x82, 0x80, 0x78, 0x72, 0x76, 0x7E, 0x84,
    0x8C, 0x94, 0x96, 0x90, 0x88, 0x86, 0x8E, 0x96, 0x96, 0x94, 0x8E, 0x86, 0x80, 0x78, 0x76, 0x7E,
    0x86, 0x8C, 0x94, 0x96, 0x8E, 0x88, 0x80, 0x7E, 0x7E, 0x84, 0x8C, 0x94, 0x9C, 0x9E, 0x98, 0x90,
    0x8A, 0x82, 0x84, 0x8C, 0x92, 0x92, 0x8E, 0x88, 0x90, 0x96, 0x9E, 0xA6, 0xAA, 0xA4, 0x9E, 0x96,
    0x90, 0x8A, 0x8E, 0x96, 0x9A, 0x94, 0x8E, 0x8E, 0x90, 0x98, 0x9A, 0x98, 0x96, 0x94, 0x92, 0x8E,
    0x86, 0x7E, 0x80, 0x86, 0x86, 0x8E, 0x94, 0x9A, 0x96, 0x96, 0x8E, 0x90, 0x98, 0x9A, 0x9A, 0x94,
    0x8C, 0x86, 0x8A, 0x8A, 0x8E, 0x8E, 0x96, 0x92, 0x92, 0x92, 0x92, 0x9A, 0x9E, 0x9E, 0x9A, 0x92,
    0x8C, 0x82, 0x84, 0x8C, 0x92, 0x9A, 0xA0, 0xA6, 0xA2, 0x9A, 0x94, 0x8C, 0x86, 0x8A, 0x90, 0x98,
    0x9A, 0x94, 0x96, 0x96, 0x9C, 0x9E, 0x9E, 0x98, 0x90, 0x88, 0x86, 0x86, 0x8C, 0x94, 0x9A, 0x9E,
    0x98, 0x90, 0x8A, 0x82, 0x84, 0x8C, 0x94, 0x9A, 0xA2, 0xA6, 0xA0, 0x9A, 0x92, 0x8A, 0x84, 0x8C,
    0x92, 0x9A, 0x98, 0x92, 0x96, 0x96, 0x9A, 0x9A, 0x9A, 0x96, 0x8E, 0x88, 0x86, 0x86, 0x8E, 0x96,
    0x9C, 0xA4, 0xA6, 0x9E, 0x98, 0x90, 0x88, 0x86, 0x8E, 0x94, 0x9C, 0x9E, 0x9E, 0x9E, 0x9E, 0x9A,
    0x92, 0x8C, 0x84, 0x7E, 0x82, 0x8A, 0x90, 0x98, 0x9E, 0x9A, 0x9A, 0x94, 0x8E, 0x86, 0x88, 0x90,
    0x98, 0x9E, 0x9E, 0x9C, 0x94, 0x8E, 0x86, 0x82, 0x88, 0x90, 0x96, 0x9E, 0xA2, 0x9C, 0x96, 0x8E,
    0x88, 0x80, 0x7E, 0x86, 0x86, 0x86, 0x8A, 0x8A, 0x92, 0x98, 0xA0, 0x98, 0x92, 0x8A, 0x8C, 0x8E,
    0x92, 0x96, 0x96, 0x96, 0x96, 0x92, 0x8C, 0x82, 0x84, 0x86, 0x88, 0x92, 0x92, 0x92, 0x8A, 0x8A,
    0x8C, 0x94, 0x9A, 0xA2, 0xA0, 0x9E, 0x9A, 0x92, 0x8A, 0x8C, 0x94, 0x9A, 0x9E, 0x98, 0x90, 0x88,
    0x86, 0x86, 0x8C, 0x94, 0x9A, 0x9A, 0x98, 0x90, 0x8A, 0x82, 0x84, 0x86, 0x8A, 0x92, 0x9A, 0x98,
    0x90, 0x8A, 0x8C, 0x96, 0x96, 0x96, 0x8E, 0x88, 0x7E, 0x7E, 0x86, 0x8E, 0x94, 0x9C, 0x9E, 0x96,
    0x8E, 0x88, 0x90, 0x96, 0x9E, 0x9C, 0x94, 0x8E, 0x86, 0x7E, 0x80, 0x88, 0x8E, 0x96, 0x9C, 0xA4,
    0xA6, 0x9E, 0x96, 0x90, 0x88, 0x86, 0x8A, 0x8C, 0x92, 0x92, 0x92, 0x90, 0x88, 0x86, 0x86, 0x8E,
    0x94, 0x9A, 0x96, 0x96, 0x90, 0x88, 0x86, 0x8E, 0x94, 0x9E, 0x9C, 0x96, 0x8E, 0x90, 0x96, 0x96,
    0x9A, 0x92, 0x8C, 0x84, 0x7E, 0x7E, 0x80, 0x88, 0x90, 0x96, 0x9E, 0x9C, 0x9A, 0x96, 0x8E, 0x86,
    0x86, 0x8E, 0x96, 0x9A, 0x96, 0x94, 0x92, 0x9A, 0x9A, 0x9E, 0x9A, 0x92, 0x8C, 0x84, 0x7C, 0x7A,
    0x82, 0x88, 0x90, 0x96, 0x92, 0x8E, 0x92, 0x92, 0x9A, 0x9A, 0x9E, 0x9E, 0x9E, 0x9A, 0x94, 0x8C,
    0x86, 0x86, 0x88, 0x90, 0x98, 0x9A, 0x92, 0x8C, 0x84, 0x8C, 0x92, 0x9A, 0x98, 0x96, 0x92, 0x8C,
    0x96, 0x9C, 0xA2, 0x9E, 0x96, 0x90, 0x88, 0x86, 0x8E, 0x94, 0x9C, 0x9E, 0x9C, 0xA2, 0xA0, 0x9E,
    0x9A, 0x92, 0x8C, 0x84, 0x7C, 0x7A, 0x80, 0x88, 0x8E, 0x96, 0x9E, 0x9E, 0x9C, 0x9A, 0x98, 0x96,
    0x90, 0x88, 0x82, 0x82, 0x84, 0x7C, 0x7A, 0x7E, 0x80, 0x88, 0x8E, 0x96, 0x9E, 0x9C, 0x94, 0x8E,
    0x86, 0x7E, 0x7E, 0x88, 0x8E, 0x94, 0x9C, 0x9E, 0x9E, 0x9E, 0x9E, 0x9A, 0x98, 0x96, 0x94, 0x8C,
    0x84, 0x7E, 0x76, 0x78, 0x80, 0x86, 0x8E, 0x94, 0x96, 0x96, 0x8E, 0x86, 0x80, 0x88, 0x8E, 0x8E,
    0x8C, 0x86, 0x84, 0x82, 0x86, 0x88, 0x90, 0x96, 0x9E, 0x9C, 0x94, 0x8C, 0x8A, 0x92, 0x98, 0x9E,
    0x9A, 0x9A, 0x94, 0x8C, 0x86, 0x8A, 0x90, 0x98, 0x9A, 0x92, 0x8A, 0x84, 0x8C, 0x92, 0x9A, 0xA2,
    0xA6, 0xA2, 0x9A, 0x92, 0x8C, 0x84, 0x7C, 0x7A, 0x80, 0x88, 0x8E, 0x96, 0x9A, 0x9A, 0x94, 0x8E,
    0x86, 0x80, 0x78, 0x76, 0x7E, 0x84, 0x8C, 0x94, 0x9A, 0x9E, 0x98, 0x90, 0x88, 0x82, 0x82, 0x84,
    0x8C, 0x92, 0x9A, 0xA2, 0xA0, 0x98, 0x92, 0x8C, 0x84, 0x82, 0x8A, 0x92, 0x98, 0x9E, 0x9A, 0x92,
    0x8C, 0x84, 0x8C, 0x92, 0x9A, 0x98, 0x96, 0x92, 0x8A, 0x82, 0x84, 0x86, 0x8A, 0x90, 0x8E, 0x90,
    0x96, 0x9E, 0xA4, 0xA6, 0xA6, 0x9E, 0x96, 0x92, 0x92, 0x96, 0x96, 0x94, 0x8C, 0x84, 0x82, 0x8A,
    0x90, 0x98, 0x9E, 0xA6, 0xA6, 0xA4, 0x9E, 0x96, 0x90, 0x88, 0x86, 0x8E, 0x96, 0x9A, 0x96, 0x94,
    0x92, 0x90, 0x8E, 0x8A, 0x86, 0x86, 0x8C, 0x94, 0x8E, 0x8E, 0x8E, 0x90, 0x96, 0x9E, 0xA2, 0xA2,
    0x9C, 0x96, 0x8E, 0x8E, 0x8A, 0x8E, 0x96, 0x9E, 0xA4, 0x9C, 0x96, 0x8E, 0x8A, 0x8A, 0x8E, 0x8A,
    0x8A, 0x8A, 0x8A, 0x92, 0x9A, 0xA0, 0x98, 0x92, 0x8A, 0x86, 0x8C, 0x92, 0x9A, 0x96, 0x96, 0x92,
    0x96, 0x96, 0x9A, 0x9A, 0x96, 0x8E, 0x86, 0x80, 0x7A, 0x7E, 0x86, 0x8C, 0x94, 0x9A, 0x96, 0x96,
    0x92, 0x90, 0x8E, 0x8C, 0x8A, 0x8A, 0x8A, 0x8A, 0x92, 0x92, 0x92, 0x92, 0x92, 0x92, 0x92, 0x92,
    0x8E, 0x8E, 0x8E, 0x8E, 0x8E, 0x8E, 0x8E, 0x92, 0x92, 0x8E, 0x8E, 0x8E, 0x8E, 0x98, 0x9A, 0x9A,
    0x94, 0x92, 0x92, 0x96, 0x96, 0x96, 0x92, 0x92, 0x8E, 0x8E, 0x92, 0x92, 0x98, 0x9A, 0x9A, 0x9A,
    0x9A, 0x94, 0x8C, 0x86, 0x7E, 0x7A, 0x80, 0x88, 0x8E, 0x96, 0x9A, 0x9A, 0x96, 0x8E, 0x8A, 0x8A,
    0x90, 0x92, 0x92, 0x8C, 0x8A, 0x94, 0x98, 0xA2, 0xA0, 0x9E, 0x9A, 0x92, 0x8C, 0x8A, 0x92, 0x9A,
    0xA0, 0x98, 0x92, 0x8A, 0x8C, 0x8E, 0x92, 0x8E, 0x8E, 0x88, 0x86, 0x86, 0x86, 0x8C, 0x94, 0x9A,
    0xA2, 0xA6, 0xA0, 0x98, 0x92, 0x8A, 0x8C, 0x94, 0x9A, 0xA2, 0xA0, 0x98, 0x90, 0x8A, 0x82, 0x84,
    0x8C, 0x92, 0x9A, 0xA2, 0xA6, 0xA6, 0xA2, 0x9A, 0x94, 0x8C, 0x86, 0x8A, 0x90, 0x9A, 0x98, 0x96,
    0x94, 0x8A, 0x86, 0x8A, 0x92, 0x9A, 0x98, 0x90, 0x8A, 0x86, 0x8A, 0x8A, 0x94, 0x9A, 0xA2, 0xA0,
    0x9A, 0x92, 0x8E, 0x92, 0x94, 0x96, 0x96, 0x96, 0x92, 0x92, 0x88, 0x86, 0x86, 0x8C, 0x92, 0x9A,
    0x9E, 0x9E, 0x9A, 0x92, 0x8A, 0x8C, 0x94, 0x9C, 0x9E, 0x9A, 0x9A, 0x90, 0x8A, 0x82, 0x7C, 0x84,
    0x86, 0x88, 0x90, 0x98, 0x9E, 0xA6, 0xA4, 0x9C, 0x94, 0x8E, 0x86, 0x88, 0x8E, 0x8E, 0x8E, 0x8E,
    0x92, 0x92, 0x9A, 0x96, 0x96, 0x96, 0x98, 0x9A, 0x9C, 0xA4, 0x9C, 0x96, 0x8E, 0x88, 0x80, 0x88,
    0x8A, 0x8C, 0x94, 0x9A, 0xA2, 0xA2, 0xA0, 0x98, 0x92, 0x8A, 0x86, 0x86, 0x86, 0x8A, 0x92, 0x96,
    0x90, 0x8A, 0x82, 0x7E, 0x84, 0x8A, 0x92, 0x9A, 0x9A, 0x9E, 0x9E, 0xA6, 0xA6, 0xA4, 0x9E, 0x96,
    0x8E, 0x8E, 0x8E, 0x8A, 0x8A, 0x84, 0x7C, 0x76, 0x7A, 0x82, 0x88, 0x90, 0x96, 0x96, 0x94, 0x8E,
    0x92, 0x92, 0x90, 0x8A, 0x8A, 0x8E, 0x94, 0x92, 0x94, 0x9A, 0x9A, 0xA2, 0xA0, 0x9E, 0x9A, 0x92,
    0x8C, 0x84, 0x7E, 0x80, 0x88, 0x90, 0x96, 0x9E, 0x9C, 0x94, 0x8C, 0x8A, 0x92, 0x98, 0xA0, 0x9A,
    0x92, 0x8A, 0x86, 0x86, 0x8A, 0x92, 0x92, 0x92, 0x92, 0x96, 0x96, 0x9C, 0xA2, 0xA2, 0xA0, 0x98,
    0x92, 0x88, 0x86, 0x8C, 0x8E, 0x8E, 0x92, 0x92, 0x9A, 0x98, 0x96, 0x94, 0x92, 0x92, 0x92, 0x8E,
    0x90, 0x92, 0x98, 0x9A, 0x9C, 0x9C, 0x94, 0x8E, 0x86, 0x88, 0x8A, 0x8E, 0x96, 0x9E, 0x9E, 0x9C,
    0x96, 0x8E, 0x8A, 0x8A, 0x8A, 0x8E, 0x8E, 0x94, 0x9C, 0xA2, 0x9E, 0x96, 0x96, 0x96, 0x96, 0x94,
    0x8C, 0x84, 0x7E, 0x76, 0x78, 0x80, 0x86, 0x8E, 0x94, 0x9E, 0x9E, 0xA2, 0xA0, 0x98, 0x90, 0x8E,
    0x8E, 0x8C, 0x8A, 0x8C, 0x8E, 0x90, 0x9A, 0x9A, 0x9A, 0x92, 0x8E, 0x8E, 0x92, 0x92, 0x92, 0x96,
    0x96, 0x92, 0x92, 0x8C, 0x82, 0x84, 0x86, 0x88, 0x92, 0x98, 0x9E, 0x9A, 0x9A, 0x9A, 0x9A, 0xA2,
    0xA6, 0xA6, 0xA0, 0x9A, 0x92, 0x8A, 0x86, 0x8A, 0x92, 0x9A, 0xA0, 0xA6, 0xA2, 0x9A, 0x94, 0x92,
    0x94, 0x96, 0x96, 0x8E, 0x90, 0x92, 0x94, 0x9C, 0x94, 0x96, 0x94, 0x9A, 0x98, 0x92, 0x92, 0x8A,
    0x82, 0x82, 0x8A, 0x92, 0x98, 0xA0, 0xA0, 0x9E, 0x9E, 0x9E, 0x9E, 0x96, 0x8E, 0x86, 0x86, 0x88,
    0x8E, 0x96, 0x94, 0x8C, 0x86, 0x86, 0x88, 0x90, 0x96, 0x92, 0x8A, 0x86, 0x86, 0x8A, 0x92, 0x98,
    0xA0, 0xA6, 0xA2, 0x9A, 0x94, 0x8C, 0x86, 0x88, 0x8A, 0x8E, 0x8E, 0x96, 0x9E, 0x9E, 0x9E, 0x9E,
    0x96, 0x90, 0x88, 0x86, 0x86, 0x8C, 0x94, 0x9A, 0x96, 0x8E, 0x86, 0x88, 0x8A, 0x8C, 0x96, 0x96,
    0x96, 0x96, 0x98, 0xA0, 0x98, 0x92, 0x8A, 0x8C, 0x8E, 0x92, 0x9A, 0x9A, 0x98, 0x90, 0x8A, 0x8C,
    0x8E, 0x8C, 0x86, 0x86, 0x88, 0x90, 0x96, 0x9E, 0x9A, 0x94, 0x8C, 0x8A, 0x8E, 0x90, 0x9A, 0x9A,
    0x9A, 0x92, 0x92, 0x92, 0x92, 0x8E, 0x8A, 0x88, 0x86, 0x8E, 0x94, 0x9C, 0xA4, 0xAA, 0xA6, 0x9E,
    0x98, 0x90, 0x8E, 0x8E, 0x8E, 0x8E, 0x92, 0x92, 0x92, 0x92, 0x92, 0x96, 0x9C, 0x9A, 0x9C, 0x96,
    0x92, 0x92, 0x98, 0x9A, 0x92, 0x8C, 0x84, 0x8C, 0x8E, 0x8E, 0x8E, 0x8A, 0x8E, 0x96, 0x9E, 0xA4,
    0xAC, 0xAE, 0xA6, 0xA0, 0x98, 0x92, 0x8A, 0x8A, 0x8C, 0x8E, 0x92, 0x92, 0x98, 0x9E, 0x9E, 0x9E,
    0x9C, 0x9A, 0x96, 0x94, 0x92, 0x90, 0x8E, 0x8E, 0x8E, 0x8C, 0x84, 0x7C, 0x7A, 0x82, 0x88, 0x90,
    0x98, 0x9A, 0x9A, 0x94, 0x8E, 0x92, 0x92, 0x98, 0xA0, 0xA2, 0x9A, 0x94, 0x8C, 0x86, 0x7E, 0x80,
    0x88, 0x90, 0x96, 0x9E, 0x9C, 0x94, 0x8E, 0x8E, 0x86, 0x86, 0x86, 0x8E, 0x96, 0x9C, 0x9E, 0x9E,
    0x96, 0x8E, 0x8A, 0x8E, 0x8E, 0x8C, 0x8A, 0x8A, 0x8A, 0x92, 0x9A, 0x9E, 0x9A, 0x9A, 0x92, 0x8C,
    0x84, 0x7C, 0x7A, 0x80, 0x88, 0x8E, 0x96, 0x9C, 0xA6, 0xA4, 0xA2, 0xA0, 0x96, 0x92, 0x88, 0x86,
    0x84, 0x82, 0x82, 0x84, 0x86, 0x88, 0x8A, 0x8E, 0x96, 0x9C, 0xA4, 0xA6, 0x9E, 0x96, 0x90, 0x88,
    0x82, 0x86, 0x8E, 0x94, 0x9C, 0x9E, 0x9A, 0x9A, 0x9A, 0x98, 0x96, 0x94, 0x92, 0x8E, 0x86, 0x86,
    0x88, 0x90, 0x96, 0x9E, 0x9E, 0x9C, 0x94, 0x8E, 0x8A, 0x90, 0x96, 0xA0, 0xA2, 0xA2, 0x9C, 0x94,
    0x8E, 0x86, 0x82, 0x86, 0x86, 0x8E, 0x94, 0x9A, 0x96, 0x96, 0x90, 0x88, 0x86, 0x8E, 0x96, 0x96,
    0x94, 0x8E, 0x86, 0x82, 0x88, 0x90, 0x96, 0x9E, 0xA2, 0xA2, 0x9E, 0x96, 0x8E, 0x8E, 0x8A, 0x8E,
    0x8E, 0x8E, 0x8E, 0x84, 0x8A, 0x8E, 0x90, 0x98, 0x9E, 0xA2, 0x9C, 0x94, 0x8E, 0x86, 0x82, 0x86,
    0x86, 0x8E, 0x96, 0x9C, 0xA4, 0xA6, 0x9E, 0x98, 0x90, 0x8A, 0x8E, 0x96, 0x96, 0x94, 0x8E, 0x86,
    0x86, 0x86, 0x90, 0x92, 0x94, 0x9A, 0x9A, 0x9E, 0x9E, 0x9E, 0x98, 0x90, 0x8A, 0x82, 0x84, 0x86,
    0x8A, 0x92, 0x98, 0x9A, 0x90, 0x8A, 0x8A, 0x8C, 0x92, 0x9A, 0x9E, 0x9A, 0x9A, 0x92, 0x8A, 0x8C,
    0x94, 0x9C, 0x9E, 0x96, 0x90, 0x88, 0x86, 0x86, 0x8C, 0x94, 0x9A, 0x96, 0x96, 0x92, 0x90, 0x8E,
    0x8C, 0x88, 0x8C, 0x8E, 0x92, 0x9A, 0x9E, 0x98, 0x92, 0x8A, 0x86, 0x8C, 0x94, 0x96, 0x98, 0x9A,
    0x9A, 0x9A, 0x9A, 0x94, 0x8C, 0x86, 0x86, 0x86, 0x88, 0x90, 0x96, 0x96, 0x9C, 0x9E, 0x9E, 0x96,
    0x96, 0x90, 0x8E, 0x8E, 0x8E, 0x8E, 0x8E, 0x8E, 0x8E, 0x8E, 0x90, 0x92, 0x96, 0x96, 0x96, 0x96,
    0x8E, 0x8E, 0x8A, 0x8E, 0x8E, 0x8E, 0x8E, 0x92, 0x92, 0x9C, 0x96, 0x92, 0x92, 0x96, 0x9E, 0xA6,
    0xA4, 0x9C, 0x96, 0x8E, 0x88, 0x82, 0x86, 0x8E, 0x94, 0x9C, 0xA2, 0x9E, 0x96, 0x90, 0x88, 0x82,
    0x86, 0x8C, 0x94, 0x96, 0x8C, 0x8A, 0x8A, 0x8E, 0x96, 0x9E, 0x9E, 0x9C, 0x9A, 0x96, 0x8E, 0x88,
    0x82, 0x86, 0x86, 0x8C, 0x94, 0x9A, 0xA2, 0xA0, 0x98, 0x90, 0x8A, 0x8A, 0x8C, 0x8E, 0x92, 0x9A,
    0xA0, 0xA8, 0xA0, 0x9A, 0x92, 0x8C, 0x86, 0x8A, 0x92, 0x98, 0x9A, 0x98, 0x92, 0x8A, 0x84, 0x7C,
    0x7A, 0x82, 0x88, 0x90, 0x96, 0x9E, 0x9C, 0x94, 0x8E, 0x92, 0x9A, 0x9E, 0x9E, 0x9A, 0x92, 0x8A,
    0x86, 0x86, 0x8A, 0x92, 0x98, 0x9A, 0x90, 0x8E, 0x8E, 0x94, 0x9C, 0xA2, 0xA6, 0xA6, 0xA0, 0x9A,
    0x92, 0x8A, 0x84, 0x8C, 0x92, 0x9A, 0x98, 0x96, 0x92, 0x8E, 0x92, 0x94, 0x9A, 0x9A, 0x98, 0x96,
    0x92, 0x8A, 0x82, 0x7C, 0x84, 0x8A, 0x92, 0x96, 0x96, 0x90, 0x8E, 0x8E, 0x94, 0x9A, 0x96, 0x96,
    0x96, 0x96, 0x96, 0x92, 0x8A, 0x8A, 0x8A, 0x94, 0x96, 0x96, 0x90, 0x88, 0x82, 0x84, 0x8C, 0x94,
    0x9A, 0x9A, 0x98, 0x96, 0x96, 0x92, 0x92, 0x8C, 0x8A, 0x8A, 0x8A, 0x8E, 0x90, 0x92, 0x96, 0x96,
    0x9C, 0xA2, 0xA2, 0xA0, 0x96, 0x90, 0x8A, 0x82, 0x84, 0x8C, 0x92, 0x9C, 0x9E, 0x9A, 0x98, 0x96,
    0x92, 0x8A, 0x84, 0x82, 0x8A, 0x8A, 0x90, 0x98, 0x9E, 0x9E, 0x9C, 0x94, 0x8E, 0x84, 0x82, 0x82,
    0x88, 0x8E, 0x96, 0x9A, 0x9A, 0x96, 0x8E, 0x86, 0x88, 0x90, 0x8E, 0x90, 0x92, 0x94, 0x96, 0x92,
    0x90, 0x8C, 0x90, 0x96, 0x9E, 0x9E, 0x9E, 0x9E, 0x96, 0x8E, 0x8A, 0x8A, 0x8E, 0x96, 0x9A, 0x9A,
    0x94, 0x92, 0x92, 0x98, 0xA0, 0x9A, 0x92, 0x8C, 0x84, 0x82, 0x8A, 0x92, 0x96, 0x98, 0x9A, 0x9A,
    0x9A, 0x9A, 0x94, 0x92, 0x90, 0x88, 0x80, 0x7E, 0x86, 0x8C, 0x8E, 0x92, 0x9A, 0xA2, 0xA0, 0x98,
    0x92, 0x94, 0x98, 0x94, 0x92, 0x8E, 0x88, 0x80, 0x7E, 0x86, 0x8E, 0x94, 0x9C, 0x9E, 0x9E, 0x98,
    0x90, 0x8A, 0x8E, 0x8E, 0x94, 0x96, 0x9A, 0x96, 0x92, 0x92, 0x88, 0x82, 0x84, 0x8C, 0x94, 0x96,
    0x96, 0x98, 0x9E, 0x9E, 0xA6, 0xA4, 0x9C, 0x94, 0x8E, 0x86, 0x82, 0x82, 0x86, 0x8E, 0x92, 0x92,
    0x94, 0x96, 0x96, 0x92, 0x96, 0x96, 0x96, 0x94, 0x8C, 0x86, 0x86, 0x88, 0x90, 0x98, 0x9A, 0x9A,
    0x92, 0x8E, 0x8E, 0x92, 0x96, 0x92, 0x92, 0x8C, 0x90, 0x92, 0x94, 0x96, 0x9A, 0x9A, 0x9A, 0x9E,
    0x9E, 0x9A, 0x9A, 0x94, 0x8C, 0x86, 0x7E, 0x80, 0x88, 0x8E, 0x96, 0x9E, 0x9E, 0xA2, 0xA2, 0xA2,
    0xA0, 0x98, 0x92, 0x8C, 0x82, 0x84, 0x86, 0x88, 0x92, 0x96, 0x92, 0x92, 0x96, 0x96, 0x96, 0x94,
    0x92, 0x90, 0x8E, 0x8E, 0x8E, 0x8E, 0x8E, 0x8C, 0x8A, 0x8A, 0x8A, 0x90, 0x98, 0x9A, 0x9A, 0x94,
    0x8C, 0x8A, 0x92, 0x92, 0x98, 0xA0, 0xA2, 0x9A, 0x94, 0x8C, 0x86, 0x82, 0x88, 0x90, 0x96, 0x9E,
    0x9E, 0x9C, 0x94, 0x8E, 0x90, 0x92, 0x96, 0x96, 0x92, 0x92, 0x8E, 0x92, 0x92, 0x96, 0x96, 0x92,
    0x88, 0x86, 0x86, 0x86, 0x8A, 0x8A, 0x92, 0x98, 0xA0, 0xA8, 0xAA, 0xA4, 0x9C, 0x96, 0x8E, 0x92,
    0x96, 0x98, 0x9A, 0x9A, 0x9A, 0x94, 0x8E, 0x86, 0x86, 0x88, 0x8E, 0x8E, 0x8E, 0x92, 0x92, 0x92,
    0x8E, 0x86, 0x88, 0x90, 0x96, 0x9E, 0x9E, 0x9C, 0x96, 0x8E, 0x8E, 0x8E, 0x8A, 0x8A, 0x8E, 0x8E,
    0x94, 0x96, 0x8E, 0x88, 0x80, 0x86, 0x8E, 0x96, 0x9C, 0xA2, 0x9E, 0x96, 0x90, 0x88, 0x88, 0x8A,
    0x8C, 0x8E, 0x8E, 0x8E, 0x8E, 0x8E, 0x88, 0x90, 0x92, 0x94, 0x94, 0x92, 0x92, 0x92, 0x96, 0x96,
    0x96, 0x96, 0x9E, 0x9E, 0x9E, 0x96, 0x90, 0x86, 0x88, 0x8E, 0x96, 0x94, 0x92, 0x92, 0x92, 0x9A,
    0x9A, 0x9A, 0x9A, 0x92, 0x8E, 0x8E, 0x92, 0x92, 0x9A, 0x9E, 0x9E, 0x9A, 0x92, 0x8C, 0x84, 0x7E,
    0x82, 0x82, 0x88, 0x90, 0x96, 0x9E, 0xA2, 0x9E, 0x9E, 0x96, 0x90, 0x88, 0x82, 0x86, 0x8E, 0x94,
    0x9A, 0x96, 0x96, 0x96, 0x98, 0xA0, 0x9A, 0x9A, 0x94, 0x8C, 0x86, 0x8A, 0x8A, 0x90, 0x98, 0x9E,
    0x9C, 0x9A, 0x96, 0x96, 0x8E, 0x86, 0x88, 0x8E, 0x8E, 0x96, 0x94, 0x92, 0x8E, 0x8A, 0x8A, 0x90,
    0x98, 0x9E, 0xA2, 0x9C, 0x94, 0x8E, 0x86, 0x82, 0x88, 0x8E, 0x96, 0x9E, 0x9E, 0x94, 0x94, 0x96,
    0x98, 0x9A, 0x92, 0x92, 0x8A, 0x8A, 0x8C, 0x8E, 0x8E, 0x8E, 0x90, 0x92, 0x96, 0x9E, 0x9E, 0x9C,
    0x9A, 0x98, 0x96, 0x92, 0x88, 0x82, 0x82, 0x84, 0x8A, 0x92, 0x98, 0xA2, 0xA0, 0x9E, 0x9C, 0x92,
    0x8C, 0x84, 0x82, 0x82, 0x88, 0x8A, 0x8A, 0x8E, 0x8E, 0x94, 0x9A, 0x9A, 0xA2, 0xA2, 0xA2, 0xA2,
    0x9A, 0x94, 0x8C, 0x84, 0x82, 0x8A, 0x8A, 0x8A, 0x8E, 0x8E, 0x94, 0x9C, 0xA2, 0x9E, 0x9E, 0x98,
    0x90, 0x8A, 0x82, 0x7E, 0x84, 0x8A, 0x92, 0x98, 0xA0, 0xA6, 0xA2, 0x9A, 0x94, 0x8C, 0x84, 0x82,
    0x82, 0x88, 0x8A, 0x8E, 0x8E, 0x94, 0x9A, 0x9A, 0x9C, 0x98, 0x92, 0x90, 0x8E, 0x94, 0x92, 0x92,
    0x8E, 0x8E, 0x8E, 0x90, 0x92, 0x94, 0x96, 0x96, 0x96, 0x8C, 0x8A, 0x8A, 0x90, 0x96, 0x9E, 0x9C,
    0x94, 0x8E, 0x8C, 0x8A, 0x8A, 0x90, 0x96, 0x96, 0x94, 0x8E, 0x8E, 0x90, 0x92, 0x96, 0x98, 0x9E,
    0x9E, 0x9E, 0x9C, 0x96, 0x8E, 0x88, 0x7E, 0x80, 0x82, 0x84, 0x8E, 0x94, 0x9C, 0xA2, 0xA2, 0xA0,
    0x98, 0x92, 0x8A, 0x82, 0x84, 0x86, 0x86, 0x86, 0x88, 0x90, 0x96, 0x9E, 0x9E, 0x9C, 0x96, 0x8E,
    0x90, 0x98, 0x92, 0x92, 0x8A, 0x86, 0x86, 0x8A, 0x92, 0x98, 0xA0, 0xA6, 0xA2, 0x9A, 0x94, 0x8C,
    0x8A, 0x88, 0x7E, 0x7E, 0x7E, 0x86, 0x8E, 0x94, 0x9C, 0xA2, 0xA0, 0x96, 0x90, 0x88, 0x86, 0x8E,
    0x94, 0x96, 0x96, 0x96, 0x8E, 0x8E, 0x8A, 0x8E, 0x92, 0x94, 0x96, 0x96, 0x96, 0x92, 0x90, 0x8E,
    0x92, 0x92, 0x92, 0x94, 0x96, 0x9A, 0x98, 0x90, 0x8A, 0x86, 0x86, 0x86, 0x86, 0x8A, 0x8E, 0x90,
    0x98, 0xA0, 0xA2, 0x9E, 0x9C, 0x94, 0x8E, 0x8E, 0x8E, 0x90, 0x92, 0x92, 0x92, 0x8E, 0x8E, 0x8A,
    0x92, 0x92, 0x98, 0x9A, 0x9A, 0x94, 0x8C, 0x8A, 0x8A, 0x8A, 0x8E, 0x90, 0x92, 0x92, 0x92, 0x8E,
    0x8E, 0x8E, 0x8E, 0x8A, 0x8E, 0x96, 0x9A, 0x9A, 0x96, 0x8C, 0x8A, 0x8A, 0x8A, 0x90, 0x92, 0x92,
    0x8E, 0x8E, 0x92, 0x92, 0x98, 0xA0, 0xA2, 0x9A, 0x94, 0x8A, 0x8C, 0x8E, 0x90, 0x98, 0xA0, 0xA2,
    0x9A, 0x94, 0x8C, 0x8A, 0x8C, 0x8E, 0x8A, 0x8A, 0x8A, 0x8E, 0x96, 0x9A, 0x9A, 0x96, 0x8E, 0x8E,
    0x90, 0x92, 0x96, 0x94, 0x8C, 0x8E, 0x84, 0x8A, 0x8A, 0x90, 0x96, 0x9E, 0x9C, 0x94, 0x8E, 0x86,
    0x82, 0x88, 0x90, 0x98, 0x9A, 0x9A, 0x9A, 0x9A, 0x9A, 0x9A, 0x9A, 0x98, 0x92, 0x8A, 0x8A, 0x86,
    0x8A, 0x8C, 0x8E, 0x90, 0x96, 0x96, 0x9A, 0x94, 0x8C, 0x86, 0x8A, 0x92, 0x98, 0xA0, 0x9A, 0x94,
    0x8A, 0x8C, 0x8E, 0x92, 0x96, 0x96, 0x92, 0x8E, 0x96, 0x96, 0x96, 0x94, 0x92, 0x90, 0x90, 0x92,
    0x92, 0x92, 0x8E, 0x8E, 0x8E, 0x92, 0x96, 0x96, 0x96, 0x92, 0x8A, 0x86, 0x86, 0x86, 0x8A, 0x8A,
    0x90, 0x98, 0x9E, 0xA6, 0xA4, 0xA2, 0x9E, 0x96, 0x90, 0x88, 0x86, 0x86, 0x86, 0x8C, 0x8E, 0x92,
    0x9A, 0x9A, 0x98, 0x96, 0x92, 0x94, 0x96, 0x9A, 0x9C, 0x9E, 0x9E, 0x9E, 0x9A, 0x92, 0x8C, 0x84,
    0x7C, 0x7A, 0x82, 0x88, 0x90, 0x96, 0x9E, 0xA2, 0x9E, 0x9E, 0x96, 0x96, 0x90, 0x8A, 0x8A, 0x8E,
    0x8E, 0x94, 0x96, 0x92, 0x90, 0x88, 0x90, 0x96, 0x9E, 0x9C, 0x9A, 0x96, 0x90, 0x94, 0x90, 0x8A,
    0x80, 0x7E, 0x7E, 0x84, 0x8A, 0x92, 0x98, 0xA0, 0xA2, 0x9A, 0x92, 0x8C, 0x94, 0x96, 0x96, 0x8E,
    0x8E, 0x8E, 0x8E, 0x8E, 0x8E, 0x8E, 0x92, 0x92, 0x98, 0xA2, 0xA0, 0x9E, 0x9C, 0x92, 0x92, 0x94,
    0x96, 0x96, 0x90, 0x88, 0x82, 0x82, 0x84, 0x8C, 0x92, 0x9A, 0xA0, 0xA6, 0xA2, 0x9A, 0x94, 0x8C,
    0x8A, 0x92, 0x92, 0x98, 0x9A, 0x9A, 0x92, 0x8A, 0x8A, 0x8A, 0x8A, 0x92, 0x92, 0x96, 0x92, 0x92,
    0x8E, 0x8E, 0x8E, 0x92, 0x9A, 0x9A, 0x98, 0x96, 0x92, 0x8C, 0x90, 0x8C, 0x92, 0x96, 0x92, 0x90,
    0x8E, 0x96, 0x9C, 0x9E, 0x9E, 0x96, 0x8E, 0x88, 0x86, 0x86, 0x8E, 0x94, 0x9C, 0xA2, 0x9E, 0x98,
    0x90, 0x8E, 0x8A, 0x86, 0x86, 0x8C, 0x94, 0x9A, 0xA2, 0xA8, 0xA0, 0x9E, 0x9C, 0x92, 0x8E, 0x92,
    0x92, 0x90, 0x88, 0x86, 0x86, 0x8E, 0x94, 0x9A, 0x96, 0x96, 0x8E, 0x90, 0x98, 0x9E, 0x9A, 0x96,
    0x96, 0x8E, 0x86, 0x80, 0x88, 0x8E, 0x8E, 0x96, 0x96, 0x9C, 0x9E, 0x9E, 0x98, 0x96, 0x96, 0x96,
    0x9A, 0x96, 0x96, 0x8C, 0x8A, 0x8A, 0x90, 0x92, 0x96, 0x94, 0x90, 0x94, 0x96, 0x96, 0x96, 0x92,
    0x90, 0x8E, 0x8E, 0x8E, 0x92, 0x92, 0x96, 0x90, 0x8E, 0x8E, 0x8E, 0x96, 0x9A, 0x9A, 0x96, 0x8E,
    0x8A, 0x8A, 0x8A, 0x8E, 0x96, 0x96, 0x96, 0x8E, 0x90, 0x98, 0xA0, 0xA2, 0xA2, 0x9C, 0x94, 0x8E,
    0x86, 0x86, 0x88, 0x90, 0x96, 0x96, 0x9A, 0x94, 0x8E, 0x8E, 0x90, 0x98, 0x9E, 0x9E, 0x9A, 0x94,
    0x8C, 0x8A, 0x8A, 0x90, 0x92, 0x92, 0x96, 0x96, 0x9C, 0x9E, 0x9E, 0x9E, 0x96, 0x90, 0x88, 0x86,
    0x86, 0x8C, 0x92, 0x92, 0x8E, 0x90, 0x92, 0x96, 0x98, 0x9A, 0x9C, 0xA4, 0x9E, 0x96, 0x90, 0x88,
    0x80, 0x7E, 0x86, 0x8C, 0x92, 0x9C, 0x9E, 0x9A, 0x98, 0x90, 0x8A, 0x86, 0x8C, 0x94, 0x9A, 0xA2,
    0xA0, 0x9E, 0x9A, 0x92, 0x8A, 0x86, 0x86, 0x8A, 0x92, 0x98, 0xA0, 0xA2, 0xA2, 0xA2, 0x9C, 0x94,
    0x8E, 0x88, 0x8C, 0x88, 0x86, 0x82, 0x84, 0x8A, 0x8A, 0x92, 0x9A, 0x9E, 0x9A, 0x9A, 0x92, 0x8C,
    0x86, 0x8A, 0x8A, 0x92, 0x96, 0x96, 0x92, 0x92, 0x8E, 0x8E, 0x8E, 0x92, 0x9A, 0x9A, 0x98, 0x96,
    0x94, 0x8A, 0x86, 0x8A, 0x8A, 0x92, 0x98, 0xA0, 0xA2, 0x9E, 0x9C, 0x94, 0x8C, 0x8A, 0x90, 0x8C,
    0x90, 0x92, 0x96, 0x96, 0x9C, 0x9E, 0x9A, 0x98, 0x92, 0x92, 0x8C, 0x96, 0x94, 0x8E, 0x8E, 0x88,
    0x92, 0x92, 0x98, 0x9A, 0x9A, 0x94, 0x92, 0x8E, 0x8E, 0x8E, 0x8E, 0x8E, 0x8E, 0x8E, 0x92, 0x92,
    0x9A, 0x96, 0x96, 0x96, 0x96, 0x96, 0x94, 0x92, 0x8E, 0x8E, 0x8E, 0x90, 0x92, 0x96, 0x96, 0x9A,
    0x9A, 0x9A, 0x96, 0x8E, 0x8A, 0x8A, 0x8A, 0x8E, 0x8E, 0x94, 0x9A, 0x9A, 0x98, 0x96, 0x90, 0x8A,
    0x8A, 0x8C, 0x8E, 0x92, 0x9A, 0x9E, 0x98, 0x96, 0x92, 0x8A, 0x82, 0x82, 0x8C, 0x92, 0x9A, 0x9A,
    0x98, 0x92, 0x92, 0x94, 0x9C, 0x96, 0x96, 0x8E, 0x88, 0x82, 0x86, 0x8E, 0x94, 0x9A, 0x96, 0x96,
    0x90, 0x88, 0x82, 0x86, 0x8E, 0x94, 0x9A, 0x9A, 0x96, 0x90, 0x88, 0x86, 0x86, 0x8E, 0x94, 0x9C,
    0x9E, 0x96, 0x90, 0x8A, 0x8E, 0x8E, 0x94, 0x9C, 0x9E, 0x96, 0x96, 0x8E, 0x8A, 0x8A, 0x8E, 0x92,
    0x92, 0x8E, 0x84, 0x8A, 0x8A, 0x90, 0x98, 0x9A, 0x92, 0x92, 0x92, 0x94, 0x96, 0x98, 0x9A, 0x92,
    0x92, 0x8A, 0x8A, 0x8C, 0x8E, 0x8E, 0x8A, 0x8E, 0x8E, 0x96, 0x9A, 0x9A, 0x96, 0x94, 0x9A, 0x98,
    0x96, 0x92, 0x8E, 0x8C, 0x86, 0x86, 0x88, 0x8C, 0x8E, 0x90, 0x92, 0x96, 0x9A, 0x9C, 0x9E, 0x96,
    0x98, 0x8E, 0x90, 0x92, 0x8C, 0x8E, 0x8E, 0x92, 0x92, 0x92, 0x90, 0x88, 0x8E, 0x8E, 0x96, 0x96,
    0x9A, 0x96, 0x92, 0x90, 0x88, 0x8E, 0x8E, 0x94, 0x9C, 0xA2, 0x9E, 0x96, 0x90, 0x88, 0x86, 0x8E,
    0x8C, 0x94, 0x96, 0x92, 0x90, 0x8E, 0x98, 0x9E, 0xA4, 0x9C, 0x94, 0x8E, 0x86, 0x7E, 0x80, 0x86,
    0x8E, 0x92, 0x92, 0x8C, 0x8A, 0x92, 0x92, 0x96, 0x96, 0x96, 0x92, 0x92, 0x8E, 0x86, 0x86, 0x88,
    0x90, 0x96, 0x96, 0x9A, 0x9A, 0x9A, 0x9A, 0x98, 0x96, 0x96, 0x96, 0x96, 0x94, 0x92, 0x8E, 0x84,
    0x82, 0x82, 0x88, 0x8E, 0x96, 0x9E, 0xA2, 0x9E, 0x96, 0x90, 0x88, 0x86, 0x90, 0x94, 0x98, 0x94,
    0x92, 0x8E, 0x8A, 0x90, 0x98, 0x9A, 0x96, 0x94, 0x8C, 0x84, 0x82, 0x86, 0x88, 0x90, 0x96, 0x9E,
    0x9C, 0x94, 0x8E, 0x86, 0x7E, 0x80, 0x88, 0x8E, 0x96, 0x9E, 0x9E, 0x94, 0x8E, 0x86, 0x86, 0x86,
    0x8E, 0x96, 0x9A, 0x9A, 0x9A, 0x9A, 0x9A, 0x98, 0x96, 0x92, 0x8E, 0x8C, 0x8A, 0x8A, 0x8A, 0x8A,
    0x90, 0x98, 0x9A, 0x9A, 0x94, 0x92, 0x92, 0x92, 0x90, 0x8A, 0x8A, 0x8A, 0x8C, 0x8E, 0x92, 0x92,
    0x96, 0x96, 0x98, 0x90, 0x8E, 0x92, 0x94, 0x9A, 0x9A, 0x96, 0x92, 0x92, 0x88, 0x86, 0x86, 0x8C,
    0x94, 0x9A, 0x98, 0x90, 0x88, 0x82, 0x82, 0x84, 0x8C, 0x94, 0x9A, 0xA2, 0xA0, 0x98, 0x90, 0x8E,
    0x92, 0x92, 0x9C, 0x96, 0x96, 0x90, 0x8A, 0x8A, 0x8C, 0x96, 0x9A, 0x9A, 0x9A, 0x98, 0x90, 0x8A,
    0x8A, 0x86, 0x86, 0x86, 0x8A, 0x92, 0x96, 0x98, 0xA0, 0x9A, 0x92, 0x8C, 0x94, 0x96, 0x9A, 0x98,
    0x90, 0x8A, 0x82, 0x82, 0x84, 0x8C, 0x92, 0x9A, 0x9A, 0x9A, 0x9E, 0x9A, 0x9A, 0x94, 0x8C, 0x84,
    0x82, 0x88, 0x90, 0x96, 0x9E, 0x9A, 0x96, 0x96, 0x8E, 0x8E, 0x90, 0x94, 0x90, 0x8E, 0x8A, 0x8C,
    0x8E, 0x92, 0x96, 0x98, 0x98, 0x96, 0x92, 0x8E, 0x8C, 0x8A, 0x92, 0x92, 0x9A, 0x9E, 0x9E, 0x9A,
    0x92, 0x8C, 0x86, 0x86, 0x88, 0x90, 0x96, 0x96, 0x96, 0x94, 0x92, 0x92, 0x8E, 0x8A, 0x8A, 0x8A,
    0x8E, 0x96, 0x9E, 0x9C, 0x94, 0x8E, 0x88, 0x80, 0x7E, 0x86, 0x8E, 0x94, 0x9A, 0x96, 0x96, 0x96,
    0x98, 0x9C, 0x98, 0x96, 0x94, 0x8C, 0x86, 0x8A, 0x8E, 0x90, 0x98, 0x9A, 0x9A, 0x96, 0x96, 0x8C,
    0x8A, 0x8A, 0x8A, 0x8A, 0x8A, 0x8E, 0x8E, 0x94, 0x9A, 0xA2, 0xA0, 0x98, 0x92, 0x88, 0x86, 0x8A,
    0x8A, 0x92, 0x9A, 0x9A, 0x98, 0x90, 0x8E, 0x8E, 0x8E, 0x8E, 0x8E, 0x92, 0x92, 0x92, 0x92, 0x92,
    0x8A, 0x8A, 0x8A, 0x8C, 0x8E, 0x90, 0x98, 0x9E, 0x9E, 0xA2, 0x9C, 0x96, 0x8C, 0x8A, 0x8A, 0x90,
    0x92, 0x96, 0x94, 0x92, 0x92, 0x92, 0x96, 0x98, 0xA0, 0x98, 0x96, 0x94, 0x8C, 0x84, 0x82, 0x8A,
    0x90, 0x96, 0x96, 0x94, 0x92, 0x94, 0x96, 0x96, 0x96, 0x8E, 0x90, 0x92, 0x96, 0x9A, 0x96, 0x96,
    0x8E, 0x8E, 0x90, 0x98, 0x9E, 0xA2, 0x9C, 0x94, 0x8E, 0x8E, 0x8E, 0x90, 0x98, 0x92, 0x8C, 0x82,
    0x84, 0x86, 0x8A, 0x90, 0x98, 0x98, 0x96, 0x94, 0x8E, 0x92, 0x92, 0x98, 0x96, 0x96, 0x90, 0x8A,
    0x82, 0x84, 0x86, 0x8A, 0x92, 0x98, 0x9E, 0x9E, 0x9A, 0x92, 0x8E, 0x8C, 0x88, 0x8A, 0x88, 0x90,
    0x90, 0x8E, 0x8C, 0x8A, 0x8A, 0x8A, 0x92, 0x98, 0xA0, 0x9A, 0x92, 0x8A, 0x8C, 0x92, 0x92, 0x8E,
    0x8A, 0x8E, 0x8E, 0x8E, 0x8E, 0x92, 0x92, 0x92, 0x92, 0x92, 0x98, 0x9A, 0x9A, 0x94, 0x8C, 0x8A,
    0x8A, 0x92, 0x96, 0x96, 0x92, 0x92, 0x8C, 0x94, 0x96, 0x9A, 0x9E, 0x9A, 0x9A, 0x92, 0x8A, 0x84,
    0x7C, 0x84, 0x86, 0x88, 0x90, 0x98, 0x9E, 0xA6, 0xA4, 0x9C, 0x96, 0x8E, 0x8E, 0x90, 0x92, 0x96,
    0x94, 0x8A, 0x86, 0x86, 0x8A, 0x90, 0x98, 0x9A, 0x9A, 0x9A, 0x9A, 0x94, 0x8E, 0x86, 0x82, 0x82,
    0x86, 0x8E, 0x96, 0x96, 0x94, 0x8E, 0x8E, 0x8E, 0x90, 0x92, 0x94, 0x96, 0x9A, 0x96, 0x96, 0x8E,
    0x8E, 0x8A, 0x8E, 0x8E, 0x96, 0x96, 0x96, 0x96, 0x8E, 0x8A, 0x8A, 0x88, 0x8E, 0x92, 0x94, 0x9C,
    0xA2, 0x9E, 0x9E, 0x98, 0x90, 0x8A, 0x84, 0x82, 0x84, 0x86, 0x88, 0x92, 0x96, 0xA0, 0xA2, 0x9C,
    0x94, 0x8E, 0x8C, 0x8A, 0x88, 0x86, 0x8A, 0x8A, 0x8A, 0x8C, 0x94, 0x9A, 0x9A, 0x9E, 0x9A, 0x90,
    0x8E, 0x8E, 0x8E, 0x92, 0x94, 0x96, 0x98, 0x9E, 0x9E, 0x9E, 0x9C, 0x94, 0x8E, 0x86, 0x7E, 0x80,
    0x88, 0x8E, 0x8E, 0x8E, 0x8E, 0x8E, 0x92, 0x9A, 0xA0, 0xA8, 0xAA, 0xA2, 0x9C, 0x94, 0x8E, 0x86,
    0x82, 0x82, 0x86, 0x8E, 0x96, 0x9C, 0xA2, 0x9E, 0x9E, 0x98, 0x90, 0x8A, 0x8A, 0x8A, 0x8A, 0x84,
    0x82, 0x86, 0x88, 0x90, 0x96, 0x9E, 0x9C, 0x94, 0x8C, 0x86, 0x86, 0x88, 0x90, 0x96, 0x92, 0x92,
    0x8E, 0x8E, 0x8C, 0x92, 0x96, 0x98, 0x9A, 0x96, 0x94, 0x8C, 0x84, 0x82, 0x8A, 0x90, 0x98, 0x9A,
    0x9A, 0x92, 0x92, 0x8E, 0x8E, 0x8E, 0x90, 0x92, 0x96, 0x9A, 0x9A, 0x94, 0x8C, 0x8A, 0x8A, 0x90,
    0x98, 0x9A, 0x9A, 0x9A, 0x94, 0x8C, 0x8A, 0x92, 0x98, 0x9A, 0x9A, 0x92, 0x8C, 0x86, 0x8A, 0x92,
    0x98, 0xA2, 0xA2, 0x9A, 0x9A, 0x94, 0x8C, 0x8A, 0x92, 0x92, 0x9A, 0x98, 0x96, 0x94, 0x8C, 0x84,
    0x8C, 0x8E, 0x90, 0x92, 0x96, 0x96, 0x9E, 0x9C, 0x94, 0x8C, 0x8A, 0x8A, 0x90, 0x98, 0x9A, 0x9A,
    0x96, 0x94, 0x8E, 0x8E, 0x90, 0x96, 0x96, 0x96, 0x96, 0x94, 0x92, 0x90, 0x8C, 0x92, 0x92, 0x96,
    0x92, 0x92, 0x8A, 0x8C, 0x8E, 0x92, 0x96, 0x98, 0x9A, 0x96, 0x94, 0x8A, 0x8A, 0x8A, 0x92, 0x90,
    0x8E, 0x8A, 0x8A, 0x8C, 0x8E, 0x92, 0x92, 0x96, 0x96, 0x98, 0x9A, 0x9A, 0x94, 0x8A, 0x8A, 0x86,
    0x88, 0x8E, 0x8E, 0x96, 0x96, 0x96, 0x96, 0x9A, 0x9A, 0x96, 0x96, 0x90, 0x8A, 0x8A, 0x8C, 0x8E,
    0x92, 0x94, 0x96, 0x98, 0xA0, 0x9A, 0x92, 0x8A, 0x8A, 0x8A, 0x92, 0x92, 0x9A, 0x98, 0x96, 0x92,
    0x8E, 0x8E, 0x8E, 0x8E, 0x92, 0x90, 0x8E, 0x8C, 0x8A, 0x8C, 0x94, 0x9A, 0x9A, 0x9A, 0x98, 0x90,
    0x8E, 0x8E, 0x92, 0x92, 0x9C, 0x9E, 0x9E, 0x98, 0x92, 0x8A, 0x86, 0x86, 0x8A, 0x94, 0x96, 0x92,
    0x92, 0x92, 0x92, 0x92, 0x8E, 0x8E, 0x8C, 0x92, 0x96, 0x98, 0x9A, 0x96, 0x94, 0x8E, 0x8C, 0x8A,
    0x8E, 0x90, 0x92, 0x94, 0x98, 0x92, 0x92, 0x8E, 0x92, 0x92, 0x96, 0x96, 0x96, 0x92, 0x8C, 0x8E,
    0x8C, 0x92, 0x90, 0x8E, 0x8E, 0x8E, 0x96, 0x96, 0x9C, 0x94, 0x92, 0x90, 0x8E, 0x8E, 0x8E, 0x94,
    0x8A, 0x8C, 0x8E, 0x92, 0x9A, 0x9A, 0x9A, 0x92, 0x8A, 0x8A, 0x8C, 0x94, 0x96, 0x98, 0x9C, 0x98,
    0x96, 0x92, 0x8C, 0x84, 0x82, 0x86, 0x88, 0x90, 0x98, 0x9A, 0x96, 0x94, 0x92, 0x9A, 0x9A, 0x9A,
    0x98, 0x90, 0x8A, 0x8A, 0x86, 0x8A, 0x8A, 0x92, 0x92, 0x98, 0x9E, 0x9E, 0x9C, 0x9A, 0x96, 0x8C,
    0x8A, 0x90, 0x98, 0x9A, 0x9A, 0x92, 0x8E, 0x8E, 0x8E, 0x8E, 0x8E, 0x8E, 0x8E, 0x96, 0x96, 0x96,
    0x96, 0x94, 0x92, 0x90, 0x8C, 0x90, 0x92, 0x8E, 0x8C, 0x86, 0x86, 0x86, 0x88, 0x90, 0x96, 0x9E,
    0xA2, 0x9C, 0x96, 0x8E, 0x90, 0x92, 0x92, 0x92, 0x8A, 0x8A, 0x8A, 0x8C, 0x8E, 0x90, 0x9A, 0x9A,
    0x9E, 0x9E, 0x9C, 0x94, 0x8E, 0x8E, 0x88, 0x92, 0x92, 0x96, 0x9A, 0x96, 0x94, 0x8E, 0x86, 0x88,
    0x8E, 0x8E, 0x96, 0x96, 0x94, 0x92, 0x8E, 0x8E, 0x8E, 0x90, 0x92, 0x96, 0x9A, 0x9C, 0x9E, 0x96,
    0x96, 0x8E, 0x88, 0x82, 0x86, 0x86, 0x8C, 0x94, 0x9A, 0x96, 0x96, 0x92, 0x92, 0x90, 0x8E, 0x8C,
    0x88, 0x8C, 0x92, 0x9A, 0x98, 0x92, 0x92, 0x8C, 0x8E, 0x8C, 0x94, 0x96, 0x92, 0x90, 0x8E, 0x92,
    0x94, 0x98, 0x94, 0x8E, 0x86, 0x88, 0x8E, 0x8E, 0x96, 0x9E, 0x9C, 0x94, 0x8E, 0x8E, 0x8A, 0x8A,
    0x8A, 0x8A, 0x8A, 0x8C, 0x94, 0x9A, 0x98, 0x96, 0x92, 0x92, 0x92, 0x92, 0x8E, 0x92, 0x92, 0x96,
    0x98, 0x9C, 0x98, 0x96, 0x94, 0x92, 0x8C, 0x8A, 0x8E, 0x90, 0x98, 0x92, 0x92, 0x8C, 0x8A, 0x8A,
    0x92, 0x98, 0x9A, 0x98, 0x96, 0x94, 0x92, 0x8E, 0x8E, 0x8E, 0x90, 0x92, 0x92, 0x92, 0x92, 0x92,
    0x92, 0x8E, 0x90, 0x92, 0x96, 0x98, 0x9A, 0x98, 0x96, 0x94, 0x92, 0x90, 0x8E, 0x8E, 0x8E, 0x8E,
    0x8E, 0x8E, 0x92, 0x92, 0x9A, 0x9A, 0x98, 0x90, 0x8A, 0x82, 0x84, 0x86, 0x8A, 0x92, 0x98, 0xA0,
    0xA2, 0x9A, 0x94, 0x8C, 0x86, 0x86, 0x8A, 0x90, 0x98, 0x9A, 0x96, 0x94, 0x8C, 0x94, 0x9A, 0xA0,
    0x96, 0x96, 0x92, 0x8A, 0x86, 0x8C, 0x92, 0x9A, 0x9E, 0x9E, 0x9A, 0x9A, 0x92, 0x8C, 0x84, 0x82,
    0x82, 0x8A, 0x8A, 0x8E, 0x96, 0x9E, 0x9E, 0x9C, 0x96, 0x96, 0x96, 0x96, 0x96, 0x92, 0x8A, 0x8A,
    0x8C, 0x8E, 0x92, 0x90, 0x8C, 0x90, 0x92, 0x94, 0x9E, 0xA2, 0xA2, 0xA2, 0xA0, 0x98, 0x90, 0x8A,
    0x8A, 0x8A, 0x8A, 0x86, 0x8A, 0x8A, 0x90, 0x98, 0x9E, 0x9E, 0xA2, 0x9E, 0x9E, 0x96, 0x96, 0x90,
    0x8A, 0x82, 0x86, 0x86, 0x8C, 0x92, 0x9A, 0x98, 0x96, 0x96, 0x92, 0x92, 0x92, 0x92, 0x92, 0x92,
    0x96, 0x96, 0x96, 0x92, 0x92, 0x8C, 0x86, 0x86, 0x8A, 0x90, 0x98, 0x9A, 0x92, 0x92, 0x94, 0x96,
    0x96, 0x96, 0x92, 0x90, 0x8A, 0x8A, 0x8A, 0x8C, 0x94, 0x9A, 0x98, 0x96, 0x92, 0x92, 0x8A, 0x8E,
    0x8E, 0x94, 0x96, 0x98, 0xA0, 0x98, 0x92, 0x8A, 0x8A, 0x8C, 0x94, 0x9A, 0x9A, 0x98, 0x90, 0x88,
    0x86, 0x8A, 0x8C, 0x94, 0x9A, 0x9E, 0x9E, 0x9A, 0x92, 0x8A, 0x8A, 0x8A, 0x8C, 0x8E, 0x90, 0x9A,
    0x9A, 0x9A, 0x9A, 0x9A, 0x9A, 0x96, 0x8E, 0x8E, 0x8A, 0x8A, 0x8E, 0x8E, 0x8E, 0x92, 0x92, 0x96,
    0x96, 0x96, 0x92, 0x92, 0x8A, 0x86, 0x8A, 0x8A, 0x92, 0x9A, 0x9E, 0x9A, 0x98, 0x96, 0x94, 0x92,
    0x8E, 0x86, 0x86, 0x88, 0x8E, 0x96, 0x9A, 0x9A, 0x96, 0x96, 0x96, 0x96, 0x96, 0x92, 0x90, 0x8E,
    0x8C, 0x8A, 0x86, 0x80, 0x8A, 0x8A, 0x8E, 0x96, 0x9E, 0x9C, 0x94, 0x8E, 0x8E, 0x8E, 0x90, 0x98,
    0x9A, 0x9A, 0x96, 0x94, 0x92, 0x90, 0x8A, 0x8E, 0x8E, 0x96, 0x96, 0x94, 0x92, 0x90, 0x8C, 0x90,
    0x92, 0x96, 0x96, 0x96, 0x94, 0x92, 0x92, 0x92, 0x92, 0x90, 0x8E, 0x8E, 0x8E, 0x8E, 0x8E, 0x8E,
    0x90, 0x92, 0x96, 0x96, 0x96, 0x9A, 0x9A, 0x96, 0x96, 0x92, 0x92, 0x92, 0x92, 0x92, 0x92, 0x8C,
    0x8A, 0x8E, 0x90, 0x98, 0x9A, 0x98, 0x96, 0x94, 0x8C, 0x92, 0x92, 0x96, 0x96, 0x92, 0x92, 0x8A,
    0x8A, 0x8C, 0x92, 0x92, 0x96, 0x92, 0x92, 0x92, 0x94, 0x96, 0x9A, 0x9A, 0x96, 0x96, 0x90, 0x8A,
    0x8A, 0x8C, 0x8E, 0x92, 0x8E, 0x8E, 0x8E, 0x90, 0x92, 0x96, 0x9A, 0x9C, 0x9E, 0x96, 0x96, 0x8E,
    0x8E, 0x8E, 0x96, 0x9A, 0x9A, 0x94, 0x92, 0x8E, 0x90, 0x92, 0x96, 0x96, 0x96, 0x96, 0x96, 0x96,
    0x96, 0x90, 0x88, 0x86, 0x86, 0x8A, 0x8C, 0x94, 0x9A, 0x9A, 0x9E, 0x9A, 0x9A, 0x92, 0x8E, 0x8E,
    0x92, 0x94, 0x8E, 0x8E, 0x88, 0x86, 0x86, 0x8C, 0x94, 0x9C, 0x9E, 0x9E, 0x9A, 0x98, 0x92, 0x92,
    0x8C, 0x84, 0x82, 0x8A, 0x8A, 0x90, 0x96, 0x9E, 0x9A, 0x9A, 0x94, 0x8E, 0x8E, 0x8E, 0x8E, 0x8E,
    0x8E, 0x8E, 0x8E, 0x8E, 0x92, 0x9A, 0xA0, 0x98, 0x96, 0x94, 0x92, 0x8E, 0x8E, 0x8E, 0x8E, 0x90,
    0x96, 0x98, 0x9A, 0x96, 0x94, 0x8E, 0x8E, 0x8E, 0x8E, 0x8E, 0x8E, 0x8E, 0x92, 0x94, 0x96, 0x98,
    0x9A, 0x9E, 0x9A, 0x9A, 0x92, 0x92, 0x8C, 0x8A, 0x8A, 0x92, 0x92, 0x98, 0x9E, 0x9E, 0x9C, 0x94,
    0x8C, 0x86, 0x86, 0x88, 0x90, 0x98, 0x9A, 0x96, 0x94, 0x92, 0x98, 0x96, 0x92, 0x92, 0x90, 0x8E,
    0x8C, 0x84, 0x82, 0x82, 0x8A, 0x90, 0x98, 0x9E, 0xA6, 0xA4, 0x9C, 0x96, 0x8E, 0x86, 0x88, 0x8A,
    0x8C, 0x8E, 0x92, 0x94, 0x9A, 0x96, 0x96, 0x92, 0x96, 0x96, 0x9E, 0x9E, 0x9E, 0x9E, 0x96, 0x8E,
    0x8A, 0x8E, 0x96, 0x9A, 0x9A, 0x9A, 0x96, 0x94, 0x92, 0x90, 0x8E, 0x92, 0x92, 0x92, 0x8E, 0x8E,
    0x8A, 0x8A, 0x90, 0x98, 0x9A, 0x9A, 0x9A, 0x96, 0x96, 0x8E, 0x8A, 0x8A, 0x88, 0x8E, 0x92, 0x94,
    0x9C, 0xA2, 0x9E, 0x9A, 0x9A, 0x90, 0x8A, 0x84, 0x8C, 0x92, 0x9A, 0x96, 0x96, 0x90, 0x8A, 0x8A,
    0x8C, 0x94, 0x92, 0x94, 0x96, 0x98, 0xA0, 0x9A, 0x92, 0x8C, 0x94, 0x96, 0x9A, 0x98, 0x8E, 0x8A,
    0x80, 0x7E, 0x7E, 0x84, 0x8C, 0x92, 0x9A, 0x9E, 0x9A, 0x90, 0x8E, 0x8A, 0x8C, 0x8E, 0x92, 0x92,
    0x98, 0x9A, 0x92, 0x92, 0x8E, 0x92, 0x92, 0x96, 0x96, 0x96, 0x92, 0x92, 0x8E, 0x8E, 0x8E, 0x92,
    0x92, 0x96, 0x96, 0x92, 0x92, 0x8C, 0x88, 0x8C, 0x8E, 0x92, 0x96, 0x92, 0x92, 0x8E, 0x8E, 0x8E,
    0x8E, 0x8E, 0x90, 0x92, 0x96, 0x98, 0x9A, 0x9A, 0x9A, 0x96, 0x96, 0x8E, 0x8A, 0x88, 0x82, 0x82,
    0x82, 0x84, 0x8C, 0x92, 0x98, 0xA2, 0xA0, 0x9E, 0x9A, 0x94, 0x96, 0x94, 0x8E, 0x86, 0x86, 0x86,
    0x86, 0x8E, 0x94, 0x9C, 0x9E, 0x9E, 0x96, 0x96, 0x96, 0xA0, 0x9A, 0x96, 0x96, 0x8C, 0x8A, 0x8A,
    0x8E, 0x88, 0x86, 0x86, 0x86, 0x8C, 0x92, 0x9A, 0x98, 0x96, 0x92, 0x96, 0x96, 0x94, 0x8C, 0x86,
    0x86, 0x86, 0x88, 0x90, 0x96, 0x9A, 0x9A, 0x94, 0x8E, 0x8E, 0x8E, 0x8E, 0x8E, 0x90, 0x92, 0x94,
    0x96, 0x96, 0x96, 0x92, 0x90, 0x8E, 0x8A, 0x8A, 0x8A, 0x8C, 0x92, 0x92, 0x9A, 0x9E, 0x9E, 0x9A,
    0x92, 0x8C, 0x86, 0x86, 0x8A, 0x8A, 0x90, 0x96, 0x96, 0x96, 0x96, 0x96, 0x9A, 0x9A, 0x9A, 0x98,
    0x90, 0x8A, 0x8A, 0x8C, 0x8E, 0x92, 0x98, 0x96, 0x92, 0x90, 0x8E, 0x8E, 0x8E, 0x8C, 0x8A, 0x88,
    0x86, 0x86, 0x86, 0x8E, 0x96, 0x9C, 0xA4, 0xA6, 0x9E, 0x98, 0x90, 0x88, 0x86, 0x8C, 0x94, 0x96,
    0x90, 0x94, 0x96, 0x98, 0x9A, 0x9E, 0x9C, 0x9A, 0x96, 0x8E, 0x86, 0x86, 0x86, 0x86, 0x8E, 0x96,
    0x96, 0x9A, 0x96, 0x92, 0x90, 0x88, 0x8E, 0x8E, 0x96, 0x9A, 0x9A, 0x96, 0x8E, 0x8E, 0x8A, 0x8A,
    0x8A, 0x8C, 0x8E, 0x92, 0x92, 0x92, 0x92, 0x92, 0x96, 0x96, 0x9A, 0x9A, 0x96, 0x96, 0x90, 0x88,
    0x86, 0x8E, 0x8E, 0x94, 0x96, 0x94, 0x92, 0x92, 0x92, 0x92, 0x92, 0x92, 0x94, 0x96, 0x98, 0x9C,
    0x98, 0x96, 0x92, 0x8A, 0x8A, 0x8A, 0x8C, 0x8E, 0x92, 0x92, 0x98, 0x9A, 0x9E, 0x9C, 0x94, 0x96,
    0x8C, 0x8A, 0x88, 0x86, 0x86, 0x86, 0x8E, 0x94, 0x9C, 0x9E, 0x9E, 0x9A, 0x9A, 0x90, 0x8E, 0x8E,
    0x8E, 0x8E, 0x8E, 0x92, 0x96, 0x96, 0xA0, 0x9A, 0x94, 0x8C, 0x8A, 0x8A, 0x92, 0x98, 0x9A, 0x9A,
    0x92, 0x8A, 0x8C, 0x92, 0x92, 0x96, 0x96, 0x96, 0x96, 0x96, 0x96, 0x94, 0x92, 0x90, 0x8E, 0x8A,
    0x88, 0x86, 0x86, 0x86, 0x8C, 0x94, 0x9A, 0xA2, 0xA0, 0x9A, 0x9A, 0x92, 0x8E, 0x8C, 0x86, 0x86,
    0x86, 0x88, 0x90, 0x96, 0x96, 0x9A, 0x9A, 0x9A, 0x96, 0x92, 0x92, 0x92, 0x92, 0x8E, 0x8E, 0x92,
    0x92, 0x92, 0x92, 0x92, 0x98, 0x9A, 0x9A, 0x94, 0x8C, 0x86, 0x88, 0x92, 0x98, 0xA0, 0xA2, 0xA2,
    0x9C, 0x94, 0x8E, 0x86, 0x88, 0x90, 0x92, 0x92, 0x92, 0x92, 0x8E, 0x8E, 0x8E, 0x90, 0x92, 0x96,
    0x9A, 0x94, 0x8C, 0x8C, 0x8E, 0x90, 0x96, 0x96, 0xA0, 0x9A, 0x9A, 0x94, 0x8E, 0x86, 0x8A, 0x8A,
    0x8E, 0x96, 0x9E, 0x9C, 0x94, 0x8E, 0x8E, 0x88, 0x92, 0x92, 0x96, 0x94, 0x92, 0x8E, 0x8E, 0x8E,
    0x90, 0x92, 0x92, 0x92, 0x96, 0x96, 0x9A, 0x94, 0x92, 0x90, 0x88, 0x8E, 0x8E, 0x96, 0x9A, 0x9A,
    0x96, 0x96, 0x8E, 0x8A, 0x8A, 0x8A, 0x8E, 0x8E, 0x92, 0x9C, 0x9E, 0x9E, 0x98, 0x90, 0x8A, 0x8A,
    0x8C, 0x94, 0x9A, 0x9A, 0x98, 0x90, 0x88, 0x8E, 0x92, 0x94, 0x9A, 0x9A, 0x96, 0x90, 0x88, 0x88,
    0x8A, 0x8C, 0x8E, 0x8E, 0x8E, 0x90, 0x92, 0x96, 0x96, 0x96, 0x92, 0x94, 0x98, 0x94, 0x92, 0x90,
    0x88, 0x86, 0x86, 0x8C, 0x94, 0x9A, 0x96, 0x96, 0x96, 0x92, 0x90, 0x8E, 0x8E, 0x8E, 0x92, 0x92,
    0x92, 0x92, 0x92, 0x96, 0xA0, 0xA2, 0xB0, 0x92, 0x80, 0x80, 0x80, 0x80, 0x80, 0x80, 0x80, 0x80,
    0x80, 0x80, 0x80, 0x80, 0x80, 0x80, 0x80, 0x80, 0x80, 0x80, 0x80, 0x80, 0x80, 0x80, 0x80, 0x80,
    0x80, 0x80, 0x80, 0x80, 0x80, 0x80, 0x80, 0x80, 0x80, 0x80, 0x80, 0x80, 0x80, 0x80, 0x80, 0x80,
    0x80, 0x80, 0x80, 0x80, 0x80, 0x80, 0x80, 0x80, 0x80, 0x80, 0x80, 0x80, 0x80, 0x80, 0x80, 0x80,
    0x80, 0x80, 0x80, 0x80, 0x80, 0x80, 0x80, 0x80, 0x80, 0x80, 0x80, 0x80, 0x80, 0x80, 0x80, 0x80,
    0x80, 0x80, 0x80, 0x80, 0x80, 0x80, 0x80, 0x80, 0x80, 0x80, 0x80, 0x80, 0x80, 0x80, 0x80, 0x80,
    0x80, 0x80, 0x80, 0x80, 0x80, 0x80, 0x80, 0x80, 0x80, 0x80, 0x80, 0x80, 0x80, 0x80, 0x80, 0x80,
};

const sfx_pcm_entry_t sfx_pcm_table[SFX_PCM_COUNT] = {
    { sfx_pcm_sfx_01, SFX_PCM_SFX_01_LEN, SFX_PCM_SFX_01_ID },
    { sfx_pcm_sfx_02, SFX_PCM_SFX_02_LEN, SFX_PCM_SFX_02_ID },
    { sfx_pcm_sfx_03, SFX_PCM_SFX_03_LEN, SFX_PCM_SFX_03_ID },
    { sfx_pcm_sfx_04, SFX_PCM_SFX_04_LEN, SFX_PCM_SFX_04_ID },
    { sfx_pcm_sfx_05, SFX_PCM_SFX_05_LEN, SFX_PCM_SFX_05_ID },
    { sfx_pcm_sfx_06, SFX_PCM_SFX_06_LEN, SFX_PCM_SFX_06_ID },
    { sfx_pcm_sfx_07, SFX_PCM_SFX_07_LEN, SFX_PCM_SFX_07_ID },
};
