# label=gen system=GEN start=850 end=3000
# frame,gameMode,phase,subphase,curVScroll,curHScroll,ppuCtrl,switchReq,vsram0,ppuScrlX,ppuScrlY,demoLineTextIndex,demoNTWraps,lineCounter,lineAttrIndex,lineDstLo,lineDstHi,attrDstLo,attrDstHi,phase0Cycle,phase0Timer,transferBufSel,demoBusy,vsAddrHi58,vsAddrLoE2,sprite0Act,vsram40,hintQCount,hintQ0Ctr,hintQ0Vsram,hintPendSplit,introScrollMode,stagedMode,stagedHintCtr,stagedBase,stagedEvent,activeHintCtr,stagedSegment,activeSegment,activeBase,activeEvent
850,00,00,01,00,01,B0,00,0008,00,00,00,00,00,00,00,00,00,00,0D,AF,00,01,00,00,00,0000,00,00,0000,00,00,00,00,0008,0008,00,00,00,0008,0008
851,00,00,01,00,01,B0,00,0008,00,00,00,00,00,00,00,00,00,00,0D,AE,00,01,00,00,00,0000,00,00,0000,00,00,00,00,0008,0008,00,00,00,0008,0008
852,00,00,01,00,01,B0,00,0008,00,00,00,00,00,00,00,00,00,00,0D,AD,00,01,00,00,00,0000,00,00,0000,00,00,00,00,0008,0008,00,00,00,0008,0008
853,00,00,01,00,01,B0,00,0008,00,00,00,00,00,00,00,00,00,00,0D,AC,00,01,00,00,00,0000,00,00,0000,00,00,00,00,0008,0008,00,00,00,0008,0008
854,00,00,01,00,01,B0,00,0008,00,00,00,00,00,00,00,00,00,00,0D,AB,00,01,00,00,00,0000,00,00,0000,00,00,00,00,0008,0008,00,00,00,0008,0008
855,00,00,01,00,01,B0,00,0008,00,00,00,00,00,00,00,00,00,00,0D,AA,00,01,00,00,00,0000,00,00,0000,00,00,00,00,0008,0008,00,00,00,0008,0008
856,00,00,01,00,01,B0,00,0008,00,00,00,00,00,00,00,00,00,00,0D,A9,00,01,00,00,00,0000,00,00,0000,00,00,00,00,0008,0008,00,00,00,0008,0008
857,00,00,01,00,01,B0,00,0008,00,00,00,00,00,00,00,00,00,00,0D,A8,00,01,00,00,00,0000,00,00,0000,00,00,00,00,0008,0008,00,00,00,0008,0008
858,00,00,01,00,01,B0,00,0008,00,00,00,00,00,00,00,00,00,00,0D,A7,00,01,00,00,00,0000,00,00,0000,00,00,00,00,0008,0008,00,00,00,0008,0008
859,00,00,01,00,01,B0,00,0008,00,00,00,00,00,00,00,00,00,00,0D,A6,00,01,00,00,00,0000,00,00,0000,00,00,00,00,0008,0008,00,00,00,0008,0008
860,00,00,01,00,01,B0,00,0008,00,00,00,00,00,00,00,00,00,00,0D,A5,00,01,00,00,00,0000,00,00,0000,00,00,00,00,0008,0008,00,00,00,0008,0008
861,00,00,01,00,01,B0,00,0008,00,00,00,00,00,00,00,00,00,00,0D,A4,00,01,00,00,00,0000,00,00,0000,00,00,00,00,0008,0008,00,00,00,0008,0008
862,00,00,01,00,01,B0,00,0008,00,00,00,00,00,00,00,00,00,00,0D,A3,00,01,00,00,00,0000,00,00,0000,00,00,00,00,0008,0008,00,00,00,0008,0008
863,00,00,01,00,01,B0,00,0008,00,00,00,00,00,00,00,00,00,00,0D,A2,00,01,00,00,00,0000,00,00,0000,00,00,00,00,0008,0008,00,00,00,0008,0008
864,00,00,01,00,01,B0,00,0008,00,00,00,00,00,00,00,00,00,00,0D,A1,00,01,00,00,00,0000,00,00,0000,00,00,00,00,0008,0008,00,00,00,0008,0008
865,00,00,01,00,01,B0,00,0008,00,00,00,00,00,00,00,00,00,00,0D,A0,00,01,00,00,00,0000,00,00,0000,00,00,00,00,0008,0008,00,00,00,0008,0008
866,00,00,01,00,01,B0,00,0008,00,00,00,00,00,00,00,00,00,00,0D,9F,00,01,00,00,00,0000,00,00,0000,00,00,00,00,0008,0008,00,00,00,0008,0008
867,00,00,01,00,01,B0,00,0008,00,00,00,00,00,00,00,00,00,00,0D,9E,00,01,00,00,00,0000,00,00,0000,00,00,00,00,0008,0008,00,00,00,0008,0008
868,00,00,01,00,01,B0,00,0008,00,00,00,00,00,00,00,00,00,00,0D,9D,00,01,00,00,00,0000,00,00,0000,00,00,00,00,0008,0008,00,00,00,0008,0008
869,00,00,01,00,01,B0,00,0008,00,00,00,00,00,00,00,00,00,00,0D,9C,00,01,00,00,00,0000,00,00,0000,00,00,00,00,0008,0008,00,00,00,0008,0008
870,00,00,01,00,01,B0,00,0008,00,00,00,00,00,00,00,00,00,00,0D,9B,00,01,00,00,00,0000,00,00,0000,00,00,00,00,0008,0008,00,00,00,0008,0008
871,00,00,01,00,01,B0,00,0008,00,00,00,00,00,00,00,00,00,00,0D,9A,00,01,00,00,00,0000,00,00,0000,00,00,00,00,0008,0008,00,00,00,0008,0008
872,00,00,01,00,01,B0,00,0008,00,00,00,00,00,00,00,00,00,00,0D,99,00,01,00,00,00,0000,00,00,0000,00,00,00,00,0008,0008,00,00,00,0008,0008
873,00,00,01,00,01,B0,00,0008,00,00,00,00,00,00,00,00,00,00,0D,98,00,01,00,00,00,0000,00,00,0000,00,00,00,00,0008,0008,00,00,00,0008,0008
874,00,00,01,00,01,B0,00,0008,00,00,00,00,00,00,00,00,00,00,0D,97,00,01,00,00,00,0000,00,00,0000,00,00,00,00,0008,0008,00,00,00,0008,0008
875,00,00,01,00,01,B0,00,0008,00,00,00,00,00,00,00,00,00,00,0D,96,00,01,00,00,00,0000,00,00,0000,00,00,00,00,0008,0008,00,00,00,0008,0008
876,00,00,01,00,01,B0,00,0008,00,00,00,00,00,00,00,00,00,00,0D,95,00,01,00,00,00,0000,00,00,0000,00,00,00,00,0008,0008,00,00,00,0008,0008
877,00,00,01,00,01,B0,00,0008,00,00,00,00,00,00,00,00,00,00,0D,94,00,01,00,00,00,0000,00,00,0000,00,00,00,00,0008,0008,00,00,00,0008,0008
878,00,00,01,00,01,B0,00,0008,00,00,00,00,00,00,00,00,00,00,0D,93,00,01,00,00,00,0000,00,00,0000,00,00,00,00,0008,0008,00,00,00,0008,0008
879,00,00,01,00,01,B0,00,0008,00,00,00,00,00,00,00,00,00,00,0D,92,00,01,00,00,00,0000,00,00,0000,00,00,00,00,0008,0008,00,00,00,0008,0008
880,00,00,01,00,01,B0,00,0008,00,00,00,00,00,00,00,00,00,00,0D,91,00,01,00,00,00,0000,00,00,0000,00,00,00,00,0008,0008,00,00,00,0008,0008
881,00,00,01,00,01,B0,00,0008,00,00,00,00,00,00,00,00,00,00,0D,90,00,01,00,00,00,0000,00,00,0000,00,00,00,00,0008,0008,00,00,00,0008,0008
882,00,00,01,00,01,B0,00,0008,00,00,00,00,00,00,00,00,00,00,0D,8F,00,01,00,00,00,0000,00,00,0000,00,00,00,00,0008,0008,00,00,00,0008,0008
883,00,00,01,00,01,B0,00,0008,00,00,00,00,00,00,00,00,00,00,0D,8E,00,01,00,00,00,0000,00,00,0000,00,00,00,00,0008,0008,00,00,00,0008,0008
884,00,00,01,00,01,B0,00,0008,00,00,00,00,00,00,00,00,00,00,0D,8D,00,01,00,00,00,0000,00,00,0000,00,00,00,00,0008,0008,00,00,00,0008,0008
885,00,00,01,00,01,B0,00,0008,00,00,00,00,00,00,00,00,00,00,0D,8C,00,01,00,00,00,0000,00,00,0000,00,00,00,00,0008,0008,00,00,00,0008,0008
886,00,00,01,00,01,B0,00,0008,00,00,00,00,00,00,00,00,00,00,0D,8B,00,01,00,00,00,0000,00,00,0000,00,00,00,00,0008,0008,00,00,00,0008,0008
887,00,00,01,00,01,B0,00,0008,00,00,00,00,00,00,00,00,00,00,0D,8A,00,01,00,00,00,0000,00,00,0000,00,00,00,00,0008,0008,00,00,00,0008,0008
888,00,00,01,00,01,B0,00,0008,00,00,00,00,00,00,00,00,00,00,0D,89,00,01,00,00,00,0000,00,00,0000,00,00,00,00,0008,0008,00,00,00,0008,0008
889,00,00,01,00,01,B0,00,0008,00,00,00,00,00,00,00,00,00,00,0D,88,00,01,00,00,00,0000,00,00,0000,00,00,00,00,0008,0008,00,00,00,0008,0008
890,00,00,01,00,01,B0,00,0008,00,00,00,00,00,00,00,00,00,00,0D,87,00,01,00,00,00,0000,00,00,0000,00,00,00,00,0008,0008,00,00,00,0008,0008
891,00,00,01,00,01,B0,00,0008,00,00,00,00,00,00,00,00,00,00,0D,86,00,01,00,00,00,0000,00,00,0000,00,00,00,00,0008,0008,00,00,00,0008,0008
892,00,00,01,00,01,B0,00,0008,00,00,00,00,00,00,00,00,00,00,0D,85,00,01,00,00,00,0000,00,00,0000,00,00,00,00,0008,0008,00,00,00,0008,0008
893,00,00,01,00,01,B0,00,0008,00,00,00,00,00,00,00,00,00,00,0D,84,00,01,00,00,00,0000,00,00,0000,00,00,00,00,0008,0008,00,00,00,0008,0008
894,00,00,01,00,01,B0,00,0008,00,00,00,00,00,00,00,00,00,00,0D,83,00,01,00,00,00,0000,00,00,0000,00,00,00,00,0008,0008,00,00,00,0008,0008
895,00,00,01,00,01,B0,00,0008,00,00,00,00,00,00,00,00,00,00,0D,82,00,01,00,00,00,0000,00,00,0000,00,00,00,00,0008,0008,00,00,00,0008,0008
896,00,00,01,00,01,B0,00,0008,00,00,00,00,00,00,00,00,00,00,0D,81,00,01,00,00,00,0000,00,00,0000,00,00,00,00,0008,0008,00,00,00,0008,0008
897,00,00,01,00,01,B0,00,0008,00,00,00,00,00,00,00,00,00,00,0D,80,00,01,00,00,00,0000,00,00,0000,00,00,00,00,0008,0008,00,00,00,0008,0008
898,00,00,01,00,01,B0,00,0008,00,00,00,00,00,00,00,00,00,00,0D,7F,00,01,00,00,00,0000,00,00,0000,00,00,00,00,0008,0008,00,00,00,0008,0008
899,00,00,01,00,01,B0,00,0008,00,00,00,00,00,00,00,00,00,00,0D,7E,00,01,00,00,00,0000,00,00,0000,00,00,00,00,0008,0008,00,00,00,0008,0008
900,00,00,01,00,01,B0,00,0008,00,00,00,00,00,00,00,00,00,00,0D,7D,00,01,00,00,00,0000,00,00,0000,00,00,00,00,0008,0008,00,00,00,0008,0008
901,00,00,01,00,01,B0,00,0008,00,00,00,00,00,00,00,00,00,00,0D,7C,00,01,00,00,00,0000,00,00,0000,00,00,00,00,0008,0008,00,00,00,0008,0008
902,00,00,01,00,01,B0,00,0008,00,00,00,00,00,00,00,00,00,00,0D,7B,00,01,00,00,00,0000,00,00,0000,00,00,00,00,0008,0008,00,00,00,0008,0008
903,00,00,01,00,01,B0,00,0008,00,00,00,00,00,00,00,00,00,00,0D,7A,00,01,00,00,00,0000,00,00,0000,00,00,00,00,0008,0008,00,00,00,0008,0008
904,00,00,01,00,01,B0,00,0008,00,00,00,00,00,00,00,00,00,00,0D,79,00,01,00,00,00,0000,00,00,0000,00,00,00,00,0008,0008,00,00,00,0008,0008
905,00,00,01,00,01,B0,00,0008,00,00,00,00,00,00,00,00,00,00,0D,78,00,01,00,00,00,0000,00,00,0000,00,00,00,00,0008,0008,00,00,00,0008,0008
906,00,00,01,00,01,B0,00,0008,00,00,00,00,00,00,00,00,00,00,0D,77,00,01,00,00,00,0000,00,00,0000,00,00,00,00,0008,0008,00,00,00,0008,0008
907,00,00,01,00,01,B0,00,0008,00,00,00,00,00,00,00,00,00,00,0D,76,00,01,00,00,00,0000,00,00,0000,00,00,00,00,0008,0008,00,00,00,0008,0008
908,00,00,01,00,01,B0,00,0008,00,00,00,00,00,00,00,00,00,00,0D,75,00,01,00,00,00,0000,00,00,0000,00,00,00,00,0008,0008,00,00,00,0008,0008
909,00,00,01,00,01,B0,00,0008,00,00,00,00,00,00,00,00,00,00,0D,74,00,01,00,00,00,0000,00,00,0000,00,00,00,00,0008,0008,00,00,00,0008,0008
910,00,00,01,00,01,B0,00,0008,00,00,00,00,00,00,00,00,00,00,0D,73,00,01,00,00,00,0000,00,00,0000,00,00,00,00,0008,0008,00,00,00,0008,0008
911,00,00,01,00,01,B0,00,0008,00,00,00,00,00,00,00,00,00,00,0D,72,00,01,00,00,00,0000,00,00,0000,00,00,00,00,0008,0008,00,00,00,0008,0008
912,00,00,01,00,01,B0,00,0008,00,00,00,00,00,00,00,00,00,00,0D,71,00,01,00,00,00,0000,00,00,0000,00,00,00,00,0008,0008,00,00,00,0008,0008
913,00,00,01,00,01,B0,00,0008,00,00,00,00,00,00,00,00,00,00,0D,70,00,01,00,00,00,0000,00,00,0000,00,00,00,00,0008,0008,00,00,00,0008,0008
914,00,00,01,00,01,B0,00,0008,00,00,00,00,00,00,00,00,00,00,0D,6F,00,01,00,00,00,0000,00,00,0000,00,00,00,00,0008,0008,00,00,00,0008,0008
915,00,00,01,00,01,B0,00,0008,00,00,00,00,00,00,00,00,00,00,0D,6E,00,01,00,00,00,0000,00,00,0000,00,00,00,00,0008,0008,00,00,00,0008,0008
916,00,00,01,00,01,B0,00,0008,00,00,00,00,00,00,00,00,00,00,0D,6D,00,01,00,00,00,0000,00,00,0000,00,00,00,00,0008,0008,00,00,00,0008,0008
917,00,00,01,00,01,B0,00,0008,00,00,00,00,00,00,00,00,00,00,0D,6C,00,01,00,00,00,0000,00,00,0000,00,00,00,00,0008,0008,00,00,00,0008,0008
918,00,00,01,00,01,B0,00,0008,00,00,00,00,00,00,00,00,00,00,0D,6B,00,01,00,00,00,0000,00,00,0000,00,00,00,00,0008,0008,00,00,00,0008,0008
919,00,00,01,00,01,B0,00,0008,00,00,00,00,00,00,00,00,00,00,0D,6A,00,01,00,00,00,0000,00,00,0000,00,00,00,00,0008,0008,00,00,00,0008,0008
920,00,00,01,00,01,B0,00,0008,00,00,00,00,00,00,00,00,00,00,0D,69,00,01,00,00,00,0000,00,00,0000,00,00,00,00,0008,0008,00,00,00,0008,0008
921,00,00,01,00,01,B0,00,0008,00,00,00,00,00,00,00,00,00,00,0D,68,00,01,00,00,00,0000,00,00,0000,00,00,00,00,0008,0008,00,00,00,0008,0008
922,00,00,01,00,01,B0,00,0008,00,00,00,00,00,00,00,00,00,00,0D,67,00,01,00,00,00,0000,00,00,0000,00,00,00,00,0008,0008,00,00,00,0008,0008
923,00,00,01,00,01,B0,00,0008,00,00,00,00,00,00,00,00,00,00,0D,66,00,01,00,00,00,0000,00,00,0000,00,00,00,00,0008,0008,00,00,00,0008,0008
924,00,00,01,00,01,B0,00,0008,00,00,00,00,00,00,00,00,00,00,0D,65,00,01,00,00,00,0000,00,00,0000,00,00,00,00,0008,0008,00,00,00,0008,0008
925,00,00,01,00,01,B0,00,0008,00,00,00,00,00,00,00,00,00,00,0D,64,00,01,00,00,00,0000,00,00,0000,00,00,00,00,0008,0008,00,00,00,0008,0008
926,00,00,01,00,01,B0,00,0008,00,00,00,00,00,00,00,00,00,00,0D,63,00,01,00,00,00,0000,00,00,0000,00,00,00,00,0008,0008,00,00,00,0008,0008
927,00,00,01,00,01,B0,00,0008,00,00,00,00,00,00,00,00,00,00,0D,62,00,01,00,00,00,0000,00,00,0000,00,00,00,00,0008,0008,00,00,00,0008,0008
928,00,00,01,00,01,B0,00,0008,00,00,00,00,00,00,00,00,00,00,0D,61,00,01,00,00,00,0000,00,00,0000,00,00,00,00,0008,0008,00,00,00,0008,0008
929,00,00,01,00,01,B0,00,0008,00,00,00,00,00,00,00,00,00,00,0D,60,00,01,00,00,00,0000,00,00,0000,00,00,00,00,0008,0008,00,00,00,0008,0008
930,00,00,01,00,01,B0,00,0008,00,00,00,00,00,00,00,00,00,00,0D,5F,00,01,00,00,00,0000,00,00,0000,00,00,00,00,0008,0008,00,00,00,0008,0008
931,00,00,01,00,01,B0,00,0008,00,00,00,00,00,00,00,00,00,00,0D,5E,00,01,00,00,00,0000,00,00,0000,00,00,00,00,0008,0008,00,00,00,0008,0008
932,00,00,01,00,01,B0,00,0008,00,00,00,00,00,00,00,00,00,00,0D,5D,00,01,00,00,00,0000,00,00,0000,00,00,00,00,0008,0008,00,00,00,0008,0008
933,00,00,01,00,01,B0,00,0008,00,00,00,00,00,00,00,00,00,00,0D,5C,00,01,00,00,00,0000,00,00,0000,00,00,00,00,0008,0008,00,00,00,0008,0008
934,00,00,01,00,01,B0,00,0008,00,00,00,00,00,00,00,00,00,00,0D,5B,00,01,00,00,00,0000,00,00,0000,00,00,00,00,0008,0008,00,00,00,0008,0008
935,00,00,01,00,01,B0,00,0008,00,00,00,00,00,00,00,00,00,00,0D,5A,00,01,00,00,00,0000,00,00,0000,00,00,00,00,0008,0008,00,00,00,0008,0008
936,00,00,01,00,01,B0,00,0008,00,00,00,00,00,00,00,00,00,00,0D,59,00,01,00,00,00,0000,00,00,0000,00,00,00,00,0008,0008,00,00,00,0008,0008
937,00,00,01,00,01,B0,00,0008,00,00,00,00,00,00,00,00,00,00,0D,58,00,01,00,00,00,0000,00,00,0000,00,00,00,00,0008,0008,00,00,00,0008,0008
938,00,00,01,00,01,B0,00,0008,00,00,00,00,00,00,00,00,00,00,0D,57,00,01,00,00,00,0000,00,00,0000,00,00,00,00,0008,0008,00,00,00,0008,0008
939,00,00,01,00,01,B0,00,0008,00,00,00,00,00,00,00,00,00,00,0D,56,00,01,00,00,00,0000,00,00,0000,00,00,00,00,0008,0008,00,00,00,0008,0008
940,00,00,01,00,01,B0,00,0008,00,00,00,00,00,00,00,00,00,00,0D,55,00,01,00,00,00,0000,00,00,0000,00,00,00,00,0008,0008,00,00,00,0008,0008
941,00,00,01,00,01,B0,00,0008,00,00,00,00,00,00,00,00,00,00,0D,54,00,01,00,00,00,0000,00,00,0000,00,00,00,00,0008,0008,00,00,00,0008,0008
942,00,00,01,00,01,B0,00,0008,00,00,00,00,00,00,00,00,00,00,0D,53,00,01,00,00,00,0000,00,00,0000,00,00,00,00,0008,0008,00,00,00,0008,0008
943,00,00,01,00,01,B0,00,0008,00,00,00,00,00,00,00,00,00,00,0D,52,00,01,00,00,00,0000,00,00,0000,00,00,00,00,0008,0008,00,00,00,0008,0008
944,00,00,01,00,01,B0,00,0008,00,00,00,00,00,00,00,00,00,00,0D,51,00,01,00,00,00,0000,00,00,0000,00,00,00,00,0008,0008,00,00,00,0008,0008
945,00,00,01,00,01,B0,00,0008,00,00,00,00,00,00,00,00,00,00,0D,50,00,01,00,00,00,0000,00,00,0000,00,00,00,00,0008,0008,00,00,00,0008,0008
946,00,00,01,00,01,B0,00,0008,00,00,00,00,00,00,00,00,00,00,0D,4F,00,01,00,00,00,0000,00,00,0000,00,00,00,00,0008,0008,00,00,00,0008,0008
947,00,00,01,00,01,B0,00,0008,00,00,00,00,00,00,00,00,00,00,0D,4E,00,01,00,00,00,0000,00,00,0000,00,00,00,00,0008,0008,00,00,00,0008,0008
948,00,00,01,00,01,B0,00,0008,00,00,00,00,00,00,00,00,00,00,0D,4D,00,01,00,00,00,0000,00,00,0000,00,00,00,00,0008,0008,00,00,00,0008,0008
949,00,00,01,00,01,B0,00,0008,00,00,00,00,00,00,00,00,00,00,0D,4C,00,01,00,00,00,0000,00,00,0000,00,00,00,00,0008,0008,00,00,00,0008,0008
950,00,00,01,00,01,B0,00,0008,00,00,00,00,00,00,00,00,00,00,0D,4B,00,01,00,00,00,0000,00,00,0000,00,00,00,00,0008,0008,00,00,00,0008,0008
951,00,00,01,00,01,B0,00,0008,00,00,00,00,00,00,00,00,00,00,0D,4A,00,01,00,00,00,0000,00,00,0000,00,00,00,00,0008,0008,00,00,00,0008,0008
952,00,00,01,00,01,B0,00,0008,00,00,00,00,00,00,00,00,00,00,0D,49,00,01,00,00,00,0000,00,00,0000,00,00,00,00,0008,0008,00,00,00,0008,0008
953,00,00,01,00,01,B0,00,0008,00,00,00,00,00,00,00,00,00,00,0D,48,00,01,00,00,00,0000,00,00,0000,00,00,00,00,0008,0008,00,00,00,0008,0008
954,00,00,01,00,01,B0,00,0008,00,00,00,00,00,00,00,00,00,00,0D,47,00,01,00,00,00,0000,00,00,0000,00,00,00,00,0008,0008,00,00,00,0008,0008
955,00,00,01,00,01,B0,00,0008,00,00,00,00,00,00,00,00,00,00,0D,46,00,01,00,00,00,0000,00,00,0000,00,00,00,00,0008,0008,00,00,00,0008,0008
956,00,00,01,00,01,B0,00,0008,00,00,00,00,00,00,00,00,00,00,0D,45,00,01,00,00,00,0000,00,00,0000,00,00,00,00,0008,0008,00,00,00,0008,0008
957,00,00,01,00,01,B0,00,0008,00,00,00,00,00,00,00,00,00,00,0D,44,00,01,00,00,00,0000,00,00,0000,00,00,00,00,0008,0008,00,00,00,0008,0008
958,00,00,01,00,01,B0,00,0008,00,00,00,00,00,00,00,00,00,00,0D,43,00,01,00,00,00,0000,00,00,0000,00,00,00,00,0008,0008,00,00,00,0008,0008
959,00,00,01,00,01,B0,00,0008,00,00,00,00,00,00,00,00,00,00,0D,42,00,01,00,00,00,0000,00,00,0000,00,00,00,00,0008,0008,00,00,00,0008,0008
960,00,00,01,00,01,B0,00,0008,00,00,00,00,00,00,00,00,00,00,0D,41,00,01,00,00,00,0000,00,00,0000,00,00,00,00,0008,0008,00,00,00,0008,0008
961,00,00,01,00,01,B0,00,0008,00,00,00,00,00,00,00,00,00,00,0D,40,00,01,00,00,00,0000,00,00,0000,00,00,00,00,0008,0008,00,00,00,0008,0008
962,00,00,01,00,01,B0,00,0008,00,00,00,00,00,00,00,00,00,00,0D,3F,00,01,00,00,00,0000,00,00,0000,00,00,00,00,0008,0008,00,00,00,0008,0008
963,00,00,01,00,01,B0,00,0008,00,00,00,00,00,00,00,00,00,00,0D,3E,00,01,00,00,00,0000,00,00,0000,00,00,00,00,0008,0008,00,00,00,0008,0008
964,00,00,01,00,01,B0,00,0008,00,00,00,00,00,00,00,00,00,00,0D,3D,00,01,00,00,00,0000,00,00,0000,00,00,00,00,0008,0008,00,00,00,0008,0008
965,00,00,01,00,01,B0,00,0008,00,00,00,00,00,00,00,00,00,00,0D,3C,00,01,00,00,00,0000,00,00,0000,00,00,00,00,0008,0008,00,00,00,0008,0008
966,00,00,01,00,01,B0,00,0008,00,00,00,00,00,00,00,00,00,00,0D,3B,00,01,00,00,00,0000,00,00,0000,00,00,00,00,0008,0008,00,00,00,0008,0008
967,00,00,01,00,01,B0,00,0008,00,00,00,00,00,00,00,00,00,00,0D,3A,00,01,00,00,00,0000,00,00,0000,00,00,00,00,0008,0008,00,00,00,0008,0008
968,00,00,01,00,01,B0,00,0008,00,00,00,00,00,00,00,00,00,00,0D,39,00,01,00,00,00,0000,00,00,0000,00,00,00,00,0008,0008,00,00,00,0008,0008
969,00,00,01,00,01,B0,00,0008,00,00,00,00,00,00,00,00,00,00,0D,38,00,01,00,00,00,0000,00,00,0000,00,00,00,00,0008,0008,00,00,00,0008,0008
970,00,00,01,00,01,B0,00,0008,00,00,00,00,00,00,00,00,00,00,0D,37,00,01,00,00,00,0000,00,00,0000,00,00,00,00,0008,0008,00,00,00,0008,0008
971,00,00,01,00,01,B0,00,0008,00,00,00,00,00,00,00,00,00,00,0D,36,00,01,00,00,00,0000,00,00,0000,00,00,00,00,0008,0008,00,00,00,0008,0008
972,00,00,01,00,01,B0,00,0008,00,00,00,00,00,00,00,00,00,00,0D,35,00,01,00,00,00,0000,00,00,0000,00,00,00,00,0008,0008,00,00,00,0008,0008
973,00,00,01,00,01,B0,00,0008,00,00,00,00,00,00,00,00,00,00,0D,34,00,01,00,00,00,0000,00,00,0000,00,00,00,00,0008,0008,00,00,00,0008,0008
974,00,00,01,00,01,B0,00,0008,00,00,00,00,00,00,00,00,00,00,0D,33,00,01,00,00,00,0000,00,00,0000,00,00,00,00,0008,0008,00,00,00,0008,0008
975,00,00,01,00,01,B0,00,0008,00,00,00,00,00,00,00,00,00,00,0D,32,00,01,00,00,00,0000,00,00,0000,00,00,00,00,0008,0008,00,00,00,0008,0008
976,00,00,01,00,01,B0,00,0008,00,00,00,00,00,00,00,00,00,00,0D,31,00,01,00,00,00,0000,00,00,0000,00,00,00,00,0008,0008,00,00,00,0008,0008
977,00,00,01,00,01,B0,00,0008,00,00,00,00,00,00,00,00,00,00,0D,30,00,01,00,00,00,0000,00,00,0000,00,00,00,00,0008,0008,00,00,00,0008,0008
978,00,00,01,00,01,B0,00,0008,00,00,00,00,00,00,00,00,00,00,0D,2F,00,01,00,00,00,0000,00,00,0000,00,00,00,00,0008,0008,00,00,00,0008,0008
979,00,00,01,00,01,B0,00,0008,00,00,00,00,00,00,00,00,00,00,0D,2E,00,01,00,00,00,0000,00,00,0000,00,00,00,00,0008,0008,00,00,00,0008,0008
980,00,00,01,00,01,B0,00,0008,00,00,00,00,00,00,00,00,00,00,0D,2D,00,01,00,00,00,0000,00,00,0000,00,00,00,00,0008,0008,00,00,00,0008,0008
981,00,00,01,00,01,B0,00,0008,00,00,00,00,00,00,00,00,00,00,0D,2C,00,01,00,00,00,0000,00,00,0000,00,00,00,00,0008,0008,00,00,00,0008,0008
982,00,00,01,00,01,B0,00,0008,00,00,00,00,00,00,00,00,00,00,0D,2B,00,01,00,00,00,0000,00,00,0000,00,00,00,00,0008,0008,00,00,00,0008,0008
983,00,00,01,00,01,B0,00,0008,00,00,00,00,00,00,00,00,00,00,0D,2A,00,01,00,00,00,0000,00,00,0000,00,00,00,00,0008,0008,00,00,00,0008,0008
984,00,00,01,00,01,B0,00,0008,00,00,00,00,00,00,00,00,00,00,0D,29,00,01,00,00,00,0000,00,00,0000,00,00,00,00,0008,0008,00,00,00,0008,0008
985,00,00,01,00,01,B0,00,0008,00,00,00,00,00,00,00,00,00,00,0D,28,00,01,00,00,00,0000,00,00,0000,00,00,00,00,0008,0008,00,00,00,0008,0008
986,00,00,01,00,01,B0,00,0008,00,00,00,00,00,00,00,00,00,00,0D,27,00,01,00,00,00,0000,00,00,0000,00,00,00,00,0008,0008,00,00,00,0008,0008
987,00,00,01,00,01,B0,00,0008,00,00,00,00,00,00,00,00,00,00,0D,26,00,01,00,00,00,0000,00,00,0000,00,00,00,00,0008,0008,00,00,00,0008,0008
988,00,00,01,00,01,B0,00,0008,00,00,00,00,00,00,00,00,00,00,0D,25,00,01,00,00,00,0000,00,00,0000,00,00,00,00,0008,0008,00,00,00,0008,0008
989,00,00,01,00,01,B0,00,0008,00,00,00,00,00,00,00,00,00,00,0D,24,00,01,00,00,00,0000,00,00,0000,00,00,00,00,0008,0008,00,00,00,0008,0008
990,00,00,01,00,01,B0,00,0008,00,00,00,00,00,00,00,00,00,00,0D,23,00,01,00,00,00,0000,00,00,0000,00,00,00,00,0008,0008,00,00,00,0008,0008
991,00,00,01,00,01,B0,00,0008,00,00,00,00,00,00,00,00,00,00,0D,22,00,01,00,00,00,0000,00,00,0000,00,00,00,00,0008,0008,00,00,00,0008,0008
992,00,00,01,00,01,B0,00,0008,00,00,00,00,00,00,00,00,00,00,0D,21,00,01,00,00,00,0000,00,00,0000,00,00,00,00,0008,0008,00,00,00,0008,0008
993,00,00,01,00,01,B0,00,0008,00,00,00,00,00,00,00,00,00,00,0D,20,00,01,00,00,00,0000,00,00,0000,00,00,00,00,0008,0008,00,00,00,0008,0008
994,00,00,01,00,01,B0,00,0008,00,00,00,00,00,00,00,00,00,00,0D,1F,00,01,00,00,00,0000,00,00,0000,00,00,00,00,0008,0008,00,00,00,0008,0008
995,00,00,01,00,01,B0,00,0008,00,00,00,00,00,00,00,00,00,00,0D,1E,00,01,00,00,00,0000,00,00,0000,00,00,00,00,0008,0008,00,00,00,0008,0008
996,00,00,01,00,01,B0,00,0008,00,00,00,00,00,00,00,00,00,00,0D,1D,00,01,00,00,00,0000,00,00,0000,00,00,00,00,0008,0008,00,00,00,0008,0008
997,00,00,01,00,01,B0,00,0008,00,00,00,00,00,00,00,00,00,00,0D,1C,00,01,00,00,00,0000,00,00,0000,00,00,00,00,0008,0008,00,00,00,0008,0008
998,00,00,01,00,01,B0,00,0008,00,00,00,00,00,00,00,00,00,00,0D,1B,00,01,00,00,00,0000,00,00,0000,00,00,00,00,0008,0008,00,00,00,0008,0008
999,00,00,01,00,01,B0,00,0008,00,00,00,00,00,00,00,00,00,00,0D,1A,00,01,00,00,00,0000,00,00,0000,00,00,00,00,0008,0008,00,00,00,0008,0008
1000,00,00,01,00,01,B0,00,0008,00,00,00,00,00,00,00,00,00,00,0D,19,00,01,00,00,00,0000,00,00,0000,00,00,00,00,0008,0008,00,00,00,0008,0008
1001,00,00,01,00,01,B0,00,0008,00,00,00,00,00,00,00,00,00,00,0D,18,00,01,00,00,00,0000,00,00,0000,00,00,00,00,0008,0008,00,00,00,0008,0008
1002,00,00,01,00,01,B0,00,0008,00,00,00,00,00,00,00,00,00,00,0D,17,00,01,00,00,00,0000,00,00,0000,00,00,00,00,0008,0008,00,00,00,0008,0008
1003,00,00,01,00,01,B0,00,0008,00,00,00,00,00,00,00,00,00,00,0D,16,00,01,00,00,00,0000,00,00,0000,00,00,00,00,0008,0008,00,00,00,0008,0008
1004,00,00,01,00,01,B0,00,0008,00,00,00,00,00,00,00,00,00,00,0D,15,00,01,00,00,00,0000,00,00,0000,00,00,00,00,0008,0008,00,00,00,0008,0008
1005,00,00,01,00,01,B0,00,0008,00,00,00,00,00,00,00,00,00,00,0D,14,00,01,00,00,00,0000,00,00,0000,00,00,00,00,0008,0008,00,00,00,0008,0008
1006,00,00,01,00,01,B0,00,0008,00,00,00,00,00,00,00,00,00,00,0D,13,00,01,00,00,00,0000,00,00,0000,00,00,00,00,0008,0008,00,00,00,0008,0008
1007,00,00,01,00,01,B0,00,0008,00,00,00,00,00,00,00,00,00,00,0D,12,00,01,00,00,00,0000,00,00,0000,00,00,00,00,0008,0008,00,00,00,0008,0008
1008,00,00,01,00,01,B0,00,0008,00,00,00,00,00,00,00,00,00,00,0D,11,00,01,00,00,00,0000,00,00,0000,00,00,00,00,0008,0008,00,00,00,0008,0008
1009,00,00,01,00,01,B0,00,0008,00,00,00,00,00,00,00,00,00,00,0D,10,00,01,00,00,00,0000,00,00,0000,00,00,00,00,0008,0008,00,00,00,0008,0008
1010,00,00,01,00,01,B0,00,0008,00,00,00,00,00,00,00,00,00,00,0D,0F,00,01,00,00,00,0000,00,00,0000,00,00,00,00,0008,0008,00,00,00,0008,0008
1011,00,00,01,00,01,B0,00,0008,00,00,00,00,00,00,00,00,00,00,0D,0E,00,01,00,00,00,0000,00,00,0000,00,00,00,00,0008,0008,00,00,00,0008,0008
1012,00,00,01,00,01,B0,00,0008,00,00,00,00,00,00,00,00,00,00,0D,0D,00,01,00,00,00,0000,00,00,0000,00,00,00,00,0008,0008,00,00,00,0008,0008
1013,00,00,01,00,01,B0,00,0008,00,00,00,00,00,00,00,00,00,00,0D,0C,00,01,00,00,00,0000,00,00,0000,00,00,00,00,0008,0008,00,00,00,0008,0008
1014,00,00,01,00,01,B0,00,0008,00,00,00,00,00,00,00,00,00,00,0D,0B,00,01,00,00,00,0000,00,00,0000,00,00,00,00,0008,0008,00,00,00,0008,0008
1015,00,00,01,00,01,B0,00,0008,00,00,00,00,00,00,00,00,00,00,0D,0A,00,01,00,00,00,0000,00,00,0000,00,00,00,00,0008,0008,00,00,00,0008,0008
1016,00,00,01,00,01,B0,00,0008,00,00,00,00,00,00,00,00,00,00,0D,09,00,01,00,00,00,0000,00,00,0000,00,00,00,00,0008,0008,00,00,00,0008,0008
1017,00,00,01,00,01,B0,00,0008,00,00,00,00,00,00,00,00,00,00,0D,08,00,01,00,00,00,0000,00,00,0000,00,00,00,00,0008,0008,00,00,00,0008,0008
1018,00,00,01,00,01,B0,00,0008,00,00,00,00,00,00,00,00,00,00,0D,07,00,01,00,00,00,0000,00,00,0000,00,00,00,00,0008,0008,00,00,00,0008,0008
1019,00,00,01,00,01,B0,00,0008,00,00,00,00,00,00,00,00,00,00,0D,06,00,01,00,00,00,0000,00,00,0000,00,00,00,00,0008,0008,00,00,00,0008,0008
1020,00,00,01,00,01,B0,00,0008,00,00,00,00,00,00,00,00,00,00,0D,05,00,01,00,00,00,0000,00,00,0000,00,00,00,00,0008,0008,00,00,00,0008,0008
1021,00,00,01,00,01,B0,00,0008,00,00,00,00,00,00,00,00,00,00,0D,04,00,01,00,00,00,0000,00,00,0000,00,00,00,00,0008,0008,00,00,00,0008,0008
1022,00,00,01,00,01,B0,00,0008,00,00,00,00,00,00,00,00,00,00,0D,03,00,01,00,00,00,0000,00,00,0000,00,00,00,00,0008,0008,00,00,00,0008,0008
1023,00,00,01,00,01,B0,00,0008,00,00,00,00,00,00,00,00,00,00,0D,02,00,01,00,00,00,0000,00,00,0000,00,00,00,00,0008,0008,00,00,00,0008,0008
1024,00,00,01,00,01,B0,00,0008,00,00,00,00,00,00,00,00,00,00,0D,01,00,01,00,00,00,0000,00,00,0000,00,00,00,00,0008,0008,00,00,00,0008,0008
1025,00,00,01,00,01,B0,00,0008,00,00,00,00,00,00,00,00,00,00,0D,00,00,01,00,00,00,0000,00,00,0000,00,00,00,00,0008,0008,00,00,00,0008,0008
1026,00,01,00,00,01,B0,00,0008,00,00,00,00,00,00,00,00,00,00,0E,02,00,00,00,00,00,0000,00,00,0000,00,00,00,00,0008,0008,00,00,00,0008,0008
1027,00,01,00,00,01,30,00,0008,00,00,00,00,00,00,00,00,00,00,0E,02,00,00,00,00,00,0000,00,00,0000,00,00,40,00,0008,0008,00,00,00,0008,0008
1028,00,01,00,00,01,30,00,0008,00,00,00,00,00,00,00,00,00,00,0E,02,00,00,00,00,00,0000,00,00,0000,00,00,40,00,0008,0008,00,00,00,0008,0008
1029,00,01,00,00,01,B0,00,0008,00,00,00,00,00,00,00,00,00,00,0E,02,00,00,00,00,00,0000,00,00,0000,00,00,00,00,0008,0008,00,00,00,0008,0008
1030,00,01,00,00,01,B0,00,0008,00,00,00,00,00,00,00,00,00,00,0E,02,00,00,00,00,00,0000,00,00,0000,00,00,00,00,0008,0008,00,00,00,0008,0008
1031,00,01,00,00,01,B0,00,0008,00,00,00,00,00,00,00,00,00,00,0E,02,00,00,00,00,00,0000,00,00,0000,00,00,00,00,0008,0008,00,00,00,0008,0008
1032,00,01,00,00,01,B0,00,0008,00,00,00,00,00,00,00,00,00,00,0E,02,00,00,00,00,00,0000,00,00,0000,00,00,00,00,0008,0008,00,00,00,0008,0008
1033,00,01,00,00,01,B0,00,0008,00,00,00,00,00,00,00,00,00,00,0E,02,00,00,00,00,00,0000,00,00,0000,00,00,00,00,0008,0008,00,00,00,0008,0008
1034,00,01,00,00,01,B0,00,0008,00,00,00,00,00,00,00,00,00,00,0E,02,00,00,00,00,00,0000,00,00,0000,00,00,00,00,0008,0008,00,00,00,0008,0008
1035,00,01,00,00,01,B0,00,0008,00,00,00,00,00,00,00,00,00,00,0E,02,00,00,00,00,00,0000,00,00,0000,00,00,00,00,0008,0008,00,00,00,0008,0008
1036,00,01,00,00,01,B0,00,0008,00,00,00,00,00,00,00,00,00,00,0E,02,00,00,00,00,00,0000,00,00,0000,00,00,00,00,0008,0008,00,00,00,0008,0008
1037,00,01,00,00,01,B0,00,0008,00,00,00,00,00,00,00,00,00,00,0E,02,00,00,00,00,00,0000,00,00,0000,00,00,00,00,0008,0008,00,00,00,0008,0008
1038,00,01,00,00,01,B0,00,0008,00,00,00,00,00,00,00,00,00,00,0E,02,00,00,00,00,00,0000,00,00,0000,00,00,00,00,0008,0008,00,00,00,0008,0008
1039,00,01,00,00,01,B0,00,0008,00,00,00,00,00,00,00,00,00,00,0E,02,00,00,00,00,00,0000,00,00,0000,00,00,00,00,0008,0008,00,00,00,0008,0008
1040,00,01,00,00,01,B0,00,0008,00,00,00,00,00,00,00,00,00,00,0E,02,00,00,00,00,00,0000,00,00,0000,00,00,00,00,0008,0008,00,00,00,0008,0008
1041,00,01,00,00,01,B0,00,0008,00,00,00,00,00,00,00,00,00,00,0E,02,00,00,00,00,00,0000,00,00,0000,00,00,00,00,0008,0008,00,00,00,0008,0008
1042,00,01,00,00,01,B0,00,0008,00,00,00,00,00,00,00,00,00,00,0E,02,00,00,00,00,00,0000,00,00,0000,00,00,00,00,0008,0008,00,00,00,0008,0008
1043,00,01,00,00,01,B0,00,0008,00,00,00,00,00,00,00,00,00,00,0E,02,00,00,00,00,00,0000,00,00,0000,00,00,00,00,0008,0008,00,00,00,0008,0008
1044,00,01,00,00,01,B0,00,0008,00,00,00,00,00,00,00,00,00,00,0E,02,00,00,00,00,00,0000,00,00,0000,00,00,00,00,0008,0008,00,00,00,0008,0008
1045,00,01,00,00,01,B0,00,0008,00,00,00,00,00,00,00,00,00,00,0E,02,00,00,00,00,00,0000,00,00,0000,00,00,00,00,0008,0008,00,00,00,0008,0008
1046,00,01,00,00,01,B0,00,0008,00,00,00,00,00,00,00,00,00,00,0E,02,00,00,00,00,00,0000,00,00,0000,00,00,00,00,0008,0008,00,00,00,0008,0008
1047,00,01,00,00,01,B0,00,0008,00,00,00,00,00,00,00,00,00,00,0E,02,00,00,00,00,00,0000,00,00,0000,00,00,00,00,0008,0008,00,00,00,0008,0008
1048,00,01,00,00,01,B0,00,0008,00,00,00,00,00,00,00,00,00,00,0E,02,00,00,00,00,00,0000,00,00,0000,00,00,00,00,0008,0008,00,00,00,0008,0008
1049,00,01,00,00,01,B0,00,0008,00,00,00,00,00,00,00,00,00,00,0E,02,00,00,00,00,00,0000,00,00,0000,00,00,00,00,0008,0008,00,00,00,0008,0008
1050,00,01,00,00,01,B0,00,0008,00,00,00,00,00,00,00,00,00,00,0E,02,00,00,00,00,00,0000,00,00,0000,00,00,00,00,0008,0008,00,00,00,0008,0008
1051,00,01,00,00,01,B0,00,0008,00,00,00,00,00,00,00,00,00,00,0E,02,00,00,00,00,00,0000,00,00,0000,00,00,00,00,0008,0008,00,00,00,0008,0008
1052,00,01,00,00,01,B0,00,0008,00,00,00,00,00,00,00,00,00,00,0E,02,00,00,00,00,00,0000,00,00,0000,00,00,00,00,0008,0008,00,00,00,0008,0008
1053,00,01,00,00,01,B0,00,0008,00,00,00,00,00,00,00,00,00,00,0E,02,00,00,00,00,00,0000,00,00,0000,00,00,00,00,0008,0008,00,00,00,0008,0008
1054,00,01,00,00,01,B0,00,0008,00,00,00,00,00,00,00,00,00,00,0E,02,00,00,00,00,00,0000,00,00,0000,00,00,00,00,0008,0008,00,00,00,0008,0008
1055,00,01,00,00,01,B0,00,0008,00,00,00,00,00,00,00,00,00,00,0E,02,00,00,00,00,00,0000,00,00,0000,00,00,00,00,0008,0008,00,00,00,0008,0008
1056,00,01,00,00,01,B0,00,0008,00,00,00,00,00,00,00,00,00,00,0E,02,00,00,00,00,00,0000,00,00,0000,00,00,00,00,0008,0008,00,00,00,0008,0008
1057,00,01,00,00,01,B0,00,0008,00,00,00,00,00,00,00,00,00,00,0E,02,00,00,00,00,00,0000,00,00,0000,00,00,00,00,0008,0008,00,00,00,0008,0008
1058,00,01,00,00,01,B0,00,0008,00,00,00,00,00,00,00,00,00,00,0E,02,00,00,00,00,00,0000,00,00,0000,00,00,00,00,0008,0008,00,00,00,0008,0008
1059,00,01,00,00,01,B0,00,0008,00,00,00,00,00,00,00,00,00,00,0E,02,00,00,00,00,00,0000,00,00,0000,00,00,00,00,0008,0008,00,00,00,0008,0008
1060,00,01,00,00,01,B0,00,0008,00,00,00,00,00,00,00,00,00,00,0E,02,00,00,00,00,00,0000,00,00,0000,00,00,00,00,0008,0008,00,00,00,0008,0008
1061,00,01,00,00,01,B0,00,0008,00,00,00,00,00,00,00,00,00,00,0E,02,00,00,00,00,00,0000,00,00,0000,00,00,00,00,0008,0008,00,00,00,0008,0008
1062,00,01,00,00,01,B0,00,0008,00,00,00,00,00,00,00,00,00,00,0E,02,00,00,00,00,00,0000,00,00,0000,00,00,00,00,0008,0008,00,00,00,0008,0008
1063,00,01,00,00,01,B0,00,0008,00,00,00,00,00,00,00,00,00,00,0E,02,00,00,00,00,00,0000,00,00,0000,00,00,00,00,0008,0008,00,00,00,0008,0008
1064,00,01,00,00,01,B0,00,0008,00,00,00,00,00,00,00,00,00,00,0E,02,00,00,00,00,00,0000,00,00,0000,00,00,00,00,0008,0008,00,00,00,0008,0008
1065,00,01,00,00,01,B0,00,0008,00,00,00,00,00,00,00,00,00,00,0E,02,00,00,00,00,00,0000,00,00,0000,00,00,00,00,0008,0008,00,00,00,0008,0008
1066,00,01,00,00,01,B0,00,0008,00,00,00,00,00,00,00,00,00,00,0E,02,00,00,00,00,00,0000,00,00,0000,00,00,00,00,0008,0008,00,00,00,0008,0008
1067,00,01,00,00,01,B0,00,0008,00,00,00,00,00,00,00,00,00,00,0E,02,00,00,00,00,00,0000,00,00,0000,00,00,00,00,0008,0008,00,00,00,0008,0008
1068,00,01,00,00,01,B0,00,0008,00,00,00,00,00,00,00,00,00,00,0E,02,00,00,00,00,00,0000,00,00,0000,00,00,00,00,0008,0008,00,00,00,0008,0008
1069,00,01,00,00,01,B0,00,0008,00,00,00,00,00,00,00,00,00,00,0E,02,00,00,00,00,00,0000,00,00,0000,00,00,00,00,0008,0008,00,00,00,0008,0008
1070,00,01,00,00,01,B0,00,0008,00,00,00,00,00,00,00,00,00,00,0E,02,00,00,00,00,00,0000,00,00,0000,00,00,00,00,0008,0008,00,00,00,0008,0008
1071,00,01,00,00,01,B0,00,0008,00,00,00,00,00,00,00,00,00,00,0E,02,00,00,00,00,00,0000,00,00,0000,00,00,00,00,0008,0008,00,00,00,0008,0008
1072,00,01,00,00,01,B0,00,0008,00,00,00,00,00,00,00,00,00,00,0E,02,00,00,00,00,00,0000,00,00,0000,00,00,00,00,0008,0008,00,00,00,0008,0008
1073,00,01,00,00,01,B0,00,0008,00,00,00,00,00,00,00,00,00,00,0E,02,00,00,00,00,00,0000,00,00,0000,00,00,00,00,0008,0008,00,00,00,0008,0008
1074,00,01,00,00,01,B0,00,0008,00,00,00,00,00,00,00,00,00,00,0E,02,00,00,00,00,00,0000,00,00,0000,00,00,00,00,0008,0008,00,00,00,0008,0008
1075,00,01,00,00,01,B0,00,0008,00,00,00,00,00,00,00,00,00,00,0E,02,00,00,00,00,00,0000,00,00,0000,00,00,00,00,0008,0008,00,00,00,0008,0008
1076,00,01,00,00,01,B0,00,0008,00,00,00,00,00,00,00,00,00,00,0E,02,00,00,00,00,00,0000,00,00,0000,00,00,00,00,0008,0008,00,00,00,0008,0008
1077,00,01,00,00,01,B0,00,0008,00,00,00,00,00,00,00,00,00,00,0E,02,00,00,00,00,00,0000,00,00,0000,00,00,00,00,0008,0008,00,00,00,0008,0008
1078,00,01,00,00,01,B0,00,0008,00,00,00,00,00,00,00,00,00,00,0E,02,00,00,00,00,00,0000,00,00,0000,00,00,00,00,0008,0008,00,00,00,0008,0008
1079,00,01,00,00,01,B0,00,0008,00,00,00,00,00,00,00,00,00,00,0E,02,00,00,00,00,00,0000,00,00,0000,00,00,00,00,0008,0008,00,00,00,0008,0008
1080,00,01,00,00,01,B0,00,0008,00,00,00,00,00,00,00,00,00,00,0E,02,00,00,00,00,00,0000,00,00,0000,00,00,00,00,0008,0008,00,00,00,0008,0008
1081,00,01,00,00,01,B0,00,0008,00,00,00,00,00,00,00,00,00,00,0E,02,00,00,00,00,00,0000,00,00,0000,00,00,00,00,0008,0008,00,00,00,0008,0008
1082,00,01,00,00,01,B0,00,0008,00,00,00,00,00,00,00,00,00,00,0E,02,00,00,00,00,00,0000,00,00,0000,00,00,00,00,0008,0008,00,00,00,0008,0008
1083,00,01,00,00,01,B0,00,0008,00,00,00,00,00,00,00,00,00,00,0E,02,00,00,00,00,00,0000,00,00,0000,00,00,00,00,0008,0008,00,00,00,0008,0008
1084,00,01,00,00,01,B0,00,0008,00,00,00,00,00,00,00,00,00,00,0E,02,00,00,00,00,00,0000,00,00,0000,00,00,00,00,0008,0008,00,00,00,0008,0008
1085,00,01,00,00,01,B0,00,0008,00,00,00,00,00,00,00,00,00,00,0E,02,00,00,00,00,00,0000,00,00,0000,00,00,00,00,0008,0008,00,00,00,0008,0008
1086,00,01,00,00,01,B0,00,0008,00,00,00,00,00,00,00,00,00,00,0E,02,00,00,00,00,00,0000,00,00,0000,00,00,00,00,0008,0008,00,00,00,0008,0008
1087,00,01,00,00,01,B0,00,0008,00,00,00,00,00,00,00,00,00,00,0E,02,00,00,00,00,00,0000,00,00,0000,00,00,00,00,0008,0008,00,00,00,0008,0008
1088,00,01,00,00,01,B0,00,0008,00,00,00,00,00,00,00,00,00,00,0E,02,00,00,00,00,00,0000,00,00,0000,00,00,00,00,0008,0008,00,00,00,0008,0008
1089,00,01,00,00,01,B0,00,0008,00,00,00,00,00,00,00,00,00,00,0E,02,00,00,00,00,00,0000,00,00,0000,00,00,00,00,0008,0008,00,00,00,0008,0008
1090,00,01,00,00,01,B0,00,0008,00,00,00,00,00,00,00,00,00,00,0E,02,00,00,00,00,00,0000,00,00,0000,00,00,00,00,0008,0008,00,00,00,0008,0008
1091,00,01,00,00,01,B0,00,0008,00,00,00,00,00,00,00,00,00,00,0E,02,00,00,00,00,00,0000,00,00,0000,00,00,00,00,0008,0008,00,00,00,0008,0008
1092,00,01,00,00,01,B0,00,0008,00,00,00,00,00,00,00,00,00,00,0E,02,00,00,00,00,00,0000,00,00,0000,00,00,00,00,0008,0008,00,00,00,0008,0008
1093,00,01,00,00,01,B0,00,0008,00,00,00,00,00,00,00,00,00,00,0E,02,00,00,00,00,00,0000,00,00,0000,00,00,00,00,0008,0008,00,00,00,0008,0008
1094,00,01,00,00,01,B0,00,0008,00,00,00,00,00,00,00,00,00,00,0E,02,00,00,00,00,00,0000,00,00,0000,00,00,00,00,0008,0008,00,00,00,0008,0008
1095,00,01,00,00,01,B0,00,0008,00,00,00,00,00,00,00,00,00,00,0E,02,00,00,00,00,00,0000,00,00,0000,00,00,00,00,0008,0008,00,00,00,0008,0008
1096,00,01,00,00,01,B0,00,0008,00,00,00,00,00,00,00,00,00,00,0E,02,00,00,00,00,00,0000,00,00,0000,00,00,00,00,0008,0008,00,00,00,0008,0008
1097,00,01,00,00,01,B0,00,0008,00,00,00,00,00,00,00,00,00,00,0E,02,00,00,00,00,00,0000,00,00,0000,00,00,00,00,0008,0008,00,00,00,0008,0008
1098,00,01,00,00,01,B0,00,0008,00,00,00,00,00,00,00,00,00,00,0E,02,00,00,00,00,00,0000,00,00,0000,00,00,00,00,0008,0008,00,00,00,0008,0008
1099,00,01,00,00,01,B0,00,0008,00,00,00,00,00,00,00,00,00,00,0E,02,00,00,00,00,00,0000,00,00,0000,00,00,00,00,0008,0008,00,00,00,0008,0008
1100,00,01,00,00,01,B0,00,0008,00,00,00,00,00,00,00,00,00,00,0E,02,00,00,00,00,00,0000,00,00,0000,00,00,00,00,0008,0008,00,00,00,0008,0008
1101,00,01,00,00,01,B0,00,0008,00,00,00,00,00,00,00,00,00,00,0E,02,00,00,00,00,00,0000,00,00,0000,00,00,00,00,0008,0008,00,00,00,0008,0008
1102,00,01,00,00,01,B0,00,0008,00,00,00,00,00,00,00,00,00,00,0E,02,00,00,00,00,00,0000,00,00,0000,00,00,00,00,0008,0008,00,00,00,0008,0008
1103,00,01,00,00,01,B0,00,0008,00,00,00,00,00,00,00,00,00,00,0E,02,00,00,00,00,00,0000,00,00,0000,00,00,00,00,0008,0008,00,00,00,0008,0008
1104,00,01,00,00,01,B0,00,0008,00,00,00,00,00,00,00,00,00,00,0E,02,00,00,00,00,00,0000,00,00,0000,00,00,00,00,0008,0008,00,00,00,0008,0008
1105,00,01,00,00,01,B0,00,0008,00,00,00,00,00,00,00,00,00,00,0E,02,00,00,00,00,00,0000,00,00,0000,00,00,00,00,0008,0008,00,00,00,0008,0008
1106,00,01,00,00,01,B0,00,0008,00,00,00,00,00,00,00,00,00,00,0E,02,00,00,00,00,00,0000,00,00,0000,00,00,00,00,0008,0008,00,00,00,0008,0008
1107,00,01,00,00,01,B0,00,0008,00,00,00,00,00,00,00,00,00,00,0E,02,00,00,00,00,00,0000,00,00,0000,00,00,00,00,0008,0008,00,00,00,0008,0008
1108,00,01,00,00,01,B0,00,0008,00,00,00,00,00,00,00,00,00,00,0E,02,00,00,00,00,00,0000,00,00,0000,00,00,00,00,0008,0008,00,00,00,0008,0008
1109,00,01,00,00,01,B0,00,0008,00,00,00,00,00,00,00,00,00,00,0E,02,00,00,00,00,00,0000,00,00,0000,00,00,00,00,0008,0008,00,00,00,0008,0008
1110,00,01,00,00,01,B0,00,0008,00,00,00,00,00,00,00,00,00,00,0E,02,00,00,00,00,00,0000,00,00,0000,00,00,00,00,0008,0008,00,00,00,0008,0008
1111,00,01,00,00,01,B0,00,0008,00,00,00,00,00,00,00,00,00,00,0E,02,00,00,00,00,00,0000,00,00,0000,00,00,00,00,0008,0008,00,00,00,0008,0008
1112,00,01,00,00,01,B0,00,0008,00,00,00,00,00,00,00,00,00,00,0E,02,00,00,00,00,00,0000,00,00,0000,00,00,00,00,0008,0008,00,00,00,0008,0008
1113,00,01,00,00,01,B0,00,0008,00,00,00,00,00,00,00,00,00,00,0E,02,00,00,00,00,00,0000,00,00,0000,00,00,00,00,0008,0008,00,00,00,0008,0008
1114,00,01,00,00,01,B0,00,0008,00,00,00,00,00,00,00,00,00,00,0E,02,00,00,00,00,00,0000,00,00,0000,00,00,00,00,0008,0008,00,00,00,0008,0008
1115,00,01,00,00,01,B0,00,0008,00,00,00,00,00,00,00,00,00,00,0E,02,00,00,00,00,00,0000,00,00,0000,00,00,00,00,0008,0008,00,00,00,0008,0008
1116,00,01,00,00,01,B0,00,0008,00,00,00,00,00,00,00,00,00,00,0E,02,00,00,00,00,00,0000,00,00,0000,00,00,00,00,0008,0008,00,00,00,0008,0008
1117,00,01,00,00,01,B0,00,0008,00,00,00,00,00,00,00,00,00,00,0E,02,00,00,00,00,00,0000,00,00,0000,00,00,00,00,0008,0008,00,00,00,0008,0008
1118,00,01,00,00,01,B0,00,0008,00,00,00,00,00,00,00,00,00,00,0E,02,00,00,00,00,00,0000,00,00,0000,00,00,00,00,0008,0008,00,00,00,0008,0008
1119,00,01,00,00,01,B0,00,0008,00,00,00,00,00,00,00,00,00,00,0E,02,00,00,00,00,00,0000,00,00,0000,00,00,00,00,0008,0008,00,00,00,0008,0008
1120,00,01,00,00,01,B0,00,0008,00,00,00,00,00,00,00,00,00,00,0E,02,00,00,00,00,00,0000,00,00,0000,00,00,00,00,0008,0008,00,00,00,0008,0008
1121,00,01,00,00,01,B0,00,0008,00,00,00,00,00,00,00,00,00,00,0E,02,00,00,00,00,00,0000,00,00,0000,00,00,00,00,0008,0008,00,00,00,0008,0008
1122,00,01,00,00,01,B0,00,0008,00,00,00,00,00,00,00,00,00,00,0E,02,00,00,00,00,00,0000,00,00,0000,00,00,00,00,0008,0008,00,00,00,0008,0008
1123,00,01,00,00,01,B0,00,0008,00,00,00,00,00,00,00,00,00,00,0E,02,00,00,00,00,00,0000,00,00,0000,00,00,00,00,0008,0008,00,00,00,0008,0008
1124,00,01,00,00,01,B0,00,0008,00,00,00,00,00,00,00,00,00,00,0E,02,00,00,00,00,00,0000,00,00,0000,00,00,00,00,0008,0008,00,00,00,0008,0008
1125,00,01,00,00,01,B0,00,0008,00,00,00,00,00,00,00,00,00,00,0E,02,00,00,00,00,00,0000,00,00,0000,00,00,00,00,0008,0008,00,00,00,0008,0008
1126,00,01,00,00,01,B0,00,0008,00,00,00,00,00,00,00,00,00,00,0E,02,00,00,00,00,00,0000,00,00,0000,00,00,00,00,0008,0008,00,00,00,0008,0008
1127,00,01,00,00,01,B0,00,0008,00,00,00,00,00,00,00,00,00,00,0E,02,00,00,00,00,00,0000,00,00,0000,00,00,00,00,0008,0008,00,00,00,0008,0008
1128,00,01,00,00,01,B0,00,0008,00,00,00,00,00,00,00,00,00,00,0E,02,00,00,00,00,00,0000,00,00,0000,00,00,00,00,0008,0008,00,00,00,0008,0008
1129,00,01,00,00,01,B0,00,0008,00,00,00,00,00,00,00,00,00,00,0E,02,00,00,00,00,00,0000,00,00,0000,00,00,00,00,0008,0008,00,00,00,0008,0008
1130,00,01,00,00,01,B0,00,0008,00,00,00,00,00,00,00,00,00,00,0E,02,00,00,00,00,00,0000,00,00,0000,00,00,00,00,0008,0008,00,00,00,0008,0008
1131,00,01,00,00,01,B0,00,0008,00,00,00,00,00,00,00,00,00,00,0E,02,00,00,00,00,00,0000,00,00,0000,00,00,00,00,0008,0008,00,00,00,0008,0008
1132,00,01,00,00,01,B0,00,0008,00,00,00,00,00,00,00,00,00,00,0E,02,00,00,00,00,00,0000,00,00,0000,00,00,00,00,0008,0008,00,00,00,0008,0008
1133,00,01,00,00,01,B0,00,0008,00,00,00,00,00,00,00,00,00,00,0E,02,00,00,00,00,00,0000,00,00,0000,00,00,00,00,0008,0008,00,00,00,0008,0008
1134,00,01,00,00,01,B0,00,0008,00,00,00,00,00,00,00,00,00,00,0E,02,00,00,00,00,00,0000,00,00,0000,00,00,00,00,0008,0008,00,00,00,0008,0008
1135,00,01,00,00,01,B0,00,0008,00,00,00,00,00,00,00,00,00,00,0E,02,00,00,00,00,00,0000,00,00,0000,00,00,00,00,0008,0008,00,00,00,0008,0008
1136,00,01,00,00,01,B0,00,0008,00,00,00,00,00,00,00,00,00,00,0E,02,00,00,00,00,00,0000,00,00,0000,00,00,00,00,0008,0008,00,00,00,0008,0008
1137,00,01,00,00,01,B0,00,0008,00,00,00,00,00,00,00,00,00,00,0E,02,00,00,00,00,00,0000,00,00,0000,00,00,00,00,0008,0008,00,00,00,0008,0008
1138,00,01,00,00,01,B0,00,0008,00,00,00,00,00,00,00,00,00,00,0E,02,00,00,00,00,00,0000,00,00,0000,00,00,00,00,0008,0008,00,00,00,0008,0008
1139,00,01,00,00,01,B0,00,0008,00,00,00,00,00,00,00,00,00,00,0E,02,00,00,00,00,00,0000,00,00,0000,00,00,00,00,0008,0008,00,00,00,0008,0008
1140,00,01,00,00,01,B0,00,0008,00,00,00,00,00,00,00,00,00,00,0E,02,00,00,00,00,00,0000,00,00,0000,00,00,00,00,0008,0008,00,00,00,0008,0008
1141,00,01,00,00,01,B0,00,0008,00,00,00,00,00,00,00,00,00,00,0E,02,00,00,00,00,00,0000,00,00,0000,00,00,00,00,0008,0008,00,00,00,0008,0008
1142,00,01,00,00,01,B0,00,0008,00,00,00,00,00,00,00,00,00,00,0E,02,00,00,00,00,00,0000,00,00,0000,00,00,00,00,0008,0008,00,00,00,0008,0008
1143,00,01,00,00,01,B0,00,0008,00,00,00,00,00,00,00,00,00,00,0E,02,00,00,00,00,00,0000,00,00,0000,00,00,00,00,0008,0008,00,00,00,0008,0008
1144,00,01,00,00,01,B0,00,0008,00,00,00,00,00,00,00,00,00,00,0E,02,00,00,00,00,00,0000,00,00,0000,00,00,00,00,0008,0008,00,00,00,0008,0008
1145,00,01,00,00,01,B0,00,0008,00,00,00,00,00,00,00,00,00,00,0E,02,00,00,00,00,00,0000,00,00,0000,00,00,00,00,0008,0008,00,00,00,0008,0008
1146,00,01,00,00,01,B0,00,0008,00,00,00,00,00,00,00,00,00,00,0E,02,00,00,00,00,00,0000,00,00,0000,00,00,00,00,0008,0008,00,00,00,0008,0008
1147,00,01,00,00,01,B0,00,0008,00,00,00,00,00,00,00,00,00,00,0E,02,00,00,00,00,00,0000,00,00,0000,00,00,00,00,0008,0008,00,00,00,0008,0008
1148,00,01,00,00,01,B0,00,0008,00,00,00,00,00,00,00,00,00,00,0E,02,00,00,00,00,00,0000,00,00,0000,00,00,00,00,0008,0008,00,00,00,0008,0008
1149,00,01,00,00,01,B0,00,0008,00,00,00,00,00,00,00,00,00,00,0E,02,00,00,00,00,00,0000,00,00,0000,00,00,00,00,0008,0008,00,00,00,0008,0008
1150,00,01,00,00,01,B0,00,0008,00,00,00,00,00,00,00,00,00,00,0E,02,00,00,00,00,00,0000,00,00,0000,00,00,00,00,0008,0008,00,00,00,0008,0008
1151,00,01,00,00,01,B0,00,0008,00,00,00,00,00,00,00,00,00,00,0E,02,00,00,00,00,00,0000,00,00,0000,00,00,00,00,0008,0008,00,00,00,0008,0008
1152,00,01,00,00,01,B0,00,0008,00,00,00,00,00,00,00,00,00,00,0E,02,00,00,00,00,00,0000,00,00,0000,00,00,00,00,0008,0008,00,00,00,0008,0008
1153,00,01,00,00,01,B0,00,0008,00,00,00,00,00,00,00,00,00,00,0E,02,00,00,00,00,00,0000,00,00,0000,00,00,00,00,0008,0008,00,00,00,0008,0008
1154,00,01,00,00,01,B0,00,0008,00,00,00,00,00,00,00,00,00,00,0E,02,00,00,00,00,00,0000,00,00,0000,00,00,00,00,0008,0008,00,00,00,0008,0008
1155,00,01,00,00,01,B0,00,0008,00,00,00,00,00,00,00,00,00,00,0E,02,00,00,00,00,00,0000,00,00,0000,00,00,00,00,0008,0008,00,00,00,0008,0008
1156,00,01,00,00,01,B0,00,0008,00,00,00,00,00,00,00,00,00,00,0E,02,00,00,00,00,00,0000,00,00,0000,00,00,00,00,0008,0008,00,00,00,0008,0008
1157,00,01,00,00,01,B0,00,0008,00,00,00,00,00,00,00,00,00,00,0E,02,00,00,00,00,00,0000,00,00,0000,00,00,00,00,0008,0008,00,00,00,0008,0008
1158,00,01,00,00,01,B0,00,0008,00,00,00,00,00,00,00,00,00,00,0E,02,00,00,00,00,00,0000,00,00,0000,00,00,00,00,0008,0008,00,00,00,0008,0008
1159,00,01,00,00,01,B0,00,0008,00,00,00,00,00,00,00,00,00,00,0E,02,00,00,00,00,00,0000,00,00,0000,00,00,00,00,0008,0008,00,00,00,0008,0008
1160,00,01,00,00,01,B0,00,0008,00,00,00,00,00,00,00,00,00,00,0E,02,00,00,00,00,00,0000,00,00,0000,00,00,00,00,0008,0008,00,00,00,0008,0008
1161,00,01,00,00,01,B0,00,0008,00,00,00,00,00,00,00,00,00,00,0E,02,00,00,00,00,00,0000,00,00,0000,00,00,00,00,0008,0008,00,00,00,0008,0008
1162,00,01,00,00,01,B0,00,0008,00,00,00,00,00,00,00,00,00,00,0E,02,00,00,00,00,00,0000,00,00,0000,00,00,00,00,0008,0008,00,00,00,0008,0008
1163,00,01,00,00,01,B0,00,0008,00,00,00,00,00,00,00,00,00,00,0E,02,00,00,00,00,00,0000,00,00,0000,00,00,00,00,0008,0008,00,00,00,0008,0008
1164,00,01,00,00,01,B0,00,0008,00,00,00,00,00,00,00,00,00,00,0E,02,00,00,00,00,00,0000,00,00,0000,00,00,00,00,0008,0008,00,00,00,0008,0008
1165,00,01,00,00,01,B0,00,0008,00,00,00,00,00,00,00,00,00,00,0E,02,00,00,00,00,00,0000,00,00,0000,00,00,00,00,0008,0008,00,00,00,0008,0008
1166,00,01,00,00,01,B0,00,0008,00,00,00,00,00,00,00,00,00,00,0E,02,00,00,00,00,00,0000,00,00,0000,00,00,00,00,0008,0008,00,00,00,0008,0008
1167,00,01,00,00,01,B0,00,0008,00,00,00,00,00,00,00,00,00,00,0E,02,00,00,00,00,00,0000,00,00,0000,00,00,00,00,0008,0008,00,00,00,0008,0008
1168,00,01,00,00,01,B0,00,0008,00,00,00,00,00,00,00,00,00,00,0E,02,00,00,00,00,00,0000,00,00,0000,00,00,00,00,0008,0008,00,00,00,0008,0008
1169,00,01,00,00,01,B0,00,0008,00,00,00,00,00,00,00,00,00,00,0E,02,00,00,00,00,00,0000,00,00,0000,00,00,00,00,0008,0008,00,00,00,0008,0008
1170,00,01,00,00,01,B0,00,0008,00,00,00,00,00,00,00,00,00,00,0E,02,00,00,00,00,00,0000,00,00,0000,00,00,00,00,0008,0008,00,00,00,0008,0008
1171,00,01,00,00,01,B0,00,0008,00,00,00,00,00,00,00,00,00,00,0E,02,00,00,00,00,00,0000,00,00,0000,00,00,00,00,0008,0008,00,00,00,0008,0008
1172,00,01,00,00,01,B0,00,0008,00,00,00,00,00,00,00,00,00,00,0E,02,00,00,00,00,00,0000,00,00,0000,00,00,00,00,0008,0008,00,00,00,0008,0008
1173,00,01,00,00,01,B0,00,0008,00,00,00,00,00,00,00,00,00,00,0E,02,00,00,00,00,00,0000,00,00,0000,00,00,00,00,0008,0008,00,00,00,0008,0008
1174,00,01,00,00,01,B0,00,0008,00,00,00,00,00,00,00,00,00,00,0E,02,00,00,00,00,00,0000,00,00,0000,00,00,00,00,0008,0008,00,00,00,0008,0008
1175,00,01,00,00,01,B0,00,0008,00,00,00,00,00,00,00,00,00,00,0E,02,00,00,00,00,00,0000,00,00,0000,00,00,00,00,0008,0008,00,00,00,0008,0008
1176,00,01,00,00,01,B0,00,0008,00,00,00,00,00,00,00,00,00,00,0E,02,00,00,00,00,00,0000,00,00,0000,00,00,00,00,0008,0008,00,00,00,0008,0008
1177,00,01,00,00,01,B0,00,0008,00,00,00,00,00,00,00,00,00,00,0E,02,00,00,00,00,00,0000,00,00,0000,00,00,00,00,0008,0008,00,00,00,0008,0008
1178,00,01,00,00,01,B0,00,0008,00,00,00,00,00,00,00,00,00,00,0E,02,00,00,00,00,00,0000,00,00,0000,00,00,00,00,0008,0008,00,00,00,0008,0008
1179,00,01,00,00,01,B0,00,0008,00,00,00,00,00,00,00,00,00,00,0E,02,00,00,00,00,00,0000,00,00,0000,00,00,00,00,0008,0008,00,00,00,0008,0008
1180,00,01,00,00,01,B0,00,0008,00,00,00,00,00,00,00,00,00,00,0E,02,00,00,00,00,00,0000,00,00,0000,00,00,00,00,0008,0008,00,00,00,0008,0008
1181,00,01,00,00,01,B0,00,0008,00,00,00,00,00,00,00,00,00,00,0E,02,00,00,00,00,00,0000,00,00,0000,00,00,00,00,0008,0008,00,00,00,0008,0008
1182,00,01,00,00,01,B0,00,0008,00,00,00,00,00,00,00,00,00,00,0E,02,00,00,00,00,00,0000,00,00,0000,00,00,00,00,0008,0008,00,00,00,0008,0008
1183,00,01,00,00,01,B0,00,0008,00,00,00,00,00,00,00,00,00,00,0E,02,00,00,00,00,00,0000,00,00,0000,00,00,00,00,0008,0008,00,00,00,0008,0008
1184,00,01,00,00,01,B0,00,0008,00,00,00,00,00,00,00,00,00,00,0E,02,00,00,00,00,00,0000,00,00,0000,00,00,00,00,0008,0008,00,00,00,0008,0008
1185,00,01,00,00,01,B0,00,0008,00,00,00,00,00,00,00,00,00,00,0E,02,00,00,00,00,00,0000,00,00,0000,00,00,00,00,0008,0008,00,00,00,0008,0008
1186,00,01,00,00,01,B0,00,0008,00,00,00,00,00,00,00,00,00,00,0E,02,00,00,00,00,00,0000,00,00,0000,00,00,00,00,0008,0008,00,00,00,0008,0008
1187,00,01,00,00,01,B0,00,0008,00,00,00,00,00,00,00,00,00,00,0E,02,00,00,00,00,00,0000,00,00,0000,00,00,00,00,0008,0008,00,00,00,0008,0008
1188,00,01,00,00,01,B0,00,0008,00,00,00,00,00,00,00,00,00,00,0E,02,00,00,00,00,00,0000,00,00,0000,00,00,00,00,0008,0008,00,00,00,0008,0008
1189,00,01,00,00,01,B0,00,0008,00,00,00,00,00,00,00,00,00,00,0E,02,00,00,00,00,00,0000,00,00,0000,00,00,00,00,0008,0008,00,00,00,0008,0008
1190,00,01,00,00,01,B0,00,0008,00,00,00,00,00,00,00,00,00,00,0E,02,00,00,00,00,00,0000,00,00,0000,00,00,00,00,0008,0008,00,00,00,0008,0008
1191,00,01,00,00,01,B0,00,0008,00,00,00,00,00,00,00,00,00,00,0E,02,00,00,00,00,00,0000,00,00,0000,00,00,00,00,0008,0008,00,00,00,0008,0008
1192,00,01,00,00,01,B0,00,0008,00,00,00,00,00,00,00,00,00,00,0E,02,00,00,00,00,00,0000,00,00,0000,00,00,00,00,0008,0008,00,00,00,0008,0008
1193,00,01,00,00,01,B0,00,0008,00,00,00,00,00,00,00,00,00,00,0E,02,00,00,00,00,00,0000,00,00,0000,00,00,00,00,0008,0008,00,00,00,0008,0008
1194,00,01,00,00,01,B0,00,0008,00,00,00,00,00,00,00,00,00,00,0E,02,00,00,00,00,00,0000,00,00,0000,00,00,00,00,0008,0008,00,00,00,0008,0008
1195,00,01,00,00,01,B0,00,0008,00,00,00,00,00,00,00,00,00,00,0E,02,00,00,00,00,00,0000,00,00,0000,00,00,00,00,0008,0008,00,00,00,0008,0008
1196,00,01,00,00,01,B0,00,0008,00,00,00,00,00,00,00,00,00,00,0E,02,00,00,00,00,00,0000,00,00,0000,00,00,00,00,0008,0008,00,00,00,0008,0008
1197,00,01,00,00,01,B0,00,0008,00,00,00,00,00,00,00,00,00,00,0E,02,00,00,00,00,00,0000,00,00,0000,00,00,00,00,0008,0008,00,00,00,0008,0008
1198,00,01,00,00,01,B0,00,0008,00,00,00,00,00,00,00,00,00,00,0E,02,00,00,00,00,00,0000,00,00,0000,00,00,00,00,0008,0008,00,00,00,0008,0008
1199,00,01,00,00,01,B0,00,0008,00,00,00,00,00,00,00,00,00,00,0E,02,00,00,00,00,00,0000,00,00,0000,00,00,00,00,0008,0008,00,00,00,0008,0008
1200,00,01,00,00,01,B0,00,0008,00,00,00,00,00,00,00,00,00,00,0E,02,00,00,00,00,00,0000,00,00,0000,00,00,00,00,0008,0008,00,00,00,0008,0008
1201,00,01,00,00,01,B0,00,0008,00,00,00,00,00,00,00,00,00,00,0E,02,00,00,00,00,00,0000,00,00,0000,00,00,00,00,0008,0008,00,00,00,0008,0008
1202,00,01,00,00,01,B0,00,0008,00,00,00,00,00,00,00,00,00,00,0E,02,00,00,00,00,00,0000,00,00,0000,00,00,00,00,0008,0008,00,00,00,0008,0008
1203,00,01,00,00,01,B0,00,0008,00,00,00,00,00,00,00,00,00,00,0E,02,00,00,00,00,00,0000,00,00,0000,00,00,00,00,0008,0008,00,00,00,0008,0008
1204,00,01,00,00,01,B0,00,0008,00,00,00,00,00,00,00,00,00,00,0E,02,00,00,00,00,00,0000,00,00,0000,00,00,00,00,0008,0008,00,00,00,0008,0008
1205,00,01,00,00,01,B0,00,0008,00,00,00,00,00,00,00,00,00,00,0E,02,00,00,00,00,00,0000,00,00,0000,00,00,00,00,0008,0008,00,00,00,0008,0008
1206,00,01,00,00,01,B0,00,0008,00,00,00,00,00,00,00,00,00,00,0E,02,00,00,00,00,00,0000,00,00,0000,00,00,00,00,0008,0008,00,00,00,0008,0008
1207,00,01,00,00,01,B0,00,0008,00,00,00,00,00,00,00,00,00,00,0E,02,00,00,00,00,00,0000,00,00,0000,00,00,00,00,0008,0008,00,00,00,0008,0008
1208,00,01,00,00,01,B0,00,0008,00,00,00,00,00,00,00,00,00,00,0E,02,00,00,00,00,00,0000,00,00,0000,00,00,00,00,0008,0008,00,00,00,0008,0008
1209,00,01,00,00,01,B0,00,0008,00,00,00,00,00,00,00,00,00,00,0E,02,00,00,00,00,00,0000,00,00,0000,00,00,00,00,0008,0008,00,00,00,0008,0008
1210,00,01,00,00,01,B0,00,0008,00,00,00,00,00,00,00,00,00,00,0E,02,00,00,00,00,00,0000,00,00,0000,00,00,00,00,0008,0008,00,00,00,0008,0008
1211,00,01,00,00,01,B0,00,0008,00,00,00,00,00,00,00,00,00,00,0E,02,00,00,00,00,00,0000,00,00,0000,00,00,00,00,0008,0008,00,00,00,0008,0008
1212,00,01,00,00,01,B0,00,0008,00,00,00,00,00,00,00,00,00,00,0E,02,00,00,00,00,00,0000,00,00,0000,00,00,00,00,0008,0008,00,00,00,0008,0008
1213,00,01,00,00,01,B0,00,0008,00,00,00,00,00,00,00,00,00,00,0E,02,00,00,00,00,00,0000,00,00,0000,00,00,00,00,0008,0008,00,00,00,0008,0008
1214,00,01,00,00,01,B0,00,0008,00,00,00,00,00,00,00,00,00,00,0E,02,00,00,00,00,00,0000,00,00,0000,00,00,00,00,0008,0008,00,00,00,0008,0008
1215,00,01,00,00,01,B0,00,0008,00,00,00,00,00,00,00,00,00,00,0E,02,00,00,00,00,00,0000,00,00,0000,00,00,00,00,0008,0008,00,00,00,0008,0008
1216,00,01,00,00,01,B0,00,0008,00,00,00,00,00,00,00,00,00,00,0E,02,00,00,00,00,00,0000,00,00,0000,00,00,00,00,0008,0008,00,00,00,0008,0008
1217,00,01,00,00,01,B0,00,0008,00,00,00,00,00,00,00,00,00,00,0E,02,00,00,00,00,00,0000,00,00,0000,00,00,00,00,0008,0008,00,00,00,0008,0008
1218,00,01,00,00,01,B0,00,0008,00,00,00,00,00,00,00,00,00,00,0E,02,00,00,00,00,00,0000,00,00,0000,00,00,00,00,0008,0008,00,00,00,0008,0008
1219,00,01,00,00,01,B0,00,0008,00,00,00,00,00,00,00,00,00,00,0E,02,00,00,00,00,00,0000,00,00,0000,00,00,00,00,0008,0008,00,00,00,0008,0008
1220,00,01,00,00,01,B0,00,0008,00,00,00,00,00,00,00,00,00,00,0E,02,00,00,00,00,00,0000,00,00,0000,00,00,00,00,0008,0008,00,00,00,0008,0008
1221,00,01,00,00,01,B0,00,0008,00,00,00,00,00,00,00,00,00,00,0E,02,00,00,00,00,00,0000,00,00,0000,00,00,00,00,0008,0008,00,00,00,0008,0008
1222,00,01,00,00,01,B0,00,0008,00,00,00,00,00,00,00,00,00,00,0E,02,00,00,00,00,00,0000,00,00,0000,00,00,00,00,0008,0008,00,00,00,0008,0008
1223,00,01,00,00,01,B0,00,0008,00,00,00,00,00,00,00,00,00,00,0E,02,00,00,00,00,00,0000,00,00,0000,00,00,00,00,0008,0008,00,00,00,0008,0008
1224,00,01,00,00,01,B0,00,0008,00,00,00,00,00,00,00,00,00,00,0E,02,00,00,00,00,00,0000,00,00,0000,00,00,00,00,0008,0008,00,00,00,0008,0008
1225,00,01,00,00,01,B0,00,0008,00,00,00,00,00,00,00,00,00,00,0E,02,00,00,00,00,00,0000,00,00,0000,00,00,00,00,0008,0008,00,00,00,0008,0008
1226,00,01,00,00,01,B0,00,0008,00,00,00,00,00,00,00,00,00,00,0E,02,00,00,00,00,00,0000,00,00,0000,00,00,00,00,0008,0008,00,00,00,0008,0008
1227,00,01,00,00,01,B0,00,0008,00,00,00,00,00,00,00,00,00,00,0E,02,00,00,00,00,00,0000,00,00,0000,00,00,00,00,0008,0008,00,00,00,0008,0008
1228,00,01,00,00,01,B0,00,0008,00,00,00,00,00,00,00,00,00,00,0E,02,00,00,00,00,00,0000,00,00,0000,00,00,00,00,0008,0008,00,00,00,0008,0008
1229,00,01,00,00,01,B0,00,0008,00,00,00,00,00,00,00,00,00,00,0E,02,00,00,00,00,00,0000,00,00,0000,00,00,00,00,0008,0008,00,00,00,0008,0008
1230,00,01,00,00,01,B0,00,0008,00,00,00,00,00,00,00,00,00,00,0E,02,00,00,00,00,00,0000,00,00,0000,00,00,00,00,0008,0008,00,00,00,0008,0008
1231,00,01,00,00,01,B0,00,0008,00,00,00,00,00,00,00,00,00,00,0E,02,00,00,00,00,00,0000,00,00,0000,00,00,00,00,0008,0008,00,00,00,0008,0008
1232,00,01,00,00,01,B0,00,0008,00,00,00,00,00,00,00,00,00,00,0E,02,00,00,00,00,00,0000,00,00,0000,00,00,00,00,0008,0008,00,00,00,0008,0008
1233,00,01,00,00,01,B0,00,0008,00,00,00,00,00,00,00,00,00,00,0E,02,00,00,00,00,00,0000,00,00,0000,00,00,00,00,0008,0008,00,00,00,0008,0008
1234,00,01,00,00,01,B0,00,0008,00,00,00,00,00,00,00,00,00,00,0E,02,00,00,00,00,00,0000,00,00,0000,00,00,00,00,0008,0008,00,00,00,0008,0008
1235,00,01,00,00,01,B0,00,0008,00,00,00,00,00,00,00,00,00,00,0E,02,00,00,00,00,00,0000,00,00,0000,00,00,00,00,0008,0008,00,00,00,0008,0008
1236,00,01,00,00,01,B0,00,0008,00,00,00,00,00,00,00,00,00,00,0E,02,00,00,00,00,00,0000,00,00,0000,00,00,00,00,0008,0008,00,00,00,0008,0008
1237,00,01,00,00,01,B0,00,0008,00,00,00,00,00,00,00,00,00,00,0E,02,00,00,00,00,00,0000,00,00,0000,00,00,00,00,0008,0008,00,00,00,0008,0008
1238,00,01,00,00,01,B0,00,0008,00,00,00,00,00,00,00,00,00,00,0E,02,00,00,00,00,00,0000,00,00,0000,00,00,00,00,0008,0008,00,00,00,0008,0008
1239,00,01,00,00,01,B0,00,0008,00,00,00,00,00,00,00,00,00,00,0E,02,00,00,00,00,00,0000,00,00,0000,00,00,00,00,0008,0008,00,00,00,0008,0008
1240,00,01,00,00,01,B0,00,0008,00,00,00,00,00,00,00,00,00,00,0E,02,00,00,00,00,00,0000,00,00,0000,00,00,00,00,0008,0008,00,00,00,0008,0008
1241,00,01,00,00,01,B0,00,0008,00,00,00,00,00,00,00,00,00,00,0E,02,00,00,00,00,00,0000,00,00,0000,00,00,00,00,0008,0008,00,00,00,0008,0008
1242,00,01,00,00,01,B0,00,0008,00,00,00,00,00,00,00,00,00,00,0E,02,00,00,00,00,00,0000,00,00,0000,00,00,00,00,0008,0008,00,00,00,0008,0008
1243,00,01,00,00,01,B0,00,0008,00,00,00,00,00,00,00,00,00,00,0E,02,00,00,00,00,00,0000,00,00,0000,00,00,00,00,0008,0008,00,00,00,0008,0008
1244,00,01,00,00,01,B0,00,0008,00,00,00,00,00,00,00,00,00,00,0E,02,00,00,00,00,00,0000,00,00,0000,00,00,00,00,0008,0008,00,00,00,0008,0008
1245,00,01,00,00,01,B0,00,0008,00,00,00,00,00,00,00,00,00,00,0E,02,00,00,00,00,00,0000,00,00,0000,00,00,00,00,0008,0008,00,00,00,0008,0008
1246,00,01,00,00,01,B0,00,0008,00,00,00,00,00,00,00,00,00,00,0E,02,00,00,00,00,00,0000,00,00,0000,00,00,00,00,0008,0008,00,00,00,0008,0008
1247,00,01,00,00,01,B0,00,0008,00,00,00,00,00,00,00,00,00,00,0E,02,00,00,00,00,00,0000,00,00,0000,00,00,00,00,0008,0008,00,00,00,0008,0008
1248,00,01,00,00,01,B0,00,0008,00,00,00,00,00,00,00,00,00,00,0E,02,00,00,00,00,00,0000,00,00,0000,00,00,00,00,0008,0008,00,00,00,0008,0008
1249,00,01,00,00,01,B0,00,0008,00,00,00,00,00,00,00,00,00,00,0E,02,00,00,00,00,00,0000,00,00,0000,00,00,00,00,0008,0008,00,00,00,0008,0008
1250,00,01,00,00,01,B0,00,0008,00,00,00,00,00,00,00,00,00,00,0E,02,00,00,00,00,00,0000,00,00,0000,00,00,00,00,0008,0008,00,00,00,0008,0008
1251,00,01,00,00,01,B0,00,0008,00,00,00,00,00,00,00,00,00,00,0E,02,00,00,00,00,00,0000,00,00,0000,00,00,00,00,0008,0008,00,00,00,0008,0008
1252,00,01,00,00,01,B0,00,0008,00,00,00,00,00,00,00,00,00,00,0E,02,00,00,00,00,00,0000,00,00,0000,00,00,00,00,0008,0008,00,00,00,0008,0008
1253,00,01,00,00,01,B0,00,0008,00,00,00,00,00,00,00,00,00,00,0E,02,00,00,00,00,00,0000,00,00,0000,00,00,00,00,0008,0008,00,00,00,0008,0008
1254,00,01,00,00,01,B0,00,0008,00,00,00,00,00,00,00,00,00,00,0E,02,00,00,00,00,00,0000,00,00,0000,00,00,00,00,0008,0008,00,00,00,0008,0008
1255,00,01,00,00,01,B0,00,0008,00,00,00,00,00,00,00,00,00,00,0E,02,00,00,00,00,00,0000,00,00,0000,00,00,00,00,0008,0008,00,00,00,0008,0008
1256,00,01,00,00,01,B0,00,0008,00,00,00,00,00,00,00,00,00,00,0E,02,00,00,00,00,00,0000,00,00,0000,00,00,00,00,0008,0008,00,00,00,0008,0008
1257,00,01,00,00,01,B0,00,0008,00,00,00,00,00,00,00,00,00,00,0E,02,00,00,00,00,00,0000,00,00,0000,00,00,00,00,0008,0008,00,00,00,0008,0008
1258,00,01,00,00,01,B0,00,0008,00,00,00,00,00,00,00,00,00,00,0E,02,00,00,00,00,00,0000,00,00,0000,00,00,00,00,0008,0008,00,00,00,0008,0008
1259,00,01,00,00,01,B0,00,0008,00,00,00,00,00,00,00,00,00,00,0E,02,00,00,00,00,00,0000,00,00,0000,00,00,00,00,0008,0008,00,00,00,0008,0008
1260,00,01,00,00,01,B0,00,0008,00,00,00,00,00,00,00,00,00,00,0E,02,00,00,00,00,00,0000,00,00,0000,00,00,00,00,0008,0008,00,00,00,0008,0008
1261,00,01,00,00,01,B0,00,0008,00,00,00,00,00,00,00,00,00,00,0E,02,00,00,00,00,00,0000,00,00,0000,00,00,00,00,0008,0008,00,00,00,0008,0008
1262,00,01,00,00,01,B0,00,0008,00,00,00,00,00,00,00,00,00,00,0E,02,00,00,00,00,00,0000,00,00,0000,00,00,00,00,0008,0008,00,00,00,0008,0008
1263,00,01,00,00,01,B0,00,0008,00,00,00,00,00,00,00,00,00,00,0E,02,00,00,00,00,00,0000,00,00,0000,00,00,00,00,0008,0008,00,00,00,0008,0008
1264,00,01,00,00,01,B0,00,0008,00,00,00,00,00,00,00,00,00,00,0E,02,00,00,00,00,00,0000,00,00,0000,00,00,00,00,0008,0008,00,00,00,0008,0008
1265,00,01,00,00,01,B0,00,0008,00,00,00,00,00,00,00,00,00,00,0E,02,00,00,00,00,00,0000,00,00,0000,00,00,00,00,0008,0008,00,00,00,0008,0008
1266,00,01,00,00,01,B0,00,0008,00,00,00,00,00,00,00,00,00,00,0E,02,00,00,00,00,00,0000,00,00,0000,00,00,00,00,0008,0008,00,00,00,0008,0008
1267,00,01,00,00,01,B0,00,0008,00,00,00,00,00,00,00,00,00,00,0E,02,00,00,00,00,00,0000,00,00,0000,00,00,00,00,0008,0008,00,00,00,0008,0008
1268,00,01,00,00,01,B0,00,0008,00,00,00,00,00,00,00,00,00,00,0E,02,00,00,00,00,00,0000,00,00,0000,00,00,00,00,0008,0008,00,00,00,0008,0008
1269,00,01,00,00,01,B0,00,0008,00,00,00,00,00,00,00,00,00,00,0E,02,00,00,00,00,00,0000,00,00,0000,00,00,00,00,0008,0008,00,00,00,0008,0008
1270,00,01,00,00,01,B0,00,0008,00,00,00,00,00,00,00,00,00,00,0E,02,00,00,00,00,00,0000,00,00,0000,00,00,00,00,0008,0008,00,00,00,0008,0008
1271,00,01,00,00,01,B0,00,0008,00,00,00,00,00,00,00,00,00,00,0E,02,00,00,00,00,00,0000,00,00,0000,00,00,00,00,0008,0008,00,00,00,0008,0008
1272,00,01,00,00,01,B0,00,0008,00,00,00,00,00,00,00,00,00,00,0E,02,00,00,00,00,00,0000,00,00,0000,00,00,00,00,0008,0008,00,00,00,0008,0008
1273,00,01,00,00,01,B0,00,0008,00,00,00,00,00,00,00,00,00,00,0E,02,00,00,00,00,00,0000,00,00,0000,00,00,00,00,0008,0008,00,00,00,0008,0008
1274,00,01,00,00,01,B0,00,0008,00,00,00,00,00,00,00,00,00,00,0E,02,00,00,00,00,00,0000,00,00,0000,00,00,00,00,0008,0008,00,00,00,0008,0008
1275,00,01,00,00,01,B0,00,0008,00,00,00,00,00,00,00,00,00,00,0E,02,00,00,00,00,00,0000,00,00,0000,00,00,00,00,0008,0008,00,00,00,0008,0008
1276,00,01,00,00,01,B0,00,0008,00,00,00,00,00,00,00,00,00,00,0E,02,00,00,00,00,00,0000,00,00,0000,00,00,00,00,0008,0008,00,00,00,0008,0008
1277,00,01,00,00,01,B0,00,0008,00,00,00,00,00,00,00,00,00,00,0E,02,00,00,00,00,00,0000,00,00,0000,00,00,00,00,0008,0008,00,00,00,0008,0008
1278,00,01,00,00,01,B0,00,0008,00,00,00,00,00,00,00,00,00,00,0E,02,00,00,00,00,00,0000,00,00,0000,00,00,00,00,0008,0008,00,00,00,0008,0008
1279,00,01,00,00,01,B0,00,0008,00,00,00,00,00,00,00,00,00,00,0E,02,00,00,00,00,00,0000,00,00,0000,00,00,00,00,0008,0008,00,00,00,0008,0008
1280,00,01,00,00,01,B0,00,0008,00,00,00,00,00,00,00,00,00,00,0E,02,00,00,00,00,00,0000,00,00,0000,00,00,00,00,0008,0008,00,00,00,0008,0008
1281,00,01,00,00,01,B0,00,0008,00,00,00,00,00,00,00,00,00,00,0E,02,00,00,00,00,00,0000,00,00,0000,00,00,00,00,0008,0008,00,00,00,0008,0008
1282,00,01,00,00,01,B0,00,0008,00,00,00,00,00,00,00,00,00,00,0E,02,00,00,00,00,00,0000,00,00,0000,00,00,00,00,0008,0008,00,00,00,0008,0008
1283,00,01,00,00,01,B0,00,0008,00,00,00,00,00,00,00,00,00,00,0E,02,00,00,00,00,00,0000,00,00,0000,00,00,00,00,0008,0008,00,00,00,0008,0008
1284,00,01,00,00,01,B0,00,0008,00,00,00,00,00,00,00,00,00,00,0E,02,00,00,00,00,00,0000,00,00,0000,00,00,00,00,0008,0008,00,00,00,0008,0008
1285,00,01,00,00,01,B0,00,0008,00,00,00,00,00,00,00,00,00,00,0E,02,00,00,00,00,00,0000,00,00,0000,00,00,00,00,0008,0008,00,00,00,0008,0008
1286,00,01,00,00,01,B0,00,0008,00,00,00,00,00,00,00,00,00,00,0E,02,00,00,00,00,00,0000,00,00,0000,00,00,00,00,0008,0008,00,00,00,0008,0008
1287,00,01,00,00,01,B0,00,0008,00,00,00,00,00,00,00,00,00,00,0E,02,00,00,00,00,00,0000,00,00,0000,00,00,00,00,0008,0008,00,00,00,0008,0008
1288,00,01,00,00,01,B0,00,0008,00,00,00,00,00,00,00,00,00,00,0E,02,00,00,00,00,00,0000,00,00,0000,00,00,00,00,0008,0008,00,00,00,0008,0008
1289,00,01,00,00,01,B0,00,0008,00,00,00,00,00,00,00,00,00,00,0E,02,00,00,00,00,00,0000,00,00,0000,00,00,00,00,0008,0008,00,00,00,0008,0008
1290,00,01,00,00,01,B0,00,0008,00,00,00,00,00,00,00,00,00,00,0E,02,00,00,00,00,00,0000,00,00,0000,00,00,00,00,0008,0008,00,00,00,0008,0008
1291,00,01,00,00,01,B0,00,0008,00,00,00,00,00,00,00,00,00,00,0E,02,00,00,00,00,00,0000,00,00,0000,00,00,00,00,0008,0008,00,00,00,0008,0008
1292,00,01,00,00,01,B0,00,0008,00,00,00,00,00,00,00,00,00,00,0E,02,00,00,00,00,00,0000,00,00,0000,00,00,00,00,0008,0008,00,00,00,0008,0008
1293,00,01,00,00,01,B0,00,0008,00,00,00,00,00,00,00,00,00,00,0E,02,00,00,00,00,00,0000,00,00,0000,00,00,00,00,0008,0008,00,00,00,0008,0008
1294,00,01,00,00,01,B0,00,0008,00,00,00,00,00,00,00,00,00,00,0E,02,00,00,00,00,00,0000,00,00,0000,00,00,00,00,0008,0008,00,00,00,0008,0008
1295,00,01,00,00,01,B0,00,0008,00,00,00,00,00,00,00,00,00,00,0E,02,00,00,00,00,00,0000,00,00,0000,00,00,00,00,0008,0008,00,00,00,0008,0008
1296,00,01,00,00,01,B0,00,0008,00,00,00,00,00,00,00,00,00,00,0E,02,00,00,00,00,00,0000,00,00,0000,00,00,00,00,0008,0008,00,00,00,0008,0008
1297,00,01,00,00,01,B0,00,0008,00,00,00,00,00,00,00,00,00,00,0E,02,00,00,00,00,00,0000,00,00,0000,00,00,00,00,0008,0008,00,00,00,0008,0008
1298,00,01,00,00,01,B0,00,0008,00,00,00,00,00,00,00,00,00,00,0E,02,00,00,00,00,00,0000,00,00,0000,00,00,00,00,0008,0008,00,00,00,0008,0008
1299,00,01,00,00,01,B0,00,0008,00,00,00,00,00,00,00,00,00,00,0E,02,00,00,00,00,00,0000,00,00,0000,00,00,00,00,0008,0008,00,00,00,0008,0008
1300,00,01,00,00,01,B0,00,0008,00,00,00,00,00,00,00,00,00,00,0E,02,00,00,00,00,00,0000,00,00,0000,00,00,00,00,0008,0008,00,00,00,0008,0008
1301,00,01,00,00,01,B0,00,0008,00,00,00,00,00,00,00,00,00,00,0E,02,00,00,00,00,00,0000,00,00,0000,00,00,00,00,0008,0008,00,00,00,0008,0008
1302,00,01,00,00,01,B0,00,0008,00,00,00,00,00,00,00,00,00,00,0E,02,00,00,00,00,00,0000,00,00,0000,00,00,00,00,0008,0008,00,00,00,0008,0008
1303,00,01,00,00,01,B0,00,0008,00,00,00,00,00,00,00,00,00,00,0E,02,00,00,00,00,00,0000,00,00,0000,00,00,00,00,0008,0008,00,00,00,0008,0008
1304,00,01,00,00,01,B0,00,0008,00,00,00,00,00,00,00,00,00,00,0E,02,00,00,00,00,00,0000,00,00,0000,00,00,00,00,0008,0008,00,00,00,0008,0008
1305,00,01,00,00,01,B0,00,0008,00,00,00,00,00,00,00,00,00,00,0E,02,00,00,00,00,00,0000,00,00,0000,00,00,00,00,0008,0008,00,00,00,0008,0008
1306,00,01,00,00,01,B0,00,0008,00,00,00,00,00,00,00,00,00,00,0E,02,00,00,00,00,00,0000,00,00,0000,00,00,00,00,0008,0008,00,00,00,0008,0008
1307,00,01,00,00,01,B0,00,0008,00,00,00,00,00,00,00,00,00,00,0E,02,00,00,00,00,00,0000,00,00,0000,00,00,00,00,0008,0008,00,00,00,0008,0008
1308,00,01,00,00,01,B0,00,0008,00,00,00,00,00,00,00,00,00,00,0E,02,00,00,00,00,00,0000,00,00,0000,00,00,00,00,0008,0008,00,00,00,0008,0008
1309,00,01,00,00,01,B0,00,0008,00,00,00,00,00,00,00,00,00,00,0E,02,00,00,00,00,00,0000,00,00,0000,00,00,00,00,0008,0008,00,00,00,0008,0008
1310,00,01,00,00,01,B0,00,0008,00,00,00,00,00,00,00,00,00,00,0E,02,00,00,00,00,00,0000,00,00,0000,00,00,00,00,0008,0008,00,00,00,0008,0008
1311,00,01,00,00,01,B0,00,0008,00,00,00,00,00,00,00,00,00,00,0E,02,00,00,00,00,00,0000,00,00,0000,00,00,00,00,0008,0008,00,00,00,0008,0008
1312,00,01,00,00,01,B0,00,0008,00,00,00,00,00,00,00,00,00,00,0E,02,00,00,00,00,00,0000,00,00,0000,00,00,00,00,0008,0008,00,00,00,0008,0008
1313,00,01,00,00,01,B0,00,0008,00,00,00,00,00,00,00,00,00,00,0E,02,00,00,00,00,00,0000,00,00,0000,00,00,00,00,0008,0008,00,00,00,0008,0008
1314,00,01,00,00,01,B0,00,0008,00,00,00,00,00,00,00,00,00,00,0E,02,00,00,00,00,00,0000,00,00,0000,00,00,00,00,0008,0008,00,00,00,0008,0008
1315,00,01,00,00,01,B0,00,0008,00,00,00,00,00,00,00,00,00,00,0E,02,00,00,00,00,00,0000,00,00,0000,00,00,00,00,0008,0008,00,00,00,0008,0008
1316,00,01,00,00,01,B0,00,0008,00,00,00,00,00,00,00,00,00,00,0E,02,00,00,00,00,00,0000,00,00,0000,00,00,00,00,0008,0008,00,00,00,0008,0008
1317,00,01,00,00,01,B0,00,0008,00,00,00,00,00,00,00,00,00,00,0E,02,00,00,00,00,00,0000,00,00,0000,00,00,00,00,0008,0008,00,00,00,0008,0008
1318,00,01,00,00,01,B0,00,0008,00,00,00,00,00,00,00,00,00,00,0E,02,00,00,00,00,00,0000,00,00,0000,00,00,00,00,0008,0008,00,00,00,0008,0008
1319,00,01,00,00,01,B0,00,0008,00,00,00,00,00,00,00,00,00,00,0E,02,00,00,00,00,00,0000,00,00,0000,00,00,00,00,0008,0008,00,00,00,0008,0008
1320,00,01,00,00,01,B0,00,0008,00,00,00,00,00,00,00,00,00,00,0E,02,00,00,00,00,00,0000,00,00,0000,00,00,00,00,0008,0008,00,00,00,0008,0008
1321,00,01,00,00,01,B0,00,0008,00,00,00,00,00,00,00,00,00,00,0E,02,00,00,00,00,00,0000,00,00,0000,00,00,00,00,0008,0008,00,00,00,0008,0008
1322,00,01,00,00,01,B0,00,0008,00,00,00,00,00,00,00,00,00,00,0E,02,00,00,00,00,00,0000,00,00,0000,00,00,00,00,0008,0008,00,00,00,0008,0008
1323,00,01,00,00,01,B0,00,0008,00,00,00,00,00,00,00,00,00,00,0E,02,00,00,00,00,00,0000,00,00,0000,00,00,00,00,0008,0008,00,00,00,0008,0008
1324,00,01,00,00,01,B0,00,0008,00,00,00,00,00,00,00,00,00,00,0E,02,00,00,00,00,00,0000,00,00,0000,00,00,00,00,0008,0008,00,00,00,0008,0008
1325,00,01,00,00,01,B0,00,0008,00,00,00,00,00,00,00,00,00,00,0E,02,00,00,00,00,00,0000,00,00,0000,00,00,00,00,0008,0008,00,00,00,0008,0008
1326,00,01,00,00,01,B0,00,0008,00,00,00,00,00,00,00,00,00,00,0E,02,00,00,00,00,00,0000,00,00,0000,00,00,00,00,0008,0008,00,00,00,0008,0008
1327,00,01,00,00,01,B0,00,0008,00,00,00,00,00,00,00,00,00,00,0E,02,00,00,00,00,00,0000,00,00,0000,00,00,00,00,0008,0008,00,00,00,0008,0008
1328,00,01,00,00,01,B0,00,0008,00,00,00,00,00,00,00,00,00,00,0E,02,00,00,00,00,00,0000,00,00,0000,00,00,00,00,0008,0008,00,00,00,0008,0008
1329,00,01,00,00,01,B0,00,0008,00,00,00,00,00,00,00,00,00,00,0E,02,00,00,00,00,00,0000,00,00,0000,00,00,00,00,0008,0008,00,00,00,0008,0008
1330,00,01,00,00,01,B0,00,0008,00,00,00,00,00,00,00,00,00,00,0E,02,00,00,00,00,00,0000,00,00,0000,00,00,00,00,0008,0008,00,00,00,0008,0008
1331,00,01,00,00,01,B0,00,0008,00,00,00,00,00,00,00,00,00,00,0E,02,00,00,00,00,00,0000,00,00,0000,00,00,00,00,0008,0008,00,00,00,0008,0008
1332,00,01,00,00,01,B0,00,0008,00,00,00,00,00,00,00,00,00,00,0E,02,00,00,00,00,00,0000,00,00,0000,00,00,00,00,0008,0008,00,00,00,0008,0008
1333,00,01,00,00,01,B0,00,0008,00,00,00,00,00,00,00,00,00,00,0E,02,00,00,00,00,00,0000,00,00,0000,00,00,00,00,0008,0008,00,00,00,0008,0008
1334,00,01,00,00,01,B0,00,0008,00,00,00,00,00,00,00,00,00,00,0E,02,00,00,00,00,00,0000,00,00,0000,00,00,00,00,0008,0008,00,00,00,0008,0008
1335,00,01,00,00,01,B0,00,0008,00,00,00,00,00,00,00,00,00,00,0E,02,00,00,00,00,00,0000,00,00,0000,00,00,00,00,0008,0008,00,00,00,0008,0008
1336,00,01,00,00,01,B0,00,0008,00,00,00,00,00,00,00,00,00,00,0E,02,00,00,00,00,00,0000,00,00,0000,00,00,00,00,0008,0008,00,00,00,0008,0008
1337,00,01,00,00,01,B0,00,0008,00,00,00,00,00,00,00,00,00,00,0E,02,00,00,00,00,00,0000,00,00,0000,00,00,00,00,0008,0008,00,00,00,0008,0008
1338,00,01,00,00,01,B0,00,0008,00,00,00,00,00,00,00,00,00,00,0E,02,00,00,00,00,00,0000,00,00,0000,00,00,00,00,0008,0008,00,00,00,0008,0008
1339,00,01,00,00,01,B0,00,0008,00,00,00,00,00,00,00,00,00,00,0E,02,00,00,00,00,00,0000,00,00,0000,00,00,00,00,0008,0008,00,00,00,0008,0008
1340,00,01,00,00,01,B0,00,0008,00,00,00,00,00,00,00,00,00,00,0E,02,00,00,00,00,00,0000,00,00,0000,00,00,00,00,0008,0008,00,00,00,0008,0008
1341,00,01,00,00,01,B0,00,0008,00,00,00,00,00,00,00,00,00,00,0E,02,00,00,00,00,00,0000,00,00,0000,00,00,00,00,0008,0008,00,00,00,0008,0008
1342,00,01,00,00,01,B0,00,0008,00,00,00,00,00,00,00,00,00,00,0E,02,00,00,00,00,00,0000,00,00,0000,00,00,00,00,0008,0008,00,00,00,0008,0008
1343,00,01,00,00,01,B0,00,0008,00,00,00,00,00,00,00,00,00,00,0E,02,00,00,00,00,00,0000,00,00,0000,00,00,00,00,0008,0008,00,00,00,0008,0008
1344,00,01,00,00,01,B0,00,0008,00,00,00,00,00,00,00,00,00,00,0E,02,00,00,00,00,00,0000,00,00,0000,00,00,00,00,0008,0008,00,00,00,0008,0008
1345,00,01,00,00,01,B0,00,0008,00,00,00,00,00,00,00,00,00,00,0E,02,00,00,00,00,00,0000,00,00,0000,00,00,00,00,0008,0008,00,00,00,0008,0008
1346,00,01,00,00,01,B0,00,0008,00,00,00,00,00,00,00,00,00,00,0E,02,00,00,00,00,00,0000,00,00,0000,00,00,00,00,0008,0008,00,00,00,0008,0008
1347,00,01,00,00,01,B0,00,0008,00,00,00,00,00,00,00,00,00,00,0E,02,00,00,00,00,00,0000,00,00,0000,00,00,00,00,0008,0008,00,00,00,0008,0008
1348,00,01,00,00,01,B0,00,0008,00,00,00,00,00,00,00,00,00,00,0E,02,00,00,00,00,00,0000,00,00,0000,00,00,00,00,0008,0008,00,00,00,0008,0008
1349,00,01,00,00,01,B0,00,0008,00,00,00,00,00,00,00,00,00,00,0E,02,00,00,00,00,00,0000,00,00,0000,00,00,00,00,0008,0008,00,00,00,0008,0008
1350,00,01,00,00,01,B0,00,0008,00,00,00,00,00,00,00,00,00,00,0E,02,00,00,00,00,00,0000,00,00,0000,00,00,00,00,0008,0008,00,00,00,0008,0008
1351,00,01,00,00,01,B0,00,0008,00,00,00,00,00,00,00,00,00,00,0E,02,00,00,00,00,00,0000,00,00,0000,00,00,00,00,0008,0008,00,00,00,0008,0008
1352,00,01,00,00,01,B0,00,0008,00,00,00,00,00,00,00,00,00,00,0E,02,00,00,00,00,00,0000,00,00,0000,00,00,00,00,0008,0008,00,00,00,0008,0008
1353,00,01,00,00,01,B0,00,0008,00,00,00,00,00,00,00,00,00,00,0E,02,00,00,00,00,00,0000,00,00,0000,00,00,00,00,0008,0008,00,00,00,0008,0008
1354,00,01,00,00,01,B0,00,0008,00,00,00,00,00,00,00,00,00,00,0E,02,00,00,00,00,00,0000,00,00,0000,00,00,00,00,0008,0008,00,00,00,0008,0008
1355,00,01,00,00,01,B0,00,0008,00,00,00,00,00,00,00,00,00,00,0E,02,00,00,00,00,00,0000,00,00,0000,00,00,00,00,0008,0008,00,00,00,0008,0008
1356,00,01,00,00,01,B0,00,0008,00,00,00,00,00,00,00,00,00,00,0E,02,00,00,00,00,00,0000,00,00,0000,00,00,00,00,0008,0008,00,00,00,0008,0008
1357,00,01,00,00,01,B0,00,0008,00,00,00,00,00,00,00,00,00,00,0E,02,00,00,00,00,00,0000,00,00,0000,00,00,00,00,0008,0008,00,00,00,0008,0008
1358,00,01,00,00,01,B0,00,0008,00,00,00,00,00,00,00,00,00,00,0E,02,00,00,00,00,00,0000,00,00,0000,00,00,00,00,0008,0008,00,00,00,0008,0008
1359,00,01,00,00,01,B0,00,0008,00,00,00,00,00,00,00,00,00,00,0E,02,00,00,00,00,00,0000,00,00,0000,00,00,00,00,0008,0008,00,00,00,0008,0008
1360,00,01,00,00,01,B0,00,0008,00,00,00,00,00,00,00,00,00,00,0E,02,00,00,00,00,00,0000,00,00,0000,00,00,00,00,0008,0008,00,00,00,0008,0008
1361,00,01,00,00,01,B0,00,0008,00,00,00,00,00,00,00,00,00,00,0E,02,00,00,00,00,00,0000,00,00,0000,00,00,00,00,0008,0008,00,00,00,0008,0008
1362,00,01,00,00,01,B0,00,0008,00,00,00,00,00,00,00,00,00,00,0E,02,00,00,00,00,00,0000,00,00,0000,00,00,00,00,0008,0008,00,00,00,0008,0008
1363,00,01,00,00,01,B0,00,0008,00,00,00,00,00,00,00,00,00,00,0E,02,00,00,00,00,00,0000,00,00,0000,00,00,00,00,0008,0008,00,00,00,0008,0008
1364,00,01,00,00,01,B0,00,0008,00,00,00,00,00,00,00,00,00,00,0E,02,00,00,00,00,00,0000,00,00,0000,00,00,00,00,0008,0008,00,00,00,0008,0008
1365,00,01,00,00,01,B0,00,0008,00,00,00,00,00,00,00,00,00,00,0E,02,00,00,00,00,00,0000,00,00,0000,00,00,00,00,0008,0008,00,00,00,0008,0008
1366,00,01,00,00,01,B0,00,0008,00,00,00,00,00,00,00,00,00,00,0E,02,00,00,00,00,00,0000,00,00,0000,00,00,00,00,0008,0008,00,00,00,0008,0008
1367,00,01,00,00,01,B0,00,0008,00,00,00,00,00,00,00,00,00,00,0E,02,00,00,00,00,00,0000,00,00,0000,00,00,00,00,0008,0008,00,00,00,0008,0008
1368,00,01,00,00,01,B0,00,0008,00,00,00,00,00,00,00,00,00,00,0E,02,00,00,00,00,00,0000,00,00,0000,00,00,00,00,0008,0008,00,00,00,0008,0008
1369,00,01,00,00,01,B0,00,0008,00,00,00,00,00,00,00,00,00,00,0E,02,00,00,00,00,00,0000,00,00,0000,00,00,00,00,0008,0008,00,00,00,0008,0008
1370,00,01,00,00,01,B0,00,0008,00,00,00,00,00,00,00,00,00,00,0E,02,00,00,00,00,00,0000,00,00,0000,00,00,00,00,0008,0008,00,00,00,0008,0008
1371,00,01,00,00,01,B0,00,0008,00,00,00,00,00,00,00,00,00,00,0E,02,00,00,00,00,00,0000,00,00,0000,00,00,00,00,0008,0008,00,00,00,0008,0008
1372,00,01,00,00,01,B0,00,0008,00,00,00,00,00,00,00,00,00,00,0E,02,00,00,00,00,00,0000,00,00,0000,00,00,00,00,0008,0008,00,00,00,0008,0008
1373,00,01,00,00,01,B0,00,0008,00,00,00,00,00,00,00,00,00,00,0E,02,00,00,00,00,00,0000,00,00,0000,00,00,00,00,0008,0008,00,00,00,0008,0008
1374,00,01,00,00,01,B0,00,0008,00,00,00,00,00,00,00,00,00,00,0E,02,00,00,00,00,00,0000,00,00,0000,00,00,00,00,0008,0008,00,00,00,0008,0008
1375,00,01,00,00,01,B0,00,0008,00,00,00,00,00,00,00,00,00,00,0E,02,00,00,00,00,00,0000,00,00,0000,00,00,00,00,0008,0008,00,00,00,0008,0008
1376,00,01,00,00,01,B0,00,0008,00,00,00,00,00,00,00,00,00,00,0E,02,00,00,00,00,00,0000,00,00,0000,00,00,00,00,0008,0008,00,00,00,0008,0008
1377,00,01,00,00,01,B0,00,0008,00,00,00,00,00,00,00,00,00,00,0E,02,00,00,00,00,00,0000,00,00,0000,00,00,00,00,0008,0008,00,00,00,0008,0008
1378,00,01,00,00,01,B0,00,0008,00,00,00,00,00,00,00,00,00,00,0E,02,00,00,00,00,00,0000,00,00,0000,00,00,00,00,0008,0008,00,00,00,0008,0008
1379,00,01,00,00,01,B0,00,0008,00,00,00,00,00,00,00,00,00,00,0E,02,00,00,00,00,00,0000,00,00,0000,00,00,00,00,0008,0008,00,00,00,0008,0008
1380,00,01,00,00,01,B0,00,0008,00,00,00,00,00,00,00,00,00,00,0E,02,00,00,00,00,00,0000,00,00,0000,00,00,00,00,0008,0008,00,00,00,0008,0008
1381,00,01,00,00,01,B0,00,0008,00,00,00,00,00,00,00,00,00,00,0E,02,00,00,00,00,00,0000,00,00,0000,00,00,00,00,0008,0008,00,00,00,0008,0008
1382,00,01,00,00,01,B0,00,0008,00,00,00,00,00,00,00,00,00,00,0E,02,00,00,00,00,00,0000,00,00,0000,00,00,00,00,0008,0008,00,00,00,0008,0008
1383,00,01,00,00,01,B0,00,0008,00,00,00,00,00,00,00,00,00,00,0E,02,00,00,00,00,00,0000,00,00,0000,00,00,00,00,0008,0008,00,00,00,0008,0008
1384,00,01,00,00,01,B0,00,0008,00,00,00,00,00,00,00,00,00,00,0E,02,00,00,00,00,00,0000,00,00,0000,00,00,00,00,0008,0008,00,00,00,0008,0008
1385,00,01,00,00,01,B0,00,0008,00,00,00,00,00,00,00,00,00,00,0E,02,00,00,00,00,00,0000,00,00,0000,00,00,00,00,0008,0008,00,00,00,0008,0008
1386,00,01,00,00,01,B0,00,0008,00,00,00,00,00,00,00,00,00,00,0E,02,00,00,00,00,00,0000,00,00,0000,00,00,00,00,0008,0008,00,00,00,0008,0008
1387,00,01,00,00,01,B0,00,0008,00,00,00,00,00,00,00,00,00,00,0E,02,00,00,00,00,00,0000,00,00,0000,00,00,00,00,0008,0008,00,00,00,0008,0008
1388,00,01,00,00,01,B0,00,0008,00,00,00,00,00,00,00,00,00,00,0E,02,00,00,00,00,00,0000,00,00,0000,00,00,00,00,0008,0008,00,00,00,0008,0008
1389,00,01,00,00,01,B0,00,0008,00,00,00,00,00,00,00,00,00,00,0E,02,00,00,00,00,00,0000,00,00,0000,00,00,00,00,0008,0008,00,00,00,0008,0008
1390,00,01,00,00,01,B0,00,0008,00,00,00,00,00,00,00,00,00,00,0E,02,00,00,00,00,00,0000,00,00,0000,00,00,00,00,0008,0008,00,00,00,0008,0008
1391,00,01,00,00,01,B0,00,0008,00,00,00,00,00,00,00,00,00,00,0E,02,00,00,00,00,00,0000,00,00,0000,00,00,00,00,0008,0008,00,00,00,0008,0008
1392,00,01,00,00,01,B0,00,0008,00,00,00,00,00,00,00,00,00,00,0E,02,00,00,00,00,00,0000,00,00,0000,00,00,00,00,0008,0008,00,00,00,0008,0008
1393,00,01,00,00,01,B0,00,0008,00,00,00,00,00,00,00,00,00,00,0E,02,00,00,00,00,00,0000,00,00,0000,00,00,00,00,0008,0008,00,00,00,0008,0008
1394,00,01,00,00,01,B0,00,0008,00,00,00,00,00,00,00,00,00,00,0E,02,00,00,00,00,00,0000,00,00,0000,00,00,00,00,0008,0008,00,00,00,0008,0008
1395,00,01,00,00,01,B0,00,0008,00,00,00,00,00,00,00,00,00,00,0E,02,00,00,00,00,00,0000,00,00,0000,00,00,00,00,0008,0008,00,00,00,0008,0008
1396,00,01,00,00,01,B0,00,0008,00,00,00,00,00,00,00,00,00,00,0E,02,00,00,00,00,00,0000,00,00,0000,00,00,00,00,0008,0008,00,00,00,0008,0008
1397,00,01,00,00,01,B0,00,0008,00,00,00,00,00,00,00,00,00,00,0E,02,00,00,00,00,00,0000,00,00,0000,00,00,00,00,0008,0008,00,00,00,0008,0008
1398,00,01,00,00,01,B0,00,0008,00,00,00,00,00,00,00,00,00,00,0E,02,00,00,00,00,00,0000,00,00,0000,00,00,00,00,0008,0008,00,00,00,0008,0008
1399,00,01,00,00,01,B0,00,0008,00,00,00,00,00,00,00,00,00,00,0E,02,00,00,00,00,00,0000,00,00,0000,00,00,00,00,0008,0008,00,00,00,0008,0008
1400,00,01,00,00,01,B0,00,0008,00,00,00,00,00,00,00,00,00,00,0E,02,00,00,00,00,00,0000,00,00,0000,00,00,00,00,0008,0008,00,00,00,0008,0008
1401,00,01,00,00,01,B0,00,0008,00,00,00,00,00,00,00,00,00,00,0E,02,00,00,00,00,00,0000,00,00,0000,00,00,00,00,0008,0008,00,00,00,0008,0008
1402,00,01,00,00,01,B0,00,0008,00,00,00,00,00,00,00,00,00,00,0E,02,00,00,00,00,00,0000,00,00,0000,00,00,00,00,0008,0008,00,00,00,0008,0008
1403,00,01,00,00,01,B0,00,0008,00,00,00,00,00,00,00,00,00,00,0E,02,00,00,00,00,00,0000,00,00,0000,00,00,00,00,0008,0008,00,00,00,0008,0008
1404,00,01,00,00,01,B0,00,0008,00,00,00,00,00,00,00,00,00,00,0E,02,00,00,00,00,00,0000,00,00,0000,00,00,00,00,0008,0008,00,00,00,0008,0008
1405,00,01,00,00,01,B0,00,0008,00,00,00,00,00,00,00,00,00,00,0E,02,00,00,00,00,00,0000,00,00,0000,00,00,00,00,0008,0008,00,00,00,0008,0008
1406,00,01,00,00,01,B0,00,0008,00,00,00,00,00,00,00,00,00,00,0E,02,00,00,00,00,00,0000,00,00,0000,00,00,00,00,0008,0008,00,00,00,0008,0008
1407,00,01,00,00,01,B0,00,0008,00,00,00,00,00,00,00,00,00,00,0E,02,00,00,00,00,00,0000,00,00,0000,00,00,00,00,0008,0008,00,00,00,0008,0008
1408,00,01,00,00,01,B0,00,0008,00,00,00,00,00,00,00,00,00,00,0E,02,00,00,00,00,00,0000,00,00,0000,00,00,00,00,0008,0008,00,00,00,0008,0008
1409,00,01,00,00,01,B0,00,0008,00,00,00,00,00,00,00,00,00,00,0E,02,00,00,00,00,00,0000,00,00,0000,00,00,00,00,0008,0008,00,00,00,0008,0008
1410,00,01,00,00,01,B0,00,0008,00,00,00,00,00,00,00,00,00,00,0E,02,00,00,00,00,00,0000,00,00,0000,00,00,00,00,0008,0008,00,00,00,0008,0008
1411,00,01,00,00,01,B0,00,0008,00,00,00,00,00,00,00,00,00,00,0E,02,00,00,00,00,00,0000,00,00,0000,00,00,00,00,0008,0008,00,00,00,0008,0008
1412,00,01,00,00,01,B0,00,0008,00,00,00,00,00,00,00,00,00,00,0E,02,00,00,00,00,00,0000,00,00,0000,00,00,00,00,0008,0008,00,00,00,0008,0008
1413,00,01,00,00,01,B0,00,0008,00,00,00,00,00,00,00,00,00,00,0E,02,00,00,00,00,00,0000,00,00,0000,00,00,00,00,0008,0008,00,00,00,0008,0008
1414,00,01,00,00,01,B0,00,0008,00,00,00,00,00,00,00,00,00,00,0E,02,00,00,00,00,00,0000,00,00,0000,00,00,00,00,0008,0008,00,00,00,0008,0008
1415,00,01,00,00,01,B0,00,0008,00,00,00,00,00,00,00,00,00,00,0E,02,00,00,00,00,00,0000,00,00,0000,00,00,00,00,0008,0008,00,00,00,0008,0008
1416,00,01,00,00,01,B0,00,0008,00,00,00,00,00,00,00,00,00,00,0E,02,00,00,00,00,00,0000,00,00,0000,00,00,00,00,0008,0008,00,00,00,0008,0008
1417,00,01,00,00,01,B0,00,0008,00,00,00,00,00,00,00,00,00,00,0E,02,00,00,00,00,00,0000,00,00,0000,00,00,00,00,0008,0008,00,00,00,0008,0008
1418,00,01,00,00,01,B0,00,0008,00,00,00,00,00,00,00,00,00,00,0E,02,00,00,00,00,00,0000,00,00,0000,00,00,00,00,0008,0008,00,00,00,0008,0008
1419,00,01,00,00,01,B0,00,0008,00,00,00,00,00,00,00,00,00,00,0E,02,00,00,00,00,00,0000,00,00,0000,00,00,00,00,0008,0008,00,00,00,0008,0008
1420,00,01,00,00,01,B0,00,0008,00,00,00,00,00,00,00,00,00,00,0E,02,00,00,00,00,00,0000,00,00,0000,00,00,00,00,0008,0008,00,00,00,0008,0008
1421,00,01,00,00,01,B0,00,0008,00,00,00,00,00,00,00,00,00,00,0E,02,00,00,00,00,00,0000,00,00,0000,00,00,00,00,0008,0008,00,00,00,0008,0008
1422,00,01,00,00,01,B0,00,0008,00,00,00,00,00,00,00,00,00,00,0E,02,00,00,00,00,00,0000,00,00,0000,00,00,00,00,0008,0008,00,00,00,0008,0008
1423,00,01,00,00,01,B0,00,0008,00,00,00,00,00,00,00,00,00,00,0E,02,00,00,00,00,00,0000,00,00,0000,00,00,00,00,0008,0008,00,00,00,0008,0008
1424,00,01,00,00,01,B0,00,0008,00,00,00,00,00,00,00,00,00,00,0E,02,00,00,00,00,00,0000,00,00,0000,00,00,00,00,0008,0008,00,00,00,0008,0008
1425,00,01,00,00,01,B0,00,0008,00,00,00,00,00,00,00,00,00,00,0E,02,00,00,00,00,00,0000,00,00,0000,00,00,00,00,0008,0008,00,00,00,0008,0008
1426,00,01,00,00,01,B0,00,0008,00,00,00,00,00,00,00,00,00,00,0E,02,00,00,00,00,00,0000,00,00,0000,00,00,00,00,0008,0008,00,00,00,0008,0008
1427,00,01,00,00,01,B0,00,0008,00,00,00,00,00,00,00,00,00,00,0E,02,00,00,00,00,00,0000,00,00,0000,00,00,00,00,0008,0008,00,00,00,0008,0008
1428,00,01,00,00,01,B0,00,0008,00,00,00,00,00,00,00,00,00,00,0E,02,00,00,00,00,00,0000,00,00,0000,00,00,00,00,0008,0008,00,00,00,0008,0008
1429,00,01,00,00,01,B0,00,0008,00,00,00,00,00,00,00,00,00,00,0E,02,00,00,00,00,00,0000,00,00,0000,00,00,00,00,0008,0008,00,00,00,0008,0008
1430,00,01,00,00,01,B0,00,0008,00,00,00,00,00,00,00,00,00,00,0E,02,00,00,00,00,00,0000,00,00,0000,00,00,00,00,0008,0008,00,00,00,0008,0008
1431,00,01,00,00,01,B0,00,0008,00,00,00,00,00,00,00,00,00,00,0E,02,00,00,00,00,00,0000,00,00,0000,00,00,00,00,0008,0008,00,00,00,0008,0008
1432,00,01,00,00,01,B0,00,0008,00,00,00,00,00,00,00,00,00,00,0E,02,00,00,00,00,00,0000,00,00,0000,00,00,00,00,0008,0008,00,00,00,0008,0008
1433,00,01,00,00,01,B0,00,0008,00,00,00,00,00,00,00,00,00,00,0E,02,00,00,00,00,00,0000,00,00,0000,00,00,00,00,0008,0008,00,00,00,0008,0008
1434,00,01,00,00,01,B0,00,0008,00,00,00,00,00,00,00,00,00,00,0E,02,00,00,00,00,00,0000,00,00,0000,00,00,00,00,0008,0008,00,00,00,0008,0008
1435,00,01,00,00,01,B0,00,0008,00,00,00,00,00,00,00,00,00,00,0E,02,00,00,00,00,00,0000,00,00,0000,00,00,00,00,0008,0008,00,00,00,0008,0008
1436,00,01,00,00,01,B0,00,0008,00,00,00,00,00,00,00,00,00,00,0E,02,00,00,00,00,00,0000,00,00,0000,00,00,00,00,0008,0008,00,00,00,0008,0008
1437,00,01,00,00,01,B0,00,0008,00,00,00,00,00,00,00,00,00,00,0E,02,00,00,00,00,00,0000,00,00,0000,00,00,00,00,0008,0008,00,00,00,0008,0008
1438,00,01,00,00,01,B0,00,0008,00,00,00,00,00,00,00,00,00,00,0E,02,00,00,00,00,00,0000,00,00,0000,00,00,00,00,0008,0008,00,00,00,0008,0008
1439,00,01,00,00,01,B0,00,0008,00,00,00,00,00,00,00,00,00,00,0E,02,00,00,00,00,00,0000,00,00,0000,00,00,00,00,0008,0008,00,00,00,0008,0008
1440,00,01,00,00,01,B0,00,0008,00,00,00,00,00,00,00,00,00,00,0E,02,00,00,00,00,00,0000,00,00,0000,00,00,00,00,0008,0008,00,00,00,0008,0008
1441,00,01,00,00,01,B0,00,0008,00,00,00,00,00,00,00,00,00,00,0E,02,00,00,00,00,00,0000,00,00,0000,00,00,00,00,0008,0008,00,00,00,0008,0008
1442,00,01,00,00,01,B0,00,0008,00,00,00,00,00,00,00,00,00,00,0E,02,00,00,00,00,00,0000,00,00,0000,00,00,00,00,0008,0008,00,00,00,0008,0008
1443,00,01,00,00,01,B0,00,0008,00,00,00,00,00,00,00,00,00,00,0E,02,00,00,00,00,00,0000,00,00,0000,00,00,00,00,0008,0008,00,00,00,0008,0008
1444,00,01,00,00,01,B0,00,0008,00,00,00,00,00,00,00,00,00,00,0E,02,00,00,00,00,00,0000,00,00,0000,00,00,00,00,0008,0008,00,00,00,0008,0008
1445,00,01,00,00,01,B0,00,0008,00,00,00,00,00,00,00,00,00,00,0E,02,00,00,00,00,00,0000,00,00,0000,00,00,00,00,0008,0008,00,00,00,0008,0008
1446,00,01,00,00,01,B0,00,0008,00,00,00,00,00,00,00,00,00,00,0E,02,00,00,00,00,00,0000,00,00,0000,00,00,00,00,0008,0008,00,00,00,0008,0008
1447,00,01,00,00,01,B0,00,0008,00,00,00,00,00,00,00,00,00,00,0E,02,00,00,00,00,00,0000,00,00,0000,00,00,00,00,0008,0008,00,00,00,0008,0008
1448,00,01,00,00,01,B0,00,0008,00,00,00,00,00,00,00,00,00,00,0E,02,00,00,00,00,00,0000,00,00,0000,00,00,00,00,0008,0008,00,00,00,0008,0008
1449,00,01,00,00,01,B0,00,0008,00,00,00,00,00,00,00,00,00,00,0E,02,00,00,00,00,00,0000,00,00,0000,00,00,00,00,0008,0008,00,00,00,0008,0008
1450,00,01,00,00,01,B0,00,0008,00,00,00,00,00,00,00,00,00,00,0E,02,00,00,00,00,00,0000,00,00,0000,00,00,00,00,0008,0008,00,00,00,0008,0008
1451,00,01,00,00,01,B0,00,0008,00,00,00,00,00,00,00,00,00,00,0E,02,00,00,00,00,00,0000,00,00,0000,00,00,00,00,0008,0008,00,00,00,0008,0008
1452,00,01,00,00,01,B0,00,0008,00,00,00,00,00,00,00,00,00,00,0E,02,00,00,00,00,00,0000,00,00,0000,00,00,00,00,0008,0008,00,00,00,0008,0008
1453,00,01,00,00,01,B0,00,0008,00,00,00,00,00,00,00,00,00,00,0E,02,00,00,00,00,00,0000,00,00,0000,00,00,00,00,0008,0008,00,00,00,0008,0008
1454,00,01,00,00,01,B0,00,0008,00,00,00,00,00,00,00,00,00,00,0E,02,00,00,00,00,00,0000,00,00,0000,00,00,00,00,0008,0008,00,00,00,0008,0008
1455,00,01,00,00,01,B0,00,0008,00,00,00,00,00,00,00,00,00,00,0E,02,00,00,00,00,00,0000,00,00,0000,00,00,00,00,0008,0008,00,00,00,0008,0008
1456,00,01,00,00,01,B0,00,0008,00,00,00,00,00,00,00,00,00,00,0E,02,00,00,00,00,00,0000,00,00,0000,00,00,00,00,0008,0008,00,00,00,0008,0008
1457,00,01,00,00,01,B0,00,0008,00,00,00,00,00,00,00,00,00,00,0E,02,00,00,00,00,00,0000,00,00,0000,00,00,00,00,0008,0008,00,00,00,0008,0008
1458,00,01,00,00,01,B0,00,0008,00,00,00,00,00,00,00,00,00,00,0E,02,00,00,00,00,00,0000,00,00,0000,00,00,00,00,0008,0008,00,00,00,0008,0008
1459,00,01,00,00,01,B0,00,0008,00,00,00,00,00,00,00,00,00,00,0E,02,00,00,00,00,00,0000,00,00,0000,00,00,00,00,0008,0008,00,00,00,0008,0008
1460,00,01,00,00,01,B0,00,0008,00,00,00,00,00,00,00,00,00,00,0E,02,00,00,00,00,00,0000,00,00,0000,00,00,00,00,0008,0008,00,00,00,0008,0008
1461,00,01,00,00,01,B0,00,0008,00,00,00,00,00,00,00,00,00,00,0E,02,00,00,00,00,00,0000,00,00,0000,00,00,00,00,0008,0008,00,00,00,0008,0008
1462,00,01,00,00,01,B0,00,0008,00,00,00,00,00,00,00,00,00,00,0E,02,00,00,00,00,00,0000,00,00,0000,00,00,00,00,0008,0008,00,00,00,0008,0008
1463,00,01,00,00,01,B0,00,0008,00,00,00,00,00,00,00,00,00,00,0E,02,00,00,00,00,00,0000,00,00,0000,00,00,00,00,0008,0008,00,00,00,0008,0008
1464,00,01,00,00,01,B0,00,0008,00,00,00,00,00,00,00,00,00,00,0E,02,00,00,00,00,00,0000,00,00,0000,00,00,00,00,0008,0008,00,00,00,0008,0008
1465,00,01,00,00,01,B0,00,0008,00,00,00,00,00,00,00,00,00,00,0E,02,00,00,00,00,00,0000,00,00,0000,00,00,00,00,0008,0008,00,00,00,0008,0008
1466,00,01,00,00,01,B0,00,0008,00,00,00,00,00,00,00,00,00,00,0E,02,00,00,00,00,00,0000,00,00,0000,00,00,00,00,0008,0008,00,00,00,0008,0008
1467,00,01,00,00,01,B0,00,0008,00,00,00,00,00,00,00,00,00,00,0E,02,00,00,00,00,00,0000,00,00,0000,00,00,00,00,0008,0008,00,00,00,0008,0008
1468,00,01,00,00,01,B0,00,0008,00,00,00,00,00,00,00,00,00,00,0E,02,00,00,00,00,00,0000,00,00,0000,00,00,00,00,0008,0008,00,00,00,0008,0008
1469,00,01,00,00,01,B0,00,0008,00,00,00,00,00,00,00,00,00,00,0E,02,00,00,00,00,00,0000,00,00,0000,00,00,00,00,0008,0008,00,00,00,0008,0008
1470,00,01,00,00,01,B0,00,0008,00,00,00,00,00,00,00,00,00,00,0E,02,00,00,00,00,00,0000,00,00,0000,00,00,00,00,0008,0008,00,00,00,0008,0008
1471,00,01,00,00,01,B0,00,0008,00,00,00,00,00,00,00,00,00,00,0E,02,00,00,00,00,00,0000,00,00,0000,00,00,00,00,0008,0008,00,00,00,0008,0008
1472,00,01,00,00,01,B0,00,0008,00,00,00,00,00,00,00,00,00,00,0E,02,00,00,00,00,00,0000,00,00,0000,00,00,00,00,0008,0008,00,00,00,0008,0008
1473,00,01,00,00,01,B0,00,0008,00,00,00,00,00,00,00,00,00,00,0E,02,00,00,00,00,00,0000,00,00,0000,00,00,00,00,0008,0008,00,00,00,0008,0008
1474,00,01,00,00,01,B0,00,0008,00,00,00,00,00,00,00,00,00,00,0E,02,00,00,00,00,00,0000,00,00,0000,00,00,00,00,0008,0008,00,00,00,0008,0008
1475,00,01,00,00,01,B0,00,0008,00,00,00,00,00,00,00,00,00,00,0E,02,00,00,00,00,00,0000,00,00,0000,00,00,00,00,0008,0008,00,00,00,0008,0008
1476,00,01,00,00,01,B0,00,0008,00,00,00,00,00,00,00,00,00,00,0E,02,00,00,00,00,00,0000,00,00,0000,00,00,00,00,0008,0008,00,00,00,0008,0008
1477,00,01,00,00,01,B0,00,0008,00,00,00,00,00,00,00,00,00,00,0E,02,00,00,00,00,00,0000,00,00,0000,00,00,00,00,0008,0008,00,00,00,0008,0008
1478,00,01,00,00,01,B0,00,0008,00,00,00,00,00,00,00,00,00,00,0E,02,00,00,00,00,00,0000,00,00,0000,00,00,00,00,0008,0008,00,00,00,0008,0008
1479,00,01,00,00,01,B0,00,0008,00,00,00,00,00,00,00,00,00,00,0E,02,00,00,00,00,00,0000,00,00,0000,00,00,00,00,0008,0008,00,00,00,0008,0008
1480,00,01,00,00,01,B0,00,0008,00,00,00,00,00,00,00,00,00,00,0E,02,00,00,00,00,00,0000,00,00,0000,00,00,00,00,0008,0008,00,00,00,0008,0008
1481,00,01,00,00,01,B0,00,0008,00,00,00,00,00,00,00,00,00,00,0E,02,00,00,00,00,00,0000,00,00,0000,00,00,00,00,0008,0008,00,00,00,0008,0008
1482,00,01,00,00,01,B0,00,0008,00,00,00,00,00,00,00,00,00,00,0E,02,00,00,00,00,00,0000,00,00,0000,00,00,00,00,0008,0008,00,00,00,0008,0008
1483,00,01,00,00,01,B0,00,0008,00,00,00,00,00,00,00,00,00,00,0E,02,00,00,00,00,00,0000,00,00,0000,00,00,00,00,0008,0008,00,00,00,0008,0008
1484,00,01,00,00,01,B0,00,0008,00,00,00,00,00,00,00,00,00,00,0E,02,00,00,00,00,00,0000,00,00,0000,00,00,00,00,0008,0008,00,00,00,0008,0008
1485,00,01,00,00,01,B0,00,0008,00,00,00,00,00,00,00,00,00,00,0E,02,00,00,00,00,00,0000,00,00,0000,00,00,00,00,0008,0008,00,00,00,0008,0008
1486,00,01,00,00,01,B0,00,0008,00,00,00,00,00,00,00,00,00,00,0E,02,00,00,00,00,00,0000,00,00,0000,00,00,00,00,0008,0008,00,00,00,0008,0008
1487,00,01,00,00,01,B0,00,0008,00,00,00,00,00,00,00,00,00,00,0E,02,00,00,00,00,00,0000,00,00,0000,00,00,00,00,0008,0008,00,00,00,0008,0008
1488,00,01,00,00,01,B0,00,0008,00,00,00,00,00,00,00,00,00,00,0E,02,00,00,00,00,00,0000,00,00,0000,00,00,00,00,0008,0008,00,00,00,0008,0008
1489,00,01,00,00,01,B0,00,0008,00,00,00,00,00,00,00,00,00,00,0E,02,00,00,00,00,00,0000,00,00,0000,00,00,00,00,0008,0008,00,00,00,0008,0008
1490,00,01,00,00,01,B0,00,0008,00,00,00,00,00,00,00,00,00,00,0E,02,00,00,00,00,00,0000,00,00,0000,00,00,00,00,0008,0008,00,00,00,0008,0008
1491,00,01,00,00,01,B0,00,0008,00,00,00,00,00,00,00,00,00,00,0E,02,00,00,00,00,00,0000,00,00,0000,00,00,00,00,0008,0008,00,00,00,0008,0008
1492,00,01,00,00,01,B0,00,0008,00,00,00,00,00,00,00,00,00,00,0E,02,00,00,00,00,00,0000,00,00,0000,00,00,00,00,0008,0008,00,00,00,0008,0008
1493,00,01,00,00,01,B0,00,0008,00,00,00,00,00,00,00,00,00,00,0E,02,00,00,00,00,00,0000,00,00,0000,00,00,00,00,0008,0008,00,00,00,0008,0008
1494,00,01,00,00,01,B0,00,0008,00,00,00,00,00,00,00,00,00,00,0E,02,00,00,00,00,00,0000,00,00,0000,00,00,00,00,0008,0008,00,00,00,0008,0008
1495,00,01,00,00,01,B0,00,0008,00,00,00,00,00,00,00,00,00,00,0E,02,00,00,00,00,00,0000,00,00,0000,00,00,00,00,0008,0008,00,00,00,0008,0008
1496,00,01,00,00,01,B0,00,0008,00,00,00,00,00,00,00,00,00,00,0E,02,00,00,00,00,00,0000,00,00,0000,00,00,00,00,0008,0008,00,00,00,0008,0008
1497,00,01,00,00,01,B0,00,0008,00,00,00,00,00,00,00,00,00,00,0E,02,00,00,00,00,00,0000,00,00,0000,00,00,00,00,0008,0008,00,00,00,0008,0008
1498,00,01,00,00,01,B0,00,0008,00,00,00,00,00,00,00,00,00,00,0E,02,00,00,00,00,00,0000,00,00,0000,00,00,00,00,0008,0008,00,00,00,0008,0008
1499,00,01,00,00,01,B0,00,0008,00,00,00,00,00,00,00,00,00,00,0E,02,00,00,00,00,00,0000,00,00,0000,00,00,00,00,0008,0008,00,00,00,0008,0008
1500,00,01,00,00,01,B0,00,0008,00,00,00,00,00,00,00,00,00,00,0E,02,00,00,00,00,00,0000,00,00,0000,00,00,00,00,0008,0008,00,00,00,0008,0008
1501,00,01,00,00,01,B0,00,0008,00,00,00,00,00,00,00,00,00,00,0E,02,00,00,00,00,00,0000,00,00,0000,00,00,00,00,0008,0008,00,00,00,0008,0008
1502,00,01,00,00,01,B0,00,0008,00,00,00,00,00,00,00,00,00,00,0E,02,00,00,00,00,00,0000,00,00,0000,00,00,00,00,0008,0008,00,00,00,0008,0008
1503,00,01,00,00,01,B0,00,0008,00,00,00,00,00,00,00,00,00,00,0E,02,00,00,00,00,00,0000,00,00,0000,00,00,00,00,0008,0008,00,00,00,0008,0008
1504,00,01,00,00,01,B0,00,0008,00,00,00,00,00,00,00,00,00,00,0E,02,00,00,00,00,00,0000,00,00,0000,00,00,00,00,0008,0008,00,00,00,0008,0008
1505,00,01,00,00,01,B0,00,0008,00,00,00,00,00,00,00,00,00,00,0E,02,00,00,00,00,00,0000,00,00,0000,00,00,00,00,0008,0008,00,00,00,0008,0008
1506,00,01,00,00,01,B0,00,0008,00,00,00,00,00,00,00,00,00,00,0E,02,00,00,00,00,00,0000,00,00,0000,00,00,00,00,0008,0008,00,00,00,0008,0008
1507,00,01,00,00,01,B0,00,0008,00,00,00,00,00,00,00,00,00,00,0E,02,00,00,00,00,00,0000,00,00,0000,00,00,00,00,0008,0008,00,00,00,0008,0008
1508,00,01,00,00,01,B0,00,0008,00,00,00,00,00,00,00,00,00,00,0E,02,00,00,00,00,00,0000,00,00,0000,00,00,00,00,0008,0008,00,00,00,0008,0008
1509,00,01,00,00,01,B0,00,0008,00,00,00,00,00,00,00,00,00,00,0E,02,00,00,00,00,00,0000,00,00,0000,00,00,00,00,0008,0008,00,00,00,0008,0008
1510,00,01,00,00,01,B0,00,0008,00,00,00,00,00,00,00,00,00,00,0E,02,00,00,00,00,00,0000,00,00,0000,00,00,00,00,0008,0008,00,00,00,0008,0008
1511,00,01,00,00,01,B0,00,0008,00,00,00,00,00,00,00,00,00,00,0E,02,00,00,00,00,00,0000,00,00,0000,00,00,00,00,0008,0008,00,00,00,0008,0008
1512,00,01,00,00,01,B0,00,0008,00,00,00,00,00,00,00,00,00,00,0E,02,00,00,00,00,00,0000,00,00,0000,00,00,00,00,0008,0008,00,00,00,0008,0008
1513,00,01,00,00,01,B0,00,0008,00,00,00,00,00,00,00,00,00,00,0E,02,00,00,00,00,00,0000,00,00,0000,00,00,00,00,0008,0008,00,00,00,0008,0008
1514,00,01,00,00,01,B0,00,0008,00,00,00,00,00,00,00,00,00,00,0E,02,00,00,00,00,00,0000,00,00,0000,00,00,00,00,0008,0008,00,00,00,0008,0008
1515,00,01,00,00,01,B0,00,0008,00,00,00,00,00,00,00,00,00,00,0E,02,00,00,00,00,00,0000,00,00,0000,00,00,00,00,0008,0008,00,00,00,0008,0008
1516,00,01,00,00,01,B0,00,0008,00,00,00,00,00,00,00,00,00,00,0E,02,00,00,00,00,00,0000,00,00,0000,00,00,00,00,0008,0008,00,00,00,0008,0008
1517,00,01,00,00,01,B0,00,0008,00,00,00,00,00,00,00,00,00,00,0E,02,00,00,00,00,00,0000,00,00,0000,00,00,00,00,0008,0008,00,00,00,0008,0008
1518,00,01,00,00,01,B0,00,0008,00,00,00,00,00,00,00,00,00,00,0E,02,00,00,00,00,00,0000,00,00,0000,00,00,00,00,0008,0008,00,00,00,0008,0008
1519,00,01,00,00,01,B0,00,0008,00,00,00,00,00,00,00,00,00,00,0E,02,00,00,00,00,00,0000,00,00,0000,00,00,00,00,0008,0008,00,00,00,0008,0008
1520,00,01,00,00,01,B0,00,0008,00,00,00,00,00,00,00,00,00,00,0E,02,00,00,00,00,00,0000,00,00,0000,00,00,00,00,0008,0008,00,00,00,0008,0008
1521,00,01,00,00,01,B0,00,0008,00,00,00,00,00,00,00,00,00,00,0E,02,00,00,00,00,00,0000,00,00,0000,00,00,00,00,0008,0008,00,00,00,0008,0008
1522,00,01,00,00,01,B0,00,0008,00,00,00,00,00,00,00,00,00,00,0E,02,00,00,00,00,00,0000,00,00,0000,00,00,00,00,0008,0008,00,00,00,0008,0008
1523,00,01,00,00,01,B0,00,0008,00,00,00,00,00,00,00,00,00,00,0E,02,00,00,00,00,00,0000,00,00,0000,00,00,00,00,0008,0008,00,00,00,0008,0008
1524,00,01,00,00,01,B0,00,0008,00,00,00,00,00,00,00,00,00,00,0E,02,00,00,00,00,00,0000,00,00,0000,00,00,00,00,0008,0008,00,00,00,0008,0008
1525,00,01,00,00,01,B0,00,0008,00,00,00,00,00,00,00,00,00,00,0E,02,00,00,00,00,00,0000,00,00,0000,00,00,00,00,0008,0008,00,00,00,0008,0008
1526,00,01,00,00,01,B0,00,0008,00,00,00,00,00,00,00,00,00,00,0E,02,00,00,00,00,00,0000,00,00,0000,00,00,00,00,0008,0008,00,00,00,0008,0008
1527,00,01,00,00,01,B0,00,0008,00,00,00,00,00,00,00,00,00,00,0E,02,00,00,00,00,00,0000,00,00,0000,00,00,00,00,0008,0008,00,00,00,0008,0008
1528,00,01,00,00,01,B0,00,0008,00,00,00,00,00,00,00,00,00,00,0E,02,00,00,00,00,00,0000,00,00,0000,00,00,00,00,0008,0008,00,00,00,0008,0008
1529,00,01,00,00,01,B0,00,0008,00,00,00,00,00,00,00,00,00,00,0E,02,00,00,00,00,00,0000,00,00,0000,00,00,00,00,0008,0008,00,00,00,0008,0008
1530,00,01,00,00,01,B0,00,0008,00,00,00,00,00,00,00,00,00,00,0E,02,00,00,00,00,00,0000,00,00,0000,00,00,00,00,0008,0008,00,00,00,0008,0008
1531,00,01,00,00,01,B0,00,0008,00,00,00,00,00,00,00,00,00,00,0E,02,00,00,00,00,00,0000,00,00,0000,00,00,00,00,0008,0008,00,00,00,0008,0008
1532,00,01,00,00,01,B0,00,0008,00,00,00,00,00,00,00,00,00,00,0E,02,00,00,00,00,00,0000,00,00,0000,00,00,00,00,0008,0008,00,00,00,0008,0008
1533,00,01,00,00,01,B0,00,0008,00,00,00,00,00,00,00,00,00,00,0E,02,00,00,00,00,00,0000,00,00,0000,00,00,00,00,0008,0008,00,00,00,0008,0008
1534,00,01,00,00,01,B0,00,0008,00,00,00,00,00,00,00,00,00,00,0E,02,00,00,00,00,00,0000,00,00,0000,00,00,00,00,0008,0008,00,00,00,0008,0008
1535,00,01,00,00,01,B0,00,0008,00,00,00,00,00,00,00,00,00,00,0E,02,00,00,00,00,00,0000,00,00,0000,00,00,00,00,0008,0008,00,00,00,0008,0008
1536,00,01,00,00,01,B0,00,0008,00,00,00,00,00,00,00,00,00,00,0E,02,00,00,00,00,00,0000,00,00,0000,00,00,00,00,0008,0008,00,00,00,0008,0008
1537,00,01,00,00,01,B0,00,0008,00,00,00,00,00,00,00,00,00,00,0E,02,00,00,00,00,00,0000,00,00,0000,00,00,00,00,0008,0008,00,00,00,0008,0008
1538,00,01,00,00,01,B0,00,0008,00,00,00,00,00,00,00,00,00,00,0E,02,00,00,00,00,00,0000,00,00,0000,00,00,00,00,0008,0008,00,00,00,0008,0008
1539,00,01,00,00,01,B0,00,0008,00,00,00,00,00,00,00,00,00,00,0E,02,00,00,00,00,00,0000,00,00,0000,00,00,00,00,0008,0008,00,00,00,0008,0008
1540,00,01,00,00,01,B0,00,0008,00,00,00,00,00,00,00,00,00,00,0E,02,00,00,00,00,00,0000,00,00,0000,00,00,00,00,0008,0008,00,00,00,0008,0008
1541,00,01,00,00,01,B0,00,0008,00,00,00,00,00,00,00,00,00,00,0E,02,00,00,00,00,00,0000,00,00,0000,00,00,00,00,0008,0008,00,00,00,0008,0008
1542,00,01,00,00,01,B0,00,0008,00,00,00,00,00,00,00,00,00,00,0E,02,00,00,00,00,00,0000,00,00,0000,00,00,00,00,0008,0008,00,00,00,0008,0008
1543,00,01,00,00,01,B0,00,0008,00,00,00,00,00,00,00,00,00,00,0E,02,00,00,00,00,00,0000,00,00,0000,00,00,00,00,0008,0008,00,00,00,0008,0008
1544,00,01,00,00,01,B0,00,0008,00,00,00,00,00,00,00,00,00,00,0E,02,00,00,00,00,00,0000,00,00,0000,00,00,00,00,0008,0008,00,00,00,0008,0008
1545,00,01,00,00,01,B0,00,0008,00,00,00,00,00,00,00,00,00,00,0E,02,00,00,00,00,00,0000,00,00,0000,00,00,00,00,0008,0008,00,00,00,0008,0008
1546,00,01,00,00,01,B0,00,0008,00,00,00,00,00,00,00,00,00,00,0E,02,00,00,00,00,00,0000,00,00,0000,00,00,00,00,0008,0008,00,00,00,0008,0008
1547,00,01,00,00,01,B0,00,0008,00,00,00,00,00,00,00,00,00,00,0E,02,00,00,00,00,00,0000,00,00,0000,00,00,00,00,0008,0008,00,00,00,0008,0008
1548,00,01,00,00,01,B0,00,0008,00,00,00,00,00,00,00,00,00,00,0E,02,00,00,00,00,00,0000,00,00,0000,00,00,00,00,0008,0008,00,00,00,0008,0008
1549,00,01,00,00,01,B0,00,0008,00,00,00,00,00,00,00,00,00,00,0E,02,00,00,00,00,00,0000,00,00,0000,00,00,00,00,0008,0008,00,00,00,0008,0008
1550,00,01,00,00,01,B0,00,0008,00,00,00,00,00,00,00,00,00,00,0E,02,00,00,00,00,00,0000,00,00,0000,00,00,00,00,0008,0008,00,00,00,0008,0008
1551,00,01,00,00,01,B0,00,0008,00,00,00,00,00,00,00,00,00,00,0E,02,00,00,00,00,00,0000,00,00,0000,00,00,00,00,0008,0008,00,00,00,0008,0008
1552,00,01,00,00,01,B0,00,0008,00,00,00,00,00,00,00,00,00,00,0E,02,00,00,00,00,00,0000,00,00,0000,00,00,00,00,0008,0008,00,00,00,0008,0008
1553,00,01,00,00,01,B0,00,0008,00,00,00,00,00,00,00,00,00,00,0E,02,00,00,00,00,00,0000,00,00,0000,00,00,00,00,0008,0008,00,00,00,0008,0008
1554,00,01,00,00,01,B0,00,0008,00,00,00,00,00,00,00,00,00,00,0E,02,00,00,00,00,00,0000,00,00,0000,00,00,00,00,0008,0008,00,00,00,0008,0008
1555,00,01,00,00,01,B0,00,0008,00,00,00,00,00,00,00,00,00,00,0E,02,00,00,00,00,00,0000,00,00,0000,00,00,00,00,0008,0008,00,00,00,0008,0008
1556,00,01,00,00,01,B0,00,0008,00,00,00,00,00,00,00,00,00,00,0E,02,00,00,00,00,00,0000,00,00,0000,00,00,00,00,0008,0008,00,00,00,0008,0008
1557,00,01,00,00,01,B0,00,0008,00,00,00,00,00,00,00,00,00,00,0E,02,00,00,00,00,00,0000,00,00,0000,00,00,00,00,0008,0008,00,00,00,0008,0008
1558,00,01,00,00,01,B0,00,0008,00,00,00,00,00,00,00,00,00,00,0E,02,00,00,00,00,00,0000,00,00,0000,00,00,00,00,0008,0008,00,00,00,0008,0008
1559,00,01,00,00,01,B0,00,0008,00,00,00,00,00,00,00,00,00,00,0E,02,00,00,00,00,00,0000,00,00,0000,00,00,00,00,0008,0008,00,00,00,0008,0008
1560,00,01,00,00,01,B0,00,0008,00,00,00,00,00,00,00,00,00,00,0E,02,00,00,00,00,00,0000,00,00,0000,00,00,00,00,0008,0008,00,00,00,0008,0008
1561,00,01,00,00,01,B0,00,0008,00,00,00,00,00,00,00,00,00,00,0E,02,00,00,00,00,00,0000,00,00,0000,00,00,00,00,0008,0008,00,00,00,0008,0008
1562,00,01,00,00,01,B0,00,0008,00,00,00,00,00,00,00,00,00,00,0E,02,00,00,00,00,00,0000,00,00,0000,00,00,00,00,0008,0008,00,00,00,0008,0008
1563,00,01,00,00,01,B0,00,0008,00,00,00,00,00,00,00,00,00,00,0E,02,00,00,00,00,00,0000,00,00,0000,00,00,00,00,0008,0008,00,00,00,0008,0008
1564,00,01,00,00,01,B0,00,0008,00,00,00,00,00,00,00,00,00,00,0E,02,00,00,00,00,00,0000,00,00,0000,00,00,00,00,0008,0008,00,00,00,0008,0008
1565,00,01,00,00,01,B0,00,0008,00,00,00,00,00,00,00,00,00,00,0E,02,00,00,00,00,00,0000,00,00,0000,00,00,00,00,0008,0008,00,00,00,0008,0008
1566,00,01,00,00,01,B0,00,0008,00,00,00,00,00,00,00,00,00,00,0E,02,00,00,00,00,00,0000,00,00,0000,00,00,00,00,0008,0008,00,00,00,0008,0008
1567,00,01,00,00,01,B0,00,0008,00,00,00,00,00,00,00,00,00,00,0E,02,00,00,00,00,00,0000,00,00,0000,00,00,00,00,0008,0008,00,00,00,0008,0008
1568,00,01,00,00,01,B0,00,0008,00,00,00,00,00,00,00,00,00,00,0E,02,00,00,00,00,00,0000,00,00,0000,00,00,00,00,0008,0008,00,00,00,0008,0008
1569,00,01,00,00,01,B0,00,0008,00,00,00,00,00,00,00,00,00,00,0E,02,00,00,00,00,00,0000,00,00,0000,00,00,00,00,0008,0008,00,00,00,0008,0008
1570,00,01,00,00,01,B0,00,0008,00,00,00,00,00,00,00,00,00,00,0E,02,00,00,00,00,00,0000,00,00,0000,00,00,00,00,0008,0008,00,00,00,0008,0008
1571,00,01,00,00,01,B0,00,0008,00,00,00,00,00,00,00,00,00,00,0E,02,00,00,00,00,00,0000,00,00,0000,00,00,00,00,0008,0008,00,00,00,0008,0008
1572,00,01,00,00,01,B0,00,0008,00,00,00,00,00,00,00,00,00,00,0E,02,00,00,00,00,00,0000,00,00,0000,00,00,00,00,0008,0008,00,00,00,0008,0008
1573,00,01,00,00,01,B0,00,0008,00,00,00,00,00,00,00,00,00,00,0E,02,00,00,00,00,00,0000,00,00,0000,00,00,00,00,0008,0008,00,00,00,0008,0008
1574,00,01,00,00,01,B0,00,0008,00,00,00,00,00,00,00,00,00,00,0E,02,00,00,00,00,00,0000,00,00,0000,00,00,00,00,0008,0008,00,00,00,0008,0008
1575,00,01,00,00,01,B0,00,0008,00,00,00,00,00,00,00,00,00,00,0E,02,00,00,00,00,00,0000,00,00,0000,00,00,00,00,0008,0008,00,00,00,0008,0008
1576,00,01,00,00,01,B0,00,0008,00,00,00,00,00,00,00,00,00,00,0E,02,00,00,00,00,00,0000,00,00,0000,00,00,00,00,0008,0008,00,00,00,0008,0008
1577,00,01,00,00,01,B0,00,0008,00,00,00,00,00,00,00,00,00,00,0E,02,00,00,00,00,00,0000,00,00,0000,00,00,00,00,0008,0008,00,00,00,0008,0008
1578,00,01,00,00,01,B0,00,0008,00,00,00,00,00,00,00,00,00,00,0E,02,00,00,00,00,00,0000,00,00,0000,00,00,00,00,0008,0008,00,00,00,0008,0008
1579,00,01,00,00,01,B0,00,0008,00,00,00,00,00,00,00,00,00,00,0E,02,00,00,00,00,00,0000,00,00,0000,00,00,00,00,0008,0008,00,00,00,0008,0008
1580,00,01,00,00,01,B0,00,0008,00,00,00,00,00,00,00,00,00,00,0E,02,00,00,00,00,00,0000,00,00,0000,00,00,00,00,0008,0008,00,00,00,0008,0008
1581,00,01,00,00,01,B0,00,0008,00,00,00,00,00,00,00,00,00,00,0E,02,00,00,00,00,00,0000,00,00,0000,00,00,00,00,0008,0008,00,00,00,0008,0008
1582,00,01,00,00,01,B0,00,0008,00,00,00,00,00,00,00,00,00,00,0E,02,00,00,00,00,00,0000,00,00,0000,00,00,00,00,0008,0008,00,00,00,0008,0008
1583,00,01,00,00,01,B0,00,0008,00,00,00,00,00,00,00,00,00,00,0E,02,00,00,00,00,00,0000,00,00,0000,00,00,00,00,0008,0008,00,00,00,0008,0008
1584,00,01,00,00,01,B0,00,0008,00,00,00,00,00,00,00,00,00,00,0E,02,00,00,00,00,00,0000,00,00,0000,00,00,00,00,0008,0008,00,00,00,0008,0008
1585,00,01,00,00,01,B0,00,0008,00,00,00,00,00,00,00,00,00,00,0E,02,00,00,00,00,00,0000,00,00,0000,00,00,00,00,0008,0008,00,00,00,0008,0008
1586,00,01,00,00,01,B0,00,0008,00,00,00,00,00,00,00,00,00,00,0E,02,00,00,00,00,00,0000,00,00,0000,00,00,00,00,0008,0008,00,00,00,0008,0008
1587,00,01,00,00,01,B0,00,0008,00,00,00,00,00,00,00,00,00,00,0E,02,00,00,00,00,00,0000,00,00,0000,00,00,00,00,0008,0008,00,00,00,0008,0008
1588,00,01,00,00,01,B0,00,0008,00,00,00,00,00,00,00,00,00,00,0E,02,00,00,00,00,00,0000,00,00,0000,00,00,00,00,0008,0008,00,00,00,0008,0008
1589,00,01,00,00,01,B0,00,0008,00,00,00,00,00,00,00,00,00,00,0E,02,00,00,00,00,00,0000,00,00,0000,00,00,00,00,0008,0008,00,00,00,0008,0008
1590,00,01,00,00,01,B0,00,0008,00,00,00,00,00,00,00,00,00,00,0E,02,00,00,00,00,00,0000,00,00,0000,00,00,00,00,0008,0008,00,00,00,0008,0008
1591,00,01,00,00,01,B0,00,0008,00,00,00,00,00,00,00,00,00,00,0E,02,00,00,00,00,00,0000,00,00,0000,00,00,00,00,0008,0008,00,00,00,0008,0008
1592,00,01,00,00,01,B0,00,0008,00,00,00,00,00,00,00,00,00,00,0E,02,00,00,00,00,00,0000,00,00,0000,00,00,00,00,0008,0008,00,00,00,0008,0008
1593,00,01,00,00,01,B0,00,0008,00,00,00,00,00,00,00,00,00,00,0E,02,00,00,00,00,00,0000,00,00,0000,00,00,00,00,0008,0008,00,00,00,0008,0008
1594,00,01,00,00,01,B0,00,0008,00,00,00,00,00,00,00,00,00,00,0E,02,00,00,00,00,00,0000,00,00,0000,00,00,00,00,0008,0008,00,00,00,0008,0008
1595,00,01,00,00,01,B0,00,0008,00,00,00,00,00,00,00,00,00,00,0E,02,00,00,00,00,00,0000,00,00,0000,00,00,00,00,0008,0008,00,00,00,0008,0008
1596,00,01,00,00,01,B0,00,0008,00,00,00,00,00,00,00,00,00,00,0E,02,00,00,00,00,00,0000,00,00,0000,00,00,00,00,0008,0008,00,00,00,0008,0008
1597,00,01,00,00,01,B0,00,0008,00,00,00,00,00,00,00,00,00,00,0E,02,00,00,00,00,00,0000,00,00,0000,00,00,00,00,0008,0008,00,00,00,0008,0008
1598,00,01,00,00,01,B0,00,0008,00,00,00,00,00,00,00,00,00,00,0E,02,00,00,00,00,00,0000,00,00,0000,00,00,00,00,0008,0008,00,00,00,0008,0008
1599,00,01,00,00,01,B0,00,0008,00,00,00,00,00,00,00,00,00,00,0E,02,00,00,00,00,00,0000,00,00,0000,00,00,00,00,0008,0008,00,00,00,0008,0008
1600,00,01,00,00,01,B0,00,0008,00,00,00,00,00,00,00,00,00,00,0E,02,00,00,00,00,00,0000,00,00,0000,00,00,00,00,0008,0008,00,00,00,0008,0008
1601,00,01,00,00,01,B0,00,0008,00,00,00,00,00,00,00,00,00,00,0E,02,00,00,00,00,00,0000,00,00,0000,00,00,00,00,0008,0008,00,00,00,0008,0008
1602,00,01,00,00,01,B0,00,0008,00,00,00,00,00,00,00,00,00,00,0E,02,00,00,00,00,00,0000,00,00,0000,00,00,00,00,0008,0008,00,00,00,0008,0008
1603,00,01,00,00,01,B0,00,0008,00,00,00,00,00,00,00,00,00,00,0E,02,00,00,00,00,00,0000,00,00,0000,00,00,00,00,0008,0008,00,00,00,0008,0008
1604,00,01,00,00,01,B0,00,0008,00,00,00,00,00,00,00,00,00,00,0E,02,00,00,00,00,00,0000,00,00,0000,00,00,00,00,0008,0008,00,00,00,0008,0008
1605,00,01,00,00,01,B0,00,0008,00,00,00,00,00,00,00,00,00,00,0E,02,00,00,00,00,00,0000,00,00,0000,00,00,00,00,0008,0008,00,00,00,0008,0008
1606,00,01,00,00,01,B0,00,0008,00,00,00,00,00,00,00,00,00,00,0E,02,00,00,00,00,00,0000,00,00,0000,00,00,00,00,0008,0008,00,00,00,0008,0008
1607,00,01,00,00,01,B0,00,0008,00,00,00,00,00,00,00,00,00,00,0E,02,00,00,00,00,00,0000,00,00,0000,00,00,00,00,0008,0008,00,00,00,0008,0008
1608,00,01,00,00,01,B0,00,0008,00,00,00,00,00,00,00,00,00,00,0E,02,00,00,00,00,00,0000,00,00,0000,00,00,00,00,0008,0008,00,00,00,0008,0008
1609,00,01,00,00,01,B0,00,0008,00,00,00,00,00,00,00,00,00,00,0E,02,00,00,00,00,00,0000,00,00,0000,00,00,00,00,0008,0008,00,00,00,0008,0008
1610,00,01,00,00,01,B0,00,0008,00,00,00,00,00,00,00,00,00,00,0E,02,00,00,00,00,00,0000,00,00,0000,00,00,00,00,0008,0008,00,00,00,0008,0008
1611,00,01,00,00,01,B0,00,0008,00,00,00,00,00,00,00,00,00,00,0E,02,00,00,00,00,00,0000,00,00,0000,00,00,00,00,0008,0008,00,00,00,0008,0008
1612,00,01,00,00,01,B0,00,0008,00,00,00,00,00,00,00,00,00,00,0E,02,00,00,00,00,00,0000,00,00,0000,00,00,00,00,0008,0008,00,00,00,0008,0008
1613,00,01,00,00,01,B0,00,0008,00,00,00,00,00,00,00,00,00,00,0E,02,00,00,00,00,00,0000,00,00,0000,00,00,00,00,0008,0008,00,00,00,0008,0008
1614,00,01,00,00,01,B0,00,0008,00,00,00,00,00,00,00,00,00,00,0E,02,00,00,00,00,00,0000,00,00,0000,00,00,00,00,0008,0008,00,00,00,0008,0008
1615,00,01,00,00,01,B0,00,0008,00,00,00,00,00,00,00,00,00,00,0E,02,00,00,00,00,00,0000,00,00,0000,00,00,00,00,0008,0008,00,00,00,0008,0008
1616,00,01,00,00,01,B0,00,0008,00,00,00,00,00,00,00,00,00,00,0E,02,00,00,00,00,00,0000,00,00,0000,00,00,00,00,0008,0008,00,00,00,0008,0008
1617,00,01,00,00,01,B0,00,0008,00,00,00,00,00,00,00,00,00,00,0E,02,00,00,00,00,00,0000,00,00,0000,00,00,00,00,0008,0008,00,00,00,0008,0008
1618,00,01,00,00,01,B0,00,0008,00,00,00,00,00,00,00,00,00,00,0E,02,00,00,00,00,00,0000,00,00,0000,00,00,00,00,0008,0008,00,00,00,0008,0008
1619,00,01,00,00,01,B0,00,0008,00,00,00,00,00,00,00,00,00,00,0E,02,00,00,00,00,00,0000,00,00,0000,00,00,00,00,0008,0008,00,00,00,0008,0008
1620,00,01,00,00,01,B0,00,0008,00,00,00,00,00,00,00,00,00,00,0E,02,00,00,00,00,00,0000,00,00,0000,00,00,00,00,0008,0008,00,00,00,0008,0008
1621,00,01,00,00,01,B0,00,0008,00,00,00,00,00,00,00,00,00,00,0E,02,00,00,00,00,00,0000,00,00,0000,00,00,00,00,0008,0008,00,00,00,0008,0008
1622,00,01,00,00,01,B0,00,0008,00,00,00,00,00,00,00,00,00,00,0E,02,00,00,00,00,00,0000,00,00,0000,00,00,00,00,0008,0008,00,00,00,0008,0008
1623,00,01,00,00,01,B0,00,0008,00,00,00,00,00,00,00,00,00,00,0E,02,00,00,00,00,00,0000,00,00,0000,00,00,00,00,0008,0008,00,00,00,0008,0008
1624,00,01,00,00,01,B0,00,0008,00,00,00,00,00,00,00,00,00,00,0E,02,00,00,00,00,00,0000,00,00,0000,00,00,00,00,0008,0008,00,00,00,0008,0008
1625,00,01,00,00,01,B0,00,0008,00,00,00,00,00,00,00,00,00,00,0E,02,00,00,00,00,00,0000,00,00,0000,00,00,00,00,0008,0008,00,00,00,0008,0008
1626,00,01,00,00,01,B0,00,0008,00,00,00,00,00,00,00,00,00,00,0E,02,00,00,00,00,00,0000,00,00,0000,00,00,00,00,0008,0008,00,00,00,0008,0008
1627,00,01,00,00,01,B0,00,0008,00,00,00,00,00,00,00,00,00,00,0E,02,00,00,00,00,00,0000,00,00,0000,00,00,00,00,0008,0008,00,00,00,0008,0008
1628,00,01,00,00,01,B0,00,0008,00,00,00,00,00,00,00,00,00,00,0E,02,00,00,00,00,00,0000,00,00,0000,00,00,00,00,0008,0008,00,00,00,0008,0008
1629,00,01,00,00,01,B0,00,0008,00,00,00,00,00,00,00,00,00,00,0E,02,00,00,00,00,00,0000,00,00,0000,00,00,00,00,0008,0008,00,00,00,0008,0008
1630,00,01,00,00,01,B0,00,0008,00,00,00,00,00,00,00,00,00,00,0E,02,00,00,00,00,00,0000,00,00,0000,00,00,00,00,0008,0008,00,00,00,0008,0008
1631,00,01,00,00,01,B0,00,0008,00,00,00,00,00,00,00,00,00,00,0E,02,00,00,00,00,00,0000,00,00,0000,00,00,00,00,0008,0008,00,00,00,0008,0008
1632,00,01,00,00,01,B0,00,0008,00,00,00,00,00,00,00,00,00,00,0E,02,00,00,00,00,00,0000,00,00,0000,00,00,00,00,0008,0008,00,00,00,0008,0008
1633,00,01,00,00,01,B0,00,0008,00,00,00,00,00,00,00,00,00,00,0E,02,00,00,00,00,00,0000,00,00,0000,00,00,00,00,0008,0008,00,00,00,0008,0008
1634,00,01,00,00,01,B0,00,0008,00,00,00,00,00,00,00,00,00,00,0E,02,00,00,00,00,00,0000,00,00,0000,00,00,00,00,0008,0008,00,00,00,0008,0008
1635,00,01,00,00,01,B0,00,0008,00,00,00,00,00,00,00,00,00,00,0E,02,00,00,00,00,00,0000,00,00,0000,00,00,00,00,0008,0008,00,00,00,0008,0008
1636,00,01,00,00,01,B0,00,0008,00,00,00,00,00,00,00,00,00,00,0E,02,00,00,00,00,00,0000,00,00,0000,00,00,00,00,0008,0008,00,00,00,0008,0008
1637,00,01,00,00,01,B0,00,0008,00,00,00,00,00,00,00,00,00,00,0E,02,00,00,00,00,00,0000,00,00,0000,00,00,00,00,0008,0008,00,00,00,0008,0008
1638,00,01,00,00,01,B0,00,0008,00,00,00,00,00,00,00,00,00,00,0E,02,00,00,00,00,00,0000,00,00,0000,00,00,00,00,0008,0008,00,00,00,0008,0008
1639,00,01,00,00,01,B0,00,0008,00,00,00,00,00,00,00,00,00,00,0E,02,00,00,00,00,00,0000,00,00,0000,00,00,00,00,0008,0008,00,00,00,0008,0008
1640,00,01,00,00,01,B0,00,0008,00,00,00,00,00,00,00,00,00,00,0E,02,00,00,00,00,00,0000,00,00,0000,00,00,00,00,0008,0008,00,00,00,0008,0008
1641,00,01,00,00,01,B0,00,0008,00,00,00,00,00,00,00,00,00,00,0E,02,00,00,00,00,00,0000,00,00,0000,00,00,00,00,0008,0008,00,00,00,0008,0008
1642,00,01,00,00,01,B0,00,0008,00,00,00,00,00,00,00,00,00,00,0E,02,00,00,00,00,00,0000,00,00,0000,00,00,00,00,0008,0008,00,00,00,0008,0008
1643,00,01,00,00,01,B0,00,0008,00,00,00,00,00,00,00,00,00,00,0E,02,00,00,00,00,00,0000,00,00,0000,00,00,00,00,0008,0008,00,00,00,0008,0008
1644,00,01,00,00,01,B0,00,0008,00,00,00,00,00,00,00,00,00,00,0E,02,00,00,00,00,00,0000,00,00,0000,00,00,00,00,0008,0008,00,00,00,0008,0008
1645,00,01,00,00,01,B0,00,0008,00,00,00,00,00,00,00,00,00,00,0E,02,00,00,00,00,00,0000,00,00,0000,00,00,00,00,0008,0008,00,00,00,0008,0008
1646,00,01,00,00,01,B0,00,0008,00,00,00,00,00,00,00,00,00,00,0E,02,00,00,00,00,00,0000,00,00,0000,00,00,00,00,0008,0008,00,00,00,0008,0008
1647,00,01,00,00,01,B0,00,0008,00,00,00,00,00,00,00,00,00,00,0E,02,00,00,00,00,00,0000,00,00,0000,00,00,00,00,0008,0008,00,00,00,0008,0008
1648,00,01,00,00,01,B0,00,0008,00,00,00,00,00,00,00,00,00,00,0E,02,00,00,00,00,00,0000,00,00,0000,00,00,00,00,0008,0008,00,00,00,0008,0008
1649,00,01,00,00,01,B0,00,0008,00,00,00,00,00,00,00,00,00,00,0E,02,00,00,00,00,00,0000,00,00,0000,00,00,00,00,0008,0008,00,00,00,0008,0008
1650,00,01,00,00,01,B0,00,0008,00,00,00,00,00,00,00,00,00,00,0E,02,00,00,00,00,00,0000,00,00,0000,00,00,00,00,0008,0008,00,00,00,0008,0008
1651,00,01,00,00,01,B0,00,0008,00,00,00,00,00,00,00,00,00,00,0E,02,00,00,00,00,00,0000,00,00,0000,00,00,00,00,0008,0008,00,00,00,0008,0008
1652,00,01,00,00,01,B0,00,0008,00,00,00,00,00,00,00,00,00,00,0E,02,00,00,00,00,00,0000,00,00,0000,00,00,00,00,0008,0008,00,00,00,0008,0008
1653,00,01,00,00,01,B0,00,0008,00,00,00,00,00,00,00,00,00,00,0E,02,00,00,00,00,00,0000,00,00,0000,00,00,00,00,0008,0008,00,00,00,0008,0008
1654,00,01,00,00,01,B0,00,0008,00,00,00,00,00,00,00,00,00,00,0E,02,00,00,00,00,00,0000,00,00,0000,00,00,00,00,0008,0008,00,00,00,0008,0008
1655,00,01,00,00,01,B0,00,0008,00,00,00,00,00,00,00,00,00,00,0E,02,00,00,00,00,00,0000,00,00,0000,00,00,00,00,0008,0008,00,00,00,0008,0008
1656,00,01,00,00,01,B0,00,0008,00,00,00,00,00,00,00,00,00,00,0E,02,00,00,00,00,00,0000,00,00,0000,00,00,00,00,0008,0008,00,00,00,0008,0008
1657,00,01,00,00,01,B0,00,0008,00,00,00,00,00,00,00,00,00,00,0E,02,00,00,00,00,00,0000,00,00,0000,00,00,00,00,0008,0008,00,00,00,0008,0008
1658,00,01,00,00,01,B0,00,0008,00,00,00,00,00,00,00,00,00,00,0E,02,00,00,00,00,00,0000,00,00,0000,00,00,00,00,0008,0008,00,00,00,0008,0008
1659,00,01,00,00,01,B0,00,0008,00,00,00,00,00,00,00,00,00,00,0E,02,00,00,00,00,00,0000,00,00,0000,00,00,00,00,0008,0008,00,00,00,0008,0008
1660,00,01,00,00,01,B0,00,0008,00,00,00,00,00,00,00,00,00,00,0E,02,00,00,00,00,00,0000,00,00,0000,00,00,00,00,0008,0008,00,00,00,0008,0008
1661,00,01,00,00,01,B0,00,0008,00,00,00,00,00,00,00,00,00,00,0E,02,00,00,00,00,00,0000,00,00,0000,00,00,00,00,0008,0008,00,00,00,0008,0008
1662,00,01,00,00,01,B0,00,0008,00,00,00,00,00,00,00,00,00,00,0E,02,00,00,00,00,00,0000,00,00,0000,00,00,00,00,0008,0008,00,00,00,0008,0008
1663,00,01,00,00,01,B0,00,0008,00,00,00,00,00,00,00,00,00,00,0E,02,00,00,00,00,00,0000,00,00,0000,00,00,00,00,0008,0008,00,00,00,0008,0008
1664,00,01,00,00,01,B0,00,0008,00,00,00,00,00,00,00,00,00,00,0E,02,00,00,00,00,00,0000,00,00,0000,00,00,00,00,0008,0008,00,00,00,0008,0008
1665,00,01,00,00,01,B0,00,0008,00,00,00,00,00,00,00,00,00,00,0E,02,00,00,00,00,00,0000,00,00,0000,00,00,00,00,0008,0008,00,00,00,0008,0008
1666,00,01,00,00,01,B0,00,0008,00,00,00,00,00,00,00,00,00,00,0E,02,00,00,00,00,00,0000,00,00,0000,00,00,00,00,0008,0008,00,00,00,0008,0008
1667,00,01,00,00,01,B0,00,0008,00,00,00,00,00,00,00,00,00,00,0E,02,00,00,00,00,00,0000,00,00,0000,00,00,00,00,0008,0008,00,00,00,0008,0008
1668,00,01,00,00,01,B0,00,0008,00,00,00,00,00,00,00,00,00,00,0E,02,00,00,00,00,00,0000,00,00,0000,00,00,00,00,0008,0008,00,00,00,0008,0008
1669,00,01,00,00,01,B0,00,0008,00,00,00,00,00,00,00,00,00,00,0E,02,00,00,00,00,00,0000,00,00,0000,00,00,00,00,0008,0008,00,00,00,0008,0008
1670,00,01,00,00,01,B0,00,0008,00,00,00,00,00,00,00,00,00,00,0E,02,00,00,00,00,00,0000,00,00,0000,00,00,00,00,0008,0008,00,00,00,0008,0008
1671,00,01,00,00,01,B0,00,0008,00,00,00,00,00,00,00,00,00,00,0E,02,00,00,00,00,00,0000,00,00,0000,00,00,00,00,0008,0008,00,00,00,0008,0008
1672,00,01,00,00,01,B0,00,0008,00,00,00,00,00,00,00,00,00,00,0E,02,00,00,00,00,00,0000,00,00,0000,00,00,00,00,0008,0008,00,00,00,0008,0008
1673,00,01,00,00,01,B0,00,0008,00,00,00,00,00,00,00,00,00,00,0E,02,00,00,00,00,00,0000,00,00,0000,00,00,00,00,0008,0008,00,00,00,0008,0008
1674,00,01,00,00,01,B0,00,0008,00,00,00,00,00,00,00,00,00,00,0E,02,00,00,00,00,00,0000,00,00,0000,00,00,00,00,0008,0008,00,00,00,0008,0008
1675,00,01,00,00,01,B0,00,0008,00,00,00,00,00,00,00,00,00,00,0E,02,00,00,00,00,00,0000,00,00,0000,00,00,00,00,0008,0008,00,00,00,0008,0008
1676,00,01,00,00,01,B0,00,0008,00,00,00,00,00,00,00,00,00,00,0E,02,00,00,00,00,00,0000,00,00,0000,00,00,00,00,0008,0008,00,00,00,0008,0008
1677,00,01,00,00,01,B0,00,0008,00,00,00,00,00,00,00,00,00,00,0E,02,00,00,00,00,00,0000,00,00,0000,00,00,00,00,0008,0008,00,00,00,0008,0008
1678,00,01,00,00,01,B0,00,0008,00,00,00,00,00,00,00,00,00,00,0E,02,00,00,00,00,00,0000,00,00,0000,00,00,00,00,0008,0008,00,00,00,0008,0008
1679,00,01,00,00,01,B0,00,0008,00,00,00,00,00,00,00,00,00,00,0E,02,00,00,00,00,00,0000,00,00,0000,00,00,00,00,0008,0008,00,00,00,0008,0008
1680,00,01,00,00,01,B0,00,0008,00,00,00,00,00,00,00,00,00,00,0E,02,00,00,00,00,00,0000,00,00,0000,00,00,00,00,0008,0008,00,00,00,0008,0008
1681,00,01,00,00,01,B0,00,0008,00,00,00,00,00,00,00,00,00,00,0E,02,00,00,00,00,00,0000,00,00,0000,00,00,00,00,0008,0008,00,00,00,0008,0008
1682,00,01,00,00,01,B0,00,0008,00,00,00,00,00,00,00,00,00,00,0E,02,00,00,00,00,00,0000,00,00,0000,00,00,00,00,0008,0008,00,00,00,0008,0008
1683,00,01,00,00,01,B0,00,0008,00,00,00,00,00,00,00,00,00,00,0E,02,00,00,00,00,00,0000,00,00,0000,00,00,00,00,0008,0008,00,00,00,0008,0008
1684,00,01,00,00,01,B0,00,0008,00,00,00,00,00,00,00,00,00,00,0E,02,00,00,00,00,00,0000,00,00,0000,00,00,00,00,0008,0008,00,00,00,0008,0008
1685,00,01,00,00,01,B0,00,0008,00,00,00,00,00,00,00,00,00,00,0E,02,00,00,00,00,00,0000,00,00,0000,00,00,00,00,0008,0008,00,00,00,0008,0008
1686,00,01,00,00,01,B0,00,0008,00,00,00,00,00,00,00,00,00,00,0E,02,00,00,00,00,00,0000,00,00,0000,00,00,00,00,0008,0008,00,00,00,0008,0008
1687,00,01,00,00,01,B0,00,0008,00,00,00,00,00,00,00,00,00,00,0E,02,00,00,00,00,00,0000,00,00,0000,00,00,00,00,0008,0008,00,00,00,0008,0008
1688,00,01,00,00,01,B0,00,0008,00,00,00,00,00,00,00,00,00,00,0E,02,00,00,00,00,00,0000,00,00,0000,00,00,00,00,0008,0008,00,00,00,0008,0008
1689,00,01,00,00,01,B0,00,0008,00,00,00,00,00,00,00,00,00,00,0E,02,00,00,00,00,00,0000,00,00,0000,00,00,00,00,0008,0008,00,00,00,0008,0008
1690,00,01,00,00,01,B0,00,0008,00,00,00,00,00,00,00,00,00,00,0E,02,00,00,00,00,00,0000,00,00,0000,00,00,00,00,0008,0008,00,00,00,0008,0008
1691,00,01,00,00,01,B0,00,0008,00,00,00,00,00,00,00,00,00,00,0E,02,00,00,00,00,00,0000,00,00,0000,00,00,00,00,0008,0008,00,00,00,0008,0008
1692,00,01,00,00,01,B0,00,0008,00,00,00,00,00,00,00,00,00,00,0E,02,00,00,00,00,00,0000,00,00,0000,00,00,00,00,0008,0008,00,00,00,0008,0008
1693,00,01,00,00,01,B0,00,0008,00,00,00,00,00,00,00,00,00,00,0E,02,00,00,00,00,00,0000,00,00,0000,00,00,00,00,0008,0008,00,00,00,0008,0008
1694,00,01,00,00,01,B0,00,0008,00,00,00,00,00,00,00,00,00,00,0E,02,00,00,00,00,00,0000,00,00,0000,00,00,00,00,0008,0008,00,00,00,0008,0008
1695,00,01,00,00,01,B0,00,0008,00,00,00,00,00,00,00,00,00,00,0E,02,00,00,00,00,00,0000,00,00,0000,00,00,00,00,0008,0008,00,00,00,0008,0008
1696,00,01,00,00,01,B0,00,0008,00,00,00,00,00,00,00,00,00,00,0E,02,00,00,00,00,00,0000,00,00,0000,00,00,00,00,0008,0008,00,00,00,0008,0008
1697,00,01,00,00,01,B0,00,0008,00,00,00,00,00,00,00,00,00,00,0E,02,00,00,00,00,00,0000,00,00,0000,00,00,00,00,0008,0008,00,00,00,0008,0008
1698,00,01,00,00,01,B0,00,0008,00,00,00,00,00,00,00,00,00,00,0E,02,00,00,00,00,00,0000,00,00,0000,00,00,00,00,0008,0008,00,00,00,0008,0008
1699,00,01,00,00,01,B0,00,0008,00,00,00,00,00,00,00,00,00,00,0E,02,00,00,00,00,00,0000,00,00,0000,00,00,00,00,0008,0008,00,00,00,0008,0008
1700,00,01,00,00,01,B0,00,0008,00,00,00,00,00,00,00,00,00,00,0E,02,00,00,00,00,00,0000,00,00,0000,00,00,00,00,0008,0008,00,00,00,0008,0008
1701,00,01,00,00,01,B0,00,0008,00,00,00,00,00,00,00,00,00,00,0E,02,00,00,00,00,00,0000,00,00,0000,00,00,00,00,0008,0008,00,00,00,0008,0008
1702,00,01,00,00,01,B0,00,0008,00,00,00,00,00,00,00,00,00,00,0E,02,00,00,00,00,00,0000,00,00,0000,00,00,00,00,0008,0008,00,00,00,0008,0008
1703,00,01,00,00,01,B0,00,0008,00,00,00,00,00,00,00,00,00,00,0E,02,00,00,00,00,00,0000,00,00,0000,00,00,00,00,0008,0008,00,00,00,0008,0008
1704,00,01,00,00,01,B0,00,0008,00,00,00,00,00,00,00,00,00,00,0E,02,00,00,00,00,00,0000,00,00,0000,00,00,00,00,0008,0008,00,00,00,0008,0008
1705,00,01,00,00,01,B0,00,0008,00,00,00,00,00,00,00,00,00,00,0E,02,00,00,00,00,00,0000,00,00,0000,00,00,00,00,0008,0008,00,00,00,0008,0008
1706,00,01,00,00,01,B0,00,0008,00,00,00,00,00,00,00,00,00,00,0E,02,00,00,00,00,00,0000,00,00,0000,00,00,00,00,0008,0008,00,00,00,0008,0008
1707,00,01,00,00,01,B0,00,0008,00,00,00,00,00,00,00,00,00,00,0E,02,00,00,00,00,00,0000,00,00,0000,00,00,00,00,0008,0008,00,00,00,0008,0008
1708,00,01,00,00,01,B0,00,0008,00,00,00,00,00,00,00,00,00,00,0E,02,00,00,00,00,00,0000,00,00,0000,00,00,00,00,0008,0008,00,00,00,0008,0008
1709,00,01,00,00,01,B0,00,0008,00,00,00,00,00,00,00,00,00,00,0E,02,00,00,00,00,00,0000,00,00,0000,00,00,00,00,0008,0008,00,00,00,0008,0008
1710,00,01,00,00,01,B0,00,0008,00,00,00,00,00,00,00,00,00,00,0E,02,00,00,00,00,00,0000,00,00,0000,00,00,00,00,0008,0008,00,00,00,0008,0008
1711,00,01,00,00,01,B0,00,0008,00,00,00,00,00,00,00,00,00,00,0E,02,00,00,00,00,00,0000,00,00,0000,00,00,00,00,0008,0008,00,00,00,0008,0008
1712,00,01,00,00,01,B0,00,0008,00,00,00,00,00,00,00,00,00,00,0E,02,00,00,00,00,00,0000,00,00,0000,00,00,00,00,0008,0008,00,00,00,0008,0008
1713,00,01,00,00,01,B0,00,0008,00,00,00,00,00,00,00,00,00,00,0E,02,00,00,00,00,00,0000,00,00,0000,00,00,00,00,0008,0008,00,00,00,0008,0008
1714,00,01,00,00,01,B0,00,0008,00,00,00,00,00,00,00,00,00,00,0E,02,00,00,00,00,00,0000,00,00,0000,00,00,00,00,0008,0008,00,00,00,0008,0008
1715,00,01,00,00,01,B0,00,0008,00,00,00,00,00,00,00,00,00,00,0E,02,00,00,00,00,00,0000,00,00,0000,00,00,00,00,0008,0008,00,00,00,0008,0008
1716,00,01,00,00,01,B0,00,0008,00,00,00,00,00,00,00,00,00,00,0E,02,00,00,00,00,00,0000,00,00,0000,00,00,00,00,0008,0008,00,00,00,0008,0008
1717,00,01,00,00,01,B0,00,0008,00,00,00,00,00,00,00,00,00,00,0E,02,00,00,00,00,00,0000,00,00,0000,00,00,00,00,0008,0008,00,00,00,0008,0008
1718,00,01,00,00,01,B0,00,0008,00,00,00,00,00,00,00,00,00,00,0E,02,00,00,00,00,00,0000,00,00,0000,00,00,00,00,0008,0008,00,00,00,0008,0008
1719,00,01,00,00,01,B0,00,0008,00,00,00,00,00,00,00,00,00,00,0E,02,00,00,00,00,00,0000,00,00,0000,00,00,00,00,0008,0008,00,00,00,0008,0008
1720,00,01,00,00,01,B0,00,0008,00,00,00,00,00,00,00,00,00,00,0E,02,00,00,00,00,00,0000,00,00,0000,00,00,00,00,0008,0008,00,00,00,0008,0008
1721,00,01,00,00,01,B0,00,0008,00,00,00,00,00,00,00,00,00,00,0E,02,00,00,00,00,00,0000,00,00,0000,00,00,00,00,0008,0008,00,00,00,0008,0008
1722,00,01,00,00,01,B0,00,0008,00,00,00,00,00,00,00,00,00,00,0E,02,00,00,00,00,00,0000,00,00,0000,00,00,00,00,0008,0008,00,00,00,0008,0008
1723,00,01,00,00,01,B0,00,0008,00,00,00,00,00,00,00,00,00,00,0E,02,00,00,00,00,00,0000,00,00,0000,00,00,00,00,0008,0008,00,00,00,0008,0008
1724,00,01,00,00,01,B0,00,0008,00,00,00,00,00,00,00,00,00,00,0E,02,00,00,00,00,00,0000,00,00,0000,00,00,00,00,0008,0008,00,00,00,0008,0008
1725,00,01,00,00,01,B0,00,0008,00,00,00,00,00,00,00,00,00,00,0E,02,00,00,00,00,00,0000,00,00,0000,00,00,00,00,0008,0008,00,00,00,0008,0008
1726,00,01,00,00,01,B0,00,0008,00,00,00,00,00,00,00,00,00,00,0E,02,00,00,00,00,00,0000,00,00,0000,00,00,00,00,0008,0008,00,00,00,0008,0008
1727,00,01,00,00,01,B0,00,0008,00,00,00,00,00,00,00,00,00,00,0E,02,00,00,00,00,00,0000,00,00,0000,00,00,00,00,0008,0008,00,00,00,0008,0008
1728,00,01,00,00,01,B0,00,0008,00,00,00,00,00,00,00,00,00,00,0E,02,00,00,00,00,00,0000,00,00,0000,00,00,00,00,0008,0008,00,00,00,0008,0008
1729,00,01,00,00,01,B0,00,0008,00,00,00,00,00,00,00,00,00,00,0E,02,00,00,00,00,00,0000,00,00,0000,00,00,00,00,0008,0008,00,00,00,0008,0008
1730,00,01,00,00,01,B0,00,0008,00,00,00,00,00,00,00,00,00,00,0E,02,00,00,00,00,00,0000,00,00,0000,00,00,00,00,0008,0008,00,00,00,0008,0008
1731,00,01,00,00,01,B0,00,0008,00,00,00,00,00,00,00,00,00,00,0E,02,00,00,00,00,00,0000,00,00,0000,00,00,00,00,0008,0008,00,00,00,0008,0008
1732,00,01,00,00,01,B0,00,0008,00,00,00,00,00,00,00,00,00,00,0E,02,00,00,00,00,00,0000,00,00,0000,00,00,00,00,0008,0008,00,00,00,0008,0008
1733,00,01,00,00,01,B0,00,0008,00,00,00,00,00,00,00,00,00,00,0E,02,00,00,00,00,00,0000,00,00,0000,00,00,00,00,0008,0008,00,00,00,0008,0008
1734,00,01,00,00,01,B0,00,0008,00,00,00,00,00,00,00,00,00,00,0E,02,00,00,00,00,00,0000,00,00,0000,00,00,00,00,0008,0008,00,00,00,0008,0008
1735,00,01,00,00,01,B0,00,0008,00,00,00,00,00,00,00,00,00,00,0E,02,00,00,00,00,00,0000,00,00,0000,00,00,00,00,0008,0008,00,00,00,0008,0008
1736,00,01,00,00,01,B0,00,0008,00,00,00,00,00,00,00,00,00,00,0E,02,00,00,00,00,00,0000,00,00,0000,00,00,00,00,0008,0008,00,00,00,0008,0008
1737,00,01,00,00,01,B0,00,0008,00,00,00,00,00,00,00,00,00,00,0E,02,00,00,00,00,00,0000,00,00,0000,00,00,00,00,0008,0008,00,00,00,0008,0008
1738,00,01,00,00,01,B0,00,0008,00,00,00,00,00,00,00,00,00,00,0E,02,00,00,00,00,00,0000,00,00,0000,00,00,00,00,0008,0008,00,00,00,0008,0008
1739,00,01,00,00,01,B0,00,0008,00,00,00,00,00,00,00,00,00,00,0E,02,00,00,00,00,00,0000,00,00,0000,00,00,00,00,0008,0008,00,00,00,0008,0008
1740,00,01,00,00,01,B0,00,0008,00,00,00,00,00,00,00,00,00,00,0E,02,00,00,00,00,00,0000,00,00,0000,00,00,00,00,0008,0008,00,00,00,0008,0008
1741,00,01,00,00,01,B0,00,0008,00,00,00,00,00,00,00,00,00,00,0E,02,00,00,00,00,00,0000,00,00,0000,00,00,00,00,0008,0008,00,00,00,0008,0008
1742,00,01,00,00,01,B0,00,0008,00,00,00,00,00,00,00,00,00,00,0E,02,00,00,00,00,00,0000,00,00,0000,00,00,00,00,0008,0008,00,00,00,0008,0008
1743,00,01,00,00,01,B0,00,0008,00,00,00,00,00,00,00,00,00,00,0E,02,00,00,00,00,00,0000,00,00,0000,00,00,00,00,0008,0008,00,00,00,0008,0008
1744,00,01,00,00,01,B0,00,0008,00,00,00,00,00,00,00,00,00,00,0E,02,00,00,00,00,00,0000,00,00,0000,00,00,00,00,0008,0008,00,00,00,0008,0008
1745,00,01,00,00,01,B0,00,0008,00,00,00,00,00,00,00,00,00,00,0E,02,00,00,00,00,00,0000,00,00,0000,00,00,00,00,0008,0008,00,00,00,0008,0008
1746,00,01,00,00,01,B0,00,0008,00,00,00,00,00,00,00,00,00,00,0E,02,00,00,00,00,00,0000,00,00,0000,00,00,00,00,0008,0008,00,00,00,0008,0008
1747,00,01,00,00,01,B0,00,0008,00,00,00,00,00,00,00,00,00,00,0E,02,00,00,00,00,00,0000,00,00,0000,00,00,00,00,0008,0008,00,00,00,0008,0008
1748,00,01,00,00,01,B0,00,0008,00,00,00,00,00,00,00,00,00,00,0E,02,00,00,00,00,00,0000,00,00,0000,00,00,00,00,0008,0008,00,00,00,0008,0008
1749,00,01,00,00,01,B0,00,0008,00,00,00,00,00,00,00,00,00,00,0E,02,00,00,00,00,00,0000,00,00,0000,00,00,00,00,0008,0008,00,00,00,0008,0008
1750,00,01,00,00,01,B0,00,0008,00,00,00,00,00,00,00,00,00,00,0E,02,00,00,00,00,00,0000,00,00,0000,00,00,00,00,0008,0008,00,00,00,0008,0008
1751,00,01,00,00,01,B0,00,0008,00,00,00,00,00,00,00,00,00,00,0E,02,00,00,00,00,00,0000,00,00,0000,00,00,00,00,0008,0008,00,00,00,0008,0008
1752,00,01,00,00,01,B0,00,0008,00,00,00,00,00,00,00,00,00,00,0E,02,00,00,00,00,00,0000,00,00,0000,00,00,00,00,0008,0008,00,00,00,0008,0008
1753,00,01,00,00,01,B0,00,0008,00,00,00,00,00,00,00,00,00,00,0E,02,00,00,00,00,00,0000,00,00,0000,00,00,00,00,0008,0008,00,00,00,0008,0008
1754,00,01,00,00,01,B0,00,0008,00,00,00,00,00,00,00,00,00,00,0E,02,00,00,00,00,00,0000,00,00,0000,00,00,00,00,0008,0008,00,00,00,0008,0008
1755,00,01,00,00,01,B0,00,0008,00,00,00,00,00,00,00,00,00,00,0E,02,00,00,00,00,00,0000,00,00,0000,00,00,00,00,0008,0008,00,00,00,0008,0008
1756,00,01,00,00,01,B0,00,0008,00,00,00,00,00,00,00,00,00,00,0E,02,00,00,00,00,00,0000,00,00,0000,00,00,00,00,0008,0008,00,00,00,0008,0008
1757,00,01,00,00,01,B0,00,0008,00,00,00,00,00,00,00,00,00,00,0E,02,00,00,00,00,00,0000,00,00,0000,00,00,00,00,0008,0008,00,00,00,0008,0008
1758,00,01,00,00,01,B0,00,0008,00,00,00,00,00,00,00,00,00,00,0E,02,00,00,00,00,00,0000,00,00,0000,00,00,00,00,0008,0008,00,00,00,0008,0008
1759,00,01,00,00,01,B0,00,0008,00,00,00,00,00,00,00,00,00,00,0E,02,00,00,00,00,00,0000,00,00,0000,00,00,00,00,0008,0008,00,00,00,0008,0008
1760,00,01,00,00,01,B0,00,0008,00,00,00,00,00,00,00,00,00,00,0E,02,00,00,00,00,00,0000,00,00,0000,00,00,00,00,0008,0008,00,00,00,0008,0008
1761,00,01,00,00,01,B0,00,0008,00,00,00,00,00,00,00,00,00,00,0E,02,00,00,00,00,00,0000,00,00,0000,00,00,00,00,0008,0008,00,00,00,0008,0008
1762,00,01,00,00,01,B0,00,0008,00,00,00,00,00,00,00,00,00,00,0E,02,00,00,00,00,00,0000,00,00,0000,00,00,00,00,0008,0008,00,00,00,0008,0008
1763,00,01,00,00,01,B0,00,0008,00,00,00,00,00,00,00,00,00,00,0E,02,00,00,00,00,00,0000,00,00,0000,00,00,00,00,0008,0008,00,00,00,0008,0008
1764,00,01,00,00,01,B0,00,0008,00,00,00,00,00,00,00,00,00,00,0E,02,00,00,00,00,00,0000,00,00,0000,00,00,00,00,0008,0008,00,00,00,0008,0008
1765,00,01,00,00,01,B0,00,0008,00,00,00,00,00,00,00,00,00,00,0E,02,00,00,00,00,00,0000,00,00,0000,00,00,00,00,0008,0008,00,00,00,0008,0008
1766,00,01,00,00,01,B0,00,0008,00,00,00,00,00,00,00,00,00,00,0E,02,00,00,00,00,00,0000,00,00,0000,00,00,00,00,0008,0008,00,00,00,0008,0008
1767,00,01,00,00,01,B0,00,0008,00,00,00,00,00,00,00,00,00,00,0E,02,00,00,00,00,00,0000,00,00,0000,00,00,00,00,0008,0008,00,00,00,0008,0008
1768,00,01,00,00,01,B0,00,0008,00,00,00,00,00,00,00,00,00,00,0E,02,00,00,00,00,00,0000,00,00,0000,00,00,00,00,0008,0008,00,00,00,0008,0008
1769,00,01,00,00,01,B0,00,0008,00,00,00,00,00,00,00,00,00,00,0E,02,00,00,00,00,00,0000,00,00,0000,00,00,00,00,0008,0008,00,00,00,0008,0008
1770,00,01,00,00,01,B0,00,0008,00,00,00,00,00,00,00,00,00,00,0E,02,00,00,00,00,00,0000,00,00,0000,00,00,00,00,0008,0008,00,00,00,0008,0008
1771,00,01,00,00,01,B0,00,0008,00,00,00,00,00,00,00,00,00,00,0E,02,00,00,00,00,00,0000,00,00,0000,00,00,00,00,0008,0008,00,00,00,0008,0008
1772,00,01,00,00,01,B0,00,0008,00,00,00,00,00,00,00,00,00,00,0E,02,00,00,00,00,00,0000,00,00,0000,00,00,00,00,0008,0008,00,00,00,0008,0008
1773,00,01,00,00,01,B0,00,0008,00,00,00,00,00,00,00,00,00,00,0E,02,00,00,00,00,00,0000,00,00,0000,00,00,00,00,0008,0008,00,00,00,0008,0008
1774,00,01,00,00,01,B0,00,0008,00,00,00,00,00,00,00,00,00,00,0E,02,00,00,00,00,00,0000,00,00,0000,00,00,00,00,0008,0008,00,00,00,0008,0008
1775,00,01,00,00,01,B0,00,0008,00,00,00,00,00,00,00,00,00,00,0E,02,00,00,00,00,00,0000,00,00,0000,00,00,00,00,0008,0008,00,00,00,0008,0008
1776,00,01,00,00,01,B0,00,0008,00,00,00,00,00,00,00,00,00,00,0E,02,00,00,00,00,00,0000,00,00,0000,00,00,00,00,0008,0008,00,00,00,0008,0008
1777,00,01,00,00,01,B0,00,0008,00,00,00,00,00,00,00,00,00,00,0E,02,00,00,00,00,00,0000,00,00,0000,00,00,00,00,0008,0008,00,00,00,0008,0008
1778,00,01,00,00,01,B0,00,0008,00,00,00,00,00,00,00,00,00,00,0E,02,00,00,00,00,00,0000,00,00,0000,00,00,00,00,0008,0008,00,00,00,0008,0008
1779,00,01,00,00,01,B0,00,0008,00,00,00,00,00,00,00,00,00,00,0E,02,00,00,00,00,00,0000,00,00,0000,00,00,00,00,0008,0008,00,00,00,0008,0008
1780,00,01,00,00,01,B0,00,0008,00,00,00,00,00,00,00,00,00,00,0E,02,00,00,00,00,00,0000,00,00,0000,00,00,00,00,0008,0008,00,00,00,0008,0008
1781,00,01,00,00,01,B0,00,0008,00,00,00,00,00,00,00,00,00,00,0E,02,00,00,00,00,00,0000,00,00,0000,00,00,00,00,0008,0008,00,00,00,0008,0008
1782,00,01,00,00,01,B0,00,0008,00,00,00,00,00,00,00,00,00,00,0E,02,00,00,00,00,00,0000,00,00,0000,00,00,00,00,0008,0008,00,00,00,0008,0008
1783,00,01,00,00,01,B0,00,0008,00,00,00,00,00,00,00,00,00,00,0E,02,00,00,00,00,00,0000,00,00,0000,00,00,00,00,0008,0008,00,00,00,0008,0008
1784,00,01,00,00,01,B0,00,0008,00,00,00,00,00,00,00,00,00,00,0E,02,00,00,00,00,00,0000,00,00,0000,00,00,00,00,0008,0008,00,00,00,0008,0008
1785,00,01,00,00,01,B0,00,0008,00,00,00,00,00,00,00,00,00,00,0E,02,00,00,00,00,00,0000,00,00,0000,00,00,00,00,0008,0008,00,00,00,0008,0008
1786,00,01,00,00,01,B0,00,0008,00,00,00,00,00,00,00,00,00,00,0E,02,00,00,00,00,00,0000,00,00,0000,00,00,00,00,0008,0008,00,00,00,0008,0008
1787,00,01,00,00,01,B0,00,0008,00,00,00,00,00,00,00,00,00,00,0E,02,00,00,00,00,00,0000,00,00,0000,00,00,00,00,0008,0008,00,00,00,0008,0008
1788,00,01,00,00,01,B0,00,0008,00,00,00,00,00,00,00,00,00,00,0E,02,00,00,00,00,00,0000,00,00,0000,00,00,00,00,0008,0008,00,00,00,0008,0008
1789,00,01,00,00,01,B0,00,0008,00,00,00,00,00,00,00,00,00,00,0E,02,00,00,00,00,00,0000,00,00,0000,00,00,00,00,0008,0008,00,00,00,0008,0008
1790,00,01,00,00,01,B0,00,0008,00,00,00,00,00,00,00,00,00,00,0E,02,00,00,00,00,00,0000,00,00,0000,00,00,00,00,0008,0008,00,00,00,0008,0008
1791,00,01,00,00,01,B0,00,0008,00,00,00,00,00,00,00,00,00,00,0E,02,00,00,00,00,00,0000,00,00,0000,00,00,00,00,0008,0008,00,00,00,0008,0008
1792,00,01,00,00,01,B0,00,0008,00,00,00,00,00,00,00,00,00,00,0E,02,00,00,00,00,00,0000,00,00,0000,00,00,00,00,0008,0008,00,00,00,0008,0008
1793,00,01,00,00,01,B0,00,0008,00,00,00,00,00,00,00,00,00,00,0E,02,00,00,00,00,00,0000,00,00,0000,00,00,00,00,0008,0008,00,00,00,0008,0008
1794,00,01,00,00,01,B0,00,0008,00,00,00,00,00,00,00,00,00,00,0E,02,00,00,00,00,00,0000,00,00,0000,00,00,00,00,0008,0008,00,00,00,0008,0008
1795,00,01,00,00,01,B0,00,0008,00,00,00,00,00,00,00,00,00,00,0E,02,00,00,00,00,00,0000,00,00,0000,00,00,00,00,0008,0008,00,00,00,0008,0008
1796,00,01,00,00,01,B0,00,0008,00,00,00,00,00,00,00,00,00,00,0E,02,00,00,00,00,00,0000,00,00,0000,00,00,00,00,0008,0008,00,00,00,0008,0008
1797,00,01,00,00,01,B0,00,0008,00,00,00,00,00,00,00,00,00,00,0E,02,00,00,00,00,00,0000,00,00,0000,00,00,00,00,0008,0008,00,00,00,0008,0008
1798,00,01,00,00,01,B0,00,0008,00,00,00,00,00,00,00,00,00,00,0E,02,00,00,00,00,00,0000,00,00,0000,00,00,00,00,0008,0008,00,00,00,0008,0008
1799,00,01,00,00,01,B0,00,0008,00,00,00,00,00,00,00,00,00,00,0E,02,00,00,00,00,00,0000,00,00,0000,00,00,00,00,0008,0008,00,00,00,0008,0008
1800,00,01,00,00,01,B0,00,0008,00,00,00,00,00,00,00,00,00,00,0E,02,00,00,00,00,00,0000,00,00,0000,00,00,00,00,0008,0008,00,00,00,0008,0008
1801,00,01,00,00,01,B0,00,0008,00,00,00,00,00,00,00,00,00,00,0E,02,00,00,00,00,00,0000,00,00,0000,00,00,00,00,0008,0008,00,00,00,0008,0008
1802,00,01,00,00,01,B0,00,0008,00,00,00,00,00,00,00,00,00,00,0E,02,00,00,00,00,00,0000,00,00,0000,00,00,00,00,0008,0008,00,00,00,0008,0008
1803,00,01,00,00,01,B0,00,0008,00,00,00,00,00,00,00,00,00,00,0E,02,00,00,00,00,00,0000,00,00,0000,00,00,00,00,0008,0008,00,00,00,0008,0008
1804,00,01,00,00,01,B0,00,0008,00,00,00,00,00,00,00,00,00,00,0E,02,00,00,00,00,00,0000,00,00,0000,00,00,00,00,0008,0008,00,00,00,0008,0008
1805,00,01,00,00,01,B0,00,0008,00,00,00,00,00,00,00,00,00,00,0E,02,00,00,00,00,00,0000,00,00,0000,00,00,00,00,0008,0008,00,00,00,0008,0008
1806,00,01,00,00,01,B0,00,0008,00,00,00,00,00,00,00,00,00,00,0E,02,00,00,00,00,00,0000,00,00,0000,00,00,00,00,0008,0008,00,00,00,0008,0008
1807,00,01,00,00,01,B0,00,0008,00,00,00,00,00,00,00,00,00,00,0E,02,00,00,00,00,00,0000,00,00,0000,00,00,00,00,0008,0008,00,00,00,0008,0008
1808,00,01,00,00,01,B0,00,0008,00,00,00,00,00,00,00,00,00,00,0E,02,00,00,00,00,00,0000,00,00,0000,00,00,00,00,0008,0008,00,00,00,0008,0008
1809,00,01,00,00,01,B0,00,0008,00,00,00,00,00,00,00,00,00,00,0E,02,00,00,00,00,00,0000,00,00,0000,00,00,00,00,0008,0008,00,00,00,0008,0008
1810,00,01,00,00,01,B0,00,0008,00,00,00,00,00,00,00,00,00,00,0E,02,00,00,00,00,00,0000,00,00,0000,00,00,00,00,0008,0008,00,00,00,0008,0008
1811,00,01,00,00,01,B0,00,0008,00,00,00,00,00,00,00,00,00,00,0E,02,00,00,00,00,00,0000,00,00,0000,00,00,00,00,0008,0008,00,00,00,0008,0008
1812,00,01,00,00,01,B0,00,0008,00,00,00,00,00,00,00,00,00,00,0E,02,00,00,00,00,00,0000,00,00,0000,00,00,00,00,0008,0008,00,00,00,0008,0008
1813,00,01,00,00,01,B0,00,0008,00,00,00,00,00,00,00,00,00,00,0E,02,00,00,00,00,00,0000,00,00,0000,00,00,00,00,0008,0008,00,00,00,0008,0008
1814,00,01,00,00,01,B0,00,0008,00,00,00,00,00,00,00,00,00,00,0E,02,00,00,00,00,00,0000,00,00,0000,00,00,00,00,0008,0008,00,00,00,0008,0008
1815,00,01,00,00,01,B0,00,0008,00,00,00,00,00,00,00,00,00,00,0E,02,00,00,00,00,00,0000,00,00,0000,00,00,00,00,0008,0008,00,00,00,0008,0008
1816,00,01,00,00,01,B0,00,0008,00,00,00,00,00,00,00,00,00,00,0E,02,00,00,00,00,00,0000,00,00,0000,00,00,00,00,0008,0008,00,00,00,0008,0008
1817,00,01,00,00,01,B0,00,0008,00,00,00,00,00,00,00,00,00,00,0E,02,00,00,00,00,00,0000,00,00,0000,00,00,00,00,0008,0008,00,00,00,0008,0008
1818,00,01,00,00,01,B0,00,0008,00,00,00,00,00,00,00,00,00,00,0E,02,00,00,00,00,00,0000,00,00,0000,00,00,00,00,0008,0008,00,00,00,0008,0008
1819,00,01,00,00,01,B0,00,0008,00,00,00,00,00,00,00,00,00,00,0E,02,00,00,00,00,00,0000,00,00,0000,00,00,00,00,0008,0008,00,00,00,0008,0008
1820,00,01,00,00,01,B0,00,0008,00,00,00,00,00,00,00,00,00,00,0E,02,00,00,00,00,00,0000,00,00,0000,00,00,00,00,0008,0008,00,00,00,0008,0008
1821,00,01,00,00,01,B0,00,0008,00,00,00,00,00,00,00,00,00,00,0E,02,00,00,00,00,00,0000,00,00,0000,00,00,00,00,0008,0008,00,00,00,0008,0008
1822,00,01,00,00,01,B0,00,0008,00,00,00,00,00,00,00,00,00,00,0E,02,00,00,00,00,00,0000,00,00,0000,00,00,00,00,0008,0008,00,00,00,0008,0008
1823,00,01,00,00,01,B0,00,0008,00,00,00,00,00,00,00,00,00,00,0E,02,00,00,00,00,00,0000,00,00,0000,00,00,00,00,0008,0008,00,00,00,0008,0008
1824,00,01,00,00,01,B0,00,0008,00,00,00,00,00,00,00,00,00,00,0E,02,00,00,00,00,00,0000,00,00,0000,00,00,00,00,0008,0008,00,00,00,0008,0008
1825,00,01,00,00,01,B0,00,0008,00,00,00,00,00,00,00,00,00,00,0E,02,00,00,00,00,00,0000,00,00,0000,00,00,00,00,0008,0008,00,00,00,0008,0008
1826,00,01,00,00,01,B0,00,0008,00,00,00,00,00,00,00,00,00,00,0E,02,00,00,00,00,00,0000,00,00,0000,00,00,00,00,0008,0008,00,00,00,0008,0008
1827,00,01,00,00,01,B0,00,0008,00,00,00,00,00,00,00,00,00,00,0E,02,00,00,00,00,00,0000,00,00,0000,00,00,00,00,0008,0008,00,00,00,0008,0008
1828,00,01,00,00,01,B0,00,0008,00,00,00,00,00,00,00,00,00,00,0E,02,00,00,00,00,00,0000,00,00,0000,00,00,00,00,0008,0008,00,00,00,0008,0008
1829,00,01,00,00,01,B0,00,0008,00,00,00,00,00,00,00,00,00,00,0E,02,00,00,00,00,00,0000,00,00,0000,00,00,00,00,0008,0008,00,00,00,0008,0008
1830,00,01,00,00,01,B0,00,0008,00,00,00,00,00,00,00,00,00,00,0E,02,00,00,00,00,00,0000,00,00,0000,00,00,00,00,0008,0008,00,00,00,0008,0008
1831,00,01,00,00,01,B0,00,0008,00,00,00,00,00,00,00,00,00,00,0E,02,00,00,00,00,00,0000,00,00,0000,00,00,00,00,0008,0008,00,00,00,0008,0008
1832,00,01,00,00,01,B0,00,0008,00,00,00,00,00,00,00,00,00,00,0E,02,00,00,00,00,00,0000,00,00,0000,00,00,00,00,0008,0008,00,00,00,0008,0008
1833,00,01,00,00,01,B0,00,0008,00,00,00,00,00,00,00,00,00,00,0E,02,00,00,00,00,00,0000,00,00,0000,00,00,00,00,0008,0008,00,00,00,0008,0008
1834,00,01,00,00,01,B0,00,0008,00,00,00,00,00,00,00,00,00,00,0E,02,00,00,00,00,00,0000,00,00,0000,00,00,00,00,0008,0008,00,00,00,0008,0008
1835,00,01,00,00,01,B0,00,0008,00,00,00,00,00,00,00,00,00,00,0E,02,00,00,00,00,00,0000,00,00,0000,00,00,00,00,0008,0008,00,00,00,0008,0008
1836,00,01,00,00,01,B0,00,0008,00,00,00,00,00,00,00,00,00,00,0E,02,00,00,00,00,00,0000,00,00,0000,00,00,00,00,0008,0008,00,00,00,0008,0008
1837,00,01,00,00,01,B0,00,0008,00,00,00,00,00,00,00,00,00,00,0E,02,00,00,00,00,00,0000,00,00,0000,00,00,00,00,0008,0008,00,00,00,0008,0008
1838,00,01,00,00,01,B0,00,0008,00,00,00,00,00,00,00,00,00,00,0E,02,00,00,00,00,00,0000,00,00,0000,00,00,00,00,0008,0008,00,00,00,0008,0008
1839,00,01,00,00,01,B0,00,0008,00,00,00,00,00,00,00,00,00,00,0E,02,00,00,00,00,00,0000,00,00,0000,00,00,00,00,0008,0008,00,00,00,0008,0008
1840,00,01,00,00,01,B0,00,0008,00,00,00,00,00,00,00,00,00,00,0E,02,00,00,00,00,00,0000,00,00,0000,00,00,00,00,0008,0008,00,00,00,0008,0008
1841,00,01,00,00,01,B0,00,0008,00,00,00,00,00,00,00,00,00,00,0E,02,00,00,00,00,00,0000,00,00,0000,00,00,00,00,0008,0008,00,00,00,0008,0008
1842,00,01,00,00,01,B0,00,0008,00,00,00,00,00,00,00,00,00,00,0E,02,00,00,00,00,00,0000,00,00,0000,00,00,00,00,0008,0008,00,00,00,0008,0008
1843,00,01,00,00,01,B0,00,0008,00,00,00,00,00,00,00,00,00,00,0E,02,00,00,00,00,00,0000,00,00,0000,00,00,00,00,0008,0008,00,00,00,0008,0008
1844,00,01,00,00,01,B0,00,0008,00,00,00,00,00,00,00,00,00,00,0E,02,00,00,00,00,00,0000,00,00,0000,00,00,00,00,0008,0008,00,00,00,0008,0008
1845,00,01,00,00,01,B0,00,0008,00,00,00,00,00,00,00,00,00,00,0E,02,00,00,00,00,00,0000,00,00,0000,00,00,00,00,0008,0008,00,00,00,0008,0008
1846,00,01,00,00,01,B0,00,0008,00,00,00,00,00,00,00,00,00,00,0E,02,00,00,00,00,00,0000,00,00,0000,00,00,00,00,0008,0008,00,00,00,0008,0008
1847,00,01,00,00,01,B0,00,0008,00,00,00,00,00,00,00,00,00,00,0E,02,00,00,00,00,00,0000,00,00,0000,00,00,00,00,0008,0008,00,00,00,0008,0008
1848,00,01,00,00,01,B0,00,0008,00,00,00,00,00,00,00,00,00,00,0E,02,00,00,00,00,00,0000,00,00,0000,00,00,00,00,0008,0008,00,00,00,0008,0008
1849,00,01,00,00,01,B0,00,0008,00,00,00,00,00,00,00,00,00,00,0E,02,00,00,00,00,00,0000,00,00,0000,00,00,00,00,0008,0008,00,00,00,0008,0008
1850,00,01,00,00,01,B0,00,0008,00,00,00,00,00,00,00,00,00,00,0E,02,00,00,00,00,00,0000,00,00,0000,00,00,00,00,0008,0008,00,00,00,0008,0008
1851,00,01,00,00,01,B0,00,0008,00,00,00,00,00,00,00,00,00,00,0E,02,00,00,00,00,00,0000,00,00,0000,00,00,00,00,0008,0008,00,00,00,0008,0008
1852,00,01,00,00,01,B0,00,0008,00,00,00,00,00,00,00,00,00,00,0E,02,00,00,00,00,00,0000,00,00,0000,00,00,00,00,0008,0008,00,00,00,0008,0008
1853,00,01,00,00,01,B0,00,0008,00,00,00,00,00,00,00,00,00,00,0E,02,00,00,00,00,00,0000,00,00,0000,00,00,00,00,0008,0008,00,00,00,0008,0008
1854,00,01,00,00,01,B0,00,0008,00,00,00,00,00,00,00,00,00,00,0E,02,00,00,00,00,00,0000,00,00,0000,00,00,00,00,0008,0008,00,00,00,0008,0008
1855,00,01,00,00,01,B0,00,0008,00,00,00,00,00,00,00,00,00,00,0E,02,00,00,00,00,00,0000,00,00,0000,00,00,00,00,0008,0008,00,00,00,0008,0008
1856,00,01,00,00,01,B0,00,0008,00,00,00,00,00,00,00,00,00,00,0E,02,00,00,00,00,00,0000,00,00,0000,00,00,00,00,0008,0008,00,00,00,0008,0008
1857,00,01,00,00,01,B0,00,0008,00,00,00,00,00,00,00,00,00,00,0E,02,00,00,00,00,00,0000,00,00,0000,00,00,00,00,0008,0008,00,00,00,0008,0008
1858,00,01,00,00,01,B0,00,0008,00,00,00,00,00,00,00,00,00,00,0E,02,00,00,00,00,00,0000,00,00,0000,00,00,00,00,0008,0008,00,00,00,0008,0008
1859,00,01,00,00,01,B0,00,0008,00,00,00,00,00,00,00,00,00,00,0E,02,00,00,00,00,00,0000,00,00,0000,00,00,00,00,0008,0008,00,00,00,0008,0008
1860,00,01,00,00,01,B0,00,0008,00,00,00,00,00,00,00,00,00,00,0E,02,00,00,00,00,00,0000,00,00,0000,00,00,00,00,0008,0008,00,00,00,0008,0008
1861,00,01,00,00,01,B0,00,0008,00,00,00,00,00,00,00,00,00,00,0E,02,00,00,00,00,00,0000,00,00,0000,00,00,00,00,0008,0008,00,00,00,0008,0008
1862,00,01,00,00,01,B0,00,0008,00,00,00,00,00,00,00,00,00,00,0E,02,00,00,00,00,00,0000,00,00,0000,00,00,00,00,0008,0008,00,00,00,0008,0008
1863,00,01,00,00,01,B0,00,0008,00,00,00,00,00,00,00,00,00,00,0E,02,00,00,00,00,00,0000,00,00,0000,00,00,00,00,0008,0008,00,00,00,0008,0008
1864,00,01,00,00,01,B0,00,0008,00,00,00,00,00,00,00,00,00,00,0E,02,00,00,00,00,00,0000,00,00,0000,00,00,00,00,0008,0008,00,00,00,0008,0008
1865,00,01,00,00,01,B0,00,0008,00,00,00,00,00,00,00,00,00,00,0E,02,00,00,00,00,00,0000,00,00,0000,00,00,00,00,0008,0008,00,00,00,0008,0008
1866,00,01,00,00,01,B0,00,0008,00,00,00,00,00,00,00,00,00,00,0E,02,00,00,00,00,00,0000,00,00,0000,00,00,00,00,0008,0008,00,00,00,0008,0008
1867,00,01,00,00,01,B0,00,0008,00,00,00,00,00,00,00,00,00,00,0E,02,00,00,00,00,00,0000,00,00,0000,00,00,00,00,0008,0008,00,00,00,0008,0008
1868,00,01,00,00,01,B0,00,0008,00,00,00,00,00,00,00,00,00,00,0E,02,00,00,00,00,00,0000,00,00,0000,00,00,00,00,0008,0008,00,00,00,0008,0008
1869,00,01,00,00,01,B0,00,0008,00,00,00,00,00,00,00,00,00,00,0E,02,00,00,00,00,00,0000,00,00,0000,00,00,00,00,0008,0008,00,00,00,0008,0008
1870,00,01,00,00,01,B0,00,0008,00,00,00,00,00,00,00,00,00,00,0E,02,00,00,00,00,00,0000,00,00,0000,00,00,00,00,0008,0008,00,00,00,0008,0008
1871,00,01,00,00,01,B0,00,0008,00,00,00,00,00,00,00,00,00,00,0E,02,00,00,00,00,00,0000,00,00,0000,00,00,00,00,0008,0008,00,00,00,0008,0008
1872,00,01,00,00,01,B0,00,0008,00,00,00,00,00,00,00,00,00,00,0E,02,00,00,00,00,00,0000,00,00,0000,00,00,00,00,0008,0008,00,00,00,0008,0008
1873,00,01,00,00,01,B0,00,0008,00,00,00,00,00,00,00,00,00,00,0E,02,00,00,00,00,00,0000,00,00,0000,00,00,00,00,0008,0008,00,00,00,0008,0008
1874,00,01,00,00,01,B0,00,0008,00,00,00,00,00,00,00,00,00,00,0E,02,00,00,00,00,00,0000,00,00,0000,00,00,00,00,0008,0008,00,00,00,0008,0008
1875,00,01,00,00,01,B0,00,0008,00,00,00,00,00,00,00,00,00,00,0E,02,00,00,00,00,00,0000,00,00,0000,00,00,00,00,0008,0008,00,00,00,0008,0008
1876,00,01,00,00,01,B0,00,0008,00,00,00,00,00,00,00,00,00,00,0E,02,00,00,00,00,00,0000,00,00,0000,00,00,00,00,0008,0008,00,00,00,0008,0008
1877,00,01,00,00,01,B0,00,0008,00,00,00,00,00,00,00,00,00,00,0E,02,00,00,00,00,00,0000,00,00,0000,00,00,00,00,0008,0008,00,00,00,0008,0008
1878,00,01,00,00,01,B0,00,0008,00,00,00,00,00,00,00,00,00,00,0E,02,00,00,00,00,00,0000,00,00,0000,00,00,00,00,0008,0008,00,00,00,0008,0008
1879,00,01,00,00,01,B0,00,0008,00,00,00,00,00,00,00,00,00,00,0E,02,00,00,00,00,00,0000,00,00,0000,00,00,00,00,0008,0008,00,00,00,0008,0008
1880,00,01,00,00,01,B0,00,0008,00,00,00,00,00,00,00,00,00,00,0E,02,00,00,00,00,00,0000,00,00,0000,00,00,00,00,0008,0008,00,00,00,0008,0008
1881,00,01,00,00,01,B0,00,0008,00,00,00,00,00,00,00,00,00,00,0E,02,00,00,00,00,00,0000,00,00,0000,00,00,00,00,0008,0008,00,00,00,0008,0008
1882,00,01,00,00,01,B0,00,0008,00,00,00,00,00,00,00,00,00,00,0E,02,00,00,00,00,00,0000,00,00,0000,00,00,00,00,0008,0008,00,00,00,0008,0008
1883,00,01,00,00,01,B0,00,0008,00,00,00,00,00,00,00,00,00,00,0E,02,00,00,00,00,00,0000,00,00,0000,00,00,00,00,0008,0008,00,00,00,0008,0008
1884,00,01,00,00,01,B0,00,0008,00,00,00,00,00,00,00,00,00,00,0E,02,00,00,00,00,00,0000,00,00,0000,00,00,00,00,0008,0008,00,00,00,0008,0008
1885,00,01,00,00,01,B0,00,0008,00,00,00,00,00,00,00,00,00,00,0E,02,00,00,00,00,00,0000,00,00,0000,00,00,00,00,0008,0008,00,00,00,0008,0008
1886,00,01,00,00,01,B0,00,0008,00,00,00,00,00,00,00,00,00,00,0E,02,00,00,00,00,00,0000,00,00,0000,00,00,00,00,0008,0008,00,00,00,0008,0008
1887,00,01,00,00,01,B0,00,0008,00,00,00,00,00,00,00,00,00,00,0E,02,00,00,00,00,00,0000,00,00,0000,00,00,00,00,0008,0008,00,00,00,0008,0008
1888,00,01,00,00,01,B0,00,0008,00,00,00,00,00,00,00,00,00,00,0E,02,00,00,00,00,00,0000,00,00,0000,00,00,00,00,0008,0008,00,00,00,0008,0008
1889,00,01,00,00,01,B0,00,0008,00,00,00,00,00,00,00,00,00,00,0E,02,00,00,00,00,00,0000,00,00,0000,00,00,00,00,0008,0008,00,00,00,0008,0008
1890,00,01,00,00,01,B0,00,0008,00,00,00,00,00,00,00,00,00,00,0E,02,00,00,00,00,00,0000,00,00,0000,00,00,00,00,0008,0008,00,00,00,0008,0008
1891,00,01,00,00,01,B0,00,0008,00,00,00,00,00,00,00,00,00,00,0E,02,00,00,00,00,00,0000,00,00,0000,00,00,00,00,0008,0008,00,00,00,0008,0008
1892,00,01,00,00,01,B0,00,0008,00,00,00,00,00,00,00,00,00,00,0E,02,00,00,00,00,00,0000,00,00,0000,00,00,00,00,0008,0008,00,00,00,0008,0008
1893,00,01,00,00,01,B0,00,0008,00,00,00,00,00,00,00,00,00,00,0E,02,00,00,00,00,00,0000,00,00,0000,00,00,00,00,0008,0008,00,00,00,0008,0008
1894,00,01,00,00,01,B0,00,0008,00,00,00,00,00,00,00,00,00,00,0E,02,00,00,00,00,00,0000,00,00,0000,00,00,00,00,0008,0008,00,00,00,0008,0008
1895,00,01,00,00,01,B0,00,0008,00,00,00,00,00,00,00,00,00,00,0E,02,00,00,00,00,00,0000,00,00,0000,00,00,00,00,0008,0008,00,00,00,0008,0008
1896,00,01,00,00,01,B0,00,0008,00,00,00,00,00,00,00,00,00,00,0E,02,00,00,00,00,00,0000,00,00,0000,00,00,00,00,0008,0008,00,00,00,0008,0008
1897,00,01,00,00,01,B0,00,0008,00,00,00,00,00,00,00,00,00,00,0E,02,00,00,00,00,00,0000,00,00,0000,00,00,00,00,0008,0008,00,00,00,0008,0008
1898,00,01,00,00,01,B0,00,0008,00,00,00,00,00,00,00,00,00,00,0E,02,00,00,00,00,00,0000,00,00,0000,00,00,00,00,0008,0008,00,00,00,0008,0008
1899,00,01,00,00,01,B0,00,0008,00,00,00,00,00,00,00,00,00,00,0E,02,00,00,00,00,00,0000,00,00,0000,00,00,00,00,0008,0008,00,00,00,0008,0008
1900,00,01,00,00,01,B0,00,0008,00,00,00,00,00,00,00,00,00,00,0E,02,00,00,00,00,00,0000,00,00,0000,00,00,00,00,0008,0008,00,00,00,0008,0008
1901,00,01,00,00,01,B0,00,0008,00,00,00,00,00,00,00,00,00,00,0E,02,00,00,00,00,00,0000,00,00,0000,00,00,00,00,0008,0008,00,00,00,0008,0008
1902,00,01,00,00,01,B0,00,0008,00,00,00,00,00,00,00,00,00,00,0E,02,00,00,00,00,00,0000,00,00,0000,00,00,00,00,0008,0008,00,00,00,0008,0008
1903,00,01,00,00,01,B0,00,0008,00,00,00,00,00,00,00,00,00,00,0E,02,00,00,00,00,00,0000,00,00,0000,00,00,00,00,0008,0008,00,00,00,0008,0008
1904,00,01,00,00,01,B0,00,0008,00,00,00,00,00,00,00,00,00,00,0E,02,00,00,00,00,00,0000,00,00,0000,00,00,00,00,0008,0008,00,00,00,0008,0008
1905,00,01,00,00,01,B0,00,0008,00,00,00,00,00,00,00,00,00,00,0E,02,00,00,00,00,00,0000,00,00,0000,00,00,00,00,0008,0008,00,00,00,0008,0008
1906,00,01,00,00,01,B0,00,0008,00,00,00,00,00,00,00,00,00,00,0E,02,00,00,00,00,00,0000,00,00,0000,00,00,00,00,0008,0008,00,00,00,0008,0008
1907,00,01,00,00,01,B0,00,0008,00,00,00,00,00,00,00,00,00,00,0E,02,00,00,00,00,00,0000,00,00,0000,00,00,00,00,0008,0008,00,00,00,0008,0008
1908,00,01,00,00,01,B0,00,0008,00,00,00,00,00,00,00,00,00,00,0E,02,00,00,00,00,00,0000,00,00,0000,00,00,00,00,0008,0008,00,00,00,0008,0008
1909,00,01,00,00,01,B0,00,0008,00,00,00,00,00,00,00,00,00,00,0E,02,00,00,00,00,00,0000,00,00,0000,00,00,00,00,0008,0008,00,00,00,0008,0008
1910,00,01,00,00,01,B0,00,0008,00,00,00,00,00,00,00,00,00,00,0E,02,00,00,00,00,00,0000,00,00,0000,00,00,00,00,0008,0008,00,00,00,0008,0008
1911,00,01,00,00,01,B0,00,0008,00,00,00,00,00,00,00,00,00,00,0E,02,00,00,00,00,00,0000,00,00,0000,00,00,00,00,0008,0008,00,00,00,0008,0008
1912,00,01,00,00,01,B0,00,0008,00,00,00,00,00,00,00,00,00,00,0E,02,00,00,00,00,00,0000,00,00,0000,00,00,00,00,0008,0008,00,00,00,0008,0008
1913,00,01,00,00,01,B0,00,0008,00,00,00,00,00,00,00,00,00,00,0E,02,00,00,00,00,00,0000,00,00,0000,00,00,00,00,0008,0008,00,00,00,0008,0008
1914,00,01,00,00,01,B0,00,0008,00,00,00,00,00,00,00,00,00,00,0E,02,00,00,00,00,00,0000,00,00,0000,00,00,00,00,0008,0008,00,00,00,0008,0008
1915,00,01,00,00,01,B0,00,0008,00,00,00,00,00,00,00,00,00,00,0E,02,00,00,00,00,00,0000,00,00,0000,00,00,00,00,0008,0008,00,00,00,0008,0008
1916,00,01,00,00,01,B0,00,0008,00,00,00,00,00,00,00,00,00,00,0E,02,00,00,00,00,00,0000,00,00,0000,00,00,00,00,0008,0008,00,00,00,0008,0008
1917,00,01,00,00,01,B0,00,0008,00,00,00,00,00,00,00,00,00,00,0E,02,00,00,00,00,00,0000,00,00,0000,00,00,00,00,0008,0008,00,00,00,0008,0008
1918,00,01,00,00,01,B0,00,0008,00,00,00,00,00,00,00,00,00,00,0E,02,00,00,00,00,00,0000,00,00,0000,00,00,00,00,0008,0008,00,00,00,0008,0008
1919,00,01,00,00,01,B0,00,0008,00,00,00,00,00,00,00,00,00,00,0E,02,00,00,00,00,00,0000,00,00,0000,00,00,00,00,0008,0008,00,00,00,0008,0008
1920,00,01,00,00,01,B0,00,0008,00,00,00,00,00,00,00,00,00,00,0E,02,00,00,00,00,00,0000,00,00,0000,00,00,00,00,0008,0008,00,00,00,0008,0008
1921,00,01,00,00,01,B0,00,0008,00,00,00,00,00,00,00,00,00,00,0E,02,00,00,00,00,00,0000,00,00,0000,00,00,00,00,0008,0008,00,00,00,0008,0008
1922,00,01,00,00,01,B0,00,0008,00,00,00,00,00,00,00,00,00,00,0E,02,00,00,00,00,00,0000,00,00,0000,00,00,00,00,0008,0008,00,00,00,0008,0008
1923,00,01,00,00,01,B0,00,0008,00,00,00,00,00,00,00,00,00,00,0E,02,00,00,00,00,00,0000,00,00,0000,00,00,00,00,0008,0008,00,00,00,0008,0008
1924,00,01,00,00,01,B0,00,0008,00,00,00,00,00,00,00,00,00,00,0E,02,00,00,00,00,00,0000,00,00,0000,00,00,00,00,0008,0008,00,00,00,0008,0008
1925,00,01,00,00,01,B0,00,0008,00,00,00,00,00,00,00,00,00,00,0E,02,00,00,00,00,00,0000,00,00,0000,00,00,00,00,0008,0008,00,00,00,0008,0008
1926,00,01,00,00,01,B0,00,0008,00,00,00,00,00,00,00,00,00,00,0E,02,00,00,00,00,00,0000,00,00,0000,00,00,00,00,0008,0008,00,00,00,0008,0008
1927,00,01,00,00,01,B0,00,0008,00,00,00,00,00,00,00,00,00,00,0E,02,00,00,00,00,00,0000,00,00,0000,00,00,00,00,0008,0008,00,00,00,0008,0008
1928,00,01,00,00,01,B0,00,0008,00,00,00,00,00,00,00,00,00,00,0E,02,00,00,00,00,00,0000,00,00,0000,00,00,00,00,0008,0008,00,00,00,0008,0008
1929,00,01,00,00,01,B0,00,0008,00,00,00,00,00,00,00,00,00,00,0E,02,00,00,00,00,00,0000,00,00,0000,00,00,00,00,0008,0008,00,00,00,0008,0008
1930,00,01,00,00,01,B0,00,0008,00,00,00,00,00,00,00,00,00,00,0E,02,00,00,00,00,00,0000,00,00,0000,00,00,00,00,0008,0008,00,00,00,0008,0008
1931,00,01,00,00,01,B0,00,0008,00,00,00,00,00,00,00,00,00,00,0E,02,00,00,00,00,00,0000,00,00,0000,00,00,00,00,0008,0008,00,00,00,0008,0008
1932,00,01,00,00,01,B0,00,0008,00,00,00,00,00,00,00,00,00,00,0E,02,00,00,00,00,00,0000,00,00,0000,00,00,00,00,0008,0008,00,00,00,0008,0008
1933,00,01,00,00,01,B0,00,0008,00,00,00,00,00,00,00,00,00,00,0E,02,00,00,00,00,00,0000,00,00,0000,00,00,00,00,0008,0008,00,00,00,0008,0008
1934,00,01,00,00,01,B0,00,0008,00,00,00,00,00,00,00,00,00,00,0E,02,00,00,00,00,00,0000,00,00,0000,00,00,00,00,0008,0008,00,00,00,0008,0008
1935,00,01,00,00,01,B0,00,0008,00,00,00,00,00,00,00,00,00,00,0E,02,00,00,00,00,00,0000,00,00,0000,00,00,00,00,0008,0008,00,00,00,0008,0008
1936,00,01,00,00,01,B0,00,0008,00,00,00,00,00,00,00,00,00,00,0E,02,00,00,00,00,00,0000,00,00,0000,00,00,00,00,0008,0008,00,00,00,0008,0008
1937,00,01,00,00,01,B0,00,0008,00,00,00,00,00,00,00,00,00,00,0E,02,00,00,00,00,00,0000,00,00,0000,00,00,00,00,0008,0008,00,00,00,0008,0008
1938,00,01,00,00,01,B0,00,0008,00,00,00,00,00,00,00,00,00,00,0E,02,00,00,00,00,00,0000,00,00,0000,00,00,00,00,0008,0008,00,00,00,0008,0008
1939,00,01,00,00,01,B0,00,0008,00,00,00,00,00,00,00,00,00,00,0E,02,00,00,00,00,00,0000,00,00,0000,00,00,00,00,0008,0008,00,00,00,0008,0008
1940,00,01,00,00,01,B0,00,0008,00,00,00,00,00,00,00,00,00,00,0E,02,00,00,00,00,00,0000,00,00,0000,00,00,00,00,0008,0008,00,00,00,0008,0008
1941,00,01,00,00,01,B0,00,0008,00,00,00,00,00,00,00,00,00,00,0E,02,00,00,00,00,00,0000,00,00,0000,00,00,00,00,0008,0008,00,00,00,0008,0008
1942,00,01,00,00,01,B0,00,0008,00,00,00,00,00,00,00,00,00,00,0E,02,00,00,00,00,00,0000,00,00,0000,00,00,00,00,0008,0008,00,00,00,0008,0008
1943,00,01,00,00,01,30,00,0000,00,00,00,00,00,00,00,00,00,00,0E,02,00,00,00,00,00,0000,00,00,0000,00,00,40,00,0008,0008,00,00,00,0008,0008
1944,00,00,00,00,01,30,00,0008,00,00,00,00,00,00,00,00,00,00,0E,02,00,00,00,00,00,0000,00,00,0000,00,00,40,00,0008,0008,00,00,00,0008,0008
1945,00,00,00,00,01,30,00,0008,00,00,00,00,00,00,00,00,00,00,0E,02,00,00,00,00,00,0000,00,00,0000,00,00,40,00,0008,0008,00,00,00,0008,0008
1946,00,00,02,00,01,B0,00,0008,00,00,00,00,00,00,00,00,00,00,00,00,00,00,00,00,00,0000,00,00,0000,00,00,00,00,0008,0008,00,00,00,0008,0008
1947,00,00,00,00,01,B0,00,0008,00,00,00,00,00,00,00,00,00,00,00,00,10,01,00,00,00,0000,00,00,0000,00,00,00,00,0008,0008,00,00,00,0008,0008
1948,00,00,00,00,01,30,00,0008,00,00,00,00,00,00,00,00,00,00,00,00,10,01,00,00,00,0000,00,00,0000,00,00,00,00,0008,0008,00,00,00,0008,0008
1949,00,00,00,00,01,30,00,0008,00,00,00,00,00,00,00,00,00,00,00,00,10,01,00,00,00,0000,00,00,0000,00,00,00,00,0008,0008,00,00,00,0008,0008
1950,00,00,00,00,01,30,00,0008,00,00,00,00,00,00,00,00,00,00,00,00,10,01,00,00,00,0000,00,00,0000,00,00,00,00,0008,0008,00,00,00,0008,0008
1951,00,00,00,00,01,30,00,0008,00,00,00,00,00,00,00,00,00,00,00,00,10,01,00,00,00,0000,00,00,0000,00,00,00,00,0008,0008,00,00,00,0008,0008
1952,00,00,00,00,01,30,00,0008,00,00,00,00,00,00,00,00,00,00,00,00,10,01,00,00,00,0000,00,00,0000,00,00,00,00,0008,0008,00,00,00,0008,0008
1953,00,00,00,00,01,30,00,0008,00,00,00,00,00,00,00,00,00,00,00,00,10,01,00,00,00,0000,00,00,0000,00,00,00,00,0008,0008,00,00,00,0008,0008
1954,00,00,00,00,01,30,00,0008,00,00,00,00,00,00,00,00,00,00,00,00,10,01,00,00,00,0000,00,00,0000,00,00,00,00,0008,0008,00,00,00,0008,0008
1955,00,00,00,00,01,30,00,0008,00,00,00,00,00,00,00,00,00,00,00,00,00,01,00,00,00,0000,00,00,0000,00,00,00,00,0008,0008,00,00,00,0008,0008
1956,00,00,00,00,01,B0,00,0008,00,00,00,00,00,00,00,00,00,00,00,00,00,01,00,00,00,0000,00,00,0000,00,00,00,00,0008,0008,00,00,00,0008,0008
1957,00,00,00,00,01,B0,00,0008,00,00,00,00,00,00,00,00,00,00,00,00,00,01,00,00,00,0000,00,00,0000,00,00,00,00,0008,0008,00,00,00,0008,0008
1958,00,00,00,00,01,B0,00,0008,00,00,00,00,00,00,00,00,00,00,00,00,00,01,00,00,00,0000,00,00,0000,00,00,00,00,0008,0008,00,00,00,0008,0008
1959,00,00,00,00,01,B0,00,0008,00,00,00,00,00,00,00,00,00,00,00,00,00,01,00,00,00,0000,00,00,0000,00,00,00,00,0008,0008,00,00,00,0008,0008
1960,00,00,00,00,01,B0,00,0008,00,00,00,00,00,00,00,00,00,00,00,00,00,01,00,00,00,0000,00,00,0000,00,00,00,00,0008,0008,00,00,00,0008,0008
1961,00,00,00,00,01,B0,00,0008,00,00,00,00,00,00,00,00,00,00,00,00,00,01,00,00,00,0000,00,00,0000,00,00,00,00,0008,0008,00,00,00,0008,0008
1962,00,00,00,00,01,B0,00,0008,00,00,00,00,00,00,00,00,00,00,00,00,00,01,00,00,00,0000,00,00,0000,00,00,00,00,0008,0008,00,00,00,0008,0008
1963,00,00,00,00,01,B0,00,0008,00,00,00,00,00,00,00,00,00,00,00,00,00,01,00,00,00,0000,00,00,0000,00,00,00,00,0008,0008,00,00,00,0008,0008
1964,00,00,00,00,01,B0,00,0008,00,00,00,00,00,00,00,00,00,00,00,00,00,01,00,00,00,0000,00,00,0000,00,00,00,00,0008,0008,00,00,00,0008,0008
1965,00,00,00,00,01,B0,00,0008,00,00,00,00,00,00,00,00,00,00,00,00,00,01,00,00,00,0000,00,00,0000,00,00,00,00,0008,0008,00,00,00,0008,0008
1966,00,00,00,00,01,B0,00,0008,00,00,00,00,00,00,00,00,00,00,00,00,00,01,00,00,00,0000,00,00,0000,00,00,00,00,0008,0008,00,00,00,0008,0008
1967,00,00,00,00,01,B0,00,0008,00,00,00,00,00,00,00,00,00,00,00,00,00,01,00,00,00,0000,00,00,0000,00,00,00,00,0008,0008,00,00,00,0008,0008
1968,00,00,00,00,01,B0,00,0008,00,00,00,00,00,00,00,00,00,00,00,00,00,01,00,00,00,0000,00,00,0000,00,00,00,00,0008,0008,00,00,00,0008,0008
1969,00,00,00,00,01,B0,00,0008,00,00,00,00,00,00,00,00,00,00,00,00,00,01,00,00,00,0000,00,00,0000,00,00,00,00,0008,0008,00,00,00,0008,0008
1970,00,00,00,00,01,B0,00,0008,00,00,00,00,00,00,00,00,00,00,00,00,00,01,00,00,00,0000,00,00,0000,00,00,00,00,0008,0008,00,00,00,0008,0008
1971,00,00,00,00,01,B0,00,0008,00,00,00,00,00,00,00,00,00,00,00,00,00,01,00,00,00,0000,00,00,0000,00,00,00,00,0008,0008,00,00,00,0008,0008
1972,00,00,00,00,01,B0,00,0008,00,00,00,00,00,00,00,00,00,00,00,00,00,01,00,00,00,0000,00,00,0000,00,00,00,00,0008,0008,00,00,00,0008,0008
1973,00,00,00,00,01,B0,00,0008,00,00,00,00,00,00,00,00,00,00,00,00,00,01,00,00,00,0000,00,00,0000,00,00,00,00,0008,0008,00,00,00,0008,0008
1974,00,00,00,00,01,B0,00,0008,00,00,00,00,00,00,00,00,00,00,00,00,00,01,00,00,00,0000,00,00,0000,00,00,00,00,0008,0008,00,00,00,0008,0008
1975,00,00,00,00,01,B0,00,0008,00,00,00,00,00,00,00,00,00,00,00,00,00,01,00,00,00,0000,00,00,0000,00,00,00,00,0008,0008,00,00,00,0008,0008
1976,00,00,00,00,01,B0,00,0008,00,00,00,00,00,00,00,00,00,00,00,00,00,01,00,00,00,0000,00,00,0000,00,00,00,00,0008,0008,00,00,00,0008,0008
1977,00,00,00,00,01,B0,00,0008,00,00,00,00,00,00,00,00,00,00,00,00,00,01,00,00,00,0000,00,00,0000,00,00,00,00,0008,0008,00,00,00,0008,0008
1978,00,00,00,00,01,B0,00,0008,00,00,00,00,00,00,00,00,00,00,00,00,00,01,00,00,00,0000,00,00,0000,00,00,00,00,0008,0008,00,00,00,0008,0008
1979,00,00,00,00,01,B0,00,0008,00,00,00,00,00,00,00,00,00,00,00,00,00,01,00,00,00,0000,00,00,0000,00,00,00,00,0008,0008,00,00,00,0008,0008
1980,00,00,00,00,01,B0,00,0008,00,00,00,00,00,00,00,00,00,00,00,00,00,01,00,00,00,0000,00,00,0000,00,00,00,00,0008,0008,00,00,00,0008,0008
1981,00,00,00,00,01,B0,00,0008,00,00,00,00,00,00,00,00,00,00,00,00,00,01,00,00,00,0000,00,00,0000,00,00,00,00,0008,0008,00,00,00,0008,0008
1982,00,00,00,00,01,B0,00,0008,00,00,00,00,00,00,00,00,00,00,00,00,00,01,00,00,00,0000,00,00,0000,00,00,00,00,0008,0008,00,00,00,0008,0008
1983,00,00,00,00,01,B0,00,0008,00,00,00,00,00,00,00,00,00,00,00,00,00,01,00,00,00,0000,00,00,0000,00,00,00,00,0008,0008,00,00,00,0008,0008
1984,00,00,00,00,01,B0,00,0008,00,00,00,00,00,00,00,00,00,00,00,00,00,01,00,00,00,0000,00,00,0000,00,00,00,00,0008,0008,00,00,00,0008,0008
1985,00,00,00,00,01,B0,00,0008,00,00,00,00,00,00,00,00,00,00,00,00,00,01,00,00,00,0000,00,00,0000,00,00,00,00,0008,0008,00,00,00,0008,0008
1986,00,00,00,00,01,B0,00,0008,00,00,00,00,00,00,00,00,00,00,00,00,00,01,00,00,00,0000,00,00,0000,00,00,00,00,0008,0008,00,00,00,0008,0008
1987,00,00,00,00,01,B0,00,0008,00,00,00,00,00,00,00,00,00,00,00,00,00,01,00,00,00,0000,00,00,0000,00,00,00,00,0008,0008,00,00,00,0008,0008
1988,00,00,00,00,01,B0,00,0008,00,00,00,00,00,00,00,00,00,00,00,00,00,01,00,00,00,0000,00,00,0000,00,00,00,00,0008,0008,00,00,00,0008,0008
1989,00,00,00,00,01,B0,00,0008,00,00,00,00,00,00,00,00,00,00,00,00,00,01,00,00,00,0000,00,00,0000,00,00,00,00,0008,0008,00,00,00,0008,0008
1990,00,00,00,00,01,B0,00,0008,00,00,00,00,00,00,00,00,00,00,00,00,00,01,00,00,00,0000,00,00,0000,00,00,00,00,0008,0008,00,00,00,0008,0008
1991,00,00,00,00,01,B0,00,0008,00,00,00,00,00,00,00,00,00,00,00,00,00,01,00,00,00,0000,00,00,0000,00,00,00,00,0008,0008,00,00,00,0008,0008
1992,00,00,00,00,01,B0,00,0008,00,00,00,00,00,00,00,00,00,00,00,00,00,01,00,00,00,0000,00,00,0000,00,00,00,00,0008,0008,00,00,00,0008,0008
1993,00,00,00,00,01,B0,00,0008,00,00,00,00,00,00,00,00,00,00,00,00,00,01,00,00,00,0000,00,00,0000,00,00,00,00,0008,0008,00,00,00,0008,0008
1994,00,00,00,00,01,B0,00,0008,00,00,00,00,00,00,00,00,00,00,00,00,00,01,00,00,00,0000,00,00,0000,00,00,00,00,0008,0008,00,00,00,0008,0008
1995,00,00,00,00,01,B0,00,0008,00,00,00,00,00,00,00,00,00,00,00,00,00,01,00,00,00,0000,00,00,0000,00,00,00,00,0008,0008,00,00,00,0008,0008
1996,00,00,00,00,01,B0,00,0008,00,00,00,00,00,00,00,00,00,00,00,00,00,01,00,00,00,0000,00,00,0000,00,00,00,00,0008,0008,00,00,00,0008,0008
1997,00,00,00,00,01,B0,00,0008,00,00,00,00,00,00,00,00,00,00,00,00,00,01,00,00,00,0000,00,00,0000,00,00,00,00,0008,0008,00,00,00,0008,0008
1998,00,00,00,00,01,B0,00,0008,00,00,00,00,00,00,00,00,00,00,00,00,00,01,00,00,00,0000,00,00,0000,00,00,00,00,0008,0008,00,00,00,0008,0008
1999,00,00,00,00,01,B0,00,0008,00,00,00,00,00,00,00,00,00,00,00,00,00,01,00,00,00,0000,00,00,0000,00,00,00,00,0008,0008,00,00,00,0008,0008
2000,00,00,00,00,01,B0,00,0008,00,00,00,00,00,00,00,00,00,00,00,00,00,01,00,00,00,0000,00,00,0000,00,00,00,00,0008,0008,00,00,00,0008,0008
2001,00,00,00,00,01,B0,00,0008,00,00,00,00,00,00,00,00,00,00,00,00,00,01,00,00,00,0000,00,00,0000,00,00,00,00,0008,0008,00,00,00,0008,0008
2002,00,00,00,00,01,B0,00,0008,00,00,00,00,00,00,00,00,00,00,00,00,00,01,00,00,00,0000,00,00,0000,00,00,00,00,0008,0008,00,00,00,0008,0008
2003,00,00,00,00,01,B0,00,0008,00,00,00,00,00,00,00,00,00,00,00,00,00,01,00,00,00,0000,00,00,0000,00,00,00,00,0008,0008,00,00,00,0008,0008
2004,00,00,00,00,01,B0,00,0008,00,00,00,00,00,00,00,00,00,00,00,00,00,01,00,00,00,0000,00,00,0000,00,00,00,00,0008,0008,00,00,00,0008,0008
2005,00,00,00,00,01,B0,00,0008,00,00,00,00,00,00,00,00,00,00,00,00,00,01,00,00,00,0000,00,00,0000,00,00,00,00,0008,0008,00,00,00,0008,0008
2006,00,00,00,00,01,B0,00,0008,00,00,00,00,00,00,00,00,00,00,00,00,00,01,00,00,00,0000,00,00,0000,00,00,00,00,0008,0008,00,00,00,0008,0008
2007,00,00,00,00,01,B0,00,0008,00,00,00,00,00,00,00,00,00,00,00,00,00,01,00,00,00,0000,00,00,0000,00,00,00,00,0008,0008,00,00,00,0008,0008
2008,00,00,00,00,01,B0,00,0008,00,00,00,00,00,00,00,00,00,00,00,00,00,01,00,00,00,0000,00,00,0000,00,00,00,00,0008,0008,00,00,00,0008,0008
2009,00,00,00,00,01,B0,00,0008,00,00,00,00,00,00,00,00,00,00,00,00,00,01,00,00,00,0000,00,00,0000,00,00,00,00,0008,0008,00,00,00,0008,0008
2010,00,00,00,00,01,B0,00,0008,00,00,00,00,00,00,00,00,00,00,00,00,00,01,00,00,00,0000,00,00,0000,00,00,00,00,0008,0008,00,00,00,0008,0008
2011,00,00,00,00,01,B0,00,0008,00,00,00,00,00,00,00,00,00,00,00,00,00,01,00,00,00,0000,00,00,0000,00,00,00,00,0008,0008,00,00,00,0008,0008
2012,00,00,00,00,01,B0,00,0008,00,00,00,00,00,00,00,00,00,00,00,00,00,01,00,00,00,0000,00,00,0000,00,00,00,00,0008,0008,00,00,00,0008,0008
2013,00,00,00,00,01,B0,00,0008,00,00,00,00,00,00,00,00,00,00,00,00,00,01,00,00,00,0000,00,00,0000,00,00,00,00,0008,0008,00,00,00,0008,0008
2014,00,00,00,00,01,B0,00,0008,00,00,00,00,00,00,00,00,00,00,00,00,00,01,00,00,00,0000,00,00,0000,00,00,00,00,0008,0008,00,00,00,0008,0008
2015,00,00,00,00,01,B0,00,0008,00,00,00,00,00,00,00,00,00,00,00,00,00,01,00,00,00,0000,00,00,0000,00,00,00,00,0008,0008,00,00,00,0008,0008
2016,00,00,00,00,01,B0,00,0008,00,00,00,00,00,00,00,00,00,00,00,00,00,01,00,00,00,0000,00,00,0000,00,00,00,00,0008,0008,00,00,00,0008,0008
2017,00,00,00,00,01,B0,00,0008,00,00,00,00,00,00,00,00,00,00,00,00,00,01,00,00,00,0000,00,00,0000,00,00,00,00,0008,0008,00,00,00,0008,0008
2018,00,00,00,00,01,B0,00,0008,00,00,00,00,00,00,00,00,00,00,00,00,00,01,00,00,00,0000,00,00,0000,00,00,00,00,0008,0008,00,00,00,0008,0008
2019,00,00,00,00,01,B0,00,0008,00,00,00,00,00,00,00,00,00,00,00,00,00,01,00,00,00,0000,00,00,0000,00,00,00,00,0008,0008,00,00,00,0008,0008
2020,00,00,00,00,01,B0,00,0008,00,00,00,00,00,00,00,00,00,00,00,00,00,01,00,00,00,0000,00,00,0000,00,00,00,00,0008,0008,00,00,00,0008,0008
2021,00,00,00,00,01,B0,00,0008,00,00,00,00,00,00,00,00,00,00,00,00,00,01,00,00,00,0000,00,00,0000,00,00,00,00,0008,0008,00,00,00,0008,0008
2022,00,00,00,00,01,B0,00,0008,00,00,00,00,00,00,00,00,00,00,00,00,00,01,00,00,00,0000,00,00,0000,00,00,00,00,0008,0008,00,00,00,0008,0008
2023,00,00,00,00,01,B0,00,0008,00,00,00,00,00,00,00,00,00,00,00,00,00,01,00,00,00,0000,00,00,0000,00,00,00,00,0008,0008,00,00,00,0008,0008
2024,00,00,00,00,01,B0,00,0008,00,00,00,00,00,00,00,00,00,00,00,00,00,01,00,00,00,0000,00,00,0000,00,00,00,00,0008,0008,00,00,00,0008,0008
2025,00,00,00,00,01,B0,00,0008,00,00,00,00,00,00,00,00,00,00,00,00,00,01,00,00,00,0000,00,00,0000,00,00,00,00,0008,0008,00,00,00,0008,0008
2026,00,00,00,00,01,B0,00,0008,00,00,00,00,00,00,00,00,00,00,00,00,00,01,00,00,00,0000,00,00,0000,00,00,00,00,0008,0008,00,00,00,0008,0008
2027,00,00,00,00,01,B0,00,0008,00,00,00,00,00,00,00,00,00,00,00,00,00,01,00,00,00,0000,00,00,0000,00,00,00,00,0008,0008,00,00,00,0008,0008
2028,00,00,00,00,01,B0,00,0008,00,00,00,00,00,00,00,00,00,00,00,00,00,01,00,00,00,0000,00,00,0000,00,00,00,00,0008,0008,00,00,00,0008,0008
2029,00,00,00,00,01,B0,00,0008,00,00,00,00,00,00,00,00,00,00,00,00,00,01,00,00,00,0000,00,00,0000,00,00,00,00,0008,0008,00,00,00,0008,0008
2030,00,00,00,00,01,B0,00,0008,00,00,00,00,00,00,00,00,00,00,00,00,00,01,00,00,00,0000,00,00,0000,00,00,00,00,0008,0008,00,00,00,0008,0008
2031,00,00,00,00,01,B0,00,0008,00,00,00,00,00,00,00,00,00,00,00,00,00,01,00,00,00,0000,00,00,0000,00,00,00,00,0008,0008,00,00,00,0008,0008
2032,00,00,00,00,01,B0,00,0008,00,00,00,00,00,00,00,00,00,00,00,00,00,01,00,00,00,0000,00,00,0000,00,00,00,00,0008,0008,00,00,00,0008,0008
2033,00,00,00,00,01,B0,00,0008,00,00,00,00,00,00,00,00,00,00,00,00,00,01,00,00,00,0000,00,00,0000,00,00,00,00,0008,0008,00,00,00,0008,0008
2034,00,00,00,00,01,B0,00,0008,00,00,00,00,00,00,00,00,00,00,00,00,00,01,00,00,00,0000,00,00,0000,00,00,00,00,0008,0008,00,00,00,0008,0008
2035,00,00,00,00,01,B0,00,0008,00,00,00,00,00,00,00,00,00,00,00,00,00,01,00,00,00,0000,00,00,0000,00,00,00,00,0008,0008,00,00,00,0008,0008
2036,00,00,00,00,01,B0,00,0008,00,00,00,00,00,00,00,00,00,00,00,00,00,01,00,00,00,0000,00,00,0000,00,00,00,00,0008,0008,00,00,00,0008,0008
2037,00,00,00,00,01,B0,00,0008,00,00,00,00,00,00,00,00,00,00,00,00,00,01,00,00,00,0000,00,00,0000,00,00,00,00,0008,0008,00,00,00,0008,0008
2038,00,00,00,00,01,B0,00,0008,00,00,00,00,00,00,00,00,00,00,00,00,00,01,00,00,00,0000,00,00,0000,00,00,00,00,0008,0008,00,00,00,0008,0008
2039,00,00,00,00,01,B0,00,0008,00,00,00,00,00,00,00,00,00,00,00,00,00,01,00,00,00,0000,00,00,0000,00,00,00,00,0008,0008,00,00,00,0008,0008
2040,00,00,00,00,01,B0,00,0008,00,00,00,00,00,00,00,00,00,00,00,00,00,01,00,00,00,0000,00,00,0000,00,00,00,00,0008,0008,00,00,00,0008,0008
2041,00,00,00,00,01,B0,00,0008,00,00,00,00,00,00,00,00,00,00,00,00,00,01,00,00,00,0000,00,00,0000,00,00,00,00,0008,0008,00,00,00,0008,0008
2042,00,00,00,00,01,B0,00,0008,00,00,00,00,00,00,00,00,00,00,00,00,00,01,00,00,00,0000,00,00,0000,00,00,00,00,0008,0008,00,00,00,0008,0008
2043,00,00,00,00,01,B0,00,0008,00,00,00,00,00,00,00,00,00,00,00,00,00,01,00,00,00,0000,00,00,0000,00,00,00,00,0008,0008,00,00,00,0008,0008
2044,00,00,00,00,01,B0,00,0008,00,00,00,00,00,00,00,00,00,00,00,00,00,01,00,00,00,0000,00,00,0000,00,00,00,00,0008,0008,00,00,00,0008,0008
2045,00,00,00,00,01,B0,00,0008,00,00,00,00,00,00,00,00,00,00,00,00,00,01,00,00,00,0000,00,00,0000,00,00,00,00,0008,0008,00,00,00,0008,0008
2046,00,00,00,00,01,B0,00,0008,00,00,00,00,00,00,00,00,00,00,00,00,00,01,00,00,00,0000,00,00,0000,00,00,00,00,0008,0008,00,00,00,0008,0008
2047,00,00,00,00,01,B0,00,0008,00,00,00,00,00,00,00,00,00,00,00,00,00,01,00,00,00,0000,00,00,0000,00,00,00,00,0008,0008,00,00,00,0008,0008
2048,00,00,00,00,01,B0,00,0008,00,00,00,00,00,00,00,00,00,00,00,00,00,01,00,00,00,0000,00,00,0000,00,00,00,00,0008,0008,00,00,00,0008,0008
2049,00,00,00,00,01,B0,00,0008,00,00,00,00,00,00,00,00,00,00,00,00,00,01,00,00,00,0000,00,00,0000,00,00,00,00,0008,0008,00,00,00,0008,0008
2050,00,00,00,00,01,B0,00,0008,00,00,00,00,00,00,00,00,00,00,00,00,00,01,00,00,00,0000,00,00,0000,00,00,00,00,0008,0008,00,00,00,0008,0008
2051,00,00,00,00,01,B0,00,0008,00,00,00,00,00,00,00,00,00,00,00,00,00,01,00,00,00,0000,00,00,0000,00,00,00,00,0008,0008,00,00,00,0008,0008
2052,00,00,00,00,01,B0,00,0008,00,00,00,00,00,00,00,00,00,00,00,00,00,01,00,00,00,0000,00,00,0000,00,00,00,00,0008,0008,00,00,00,0008,0008
2053,00,00,00,00,01,B0,00,0008,00,00,00,00,00,00,00,00,00,00,00,00,00,01,00,00,00,0000,00,00,0000,00,00,00,00,0008,0008,00,00,00,0008,0008
2054,00,00,00,00,01,B0,00,0008,00,00,00,00,00,00,00,00,00,00,00,00,00,01,00,00,00,0000,00,00,0000,00,00,00,00,0008,0008,00,00,00,0008,0008
2055,00,00,00,00,01,B0,00,0008,00,00,00,00,00,00,00,00,00,00,00,00,00,01,00,00,00,0000,00,00,0000,00,00,00,00,0008,0008,00,00,00,0008,0008
2056,00,00,00,00,01,B0,00,0008,00,00,00,00,00,00,00,00,00,00,00,00,00,01,00,00,00,0000,00,00,0000,00,00,00,00,0008,0008,00,00,00,0008,0008
2057,00,00,00,00,01,B0,00,0008,00,00,00,00,00,00,00,00,00,00,00,00,00,01,00,00,00,0000,00,00,0000,00,00,00,00,0008,0008,00,00,00,0008,0008
2058,00,00,00,00,01,B0,00,0008,00,00,00,00,00,00,00,00,00,00,00,00,00,01,00,00,00,0000,00,00,0000,00,00,00,00,0008,0008,00,00,00,0008,0008
2059,00,00,00,00,01,B0,00,0008,00,00,00,00,00,00,00,00,00,00,00,00,00,01,00,00,00,0000,00,00,0000,00,00,00,00,0008,0008,00,00,00,0008,0008
2060,00,00,00,00,01,B0,00,0008,00,00,00,00,00,00,00,00,00,00,00,00,00,01,00,00,00,0000,00,00,0000,00,00,00,00,0008,0008,00,00,00,0008,0008
2061,00,00,00,00,01,B0,00,0008,00,00,00,00,00,00,00,00,00,00,00,00,00,01,00,00,00,0000,00,00,0000,00,00,00,00,0008,0008,00,00,00,0008,0008
2062,00,00,00,00,01,B0,00,0008,00,00,00,00,00,00,00,00,00,00,00,00,00,01,00,00,00,0000,00,00,0000,00,00,00,00,0008,0008,00,00,00,0008,0008
2063,00,00,00,00,01,B0,00,0008,00,00,00,00,00,00,00,00,00,00,00,00,00,01,00,00,00,0000,00,00,0000,00,00,00,00,0008,0008,00,00,00,0008,0008
2064,00,00,00,00,01,B0,00,0008,00,00,00,00,00,00,00,00,00,00,00,00,00,01,00,00,00,0000,00,00,0000,00,00,00,00,0008,0008,00,00,00,0008,0008
2065,00,00,00,00,01,B0,00,0008,00,00,00,00,00,00,00,00,00,00,00,00,00,01,00,00,00,0000,00,00,0000,00,00,00,00,0008,0008,00,00,00,0008,0008
2066,00,00,00,00,01,B0,00,0008,00,00,00,00,00,00,00,00,00,00,00,00,00,01,00,00,00,0000,00,00,0000,00,00,00,00,0008,0008,00,00,00,0008,0008
2067,00,00,00,00,01,B0,00,0008,00,00,00,00,00,00,00,00,00,00,00,00,00,01,00,00,00,0000,00,00,0000,00,00,00,00,0008,0008,00,00,00,0008,0008
2068,00,00,00,00,01,B0,00,0008,00,00,00,00,00,00,00,00,00,00,00,00,00,01,00,00,00,0000,00,00,0000,00,00,00,00,0008,0008,00,00,00,0008,0008
2069,00,00,00,00,01,B0,00,0008,00,00,00,00,00,00,00,00,00,00,00,00,00,01,00,00,00,0000,00,00,0000,00,00,00,00,0008,0008,00,00,00,0008,0008
2070,00,00,00,00,01,B0,00,0008,00,00,00,00,00,00,00,00,00,00,00,00,00,01,00,00,00,0000,00,00,0000,00,00,00,00,0008,0008,00,00,00,0008,0008
2071,00,00,00,00,01,B0,00,0008,00,00,00,00,00,00,00,00,00,00,00,00,00,01,00,00,00,0000,00,00,0000,00,00,00,00,0008,0008,00,00,00,0008,0008
2072,00,00,00,00,01,B0,00,0008,00,00,00,00,00,00,00,00,00,00,00,00,00,01,00,00,00,0000,00,00,0000,00,00,00,00,0008,0008,00,00,00,0008,0008
2073,00,00,00,00,01,B0,00,0008,00,00,00,00,00,00,00,00,00,00,00,00,00,01,00,00,00,0000,00,00,0000,00,00,00,00,0008,0008,00,00,00,0008,0008
2074,00,00,00,00,01,B0,00,0008,00,00,00,00,00,00,00,00,00,00,00,00,00,01,00,00,00,0000,00,00,0000,00,00,00,00,0008,0008,00,00,00,0008,0008
2075,00,00,00,00,01,B0,00,0008,00,00,00,00,00,00,00,00,00,00,00,00,00,01,00,00,00,0000,00,00,0000,00,00,00,00,0008,0008,00,00,00,0008,0008
2076,00,00,00,00,01,B0,00,0008,00,00,00,00,00,00,00,00,00,00,00,00,00,01,00,00,00,0000,00,00,0000,00,00,00,00,0008,0008,00,00,00,0008,0008
2077,00,00,00,00,01,B0,00,0008,00,00,00,00,00,00,00,00,00,00,00,00,00,01,00,00,00,0000,00,00,0000,00,00,00,00,0008,0008,00,00,00,0008,0008
2078,00,00,00,00,01,B0,00,0008,00,00,00,00,00,00,00,00,00,00,00,00,00,01,00,00,00,0000,00,00,0000,00,00,00,00,0008,0008,00,00,00,0008,0008
2079,00,00,00,00,01,B0,00,0008,00,00,00,00,00,00,00,00,00,00,00,00,00,01,00,00,00,0000,00,00,0000,00,00,00,00,0008,0008,00,00,00,0008,0008
2080,00,00,00,00,01,B0,00,0008,00,00,00,00,00,00,00,00,00,00,00,00,00,01,00,00,00,0000,00,00,0000,00,00,00,00,0008,0008,00,00,00,0008,0008
2081,00,00,00,00,01,B0,00,0008,00,00,00,00,00,00,00,00,00,00,00,00,00,01,00,00,00,0000,00,00,0000,00,00,00,00,0008,0008,00,00,00,0008,0008
2082,00,00,00,00,01,B0,00,0008,00,00,00,00,00,00,00,00,00,00,00,00,00,01,00,00,00,0000,00,00,0000,00,00,00,00,0008,0008,00,00,00,0008,0008
2083,00,00,00,00,01,B0,00,0008,00,00,00,00,00,00,00,00,00,00,00,00,00,01,00,00,00,0000,00,00,0000,00,00,00,00,0008,0008,00,00,00,0008,0008
2084,00,00,00,00,01,B0,00,0008,00,00,00,00,00,00,00,00,00,00,00,00,00,01,00,00,00,0000,00,00,0000,00,00,00,00,0008,0008,00,00,00,0008,0008
2085,00,00,00,00,01,B0,00,0008,00,00,00,00,00,00,00,00,00,00,00,00,00,01,00,00,00,0000,00,00,0000,00,00,00,00,0008,0008,00,00,00,0008,0008
2086,00,00,00,00,01,B0,00,0008,00,00,00,00,00,00,00,00,00,00,00,00,00,01,00,00,00,0000,00,00,0000,00,00,00,00,0008,0008,00,00,00,0008,0008
2087,00,00,00,00,01,B0,00,0008,00,00,00,00,00,00,00,00,00,00,00,00,00,01,00,00,00,0000,00,00,0000,00,00,00,00,0008,0008,00,00,00,0008,0008
2088,00,00,00,00,01,B0,00,0008,00,00,00,00,00,00,00,00,00,00,00,00,00,01,00,00,00,0000,00,00,0000,00,00,00,00,0008,0008,00,00,00,0008,0008
2089,00,00,00,00,01,B0,00,0008,00,00,00,00,00,00,00,00,00,00,00,00,00,01,00,00,00,0000,00,00,0000,00,00,00,00,0008,0008,00,00,00,0008,0008
2090,00,00,00,00,01,B0,00,0008,00,00,00,00,00,00,00,00,00,00,00,00,00,01,00,00,00,0000,00,00,0000,00,00,00,00,0008,0008,00,00,00,0008,0008
2091,00,00,00,00,01,B0,00,0008,00,00,00,00,00,00,00,00,00,00,00,00,00,01,00,00,00,0000,00,00,0000,00,00,00,00,0008,0008,00,00,00,0008,0008
2092,00,00,00,00,01,B0,00,0008,00,00,00,00,00,00,00,00,00,00,00,00,00,01,00,00,00,0000,00,00,0000,00,00,00,00,0008,0008,00,00,00,0008,0008
2093,00,00,00,00,01,B0,00,0008,00,00,00,00,00,00,00,00,00,00,00,00,00,01,00,00,00,0000,00,00,0000,00,00,00,00,0008,0008,00,00,00,0008,0008
2094,00,00,00,00,01,B0,00,0008,00,00,00,00,00,00,00,00,00,00,00,00,00,01,00,00,00,0000,00,00,0000,00,00,00,00,0008,0008,00,00,00,0008,0008
2095,00,00,00,00,01,B0,00,0008,00,00,00,00,00,00,00,00,00,00,00,00,00,01,00,00,00,0000,00,00,0000,00,00,00,00,0008,0008,00,00,00,0008,0008
2096,00,00,00,00,01,B0,00,0008,00,00,00,00,00,00,00,00,00,00,00,00,00,01,00,00,00,0000,00,00,0000,00,00,00,00,0008,0008,00,00,00,0008,0008
2097,00,00,00,00,01,B0,00,0008,00,00,00,00,00,00,00,00,00,00,00,00,00,01,00,00,00,0000,00,00,0000,00,00,00,00,0008,0008,00,00,00,0008,0008
2098,00,00,00,00,01,B0,00,0008,00,00,00,00,00,00,00,00,00,00,00,00,00,01,00,00,00,0000,00,00,0000,00,00,00,00,0008,0008,00,00,00,0008,0008
2099,00,00,00,00,01,B0,00,0008,00,00,00,00,00,00,00,00,00,00,00,00,00,01,00,00,00,0000,00,00,0000,00,00,00,00,0008,0008,00,00,00,0008,0008
2100,00,00,00,00,01,B0,00,0008,00,00,00,00,00,00,00,00,00,00,00,00,00,01,00,00,00,0000,00,00,0000,00,00,00,00,0008,0008,00,00,00,0008,0008
2101,00,00,00,00,01,B0,00,0008,00,00,00,00,00,00,00,00,00,00,00,00,00,01,00,00,00,0000,00,00,0000,00,00,00,00,0008,0008,00,00,00,0008,0008
2102,00,00,00,00,01,B0,00,0008,00,00,00,00,00,00,00,00,00,00,00,00,00,01,00,00,00,0000,00,00,0000,00,00,00,00,0008,0008,00,00,00,0008,0008
2103,00,00,00,00,01,B0,00,0008,00,00,00,00,00,00,00,00,00,00,00,00,00,01,00,00,00,0000,00,00,0000,00,00,00,00,0008,0008,00,00,00,0008,0008
2104,00,00,00,00,01,B0,00,0008,00,00,00,00,00,00,00,00,00,00,00,00,00,01,00,00,00,0000,00,00,0000,00,00,00,00,0008,0008,00,00,00,0008,0008
2105,00,00,00,00,01,B0,00,0008,00,00,00,00,00,00,00,00,00,00,00,00,00,01,00,00,00,0000,00,00,0000,00,00,00,00,0008,0008,00,00,00,0008,0008
2106,00,00,00,00,01,B0,00,0008,00,00,00,00,00,00,00,00,00,00,00,00,00,01,00,00,00,0000,00,00,0000,00,00,00,00,0008,0008,00,00,00,0008,0008
2107,00,00,00,00,01,B0,00,0008,00,00,00,00,00,00,00,00,00,00,00,00,00,01,00,00,00,0000,00,00,0000,00,00,00,00,0008,0008,00,00,00,0008,0008
2108,00,00,00,00,01,B0,00,0008,00,00,00,00,00,00,00,00,00,00,00,00,00,01,00,00,00,0000,00,00,0000,00,00,00,00,0008,0008,00,00,00,0008,0008
2109,00,00,00,00,01,B0,00,0008,00,00,00,00,00,00,00,00,00,00,00,00,00,01,00,00,00,0000,00,00,0000,00,00,00,00,0008,0008,00,00,00,0008,0008
2110,00,00,00,00,01,B0,00,0008,00,00,00,00,00,00,00,00,00,00,00,00,00,01,00,00,00,0000,00,00,0000,00,00,00,00,0008,0008,00,00,00,0008,0008
2111,00,00,00,00,01,B0,00,0008,00,00,00,00,00,00,00,00,00,00,00,00,00,01,00,00,00,0000,00,00,0000,00,00,00,00,0008,0008,00,00,00,0008,0008
2112,00,00,00,00,01,B0,00,0008,00,00,00,00,00,00,00,00,00,00,00,00,00,01,00,00,00,0000,00,00,0000,00,00,00,00,0008,0008,00,00,00,0008,0008
2113,00,00,00,00,01,B0,00,0008,00,00,00,00,00,00,00,00,00,00,00,00,00,01,00,00,00,0000,00,00,0000,00,00,00,00,0008,0008,00,00,00,0008,0008
2114,00,00,00,00,01,B0,00,0008,00,00,00,00,00,00,00,00,00,00,00,00,00,01,00,00,00,0000,00,00,0000,00,00,00,00,0008,0008,00,00,00,0008,0008
2115,00,00,00,00,01,B0,00,0008,00,00,00,00,00,00,00,00,00,00,00,00,00,01,00,00,00,0000,00,00,0000,00,00,00,00,0008,0008,00,00,00,0008,0008
2116,00,00,00,00,01,B0,00,0008,00,00,00,00,00,00,00,00,00,00,00,00,00,01,00,00,00,0000,00,00,0000,00,00,00,00,0008,0008,00,00,00,0008,0008
2117,00,00,00,00,01,B0,00,0008,00,00,00,00,00,00,00,00,00,00,00,00,00,01,00,00,00,0000,00,00,0000,00,00,00,00,0008,0008,00,00,00,0008,0008
2118,00,00,00,00,01,B0,00,0008,00,00,00,00,00,00,00,00,00,00,00,00,00,01,00,00,00,0000,00,00,0000,00,00,00,00,0008,0008,00,00,00,0008,0008
2119,00,00,00,00,01,B0,00,0008,00,00,00,00,00,00,00,00,00,00,00,00,00,01,00,00,00,0000,00,00,0000,00,00,00,00,0008,0008,00,00,00,0008,0008
2120,00,00,00,00,01,B0,00,0008,00,00,00,00,00,00,00,00,00,00,00,00,00,01,00,00,00,0000,00,00,0000,00,00,00,00,0008,0008,00,00,00,0008,0008
2121,00,00,00,00,01,B0,00,0008,00,00,00,00,00,00,00,00,00,00,00,00,00,01,00,00,00,0000,00,00,0000,00,00,00,00,0008,0008,00,00,00,0008,0008
2122,00,00,00,00,01,B0,00,0008,00,00,00,00,00,00,00,00,00,00,00,00,00,01,00,00,00,0000,00,00,0000,00,00,00,00,0008,0008,00,00,00,0008,0008
2123,00,00,00,00,01,B0,00,0008,00,00,00,00,00,00,00,00,00,00,00,00,00,01,00,00,00,0000,00,00,0000,00,00,00,00,0008,0008,00,00,00,0008,0008
2124,00,00,00,00,01,B0,00,0008,00,00,00,00,00,00,00,00,00,00,00,00,00,01,00,00,00,0000,00,00,0000,00,00,00,00,0008,0008,00,00,00,0008,0008
2125,00,00,00,00,01,B0,00,0008,00,00,00,00,00,00,00,00,00,00,00,00,00,01,00,00,00,0000,00,00,0000,00,00,00,00,0008,0008,00,00,00,0008,0008
2126,00,00,00,00,01,B0,00,0008,00,00,00,00,00,00,00,00,00,00,00,00,00,01,00,00,00,0000,00,00,0000,00,00,00,00,0008,0008,00,00,00,0008,0008
2127,00,00,00,00,01,B0,00,0008,00,00,00,00,00,00,00,00,00,00,00,00,00,01,00,00,00,0000,00,00,0000,00,00,00,00,0008,0008,00,00,00,0008,0008
2128,00,00,00,00,01,B0,00,0008,00,00,00,00,00,00,00,00,00,00,00,00,00,01,00,00,00,0000,00,00,0000,00,00,00,00,0008,0008,00,00,00,0008,0008
2129,00,00,00,00,01,B0,00,0008,00,00,00,00,00,00,00,00,00,00,00,00,00,01,00,00,00,0000,00,00,0000,00,00,00,00,0008,0008,00,00,00,0008,0008
2130,00,00,00,00,01,B0,00,0008,00,00,00,00,00,00,00,00,00,00,00,00,00,01,00,00,00,0000,00,00,0000,00,00,00,00,0008,0008,00,00,00,0008,0008
2131,00,00,00,00,01,B0,00,0008,00,00,00,00,00,00,00,00,00,00,00,00,00,01,00,00,00,0000,00,00,0000,00,00,00,00,0008,0008,00,00,00,0008,0008
2132,00,00,00,00,01,B0,00,0008,00,00,00,00,00,00,00,00,00,00,00,00,00,01,00,00,00,0000,00,00,0000,00,00,00,00,0008,0008,00,00,00,0008,0008
2133,00,00,00,00,01,B0,00,0008,00,00,00,00,00,00,00,00,00,00,00,00,00,01,00,00,00,0000,00,00,0000,00,00,00,00,0008,0008,00,00,00,0008,0008
2134,00,00,00,00,01,B0,00,0008,00,00,00,00,00,00,00,00,00,00,00,00,00,01,00,00,00,0000,00,00,0000,00,00,00,00,0008,0008,00,00,00,0008,0008
2135,00,00,00,00,01,B0,00,0008,00,00,00,00,00,00,00,00,00,00,00,00,00,01,00,00,00,0000,00,00,0000,00,00,00,00,0008,0008,00,00,00,0008,0008
2136,00,00,00,00,01,B0,00,0008,00,00,00,00,00,00,00,00,00,00,00,00,00,01,00,00,00,0000,00,00,0000,00,00,00,00,0008,0008,00,00,00,0008,0008
2137,00,00,00,00,01,B0,00,0008,00,00,00,00,00,00,00,00,00,00,00,00,00,01,00,00,00,0000,00,00,0000,00,00,00,00,0008,0008,00,00,00,0008,0008
2138,00,00,00,00,01,B0,00,0008,00,00,00,00,00,00,00,00,00,00,00,00,00,01,00,00,00,0000,00,00,0000,00,00,00,00,0008,0008,00,00,00,0008,0008
2139,00,00,00,00,01,B0,00,0008,00,00,00,00,00,00,00,00,00,00,00,00,00,01,00,00,00,0000,00,00,0000,00,00,00,00,0008,0008,00,00,00,0008,0008
2140,00,00,00,00,01,B0,00,0008,00,00,00,00,00,00,00,00,00,00,00,00,00,01,00,00,00,0000,00,00,0000,00,00,00,00,0008,0008,00,00,00,0008,0008
2141,00,00,00,00,01,B0,00,0008,00,00,00,00,00,00,00,00,00,00,00,00,00,01,00,00,00,0000,00,00,0000,00,00,00,00,0008,0008,00,00,00,0008,0008
2142,00,00,00,00,01,B0,00,0008,00,00,00,00,00,00,00,00,00,00,00,00,00,01,00,00,00,0000,00,00,0000,00,00,00,00,0008,0008,00,00,00,0008,0008
2143,00,00,00,00,01,B0,00,0008,00,00,00,00,00,00,00,00,00,00,00,00,00,01,00,00,00,0000,00,00,0000,00,00,00,00,0008,0008,00,00,00,0008,0008
2144,00,00,00,00,01,B0,00,0008,00,00,00,00,00,00,00,00,00,00,00,00,00,01,00,00,00,0000,00,00,0000,00,00,00,00,0008,0008,00,00,00,0008,0008
2145,00,00,00,00,01,B0,00,0008,00,00,00,00,00,00,00,00,00,00,00,00,00,01,00,00,00,0000,00,00,0000,00,00,00,00,0008,0008,00,00,00,0008,0008
2146,00,00,00,00,01,B0,00,0008,00,00,00,00,00,00,00,00,00,00,00,00,00,01,00,00,00,0000,00,00,0000,00,00,00,00,0008,0008,00,00,00,0008,0008
2147,00,00,00,00,01,B0,00,0008,00,00,00,00,00,00,00,00,00,00,00,00,00,01,00,00,00,0000,00,00,0000,00,00,00,00,0008,0008,00,00,00,0008,0008
2148,00,00,00,00,01,B0,00,0008,00,00,00,00,00,00,00,00,00,00,00,00,00,01,00,00,00,0000,00,00,0000,00,00,00,00,0008,0008,00,00,00,0008,0008
2149,00,00,00,00,01,B0,00,0008,00,00,00,00,00,00,00,00,00,00,00,00,00,01,00,00,00,0000,00,00,0000,00,00,00,00,0008,0008,00,00,00,0008,0008
2150,00,00,00,00,01,B0,00,0008,00,00,00,00,00,00,00,00,00,00,00,00,00,01,00,00,00,0000,00,00,0000,00,00,00,00,0008,0008,00,00,00,0008,0008
2151,00,00,00,00,01,B0,00,0008,00,00,00,00,00,00,00,00,00,00,00,00,00,01,00,00,00,0000,00,00,0000,00,00,00,00,0008,0008,00,00,00,0008,0008
2152,00,00,00,00,01,B0,00,0008,00,00,00,00,00,00,00,00,00,00,00,00,00,01,00,00,00,0000,00,00,0000,00,00,00,00,0008,0008,00,00,00,0008,0008
2153,00,00,00,00,01,B0,00,0008,00,00,00,00,00,00,00,00,00,00,00,00,00,01,00,00,00,0000,00,00,0000,00,00,00,00,0008,0008,00,00,00,0008,0008
2154,00,00,00,00,01,B0,00,0008,00,00,00,00,00,00,00,00,00,00,00,00,00,01,00,00,00,0000,00,00,0000,00,00,00,00,0008,0008,00,00,00,0008,0008
2155,00,00,00,00,01,B0,00,0008,00,00,00,00,00,00,00,00,00,00,00,00,00,01,00,00,00,0000,00,00,0000,00,00,00,00,0008,0008,00,00,00,0008,0008
2156,00,00,00,00,01,B0,00,0008,00,00,00,00,00,00,00,00,00,00,00,00,00,01,00,00,00,0000,00,00,0000,00,00,00,00,0008,0008,00,00,00,0008,0008
2157,00,00,00,00,01,B0,00,0008,00,00,00,00,00,00,00,00,00,00,00,00,00,01,00,00,00,0000,00,00,0000,00,00,00,00,0008,0008,00,00,00,0008,0008
2158,00,00,00,00,01,B0,00,0008,00,00,00,00,00,00,00,00,00,00,00,00,00,01,00,00,00,0000,00,00,0000,00,00,00,00,0008,0008,00,00,00,0008,0008
2159,00,00,00,00,01,B0,00,0008,00,00,00,00,00,00,00,00,00,00,00,00,00,01,00,00,00,0000,00,00,0000,00,00,00,00,0008,0008,00,00,00,0008,0008
2160,00,00,00,00,01,B0,00,0008,00,00,00,00,00,00,00,00,00,00,00,00,00,01,00,00,00,0000,00,00,0000,00,00,00,00,0008,0008,00,00,00,0008,0008
2161,00,00,00,00,01,B0,00,0008,00,00,00,00,00,00,00,00,00,00,00,00,00,01,00,00,00,0000,00,00,0000,00,00,00,00,0008,0008,00,00,00,0008,0008
2162,00,00,00,00,01,B0,00,0008,00,00,00,00,00,00,00,00,00,00,00,00,00,01,00,00,00,0000,00,00,0000,00,00,00,00,0008,0008,00,00,00,0008,0008
2163,00,00,00,00,01,B0,00,0008,00,00,00,00,00,00,00,00,00,00,00,00,00,01,00,00,00,0000,00,00,0000,00,00,00,00,0008,0008,00,00,00,0008,0008
2164,00,00,00,00,01,B0,00,0008,00,00,00,00,00,00,00,00,00,00,00,00,00,01,00,00,00,0000,00,00,0000,00,00,00,00,0008,0008,00,00,00,0008,0008
2165,00,00,00,00,01,B0,00,0008,00,00,00,00,00,00,00,00,00,00,00,00,00,01,00,00,00,0000,00,00,0000,00,00,00,00,0008,0008,00,00,00,0008,0008
2166,00,00,00,00,01,B0,00,0008,00,00,00,00,00,00,00,00,00,00,00,00,00,01,00,00,00,0000,00,00,0000,00,00,00,00,0008,0008,00,00,00,0008,0008
2167,00,00,00,00,01,B0,00,0008,00,00,00,00,00,00,00,00,00,00,00,00,00,01,00,00,00,0000,00,00,0000,00,00,00,00,0008,0008,00,00,00,0008,0008
2168,00,00,00,00,01,B0,00,0008,00,00,00,00,00,00,00,00,00,00,00,00,00,01,00,00,00,0000,00,00,0000,00,00,00,00,0008,0008,00,00,00,0008,0008
2169,00,00,00,00,01,B0,00,0008,00,00,00,00,00,00,00,00,00,00,00,00,00,01,00,00,00,0000,00,00,0000,00,00,00,00,0008,0008,00,00,00,0008,0008
2170,00,00,00,00,01,B0,00,0008,00,00,00,00,00,00,00,00,00,00,00,00,00,01,00,00,00,0000,00,00,0000,00,00,00,00,0008,0008,00,00,00,0008,0008
2171,00,00,00,00,01,B0,00,0008,00,00,00,00,00,00,00,00,00,00,00,00,00,01,00,00,00,0000,00,00,0000,00,00,00,00,0008,0008,00,00,00,0008,0008
2172,00,00,00,00,01,B0,00,0008,00,00,00,00,00,00,00,00,00,00,00,00,00,01,00,00,00,0000,00,00,0000,00,00,00,00,0008,0008,00,00,00,0008,0008
2173,00,00,00,00,01,B0,00,0008,00,00,00,00,00,00,00,00,00,00,00,00,00,01,00,00,00,0000,00,00,0000,00,00,00,00,0008,0008,00,00,00,0008,0008
2174,00,00,00,00,01,B0,00,0008,00,00,00,00,00,00,00,00,00,00,00,00,00,01,00,00,00,0000,00,00,0000,00,00,00,00,0008,0008,00,00,00,0008,0008
2175,00,00,00,00,01,B0,00,0008,00,00,00,00,00,00,00,00,00,00,00,00,00,01,00,00,00,0000,00,00,0000,00,00,00,00,0008,0008,00,00,00,0008,0008
2176,00,00,00,00,01,B0,00,0008,00,00,00,00,00,00,00,00,00,00,00,00,00,01,00,00,00,0000,00,00,0000,00,00,00,00,0008,0008,00,00,00,0008,0008
2177,00,00,00,00,01,B0,00,0008,00,00,00,00,00,00,00,00,00,00,00,00,00,01,00,00,00,0000,00,00,0000,00,00,00,00,0008,0008,00,00,00,0008,0008
2178,00,00,00,00,01,B0,00,0008,00,00,00,00,00,00,00,00,00,00,00,00,00,01,00,00,00,0000,00,00,0000,00,00,00,00,0008,0008,00,00,00,0008,0008
2179,00,00,00,00,01,B0,00,0008,00,00,00,00,00,00,00,00,00,00,00,00,00,01,00,00,00,0000,00,00,0000,00,00,00,00,0008,0008,00,00,00,0008,0008
2180,00,00,00,00,01,B0,00,0008,00,00,00,00,00,00,00,00,00,00,00,00,00,01,00,00,00,0000,00,00,0000,00,00,00,00,0008,0008,00,00,00,0008,0008
2181,00,00,00,00,01,B0,00,0008,00,00,00,00,00,00,00,00,00,00,00,00,00,01,00,00,00,0000,00,00,0000,00,00,00,00,0008,0008,00,00,00,0008,0008
2182,00,00,00,00,01,B0,00,0008,00,00,00,00,00,00,00,00,00,00,00,00,00,01,00,00,00,0000,00,00,0000,00,00,00,00,0008,0008,00,00,00,0008,0008
2183,00,00,00,00,01,B0,00,0008,00,00,00,00,00,00,00,00,00,00,00,00,00,01,00,00,00,0000,00,00,0000,00,00,00,00,0008,0008,00,00,00,0008,0008
2184,00,00,00,00,01,B0,00,0008,00,00,00,00,00,00,00,00,00,00,00,00,00,01,00,00,00,0000,00,00,0000,00,00,00,00,0008,0008,00,00,00,0008,0008
2185,00,00,00,00,01,B0,00,0008,00,00,00,00,00,00,00,00,00,00,00,00,00,01,00,00,00,0000,00,00,0000,00,00,00,00,0008,0008,00,00,00,0008,0008
2186,00,00,00,00,01,B0,00,0008,00,00,00,00,00,00,00,00,00,00,00,00,00,01,00,00,00,0000,00,00,0000,00,00,00,00,0008,0008,00,00,00,0008,0008
2187,00,00,00,00,01,B0,00,0008,00,00,00,00,00,00,00,00,00,00,00,00,00,01,00,00,00,0000,00,00,0000,00,00,00,00,0008,0008,00,00,00,0008,0008
2188,00,00,00,00,01,B0,00,0008,00,00,00,00,00,00,00,00,00,00,00,00,00,01,00,00,00,0000,00,00,0000,00,00,00,00,0008,0008,00,00,00,0008,0008
2189,00,00,00,00,01,B0,00,0008,00,00,00,00,00,00,00,00,00,00,00,00,00,01,00,00,00,0000,00,00,0000,00,00,00,00,0008,0008,00,00,00,0008,0008
2190,00,00,00,00,01,B0,00,0008,00,00,00,00,00,00,00,00,00,00,00,00,00,01,00,00,00,0000,00,00,0000,00,00,00,00,0008,0008,00,00,00,0008,0008
2191,00,00,00,00,01,B0,00,0008,00,00,00,00,00,00,00,00,00,00,00,00,00,01,00,00,00,0000,00,00,0000,00,00,00,00,0008,0008,00,00,00,0008,0008
2192,00,00,00,00,01,B0,00,0008,00,00,00,00,00,00,00,00,00,00,00,00,00,01,00,00,00,0000,00,00,0000,00,00,00,00,0008,0008,00,00,00,0008,0008
2193,00,00,00,00,01,B0,00,0008,00,00,00,00,00,00,00,00,00,00,00,00,00,01,00,00,00,0000,00,00,0000,00,00,00,00,0008,0008,00,00,00,0008,0008
2194,00,00,00,00,01,B0,00,0008,00,00,00,00,00,00,00,00,00,00,00,00,00,01,00,00,00,0000,00,00,0000,00,00,00,00,0008,0008,00,00,00,0008,0008
2195,00,00,00,00,01,B0,00,0008,00,00,00,00,00,00,00,00,00,00,00,00,00,01,00,00,00,0000,00,00,0000,00,00,00,00,0008,0008,00,00,00,0008,0008
2196,00,00,00,00,01,B0,00,0008,00,00,00,00,00,00,00,00,00,00,00,00,00,01,00,00,00,0000,00,00,0000,00,00,00,00,0008,0008,00,00,00,0008,0008
2197,00,00,00,00,01,B0,00,0008,00,00,00,00,00,00,00,00,00,00,00,00,00,01,00,00,00,0000,00,00,0000,00,00,00,00,0008,0008,00,00,00,0008,0008
2198,00,00,00,00,01,B0,00,0008,00,00,00,00,00,00,00,00,00,00,00,00,00,01,00,00,00,0000,00,00,0000,00,00,00,00,0008,0008,00,00,00,0008,0008
2199,00,00,00,00,01,B0,00,0008,00,00,00,00,00,00,00,00,00,00,00,00,00,01,00,00,00,0000,00,00,0000,00,00,00,00,0008,0008,00,00,00,0008,0008
2200,00,00,00,00,01,B0,00,0008,00,00,00,00,00,00,00,00,00,00,00,00,00,01,00,00,00,0000,00,00,0000,00,00,00,00,0008,0008,00,00,00,0008,0008
2201,00,00,00,00,01,B0,00,0008,00,00,00,00,00,00,00,00,00,00,00,00,00,01,00,00,00,0000,00,00,0000,00,00,00,00,0008,0008,00,00,00,0008,0008
2202,00,00,00,00,01,B0,00,0008,00,00,00,00,00,00,00,00,00,00,00,00,00,01,00,00,00,0000,00,00,0000,00,00,00,00,0008,0008,00,00,00,0008,0008
2203,00,00,00,00,01,B0,00,0008,00,00,00,00,00,00,00,00,00,00,00,00,00,01,00,00,00,0000,00,00,0000,00,00,00,00,0008,0008,00,00,00,0008,0008
2204,00,00,00,00,01,B0,00,0008,00,00,00,00,00,00,00,00,00,00,00,00,00,01,00,00,00,0000,00,00,0000,00,00,00,00,0008,0008,00,00,00,0008,0008
2205,00,00,00,00,01,B0,00,0008,00,00,00,00,00,00,00,00,00,00,00,00,00,01,00,00,00,0000,00,00,0000,00,00,00,00,0008,0008,00,00,00,0008,0008
2206,00,00,00,00,01,B0,00,0008,00,00,00,00,00,00,00,00,00,00,00,00,00,01,00,00,00,0000,00,00,0000,00,00,00,00,0008,0008,00,00,00,0008,0008
2207,00,00,00,00,01,B0,00,0008,00,00,00,00,00,00,00,00,00,00,00,00,00,01,00,00,00,0000,00,00,0000,00,00,00,00,0008,0008,00,00,00,0008,0008
2208,00,00,00,00,01,B0,00,0008,00,00,00,00,00,00,00,00,00,00,00,00,00,01,00,00,00,0000,00,00,0000,00,00,00,00,0008,0008,00,00,00,0008,0008
2209,00,00,00,00,01,B0,00,0008,00,00,00,00,00,00,00,00,00,00,00,00,00,01,00,00,00,0000,00,00,0000,00,00,00,00,0008,0008,00,00,00,0008,0008
2210,00,00,00,00,01,B0,00,0008,00,00,00,00,00,00,00,00,00,00,00,00,00,01,00,00,00,0000,00,00,0000,00,00,00,00,0008,0008,00,00,00,0008,0008
2211,00,00,00,00,01,B0,00,0008,00,00,00,00,00,00,00,00,00,00,00,00,00,01,00,00,00,0000,00,00,0000,00,00,00,00,0008,0008,00,00,00,0008,0008
2212,00,00,00,00,01,B0,00,0008,00,00,00,00,00,00,00,00,00,00,00,00,00,01,00,00,00,0000,00,00,0000,00,00,00,00,0008,0008,00,00,00,0008,0008
2213,00,00,00,00,01,B0,00,0008,00,00,00,00,00,00,00,00,00,00,00,00,00,01,00,00,00,0000,00,00,0000,00,00,00,00,0008,0008,00,00,00,0008,0008
2214,00,00,00,00,01,B0,00,0008,00,00,00,00,00,00,00,00,00,00,00,00,00,01,00,00,00,0000,00,00,0000,00,00,00,00,0008,0008,00,00,00,0008,0008
2215,00,00,00,00,01,B0,00,0008,00,00,00,00,00,00,00,00,00,00,00,00,00,01,00,00,00,0000,00,00,0000,00,00,00,00,0008,0008,00,00,00,0008,0008
2216,00,00,00,00,01,B0,00,0008,00,00,00,00,00,00,00,00,00,00,00,00,00,01,00,00,00,0000,00,00,0000,00,00,00,00,0008,0008,00,00,00,0008,0008
2217,00,00,00,00,01,B0,00,0008,00,00,00,00,00,00,00,00,00,00,00,00,00,01,00,00,00,0000,00,00,0000,00,00,00,00,0008,0008,00,00,00,0008,0008
2218,00,00,00,00,01,B0,00,0008,00,00,00,00,00,00,00,00,00,00,00,00,00,01,00,00,00,0000,00,00,0000,00,00,00,00,0008,0008,00,00,00,0008,0008
2219,00,00,00,00,01,B0,00,0008,00,00,00,00,00,00,00,00,00,00,00,00,00,01,00,00,00,0000,00,00,0000,00,00,00,00,0008,0008,00,00,00,0008,0008
2220,00,00,00,00,01,B0,00,0008,00,00,00,00,00,00,00,00,00,00,00,00,00,01,00,00,00,0000,00,00,0000,00,00,00,00,0008,0008,00,00,00,0008,0008
2221,00,00,00,00,01,B0,00,0008,00,00,00,00,00,00,00,00,00,00,00,00,00,01,00,00,00,0000,00,00,0000,00,00,00,00,0008,0008,00,00,00,0008,0008
2222,00,00,00,00,01,B0,00,0008,00,00,00,00,00,00,00,00,00,00,00,00,00,01,00,00,00,0000,00,00,0000,00,00,00,00,0008,0008,00,00,00,0008,0008
2223,00,00,00,00,01,B0,00,0008,00,00,00,00,00,00,00,00,00,00,00,00,00,01,00,00,00,0000,00,00,0000,00,00,00,00,0008,0008,00,00,00,0008,0008
2224,00,00,00,00,01,B0,00,0008,00,00,00,00,00,00,00,00,00,00,00,00,00,01,00,00,00,0000,00,00,0000,00,00,00,00,0008,0008,00,00,00,0008,0008
2225,00,00,00,00,01,B0,00,0008,00,00,00,00,00,00,00,00,00,00,00,00,00,01,00,00,00,0000,00,00,0000,00,00,00,00,0008,0008,00,00,00,0008,0008
2226,00,00,00,00,01,B0,00,0008,00,00,00,00,00,00,00,00,00,00,00,00,00,01,00,00,00,0000,00,00,0000,00,00,00,00,0008,0008,00,00,00,0008,0008
2227,00,00,00,00,01,B0,00,0008,00,00,00,00,00,00,00,00,00,00,00,00,00,01,00,00,00,0000,00,00,0000,00,00,00,00,0008,0008,00,00,00,0008,0008
2228,00,00,00,00,01,B0,00,0008,00,00,00,00,00,00,00,00,00,00,00,00,00,01,00,00,00,0000,00,00,0000,00,00,00,00,0008,0008,00,00,00,0008,0008
2229,00,00,00,00,01,B0,00,0008,00,00,00,00,00,00,00,00,00,00,00,00,00,01,00,00,00,0000,00,00,0000,00,00,00,00,0008,0008,00,00,00,0008,0008
2230,00,00,00,00,01,B0,00,0008,00,00,00,00,00,00,00,00,00,00,00,00,00,01,00,00,00,0000,00,00,0000,00,00,00,00,0008,0008,00,00,00,0008,0008
2231,00,00,00,00,01,B0,00,0008,00,00,00,00,00,00,00,00,00,00,00,00,00,01,00,00,00,0000,00,00,0000,00,00,00,00,0008,0008,00,00,00,0008,0008
2232,00,00,00,00,01,B0,00,0008,00,00,00,00,00,00,00,00,00,00,00,00,00,01,00,00,00,0000,00,00,0000,00,00,00,00,0008,0008,00,00,00,0008,0008
2233,00,00,00,00,01,B0,00,0008,00,00,00,00,00,00,00,00,00,00,00,00,00,01,00,00,00,0000,00,00,0000,00,00,00,00,0008,0008,00,00,00,0008,0008
2234,00,00,00,00,01,B0,00,0008,00,00,00,00,00,00,00,00,00,00,00,00,00,01,00,00,00,0000,00,00,0000,00,00,00,00,0008,0008,00,00,00,0008,0008
2235,00,00,00,00,01,B0,00,0008,00,00,00,00,00,00,00,00,00,00,00,00,00,01,00,00,00,0000,00,00,0000,00,00,00,00,0008,0008,00,00,00,0008,0008
2236,00,00,00,00,01,B0,00,0008,00,00,00,00,00,00,00,00,00,00,00,00,00,01,00,00,00,0000,00,00,0000,00,00,00,00,0008,0008,00,00,00,0008,0008
2237,00,00,00,00,01,B0,00,0008,00,00,00,00,00,00,00,00,00,00,00,00,00,01,00,00,00,0000,00,00,0000,00,00,00,00,0008,0008,00,00,00,0008,0008
2238,00,00,00,00,01,B0,00,0008,00,00,00,00,00,00,00,00,00,00,00,00,00,01,00,00,00,0000,00,00,0000,00,00,00,00,0008,0008,00,00,00,0008,0008
2239,00,00,00,00,01,B0,00,0008,00,00,00,00,00,00,00,00,00,00,00,00,00,01,00,00,00,0000,00,00,0000,00,00,00,00,0008,0008,00,00,00,0008,0008
2240,00,00,00,00,01,B0,00,0008,00,00,00,00,00,00,00,00,00,00,00,00,00,01,00,00,00,0000,00,00,0000,00,00,00,00,0008,0008,00,00,00,0008,0008
2241,00,00,00,00,01,B0,00,0008,00,00,00,00,00,00,00,00,00,00,00,00,00,01,00,00,00,0000,00,00,0000,00,00,00,00,0008,0008,00,00,00,0008,0008
2242,00,00,00,00,01,B0,00,0008,00,00,00,00,00,00,00,00,00,00,00,00,00,01,00,00,00,0000,00,00,0000,00,00,00,00,0008,0008,00,00,00,0008,0008
2243,00,00,00,00,01,B0,00,0008,00,00,00,00,00,00,00,00,00,00,00,00,00,01,00,00,00,0000,00,00,0000,00,00,00,00,0008,0008,00,00,00,0008,0008
2244,00,00,00,00,01,B0,00,0008,00,00,00,00,00,00,00,00,00,00,00,00,00,01,00,00,00,0000,00,00,0000,00,00,00,00,0008,0008,00,00,00,0008,0008
2245,00,00,00,00,01,B0,00,0008,00,00,00,00,00,00,00,00,00,00,00,00,00,01,00,00,00,0000,00,00,0000,00,00,00,00,0008,0008,00,00,00,0008,0008
2246,00,00,00,00,01,B0,00,0008,00,00,00,00,00,00,00,00,00,00,00,00,00,01,00,00,00,0000,00,00,0000,00,00,00,00,0008,0008,00,00,00,0008,0008
2247,00,00,00,00,01,B0,00,0008,00,00,00,00,00,00,00,00,00,00,00,00,00,01,00,00,00,0000,00,00,0000,00,00,00,00,0008,0008,00,00,00,0008,0008
2248,00,00,00,00,01,B0,00,0008,00,00,00,00,00,00,00,00,00,00,00,00,00,01,00,00,00,0000,00,00,0000,00,00,00,00,0008,0008,00,00,00,0008,0008
2249,00,00,00,00,01,B0,00,0008,00,00,00,00,00,00,00,00,00,00,00,00,00,01,00,00,00,0000,00,00,0000,00,00,00,00,0008,0008,00,00,00,0008,0008
2250,00,00,00,00,01,B0,00,0008,00,00,00,00,00,00,00,00,00,00,00,00,00,01,00,00,00,0000,00,00,0000,00,00,00,00,0008,0008,00,00,00,0008,0008
2251,00,00,00,00,01,B0,00,0008,00,00,00,00,00,00,00,00,00,00,00,00,00,01,00,00,00,0000,00,00,0000,00,00,00,00,0008,0008,00,00,00,0008,0008
2252,00,00,00,00,01,B0,00,0008,00,00,00,00,00,00,00,00,00,00,00,00,00,01,00,00,00,0000,00,00,0000,00,00,00,00,0008,0008,00,00,00,0008,0008
2253,00,00,00,00,01,B0,00,0008,00,00,00,00,00,00,00,00,00,00,00,00,00,01,00,00,00,0000,00,00,0000,00,00,00,00,0008,0008,00,00,00,0008,0008
2254,00,00,00,00,01,B0,00,0008,00,00,00,00,00,00,00,00,00,00,00,00,00,01,00,00,00,0000,00,00,0000,00,00,00,00,0008,0008,00,00,00,0008,0008
2255,00,00,00,00,01,B0,00,0008,00,00,00,00,00,00,00,00,00,00,00,00,00,01,00,00,00,0000,00,00,0000,00,00,00,00,0008,0008,00,00,00,0008,0008
2256,00,00,00,00,01,B0,00,0008,00,00,00,00,00,00,00,00,00,00,00,00,00,01,00,00,00,0000,00,00,0000,00,00,00,00,0008,0008,00,00,00,0008,0008
2257,00,00,00,00,01,B0,00,0008,00,00,00,00,00,00,00,00,00,00,00,00,00,01,00,00,00,0000,00,00,0000,00,00,00,00,0008,0008,00,00,00,0008,0008
2258,00,00,00,00,01,B0,00,0008,00,00,00,00,00,00,00,00,00,00,00,00,00,01,00,00,00,0000,00,00,0000,00,00,00,00,0008,0008,00,00,00,0008,0008
2259,00,00,00,00,01,B0,00,0008,00,00,00,00,00,00,00,00,00,00,00,00,00,01,00,00,00,0000,00,00,0000,00,00,00,00,0008,0008,00,00,00,0008,0008
2260,00,00,00,00,01,B0,00,0008,00,00,00,00,00,00,00,00,00,00,00,00,00,01,00,00,00,0000,00,00,0000,00,00,00,00,0008,0008,00,00,00,0008,0008
2261,00,00,00,00,01,B0,00,0008,00,00,00,00,00,00,00,00,00,00,00,00,00,01,00,00,00,0000,00,00,0000,00,00,00,00,0008,0008,00,00,00,0008,0008
2262,00,00,00,00,01,B0,00,0008,00,00,00,00,00,00,00,00,00,00,00,00,00,01,00,00,00,0000,00,00,0000,00,00,00,00,0008,0008,00,00,00,0008,0008
2263,00,00,00,00,01,B0,00,0008,00,00,00,00,00,00,00,00,00,00,00,00,00,01,00,00,00,0000,00,00,0000,00,00,00,00,0008,0008,00,00,00,0008,0008
2264,00,00,00,00,01,B0,00,0008,00,00,00,00,00,00,00,00,00,00,00,00,00,01,00,00,00,0000,00,00,0000,00,00,00,00,0008,0008,00,00,00,0008,0008
2265,00,00,00,00,01,B0,00,0008,00,00,00,00,00,00,00,00,00,00,00,00,00,01,00,00,00,0000,00,00,0000,00,00,00,00,0008,0008,00,00,00,0008,0008
2266,00,00,00,00,01,B0,00,0008,00,00,00,00,00,00,00,00,00,00,00,00,00,01,00,00,00,0000,00,00,0000,00,00,00,00,0008,0008,00,00,00,0008,0008
2267,00,00,00,00,01,B0,00,0008,00,00,00,00,00,00,00,00,00,00,00,00,00,01,00,00,00,0000,00,00,0000,00,00,00,00,0008,0008,00,00,00,0008,0008
2268,00,00,00,00,01,B0,00,0008,00,00,00,00,00,00,00,00,00,00,00,00,00,01,00,00,00,0000,00,00,0000,00,00,00,00,0008,0008,00,00,00,0008,0008
2269,00,00,00,00,01,B0,00,0008,00,00,00,00,00,00,00,00,00,00,00,00,00,01,00,00,00,0000,00,00,0000,00,00,00,00,0008,0008,00,00,00,0008,0008
2270,00,00,00,00,01,B0,00,0008,00,00,00,00,00,00,00,00,00,00,00,00,00,01,00,00,00,0000,00,00,0000,00,00,00,00,0008,0008,00,00,00,0008,0008
2271,00,00,00,00,01,B0,00,0008,00,00,00,00,00,00,00,00,00,00,00,00,00,01,00,00,00,0000,00,00,0000,00,00,00,00,0008,0008,00,00,00,0008,0008
2272,00,00,00,00,01,B0,00,0008,00,00,00,00,00,00,00,00,00,00,00,00,00,01,00,00,00,0000,00,00,0000,00,00,00,00,0008,0008,00,00,00,0008,0008
2273,00,00,00,00,01,B0,00,0008,00,00,00,00,00,00,00,00,00,00,00,00,00,01,00,00,00,0000,00,00,0000,00,00,00,00,0008,0008,00,00,00,0008,0008
2274,00,00,00,00,01,B0,00,0008,00,00,00,00,00,00,00,00,00,00,00,00,00,01,00,00,00,0000,00,00,0000,00,00,00,00,0008,0008,00,00,00,0008,0008
2275,00,00,00,00,01,B0,00,0008,00,00,00,00,00,00,00,00,00,00,00,00,00,01,00,00,00,0000,00,00,0000,00,00,00,00,0008,0008,00,00,00,0008,0008
2276,00,00,00,00,01,B0,00,0008,00,00,00,00,00,00,00,00,00,00,00,00,00,01,00,00,00,0000,00,00,0000,00,00,00,00,0008,0008,00,00,00,0008,0008
2277,00,00,00,00,01,B0,00,0008,00,00,00,00,00,00,00,00,00,00,00,00,00,01,00,00,00,0000,00,00,0000,00,00,00,00,0008,0008,00,00,00,0008,0008
2278,00,00,00,00,01,B0,00,0008,00,00,00,00,00,00,00,00,00,00,00,00,00,01,00,00,00,0000,00,00,0000,00,00,00,00,0008,0008,00,00,00,0008,0008
2279,00,00,00,00,01,B0,00,0008,00,00,00,00,00,00,00,00,00,00,00,00,00,01,00,00,00,0000,00,00,0000,00,00,00,00,0008,0008,00,00,00,0008,0008
2280,00,00,00,00,01,B0,00,0008,00,00,00,00,00,00,00,00,00,00,00,00,00,01,00,00,00,0000,00,00,0000,00,00,00,00,0008,0008,00,00,00,0008,0008
2281,00,00,00,00,01,B0,00,0008,00,00,00,00,00,00,00,00,00,00,00,00,00,01,00,00,00,0000,00,00,0000,00,00,00,00,0008,0008,00,00,00,0008,0008
2282,00,00,00,00,01,B0,00,0008,00,00,00,00,00,00,00,00,00,00,00,00,00,01,00,00,00,0000,00,00,0000,00,00,00,00,0008,0008,00,00,00,0008,0008
2283,00,00,00,00,01,B0,00,0008,00,00,00,00,00,00,00,00,00,00,00,00,00,01,00,00,00,0000,00,00,0000,00,00,00,00,0008,0008,00,00,00,0008,0008
2284,00,00,00,00,01,B0,00,0008,00,00,00,00,00,00,00,00,00,00,00,00,00,01,00,00,00,0000,00,00,0000,00,00,00,00,0008,0008,00,00,00,0008,0008
2285,00,00,00,00,01,B0,00,0008,00,00,00,00,00,00,00,00,00,00,00,00,00,01,00,00,00,0000,00,00,0000,00,00,00,00,0008,0008,00,00,00,0008,0008
2286,00,00,00,00,01,B0,00,0008,00,00,00,00,00,00,00,00,00,00,00,00,00,01,00,00,00,0000,00,00,0000,00,00,00,00,0008,0008,00,00,00,0008,0008
2287,00,00,00,00,01,B0,00,0008,00,00,00,00,00,00,00,00,00,00,00,00,00,01,00,00,00,0000,00,00,0000,00,00,00,00,0008,0008,00,00,00,0008,0008
2288,00,00,00,00,01,B0,00,0008,00,00,00,00,00,00,00,00,00,00,00,00,00,01,00,00,00,0000,00,00,0000,00,00,00,00,0008,0008,00,00,00,0008,0008
2289,00,00,00,00,01,B0,00,0008,00,00,00,00,00,00,00,00,00,00,00,00,00,01,00,00,00,0000,00,00,0000,00,00,00,00,0008,0008,00,00,00,0008,0008
2290,00,00,00,00,01,B0,00,0008,00,00,00,00,00,00,00,00,00,00,00,00,00,01,00,00,00,0000,00,00,0000,00,00,00,00,0008,0008,00,00,00,0008,0008
2291,00,00,00,00,01,B0,00,0008,00,00,00,00,00,00,00,00,00,00,00,00,00,01,00,00,00,0000,00,00,0000,00,00,00,00,0008,0008,00,00,00,0008,0008
2292,00,00,00,00,01,B0,00,0008,00,00,00,00,00,00,00,00,00,00,00,00,00,01,00,00,00,0000,00,00,0000,00,00,00,00,0008,0008,00,00,00,0008,0008
2293,00,00,00,00,01,B0,00,0008,00,00,00,00,00,00,00,00,00,00,00,00,00,01,00,00,00,0000,00,00,0000,00,00,00,00,0008,0008,00,00,00,0008,0008
2294,00,00,00,00,01,B0,00,0008,00,00,00,00,00,00,00,00,00,00,00,00,00,01,00,00,00,0000,00,00,0000,00,00,00,00,0008,0008,00,00,00,0008,0008
2295,00,00,00,00,01,B0,00,0008,00,00,00,00,00,00,00,00,00,00,00,00,00,01,00,00,00,0000,00,00,0000,00,00,00,00,0008,0008,00,00,00,0008,0008
2296,00,00,00,00,01,B0,00,0008,00,00,00,00,00,00,00,00,00,00,00,00,00,01,00,00,00,0000,00,00,0000,00,00,00,00,0008,0008,00,00,00,0008,0008
2297,00,00,00,00,01,B0,00,0008,00,00,00,00,00,00,00,00,00,00,00,00,00,01,00,00,00,0000,00,00,0000,00,00,00,00,0008,0008,00,00,00,0008,0008
2298,00,00,00,00,01,B0,00,0008,00,00,00,00,00,00,00,00,00,00,00,00,00,01,00,00,00,0000,00,00,0000,00,00,00,00,0008,0008,00,00,00,0008,0008
2299,00,00,00,00,01,B0,00,0008,00,00,00,00,00,00,00,00,00,00,00,00,00,01,00,00,00,0000,00,00,0000,00,00,00,00,0008,0008,00,00,00,0008,0008
2300,00,00,00,00,01,B0,00,0008,00,00,00,00,00,00,00,00,00,00,00,00,00,01,00,00,00,0000,00,00,0000,00,00,00,00,0008,0008,00,00,00,0008,0008
2301,00,00,00,00,01,B0,00,0008,00,00,00,00,00,00,00,00,00,00,00,00,00,01,00,00,00,0000,00,00,0000,00,00,00,00,0008,0008,00,00,00,0008,0008
2302,00,00,00,00,01,B0,00,0008,00,00,00,00,00,00,00,00,00,00,00,00,00,01,00,00,00,0000,00,00,0000,00,00,00,00,0008,0008,00,00,00,0008,0008
2303,00,00,00,00,01,B0,00,0008,00,00,00,00,00,00,00,00,00,00,00,00,00,01,00,00,00,0000,00,00,0000,00,00,00,00,0008,0008,00,00,00,0008,0008
2304,00,00,00,00,01,B0,00,0008,00,00,00,00,00,00,00,00,00,00,00,00,00,01,00,00,00,0000,00,00,0000,00,00,00,00,0008,0008,00,00,00,0008,0008
2305,00,00,00,00,01,B0,00,0008,00,00,00,00,00,00,00,00,00,00,00,00,00,01,00,00,00,0000,00,00,0000,00,00,00,00,0008,0008,00,00,00,0008,0008
2306,00,00,00,00,01,B0,00,0008,00,00,00,00,00,00,00,00,00,00,00,00,00,01,00,00,00,0000,00,00,0000,00,00,00,00,0008,0008,00,00,00,0008,0008
2307,00,00,00,00,01,B0,00,0008,00,00,00,00,00,00,00,00,00,00,00,00,00,01,00,00,00,0000,00,00,0000,00,00,00,00,0008,0008,00,00,00,0008,0008
2308,00,00,00,00,01,B0,00,0008,00,00,00,00,00,00,00,00,00,00,00,00,00,01,00,00,00,0000,00,00,0000,00,00,00,00,0008,0008,00,00,00,0008,0008
2309,00,00,00,00,01,B0,00,0008,00,00,00,00,00,00,00,00,00,00,00,00,00,01,00,00,00,0000,00,00,0000,00,00,00,00,0008,0008,00,00,00,0008,0008
2310,00,00,00,00,01,B0,00,0008,00,00,00,00,00,00,00,00,00,00,00,00,00,01,00,00,00,0000,00,00,0000,00,00,00,00,0008,0008,00,00,00,0008,0008
2311,00,00,00,00,01,B0,00,0008,00,00,00,00,00,00,00,00,00,00,00,00,00,01,00,00,00,0000,00,00,0000,00,00,00,00,0008,0008,00,00,00,0008,0008
2312,00,00,00,00,01,B0,00,0008,00,00,00,00,00,00,00,00,00,00,00,00,00,01,00,00,00,0000,00,00,0000,00,00,00,00,0008,0008,00,00,00,0008,0008
2313,00,00,00,00,01,B0,00,0008,00,00,00,00,00,00,00,00,00,00,00,00,00,01,00,00,00,0000,00,00,0000,00,00,00,00,0008,0008,00,00,00,0008,0008
2314,00,00,00,00,01,B0,00,0008,00,00,00,00,00,00,00,00,00,00,00,00,00,01,00,00,00,0000,00,00,0000,00,00,00,00,0008,0008,00,00,00,0008,0008
2315,00,00,00,00,01,B0,00,0008,00,00,00,00,00,00,00,00,00,00,00,00,00,01,00,00,00,0000,00,00,0000,00,00,00,00,0008,0008,00,00,00,0008,0008
2316,00,00,00,00,01,B0,00,0008,00,00,00,00,00,00,00,00,00,00,00,00,00,01,00,00,00,0000,00,00,0000,00,00,00,00,0008,0008,00,00,00,0008,0008
2317,00,00,00,00,01,B0,00,0008,00,00,00,00,00,00,00,00,00,00,00,00,00,01,00,00,00,0000,00,00,0000,00,00,00,00,0008,0008,00,00,00,0008,0008
2318,00,00,00,00,01,B0,00,0008,00,00,00,00,00,00,00,00,00,00,00,00,00,01,00,00,00,0000,00,00,0000,00,00,00,00,0008,0008,00,00,00,0008,0008
2319,00,00,00,00,01,B0,00,0008,00,00,00,00,00,00,00,00,00,00,00,00,00,01,00,00,00,0000,00,00,0000,00,00,00,00,0008,0008,00,00,00,0008,0008
2320,00,00,00,00,01,B0,00,0008,00,00,00,00,00,00,00,00,00,00,00,00,00,01,00,00,00,0000,00,00,0000,00,00,00,00,0008,0008,00,00,00,0008,0008
2321,00,00,00,00,01,B0,00,0008,00,00,00,00,00,00,00,00,00,00,00,00,00,01,00,00,00,0000,00,00,0000,00,00,00,00,0008,0008,00,00,00,0008,0008
2322,00,00,00,00,01,B0,00,0008,00,00,00,00,00,00,00,00,00,00,00,00,00,01,00,00,00,0000,00,00,0000,00,00,00,00,0008,0008,00,00,00,0008,0008
2323,00,00,00,00,01,B0,00,0008,00,00,00,00,00,00,00,00,00,00,00,00,00,01,00,00,00,0000,00,00,0000,00,00,00,00,0008,0008,00,00,00,0008,0008
2324,00,00,00,00,01,B0,00,0008,00,00,00,00,00,00,00,00,00,00,00,00,00,01,00,00,00,0000,00,00,0000,00,00,00,00,0008,0008,00,00,00,0008,0008
2325,00,00,00,00,01,B0,00,0008,00,00,00,00,00,00,00,00,00,00,00,00,00,01,00,00,00,0000,00,00,0000,00,00,00,00,0008,0008,00,00,00,0008,0008
2326,00,00,00,00,01,B0,00,0008,00,00,00,00,00,00,00,00,00,00,00,00,00,01,00,00,00,0000,00,00,0000,00,00,00,00,0008,0008,00,00,00,0008,0008
2327,00,00,00,00,01,B0,00,0008,00,00,00,00,00,00,00,00,00,00,00,00,00,01,00,00,00,0000,00,00,0000,00,00,00,00,0008,0008,00,00,00,0008,0008
2328,00,00,00,00,01,B0,00,0008,00,00,00,00,00,00,00,00,00,00,00,00,00,01,00,00,00,0000,00,00,0000,00,00,00,00,0008,0008,00,00,00,0008,0008
2329,00,00,00,00,01,B0,00,0008,00,00,00,00,00,00,00,00,00,00,00,00,00,01,00,00,00,0000,00,00,0000,00,00,00,00,0008,0008,00,00,00,0008,0008
2330,00,00,00,00,01,B0,00,0008,00,00,00,00,00,00,00,00,00,00,00,00,00,01,00,00,00,0000,00,00,0000,00,00,00,00,0008,0008,00,00,00,0008,0008
2331,00,00,00,00,01,B0,00,0008,00,00,00,00,00,00,00,00,00,00,00,00,00,01,00,00,00,0000,00,00,0000,00,00,00,00,0008,0008,00,00,00,0008,0008
2332,00,00,00,00,01,B0,00,0008,00,00,00,00,00,00,00,00,00,00,00,00,00,01,00,00,00,0000,00,00,0000,00,00,00,00,0008,0008,00,00,00,0008,0008
2333,00,00,00,00,01,B0,00,0008,00,00,00,00,00,00,00,00,00,00,00,00,00,01,00,00,00,0000,00,00,0000,00,00,00,00,0008,0008,00,00,00,0008,0008
2334,00,00,00,00,01,B0,00,0008,00,00,00,00,00,00,00,00,00,00,00,00,00,01,00,00,00,0000,00,00,0000,00,00,00,00,0008,0008,00,00,00,0008,0008
2335,00,00,00,00,01,B0,00,0008,00,00,00,00,00,00,00,00,00,00,00,00,00,01,00,00,00,0000,00,00,0000,00,00,00,00,0008,0008,00,00,00,0008,0008
2336,00,00,00,00,01,B0,00,0008,00,00,00,00,00,00,00,00,00,00,00,00,00,01,00,00,00,0000,00,00,0000,00,00,00,00,0008,0008,00,00,00,0008,0008
2337,00,00,00,00,01,B0,00,0008,00,00,00,00,00,00,00,00,00,00,00,00,00,01,00,00,00,0000,00,00,0000,00,00,00,00,0008,0008,00,00,00,0008,0008
2338,00,00,00,00,01,B0,00,0008,00,00,00,00,00,00,00,00,00,00,00,00,00,01,00,00,00,0000,00,00,0000,00,00,00,00,0008,0008,00,00,00,0008,0008
2339,00,00,00,00,01,B0,00,0008,00,00,00,00,00,00,00,00,00,00,00,00,00,01,00,00,00,0000,00,00,0000,00,00,00,00,0008,0008,00,00,00,0008,0008
2340,00,00,00,00,01,B0,00,0008,00,00,00,00,00,00,00,00,00,00,00,00,00,01,00,00,00,0000,00,00,0000,00,00,00,00,0008,0008,00,00,00,0008,0008
2341,00,00,00,00,01,B0,00,0008,00,00,00,00,00,00,00,00,00,00,00,00,00,01,00,00,00,0000,00,00,0000,00,00,00,00,0008,0008,00,00,00,0008,0008
2342,00,00,00,00,01,B0,00,0008,00,00,00,00,00,00,00,00,00,00,00,00,00,01,00,00,00,0000,00,00,0000,00,00,00,00,0008,0008,00,00,00,0008,0008
2343,00,00,00,00,01,B0,00,0008,00,00,00,00,00,00,00,00,00,00,00,00,00,01,00,00,00,0000,00,00,0000,00,00,00,00,0008,0008,00,00,00,0008,0008
2344,00,00,00,00,01,B0,00,0008,00,00,00,00,00,00,00,00,00,00,00,00,00,01,00,00,00,0000,00,00,0000,00,00,00,00,0008,0008,00,00,00,0008,0008
2345,00,00,00,00,01,B0,00,0008,00,00,00,00,00,00,00,00,00,00,00,00,00,01,00,00,00,0000,00,00,0000,00,00,00,00,0008,0008,00,00,00,0008,0008
2346,00,00,00,00,01,B0,00,0008,00,00,00,00,00,00,00,00,00,00,00,00,00,01,00,00,00,0000,00,00,0000,00,00,00,00,0008,0008,00,00,00,0008,0008
2347,00,00,00,00,01,B0,00,0008,00,00,00,00,00,00,00,00,00,00,00,00,00,01,00,00,00,0000,00,00,0000,00,00,00,00,0008,0008,00,00,00,0008,0008
2348,00,00,00,00,01,B0,00,0008,00,00,00,00,00,00,00,00,00,00,00,00,00,01,00,00,00,0000,00,00,0000,00,00,00,00,0008,0008,00,00,00,0008,0008
2349,00,00,00,00,01,B0,00,0008,00,00,00,00,00,00,00,00,00,00,00,00,00,01,00,00,00,0000,00,00,0000,00,00,00,00,0008,0008,00,00,00,0008,0008
2350,00,00,00,00,01,B0,00,0008,00,00,00,00,00,00,00,00,00,00,00,00,00,01,00,00,00,0000,00,00,0000,00,00,00,00,0008,0008,00,00,00,0008,0008
2351,00,00,00,00,01,B0,00,0008,00,00,00,00,00,00,00,00,00,00,00,00,00,01,00,00,00,0000,00,00,0000,00,00,00,00,0008,0008,00,00,00,0008,0008
2352,00,00,00,00,01,B0,00,0008,00,00,00,00,00,00,00,00,00,00,00,00,00,01,00,00,00,0000,00,00,0000,00,00,00,00,0008,0008,00,00,00,0008,0008
2353,00,00,00,00,01,B0,00,0008,00,00,00,00,00,00,00,00,00,00,00,00,00,01,00,00,00,0000,00,00,0000,00,00,00,00,0008,0008,00,00,00,0008,0008
2354,00,00,00,00,01,B0,00,0008,00,00,00,00,00,00,00,00,00,00,00,00,00,01,00,00,00,0000,00,00,0000,00,00,00,00,0008,0008,00,00,00,0008,0008
2355,00,00,00,00,01,B0,00,0008,00,00,00,00,00,00,00,00,00,00,00,00,00,01,00,00,00,0000,00,00,0000,00,00,00,00,0008,0008,00,00,00,0008,0008
2356,00,00,00,00,01,B0,00,0008,00,00,00,00,00,00,00,00,00,00,00,00,00,01,00,00,00,0000,00,00,0000,00,00,00,00,0008,0008,00,00,00,0008,0008
2357,00,00,00,00,01,B0,00,0008,00,00,00,00,00,00,00,00,00,00,00,00,00,01,00,00,00,0000,00,00,0000,00,00,00,00,0008,0008,00,00,00,0008,0008
2358,00,00,00,00,01,B0,00,0008,00,00,00,00,00,00,00,00,00,00,00,00,00,01,00,00,00,0000,00,00,0000,00,00,00,00,0008,0008,00,00,00,0008,0008
2359,00,00,00,00,01,B0,00,0008,00,00,00,00,00,00,00,00,00,00,00,00,00,01,00,00,00,0000,00,00,0000,00,00,00,00,0008,0008,00,00,00,0008,0008
2360,00,00,00,00,01,B0,00,0008,00,00,00,00,00,00,00,00,00,00,00,00,00,01,00,00,00,0000,00,00,0000,00,00,00,00,0008,0008,00,00,00,0008,0008
2361,00,00,00,00,01,B0,00,0008,00,00,00,00,00,00,00,00,00,00,00,00,00,01,00,00,00,0000,00,00,0000,00,00,00,00,0008,0008,00,00,00,0008,0008
2362,00,00,00,00,01,B0,00,0008,00,00,00,00,00,00,00,00,00,00,00,00,00,01,00,00,00,0000,00,00,0000,00,00,00,00,0008,0008,00,00,00,0008,0008
2363,00,00,00,00,01,B0,00,0008,00,00,00,00,00,00,00,00,00,00,00,00,00,01,00,00,00,0000,00,00,0000,00,00,00,00,0008,0008,00,00,00,0008,0008
2364,00,00,00,00,01,B0,00,0008,00,00,00,00,00,00,00,00,00,00,00,00,00,01,00,00,00,0000,00,00,0000,00,00,00,00,0008,0008,00,00,00,0008,0008
2365,00,00,00,00,01,B0,00,0008,00,00,00,00,00,00,00,00,00,00,00,00,00,01,00,00,00,0000,00,00,0000,00,00,00,00,0008,0008,00,00,00,0008,0008
2366,00,00,00,00,01,B0,00,0008,00,00,00,00,00,00,00,00,00,00,00,00,00,01,00,00,00,0000,00,00,0000,00,00,00,00,0008,0008,00,00,00,0008,0008
2367,00,00,00,00,01,B0,00,0008,00,00,00,00,00,00,00,00,00,00,00,00,00,01,00,00,00,0000,00,00,0000,00,00,00,00,0008,0008,00,00,00,0008,0008
2368,00,00,00,00,01,B0,00,0008,00,00,00,00,00,00,00,00,00,00,00,00,00,01,00,00,00,0000,00,00,0000,00,00,00,00,0008,0008,00,00,00,0008,0008
2369,00,00,00,00,01,B0,00,0008,00,00,00,00,00,00,00,00,00,00,00,00,00,01,00,00,00,0000,00,00,0000,00,00,00,00,0008,0008,00,00,00,0008,0008
2370,00,00,00,00,01,B0,00,0008,00,00,00,00,00,00,00,00,00,00,00,00,00,01,00,00,00,0000,00,00,0000,00,00,00,00,0008,0008,00,00,00,0008,0008
2371,00,00,00,00,01,B0,00,0008,00,00,00,00,00,00,00,00,00,00,00,00,00,01,00,00,00,0000,00,00,0000,00,00,00,00,0008,0008,00,00,00,0008,0008
2372,00,00,00,00,01,B0,00,0008,00,00,00,00,00,00,00,00,00,00,00,00,00,01,00,00,00,0000,00,00,0000,00,00,00,00,0008,0008,00,00,00,0008,0008
2373,00,00,00,00,01,B0,00,0008,00,00,00,00,00,00,00,00,00,00,00,00,00,01,00,00,00,0000,00,00,0000,00,00,00,00,0008,0008,00,00,00,0008,0008
2374,00,00,00,00,01,B0,00,0008,00,00,00,00,00,00,00,00,00,00,00,00,00,01,00,00,00,0000,00,00,0000,00,00,00,00,0008,0008,00,00,00,0008,0008
2375,00,00,00,00,01,B0,00,0008,00,00,00,00,00,00,00,00,00,00,00,00,00,01,00,00,00,0000,00,00,0000,00,00,00,00,0008,0008,00,00,00,0008,0008
2376,00,00,00,00,01,B0,00,0008,00,00,00,00,00,00,00,00,00,00,00,00,00,01,00,00,00,0000,00,00,0000,00,00,00,00,0008,0008,00,00,00,0008,0008
2377,00,00,00,00,01,B0,00,0008,00,00,00,00,00,00,00,00,00,00,00,00,00,01,00,00,00,0000,00,00,0000,00,00,00,00,0008,0008,00,00,00,0008,0008
2378,00,00,00,00,01,B0,00,0008,00,00,00,00,00,00,00,00,00,00,00,00,00,01,00,00,00,0000,00,00,0000,00,00,00,00,0008,0008,00,00,00,0008,0008
2379,00,00,00,00,01,B0,00,0008,00,00,00,00,00,00,00,00,00,00,00,00,00,01,00,00,00,0000,00,00,0000,00,00,00,00,0008,0008,00,00,00,0008,0008
2380,00,00,00,00,01,B0,00,0008,00,00,00,00,00,00,00,00,00,00,00,00,00,01,00,00,00,0000,00,00,0000,00,00,00,00,0008,0008,00,00,00,0008,0008
2381,00,00,00,00,01,B0,00,0008,00,00,00,00,00,00,00,00,00,00,00,00,00,01,00,00,00,0000,00,00,0000,00,00,00,00,0008,0008,00,00,00,0008,0008
2382,00,00,00,00,01,B0,00,0008,00,00,00,00,00,00,00,00,00,00,00,00,00,01,00,00,00,0000,00,00,0000,00,00,00,00,0008,0008,00,00,00,0008,0008
2383,00,00,00,00,01,B0,00,0008,00,00,00,00,00,00,00,00,00,00,00,00,00,01,00,00,00,0000,00,00,0000,00,00,00,00,0008,0008,00,00,00,0008,0008
2384,00,00,00,00,01,B0,00,0008,00,00,00,00,00,00,00,00,00,00,00,00,00,01,00,00,00,0000,00,00,0000,00,00,00,00,0008,0008,00,00,00,0008,0008
2385,00,00,00,00,01,B0,00,0008,00,00,00,00,00,00,00,00,00,00,00,00,00,01,00,00,00,0000,00,00,0000,00,00,00,00,0008,0008,00,00,00,0008,0008
2386,00,00,00,00,01,B0,00,0008,00,00,00,00,00,00,00,00,00,00,00,00,00,01,00,00,00,0000,00,00,0000,00,00,00,00,0008,0008,00,00,00,0008,0008
2387,00,00,00,00,01,B0,00,0008,00,00,00,00,00,00,00,00,00,00,00,00,00,01,00,00,00,0000,00,00,0000,00,00,00,00,0008,0008,00,00,00,0008,0008
2388,00,00,00,00,01,B0,00,0008,00,00,00,00,00,00,00,00,00,00,00,00,00,01,00,00,00,0000,00,00,0000,00,00,00,00,0008,0008,00,00,00,0008,0008
2389,00,00,00,00,01,B0,00,0008,00,00,00,00,00,00,00,00,00,00,00,00,00,01,00,00,00,0000,00,00,0000,00,00,00,00,0008,0008,00,00,00,0008,0008
2390,00,00,00,00,01,B0,00,0008,00,00,00,00,00,00,00,00,00,00,00,00,00,01,00,00,00,0000,00,00,0000,00,00,00,00,0008,0008,00,00,00,0008,0008
2391,00,00,00,00,01,B0,00,0008,00,00,00,00,00,00,00,00,00,00,00,00,00,01,00,00,00,0000,00,00,0000,00,00,00,00,0008,0008,00,00,00,0008,0008
2392,00,00,00,00,01,B0,00,0008,00,00,00,00,00,00,00,00,00,00,00,00,00,01,00,00,00,0000,00,00,0000,00,00,00,00,0008,0008,00,00,00,0008,0008
2393,00,00,00,00,01,B0,00,0008,00,00,00,00,00,00,00,00,00,00,00,00,00,01,00,00,00,0000,00,00,0000,00,00,00,00,0008,0008,00,00,00,0008,0008
2394,00,00,00,00,01,B0,00,0008,00,00,00,00,00,00,00,00,00,00,00,00,00,01,00,00,00,0000,00,00,0000,00,00,00,00,0008,0008,00,00,00,0008,0008
2395,00,00,00,00,01,B0,00,0008,00,00,00,00,00,00,00,00,00,00,00,00,00,01,00,00,00,0000,00,00,0000,00,00,00,00,0008,0008,00,00,00,0008,0008
2396,00,00,00,00,01,B0,00,0008,00,00,00,00,00,00,00,00,00,00,00,00,00,01,00,00,00,0000,00,00,0000,00,00,00,00,0008,0008,00,00,00,0008,0008
2397,00,00,00,00,01,B0,00,0008,00,00,00,00,00,00,00,00,00,00,00,00,00,01,00,00,00,0000,00,00,0000,00,00,00,00,0008,0008,00,00,00,0008,0008
2398,00,00,00,00,01,B0,00,0008,00,00,00,00,00,00,00,00,00,00,00,00,00,01,00,00,00,0000,00,00,0000,00,00,00,00,0008,0008,00,00,00,0008,0008
2399,00,00,00,00,01,B0,00,0008,00,00,00,00,00,00,00,00,00,00,00,00,00,01,00,00,00,0000,00,00,0000,00,00,00,00,0008,0008,00,00,00,0008,0008
2400,00,00,00,00,01,B0,00,0008,00,00,00,00,00,00,00,00,00,00,00,00,00,01,00,00,00,0000,00,00,0000,00,00,00,00,0008,0008,00,00,00,0008,0008
2401,00,00,00,00,01,B0,00,0008,00,00,00,00,00,00,00,00,00,00,00,00,00,01,00,00,00,0000,00,00,0000,00,00,00,00,0008,0008,00,00,00,0008,0008
2402,00,00,00,00,01,B0,00,0008,00,00,00,00,00,00,00,00,00,00,00,00,00,01,00,00,00,0000,00,00,0000,00,00,00,00,0008,0008,00,00,00,0008,0008
2403,00,00,00,00,01,B0,00,0008,00,00,00,00,00,00,00,00,00,00,00,00,00,01,00,00,00,0000,00,00,0000,00,00,00,00,0008,0008,00,00,00,0008,0008
2404,00,00,00,00,01,B0,00,0008,00,00,00,00,00,00,00,00,00,00,00,00,00,01,00,00,00,0000,00,00,0000,00,00,00,00,0008,0008,00,00,00,0008,0008
2405,00,00,00,00,01,B0,00,0008,00,00,00,00,00,00,00,00,00,00,00,00,00,01,00,00,00,0000,00,00,0000,00,00,00,00,0008,0008,00,00,00,0008,0008
2406,00,00,00,00,01,B0,00,0008,00,00,00,00,00,00,00,00,00,00,00,00,00,01,00,00,00,0000,00,00,0000,00,00,00,00,0008,0008,00,00,00,0008,0008
2407,00,00,00,00,01,B0,00,0008,00,00,00,00,00,00,00,00,00,00,00,00,00,01,00,00,00,0000,00,00,0000,00,00,00,00,0008,0008,00,00,00,0008,0008
2408,00,00,00,00,01,B0,00,0008,00,00,00,00,00,00,00,00,00,00,00,00,00,01,00,00,00,0000,00,00,0000,00,00,00,00,0008,0008,00,00,00,0008,0008
2409,00,00,00,00,01,B0,00,0008,00,00,00,00,00,00,00,00,00,00,00,00,00,01,00,00,00,0000,00,00,0000,00,00,00,00,0008,0008,00,00,00,0008,0008
2410,00,00,00,00,01,B0,00,0008,00,00,00,00,00,00,00,00,00,00,00,00,00,01,00,00,00,0000,00,00,0000,00,00,00,00,0008,0008,00,00,00,0008,0008
2411,00,00,00,00,01,B0,00,0008,00,00,00,00,00,00,00,00,00,00,00,00,00,01,00,00,00,0000,00,00,0000,00,00,00,00,0008,0008,00,00,00,0008,0008
2412,00,00,00,00,01,B0,00,0008,00,00,00,00,00,00,00,00,00,00,00,00,00,01,00,00,00,0000,00,00,0000,00,00,00,00,0008,0008,00,00,00,0008,0008
2413,00,00,00,00,01,B0,00,0008,00,00,00,00,00,00,00,00,00,00,00,00,00,01,00,00,00,0000,00,00,0000,00,00,00,00,0008,0008,00,00,00,0008,0008
2414,00,00,00,00,01,B0,00,0008,00,00,00,00,00,00,00,00,00,00,00,00,00,01,00,00,00,0000,00,00,0000,00,00,00,00,0008,0008,00,00,00,0008,0008
2415,00,00,00,00,01,B0,00,0008,00,00,00,00,00,00,00,00,00,00,00,00,00,01,00,00,00,0000,00,00,0000,00,00,00,00,0008,0008,00,00,00,0008,0008
2416,00,00,00,00,01,B0,00,0008,00,00,00,00,00,00,00,00,00,00,00,00,00,01,00,00,00,0000,00,00,0000,00,00,00,00,0008,0008,00,00,00,0008,0008
2417,00,00,00,00,01,B0,00,0008,00,00,00,00,00,00,00,00,00,00,00,00,00,01,00,00,00,0000,00,00,0000,00,00,00,00,0008,0008,00,00,00,0008,0008
2418,00,00,00,00,01,B0,00,0008,00,00,00,00,00,00,00,00,00,00,00,00,00,01,00,00,00,0000,00,00,0000,00,00,00,00,0008,0008,00,00,00,0008,0008
2419,00,00,00,00,01,B0,00,0008,00,00,00,00,00,00,00,00,00,00,00,00,00,01,00,00,00,0000,00,00,0000,00,00,00,00,0008,0008,00,00,00,0008,0008
2420,00,00,00,00,01,B0,00,0008,00,00,00,00,00,00,00,00,00,00,00,00,00,01,00,00,00,0000,00,00,0000,00,00,00,00,0008,0008,00,00,00,0008,0008
2421,00,00,00,00,01,B0,00,0008,00,00,00,00,00,00,00,00,00,00,00,00,00,01,00,00,00,0000,00,00,0000,00,00,00,00,0008,0008,00,00,00,0008,0008
2422,00,00,00,00,01,B0,00,0008,00,00,00,00,00,00,00,00,00,00,00,00,00,01,00,00,00,0000,00,00,0000,00,00,00,00,0008,0008,00,00,00,0008,0008
2423,00,00,00,00,01,B0,00,0008,00,00,00,00,00,00,00,00,00,00,00,00,00,01,00,00,00,0000,00,00,0000,00,00,00,00,0008,0008,00,00,00,0008,0008
2424,00,00,00,00,01,B0,00,0008,00,00,00,00,00,00,00,00,00,00,00,00,00,01,00,00,00,0000,00,00,0000,00,00,00,00,0008,0008,00,00,00,0008,0008
2425,00,00,00,00,01,B0,00,0008,00,00,00,00,00,00,00,00,00,00,00,00,00,01,00,00,00,0000,00,00,0000,00,00,00,00,0008,0008,00,00,00,0008,0008
2426,00,00,00,00,01,B0,00,0008,00,00,00,00,00,00,00,00,00,00,00,00,00,01,00,00,00,0000,00,00,0000,00,00,00,00,0008,0008,00,00,00,0008,0008
2427,00,00,00,00,01,B0,00,0008,00,00,00,00,00,00,00,00,00,00,00,00,00,01,00,00,00,0000,00,00,0000,00,00,00,00,0008,0008,00,00,00,0008,0008
2428,00,00,00,00,01,B0,00,0008,00,00,00,00,00,00,00,00,00,00,00,00,00,01,00,00,00,0000,00,00,0000,00,00,00,00,0008,0008,00,00,00,0008,0008
2429,00,00,00,00,01,B0,00,0008,00,00,00,00,00,00,00,00,00,00,00,00,00,01,00,00,00,0000,00,00,0000,00,00,00,00,0008,0008,00,00,00,0008,0008
2430,00,00,00,00,01,B0,00,0008,00,00,00,00,00,00,00,00,00,00,00,00,00,01,00,00,00,0000,00,00,0000,00,00,00,00,0008,0008,00,00,00,0008,0008
2431,00,00,00,00,01,B0,00,0008,00,00,00,00,00,00,00,00,00,00,00,00,00,01,00,00,00,0000,00,00,0000,00,00,00,00,0008,0008,00,00,00,0008,0008
2432,00,00,00,00,01,B0,00,0008,00,00,00,00,00,00,00,00,00,00,00,00,00,01,00,00,00,0000,00,00,0000,00,00,00,00,0008,0008,00,00,00,0008,0008
2433,00,00,00,00,01,B0,00,0008,00,00,00,00,00,00,00,00,00,00,00,00,00,01,00,00,00,0000,00,00,0000,00,00,00,00,0008,0008,00,00,00,0008,0008
2434,00,00,00,00,01,B0,00,0008,00,00,00,00,00,00,00,00,00,00,00,00,00,01,00,00,00,0000,00,00,0000,00,00,00,00,0008,0008,00,00,00,0008,0008
2435,00,00,00,00,01,B0,00,0008,00,00,00,00,00,00,00,00,00,00,00,00,00,01,00,00,00,0000,00,00,0000,00,00,00,00,0008,0008,00,00,00,0008,0008
2436,00,00,00,00,01,B0,00,0008,00,00,00,00,00,00,00,00,00,00,00,00,00,01,00,00,00,0000,00,00,0000,00,00,00,00,0008,0008,00,00,00,0008,0008
2437,00,00,00,00,01,B0,00,0008,00,00,00,00,00,00,00,00,00,00,00,00,00,01,00,00,00,0000,00,00,0000,00,00,00,00,0008,0008,00,00,00,0008,0008
2438,00,00,00,00,01,B0,00,0008,00,00,00,00,00,00,00,00,00,00,00,00,00,01,00,00,00,0000,00,00,0000,00,00,00,00,0008,0008,00,00,00,0008,0008
2439,00,00,00,00,01,B0,00,0008,00,00,00,00,00,00,00,00,00,00,00,00,00,01,00,00,00,0000,00,00,0000,00,00,00,00,0008,0008,00,00,00,0008,0008
2440,00,00,00,00,01,B0,00,0008,00,00,00,00,00,00,00,00,00,00,00,00,00,01,00,00,00,0000,00,00,0000,00,00,00,00,0008,0008,00,00,00,0008,0008
2441,00,00,00,00,01,B0,00,0008,00,00,00,00,00,00,00,00,00,00,00,00,00,01,00,00,00,0000,00,00,0000,00,00,00,00,0008,0008,00,00,00,0008,0008
2442,00,00,00,00,01,B0,00,0008,00,00,00,00,00,00,00,00,00,00,00,00,00,01,00,00,00,0000,00,00,0000,00,00,00,00,0008,0008,00,00,00,0008,0008
2443,00,00,00,00,01,B0,00,0008,00,00,00,00,00,00,00,00,00,00,00,00,00,01,00,00,00,0000,00,00,0000,00,00,00,00,0008,0008,00,00,00,0008,0008
2444,00,00,00,00,01,B0,00,0008,00,00,00,00,00,00,00,00,00,00,00,00,00,01,00,00,00,0000,00,00,0000,00,00,00,00,0008,0008,00,00,00,0008,0008
2445,00,00,00,00,01,B0,00,0008,00,00,00,00,00,00,00,00,00,00,00,00,00,01,00,00,00,0000,00,00,0000,00,00,00,00,0008,0008,00,00,00,0008,0008
2446,00,00,00,00,01,B0,00,0008,00,00,00,00,00,00,00,00,00,00,00,00,00,01,00,00,00,0000,00,00,0000,00,00,00,00,0008,0008,00,00,00,0008,0008
2447,00,00,00,00,01,B0,00,0008,00,00,00,00,00,00,00,00,00,00,00,00,00,01,00,00,00,0000,00,00,0000,00,00,00,00,0008,0008,00,00,00,0008,0008
2448,00,00,00,00,01,B0,00,0008,00,00,00,00,00,00,00,00,00,00,00,00,00,01,00,00,00,0000,00,00,0000,00,00,00,00,0008,0008,00,00,00,0008,0008
2449,00,00,00,00,01,B0,00,0008,00,00,00,00,00,00,00,00,00,00,00,00,00,01,00,00,00,0000,00,00,0000,00,00,00,00,0008,0008,00,00,00,0008,0008
2450,00,00,00,00,01,B0,00,0008,00,00,00,00,00,00,00,00,00,00,00,00,00,01,00,00,00,0000,00,00,0000,00,00,00,00,0008,0008,00,00,00,0008,0008
2451,00,00,00,00,01,B0,00,0008,00,00,00,00,00,00,00,00,00,00,00,00,00,01,00,00,00,0000,00,00,0000,00,00,00,00,0008,0008,00,00,00,0008,0008
2452,00,00,00,00,01,B0,00,0008,00,00,00,00,00,00,00,00,00,00,00,00,00,01,00,00,00,0000,00,00,0000,00,00,00,00,0008,0008,00,00,00,0008,0008
2453,00,00,00,00,01,B0,00,0008,00,00,00,00,00,00,00,00,00,00,00,00,00,01,00,00,00,0000,00,00,0000,00,00,00,00,0008,0008,00,00,00,0008,0008
2454,00,00,00,00,01,B0,00,0008,00,00,00,00,00,00,00,00,00,00,00,00,00,01,00,00,00,0000,00,00,0000,00,00,00,00,0008,0008,00,00,00,0008,0008
2455,00,00,00,00,01,B0,00,0008,00,00,00,00,00,00,00,00,00,00,00,00,00,01,00,00,00,0000,00,00,0000,00,00,00,00,0008,0008,00,00,00,0008,0008
2456,00,00,00,00,01,B0,00,0008,00,00,00,00,00,00,00,00,00,00,00,00,00,01,00,00,00,0000,00,00,0000,00,00,00,00,0008,0008,00,00,00,0008,0008
2457,00,00,00,00,01,B0,00,0008,00,00,00,00,00,00,00,00,00,00,00,00,00,01,00,00,00,0000,00,00,0000,00,00,00,00,0008,0008,00,00,00,0008,0008
2458,00,00,00,00,01,B0,00,0008,00,00,00,00,00,00,00,00,00,00,00,00,00,01,00,00,00,0000,00,00,0000,00,00,00,00,0008,0008,00,00,00,0008,0008
2459,00,00,00,00,01,B0,00,0008,00,00,00,00,00,00,00,00,00,00,00,00,00,01,00,00,00,0000,00,00,0000,00,00,00,00,0008,0008,00,00,00,0008,0008
2460,00,00,00,00,01,B0,00,0008,00,00,00,00,00,00,00,00,00,00,00,00,00,01,00,00,00,0000,00,00,0000,00,00,00,00,0008,0008,00,00,00,0008,0008
2461,00,00,00,00,01,B0,00,0008,00,00,00,00,00,00,00,00,00,00,00,00,00,01,00,00,00,0000,00,00,0000,00,00,00,00,0008,0008,00,00,00,0008,0008
2462,00,00,00,00,01,B0,00,0008,00,00,00,00,00,00,00,00,00,00,00,00,00,01,00,00,00,0000,00,00,0000,00,00,00,00,0008,0008,00,00,00,0008,0008
2463,00,00,00,00,01,B0,00,0008,00,00,00,00,00,00,00,00,00,00,00,00,00,01,00,00,00,0000,00,00,0000,00,00,00,00,0008,0008,00,00,00,0008,0008
2464,00,00,00,00,01,B0,00,0008,00,00,00,00,00,00,00,00,00,00,00,00,00,01,00,00,00,0000,00,00,0000,00,00,00,00,0008,0008,00,00,00,0008,0008
2465,00,00,01,00,01,B0,00,0008,00,00,00,00,00,00,00,00,00,00,00,00,00,01,00,00,00,0000,00,00,0000,00,00,00,00,0008,0008,00,00,00,0008,0008
2466,00,00,01,00,01,B0,00,0008,00,00,00,00,00,00,00,00,00,00,01,07,00,01,00,00,00,0000,00,00,0000,00,00,00,00,0008,0008,00,00,00,0008,0008
2467,00,00,01,00,01,B0,00,0008,00,00,00,00,00,00,00,00,00,00,01,06,00,01,00,00,00,0000,00,00,0000,00,00,00,00,0008,0008,00,00,00,0008,0008
2468,00,00,01,00,01,B0,00,0008,00,00,00,00,00,00,00,00,00,00,01,05,00,01,00,00,00,0000,00,00,0000,00,00,00,00,0008,0008,00,00,00,0008,0008
2469,00,00,01,00,01,B0,00,0008,00,00,00,00,00,00,00,00,00,00,01,04,00,01,00,00,00,0000,00,00,0000,00,00,00,00,0008,0008,00,00,00,0008,0008
2470,00,00,01,00,01,B0,00,0008,00,00,00,00,00,00,00,00,00,00,01,03,00,01,00,00,00,0000,00,00,0000,00,00,00,00,0008,0008,00,00,00,0008,0008
2471,00,00,01,00,01,B0,00,0008,00,00,00,00,00,00,00,00,00,00,01,02,00,01,00,00,00,0000,00,00,0000,00,00,00,00,0008,0008,00,00,00,0008,0008
2472,00,00,01,00,01,B0,00,0008,00,00,00,00,00,00,00,00,00,00,01,01,00,01,00,00,00,0000,00,00,0000,00,00,00,00,0008,0008,00,00,00,0008,0008
2473,00,00,01,00,01,B0,00,0008,00,00,00,00,00,00,00,00,00,00,01,00,00,01,00,00,00,0000,00,00,0000,00,00,00,00,0008,0008,00,00,00,0008,0008
2474,00,00,01,00,01,B0,00,0008,00,00,00,00,00,00,00,00,00,00,02,07,00,01,00,00,00,0000,00,00,0000,00,00,00,00,0008,0008,00,00,00,0008,0008
2475,00,00,01,00,01,B0,00,0008,00,00,00,00,00,00,00,00,00,00,02,06,00,01,00,00,00,0000,00,00,0000,00,00,00,00,0008,0008,00,00,00,0008,0008
2476,00,00,01,00,01,B0,00,0008,00,00,00,00,00,00,00,00,00,00,02,05,00,01,00,00,00,0000,00,00,0000,00,00,00,00,0008,0008,00,00,00,0008,0008
2477,00,00,01,00,01,B0,00,0008,00,00,00,00,00,00,00,00,00,00,02,04,00,01,00,00,00,0000,00,00,0000,00,00,00,00,0008,0008,00,00,00,0008,0008
2478,00,00,01,00,01,B0,00,0008,00,00,00,00,00,00,00,00,00,00,02,03,00,01,00,00,00,0000,00,00,0000,00,00,00,00,0008,0008,00,00,00,0008,0008
2479,00,00,01,00,01,B0,00,0008,00,00,00,00,00,00,00,00,00,00,02,02,00,01,00,00,00,0000,00,00,0000,00,00,00,00,0008,0008,00,00,00,0008,0008
2480,00,00,01,00,01,B0,00,0008,00,00,00,00,00,00,00,00,00,00,02,01,00,01,00,00,00,0000,00,00,0000,00,00,00,00,0008,0008,00,00,00,0008,0008
2481,00,00,01,00,01,B0,00,0008,00,00,00,00,00,00,00,00,00,00,02,00,00,01,00,00,00,0000,00,00,0000,00,00,00,00,0008,0008,00,00,00,0008,0008
2482,00,00,01,00,01,B0,00,0008,00,00,00,00,00,00,00,00,00,00,03,05,00,01,00,00,00,0000,00,00,0000,00,00,00,00,0008,0008,00,00,00,0008,0008
2483,00,00,01,00,01,B0,00,0008,00,00,00,00,00,00,00,00,00,00,03,04,00,01,00,00,00,0000,00,00,0000,00,00,00,00,0008,0008,00,00,00,0008,0008
2484,00,00,01,00,01,B0,00,0008,00,00,00,00,00,00,00,00,00,00,03,03,00,01,00,00,00,0000,00,00,0000,00,00,00,00,0008,0008,00,00,00,0008,0008
2485,00,00,01,00,01,B0,00,0008,00,00,00,00,00,00,00,00,00,00,03,02,00,01,00,00,00,0000,00,00,0000,00,00,00,00,0008,0008,00,00,00,0008,0008
2486,00,00,01,00,01,B0,00,0008,00,00,00,00,00,00,00,00,00,00,03,01,00,01,00,00,00,0000,00,00,0000,00,00,00,00,0008,0008,00,00,00,0008,0008
2487,00,00,01,00,01,B0,00,0008,00,00,00,00,00,00,00,00,00,00,03,00,00,01,00,00,00,0000,00,00,0000,00,00,00,00,0008,0008,00,00,00,0008,0008
2488,00,00,01,00,01,B0,00,0008,00,00,00,00,00,00,00,00,00,00,04,04,00,01,00,00,00,0000,00,00,0000,00,00,00,00,0008,0008,00,00,00,0008,0008
2489,00,00,01,00,01,B0,00,0008,00,00,00,00,00,00,00,00,00,00,04,03,00,01,00,00,00,0000,00,00,0000,00,00,00,00,0008,0008,00,00,00,0008,0008
2490,00,00,01,00,01,B0,00,0008,00,00,00,00,00,00,00,00,00,00,04,02,00,01,00,00,00,0000,00,00,0000,00,00,00,00,0008,0008,00,00,00,0008,0008
2491,00,00,01,00,01,B0,00,0008,00,00,00,00,00,00,00,00,00,00,04,01,00,01,00,00,00,0000,00,00,0000,00,00,00,00,0008,0008,00,00,00,0008,0008
2492,00,00,01,00,01,B0,00,0008,00,00,00,00,00,00,00,00,00,00,04,00,00,01,00,00,00,0000,00,00,0000,00,00,00,00,0008,0008,00,00,00,0008,0008
2493,00,00,01,00,01,B0,00,0008,00,00,00,00,00,00,00,00,00,00,05,03,00,01,00,00,00,0000,00,00,0000,00,00,00,00,0008,0008,00,00,00,0008,0008
2494,00,00,01,00,01,B0,00,0008,00,00,00,00,00,00,00,00,00,00,05,02,00,01,00,00,00,0000,00,00,0000,00,00,00,00,0008,0008,00,00,00,0008,0008
2495,00,00,01,00,01,B0,00,0008,00,00,00,00,00,00,00,00,00,00,05,01,00,01,00,00,00,0000,00,00,0000,00,00,00,00,0008,0008,00,00,00,0008,0008
2496,00,00,01,00,01,B0,00,0008,00,00,00,00,00,00,00,00,00,00,05,00,00,01,00,00,00,0000,00,00,0000,00,00,00,00,0008,0008,00,00,00,0008,0008
2497,00,00,01,00,01,B0,00,0008,00,00,00,00,00,00,00,00,00,00,06,02,00,01,00,00,00,0000,00,00,0000,00,00,00,00,0008,0008,00,00,00,0008,0008
2498,00,00,01,00,01,B0,00,0008,00,00,00,00,00,00,00,00,00,00,06,01,00,01,00,00,00,0000,00,00,0000,00,00,00,00,0008,0008,00,00,00,0008,0008
2499,00,00,01,00,01,B0,00,0008,00,00,00,00,00,00,00,00,00,00,06,00,00,01,00,00,00,0000,00,00,0000,00,00,00,00,0008,0008,00,00,00,0008,0008
2500,00,00,01,00,01,B0,00,0008,00,00,00,00,00,00,00,00,00,00,07,01,00,01,00,00,00,0000,00,00,0000,00,00,00,00,0008,0008,00,00,00,0008,0008
2501,00,00,01,00,01,B0,00,0008,00,00,00,00,00,00,00,00,00,00,07,00,00,01,00,00,00,0000,00,00,0000,00,00,00,00,0008,0008,00,00,00,0008,0008
2502,00,00,01,00,01,B0,00,0008,00,00,00,00,00,00,00,00,00,00,08,01,00,01,00,00,00,0000,00,00,0000,00,00,00,00,0008,0008,00,00,00,0008,0008
2503,00,00,01,00,01,B0,00,0008,00,00,00,00,00,00,00,00,00,00,08,00,00,01,00,00,00,0000,00,00,0000,00,00,00,00,0008,0008,00,00,00,0008,0008
2504,00,00,01,00,01,B0,00,0008,00,00,00,00,00,00,00,00,00,00,09,01,00,01,00,00,00,0000,00,00,0000,00,00,00,00,0008,0008,00,00,00,0008,0008
2505,00,00,01,00,01,B0,00,0008,00,00,00,00,00,00,00,00,00,00,09,00,00,01,00,00,00,0000,00,00,0000,00,00,00,00,0008,0008,00,00,00,0008,0008
2506,00,00,01,00,01,B0,00,0008,00,00,00,00,00,00,00,00,00,00,0A,BF,00,01,00,00,00,0000,00,00,0000,00,00,00,00,0008,0008,00,00,00,0008,0008
2507,00,00,01,00,01,B0,00,0008,00,00,00,00,00,00,00,00,00,00,0A,BE,00,01,00,00,00,0000,00,00,0000,00,00,00,00,0008,0008,00,00,00,0008,0008
2508,00,00,01,00,01,B0,00,0008,00,00,00,00,00,00,00,00,00,00,0A,BD,00,01,00,00,00,0000,00,00,0000,00,00,00,00,0008,0008,00,00,00,0008,0008
2509,00,00,01,00,01,B0,00,0008,00,00,00,00,00,00,00,00,00,00,0A,BC,00,01,00,00,00,0000,00,00,0000,00,00,00,00,0008,0008,00,00,00,0008,0008
2510,00,00,01,00,01,B0,00,0008,00,00,00,00,00,00,00,00,00,00,0A,BB,00,01,00,00,00,0000,00,00,0000,00,00,00,00,0008,0008,00,00,00,0008,0008
2511,00,00,01,00,01,B0,00,0008,00,00,00,00,00,00,00,00,00,00,0A,BA,00,01,00,00,00,0000,00,00,0000,00,00,00,00,0008,0008,00,00,00,0008,0008
2512,00,00,01,00,01,B0,00,0008,00,00,00,00,00,00,00,00,00,00,0A,B9,00,01,00,00,00,0000,00,00,0000,00,00,00,00,0008,0008,00,00,00,0008,0008
2513,00,00,01,00,01,B0,00,0008,00,00,00,00,00,00,00,00,00,00,0A,B8,00,01,00,00,00,0000,00,00,0000,00,00,00,00,0008,0008,00,00,00,0008,0008
2514,00,00,01,00,01,B0,00,0008,00,00,00,00,00,00,00,00,00,00,0A,B7,00,01,00,00,00,0000,00,00,0000,00,00,00,00,0008,0008,00,00,00,0008,0008
2515,00,00,01,00,01,B0,00,0008,00,00,00,00,00,00,00,00,00,00,0A,B6,00,01,00,00,00,0000,00,00,0000,00,00,00,00,0008,0008,00,00,00,0008,0008
2516,00,00,01,00,01,B0,00,0008,00,00,00,00,00,00,00,00,00,00,0A,B5,00,01,00,00,00,0000,00,00,0000,00,00,00,00,0008,0008,00,00,00,0008,0008
2517,00,00,01,00,01,B0,00,0008,00,00,00,00,00,00,00,00,00,00,0A,B4,00,01,00,00,00,0000,00,00,0000,00,00,00,00,0008,0008,00,00,00,0008,0008
2518,00,00,01,00,01,B0,00,0008,00,00,00,00,00,00,00,00,00,00,0A,B3,00,01,00,00,00,0000,00,00,0000,00,00,00,00,0008,0008,00,00,00,0008,0008
2519,00,00,01,00,01,B0,00,0008,00,00,00,00,00,00,00,00,00,00,0A,B2,00,01,00,00,00,0000,00,00,0000,00,00,00,00,0008,0008,00,00,00,0008,0008
2520,00,00,01,00,01,B0,00,0008,00,00,00,00,00,00,00,00,00,00,0A,B1,00,01,00,00,00,0000,00,00,0000,00,00,00,00,0008,0008,00,00,00,0008,0008
2521,00,00,01,00,01,B0,00,0008,00,00,00,00,00,00,00,00,00,00,0A,B0,00,01,00,00,00,0000,00,00,0000,00,00,00,00,0008,0008,00,00,00,0008,0008
2522,00,00,01,00,01,B0,00,0008,00,00,00,00,00,00,00,00,00,00,0A,AF,00,01,00,00,00,0000,00,00,0000,00,00,00,00,0008,0008,00,00,00,0008,0008
2523,00,00,01,00,01,B0,00,0008,00,00,00,00,00,00,00,00,00,00,0A,AE,00,01,00,00,00,0000,00,00,0000,00,00,00,00,0008,0008,00,00,00,0008,0008
2524,00,00,01,00,01,B0,00,0008,00,00,00,00,00,00,00,00,00,00,0A,AD,00,01,00,00,00,0000,00,00,0000,00,00,00,00,0008,0008,00,00,00,0008,0008
2525,00,00,01,00,01,B0,00,0008,00,00,00,00,00,00,00,00,00,00,0A,AC,00,01,00,00,00,0000,00,00,0000,00,00,00,00,0008,0008,00,00,00,0008,0008
2526,00,00,01,00,01,B0,00,0008,00,00,00,00,00,00,00,00,00,00,0A,AB,00,01,00,00,00,0000,00,00,0000,00,00,00,00,0008,0008,00,00,00,0008,0008
2527,00,00,01,00,01,B0,00,0008,00,00,00,00,00,00,00,00,00,00,0A,AA,00,01,00,00,00,0000,00,00,0000,00,00,00,00,0008,0008,00,00,00,0008,0008
2528,00,00,01,00,01,B0,00,0008,00,00,00,00,00,00,00,00,00,00,0A,A9,00,01,00,00,00,0000,00,00,0000,00,00,00,00,0008,0008,00,00,00,0008,0008
2529,00,00,01,00,01,B0,00,0008,00,00,00,00,00,00,00,00,00,00,0A,A8,00,01,00,00,00,0000,00,00,0000,00,00,00,00,0008,0008,00,00,00,0008,0008
2530,00,00,01,00,01,B0,00,0008,00,00,00,00,00,00,00,00,00,00,0A,A7,00,01,00,00,00,0000,00,00,0000,00,00,00,00,0008,0008,00,00,00,0008,0008
2531,00,00,01,00,01,B0,00,0008,00,00,00,00,00,00,00,00,00,00,0A,A6,00,01,00,00,00,0000,00,00,0000,00,00,00,00,0008,0008,00,00,00,0008,0008
2532,00,00,01,00,01,B0,00,0008,00,00,00,00,00,00,00,00,00,00,0A,A5,00,01,00,00,00,0000,00,00,0000,00,00,00,00,0008,0008,00,00,00,0008,0008
2533,00,00,01,00,01,B0,00,0008,00,00,00,00,00,00,00,00,00,00,0A,A4,00,01,00,00,00,0000,00,00,0000,00,00,00,00,0008,0008,00,00,00,0008,0008
2534,00,00,01,00,01,B0,00,0008,00,00,00,00,00,00,00,00,00,00,0A,A3,00,01,00,00,00,0000,00,00,0000,00,00,00,00,0008,0008,00,00,00,0008,0008
2535,00,00,01,00,01,B0,00,0008,00,00,00,00,00,00,00,00,00,00,0A,A2,00,01,00,00,00,0000,00,00,0000,00,00,00,00,0008,0008,00,00,00,0008,0008
2536,00,00,01,00,01,B0,00,0008,00,00,00,00,00,00,00,00,00,00,0A,A1,00,01,00,00,00,0000,00,00,0000,00,00,00,00,0008,0008,00,00,00,0008,0008
2537,00,00,01,00,01,B0,00,0008,00,00,00,00,00,00,00,00,00,00,0A,A0,00,01,00,00,00,0000,00,00,0000,00,00,00,00,0008,0008,00,00,00,0008,0008
2538,00,00,01,00,01,B0,00,0008,00,00,00,00,00,00,00,00,00,00,0A,9F,00,01,00,00,00,0000,00,00,0000,00,00,00,00,0008,0008,00,00,00,0008,0008
2539,00,00,01,00,01,B0,00,0008,00,00,00,00,00,00,00,00,00,00,0A,9E,00,01,00,00,00,0000,00,00,0000,00,00,00,00,0008,0008,00,00,00,0008,0008
2540,00,00,01,00,01,B0,00,0008,00,00,00,00,00,00,00,00,00,00,0A,9D,00,01,00,00,00,0000,00,00,0000,00,00,00,00,0008,0008,00,00,00,0008,0008
2541,00,00,01,00,01,B0,00,0008,00,00,00,00,00,00,00,00,00,00,0A,9C,00,01,00,00,00,0000,00,00,0000,00,00,00,00,0008,0008,00,00,00,0008,0008
2542,00,00,01,00,01,B0,00,0008,00,00,00,00,00,00,00,00,00,00,0A,9B,00,01,00,00,00,0000,00,00,0000,00,00,00,00,0008,0008,00,00,00,0008,0008
2543,00,00,01,00,01,B0,00,0008,00,00,00,00,00,00,00,00,00,00,0A,9A,00,01,00,00,00,0000,00,00,0000,00,00,00,00,0008,0008,00,00,00,0008,0008
2544,00,00,01,00,01,B0,00,0008,00,00,00,00,00,00,00,00,00,00,0A,99,00,01,00,00,00,0000,00,00,0000,00,00,00,00,0008,0008,00,00,00,0008,0008
2545,00,00,01,00,01,B0,00,0008,00,00,00,00,00,00,00,00,00,00,0A,98,00,01,00,00,00,0000,00,00,0000,00,00,00,00,0008,0008,00,00,00,0008,0008
2546,00,00,01,00,01,B0,00,0008,00,00,00,00,00,00,00,00,00,00,0A,97,00,01,00,00,00,0000,00,00,0000,00,00,00,00,0008,0008,00,00,00,0008,0008
2547,00,00,01,00,01,B0,00,0008,00,00,00,00,00,00,00,00,00,00,0A,96,00,01,00,00,00,0000,00,00,0000,00,00,00,00,0008,0008,00,00,00,0008,0008
2548,00,00,01,00,01,B0,00,0008,00,00,00,00,00,00,00,00,00,00,0A,95,00,01,00,00,00,0000,00,00,0000,00,00,00,00,0008,0008,00,00,00,0008,0008
2549,00,00,01,00,01,B0,00,0008,00,00,00,00,00,00,00,00,00,00,0A,94,00,01,00,00,00,0000,00,00,0000,00,00,00,00,0008,0008,00,00,00,0008,0008
2550,00,00,01,00,01,B0,00,0008,00,00,00,00,00,00,00,00,00,00,0A,93,00,01,00,00,00,0000,00,00,0000,00,00,00,00,0008,0008,00,00,00,0008,0008
2551,00,00,01,00,01,B0,00,0008,00,00,00,00,00,00,00,00,00,00,0A,92,00,01,00,00,00,0000,00,00,0000,00,00,00,00,0008,0008,00,00,00,0008,0008
2552,00,00,01,00,01,B0,00,0008,00,00,00,00,00,00,00,00,00,00,0A,91,00,01,00,00,00,0000,00,00,0000,00,00,00,00,0008,0008,00,00,00,0008,0008
2553,00,00,01,00,01,B0,00,0008,00,00,00,00,00,00,00,00,00,00,0A,90,00,01,00,00,00,0000,00,00,0000,00,00,00,00,0008,0008,00,00,00,0008,0008
2554,00,00,01,00,01,B0,00,0008,00,00,00,00,00,00,00,00,00,00,0A,8F,00,01,00,00,00,0000,00,00,0000,00,00,00,00,0008,0008,00,00,00,0008,0008
2555,00,00,01,00,01,B0,00,0008,00,00,00,00,00,00,00,00,00,00,0A,8E,00,01,00,00,00,0000,00,00,0000,00,00,00,00,0008,0008,00,00,00,0008,0008
2556,00,00,01,00,01,B0,00,0008,00,00,00,00,00,00,00,00,00,00,0A,8D,00,01,00,00,00,0000,00,00,0000,00,00,00,00,0008,0008,00,00,00,0008,0008
2557,00,00,01,00,01,B0,00,0008,00,00,00,00,00,00,00,00,00,00,0A,8C,00,01,00,00,00,0000,00,00,0000,00,00,00,00,0008,0008,00,00,00,0008,0008
2558,00,00,01,00,01,B0,00,0008,00,00,00,00,00,00,00,00,00,00,0A,8B,00,01,00,00,00,0000,00,00,0000,00,00,00,00,0008,0008,00,00,00,0008,0008
2559,00,00,01,00,01,B0,00,0008,00,00,00,00,00,00,00,00,00,00,0A,8A,00,01,00,00,00,0000,00,00,0000,00,00,00,00,0008,0008,00,00,00,0008,0008
2560,00,00,01,00,01,B0,00,0008,00,00,00,00,00,00,00,00,00,00,0A,89,00,01,00,00,00,0000,00,00,0000,00,00,00,00,0008,0008,00,00,00,0008,0008
2561,00,00,01,00,01,B0,00,0008,00,00,00,00,00,00,00,00,00,00,0A,88,00,01,00,00,00,0000,00,00,0000,00,00,00,00,0008,0008,00,00,00,0008,0008
2562,00,00,01,00,01,B0,00,0008,00,00,00,00,00,00,00,00,00,00,0A,87,00,01,00,00,00,0000,00,00,0000,00,00,00,00,0008,0008,00,00,00,0008,0008
2563,00,00,01,00,01,B0,00,0008,00,00,00,00,00,00,00,00,00,00,0A,86,00,01,00,00,00,0000,00,00,0000,00,00,00,00,0008,0008,00,00,00,0008,0008
2564,00,00,01,00,01,B0,00,0008,00,00,00,00,00,00,00,00,00,00,0A,85,00,01,00,00,00,0000,00,00,0000,00,00,00,00,0008,0008,00,00,00,0008,0008
2565,00,00,01,00,01,B0,00,0008,00,00,00,00,00,00,00,00,00,00,0A,84,00,01,00,00,00,0000,00,00,0000,00,00,00,00,0008,0008,00,00,00,0008,0008
2566,00,00,01,00,01,B0,00,0008,00,00,00,00,00,00,00,00,00,00,0A,83,00,01,00,00,00,0000,00,00,0000,00,00,00,00,0008,0008,00,00,00,0008,0008
2567,00,00,01,00,01,B0,00,0008,00,00,00,00,00,00,00,00,00,00,0A,82,00,01,00,00,00,0000,00,00,0000,00,00,00,00,0008,0008,00,00,00,0008,0008
2568,00,00,01,00,01,B0,00,0008,00,00,00,00,00,00,00,00,00,00,0A,81,00,01,00,00,00,0000,00,00,0000,00,00,00,00,0008,0008,00,00,00,0008,0008
2569,00,00,01,00,01,B0,00,0008,00,00,00,00,00,00,00,00,00,00,0A,80,00,01,00,00,00,0000,00,00,0000,00,00,00,00,0008,0008,00,00,00,0008,0008
2570,00,00,01,00,01,B0,00,0008,00,00,00,00,00,00,00,00,00,00,0A,7F,00,01,00,00,00,0000,00,00,0000,00,00,00,00,0008,0008,00,00,00,0008,0008
2571,00,00,01,00,01,B0,00,0008,00,00,00,00,00,00,00,00,00,00,0A,7E,00,01,00,00,00,0000,00,00,0000,00,00,00,00,0008,0008,00,00,00,0008,0008
2572,00,00,01,00,01,B0,00,0008,00,00,00,00,00,00,00,00,00,00,0A,7D,00,01,00,00,00,0000,00,00,0000,00,00,00,00,0008,0008,00,00,00,0008,0008
2573,00,00,01,00,01,B0,00,0008,00,00,00,00,00,00,00,00,00,00,0A,7C,00,01,00,00,00,0000,00,00,0000,00,00,00,00,0008,0008,00,00,00,0008,0008
2574,00,00,01,00,01,B0,00,0008,00,00,00,00,00,00,00,00,00,00,0A,7B,00,01,00,00,00,0000,00,00,0000,00,00,00,00,0008,0008,00,00,00,0008,0008
2575,00,00,01,00,01,B0,00,0008,00,00,00,00,00,00,00,00,00,00,0A,7A,00,01,00,00,00,0000,00,00,0000,00,00,00,00,0008,0008,00,00,00,0008,0008
2576,00,00,01,00,01,B0,00,0008,00,00,00,00,00,00,00,00,00,00,0A,79,00,01,00,00,00,0000,00,00,0000,00,00,00,00,0008,0008,00,00,00,0008,0008
2577,00,00,01,00,01,B0,00,0008,00,00,00,00,00,00,00,00,00,00,0A,78,00,01,00,00,00,0000,00,00,0000,00,00,00,00,0008,0008,00,00,00,0008,0008
2578,00,00,01,00,01,B0,00,0008,00,00,00,00,00,00,00,00,00,00,0A,77,00,01,00,00,00,0000,00,00,0000,00,00,00,00,0008,0008,00,00,00,0008,0008
2579,00,00,01,00,01,B0,00,0008,00,00,00,00,00,00,00,00,00,00,0A,76,00,01,00,00,00,0000,00,00,0000,00,00,00,00,0008,0008,00,00,00,0008,0008
2580,00,00,01,00,01,B0,00,0008,00,00,00,00,00,00,00,00,00,00,0A,75,00,01,00,00,00,0000,00,00,0000,00,00,00,00,0008,0008,00,00,00,0008,0008
2581,00,00,01,00,01,B0,00,0008,00,00,00,00,00,00,00,00,00,00,0A,74,00,01,00,00,00,0000,00,00,0000,00,00,00,00,0008,0008,00,00,00,0008,0008
2582,00,00,01,00,01,B0,00,0008,00,00,00,00,00,00,00,00,00,00,0A,73,00,01,00,00,00,0000,00,00,0000,00,00,00,00,0008,0008,00,00,00,0008,0008
2583,00,00,01,00,01,B0,00,0008,00,00,00,00,00,00,00,00,00,00,0A,72,00,01,00,00,00,0000,00,00,0000,00,00,00,00,0008,0008,00,00,00,0008,0008
2584,00,00,01,00,01,B0,00,0008,00,00,00,00,00,00,00,00,00,00,0A,71,00,01,00,00,00,0000,00,00,0000,00,00,00,00,0008,0008,00,00,00,0008,0008
2585,00,00,01,00,01,B0,00,0008,00,00,00,00,00,00,00,00,00,00,0A,70,00,01,00,00,00,0000,00,00,0000,00,00,00,00,0008,0008,00,00,00,0008,0008
2586,00,00,01,00,01,B0,00,0008,00,00,00,00,00,00,00,00,00,00,0A,6F,00,01,00,00,00,0000,00,00,0000,00,00,00,00,0008,0008,00,00,00,0008,0008
2587,00,00,01,00,01,B0,00,0008,00,00,00,00,00,00,00,00,00,00,0A,6E,00,01,00,00,00,0000,00,00,0000,00,00,00,00,0008,0008,00,00,00,0008,0008
2588,00,00,01,00,01,B0,00,0008,00,00,00,00,00,00,00,00,00,00,0A,6D,00,01,00,00,00,0000,00,00,0000,00,00,00,00,0008,0008,00,00,00,0008,0008
2589,00,00,01,00,01,B0,00,0008,00,00,00,00,00,00,00,00,00,00,0A,6C,00,01,00,00,00,0000,00,00,0000,00,00,00,00,0008,0008,00,00,00,0008,0008
2590,00,00,01,00,01,B0,00,0008,00,00,00,00,00,00,00,00,00,00,0A,6B,00,01,00,00,00,0000,00,00,0000,00,00,00,00,0008,0008,00,00,00,0008,0008
2591,00,00,01,00,01,B0,00,0008,00,00,00,00,00,00,00,00,00,00,0A,6A,00,01,00,00,00,0000,00,00,0000,00,00,00,00,0008,0008,00,00,00,0008,0008
2592,00,00,01,00,01,B0,00,0008,00,00,00,00,00,00,00,00,00,00,0A,69,00,01,00,00,00,0000,00,00,0000,00,00,00,00,0008,0008,00,00,00,0008,0008
2593,00,00,01,00,01,B0,00,0008,00,00,00,00,00,00,00,00,00,00,0A,68,00,01,00,00,00,0000,00,00,0000,00,00,00,00,0008,0008,00,00,00,0008,0008
2594,00,00,01,00,01,B0,00,0008,00,00,00,00,00,00,00,00,00,00,0A,67,00,01,00,00,00,0000,00,00,0000,00,00,00,00,0008,0008,00,00,00,0008,0008
2595,00,00,01,00,01,B0,00,0008,00,00,00,00,00,00,00,00,00,00,0A,66,00,01,00,00,00,0000,00,00,0000,00,00,00,00,0008,0008,00,00,00,0008,0008
2596,00,00,01,00,01,B0,00,0008,00,00,00,00,00,00,00,00,00,00,0A,65,00,01,00,00,00,0000,00,00,0000,00,00,00,00,0008,0008,00,00,00,0008,0008
2597,00,00,01,00,01,B0,00,0008,00,00,00,00,00,00,00,00,00,00,0A,64,00,01,00,00,00,0000,00,00,0000,00,00,00,00,0008,0008,00,00,00,0008,0008
2598,00,00,01,00,01,B0,00,0008,00,00,00,00,00,00,00,00,00,00,0A,63,00,01,00,00,00,0000,00,00,0000,00,00,00,00,0008,0008,00,00,00,0008,0008
2599,00,00,01,00,01,B0,00,0008,00,00,00,00,00,00,00,00,00,00,0A,62,00,01,00,00,00,0000,00,00,0000,00,00,00,00,0008,0008,00,00,00,0008,0008
2600,00,00,01,00,01,B0,00,0008,00,00,00,00,00,00,00,00,00,00,0A,61,00,01,00,00,00,0000,00,00,0000,00,00,00,00,0008,0008,00,00,00,0008,0008
2601,00,00,01,00,01,B0,00,0008,00,00,00,00,00,00,00,00,00,00,0A,60,00,01,00,00,00,0000,00,00,0000,00,00,00,00,0008,0008,00,00,00,0008,0008
2602,00,00,01,00,01,B0,00,0008,00,00,00,00,00,00,00,00,00,00,0A,5F,00,01,00,00,00,0000,00,00,0000,00,00,00,00,0008,0008,00,00,00,0008,0008
2603,00,00,01,00,01,B0,00,0008,00,00,00,00,00,00,00,00,00,00,0A,5E,00,01,00,00,00,0000,00,00,0000,00,00,00,00,0008,0008,00,00,00,0008,0008
2604,00,00,01,00,01,B0,00,0008,00,00,00,00,00,00,00,00,00,00,0A,5D,00,01,00,00,00,0000,00,00,0000,00,00,00,00,0008,0008,00,00,00,0008,0008
2605,00,00,01,00,01,B0,00,0008,00,00,00,00,00,00,00,00,00,00,0A,5C,00,01,00,00,00,0000,00,00,0000,00,00,00,00,0008,0008,00,00,00,0008,0008
2606,00,00,01,00,01,B0,00,0008,00,00,00,00,00,00,00,00,00,00,0A,5B,00,01,00,00,00,0000,00,00,0000,00,00,00,00,0008,0008,00,00,00,0008,0008
2607,00,00,01,00,01,B0,00,0008,00,00,00,00,00,00,00,00,00,00,0A,5A,00,01,00,00,00,0000,00,00,0000,00,00,00,00,0008,0008,00,00,00,0008,0008
2608,00,00,01,00,01,B0,00,0008,00,00,00,00,00,00,00,00,00,00,0A,59,00,01,00,00,00,0000,00,00,0000,00,00,00,00,0008,0008,00,00,00,0008,0008
2609,00,00,01,00,01,B0,00,0008,00,00,00,00,00,00,00,00,00,00,0A,58,00,01,00,00,00,0000,00,00,0000,00,00,00,00,0008,0008,00,00,00,0008,0008
2610,00,00,01,00,01,B0,00,0008,00,00,00,00,00,00,00,00,00,00,0A,57,00,01,00,00,00,0000,00,00,0000,00,00,00,00,0008,0008,00,00,00,0008,0008
2611,00,00,01,00,01,B0,00,0008,00,00,00,00,00,00,00,00,00,00,0A,56,00,01,00,00,00,0000,00,00,0000,00,00,00,00,0008,0008,00,00,00,0008,0008
2612,00,00,01,00,01,B0,00,0008,00,00,00,00,00,00,00,00,00,00,0A,55,00,01,00,00,00,0000,00,00,0000,00,00,00,00,0008,0008,00,00,00,0008,0008
2613,00,00,01,00,01,B0,00,0008,00,00,00,00,00,00,00,00,00,00,0A,54,00,01,00,00,00,0000,00,00,0000,00,00,00,00,0008,0008,00,00,00,0008,0008
2614,00,00,01,00,01,B0,00,0008,00,00,00,00,00,00,00,00,00,00,0A,53,00,01,00,00,00,0000,00,00,0000,00,00,00,00,0008,0008,00,00,00,0008,0008
2615,00,00,01,00,01,B0,00,0008,00,00,00,00,00,00,00,00,00,00,0A,52,00,01,00,00,00,0000,00,00,0000,00,00,00,00,0008,0008,00,00,00,0008,0008
2616,00,00,01,00,01,B0,00,0008,00,00,00,00,00,00,00,00,00,00,0A,51,00,01,00,00,00,0000,00,00,0000,00,00,00,00,0008,0008,00,00,00,0008,0008
2617,00,00,01,00,01,B0,00,0008,00,00,00,00,00,00,00,00,00,00,0A,50,00,01,00,00,00,0000,00,00,0000,00,00,00,00,0008,0008,00,00,00,0008,0008
2618,00,00,01,00,01,B0,00,0008,00,00,00,00,00,00,00,00,00,00,0A,4F,00,01,00,00,00,0000,00,00,0000,00,00,00,00,0008,0008,00,00,00,0008,0008
2619,00,00,01,00,01,B0,00,0008,00,00,00,00,00,00,00,00,00,00,0A,4E,00,01,00,00,00,0000,00,00,0000,00,00,00,00,0008,0008,00,00,00,0008,0008
2620,00,00,01,00,01,B0,00,0008,00,00,00,00,00,00,00,00,00,00,0A,4D,00,01,00,00,00,0000,00,00,0000,00,00,00,00,0008,0008,00,00,00,0008,0008
2621,00,00,01,00,01,B0,00,0008,00,00,00,00,00,00,00,00,00,00,0A,4C,00,01,00,00,00,0000,00,00,0000,00,00,00,00,0008,0008,00,00,00,0008,0008
2622,00,00,01,00,01,B0,00,0008,00,00,00,00,00,00,00,00,00,00,0A,4B,00,01,00,00,00,0000,00,00,0000,00,00,00,00,0008,0008,00,00,00,0008,0008
2623,00,00,01,00,01,B0,00,0008,00,00,00,00,00,00,00,00,00,00,0A,4A,00,01,00,00,00,0000,00,00,0000,00,00,00,00,0008,0008,00,00,00,0008,0008
2624,00,00,01,00,01,B0,00,0008,00,00,00,00,00,00,00,00,00,00,0A,49,00,01,00,00,00,0000,00,00,0000,00,00,00,00,0008,0008,00,00,00,0008,0008
2625,00,00,01,00,01,B0,00,0008,00,00,00,00,00,00,00,00,00,00,0A,48,00,01,00,00,00,0000,00,00,0000,00,00,00,00,0008,0008,00,00,00,0008,0008
2626,00,00,01,00,01,B0,00,0008,00,00,00,00,00,00,00,00,00,00,0A,47,00,01,00,00,00,0000,00,00,0000,00,00,00,00,0008,0008,00,00,00,0008,0008
2627,00,00,01,00,01,B0,00,0008,00,00,00,00,00,00,00,00,00,00,0A,46,00,01,00,00,00,0000,00,00,0000,00,00,00,00,0008,0008,00,00,00,0008,0008
2628,00,00,01,00,01,B0,00,0008,00,00,00,00,00,00,00,00,00,00,0A,45,00,01,00,00,00,0000,00,00,0000,00,00,00,00,0008,0008,00,00,00,0008,0008
2629,00,00,01,00,01,B0,00,0008,00,00,00,00,00,00,00,00,00,00,0A,44,00,01,00,00,00,0000,00,00,0000,00,00,00,00,0008,0008,00,00,00,0008,0008
2630,00,00,01,00,01,B0,00,0008,00,00,00,00,00,00,00,00,00,00,0A,43,00,01,00,00,00,0000,00,00,0000,00,00,00,00,0008,0008,00,00,00,0008,0008
2631,00,00,01,00,01,B0,00,0008,00,00,00,00,00,00,00,00,00,00,0A,42,00,01,00,00,00,0000,00,00,0000,00,00,00,00,0008,0008,00,00,00,0008,0008
2632,00,00,01,00,01,B0,00,0008,00,00,00,00,00,00,00,00,00,00,0A,41,00,01,00,00,00,0000,00,00,0000,00,00,00,00,0008,0008,00,00,00,0008,0008
2633,00,00,01,00,01,B0,00,0008,00,00,00,00,00,00,00,00,00,00,0A,40,00,01,00,00,00,0000,00,00,0000,00,00,00,00,0008,0008,00,00,00,0008,0008
2634,00,00,01,00,01,B0,00,0008,00,00,00,00,00,00,00,00,00,00,0A,3F,00,01,00,00,00,0000,00,00,0000,00,00,00,00,0008,0008,00,00,00,0008,0008
2635,00,00,01,00,01,B0,00,0008,00,00,00,00,00,00,00,00,00,00,0A,3E,00,01,00,00,00,0000,00,00,0000,00,00,00,00,0008,0008,00,00,00,0008,0008
2636,00,00,01,00,01,B0,00,0008,00,00,00,00,00,00,00,00,00,00,0A,3D,00,01,00,00,00,0000,00,00,0000,00,00,00,00,0008,0008,00,00,00,0008,0008
2637,00,00,01,00,01,B0,00,0008,00,00,00,00,00,00,00,00,00,00,0A,3C,00,01,00,00,00,0000,00,00,0000,00,00,00,00,0008,0008,00,00,00,0008,0008
2638,00,00,01,00,01,B0,00,0008,00,00,00,00,00,00,00,00,00,00,0A,3B,00,01,00,00,00,0000,00,00,0000,00,00,00,00,0008,0008,00,00,00,0008,0008
2639,00,00,01,00,01,B0,00,0008,00,00,00,00,00,00,00,00,00,00,0A,3A,00,01,00,00,00,0000,00,00,0000,00,00,00,00,0008,0008,00,00,00,0008,0008
2640,00,00,01,00,01,B0,00,0008,00,00,00,00,00,00,00,00,00,00,0A,39,00,01,00,00,00,0000,00,00,0000,00,00,00,00,0008,0008,00,00,00,0008,0008
2641,00,00,01,00,01,B0,00,0008,00,00,00,00,00,00,00,00,00,00,0A,38,00,01,00,00,00,0000,00,00,0000,00,00,00,00,0008,0008,00,00,00,0008,0008
2642,00,00,01,00,01,B0,00,0008,00,00,00,00,00,00,00,00,00,00,0A,37,00,01,00,00,00,0000,00,00,0000,00,00,00,00,0008,0008,00,00,00,0008,0008
2643,00,00,01,00,01,B0,00,0008,00,00,00,00,00,00,00,00,00,00,0A,36,00,01,00,00,00,0000,00,00,0000,00,00,00,00,0008,0008,00,00,00,0008,0008
2644,00,00,01,00,01,B0,00,0008,00,00,00,00,00,00,00,00,00,00,0A,35,00,01,00,00,00,0000,00,00,0000,00,00,00,00,0008,0008,00,00,00,0008,0008
2645,00,00,01,00,01,B0,00,0008,00,00,00,00,00,00,00,00,00,00,0A,34,00,01,00,00,00,0000,00,00,0000,00,00,00,00,0008,0008,00,00,00,0008,0008
2646,00,00,01,00,01,B0,00,0008,00,00,00,00,00,00,00,00,00,00,0A,33,00,01,00,00,00,0000,00,00,0000,00,00,00,00,0008,0008,00,00,00,0008,0008
2647,00,00,01,00,01,B0,00,0008,00,00,00,00,00,00,00,00,00,00,0A,32,00,01,00,00,00,0000,00,00,0000,00,00,00,00,0008,0008,00,00,00,0008,0008
2648,00,00,01,00,01,B0,00,0008,00,00,00,00,00,00,00,00,00,00,0A,31,00,01,00,00,00,0000,00,00,0000,00,00,00,00,0008,0008,00,00,00,0008,0008
2649,00,00,01,00,01,B0,00,0008,00,00,00,00,00,00,00,00,00,00,0A,30,00,01,00,00,00,0000,00,00,0000,00,00,00,00,0008,0008,00,00,00,0008,0008
2650,00,00,01,00,01,B0,00,0008,00,00,00,00,00,00,00,00,00,00,0A,2F,00,01,00,00,00,0000,00,00,0000,00,00,00,00,0008,0008,00,00,00,0008,0008
2651,00,00,01,00,01,B0,00,0008,00,00,00,00,00,00,00,00,00,00,0A,2E,00,01,00,00,00,0000,00,00,0000,00,00,00,00,0008,0008,00,00,00,0008,0008
2652,00,00,01,00,01,B0,00,0008,00,00,00,00,00,00,00,00,00,00,0A,2D,00,01,00,00,00,0000,00,00,0000,00,00,00,00,0008,0008,00,00,00,0008,0008
2653,00,00,01,00,01,B0,00,0008,00,00,00,00,00,00,00,00,00,00,0A,2C,00,01,00,00,00,0000,00,00,0000,00,00,00,00,0008,0008,00,00,00,0008,0008
2654,00,00,01,00,01,B0,00,0008,00,00,00,00,00,00,00,00,00,00,0A,2B,00,01,00,00,00,0000,00,00,0000,00,00,00,00,0008,0008,00,00,00,0008,0008
2655,00,00,01,00,01,B0,00,0008,00,00,00,00,00,00,00,00,00,00,0A,2A,00,01,00,00,00,0000,00,00,0000,00,00,00,00,0008,0008,00,00,00,0008,0008
2656,00,00,01,00,01,B0,00,0008,00,00,00,00,00,00,00,00,00,00,0A,29,00,01,00,00,00,0000,00,00,0000,00,00,00,00,0008,0008,00,00,00,0008,0008
2657,00,00,01,00,01,B0,00,0008,00,00,00,00,00,00,00,00,00,00,0A,28,00,01,00,00,00,0000,00,00,0000,00,00,00,00,0008,0008,00,00,00,0008,0008
2658,00,00,01,00,01,B0,00,0008,00,00,00,00,00,00,00,00,00,00,0A,27,00,01,00,00,00,0000,00,00,0000,00,00,00,00,0008,0008,00,00,00,0008,0008
2659,00,00,01,00,01,B0,00,0008,00,00,00,00,00,00,00,00,00,00,0A,26,00,01,00,00,00,0000,00,00,0000,00,00,00,00,0008,0008,00,00,00,0008,0008
2660,00,00,01,00,01,B0,00,0008,00,00,00,00,00,00,00,00,00,00,0A,25,00,01,00,00,00,0000,00,00,0000,00,00,00,00,0008,0008,00,00,00,0008,0008
2661,00,00,01,00,01,B0,00,0008,00,00,00,00,00,00,00,00,00,00,0A,24,00,01,00,00,00,0000,00,00,0000,00,00,00,00,0008,0008,00,00,00,0008,0008
2662,00,00,01,00,01,B0,00,0008,00,00,00,00,00,00,00,00,00,00,0A,23,00,01,00,00,00,0000,00,00,0000,00,00,00,00,0008,0008,00,00,00,0008,0008
2663,00,00,01,00,01,B0,00,0008,00,00,00,00,00,00,00,00,00,00,0A,22,00,01,00,00,00,0000,00,00,0000,00,00,00,00,0008,0008,00,00,00,0008,0008
2664,00,00,01,00,01,B0,00,0008,00,00,00,00,00,00,00,00,00,00,0A,21,00,01,00,00,00,0000,00,00,0000,00,00,00,00,0008,0008,00,00,00,0008,0008
2665,00,00,01,00,01,B0,00,0008,00,00,00,00,00,00,00,00,00,00,0A,20,00,01,00,00,00,0000,00,00,0000,00,00,00,00,0008,0008,00,00,00,0008,0008
2666,00,00,01,00,01,B0,00,0008,00,00,00,00,00,00,00,00,00,00,0A,1F,00,01,00,00,00,0000,00,00,0000,00,00,00,00,0008,0008,00,00,00,0008,0008
2667,00,00,01,00,01,B0,00,0008,00,00,00,00,00,00,00,00,00,00,0A,1E,00,01,00,00,00,0000,00,00,0000,00,00,00,00,0008,0008,00,00,00,0008,0008
2668,00,00,01,00,01,B0,00,0008,00,00,00,00,00,00,00,00,00,00,0A,1D,00,01,00,00,00,0000,00,00,0000,00,00,00,00,0008,0008,00,00,00,0008,0008
2669,00,00,01,00,01,B0,00,0008,00,00,00,00,00,00,00,00,00,00,0A,1C,00,01,00,00,00,0000,00,00,0000,00,00,00,00,0008,0008,00,00,00,0008,0008
2670,00,00,01,00,01,B0,00,0008,00,00,00,00,00,00,00,00,00,00,0A,1B,00,01,00,00,00,0000,00,00,0000,00,00,00,00,0008,0008,00,00,00,0008,0008
2671,00,00,01,00,01,B0,00,0008,00,00,00,00,00,00,00,00,00,00,0A,1A,00,01,00,00,00,0000,00,00,0000,00,00,00,00,0008,0008,00,00,00,0008,0008
2672,00,00,01,00,01,B0,00,0008,00,00,00,00,00,00,00,00,00,00,0A,19,00,01,00,00,00,0000,00,00,0000,00,00,00,00,0008,0008,00,00,00,0008,0008
2673,00,00,01,00,01,B0,00,0008,00,00,00,00,00,00,00,00,00,00,0A,18,00,01,00,00,00,0000,00,00,0000,00,00,00,00,0008,0008,00,00,00,0008,0008
2674,00,00,01,00,01,B0,00,0008,00,00,00,00,00,00,00,00,00,00,0A,17,00,01,00,00,00,0000,00,00,0000,00,00,00,00,0008,0008,00,00,00,0008,0008
2675,00,00,01,00,01,B0,00,0008,00,00,00,00,00,00,00,00,00,00,0A,16,00,01,00,00,00,0000,00,00,0000,00,00,00,00,0008,0008,00,00,00,0008,0008
2676,00,00,01,00,01,B0,00,0008,00,00,00,00,00,00,00,00,00,00,0A,15,00,01,00,00,00,0000,00,00,0000,00,00,00,00,0008,0008,00,00,00,0008,0008
2677,00,00,01,00,01,B0,00,0008,00,00,00,00,00,00,00,00,00,00,0A,14,00,01,00,00,00,0000,00,00,0000,00,00,00,00,0008,0008,00,00,00,0008,0008
2678,00,00,01,00,01,B0,00,0008,00,00,00,00,00,00,00,00,00,00,0A,13,00,01,00,00,00,0000,00,00,0000,00,00,00,00,0008,0008,00,00,00,0008,0008
2679,00,00,01,00,01,B0,00,0008,00,00,00,00,00,00,00,00,00,00,0A,12,00,01,00,00,00,0000,00,00,0000,00,00,00,00,0008,0008,00,00,00,0008,0008
2680,00,00,01,00,01,B0,00,0008,00,00,00,00,00,00,00,00,00,00,0A,11,00,01,00,00,00,0000,00,00,0000,00,00,00,00,0008,0008,00,00,00,0008,0008
2681,00,00,01,00,01,B0,00,0008,00,00,00,00,00,00,00,00,00,00,0A,10,00,01,00,00,00,0000,00,00,0000,00,00,00,00,0008,0008,00,00,00,0008,0008
2682,00,00,01,00,01,B0,00,0008,00,00,00,00,00,00,00,00,00,00,0A,0F,00,01,00,00,00,0000,00,00,0000,00,00,00,00,0008,0008,00,00,00,0008,0008
2683,00,00,01,00,01,B0,00,0008,00,00,00,00,00,00,00,00,00,00,0A,0E,00,01,00,00,00,0000,00,00,0000,00,00,00,00,0008,0008,00,00,00,0008,0008
2684,00,00,01,00,01,B0,00,0008,00,00,00,00,00,00,00,00,00,00,0A,0D,00,01,00,00,00,0000,00,00,0000,00,00,00,00,0008,0008,00,00,00,0008,0008
2685,00,00,01,00,01,B0,00,0008,00,00,00,00,00,00,00,00,00,00,0A,0C,00,01,00,00,00,0000,00,00,0000,00,00,00,00,0008,0008,00,00,00,0008,0008
2686,00,00,01,00,01,B0,00,0008,00,00,00,00,00,00,00,00,00,00,0A,0B,00,01,00,00,00,0000,00,00,0000,00,00,00,00,0008,0008,00,00,00,0008,0008
2687,00,00,01,00,01,B0,00,0008,00,00,00,00,00,00,00,00,00,00,0A,0A,00,01,00,00,00,0000,00,00,0000,00,00,00,00,0008,0008,00,00,00,0008,0008
2688,00,00,01,00,01,B0,00,0008,00,00,00,00,00,00,00,00,00,00,0A,09,00,01,00,00,00,0000,00,00,0000,00,00,00,00,0008,0008,00,00,00,0008,0008
2689,00,00,01,00,01,B0,00,0008,00,00,00,00,00,00,00,00,00,00,0A,08,00,01,00,00,00,0000,00,00,0000,00,00,00,00,0008,0008,00,00,00,0008,0008
2690,00,00,01,00,01,B0,00,0008,00,00,00,00,00,00,00,00,00,00,0A,07,00,01,00,00,00,0000,00,00,0000,00,00,00,00,0008,0008,00,00,00,0008,0008
2691,00,00,01,00,01,B0,00,0008,00,00,00,00,00,00,00,00,00,00,0A,06,00,01,00,00,00,0000,00,00,0000,00,00,00,00,0008,0008,00,00,00,0008,0008
2692,00,00,01,00,01,B0,00,0008,00,00,00,00,00,00,00,00,00,00,0A,05,00,01,00,00,00,0000,00,00,0000,00,00,00,00,0008,0008,00,00,00,0008,0008
2693,00,00,01,00,01,B0,00,0008,00,00,00,00,00,00,00,00,00,00,0A,04,00,01,00,00,00,0000,00,00,0000,00,00,00,00,0008,0008,00,00,00,0008,0008
2694,00,00,01,00,01,B0,00,0008,00,00,00,00,00,00,00,00,00,00,0A,03,00,01,00,00,00,0000,00,00,0000,00,00,00,00,0008,0008,00,00,00,0008,0008
2695,00,00,01,00,01,B0,00,0008,00,00,00,00,00,00,00,00,00,00,0A,02,00,01,00,00,00,0000,00,00,0000,00,00,00,00,0008,0008,00,00,00,0008,0008
2696,00,00,01,00,01,B0,00,0008,00,00,00,00,00,00,00,00,00,00,0A,01,00,01,00,00,00,0000,00,00,0000,00,00,00,00,0008,0008,00,00,00,0008,0008
2697,00,00,01,00,01,B0,00,0008,00,00,00,00,00,00,00,00,00,00,0A,00,00,01,00,00,00,0000,00,00,0000,00,00,00,00,0008,0008,00,00,00,0008,0008
2698,00,00,01,00,01,B0,00,0008,00,00,00,00,00,00,00,00,00,00,0B,05,00,01,00,00,00,0000,00,00,0000,00,00,00,00,0008,0008,00,00,00,0008,0008
2699,00,00,01,00,01,B0,00,0008,00,00,00,00,00,00,00,00,00,00,0B,04,00,01,00,00,00,0000,00,00,0000,00,00,00,00,0008,0008,00,00,00,0008,0008
2700,00,00,01,00,01,B0,00,0008,00,00,00,00,00,00,00,00,00,00,0B,03,00,01,00,00,00,0000,00,00,0000,00,00,00,00,0008,0008,00,00,00,0008,0008
2701,00,00,01,00,01,B0,00,0008,00,00,00,00,00,00,00,00,00,00,0B,02,00,01,00,00,00,0000,00,00,0000,00,00,00,00,0008,0008,00,00,00,0008,0008
2702,00,00,01,00,01,B0,00,0008,00,00,00,00,00,00,00,00,00,00,0B,01,00,01,00,00,00,0000,00,00,0000,00,00,00,00,0008,0008,00,00,00,0008,0008
2703,00,00,01,00,01,B0,00,0008,00,00,00,00,00,00,00,00,00,00,0B,00,00,01,00,00,00,0000,00,00,0000,00,00,00,00,0008,0008,00,00,00,0008,0008
2704,00,00,01,00,01,B0,00,0008,00,00,00,00,00,00,00,00,00,00,0C,03,00,01,00,00,00,0000,00,00,0000,00,00,00,00,0008,0008,00,00,00,0008,0008
2705,00,00,01,00,01,B0,00,0008,00,00,00,00,00,00,00,00,00,00,0C,02,00,01,00,00,00,0000,00,00,0000,00,00,00,00,0008,0008,00,00,00,0008,0008
2706,00,00,01,00,01,B0,00,0008,00,00,00,00,00,00,00,00,00,00,0C,01,00,01,00,00,00,0000,00,00,0000,00,00,00,00,0008,0008,00,00,00,0008,0008
2707,00,00,01,00,01,B0,00,0008,00,00,00,00,00,00,00,00,00,00,0C,00,00,01,00,00,00,0000,00,00,0000,00,00,00,00,0008,0008,00,00,00,0008,0008
2708,00,00,01,00,01,B0,00,0008,00,00,00,00,00,00,00,00,00,00,0D,BF,00,01,00,00,00,0000,00,00,0000,00,00,00,00,0008,0008,00,00,00,0008,0008
2709,00,00,01,00,01,B0,00,0008,00,00,00,00,00,00,00,00,00,00,0D,BE,00,01,00,00,00,0000,00,00,0000,00,00,00,00,0008,0008,00,00,00,0008,0008
2710,00,00,01,00,01,B0,00,0008,00,00,00,00,00,00,00,00,00,00,0D,BD,00,01,00,00,00,0000,00,00,0000,00,00,00,00,0008,0008,00,00,00,0008,0008
2711,00,00,01,00,01,B0,00,0008,00,00,00,00,00,00,00,00,00,00,0D,BC,00,01,00,00,00,0000,00,00,0000,00,00,00,00,0008,0008,00,00,00,0008,0008
2712,00,00,01,00,01,B0,00,0008,00,00,00,00,00,00,00,00,00,00,0D,BB,00,01,00,00,00,0000,00,00,0000,00,00,00,00,0008,0008,00,00,00,0008,0008
2713,00,00,01,00,01,B0,00,0008,00,00,00,00,00,00,00,00,00,00,0D,BA,00,01,00,00,00,0000,00,00,0000,00,00,00,00,0008,0008,00,00,00,0008,0008
2714,00,00,01,00,01,B0,00,0008,00,00,00,00,00,00,00,00,00,00,0D,B9,00,01,00,00,00,0000,00,00,0000,00,00,00,00,0008,0008,00,00,00,0008,0008
2715,00,00,01,00,01,B0,00,0008,00,00,00,00,00,00,00,00,00,00,0D,B8,00,01,00,00,00,0000,00,00,0000,00,00,00,00,0008,0008,00,00,00,0008,0008
2716,00,00,01,00,01,B0,00,0008,00,00,00,00,00,00,00,00,00,00,0D,B7,00,01,00,00,00,0000,00,00,0000,00,00,00,00,0008,0008,00,00,00,0008,0008
2717,00,00,01,00,01,B0,00,0008,00,00,00,00,00,00,00,00,00,00,0D,B6,00,01,00,00,00,0000,00,00,0000,00,00,00,00,0008,0008,00,00,00,0008,0008
2718,00,00,01,00,01,B0,00,0008,00,00,00,00,00,00,00,00,00,00,0D,B5,00,01,00,00,00,0000,00,00,0000,00,00,00,00,0008,0008,00,00,00,0008,0008
2719,00,00,01,00,01,B0,00,0008,00,00,00,00,00,00,00,00,00,00,0D,B4,00,01,00,00,00,0000,00,00,0000,00,00,00,00,0008,0008,00,00,00,0008,0008
2720,00,00,01,00,01,B0,00,0008,00,00,00,00,00,00,00,00,00,00,0D,B3,00,01,00,00,00,0000,00,00,0000,00,00,00,00,0008,0008,00,00,00,0008,0008
2721,00,00,01,00,01,B0,00,0008,00,00,00,00,00,00,00,00,00,00,0D,B2,00,01,00,00,00,0000,00,00,0000,00,00,00,00,0008,0008,00,00,00,0008,0008
2722,00,00,01,00,01,B0,00,0008,00,00,00,00,00,00,00,00,00,00,0D,B1,00,01,00,00,00,0000,00,00,0000,00,00,00,00,0008,0008,00,00,00,0008,0008
2723,00,00,01,00,01,B0,00,0008,00,00,00,00,00,00,00,00,00,00,0D,B0,00,01,00,00,00,0000,00,00,0000,00,00,00,00,0008,0008,00,00,00,0008,0008
2724,00,00,01,00,01,B0,00,0008,00,00,00,00,00,00,00,00,00,00,0D,AF,00,01,00,00,00,0000,00,00,0000,00,00,00,00,0008,0008,00,00,00,0008,0008
2725,00,00,01,00,01,B0,00,0008,00,00,00,00,00,00,00,00,00,00,0D,AE,00,01,00,00,00,0000,00,00,0000,00,00,00,00,0008,0008,00,00,00,0008,0008
2726,00,00,01,00,01,B0,00,0008,00,00,00,00,00,00,00,00,00,00,0D,AD,00,01,00,00,00,0000,00,00,0000,00,00,00,00,0008,0008,00,00,00,0008,0008
2727,00,00,01,00,01,B0,00,0008,00,00,00,00,00,00,00,00,00,00,0D,AC,00,01,00,00,00,0000,00,00,0000,00,00,00,00,0008,0008,00,00,00,0008,0008
2728,00,00,01,00,01,B0,00,0008,00,00,00,00,00,00,00,00,00,00,0D,AB,00,01,00,00,00,0000,00,00,0000,00,00,00,00,0008,0008,00,00,00,0008,0008
2729,00,00,01,00,01,B0,00,0008,00,00,00,00,00,00,00,00,00,00,0D,AA,00,01,00,00,00,0000,00,00,0000,00,00,00,00,0008,0008,00,00,00,0008,0008
2730,00,00,01,00,01,B0,00,0008,00,00,00,00,00,00,00,00,00,00,0D,A9,00,01,00,00,00,0000,00,00,0000,00,00,00,00,0008,0008,00,00,00,0008,0008
2731,00,00,01,00,01,B0,00,0008,00,00,00,00,00,00,00,00,00,00,0D,A8,00,01,00,00,00,0000,00,00,0000,00,00,00,00,0008,0008,00,00,00,0008,0008
2732,00,00,01,00,01,B0,00,0008,00,00,00,00,00,00,00,00,00,00,0D,A7,00,01,00,00,00,0000,00,00,0000,00,00,00,00,0008,0008,00,00,00,0008,0008
2733,00,00,01,00,01,B0,00,0008,00,00,00,00,00,00,00,00,00,00,0D,A6,00,01,00,00,00,0000,00,00,0000,00,00,00,00,0008,0008,00,00,00,0008,0008
2734,00,00,01,00,01,B0,00,0008,00,00,00,00,00,00,00,00,00,00,0D,A5,00,01,00,00,00,0000,00,00,0000,00,00,00,00,0008,0008,00,00,00,0008,0008
2735,00,00,01,00,01,B0,00,0008,00,00,00,00,00,00,00,00,00,00,0D,A4,00,01,00,00,00,0000,00,00,0000,00,00,00,00,0008,0008,00,00,00,0008,0008
2736,00,00,01,00,01,B0,00,0008,00,00,00,00,00,00,00,00,00,00,0D,A3,00,01,00,00,00,0000,00,00,0000,00,00,00,00,0008,0008,00,00,00,0008,0008
2737,00,00,01,00,01,B0,00,0008,00,00,00,00,00,00,00,00,00,00,0D,A2,00,01,00,00,00,0000,00,00,0000,00,00,00,00,0008,0008,00,00,00,0008,0008
2738,00,00,01,00,01,B0,00,0008,00,00,00,00,00,00,00,00,00,00,0D,A1,00,01,00,00,00,0000,00,00,0000,00,00,00,00,0008,0008,00,00,00,0008,0008
2739,00,00,01,00,01,B0,00,0008,00,00,00,00,00,00,00,00,00,00,0D,A0,00,01,00,00,00,0000,00,00,0000,00,00,00,00,0008,0008,00,00,00,0008,0008
2740,00,00,01,00,01,B0,00,0008,00,00,00,00,00,00,00,00,00,00,0D,9F,00,01,00,00,00,0000,00,00,0000,00,00,00,00,0008,0008,00,00,00,0008,0008
2741,00,00,01,00,01,B0,00,0008,00,00,00,00,00,00,00,00,00,00,0D,9E,00,01,00,00,00,0000,00,00,0000,00,00,00,00,0008,0008,00,00,00,0008,0008
2742,00,00,01,00,01,B0,00,0008,00,00,00,00,00,00,00,00,00,00,0D,9D,00,01,00,00,00,0000,00,00,0000,00,00,00,00,0008,0008,00,00,00,0008,0008
2743,00,00,01,00,01,B0,00,0008,00,00,00,00,00,00,00,00,00,00,0D,9C,00,01,00,00,00,0000,00,00,0000,00,00,00,00,0008,0008,00,00,00,0008,0008
2744,00,00,01,00,01,B0,00,0008,00,00,00,00,00,00,00,00,00,00,0D,9B,00,01,00,00,00,0000,00,00,0000,00,00,00,00,0008,0008,00,00,00,0008,0008
2745,00,00,01,00,01,B0,00,0008,00,00,00,00,00,00,00,00,00,00,0D,9A,00,01,00,00,00,0000,00,00,0000,00,00,00,00,0008,0008,00,00,00,0008,0008
2746,00,00,01,00,01,B0,00,0008,00,00,00,00,00,00,00,00,00,00,0D,99,00,01,00,00,00,0000,00,00,0000,00,00,00,00,0008,0008,00,00,00,0008,0008
2747,00,00,01,00,01,B0,00,0008,00,00,00,00,00,00,00,00,00,00,0D,98,00,01,00,00,00,0000,00,00,0000,00,00,00,00,0008,0008,00,00,00,0008,0008
2748,00,00,01,00,01,B0,00,0008,00,00,00,00,00,00,00,00,00,00,0D,97,00,01,00,00,00,0000,00,00,0000,00,00,00,00,0008,0008,00,00,00,0008,0008
2749,00,00,01,00,01,B0,00,0008,00,00,00,00,00,00,00,00,00,00,0D,96,00,01,00,00,00,0000,00,00,0000,00,00,00,00,0008,0008,00,00,00,0008,0008
2750,00,00,01,00,01,B0,00,0008,00,00,00,00,00,00,00,00,00,00,0D,95,00,01,00,00,00,0000,00,00,0000,00,00,00,00,0008,0008,00,00,00,0008,0008
2751,00,00,01,00,01,B0,00,0008,00,00,00,00,00,00,00,00,00,00,0D,94,00,01,00,00,00,0000,00,00,0000,00,00,00,00,0008,0008,00,00,00,0008,0008
2752,00,00,01,00,01,B0,00,0008,00,00,00,00,00,00,00,00,00,00,0D,93,00,01,00,00,00,0000,00,00,0000,00,00,00,00,0008,0008,00,00,00,0008,0008
2753,00,00,01,00,01,B0,00,0008,00,00,00,00,00,00,00,00,00,00,0D,92,00,01,00,00,00,0000,00,00,0000,00,00,00,00,0008,0008,00,00,00,0008,0008
2754,00,00,01,00,01,B0,00,0008,00,00,00,00,00,00,00,00,00,00,0D,91,00,01,00,00,00,0000,00,00,0000,00,00,00,00,0008,0008,00,00,00,0008,0008
2755,00,00,01,00,01,B0,00,0008,00,00,00,00,00,00,00,00,00,00,0D,90,00,01,00,00,00,0000,00,00,0000,00,00,00,00,0008,0008,00,00,00,0008,0008
2756,00,00,01,00,01,B0,00,0008,00,00,00,00,00,00,00,00,00,00,0D,8F,00,01,00,00,00,0000,00,00,0000,00,00,00,00,0008,0008,00,00,00,0008,0008
2757,00,00,01,00,01,B0,00,0008,00,00,00,00,00,00,00,00,00,00,0D,8E,00,01,00,00,00,0000,00,00,0000,00,00,00,00,0008,0008,00,00,00,0008,0008
2758,00,00,01,00,01,B0,00,0008,00,00,00,00,00,00,00,00,00,00,0D,8D,00,01,00,00,00,0000,00,00,0000,00,00,00,00,0008,0008,00,00,00,0008,0008
2759,00,00,01,00,01,B0,00,0008,00,00,00,00,00,00,00,00,00,00,0D,8C,00,01,00,00,00,0000,00,00,0000,00,00,00,00,0008,0008,00,00,00,0008,0008
2760,00,00,01,00,01,B0,00,0008,00,00,00,00,00,00,00,00,00,00,0D,8B,00,01,00,00,00,0000,00,00,0000,00,00,00,00,0008,0008,00,00,00,0008,0008
2761,00,00,01,00,01,B0,00,0008,00,00,00,00,00,00,00,00,00,00,0D,8A,00,01,00,00,00,0000,00,00,0000,00,00,00,00,0008,0008,00,00,00,0008,0008
2762,00,00,01,00,01,B0,00,0008,00,00,00,00,00,00,00,00,00,00,0D,89,00,01,00,00,00,0000,00,00,0000,00,00,00,00,0008,0008,00,00,00,0008,0008
2763,00,00,01,00,01,B0,00,0008,00,00,00,00,00,00,00,00,00,00,0D,88,00,01,00,00,00,0000,00,00,0000,00,00,00,00,0008,0008,00,00,00,0008,0008
2764,00,00,01,00,01,B0,00,0008,00,00,00,00,00,00,00,00,00,00,0D,87,00,01,00,00,00,0000,00,00,0000,00,00,00,00,0008,0008,00,00,00,0008,0008
2765,00,00,01,00,01,B0,00,0008,00,00,00,00,00,00,00,00,00,00,0D,86,00,01,00,00,00,0000,00,00,0000,00,00,00,00,0008,0008,00,00,00,0008,0008
2766,00,00,01,00,01,B0,00,0008,00,00,00,00,00,00,00,00,00,00,0D,85,00,01,00,00,00,0000,00,00,0000,00,00,00,00,0008,0008,00,00,00,0008,0008
2767,00,00,01,00,01,B0,00,0008,00,00,00,00,00,00,00,00,00,00,0D,84,00,01,00,00,00,0000,00,00,0000,00,00,00,00,0008,0008,00,00,00,0008,0008
2768,00,00,01,00,01,B0,00,0008,00,00,00,00,00,00,00,00,00,00,0D,83,00,01,00,00,00,0000,00,00,0000,00,00,00,00,0008,0008,00,00,00,0008,0008
2769,00,00,01,00,01,B0,00,0008,00,00,00,00,00,00,00,00,00,00,0D,82,00,01,00,00,00,0000,00,00,0000,00,00,00,00,0008,0008,00,00,00,0008,0008
2770,00,00,01,00,01,B0,00,0008,00,00,00,00,00,00,00,00,00,00,0D,81,00,01,00,00,00,0000,00,00,0000,00,00,00,00,0008,0008,00,00,00,0008,0008
2771,00,00,01,00,01,B0,00,0008,00,00,00,00,00,00,00,00,00,00,0D,80,00,01,00,00,00,0000,00,00,0000,00,00,00,00,0008,0008,00,00,00,0008,0008
2772,00,00,01,00,01,B0,00,0008,00,00,00,00,00,00,00,00,00,00,0D,7F,00,01,00,00,00,0000,00,00,0000,00,00,00,00,0008,0008,00,00,00,0008,0008
2773,00,00,01,00,01,B0,00,0008,00,00,00,00,00,00,00,00,00,00,0D,7E,00,01,00,00,00,0000,00,00,0000,00,00,00,00,0008,0008,00,00,00,0008,0008
2774,00,00,01,00,01,B0,00,0008,00,00,00,00,00,00,00,00,00,00,0D,7D,00,01,00,00,00,0000,00,00,0000,00,00,00,00,0008,0008,00,00,00,0008,0008
2775,00,00,01,00,01,B0,00,0008,00,00,00,00,00,00,00,00,00,00,0D,7C,00,01,00,00,00,0000,00,00,0000,00,00,00,00,0008,0008,00,00,00,0008,0008
2776,00,00,01,00,01,B0,00,0008,00,00,00,00,00,00,00,00,00,00,0D,7B,00,01,00,00,00,0000,00,00,0000,00,00,00,00,0008,0008,00,00,00,0008,0008
2777,00,00,01,00,01,B0,00,0008,00,00,00,00,00,00,00,00,00,00,0D,7A,00,01,00,00,00,0000,00,00,0000,00,00,00,00,0008,0008,00,00,00,0008,0008
2778,00,00,01,00,01,B0,00,0008,00,00,00,00,00,00,00,00,00,00,0D,79,00,01,00,00,00,0000,00,00,0000,00,00,00,00,0008,0008,00,00,00,0008,0008
2779,00,00,01,00,01,B0,00,0008,00,00,00,00,00,00,00,00,00,00,0D,78,00,01,00,00,00,0000,00,00,0000,00,00,00,00,0008,0008,00,00,00,0008,0008
2780,00,00,01,00,01,B0,00,0008,00,00,00,00,00,00,00,00,00,00,0D,77,00,01,00,00,00,0000,00,00,0000,00,00,00,00,0008,0008,00,00,00,0008,0008
2781,00,00,01,00,01,B0,00,0008,00,00,00,00,00,00,00,00,00,00,0D,76,00,01,00,00,00,0000,00,00,0000,00,00,00,00,0008,0008,00,00,00,0008,0008
2782,00,00,01,00,01,B0,00,0008,00,00,00,00,00,00,00,00,00,00,0D,75,00,01,00,00,00,0000,00,00,0000,00,00,00,00,0008,0008,00,00,00,0008,0008
2783,00,00,01,00,01,B0,00,0008,00,00,00,00,00,00,00,00,00,00,0D,74,00,01,00,00,00,0000,00,00,0000,00,00,00,00,0008,0008,00,00,00,0008,0008
2784,00,00,01,00,01,B0,00,0008,00,00,00,00,00,00,00,00,00,00,0D,73,00,01,00,00,00,0000,00,00,0000,00,00,00,00,0008,0008,00,00,00,0008,0008
2785,00,00,01,00,01,B0,00,0008,00,00,00,00,00,00,00,00,00,00,0D,72,00,01,00,00,00,0000,00,00,0000,00,00,00,00,0008,0008,00,00,00,0008,0008
2786,00,00,01,00,01,B0,00,0008,00,00,00,00,00,00,00,00,00,00,0D,71,00,01,00,00,00,0000,00,00,0000,00,00,00,00,0008,0008,00,00,00,0008,0008
2787,00,00,01,00,01,B0,00,0008,00,00,00,00,00,00,00,00,00,00,0D,70,00,01,00,00,00,0000,00,00,0000,00,00,00,00,0008,0008,00,00,00,0008,0008
2788,00,00,01,00,01,B0,00,0008,00,00,00,00,00,00,00,00,00,00,0D,6F,00,01,00,00,00,0000,00,00,0000,00,00,00,00,0008,0008,00,00,00,0008,0008
2789,00,00,01,00,01,B0,00,0008,00,00,00,00,00,00,00,00,00,00,0D,6E,00,01,00,00,00,0000,00,00,0000,00,00,00,00,0008,0008,00,00,00,0008,0008
2790,00,00,01,00,01,B0,00,0008,00,00,00,00,00,00,00,00,00,00,0D,6D,00,01,00,00,00,0000,00,00,0000,00,00,00,00,0008,0008,00,00,00,0008,0008
2791,00,00,01,00,01,B0,00,0008,00,00,00,00,00,00,00,00,00,00,0D,6C,00,01,00,00,00,0000,00,00,0000,00,00,00,00,0008,0008,00,00,00,0008,0008
2792,00,00,01,00,01,B0,00,0008,00,00,00,00,00,00,00,00,00,00,0D,6B,00,01,00,00,00,0000,00,00,0000,00,00,00,00,0008,0008,00,00,00,0008,0008
2793,00,00,01,00,01,B0,00,0008,00,00,00,00,00,00,00,00,00,00,0D,6A,00,01,00,00,00,0000,00,00,0000,00,00,00,00,0008,0008,00,00,00,0008,0008
2794,00,00,01,00,01,B0,00,0008,00,00,00,00,00,00,00,00,00,00,0D,69,00,01,00,00,00,0000,00,00,0000,00,00,00,00,0008,0008,00,00,00,0008,0008
2795,00,00,01,00,01,B0,00,0008,00,00,00,00,00,00,00,00,00,00,0D,68,00,01,00,00,00,0000,00,00,0000,00,00,00,00,0008,0008,00,00,00,0008,0008
2796,00,00,01,00,01,B0,00,0008,00,00,00,00,00,00,00,00,00,00,0D,67,00,01,00,00,00,0000,00,00,0000,00,00,00,00,0008,0008,00,00,00,0008,0008
2797,00,00,01,00,01,B0,00,0008,00,00,00,00,00,00,00,00,00,00,0D,66,00,01,00,00,00,0000,00,00,0000,00,00,00,00,0008,0008,00,00,00,0008,0008
2798,00,00,01,00,01,B0,00,0008,00,00,00,00,00,00,00,00,00,00,0D,65,00,01,00,00,00,0000,00,00,0000,00,00,00,00,0008,0008,00,00,00,0008,0008
2799,00,00,01,00,01,B0,00,0008,00,00,00,00,00,00,00,00,00,00,0D,64,00,01,00,00,00,0000,00,00,0000,00,00,00,00,0008,0008,00,00,00,0008,0008
2800,00,00,01,00,01,B0,00,0008,00,00,00,00,00,00,00,00,00,00,0D,63,00,01,00,00,00,0000,00,00,0000,00,00,00,00,0008,0008,00,00,00,0008,0008
2801,00,00,01,00,01,B0,00,0008,00,00,00,00,00,00,00,00,00,00,0D,62,00,01,00,00,00,0000,00,00,0000,00,00,00,00,0008,0008,00,00,00,0008,0008
2802,00,00,01,00,01,B0,00,0008,00,00,00,00,00,00,00,00,00,00,0D,61,00,01,00,00,00,0000,00,00,0000,00,00,00,00,0008,0008,00,00,00,0008,0008
2803,00,00,01,00,01,B0,00,0008,00,00,00,00,00,00,00,00,00,00,0D,60,00,01,00,00,00,0000,00,00,0000,00,00,00,00,0008,0008,00,00,00,0008,0008
2804,00,00,01,00,01,B0,00,0008,00,00,00,00,00,00,00,00,00,00,0D,5F,00,01,00,00,00,0000,00,00,0000,00,00,00,00,0008,0008,00,00,00,0008,0008
2805,00,00,01,00,01,B0,00,0008,00,00,00,00,00,00,00,00,00,00,0D,5E,00,01,00,00,00,0000,00,00,0000,00,00,00,00,0008,0008,00,00,00,0008,0008
2806,00,00,01,00,01,B0,00,0008,00,00,00,00,00,00,00,00,00,00,0D,5D,00,01,00,00,00,0000,00,00,0000,00,00,00,00,0008,0008,00,00,00,0008,0008
2807,00,00,01,00,01,B0,00,0008,00,00,00,00,00,00,00,00,00,00,0D,5C,00,01,00,00,00,0000,00,00,0000,00,00,00,00,0008,0008,00,00,00,0008,0008
2808,00,00,01,00,01,B0,00,0008,00,00,00,00,00,00,00,00,00,00,0D,5B,00,01,00,00,00,0000,00,00,0000,00,00,00,00,0008,0008,00,00,00,0008,0008
2809,00,00,01,00,01,B0,00,0008,00,00,00,00,00,00,00,00,00,00,0D,5A,00,01,00,00,00,0000,00,00,0000,00,00,00,00,0008,0008,00,00,00,0008,0008
2810,00,00,01,00,01,B0,00,0008,00,00,00,00,00,00,00,00,00,00,0D,59,00,01,00,00,00,0000,00,00,0000,00,00,00,00,0008,0008,00,00,00,0008,0008
2811,00,00,01,00,01,B0,00,0008,00,00,00,00,00,00,00,00,00,00,0D,58,00,01,00,00,00,0000,00,00,0000,00,00,00,00,0008,0008,00,00,00,0008,0008
2812,00,00,01,00,01,B0,00,0008,00,00,00,00,00,00,00,00,00,00,0D,57,00,01,00,00,00,0000,00,00,0000,00,00,00,00,0008,0008,00,00,00,0008,0008
2813,00,00,01,00,01,B0,00,0008,00,00,00,00,00,00,00,00,00,00,0D,56,00,01,00,00,00,0000,00,00,0000,00,00,00,00,0008,0008,00,00,00,0008,0008
2814,00,00,01,00,01,B0,00,0008,00,00,00,00,00,00,00,00,00,00,0D,55,00,01,00,00,00,0000,00,00,0000,00,00,00,00,0008,0008,00,00,00,0008,0008
2815,00,00,01,00,01,B0,00,0008,00,00,00,00,00,00,00,00,00,00,0D,54,00,01,00,00,00,0000,00,00,0000,00,00,00,00,0008,0008,00,00,00,0008,0008
2816,00,00,01,00,01,B0,00,0008,00,00,00,00,00,00,00,00,00,00,0D,53,00,01,00,00,00,0000,00,00,0000,00,00,00,00,0008,0008,00,00,00,0008,0008
2817,00,00,01,00,01,B0,00,0008,00,00,00,00,00,00,00,00,00,00,0D,52,00,01,00,00,00,0000,00,00,0000,00,00,00,00,0008,0008,00,00,00,0008,0008
2818,00,00,01,00,01,B0,00,0008,00,00,00,00,00,00,00,00,00,00,0D,51,00,01,00,00,00,0000,00,00,0000,00,00,00,00,0008,0008,00,00,00,0008,0008
2819,00,00,01,00,01,B0,00,0008,00,00,00,00,00,00,00,00,00,00,0D,50,00,01,00,00,00,0000,00,00,0000,00,00,00,00,0008,0008,00,00,00,0008,0008
2820,00,00,01,00,01,B0,00,0008,00,00,00,00,00,00,00,00,00,00,0D,4F,00,01,00,00,00,0000,00,00,0000,00,00,00,00,0008,0008,00,00,00,0008,0008
2821,00,00,01,00,01,B0,00,0008,00,00,00,00,00,00,00,00,00,00,0D,4E,00,01,00,00,00,0000,00,00,0000,00,00,00,00,0008,0008,00,00,00,0008,0008
2822,00,00,01,00,01,B0,00,0008,00,00,00,00,00,00,00,00,00,00,0D,4D,00,01,00,00,00,0000,00,00,0000,00,00,00,00,0008,0008,00,00,00,0008,0008
2823,00,00,01,00,01,B0,00,0008,00,00,00,00,00,00,00,00,00,00,0D,4C,00,01,00,00,00,0000,00,00,0000,00,00,00,00,0008,0008,00,00,00,0008,0008
2824,00,00,01,00,01,B0,00,0008,00,00,00,00,00,00,00,00,00,00,0D,4B,00,01,00,00,00,0000,00,00,0000,00,00,00,00,0008,0008,00,00,00,0008,0008
2825,00,00,01,00,01,B0,00,0008,00,00,00,00,00,00,00,00,00,00,0D,4A,00,01,00,00,00,0000,00,00,0000,00,00,00,00,0008,0008,00,00,00,0008,0008
2826,00,00,01,00,01,B0,00,0008,00,00,00,00,00,00,00,00,00,00,0D,49,00,01,00,00,00,0000,00,00,0000,00,00,00,00,0008,0008,00,00,00,0008,0008
2827,00,00,01,00,01,B0,00,0008,00,00,00,00,00,00,00,00,00,00,0D,48,00,01,00,00,00,0000,00,00,0000,00,00,00,00,0008,0008,00,00,00,0008,0008
2828,00,00,01,00,01,B0,00,0008,00,00,00,00,00,00,00,00,00,00,0D,47,00,01,00,00,00,0000,00,00,0000,00,00,00,00,0008,0008,00,00,00,0008,0008
2829,00,00,01,00,01,B0,00,0008,00,00,00,00,00,00,00,00,00,00,0D,46,00,01,00,00,00,0000,00,00,0000,00,00,00,00,0008,0008,00,00,00,0008,0008
2830,00,00,01,00,01,B0,00,0008,00,00,00,00,00,00,00,00,00,00,0D,45,00,01,00,00,00,0000,00,00,0000,00,00,00,00,0008,0008,00,00,00,0008,0008
2831,00,00,01,00,01,B0,00,0008,00,00,00,00,00,00,00,00,00,00,0D,44,00,01,00,00,00,0000,00,00,0000,00,00,00,00,0008,0008,00,00,00,0008,0008
2832,00,00,01,00,01,B0,00,0008,00,00,00,00,00,00,00,00,00,00,0D,43,00,01,00,00,00,0000,00,00,0000,00,00,00,00,0008,0008,00,00,00,0008,0008
2833,00,00,01,00,01,B0,00,0008,00,00,00,00,00,00,00,00,00,00,0D,42,00,01,00,00,00,0000,00,00,0000,00,00,00,00,0008,0008,00,00,00,0008,0008
2834,00,00,01,00,01,B0,00,0008,00,00,00,00,00,00,00,00,00,00,0D,41,00,01,00,00,00,0000,00,00,0000,00,00,00,00,0008,0008,00,00,00,0008,0008
2835,00,00,01,00,01,B0,00,0008,00,00,00,00,00,00,00,00,00,00,0D,40,00,01,00,00,00,0000,00,00,0000,00,00,00,00,0008,0008,00,00,00,0008,0008
2836,00,00,01,00,01,B0,00,0008,00,00,00,00,00,00,00,00,00,00,0D,3F,00,01,00,00,00,0000,00,00,0000,00,00,00,00,0008,0008,00,00,00,0008,0008
2837,00,00,01,00,01,B0,00,0008,00,00,00,00,00,00,00,00,00,00,0D,3E,00,01,00,00,00,0000,00,00,0000,00,00,00,00,0008,0008,00,00,00,0008,0008
2838,00,00,01,00,01,B0,00,0008,00,00,00,00,00,00,00,00,00,00,0D,3D,00,01,00,00,00,0000,00,00,0000,00,00,00,00,0008,0008,00,00,00,0008,0008
2839,00,00,01,00,01,B0,00,0008,00,00,00,00,00,00,00,00,00,00,0D,3C,00,01,00,00,00,0000,00,00,0000,00,00,00,00,0008,0008,00,00,00,0008,0008
2840,00,00,01,00,01,B0,00,0008,00,00,00,00,00,00,00,00,00,00,0D,3B,00,01,00,00,00,0000,00,00,0000,00,00,00,00,0008,0008,00,00,00,0008,0008
2841,00,00,01,00,01,B0,00,0008,00,00,00,00,00,00,00,00,00,00,0D,3A,00,01,00,00,00,0000,00,00,0000,00,00,00,00,0008,0008,00,00,00,0008,0008
2842,00,00,01,00,01,B0,00,0008,00,00,00,00,00,00,00,00,00,00,0D,39,00,01,00,00,00,0000,00,00,0000,00,00,00,00,0008,0008,00,00,00,0008,0008
2843,00,00,01,00,01,B0,00,0008,00,00,00,00,00,00,00,00,00,00,0D,38,00,01,00,00,00,0000,00,00,0000,00,00,00,00,0008,0008,00,00,00,0008,0008
2844,00,00,01,00,01,B0,00,0008,00,00,00,00,00,00,00,00,00,00,0D,37,00,01,00,00,00,0000,00,00,0000,00,00,00,00,0008,0008,00,00,00,0008,0008
2845,00,00,01,00,01,B0,00,0008,00,00,00,00,00,00,00,00,00,00,0D,36,00,01,00,00,00,0000,00,00,0000,00,00,00,00,0008,0008,00,00,00,0008,0008
2846,00,00,01,00,01,B0,00,0008,00,00,00,00,00,00,00,00,00,00,0D,35,00,01,00,00,00,0000,00,00,0000,00,00,00,00,0008,0008,00,00,00,0008,0008
2847,00,00,01,00,01,B0,00,0008,00,00,00,00,00,00,00,00,00,00,0D,34,00,01,00,00,00,0000,00,00,0000,00,00,00,00,0008,0008,00,00,00,0008,0008
2848,00,00,01,00,01,B0,00,0008,00,00,00,00,00,00,00,00,00,00,0D,33,00,01,00,00,00,0000,00,00,0000,00,00,00,00,0008,0008,00,00,00,0008,0008
2849,00,00,01,00,01,B0,00,0008,00,00,00,00,00,00,00,00,00,00,0D,32,00,01,00,00,00,0000,00,00,0000,00,00,00,00,0008,0008,00,00,00,0008,0008
2850,00,00,01,00,01,B0,00,0008,00,00,00,00,00,00,00,00,00,00,0D,31,00,01,00,00,00,0000,00,00,0000,00,00,00,00,0008,0008,00,00,00,0008,0008
2851,00,00,01,00,01,B0,00,0008,00,00,00,00,00,00,00,00,00,00,0D,30,00,01,00,00,00,0000,00,00,0000,00,00,00,00,0008,0008,00,00,00,0008,0008
2852,00,00,01,00,01,B0,00,0008,00,00,00,00,00,00,00,00,00,00,0D,2F,00,01,00,00,00,0000,00,00,0000,00,00,00,00,0008,0008,00,00,00,0008,0008
2853,00,00,01,00,01,B0,00,0008,00,00,00,00,00,00,00,00,00,00,0D,2E,00,01,00,00,00,0000,00,00,0000,00,00,00,00,0008,0008,00,00,00,0008,0008
2854,00,00,01,00,01,B0,00,0008,00,00,00,00,00,00,00,00,00,00,0D,2D,00,01,00,00,00,0000,00,00,0000,00,00,00,00,0008,0008,00,00,00,0008,0008
2855,00,00,01,00,01,B0,00,0008,00,00,00,00,00,00,00,00,00,00,0D,2C,00,01,00,00,00,0000,00,00,0000,00,00,00,00,0008,0008,00,00,00,0008,0008
2856,00,00,01,00,01,B0,00,0008,00,00,00,00,00,00,00,00,00,00,0D,2B,00,01,00,00,00,0000,00,00,0000,00,00,00,00,0008,0008,00,00,00,0008,0008
2857,00,00,01,00,01,B0,00,0008,00,00,00,00,00,00,00,00,00,00,0D,2A,00,01,00,00,00,0000,00,00,0000,00,00,00,00,0008,0008,00,00,00,0008,0008
2858,00,00,01,00,01,B0,00,0008,00,00,00,00,00,00,00,00,00,00,0D,29,00,01,00,00,00,0000,00,00,0000,00,00,00,00,0008,0008,00,00,00,0008,0008
2859,00,00,01,00,01,B0,00,0008,00,00,00,00,00,00,00,00,00,00,0D,28,00,01,00,00,00,0000,00,00,0000,00,00,00,00,0008,0008,00,00,00,0008,0008
2860,00,00,01,00,01,B0,00,0008,00,00,00,00,00,00,00,00,00,00,0D,27,00,01,00,00,00,0000,00,00,0000,00,00,00,00,0008,0008,00,00,00,0008,0008
2861,00,00,01,00,01,B0,00,0008,00,00,00,00,00,00,00,00,00,00,0D,26,00,01,00,00,00,0000,00,00,0000,00,00,00,00,0008,0008,00,00,00,0008,0008
2862,00,00,01,00,01,B0,00,0008,00,00,00,00,00,00,00,00,00,00,0D,25,00,01,00,00,00,0000,00,00,0000,00,00,00,00,0008,0008,00,00,00,0008,0008
2863,00,00,01,00,01,B0,00,0008,00,00,00,00,00,00,00,00,00,00,0D,24,00,01,00,00,00,0000,00,00,0000,00,00,00,00,0008,0008,00,00,00,0008,0008
2864,00,00,01,00,01,B0,00,0008,00,00,00,00,00,00,00,00,00,00,0D,23,00,01,00,00,00,0000,00,00,0000,00,00,00,00,0008,0008,00,00,00,0008,0008
2865,00,00,01,00,01,B0,00,0008,00,00,00,00,00,00,00,00,00,00,0D,22,00,01,00,00,00,0000,00,00,0000,00,00,00,00,0008,0008,00,00,00,0008,0008
2866,00,00,01,00,01,B0,00,0008,00,00,00,00,00,00,00,00,00,00,0D,21,00,01,00,00,00,0000,00,00,0000,00,00,00,00,0008,0008,00,00,00,0008,0008
2867,00,00,01,00,01,B0,00,0008,00,00,00,00,00,00,00,00,00,00,0D,20,00,01,00,00,00,0000,00,00,0000,00,00,00,00,0008,0008,00,00,00,0008,0008
2868,00,00,01,00,01,B0,00,0008,00,00,00,00,00,00,00,00,00,00,0D,1F,00,01,00,00,00,0000,00,00,0000,00,00,00,00,0008,0008,00,00,00,0008,0008
2869,00,00,01,00,01,B0,00,0008,00,00,00,00,00,00,00,00,00,00,0D,1E,00,01,00,00,00,0000,00,00,0000,00,00,00,00,0008,0008,00,00,00,0008,0008
2870,00,00,01,00,01,B0,00,0008,00,00,00,00,00,00,00,00,00,00,0D,1D,00,01,00,00,00,0000,00,00,0000,00,00,00,00,0008,0008,00,00,00,0008,0008
2871,00,00,01,00,01,B0,00,0008,00,00,00,00,00,00,00,00,00,00,0D,1C,00,01,00,00,00,0000,00,00,0000,00,00,00,00,0008,0008,00,00,00,0008,0008
2872,00,00,01,00,01,B0,00,0008,00,00,00,00,00,00,00,00,00,00,0D,1B,00,01,00,00,00,0000,00,00,0000,00,00,00,00,0008,0008,00,00,00,0008,0008
2873,00,00,01,00,01,B0,00,0008,00,00,00,00,00,00,00,00,00,00,0D,1A,00,01,00,00,00,0000,00,00,0000,00,00,00,00,0008,0008,00,00,00,0008,0008
2874,00,00,01,00,01,B0,00,0008,00,00,00,00,00,00,00,00,00,00,0D,19,00,01,00,00,00,0000,00,00,0000,00,00,00,00,0008,0008,00,00,00,0008,0008
2875,00,00,01,00,01,B0,00,0008,00,00,00,00,00,00,00,00,00,00,0D,18,00,01,00,00,00,0000,00,00,0000,00,00,00,00,0008,0008,00,00,00,0008,0008
2876,00,00,01,00,01,B0,00,0008,00,00,00,00,00,00,00,00,00,00,0D,17,00,01,00,00,00,0000,00,00,0000,00,00,00,00,0008,0008,00,00,00,0008,0008
2877,00,00,01,00,01,B0,00,0008,00,00,00,00,00,00,00,00,00,00,0D,16,00,01,00,00,00,0000,00,00,0000,00,00,00,00,0008,0008,00,00,00,0008,0008
2878,00,00,01,00,01,B0,00,0008,00,00,00,00,00,00,00,00,00,00,0D,15,00,01,00,00,00,0000,00,00,0000,00,00,00,00,0008,0008,00,00,00,0008,0008
2879,00,00,01,00,01,B0,00,0008,00,00,00,00,00,00,00,00,00,00,0D,14,00,01,00,00,00,0000,00,00,0000,00,00,00,00,0008,0008,00,00,00,0008,0008
2880,00,00,01,00,01,B0,00,0008,00,00,00,00,00,00,00,00,00,00,0D,13,00,01,00,00,00,0000,00,00,0000,00,00,00,00,0008,0008,00,00,00,0008,0008
2881,00,00,01,00,01,B0,00,0008,00,00,00,00,00,00,00,00,00,00,0D,12,00,01,00,00,00,0000,00,00,0000,00,00,00,00,0008,0008,00,00,00,0008,0008
2882,00,00,01,00,01,B0,00,0008,00,00,00,00,00,00,00,00,00,00,0D,11,00,01,00,00,00,0000,00,00,0000,00,00,00,00,0008,0008,00,00,00,0008,0008
2883,00,00,01,00,01,B0,00,0008,00,00,00,00,00,00,00,00,00,00,0D,10,00,01,00,00,00,0000,00,00,0000,00,00,00,00,0008,0008,00,00,00,0008,0008
2884,00,00,01,00,01,B0,00,0008,00,00,00,00,00,00,00,00,00,00,0D,0F,00,01,00,00,00,0000,00,00,0000,00,00,00,00,0008,0008,00,00,00,0008,0008
2885,00,00,01,00,01,B0,00,0008,00,00,00,00,00,00,00,00,00,00,0D,0E,00,01,00,00,00,0000,00,00,0000,00,00,00,00,0008,0008,00,00,00,0008,0008
2886,00,00,01,00,01,B0,00,0008,00,00,00,00,00,00,00,00,00,00,0D,0D,00,01,00,00,00,0000,00,00,0000,00,00,00,00,0008,0008,00,00,00,0008,0008
2887,00,00,01,00,01,B0,00,0008,00,00,00,00,00,00,00,00,00,00,0D,0C,00,01,00,00,00,0000,00,00,0000,00,00,00,00,0008,0008,00,00,00,0008,0008
2888,00,00,01,00,01,B0,00,0008,00,00,00,00,00,00,00,00,00,00,0D,0B,00,01,00,00,00,0000,00,00,0000,00,00,00,00,0008,0008,00,00,00,0008,0008
2889,00,00,01,00,01,B0,00,0008,00,00,00,00,00,00,00,00,00,00,0D,0A,00,01,00,00,00,0000,00,00,0000,00,00,00,00,0008,0008,00,00,00,0008,0008
2890,00,00,01,00,01,B0,00,0008,00,00,00,00,00,00,00,00,00,00,0D,09,00,01,00,00,00,0000,00,00,0000,00,00,00,00,0008,0008,00,00,00,0008,0008
2891,00,00,01,00,01,B0,00,0008,00,00,00,00,00,00,00,00,00,00,0D,08,00,01,00,00,00,0000,00,00,0000,00,00,00,00,0008,0008,00,00,00,0008,0008
2892,00,00,01,00,01,B0,00,0008,00,00,00,00,00,00,00,00,00,00,0D,07,00,01,00,00,00,0000,00,00,0000,00,00,00,00,0008,0008,00,00,00,0008,0008
2893,00,00,01,00,01,B0,00,0008,00,00,00,00,00,00,00,00,00,00,0D,06,00,01,00,00,00,0000,00,00,0000,00,00,00,00,0008,0008,00,00,00,0008,0008
2894,00,00,01,00,01,B0,00,0008,00,00,00,00,00,00,00,00,00,00,0D,05,00,01,00,00,00,0000,00,00,0000,00,00,00,00,0008,0008,00,00,00,0008,0008
2895,00,00,01,00,01,B0,00,0008,00,00,00,00,00,00,00,00,00,00,0D,04,00,01,00,00,00,0000,00,00,0000,00,00,00,00,0008,0008,00,00,00,0008,0008
2896,00,00,01,00,01,B0,00,0008,00,00,00,00,00,00,00,00,00,00,0D,03,00,01,00,00,00,0000,00,00,0000,00,00,00,00,0008,0008,00,00,00,0008,0008
2897,00,00,01,00,01,B0,00,0008,00,00,00,00,00,00,00,00,00,00,0D,02,00,01,00,00,00,0000,00,00,0000,00,00,00,00,0008,0008,00,00,00,0008,0008
2898,00,00,01,00,01,B0,00,0008,00,00,00,00,00,00,00,00,00,00,0D,01,00,01,00,00,00,0000,00,00,0000,00,00,00,00,0008,0008,00,00,00,0008,0008
2899,00,00,01,00,01,B0,00,0008,00,00,00,00,00,00,00,00,00,00,0D,00,00,01,00,00,00,0000,00,00,0000,00,00,00,00,0008,0008,00,00,00,0008,0008
2900,00,01,00,00,01,B0,00,0008,00,00,00,00,00,00,00,00,00,00,0E,02,00,00,00,00,00,0000,00,00,0000,00,00,00,00,0008,0008,00,00,00,0008,0008
2901,00,01,00,00,01,30,00,0008,00,00,00,00,00,00,00,00,00,00,0E,02,00,00,00,00,00,0000,00,00,0000,00,00,40,00,0008,0008,00,00,00,0008,0008
2902,00,01,00,00,01,30,00,0008,00,00,00,00,00,00,00,00,00,00,0E,02,00,00,00,00,00,0000,00,00,0000,00,00,40,00,0008,0008,00,00,00,0008,0008
2903,00,01,00,00,01,B0,00,0008,00,00,00,00,00,00,00,00,00,00,0E,02,00,00,00,00,00,0000,00,00,0000,00,00,00,00,0008,0008,00,00,00,0008,0008
2904,00,01,00,00,01,B0,00,0008,00,00,00,00,00,00,00,00,00,00,0E,02,00,00,00,00,00,0000,00,00,0000,00,00,00,00,0008,0008,00,00,00,0008,0008
2905,00,01,00,00,01,B0,00,0008,00,00,00,00,00,00,00,00,00,00,0E,02,00,00,00,00,00,0000,00,00,0000,00,00,00,00,0008,0008,00,00,00,0008,0008
2906,00,01,00,00,01,B0,00,0008,00,00,00,00,00,00,00,00,00,00,0E,02,00,00,00,00,00,0000,00,00,0000,00,00,00,00,0008,0008,00,00,00,0008,0008
2907,00,01,00,00,01,B0,00,0008,00,00,00,00,00,00,00,00,00,00,0E,02,00,00,00,00,00,0000,00,00,0000,00,00,00,00,0008,0008,00,00,00,0008,0008
2908,00,01,00,00,01,B0,00,0008,00,00,00,00,00,00,00,00,00,00,0E,02,00,00,00,00,00,0000,00,00,0000,00,00,00,00,0008,0008,00,00,00,0008,0008
2909,00,01,00,00,01,B0,00,0008,00,00,00,00,00,00,00,00,00,00,0E,02,00,00,00,00,00,0000,00,00,0000,00,00,00,00,0008,0008,00,00,00,0008,0008
2910,00,01,00,00,01,B0,00,0008,00,00,00,00,00,00,00,00,00,00,0E,02,00,00,00,00,00,0000,00,00,0000,00,00,00,00,0008,0008,00,00,00,0008,0008
2911,00,01,00,00,01,B0,00,0008,00,00,00,00,00,00,00,00,00,00,0E,02,00,00,00,00,00,0000,00,00,0000,00,00,00,00,0008,0008,00,00,00,0008,0008
2912,00,01,00,00,01,B0,00,0008,00,00,00,00,00,00,00,00,00,00,0E,02,00,00,00,00,00,0000,00,00,0000,00,00,00,00,0008,0008,00,00,00,0008,0008
2913,00,01,00,00,01,B0,00,0008,00,00,00,00,00,00,00,00,00,00,0E,02,00,00,00,00,00,0000,00,00,0000,00,00,00,00,0008,0008,00,00,00,0008,0008
2914,00,01,00,00,01,B0,00,0008,00,00,00,00,00,00,00,00,00,00,0E,02,00,00,00,00,00,0000,00,00,0000,00,00,00,00,0008,0008,00,00,00,0008,0008
2915,00,01,00,00,01,B0,00,0008,00,00,00,00,00,00,00,00,00,00,0E,02,00,00,00,00,00,0000,00,00,0000,00,00,00,00,0008,0008,00,00,00,0008,0008
2916,00,01,00,00,01,B0,00,0008,00,00,00,00,00,00,00,00,00,00,0E,02,00,00,00,00,00,0000,00,00,0000,00,00,00,00,0008,0008,00,00,00,0008,0008
2917,00,01,00,00,01,B0,00,0008,00,00,00,00,00,00,00,00,00,00,0E,02,00,00,00,00,00,0000,00,00,0000,00,00,00,00,0008,0008,00,00,00,0008,0008
2918,00,01,00,00,01,B0,00,0008,00,00,00,00,00,00,00,00,00,00,0E,02,00,00,00,00,00,0000,00,00,0000,00,00,00,00,0008,0008,00,00,00,0008,0008
2919,00,01,00,00,01,B0,00,0008,00,00,00,00,00,00,00,00,00,00,0E,02,00,00,00,00,00,0000,00,00,0000,00,00,00,00,0008,0008,00,00,00,0008,0008
2920,00,01,00,00,01,B0,00,0008,00,00,00,00,00,00,00,00,00,00,0E,02,00,00,00,00,00,0000,00,00,0000,00,00,00,00,0008,0008,00,00,00,0008,0008
2921,00,01,00,00,01,B0,00,0008,00,00,00,00,00,00,00,00,00,00,0E,02,00,00,00,00,00,0000,00,00,0000,00,00,00,00,0008,0008,00,00,00,0008,0008
2922,00,01,00,00,01,B0,00,0008,00,00,00,00,00,00,00,00,00,00,0E,02,00,00,00,00,00,0000,00,00,0000,00,00,00,00,0008,0008,00,00,00,0008,0008
2923,00,01,00,00,01,B0,00,0008,00,00,00,00,00,00,00,00,00,00,0E,02,00,00,00,00,00,0000,00,00,0000,00,00,00,00,0008,0008,00,00,00,0008,0008
2924,00,01,00,00,01,B0,00,0008,00,00,00,00,00,00,00,00,00,00,0E,02,00,00,00,00,00,0000,00,00,0000,00,00,00,00,0008,0008,00,00,00,0008,0008
2925,00,01,00,00,01,B0,00,0008,00,00,00,00,00,00,00,00,00,00,0E,02,00,00,00,00,00,0000,00,00,0000,00,00,00,00,0008,0008,00,00,00,0008,0008
2926,00,01,00,00,01,B0,00,0008,00,00,00,00,00,00,00,00,00,00,0E,02,00,00,00,00,00,0000,00,00,0000,00,00,00,00,0008,0008,00,00,00,0008,0008
2927,00,01,00,00,01,B0,00,0008,00,00,00,00,00,00,00,00,00,00,0E,02,00,00,00,00,00,0000,00,00,0000,00,00,00,00,0008,0008,00,00,00,0008,0008
2928,00,01,00,00,01,B0,00,0008,00,00,00,00,00,00,00,00,00,00,0E,02,00,00,00,00,00,0000,00,00,0000,00,00,00,00,0008,0008,00,00,00,0008,0008
2929,00,01,00,00,01,B0,00,0008,00,00,00,00,00,00,00,00,00,00,0E,02,00,00,00,00,00,0000,00,00,0000,00,00,00,00,0008,0008,00,00,00,0008,0008
2930,00,01,00,00,01,B0,00,0008,00,00,00,00,00,00,00,00,00,00,0E,02,00,00,00,00,00,0000,00,00,0000,00,00,00,00,0008,0008,00,00,00,0008,0008
2931,00,01,00,00,01,B0,00,0008,00,00,00,00,00,00,00,00,00,00,0E,02,00,00,00,00,00,0000,00,00,0000,00,00,00,00,0008,0008,00,00,00,0008,0008
2932,00,01,00,00,01,B0,00,0008,00,00,00,00,00,00,00,00,00,00,0E,02,00,00,00,00,00,0000,00,00,0000,00,00,00,00,0008,0008,00,00,00,0008,0008
2933,00,01,00,00,01,B0,00,0008,00,00,00,00,00,00,00,00,00,00,0E,02,00,00,00,00,00,0000,00,00,0000,00,00,00,00,0008,0008,00,00,00,0008,0008
2934,00,01,00,00,01,B0,00,0008,00,00,00,00,00,00,00,00,00,00,0E,02,00,00,00,00,00,0000,00,00,0000,00,00,00,00,0008,0008,00,00,00,0008,0008
2935,00,01,00,00,01,B0,00,0008,00,00,00,00,00,00,00,00,00,00,0E,02,00,00,00,00,00,0000,00,00,0000,00,00,00,00,0008,0008,00,00,00,0008,0008
2936,00,01,00,00,01,B0,00,0008,00,00,00,00,00,00,00,00,00,00,0E,02,00,00,00,00,00,0000,00,00,0000,00,00,00,00,0008,0008,00,00,00,0008,0008
2937,00,01,00,00,01,B0,00,0008,00,00,00,00,00,00,00,00,00,00,0E,02,00,00,00,00,00,0000,00,00,0000,00,00,00,00,0008,0008,00,00,00,0008,0008
2938,00,01,00,00,01,B0,00,0008,00,00,00,00,00,00,00,00,00,00,0E,02,00,00,00,00,00,0000,00,00,0000,00,00,00,00,0008,0008,00,00,00,0008,0008
2939,00,01,00,00,01,B0,00,0008,00,00,00,00,00,00,00,00,00,00,0E,02,00,00,00,00,00,0000,00,00,0000,00,00,00,00,0008,0008,00,00,00,0008,0008
2940,00,01,00,00,01,B0,00,0008,00,00,00,00,00,00,00,00,00,00,0E,02,00,00,00,00,00,0000,00,00,0000,00,00,00,00,0008,0008,00,00,00,0008,0008
2941,00,01,00,00,01,B0,00,0008,00,00,00,00,00,00,00,00,00,00,0E,02,00,00,00,00,00,0000,00,00,0000,00,00,00,00,0008,0008,00,00,00,0008,0008
2942,00,01,00,00,01,B0,00,0008,00,00,00,00,00,00,00,00,00,00,0E,02,00,00,00,00,00,0000,00,00,0000,00,00,00,00,0008,0008,00,00,00,0008,0008
2943,00,01,00,00,01,B0,00,0008,00,00,00,00,00,00,00,00,00,00,0E,02,00,00,00,00,00,0000,00,00,0000,00,00,00,00,0008,0008,00,00,00,0008,0008
2944,00,01,00,00,01,B0,00,0008,00,00,00,00,00,00,00,00,00,00,0E,02,00,00,00,00,00,0000,00,00,0000,00,00,00,00,0008,0008,00,00,00,0008,0008
2945,00,01,00,00,01,B0,00,0008,00,00,00,00,00,00,00,00,00,00,0E,02,00,00,00,00,00,0000,00,00,0000,00,00,00,00,0008,0008,00,00,00,0008,0008
2946,00,01,00,00,01,B0,00,0008,00,00,00,00,00,00,00,00,00,00,0E,02,00,00,00,00,00,0000,00,00,0000,00,00,00,00,0008,0008,00,00,00,0008,0008
2947,00,01,00,00,01,B0,00,0008,00,00,00,00,00,00,00,00,00,00,0E,02,00,00,00,00,00,0000,00,00,0000,00,00,00,00,0008,0008,00,00,00,0008,0008
2948,00,01,00,00,01,B0,00,0008,00,00,00,00,00,00,00,00,00,00,0E,02,00,00,00,00,00,0000,00,00,0000,00,00,00,00,0008,0008,00,00,00,0008,0008
2949,00,01,00,00,01,B0,00,0008,00,00,00,00,00,00,00,00,00,00,0E,02,00,00,00,00,00,0000,00,00,0000,00,00,00,00,0008,0008,00,00,00,0008,0008
2950,00,01,00,00,01,B0,00,0008,00,00,00,00,00,00,00,00,00,00,0E,02,00,00,00,00,00,0000,00,00,0000,00,00,00,00,0008,0008,00,00,00,0008,0008
2951,00,01,00,00,01,B0,00,0008,00,00,00,00,00,00,00,00,00,00,0E,02,00,00,00,00,00,0000,00,00,0000,00,00,00,00,0008,0008,00,00,00,0008,0008
2952,00,01,00,00,01,B0,00,0008,00,00,00,00,00,00,00,00,00,00,0E,02,00,00,00,00,00,0000,00,00,0000,00,00,00,00,0008,0008,00,00,00,0008,0008
2953,00,01,00,00,01,B0,00,0008,00,00,00,00,00,00,00,00,00,00,0E,02,00,00,00,00,00,0000,00,00,0000,00,00,00,00,0008,0008,00,00,00,0008,0008
2954,00,01,00,00,01,B0,00,0008,00,00,00,00,00,00,00,00,00,00,0E,02,00,00,00,00,00,0000,00,00,0000,00,00,00,00,0008,0008,00,00,00,0008,0008
2955,00,01,00,00,01,B0,00,0008,00,00,00,00,00,00,00,00,00,00,0E,02,00,00,00,00,00,0000,00,00,0000,00,00,00,00,0008,0008,00,00,00,0008,0008
2956,00,01,00,00,01,B0,00,0008,00,00,00,00,00,00,00,00,00,00,0E,02,00,00,00,00,00,0000,00,00,0000,00,00,00,00,0008,0008,00,00,00,0008,0008
2957,00,01,00,00,01,B0,00,0008,00,00,00,00,00,00,00,00,00,00,0E,02,00,00,00,00,00,0000,00,00,0000,00,00,00,00,0008,0008,00,00,00,0008,0008
2958,00,01,00,00,01,B0,00,0008,00,00,00,00,00,00,00,00,00,00,0E,02,00,00,00,00,00,0000,00,00,0000,00,00,00,00,0008,0008,00,00,00,0008,0008
2959,00,01,00,00,01,B0,00,0008,00,00,00,00,00,00,00,00,00,00,0E,02,00,00,00,00,00,0000,00,00,0000,00,00,00,00,0008,0008,00,00,00,0008,0008
2960,00,01,00,00,01,B0,00,0008,00,00,00,00,00,00,00,00,00,00,0E,02,00,00,00,00,00,0000,00,00,0000,00,00,00,00,0008,0008,00,00,00,0008,0008
2961,00,01,00,00,01,B0,00,0008,00,00,00,00,00,00,00,00,00,00,0E,02,00,00,00,00,00,0000,00,00,0000,00,00,00,00,0008,0008,00,00,00,0008,0008
2962,00,01,00,00,01,B0,00,0008,00,00,00,00,00,00,00,00,00,00,0E,02,00,00,00,00,00,0000,00,00,0000,00,00,00,00,0008,0008,00,00,00,0008,0008
2963,00,01,00,00,01,B0,00,0008,00,00,00,00,00,00,00,00,00,00,0E,02,00,00,00,00,00,0000,00,00,0000,00,00,00,00,0008,0008,00,00,00,0008,0008
2964,00,01,00,00,01,B0,00,0008,00,00,00,00,00,00,00,00,00,00,0E,02,00,00,00,00,00,0000,00,00,0000,00,00,00,00,0008,0008,00,00,00,0008,0008
2965,00,01,00,00,01,B0,00,0008,00,00,00,00,00,00,00,00,00,00,0E,02,00,00,00,00,00,0000,00,00,0000,00,00,00,00,0008,0008,00,00,00,0008,0008
2966,00,01,00,00,01,B0,00,0008,00,00,00,00,00,00,00,00,00,00,0E,02,00,00,00,00,00,0000,00,00,0000,00,00,00,00,0008,0008,00,00,00,0008,0008
2967,00,01,00,00,01,B0,00,0008,00,00,00,00,00,00,00,00,00,00,0E,02,00,00,00,00,00,0000,00,00,0000,00,00,00,00,0008,0008,00,00,00,0008,0008
2968,00,01,00,00,01,B0,00,0008,00,00,00,00,00,00,00,00,00,00,0E,02,00,00,00,00,00,0000,00,00,0000,00,00,00,00,0008,0008,00,00,00,0008,0008
2969,00,01,00,00,01,B0,00,0008,00,00,00,00,00,00,00,00,00,00,0E,02,00,00,00,00,00,0000,00,00,0000,00,00,00,00,0008,0008,00,00,00,0008,0008
2970,00,01,00,00,01,B0,00,0008,00,00,00,00,00,00,00,00,00,00,0E,02,00,00,00,00,00,0000,00,00,0000,00,00,00,00,0008,0008,00,00,00,0008,0008
2971,00,01,00,00,01,B0,00,0008,00,00,00,00,00,00,00,00,00,00,0E,02,00,00,00,00,00,0000,00,00,0000,00,00,00,00,0008,0008,00,00,00,0008,0008
2972,00,01,00,00,01,B0,00,0008,00,00,00,00,00,00,00,00,00,00,0E,02,00,00,00,00,00,0000,00,00,0000,00,00,00,00,0008,0008,00,00,00,0008,0008
2973,00,01,00,00,01,B0,00,0008,00,00,00,00,00,00,00,00,00,00,0E,02,00,00,00,00,00,0000,00,00,0000,00,00,00,00,0008,0008,00,00,00,0008,0008
2974,00,01,00,00,01,B0,00,0008,00,00,00,00,00,00,00,00,00,00,0E,02,00,00,00,00,00,0000,00,00,0000,00,00,00,00,0008,0008,00,00,00,0008,0008
2975,00,01,00,00,01,B0,00,0008,00,00,00,00,00,00,00,00,00,00,0E,02,00,00,00,00,00,0000,00,00,0000,00,00,00,00,0008,0008,00,00,00,0008,0008
2976,00,01,00,00,01,B0,00,0008,00,00,00,00,00,00,00,00,00,00,0E,02,00,00,00,00,00,0000,00,00,0000,00,00,00,00,0008,0008,00,00,00,0008,0008
2977,00,01,00,00,01,B0,00,0008,00,00,00,00,00,00,00,00,00,00,0E,02,00,00,00,00,00,0000,00,00,0000,00,00,00,00,0008,0008,00,00,00,0008,0008
2978,00,01,00,00,01,B0,00,0008,00,00,00,00,00,00,00,00,00,00,0E,02,00,00,00,00,00,0000,00,00,0000,00,00,00,00,0008,0008,00,00,00,0008,0008
2979,00,01,00,00,01,B0,00,0008,00,00,00,00,00,00,00,00,00,00,0E,02,00,00,00,00,00,0000,00,00,0000,00,00,00,00,0008,0008,00,00,00,0008,0008
2980,00,01,00,00,01,B0,00,0008,00,00,00,00,00,00,00,00,00,00,0E,02,00,00,00,00,00,0000,00,00,0000,00,00,00,00,0008,0008,00,00,00,0008,0008
2981,00,01,00,00,01,B0,00,0008,00,00,00,00,00,00,00,00,00,00,0E,02,00,00,00,00,00,0000,00,00,0000,00,00,00,00,0008,0008,00,00,00,0008,0008
2982,00,01,00,00,01,B0,00,0008,00,00,00,00,00,00,00,00,00,00,0E,02,00,00,00,00,00,0000,00,00,0000,00,00,00,00,0008,0008,00,00,00,0008,0008
2983,00,01,00,00,01,B0,00,0008,00,00,00,00,00,00,00,00,00,00,0E,02,00,00,00,00,00,0000,00,00,0000,00,00,00,00,0008,0008,00,00,00,0008,0008
2984,00,01,00,00,01,B0,00,0008,00,00,00,00,00,00,00,00,00,00,0E,02,00,00,00,00,00,0000,00,00,0000,00,00,00,00,0008,0008,00,00,00,0008,0008
2985,00,01,00,00,01,B0,00,0008,00,00,00,00,00,00,00,00,00,00,0E,02,00,00,00,00,00,0000,00,00,0000,00,00,00,00,0008,0008,00,00,00,0008,0008
2986,00,01,00,00,01,B0,00,0008,00,00,00,00,00,00,00,00,00,00,0E,02,00,00,00,00,00,0000,00,00,0000,00,00,00,00,0008,0008,00,00,00,0008,0008
2987,00,01,00,00,01,B0,00,0008,00,00,00,00,00,00,00,00,00,00,0E,02,00,00,00,00,00,0000,00,00,0000,00,00,00,00,0008,0008,00,00,00,0008,0008
2988,00,01,00,00,01,B0,00,0008,00,00,00,00,00,00,00,00,00,00,0E,02,00,00,00,00,00,0000,00,00,0000,00,00,00,00,0008,0008,00,00,00,0008,0008
2989,00,01,00,00,01,B0,00,0008,00,00,00,00,00,00,00,00,00,00,0E,02,00,00,00,00,00,0000,00,00,0000,00,00,00,00,0008,0008,00,00,00,0008,0008
2990,00,01,00,00,01,B0,00,0008,00,00,00,00,00,00,00,00,00,00,0E,02,00,00,00,00,00,0000,00,00,0000,00,00,00,00,0008,0008,00,00,00,0008,0008
2991,00,01,00,00,01,B0,00,0008,00,00,00,00,00,00,00,00,00,00,0E,02,00,00,00,00,00,0000,00,00,0000,00,00,00,00,0008,0008,00,00,00,0008,0008
2992,00,01,00,00,01,B0,00,0008,00,00,00,00,00,00,00,00,00,00,0E,02,00,00,00,00,00,0000,00,00,0000,00,00,00,00,0008,0008,00,00,00,0008,0008
2993,00,01,00,00,01,B0,00,0008,00,00,00,00,00,00,00,00,00,00,0E,02,00,00,00,00,00,0000,00,00,0000,00,00,00,00,0008,0008,00,00,00,0008,0008
2994,00,01,00,00,01,B0,00,0008,00,00,00,00,00,00,00,00,00,00,0E,02,00,00,00,00,00,0000,00,00,0000,00,00,00,00,0008,0008,00,00,00,0008,0008
2995,00,01,00,00,01,B0,00,0008,00,00,00,00,00,00,00,00,00,00,0E,02,00,00,00,00,00,0000,00,00,0000,00,00,00,00,0008,0008,00,00,00,0008,0008
2996,00,01,00,00,01,B0,00,0008,00,00,00,00,00,00,00,00,00,00,0E,02,00,00,00,00,00,0000,00,00,0000,00,00,00,00,0008,0008,00,00,00,0008,0008
2997,00,01,00,00,01,B0,00,0008,00,00,00,00,00,00,00,00,00,00,0E,02,00,00,00,00,00,0000,00,00,0000,00,00,00,00,0008,0008,00,00,00,0008,0008
2998,00,01,00,00,01,B0,00,0008,00,00,00,00,00,00,00,00,00,00,0E,02,00,00,00,00,00,0000,00,00,0000,00,00,00,00,0008,0008,00,00,00,0008,0008
2999,00,01,00,00,01,B0,00,0008,00,00,00,00,00,00,00,00,00,00,0E,02,00,00,00,00,00,0000,00,00,0000,00,00,00,00,0008,0008,00,00,00,0008,0008
3000,00,01,00,00,01,B0,00,0008,00,00,00,00,00,00,00,00,00,00,0E,02,00,00,00,00,00,0000,00,00,0000,00,00,00,00,0008,0008,00,00,00,0008,0008
